Datetime,Open,High,Low,Close,Volume
2026-02-03 09:00:00,1725.0,1755.0,1720.0,1745.0,0
2026-02-03 09:05:00,1740.0,1745.0,1715.0,1715.0,941700
2026-02-03 09:10:00,1715.0,1720.0,1710.0,1710.0,412500
2026-02-03 09:15:00,1715.0,1730.0,1705.0,1730.0,651800
2026-02-03 09:20:00,1725.0,1745.0,1725.0,1735.0,512600
2026-02-03 09:25:00,1735.0,1745.0,1730.0,1740.0,787100
2026-02-03 09:30:00,1740.0,1745.0,1730.0,1730.0,265200
2026-02-03 09:35:00,1730.0,1735.0,1725.0,1725.0,567300
2026-02-03 09:40:00,1730.0,1730.0,1715.0,1715.0,273900
2026-02-03 09:45:00,1720.0,1725.0,1710.0,1720.0,755200
2026-02-03 09:50:00,1720.0,1725.0,1715.0,1720.0,172200
2026-02-03 09:55:00,1725.0,1730.0,1720.0,1730.0,215200
2026-02-03 10:00:00,1730.0,1730.0,1725.0,1725.0,55600
2026-02-03 10:05:00,1730.0,1730.0,1725.0,1725.0,51100
2026-02-03 10:10:00,1730.0,1730.0,1720.0,1725.0,516000
2026-02-03 10:15:00,1720.0,1725.0,1720.0,1725.0,126500
2026-02-03 10:20:00,1720.0,1725.0,1720.0,1725.0,124500
2026-02-03 10:25:00,1720.0,1725.0,1720.0,1725.0,102900
2026-02-03 10:30:00,1725.0,1725.0,1720.0,1720.0,220700
2026-02-03 10:35:00,1725.0,1730.0,1720.0,1725.0,342800
2026-02-03 10:40:00,1730.0,1730.0,1725.0,1725.0,157500
2026-02-03 10:45:00,1730.0,1730.0,1725.0,1730.0,104100
2026-02-03 10:50:00,1725.0,1735.0,1725.0,1725.0,167200
2026-02-03 10:55:00,1730.0,1730.0,1725.0,1725.0,97900
2026-02-03 11:00:00,1725.0,1730.0,1720.0,1720.0,551200
2026-02-03 11:05:00,1725.0,1725.0,1720.0,1720.0,72500
2026-02-03 11:10:00,1725.0,1725.0,1720.0,1725.0,66000
2026-02-03 11:15:00,1725.0,1730.0,1720.0,1725.0,339400
2026-02-03 11:20:00,1730.0,1730.0,1725.0,1725.0,44600
2026-02-03 11:25:00,1730.0,1730.0,1725.0,1725.0,104100
2026-02-03 11:30:00,1725.0,1730.0,1725.0,1725.0,59600
2026-02-03 11:35:00,1730.0,1730.0,1725.0,1725.0,141900
2026-02-03 11:40:00,1730.0,1730.0,1725.0,1730.0,114200
2026-02-03 11:45:00,1730.0,1730.0,1720.0,1720.0,451000
2026-02-03 11:50:00,1720.0,1725.0,1720.0,1720.0,120100
2026-02-03 11:55:00,1720.0,1730.0,1720.0,1725.0,384200
2026-02-03 13:30:00,1725.0,1730.0,1720.0,1725.0,611000
2026-02-03 13:35:00,1725.0,1730.0,1725.0,1725.0,56200
2026-02-03 13:40:00,1725.0,1730.0,1725.0,1725.0,60900
2026-02-03 13:45:00,1730.0,1730.0,1725.0,1725.0,227800
2026-02-03 13:50:00,1725.0,1730.0,1725.0,1730.0,58800
2026-02-03 13:55:00,1730.0,1730.0,1725.0,1725.0,182700
2026-02-03 14:00:00,1725.0,1730.0,1725.0,1730.0,37000
2026-02-03 14:05:00,1725.0,1730.0,1725.0,1725.0,215600
2026-02-03 14:10:00,1730.0,1730.0,1725.0,1725.0,225600
2026-02-03 14:15:00,1725.0,1730.0,1725.0,1730.0,217300
2026-02-03 14:20:00,1725.0,1730.0,1725.0,1725.0,102400
2026-02-03 14:25:00,1725.0,1730.0,1725.0,1725.0,231800
2026-02-03 14:30:00,1725.0,1730.0,1720.0,1725.0,499700
2026-02-03 14:35:00,1720.0,1725.0,1715.0,1715.0,1459200
2026-02-03 14:40:00,1720.0,1720.0,1715.0,1720.0,62800
2026-02-03 14:45:00,1720.0,1725.0,1715.0,1720.0,699200
2026-02-03 14:50:00,1720.0,1720.0,1710.0,1715.0,582200
2026-02-03 14:55:00,1715.0,1720.0,1715.0,1715.0,226400
2026-02-03 15:00:00,1715.0,1720.0,1715.0,1720.0,79400
2026-02-03 15:05:00,1715.0,1720.0,1715.0,1715.0,41200
2026-02-03 15:10:00,1720.0,1720.0,1715.0,1720.0,124500
2026-02-03 15:15:00,1720.0,1725.0,1715.0,1725.0,538500
2026-02-03 15:20:00,1725.0,1725.0,1720.0,1720.0,214400
2026-02-03 15:25:00,1725.0,1730.0,1720.0,1730.0,306600
2026-02-03 15:30:00,1730.0,1735.0,1725.0,1735.0,433200
2026-02-03 15:35:00,1735.0,1735.0,1730.0,1735.0,264300
2026-02-03 15:40:00,1735.0,1740.0,1730.0,1730.0,1205900
2026-02-03 15:45:00,1730.0,1740.0,1730.0,1740.0,1002600
2026-02-03 16:00:00,1750.0,1750.0,1750.0,1750.0,2863800
2026-02-03 16:05:00,1750.0,1750.0,1750.0,1750.0,101700
2026-02-03 16:10:00,1750.0,1750.0,1750.0,1750.0,1502500
2026-02-04 09:00:00,1750.0,1760.0,1745.0,1755.0,0
2026-02-04 09:05:00,1750.0,1760.0,1750.0,1760.0,404400
2026-02-04 09:10:00,1760.0,1770.0,1755.0,1765.0,331500
2026-02-04 09:15:00,1765.0,1775.0,1760.0,1770.0,442600
2026-02-04 09:20:00,1770.0,1770.0,1760.0,1760.0,213400
2026-02-04 09:25:00,1760.0,1760.0,1745.0,1745.0,2079800
2026-02-04 09:30:00,1750.0,1760.0,1745.0,1755.0,208400
2026-02-04 09:35:00,1755.0,1755.0,1750.0,1750.0,254000
2026-02-04 09:40:00,1750.0,1755.0,1750.0,1755.0,66000
2026-02-04 09:45:00,1750.0,1755.0,1750.0,1755.0,201000
2026-02-04 09:50:00,1750.0,1755.0,1750.0,1750.0,66100
2026-02-04 09:55:00,1750.0,1755.0,1750.0,1750.0,272000
2026-02-04 10:00:00,1750.0,1755.0,1735.0,1740.0,1279700
2026-02-04 10:05:00,1740.0,1745.0,1740.0,1740.0,183100
2026-02-04 10:10:00,1745.0,1755.0,1740.0,1750.0,669600
2026-02-04 10:15:00,1750.0,1750.0,1745.0,1745.0,26500
2026-02-04 10:20:00,1750.0,1750.0,1745.0,1750.0,21800
2026-02-04 10:25:00,1750.0,1750.0,1745.0,1750.0,63200
2026-02-04 10:30:00,1750.0,1750.0,1745.0,1750.0,128100
2026-02-04 10:35:00,1750.0,1750.0,1745.0,1750.0,147900
2026-02-04 10:40:00,1745.0,1750.0,1745.0,1745.0,53300
2026-02-04 10:45:00,1745.0,1750.0,1740.0,1740.0,541600
2026-02-04 10:50:00,1745.0,1745.0,1740.0,1740.0,389600
2026-02-04 10:55:00,1740.0,1740.0,1735.0,1735.0,284900
2026-02-04 11:00:00,1735.0,1740.0,1735.0,1735.0,617100
2026-02-04 11:05:00,1735.0,1735.0,1730.0,1735.0,88600
2026-02-04 11:10:00,1740.0,1740.0,1735.0,1740.0,68100
2026-02-04 11:15:00,1735.0,1740.0,1735.0,1740.0,24300
2026-02-04 11:20:00,1740.0,1745.0,1740.0,1740.0,142800
2026-02-04 11:25:00,1740.0,1745.0,1740.0,1745.0,7800
2026-02-04 11:30:00,1745.0,1745.0,1740.0,1745.0,26600
2026-02-04 11:35:00,1745.0,1745.0,1740.0,1745.0,72600
2026-02-04 11:40:00,1740.0,1745.0,1740.0,1745.0,47200
2026-02-04 11:45:00,1745.0,1745.0,1740.0,1745.0,92600
2026-02-04 11:50:00,1745.0,1745.0,1740.0,1745.0,56900
2026-02-04 11:55:00,1740.0,1745.0,1740.0,1745.0,50700
2026-02-04 13:30:00,1745.0,1745.0,1735.0,1735.0,762400
2026-02-04 13:35:00,1735.0,1740.0,1735.0,1740.0,215500
2026-02-04 13:40:00,1740.0,1740.0,1730.0,1735.0,354300
2026-02-04 13:45:00,1730.0,1735.0,1730.0,1735.0,374400
2026-02-04 13:50:00,1740.0,1740.0,1735.0,1735.0,133600
2026-02-04 13:55:00,1740.0,1740.0,1735.0,1735.0,47800
2026-02-04 14:00:00,1740.0,1740.0,1735.0,1740.0,97400
2026-02-04 14:05:00,1740.0,1740.0,1735.0,1740.0,174900
2026-02-04 14:10:00,1740.0,1740.0,1735.0,1740.0,183300
2026-02-04 14:15:00,1740.0,1745.0,1735.0,1740.0,428800
2026-02-04 14:20:00,1740.0,1745.0,1740.0,1740.0,126400
2026-02-04 14:25:00,1745.0,1745.0,1740.0,1745.0,19800
2026-02-04 14:30:00,1745.0,1745.0,1740.0,1745.0,119200
2026-02-04 14:35:00,1745.0,1750.0,1740.0,1750.0,1211500
2026-02-04 14:40:00,1750.0,1755.0,1745.0,1755.0,210000
2026-02-04 14:45:00,1755.0,1755.0,1750.0,1755.0,177200
2026-02-04 14:50:00,1755.0,1755.0,1750.0,1750.0,109400
2026-02-04 14:55:00,1745.0,1750.0,1745.0,1745.0,29100
2026-02-04 15:00:00,1745.0,1750.0,1740.0,1740.0,317700
2026-02-04 15:05:00,1740.0,1745.0,1740.0,1740.0,57500
2026-02-04 15:10:00,1740.0,1745.0,1740.0,1740.0,496400
2026-02-04 15:15:00,1740.0,1745.0,1740.0,1740.0,41300
2026-02-04 15:20:00,1740.0,1745.0,1740.0,1740.0,341200
2026-02-04 15:25:00,1745.0,1745.0,1740.0,1745.0,254900
2026-02-04 15:30:00,1745.0,1745.0,1740.0,1745.0,296300
2026-02-04 15:35:00,1745.0,1750.0,1740.0,1750.0,739900
2026-02-04 15:40:00,1745.0,1750.0,1745.0,1750.0,593400
2026-02-04 15:45:00,1745.0,1750.0,1740.0,1745.0,818800
2026-02-04 16:00:00,1730.0,1730.0,1730.0,1730.0,5738300
2026-02-04 16:05:00,1730.0,1730.0,1730.0,1730.0,82500
2026-02-05 09:00:00,1745.0,1760.0,1740.0,1755.0,0
2026-02-05 09:05:00,1760.0,1760.0,1750.0,1750.0,205000
2026-02-05 09:10:00,1755.0,1755.0,1745.0,1755.0,433200
2026-02-05 09:15:00,1750.0,1755.0,1750.0,1750.0,61000
2026-02-05 09:20:00,1750.0,1755.0,1750.0,1750.0,91200
2026-02-05 09:25:00,1755.0,1760.0,1750.0,1750.0,791600
2026-02-05 09:30:00,1755.0,1755.0,1750.0,1750.0,123000
2026-02-05 09:35:00,1750.0,1755.0,1750.0,1750.0,179600
2026-02-05 09:40:00,1755.0,1755.0,1750.0,1750.0,80000
2026-02-05 09:45:00,1750.0,1755.0,1750.0,1750.0,48700
2026-02-05 09:50:00,1755.0,1755.0,1750.0,1750.0,104200
2026-02-05 09:55:00,1750.0,1755.0,1745.0,1745.0,422500
2026-02-05 10:00:00,1750.0,1750.0,1740.0,1740.0,525000
2026-02-05 10:05:00,1740.0,1750.0,1740.0,1750.0,1351300
2026-02-05 10:10:00,1750.0,1760.0,1745.0,1755.0,1239700
2026-02-05 10:15:00,1760.0,1760.0,1755.0,1755.0,164700
2026-02-05 10:20:00,1755.0,1760.0,1755.0,1755.0,91400
2026-02-05 10:25:00,1755.0,1765.0,1755.0,1765.0,440600
2026-02-05 10:30:00,1760.0,1770.0,1760.0,1765.0,559100
2026-02-05 10:35:00,1765.0,1770.0,1765.0,1765.0,136800
2026-02-05 10:40:00,1770.0,1770.0,1765.0,1765.0,136400
2026-02-05 10:45:00,1765.0,1775.0,1765.0,1775.0,569000
2026-02-05 10:50:00,1775.0,1775.0,1770.0,1775.0,517100
2026-02-05 10:55:00,1775.0,1785.0,1775.0,1780.0,301500
2026-02-05 11:00:00,1785.0,1785.0,1780.0,1780.0,310900
2026-02-05 11:05:00,1785.0,1800.0,1780.0,1800.0,1232300
2026-02-05 11:10:00,1800.0,1800.0,1780.0,1785.0,1122700
2026-02-05 11:15:00,1785.0,1790.0,1785.0,1790.0,352700
2026-02-05 11:20:00,1790.0,1800.0,1790.0,1795.0,688200
2026-02-05 11:25:00,1795.0,1810.0,1795.0,1810.0,1310100
2026-02-05 11:30:00,1815.0,1815.0,1805.0,1805.0,1028200
2026-02-05 11:35:00,1805.0,1815.0,1805.0,1810.0,399100
2026-02-05 11:40:00,1815.0,1820.0,1810.0,1815.0,705200
2026-02-05 11:45:00,1815.0,1820.0,1815.0,1815.0,225300
2026-02-05 11:50:00,1820.0,1825.0,1810.0,1815.0,589400
2026-02-05 11:55:00,1815.0,1825.0,1810.0,1820.0,320700
2026-02-05 13:30:00,1815.0,1830.0,1810.0,1815.0,1748900
2026-02-05 13:35:00,1820.0,1820.0,1810.0,1810.0,230800
2026-02-05 13:40:00,1810.0,1815.0,1810.0,1810.0,218200
2026-02-05 13:45:00,1810.0,1820.0,1810.0,1815.0,276500
2026-02-05 13:50:00,1820.0,1820.0,1815.0,1815.0,16400
2026-02-05 13:55:00,1815.0,1830.0,1815.0,1830.0,519700
2026-02-05 14:00:00,1830.0,1830.0,1815.0,1820.0,1040800
2026-02-05 14:05:00,1820.0,1820.0,1815.0,1815.0,156200
2026-02-05 14:10:00,1815.0,1815.0,1805.0,1815.0,600900
2026-02-05 14:15:00,1810.0,1815.0,1810.0,1810.0,154700
2026-02-05 14:20:00,1810.0,1815.0,1810.0,1815.0,79000
2026-02-05 14:25:00,1815.0,1815.0,1810.0,1810.0,90000
2026-02-05 14:30:00,1810.0,1820.0,1810.0,1815.0,421800
2026-02-05 14:35:00,1815.0,1820.0,1815.0,1815.0,261900
2026-02-05 14:40:00,1815.0,1820.0,1815.0,1815.0,120100
2026-02-05 14:45:00,1815.0,1820.0,1810.0,1820.0,634100
2026-02-05 14:50:00,1815.0,1820.0,1810.0,1810.0,517300
2026-02-05 14:55:00,1815.0,1815.0,1805.0,1805.0,323300
2026-02-05 15:00:00,1810.0,1815.0,1805.0,1815.0,283500
2026-02-05 15:05:00,1810.0,1815.0,1810.0,1810.0,82200
2026-02-05 15:10:00,1815.0,1815.0,1810.0,1810.0,80700
2026-02-05 15:15:00,1810.0,1815.0,1810.0,1810.0,96500
2026-02-05 15:20:00,1810.0,1815.0,1805.0,1805.0,552700
2026-02-05 15:25:00,1810.0,1815.0,1805.0,1810.0,558200
2026-02-05 15:30:00,1815.0,1815.0,1810.0,1810.0,307600
2026-02-05 15:35:00,1810.0,1815.0,1805.0,1810.0,535900
2026-02-05 15:40:00,1805.0,1805.0,1785.0,1785.0,1261500
2026-02-05 15:45:00,1785.0,1790.0,1750.0,1785.0,3244100
2026-02-05 16:00:00,1770.0,1770.0,1770.0,1770.0,8031000
2026-02-05 16:05:00,1770.0,1770.0,1770.0,1770.0,15300
2026-02-05 16:10:00,1770.0,1770.0,1770.0,1770.0,155300
2026-02-06 09:00:00,1770.0,1770.0,1755.0,1765.0,0
2026-02-06 09:05:00,1765.0,1790.0,1765.0,1780.0,324700
2026-02-06 09:10:00,1780.0,1805.0,1775.0,1805.0,814000
2026-02-06 09:15:00,1810.0,1815.0,1800.0,1815.0,879100
2026-02-06 09:20:00,1810.0,1815.0,1805.0,1805.0,266600
2026-02-06 09:25:00,1805.0,1810.0,1800.0,1805.0,401500
2026-02-06 09:30:00,1805.0,1810.0,1800.0,1805.0,305700
2026-02-06 09:35:00,1805.0,1805.0,1800.0,1805.0,123500
2026-02-06 09:40:00,1800.0,1805.0,1800.0,1800.0,93200
2026-02-06 09:45:00,1805.0,1805.0,1800.0,1800.0,86700
2026-02-06 09:50:00,1805.0,1805.0,1800.0,1805.0,95600
2026-02-06 09:55:00,1805.0,1805.0,1800.0,1800.0,882500
2026-02-06 10:00:00,1795.0,1805.0,1795.0,1805.0,142800
2026-02-06 10:05:00,1805.0,1810.0,1800.0,1810.0,422100
2026-02-06 10:10:00,1810.0,1810.0,1800.0,1805.0,129600
2026-02-06 10:15:00,1805.0,1810.0,1800.0,1805.0,239400
2026-02-06 10:20:00,1810.0,1810.0,1805.0,1805.0,107100
2026-02-06 10:25:00,1810.0,1810.0,1805.0,1810.0,71100
2026-02-06 10:30:00,1810.0,1810.0,1805.0,1805.0,57100
2026-02-06 10:35:00,1810.0,1810.0,1805.0,1805.0,116700
2026-02-06 10:40:00,1805.0,1810.0,1805.0,1810.0,84200
2026-02-06 10:45:00,1805.0,1810.0,1800.0,1805.0,311300
2026-02-06 10:50:00,1800.0,1805.0,1795.0,1805.0,1337600
2026-02-06 10:55:00,1800.0,1805.0,1800.0,1800.0,1154500
2026-02-06 11:00:00,1800.0,1810.0,1800.0,1810.0,950800
2026-02-06 11:05:00,1810.0,1810.0,1805.0,1805.0,36000
2026-02-06 11:10:00,1810.0,1810.0,1800.0,1800.0,490400
2026-02-06 11:15:00,1800.0,1810.0,1800.0,1805.0,1149800
2026-02-06 11:20:00,1800.0,1805.0,1800.0,1805.0,71400
2026-02-06 11:25:00,1805.0,1805.0,1795.0,1805.0,1679200
2026-02-06 14:00:00,1800.0,1805.0,1795.0,1800.0,1013800
2026-02-06 14:05:00,1800.0,1805.0,1800.0,1800.0,1070100
2026-02-06 14:10:00,1800.0,1805.0,1795.0,1795.0,240700
2026-02-06 14:15:00,1800.0,1805.0,1800.0,1800.0,78900
2026-02-06 14:20:00,1800.0,1805.0,1800.0,1805.0,124300
2026-02-06 14:25:00,1800.0,1805.0,1800.0,1805.0,105800
2026-02-06 14:30:00,1805.0,1805.0,1800.0,1800.0,225100
2026-02-06 14:35:00,1800.0,1805.0,1800.0,1805.0,260400
2026-02-06 14:40:00,1805.0,1805.0,1800.0,1800.0,134900
2026-02-06 14:45:00,1805.0,1805.0,1800.0,1800.0,35600
2026-02-06 14:50:00,1810.0,1810.0,1805.0,1805.0,644400
2026-02-06 14:55:00,1810.0,1810.0,1805.0,1805.0,220100
2026-02-06 15:00:00,1805.0,1810.0,1800.0,1805.0,439200
2026-02-06 15:05:00,1800.0,1805.0,1800.0,1800.0,214900
2026-02-06 15:10:00,1800.0,1805.0,1800.0,1800.0,424100
2026-02-06 15:15:00,1805.0,1805.0,1800.0,1805.0,271600
2026-02-06 15:20:00,1805.0,1805.0,1800.0,1800.0,175500
2026-02-06 15:25:00,1800.0,1805.0,1795.0,1795.0,1115500
2026-02-06 15:30:00,1795.0,1805.0,1795.0,1800.0,870700
2026-02-06 15:35:00,1800.0,1805.0,1795.0,1795.0,1135600
2026-02-06 15:40:00,1795.0,1805.0,1795.0,1800.0,1530700
2026-02-06 15:45:00,1800.0,1810.0,1800.0,1805.0,1146100
2026-02-06 16:00:00,1810.0,1810.0,1810.0,1810.0,1945600
2026-02-06 16:05:00,1810.0,1810.0,1810.0,1810.0,127500
2026-02-06 16:10:00,1810.0,1810.0,1810.0,1810.0,0
2026-02-09 09:00:00,1810.0,1830.0,1810.0,1825.0,0
2026-02-09 09:05:00,1825.0,1835.0,1825.0,1830.0,197000
2026-02-09 09:10:00,1830.0,1830.0,1810.0,1815.0,1166500
2026-02-09 09:15:00,1815.0,1820.0,1810.0,1815.0,213900
2026-02-09 09:20:00,1815.0,1820.0,1815.0,1820.0,191800
2026-02-09 09:25:00,1820.0,1820.0,1815.0,1815.0,156000
2026-02-09 09:30:00,1820.0,1860.0,1820.0,1860.0,3308400
2026-02-09 09:35:00,1855.0,1870.0,1850.0,1860.0,630700
2026-02-09 09:40:00,1860.0,1870.0,1855.0,1870.0,694700
2026-02-09 09:45:00,1870.0,1875.0,1870.0,1875.0,437400
2026-02-09 09:50:00,1875.0,1910.0,1870.0,1900.0,2619500
2026-02-09 09:55:00,1905.0,1905.0,1885.0,1885.0,944400
2026-02-09 10:00:00,1890.0,1910.0,1885.0,1905.0,1330100
2026-02-09 10:05:00,1905.0,1905.0,1900.0,1905.0,813000
2026-02-09 10:10:00,1905.0,1905.0,1890.0,1895.0,1115100
2026-02-09 10:15:00,1900.0,1900.0,1895.0,1900.0,176600
2026-02-09 10:20:00,1895.0,1920.0,1895.0,1910.0,1704500
2026-02-09 10:25:00,1915.0,1915.0,1910.0,1915.0,537000
2026-02-09 10:30:00,1910.0,1930.0,1910.0,1925.0,1535300
2026-02-09 10:35:00,1930.0,1930.0,1925.0,1930.0,258300
2026-02-09 10:40:00,1930.0,1930.0,1925.0,1925.0,638600
2026-02-09 10:45:00,1925.0,1930.0,1925.0,1925.0,249800
2026-02-09 10:50:00,1925.0,1930.0,1925.0,1925.0,838500
2026-02-09 10:55:00,1930.0,1930.0,1925.0,1925.0,520100
2026-02-09 11:00:00,1925.0,1940.0,1925.0,1935.0,2305200
2026-02-09 11:05:00,1935.0,1940.0,1930.0,1935.0,452500
2026-02-09 11:10:00,1930.0,1935.0,1930.0,1935.0,114700
2026-02-09 11:15:00,1935.0,1935.0,1925.0,1925.0,788500
2026-02-09 11:20:00,1925.0,1930.0,1925.0,1925.0,353800
2026-02-09 11:25:00,1925.0,1930.0,1925.0,1930.0,294600
2026-02-09 11:30:00,1930.0,1930.0,1925.0,1930.0,127400
2026-02-09 11:35:00,1925.0,1930.0,1925.0,1925.0,118400
2026-02-09 11:40:00,1930.0,1930.0,1925.0,1930.0,105000
2026-02-09 11:45:00,1930.0,1945.0,1925.0,1940.0,2112800
2026-02-09 11:50:00,1945.0,1945.0,1940.0,1945.0,173600
2026-02-09 11:55:00,1945.0,1945.0,1940.0,1940.0,273100
2026-02-09 13:30:00,1940.0,1945.0,1930.0,1930.0,1256600
2026-02-09 13:35:00,1930.0,1935.0,1925.0,1935.0,1153300
2026-02-09 13:40:00,1935.0,1935.0,1920.0,1925.0,1178000
2026-02-09 13:45:00,1920.0,1925.0,1905.0,1920.0,1196800
2026-02-09 13:50:00,1920.0,1920.0,1910.0,1910.0,225600
2026-02-09 13:55:00,1910.0,1920.0,1910.0,1920.0,301800
2026-02-09 14:00:00,1920.0,1925.0,1915.0,1920.0,619100
2026-02-09 14:05:00,1925.0,1925.0,1920.0,1925.0,491400
2026-02-09 14:10:00,1925.0,1925.0,1920.0,1920.0,124300
2026-02-09 14:15:00,1920.0,1925.0,1915.0,1915.0,628300
2026-02-09 14:20:00,1915.0,1920.0,1915.0,1915.0,101200
2026-02-09 14:25:00,1915.0,1920.0,1915.0,1915.0,262100
2026-02-09 14:30:00,1915.0,1920.0,1915.0,1920.0,175000
2026-02-09 14:35:00,1920.0,1920.0,1915.0,1920.0,250200
2026-02-09 14:40:00,1920.0,1920.0,1910.0,1915.0,790100
2026-02-09 14:45:00,1915.0,1915.0,1910.0,1915.0,205600
2026-02-09 14:50:00,1910.0,1920.0,1910.0,1920.0,255300
2026-02-09 14:55:00,1920.0,1925.0,1915.0,1925.0,485300
2026-02-09 15:00:00,1925.0,1925.0,1910.0,1910.0,852000
2026-02-09 15:05:00,1910.0,1925.0,1910.0,1925.0,977200
2026-02-09 15:10:00,1920.0,1920.0,1910.0,1920.0,413600
2026-02-09 15:15:00,1915.0,1920.0,1915.0,1920.0,148700
2026-02-09 15:20:00,1920.0,1920.0,1915.0,1915.0,758100
2026-02-09 15:25:00,1915.0,1920.0,1910.0,1915.0,1202200
2026-02-09 15:30:00,1915.0,1920.0,1910.0,1920.0,651200
2026-02-09 15:35:00,1920.0,1920.0,1915.0,1915.0,759500
2026-02-09 15:40:00,1920.0,1920.0,1915.0,1920.0,484000
2026-02-09 15:45:00,1920.0,1920.0,1910.0,1910.0,1423800
2026-02-09 16:00:00,1920.0,1920.0,1920.0,1920.0,3029700
2026-02-09 16:05:00,1920.0,1920.0,1920.0,1920.0,20900
2026-02-09 16:10:00,1920.0,1920.0,1920.0,1920.0,11000
2026-02-10 09:00:00,1940.0,1940.0,1880.0,1900.0,0
2026-02-10 09:05:00,1895.0,1900.0,1890.0,1895.0,641400
2026-02-10 09:10:00,1895.0,1900.0,1890.0,1895.0,583000
2026-02-10 09:15:00,1895.0,1900.0,1890.0,1895.0,246100
2026-02-10 09:20:00,1900.0,1905.0,1890.0,1900.0,186200
2026-02-10 09:25:00,1905.0,1910.0,1900.0,1910.0,108900
2026-02-10 09:30:00,1910.0,1915.0,1905.0,1915.0,90000
2026-02-10 09:35:00,1915.0,1915.0,1910.0,1915.0,86800
2026-02-10 09:40:00,1915.0,1915.0,1910.0,1915.0,134800
2026-02-10 09:45:00,1915.0,1915.0,1910.0,1915.0,64000
2026-02-10 09:50:00,1915.0,1915.0,1905.0,1905.0,486200
2026-02-10 09:55:00,1910.0,1915.0,1905.0,1915.0,218000
2026-02-10 10:00:00,1915.0,1915.0,1910.0,1910.0,32100
2026-02-10 10:05:00,1910.0,1915.0,1910.0,1910.0,65300
2026-02-10 10:10:00,1915.0,1915.0,1910.0,1910.0,163600
2026-02-10 10:15:00,1910.0,1915.0,1905.0,1905.0,110800
2026-02-10 10:20:00,1905.0,1915.0,1905.0,1915.0,136700
2026-02-10 10:25:00,1915.0,1915.0,1910.0,1910.0,122100
2026-02-10 10:30:00,1910.0,1915.0,1910.0,1915.0,123400
2026-02-10 10:35:00,1910.0,1915.0,1910.0,1910.0,33900
2026-02-10 10:40:00,1910.0,1915.0,1910.0,1910.0,98900
2026-02-10 10:45:00,1910.0,1915.0,1910.0,1910.0,78600
2026-02-10 10:50:00,1910.0,1915.0,1910.0,1915.0,77500
2026-02-10 10:55:00,1915.0,1915.0,1910.0,1915.0,88000
2026-02-10 11:00:00,1910.0,1915.0,1910.0,1915.0,49100
2026-02-10 11:05:00,1915.0,1915.0,1910.0,1910.0,49300
2026-02-10 11:10:00,1915.0,1915.0,1910.0,1910.0,58500
2026-02-10 11:15:00,1910.0,1915.0,1910.0,1915.0,37900
2026-02-10 11:20:00,1915.0,1915.0,1910.0,1915.0,91000
2026-02-10 11:25:00,1915.0,1915.0,1910.0,1915.0,114000
2026-02-10 11:30:00,1915.0,1915.0,1910.0,1915.0,51800
2026-02-10 11:35:00,1915.0,1915.0,1910.0,1910.0,44000
2026-02-10 11:40:00,1910.0,1915.0,1910.0,1910.0,53000
2026-02-10 11:45:00,1915.0,1915.0,1910.0,1915.0,72800
2026-02-10 11:50:00,1910.0,1915.0,1910.0,1915.0,44300
2026-02-10 11:55:00,1915.0,1915.0,1910.0,1910.0,35100
2026-02-10 13:30:00,1910.0,1915.0,1910.0,1915.0,126400
2026-02-10 13:35:00,1910.0,1915.0,1910.0,1915.0,165100
2026-02-10 13:40:00,1915.0,1915.0,1910.0,1915.0,65100
2026-02-10 13:45:00,1910.0,1915.0,1895.0,1900.0,1109900
2026-02-10 13:50:00,1900.0,1905.0,1900.0,1900.0,96300
2026-02-10 13:55:00,1900.0,1905.0,1900.0,1900.0,50000
2026-02-10 14:00:00,1900.0,1905.0,1895.0,1895.0,92400
2026-02-10 14:05:00,1900.0,1900.0,1895.0,1900.0,24000
2026-02-10 14:10:00,1900.0,1900.0,1895.0,1895.0,94400
2026-02-10 14:15:00,1895.0,1905.0,1895.0,1900.0,115900
2026-02-10 14:20:00,1905.0,1905.0,1900.0,1905.0,42000
2026-02-10 14:25:00,1905.0,1910.0,1905.0,1910.0,84300
2026-02-10 14:30:00,1910.0,1910.0,1905.0,1910.0,32300
2026-02-10 14:35:00,1905.0,1910.0,1905.0,1910.0,90400
2026-02-10 14:40:00,1905.0,1910.0,1905.0,1910.0,23900
2026-02-10 14:45:00,1905.0,1910.0,1905.0,1910.0,53600
2026-02-10 14:50:00,1905.0,1910.0,1905.0,1905.0,126700
2026-02-10 14:55:00,1910.0,1910.0,1905.0,1905.0,31600
2026-02-10 15:00:00,1905.0,1910.0,1905.0,1905.0,168000
2026-02-10 15:05:00,1910.0,1910.0,1905.0,1905.0,54600
2026-02-10 15:10:00,1905.0,1915.0,1905.0,1915.0,308000
2026-02-10 15:15:00,1915.0,1920.0,1910.0,1920.0,210500
2026-02-10 15:20:00,1915.0,1920.0,1915.0,1920.0,196000
2026-02-10 15:25:00,1915.0,1925.0,1915.0,1925.0,341000
2026-02-10 15:30:00,1925.0,1925.0,1920.0,1925.0,61900
2026-02-10 15:35:00,1925.0,1935.0,1920.0,1935.0,590900
2026-02-10 15:40:00,1935.0,1950.0,1930.0,1950.0,1084200
2026-02-10 15:45:00,1945.0,1950.0,1930.0,1950.0,1140400
2026-02-10 16:00:00,1950.0,1950.0,1950.0,1950.0,2493900
2026-02-10 16:05:00,1950.0,1950.0,1950.0,1950.0,202200
2026-02-10 16:10:00,1950.0,1950.0,1950.0,1950.0,5100
2026-02-11 09:00:00,1940.0,1945.0,1920.0,1930.0,0
2026-02-11 09:05:00,1930.0,1935.0,1925.0,1930.0,139100
2026-02-11 09:10:00,1930.0,1935.0,1920.0,1935.0,358700
2026-02-11 09:15:00,1935.0,1940.0,1930.0,1935.0,274500
2026-02-11 09:20:00,1935.0,1940.0,1935.0,1935.0,230400
2026-02-11 09:25:00,1935.0,1940.0,1930.0,1930.0,203700
2026-02-11 09:30:00,1935.0,1935.0,1930.0,1930.0,88200
2026-02-11 09:35:00,1930.0,1935.0,1925.0,1930.0,660300
2026-02-11 09:40:00,1930.0,1935.0,1930.0,1935.0,108600
2026-02-11 09:45:00,1935.0,1935.0,1925.0,1925.0,729100
2026-02-11 09:50:00,1930.0,1930.0,1925.0,1930.0,411900
2026-02-11 09:55:00,1930.0,1930.0,1925.0,1930.0,109900
2026-02-11 10:00:00,1925.0,1935.0,1925.0,1935.0,759900
2026-02-11 10:05:00,1930.0,1940.0,1930.0,1940.0,702500
2026-02-11 10:10:00,1940.0,1940.0,1935.0,1935.0,256200
2026-02-11 10:15:00,1935.0,1940.0,1935.0,1935.0,483700
2026-02-11 10:20:00,1935.0,1940.0,1935.0,1940.0,426300
2026-02-11 10:25:00,1940.0,1945.0,1940.0,1940.0,396300
2026-02-11 10:30:00,1945.0,1945.0,1935.0,1940.0,577900
2026-02-11 10:35:00,1935.0,1940.0,1930.0,1930.0,215400
2026-02-11 10:40:00,1930.0,1935.0,1930.0,1930.0,109500
2026-02-11 10:45:00,1930.0,1940.0,1930.0,1935.0,399000
2026-02-11 10:50:00,1935.0,1940.0,1935.0,1935.0,286500
2026-02-11 10:55:00,1940.0,1940.0,1935.0,1935.0,67000
2026-02-11 11:00:00,1935.0,1940.0,1935.0,1935.0,122800
2026-02-11 11:05:00,1935.0,1940.0,1935.0,1935.0,318800
2026-02-11 11:10:00,1935.0,1940.0,1935.0,1935.0,153600
2026-02-11 11:15:00,1935.0,1940.0,1935.0,1935.0,258300
2026-02-11 11:20:00,1935.0,1940.0,1930.0,1935.0,207500
2026-02-11 11:25:00,1930.0,1935.0,1930.0,1935.0,73000
2026-02-11 11:30:00,1935.0,1935.0,1930.0,1935.0,1014400
2026-02-11 11:35:00,1935.0,1940.0,1930.0,1935.0,270800
2026-02-11 11:40:00,1935.0,1940.0,1935.0,1935.0,209300
2026-02-11 11:45:00,1930.0,1935.0,1930.0,1930.0,248500
2026-02-11 11:50:00,1935.0,1935.0,1930.0,1935.0,139600
2026-02-11 11:55:00,1930.0,1935.0,1930.0,1930.0,106700
2026-02-11 13:30:00,1930.0,1935.0,1925.0,1930.0,834400
2026-02-11 13:35:00,1930.0,1930.0,1925.0,1930.0,144500
2026-02-11 13:40:00,1930.0,1930.0,1925.0,1930.0,57000
2026-02-11 13:45:00,1930.0,1930.0,1925.0,1930.0,255700
2026-02-11 13:50:00,1930.0,1930.0,1925.0,1930.0,149900
2026-02-11 13:55:00,1930.0,1930.0,1925.0,1925.0,247300
2026-02-11 14:00:00,1930.0,1930.0,1925.0,1930.0,124700
2026-02-11 14:05:00,1930.0,1930.0,1925.0,1930.0,216600
2026-02-11 14:10:00,1930.0,1930.0,1925.0,1925.0,128300
2026-02-11 14:15:00,1925.0,1930.0,1925.0,1930.0,209100
2026-02-11 14:20:00,1925.0,1930.0,1925.0,1930.0,695800
2026-02-11 14:25:00,1930.0,1935.0,1930.0,1935.0,96900
2026-02-11 14:30:00,1935.0,1935.0,1930.0,1930.0,256300
2026-02-11 14:35:00,1935.0,1935.0,1930.0,1935.0,156200
2026-02-11 14:40:00,1930.0,1935.0,1930.0,1930.0,313200
2026-02-11 14:45:00,1930.0,1935.0,1930.0,1935.0,105500
2026-02-11 14:50:00,1930.0,1935.0,1930.0,1930.0,192900
2026-02-11 14:55:00,1930.0,1935.0,1930.0,1930.0,126100
2026-02-11 15:00:00,1930.0,1935.0,1930.0,1930.0,156600
2026-02-11 15:05:00,1935.0,1935.0,1930.0,1930.0,290000
2026-02-11 15:10:00,1930.0,1935.0,1930.0,1935.0,146000
2026-02-11 15:15:00,1935.0,1935.0,1930.0,1935.0,309800
2026-02-11 15:20:00,1935.0,1935.0,1930.0,1930.0,242900
2026-02-11 15:25:00,1935.0,1935.0,1930.0,1930.0,357500
2026-02-11 15:30:00,1935.0,1935.0,1930.0,1935.0,478500
2026-02-11 15:35:00,1930.0,1935.0,1930.0,1930.0,368700
2026-02-11 15:40:00,1935.0,1935.0,1930.0,1930.0,818100
2026-02-11 15:45:00,1930.0,1935.0,1930.0,1930.0,555600
2026-02-11 16:00:00,1930.0,1930.0,1930.0,1930.0,1323700
2026-02-11 16:05:00,1930.0,1930.0,1930.0,1930.0,24500
2026-02-11 16:10:00,1930.0,1930.0,1930.0,1930.0,500
2026-02-12 09:00:00,1935.0,1940.0,1935.0,1940.0,0
2026-02-12 09:05:00,1935.0,1940.0,1935.0,1935.0,331200
2026-02-12 09:10:00,1935.0,1935.0,1930.0,1930.0,465000
2026-02-12 09:15:00,1930.0,1930.0,1925.0,1925.0,100800
2026-02-12 09:20:00,1930.0,1930.0,1915.0,1925.0,565000
2026-02-12 09:25:00,1920.0,1925.0,1920.0,1925.0,154100
2026-02-12 09:30:00,1920.0,1925.0,1915.0,1915.0,156600
2026-02-12 09:35:00,1915.0,1915.0,1910.0,1915.0,224100
2026-02-12 09:40:00,1910.0,1915.0,1910.0,1915.0,357200
2026-02-12 09:45:00,1915.0,1915.0,1910.0,1915.0,73700
2026-02-12 09:50:00,1910.0,1915.0,1905.0,1905.0,267400
2026-02-12 09:55:00,1905.0,1910.0,1905.0,1905.0,187400
2026-02-12 10:00:00,1905.0,1910.0,1905.0,1910.0,57200
2026-02-12 10:05:00,1905.0,1910.0,1905.0,1910.0,49100
2026-02-12 10:10:00,1910.0,1910.0,1905.0,1905.0,176600
2026-02-12 10:15:00,1905.0,1915.0,1905.0,1910.0,706300
2026-02-12 10:20:00,1910.0,1915.0,1910.0,1915.0,13600
2026-02-12 10:25:00,1910.0,1915.0,1910.0,1910.0,14800
2026-02-12 10:30:00,1915.0,1915.0,1910.0,1915.0,63000
2026-02-12 10:35:00,1910.0,1910.0,1905.0,1910.0,290700
2026-02-12 10:40:00,1905.0,1910.0,1905.0,1910.0,56200
2026-02-12 10:45:00,1910.0,1910.0,1905.0,1905.0,53700
2026-02-12 10:50:00,1910.0,1910.0,1905.0,1910.0,56400
2026-02-12 10:55:00,1905.0,1910.0,1905.0,1910.0,16300
2026-02-12 11:00:00,1910.0,1910.0,1905.0,1910.0,272100
2026-02-12 11:05:00,1905.0,1910.0,1905.0,1910.0,58200
2026-02-12 11:10:00,1910.0,1910.0,1905.0,1910.0,294100
2026-02-12 11:15:00,1915.0,1915.0,1910.0,1915.0,93300
2026-02-12 11:20:00,1915.0,1915.0,1910.0,1910.0,114400
2026-02-12 11:25:00,1905.0,1910.0,1905.0,1910.0,145500
2026-02-12 11:30:00,1910.0,1910.0,1905.0,1910.0,106100
2026-02-12 11:35:00,1910.0,1910.0,1905.0,1905.0,568500
2026-02-12 11:40:00,1905.0,1905.0,1900.0,1905.0,209300
2026-02-12 11:45:00,1905.0,1905.0,1900.0,1900.0,82200
2026-02-12 11:50:00,1905.0,1905.0,1900.0,1900.0,117200
2026-02-12 11:55:00,1900.0,1905.0,1900.0,1905.0,105800
2026-02-12 13:30:00,1905.0,1905.0,1900.0,1905.0,326800
2026-02-12 13:35:00,1905.0,1905.0,1900.0,1905.0,435300
2026-02-12 13:40:00,1910.0,1910.0,1905.0,1910.0,44900
2026-02-12 13:45:00,1910.0,1910.0,1905.0,1910.0,31900
2026-02-12 13:50:00,1905.0,1910.0,1900.0,1900.0,435100
2026-02-12 13:55:00,1900.0,1905.0,1900.0,1905.0,67100
2026-02-12 14:00:00,1900.0,1905.0,1900.0,1905.0,335200
2026-02-12 14:05:00,1905.0,1905.0,1900.0,1905.0,115500
2026-02-12 14:10:00,1900.0,1905.0,1900.0,1905.0,314400
2026-02-12 14:15:00,1905.0,1910.0,1900.0,1910.0,971900
2026-02-12 14:20:00,1910.0,1910.0,1905.0,1910.0,0
2026-02-12 14:25:00,1910.0,1910.0,1905.0,1910.0,13900
2026-02-12 14:30:00,1910.0,1910.0,1905.0,1910.0,141500
2026-02-12 14:35:00,1910.0,1910.0,1905.0,1905.0,246500
2026-02-12 14:40:00,1910.0,1910.0,1905.0,1910.0,210400
2026-02-12 14:45:00,1910.0,1910.0,1905.0,1910.0,8700
2026-02-12 14:50:00,1905.0,1910.0,1900.0,1900.0,225000
2026-02-12 14:55:00,1905.0,1905.0,1900.0,1905.0,33900
2026-02-12 15:00:00,1900.0,1905.0,1900.0,1905.0,169200
2026-02-12 15:05:00,1905.0,1905.0,1890.0,1895.0,1569200
2026-02-12 15:10:00,1895.0,1895.0,1890.0,1895.0,214900
2026-02-12 15:15:00,1890.0,1895.0,1890.0,1890.0,237600
2026-02-12 15:20:00,1890.0,1895.0,1890.0,1895.0,288400
2026-02-12 15:25:00,1890.0,1895.0,1885.0,1890.0,331000
2026-02-12 15:30:00,1890.0,1905.0,1885.0,1905.0,349100
2026-02-12 15:35:00,1905.0,1905.0,1900.0,1900.0,402800
2026-02-12 15:40:00,1900.0,1905.0,1890.0,1895.0,625700
2026-02-12 15:45:00,1895.0,1910.0,1890.0,1905.0,187500
2026-02-12 16:00:00,1885.0,1885.0,1885.0,1885.0,1386100
2026-02-12 16:05:00,1885.0,1885.0,1885.0,1885.0,19500
2026-02-12 16:10:00,1885.0,1885.0,1885.0,1885.0,0
2026-02-13 09:00:00,1910.0,1920.0,1900.0,1905.0,0
2026-02-13 09:05:00,1910.0,1920.0,1900.0,1915.0,927400
2026-02-13 09:10:00,1915.0,1920.0,1910.0,1910.0,279100
2026-02-13 09:15:00,1915.0,1915.0,1905.0,1905.0,319000
2026-02-13 09:20:00,1905.0,1910.0,1905.0,1905.0,156100
2026-02-13 09:25:00,1905.0,1910.0,1905.0,1905.0,105500
2026-02-13 09:30:00,1905.0,1910.0,1900.0,1905.0,436700
2026-02-13 09:35:00,1900.0,1905.0,1895.0,1895.0,160300
2026-02-13 09:40:00,1900.0,1900.0,1890.0,1890.0,190700
2026-02-13 09:45:00,1890.0,1895.0,1870.0,1885.0,811400
2026-02-13 09:50:00,1885.0,1885.0,1880.0,1880.0,60600
2026-02-13 09:55:00,1880.0,1890.0,1875.0,1890.0,594300
2026-02-13 10:00:00,1890.0,1890.0,1885.0,1890.0,122900
2026-02-13 10:05:00,1890.0,1890.0,1880.0,1885.0,227200
2026-02-13 10:10:00,1885.0,1890.0,1880.0,1885.0,625600
2026-02-13 10:15:00,1885.0,1890.0,1880.0,1885.0,96800
2026-02-13 10:20:00,1880.0,1885.0,1880.0,1880.0,119100
2026-02-13 10:25:00,1880.0,1885.0,1880.0,1880.0,65300
2026-02-13 10:30:00,1880.0,1885.0,1880.0,1880.0,66000
2026-02-13 10:35:00,1880.0,1885.0,1875.0,1885.0,747600
2026-02-13 10:40:00,1885.0,1885.0,1880.0,1885.0,61000
2026-02-13 10:45:00,1880.0,1885.0,1880.0,1880.0,605900
2026-02-13 10:50:00,1880.0,1885.0,1880.0,1885.0,79300
2026-02-13 10:55:00,1885.0,1885.0,1880.0,1880.0,121800
2026-02-13 11:00:00,1880.0,1885.0,1875.0,1875.0,218100
2026-02-13 11:05:00,1875.0,1885.0,1875.0,1880.0,438100
2026-02-13 11:10:00,1880.0,1885.0,1875.0,1875.0,271800
2026-02-13 11:15:00,1875.0,1880.0,1870.0,1875.0,827000
2026-02-13 11:20:00,1870.0,1875.0,1860.0,1865.0,996800
2026-02-13 11:25:00,1860.0,1870.0,1860.0,1860.0,924500
2026-02-13 14:00:00,1865.0,1870.0,1855.0,1865.0,986900
2026-02-13 14:05:00,1865.0,1865.0,1855.0,1865.0,399300
2026-02-13 14:10:00,1860.0,1865.0,1850.0,1860.0,723000
2026-02-13 14:15:00,1860.0,1860.0,1855.0,1855.0,174200
2026-02-13 14:20:00,1855.0,1860.0,1850.0,1855.0,741400
2026-02-13 14:25:00,1855.0,1855.0,1845.0,1855.0,1411800
2026-02-13 14:30:00,1850.0,1860.0,1850.0,1860.0,299600
2026-02-13 14:35:00,1860.0,1860.0,1855.0,1860.0,43700
2026-02-13 14:40:00,1855.0,1860.0,1850.0,1855.0,359700
2026-02-13 14:45:00,1850.0,1855.0,1850.0,1850.0,270600
2026-02-13 14:50:00,1855.0,1855.0,1850.0,1855.0,494900
2026-02-13 14:55:00,1860.0,1860.0,1850.0,1855.0,544500
2026-02-13 15:00:00,1855.0,1860.0,1855.0,1860.0,103800
2026-02-13 15:05:00,1860.0,1860.0,1855.0,1860.0,160800
2026-02-13 15:10:00,1855.0,1860.0,1845.0,1850.0,701200
2026-02-13 15:15:00,1850.0,1850.0,1845.0,1850.0,337400
2026-02-13 15:20:00,1845.0,1860.0,1845.0,1855.0,1000500
2026-02-13 15:25:00,1855.0,1860.0,1855.0,1855.0,212100
2026-02-13 15:30:00,1855.0,1860.0,1850.0,1850.0,303700
2026-02-13 15:35:00,1850.0,1855.0,1845.0,1855.0,1165000
2026-02-13 15:40:00,1850.0,1855.0,1850.0,1855.0,694700
2026-02-13 15:45:00,1850.0,1855.0,1845.0,1850.0,789200
2026-02-13 16:00:00,1845.0,1845.0,1845.0,1845.0,1926700
2026-02-13 16:05:00,1845.0,1845.0,1845.0,1845.0,35400
2026-02-13 16:10:00,1845.0,1845.0,1845.0,1845.0,500
2026-02-18 09:00:00,1865.0,1905.0,1865.0,1895.0,0
2026-02-18 09:05:00,1895.0,1900.0,1890.0,1895.0,240800
2026-02-18 09:10:00,1895.0,1900.0,1890.0,1900.0,160500
2026-02-18 09:15:00,1900.0,1910.0,1890.0,1905.0,719500
2026-02-18 09:20:00,1905.0,1910.0,1900.0,1905.0,213400
2026-02-18 09:25:00,1905.0,1910.0,1900.0,1910.0,330000
2026-02-18 09:30:00,1910.0,1910.0,1900.0,1905.0,98900
2026-02-18 09:35:00,1900.0,1910.0,1900.0,1905.0,185300
2026-02-18 09:40:00,1905.0,1910.0,1905.0,1910.0,90600
2026-02-18 09:45:00,1905.0,1910.0,1895.0,1895.0,473300
2026-02-18 09:50:00,1895.0,1900.0,1885.0,1890.0,430900
2026-02-18 09:55:00,1895.0,1895.0,1890.0,1890.0,197100
2026-02-18 10:00:00,1890.0,1895.0,1890.0,1890.0,180900
2026-02-18 10:05:00,1890.0,1895.0,1890.0,1890.0,162100
2026-02-18 10:10:00,1890.0,1895.0,1885.0,1885.0,265800
2026-02-18 10:15:00,1885.0,1890.0,1880.0,1880.0,177500
2026-02-18 10:20:00,1880.0,1895.0,1880.0,1895.0,196900
2026-02-18 10:25:00,1895.0,1895.0,1890.0,1890.0,164700
2026-02-18 10:30:00,1890.0,1895.0,1885.0,1890.0,191500
2026-02-18 10:35:00,1890.0,1895.0,1885.0,1890.0,475500
2026-02-18 10:40:00,1885.0,1895.0,1880.0,1880.0,347600
2026-02-18 10:45:00,1880.0,1885.0,1880.0,1880.0,129000
2026-02-18 10:50:00,1880.0,1885.0,1880.0,1885.0,146300
2026-02-18 10:55:00,1890.0,1890.0,1890.0,1890.0,17800
2026-02-18 11:00:00,1890.0,1890.0,1885.0,1890.0,70400
2026-02-18 11:05:00,1890.0,1890.0,1885.0,1890.0,49700
2026-02-18 11:10:00,1890.0,1890.0,1885.0,1890.0,46800
2026-02-18 11:15:00,1890.0,1895.0,1885.0,1895.0,120000
2026-02-18 11:20:00,1895.0,1895.0,1890.0,1890.0,139900
2026-02-18 11:25:00,1895.0,1895.0,1890.0,1895.0,28200
2026-02-18 11:30:00,1895.0,1895.0,1890.0,1895.0,24700
2026-02-18 11:35:00,1890.0,1895.0,1890.0,1895.0,54000
2026-02-18 11:40:00,1895.0,1895.0,1890.0,1890.0,62800
2026-02-18 11:45:00,1895.0,1895.0,1890.0,1890.0,293600
2026-02-18 11:50:00,1890.0,1890.0,1890.0,1890.0,24100
2026-02-18 11:55:00,1890.0,1895.0,1890.0,1890.0,81900
2026-02-18 13:30:00,1890.0,1900.0,1890.0,1895.0,734900
2026-02-18 13:35:00,1895.0,1895.0,1895.0,1895.0,91800
2026-02-18 13:40:00,1895.0,1900.0,1895.0,1895.0,114100
2026-02-18 13:45:00,1895.0,1900.0,1895.0,1900.0,5900
2026-02-18 13:50:00,1895.0,1900.0,1895.0,1900.0,72600
2026-02-18 13:55:00,1900.0,1900.0,1895.0,1895.0,241400
2026-02-18 14:00:00,1900.0,1900.0,1895.0,1895.0,20800
2026-02-18 14:05:00,1900.0,1900.0,1895.0,1895.0,418500
2026-02-18 14:10:00,1895.0,1900.0,1895.0,1900.0,17800
2026-02-18 14:15:00,1900.0,1900.0,1895.0,1895.0,115700
2026-02-18 14:20:00,1895.0,1900.0,1895.0,1895.0,195700
2026-02-18 14:25:00,1900.0,1900.0,1895.0,1900.0,70700
2026-02-18 14:30:00,1900.0,1900.0,1890.0,1895.0,511900
2026-02-18 14:35:00,1890.0,1895.0,1890.0,1890.0,175500
2026-02-18 14:40:00,1895.0,1895.0,1890.0,1890.0,116700
2026-02-18 14:45:00,1895.0,1895.0,1890.0,1890.0,72300
2026-02-18 14:50:00,1890.0,1895.0,1890.0,1895.0,171600
2026-02-18 14:55:00,1895.0,1895.0,1890.0,1895.0,174200
2026-02-18 15:00:00,1895.0,1900.0,1890.0,1895.0,620500
2026-02-18 15:05:00,1895.0,1900.0,1895.0,1900.0,335300
2026-02-18 15:10:00,1900.0,1900.0,1895.0,1900.0,164000
2026-02-18 15:15:00,1900.0,1900.0,1895.0,1900.0,111300
2026-02-18 15:20:00,1900.0,1900.0,1895.0,1895.0,310400
2026-02-18 15:25:00,1900.0,1900.0,1895.0,1895.0,241400
2026-02-18 15:30:00,1895.0,1900.0,1895.0,1895.0,410100
2026-02-18 15:35:00,1900.0,1900.0,1895.0,1895.0,664800
2026-02-18 15:40:00,1895.0,1900.0,1890.0,1895.0,1474700
2026-02-18 15:45:00,1900.0,1900.0,1895.0,1900.0,700400
2026-02-18 16:00:00,1910.0,1910.0,1910.0,1910.0,881000
2026-02-18 16:05:00,1910.0,1910.0,1910.0,1910.0,9900
2026-02-19 09:00:00,1910.0,1920.0,1895.0,1905.0,0
2026-02-19 09:05:00,1905.0,1910.0,1900.0,1905.0,321600
2026-02-19 09:10:00,1910.0,1910.0,1900.0,1900.0,212200
2026-02-19 09:15:00,1905.0,1910.0,1900.0,1905.0,91800
2026-02-19 09:20:00,1905.0,1910.0,1905.0,1905.0,119100
2026-02-19 09:25:00,1905.0,1910.0,1900.0,1910.0,142100
2026-02-19 09:30:00,1910.0,1910.0,1905.0,1910.0,45500
2026-02-19 09:35:00,1905.0,1910.0,1900.0,1905.0,386900
2026-02-19 09:40:00,1900.0,1905.0,1900.0,1905.0,59700
2026-02-19 09:45:00,1905.0,1905.0,1900.0,1900.0,23700
2026-02-19 09:50:00,1905.0,1905.0,1900.0,1900.0,288600
2026-02-19 09:55:00,1905.0,1905.0,1900.0,1905.0,214700
2026-02-19 10:00:00,1905.0,1905.0,1900.0,1905.0,158900
2026-02-19 10:05:00,1905.0,1905.0,1900.0,1905.0,59300
2026-02-19 10:10:00,1905.0,1905.0,1900.0,1900.0,67300
2026-02-19 10:15:00,1905.0,1905.0,1900.0,1905.0,319300
2026-02-19 10:20:00,1905.0,1905.0,1900.0,1900.0,461600
2026-02-19 10:25:00,1905.0,1905.0,1900.0,1900.0,113300
2026-02-19 10:30:00,1905.0,1910.0,1900.0,1910.0,1099200
2026-02-19 10:35:00,1910.0,1915.0,1910.0,1915.0,566800
2026-02-19 10:40:00,1910.0,1915.0,1910.0,1915.0,51500
2026-02-19 10:45:00,1915.0,1915.0,1910.0,1910.0,626900
2026-02-19 10:50:00,1910.0,1915.0,1910.0,1910.0,427900
2026-02-19 10:55:00,1910.0,1910.0,1905.0,1905.0,7400
2026-02-19 11:00:00,1910.0,1910.0,1905.0,1910.0,5500
2026-02-19 11:05:00,1905.0,1910.0,1905.0,1905.0,229200
2026-02-19 11:10:00,1910.0,1910.0,1905.0,1910.0,45400
2026-02-19 11:15:00,1910.0,1910.0,1900.0,1910.0,929100
2026-02-19 11:20:00,1905.0,1910.0,1905.0,1905.0,44000
2026-02-19 11:25:00,1905.0,1910.0,1905.0,1910.0,59000
2026-02-19 11:30:00,1905.0,1910.0,1905.0,1910.0,32900
2026-02-19 11:35:00,1910.0,1910.0,1905.0,1910.0,12500
2026-02-19 11:40:00,1905.0,1910.0,1905.0,1910.0,13400
2026-02-19 11:45:00,1910.0,1910.0,1905.0,1910.0,53500
2026-02-19 11:50:00,1910.0,1910.0,1905.0,1910.0,224800
2026-02-19 11:55:00,1910.0,1910.0,1905.0,1910.0,858900
2026-02-19 13:30:00,1905.0,1910.0,1905.0,1905.0,87600
2026-02-19 13:35:00,1905.0,1910.0,1905.0,1910.0,47000
2026-02-19 13:40:00,1910.0,1910.0,1905.0,1910.0,19400
2026-02-19 13:45:00,1910.0,1910.0,1905.0,1910.0,18200
2026-02-19 13:50:00,1910.0,1920.0,1905.0,1915.0,2311000
2026-02-19 13:55:00,1920.0,1920.0,1910.0,1915.0,348700
2026-02-19 14:00:00,1915.0,1915.0,1910.0,1915.0,15800
2026-02-19 14:05:00,1915.0,1915.0,1910.0,1915.0,59200
2026-02-19 14:10:00,1910.0,1915.0,1910.0,1915.0,32600
2026-02-19 14:15:00,1915.0,1915.0,1900.0,1905.0,5290400
2026-02-19 14:20:00,1905.0,1905.0,1900.0,1905.0,3206100
2026-02-19 14:25:00,1905.0,1905.0,1900.0,1905.0,2201600
2026-02-19 14:30:00,1905.0,1905.0,1900.0,1905.0,196800
2026-02-19 14:35:00,1905.0,1905.0,1900.0,1905.0,102400
2026-02-19 14:40:00,1905.0,1905.0,1900.0,1905.0,172700
2026-02-19 14:45:00,1905.0,1905.0,1900.0,1905.0,50600
2026-02-19 14:50:00,1905.0,1905.0,1900.0,1905.0,203400
2026-02-19 14:55:00,1900.0,1905.0,1900.0,1905.0,273500
2026-02-19 15:00:00,1905.0,1905.0,1900.0,1905.0,209100
2026-02-19 15:05:00,1905.0,1905.0,1900.0,1905.0,246200
2026-02-19 15:10:00,1905.0,1910.0,1900.0,1905.0,2337200
2026-02-19 15:15:00,1910.0,1910.0,1905.0,1905.0,182800
2026-02-19 15:20:00,1905.0,1910.0,1905.0,1905.0,45600
2026-02-19 15:25:00,1905.0,1910.0,1905.0,1905.0,174500
2026-02-19 15:30:00,1905.0,1910.0,1900.0,1900.0,3150600
2026-02-19 15:35:00,1900.0,1905.0,1900.0,1900.0,415900
2026-02-19 15:40:00,1900.0,1905.0,1900.0,1905.0,1766500
2026-02-19 15:45:00,1905.0,1905.0,1895.0,1905.0,1037400
2026-02-19 16:00:00,1900.0,1900.0,1900.0,1900.0,2876100
2026-02-19 16:05:00,1900.0,1900.0,1900.0,1900.0,8300
2026-02-19 16:10:00,1900.0,1900.0,1900.0,1900.0,400
2026-02-20 09:00:00,1910.0,1940.0,1905.0,1935.0,0
2026-02-20 09:05:00,1940.0,1940.0,1930.0,1935.0,519700
2026-02-20 09:10:00,1935.0,1935.0,1925.0,1935.0,532200
2026-02-20 09:15:00,1935.0,1935.0,1925.0,1930.0,154600
2026-02-20 09:20:00,1930.0,1930.0,1920.0,1925.0,476300
2026-02-20 09:25:00,1925.0,1960.0,1925.0,1955.0,4197300
2026-02-20 09:30:00,1960.0,1965.0,1945.0,1955.0,1773300
2026-02-20 09:35:00,1960.0,1965.0,1955.0,1965.0,672600
2026-02-20 09:40:00,1965.0,1965.0,1950.0,1955.0,517600
2026-02-20 09:45:00,1955.0,1960.0,1950.0,1955.0,245700
2026-02-20 09:50:00,1955.0,1960.0,1950.0,1955.0,235600
2026-02-20 09:55:00,1960.0,1960.0,1955.0,1955.0,85400
2026-02-20 10:00:00,1960.0,1960.0,1955.0,1955.0,239200
2026-02-20 10:05:00,1955.0,1960.0,1950.0,1955.0,172200
2026-02-20 10:10:00,1955.0,1960.0,1955.0,1960.0,66600
2026-02-20 10:15:00,1955.0,1960.0,1950.0,1960.0,305000
2026-02-20 10:20:00,1955.0,1960.0,1955.0,1955.0,229400
2026-02-20 10:25:00,1955.0,1960.0,1940.0,1945.0,954100
2026-02-20 10:30:00,1945.0,1950.0,1940.0,1950.0,336600
2026-02-20 10:35:00,1945.0,1950.0,1940.0,1945.0,473600
2026-02-20 10:40:00,1945.0,1950.0,1940.0,1950.0,236500
2026-02-20 10:45:00,1950.0,1950.0,1945.0,1945.0,189800
2026-02-20 10:50:00,1945.0,1950.0,1940.0,1945.0,290100
2026-02-20 10:55:00,1940.0,1950.0,1935.0,1940.0,702700
2026-02-20 11:00:00,1940.0,1950.0,1940.0,1950.0,607600
2026-02-20 11:05:00,1945.0,1945.0,1940.0,1945.0,98300
2026-02-20 11:10:00,1940.0,1945.0,1940.0,1940.0,66400
2026-02-20 11:15:00,1940.0,1945.0,1935.0,1940.0,382800
2026-02-20 11:20:00,1940.0,1940.0,1930.0,1930.0,683000
2026-02-20 11:25:00,1930.0,1940.0,1930.0,1935.0,423900
2026-02-20 14:00:00,1935.0,1935.0,1905.0,1910.0,5406700
2026-02-20 14:05:00,1915.0,1915.0,1905.0,1905.0,1158900
2026-02-20 14:10:00,1905.0,1910.0,1895.0,1895.0,1924600
2026-02-20 14:15:00,1895.0,1900.0,1875.0,1885.0,2237200
2026-02-20 14:20:00,1880.0,1900.0,1865.0,1895.0,6411900
2026-02-20 14:25:00,1895.0,1895.0,1880.0,1885.0,915200
2026-02-20 14:30:00,1880.0,1885.0,1870.0,1880.0,2172500
2026-02-20 14:35:00,1880.0,1885.0,1875.0,1880.0,1222600
2026-02-20 14:40:00,1880.0,1880.0,1865.0,1870.0,3670400
2026-02-20 14:45:00,1870.0,1875.0,1860.0,1870.0,1797000
2026-02-20 14:50:00,1860.0,1870.0,1850.0,1860.0,3406400
2026-02-20 14:55:00,1855.0,1865.0,1845.0,1855.0,4227200
2026-02-20 15:00:00,1855.0,1865.0,1845.0,1850.0,3300000
2026-02-20 15:05:00,1850.0,1855.0,1835.0,1835.0,1971000
2026-02-20 15:10:00,1835.0,1840.0,1800.0,1800.0,4355200
2026-02-20 15:15:00,1805.0,1820.0,1800.0,1820.0,2366400
2026-02-20 15:20:00,1820.0,1820.0,1810.0,1815.0,2875000
2026-02-20 15:25:00,1815.0,1820.0,1815.0,1815.0,1703100
2026-02-20 15:30:00,1815.0,1830.0,1810.0,1830.0,3085600
2026-02-20 15:35:00,1830.0,1835.0,1825.0,1830.0,2558000
2026-02-20 15:40:00,1825.0,1830.0,1820.0,1830.0,2401400
2026-02-20 15:45:00,1830.0,1830.0,1815.0,1820.0,1270100
2026-02-20 16:00:00,1815.0,1815.0,1815.0,1815.0,2042200
2026-02-20 16:05:00,1815.0,1815.0,1815.0,1815.0,65800
2026-02-20 16:10:00,1815.0,1815.0,1815.0,1815.0,139000
2026-02-23 09:00:00,1820.0,1820.0,1815.0,1820.0,0
2026-02-23 09:05:00,1820.0,1830.0,1815.0,1825.0,900800
2026-02-23 09:10:00,1830.0,1845.0,1830.0,1845.0,1392500
2026-02-23 09:15:00,1845.0,1845.0,1840.0,1845.0,500500
2026-02-23 09:20:00,1845.0,1850.0,1840.0,1840.0,218100
2026-02-23 09:25:00,1845.0,1850.0,1840.0,1850.0,873000
2026-02-23 09:30:00,1850.0,1850.0,1845.0,1850.0,185900
2026-02-23 09:35:00,1850.0,1850.0,1845.0,1845.0,280500
2026-02-23 09:40:00,1850.0,1850.0,1845.0,1850.0,275100
2026-02-23 09:45:00,1850.0,1855.0,1845.0,1850.0,1046000
2026-02-23 09:50:00,1855.0,1855.0,1850.0,1855.0,104000
2026-02-23 09:55:00,1855.0,1855.0,1850.0,1855.0,296900
2026-02-23 10:00:00,1855.0,1855.0,1850.0,1855.0,578800
2026-02-23 10:05:00,1855.0,1855.0,1850.0,1855.0,371200
2026-02-23 10:10:00,1850.0,1855.0,1840.0,1840.0,3327100
2026-02-23 10:15:00,1835.0,1835.0,1825.0,1835.0,1807000
2026-02-23 10:20:00,1835.0,1840.0,1830.0,1835.0,1835700
2026-02-23 10:25:00,1835.0,1835.0,1825.0,1830.0,581400
2026-02-23 10:30:00,1830.0,1830.0,1825.0,1830.0,714100
2026-02-23 10:35:00,1830.0,1830.0,1825.0,1830.0,363800
2026-02-23 10:40:00,1830.0,1835.0,1825.0,1835.0,1106900
2026-02-23 10:45:00,1830.0,1835.0,1825.0,1830.0,657400
2026-02-23 10:50:00,1830.0,1830.0,1825.0,1825.0,206200
2026-02-23 10:55:00,1830.0,1830.0,1825.0,1825.0,64700
2026-02-23 11:00:00,1825.0,1830.0,1825.0,1830.0,60800
2026-02-23 11:05:00,1830.0,1830.0,1825.0,1825.0,115300
2026-02-23 11:10:00,1825.0,1830.0,1825.0,1825.0,122100
2026-02-23 11:15:00,1825.0,1830.0,1825.0,1830.0,533700
2026-02-23 11:20:00,1825.0,1830.0,1820.0,1825.0,838400
2026-02-23 11:25:00,1820.0,1825.0,1820.0,1825.0,188600
2026-02-23 11:30:00,1825.0,1825.0,1820.0,1825.0,330100
2026-02-23 11:35:00,1825.0,1825.0,1820.0,1825.0,1489500
2026-02-23 11:40:00,1825.0,1825.0,1820.0,1820.0,120600
2026-02-23 11:45:00,1825.0,1825.0,1820.0,1825.0,229500
2026-02-23 11:50:00,1825.0,1825.0,1820.0,1820.0,218600
2026-02-23 11:55:00,1820.0,1825.0,1820.0,1820.0,443200
2026-02-23 13:30:00,1825.0,1825.0,1820.0,1825.0,248100
2026-02-23 13:35:00,1825.0,1825.0,1820.0,1820.0,2605000
2026-02-23 13:40:00,1820.0,1820.0,1815.0,1820.0,310300
2026-02-23 13:45:00,1820.0,1820.0,1815.0,1815.0,390500
2026-02-23 13:50:00,1815.0,1820.0,1810.0,1810.0,2412300
2026-02-23 13:55:00,1810.0,1815.0,1805.0,1810.0,2008800
2026-02-23 14:00:00,1810.0,1810.0,1800.0,1810.0,2362800
2026-02-23 14:05:00,1805.0,1810.0,1805.0,1810.0,1021500
2026-02-23 14:10:00,1810.0,1810.0,1800.0,1810.0,876600
2026-02-23 14:15:00,1810.0,1810.0,1800.0,1805.0,1851100
2026-02-23 14:20:00,1805.0,1810.0,1800.0,1800.0,1006800
2026-02-23 14:25:00,1800.0,1805.0,1795.0,1800.0,2410000
2026-02-23 14:30:00,1795.0,1805.0,1795.0,1800.0,927400
2026-02-23 14:35:00,1800.0,1800.0,1790.0,1795.0,3038000
2026-02-23 14:40:00,1795.0,1800.0,1795.0,1795.0,123300
2026-02-23 14:45:00,1800.0,1800.0,1790.0,1795.0,1838900
2026-02-23 14:50:00,1795.0,1795.0,1790.0,1795.0,527500
2026-02-23 14:55:00,1795.0,1800.0,1790.0,1800.0,329600
2026-02-23 15:00:00,1800.0,1800.0,1790.0,1795.0,842800
2026-02-23 15:05:00,1795.0,1795.0,1790.0,1790.0,1068700
2026-02-23 15:10:00,1795.0,1795.0,1785.0,1790.0,1798800
2026-02-23 15:15:00,1795.0,1795.0,1790.0,1790.0,799800
2026-02-23 15:20:00,1795.0,1795.0,1785.0,1790.0,995300
2026-02-23 15:25:00,1790.0,1800.0,1790.0,1795.0,1198300
2026-02-23 15:30:00,1795.0,1800.0,1790.0,1795.0,2067200
2026-02-23 15:35:00,1795.0,1805.0,1795.0,1800.0,815200
2026-02-23 15:40:00,1805.0,1805.0,1795.0,1800.0,923600
2026-02-23 15:45:00,1800.0,1805.0,1795.0,1800.0,975500
2026-02-23 16:00:00,1800.0,1800.0,1800.0,1800.0,4049600
2026-02-23 16:05:00,1800.0,1800.0,1800.0,1800.0,1013700
2026-02-23 16:10:00,1800.0,1800.0,1800.0,1800.0,94700
2026-02-24 09:00:00,1805.0,1815.0,1800.0,1810.0,0
2026-02-24 09:05:00,1815.0,1815.0,1805.0,1805.0,338000
2026-02-24 09:10:00,1810.0,1810.0,1800.0,1800.0,1874700
2026-02-24 09:15:00,1800.0,1800.0,1790.0,1795.0,588800
2026-02-24 09:20:00,1790.0,1795.0,1790.0,1795.0,280300
2026-02-24 09:25:00,1790.0,1795.0,1790.0,1795.0,987100
2026-02-24 09:30:00,1790.0,1795.0,1790.0,1790.0,428500
2026-02-24 09:35:00,1790.0,1795.0,1785.0,1795.0,531600
2026-02-24 09:40:00,1790.0,1795.0,1785.0,1785.0,697400
2026-02-24 09:45:00,1785.0,1790.0,1780.0,1790.0,496100
2026-02-24 09:50:00,1785.0,1790.0,1780.0,1785.0,432100
2026-02-24 09:55:00,1785.0,1790.0,1780.0,1785.0,374200
2026-02-24 10:00:00,1785.0,1790.0,1785.0,1785.0,176400
2026-02-24 10:05:00,1785.0,1795.0,1785.0,1790.0,1024800
2026-02-24 10:10:00,1790.0,1800.0,1790.0,1795.0,409600
2026-02-24 10:15:00,1795.0,1800.0,1790.0,1795.0,903800
2026-02-24 10:20:00,1795.0,1795.0,1790.0,1790.0,116400
2026-02-24 10:25:00,1790.0,1795.0,1790.0,1795.0,328500
2026-02-24 10:30:00,1795.0,1800.0,1790.0,1795.0,804600
2026-02-24 10:35:00,1795.0,1800.0,1795.0,1800.0,117500
2026-02-24 10:40:00,1795.0,1805.0,1795.0,1800.0,791300
2026-02-24 10:45:00,1800.0,1805.0,1800.0,1800.0,207700
2026-02-24 10:50:00,1800.0,1805.0,1800.0,1800.0,286800
2026-02-24 10:55:00,1800.0,1805.0,1800.0,1800.0,522700
2026-02-24 11:00:00,1800.0,1805.0,1795.0,1795.0,314100
2026-02-24 11:05:00,1795.0,1800.0,1795.0,1795.0,216200
2026-02-24 11:10:00,1800.0,1800.0,1790.0,1795.0,1053000
2026-02-24 11:15:00,1790.0,1800.0,1790.0,1795.0,554300
2026-02-24 11:20:00,1790.0,1795.0,1790.0,1795.0,76600
2026-02-24 11:25:00,1790.0,1795.0,1790.0,1790.0,166800
2026-02-24 11:30:00,1795.0,1795.0,1790.0,1790.0,520800
2026-02-24 11:35:00,1790.0,1795.0,1790.0,1790.0,385400
2026-02-24 11:40:00,1790.0,1795.0,1790.0,1790.0,300300
2026-02-24 11:45:00,1795.0,1795.0,1790.0,1790.0,115000
2026-02-24 11:50:00,1790.0,1795.0,1790.0,1790.0,125500
2026-02-24 11:55:00,1790.0,1795.0,1785.0,1790.0,1069400
2026-02-24 13:30:00,1790.0,1795.0,1785.0,1785.0,524900
2026-02-24 13:35:00,1790.0,1790.0,1785.0,1785.0,525500
2026-02-24 13:40:00,1785.0,1790.0,1785.0,1785.0,300100
2026-02-24 13:45:00,1785.0,1795.0,1785.0,1790.0,1151600
2026-02-24 13:50:00,1790.0,1795.0,1785.0,1790.0,764600
2026-02-24 13:55:00,1785.0,1790.0,1785.0,1790.0,371000
2026-02-24 14:00:00,1785.0,1790.0,1785.0,1790.0,599200
2026-02-24 14:05:00,1790.0,1790.0,1785.0,1790.0,516700
2026-02-24 14:10:00,1785.0,1790.0,1785.0,1790.0,254700
2026-02-24 14:15:00,1790.0,1795.0,1785.0,1795.0,565700
2026-02-24 14:20:00,1790.0,1795.0,1785.0,1785.0,2185900
2026-02-24 14:25:00,1785.0,1785.0,1780.0,1785.0,285600
2026-02-24 14:30:00,1780.0,1790.0,1780.0,1785.0,797300
2026-02-24 14:35:00,1785.0,1790.0,1785.0,1785.0,678000
2026-02-24 14:40:00,1785.0,1790.0,1785.0,1785.0,337000
2026-02-24 14:45:00,1785.0,1790.0,1780.0,1785.0,895000
2026-02-24 14:50:00,1780.0,1785.0,1780.0,1785.0,302700
2026-02-24 14:55:00,1780.0,1785.0,1780.0,1785.0,241300
2026-02-24 15:00:00,1780.0,1785.0,1780.0,1785.0,510700
2026-02-24 15:05:00,1785.0,1785.0,1780.0,1780.0,1800300
2026-02-24 15:10:00,1780.0,1785.0,1780.0,1780.0,743000
2026-02-24 15:15:00,1780.0,1785.0,1775.0,1780.0,485300
2026-02-24 15:20:00,1775.0,1780.0,1775.0,1775.0,620200
2026-02-24 15:25:00,1775.0,1780.0,1770.0,1780.0,1945500
2026-02-24 15:30:00,1775.0,1780.0,1775.0,1775.0,151800
2026-02-24 15:35:00,1780.0,1780.0,1775.0,1775.0,813700
2026-02-24 15:40:00,1775.0,1780.0,1770.0,1770.0,2048700
2026-02-24 15:45:00,1775.0,1775.0,1765.0,1770.0,1020700
2026-02-24 16:00:00,1785.0,1785.0,1785.0,1785.0,5991100
2026-02-24 16:05:00,1785.0,1785.0,1785.0,1785.0,5000
2026-02-24 16:10:00,1785.0,1785.0,1785.0,1785.0,7600
2026-02-25 09:00:00,1785.0,1795.0,1785.0,1795.0,0
2026-02-25 09:05:00,1795.0,1795.0,1790.0,1790.0,152900
2026-02-25 09:10:00,1790.0,1795.0,1790.0,1795.0,157800
2026-02-25 09:15:00,1790.0,1795.0,1785.0,1790.0,354000
2026-02-25 09:20:00,1790.0,1795.0,1785.0,1785.0,467700
2026-02-25 09:25:00,1785.0,1790.0,1785.0,1785.0,592000
2026-02-25 09:30:00,1790.0,1790.0,1780.0,1785.0,470900
2026-02-25 09:35:00,1790.0,1790.0,1780.0,1780.0,656100
2026-02-25 09:40:00,1780.0,1785.0,1780.0,1785.0,220800
2026-02-25 09:45:00,1780.0,1790.0,1780.0,1790.0,708800
2026-02-25 09:50:00,1785.0,1790.0,1785.0,1785.0,64900
2026-02-25 09:55:00,1790.0,1790.0,1785.0,1790.0,66600
2026-02-25 10:00:00,1790.0,1795.0,1790.0,1795.0,803100
2026-02-25 10:05:00,1795.0,1795.0,1785.0,1785.0,302500
2026-02-25 10:10:00,1790.0,1790.0,1785.0,1790.0,221400
2026-02-25 10:15:00,1790.0,1790.0,1785.0,1790.0,54300
2026-02-25 10:20:00,1785.0,1790.0,1785.0,1785.0,635800
2026-02-25 10:25:00,1790.0,1790.0,1785.0,1790.0,13000
2026-02-25 10:30:00,1785.0,1790.0,1785.0,1785.0,519200
2026-02-25 10:35:00,1785.0,1790.0,1780.0,1785.0,161200
2026-02-25 10:40:00,1785.0,1790.0,1785.0,1790.0,203300
2026-02-25 10:45:00,1785.0,1790.0,1780.0,1785.0,179800
2026-02-25 10:50:00,1780.0,1785.0,1780.0,1780.0,111200
2026-02-25 10:55:00,1780.0,1790.0,1780.0,1790.0,457800
2026-02-25 11:00:00,1785.0,1790.0,1780.0,1780.0,383400
2026-02-25 11:05:00,1780.0,1785.0,1780.0,1780.0,152100
2026-02-25 11:10:00,1780.0,1785.0,1780.0,1785.0,195400
2026-02-25 11:15:00,1785.0,1785.0,1780.0,1785.0,185800
2026-02-25 11:20:00,1785.0,1790.0,1785.0,1790.0,98200
2026-02-25 11:25:00,1790.0,1790.0,1790.0,1790.0,7200
2026-02-25 11:30:00,1790.0,1790.0,1780.0,1780.0,744700
2026-02-25 11:35:00,1780.0,1785.0,1775.0,1785.0,929600
2026-02-25 11:40:00,1780.0,1785.0,1780.0,1785.0,78900
2026-02-25 11:45:00,1785.0,1785.0,1780.0,1785.0,189700
2026-02-25 11:50:00,1780.0,1780.0,1775.0,1780.0,963200
2026-02-25 11:55:00,1780.0,1785.0,1780.0,1780.0,39900
2026-02-25 13:30:00,1780.0,1780.0,1775.0,1780.0,656500
2026-02-25 13:35:00,1775.0,1780.0,1775.0,1780.0,1357300
2026-02-25 13:40:00,1780.0,1780.0,1775.0,1780.0,89600
2026-02-25 13:45:00,1780.0,1780.0,1775.0,1775.0,143500
2026-02-25 13:50:00,1780.0,1780.0,1775.0,1775.0,255100
2026-02-25 13:55:00,1775.0,1780.0,1775.0,1780.0,383300
2026-02-25 14:00:00,1775.0,1780.0,1775.0,1775.0,1446600
2026-02-25 14:05:00,1780.0,1780.0,1775.0,1780.0,151400
2026-02-25 14:10:00,1780.0,1780.0,1775.0,1775.0,412100
2026-02-25 14:15:00,1775.0,1780.0,1775.0,1775.0,294000
2026-02-25 14:20:00,1775.0,1780.0,1765.0,1765.0,2244100
2026-02-25 14:25:00,1765.0,1770.0,1765.0,1765.0,589700
2026-02-25 14:30:00,1765.0,1770.0,1765.0,1765.0,703500
2026-02-25 14:35:00,1765.0,1770.0,1765.0,1765.0,404800
2026-02-25 14:40:00,1765.0,1770.0,1765.0,1765.0,288500
2026-02-25 14:45:00,1765.0,1770.0,1760.0,1765.0,1245200
2026-02-25 14:50:00,1760.0,1765.0,1755.0,1755.0,1341900
2026-02-25 14:55:00,1755.0,1760.0,1755.0,1755.0,739900
2026-02-25 15:00:00,1760.0,1760.0,1750.0,1750.0,1444200
2026-02-25 15:05:00,1750.0,1755.0,1750.0,1750.0,919800
2026-02-25 15:10:00,1750.0,1755.0,1750.0,1750.0,1414300
2026-02-25 15:15:00,1750.0,1755.0,1750.0,1750.0,821500
2026-02-25 15:20:00,1750.0,1755.0,1745.0,1745.0,1299000
2026-02-25 15:25:00,1745.0,1745.0,1740.0,1740.0,1609300
2026-02-25 15:30:00,1740.0,1745.0,1735.0,1740.0,1859000
2026-02-25 15:35:00,1735.0,1755.0,1735.0,1755.0,3195900
2026-02-25 15:40:00,1750.0,1755.0,1745.0,1750.0,1438200
2026-02-25 15:45:00,1745.0,1755.0,1735.0,1755.0,2709600
2026-02-25 16:00:00,1735.0,1735.0,1735.0,1735.0,4867800
2026-02-25 16:05:00,1735.0,1735.0,1735.0,1735.0,121100
2026-02-25 16:10:00,1735.0,1735.0,1735.0,1735.0,0
2026-02-26 09:00:00,1755.0,1775.0,1730.0,1735.0,0
2026-02-26 09:05:00,1735.0,1745.0,1730.0,1740.0,1325400
2026-02-26 09:10:00,1740.0,1740.0,1735.0,1735.0,251000
2026-02-26 09:15:00,1735.0,1740.0,1730.0,1740.0,776100
2026-02-26 09:20:00,1740.0,1745.0,1740.0,1745.0,263700
2026-02-26 09:25:00,1745.0,1750.0,1740.0,1745.0,328000
2026-02-26 09:30:00,1745.0,1745.0,1740.0,1740.0,160300
2026-02-26 09:35:00,1745.0,1745.0,1740.0,1740.0,623000
2026-02-26 09:40:00,1740.0,1740.0,1735.0,1740.0,89400
2026-02-26 09:45:00,1740.0,1740.0,1735.0,1740.0,152600
2026-02-26 09:50:00,1735.0,1740.0,1730.0,1735.0,593000
2026-02-26 09:55:00,1735.0,1740.0,1730.0,1735.0,800800
2026-02-26 10:00:00,1735.0,1740.0,1735.0,1735.0,134900
2026-02-26 10:05:00,1735.0,1740.0,1735.0,1740.0,41000
2026-02-26 10:10:00,1735.0,1740.0,1735.0,1735.0,202900
2026-02-26 10:15:00,1735.0,1740.0,1730.0,1735.0,290100
2026-02-26 10:20:00,1730.0,1735.0,1725.0,1725.0,1213600
2026-02-26 10:25:00,1730.0,1730.0,1725.0,1725.0,441100
2026-02-26 10:30:00,1730.0,1730.0,1725.0,1725.0,758400
2026-02-26 10:35:00,1725.0,1730.0,1720.0,1730.0,1079400
2026-02-26 10:40:00,1730.0,1735.0,1730.0,1730.0,199900
2026-02-26 10:45:00,1730.0,1730.0,1725.0,1730.0,161200
2026-02-26 10:50:00,1725.0,1730.0,1725.0,1725.0,124800
2026-02-26 10:55:00,1725.0,1730.0,1720.0,1725.0,814800
2026-02-26 11:00:00,1725.0,1730.0,1720.0,1730.0,733600
2026-02-26 11:05:00,1725.0,1730.0,1725.0,1730.0,146900
2026-02-26 11:10:00,1730.0,1730.0,1720.0,1725.0,634200
2026-02-26 11:15:00,1725.0,1725.0,1720.0,1725.0,74200
2026-02-26 11:20:00,1725.0,1725.0,1720.0,1725.0,144400
2026-02-26 11:25:00,1725.0,1725.0,1720.0,1720.0,1105400
2026-02-26 11:30:00,1720.0,1720.0,1715.0,1720.0,254400
2026-02-26 11:35:00,1720.0,1720.0,1715.0,1720.0,64600
2026-02-26 11:40:00,1720.0,1720.0,1715.0,1715.0,238300
2026-02-26 11:45:00,1720.0,1725.0,1715.0,1720.0,1175700
2026-02-26 11:50:00,1725.0,1725.0,1720.0,1720.0,146000
2026-02-26 11:55:00,1725.0,1725.0,1715.0,1715.0,404500
2026-02-26 13:30:00,1720.0,1720.0,1715.0,1720.0,262200
2026-02-26 13:35:00,1720.0,1720.0,1715.0,1715.0,258500
2026-02-26 13:40:00,1720.0,1720.0,1710.0,1715.0,830300
2026-02-26 13:45:00,1715.0,1715.0,1710.0,1710.0,184200
2026-02-26 13:50:00,1710.0,1715.0,1710.0,1710.0,213000
2026-02-26 13:55:00,1710.0,1715.0,1710.0,1715.0,338500
2026-02-26 14:00:00,1710.0,1715.0,1710.0,1715.0,348400
2026-02-26 14:05:00,1710.0,1715.0,1710.0,1710.0,274800
2026-02-26 14:10:00,1710.0,1715.0,1705.0,1710.0,312200
2026-02-26 14:15:00,1705.0,1710.0,1700.0,1705.0,1694700
2026-02-26 14:20:00,1705.0,1705.0,1700.0,1705.0,662800
2026-02-26 14:25:00,1705.0,1720.0,1700.0,1720.0,1750100
2026-02-26 14:30:00,1715.0,1725.0,1710.0,1715.0,271400
2026-02-26 14:35:00,1715.0,1720.0,1710.0,1720.0,166600
2026-02-26 14:40:00,1720.0,1720.0,1715.0,1720.0,265700
2026-02-26 14:45:00,1720.0,1720.0,1715.0,1715.0,86000
2026-02-26 14:50:00,1720.0,1720.0,1715.0,1720.0,79300
2026-02-26 14:55:00,1720.0,1720.0,1710.0,1715.0,350300
2026-02-26 15:00:00,1715.0,1715.0,1710.0,1715.0,443900
2026-02-26 15:05:00,1715.0,1715.0,1710.0,1710.0,99100
2026-02-26 15:10:00,1715.0,1715.0,1710.0,1710.0,208700
2026-02-26 15:15:00,1710.0,1715.0,1705.0,1715.0,767300
2026-02-26 15:20:00,1715.0,1715.0,1710.0,1715.0,123400
2026-02-26 15:25:00,1710.0,1715.0,1710.0,1710.0,417200
2026-02-26 15:30:00,1715.0,1715.0,1705.0,1715.0,1017500
2026-02-26 15:35:00,1715.0,1715.0,1705.0,1710.0,448000
2026-02-26 15:40:00,1705.0,1710.0,1700.0,1700.0,804000
2026-02-26 15:45:00,1705.0,1720.0,1705.0,1720.0,1251200
2026-02-26 16:00:00,1720.0,1720.0,1720.0,1720.0,8080200
2026-02-26 16:05:00,1720.0,1720.0,1720.0,1720.0,51000
2026-02-26 16:10:00,1720.0,1720.0,1720.0,1720.0,37500
2026-02-27 09:00:00,1715.0,1715.0,1695.0,1700.0,0
2026-02-27 09:05:00,1695.0,1700.0,1690.0,1690.0,532400
2026-02-27 09:10:00,1695.0,1700.0,1690.0,1700.0,400700
2026-02-27 09:15:00,1700.0,1700.0,1690.0,1700.0,405400
2026-02-27 09:20:00,1700.0,1705.0,1700.0,1700.0,120100
2026-02-27 09:25:00,1705.0,1705.0,1700.0,1705.0,118800
2026-02-27 09:30:00,1705.0,1710.0,1705.0,1705.0,141600
2026-02-27 09:35:00,1705.0,1710.0,1705.0,1705.0,348900
2026-02-27 09:40:00,1710.0,1710.0,1695.0,1700.0,871900
2026-02-27 09:45:00,1700.0,1700.0,1690.0,1695.0,525600
2026-02-27 09:50:00,1700.0,1700.0,1695.0,1700.0,153800
2026-02-27 09:55:00,1700.0,1700.0,1695.0,1700.0,138000
2026-02-27 10:00:00,1695.0,1700.0,1695.0,1695.0,71100
2026-02-27 10:05:00,1700.0,1700.0,1695.0,1700.0,419600
2026-02-27 10:10:00,1700.0,1700.0,1695.0,1700.0,39900
2026-02-27 10:15:00,1700.0,1700.0,1695.0,1695.0,64000
2026-02-27 10:20:00,1695.0,1700.0,1695.0,1700.0,65900
2026-02-27 10:25:00,1700.0,1700.0,1695.0,1695.0,119900
2026-02-27 10:30:00,1700.0,1700.0,1695.0,1700.0,8800
2026-02-27 10:35:00,1700.0,1700.0,1695.0,1700.0,79700
2026-02-27 10:40:00,1695.0,1705.0,1695.0,1705.0,1981000
2026-02-27 10:45:00,1700.0,1705.0,1690.0,1690.0,1089200
2026-02-27 10:50:00,1690.0,1700.0,1690.0,1700.0,317000
2026-02-27 10:55:00,1695.0,1700.0,1695.0,1700.0,22100
2026-02-27 11:00:00,1700.0,1700.0,1695.0,1695.0,300300
2026-02-27 11:05:00,1695.0,1700.0,1695.0,1700.0,47200
2026-02-27 11:10:00,1700.0,1700.0,1695.0,1695.0,80300
2026-02-27 11:15:00,1695.0,1700.0,1695.0,1700.0,303500
2026-02-27 11:20:00,1700.0,1700.0,1690.0,1690.0,685800
2026-02-27 11:25:00,1690.0,1695.0,1690.0,1690.0,315400
2026-02-27 14:00:00,1690.0,1695.0,1690.0,1695.0,661500
2026-02-27 14:05:00,1690.0,1695.0,1690.0,1695.0,794200
2026-02-27 14:10:00,1695.0,1695.0,1690.0,1695.0,2117800
2026-02-27 14:15:00,1695.0,1695.0,1690.0,1690.0,359100
2026-02-27 14:20:00,1690.0,1700.0,1690.0,1700.0,1062100
2026-02-27 14:25:00,1700.0,1700.0,1690.0,1690.0,732300
2026-02-27 14:30:00,1690.0,1695.0,1685.0,1685.0,676200
2026-02-27 14:35:00,1685.0,1690.0,1685.0,1690.0,463800
2026-02-27 14:40:00,1690.0,1690.0,1685.0,1685.0,324900
2026-02-27 14:45:00,1690.0,1690.0,1685.0,1685.0,428400
2026-02-27 14:50:00,1690.0,1690.0,1685.0,1690.0,392300
2026-02-27 14:55:00,1690.0,1695.0,1685.0,1690.0,1225300
2026-02-27 15:00:00,1695.0,1695.0,1690.0,1690.0,634500
2026-02-27 15:05:00,1695.0,1695.0,1690.0,1690.0,639000
2026-02-27 15:10:00,1690.0,1690.0,1680.0,1680.0,1115200
2026-02-27 15:15:00,1680.0,1680.0,1675.0,1680.0,520300
2026-02-27 15:20:00,1680.0,1680.0,1675.0,1680.0,441100
2026-02-27 15:25:00,1680.0,1685.0,1675.0,1685.0,1395400
2026-02-27 15:30:00,1685.0,1690.0,1680.0,1685.0,978400
2026-02-27 15:35:00,1685.0,1685.0,1670.0,1675.0,1692800
2026-02-27 15:40:00,1675.0,1680.0,1670.0,1675.0,1525200
2026-02-27 15:45:00,1675.0,1680.0,1670.0,1670.0,1474900
2026-02-27 16:00:00,1670.0,1670.0,1670.0,1670.0,19793400
2026-02-27 16:05:00,1670.0,1670.0,1670.0,1670.0,17600
2026-02-27 16:10:00,1670.0,1670.0,1670.0,1670.0,12400
2026-03-02 09:00:00,1640.0,1645.0,1600.0,1615.0,0
2026-03-02 09:05:00,1610.0,1630.0,1610.0,1625.0,1587900
2026-03-02 09:10:00,1625.0,1630.0,1610.0,1615.0,1160600
2026-03-02 09:15:00,1610.0,1620.0,1605.0,1610.0,1195000
2026-03-02 09:20:00,1605.0,1615.0,1600.0,1610.0,921400
2026-03-02 09:25:00,1610.0,1615.0,1605.0,1615.0,232500
2026-03-02 09:30:00,1615.0,1620.0,1610.0,1620.0,872800
2026-03-02 09:35:00,1615.0,1620.0,1605.0,1615.0,975900
2026-03-02 09:40:00,1610.0,1615.0,1605.0,1610.0,106800
2026-03-02 09:45:00,1610.0,1620.0,1610.0,1610.0,412700
2026-03-02 09:50:00,1615.0,1615.0,1610.0,1610.0,693700
2026-03-02 09:55:00,1615.0,1615.0,1610.0,1610.0,129900
2026-03-02 10:00:00,1610.0,1615.0,1605.0,1605.0,242600
2026-03-02 10:05:00,1610.0,1610.0,1605.0,1605.0,112900
2026-03-02 10:10:00,1605.0,1615.0,1605.0,1615.0,970100
2026-03-02 10:15:00,1615.0,1625.0,1610.0,1620.0,1186200
2026-03-02 10:20:00,1625.0,1625.0,1615.0,1615.0,328500
2026-03-02 10:25:00,1615.0,1625.0,1615.0,1620.0,447800
2026-03-02 10:30:00,1625.0,1625.0,1620.0,1620.0,169200
2026-03-02 10:35:00,1620.0,1625.0,1620.0,1620.0,363100
2026-03-02 10:40:00,1625.0,1625.0,1620.0,1620.0,987800
2026-03-02 10:45:00,1620.0,1625.0,1620.0,1620.0,71700
2026-03-02 10:50:00,1620.0,1625.0,1620.0,1620.0,102800
2026-03-02 10:55:00,1620.0,1625.0,1620.0,1620.0,80200
2026-03-02 11:00:00,1620.0,1625.0,1620.0,1620.0,414000
2026-03-02 11:05:00,1620.0,1625.0,1620.0,1620.0,736800
2026-03-02 11:10:00,1620.0,1625.0,1615.0,1615.0,578000
2026-03-02 11:15:00,1620.0,1620.0,1615.0,1615.0,90100
2026-03-02 11:20:00,1615.0,1620.0,1615.0,1615.0,1334700
2026-03-02 11:25:00,1615.0,1625.0,1615.0,1625.0,1014600
2026-03-02 11:30:00,1625.0,1625.0,1620.0,1625.0,42200
2026-03-02 11:35:00,1625.0,1625.0,1620.0,1625.0,121900
2026-03-02 11:40:00,1620.0,1625.0,1620.0,1625.0,85900
2026-03-02 11:45:00,1625.0,1625.0,1620.0,1625.0,68100
2026-03-02 11:50:00,1625.0,1625.0,1620.0,1625.0,129800
2026-03-02 11:55:00,1620.0,1630.0,1620.0,1625.0,948900
2026-03-02 13:30:00,1630.0,1630.0,1620.0,1620.0,444400
2026-03-02 13:35:00,1620.0,1625.0,1620.0,1620.0,153100
2026-03-02 13:40:00,1620.0,1625.0,1620.0,1620.0,391400
2026-03-02 13:45:00,1620.0,1625.0,1615.0,1615.0,2210200
2026-03-02 13:50:00,1615.0,1625.0,1615.0,1625.0,1413500
2026-03-02 13:55:00,1625.0,1625.0,1620.0,1625.0,403200
2026-03-02 14:00:00,1620.0,1625.0,1615.0,1620.0,1695200
2026-03-02 14:05:00,1615.0,1620.0,1615.0,1620.0,1378900
2026-03-02 14:10:00,1620.0,1625.0,1615.0,1615.0,1397800
2026-03-02 14:15:00,1615.0,1620.0,1615.0,1615.0,124800
2026-03-02 14:20:00,1620.0,1620.0,1615.0,1615.0,248000
2026-03-02 14:25:00,1620.0,1620.0,1615.0,1620.0,397600
2026-03-02 14:30:00,1615.0,1620.0,1615.0,1620.0,951100
2026-03-02 14:35:00,1615.0,1620.0,1615.0,1620.0,404100
2026-03-02 14:40:00,1615.0,1620.0,1615.0,1615.0,246700
2026-03-02 14:45:00,1620.0,1620.0,1615.0,1615.0,318400
2026-03-02 14:50:00,1615.0,1620.0,1615.0,1615.0,376100
2026-03-02 14:55:00,1620.0,1625.0,1615.0,1620.0,5239800
2026-03-02 15:00:00,1620.0,1625.0,1620.0,1620.0,4074500
2026-03-02 15:05:00,1620.0,1620.0,1615.0,1620.0,629300
2026-03-02 15:10:00,1620.0,1620.0,1615.0,1615.0,489100
2026-03-02 15:15:00,1620.0,1620.0,1615.0,1615.0,429000
2026-03-02 15:20:00,1620.0,1625.0,1615.0,1625.0,1931300
2026-03-02 15:25:00,1625.0,1625.0,1620.0,1620.0,549700
2026-03-02 15:30:00,1620.0,1625.0,1615.0,1615.0,1369000
2026-03-02 15:35:00,1620.0,1620.0,1615.0,1615.0,548300
2026-03-02 15:40:00,1615.0,1620.0,1615.0,1615.0,748400
2026-03-02 15:45:00,1615.0,1615.0,1610.0,1615.0,2393100
2026-03-02 16:00:00,1600.0,1600.0,1600.0,1600.0,6617000
2026-03-02 16:05:00,1600.0,1600.0,1600.0,1600.0,53000
2026-03-02 16:10:00,1600.0,1600.0,1600.0,1600.0,48900
2026-03-03 09:00:00,1610.0,1645.0,1610.0,1630.0,0
2026-03-03 09:05:00,1630.0,1645.0,1625.0,1640.0,1571600
2026-03-03 09:10:00,1640.0,1645.0,1630.0,1635.0,1256100
2026-03-03 09:15:00,1630.0,1645.0,1630.0,1640.0,1960800
2026-03-03 09:20:00,1645.0,1645.0,1635.0,1635.0,502400
2026-03-03 09:25:00,1630.0,1635.0,1630.0,1630.0,74100
2026-03-03 09:30:00,1630.0,1635.0,1625.0,1630.0,578100
2026-03-03 09:35:00,1630.0,1630.0,1620.0,1620.0,947200
2026-03-03 09:40:00,1620.0,1625.0,1615.0,1620.0,812500
2026-03-03 09:45:00,1620.0,1625.0,1615.0,1620.0,231700
2026-03-03 09:50:00,1625.0,1630.0,1620.0,1630.0,304800
2026-03-03 09:55:00,1630.0,1630.0,1620.0,1620.0,244900
2026-03-03 10:00:00,1625.0,1625.0,1620.0,1625.0,241800
2026-03-03 10:05:00,1625.0,1625.0,1610.0,1615.0,766300
2026-03-03 10:10:00,1610.0,1615.0,1605.0,1610.0,790900
2026-03-03 10:15:00,1610.0,1610.0,1605.0,1605.0,754500
2026-03-03 10:20:00,1605.0,1615.0,1600.0,1610.0,756800
2026-03-03 10:25:00,1615.0,1615.0,1605.0,1610.0,209200
2026-03-03 10:30:00,1605.0,1610.0,1605.0,1610.0,32200
2026-03-03 10:35:00,1610.0,1610.0,1600.0,1605.0,1435800
2026-03-03 10:40:00,1610.0,1610.0,1605.0,1605.0,106100
2026-03-03 10:45:00,1605.0,1610.0,1600.0,1605.0,566900
2026-03-03 10:50:00,1605.0,1605.0,1600.0,1605.0,36900
2026-03-03 10:55:00,1605.0,1605.0,1600.0,1605.0,118300
2026-03-03 11:00:00,1600.0,1605.0,1600.0,1600.0,955400
2026-03-03 11:05:00,1605.0,1605.0,1600.0,1605.0,63100
2026-03-03 11:10:00,1600.0,1605.0,1600.0,1600.0,1905700
2026-03-03 11:15:00,1605.0,1605.0,1600.0,1600.0,29600
2026-03-03 11:20:00,1600.0,1605.0,1595.0,1600.0,2075500
2026-03-03 11:25:00,1600.0,1605.0,1600.0,1605.0,59600
2026-03-03 11:30:00,1605.0,1605.0,1600.0,1600.0,22600
2026-03-03 11:35:00,1605.0,1610.0,1600.0,1610.0,288300
2026-03-03 11:40:00,1610.0,1610.0,1605.0,1610.0,26500
2026-03-03 11:45:00,1610.0,1610.0,1610.0,1610.0,0
2026-03-03 11:50:00,1605.0,1610.0,1605.0,1605.0,258500
2026-03-03 11:55:00,1605.0,1610.0,1600.0,1605.0,439300
2026-03-03 13:30:00,1605.0,1615.0,1605.0,1610.0,679000
2026-03-03 13:35:00,1615.0,1615.0,1605.0,1610.0,863400
2026-03-03 13:40:00,1610.0,1615.0,1605.0,1610.0,1033400
2026-03-03 13:45:00,1610.0,1610.0,1605.0,1605.0,410400
2026-03-03 13:50:00,1605.0,1610.0,1605.0,1605.0,518100
2026-03-03 13:55:00,1605.0,1610.0,1605.0,1605.0,280000
2026-03-03 14:00:00,1605.0,1610.0,1600.0,1610.0,1014600
2026-03-03 14:05:00,1610.0,1610.0,1605.0,1605.0,5000
2026-03-03 14:10:00,1605.0,1610.0,1600.0,1605.0,744700
2026-03-03 14:15:00,1600.0,1610.0,1600.0,1605.0,738100
2026-03-03 14:20:00,1605.0,1610.0,1605.0,1605.0,372400
2026-03-03 14:25:00,1605.0,1610.0,1605.0,1605.0,437900
2026-03-03 14:30:00,1605.0,1625.0,1605.0,1625.0,2272000
2026-03-03 14:35:00,1625.0,1625.0,1620.0,1620.0,987000
2026-03-03 14:40:00,1620.0,1620.0,1610.0,1610.0,698800
2026-03-03 14:45:00,1610.0,1615.0,1610.0,1615.0,112300
2026-03-03 14:50:00,1615.0,1620.0,1610.0,1620.0,415400
2026-03-03 14:55:00,1620.0,1620.0,1615.0,1615.0,187300
2026-03-03 15:00:00,1615.0,1620.0,1610.0,1610.0,899400
2026-03-03 15:05:00,1610.0,1615.0,1605.0,1610.0,701800
2026-03-03 15:10:00,1605.0,1615.0,1605.0,1615.0,939800
2026-03-03 15:15:00,1615.0,1615.0,1605.0,1605.0,278300
2026-03-03 15:20:00,1605.0,1615.0,1605.0,1610.0,692800
2026-03-03 15:25:00,1610.0,1615.0,1605.0,1610.0,496200
2026-03-03 15:30:00,1605.0,1610.0,1605.0,1610.0,673600
2026-03-03 15:35:00,1605.0,1610.0,1605.0,1605.0,496800
2026-03-03 15:40:00,1610.0,1610.0,1600.0,1610.0,2900300
2026-03-03 15:45:00,1610.0,1615.0,1605.0,1615.0,803800
2026-03-03 16:00:00,1600.0,1600.0,1600.0,1600.0,4094100
2026-03-03 16:05:00,1600.0,1600.0,1600.0,1600.0,3500
2026-03-04 09:00:00,1605.0,1615.0,1605.0,1610.0,0
2026-03-04 09:05:00,1605.0,1610.0,1595.0,1600.0,1098800
2026-03-04 09:10:00,1600.0,1605.0,1595.0,1605.0,788400
2026-03-04 09:15:00,1605.0,1605.0,1590.0,1590.0,1493400
2026-03-04 09:20:00,1595.0,1595.0,1585.0,1590.0,946400
2026-03-04 09:25:00,1585.0,1590.0,1585.0,1590.0,357300
2026-03-04 09:30:00,1590.0,1595.0,1590.0,1595.0,178800
2026-03-04 09:35:00,1595.0,1600.0,1590.0,1595.0,489400
2026-03-04 09:40:00,1595.0,1595.0,1585.0,1590.0,414800
2026-03-04 09:45:00,1590.0,1590.0,1580.0,1585.0,971400
2026-03-04 09:50:00,1585.0,1585.0,1580.0,1580.0,390100
2026-03-04 09:55:00,1580.0,1585.0,1565.0,1565.0,1200900
2026-03-04 10:00:00,1565.0,1580.0,1560.0,1575.0,995100
2026-03-04 10:05:00,1575.0,1580.0,1560.0,1560.0,794600
2026-03-04 10:10:00,1565.0,1565.0,1555.0,1555.0,652400
2026-03-04 10:15:00,1555.0,1565.0,1555.0,1560.0,272300
2026-03-04 10:20:00,1555.0,1560.0,1545.0,1545.0,1979800
2026-03-04 10:25:00,1545.0,1555.0,1540.0,1550.0,1270800
2026-03-04 10:30:00,1550.0,1565.0,1550.0,1555.0,1488000
2026-03-04 10:35:00,1555.0,1555.0,1550.0,1550.0,139600
2026-03-04 10:40:00,1555.0,1560.0,1550.0,1560.0,575700
2026-03-04 10:45:00,1560.0,1560.0,1555.0,1560.0,185500
2026-03-04 10:50:00,1560.0,1560.0,1550.0,1550.0,913300
2026-03-04 10:55:00,1550.0,1555.0,1545.0,1545.0,394100
2026-03-04 11:00:00,1540.0,1545.0,1530.0,1530.0,741200
2026-03-04 11:05:00,1530.0,1540.0,1530.0,1535.0,582100
2026-03-04 11:10:00,1540.0,1545.0,1535.0,1540.0,758400
2026-03-04 11:15:00,1540.0,1540.0,1535.0,1540.0,218600
2026-03-04 11:20:00,1535.0,1540.0,1535.0,1535.0,244700
2026-03-04 11:25:00,1540.0,1540.0,1530.0,1530.0,479300
2026-03-04 11:30:00,1530.0,1535.0,1530.0,1530.0,110300
2026-03-04 11:35:00,1535.0,1535.0,1525.0,1525.0,684400
2026-03-04 11:40:00,1525.0,1530.0,1520.0,1520.0,227400
2026-03-04 11:45:00,1520.0,1525.0,1515.0,1525.0,564400
2026-03-04 11:50:00,1520.0,1525.0,1520.0,1525.0,171600
2026-03-04 11:55:00,1525.0,1525.0,1515.0,1515.0,514600
2026-03-04 13:30:00,1520.0,1535.0,1515.0,1520.0,1942200
2026-03-04 13:35:00,1525.0,1525.0,1515.0,1520.0,1373900
2026-03-04 13:40:00,1520.0,1520.0,1515.0,1520.0,468600
2026-03-04 13:45:00,1515.0,1520.0,1515.0,1520.0,992200
2026-03-04 13:50:00,1520.0,1525.0,1515.0,1515.0,981900
2026-03-04 13:55:00,1515.0,1520.0,1515.0,1515.0,811600
2026-03-04 14:00:00,1515.0,1520.0,1515.0,1515.0,491400
2026-03-04 14:05:00,1515.0,1520.0,1515.0,1515.0,826700
2026-03-04 14:10:00,1515.0,1525.0,1515.0,1520.0,1216900
2026-03-04 14:15:00,1520.0,1520.0,1515.0,1515.0,437000
2026-03-04 14:20:00,1515.0,1520.0,1515.0,1515.0,649800
2026-03-04 14:25:00,1515.0,1530.0,1515.0,1530.0,1034800
2026-03-04 14:30:00,1530.0,1530.0,1525.0,1525.0,298400
2026-03-04 14:35:00,1525.0,1535.0,1525.0,1535.0,940500
2026-03-04 14:40:00,1535.0,1540.0,1530.0,1540.0,416700
2026-03-04 14:45:00,1535.0,1545.0,1535.0,1545.0,504100
2026-03-04 14:50:00,1545.0,1545.0,1540.0,1540.0,1066100
2026-03-04 14:55:00,1545.0,1545.0,1540.0,1540.0,376200
2026-03-04 15:00:00,1540.0,1540.0,1525.0,1530.0,2938700
2026-03-04 15:05:00,1535.0,1535.0,1530.0,1530.0,1157400
2026-03-04 15:10:00,1530.0,1540.0,1530.0,1530.0,1118500
2026-03-04 15:15:00,1530.0,1535.0,1530.0,1530.0,1624000
2026-03-04 15:20:00,1530.0,1535.0,1525.0,1535.0,1556800
2026-03-04 15:25:00,1530.0,1535.0,1525.0,1530.0,4204100
2026-03-04 15:30:00,1530.0,1530.0,1520.0,1520.0,2376100
2026-03-04 15:35:00,1520.0,1525.0,1515.0,1515.0,2976200
2026-03-04 15:40:00,1515.0,1520.0,1515.0,1515.0,3100900
2026-03-04 15:45:00,1515.0,1535.0,1515.0,1530.0,4570900
2026-03-04 16:00:00,1550.0,1550.0,1550.0,1550.0,6424900
2026-03-04 16:05:00,1550.0,1550.0,1550.0,1550.0,12500
2026-03-04 16:10:00,1550.0,1550.0,1550.0,1550.0,54400
2026-03-05 09:00:00,1590.0,1635.0,1590.0,1630.0,0
2026-03-05 09:05:00,1630.0,1635.0,1610.0,1615.0,1024600
2026-03-05 09:10:00,1620.0,1630.0,1620.0,1620.0,702400
2026-03-05 09:15:00,1625.0,1640.0,1625.0,1625.0,1453500
2026-03-05 09:20:00,1625.0,1625.0,1595.0,1600.0,1524300
2026-03-05 09:25:00,1600.0,1600.0,1590.0,1600.0,462600
2026-03-05 09:30:00,1600.0,1605.0,1595.0,1595.0,612300
2026-03-05 09:35:00,1600.0,1600.0,1595.0,1600.0,57100
2026-03-05 09:40:00,1595.0,1600.0,1595.0,1595.0,451300
2026-03-05 09:45:00,1595.0,1600.0,1590.0,1595.0,366700
2026-03-05 09:50:00,1595.0,1595.0,1585.0,1590.0,699600
2026-03-05 09:55:00,1585.0,1595.0,1585.0,1585.0,355100
2026-03-05 10:00:00,1590.0,1590.0,1585.0,1590.0,176300
2026-03-05 10:05:00,1590.0,1590.0,1585.0,1590.0,103800
2026-03-05 10:10:00,1590.0,1595.0,1590.0,1595.0,460000
2026-03-05 10:15:00,1595.0,1600.0,1590.0,1595.0,453800
2026-03-05 10:20:00,1595.0,1595.0,1590.0,1590.0,313000
2026-03-05 10:25:00,1590.0,1590.0,1585.0,1590.0,53000
2026-03-05 10:30:00,1590.0,1590.0,1580.0,1585.0,481100
2026-03-05 10:35:00,1580.0,1585.0,1580.0,1585.0,183500
2026-03-05 10:40:00,1580.0,1590.0,1580.0,1585.0,277200
2026-03-05 10:45:00,1585.0,1595.0,1585.0,1595.0,799100
2026-03-05 10:50:00,1595.0,1600.0,1590.0,1590.0,926000
2026-03-05 10:55:00,1590.0,1590.0,1585.0,1590.0,105100
2026-03-05 11:00:00,1585.0,1590.0,1585.0,1590.0,237700
2026-03-05 11:05:00,1590.0,1590.0,1590.0,1590.0,13100
2026-03-05 11:10:00,1585.0,1590.0,1585.0,1590.0,286600
2026-03-05 11:15:00,1590.0,1590.0,1590.0,1590.0,494100
2026-03-05 11:20:00,1595.0,1595.0,1590.0,1595.0,338700
2026-03-05 11:25:00,1595.0,1595.0,1590.0,1595.0,260900
2026-03-05 11:30:00,1595.0,1595.0,1590.0,1595.0,57900
2026-03-05 11:35:00,1595.0,1595.0,1590.0,1595.0,44900
2026-03-05 11:40:00,1590.0,1595.0,1590.0,1595.0,77400
2026-03-05 11:45:00,1595.0,1600.0,1590.0,1595.0,1193200
2026-03-05 11:50:00,1595.0,1595.0,1590.0,1590.0,43900
2026-03-05 11:55:00,1590.0,1595.0,1590.0,1595.0,10500
2026-03-05 13:30:00,1595.0,1595.0,1585.0,1585.0,1077200
2026-03-05 13:35:00,1590.0,1590.0,1585.0,1585.0,25700
2026-03-05 13:40:00,1585.0,1590.0,1585.0,1585.0,188400
2026-03-05 13:45:00,1590.0,1590.0,1585.0,1590.0,27600
2026-03-05 13:50:00,1590.0,1590.0,1585.0,1585.0,131100
2026-03-05 13:55:00,1590.0,1590.0,1585.0,1590.0,88300
2026-03-05 14:00:00,1590.0,1590.0,1585.0,1590.0,110400
2026-03-05 14:05:00,1585.0,1590.0,1585.0,1590.0,46600
2026-03-05 14:10:00,1585.0,1590.0,1585.0,1585.0,111900
2026-03-05 14:15:00,1585.0,1595.0,1585.0,1595.0,1296900
2026-03-05 14:20:00,1595.0,1595.0,1585.0,1585.0,1745100
2026-03-05 14:25:00,1585.0,1585.0,1580.0,1580.0,222600
2026-03-05 14:30:00,1580.0,1585.0,1580.0,1585.0,38900
2026-03-05 14:35:00,1580.0,1585.0,1580.0,1585.0,21600
2026-03-05 14:40:00,1585.0,1585.0,1580.0,1580.0,115100
2026-03-05 14:45:00,1580.0,1585.0,1580.0,1585.0,30200
2026-03-05 14:50:00,1580.0,1585.0,1560.0,1560.0,2133700
2026-03-05 14:55:00,1560.0,1570.0,1560.0,1570.0,1887900
2026-03-05 15:00:00,1570.0,1570.0,1555.0,1560.0,330500
2026-03-05 15:05:00,1555.0,1560.0,1555.0,1555.0,920000
2026-03-05 15:10:00,1560.0,1560.0,1555.0,1555.0,761200
2026-03-05 15:15:00,1555.0,1560.0,1555.0,1555.0,235200
2026-03-05 15:20:00,1555.0,1560.0,1550.0,1560.0,150300
2026-03-05 15:25:00,1560.0,1560.0,1555.0,1555.0,164500
2026-03-05 15:30:00,1555.0,1560.0,1550.0,1555.0,852000
2026-03-05 15:35:00,1555.0,1560.0,1555.0,1555.0,294500
2026-03-05 15:40:00,1555.0,1555.0,1550.0,1550.0,625100
2026-03-05 15:45:00,1555.0,1555.0,1545.0,1545.0,2117500
2026-03-05 16:00:00,1555.0,1555.0,1555.0,1555.0,1607200
2026-03-05 16:10:00,1555.0,1555.0,1555.0,1555.0,210800
2026-03-06 09:00:00,1540.0,1540.0,1515.0,1530.0,0
2026-03-06 09:05:00,1530.0,1535.0,1525.0,1530.0,189600
2026-03-06 09:10:00,1530.0,1535.0,1525.0,1525.0,391300
2026-03-06 09:15:00,1525.0,1530.0,1525.0,1525.0,259500
2026-03-06 09:20:00,1525.0,1530.0,1520.0,1525.0,242000
2026-03-06 09:25:00,1520.0,1525.0,1520.0,1520.0,250900
2026-03-06 09:30:00,1520.0,1525.0,1515.0,1520.0,33400
2026-03-06 09:35:00,1520.0,1520.0,1515.0,1520.0,87100
2026-03-06 09:40:00,1520.0,1520.0,1515.0,1515.0,389100
2026-03-06 09:45:00,1515.0,1520.0,1515.0,1520.0,179100
2026-03-06 09:50:00,1520.0,1520.0,1515.0,1520.0,280400
2026-03-06 09:55:00,1520.0,1520.0,1515.0,1515.0,6100
2026-03-06 10:00:00,1515.0,1520.0,1510.0,1515.0,417300
2026-03-06 10:05:00,1515.0,1515.0,1510.0,1510.0,131300
2026-03-06 10:10:00,1515.0,1515.0,1510.0,1515.0,296800
2026-03-06 10:15:00,1515.0,1515.0,1510.0,1510.0,115200
2026-03-06 10:20:00,1515.0,1515.0,1505.0,1505.0,585100
2026-03-06 10:25:00,1505.0,1510.0,1505.0,1510.0,88100
2026-03-06 10:30:00,1505.0,1510.0,1505.0,1505.0,180300
2026-03-06 10:35:00,1510.0,1510.0,1505.0,1505.0,202300
2026-03-06 10:40:00,1505.0,1510.0,1505.0,1510.0,264000
2026-03-06 10:45:00,1510.0,1510.0,1505.0,1505.0,74400
2026-03-06 10:50:00,1505.0,1510.0,1505.0,1510.0,266200
2026-03-06 10:55:00,1510.0,1510.0,1505.0,1505.0,140900
2026-03-06 11:00:00,1505.0,1510.0,1505.0,1510.0,146200
2026-03-06 11:05:00,1510.0,1510.0,1505.0,1505.0,155200
2026-03-06 11:10:00,1510.0,1510.0,1505.0,1505.0,135600
2026-03-06 11:15:00,1505.0,1510.0,1500.0,1500.0,965300
2026-03-06 11:20:00,1500.0,1500.0,1450.0,1470.0,8208700
2026-03-06 11:25:00,1470.0,1470.0,1460.0,1470.0,620600
2026-03-06 14:00:00,1470.0,1475.0,1460.0,1465.0,2687200
2026-03-06 14:05:00,1460.0,1470.0,1455.0,1470.0,1038200
2026-03-06 14:10:00,1470.0,1490.0,1465.0,1480.0,1663500
2026-03-06 14:15:00,1485.0,1490.0,1480.0,1485.0,2077600
2026-03-06 14:20:00,1485.0,1490.0,1480.0,1480.0,1506300
2026-03-06 14:25:00,1485.0,1485.0,1480.0,1485.0,487900
2026-03-06 14:30:00,1485.0,1490.0,1485.0,1490.0,1115300
2026-03-06 14:35:00,1490.0,1490.0,1485.0,1490.0,85000
2026-03-06 14:40:00,1485.0,1495.0,1485.0,1490.0,992500
2026-03-06 14:45:00,1490.0,1495.0,1485.0,1490.0,553800
2026-03-06 14:50:00,1490.0,1490.0,1485.0,1485.0,1293900
2026-03-06 14:55:00,1485.0,1495.0,1485.0,1495.0,1410500
2026-03-06 15:00:00,1495.0,1495.0,1490.0,1495.0,27300
2026-03-06 15:05:00,1490.0,1505.0,1490.0,1500.0,1366100
2026-03-06 15:10:00,1500.0,1510.0,1500.0,1510.0,486500
2026-03-06 15:15:00,1510.0,1510.0,1500.0,1500.0,1941800
2026-03-06 15:20:00,1500.0,1505.0,1495.0,1500.0,1100600
2026-03-06 15:25:00,1500.0,1500.0,1495.0,1500.0,71400
2026-03-06 15:30:00,1500.0,1505.0,1500.0,1505.0,663700
2026-03-06 15:35:00,1505.0,1515.0,1505.0,1515.0,1255200
2026-03-06 15:40:00,1510.0,1525.0,1505.0,1525.0,2481400
2026-03-06 15:45:00,1520.0,1525.0,1520.0,1525.0,1497100
2026-03-06 16:00:00,1520.0,1520.0,1520.0,1520.0,2590500
2026-03-06 16:05:00,1520.0,1520.0,1520.0,1520.0,25500
2026-03-06 16:10:00,1520.0,1520.0,1520.0,1520.0,26500
2026-03-09 09:00:00,1435.0,1450.0,1410.0,1430.0,0
2026-03-09 09:05:00,1430.0,1435.0,1405.0,1425.0,1052300
2026-03-09 09:10:00,1420.0,1430.0,1415.0,1430.0,651500
2026-03-09 09:15:00,1430.0,1445.0,1430.0,1445.0,657800
2026-03-09 09:20:00,1445.0,1450.0,1420.0,1440.0,1318700
2026-03-09 09:25:00,1440.0,1440.0,1425.0,1430.0,343700
2026-03-09 09:30:00,1430.0,1430.0,1420.0,1430.0,266900
2026-03-09 09:35:00,1430.0,1430.0,1420.0,1425.0,813300
2026-03-09 09:40:00,1430.0,1435.0,1420.0,1425.0,555000
2026-03-09 09:45:00,1425.0,1435.0,1425.0,1430.0,272400
2026-03-09 09:50:00,1430.0,1435.0,1420.0,1435.0,459900
2026-03-09 09:55:00,1430.0,1440.0,1430.0,1435.0,539400
2026-03-09 10:00:00,1435.0,1440.0,1425.0,1425.0,192400
2026-03-09 10:05:00,1430.0,1430.0,1425.0,1425.0,68600
2026-03-09 10:10:00,1425.0,1430.0,1420.0,1420.0,259700
2026-03-09 10:15:00,1420.0,1425.0,1415.0,1415.0,438200
2026-03-09 10:20:00,1415.0,1420.0,1415.0,1415.0,111400
2026-03-09 10:25:00,1420.0,1420.0,1415.0,1420.0,81700
2026-03-09 10:30:00,1420.0,1420.0,1410.0,1415.0,433500
2026-03-09 10:35:00,1415.0,1415.0,1410.0,1410.0,210300
2026-03-09 10:40:00,1410.0,1420.0,1410.0,1415.0,1330900
2026-03-09 10:45:00,1415.0,1425.0,1410.0,1415.0,255200
2026-03-09 10:50:00,1420.0,1420.0,1415.0,1420.0,45000
2026-03-09 10:55:00,1420.0,1420.0,1415.0,1415.0,58800
2026-03-09 11:00:00,1420.0,1420.0,1405.0,1410.0,1128800
2026-03-09 11:05:00,1410.0,1420.0,1410.0,1415.0,181300
2026-03-09 11:10:00,1420.0,1425.0,1415.0,1415.0,115300
2026-03-09 11:15:00,1420.0,1425.0,1415.0,1420.0,363600
2026-03-09 11:20:00,1425.0,1425.0,1420.0,1425.0,73200
2026-03-09 11:25:00,1425.0,1430.0,1420.0,1425.0,212500
2026-03-09 11:30:00,1425.0,1430.0,1425.0,1430.0,47100
2026-03-09 11:35:00,1430.0,1430.0,1425.0,1430.0,215600
2026-03-09 11:40:00,1430.0,1430.0,1420.0,1425.0,274600
2026-03-09 11:45:00,1420.0,1425.0,1420.0,1420.0,26900
2026-03-09 11:50:00,1425.0,1425.0,1420.0,1425.0,23800
2026-03-09 11:55:00,1425.0,1425.0,1420.0,1420.0,184300
2026-03-09 13:30:00,1425.0,1455.0,1420.0,1440.0,2278200
2026-03-09 13:35:00,1435.0,1445.0,1435.0,1445.0,432800
2026-03-09 13:40:00,1440.0,1445.0,1440.0,1445.0,133000
2026-03-09 13:45:00,1445.0,1445.0,1440.0,1445.0,66600
2026-03-09 13:50:00,1440.0,1440.0,1435.0,1440.0,418800
2026-03-09 13:55:00,1440.0,1440.0,1435.0,1435.0,100800
2026-03-09 14:00:00,1440.0,1440.0,1430.0,1430.0,114600
2026-03-09 14:05:00,1430.0,1435.0,1425.0,1430.0,45100
2026-03-09 14:10:00,1425.0,1435.0,1425.0,1430.0,466600
2026-03-09 14:15:00,1435.0,1435.0,1425.0,1430.0,510600
2026-03-09 14:20:00,1430.0,1430.0,1425.0,1425.0,99900
2026-03-09 14:25:00,1425.0,1440.0,1425.0,1435.0,584300
2026-03-09 14:30:00,1435.0,1445.0,1420.0,1445.0,1602500
2026-03-09 14:35:00,1445.0,1450.0,1440.0,1450.0,641400
2026-03-09 14:40:00,1450.0,1450.0,1440.0,1450.0,543700
2026-03-09 14:45:00,1450.0,1450.0,1450.0,1450.0,150200
2026-03-09 14:50:00,1450.0,1455.0,1450.0,1455.0,20100
2026-03-09 14:55:00,1455.0,1460.0,1455.0,1455.0,438500
2026-03-09 15:00:00,1455.0,1455.0,1445.0,1450.0,326800
2026-03-09 15:05:00,1445.0,1445.0,1440.0,1445.0,165300
2026-03-09 15:10:00,1440.0,1440.0,1435.0,1440.0,136900
2026-03-09 15:15:00,1440.0,1440.0,1430.0,1435.0,56800
2026-03-09 15:20:00,1435.0,1440.0,1430.0,1435.0,315000
2026-03-09 15:25:00,1435.0,1440.0,1430.0,1435.0,370300
2026-03-09 15:30:00,1430.0,1440.0,1430.0,1435.0,681200
2026-03-09 15:35:00,1435.0,1440.0,1435.0,1435.0,326600
2026-03-09 15:40:00,1430.0,1435.0,1425.0,1430.0,319800
2026-03-09 15:45:00,1430.0,1440.0,1430.0,1430.0,494700
2026-03-09 16:00:00,1435.0,1435.0,1435.0,1435.0,1024100
2026-03-09 16:05:00,1435.0,1435.0,1435.0,1435.0,67400
2026-03-09 16:10:00,1435.0,1435.0,1435.0,1435.0,0
2026-03-10 09:00:00,1460.0,1480.0,1460.0,1475.0,0
2026-03-10 09:05:00,1475.0,1475.0,1460.0,1460.0,464800
2026-03-10 09:10:00,1460.0,1465.0,1455.0,1460.0,100900
2026-03-10 09:15:00,1465.0,1465.0,1460.0,1465.0,98200
2026-03-10 09:20:00,1460.0,1465.0,1455.0,1460.0,110700
2026-03-10 09:25:00,1460.0,1460.0,1455.0,1455.0,799500
2026-03-10 09:30:00,1455.0,1455.0,1435.0,1435.0,972900
2026-03-10 09:35:00,1435.0,1450.0,1435.0,1445.0,247400
2026-03-10 09:40:00,1440.0,1450.0,1440.0,1445.0,273700
2026-03-10 09:45:00,1440.0,1450.0,1440.0,1445.0,55100
2026-03-10 09:50:00,1450.0,1450.0,1445.0,1445.0,12000
2026-03-10 09:55:00,1445.0,1450.0,1445.0,1445.0,95000
2026-03-10 10:00:00,1445.0,1450.0,1445.0,1445.0,259600
2026-03-10 10:05:00,1450.0,1455.0,1445.0,1450.0,617400
2026-03-10 10:10:00,1445.0,1450.0,1445.0,1445.0,124800
2026-03-10 10:15:00,1445.0,1450.0,1445.0,1450.0,7600
2026-03-10 10:20:00,1450.0,1450.0,1445.0,1445.0,38100
2026-03-10 10:25:00,1445.0,1450.0,1445.0,1445.0,88800
2026-03-10 10:30:00,1445.0,1450.0,1445.0,1445.0,24000
2026-03-10 10:35:00,1445.0,1450.0,1445.0,1445.0,56000
2026-03-10 10:40:00,1450.0,1450.0,1445.0,1445.0,36200
2026-03-10 10:45:00,1445.0,1465.0,1445.0,1465.0,725700
2026-03-10 10:50:00,1465.0,1470.0,1460.0,1470.0,1085500
2026-03-10 10:55:00,1470.0,1470.0,1465.0,1465.0,80700
2026-03-10 11:00:00,1465.0,1465.0,1460.0,1460.0,32500
2026-03-10 11:05:00,1460.0,1460.0,1455.0,1460.0,164200
2026-03-10 11:10:00,1460.0,1460.0,1455.0,1455.0,136000
2026-03-10 11:15:00,1455.0,1460.0,1455.0,1455.0,129000
2026-03-10 11:20:00,1455.0,1455.0,1450.0,1450.0,21100
2026-03-10 11:25:00,1450.0,1455.0,1450.0,1455.0,41400
2026-03-10 11:30:00,1455.0,1455.0,1450.0,1450.0,30500
2026-03-10 11:35:00,1455.0,1455.0,1440.0,1440.0,730300
2026-03-10 11:40:00,1440.0,1440.0,1435.0,1435.0,474400
2026-03-10 11:45:00,1435.0,1440.0,1435.0,1435.0,24300
2026-03-10 11:50:00,1435.0,1445.0,1435.0,1445.0,129500
2026-03-10 11:55:00,1440.0,1450.0,1440.0,1445.0,262900
2026-03-10 13:30:00,1445.0,1445.0,1440.0,1440.0,268700
2026-03-10 13:35:00,1445.0,1450.0,1440.0,1440.0,619800
2026-03-10 13:40:00,1445.0,1445.0,1440.0,1440.0,16900
2026-03-10 13:45:00,1440.0,1440.0,1440.0,1440.0,14900
2026-03-10 13:50:00,1440.0,1445.0,1440.0,1445.0,80200
2026-03-10 13:55:00,1440.0,1445.0,1440.0,1440.0,79800
2026-03-10 14:00:00,1440.0,1445.0,1435.0,1435.0,245200
2026-03-10 14:05:00,1435.0,1440.0,1435.0,1435.0,40800
2026-03-10 14:10:00,1440.0,1440.0,1435.0,1435.0,48600
2026-03-10 14:15:00,1435.0,1440.0,1435.0,1440.0,96500
2026-03-10 14:20:00,1435.0,1440.0,1435.0,1440.0,50200
2026-03-10 14:25:00,1435.0,1440.0,1435.0,1435.0,44800
2026-03-10 14:30:00,1435.0,1440.0,1435.0,1435.0,108000
2026-03-10 14:35:00,1440.0,1440.0,1435.0,1435.0,56100
2026-03-10 14:40:00,1435.0,1440.0,1435.0,1440.0,254400
2026-03-10 14:45:00,1435.0,1445.0,1435.0,1445.0,1145300
2026-03-10 14:50:00,1450.0,1450.0,1440.0,1440.0,433000
2026-03-10 14:55:00,1440.0,1445.0,1435.0,1445.0,650300
2026-03-10 15:00:00,1445.0,1450.0,1445.0,1445.0,200900
2026-03-10 15:05:00,1450.0,1450.0,1445.0,1445.0,709200
2026-03-10 15:10:00,1445.0,1450.0,1440.0,1445.0,265300
2026-03-10 15:15:00,1440.0,1445.0,1440.0,1440.0,820300
2026-03-10 15:20:00,1445.0,1445.0,1440.0,1445.0,30000
2026-03-10 15:25:00,1440.0,1445.0,1440.0,1440.0,14000
2026-03-10 15:30:00,1445.0,1445.0,1440.0,1440.0,166200
2026-03-10 15:35:00,1445.0,1445.0,1435.0,1440.0,1109900
2026-03-10 15:40:00,1440.0,1445.0,1440.0,1445.0,284400
2026-03-10 15:45:00,1440.0,1445.0,1435.0,1445.0,1822200
2026-03-10 16:00:00,1435.0,1435.0,1435.0,1435.0,2602900
2026-03-10 16:05:00,1435.0,1435.0,1435.0,1435.0,27100
2026-03-10 16:10:00,1435.0,1435.0,1435.0,1435.0,30600
2026-03-11 09:00:00,1445.0,1455.0,1425.0,1440.0,0
2026-03-11 09:05:00,1445.0,1460.0,1440.0,1460.0,703200
2026-03-11 09:10:00,1460.0,1465.0,1450.0,1450.0,610900
2026-03-11 09:15:00,1450.0,1455.0,1445.0,1450.0,159900
2026-03-11 09:20:00,1450.0,1460.0,1450.0,1455.0,410900
2026-03-11 09:25:00,1455.0,1460.0,1455.0,1455.0,116000
2026-03-11 09:30:00,1455.0,1455.0,1450.0,1455.0,135400
2026-03-11 09:35:00,1455.0,1455.0,1450.0,1455.0,148400
2026-03-11 09:40:00,1455.0,1455.0,1450.0,1450.0,627800
2026-03-11 09:45:00,1445.0,1450.0,1445.0,1450.0,68200
2026-03-11 09:50:00,1450.0,1450.0,1440.0,1440.0,584300
2026-03-11 09:55:00,1440.0,1440.0,1430.0,1430.0,445100
2026-03-11 10:00:00,1435.0,1440.0,1430.0,1440.0,44000
2026-03-11 10:05:00,1440.0,1445.0,1440.0,1445.0,263800
2026-03-11 10:10:00,1445.0,1450.0,1445.0,1450.0,322600
2026-03-11 10:15:00,1450.0,1455.0,1445.0,1450.0,358000
2026-03-11 10:20:00,1450.0,1455.0,1450.0,1455.0,96500
2026-03-11 10:25:00,1455.0,1455.0,1450.0,1455.0,78400
2026-03-11 10:30:00,1455.0,1455.0,1450.0,1450.0,215300
2026-03-11 10:35:00,1455.0,1455.0,1450.0,1450.0,159800
2026-03-11 10:40:00,1455.0,1455.0,1445.0,1450.0,193100
2026-03-11 10:45:00,1450.0,1450.0,1445.0,1450.0,57900
2026-03-11 10:50:00,1450.0,1455.0,1445.0,1455.0,193400
2026-03-11 10:55:00,1455.0,1455.0,1440.0,1440.0,553400
2026-03-11 11:00:00,1440.0,1440.0,1430.0,1435.0,723800
2026-03-11 11:05:00,1435.0,1435.0,1430.0,1430.0,120800
2026-03-11 11:10:00,1435.0,1435.0,1430.0,1430.0,91300
2026-03-11 11:15:00,1430.0,1435.0,1430.0,1435.0,62900
2026-03-11 11:20:00,1435.0,1440.0,1435.0,1435.0,724700
2026-03-11 11:25:00,1435.0,1435.0,1430.0,1435.0,30900
2026-03-11 11:30:00,1430.0,1435.0,1430.0,1435.0,340900
2026-03-11 11:35:00,1435.0,1435.0,1425.0,1425.0,203000
2026-03-11 11:40:00,1430.0,1430.0,1425.0,1430.0,176200
2026-03-11 11:45:00,1425.0,1430.0,1415.0,1415.0,800700
2026-03-11 11:50:00,1420.0,1430.0,1415.0,1425.0,401900
2026-03-11 11:55:00,1425.0,1425.0,1415.0,1420.0,606600
2026-03-11 13:30:00,1420.0,1430.0,1420.0,1430.0,190400
2026-03-11 13:35:00,1430.0,1430.0,1420.0,1420.0,404200
2026-03-11 13:40:00,1420.0,1425.0,1420.0,1425.0,46700
2026-03-11 13:45:00,1425.0,1425.0,1420.0,1420.0,1312600
2026-03-11 13:50:00,1425.0,1425.0,1415.0,1415.0,304300
2026-03-11 13:55:00,1415.0,1420.0,1415.0,1420.0,263900
2026-03-11 14:00:00,1420.0,1420.0,1415.0,1415.0,188900
2026-03-11 14:05:00,1420.0,1420.0,1415.0,1415.0,612000
2026-03-11 14:10:00,1415.0,1425.0,1415.0,1425.0,1132100
2026-03-11 14:15:00,1425.0,1425.0,1420.0,1425.0,43900
2026-03-11 14:20:00,1425.0,1425.0,1420.0,1425.0,148400
2026-03-11 14:25:00,1425.0,1425.0,1410.0,1415.0,876000
2026-03-11 14:30:00,1415.0,1420.0,1415.0,1415.0,74100
2026-03-11 14:35:00,1415.0,1420.0,1415.0,1420.0,145100
2026-03-11 14:40:00,1420.0,1430.0,1420.0,1425.0,591100
2026-03-11 14:45:00,1430.0,1430.0,1420.0,1420.0,332700
2026-03-11 14:50:00,1425.0,1425.0,1420.0,1420.0,168200
2026-03-11 14:55:00,1420.0,1425.0,1420.0,1425.0,84600
2026-03-11 15:00:00,1420.0,1425.0,1420.0,1420.0,258800
2026-03-11 15:05:00,1425.0,1425.0,1420.0,1420.0,334000
2026-03-11 15:10:00,1425.0,1425.0,1420.0,1420.0,221600
2026-03-11 15:15:00,1420.0,1425.0,1420.0,1420.0,438900
2026-03-11 15:20:00,1420.0,1425.0,1420.0,1420.0,525400
2026-03-11 15:25:00,1420.0,1425.0,1420.0,1420.0,415700
2026-03-11 15:30:00,1420.0,1425.0,1420.0,1425.0,368700
2026-03-11 15:35:00,1425.0,1425.0,1420.0,1420.0,459800
2026-03-11 15:40:00,1425.0,1425.0,1420.0,1420.0,736900
2026-03-11 15:45:00,1420.0,1440.0,1420.0,1435.0,1102400
2026-03-11 16:00:00,1440.0,1440.0,1440.0,1440.0,1803900
2026-03-11 16:05:00,1440.0,1440.0,1440.0,1440.0,0
2026-03-11 16:10:00,1440.0,1440.0,1440.0,1440.0,3800
2026-03-12 09:00:00,1440.0,1440.0,1430.0,1435.0,0
2026-03-12 09:05:00,1435.0,1440.0,1425.0,1430.0,99100
2026-03-12 09:10:00,1430.0,1430.0,1420.0,1425.0,155700
2026-03-12 09:15:00,1420.0,1430.0,1415.0,1415.0,222300
2026-03-12 09:20:00,1420.0,1425.0,1415.0,1425.0,54600
2026-03-12 09:25:00,1425.0,1425.0,1415.0,1415.0,211200
2026-03-12 09:30:00,1420.0,1420.0,1415.0,1420.0,24800
2026-03-12 09:35:00,1420.0,1425.0,1415.0,1425.0,54600
2026-03-12 09:40:00,1425.0,1425.0,1415.0,1420.0,147900
2026-03-12 09:45:00,1425.0,1425.0,1420.0,1420.0,32500
2026-03-12 09:50:00,1420.0,1430.0,1420.0,1430.0,46400
2026-03-12 09:55:00,1430.0,1430.0,1425.0,1425.0,60400
2026-03-12 10:00:00,1430.0,1440.0,1425.0,1435.0,156500
2026-03-12 10:05:00,1435.0,1435.0,1430.0,1435.0,39700
2026-03-12 10:10:00,1430.0,1435.0,1430.0,1435.0,21900
2026-03-12 10:15:00,1435.0,1450.0,1430.0,1445.0,427500
2026-03-12 10:20:00,1445.0,1450.0,1440.0,1445.0,298500
2026-03-12 10:25:00,1450.0,1450.0,1445.0,1445.0,82000
2026-03-12 10:30:00,1445.0,1450.0,1440.0,1445.0,92900
2026-03-12 10:35:00,1445.0,1455.0,1440.0,1455.0,378500
2026-03-12 10:40:00,1455.0,1455.0,1445.0,1445.0,316900
2026-03-12 10:45:00,1450.0,1460.0,1445.0,1455.0,283900
2026-03-12 10:50:00,1455.0,1455.0,1450.0,1455.0,519200
2026-03-12 10:55:00,1455.0,1460.0,1450.0,1460.0,259300
2026-03-12 11:00:00,1455.0,1460.0,1455.0,1460.0,66500
2026-03-12 11:05:00,1460.0,1470.0,1460.0,1465.0,668400
2026-03-12 11:10:00,1470.0,1475.0,1470.0,1470.0,305300
2026-03-12 11:15:00,1470.0,1475.0,1470.0,1475.0,156300
2026-03-12 11:20:00,1470.0,1475.0,1465.0,1470.0,201800
2026-03-12 11:25:00,1470.0,1475.0,1465.0,1475.0,108200
2026-03-12 11:30:00,1470.0,1475.0,1470.0,1475.0,153300
2026-03-12 11:35:00,1475.0,1475.0,1470.0,1470.0,95800
2026-03-12 11:40:00,1470.0,1475.0,1460.0,1460.0,415000
2026-03-12 11:45:00,1460.0,1465.0,1460.0,1465.0,152100
2026-03-12 11:50:00,1465.0,1465.0,1460.0,1465.0,79200
2026-03-12 11:55:00,1460.0,1465.0,1455.0,1460.0,347400
2026-03-12 13:30:00,1460.0,1465.0,1440.0,1445.0,1564300
2026-03-12 13:35:00,1445.0,1450.0,1440.0,1445.0,523500
2026-03-12 13:40:00,1440.0,1450.0,1440.0,1450.0,321800
2026-03-12 13:45:00,1450.0,1450.0,1445.0,1450.0,14000
2026-03-12 13:50:00,1445.0,1450.0,1445.0,1445.0,70500
2026-03-12 13:55:00,1450.0,1450.0,1445.0,1445.0,350400
2026-03-12 14:00:00,1445.0,1450.0,1445.0,1445.0,51700
2026-03-12 14:05:00,1450.0,1450.0,1445.0,1450.0,367200
2026-03-12 14:10:00,1450.0,1450.0,1435.0,1440.0,686600
2026-03-12 14:15:00,1440.0,1450.0,1440.0,1450.0,354600
2026-03-12 14:20:00,1450.0,1450.0,1445.0,1445.0,246600
2026-03-12 14:25:00,1450.0,1450.0,1440.0,1450.0,796300
2026-03-12 14:30:00,1445.0,1450.0,1445.0,1450.0,115400
2026-03-12 14:35:00,1450.0,1450.0,1445.0,1445.0,411100
2026-03-12 14:40:00,1450.0,1450.0,1445.0,1450.0,179700
2026-03-12 14:45:00,1450.0,1450.0,1445.0,1450.0,266500
2026-03-12 14:50:00,1450.0,1450.0,1445.0,1445.0,171200
2026-03-12 14:55:00,1445.0,1450.0,1445.0,1450.0,196300
2026-03-12 15:00:00,1450.0,1450.0,1445.0,1445.0,492100
2026-03-12 15:05:00,1445.0,1450.0,1445.0,1450.0,106100
2026-03-12 15:10:00,1450.0,1450.0,1445.0,1445.0,262300
2026-03-12 15:15:00,1445.0,1450.0,1440.0,1445.0,1911200
2026-03-12 15:20:00,1445.0,1445.0,1440.0,1445.0,153700
2026-03-12 15:25:00,1445.0,1445.0,1440.0,1445.0,193900
2026-03-12 15:30:00,1445.0,1445.0,1440.0,1440.0,216300
2026-03-12 15:35:00,1445.0,1445.0,1430.0,1435.0,941800
2026-03-12 15:40:00,1430.0,1435.0,1430.0,1435.0,943500
2026-03-12 15:45:00,1435.0,1450.0,1435.0,1440.0,812000
2026-03-12 16:00:00,1450.0,1450.0,1450.0,1450.0,3755600
2026-03-12 16:05:00,1450.0,1450.0,1450.0,1450.0,200
2026-03-12 16:10:00,1450.0,1450.0,1450.0,1450.0,423100
2026-03-13 09:00:00,1455.0,1470.0,1445.0,1460.0,0
2026-03-13 09:05:00,1460.0,1470.0,1455.0,1470.0,336000
2026-03-13 09:10:00,1470.0,1470.0,1465.0,1470.0,237600
2026-03-13 09:15:00,1465.0,1475.0,1460.0,1470.0,345400
2026-03-13 09:20:00,1470.0,1470.0,1465.0,1465.0,37100
2026-03-13 09:25:00,1465.0,1470.0,1460.0,1470.0,313600
2026-03-13 09:30:00,1470.0,1480.0,1465.0,1480.0,570500
2026-03-13 09:35:00,1480.0,1505.0,1475.0,1500.0,798600
2026-03-13 09:40:00,1500.0,1520.0,1495.0,1515.0,987600
2026-03-13 09:45:00,1510.0,1520.0,1495.0,1495.0,806800
2026-03-13 09:50:00,1495.0,1505.0,1490.0,1495.0,872700
2026-03-13 09:55:00,1500.0,1500.0,1485.0,1490.0,245800
2026-03-13 10:00:00,1490.0,1490.0,1485.0,1490.0,143100
2026-03-13 10:05:00,1490.0,1490.0,1465.0,1475.0,1435500
2026-03-13 10:10:00,1475.0,1475.0,1465.0,1470.0,346000
2026-03-13 10:15:00,1470.0,1475.0,1465.0,1470.0,245600
2026-03-13 10:20:00,1470.0,1475.0,1465.0,1470.0,168800
2026-03-13 10:25:00,1470.0,1470.0,1465.0,1470.0,96000
2026-03-13 10:30:00,1470.0,1475.0,1470.0,1470.0,290600
2026-03-13 10:35:00,1475.0,1475.0,1465.0,1470.0,227400
2026-03-13 10:40:00,1470.0,1470.0,1465.0,1470.0,143600
2026-03-13 10:45:00,1470.0,1475.0,1460.0,1465.0,819500
2026-03-13 10:50:00,1465.0,1465.0,1455.0,1455.0,344400
2026-03-13 10:55:00,1460.0,1460.0,1455.0,1455.0,63500
2026-03-13 11:00:00,1460.0,1470.0,1455.0,1465.0,686700
2026-03-13 11:05:00,1465.0,1480.0,1465.0,1480.0,372800
2026-03-13 11:10:00,1480.0,1480.0,1470.0,1475.0,175600
2026-03-13 11:15:00,1475.0,1475.0,1470.0,1475.0,70200
2026-03-13 11:20:00,1475.0,1475.0,1470.0,1475.0,31600
2026-03-13 11:25:00,1475.0,1475.0,1470.0,1475.0,142600
2026-03-13 14:00:00,1470.0,1475.0,1465.0,1470.0,822800
2026-03-13 14:05:00,1470.0,1480.0,1470.0,1470.0,544900
2026-03-13 14:10:00,1475.0,1480.0,1470.0,1470.0,758800
2026-03-13 14:15:00,1470.0,1480.0,1470.0,1480.0,256600
2026-03-13 14:20:00,1475.0,1480.0,1475.0,1480.0,140300
2026-03-13 14:25:00,1480.0,1480.0,1475.0,1480.0,286000
2026-03-13 14:30:00,1480.0,1480.0,1475.0,1480.0,182500
2026-03-13 14:35:00,1475.0,1480.0,1470.0,1475.0,663300
2026-03-13 14:40:00,1470.0,1480.0,1470.0,1475.0,1123800
2026-03-13 14:45:00,1475.0,1475.0,1465.0,1465.0,357000
2026-03-13 14:50:00,1470.0,1470.0,1460.0,1460.0,384200
2026-03-13 14:55:00,1460.0,1465.0,1460.0,1465.0,257900
2026-03-13 15:00:00,1465.0,1465.0,1460.0,1460.0,216700
2026-03-13 15:05:00,1465.0,1465.0,1460.0,1460.0,361700
2026-03-13 15:10:00,1460.0,1475.0,1460.0,1465.0,1550400
2026-03-13 15:15:00,1465.0,1470.0,1465.0,1465.0,411400
2026-03-13 15:20:00,1470.0,1470.0,1465.0,1470.0,152400
2026-03-13 15:25:00,1470.0,1470.0,1455.0,1465.0,456600
2026-03-13 15:30:00,1465.0,1470.0,1460.0,1470.0,458100
2026-03-13 15:35:00,1470.0,1470.0,1465.0,1470.0,281400
2026-03-13 15:40:00,1465.0,1470.0,1460.0,1460.0,654300
2026-03-13 15:45:00,1460.0,1475.0,1460.0,1465.0,913800
2026-03-13 16:00:00,1460.0,1460.0,1460.0,1460.0,3272800
2026-03-13 16:05:00,1460.0,1460.0,1460.0,1460.0,20900
2026-03-16 09:00:00,1465.0,1465.0,1385.0,1405.0,0
2026-03-16 09:05:00,1405.0,1405.0,1385.0,1395.0,1318400
2026-03-16 09:10:00,1395.0,1400.0,1375.0,1395.0,943900
2026-03-16 09:15:00,1400.0,1410.0,1390.0,1410.0,459500
2026-03-16 09:20:00,1405.0,1410.0,1405.0,1405.0,241200
2026-03-16 09:25:00,1405.0,1405.0,1400.0,1400.0,849800
2026-03-16 09:30:00,1400.0,1405.0,1400.0,1400.0,321900
2026-03-16 09:35:00,1405.0,1405.0,1400.0,1405.0,168600
2026-03-16 09:40:00,1405.0,1410.0,1400.0,1405.0,770600
2026-03-16 09:45:00,1405.0,1410.0,1400.0,1410.0,348900
2026-03-16 09:50:00,1410.0,1420.0,1405.0,1405.0,262400
2026-03-16 09:55:00,1410.0,1420.0,1410.0,1415.0,193800
2026-03-16 10:00:00,1415.0,1415.0,1405.0,1405.0,223100
2026-03-16 10:05:00,1405.0,1410.0,1405.0,1405.0,169700
2026-03-16 10:10:00,1405.0,1420.0,1405.0,1415.0,361300
2026-03-16 10:15:00,1420.0,1420.0,1415.0,1420.0,95600
2026-03-16 10:20:00,1415.0,1420.0,1415.0,1415.0,238900
2026-03-16 10:25:00,1415.0,1420.0,1410.0,1415.0,264800
2026-03-16 10:30:00,1415.0,1430.0,1410.0,1430.0,478500
2026-03-16 10:35:00,1430.0,1430.0,1415.0,1415.0,318000
2026-03-16 10:40:00,1420.0,1420.0,1415.0,1420.0,30600
2026-03-16 10:45:00,1415.0,1430.0,1415.0,1425.0,503900
2026-03-16 10:50:00,1425.0,1425.0,1420.0,1425.0,34700
2026-03-16 10:55:00,1425.0,1425.0,1415.0,1415.0,313600
2026-03-16 11:00:00,1415.0,1420.0,1415.0,1415.0,156300
2026-03-16 11:05:00,1415.0,1420.0,1415.0,1415.0,159200
2026-03-16 11:10:00,1415.0,1420.0,1410.0,1415.0,281800
2026-03-16 11:15:00,1420.0,1420.0,1415.0,1415.0,107800
2026-03-16 11:20:00,1415.0,1420.0,1415.0,1415.0,311700
2026-03-16 11:25:00,1420.0,1425.0,1420.0,1420.0,327400
2026-03-16 11:30:00,1420.0,1430.0,1420.0,1430.0,373800
2026-03-16 11:35:00,1430.0,1430.0,1425.0,1425.0,24600
2026-03-16 11:40:00,1425.0,1430.0,1420.0,1420.0,296000
2026-03-16 11:45:00,1420.0,1425.0,1420.0,1420.0,90500
2026-03-16 11:50:00,1420.0,1425.0,1420.0,1420.0,131900
2026-03-16 11:55:00,1420.0,1425.0,1420.0,1420.0,110200
2026-03-16 13:30:00,1425.0,1435.0,1420.0,1430.0,623500
2026-03-16 13:35:00,1430.0,1430.0,1425.0,1430.0,83000
2026-03-16 13:40:00,1425.0,1430.0,1420.0,1425.0,334300
2026-03-16 13:45:00,1430.0,1430.0,1420.0,1425.0,360200
2026-03-16 13:50:00,1430.0,1430.0,1420.0,1425.0,328600
2026-03-16 13:55:00,1420.0,1425.0,1420.0,1425.0,144900
2026-03-16 14:00:00,1425.0,1425.0,1420.0,1425.0,266600
2026-03-16 14:05:00,1420.0,1425.0,1420.0,1420.0,354800
2026-03-16 14:10:00,1420.0,1425.0,1420.0,1420.0,419400
2026-03-16 14:15:00,1420.0,1425.0,1420.0,1420.0,508400
2026-03-16 14:20:00,1420.0,1425.0,1410.0,1415.0,404800
2026-03-16 14:25:00,1420.0,1420.0,1415.0,1420.0,142500
2026-03-16 14:30:00,1415.0,1420.0,1415.0,1415.0,238400
2026-03-16 14:35:00,1415.0,1420.0,1415.0,1420.0,282900
2026-03-16 14:40:00,1415.0,1420.0,1415.0,1420.0,211900
2026-03-16 14:45:00,1415.0,1425.0,1415.0,1425.0,494500
2026-03-16 14:50:00,1420.0,1425.0,1420.0,1425.0,125400
2026-03-16 14:55:00,1420.0,1425.0,1420.0,1420.0,707600
2026-03-16 15:00:00,1420.0,1425.0,1420.0,1425.0,245100
2026-03-16 15:05:00,1420.0,1425.0,1420.0,1420.0,152100
2026-03-16 15:10:00,1420.0,1425.0,1420.0,1420.0,467300
2026-03-16 15:15:00,1420.0,1425.0,1420.0,1420.0,181300
2026-03-16 15:20:00,1420.0,1425.0,1420.0,1420.0,366700
2026-03-16 15:25:00,1420.0,1425.0,1420.0,1420.0,137000
2026-03-16 15:30:00,1420.0,1425.0,1420.0,1425.0,412100
2026-03-16 15:35:00,1420.0,1425.0,1415.0,1425.0,411300
2026-03-16 15:40:00,1420.0,1425.0,1415.0,1425.0,720600
2026-03-16 15:45:00,1420.0,1425.0,1420.0,1420.0,762900
2026-03-16 16:00:00,1420.0,1420.0,1420.0,1420.0,1455800
2026-03-16 16:05:00,1420.0,1420.0,1420.0,1420.0,12900
2026-03-16 16:10:00,1420.0,1420.0,1420.0,1420.0,28500
2026-03-17 09:00:00,1420.0,1420.0,1405.0,1415.0,0
2026-03-17 09:05:00,1415.0,1420.0,1405.0,1415.0,1046100
2026-03-17 09:10:00,1415.0,1420.0,1410.0,1420.0,529800
2026-03-17 09:15:00,1415.0,1425.0,1415.0,1420.0,604200
2026-03-17 09:20:00,1420.0,1420.0,1415.0,1415.0,24500
2026-03-17 09:25:00,1415.0,1420.0,1410.0,1410.0,945300
2026-03-17 09:30:00,1410.0,1415.0,1405.0,1410.0,601300
2026-03-17 09:35:00,1410.0,1410.0,1405.0,1410.0,76000
2026-03-17 09:40:00,1410.0,1410.0,1405.0,1410.0,73800
2026-03-17 09:45:00,1410.0,1415.0,1405.0,1415.0,615600
2026-03-17 09:50:00,1415.0,1415.0,1415.0,1415.0,35800
2026-03-17 09:55:00,1415.0,1415.0,1410.0,1415.0,65700
2026-03-17 10:00:00,1415.0,1415.0,1410.0,1415.0,409600
2026-03-17 10:05:00,1415.0,1420.0,1410.0,1415.0,81000
2026-03-17 10:10:00,1420.0,1420.0,1415.0,1420.0,6700
2026-03-17 10:15:00,1420.0,1420.0,1415.0,1420.0,9300
2026-03-17 10:20:00,1420.0,1420.0,1420.0,1420.0,85200
2026-03-17 10:25:00,1420.0,1420.0,1410.0,1410.0,280400
2026-03-17 10:30:00,1410.0,1415.0,1410.0,1415.0,682100
2026-03-17 10:35:00,1415.0,1415.0,1410.0,1415.0,209400
2026-03-17 10:40:00,1415.0,1415.0,1410.0,1410.0,200500
2026-03-17 10:45:00,1415.0,1415.0,1410.0,1415.0,147700
2026-03-17 10:50:00,1415.0,1415.0,1410.0,1410.0,127500
2026-03-17 10:55:00,1415.0,1415.0,1410.0,1415.0,102500
2026-03-17 11:00:00,1415.0,1415.0,1410.0,1410.0,135600
2026-03-17 11:05:00,1410.0,1415.0,1410.0,1410.0,26900
2026-03-17 11:10:00,1410.0,1415.0,1405.0,1410.0,1265400
2026-03-17 11:15:00,1410.0,1415.0,1405.0,1410.0,334200
2026-03-17 11:20:00,1410.0,1420.0,1410.0,1415.0,166300
2026-03-17 11:25:00,1420.0,1420.0,1415.0,1415.0,316500
2026-03-17 11:30:00,1415.0,1420.0,1415.0,1415.0,157900
2026-03-17 11:35:00,1420.0,1420.0,1410.0,1410.0,114600
2026-03-17 11:40:00,1410.0,1420.0,1410.0,1415.0,102000
2026-03-17 11:45:00,1420.0,1420.0,1415.0,1415.0,59900
2026-03-17 11:50:00,1415.0,1420.0,1415.0,1415.0,44900
2026-03-17 11:55:00,1415.0,1420.0,1410.0,1420.0,65300
2026-03-17 13:30:00,1420.0,1425.0,1415.0,1420.0,337100
2026-03-17 13:35:00,1420.0,1420.0,1415.0,1420.0,65800
2026-03-17 13:40:00,1420.0,1425.0,1415.0,1415.0,559800
2026-03-17 13:45:00,1415.0,1420.0,1415.0,1415.0,39900
2026-03-17 13:50:00,1415.0,1425.0,1415.0,1420.0,903500
2026-03-17 13:55:00,1425.0,1425.0,1420.0,1425.0,5500
2026-03-17 14:00:00,1420.0,1425.0,1420.0,1425.0,8400
2026-03-17 14:05:00,1425.0,1425.0,1420.0,1425.0,90300
2026-03-17 14:10:00,1425.0,1425.0,1420.0,1420.0,12800
2026-03-17 14:15:00,1420.0,1425.0,1420.0,1425.0,225400
2026-03-17 14:20:00,1420.0,1425.0,1420.0,1420.0,30500
2026-03-17 14:25:00,1420.0,1425.0,1420.0,1420.0,2500
2026-03-17 14:30:00,1420.0,1425.0,1420.0,1420.0,28900
2026-03-17 14:35:00,1420.0,1425.0,1420.0,1420.0,117200
2026-03-17 14:40:00,1420.0,1425.0,1420.0,1420.0,327600
2026-03-17 14:45:00,1420.0,1425.0,1420.0,1420.0,116500
2026-03-17 14:50:00,1420.0,1425.0,1420.0,1425.0,44700
2026-03-17 14:55:00,1420.0,1435.0,1420.0,1425.0,1308800
2026-03-17 15:00:00,1425.0,1430.0,1425.0,1425.0,43500
2026-03-17 15:05:00,1425.0,1430.0,1425.0,1425.0,83800
2026-03-17 15:10:00,1425.0,1430.0,1425.0,1425.0,184400
2026-03-17 15:15:00,1430.0,1430.0,1425.0,1430.0,90800
2026-03-17 15:20:00,1425.0,1430.0,1425.0,1425.0,27100
2026-03-17 15:25:00,1425.0,1430.0,1425.0,1425.0,41600
2026-03-17 15:30:00,1425.0,1435.0,1425.0,1430.0,666400
2026-03-17 15:35:00,1435.0,1435.0,1425.0,1425.0,262200
2026-03-17 15:40:00,1425.0,1430.0,1420.0,1420.0,887400
2026-03-17 15:45:00,1420.0,1425.0,1405.0,1420.0,4307600
2026-03-17 16:00:00,1445.0,1445.0,1445.0,1445.0,13080500
2026-03-17 16:05:00,1445.0,1445.0,1445.0,1445.0,233100
2026-03-17 16:10:00,1445.0,1445.0,1445.0,1445.0,1900
2026-03-25 09:00:00,1585.0,1595.0,1525.0,1545.0,0
2026-03-25 09:05:00,1545.0,1545.0,1520.0,1530.0,1738700
2026-03-25 09:10:00,1535.0,1535.0,1520.0,1520.0,754900
2026-03-25 09:15:00,1520.0,1535.0,1510.0,1525.0,1048700
2026-03-25 09:20:00,1530.0,1535.0,1515.0,1530.0,704700
2026-03-25 09:25:00,1530.0,1540.0,1525.0,1540.0,653300
2026-03-25 09:30:00,1540.0,1555.0,1535.0,1550.0,705400
2026-03-25 09:35:00,1545.0,1550.0,1545.0,1545.0,165400
2026-03-25 09:40:00,1545.0,1550.0,1535.0,1535.0,1312700
2026-03-25 09:45:00,1535.0,1545.0,1535.0,1540.0,202700
2026-03-25 09:50:00,1540.0,1545.0,1540.0,1545.0,54900
2026-03-25 09:55:00,1540.0,1545.0,1535.0,1540.0,981500
2026-03-25 10:00:00,1540.0,1540.0,1525.0,1525.0,1831900
2026-03-25 10:05:00,1530.0,1535.0,1525.0,1530.0,170100
2026-03-25 10:10:00,1535.0,1535.0,1520.0,1520.0,1036900
2026-03-25 10:15:00,1520.0,1530.0,1520.0,1525.0,161900
2026-03-25 10:20:00,1525.0,1535.0,1525.0,1530.0,437200
2026-03-25 10:25:00,1525.0,1530.0,1520.0,1520.0,277900
2026-03-25 10:30:00,1525.0,1525.0,1505.0,1505.0,912500
2026-03-25 10:35:00,1505.0,1515.0,1500.0,1510.0,560600
2026-03-25 10:40:00,1515.0,1515.0,1495.0,1500.0,748600
2026-03-25 10:45:00,1495.0,1500.0,1490.0,1490.0,347200
2026-03-25 10:50:00,1490.0,1490.0,1485.0,1490.0,290500
2026-03-25 10:55:00,1485.0,1495.0,1485.0,1490.0,561300
2026-03-25 11:00:00,1485.0,1490.0,1485.0,1485.0,96500
2026-03-25 11:05:00,1490.0,1505.0,1490.0,1505.0,222900
2026-03-25 11:10:00,1505.0,1505.0,1495.0,1495.0,743100
2026-03-25 11:15:00,1495.0,1500.0,1495.0,1495.0,175600
2026-03-25 11:20:00,1500.0,1500.0,1490.0,1490.0,446100
2026-03-25 11:25:00,1490.0,1495.0,1485.0,1485.0,439700
2026-03-25 11:30:00,1485.0,1500.0,1485.0,1495.0,380600
2026-03-25 11:35:00,1495.0,1495.0,1490.0,1490.0,100900
2026-03-25 11:40:00,1495.0,1495.0,1480.0,1485.0,786000
2026-03-25 11:45:00,1485.0,1485.0,1480.0,1485.0,48300
2026-03-25 11:50:00,1480.0,1480.0,1470.0,1475.0,548200
2026-03-25 11:55:00,1475.0,1480.0,1470.0,1470.0,427300
2026-03-25 13:30:00,1475.0,1485.0,1470.0,1480.0,880300
2026-03-25 13:35:00,1480.0,1485.0,1480.0,1480.0,443900
2026-03-25 13:40:00,1485.0,1490.0,1480.0,1480.0,248500
2026-03-25 13:45:00,1485.0,1485.0,1480.0,1485.0,110400
2026-03-25 13:50:00,1485.0,1485.0,1480.0,1480.0,184900
2026-03-25 13:55:00,1485.0,1485.0,1480.0,1485.0,315500
2026-03-25 14:00:00,1485.0,1490.0,1475.0,1475.0,1821500
2026-03-25 14:05:00,1475.0,1475.0,1470.0,1470.0,385800
2026-03-25 14:10:00,1465.0,1470.0,1460.0,1470.0,744500
2026-03-25 14:15:00,1475.0,1475.0,1470.0,1475.0,331500
2026-03-25 14:20:00,1475.0,1480.0,1475.0,1480.0,223400
2026-03-25 14:25:00,1480.0,1480.0,1455.0,1460.0,2638400
2026-03-25 14:30:00,1455.0,1460.0,1450.0,1460.0,1729900
2026-03-25 14:35:00,1460.0,1465.0,1460.0,1465.0,334700
2026-03-25 14:40:00,1465.0,1465.0,1460.0,1460.0,349200
2026-03-25 14:45:00,1460.0,1460.0,1455.0,1455.0,394900
2026-03-25 14:50:00,1455.0,1460.0,1455.0,1455.0,540000
2026-03-25 14:55:00,1455.0,1460.0,1450.0,1460.0,1194800
2026-03-25 15:00:00,1460.0,1465.0,1460.0,1465.0,588900
2026-03-25 15:05:00,1465.0,1480.0,1460.0,1475.0,1106100
2026-03-25 15:10:00,1475.0,1485.0,1470.0,1485.0,442800
2026-03-25 15:15:00,1485.0,1495.0,1485.0,1490.0,639600
2026-03-25 15:20:00,1490.0,1490.0,1485.0,1490.0,209500
2026-03-25 15:25:00,1490.0,1490.0,1470.0,1470.0,2008200
2026-03-25 15:30:00,1470.0,1480.0,1465.0,1470.0,1409100
2026-03-25 15:35:00,1470.0,1480.0,1465.0,1480.0,879400
2026-03-25 15:40:00,1480.0,1480.0,1470.0,1475.0,1205000
2026-03-25 15:45:00,1475.0,1485.0,1470.0,1480.0,1522500
2026-03-25 16:00:00,1525.0,1525.0,1525.0,1525.0,4276300
2026-03-25 16:05:00,1525.0,1525.0,1525.0,1525.0,153900
2026-03-25 16:10:00,1525.0,1525.0,1525.0,1525.0,122300
2026-03-26 09:00:00,1540.0,1540.0,1500.0,1505.0,0
2026-03-26 09:05:00,1505.0,1520.0,1505.0,1510.0,515800
2026-03-26 09:10:00,1510.0,1520.0,1505.0,1510.0,106600
2026-03-26 09:15:00,1510.0,1525.0,1510.0,1510.0,476100
2026-03-26 09:20:00,1510.0,1515.0,1510.0,1510.0,31700
2026-03-26 09:25:00,1515.0,1515.0,1510.0,1515.0,77400
2026-03-26 09:30:00,1510.0,1515.0,1505.0,1505.0,281500
2026-03-26 09:35:00,1505.0,1505.0,1495.0,1495.0,698500
2026-03-26 09:40:00,1495.0,1505.0,1495.0,1505.0,151800
2026-03-26 09:45:00,1500.0,1505.0,1495.0,1500.0,192300
2026-03-26 09:50:00,1500.0,1500.0,1490.0,1495.0,452000
2026-03-26 09:55:00,1495.0,1500.0,1490.0,1495.0,314800
2026-03-26 10:00:00,1495.0,1495.0,1490.0,1495.0,302600
2026-03-26 10:05:00,1490.0,1500.0,1490.0,1500.0,545300
2026-03-26 10:10:00,1500.0,1500.0,1490.0,1495.0,396800
2026-03-26 10:15:00,1495.0,1500.0,1495.0,1500.0,75100
2026-03-26 10:20:00,1500.0,1500.0,1495.0,1500.0,23900
2026-03-26 10:25:00,1495.0,1500.0,1495.0,1500.0,36400
2026-03-26 10:30:00,1500.0,1500.0,1495.0,1500.0,40800
2026-03-26 10:35:00,1500.0,1505.0,1495.0,1500.0,470700
2026-03-26 10:40:00,1495.0,1500.0,1495.0,1500.0,25200
2026-03-26 10:45:00,1495.0,1505.0,1495.0,1500.0,570400
2026-03-26 10:50:00,1500.0,1500.0,1495.0,1500.0,142400
2026-03-26 10:55:00,1500.0,1505.0,1500.0,1505.0,106400
2026-03-26 11:00:00,1505.0,1505.0,1500.0,1505.0,66200
2026-03-26 11:05:00,1505.0,1505.0,1500.0,1505.0,52300
2026-03-26 11:10:00,1505.0,1505.0,1500.0,1505.0,68800
2026-03-26 11:15:00,1505.0,1505.0,1500.0,1505.0,63500
2026-03-26 11:20:00,1500.0,1505.0,1500.0,1505.0,120100
2026-03-26 11:25:00,1500.0,1505.0,1495.0,1495.0,455200
2026-03-26 11:30:00,1495.0,1500.0,1495.0,1500.0,11300
2026-03-26 11:35:00,1495.0,1500.0,1495.0,1500.0,27700
2026-03-26 11:40:00,1495.0,1500.0,1495.0,1500.0,27100
2026-03-26 11:45:00,1500.0,1500.0,1495.0,1500.0,36300
2026-03-26 11:50:00,1500.0,1500.0,1495.0,1500.0,41400
2026-03-26 11:55:00,1500.0,1500.0,1495.0,1500.0,58600
2026-03-26 13:30:00,1500.0,1500.0,1490.0,1495.0,574500
2026-03-26 13:35:00,1495.0,1500.0,1490.0,1500.0,244500
2026-03-26 13:40:00,1500.0,1500.0,1490.0,1495.0,262400
2026-03-26 13:45:00,1490.0,1495.0,1490.0,1495.0,46500
2026-03-26 13:50:00,1490.0,1495.0,1490.0,1495.0,107400
2026-03-26 13:55:00,1495.0,1495.0,1490.0,1495.0,38300
2026-03-26 14:00:00,1490.0,1495.0,1490.0,1495.0,62100
2026-03-26 14:05:00,1495.0,1495.0,1490.0,1495.0,138000
2026-03-26 14:10:00,1495.0,1500.0,1490.0,1500.0,578000
2026-03-26 14:15:00,1500.0,1500.0,1495.0,1500.0,181500
2026-03-26 14:20:00,1500.0,1500.0,1495.0,1500.0,138200
2026-03-26 14:25:00,1495.0,1500.0,1495.0,1500.0,134500
2026-03-26 14:30:00,1495.0,1500.0,1495.0,1500.0,74400
2026-03-26 14:35:00,1500.0,1500.0,1490.0,1495.0,524300
2026-03-26 14:40:00,1490.0,1495.0,1490.0,1495.0,70200
2026-03-26 14:45:00,1495.0,1495.0,1490.0,1495.0,34300
2026-03-26 14:50:00,1495.0,1495.0,1490.0,1495.0,52900
2026-03-26 14:55:00,1495.0,1495.0,1490.0,1495.0,135600
2026-03-26 15:00:00,1495.0,1495.0,1490.0,1495.0,129100
2026-03-26 15:05:00,1495.0,1495.0,1465.0,1475.0,2446000
2026-03-26 15:10:00,1475.0,1475.0,1470.0,1475.0,66100
2026-03-26 15:15:00,1470.0,1475.0,1470.0,1475.0,104100
2026-03-26 15:20:00,1475.0,1475.0,1470.0,1475.0,109600
2026-03-26 15:25:00,1475.0,1475.0,1470.0,1475.0,89600
2026-03-26 15:30:00,1475.0,1475.0,1455.0,1465.0,1630700
2026-03-26 15:35:00,1465.0,1465.0,1460.0,1465.0,79000
2026-03-26 15:40:00,1465.0,1465.0,1460.0,1460.0,173700
2026-03-26 15:45:00,1465.0,1465.0,1460.0,1465.0,755900
2026-03-26 16:00:00,1460.0,1460.0,1460.0,1460.0,2574100
2026-03-26 16:05:00,1460.0,1460.0,1460.0,1460.0,35000
2026-03-26 16:10:00,1460.0,1460.0,1460.0,1460.0,102400
2026-03-27 09:00:00,1450.0,1455.0,1410.0,1435.0,0
2026-03-27 09:05:00,1435.0,1440.0,1410.0,1420.0,1522600
2026-03-27 09:10:00,1415.0,1430.0,1415.0,1425.0,502500
2026-03-27 09:15:00,1425.0,1430.0,1415.0,1415.0,208600
2026-03-27 09:20:00,1420.0,1420.0,1415.0,1415.0,170300
2026-03-27 09:25:00,1420.0,1420.0,1415.0,1415.0,56100
2026-03-27 09:30:00,1415.0,1420.0,1415.0,1420.0,102600
2026-03-27 09:35:00,1420.0,1420.0,1395.0,1400.0,2894300
2026-03-27 09:40:00,1400.0,1405.0,1400.0,1400.0,213600
2026-03-27 09:45:00,1405.0,1405.0,1400.0,1405.0,314800
2026-03-27 09:50:00,1400.0,1405.0,1390.0,1405.0,1720500
2026-03-27 09:55:00,1405.0,1410.0,1405.0,1410.0,1422700
2026-03-27 10:00:00,1410.0,1410.0,1405.0,1410.0,222200
2026-03-27 10:05:00,1410.0,1410.0,1395.0,1400.0,1288100
2026-03-27 10:10:00,1400.0,1400.0,1395.0,1400.0,494400
2026-03-27 10:15:00,1400.0,1405.0,1395.0,1400.0,1387600
2026-03-27 10:20:00,1400.0,1405.0,1400.0,1405.0,388800
2026-03-27 10:25:00,1405.0,1405.0,1400.0,1405.0,51600
2026-03-27 10:30:00,1405.0,1405.0,1400.0,1405.0,75600
2026-03-27 10:35:00,1400.0,1405.0,1400.0,1405.0,120500
2026-03-27 10:40:00,1405.0,1405.0,1400.0,1405.0,98900
2026-03-27 10:45:00,1400.0,1405.0,1400.0,1405.0,215100
2026-03-27 10:50:00,1405.0,1410.0,1400.0,1410.0,499500
2026-03-27 10:55:00,1410.0,1410.0,1405.0,1410.0,93200
2026-03-27 11:00:00,1410.0,1410.0,1400.0,1405.0,488300
2026-03-27 11:05:00,1405.0,1405.0,1400.0,1405.0,298100
2026-03-27 11:10:00,1400.0,1405.0,1400.0,1405.0,106400
2026-03-27 11:15:00,1400.0,1405.0,1400.0,1405.0,102400
2026-03-27 11:20:00,1405.0,1405.0,1400.0,1405.0,213800
2026-03-27 11:25:00,1405.0,1405.0,1400.0,1405.0,184800
2026-03-27 14:00:00,1405.0,1425.0,1400.0,1425.0,7687200
2026-03-27 14:05:00,1425.0,1430.0,1410.0,1420.0,2292600
2026-03-27 14:10:00,1420.0,1430.0,1420.0,1425.0,341400
2026-03-27 14:15:00,1430.0,1440.0,1425.0,1430.0,789200
2026-03-27 14:20:00,1435.0,1435.0,1425.0,1430.0,567500
2026-03-27 14:25:00,1430.0,1435.0,1420.0,1430.0,779000
2026-03-27 14:30:00,1430.0,1435.0,1425.0,1435.0,53600
2026-03-27 14:35:00,1430.0,1435.0,1425.0,1430.0,568000
2026-03-27 14:40:00,1430.0,1430.0,1425.0,1430.0,215400
2026-03-27 14:45:00,1430.0,1430.0,1425.0,1430.0,70300
2026-03-27 14:50:00,1430.0,1430.0,1425.0,1430.0,158500
2026-03-27 14:55:00,1430.0,1435.0,1425.0,1435.0,613500
2026-03-27 15:00:00,1435.0,1440.0,1430.0,1440.0,639300
2026-03-27 15:05:00,1440.0,1440.0,1435.0,1440.0,202500
2026-03-27 15:10:00,1440.0,1440.0,1435.0,1440.0,311700
2026-03-27 15:15:00,1440.0,1450.0,1435.0,1450.0,1284200
2026-03-27 15:20:00,1445.0,1450.0,1440.0,1445.0,547400
2026-03-27 15:25:00,1445.0,1450.0,1440.0,1450.0,344000
2026-03-27 15:30:00,1450.0,1450.0,1435.0,1445.0,1002600
2026-03-27 15:35:00,1445.0,1450.0,1440.0,1450.0,489000
2026-03-27 15:40:00,1450.0,1455.0,1445.0,1450.0,602800
2026-03-27 15:45:00,1450.0,1455.0,1445.0,1445.0,842800
2026-03-27 16:00:00,1455.0,1455.0,1455.0,1455.0,3606900
2026-03-27 16:05:00,1455.0,1455.0,1455.0,1455.0,18900
2026-03-27 16:10:00,1455.0,1455.0,1455.0,1455.0,800
2026-03-30 09:00:00,1400.0,1400.0,1385.0,1390.0,0
2026-03-30 09:05:00,1390.0,1395.0,1370.0,1375.0,2507700
2026-03-30 09:10:00,1375.0,1385.0,1370.0,1385.0,1965900
2026-03-30 09:15:00,1385.0,1385.0,1380.0,1385.0,805700
2026-03-30 09:20:00,1385.0,1395.0,1385.0,1390.0,3638100
2026-03-30 09:25:00,1395.0,1395.0,1380.0,1390.0,3835300
2026-03-30 09:30:00,1385.0,1390.0,1385.0,1390.0,265100
2026-03-30 09:35:00,1385.0,1390.0,1385.0,1385.0,494600
2026-03-30 09:40:00,1390.0,1390.0,1385.0,1390.0,319100
2026-03-30 09:45:00,1390.0,1390.0,1380.0,1385.0,794900
2026-03-30 09:50:00,1385.0,1390.0,1385.0,1385.0,247400
2026-03-30 09:55:00,1385.0,1390.0,1385.0,1385.0,85400
2026-03-30 10:00:00,1385.0,1410.0,1380.0,1395.0,16568000
2026-03-30 10:05:00,1390.0,1395.0,1390.0,1390.0,489600
2026-03-30 10:10:00,1395.0,1400.0,1395.0,1395.0,174400
2026-03-30 10:15:00,1400.0,1400.0,1395.0,1400.0,299400
2026-03-30 10:20:00,1395.0,1400.0,1395.0,1400.0,403300
2026-03-30 10:25:00,1395.0,1405.0,1395.0,1405.0,4615600
2026-03-30 10:30:00,1405.0,1405.0,1400.0,1400.0,65300
2026-03-30 10:35:00,1405.0,1420.0,1400.0,1405.0,3048900
2026-03-30 10:40:00,1405.0,1410.0,1395.0,1395.0,1604700
2026-03-30 10:45:00,1400.0,1400.0,1395.0,1400.0,392800
2026-03-30 10:50:00,1395.0,1400.0,1395.0,1400.0,452500
2026-03-30 10:55:00,1395.0,1400.0,1395.0,1395.0,380700
2026-03-30 11:00:00,1400.0,1400.0,1395.0,1400.0,300000
2026-03-30 11:05:00,1395.0,1400.0,1385.0,1395.0,3461200
2026-03-30 11:10:00,1390.0,1395.0,1390.0,1395.0,193800
2026-03-30 11:15:00,1390.0,1395.0,1390.0,1390.0,205100
2026-03-30 11:20:00,1395.0,1395.0,1390.0,1395.0,214600
2026-03-30 11:25:00,1395.0,1395.0,1390.0,1395.0,160100
2026-03-30 11:30:00,1395.0,1395.0,1390.0,1395.0,162600
2026-03-30 11:35:00,1390.0,1395.0,1390.0,1395.0,138400
2026-03-30 11:40:00,1390.0,1395.0,1390.0,1395.0,304800
2026-03-30 11:45:00,1395.0,1400.0,1390.0,1400.0,1954800
2026-03-30 11:50:00,1400.0,1410.0,1400.0,1400.0,2301200
2026-03-30 11:55:00,1400.0,1405.0,1400.0,1405.0,340500
2026-03-30 13:30:00,1400.0,1405.0,1400.0,1405.0,1853700
2026-03-30 13:35:00,1400.0,1405.0,1400.0,1405.0,80100
2026-03-30 13:40:00,1400.0,1405.0,1400.0,1400.0,275900
2026-03-30 13:45:00,1405.0,1415.0,1400.0,1410.0,1610900
2026-03-30 13:50:00,1415.0,1430.0,1415.0,1425.0,1324600
2026-03-30 13:55:00,1425.0,1425.0,1405.0,1410.0,2521800
2026-03-30 14:00:00,1405.0,1410.0,1405.0,1410.0,472000
2026-03-30 14:05:00,1405.0,1410.0,1400.0,1400.0,3883600
2026-03-30 14:10:00,1405.0,1405.0,1395.0,1400.0,2814100
2026-03-30 14:15:00,1400.0,1405.0,1400.0,1405.0,253700
2026-03-30 14:20:00,1400.0,1405.0,1400.0,1405.0,188100
2026-03-30 14:25:00,1400.0,1405.0,1400.0,1405.0,281000
2026-03-30 14:30:00,1400.0,1405.0,1400.0,1400.0,232000
2026-03-30 14:35:00,1400.0,1405.0,1400.0,1405.0,349300
2026-03-30 14:40:00,1400.0,1405.0,1400.0,1400.0,442100
2026-03-30 14:45:00,1400.0,1405.0,1400.0,1405.0,183200
2026-03-30 14:50:00,1400.0,1405.0,1400.0,1400.0,134600
2026-03-30 14:55:00,1400.0,1405.0,1400.0,1405.0,211300
2026-03-30 15:00:00,1405.0,1405.0,1400.0,1405.0,448500
2026-03-30 15:05:00,1400.0,1410.0,1400.0,1410.0,3202300
2026-03-30 15:10:00,1405.0,1410.0,1405.0,1410.0,216900
2026-03-30 15:15:00,1405.0,1410.0,1405.0,1410.0,272400
2026-03-30 15:20:00,1405.0,1410.0,1405.0,1405.0,1109700
2026-03-30 15:25:00,1405.0,1410.0,1405.0,1405.0,166000
2026-03-30 15:30:00,1405.0,1410.0,1405.0,1405.0,433800
2026-03-30 15:35:00,1405.0,1410.0,1405.0,1405.0,182400
2026-03-30 15:40:00,1405.0,1410.0,1405.0,1405.0,2071300
2026-03-30 15:45:00,1405.0,1410.0,1405.0,1410.0,2552600
2026-03-30 16:00:00,1405.0,1405.0,1405.0,1405.0,10320400
2026-03-30 16:05:00,1405.0,1405.0,1405.0,1405.0,1203300
2026-03-30 16:10:00,1405.0,1405.0,1405.0,1405.0,27700
2026-03-31 09:00:00,1395.0,1415.0,1395.0,1410.0,0
2026-03-31 09:05:00,1410.0,1410.0,1400.0,1405.0,1097700
2026-03-31 09:10:00,1405.0,1410.0,1390.0,1400.0,1766100
2026-03-31 09:15:00,1395.0,1400.0,1395.0,1395.0,111600
2026-03-31 09:20:00,1400.0,1410.0,1395.0,1405.0,1080000
2026-03-31 09:25:00,1400.0,1405.0,1400.0,1405.0,553800
2026-03-31 09:30:00,1405.0,1415.0,1405.0,1415.0,1326100
2026-03-31 09:35:00,1415.0,1420.0,1410.0,1410.0,905600
2026-03-31 09:40:00,1410.0,1415.0,1410.0,1415.0,66900
2026-03-31 09:45:00,1410.0,1420.0,1410.0,1420.0,482300
2026-03-31 09:50:00,1420.0,1420.0,1415.0,1415.0,123100
2026-03-31 09:55:00,1420.0,1420.0,1415.0,1415.0,170000
2026-03-31 10:00:00,1415.0,1415.0,1410.0,1415.0,855000
2026-03-31 10:05:00,1415.0,1415.0,1410.0,1410.0,87800
2026-03-31 10:10:00,1415.0,1440.0,1415.0,1420.0,4463700
2026-03-31 10:15:00,1420.0,1420.0,1410.0,1415.0,467100
2026-03-31 10:20:00,1415.0,1415.0,1410.0,1410.0,372700
2026-03-31 10:25:00,1415.0,1415.0,1410.0,1415.0,57400
2026-03-31 10:30:00,1415.0,1415.0,1410.0,1415.0,111900
2026-03-31 10:35:00,1415.0,1425.0,1410.0,1415.0,2020700
2026-03-31 10:40:00,1415.0,1420.0,1415.0,1420.0,40400
2026-03-31 10:45:00,1420.0,1420.0,1415.0,1415.0,87500
2026-03-31 10:50:00,1420.0,1420.0,1410.0,1410.0,502200
2026-03-31 10:55:00,1410.0,1415.0,1410.0,1410.0,222500
2026-03-31 11:00:00,1415.0,1415.0,1410.0,1410.0,879700
2026-03-31 11:05:00,1415.0,1425.0,1415.0,1420.0,1220300
2026-03-31 11:10:00,1415.0,1420.0,1415.0,1415.0,117300
2026-03-31 11:15:00,1415.0,1420.0,1415.0,1420.0,73700
2026-03-31 11:20:00,1420.0,1420.0,1415.0,1415.0,139100
2026-03-31 11:25:00,1415.0,1425.0,1415.0,1425.0,1216900
2026-03-31 11:30:00,1425.0,1430.0,1425.0,1430.0,522100
2026-03-31 11:35:00,1430.0,1430.0,1425.0,1425.0,370900
2026-03-31 11:40:00,1430.0,1430.0,1425.0,1430.0,97900
2026-03-31 11:45:00,1430.0,1430.0,1425.0,1430.0,220500
2026-03-31 11:50:00,1430.0,1430.0,1425.0,1425.0,163800
2026-03-31 11:55:00,1425.0,1430.0,1425.0,1430.0,279200
2026-03-31 13:30:00,1425.0,1435.0,1425.0,1430.0,2308600
2026-03-31 13:35:00,1430.0,1450.0,1430.0,1435.0,1816400
2026-03-31 13:40:00,1435.0,1440.0,1435.0,1435.0,380300
2026-03-31 13:45:00,1440.0,1440.0,1435.0,1435.0,116500
2026-03-31 13:50:00,1440.0,1440.0,1435.0,1440.0,203500
2026-03-31 13:55:00,1440.0,1440.0,1435.0,1435.0,264000
2026-03-31 14:00:00,1435.0,1440.0,1435.0,1440.0,501800
2026-03-31 14:05:00,1435.0,1460.0,1435.0,1455.0,2831500
2026-03-31 14:10:00,1460.0,1470.0,1450.0,1460.0,2975000
2026-03-31 14:15:00,1465.0,1465.0,1455.0,1455.0,958500
2026-03-31 14:20:00,1455.0,1465.0,1455.0,1460.0,752000
2026-03-31 14:25:00,1465.0,1470.0,1460.0,1460.0,1297900
2026-03-31 14:30:00,1460.0,1465.0,1455.0,1460.0,821000
2026-03-31 14:35:00,1455.0,1470.0,1450.0,1460.0,2336400
2026-03-31 14:40:00,1460.0,1465.0,1455.0,1455.0,1183700
2026-03-31 14:45:00,1460.0,1470.0,1455.0,1465.0,2320700
2026-03-31 14:50:00,1465.0,1465.0,1460.0,1460.0,114200
2026-03-31 14:55:00,1465.0,1470.0,1455.0,1470.0,1989700
2026-03-31 15:00:00,1470.0,1470.0,1460.0,1460.0,1557200
2026-03-31 15:05:00,1460.0,1465.0,1460.0,1465.0,992500
2026-03-31 15:10:00,1460.0,1465.0,1460.0,1465.0,544000
2026-03-31 15:15:00,1465.0,1465.0,1460.0,1460.0,1582300
2026-03-31 15:20:00,1460.0,1465.0,1460.0,1460.0,1008500
2026-03-31 15:25:00,1460.0,1465.0,1460.0,1460.0,1258800
2026-03-31 15:30:00,1465.0,1465.0,1460.0,1460.0,475100
2026-03-31 15:35:00,1465.0,1465.0,1460.0,1465.0,580100
2026-03-31 15:40:00,1465.0,1465.0,1460.0,1465.0,841200
2026-03-31 15:45:00,1465.0,1470.0,1460.0,1470.0,2372700
2026-03-31 16:00:00,1480.0,1480.0,1480.0,1480.0,9908200
2026-03-31 16:05:00,1480.0,1480.0,1480.0,1480.0,84900
2026-03-31 16:10:00,1480.0,1480.0,1480.0,1480.0,900
2026-04-01 09:00:00,1490.0,1505.0,1475.0,1490.0,0
2026-04-01 09:05:00,1490.0,1490.0,1485.0,1490.0,331200
2026-04-01 09:10:00,1490.0,1490.0,1485.0,1490.0,321300
2026-04-01 09:15:00,1490.0,1495.0,1475.0,1485.0,2078800
2026-04-01 09:20:00,1485.0,1485.0,1480.0,1485.0,725400
2026-04-01 09:25:00,1480.0,1490.0,1480.0,1490.0,390700
2026-04-01 09:30:00,1490.0,1490.0,1475.0,1480.0,1623600
2026-04-01 09:35:00,1475.0,1480.0,1475.0,1475.0,159700
2026-04-01 09:40:00,1475.0,1480.0,1475.0,1480.0,90600
2026-04-01 09:45:00,1480.0,1480.0,1475.0,1475.0,185800
2026-04-01 09:50:00,1480.0,1480.0,1475.0,1480.0,143800
2026-04-01 09:55:00,1480.0,1480.0,1475.0,1480.0,278300
2026-04-01 10:00:00,1480.0,1480.0,1475.0,1480.0,167200
2026-04-01 10:05:00,1480.0,1480.0,1475.0,1480.0,152000
2026-04-01 10:10:00,1480.0,1480.0,1475.0,1480.0,149500
2026-04-01 10:15:00,1480.0,1495.0,1475.0,1495.0,2493600
2026-04-01 10:20:00,1495.0,1500.0,1495.0,1500.0,250000
2026-04-01 10:25:00,1500.0,1510.0,1495.0,1500.0,2118100
2026-04-01 10:30:00,1500.0,1500.0,1495.0,1500.0,165800
2026-04-01 10:35:00,1500.0,1500.0,1495.0,1495.0,365000
2026-04-01 10:40:00,1490.0,1495.0,1490.0,1495.0,19000
2026-04-01 10:45:00,1495.0,1495.0,1485.0,1485.0,1639500
2026-04-01 10:50:00,1485.0,1490.0,1480.0,1485.0,672000
2026-04-01 10:55:00,1485.0,1490.0,1485.0,1490.0,77200
2026-04-01 11:00:00,1490.0,1490.0,1475.0,1475.0,890200
2026-04-01 11:05:00,1480.0,1485.0,1475.0,1485.0,139600
2026-04-01 11:10:00,1485.0,1485.0,1475.0,1475.0,541000
2026-04-01 11:15:00,1475.0,1480.0,1475.0,1480.0,157500
2026-04-01 11:20:00,1475.0,1480.0,1475.0,1475.0,107300
2026-04-01 11:25:00,1480.0,1480.0,1470.0,1475.0,609600
2026-04-01 11:30:00,1470.0,1475.0,1470.0,1475.0,115700
2026-04-01 11:35:00,1470.0,1475.0,1470.0,1475.0,300500
2026-04-01 11:40:00,1475.0,1485.0,1475.0,1480.0,2226100
2026-04-01 11:45:00,1480.0,1490.0,1480.0,1485.0,301800
2026-04-01 11:50:00,1485.0,1490.0,1485.0,1490.0,628000
2026-04-01 11:55:00,1490.0,1490.0,1485.0,1485.0,133700
2026-04-01 13:30:00,1490.0,1490.0,1475.0,1475.0,1022200
2026-04-01 13:35:00,1480.0,1480.0,1475.0,1480.0,56600
2026-04-01 13:40:00,1480.0,1480.0,1475.0,1480.0,89200
2026-04-01 13:45:00,1480.0,1480.0,1475.0,1480.0,122200
2026-04-01 13:50:00,1480.0,1480.0,1475.0,1480.0,198500
2026-04-01 13:55:00,1480.0,1480.0,1475.0,1480.0,167700
2026-04-01 14:00:00,1480.0,1480.0,1465.0,1465.0,2139800
2026-04-01 14:05:00,1470.0,1470.0,1465.0,1470.0,46900
2026-04-01 14:10:00,1465.0,1470.0,1465.0,1470.0,170900
2026-04-01 14:15:00,1470.0,1470.0,1465.0,1470.0,289800
2026-04-01 14:20:00,1470.0,1470.0,1465.0,1470.0,339800
2026-04-01 14:25:00,1470.0,1480.0,1465.0,1470.0,2212500
2026-04-01 14:30:00,1470.0,1470.0,1460.0,1465.0,1083700
2026-04-01 14:35:00,1465.0,1470.0,1460.0,1470.0,586100
2026-04-01 14:40:00,1470.0,1470.0,1465.0,1470.0,139700
2026-04-01 14:45:00,1470.0,1470.0,1460.0,1465.0,874500
2026-04-01 14:50:00,1465.0,1465.0,1460.0,1465.0,232900
2026-04-01 14:55:00,1465.0,1470.0,1460.0,1470.0,275400
2026-04-01 15:00:00,1470.0,1470.0,1465.0,1465.0,1065000
2026-04-01 15:05:00,1470.0,1470.0,1460.0,1465.0,1106400
2026-04-01 15:10:00,1470.0,1470.0,1465.0,1465.0,159800
2026-04-01 15:15:00,1470.0,1470.0,1465.0,1470.0,392900
2026-04-01 15:20:00,1470.0,1470.0,1460.0,1470.0,1555900
2026-04-01 15:25:00,1470.0,1470.0,1460.0,1465.0,979800
2026-04-01 15:30:00,1465.0,1465.0,1455.0,1465.0,2379100
2026-04-01 15:35:00,1460.0,1465.0,1460.0,1460.0,253400
2026-04-01 15:40:00,1460.0,1475.0,1455.0,1470.0,2911600
2026-04-01 15:45:00,1465.0,1475.0,1460.0,1475.0,1840700
2026-04-01 16:00:00,1475.0,1475.0,1475.0,1475.0,4677200
2026-04-01 16:05:00,1475.0,1475.0,1475.0,1475.0,473600
2026-04-01 16:10:00,1475.0,1475.0,1475.0,1475.0,3900
2026-04-02 09:00:00,1480.0,1480.0,1470.0,1475.0,0
2026-04-02 09:05:00,1475.0,1475.0,1460.0,1465.0,862700
2026-04-02 09:10:00,1465.0,1470.0,1460.0,1460.0,601100
2026-04-02 09:15:00,1465.0,1470.0,1455.0,1465.0,1131700
2026-04-02 09:20:00,1460.0,1465.0,1460.0,1465.0,254300
2026-04-02 09:25:00,1460.0,1465.0,1460.0,1465.0,7800
2026-04-02 09:30:00,1465.0,1465.0,1450.0,1455.0,617600
2026-04-02 09:35:00,1450.0,1455.0,1440.0,1445.0,727700
2026-04-02 09:40:00,1440.0,1445.0,1435.0,1440.0,134400
2026-04-02 09:45:00,1440.0,1445.0,1440.0,1445.0,685500
2026-04-02 09:50:00,1445.0,1450.0,1445.0,1450.0,215400
2026-04-02 09:55:00,1450.0,1450.0,1445.0,1445.0,71200
2026-04-02 10:00:00,1450.0,1450.0,1445.0,1450.0,82800
2026-04-02 10:05:00,1450.0,1450.0,1445.0,1450.0,44100
2026-04-02 10:10:00,1445.0,1450.0,1445.0,1450.0,58100
2026-04-02 10:15:00,1450.0,1450.0,1445.0,1450.0,80800
2026-04-02 10:20:00,1450.0,1450.0,1445.0,1445.0,338300
2026-04-02 10:25:00,1445.0,1450.0,1445.0,1450.0,73800
2026-04-02 10:30:00,1445.0,1460.0,1445.0,1455.0,1204300
2026-04-02 10:35:00,1455.0,1460.0,1445.0,1450.0,669300
2026-04-02 10:40:00,1450.0,1450.0,1445.0,1450.0,23400
2026-04-02 10:45:00,1450.0,1450.0,1445.0,1450.0,123200
2026-04-02 10:50:00,1450.0,1455.0,1450.0,1455.0,258700
2026-04-02 10:55:00,1455.0,1455.0,1450.0,1455.0,161400
2026-04-02 11:00:00,1450.0,1450.0,1440.0,1445.0,1395300
2026-04-02 11:05:00,1440.0,1445.0,1440.0,1440.0,37000
2026-04-02 11:10:00,1440.0,1445.0,1440.0,1440.0,18900
2026-04-02 11:15:00,1445.0,1445.0,1440.0,1440.0,85000
2026-04-02 11:20:00,1445.0,1445.0,1440.0,1445.0,51700
2026-04-02 11:25:00,1440.0,1445.0,1440.0,1445.0,398800
2026-04-02 11:30:00,1445.0,1445.0,1440.0,1445.0,70300
2026-04-02 11:35:00,1445.0,1445.0,1445.0,1445.0,37300
2026-04-02 11:40:00,1445.0,1445.0,1440.0,1445.0,45200
2026-04-02 11:45:00,1445.0,1445.0,1440.0,1445.0,47300
2026-04-02 11:50:00,1445.0,1445.0,1440.0,1445.0,62600
2026-04-02 11:55:00,1440.0,1445.0,1440.0,1445.0,249100
2026-04-02 13:30:00,1445.0,1445.0,1425.0,1430.0,1836900
2026-04-02 13:35:00,1430.0,1435.0,1430.0,1435.0,93900
2026-04-02 13:40:00,1435.0,1445.0,1430.0,1440.0,413600
2026-04-02 13:45:00,1445.0,1445.0,1440.0,1445.0,20100
2026-04-02 13:50:00,1440.0,1440.0,1435.0,1440.0,347400
2026-04-02 13:55:00,1440.0,1440.0,1435.0,1435.0,47800
2026-04-02 14:00:00,1435.0,1440.0,1435.0,1435.0,66000
2026-04-02 14:05:00,1440.0,1440.0,1435.0,1440.0,98000
2026-04-02 14:10:00,1440.0,1440.0,1435.0,1440.0,116500
2026-04-02 14:15:00,1440.0,1440.0,1435.0,1440.0,131200
2026-04-02 14:20:00,1440.0,1440.0,1435.0,1435.0,93800
2026-04-02 14:25:00,1440.0,1440.0,1435.0,1435.0,63900
2026-04-02 14:30:00,1440.0,1440.0,1435.0,1435.0,279200
2026-04-02 14:35:00,1440.0,1440.0,1435.0,1435.0,127500
2026-04-02 14:40:00,1440.0,1440.0,1435.0,1440.0,48100
2026-04-02 14:45:00,1440.0,1440.0,1435.0,1435.0,104600
2026-04-02 14:50:00,1440.0,1440.0,1435.0,1440.0,73100
2026-04-02 14:55:00,1435.0,1440.0,1435.0,1440.0,163500
2026-04-02 15:00:00,1440.0,1440.0,1435.0,1440.0,78800
2026-04-02 15:05:00,1435.0,1440.0,1435.0,1435.0,397300
2026-04-02 15:10:00,1435.0,1445.0,1435.0,1445.0,532900
2026-04-02 15:15:00,1445.0,1450.0,1440.0,1450.0,468500
2026-04-02 15:20:00,1450.0,1450.0,1445.0,1450.0,81400
2026-04-02 15:25:00,1445.0,1450.0,1435.0,1445.0,871800
2026-04-02 15:30:00,1440.0,1445.0,1440.0,1440.0,141300
2026-04-02 15:35:00,1440.0,1445.0,1440.0,1440.0,159900
2026-04-02 15:40:00,1440.0,1445.0,1435.0,1440.0,274700
2026-04-02 15:45:00,1440.0,1445.0,1440.0,1440.0,610700
2026-04-02 16:00:00,1440.0,1440.0,1440.0,1440.0,2176200
2026-04-02 16:05:00,1440.0,1440.0,1440.0,1440.0,0
2026-04-02 16:10:00,1440.0,1440.0,1440.0,1440.0,3200
2026-04-06 09:00:00,1435.0,1435.0,1400.0,1410.0,0
2026-04-06 09:05:00,1410.0,1415.0,1405.0,1405.0,238800
2026-04-06 09:10:00,1410.0,1415.0,1405.0,1415.0,666800
2026-04-06 09:15:00,1415.0,1415.0,1415.0,1415.0,215700
2026-04-06 09:20:00,1415.0,1420.0,1410.0,1420.0,307900
2026-04-06 09:25:00,1420.0,1425.0,1415.0,1420.0,246000
2026-04-06 09:30:00,1425.0,1425.0,1415.0,1415.0,840500
2026-04-06 09:35:00,1410.0,1425.0,1410.0,1420.0,609600
2026-04-06 09:40:00,1420.0,1420.0,1415.0,1420.0,25100
2026-04-06 09:45:00,1420.0,1425.0,1415.0,1425.0,376600
2026-04-06 09:50:00,1425.0,1425.0,1415.0,1420.0,526200
2026-04-06 09:55:00,1420.0,1420.0,1415.0,1415.0,3200
2026-04-06 10:00:00,1415.0,1420.0,1415.0,1415.0,42000
2026-04-06 10:05:00,1415.0,1420.0,1410.0,1410.0,399000
2026-04-06 10:10:00,1410.0,1415.0,1410.0,1410.0,101500
2026-04-06 10:15:00,1410.0,1415.0,1410.0,1415.0,72800
2026-04-06 10:20:00,1410.0,1415.0,1410.0,1410.0,35100
2026-04-06 10:25:00,1410.0,1415.0,1410.0,1415.0,72200
2026-04-06 10:30:00,1415.0,1415.0,1410.0,1415.0,69800
2026-04-06 10:35:00,1415.0,1415.0,1410.0,1415.0,73200
2026-04-06 10:40:00,1415.0,1415.0,1410.0,1415.0,236600
2026-04-06 10:45:00,1410.0,1415.0,1410.0,1415.0,206300
2026-04-06 10:50:00,1410.0,1415.0,1410.0,1415.0,142800
2026-04-06 10:55:00,1415.0,1415.0,1410.0,1415.0,118900
2026-04-06 11:00:00,1415.0,1415.0,1410.0,1410.0,40400
2026-04-06 11:05:00,1415.0,1415.0,1410.0,1415.0,11900
2026-04-06 11:10:00,1410.0,1415.0,1410.0,1415.0,238400
2026-04-06 11:15:00,1415.0,1415.0,1410.0,1415.0,131900
2026-04-06 11:20:00,1415.0,1415.0,1410.0,1415.0,18000
2026-04-06 11:25:00,1415.0,1415.0,1410.0,1415.0,25300
2026-04-06 11:30:00,1410.0,1415.0,1410.0,1415.0,59900
2026-04-06 11:35:00,1415.0,1415.0,1410.0,1415.0,14900
2026-04-06 11:40:00,1415.0,1415.0,1410.0,1415.0,42700
2026-04-06 11:45:00,1415.0,1415.0,1410.0,1410.0,193000
2026-04-06 11:50:00,1415.0,1415.0,1410.0,1415.0,88900
2026-04-06 11:55:00,1415.0,1415.0,1410.0,1410.0,43600
2026-04-06 13:30:00,1415.0,1415.0,1405.0,1415.0,1368700
2026-04-06 13:35:00,1410.0,1430.0,1405.0,1430.0,1538300
2026-04-06 13:40:00,1430.0,1440.0,1420.0,1435.0,779300
2026-04-06 13:45:00,1430.0,1440.0,1430.0,1435.0,92200
2026-04-06 13:50:00,1435.0,1440.0,1435.0,1435.0,36300
2026-04-06 13:55:00,1435.0,1445.0,1435.0,1445.0,244400
2026-04-06 14:00:00,1445.0,1455.0,1440.0,1450.0,751100
2026-04-06 14:05:00,1450.0,1460.0,1450.0,1455.0,207300
2026-04-06 14:10:00,1455.0,1455.0,1450.0,1450.0,55700
2026-04-06 14:15:00,1450.0,1455.0,1450.0,1455.0,30200
2026-04-06 14:20:00,1455.0,1455.0,1450.0,1450.0,817700
2026-04-06 14:25:00,1450.0,1450.0,1445.0,1445.0,78400
2026-04-06 14:30:00,1445.0,1450.0,1445.0,1445.0,14400
2026-04-06 14:35:00,1445.0,1450.0,1445.0,1445.0,31000
2026-04-06 14:40:00,1450.0,1450.0,1445.0,1450.0,26600
2026-04-06 14:45:00,1445.0,1450.0,1445.0,1445.0,37300
2026-04-06 14:50:00,1445.0,1450.0,1445.0,1445.0,54900
2026-04-06 14:55:00,1445.0,1450.0,1445.0,1450.0,66100
2026-04-06 15:00:00,1445.0,1455.0,1445.0,1455.0,499100
2026-04-06 15:05:00,1455.0,1455.0,1450.0,1450.0,209200
2026-04-06 15:10:00,1450.0,1455.0,1450.0,1450.0,45300
2026-04-06 15:15:00,1450.0,1455.0,1440.0,1445.0,529200
2026-04-06 15:20:00,1445.0,1450.0,1445.0,1445.0,27500
2026-04-06 15:25:00,1445.0,1450.0,1445.0,1445.0,118300
2026-04-06 15:30:00,1445.0,1450.0,1445.0,1445.0,120400
2026-04-06 15:35:00,1445.0,1450.0,1445.0,1445.0,79700
2026-04-06 15:40:00,1445.0,1450.0,1445.0,1445.0,120600
2026-04-06 15:45:00,1445.0,1455.0,1440.0,1445.0,678900
2026-04-06 16:00:00,1455.0,1455.0,1455.0,1455.0,1402400
2026-04-06 16:05:00,1455.0,1455.0,1455.0,1455.0,9300
2026-04-06 16:10:00,1455.0,1455.0,1455.0,1455.0,18100
2026-04-07 09:00:00,1460.0,1460.0,1430.0,1430.0,0
2026-04-07 09:05:00,1430.0,1435.0,1430.0,1435.0,99000
2026-04-07 09:10:00,1435.0,1445.0,1430.0,1445.0,498100
2026-04-07 09:15:00,1440.0,1445.0,1430.0,1430.0,198300
2026-04-07 09:20:00,1435.0,1435.0,1430.0,1430.0,111400
2026-04-07 09:25:00,1435.0,1435.0,1430.0,1435.0,73300
2026-04-07 09:30:00,1435.0,1435.0,1420.0,1420.0,678200
2026-04-07 09:35:00,1425.0,1425.0,1415.0,1425.0,183600
2026-04-07 09:40:00,1425.0,1425.0,1420.0,1420.0,20000
2026-04-07 09:45:00,1420.0,1425.0,1420.0,1425.0,5100
2026-04-07 09:50:00,1425.0,1425.0,1420.0,1425.0,27500
2026-04-07 09:55:00,1425.0,1425.0,1420.0,1425.0,32600
2026-04-07 10:00:00,1425.0,1425.0,1420.0,1420.0,32400
2026-04-07 10:05:00,1425.0,1435.0,1420.0,1435.0,303100
2026-04-07 10:10:00,1435.0,1435.0,1430.0,1435.0,43900
2026-04-07 10:15:00,1430.0,1435.0,1425.0,1425.0,210200
2026-04-07 10:20:00,1430.0,1435.0,1425.0,1425.0,187900
2026-04-07 10:25:00,1430.0,1435.0,1425.0,1430.0,288700
2026-04-07 10:30:00,1430.0,1430.0,1430.0,1430.0,38900
2026-04-07 10:35:00,1430.0,1435.0,1420.0,1420.0,578500
2026-04-07 10:40:00,1425.0,1425.0,1420.0,1420.0,42900
2026-04-07 10:45:00,1420.0,1420.0,1410.0,1415.0,765700
2026-04-07 10:50:00,1415.0,1420.0,1415.0,1415.0,4800
2026-04-07 10:55:00,1420.0,1420.0,1415.0,1415.0,48200
2026-04-07 11:00:00,1415.0,1420.0,1415.0,1415.0,39600
2026-04-07 11:05:00,1420.0,1420.0,1415.0,1415.0,21600
2026-04-07 11:10:00,1415.0,1420.0,1410.0,1410.0,605000
2026-04-07 11:15:00,1410.0,1415.0,1410.0,1410.0,397700
2026-04-07 11:20:00,1415.0,1415.0,1410.0,1415.0,146900
2026-04-07 11:25:00,1410.0,1415.0,1410.0,1410.0,32300
2026-04-07 11:30:00,1415.0,1415.0,1410.0,1415.0,174200
2026-04-07 11:35:00,1415.0,1420.0,1410.0,1415.0,845000
2026-04-07 11:40:00,1420.0,1420.0,1410.0,1410.0,763600
2026-04-07 11:45:00,1410.0,1415.0,1410.0,1410.0,485200
2026-04-07 11:50:00,1415.0,1415.0,1410.0,1410.0,0
2026-04-07 11:55:00,1410.0,1415.0,1410.0,1410.0,59600
2026-04-07 13:30:00,1415.0,1415.0,1405.0,1405.0,1063500
2026-04-07 13:35:00,1405.0,1410.0,1405.0,1405.0,99800
2026-04-07 13:40:00,1410.0,1410.0,1405.0,1405.0,52200
2026-04-07 13:45:00,1410.0,1410.0,1405.0,1405.0,143800
2026-04-07 13:50:00,1410.0,1410.0,1405.0,1410.0,559400
2026-04-07 13:55:00,1410.0,1415.0,1405.0,1410.0,1398400
2026-04-07 14:00:00,1410.0,1415.0,1405.0,1410.0,424200
2026-04-07 14:05:00,1415.0,1415.0,1410.0,1410.0,23100
2026-04-07 14:10:00,1415.0,1415.0,1410.0,1410.0,167800
2026-04-07 14:15:00,1410.0,1410.0,1405.0,1410.0,435000
2026-04-07 14:20:00,1405.0,1410.0,1405.0,1405.0,404700
2026-04-07 14:25:00,1410.0,1415.0,1405.0,1410.0,427900
2026-04-07 14:30:00,1410.0,1415.0,1405.0,1410.0,690100
2026-04-07 14:35:00,1410.0,1410.0,1405.0,1410.0,216000
2026-04-07 14:40:00,1410.0,1415.0,1410.0,1410.0,5600
2026-04-07 14:45:00,1415.0,1415.0,1410.0,1410.0,136500
2026-04-07 14:50:00,1410.0,1415.0,1410.0,1410.0,154200
2026-04-07 14:55:00,1410.0,1415.0,1410.0,1410.0,133000
2026-04-07 15:00:00,1410.0,1415.0,1410.0,1410.0,117100
2026-04-07 15:05:00,1410.0,1415.0,1410.0,1410.0,315800
2026-04-07 15:10:00,1410.0,1415.0,1410.0,1410.0,93900
2026-04-07 15:15:00,1415.0,1415.0,1405.0,1405.0,613700
2026-04-07 15:20:00,1410.0,1410.0,1405.0,1405.0,306500
2026-04-07 15:25:00,1405.0,1410.0,1405.0,1405.0,225100
2026-04-07 15:30:00,1405.0,1415.0,1405.0,1410.0,504100
2026-04-07 15:35:00,1410.0,1415.0,1405.0,1405.0,453300
2026-04-07 15:40:00,1405.0,1415.0,1405.0,1410.0,169400
2026-04-07 15:45:00,1410.0,1415.0,1405.0,1410.0,556600
2026-04-07 16:00:00,1405.0,1405.0,1405.0,1405.0,2410500
2026-04-07 16:05:00,1405.0,1405.0,1405.0,1405.0,21600
2026-04-07 16:10:00,1405.0,1405.0,1405.0,1405.0,15100
2026-04-08 09:00:00,1445.0,1465.0,1440.0,1465.0,0
2026-04-08 09:05:00,1465.0,1465.0,1460.0,1460.0,1390900
2026-04-08 09:10:00,1460.0,1470.0,1455.0,1470.0,2244000
2026-04-08 09:15:00,1470.0,1475.0,1465.0,1475.0,1359900
2026-04-08 09:20:00,1475.0,1480.0,1470.0,1475.0,1122400
2026-04-08 09:25:00,1480.0,1480.0,1475.0,1475.0,556200
2026-04-08 09:30:00,1475.0,1480.0,1475.0,1475.0,296000
2026-04-08 09:35:00,1475.0,1480.0,1475.0,1475.0,418100
2026-04-08 09:40:00,1475.0,1485.0,1470.0,1470.0,2429700
2026-04-08 09:45:00,1475.0,1480.0,1475.0,1475.0,97200
2026-04-08 09:50:00,1475.0,1480.0,1475.0,1475.0,223100
2026-04-08 09:55:00,1475.0,1485.0,1475.0,1480.0,987100
2026-04-08 10:00:00,1480.0,1495.0,1480.0,1495.0,1434900
2026-04-08 10:05:00,1490.0,1500.0,1490.0,1495.0,601000
2026-04-08 10:10:00,1495.0,1495.0,1490.0,1490.0,416000
2026-04-08 10:15:00,1490.0,1495.0,1490.0,1490.0,82700
2026-04-08 10:20:00,1490.0,1495.0,1490.0,1490.0,577500
2026-04-08 10:25:00,1495.0,1495.0,1490.0,1490.0,139200
2026-04-08 10:30:00,1490.0,1495.0,1490.0,1490.0,178700
2026-04-08 10:35:00,1490.0,1495.0,1485.0,1485.0,946200
2026-04-08 10:40:00,1485.0,1490.0,1480.0,1480.0,408200
2026-04-08 10:45:00,1480.0,1480.0,1475.0,1475.0,436300
2026-04-08 10:50:00,1475.0,1485.0,1475.0,1485.0,209300
2026-04-08 10:55:00,1485.0,1485.0,1480.0,1485.0,56800
2026-04-08 11:00:00,1485.0,1485.0,1480.0,1480.0,173600
2026-04-08 11:05:00,1485.0,1485.0,1480.0,1485.0,144300
2026-04-08 11:10:00,1480.0,1485.0,1480.0,1480.0,69800
2026-04-08 11:15:00,1480.0,1485.0,1480.0,1485.0,71800
2026-04-08 11:20:00,1485.0,1485.0,1480.0,1480.0,85400
2026-04-08 11:25:00,1485.0,1485.0,1480.0,1480.0,98200
2026-04-08 11:30:00,1480.0,1485.0,1480.0,1480.0,58000
2026-04-08 11:35:00,1480.0,1485.0,1480.0,1480.0,95100
2026-04-08 11:40:00,1485.0,1485.0,1480.0,1480.0,82100
2026-04-08 11:45:00,1480.0,1485.0,1480.0,1480.0,244300
2026-04-08 11:50:00,1480.0,1495.0,1480.0,1495.0,1263200
2026-04-08 11:55:00,1490.0,1495.0,1490.0,1490.0,287000
2026-04-08 13:30:00,1495.0,1505.0,1490.0,1505.0,3782400
2026-04-08 13:35:00,1505.0,1505.0,1500.0,1505.0,207100
2026-04-08 13:40:00,1505.0,1510.0,1500.0,1510.0,394600
2026-04-08 13:45:00,1510.0,1510.0,1505.0,1505.0,144500
2026-04-08 13:50:00,1510.0,1510.0,1495.0,1495.0,2041200
2026-04-08 13:55:00,1500.0,1510.0,1500.0,1505.0,1099500
2026-04-08 14:00:00,1505.0,1520.0,1505.0,1515.0,1092600
2026-04-08 14:05:00,1520.0,1520.0,1515.0,1515.0,211900
2026-04-08 14:10:00,1520.0,1525.0,1515.0,1520.0,941900
2026-04-08 14:15:00,1525.0,1525.0,1520.0,1525.0,272100
2026-04-08 14:20:00,1525.0,1525.0,1510.0,1510.0,1432700
2026-04-08 14:25:00,1510.0,1515.0,1510.0,1510.0,686600
2026-04-08 14:30:00,1510.0,1515.0,1510.0,1510.0,699400
2026-04-08 14:35:00,1510.0,1515.0,1505.0,1510.0,1832900
2026-04-08 14:40:00,1515.0,1515.0,1510.0,1515.0,132400
2026-04-08 14:45:00,1510.0,1515.0,1510.0,1510.0,619400
2026-04-08 14:50:00,1510.0,1515.0,1505.0,1510.0,395600
2026-04-08 14:55:00,1510.0,1515.0,1510.0,1510.0,151400
2026-04-08 15:00:00,1515.0,1520.0,1510.0,1520.0,926500
2026-04-08 15:05:00,1520.0,1520.0,1515.0,1520.0,246400
2026-04-08 15:10:00,1515.0,1520.0,1515.0,1520.0,256600
2026-04-08 15:15:00,1520.0,1520.0,1515.0,1515.0,183100
2026-04-08 15:20:00,1520.0,1520.0,1515.0,1515.0,604800
2026-04-08 15:25:00,1520.0,1520.0,1515.0,1520.0,284700
2026-04-08 15:30:00,1520.0,1520.0,1515.0,1520.0,1282700
2026-04-08 15:35:00,1525.0,1530.0,1520.0,1520.0,1321800
2026-04-08 15:40:00,1520.0,1525.0,1520.0,1520.0,266200
2026-04-08 15:45:00,1525.0,1525.0,1520.0,1525.0,845700
2026-04-08 16:00:00,1530.0,1530.0,1530.0,1530.0,3643300
2026-04-08 16:05:00,1530.0,1530.0,1530.0,1530.0,1800
2026-04-09 09:00:00,1525.0,1530.0,1500.0,1520.0,0
2026-04-09 09:05:00,1520.0,1525.0,1510.0,1515.0,668400
2026-04-09 09:10:00,1515.0,1520.0,1515.0,1520.0,445700
2026-04-09 09:15:00,1515.0,1520.0,1515.0,1515.0,510400
2026-04-09 09:20:00,1515.0,1515.0,1510.0,1515.0,53900
2026-04-09 09:25:00,1515.0,1520.0,1510.0,1515.0,513700
2026-04-09 09:30:00,1515.0,1515.0,1510.0,1515.0,49600
2026-04-09 09:35:00,1515.0,1515.0,1510.0,1515.0,101300
2026-04-09 09:40:00,1515.0,1515.0,1510.0,1510.0,75000
2026-04-09 09:45:00,1515.0,1525.0,1510.0,1525.0,985100
2026-04-09 09:50:00,1525.0,1530.0,1520.0,1530.0,523900
2026-04-09 09:55:00,1530.0,1530.0,1520.0,1520.0,385700
2026-04-09 10:00:00,1520.0,1525.0,1520.0,1520.0,214800
2026-04-09 10:05:00,1520.0,1525.0,1520.0,1520.0,75800
2026-04-09 10:10:00,1520.0,1525.0,1515.0,1520.0,598400
2026-04-09 10:15:00,1520.0,1520.0,1515.0,1520.0,553500
2026-04-09 10:20:00,1520.0,1525.0,1520.0,1525.0,397800
2026-04-09 10:25:00,1525.0,1525.0,1515.0,1520.0,717700
2026-04-09 10:30:00,1520.0,1520.0,1520.0,1520.0,18300
2026-04-09 10:35:00,1520.0,1525.0,1515.0,1515.0,421600
2026-04-09 10:40:00,1515.0,1520.0,1515.0,1515.0,296200
2026-04-09 10:45:00,1515.0,1520.0,1510.0,1510.0,545700
2026-04-09 10:50:00,1510.0,1515.0,1510.0,1510.0,124600
2026-04-09 10:55:00,1515.0,1515.0,1505.0,1505.0,422500
2026-04-09 11:00:00,1505.0,1505.0,1500.0,1505.0,435300
2026-04-09 11:05:00,1505.0,1505.0,1500.0,1500.0,286700
2026-04-09 11:10:00,1505.0,1505.0,1500.0,1500.0,259200
2026-04-09 11:15:00,1500.0,1505.0,1500.0,1500.0,79200
2026-04-09 11:20:00,1500.0,1505.0,1500.0,1500.0,110900
2026-04-09 11:25:00,1500.0,1505.0,1500.0,1500.0,186000
2026-04-09 11:30:00,1500.0,1505.0,1500.0,1505.0,367400
2026-04-09 11:35:00,1500.0,1505.0,1500.0,1500.0,72100
2026-04-09 11:40:00,1500.0,1505.0,1500.0,1505.0,138400
2026-04-09 11:45:00,1500.0,1505.0,1500.0,1500.0,295600
2026-04-09 11:50:00,1500.0,1505.0,1500.0,1505.0,619100
2026-04-09 11:55:00,1505.0,1505.0,1500.0,1500.0,89200
2026-04-09 13:30:00,1500.0,1505.0,1480.0,1500.0,5127600
2026-04-09 13:35:00,1500.0,1500.0,1495.0,1495.0,535300
2026-04-09 13:40:00,1500.0,1500.0,1495.0,1500.0,64300
2026-04-09 13:45:00,1500.0,1500.0,1495.0,1495.0,59100
2026-04-09 13:50:00,1495.0,1505.0,1495.0,1505.0,1562800
2026-04-09 13:55:00,1510.0,1510.0,1505.0,1510.0,32500
2026-04-09 14:00:00,1510.0,1510.0,1505.0,1510.0,124600
2026-04-09 14:05:00,1505.0,1510.0,1505.0,1505.0,143700
2026-04-09 14:10:00,1505.0,1510.0,1505.0,1510.0,258000
2026-04-09 14:15:00,1505.0,1510.0,1505.0,1505.0,394400
2026-04-09 14:20:00,1505.0,1510.0,1505.0,1505.0,425900
2026-04-09 14:25:00,1505.0,1510.0,1505.0,1505.0,327600
2026-04-09 14:30:00,1505.0,1505.0,1500.0,1500.0,364800
2026-04-09 14:35:00,1500.0,1505.0,1500.0,1505.0,184900
2026-04-09 14:40:00,1500.0,1505.0,1500.0,1500.0,402400
2026-04-09 14:45:00,1500.0,1505.0,1500.0,1500.0,358300
2026-04-09 14:50:00,1500.0,1505.0,1500.0,1500.0,211500
2026-04-09 14:55:00,1500.0,1505.0,1500.0,1500.0,771500
2026-04-09 15:00:00,1500.0,1505.0,1500.0,1500.0,434700
2026-04-09 15:05:00,1500.0,1505.0,1500.0,1505.0,290700
2026-04-09 15:10:00,1500.0,1505.0,1500.0,1500.0,704600
2026-04-09 15:15:00,1500.0,1505.0,1500.0,1500.0,835300
2026-04-09 15:20:00,1500.0,1505.0,1495.0,1495.0,1349800
2026-04-09 15:25:00,1495.0,1500.0,1490.0,1495.0,877800
2026-04-09 15:30:00,1490.0,1495.0,1490.0,1495.0,941400
2026-04-09 15:35:00,1495.0,1500.0,1490.0,1500.0,1828800
2026-04-09 15:40:00,1500.0,1500.0,1495.0,1495.0,403600
2026-04-09 15:45:00,1495.0,1505.0,1495.0,1505.0,1770000
2026-04-09 16:00:00,1505.0,1505.0,1505.0,1505.0,3370000
2026-04-09 16:05:00,1505.0,1505.0,1505.0,1505.0,34000
2026-04-09 16:10:00,1505.0,1505.0,1505.0,1505.0,1900
2026-04-10 09:00:00,1515.0,1520.0,1510.0,1510.0,0
2026-04-10 09:05:00,1510.0,1515.0,1510.0,1515.0,158700
2026-04-10 09:10:00,1510.0,1520.0,1510.0,1520.0,290400
2026-04-10 09:15:00,1520.0,1520.0,1510.0,1510.0,90000
2026-04-10 09:20:00,1510.0,1515.0,1510.0,1515.0,37200
2026-04-10 09:25:00,1510.0,1520.0,1510.0,1515.0,151800
2026-04-10 09:30:00,1520.0,1520.0,1515.0,1520.0,192300
2026-04-10 09:35:00,1520.0,1520.0,1515.0,1520.0,216200
2026-04-10 09:40:00,1520.0,1520.0,1515.0,1520.0,217300
2026-04-10 09:45:00,1515.0,1520.0,1515.0,1520.0,129500
2026-04-10 09:50:00,1520.0,1520.0,1510.0,1510.0,1173700
2026-04-10 09:55:00,1510.0,1515.0,1510.0,1510.0,170400
2026-04-10 10:00:00,1510.0,1515.0,1510.0,1510.0,173300
2026-04-10 10:05:00,1510.0,1515.0,1510.0,1510.0,141000
2026-04-10 10:10:00,1510.0,1515.0,1510.0,1510.0,42800
2026-04-10 10:15:00,1510.0,1515.0,1510.0,1515.0,51100
2026-04-10 10:20:00,1510.0,1515.0,1510.0,1515.0,62500
2026-04-10 10:25:00,1510.0,1515.0,1505.0,1505.0,400800
2026-04-10 10:30:00,1505.0,1510.0,1505.0,1505.0,97500
2026-04-10 10:35:00,1505.0,1505.0,1500.0,1505.0,271200
2026-04-10 10:40:00,1500.0,1505.0,1500.0,1500.0,150000
2026-04-10 10:45:00,1505.0,1510.0,1500.0,1510.0,709600
2026-04-10 10:50:00,1505.0,1515.0,1505.0,1515.0,362900
2026-04-10 10:55:00,1510.0,1515.0,1510.0,1515.0,53500
2026-04-10 11:00:00,1510.0,1510.0,1500.0,1510.0,651600
2026-04-10 11:05:00,1510.0,1515.0,1510.0,1515.0,16200
2026-04-10 11:10:00,1515.0,1515.0,1510.0,1510.0,4500
2026-04-10 11:15:00,1515.0,1515.0,1505.0,1510.0,170500
2026-04-10 11:20:00,1510.0,1510.0,1505.0,1505.0,15400
2026-04-10 11:25:00,1510.0,1510.0,1505.0,1505.0,45300
2026-04-10 14:00:00,1505.0,1510.0,1500.0,1500.0,1310600
2026-04-10 14:05:00,1500.0,1505.0,1490.0,1495.0,2112900
2026-04-10 14:10:00,1495.0,1500.0,1490.0,1500.0,564700
2026-04-10 14:15:00,1500.0,1500.0,1495.0,1500.0,207500
2026-04-10 14:20:00,1500.0,1500.0,1495.0,1500.0,152400
2026-04-10 14:25:00,1500.0,1500.0,1495.0,1495.0,31600
2026-04-10 14:30:00,1500.0,1500.0,1495.0,1495.0,101900
2026-04-10 14:35:00,1495.0,1500.0,1495.0,1495.0,609400
2026-04-10 14:40:00,1500.0,1500.0,1495.0,1495.0,107200
2026-04-10 14:45:00,1500.0,1500.0,1490.0,1495.0,1731400
2026-04-10 14:50:00,1495.0,1495.0,1485.0,1485.0,888900
2026-04-10 14:55:00,1490.0,1490.0,1485.0,1490.0,145000
2026-04-10 15:00:00,1490.0,1495.0,1485.0,1490.0,740600
2026-04-10 15:05:00,1490.0,1490.0,1485.0,1485.0,429300
2026-04-10 15:10:00,1485.0,1485.0,1480.0,1480.0,327700
2026-04-10 15:15:00,1485.0,1485.0,1475.0,1480.0,813500
2026-04-10 15:20:00,1475.0,1485.0,1465.0,1475.0,2078800
2026-04-10 15:25:00,1475.0,1480.0,1475.0,1475.0,391800
2026-04-10 15:30:00,1480.0,1480.0,1470.0,1480.0,1289700
2026-04-10 15:35:00,1475.0,1480.0,1470.0,1480.0,412200
2026-04-10 15:40:00,1475.0,1480.0,1470.0,1470.0,967500
2026-04-10 15:45:00,1470.0,1485.0,1470.0,1480.0,1472600
2026-04-10 16:00:00,1490.0,1490.0,1490.0,1490.0,3027400
2026-04-10 16:05:00,1490.0,1490.0,1490.0,1490.0,101400
2026-04-10 16:10:00,1490.0,1490.0,1490.0,1490.0,15300
2026-04-13 09:00:00,1485.0,1485.0,1460.0,1470.0,0
2026-04-13 09:05:00,1465.0,1485.0,1465.0,1485.0,466400
2026-04-13 09:10:00,1485.0,1485.0,1480.0,1485.0,17800
2026-04-13 09:15:00,1480.0,1490.0,1475.0,1485.0,642400
2026-04-13 09:20:00,1485.0,1490.0,1485.0,1485.0,23800
2026-04-13 09:25:00,1485.0,1490.0,1485.0,1485.0,49800
2026-04-13 09:30:00,1485.0,1490.0,1485.0,1490.0,249300
2026-04-13 09:35:00,1490.0,1495.0,1485.0,1485.0,1175100
2026-04-13 09:40:00,1490.0,1490.0,1485.0,1485.0,38700
2026-04-13 09:45:00,1485.0,1490.0,1485.0,1485.0,172300
2026-04-13 09:50:00,1490.0,1490.0,1485.0,1485.0,11900
2026-04-13 09:55:00,1485.0,1490.0,1480.0,1485.0,473900
2026-04-13 10:00:00,1490.0,1490.0,1485.0,1485.0,102800
2026-04-13 10:05:00,1485.0,1490.0,1480.0,1485.0,295700
2026-04-13 10:10:00,1485.0,1490.0,1485.0,1485.0,101000
2026-04-13 10:15:00,1485.0,1490.0,1485.0,1485.0,67400
2026-04-13 10:20:00,1490.0,1490.0,1485.0,1490.0,39500
2026-04-13 10:25:00,1485.0,1490.0,1485.0,1485.0,208600
2026-04-13 10:30:00,1485.0,1490.0,1485.0,1485.0,59400
2026-04-13 10:35:00,1485.0,1490.0,1485.0,1485.0,163500
2026-04-13 10:40:00,1485.0,1485.0,1480.0,1480.0,800900
2026-04-13 10:45:00,1480.0,1485.0,1480.0,1480.0,79800
2026-04-13 10:50:00,1480.0,1485.0,1480.0,1480.0,107100
2026-04-13 10:55:00,1485.0,1485.0,1480.0,1480.0,86100
2026-04-13 11:00:00,1480.0,1485.0,1480.0,1480.0,1240500
2026-04-13 11:05:00,1485.0,1485.0,1480.0,1485.0,33600
2026-04-13 11:10:00,1480.0,1490.0,1480.0,1490.0,695400
2026-04-13 11:15:00,1490.0,1490.0,1485.0,1490.0,58100
2026-04-13 11:20:00,1490.0,1490.0,1485.0,1490.0,94100
2026-04-13 11:25:00,1490.0,1490.0,1485.0,1490.0,53700
2026-04-13 11:30:00,1485.0,1490.0,1485.0,1490.0,148000
2026-04-13 11:35:00,1490.0,1490.0,1485.0,1490.0,25900
2026-04-13 11:40:00,1490.0,1500.0,1490.0,1500.0,940200
2026-04-13 11:45:00,1500.0,1505.0,1500.0,1505.0,80800
2026-04-13 11:50:00,1505.0,1505.0,1500.0,1500.0,28400
2026-04-13 11:55:00,1500.0,1505.0,1500.0,1500.0,69200
2026-04-13 13:30:00,1500.0,1500.0,1490.0,1490.0,1426800
2026-04-13 13:35:00,1490.0,1495.0,1490.0,1490.0,250100
2026-04-13 13:40:00,1495.0,1500.0,1490.0,1500.0,441500
2026-04-13 13:45:00,1495.0,1500.0,1495.0,1500.0,18800
2026-04-13 13:50:00,1500.0,1500.0,1495.0,1495.0,99900
2026-04-13 13:55:00,1495.0,1500.0,1495.0,1495.0,103500
2026-04-13 14:00:00,1495.0,1500.0,1495.0,1495.0,166300
2026-04-13 14:05:00,1495.0,1500.0,1490.0,1495.0,170500
2026-04-13 14:10:00,1495.0,1500.0,1495.0,1495.0,169400
2026-04-13 14:15:00,1495.0,1500.0,1495.0,1495.0,103900
2026-04-13 14:20:00,1495.0,1500.0,1495.0,1495.0,99300
2026-04-13 14:25:00,1495.0,1500.0,1495.0,1495.0,404500
2026-04-13 14:30:00,1495.0,1500.0,1495.0,1495.0,573400
2026-04-13 14:35:00,1495.0,1500.0,1495.0,1495.0,210600
2026-04-13 14:40:00,1495.0,1500.0,1495.0,1500.0,774100
2026-04-13 14:45:00,1500.0,1500.0,1495.0,1500.0,583800
2026-04-13 14:50:00,1500.0,1505.0,1500.0,1505.0,296500
2026-04-13 14:55:00,1505.0,1505.0,1500.0,1500.0,514400
2026-04-13 15:00:00,1500.0,1500.0,1495.0,1500.0,60000
2026-04-13 15:05:00,1495.0,1500.0,1495.0,1495.0,129500
2026-04-13 15:10:00,1495.0,1500.0,1495.0,1500.0,370700
2026-04-13 15:15:00,1495.0,1500.0,1495.0,1495.0,151000
2026-04-13 15:20:00,1495.0,1500.0,1495.0,1495.0,117700
2026-04-13 15:25:00,1495.0,1500.0,1495.0,1495.0,110400
2026-04-13 15:30:00,1495.0,1495.0,1495.0,1495.0,180700
2026-04-13 15:35:00,1495.0,1500.0,1495.0,1495.0,210500
2026-04-13 15:40:00,1495.0,1500.0,1495.0,1495.0,346100
2026-04-13 15:45:00,1495.0,1495.0,1490.0,1490.0,552300
2026-04-13 16:00:00,1500.0,1500.0,1500.0,1500.0,3809800
2026-04-13 16:05:00,1500.0,1500.0,1500.0,1500.0,9400
2026-04-13 16:10:00,1500.0,1500.0,1500.0,1500.0,0
2026-04-14 09:00:00,1510.0,1520.0,1510.0,1515.0,0
2026-04-14 09:05:00,1515.0,1515.0,1510.0,1510.0,100900
2026-04-14 09:10:00,1510.0,1515.0,1510.0,1510.0,197400
2026-04-14 09:15:00,1510.0,1515.0,1510.0,1510.0,414500
2026-04-14 09:20:00,1515.0,1515.0,1510.0,1510.0,59100
2026-04-14 09:25:00,1510.0,1520.0,1510.0,1515.0,1003300
2026-04-14 09:30:00,1520.0,1520.0,1510.0,1515.0,270200
2026-04-14 09:35:00,1515.0,1515.0,1510.0,1515.0,208600
2026-04-14 09:40:00,1510.0,1515.0,1510.0,1510.0,30400
2026-04-14 09:45:00,1510.0,1525.0,1510.0,1525.0,929500
2026-04-14 09:50:00,1525.0,1525.0,1520.0,1520.0,165000
2026-04-14 09:55:00,1525.0,1530.0,1520.0,1530.0,1020300
2026-04-14 10:00:00,1530.0,1530.0,1525.0,1530.0,266100
2026-04-14 10:05:00,1530.0,1530.0,1525.0,1530.0,371500
2026-04-14 10:10:00,1530.0,1535.0,1530.0,1535.0,411500
2026-04-14 10:15:00,1535.0,1540.0,1530.0,1540.0,372100
2026-04-14 10:20:00,1535.0,1540.0,1535.0,1535.0,126900
2026-04-14 10:25:00,1540.0,1545.0,1535.0,1540.0,332600
2026-04-14 10:30:00,1540.0,1545.0,1540.0,1540.0,280200
2026-04-14 10:35:00,1540.0,1545.0,1540.0,1540.0,161300
2026-04-14 10:40:00,1545.0,1545.0,1540.0,1540.0,231800
2026-04-14 10:45:00,1545.0,1545.0,1540.0,1540.0,152100
2026-04-14 10:50:00,1540.0,1545.0,1540.0,1545.0,122700
2026-04-14 10:55:00,1545.0,1545.0,1540.0,1545.0,125500
2026-04-14 11:00:00,1540.0,1545.0,1540.0,1540.0,87600
2026-04-14 11:05:00,1545.0,1545.0,1540.0,1540.0,54000
2026-04-14 11:10:00,1545.0,1545.0,1540.0,1540.0,262400
2026-04-14 11:15:00,1540.0,1545.0,1540.0,1540.0,180500
2026-04-14 11:20:00,1540.0,1545.0,1540.0,1545.0,156700
2026-04-14 11:25:00,1545.0,1545.0,1540.0,1540.0,221500
2026-04-14 11:30:00,1540.0,1545.0,1540.0,1540.0,78800
2026-04-14 11:35:00,1545.0,1545.0,1540.0,1540.0,37400
2026-04-14 11:40:00,1545.0,1545.0,1540.0,1545.0,73100
2026-04-14 11:45:00,1545.0,1545.0,1540.0,1540.0,292600
2026-04-14 11:50:00,1540.0,1545.0,1540.0,1540.0,84100
2026-04-14 11:55:00,1545.0,1545.0,1540.0,1545.0,277800
2026-04-14 13:30:00,1540.0,1550.0,1530.0,1540.0,2430600
2026-04-14 13:35:00,1540.0,1545.0,1525.0,1530.0,1078900
2026-04-14 13:40:00,1535.0,1545.0,1530.0,1545.0,361600
2026-04-14 13:45:00,1545.0,1545.0,1535.0,1540.0,391300
2026-04-14 13:50:00,1535.0,1540.0,1535.0,1540.0,45100
2026-04-14 13:55:00,1540.0,1545.0,1535.0,1545.0,560100
2026-04-14 14:00:00,1545.0,1545.0,1535.0,1535.0,458000
2026-04-14 14:05:00,1535.0,1540.0,1535.0,1535.0,0
2026-04-14 14:10:00,1535.0,1540.0,1535.0,1535.0,83600
2026-04-14 14:15:00,1535.0,1540.0,1530.0,1530.0,604700
2026-04-14 14:20:00,1530.0,1535.0,1530.0,1530.0,46100
2026-04-14 14:25:00,1535.0,1535.0,1530.0,1530.0,245600
2026-04-14 14:30:00,1530.0,1535.0,1530.0,1530.0,185200
2026-04-14 14:35:00,1535.0,1535.0,1530.0,1530.0,180200
2026-04-14 14:40:00,1535.0,1535.0,1530.0,1530.0,188000
2026-04-14 14:45:00,1535.0,1540.0,1530.0,1535.0,332400
2026-04-14 14:50:00,1540.0,1540.0,1530.0,1535.0,818400
2026-04-14 14:55:00,1535.0,1535.0,1530.0,1535.0,61000
2026-04-14 15:00:00,1535.0,1535.0,1520.0,1525.0,1233700
2026-04-14 15:05:00,1525.0,1530.0,1525.0,1525.0,172200
2026-04-14 15:10:00,1525.0,1530.0,1525.0,1530.0,77300
2026-04-14 15:15:00,1525.0,1530.0,1525.0,1525.0,353400
2026-04-14 15:20:00,1530.0,1530.0,1520.0,1525.0,818000
2026-04-14 15:25:00,1525.0,1525.0,1515.0,1520.0,1319400
2026-04-14 15:30:00,1520.0,1525.0,1520.0,1525.0,58700
2026-04-14 15:35:00,1525.0,1525.0,1520.0,1525.0,556500
2026-04-14 15:40:00,1525.0,1530.0,1515.0,1525.0,2065500
2026-04-14 15:45:00,1530.0,1535.0,1525.0,1530.0,925400
2026-04-14 16:00:00,1530.0,1530.0,1530.0,1530.0,1521100
2026-04-14 16:05:00,1530.0,1530.0,1530.0,1530.0,3600
2026-04-14 16:10:00,1530.0,1530.0,1530.0,1530.0,400
2026-04-15 09:00:00,1540.0,1565.0,1535.0,1545.0,0
2026-04-15 09:05:00,1545.0,1545.0,1535.0,1540.0,256500
2026-04-15 09:10:00,1535.0,1545.0,1535.0,1535.0,555200
2026-04-15 09:15:00,1535.0,1540.0,1520.0,1520.0,794000
2026-04-15 09:20:00,1520.0,1525.0,1520.0,1520.0,155100
2026-04-15 09:25:00,1525.0,1535.0,1520.0,1530.0,556400
2026-04-15 09:30:00,1530.0,1530.0,1520.0,1525.0,204000
2026-04-15 09:35:00,1525.0,1525.0,1510.0,1515.0,1090600
2026-04-15 09:40:00,1515.0,1520.0,1515.0,1520.0,28300
2026-04-15 09:45:00,1520.0,1525.0,1515.0,1525.0,421400
2026-04-15 09:50:00,1525.0,1525.0,1520.0,1520.0,659700
2026-04-15 09:55:00,1520.0,1525.0,1520.0,1525.0,128500
2026-04-15 10:00:00,1520.0,1525.0,1520.0,1525.0,146900
2026-04-15 10:05:00,1525.0,1525.0,1520.0,1525.0,215100
2026-04-15 10:10:00,1525.0,1530.0,1525.0,1530.0,192500
2026-04-15 10:15:00,1530.0,1530.0,1525.0,1525.0,154600
2026-04-15 10:20:00,1525.0,1525.0,1525.0,1525.0,96000
2026-04-15 10:25:00,1525.0,1530.0,1525.0,1530.0,28500
2026-04-15 10:30:00,1525.0,1530.0,1525.0,1525.0,3500
2026-04-15 10:35:00,1525.0,1530.0,1525.0,1525.0,24200
2026-04-15 10:40:00,1530.0,1530.0,1525.0,1530.0,48000
2026-04-15 10:45:00,1525.0,1530.0,1525.0,1525.0,178600
2026-04-15 10:50:00,1530.0,1530.0,1520.0,1520.0,140900
2026-04-15 10:55:00,1525.0,1525.0,1520.0,1525.0,20100
2026-04-15 11:00:00,1525.0,1525.0,1525.0,1525.0,13100
2026-04-15 11:05:00,1525.0,1525.0,1520.0,1525.0,74700
2026-04-15 11:10:00,1525.0,1530.0,1520.0,1530.0,405800
2026-04-15 11:15:00,1525.0,1535.0,1525.0,1530.0,513300
2026-04-15 11:20:00,1530.0,1530.0,1525.0,1525.0,204800
2026-04-15 11:25:00,1525.0,1530.0,1525.0,1530.0,10100
2026-04-15 11:30:00,1530.0,1530.0,1525.0,1525.0,11600
2026-04-15 11:35:00,1525.0,1530.0,1525.0,1525.0,60700
2026-04-15 11:40:00,1525.0,1530.0,1525.0,1525.0,80900
2026-04-15 11:45:00,1525.0,1535.0,1525.0,1535.0,402200
2026-04-15 11:50:00,1535.0,1535.0,1525.0,1530.0,339600
2026-04-15 11:55:00,1530.0,1530.0,1525.0,1530.0,33900
2026-04-15 13:30:00,1525.0,1535.0,1525.0,1530.0,1196800
2026-04-15 13:35:00,1525.0,1530.0,1525.0,1530.0,99500
2026-04-15 13:40:00,1525.0,1530.0,1520.0,1520.0,303700
2026-04-15 13:45:00,1520.0,1530.0,1520.0,1530.0,588500
2026-04-15 13:50:00,1530.0,1535.0,1525.0,1530.0,489600
2026-04-15 13:55:00,1530.0,1530.0,1525.0,1530.0,72000
2026-04-15 14:00:00,1530.0,1530.0,1525.0,1530.0,194700
2026-04-15 14:05:00,1530.0,1530.0,1525.0,1530.0,67500
2026-04-15 14:10:00,1530.0,1530.0,1525.0,1530.0,75300
2026-04-15 14:15:00,1530.0,1530.0,1525.0,1525.0,120900
2026-04-15 14:20:00,1530.0,1530.0,1525.0,1530.0,134500
2026-04-15 14:25:00,1525.0,1530.0,1525.0,1530.0,251300
2026-04-15 14:30:00,1525.0,1535.0,1525.0,1535.0,354000
2026-04-15 14:35:00,1535.0,1535.0,1530.0,1535.0,353000
2026-04-15 14:40:00,1535.0,1535.0,1530.0,1535.0,106000
2026-04-15 14:45:00,1535.0,1540.0,1530.0,1530.0,780400
2026-04-15 14:50:00,1535.0,1535.0,1530.0,1530.0,16800
2026-04-15 14:55:00,1530.0,1535.0,1530.0,1535.0,230900
2026-04-15 15:00:00,1530.0,1535.0,1530.0,1530.0,203000
2026-04-15 15:05:00,1535.0,1540.0,1525.0,1530.0,2440500
2026-04-15 15:10:00,1530.0,1535.0,1525.0,1530.0,2241000
2026-04-15 15:15:00,1530.0,1535.0,1530.0,1530.0,652600
2026-04-15 15:20:00,1535.0,1535.0,1530.0,1530.0,63500
2026-04-15 15:25:00,1530.0,1535.0,1530.0,1530.0,224600
2026-04-15 15:30:00,1535.0,1535.0,1530.0,1530.0,826300
2026-04-15 15:35:00,1530.0,1535.0,1530.0,1530.0,617700
2026-04-15 15:40:00,1535.0,1535.0,1530.0,1530.0,1329000
2026-04-15 15:45:00,1530.0,1535.0,1525.0,1530.0,1743700
2026-04-15 16:00:00,1530.0,1530.0,1530.0,1530.0,6904300
2026-04-15 16:05:00,1530.0,1530.0,1530.0,1530.0,2109900
2026-04-15 16:10:00,1530.0,1530.0,1530.0,1530.0,496700
2026-04-16 09:00:00,1535.0,1540.0,1530.0,1535.0,0
2026-04-16 09:05:00,1535.0,1535.0,1525.0,1530.0,1419700
2026-04-16 09:10:00,1530.0,1535.0,1530.0,1535.0,1110700
2026-04-16 09:15:00,1535.0,1535.0,1530.0,1535.0,252000
2026-04-16 09:20:00,1535.0,1535.0,1530.0,1535.0,117500
2026-04-16 09:25:00,1530.0,1535.0,1520.0,1525.0,1730100
2026-04-16 09:30:00,1525.0,1530.0,1525.0,1525.0,200200
2026-04-16 09:35:00,1525.0,1530.0,1525.0,1530.0,52000
2026-04-16 09:40:00,1525.0,1540.0,1525.0,1530.0,2299000
2026-04-16 09:45:00,1535.0,1535.0,1530.0,1535.0,244900
2026-04-16 09:50:00,1535.0,1535.0,1530.0,1530.0,215100
2026-04-16 09:55:00,1530.0,1540.0,1530.0,1535.0,795800
2026-04-16 10:00:00,1540.0,1540.0,1535.0,1535.0,630900
2026-04-16 10:05:00,1540.0,1540.0,1535.0,1540.0,119900
2026-04-16 10:10:00,1535.0,1540.0,1535.0,1535.0,409500
2026-04-16 10:15:00,1535.0,1540.0,1530.0,1535.0,489900
2026-04-16 10:20:00,1535.0,1540.0,1535.0,1535.0,604400
2026-04-16 10:25:00,1535.0,1540.0,1535.0,1535.0,330100
2026-04-16 10:30:00,1530.0,1540.0,1530.0,1540.0,456300
2026-04-16 10:35:00,1540.0,1540.0,1535.0,1540.0,191800
2026-04-16 10:40:00,1540.0,1540.0,1535.0,1535.0,37900
2026-04-16 10:45:00,1535.0,1540.0,1530.0,1530.0,279900
2026-04-16 10:50:00,1530.0,1535.0,1530.0,1530.0,235000
2026-04-16 10:55:00,1535.0,1540.0,1535.0,1535.0,546400
2026-04-16 11:00:00,1535.0,1540.0,1535.0,1540.0,319800
2026-04-16 11:05:00,1540.0,1540.0,1535.0,1540.0,115900
2026-04-16 11:10:00,1540.0,1545.0,1535.0,1540.0,540100
2026-04-16 11:15:00,1545.0,1545.0,1540.0,1545.0,13400
2026-04-16 11:20:00,1545.0,1545.0,1540.0,1540.0,111000
2026-04-16 11:25:00,1545.0,1545.0,1540.0,1540.0,195700
2026-04-16 11:30:00,1540.0,1545.0,1540.0,1540.0,319400
2026-04-16 11:35:00,1545.0,1545.0,1540.0,1540.0,372600
2026-04-16 11:40:00,1540.0,1545.0,1540.0,1540.0,113100
2026-04-16 11:45:00,1540.0,1550.0,1540.0,1545.0,975600
2026-04-16 11:50:00,1550.0,1550.0,1545.0,1550.0,195100
2026-04-16 11:55:00,1545.0,1550.0,1540.0,1540.0,369800
2026-04-16 13:30:00,1540.0,1545.0,1535.0,1540.0,2101300
2026-04-16 13:35:00,1545.0,1545.0,1540.0,1545.0,854200
2026-04-16 13:40:00,1545.0,1545.0,1540.0,1545.0,79600
2026-04-16 13:45:00,1545.0,1545.0,1540.0,1540.0,215800
2026-04-16 13:50:00,1545.0,1545.0,1535.0,1540.0,250500
2026-04-16 13:55:00,1540.0,1540.0,1535.0,1535.0,305200
2026-04-16 14:00:00,1540.0,1540.0,1535.0,1535.0,59900
2026-04-16 14:05:00,1535.0,1540.0,1535.0,1540.0,180700
2026-04-16 14:10:00,1535.0,1540.0,1535.0,1540.0,338300
2026-04-16 14:15:00,1540.0,1540.0,1535.0,1540.0,57400
2026-04-16 14:20:00,1535.0,1540.0,1535.0,1540.0,94000
2026-04-16 14:25:00,1540.0,1540.0,1535.0,1535.0,230600
2026-04-16 14:30:00,1535.0,1540.0,1535.0,1540.0,91500
2026-04-16 14:35:00,1540.0,1540.0,1535.0,1540.0,523300
2026-04-16 14:40:00,1540.0,1540.0,1535.0,1540.0,47400
2026-04-16 14:45:00,1540.0,1540.0,1535.0,1535.0,49200
2026-04-16 14:50:00,1540.0,1540.0,1535.0,1540.0,59900
2026-04-16 14:55:00,1540.0,1540.0,1535.0,1535.0,67000
2026-04-16 15:00:00,1540.0,1540.0,1535.0,1535.0,269900
2026-04-16 15:05:00,1540.0,1540.0,1535.0,1535.0,97900
2026-04-16 15:10:00,1540.0,1540.0,1535.0,1535.0,185200
2026-04-16 15:15:00,1535.0,1540.0,1535.0,1535.0,256400
2026-04-16 15:20:00,1535.0,1540.0,1535.0,1535.0,800200
2026-04-16 15:25:00,1535.0,1540.0,1535.0,1535.0,671800
2026-04-16 15:30:00,1540.0,1540.0,1535.0,1535.0,111700
2026-04-16 15:35:00,1535.0,1545.0,1535.0,1545.0,3253600
2026-04-16 15:40:00,1545.0,1545.0,1540.0,1540.0,197900
2026-04-16 15:45:00,1545.0,1545.0,1540.0,1545.0,1320000
2026-04-16 16:00:00,1540.0,1540.0,1540.0,1540.0,5449300
2026-04-16 16:05:00,1540.0,1540.0,1540.0,1540.0,41400
2026-04-16 16:10:00,1540.0,1540.0,1540.0,1540.0,191600
2026-04-17 09:00:00,1540.0,1540.0,1510.0,1520.0,0
2026-04-17 09:05:00,1520.0,1530.0,1520.0,1530.0,988900
2026-04-17 09:10:00,1530.0,1530.0,1525.0,1525.0,107500
2026-04-17 09:15:00,1530.0,1530.0,1525.0,1530.0,42000
2026-04-17 09:20:00,1530.0,1530.0,1520.0,1520.0,673500
2026-04-17 09:25:00,1520.0,1525.0,1520.0,1520.0,367500
2026-04-17 09:30:00,1520.0,1530.0,1515.0,1530.0,1530800
2026-04-17 09:35:00,1530.0,1540.0,1530.0,1535.0,442200
2026-04-17 09:40:00,1535.0,1540.0,1535.0,1540.0,83800
2026-04-17 09:45:00,1540.0,1540.0,1530.0,1535.0,52400
2026-04-17 09:50:00,1535.0,1535.0,1530.0,1535.0,241100
2026-04-17 09:55:00,1535.0,1540.0,1535.0,1540.0,131800
2026-04-17 10:00:00,1540.0,1540.0,1535.0,1535.0,12900
2026-04-17 10:05:00,1540.0,1545.0,1535.0,1540.0,567000
2026-04-17 10:10:00,1540.0,1545.0,1535.0,1535.0,429500
2026-04-17 10:15:00,1535.0,1540.0,1535.0,1535.0,20000
2026-04-17 10:20:00,1540.0,1550.0,1535.0,1545.0,1282200
2026-04-17 10:25:00,1545.0,1550.0,1545.0,1545.0,198000
2026-04-17 10:30:00,1545.0,1555.0,1540.0,1545.0,1363500
2026-04-17 10:35:00,1550.0,1550.0,1545.0,1545.0,0
2026-04-17 10:40:00,1550.0,1550.0,1545.0,1545.0,156400
2026-04-17 10:45:00,1550.0,1550.0,1540.0,1545.0,908400
2026-04-17 10:50:00,1545.0,1545.0,1540.0,1540.0,45700
2026-04-17 10:55:00,1545.0,1545.0,1540.0,1545.0,616900
2026-04-17 11:00:00,1540.0,1545.0,1540.0,1545.0,254100
2026-04-17 11:05:00,1545.0,1545.0,1540.0,1545.0,27500
2026-04-17 11:10:00,1545.0,1545.0,1540.0,1540.0,100600
2026-04-17 11:15:00,1545.0,1545.0,1540.0,1540.0,7700
2026-04-17 11:20:00,1540.0,1545.0,1540.0,1540.0,347600
2026-04-17 11:25:00,1545.0,1545.0,1540.0,1540.0,216800
2026-04-17 14:00:00,1540.0,1560.0,1535.0,1550.0,4368500
2026-04-17 14:05:00,1545.0,1550.0,1535.0,1540.0,543100
2026-04-17 14:10:00,1540.0,1560.0,1540.0,1550.0,956200
2026-04-17 14:15:00,1555.0,1570.0,1550.0,1560.0,1373300
2026-04-17 14:20:00,1560.0,1565.0,1545.0,1550.0,2406900
2026-04-17 14:25:00,1550.0,1555.0,1545.0,1545.0,467700
2026-04-17 14:30:00,1550.0,1555.0,1545.0,1550.0,274900
2026-04-17 14:35:00,1550.0,1555.0,1545.0,1545.0,447300
2026-04-17 14:40:00,1550.0,1550.0,1535.0,1540.0,2129900
2026-04-17 14:45:00,1540.0,1540.0,1535.0,1535.0,0
2026-04-17 14:50:00,1535.0,1540.0,1535.0,1540.0,229400
2026-04-17 14:55:00,1540.0,1540.0,1535.0,1540.0,65600
2026-04-17 15:00:00,1540.0,1545.0,1540.0,1545.0,386000
2026-04-17 15:05:00,1540.0,1545.0,1540.0,1540.0,30500
2026-04-17 15:10:00,1540.0,1545.0,1535.0,1535.0,1456000
2026-04-17 15:15:00,1535.0,1540.0,1535.0,1535.0,223300
2026-04-17 15:20:00,1535.0,1550.0,1530.0,1535.0,2880700
2026-04-17 15:25:00,1535.0,1540.0,1535.0,1535.0,79100
2026-04-17 15:30:00,1535.0,1540.0,1535.0,1535.0,464900
2026-04-17 15:35:00,1535.0,1540.0,1530.0,1530.0,623300
2026-04-17 15:40:00,1530.0,1535.0,1530.0,1530.0,2300300
2026-04-17 15:45:00,1530.0,1540.0,1525.0,1535.0,2985200
2026-04-17 16:00:00,1530.0,1530.0,1530.0,1530.0,8995100
2026-04-17 16:05:00,1530.0,1530.0,1530.0,1530.0,148700
2026-04-17 16:10:00,1530.0,1530.0,1530.0,1530.0,10300
2026-04-20 09:00:00,1535.0,1535.0,1510.0,1515.0,0
2026-04-20 09:05:00,1515.0,1520.0,1505.0,1515.0,975300
2026-04-20 09:10:00,1510.0,1520.0,1510.0,1520.0,353900
2026-04-20 09:15:00,1515.0,1520.0,1510.0,1515.0,416700
2026-04-20 09:20:00,1515.0,1515.0,1510.0,1510.0,269300
2026-04-20 09:25:00,1515.0,1515.0,1510.0,1510.0,177600
2026-04-20 09:30:00,1510.0,1515.0,1505.0,1515.0,620100
2026-04-20 09:35:00,1515.0,1520.0,1510.0,1520.0,302300
2026-04-20 09:40:00,1515.0,1520.0,1515.0,1515.0,149300
2026-04-20 09:45:00,1515.0,1520.0,1515.0,1515.0,216400
2026-04-20 09:50:00,1515.0,1520.0,1515.0,1515.0,72000
2026-04-20 09:55:00,1520.0,1520.0,1515.0,1520.0,98600
2026-04-20 10:00:00,1515.0,1520.0,1515.0,1515.0,67700
2026-04-20 10:05:00,1520.0,1520.0,1515.0,1515.0,233900
2026-04-20 10:10:00,1515.0,1520.0,1515.0,1520.0,108700
2026-04-20 10:15:00,1520.0,1520.0,1515.0,1520.0,193300
2026-04-20 10:20:00,1520.0,1520.0,1515.0,1515.0,36800
2026-04-20 10:25:00,1520.0,1520.0,1515.0,1520.0,104100
2026-04-20 10:30:00,1520.0,1520.0,1515.0,1520.0,18800
2026-04-20 10:35:00,1520.0,1520.0,1505.0,1505.0,1411800
2026-04-20 10:40:00,1510.0,1510.0,1500.0,1500.0,620300
2026-04-20 10:45:00,1500.0,1505.0,1495.0,1495.0,527500
2026-04-20 10:50:00,1500.0,1500.0,1495.0,1495.0,323200
2026-04-20 10:55:00,1500.0,1500.0,1495.0,1495.0,129300
2026-04-20 11:00:00,1495.0,1500.0,1495.0,1495.0,143400
2026-04-20 11:05:00,1495.0,1500.0,1495.0,1495.0,38700
2026-04-20 11:10:00,1495.0,1500.0,1495.0,1495.0,72700
2026-04-20 11:15:00,1495.0,1500.0,1495.0,1495.0,47000
2026-04-20 11:20:00,1500.0,1500.0,1495.0,1495.0,66800
2026-04-20 11:25:00,1495.0,1500.0,1495.0,1495.0,55900
2026-04-20 16:05:00,1460.0,1460.0,1460.0,1460.0,21850100
2026-04-21 09:00:00,1480.0,1490.0,1470.0,1475.0,0
2026-04-21 09:05:00,1480.0,1485.0,1475.0,1475.0,960800
2026-04-21 09:10:00,1480.0,1480.0,1470.0,1475.0,1105200
2026-04-21 09:15:00,1480.0,1480.0,1470.0,1470.0,975700
2026-04-21 09:20:00,1475.0,1475.0,1470.0,1475.0,275600
2026-04-21 09:25:00,1475.0,1480.0,1470.0,1480.0,411700
2026-04-21 09:30:00,1480.0,1480.0,1470.0,1470.0,861500
2026-04-21 09:35:00,1470.0,1475.0,1465.0,1475.0,473100
2026-04-21 09:40:00,1475.0,1480.0,1475.0,1475.0,250400
2026-04-21 09:45:00,1480.0,1480.0,1465.0,1475.0,872500
2026-04-21 09:50:00,1475.0,1475.0,1470.0,1475.0,291900
2026-04-21 09:55:00,1475.0,1475.0,1470.0,1475.0,260500
2026-04-21 10:00:00,1470.0,1475.0,1460.0,1460.0,947900
2026-04-21 10:05:00,1465.0,1465.0,1440.0,1445.0,2289400
2026-04-21 10:10:00,1450.0,1450.0,1440.0,1445.0,538800
2026-04-21 10:15:00,1450.0,1460.0,1445.0,1455.0,397200
2026-04-21 10:20:00,1460.0,1460.0,1450.0,1455.0,700200
2026-04-21 10:25:00,1455.0,1455.0,1450.0,1455.0,863800
2026-04-21 10:30:00,1450.0,1455.0,1445.0,1445.0,1358300
2026-04-21 10:35:00,1450.0,1460.0,1445.0,1455.0,753200
2026-04-21 10:40:00,1450.0,1455.0,1450.0,1450.0,661900
2026-04-21 10:45:00,1450.0,1450.0,1445.0,1450.0,149100
2026-04-21 10:50:00,1450.0,1450.0,1445.0,1450.0,161000
2026-04-21 10:55:00,1450.0,1450.0,1445.0,1445.0,101000
2026-04-21 11:00:00,1450.0,1450.0,1445.0,1450.0,389000
2026-04-21 11:05:00,1450.0,1450.0,1445.0,1450.0,218400
2026-04-21 11:10:00,1450.0,1455.0,1445.0,1455.0,619300
2026-04-21 11:15:00,1455.0,1460.0,1455.0,1460.0,806500
2026-04-21 11:20:00,1460.0,1465.0,1455.0,1465.0,127500
2026-04-21 11:25:00,1465.0,1465.0,1455.0,1455.0,530900
2026-04-21 11:30:00,1455.0,1460.0,1455.0,1455.0,223800
2026-04-21 11:35:00,1455.0,1455.0,1450.0,1455.0,55200
2026-04-21 11:40:00,1455.0,1460.0,1450.0,1460.0,407300
2026-04-21 11:45:00,1460.0,1465.0,1460.0,1460.0,1053100
2026-04-21 11:50:00,1460.0,1465.0,1460.0,1460.0,275200
2026-04-21 11:55:00,1465.0,1465.0,1460.0,1465.0,99600
2026-04-21 12:00:00,1460.0,1460.0,1460.0,1460.0,0
2026-04-21 13:30:00,1460.0,1475.0,1455.0,1475.0,3677500
2026-04-21 13:35:00,1475.0,1480.0,1470.0,1480.0,1254200
2026-04-21 13:40:00,1480.0,1485.0,1475.0,1475.0,1682700
2026-04-21 13:45:00,1475.0,1480.0,1470.0,1470.0,763000
2026-04-21 13:50:00,1475.0,1475.0,1470.0,1475.0,126500
2026-04-21 13:55:00,1475.0,1475.0,1470.0,1475.0,164100
2026-04-21 14:00:00,1475.0,1480.0,1470.0,1480.0,379900
2026-04-21 14:05:00,1480.0,1480.0,1475.0,1480.0,266700
2026-04-21 14:10:00,1480.0,1480.0,1475.0,1480.0,713300
2026-04-21 14:15:00,1485.0,1485.0,1480.0,1485.0,457200
2026-04-21 14:20:00,1485.0,1490.0,1480.0,1490.0,395200
2026-04-21 14:25:00,1490.0,1490.0,1485.0,1490.0,558800
2026-04-21 14:30:00,1490.0,1490.0,1480.0,1485.0,464000
2026-04-21 14:35:00,1485.0,1485.0,1480.0,1485.0,247600
2026-04-21 14:40:00,1485.0,1485.0,1480.0,1485.0,129300
2026-04-21 14:45:00,1480.0,1485.0,1480.0,1485.0,288200
2026-04-21 14:50:00,1485.0,1485.0,1480.0,1485.0,113100
2026-04-21 14:55:00,1485.0,1485.0,1480.0,1480.0,195200
2026-04-21 15:00:00,1485.0,1490.0,1480.0,1490.0,764700
2026-04-21 15:05:00,1490.0,1490.0,1485.0,1490.0,321100
2026-04-21 15:10:00,1490.0,1490.0,1485.0,1490.0,264700
2026-04-21 15:15:00,1490.0,1490.0,1485.0,1490.0,429800
2026-04-21 15:20:00,1490.0,1490.0,1485.0,1490.0,628600
2026-04-21 15:25:00,1490.0,1490.0,1485.0,1490.0,241200
2026-04-21 15:30:00,1490.0,1490.0,1480.0,1485.0,1089600
2026-04-21 15:35:00,1485.0,1485.0,1475.0,1475.0,1415400
2026-04-21 15:40:00,1475.0,1480.0,1470.0,1480.0,1821100
2026-04-21 15:45:00,1480.0,1485.0,1470.0,1480.0,2022700
2026-04-21 16:00:00,1490.0,1490.0,1490.0,1490.0,3846000
2026-04-21 16:05:00,1490.0,1490.0,1490.0,1490.0,10100
2026-04-22 09:00:00,1505.0,1505.0,1480.0,1505.0,0
2026-04-22 09:05:00,1500.0,1505.0,1500.0,1500.0,507500
2026-04-22 09:10:00,1505.0,1510.0,1500.0,1500.0,758300
2026-04-22 09:15:00,1505.0,1505.0,1495.0,1500.0,1003300
2026-04-22 09:20:00,1500.0,1515.0,1500.0,1510.0,1100700
2026-04-22 09:25:00,1510.0,1515.0,1505.0,1510.0,181400
2026-04-22 09:30:00,1510.0,1520.0,1510.0,1510.0,1120500
2026-04-22 09:35:00,1515.0,1515.0,1510.0,1510.0,32700
2026-04-22 09:40:00,1515.0,1515.0,1510.0,1510.0,36400
2026-04-22 09:45:00,1510.0,1520.0,1510.0,1520.0,910900
2026-04-22 09:50:00,1520.0,1520.0,1515.0,1520.0,75700
2026-04-22 09:55:00,1520.0,1520.0,1510.0,1510.0,1178300
2026-04-22 10:00:00,1510.0,1520.0,1510.0,1515.0,597300
2026-04-22 10:05:00,1515.0,1520.0,1515.0,1515.0,169400
2026-04-22 10:10:00,1515.0,1520.0,1510.0,1510.0,204600
2026-04-22 10:15:00,1510.0,1515.0,1510.0,1510.0,127200
2026-04-22 10:20:00,1510.0,1515.0,1510.0,1510.0,182600
2026-04-22 10:25:00,1515.0,1515.0,1510.0,1510.0,80000
2026-04-22 10:30:00,1510.0,1515.0,1510.0,1510.0,64700
2026-04-22 10:35:00,1510.0,1510.0,1505.0,1505.0,595200
2026-04-22 10:40:00,1505.0,1510.0,1505.0,1505.0,91100
2026-04-22 10:45:00,1510.0,1510.0,1505.0,1505.0,13300
2026-04-22 10:50:00,1505.0,1510.0,1505.0,1505.0,93500
2026-04-22 10:55:00,1505.0,1510.0,1500.0,1500.0,860600
2026-04-22 11:00:00,1500.0,1505.0,1500.0,1500.0,23300
2026-04-22 11:05:00,1500.0,1500.0,1495.0,1495.0,1406200
2026-04-22 11:10:00,1495.0,1500.0,1495.0,1500.0,136100
2026-04-22 11:15:00,1495.0,1500.0,1495.0,1500.0,138200
2026-04-22 11:20:00,1500.0,1500.0,1495.0,1500.0,71000
2026-04-22 11:25:00,1500.0,1500.0,1495.0,1500.0,33200
2026-04-22 11:30:00,1500.0,1500.0,1495.0,1500.0,27400
2026-04-22 11:35:00,1495.0,1505.0,1495.0,1500.0,1230800
2026-04-22 11:40:00,1500.0,1505.0,1500.0,1500.0,6600
2026-04-22 11:45:00,1500.0,1505.0,1500.0,1500.0,135600
2026-04-22 11:50:00,1500.0,1505.0,1500.0,1500.0,268900
2026-04-22 11:55:00,1500.0,1505.0,1500.0,1500.0,89600
2026-04-22 13:30:00,1500.0,1505.0,1485.0,1485.0,2566500
2026-04-22 13:35:00,1490.0,1500.0,1485.0,1500.0,759700
2026-04-22 13:40:00,1495.0,1500.0,1495.0,1500.0,5200
2026-04-22 13:45:00,1495.0,1500.0,1490.0,1490.0,349700
2026-04-22 13:50:00,1490.0,1495.0,1485.0,1490.0,268500
2026-04-22 13:55:00,1490.0,1490.0,1480.0,1490.0,873200
2026-04-22 14:00:00,1495.0,1495.0,1485.0,1495.0,277600
2026-04-22 14:05:00,1495.0,1495.0,1485.0,1490.0,135400
2026-04-22 14:10:00,1490.0,1490.0,1480.0,1480.0,577700
2026-04-22 14:15:00,1485.0,1485.0,1480.0,1485.0,542900
2026-04-22 14:20:00,1485.0,1485.0,1480.0,1485.0,89900
2026-04-22 14:25:00,1485.0,1485.0,1480.0,1485.0,154200
2026-04-22 14:30:00,1480.0,1485.0,1480.0,1485.0,174900
2026-04-22 14:35:00,1480.0,1495.0,1480.0,1490.0,977800
2026-04-22 14:40:00,1490.0,1490.0,1485.0,1485.0,118400
2026-04-22 14:45:00,1480.0,1485.0,1475.0,1480.0,1472800
2026-04-22 14:50:00,1475.0,1480.0,1475.0,1475.0,29500
2026-04-22 14:55:00,1475.0,1480.0,1475.0,1475.0,149100
2026-04-22 15:00:00,1475.0,1480.0,1470.0,1475.0,1246000
2026-04-22 15:05:00,1475.0,1475.0,1470.0,1475.0,40100
2026-04-22 15:10:00,1475.0,1475.0,1470.0,1470.0,302400
2026-04-22 15:15:00,1475.0,1475.0,1470.0,1475.0,257900
2026-04-22 15:20:00,1470.0,1475.0,1465.0,1475.0,1223000
2026-04-22 15:25:00,1470.0,1475.0,1465.0,1470.0,167700
2026-04-22 15:30:00,1470.0,1470.0,1465.0,1470.0,265400
2026-04-22 15:35:00,1465.0,1475.0,1465.0,1470.0,1110900
2026-04-22 15:40:00,1470.0,1470.0,1465.0,1470.0,546500
2026-04-22 15:45:00,1470.0,1470.0,1460.0,1460.0,1314800
2026-04-22 16:00:00,1465.0,1465.0,1465.0,1465.0,2597100
2026-04-22 16:05:00,1465.0,1465.0,1465.0,1465.0,20000
2026-04-22 16:10:00,1465.0,1465.0,1465.0,1465.0,1600
2026-04-23 09:00:00,1470.0,1470.0,1440.0,1455.0,0
2026-04-23 09:05:00,1450.0,1465.0,1450.0,1460.0,503000
2026-04-23 09:10:00,1460.0,1460.0,1450.0,1460.0,637100
2026-04-23 09:15:00,1460.0,1465.0,1455.0,1460.0,163000
2026-04-23 09:20:00,1455.0,1460.0,1450.0,1455.0,508000
2026-04-23 09:25:00,1460.0,1460.0,1450.0,1455.0,423900
2026-04-23 09:30:00,1455.0,1460.0,1455.0,1460.0,61000
2026-04-23 09:35:00,1460.0,1460.0,1455.0,1455.0,261300
2026-04-23 09:40:00,1460.0,1465.0,1455.0,1455.0,375500
2026-04-23 09:45:00,1460.0,1460.0,1455.0,1455.0,302600
2026-04-23 09:50:00,1455.0,1460.0,1455.0,1455.0,174100
2026-04-23 09:55:00,1455.0,1455.0,1450.0,1450.0,211300
2026-04-23 10:00:00,1455.0,1455.0,1440.0,1450.0,737100
2026-04-23 10:05:00,1445.0,1450.0,1440.0,1445.0,416500
2026-04-23 10:10:00,1445.0,1445.0,1440.0,1445.0,297900
2026-04-23 10:15:00,1440.0,1445.0,1435.0,1435.0,1204600
2026-04-23 10:20:00,1440.0,1440.0,1430.0,1440.0,379600
2026-04-23 10:25:00,1435.0,1440.0,1430.0,1440.0,275000
2026-04-23 10:30:00,1435.0,1440.0,1430.0,1435.0,178300
2026-04-23 10:35:00,1430.0,1440.0,1430.0,1440.0,337100
2026-04-23 10:40:00,1440.0,1440.0,1435.0,1435.0,231500
2026-04-23 10:45:00,1435.0,1440.0,1430.0,1435.0,176000
2026-04-23 10:50:00,1435.0,1440.0,1435.0,1435.0,132000
2026-04-23 10:55:00,1435.0,1440.0,1435.0,1435.0,14000
2026-04-23 11:00:00,1440.0,1440.0,1435.0,1435.0,121400
2026-04-23 11:05:00,1440.0,1445.0,1435.0,1440.0,331800
2026-04-23 11:10:00,1435.0,1440.0,1435.0,1440.0,12500
2026-04-23 11:15:00,1435.0,1440.0,1435.0,1440.0,46600
2026-04-23 11:20:00,1440.0,1440.0,1435.0,1440.0,83000
2026-04-23 11:25:00,1440.0,1440.0,1435.0,1440.0,430800
2026-04-23 11:30:00,1445.0,1445.0,1440.0,1445.0,12200
2026-04-23 11:35:00,1445.0,1445.0,1440.0,1440.0,17200
2026-04-23 11:40:00,1445.0,1445.0,1440.0,1440.0,46800
2026-04-23 11:45:00,1445.0,1445.0,1440.0,1440.0,91200
2026-04-23 11:50:00,1440.0,1445.0,1435.0,1435.0,595800
2026-04-23 11:55:00,1440.0,1440.0,1435.0,1435.0,42800
2026-04-23 13:30:00,1440.0,1440.0,1415.0,1420.0,3591900
2026-04-23 13:35:00,1425.0,1430.0,1425.0,1430.0,279200
2026-04-23 13:40:00,1430.0,1430.0,1425.0,1430.0,76700
2026-04-23 13:45:00,1430.0,1430.0,1425.0,1425.0,102900
2026-04-23 13:50:00,1430.0,1430.0,1425.0,1430.0,142000
2026-04-23 13:55:00,1430.0,1430.0,1425.0,1430.0,333600
2026-04-23 14:00:00,1425.0,1430.0,1425.0,1430.0,70400
2026-04-23 14:05:00,1430.0,1435.0,1425.0,1430.0,473800
2026-04-23 14:10:00,1430.0,1430.0,1425.0,1430.0,1600
2026-04-23 14:15:00,1430.0,1430.0,1425.0,1425.0,161900
2026-04-23 14:20:00,1430.0,1430.0,1425.0,1425.0,119200
2026-04-23 14:25:00,1430.0,1430.0,1425.0,1425.0,79800
2026-04-23 14:30:00,1430.0,1430.0,1425.0,1425.0,151900
2026-04-23 14:35:00,1425.0,1430.0,1425.0,1430.0,462900
2026-04-23 14:40:00,1435.0,1435.0,1430.0,1430.0,57000
2026-04-23 14:45:00,1430.0,1435.0,1430.0,1430.0,609400
2026-04-23 14:50:00,1430.0,1430.0,1425.0,1425.0,146900
2026-04-23 14:55:00,1430.0,1435.0,1425.0,1435.0,316500
2026-04-23 15:00:00,1435.0,1435.0,1430.0,1435.0,76100
2026-04-23 15:05:00,1435.0,1435.0,1430.0,1435.0,110600
2026-04-23 15:10:00,1435.0,1435.0,1430.0,1435.0,21500
2026-04-23 15:15:00,1435.0,1440.0,1430.0,1435.0,249600
2026-04-23 15:20:00,1440.0,1440.0,1430.0,1430.0,343000
2026-04-23 15:25:00,1435.0,1435.0,1430.0,1430.0,141500
2026-04-23 15:30:00,1430.0,1435.0,1425.0,1425.0,295300
2026-04-23 15:35:00,1425.0,1430.0,1425.0,1425.0,193500
2026-04-23 15:40:00,1425.0,1430.0,1425.0,1425.0,441500
2026-04-23 15:45:00,1425.0,1430.0,1415.0,1420.0,1468200
2026-04-23 16:00:00,1430.0,1430.0,1430.0,1430.0,2940100
2026-04-23 16:05:00,1430.0,1430.0,1430.0,1430.0,600
2026-04-23 16:10:00,1430.0,1430.0,1430.0,1430.0,2300
2026-04-24 09:00:00,1430.0,1435.0,1410.0,1420.0,0
2026-04-24 09:05:00,1420.0,1420.0,1410.0,1410.0,325900
2026-04-24 09:10:00,1415.0,1420.0,1410.0,1420.0,395200
2026-04-24 09:15:00,1420.0,1420.0,1410.0,1410.0,536500
2026-04-24 09:20:00,1410.0,1420.0,1410.0,1415.0,273200
2026-04-24 09:25:00,1420.0,1420.0,1415.0,1415.0,91500
2026-04-24 09:30:00,1420.0,1420.0,1415.0,1420.0,30100
2026-04-24 09:35:00,1420.0,1420.0,1410.0,1410.0,1228800
2026-04-24 09:40:00,1410.0,1415.0,1405.0,1410.0,664000
2026-04-24 09:45:00,1410.0,1415.0,1405.0,1410.0,1101300
2026-04-24 09:50:00,1410.0,1415.0,1410.0,1415.0,213700
2026-04-24 09:55:00,1410.0,1415.0,1410.0,1410.0,666700
2026-04-24 10:00:00,1410.0,1415.0,1410.0,1415.0,124600
2026-04-24 10:05:00,1410.0,1415.0,1410.0,1415.0,457500
2026-04-24 10:10:00,1415.0,1415.0,1410.0,1415.0,20300
2026-04-24 10:15:00,1415.0,1415.0,1410.0,1410.0,81000
2026-04-24 10:20:00,1410.0,1415.0,1410.0,1410.0,211400
2026-04-24 10:25:00,1410.0,1410.0,1400.0,1400.0,1233700
2026-04-24 10:30:00,1400.0,1405.0,1400.0,1400.0,936600
2026-04-24 10:35:00,1405.0,1405.0,1395.0,1405.0,840600
2026-04-24 10:40:00,1400.0,1405.0,1400.0,1400.0,107000
2026-04-24 10:45:00,1405.0,1410.0,1400.0,1405.0,358800
2026-04-24 10:50:00,1410.0,1415.0,1405.0,1410.0,249100
2026-04-24 10:55:00,1410.0,1415.0,1405.0,1405.0,339800
2026-04-24 11:00:00,1405.0,1410.0,1400.0,1410.0,237700
2026-04-24 11:05:00,1410.0,1415.0,1410.0,1410.0,134500
2026-04-24 11:10:00,1410.0,1415.0,1410.0,1410.0,40600
2026-04-24 11:15:00,1410.0,1415.0,1405.0,1405.0,316800
2026-04-24 11:20:00,1410.0,1415.0,1405.0,1410.0,141700
2026-04-24 11:25:00,1410.0,1410.0,1405.0,1405.0,290600
2026-04-24 14:00:00,1410.0,1415.0,1405.0,1415.0,982800
2026-04-24 14:05:00,1415.0,1415.0,1410.0,1410.0,576000
2026-04-24 14:10:00,1415.0,1415.0,1410.0,1415.0,106000
2026-04-24 14:15:00,1410.0,1420.0,1410.0,1420.0,335700
2026-04-24 14:20:00,1420.0,1420.0,1415.0,1420.0,104900
2026-04-24 14:25:00,1420.0,1420.0,1410.0,1415.0,708400
2026-04-24 14:30:00,1415.0,1420.0,1410.0,1410.0,163300
2026-04-24 14:35:00,1415.0,1420.0,1410.0,1415.0,136000
2026-04-24 14:40:00,1420.0,1420.0,1415.0,1415.0,32900
2026-04-24 14:45:00,1420.0,1420.0,1415.0,1415.0,452600
2026-04-24 14:50:00,1415.0,1420.0,1415.0,1415.0,60100
2026-04-24 14:55:00,1415.0,1420.0,1410.0,1415.0,976500
2026-04-24 15:00:00,1415.0,1415.0,1410.0,1410.0,26800
2026-04-24 15:05:00,1415.0,1415.0,1410.0,1410.0,118800
2026-04-24 15:10:00,1415.0,1415.0,1410.0,1410.0,219900
2026-04-24 15:15:00,1415.0,1415.0,1410.0,1415.0,285800
2026-04-24 15:20:00,1415.0,1415.0,1410.0,1415.0,742600
2026-04-24 15:25:00,1415.0,1415.0,1410.0,1415.0,1199300
2026-04-24 15:30:00,1415.0,1415.0,1410.0,1415.0,640200
2026-04-24 15:35:00,1415.0,1415.0,1410.0,1410.0,1583300
2026-04-24 15:40:00,1410.0,1415.0,1405.0,1415.0,1776700
2026-04-24 15:45:00,1415.0,1420.0,1410.0,1415.0,804900
2026-04-24 16:00:00,1410.0,1410.0,1410.0,1410.0,4060600
2026-04-24 16:05:00,1410.0,1410.0,1410.0,1410.0,31500
2026-04-24 16:10:00,1410.0,1410.0,1410.0,1410.0,11900
2026-04-27 09:00:00,1415.0,1415.0,1395.0,1410.0,0
2026-04-27 09:05:00,1410.0,1415.0,1400.0,1400.0,1024600
2026-04-27 09:10:00,1400.0,1410.0,1400.0,1400.0,180700
2026-04-27 09:15:00,1400.0,1405.0,1400.0,1405.0,410200
2026-04-27 09:20:00,1400.0,1415.0,1400.0,1415.0,655900
2026-04-27 09:25:00,1415.0,1425.0,1410.0,1420.0,1271100
2026-04-27 09:30:00,1420.0,1425.0,1415.0,1415.0,545100
2026-04-27 09:35:00,1410.0,1410.0,1405.0,1410.0,334700
2026-04-27 09:40:00,1405.0,1410.0,1400.0,1410.0,487200
2026-04-27 09:45:00,1410.0,1410.0,1405.0,1405.0,32500
2026-04-27 09:50:00,1410.0,1410.0,1405.0,1410.0,24200
2026-04-27 09:55:00,1410.0,1410.0,1405.0,1405.0,130900
2026-04-27 10:00:00,1405.0,1425.0,1405.0,1420.0,688400
2026-04-27 10:05:00,1420.0,1425.0,1420.0,1425.0,335100
2026-04-27 10:10:00,1425.0,1425.0,1420.0,1425.0,29600
2026-04-27 10:15:00,1425.0,1425.0,1420.0,1425.0,46000
2026-04-27 10:20:00,1420.0,1425.0,1420.0,1425.0,51800
2026-04-27 10:25:00,1420.0,1425.0,1420.0,1420.0,70200
2026-04-27 10:30:00,1420.0,1425.0,1420.0,1420.0,101700
2026-04-27 10:35:00,1425.0,1425.0,1420.0,1425.0,126600
2026-04-27 10:40:00,1420.0,1425.0,1420.0,1420.0,68200
2026-04-27 10:45:00,1425.0,1425.0,1420.0,1425.0,41300
2026-04-27 10:50:00,1425.0,1425.0,1420.0,1420.0,50200
2026-04-27 10:55:00,1425.0,1425.0,1420.0,1425.0,24600
2026-04-27 11:00:00,1425.0,1425.0,1420.0,1420.0,51800
2026-04-27 11:05:00,1420.0,1435.0,1420.0,1430.0,487600
2026-04-27 11:10:00,1435.0,1440.0,1430.0,1435.0,350000
2026-04-27 11:15:00,1435.0,1435.0,1430.0,1435.0,21000
2026-04-27 11:20:00,1435.0,1435.0,1430.0,1430.0,66200
2026-04-27 11:25:00,1435.0,1435.0,1430.0,1435.0,159800
2026-04-27 11:30:00,1430.0,1435.0,1430.0,1430.0,47000
2026-04-27 11:35:00,1435.0,1435.0,1430.0,1430.0,16800
2026-04-27 11:40:00,1430.0,1435.0,1430.0,1435.0,92000
2026-04-27 11:45:00,1435.0,1435.0,1430.0,1430.0,138800
2026-04-27 11:50:00,1430.0,1430.0,1425.0,1430.0,360000
2026-04-27 11:55:00,1430.0,1435.0,1425.0,1425.0,242700
2026-04-27 13:30:00,1425.0,1430.0,1420.0,1425.0,398600
2026-04-27 13:35:00,1420.0,1420.0,1415.0,1415.0,216100
2026-04-27 13:40:00,1415.0,1420.0,1415.0,1415.0,20200
2026-04-27 13:45:00,1420.0,1420.0,1415.0,1415.0,35300
2026-04-27 13:50:00,1415.0,1420.0,1415.0,1415.0,26600
2026-04-27 13:55:00,1415.0,1420.0,1415.0,1420.0,53500
2026-04-27 14:00:00,1415.0,1420.0,1415.0,1415.0,87000
2026-04-27 14:05:00,1415.0,1420.0,1415.0,1415.0,257800
2026-04-27 14:10:00,1415.0,1420.0,1410.0,1415.0,257200
2026-04-27 14:15:00,1415.0,1420.0,1415.0,1420.0,9600
2026-04-27 14:20:00,1415.0,1420.0,1415.0,1415.0,126300
2026-04-27 14:25:00,1415.0,1420.0,1410.0,1415.0,153900
2026-04-27 14:30:00,1410.0,1415.0,1410.0,1410.0,44000
2026-04-27 14:35:00,1410.0,1415.0,1410.0,1415.0,38100
2026-04-27 14:40:00,1410.0,1415.0,1410.0,1410.0,48400
2026-04-27 14:45:00,1410.0,1415.0,1410.0,1410.0,69800
2026-04-27 14:50:00,1410.0,1415.0,1410.0,1410.0,27800
2026-04-27 14:55:00,1410.0,1415.0,1410.0,1410.0,39600
2026-04-27 15:00:00,1410.0,1415.0,1410.0,1410.0,101700
2026-04-27 15:05:00,1410.0,1415.0,1410.0,1415.0,77000
2026-04-27 15:10:00,1415.0,1415.0,1410.0,1410.0,101200
2026-04-27 15:15:00,1415.0,1415.0,1410.0,1415.0,85300
2026-04-27 15:20:00,1410.0,1415.0,1410.0,1415.0,156000
2026-04-27 15:25:00,1410.0,1415.0,1410.0,1410.0,116800
2026-04-27 15:30:00,1415.0,1415.0,1410.0,1415.0,132500
2026-04-27 15:35:00,1410.0,1415.0,1410.0,1415.0,169400
2026-04-27 15:40:00,1410.0,1415.0,1410.0,1415.0,223900
2026-04-27 15:45:00,1410.0,1420.0,1410.0,1415.0,523600
2026-04-27 16:00:00,1405.0,1405.0,1405.0,1405.0,2698900
2026-04-27 16:05:00,1405.0,1405.0,1405.0,1405.0,25500
2026-04-28 09:00:00,1415.0,1415.0,1410.0,1410.0,0
2026-04-28 09:05:00,1415.0,1415.0,1400.0,1405.0,1115800
2026-04-28 09:10:00,1405.0,1405.0,1390.0,1395.0,1227100
2026-04-28 09:15:00,1395.0,1400.0,1390.0,1400.0,179700
2026-04-28 09:20:00,1395.0,1400.0,1395.0,1400.0,78900
2026-04-28 09:25:00,1400.0,1400.0,1395.0,1395.0,159900
2026-04-28 09:30:00,1400.0,1405.0,1395.0,1405.0,734900
2026-04-28 09:35:00,1405.0,1405.0,1400.0,1400.0,144200
2026-04-28 09:40:00,1400.0,1410.0,1400.0,1405.0,766300
2026-04-28 09:45:00,1410.0,1410.0,1400.0,1405.0,342800
2026-04-28 09:50:00,1405.0,1405.0,1400.0,1400.0,72600
2026-04-28 09:55:00,1405.0,1405.0,1400.0,1405.0,130200
2026-04-28 10:00:00,1405.0,1405.0,1400.0,1400.0,31700
2026-04-28 10:05:00,1400.0,1405.0,1400.0,1405.0,136300
2026-04-28 10:10:00,1405.0,1405.0,1400.0,1405.0,220100
2026-04-28 10:15:00,1400.0,1405.0,1400.0,1405.0,63500
2026-04-28 10:20:00,1405.0,1405.0,1400.0,1400.0,281800
2026-04-28 10:25:00,1400.0,1405.0,1395.0,1395.0,708300
2026-04-28 10:30:00,1395.0,1395.0,1370.0,1380.0,3521300
2026-04-28 10:35:00,1380.0,1380.0,1370.0,1375.0,1391200
2026-04-28 10:40:00,1375.0,1375.0,1355.0,1365.0,4236700
2026-04-28 10:45:00,1365.0,1370.0,1360.0,1370.0,2126100
2026-04-28 10:50:00,1365.0,1370.0,1365.0,1370.0,426300
2026-04-28 10:55:00,1370.0,1375.0,1370.0,1375.0,728700
2026-04-28 11:00:00,1375.0,1375.0,1365.0,1365.0,990100
2026-04-28 11:05:00,1370.0,1375.0,1365.0,1370.0,644600
2026-04-28 11:10:00,1375.0,1375.0,1370.0,1370.0,152300
2026-04-28 11:15:00,1370.0,1375.0,1370.0,1375.0,104200
2026-04-28 11:20:00,1370.0,1375.0,1370.0,1370.0,40800
2026-04-28 11:25:00,1375.0,1375.0,1370.0,1375.0,55500
2026-04-28 11:30:00,1375.0,1375.0,1370.0,1370.0,739000
2026-04-28 11:35:00,1370.0,1375.0,1370.0,1370.0,44500
2026-04-28 11:40:00,1375.0,1375.0,1365.0,1370.0,341400
2026-04-28 11:45:00,1370.0,1370.0,1365.0,1370.0,76500
2026-04-28 11:50:00,1370.0,1370.0,1365.0,1370.0,211600
2026-04-28 11:55:00,1370.0,1370.0,1365.0,1365.0,815500
2026-04-28 13:30:00,1370.0,1370.0,1350.0,1355.0,5543900
2026-04-28 13:35:00,1355.0,1355.0,1345.0,1350.0,1437600
2026-04-28 13:40:00,1350.0,1350.0,1345.0,1345.0,500500
2026-04-28 13:45:00,1350.0,1350.0,1340.0,1340.0,551500
2026-04-28 13:50:00,1345.0,1345.0,1335.0,1335.0,1718700
2026-04-28 13:55:00,1340.0,1340.0,1335.0,1335.0,637400
2026-04-28 14:00:00,1335.0,1340.0,1320.0,1325.0,1520000
2026-04-28 14:05:00,1325.0,1330.0,1320.0,1325.0,466700
2026-04-28 14:10:00,1330.0,1330.0,1325.0,1330.0,238900
2026-04-28 14:15:00,1325.0,1330.0,1325.0,1325.0,543900
2026-04-28 14:20:00,1330.0,1340.0,1330.0,1330.0,587000
2026-04-28 14:25:00,1335.0,1335.0,1330.0,1335.0,166600
2026-04-28 14:30:00,1335.0,1335.0,1330.0,1335.0,132100
2026-04-28 14:35:00,1335.0,1335.0,1330.0,1335.0,148000
2026-04-28 14:40:00,1335.0,1335.0,1320.0,1325.0,1514900
2026-04-28 14:45:00,1325.0,1325.0,1310.0,1315.0,2030800
2026-04-28 14:50:00,1315.0,1330.0,1315.0,1320.0,557500
2026-04-28 14:55:00,1320.0,1325.0,1315.0,1320.0,1065600
2026-04-28 15:00:00,1320.0,1325.0,1315.0,1325.0,244800
2026-04-28 15:05:00,1320.0,1325.0,1320.0,1320.0,155200
2026-04-28 15:10:00,1325.0,1325.0,1320.0,1325.0,56800
2026-04-28 15:15:00,1325.0,1335.0,1320.0,1330.0,734400
2026-04-28 15:20:00,1335.0,1335.0,1330.0,1330.0,60800
2026-04-28 15:25:00,1335.0,1335.0,1330.0,1335.0,248100
2026-04-28 15:30:00,1335.0,1335.0,1320.0,1330.0,1229500
2026-04-28 15:35:00,1330.0,1330.0,1320.0,1320.0,1302900
2026-04-28 15:40:00,1320.0,1330.0,1310.0,1320.0,2199400
2026-04-28 15:45:00,1325.0,1325.0,1315.0,1320.0,1567300
2026-04-28 16:00:00,1325.0,1325.0,1325.0,1325.0,1795500
2026-04-28 16:05:00,1325.0,1325.0,1325.0,1325.0,9200
2026-04-28 16:10:00,1325.0,1325.0,1325.0,1325.0,95700
2026-04-29 09:00:00,1325.0,1330.0,1305.0,1330.0,0
2026-04-29 09:05:00,1330.0,1350.0,1325.0,1345.0,2290100
2026-04-29 09:10:00,1345.0,1355.0,1335.0,1335.0,1448200
2026-04-29 09:15:00,1335.0,1345.0,1330.0,1335.0,731400
2026-04-29 09:20:00,1330.0,1340.0,1325.0,1325.0,925400
2026-04-29 09:25:00,1330.0,1335.0,1325.0,1335.0,479700
2026-04-29 09:30:00,1335.0,1335.0,1330.0,1335.0,204100
2026-04-29 09:35:00,1335.0,1335.0,1325.0,1330.0,603600
2026-04-29 09:40:00,1330.0,1330.0,1320.0,1325.0,368300
2026-04-29 09:45:00,1325.0,1325.0,1320.0,1320.0,896300
2026-04-29 09:50:00,1320.0,1330.0,1320.0,1330.0,2062000
2026-04-29 09:55:00,1330.0,1330.0,1325.0,1325.0,91100
2026-04-29 10:00:00,1330.0,1330.0,1325.0,1330.0,134300
2026-04-29 10:05:00,1330.0,1330.0,1325.0,1330.0,140600
2026-04-29 10:10:00,1330.0,1330.0,1325.0,1325.0,1344900
2026-04-29 10:15:00,1325.0,1325.0,1320.0,1325.0,55600
2026-04-29 10:20:00,1325.0,1330.0,1320.0,1325.0,1706300
2026-04-29 10:25:00,1325.0,1325.0,1320.0,1325.0,56700
2026-04-29 10:30:00,1325.0,1325.0,1320.0,1325.0,51800
2026-04-29 10:35:00,1320.0,1325.0,1320.0,1325.0,160900
2026-04-29 10:40:00,1325.0,1325.0,1320.0,1325.0,244000
2026-04-29 10:45:00,1325.0,1325.0,1320.0,1325.0,252200
2026-04-29 10:50:00,1325.0,1325.0,1320.0,1325.0,384100
2026-04-29 10:55:00,1325.0,1335.0,1325.0,1330.0,1697100
2026-04-29 11:00:00,1325.0,1330.0,1325.0,1330.0,47300
2026-04-29 11:05:00,1330.0,1330.0,1325.0,1330.0,67000
2026-04-29 11:10:00,1325.0,1330.0,1325.0,1330.0,45000
2026-04-29 11:15:00,1330.0,1330.0,1325.0,1325.0,80900
2026-04-29 11:20:00,1325.0,1330.0,1325.0,1330.0,441900
2026-04-29 11:25:00,1325.0,1330.0,1325.0,1330.0,119200
2026-04-29 11:30:00,1325.0,1330.0,1320.0,1320.0,868100
2026-04-29 11:35:00,1320.0,1330.0,1320.0,1330.0,1529300
2026-04-29 11:40:00,1330.0,1335.0,1325.0,1330.0,1611900
2026-04-29 11:45:00,1330.0,1330.0,1325.0,1330.0,28700
2026-04-29 11:50:00,1325.0,1330.0,1325.0,1330.0,120000
2026-04-29 11:55:00,1330.0,1330.0,1325.0,1330.0,85500
2026-04-29 13:30:00,1330.0,1330.0,1320.0,1320.0,3826500
2026-04-29 13:35:00,1320.0,1330.0,1315.0,1330.0,2242200
2026-04-29 13:40:00,1330.0,1340.0,1325.0,1340.0,2502400
2026-04-29 13:45:00,1340.0,1340.0,1335.0,1335.0,51800
2026-04-29 13:50:00,1335.0,1340.0,1330.0,1335.0,2001400
2026-04-29 13:55:00,1335.0,1340.0,1335.0,1340.0,138700
2026-04-29 14:00:00,1340.0,1340.0,1335.0,1340.0,298700
2026-04-29 14:05:00,1340.0,1340.0,1335.0,1340.0,277400
2026-04-29 14:10:00,1335.0,1340.0,1335.0,1335.0,322600
2026-04-29 14:15:00,1340.0,1340.0,1335.0,1340.0,1553700
2026-04-29 14:20:00,1340.0,1345.0,1340.0,1345.0,502200
2026-04-29 14:25:00,1345.0,1345.0,1335.0,1335.0,988900
2026-04-29 14:30:00,1335.0,1340.0,1330.0,1335.0,1983800
2026-04-29 14:35:00,1335.0,1340.0,1335.0,1340.0,45500
2026-04-29 14:40:00,1340.0,1340.0,1335.0,1340.0,86600
2026-04-29 14:45:00,1340.0,1340.0,1335.0,1335.0,96400
2026-04-29 14:50:00,1340.0,1340.0,1335.0,1335.0,45400
2026-04-29 14:55:00,1335.0,1340.0,1335.0,1340.0,93400
2026-04-29 15:00:00,1335.0,1340.0,1330.0,1330.0,1951200
2026-04-29 15:05:00,1330.0,1330.0,1330.0,1330.0,207500
2026-04-29 15:10:00,1330.0,1335.0,1330.0,1330.0,884300
2026-04-29 15:15:00,1330.0,1335.0,1330.0,1330.0,705100
2026-04-29 15:20:00,1335.0,1335.0,1330.0,1335.0,2425000
2026-04-29 15:25:00,1335.0,1340.0,1335.0,1335.0,155700
2026-04-29 15:30:00,1340.0,1340.0,1335.0,1340.0,451200
2026-04-29 15:35:00,1335.0,1340.0,1335.0,1340.0,583200
2026-04-29 15:40:00,1335.0,1340.0,1335.0,1335.0,785100
2026-04-29 15:45:00,1340.0,1345.0,1335.0,1335.0,1606400
2026-04-29 16:00:00,1360.0,1360.0,1360.0,1360.0,5557100
2026-04-29 16:05:00,1360.0,1360.0,1360.0,1360.0,91700
2026-04-29 16:10:00,1360.0,1360.0,1360.0,1360.0,0
2026-04-30 09:00:00,1360.0,1365.0,1335.0,1345.0,0
2026-04-30 09:05:00,1345.0,1345.0,1335.0,1335.0,712400
2026-04-30 09:10:00,1340.0,1340.0,1330.0,1330.0,464900
2026-04-30 09:15:00,1335.0,1340.0,1325.0,1335.0,861500
2026-04-30 09:20:00,1330.0,1335.0,1320.0,1330.0,1199100
2026-04-30 09:25:00,1330.0,1340.0,1330.0,1340.0,136200
2026-04-30 09:30:00,1335.0,1335.0,1330.0,1335.0,313900
2026-04-30 09:35:00,1330.0,1335.0,1330.0,1335.0,92200
2026-04-30 09:40:00,1330.0,1335.0,1330.0,1335.0,50400
2026-04-30 09:45:00,1330.0,1335.0,1330.0,1335.0,24400
2026-04-30 09:50:00,1335.0,1340.0,1330.0,1340.0,509700
2026-04-30 09:55:00,1340.0,1340.0,1335.0,1335.0,60500
2026-04-30 10:00:00,1335.0,1340.0,1330.0,1330.0,1108300
2026-04-30 10:05:00,1330.0,1335.0,1330.0,1330.0,172000
2026-04-30 10:10:00,1330.0,1335.0,1325.0,1325.0,333500
2026-04-30 10:15:00,1325.0,1330.0,1325.0,1330.0,86300
2026-04-30 10:20:00,1325.0,1335.0,1325.0,1330.0,1330800
2026-04-30 10:25:00,1330.0,1335.0,1330.0,1330.0,79700
2026-04-30 10:30:00,1330.0,1335.0,1325.0,1325.0,783700
2026-04-30 10:35:00,1325.0,1330.0,1325.0,1325.0,112300
2026-04-30 10:40:00,1325.0,1330.0,1325.0,1325.0,208700
2026-04-30 10:45:00,1325.0,1330.0,1325.0,1325.0,66700
2026-04-30 10:50:00,1325.0,1330.0,1325.0,1330.0,373900
2026-04-30 10:55:00,1330.0,1330.0,1325.0,1325.0,106400
2026-04-30 11:00:00,1325.0,1330.0,1325.0,1325.0,293600
2026-04-30 11:05:00,1325.0,1330.0,1325.0,1325.0,213200
2026-04-30 11:10:00,1325.0,1330.0,1325.0,1325.0,54600
2026-04-30 11:15:00,1325.0,1330.0,1320.0,1320.0,721100
2026-04-30 11:20:00,1320.0,1325.0,1320.0,1320.0,159300
2026-04-30 11:25:00,1320.0,1325.0,1320.0,1320.0,133100
2026-04-30 11:30:00,1320.0,1325.0,1320.0,1325.0,46300
2026-04-30 11:35:00,1320.0,1325.0,1320.0,1325.0,112700
2026-04-30 11:40:00,1320.0,1325.0,1320.0,1325.0,521500
2026-04-30 11:45:00,1325.0,1325.0,1320.0,1325.0,265300
2026-04-30 11:50:00,1320.0,1325.0,1320.0,1325.0,242700
2026-04-30 11:55:00,1325.0,1330.0,1320.0,1330.0,451900
2026-04-30 13:30:00,1330.0,1330.0,1315.0,1320.0,6128000
2026-04-30 13:35:00,1320.0,1320.0,1315.0,1320.0,638100
2026-04-30 13:40:00,1320.0,1320.0,1315.0,1320.0,697900
2026-04-30 13:45:00,1320.0,1320.0,1315.0,1315.0,240500
2026-04-30 13:50:00,1315.0,1325.0,1315.0,1325.0,598100
2026-04-30 13:55:00,1320.0,1330.0,1320.0,1325.0,602500
2026-04-30 14:00:00,1325.0,1330.0,1320.0,1320.0,794200
2026-04-30 14:05:00,1320.0,1325.0,1320.0,1320.0,158500
2026-04-30 14:10:00,1320.0,1325.0,1320.0,1320.0,330100
2026-04-30 14:15:00,1320.0,1330.0,1320.0,1325.0,524900
2026-04-30 14:20:00,1325.0,1330.0,1325.0,1325.0,133900
2026-04-30 14:25:00,1325.0,1335.0,1325.0,1330.0,1432700
2026-04-30 14:30:00,1335.0,1335.0,1325.0,1325.0,1586500
2026-04-30 14:35:00,1325.0,1330.0,1325.0,1330.0,551100
2026-04-30 14:40:00,1325.0,1330.0,1325.0,1325.0,202500
2026-04-30 14:45:00,1330.0,1330.0,1325.0,1325.0,393700
2026-04-30 14:50:00,1325.0,1330.0,1325.0,1325.0,297100
2026-04-30 14:55:00,1325.0,1330.0,1325.0,1325.0,213100
2026-04-30 15:00:00,1325.0,1330.0,1325.0,1325.0,353800
2026-04-30 15:05:00,1325.0,1330.0,1325.0,1325.0,364700
2026-04-30 15:10:00,1330.0,1330.0,1325.0,1330.0,295100
2026-04-30 15:15:00,1325.0,1330.0,1325.0,1325.0,414200
2026-04-30 15:20:00,1325.0,1330.0,1325.0,1325.0,605700
2026-04-30 15:25:00,1325.0,1330.0,1325.0,1330.0,546600
2026-04-30 15:30:00,1330.0,1330.0,1325.0,1330.0,501900
2026-04-30 15:35:00,1325.0,1330.0,1325.0,1330.0,512500
2026-04-30 15:40:00,1330.0,1330.0,1325.0,1330.0,863000
2026-04-30 15:45:00,1330.0,1340.0,1325.0,1325.0,1938100
2026-04-30 16:00:00,1320.0,1320.0,1320.0,1320.0,10828400
2026-04-30 16:05:00,1320.0,1320.0,1320.0,1320.0,0
2026-04-30 16:10:00,1320.0,1320.0,1320.0,1320.0,1100
2026-05-04 09:00:00,1335.0,1340.0,1320.0,1330.0,0
2026-05-04 09:05:00,1335.0,1350.0,1330.0,1345.0,744000
2026-05-04 09:10:00,1345.0,1360.0,1340.0,1355.0,2363300
2026-05-04 09:15:00,1355.0,1355.0,1345.0,1355.0,588800
2026-05-04 09:20:00,1355.0,1355.0,1350.0,1355.0,77400
2026-05-04 09:25:00,1355.0,1355.0,1345.0,1350.0,556100
2026-05-04 09:30:00,1350.0,1355.0,1345.0,1345.0,595100
2026-05-04 09:35:00,1350.0,1360.0,1345.0,1360.0,1485900
2026-05-04 09:40:00,1360.0,1360.0,1355.0,1355.0,989600
2026-05-04 09:45:00,1355.0,1360.0,1350.0,1355.0,950500
2026-05-04 09:50:00,1355.0,1355.0,1350.0,1350.0,706000
2026-05-04 09:55:00,1355.0,1355.0,1350.0,1350.0,156700
2026-05-04 10:00:00,1355.0,1395.0,1355.0,1385.0,6315100
2026-05-04 10:05:00,1385.0,1400.0,1380.0,1400.0,1795200
2026-05-04 10:10:00,1400.0,1405.0,1390.0,1395.0,1871900
2026-05-04 10:15:00,1395.0,1400.0,1390.0,1400.0,759000
2026-05-04 10:20:00,1395.0,1410.0,1395.0,1410.0,714300
2026-05-04 10:25:00,1405.0,1410.0,1395.0,1400.0,795400
2026-05-04 10:30:00,1405.0,1405.0,1395.0,1405.0,407400
2026-05-04 10:35:00,1405.0,1405.0,1400.0,1400.0,156200
2026-05-04 10:40:00,1400.0,1425.0,1400.0,1410.0,3657200
2026-05-04 10:45:00,1415.0,1420.0,1410.0,1420.0,223000
2026-05-04 10:50:00,1420.0,1420.0,1415.0,1420.0,572700
2026-05-04 10:55:00,1415.0,1420.0,1415.0,1420.0,83000
2026-05-04 11:00:00,1415.0,1420.0,1410.0,1415.0,537400
2026-05-04 11:05:00,1415.0,1420.0,1415.0,1420.0,559000
2026-05-04 11:10:00,1420.0,1425.0,1415.0,1425.0,789800
2026-05-04 11:15:00,1425.0,1425.0,1420.0,1425.0,351300
2026-05-04 11:20:00,1420.0,1425.0,1420.0,1425.0,194800
2026-05-04 11:25:00,1425.0,1425.0,1410.0,1410.0,825800
2026-05-04 11:30:00,1410.0,1415.0,1405.0,1415.0,1245900
2026-05-04 11:35:00,1415.0,1415.0,1410.0,1410.0,142600
2026-05-04 11:40:00,1405.0,1410.0,1405.0,1410.0,427000
2026-05-04 11:45:00,1410.0,1410.0,1405.0,1405.0,1059900
2026-05-04 11:50:00,1405.0,1410.0,1405.0,1405.0,248700
2026-05-04 11:55:00,1400.0,1405.0,1400.0,1405.0,168900
2026-05-04 13:30:00,1405.0,1405.0,1385.0,1390.0,0
2026-05-04 13:35:00,1385.0,1400.0,1385.0,1395.0,38685300
2026-05-04 13:40:00,1400.0,1400.0,1395.0,1395.0,53000
2026-05-04 13:45:00,1395.0,1405.0,1395.0,1400.0,624800
2026-05-04 13:50:00,1400.0,1405.0,1400.0,1400.0,27600
2026-05-04 13:55:00,1405.0,1410.0,1400.0,1410.0,316800
2026-05-04 14:00:00,1410.0,1410.0,1400.0,1405.0,526000
2026-05-04 14:05:00,1400.0,1415.0,1400.0,1405.0,738300
2026-05-04 14:10:00,1405.0,1410.0,1405.0,1405.0,222100
2026-05-04 14:15:00,1410.0,1410.0,1405.0,1410.0,446200
2026-05-04 14:20:00,1410.0,1415.0,1400.0,1405.0,366000
2026-05-04 14:25:00,1410.0,1410.0,1405.0,1405.0,240800
2026-05-04 14:30:00,1405.0,1410.0,1405.0,1405.0,285900
2026-05-04 14:35:00,1405.0,1410.0,1400.0,1400.0,458500
2026-05-04 14:40:00,1400.0,1405.0,1400.0,1400.0,196700
2026-05-04 14:45:00,1400.0,1415.0,1400.0,1410.0,750800
2026-05-04 14:50:00,1415.0,1420.0,1410.0,1420.0,822500
2026-05-04 14:55:00,1415.0,1415.0,1410.0,1410.0,373300
2026-05-04 15:00:00,1410.0,1415.0,1410.0,1410.0,169700
2026-05-04 15:05:00,1410.0,1415.0,1410.0,1410.0,275900
2026-05-04 15:10:00,1415.0,1415.0,1410.0,1410.0,596100
2026-05-04 15:15:00,1410.0,1415.0,1410.0,1410.0,350800
2026-05-04 15:20:00,1410.0,1420.0,1410.0,1415.0,610000
2026-05-04 15:25:00,1415.0,1420.0,1415.0,1415.0,319600
2026-05-04 15:30:00,1415.0,1420.0,1410.0,1420.0,574700
2026-05-04 15:35:00,1420.0,1425.0,1415.0,1420.0,1222600
2026-05-04 15:40:00,1415.0,1425.0,1415.0,1420.0,298200
2026-05-04 15:45:00,1420.0,1425.0,1420.0,1420.0,1031400
2026-05-04 16:00:00,1425.0,1425.0,1425.0,1425.0,2944900
2026-05-04 16:05:00,1425.0,1425.0,1425.0,1425.0,19900
2026-05-04 16:10:00,1425.0,1425.0,1425.0,1425.0,26600
2026-05-05 09:00:00,1425.0,1425.0,1400.0,1425.0,2131400
2026-05-05 09:05:00,1420.0,1445.0,1415.0,1440.0,1509600
2026-05-05 09:10:00,1440.0,1440.0,1435.0,1440.0,157000
2026-05-05 09:15:00,1435.0,1445.0,1435.0,1440.0,553500
2026-05-05 09:20:00,1445.0,1445.0,1440.0,1440.0,148400
2026-05-05 09:25:00,1445.0,1460.0,1440.0,1455.0,1995400
2026-05-05 09:30:00,1450.0,1460.0,1445.0,1460.0,1335400
2026-05-05 09:35:00,1460.0,1465.0,1450.0,1450.0,1470700
2026-05-05 09:40:00,1450.0,1455.0,1445.0,1455.0,1414700
2026-05-05 09:45:00,1455.0,1455.0,1440.0,1445.0,1521000
2026-05-05 09:50:00,1445.0,1450.0,1440.0,1445.0,683100
2026-05-05 09:55:00,1450.0,1450.0,1440.0,1450.0,630600
2026-05-05 10:00:00,1450.0,1460.0,1450.0,1455.0,785100
2026-05-05 10:05:00,1460.0,1460.0,1440.0,1445.0,1492600
2026-05-05 10:10:00,1445.0,1450.0,1440.0,1450.0,15441200
2026-05-05 10:15:00,1450.0,1450.0,1440.0,1440.0,136200
2026-05-05 10:20:00,1445.0,1445.0,1440.0,1445.0,97600
2026-05-05 10:25:00,1445.0,1445.0,1440.0,1445.0,223900
2026-05-05 10:30:00,1445.0,1445.0,1435.0,1435.0,987600
2026-05-05 10:35:00,1435.0,1440.0,1430.0,1430.0,812200
2026-05-05 10:40:00,1430.0,1435.0,1425.0,1425.0,595600
2026-05-05 10:45:00,1430.0,1440.0,1425.0,1435.0,1194500
2026-05-05 10:50:00,1435.0,1440.0,1425.0,1425.0,20028900
2026-05-05 10:55:00,1430.0,1435.0,1420.0,1425.0,969200
2026-05-05 11:00:00,1425.0,1430.0,1420.0,1430.0,638600
2026-05-05 11:05:00,1435.0,1435.0,1425.0,1430.0,318400
2026-05-05 11:10:00,1435.0,1440.0,1430.0,1440.0,384800
2026-05-05 11:15:00,1435.0,1440.0,1430.0,1440.0,121700
2026-05-05 11:20:00,1435.0,1440.0,1430.0,1430.0,792100
2026-05-05 11:25:00,1435.0,1435.0,1430.0,1430.0,166700
2026-05-05 11:30:00,1425.0,1435.0,1425.0,1435.0,139600
2026-05-05 11:35:00,1435.0,1435.0,1430.0,1430.0,108700
2026-05-05 11:40:00,1435.0,1435.0,1430.0,1435.0,462000
2026-05-05 11:45:00,1435.0,1435.0,1425.0,1430.0,712000
2026-05-05 11:50:00,1435.0,1435.0,1430.0,1435.0,187000
2026-05-05 11:55:00,1430.0,1440.0,1425.0,1440.0,508500
