Datetime,Close,High,Low,Open,Volume
2026-01-27 02:00:00,4520.0,4530.0,4500.0,4520.0,0
2026-01-27 02:05:00,4520.0,4520.0,4510.0,4520.0,432600
2026-01-27 02:10:00,4510.0,4520.0,4510.0,4520.0,40400
2026-01-27 02:15:00,4510.0,4530.0,4510.0,4520.0,812300
2026-01-27 02:20:00,4520.0,4530.0,4510.0,4520.0,542200
2026-01-27 02:25:00,4530.0,4530.0,4520.0,4530.0,83000
2026-01-27 02:30:00,4530.0,4530.0,4520.0,4530.0,90800
2026-01-27 02:35:00,4520.0,4530.0,4520.0,4530.0,89200
2026-01-27 02:40:00,4530.0,4540.0,4520.0,4530.0,1602600
2026-01-27 02:45:00,4520.0,4530.0,4520.0,4530.0,539500
2026-01-27 02:50:00,4520.0,4530.0,4520.0,4520.0,215000
2026-01-27 02:55:00,4530.0,4530.0,4520.0,4530.0,71800
2026-01-27 03:00:00,4520.0,4530.0,4520.0,4530.0,295700
2026-01-27 03:05:00,4530.0,4530.0,4520.0,4530.0,119200
2026-01-27 03:10:00,4520.0,4530.0,4520.0,4530.0,171800
2026-01-27 03:15:00,4520.0,4530.0,4520.0,4520.0,159900
2026-01-27 03:20:00,4530.0,4530.0,4520.0,4520.0,467600
2026-01-27 03:25:00,4520.0,4530.0,4520.0,4530.0,107200
2026-01-27 03:30:00,4530.0,4530.0,4520.0,4530.0,159900
2026-01-27 03:35:00,4530.0,4530.0,4520.0,4520.0,458000
2026-01-27 03:40:00,4520.0,4530.0,4520.0,4530.0,405400
2026-01-27 03:45:00,4520.0,4530.0,4520.0,4530.0,261400
2026-01-27 03:50:00,4510.0,4530.0,4510.0,4520.0,1855400
2026-01-27 03:55:00,4520.0,4520.0,4510.0,4510.0,164400
2026-01-27 04:00:00,4510.0,4520.0,4510.0,4510.0,498100
2026-01-27 04:05:00,4500.0,4520.0,4500.0,4520.0,354500
2026-01-27 04:10:00,4500.0,4510.0,4500.0,4500.0,467400
2026-01-27 04:15:00,4500.0,4510.0,4500.0,4500.0,420000
2026-01-27 04:20:00,4500.0,4510.0,4500.0,4500.0,243400
2026-01-27 04:25:00,4500.0,4510.0,4500.0,4500.0,190200
2026-01-27 04:30:00,4500.0,4510.0,4500.0,4500.0,243800
2026-01-27 04:35:00,4500.0,4510.0,4500.0,4500.0,200600
2026-01-27 04:40:00,4500.0,4510.0,4500.0,4510.0,87800
2026-01-27 04:45:00,4500.0,4510.0,4500.0,4500.0,452800
2026-01-27 04:50:00,4500.0,4510.0,4500.0,4500.0,145200
2026-01-27 04:55:00,4500.0,4510.0,4500.0,4500.0,195700
2026-01-27 06:30:00,4500.0,4510.0,4500.0,4500.0,241900
2026-01-27 06:35:00,4480.0,4510.0,4480.0,4500.0,2158300
2026-01-27 06:40:00,4480.0,4490.0,4480.0,4480.0,176500
2026-01-27 06:45:00,4470.0,4480.0,4470.0,4480.0,1223900
2026-01-27 06:50:00,4490.0,4500.0,4470.0,4480.0,2829500
2026-01-27 06:55:00,4490.0,4500.0,4490.0,4500.0,206400
2026-01-27 07:00:00,4490.0,4500.0,4490.0,4490.0,18400
2026-01-27 07:05:00,4490.0,4500.0,4490.0,4490.0,46600
2026-01-27 07:10:00,4500.0,4500.0,4490.0,4490.0,136900
2026-01-27 07:15:00,4490.0,4500.0,4490.0,4500.0,168800
2026-01-27 07:20:00,4490.0,4500.0,4490.0,4490.0,184000
2026-01-27 07:25:00,4490.0,4500.0,4490.0,4490.0,171800
2026-01-27 07:30:00,4490.0,4500.0,4490.0,4500.0,495500
2026-01-27 07:35:00,4490.0,4500.0,4490.0,4490.0,231000
2026-01-27 07:40:00,4490.0,4500.0,4490.0,4500.0,209500
2026-01-27 07:45:00,4490.0,4500.0,4490.0,4490.0,250300
2026-01-27 07:50:00,4490.0,4500.0,4490.0,4490.0,297300
2026-01-27 07:55:00,4490.0,4500.0,4490.0,4490.0,315900
2026-01-27 08:00:00,4490.0,4500.0,4490.0,4490.0,259900
2026-01-27 08:05:00,4490.0,4500.0,4490.0,4490.0,263200
2026-01-27 08:10:00,4490.0,4500.0,4490.0,4500.0,537100
2026-01-27 08:15:00,4490.0,4500.0,4490.0,4490.0,579600
2026-01-27 08:20:00,4480.0,4500.0,4480.0,4500.0,1182400
2026-01-27 08:25:00,4490.0,4490.0,4480.0,4480.0,235500
2026-01-27 08:30:00,4480.0,4490.0,4480.0,4490.0,328200
2026-01-27 08:35:00,4490.0,4500.0,4480.0,4490.0,1107600
2026-01-27 08:40:00,4490.0,4500.0,4490.0,4500.0,344800
2026-01-27 08:45:00,4490.0,4500.0,4480.0,4490.0,998600
2026-01-27 09:00:00,4500.0,4500.0,4500.0,4500.0,11223500
2026-01-27 09:05:00,4500.0,4500.0,4500.0,4500.0,46400
2026-01-27 09:10:00,4500.0,4500.0,4500.0,4500.0,0
2026-01-28 02:00:00,4430.0,4440.0,4370.0,4400.0,0
2026-01-28 02:05:00,4460.0,4490.0,4430.0,4440.0,2849600
2026-01-28 02:10:00,4520.0,4550.0,4460.0,4460.0,4846100
2026-01-28 02:15:00,4530.0,4550.0,4490.0,4520.0,3140000
2026-01-28 02:20:00,4520.0,4540.0,4520.0,4530.0,1184100
2026-01-28 02:25:00,4530.0,4540.0,4510.0,4520.0,2116400
2026-01-28 02:30:00,4500.0,4530.0,4500.0,4520.0,822800
2026-01-28 02:35:00,4510.0,4510.0,4490.0,4510.0,1002100
2026-01-28 02:40:00,4520.0,4520.0,4500.0,4500.0,762900
2026-01-28 02:45:00,4520.0,4520.0,4510.0,4510.0,231800
2026-01-28 02:50:00,4520.0,4530.0,4510.0,4520.0,1644800
2026-01-28 02:55:00,4510.0,4530.0,4500.0,4520.0,837800
2026-01-28 03:00:00,4510.0,4520.0,4500.0,4520.0,823600
2026-01-28 03:05:00,4510.0,4520.0,4510.0,4510.0,221200
2026-01-28 03:10:00,4510.0,4520.0,4500.0,4510.0,1549900
2026-01-28 03:15:00,4500.0,4510.0,4500.0,4500.0,102800
2026-01-28 03:20:00,4500.0,4510.0,4500.0,4510.0,156400
2026-01-28 03:25:00,4470.0,4510.0,4470.0,4510.0,3781200
2026-01-28 03:30:00,4480.0,4490.0,4460.0,4470.0,631400
2026-01-28 03:35:00,4460.0,4490.0,4450.0,4480.0,1064500
2026-01-28 03:40:00,4440.0,4470.0,4440.0,4460.0,814100
2026-01-28 03:45:00,4450.0,4470.0,4440.0,4440.0,2836300
2026-01-28 03:50:00,4450.0,4460.0,4450.0,4460.0,709200
2026-01-28 03:55:00,4440.0,4460.0,4440.0,4450.0,699600
2026-01-28 04:00:00,4420.0,4440.0,4420.0,4440.0,1141400
2026-01-28 04:05:00,4420.0,4430.0,4410.0,4420.0,1297000
2026-01-28 04:10:00,4390.0,4430.0,4390.0,4410.0,2628400
2026-01-28 04:15:00,4390.0,4400.0,4370.0,4390.0,2554900
2026-01-28 04:20:00,4420.0,4420.0,4370.0,4380.0,4005100
2026-01-28 04:25:00,4420.0,4440.0,4410.0,4410.0,1073800
2026-01-28 04:30:00,4440.0,4450.0,4420.0,4430.0,932100
2026-01-28 04:35:00,4420.0,4440.0,4420.0,4430.0,389300
2026-01-28 04:40:00,4400.0,4430.0,4400.0,4430.0,1162200
2026-01-28 04:45:00,4370.0,4410.0,4370.0,4400.0,1268200
2026-01-28 04:50:00,4390.0,4400.0,4370.0,4370.0,1205000
2026-01-28 04:55:00,4390.0,4410.0,4380.0,4390.0,1577500
2026-01-28 06:30:00,4320.0,4410.0,4320.0,4400.0,5448200
2026-01-28 06:35:00,4340.0,4350.0,4320.0,4330.0,1783100
2026-01-28 06:40:00,4320.0,4350.0,4320.0,4350.0,798100
2026-01-28 07:10:00,4300.0,4330.0,4280.0,4330.0,3904800
2026-01-28 07:15:00,4300.0,4310.0,4280.0,4280.0,1604200
2026-01-28 07:20:00,4320.0,4340.0,4290.0,4310.0,1566700
2026-01-28 07:25:00,4280.0,4330.0,4270.0,4320.0,2593300
2026-01-28 07:30:00,4310.0,4320.0,4280.0,4280.0,2157300
2026-01-28 07:35:00,4310.0,4320.0,4300.0,4320.0,1335700
2026-01-28 07:40:00,4310.0,4320.0,4290.0,4320.0,1136800
2026-01-28 07:45:00,4300.0,4320.0,4290.0,4310.0,1204500
2026-01-28 07:50:00,4330.0,4350.0,4300.0,4300.0,1712600
2026-01-28 07:55:00,4320.0,4330.0,4310.0,4330.0,686900
2026-01-28 08:00:00,4330.0,4340.0,4320.0,4330.0,921500
2026-01-28 08:05:00,4330.0,4350.0,4320.0,4330.0,1264300
2026-01-28 08:10:00,4340.0,4350.0,4330.0,4340.0,1497100
2026-01-28 08:15:00,4330.0,4350.0,4330.0,4350.0,1499300
2026-01-28 08:20:00,4330.0,4340.0,4330.0,4340.0,575300
2026-01-28 08:25:00,4340.0,4350.0,4330.0,4340.0,1083400
2026-01-28 08:30:00,4320.0,4350.0,4310.0,4350.0,3081200
2026-01-28 08:35:00,4330.0,4340.0,4320.0,4330.0,974900
2026-01-28 08:40:00,4330.0,4340.0,4330.0,4340.0,1085600
2026-01-28 08:45:00,4330.0,4350.0,4320.0,4340.0,5724700
2026-01-28 09:00:00,4440.0,4440.0,4440.0,4440.0,11483500
2026-01-28 09:05:00,4440.0,4440.0,4440.0,4440.0,1262600
2026-01-28 09:10:00,4440.0,4440.0,4440.0,4440.0,0
2026-01-29 02:00:00,4280.0,4320.0,4250.0,4310.0,0
2026-01-29 02:05:00,4220.0,4290.0,4220.0,4280.0,5948300
2026-01-29 02:10:00,4180.0,4230.0,4160.0,4220.0,6580700
2026-01-29 02:15:00,4180.0,4220.0,4170.0,4180.0,2572600
2026-01-29 02:20:00,4130.0,4190.0,4130.0,4170.0,3196400
2026-01-29 02:25:00,4070.0,4140.0,4070.0,4130.0,2084700
2026-01-29 02:55:00,4000.0,4120.0,3990.0,4080.0,4174100
2026-01-29 03:00:00,4100.0,4110.0,3990.0,4000.0,4094600
2026-01-29 03:05:00,4100.0,4110.0,4070.0,4090.0,3611800
2026-01-29 03:10:00,4090.0,4110.0,4080.0,4100.0,3488100
2026-01-29 03:15:00,4170.0,4190.0,4090.0,4100.0,3581700
2026-01-29 03:20:00,4180.0,4220.0,4160.0,4170.0,5739600
2026-01-29 03:25:00,4200.0,4210.0,4170.0,4170.0,5716900
2026-01-29 03:30:00,4210.0,4230.0,4190.0,4200.0,3570100
2026-01-29 03:35:00,4250.0,4260.0,4220.0,4220.0,5102200
2026-01-29 03:40:00,4240.0,4260.0,4230.0,4250.0,5287400
2026-01-29 03:45:00,4290.0,4290.0,4230.0,4230.0,4980100
2026-01-29 03:50:00,4280.0,4310.0,4270.0,4290.0,5029900
2026-01-29 03:55:00,4310.0,4320.0,4280.0,4280.0,4346800
2026-01-29 04:00:00,4270.0,4320.0,4260.0,4310.0,5356600
2026-01-29 04:05:00,4270.0,4280.0,4260.0,4260.0,1716300
2026-01-29 04:10:00,4280.0,4290.0,4260.0,4270.0,1819400
2026-01-29 04:15:00,4280.0,4290.0,4270.0,4280.0,1606300
2026-01-29 04:20:00,4260.0,4280.0,4250.0,4270.0,1724400
2026-01-29 04:25:00,4260.0,4270.0,4260.0,4260.0,1394200
2026-01-29 04:30:00,4210.0,4270.0,4210.0,4260.0,2872700
2026-01-29 04:35:00,4210.0,4230.0,4190.0,4210.0,4148100
2026-01-29 04:40:00,4180.0,4210.0,4180.0,4210.0,1775300
2026-01-29 04:45:00,4190.0,4200.0,4180.0,4190.0,1516500
2026-01-29 04:50:00,4220.0,4220.0,4190.0,4190.0,1719600
2026-01-29 04:55:00,4230.0,4250.0,4210.0,4230.0,1051900
2026-01-29 06:30:00,4290.0,4310.0,4230.0,4240.0,9027400
2026-01-29 06:35:00,4310.0,4320.0,4270.0,4280.0,4384500
2026-01-29 06:40:00,4360.0,4380.0,4310.0,4310.0,6444500
2026-01-29 06:45:00,4350.0,4370.0,4320.0,4360.0,2939900
2026-01-29 06:50:00,4350.0,4360.0,4330.0,4340.0,1153000
2026-01-29 06:55:00,4390.0,4400.0,4340.0,4350.0,3678100
2026-01-29 07:00:00,4420.0,4430.0,4370.0,4380.0,7641400
2026-01-29 07:05:00,4430.0,4450.0,4410.0,4430.0,11336700
2026-01-29 07:10:00,4420.0,4430.0,4390.0,4430.0,3378400
2026-01-29 07:15:00,4440.0,4460.0,4420.0,4430.0,6213800
2026-01-29 07:20:00,4410.0,4450.0,4410.0,4440.0,6798800
2026-01-29 07:25:00,4420.0,4430.0,4400.0,4420.0,5134100
2026-01-29 07:30:00,4370.0,4430.0,4370.0,4420.0,5277900
2026-01-29 07:35:00,4340.0,4380.0,4320.0,4360.0,3798500
2026-01-29 07:40:00,4380.0,4390.0,4340.0,4340.0,2947400
2026-01-29 07:45:00,4410.0,4410.0,4370.0,4370.0,1984700
2026-01-29 07:50:00,4410.0,4420.0,4400.0,4410.0,1372500
2026-01-29 07:55:00,4400.0,4420.0,4390.0,4420.0,2637900
2026-01-29 08:00:00,4410.0,4410.0,4400.0,4400.0,3734900
2026-01-29 08:05:00,4380.0,4410.0,4380.0,4410.0,3450900
2026-01-29 08:10:00,4380.0,4390.0,4370.0,4380.0,1763900
2026-01-29 08:15:00,4400.0,4400.0,4380.0,4380.0,1654500
2026-01-29 08:20:00,4410.0,4420.0,4390.0,4390.0,1970600
2026-01-29 08:25:00,4410.0,4420.0,4400.0,4410.0,2252300
2026-01-29 08:30:00,4400.0,4420.0,4400.0,4410.0,1607500
2026-01-29 08:35:00,4390.0,4420.0,4380.0,4410.0,3607300
2026-01-29 08:40:00,4410.0,4410.0,4380.0,4390.0,3293800
2026-01-29 08:45:00,4400.0,4410.0,4380.0,4410.0,2611400
2026-01-29 09:00:00,4420.0,4420.0,4420.0,4420.0,15772200
2026-01-29 09:05:00,4420.0,4420.0,4420.0,4420.0,37400
2026-01-29 09:10:00,4420.0,4420.0,4420.0,4420.0,53500
2026-01-30 02:00:00,4530.0,4540.0,4450.0,4460.0,0
2026-01-30 02:05:00,4560.0,4570.0,4520.0,4520.0,5032200
2026-01-30 02:10:00,4590.0,4590.0,4560.0,4570.0,3018600
2026-01-30 02:15:00,4520.0,4590.0,4520.0,4580.0,2371100
2026-01-30 02:20:00,4520.0,4530.0,4490.0,4530.0,1867100
2026-01-30 02:25:00,4500.0,4520.0,4500.0,4520.0,634100
2026-01-30 02:30:00,4480.0,4510.0,4430.0,4500.0,5060700
2026-01-30 02:35:00,4480.0,4500.0,4480.0,4480.0,564400
2026-01-30 02:40:00,4520.0,4530.0,4480.0,4480.0,1170900
2026-01-30 02:45:00,4540.0,4540.0,4520.0,4520.0,591100
2026-01-30 02:50:00,4510.0,4540.0,4510.0,4540.0,1014300
2026-01-30 02:55:00,4520.0,4530.0,4510.0,4510.0,569900
2026-01-30 03:00:00,4530.0,4530.0,4520.0,4530.0,757700
2026-01-30 03:05:00,4540.0,4550.0,4520.0,4530.0,1235200
2026-01-30 03:10:00,4550.0,4560.0,4540.0,4550.0,2070700
2026-01-30 03:15:00,4550.0,4550.0,4540.0,4540.0,295500
2026-01-30 03:20:00,4530.0,4550.0,4500.0,4550.0,1577600
2026-01-30 03:25:00,4530.0,4530.0,4520.0,4520.0,354100
2026-01-30 03:30:00,4530.0,4530.0,4520.0,4520.0,340600
2026-01-30 03:35:00,4530.0,4530.0,4520.0,4530.0,556900
2026-01-30 03:40:00,4540.0,4540.0,4520.0,4530.0,661000
2026-01-30 03:45:00,4530.0,4540.0,4520.0,4540.0,1754900
2026-01-30 03:50:00,4510.0,4530.0,4500.0,4520.0,2602000
2026-01-30 03:55:00,4510.0,4520.0,4500.0,4510.0,846900
2026-01-30 04:00:00,4510.0,4520.0,4500.0,4520.0,694100
2026-01-30 04:05:00,4520.0,4520.0,4500.0,4510.0,521900
2026-01-30 04:10:00,4510.0,4520.0,4500.0,4520.0,1651600
2026-01-30 04:15:00,4510.0,4530.0,4510.0,4510.0,1319300
2026-01-30 04:20:00,4520.0,4530.0,4510.0,4520.0,753500
2026-01-30 04:25:00,4510.0,4520.0,4500.0,4520.0,1390800
2026-01-30 07:00:00,4550.0,4570.0,4510.0,4510.0,15583500
2026-01-30 07:05:00,4550.0,4570.0,4540.0,4560.0,4423800
2026-01-30 07:10:00,4530.0,4550.0,4520.0,4550.0,2632900
2026-01-30 07:15:00,4550.0,4550.0,4530.0,4540.0,5287600
2026-01-30 07:20:00,4550.0,4550.0,4540.0,4540.0,809900
2026-01-30 07:25:00,4570.0,4570.0,4540.0,4550.0,6614400
2026-01-30 07:30:00,4550.0,4570.0,4540.0,4570.0,2673000
2026-01-30 07:35:00,4550.0,4560.0,4540.0,4550.0,1639000
2026-01-30 07:40:00,4540.0,4550.0,4540.0,4550.0,846000
2026-01-30 07:45:00,4510.0,4550.0,4500.0,4550.0,7195500
2026-01-30 07:50:00,4520.0,4520.0,4500.0,4510.0,1968400
2026-01-30 07:55:00,4530.0,4530.0,4510.0,4510.0,1635300
2026-01-30 08:00:00,4510.0,4530.0,4510.0,4530.0,1910100
2026-01-30 08:05:00,4510.0,4520.0,4500.0,4520.0,3046400
2026-01-30 08:10:00,4530.0,4530.0,4500.0,4500.0,2021100
2026-01-30 08:15:00,4520.0,4530.0,4510.0,4530.0,1180300
2026-01-30 08:20:00,4520.0,4520.0,4510.0,4520.0,1930400
2026-01-30 08:25:00,4520.0,4530.0,4510.0,4520.0,2290900
2026-01-30 08:30:00,4520.0,4520.0,4510.0,4520.0,586500
2026-01-30 08:35:00,4520.0,4520.0,4510.0,4520.0,1079000
2026-01-30 08:40:00,4480.0,4530.0,4480.0,4520.0,7663200
2026-01-30 08:45:00,4480.0,4500.0,4480.0,4480.0,3362200
2026-01-30 09:00:00,4490.0,4490.0,4490.0,4490.0,33722800
2026-01-30 09:05:00,4490.0,4490.0,4490.0,4490.0,59400
2026-01-30 09:10:00,4490.0,4490.0,4490.0,4490.0,15900
2026-02-02 09:10:00,4500.0,4500.0,4500.0,4500.0,0
2026-02-03 02:00:00,4510.0,4560.0,4460.0,4550.0,0
2026-02-03 02:05:00,4380.0,4510.0,4380.0,4510.0,5494100
2026-02-03 02:10:00,4480.0,4480.0,4390.0,4400.0,1769700
2026-02-03 02:15:00,4480.0,4490.0,4470.0,4480.0,1146200
2026-02-03 02:20:00,4490.0,4500.0,4480.0,4480.0,1625800
2026-02-03 02:25:00,4490.0,4500.0,4480.0,4490.0,474200
2026-02-03 02:30:00,4490.0,4500.0,4490.0,4500.0,656600
2026-02-03 02:35:00,4510.0,4520.0,4490.0,4490.0,849600
2026-02-03 02:40:00,4550.0,4550.0,4500.0,4510.0,1849300
2026-02-03 02:45:00,4570.0,4580.0,4540.0,4550.0,5949500
2026-02-03 02:50:00,4600.0,4600.0,4560.0,4570.0,4266700
2026-02-03 02:55:00,4580.0,4620.0,4570.0,4600.0,6749100
2026-02-03 03:00:00,4600.0,4610.0,4570.0,4580.0,3852300
2026-02-03 03:05:00,4580.0,4610.0,4580.0,4600.0,1822900
2026-02-03 03:10:00,4550.0,4580.0,4550.0,4580.0,631800
2026-02-03 03:15:00,4560.0,4570.0,4550.0,4550.0,292000
2026-02-03 03:20:00,4580.0,4580.0,4560.0,4560.0,440100
2026-02-03 03:25:00,4570.0,4580.0,4560.0,4580.0,288300
2026-02-03 03:30:00,4560.0,4570.0,4560.0,4570.0,83600
2026-02-03 03:35:00,4560.0,4570.0,4560.0,4570.0,129500
2026-02-03 03:40:00,4570.0,4570.0,4560.0,4570.0,182400
2026-02-03 03:45:00,4560.0,4570.0,4550.0,4570.0,561100
2026-02-03 03:50:00,4570.0,4570.0,4550.0,4560.0,353900
2026-02-03 03:55:00,4570.0,4580.0,4560.0,4570.0,781700
2026-02-03 04:00:00,4580.0,4580.0,4570.0,4580.0,381800
2026-02-03 04:05:00,4590.0,4590.0,4570.0,4580.0,462900
2026-02-03 04:10:00,4590.0,4600.0,4580.0,4580.0,567100
2026-02-03 04:15:00,4610.0,4610.0,4590.0,4590.0,1574300
2026-02-03 04:20:00,4610.0,4620.0,4600.0,4610.0,1293800
2026-02-03 04:25:00,4600.0,4610.0,4600.0,4610.0,308900
2026-02-03 04:30:00,4610.0,4610.0,4600.0,4600.0,791400
2026-02-03 04:35:00,4620.0,4620.0,4600.0,4600.0,1631800
2026-02-03 04:40:00,4590.0,4620.0,4560.0,4620.0,1233000
2026-02-03 04:45:00,4610.0,4610.0,4590.0,4600.0,579600
2026-02-03 04:50:00,4610.0,4610.0,4600.0,4600.0,648700
2026-02-03 04:55:00,4620.0,4630.0,4600.0,4610.0,1833900
2026-02-03 06:30:00,4600.0,4630.0,4590.0,4620.0,656300
2026-02-03 06:35:00,4590.0,4600.0,4590.0,4590.0,167800
2026-02-03 06:40:00,4590.0,4600.0,4590.0,4590.0,218900
2026-02-03 06:45:00,4590.0,4600.0,4590.0,4600.0,197800
2026-02-03 06:50:00,4600.0,4600.0,4590.0,4600.0,182000
2026-02-03 06:55:00,4600.0,4600.0,4590.0,4600.0,154800
2026-02-03 07:00:00,4570.0,4600.0,4560.0,4590.0,1304200
2026-02-03 07:05:00,4580.0,4590.0,4560.0,4560.0,522200
2026-02-03 07:10:00,4580.0,4590.0,4580.0,4590.0,118000
2026-02-03 07:15:00,4580.0,4590.0,4570.0,4580.0,501200
2026-02-03 07:20:00,4580.0,4590.0,4580.0,4580.0,42700
2026-02-03 07:25:00,4590.0,4590.0,4580.0,4580.0,272300
2026-02-03 07:30:00,4570.0,4590.0,4550.0,4580.0,1189100
2026-02-03 07:35:00,4570.0,4580.0,4560.0,4580.0,207200
2026-02-03 07:40:00,4570.0,4590.0,4570.0,4580.0,312700
2026-02-03 07:45:00,4570.0,4580.0,4560.0,4580.0,698800
2026-02-03 07:50:00,4570.0,4580.0,4560.0,4580.0,367300
2026-02-03 07:55:00,4580.0,4590.0,4570.0,4580.0,708600
2026-02-03 08:00:00,4590.0,4600.0,4570.0,4590.0,1334800
2026-02-03 08:05:00,4590.0,4590.0,4570.0,4580.0,323700
2026-02-03 08:10:00,4580.0,4590.0,4580.0,4590.0,109000
2026-02-03 08:15:00,4580.0,4590.0,4580.0,4590.0,192100
2026-02-03 08:20:00,4580.0,4590.0,4580.0,4590.0,345100
2026-02-03 08:25:00,4590.0,4590.0,4580.0,4580.0,216500
2026-02-03 08:30:00,4590.0,4590.0,4570.0,4580.0,570600
2026-02-03 08:35:00,4580.0,4590.0,4580.0,4580.0,277000
2026-02-03 08:40:00,4580.0,4590.0,4570.0,4580.0,1600100
2026-02-03 08:45:00,4570.0,4590.0,4560.0,4580.0,1564900
2026-02-03 09:00:00,4590.0,4590.0,4590.0,4590.0,10595900
2026-02-03 09:05:00,4590.0,4590.0,4590.0,4590.0,286600
2026-02-03 09:10:00,4590.0,4590.0,4590.0,4590.0,13100
2026-02-04 02:00:00,4590.0,4600.0,4570.0,4590.0,0
2026-02-04 02:05:00,4600.0,4610.0,4580.0,4590.0,1273700
2026-02-04 02:10:00,4590.0,4620.0,4590.0,4600.0,3092100
2026-02-04 02:15:00,4600.0,4610.0,4590.0,4590.0,2044200
2026-02-04 02:20:00,4600.0,4610.0,4590.0,4590.0,793400
2026-02-04 02:25:00,4610.0,4610.0,4590.0,4610.0,943100
2026-02-04 02:30:00,4590.0,4610.0,4580.0,4600.0,1956900
2026-02-04 02:35:00,4570.0,4590.0,4570.0,4590.0,1207600
2026-02-04 02:40:00,4580.0,4580.0,4570.0,4580.0,1031900
2026-02-04 02:45:00,4590.0,4590.0,4570.0,4570.0,1490500
2026-02-04 02:50:00,4580.0,4590.0,4580.0,4580.0,224600
2026-02-04 02:55:00,4580.0,4590.0,4580.0,4580.0,297700
2026-02-04 03:00:00,4600.0,4600.0,4580.0,4580.0,1403900
2026-02-04 03:05:00,4600.0,4600.0,4590.0,4600.0,662300
2026-02-04 03:10:00,4620.0,4620.0,4590.0,4600.0,2176600
2026-02-04 03:15:00,4620.0,4620.0,4610.0,4620.0,515500
2026-02-04 03:20:00,4610.0,4620.0,4600.0,4620.0,882400
2026-02-04 03:25:00,4610.0,4610.0,4600.0,4600.0,182000
2026-02-04 03:30:00,4620.0,4620.0,4600.0,4600.0,980000
2026-02-04 03:35:00,4630.0,4640.0,4610.0,4620.0,4600800
2026-02-04 03:40:00,4620.0,4630.0,4620.0,4630.0,443400
2026-02-04 03:45:00,4620.0,4630.0,4610.0,4620.0,1082000
2026-02-04 03:50:00,4620.0,4620.0,4610.0,4620.0,775700
2026-02-04 03:55:00,4620.0,4620.0,4600.0,4620.0,2851300
2026-02-04 04:00:00,4620.0,4620.0,4610.0,4620.0,310300
2026-02-04 04:05:00,4610.0,4620.0,4610.0,4620.0,312600
2026-02-04 04:10:00,4620.0,4620.0,4610.0,4610.0,410200
2026-02-04 04:15:00,4620.0,4620.0,4610.0,4620.0,302200
2026-02-04 04:20:00,4610.0,4620.0,4610.0,4620.0,396600
2026-02-04 04:25:00,4620.0,4620.0,4610.0,4620.0,356900
2026-02-04 04:30:00,4620.0,4620.0,4610.0,4610.0,415000
2026-02-04 04:35:00,4620.0,4620.0,4610.0,4620.0,330300
2026-02-04 04:40:00,4610.0,4620.0,4610.0,4610.0,367300
2026-02-04 04:45:00,4620.0,4620.0,4610.0,4620.0,520100
2026-02-04 04:50:00,4620.0,4620.0,4610.0,4610.0,284000
2026-02-04 04:55:00,4620.0,4620.0,4610.0,4610.0,457200
2026-02-04 06:30:00,4620.0,4620.0,4610.0,4620.0,2408300
2026-02-04 06:35:00,4610.0,4620.0,4610.0,4620.0,934800
2026-02-04 06:40:00,4620.0,4620.0,4610.0,4620.0,558000
2026-02-04 06:45:00,4620.0,4620.0,4610.0,4620.0,724900
2026-02-04 06:50:00,4620.0,4630.0,4610.0,4620.0,1491100
2026-02-04 06:55:00,4610.0,4620.0,4610.0,4610.0,194300
2026-02-04 07:00:00,4620.0,4620.0,4610.0,4620.0,670100
2026-02-04 07:05:00,4630.0,4630.0,4620.0,4620.0,1688300
2026-02-04 07:10:00,4640.0,4640.0,4620.0,4630.0,3572000
2026-02-04 07:15:00,4640.0,4640.0,4630.0,4640.0,477900
2026-02-04 07:20:00,4640.0,4640.0,4630.0,4640.0,1619600
2026-02-04 07:25:00,4650.0,4650.0,4630.0,4640.0,1833900
2026-02-04 07:30:00,4640.0,4650.0,4640.0,4650.0,1607100
2026-02-04 07:35:00,4650.0,4650.0,4630.0,4640.0,1467100
2026-02-04 07:40:00,4640.0,4650.0,4640.0,4650.0,461300
2026-02-04 07:45:00,4640.0,4650.0,4640.0,4640.0,1096800
2026-02-04 07:50:00,4630.0,4650.0,4630.0,4650.0,1167500
2026-02-04 07:55:00,4630.0,4640.0,4620.0,4630.0,988500
2026-02-04 08:00:00,4630.0,4630.0,4620.0,4620.0,1747400
2026-02-04 08:05:00,4620.0,4630.0,4620.0,4630.0,243900
2026-02-04 08:10:00,4620.0,4630.0,4620.0,4620.0,1056500
2026-02-04 08:15:00,4610.0,4630.0,4610.0,4620.0,1304900
2026-02-04 08:20:00,4620.0,4620.0,4610.0,4610.0,429000
2026-02-04 08:25:00,4630.0,4630.0,4610.0,4620.0,1711100
2026-02-04 08:30:00,4640.0,4640.0,4620.0,4630.0,1743000
2026-02-04 08:35:00,4640.0,4640.0,4620.0,4640.0,6604800
2026-02-04 08:40:00,4640.0,4640.0,4620.0,4640.0,1630600
2026-02-04 08:45:00,4630.0,4640.0,4620.0,4630.0,4413700
2026-02-04 09:00:00,4630.0,4630.0,4630.0,4630.0,11876300
2026-02-04 09:05:00,4630.0,4630.0,4630.0,4630.0,130900
2026-02-04 09:10:00,4630.0,4630.0,4630.0,4630.0,26100
2026-02-05 02:00:00,4690.0,4700.0,4620.0,4630.0,0
2026-02-05 02:05:00,4730.0,4730.0,4680.0,4690.0,8154700
2026-02-05 02:10:00,4700.0,4730.0,4700.0,4730.0,3146500
2026-02-05 02:15:00,4690.0,4720.0,4690.0,4700.0,1475100
2026-02-05 02:20:00,4690.0,4700.0,4680.0,4700.0,2250000
2026-02-05 02:25:00,4690.0,4700.0,4680.0,4690.0,1796600
2026-02-05 02:30:00,4700.0,4700.0,4680.0,4690.0,822300
2026-02-05 02:35:00,4690.0,4700.0,4680.0,4690.0,955600
2026-02-05 02:40:00,4680.0,4690.0,4670.0,4690.0,1934900
2026-02-05 02:45:00,4670.0,4680.0,4670.0,4670.0,434200
2026-02-05 02:50:00,4650.0,4670.0,4650.0,4670.0,966100
2026-02-05 02:55:00,4660.0,4660.0,4640.0,4660.0,1986100
2026-02-05 03:00:00,4640.0,4660.0,4640.0,4660.0,1060200
2026-02-05 03:05:00,4650.0,4650.0,4640.0,4640.0,445200
2026-02-05 03:10:00,4650.0,4670.0,4640.0,4650.0,2661800
2026-02-05 03:15:00,4660.0,4660.0,4640.0,4650.0,1951800
2026-02-05 03:20:00,4670.0,4670.0,4650.0,4660.0,1564500
2026-02-05 03:25:00,4670.0,4670.0,4660.0,4670.0,335700
2026-02-05 03:30:00,4670.0,4680.0,4660.0,4670.0,1916800
2026-02-05 03:35:00,4670.0,4680.0,4660.0,4680.0,611100
2026-02-05 03:40:00,4660.0,4670.0,4660.0,4670.0,1114800
2026-02-05 03:45:00,4660.0,4670.0,4660.0,4660.0,588400
2026-02-05 03:50:00,4660.0,4670.0,4660.0,4670.0,119800
2026-02-05 03:55:00,4660.0,4670.0,4660.0,4660.0,606200
2026-02-05 04:00:00,4650.0,4660.0,4650.0,4660.0,1275900
2026-02-05 04:05:00,4650.0,4660.0,4650.0,4650.0,127700
2026-02-05 04:10:00,4660.0,4660.0,4650.0,4650.0,611700
2026-02-05 04:15:00,4660.0,4660.0,4650.0,4660.0,2116500
2026-02-05 04:20:00,4670.0,4670.0,4660.0,4670.0,426100
2026-02-05 04:25:00,4650.0,4670.0,4650.0,4670.0,1942200
2026-02-05 04:30:00,4650.0,4660.0,4650.0,4650.0,49000
2026-02-05 04:35:00,4640.0,4660.0,4640.0,4660.0,1919300
2026-02-05 04:40:00,4630.0,4650.0,4620.0,4640.0,3905300
2026-02-05 04:45:00,4650.0,4650.0,4640.0,4640.0,314600
2026-02-05 04:50:00,4640.0,4650.0,4640.0,4650.0,93200
2026-02-05 04:55:00,4640.0,4650.0,4640.0,4650.0,280100
2026-02-05 06:30:00,4630.0,4650.0,4630.0,4640.0,886400
2026-02-05 06:35:00,4630.0,4640.0,4620.0,4640.0,2282700
2026-02-05 06:40:00,4630.0,4640.0,4620.0,4620.0,758600
2026-02-05 06:45:00,4640.0,4640.0,4630.0,4640.0,517900
2026-02-05 06:50:00,4630.0,4640.0,4630.0,4640.0,203100
2026-02-05 06:55:00,4640.0,4640.0,4630.0,4640.0,286600
2026-02-05 07:00:00,4630.0,4640.0,4630.0,4630.0,530000
2026-02-05 07:05:00,4640.0,4640.0,4630.0,4640.0,371100
2026-02-05 07:10:00,4640.0,4640.0,4630.0,4640.0,900900
2026-02-05 07:15:00,4640.0,4640.0,4630.0,4640.0,442500
2026-02-05 07:20:00,4640.0,4640.0,4630.0,4630.0,224600
2026-02-05 07:25:00,4640.0,4640.0,4630.0,4640.0,582800
2026-02-05 07:30:00,4640.0,4640.0,4630.0,4640.0,283400
2026-02-05 07:35:00,4640.0,4640.0,4630.0,4640.0,444200
2026-02-05 07:40:00,4620.0,4640.0,4620.0,4640.0,6611400
2026-02-05 07:45:00,4620.0,4630.0,4620.0,4630.0,377000
2026-02-05 07:50:00,4620.0,4630.0,4620.0,4630.0,303900
2026-02-05 07:55:00,4620.0,4630.0,4610.0,4620.0,1753900
2026-02-05 08:00:00,4620.0,4620.0,4610.0,4610.0,188900
2026-02-05 08:05:00,4610.0,4620.0,4610.0,4620.0,507300
2026-02-05 08:10:00,4630.0,4630.0,4610.0,4620.0,903700
2026-02-05 08:15:00,4600.0,4630.0,4600.0,4630.0,3084500
2026-02-05 08:20:00,4610.0,4610.0,4600.0,4610.0,240700
2026-02-05 08:25:00,4600.0,4610.0,4590.0,4600.0,2512500
2026-02-05 08:30:00,4600.0,4600.0,4590.0,4590.0,723500
2026-02-05 08:35:00,4600.0,4600.0,4590.0,4590.0,679200
2026-02-05 08:40:00,4600.0,4600.0,4580.0,4600.0,2817000
2026-02-05 08:45:00,4600.0,4610.0,4590.0,4600.0,574500
2026-02-05 09:00:00,4570.0,4570.0,4570.0,4570.0,9029200
2026-02-05 09:05:00,4570.0,4570.0,4570.0,4570.0,176600
2026-02-05 09:10:00,4570.0,4570.0,4570.0,4570.0,110900
2026-02-06 02:00:00,4520.0,4550.0,4500.0,4500.0,0
2026-02-06 02:05:00,4550.0,4560.0,4530.0,4540.0,1901200
2026-02-06 02:10:00,4540.0,4550.0,4540.0,4550.0,662500
2026-02-06 02:15:00,4550.0,4560.0,4540.0,4550.0,914000
2026-02-06 02:20:00,4550.0,4560.0,4540.0,4550.0,501400
2026-02-06 02:25:00,4550.0,4560.0,4540.0,4560.0,633000
2026-02-06 02:30:00,4530.0,4550.0,4530.0,4550.0,1549300
2026-02-06 02:35:00,4520.0,4540.0,4520.0,4530.0,495900
2026-02-06 02:40:00,4530.0,4530.0,4520.0,4520.0,541000
2026-02-06 02:45:00,4530.0,4530.0,4520.0,4530.0,828200
2026-02-06 02:50:00,4530.0,4540.0,4530.0,4540.0,160800
2026-02-06 02:55:00,4520.0,4540.0,4510.0,4540.0,1180400
2026-02-06 03:00:00,4510.0,4520.0,4510.0,4520.0,836000
2026-02-06 03:05:00,4520.0,4520.0,4510.0,4520.0,160600
2026-02-06 03:10:00,4520.0,4520.0,4510.0,4510.0,212000
2026-02-06 03:15:00,4520.0,4520.0,4510.0,4520.0,850300
2026-02-06 03:20:00,4510.0,4520.0,4510.0,4520.0,102300
2026-02-06 03:25:00,4520.0,4530.0,4510.0,4510.0,938900
2026-02-06 03:30:00,4520.0,4530.0,4520.0,4530.0,672400
2026-02-06 03:35:00,4530.0,4530.0,4520.0,4520.0,110900
2026-02-06 03:40:00,4520.0,4530.0,4510.0,4520.0,391600
2026-02-06 03:45:00,4520.0,4520.0,4510.0,4510.0,286500
2026-02-06 03:50:00,4510.0,4520.0,4510.0,4520.0,342100
2026-02-06 03:55:00,4510.0,4520.0,4510.0,4510.0,194400
2026-02-06 04:00:00,4520.0,4520.0,4510.0,4510.0,797900
2026-02-06 04:05:00,4520.0,4520.0,4510.0,4510.0,162000
2026-02-06 04:10:00,4510.0,4520.0,4510.0,4510.0,304400
2026-02-06 04:15:00,4510.0,4520.0,4510.0,4520.0,474400
2026-02-06 04:20:00,4500.0,4520.0,4500.0,4520.0,2372100
2026-02-06 04:25:00,4510.0,4510.0,4500.0,4500.0,395700
2026-02-06 07:00:00,4480.0,4510.0,4470.0,4510.0,5555900
2026-02-06 07:05:00,4490.0,4490.0,4470.0,4480.0,1258900
2026-02-06 07:10:00,4490.0,4500.0,4480.0,4480.0,1353100
2026-02-06 07:15:00,4500.0,4500.0,4490.0,4490.0,291800
2026-02-06 07:20:00,4520.0,4520.0,4490.0,4500.0,1322900
2026-02-06 07:25:00,4520.0,4520.0,4510.0,4520.0,486600
2026-02-06 07:30:00,4510.0,4520.0,4510.0,4520.0,455900
2026-02-06 07:35:00,4500.0,4520.0,4500.0,4510.0,1103200
2026-02-06 07:40:00,4510.0,4510.0,4500.0,4510.0,246400
2026-02-06 07:45:00,4490.0,4500.0,4490.0,4500.0,839500
2026-02-06 07:50:00,4510.0,4520.0,4500.0,4500.0,1238000
2026-02-06 07:55:00,4510.0,4520.0,4500.0,4520.0,299300
2026-02-06 08:00:00,4520.0,4520.0,4500.0,4500.0,602900
2026-02-06 08:05:00,4510.0,4520.0,4500.0,4510.0,827500
2026-02-06 08:10:00,4500.0,4510.0,4500.0,4510.0,232100
2026-02-06 08:15:00,4510.0,4510.0,4500.0,4510.0,271600
2026-02-06 08:20:00,4520.0,4520.0,4500.0,4500.0,2256000
2026-02-06 08:25:00,4510.0,4520.0,4500.0,4520.0,2045600
2026-02-06 08:30:00,4520.0,4530.0,4500.0,4510.0,2413600
2026-02-06 08:35:00,4520.0,4520.0,4510.0,4520.0,902600
2026-02-06 08:40:00,4510.0,4520.0,4510.0,4520.0,741700
2026-02-06 08:45:00,4520.0,4530.0,4510.0,4520.0,2546300
2026-02-06 09:00:00,4530.0,4530.0,4530.0,4530.0,6227600
2026-02-06 09:05:00,4530.0,4530.0,4530.0,4530.0,6700
2026-02-06 09:10:00,4530.0,4530.0,4530.0,4530.0,14800
2026-02-09 02:00:00,4530.0,4570.0,4510.0,4560.0,0
2026-02-09 02:05:00,4530.0,4550.0,4500.0,4530.0,4294800
2026-02-09 02:10:00,4470.0,4530.0,4470.0,4530.0,4200000
2026-02-09 02:15:00,4490.0,4490.0,4470.0,4480.0,1447700
2026-02-09 02:20:00,4480.0,4490.0,4450.0,4480.0,2385100
2026-02-09 02:25:00,4470.0,4490.0,4470.0,4480.0,1842200
2026-02-09 02:30:00,4480.0,4490.0,4470.0,4490.0,837700
2026-02-09 02:35:00,4480.0,4480.0,4470.0,4480.0,502200
2026-02-09 02:40:00,4490.0,4490.0,4470.0,4480.0,503300
2026-02-09 02:45:00,4490.0,4490.0,4480.0,4490.0,168400
2026-02-09 02:50:00,4490.0,4490.0,4480.0,4490.0,100300
2026-02-09 02:55:00,4490.0,4500.0,4480.0,4490.0,738200
2026-02-09 03:00:00,4500.0,4500.0,4480.0,4490.0,276500
2026-02-09 03:05:00,4480.0,4500.0,4470.0,4500.0,1030900
2026-02-09 03:10:00,4490.0,4490.0,4470.0,4480.0,431300
2026-02-09 03:15:00,4490.0,4490.0,4480.0,4480.0,40700
2026-02-09 03:20:00,4490.0,4500.0,4480.0,4490.0,384900
2026-02-09 03:25:00,4490.0,4500.0,4480.0,4500.0,652100
2026-02-09 03:30:00,4490.0,4500.0,4480.0,4490.0,297400
2026-02-09 03:35:00,4490.0,4500.0,4490.0,4500.0,173900
2026-02-09 03:40:00,4500.0,4510.0,4490.0,4490.0,1057700
2026-02-09 03:45:00,4500.0,4500.0,4490.0,4500.0,243200
2026-02-09 03:50:00,4500.0,4510.0,4490.0,4500.0,436600
2026-02-09 03:55:00,4510.0,4510.0,4500.0,4500.0,63000
2026-02-09 04:00:00,4500.0,4510.0,4490.0,4500.0,946500
2026-02-09 04:05:00,4490.0,4500.0,4490.0,4500.0,67800
2026-02-09 04:10:00,4500.0,4500.0,4490.0,4490.0,35000
2026-02-09 04:15:00,4500.0,4510.0,4490.0,4500.0,392500
2026-02-09 04:20:00,4510.0,4510.0,4500.0,4500.0,456400
2026-02-09 04:25:00,4510.0,4510.0,4500.0,4510.0,22400
2026-02-09 04:30:00,4510.0,4510.0,4500.0,4510.0,239800
2026-02-09 04:35:00,4500.0,4510.0,4500.0,4510.0,284800
2026-02-09 04:40:00,4500.0,4510.0,4500.0,4510.0,1082100
2026-02-09 04:45:00,4500.0,4510.0,4500.0,4510.0,99300
2026-02-09 04:50:00,4490.0,4510.0,4490.0,4510.0,1266100
2026-02-09 04:55:00,4490.0,4500.0,4490.0,4490.0,97700
2026-02-09 06:30:00,4490.0,4500.0,4480.0,4490.0,964700
2026-02-09 06:35:00,4490.0,4490.0,4470.0,4480.0,986400
2026-02-09 06:40:00,4480.0,4490.0,4470.0,4480.0,309600
2026-02-09 06:45:00,4490.0,4490.0,4480.0,4480.0,365400
2026-02-09 06:50:00,4490.0,4490.0,4480.0,4490.0,96800
2026-02-09 06:55:00,4480.0,4490.0,4480.0,4490.0,56900
2026-02-09 07:00:00,4480.0,4490.0,4480.0,4490.0,929600
2026-02-09 07:05:00,4480.0,4480.0,4470.0,4480.0,102800
2026-02-09 07:10:00,4470.0,4480.0,4470.0,4480.0,135400
2026-02-09 07:15:00,4480.0,4480.0,4470.0,4480.0,314400
2026-02-09 07:20:00,4480.0,4480.0,4470.0,4480.0,219200
2026-02-09 07:25:00,4480.0,4480.0,4470.0,4480.0,119200
2026-02-09 07:30:00,4480.0,4480.0,4470.0,4480.0,846700
2026-02-09 07:35:00,4470.0,4480.0,4470.0,4480.0,886000
2026-02-09 07:40:00,4480.0,4480.0,4470.0,4480.0,130400
2026-02-09 07:45:00,4470.0,4480.0,4470.0,4480.0,1597200
2026-02-09 07:50:00,4470.0,4480.0,4470.0,4470.0,196500
2026-02-09 07:55:00,4480.0,4480.0,4470.0,4470.0,78600
2026-02-09 08:00:00,4470.0,4480.0,4470.0,4480.0,87900
2026-02-09 08:05:00,4480.0,4480.0,4470.0,4470.0,76300
2026-02-09 08:10:00,4480.0,4480.0,4470.0,4480.0,98300
2026-02-09 08:15:00,4480.0,4480.0,4470.0,4480.0,205200
2026-02-09 08:20:00,4470.0,4480.0,4470.0,4480.0,291300
2026-02-09 08:25:00,4470.0,4480.0,4470.0,4480.0,237900
2026-02-09 08:30:00,4490.0,4490.0,4470.0,4480.0,1936500
2026-02-09 08:35:00,4500.0,4500.0,4480.0,4490.0,2130100
2026-02-09 08:40:00,4500.0,4500.0,4470.0,4500.0,673600
2026-02-09 08:45:00,4500.0,4510.0,4490.0,4490.0,1541200
2026-02-09 09:00:00,4520.0,4520.0,4520.0,4520.0,4468100
2026-02-09 09:05:00,4520.0,4520.0,4520.0,4520.0,9000
2026-02-09 09:10:00,4520.0,4520.0,4520.0,4520.0,700
2026-02-10 02:00:00,4490.0,4510.0,4480.0,4510.0,0
2026-02-10 02:05:00,4510.0,4520.0,4490.0,4500.0,423900
2026-02-10 02:10:00,4500.0,4510.0,4500.0,4510.0,379900
2026-02-10 02:15:00,4490.0,4500.0,4480.0,4500.0,269900
2026-02-10 02:20:00,4500.0,4510.0,4480.0,4480.0,1204000
2026-02-10 02:25:00,4520.0,4530.0,4500.0,4510.0,489200
2026-02-10 02:30:00,4540.0,4540.0,4520.0,4530.0,790400
2026-02-10 02:35:00,4510.0,4530.0,4510.0,4530.0,1148300
2026-02-10 02:40:00,4530.0,4540.0,4520.0,4520.0,679100
2026-02-10 02:45:00,4530.0,4530.0,4510.0,4530.0,651500
2026-02-10 02:50:00,4530.0,4530.0,4520.0,4520.0,161100
2026-02-10 02:55:00,4540.0,4540.0,4520.0,4530.0,362500
2026-02-10 03:00:00,4540.0,4540.0,4530.0,4540.0,155900
2026-02-10 03:05:00,4530.0,4540.0,4530.0,4540.0,634300
2026-02-10 03:10:00,4530.0,4530.0,4520.0,4530.0,198900
2026-02-10 03:15:00,4510.0,4530.0,4500.0,4530.0,1297300
2026-02-10 03:20:00,4510.0,4520.0,4500.0,4510.0,453800
2026-02-10 03:25:00,4490.0,4510.0,4480.0,4510.0,1704600
2026-02-10 03:30:00,4490.0,4500.0,4480.0,4500.0,234800
2026-02-10 03:35:00,4500.0,4500.0,4480.0,4490.0,770500
2026-02-10 03:40:00,4510.0,4510.0,4490.0,4500.0,300200
2026-02-10 03:45:00,4510.0,4510.0,4500.0,4500.0,172500
2026-02-10 03:50:00,4510.0,4510.0,4500.0,4510.0,126800
2026-02-10 03:55:00,4510.0,4510.0,4500.0,4500.0,94100
2026-02-10 04:00:00,4510.0,4510.0,4500.0,4510.0,112700
2026-02-10 04:05:00,4510.0,4510.0,4500.0,4510.0,185300
2026-02-10 04:10:00,4510.0,4510.0,4500.0,4510.0,101700
2026-02-10 04:15:00,4510.0,4510.0,4500.0,4510.0,76300
2026-02-10 04:20:00,4500.0,4510.0,4500.0,4510.0,298800
2026-02-10 04:25:00,4500.0,4510.0,4500.0,4510.0,142000
2026-02-10 04:30:00,4500.0,4510.0,4490.0,4500.0,882900
2026-02-10 04:35:00,4510.0,4510.0,4500.0,4500.0,234300
2026-02-10 04:40:00,4510.0,4510.0,4500.0,4510.0,40100
2026-02-10 04:45:00,4510.0,4510.0,4500.0,4510.0,263300
2026-02-10 04:50:00,4510.0,4510.0,4500.0,4510.0,93300
2026-02-10 04:55:00,4500.0,4510.0,4500.0,4510.0,189200
2026-02-10 06:30:00,4520.0,4520.0,4500.0,4500.0,381700
2026-02-10 06:35:00,4500.0,4520.0,4500.0,4520.0,204200
2026-02-10 06:40:00,4500.0,4510.0,4500.0,4510.0,490300
2026-02-10 06:45:00,4500.0,4510.0,4490.0,4500.0,984500
2026-02-10 06:50:00,4500.0,4510.0,4500.0,4500.0,31300
2026-02-10 06:55:00,4510.0,4510.0,4500.0,4510.0,44600
2026-02-10 07:00:00,4510.0,4520.0,4490.0,4510.0,1287700
2026-02-10 07:05:00,4520.0,4520.0,4510.0,4510.0,168200
2026-02-10 07:10:00,4510.0,4520.0,4510.0,4520.0,177700
2026-02-10 07:15:00,4510.0,4520.0,4510.0,4510.0,47200
2026-02-10 07:20:00,4510.0,4520.0,4510.0,4520.0,93000
2026-02-10 07:25:00,4520.0,4520.0,4510.0,4520.0,86100
2026-02-10 07:30:00,4510.0,4520.0,4510.0,4520.0,121400
2026-02-10 07:35:00,4520.0,4520.0,4510.0,4520.0,189500
2026-02-10 07:40:00,4530.0,4530.0,4510.0,4520.0,753000
2026-02-10 07:45:00,4510.0,4530.0,4510.0,4520.0,644800
2026-02-10 07:50:00,4510.0,4520.0,4510.0,4520.0,202600
2026-02-10 07:55:00,4520.0,4520.0,4510.0,4510.0,64400
2026-02-10 08:00:00,4510.0,4520.0,4510.0,4520.0,177700
2026-02-10 08:05:00,4510.0,4520.0,4510.0,4520.0,434200
2026-02-10 08:10:00,4510.0,4520.0,4510.0,4520.0,301000
2026-02-10 08:15:00,4520.0,4520.0,4510.0,4520.0,415800
2026-02-10 08:20:00,4510.0,4520.0,4510.0,4520.0,887200
2026-02-10 08:25:00,4510.0,4520.0,4510.0,4510.0,375700
2026-02-10 08:30:00,4510.0,4520.0,4510.0,4520.0,512600
2026-02-10 08:35:00,4510.0,4520.0,4510.0,4520.0,883300
2026-02-10 08:40:00,4520.0,4520.0,4510.0,4520.0,1566100
2026-02-10 08:45:00,4520.0,4530.0,4510.0,4520.0,2151600
2026-02-10 09:00:00,4510.0,4510.0,4510.0,4510.0,5192900
2026-02-10 09:05:00,4510.0,4510.0,4510.0,4510.0,0
2026-02-10 09:10:00,4510.0,4510.0,4510.0,4510.0,3000100
2026-02-11 02:00:00,4490.0,4510.0,4490.0,4500.0,0
2026-02-11 02:05:00,4510.0,4510.0,4480.0,4490.0,1952300
2026-02-11 02:10:00,4500.0,4510.0,4480.0,4510.0,1480700
2026-02-11 02:15:00,4490.0,4500.0,4490.0,4490.0,318500
2026-02-11 02:20:00,4490.0,4500.0,4490.0,4490.0,367900
2026-02-11 02:25:00,4490.0,4500.0,4480.0,4500.0,977300
2026-02-11 02:30:00,4470.0,4490.0,4470.0,4490.0,3932100
2026-02-11 02:35:00,4490.0,4490.0,4460.0,4470.0,2224100
2026-02-11 02:40:00,4480.0,4490.0,4480.0,4490.0,61800
2026-02-11 02:45:00,4490.0,4490.0,4480.0,4480.0,402100
2026-02-11 02:50:00,4490.0,4490.0,4480.0,4480.0,804700
2026-02-11 02:55:00,4480.0,4490.0,4470.0,4490.0,2381000
2026-02-11 03:00:00,4490.0,4490.0,4470.0,4480.0,962500
2026-02-11 03:05:00,4490.0,4490.0,4480.0,4480.0,777000
2026-02-11 03:10:00,4490.0,4490.0,4480.0,4490.0,183800
2026-02-11 03:15:00,4490.0,4490.0,4480.0,4480.0,161900
2026-02-11 03:20:00,4470.0,4490.0,4460.0,4490.0,2520200
2026-02-11 03:25:00,4480.0,4480.0,4460.0,4470.0,622200
2026-02-11 03:30:00,4480.0,4480.0,4470.0,4480.0,41400
2026-02-11 03:35:00,4470.0,4480.0,4470.0,4470.0,150300
2026-02-11 03:40:00,4470.0,4480.0,4470.0,4470.0,143700
2026-02-11 03:45:00,4470.0,4480.0,4460.0,4480.0,1568700
2026-02-11 03:50:00,4470.0,4480.0,4460.0,4460.0,703000
2026-02-11 03:55:00,4470.0,4470.0,4460.0,4470.0,358600
2026-02-11 04:00:00,4470.0,4480.0,4460.0,4470.0,1312200
2026-02-11 04:05:00,4480.0,4480.0,4470.0,4480.0,646400
2026-02-11 04:10:00,4470.0,4480.0,4470.0,4480.0,102000
2026-02-11 04:15:00,4470.0,4480.0,4470.0,4470.0,161300
2026-02-11 04:20:00,4480.0,4480.0,4470.0,4470.0,539700
2026-02-11 04:25:00,4480.0,4480.0,4470.0,4480.0,1197800
2026-02-11 04:30:00,4480.0,4480.0,4470.0,4480.0,2018700
2026-02-11 04:35:00,4480.0,4480.0,4470.0,4480.0,351300
2026-02-11 04:40:00,4480.0,4480.0,4470.0,4480.0,173300
2026-02-11 04:45:00,4470.0,4480.0,4470.0,4470.0,173800
2026-02-11 04:50:00,4480.0,4480.0,4470.0,4480.0,225900
2026-02-11 04:55:00,4480.0,4480.0,4460.0,4470.0,2815300
2026-02-11 06:30:00,4480.0,4490.0,4470.0,4480.0,560800
2026-02-11 06:35:00,4480.0,4480.0,4470.0,4470.0,251400
2026-02-11 06:40:00,4480.0,4480.0,4470.0,4480.0,218400
2026-02-11 06:45:00,4480.0,4480.0,4470.0,4470.0,197800
2026-02-11 06:50:00,4490.0,4490.0,4470.0,4480.0,1478100
2026-02-11 06:55:00,4490.0,4490.0,4480.0,4480.0,59800
2026-02-11 07:00:00,4490.0,4500.0,4480.0,4480.0,763200
2026-02-11 07:05:00,4490.0,4500.0,4480.0,4490.0,133900
2026-02-11 07:10:00,4480.0,4490.0,4470.0,4480.0,1070000
2026-02-11 07:15:00,4480.0,4480.0,4470.0,4470.0,154600
2026-02-11 07:20:00,4490.0,4490.0,4470.0,4470.0,999400
2026-02-11 07:25:00,4480.0,4490.0,4480.0,4490.0,76700
2026-02-11 07:30:00,4480.0,4490.0,4480.0,4480.0,243600
2026-02-11 07:35:00,4480.0,4490.0,4480.0,4480.0,467500
2026-02-11 07:40:00,4480.0,4490.0,4480.0,4480.0,474700
2026-02-11 07:45:00,4470.0,4490.0,4470.0,4480.0,808300
2026-02-11 07:50:00,4480.0,4480.0,4470.0,4470.0,461700
2026-02-11 07:55:00,4480.0,4480.0,4470.0,4470.0,137800
2026-02-11 08:00:00,4470.0,4480.0,4470.0,4480.0,658900
2026-02-11 08:05:00,4480.0,4480.0,4470.0,4480.0,1218000
2026-02-11 08:10:00,4490.0,4490.0,4480.0,4480.0,187200
2026-02-11 08:15:00,4470.0,4490.0,4470.0,4480.0,639300
2026-02-11 08:20:00,4480.0,4490.0,4470.0,4470.0,1120400
2026-02-11 08:25:00,4480.0,4480.0,4470.0,4480.0,235000
2026-02-11 08:30:00,4470.0,4480.0,4470.0,4470.0,691100
2026-02-11 08:35:00,4480.0,4480.0,4470.0,4480.0,314900
2026-02-11 08:40:00,4480.0,4480.0,4470.0,4470.0,676000
2026-02-11 08:45:00,4500.0,4500.0,4470.0,4480.0,1947500
2026-02-11 09:00:00,4480.0,4480.0,4480.0,4480.0,2579600
2026-02-11 09:05:00,4480.0,4480.0,4480.0,4480.0,1082500
2026-02-11 09:10:00,4480.0,4480.0,4480.0,4480.0,360600
2026-02-12 02:00:00,4480.0,4490.0,4470.0,4490.0,0
2026-02-12 02:05:00,4490.0,4490.0,4480.0,4490.0,230000
2026-02-12 02:10:00,4490.0,4490.0,4480.0,4480.0,163500
2026-02-12 02:15:00,4480.0,4490.0,4480.0,4480.0,160600
2026-02-12 02:20:00,4480.0,4490.0,4480.0,4480.0,606600
2026-02-12 02:25:00,4490.0,4490.0,4480.0,4490.0,59200
2026-02-12 02:30:00,4480.0,4490.0,4470.0,4480.0,1359000
2026-02-12 02:35:00,4470.0,4480.0,4470.0,4470.0,78800
2026-02-12 02:40:00,4480.0,4480.0,4470.0,4480.0,142000
2026-02-12 02:45:00,4470.0,4480.0,4470.0,4480.0,432600
2026-02-12 02:50:00,4470.0,4480.0,4470.0,4480.0,407300
2026-02-12 02:55:00,4480.0,4480.0,4470.0,4470.0,94400
2026-02-12 03:00:00,4490.0,4490.0,4470.0,4480.0,1865900
2026-02-12 03:05:00,4490.0,4490.0,4480.0,4490.0,1056400
2026-02-12 03:10:00,4480.0,4490.0,4480.0,4490.0,97200
2026-02-12 03:15:00,4490.0,4490.0,4480.0,4480.0,71000
2026-02-12 03:20:00,4490.0,4490.0,4480.0,4490.0,90900
2026-02-12 03:25:00,4490.0,4490.0,4480.0,4480.0,144100
2026-02-12 03:30:00,4480.0,4490.0,4480.0,4490.0,177100
2026-02-12 03:35:00,4490.0,4490.0,4480.0,4480.0,160100
2026-02-12 03:40:00,4480.0,4490.0,4480.0,4490.0,160700
2026-02-12 03:45:00,4480.0,4490.0,4480.0,4490.0,719300
2026-02-12 03:50:00,4480.0,4490.0,4480.0,4490.0,179100
2026-02-12 03:55:00,4490.0,4500.0,4480.0,4480.0,523000
2026-02-12 04:00:00,4490.0,4500.0,4490.0,4490.0,192200
2026-02-12 04:05:00,4490.0,4500.0,4490.0,4500.0,140200
2026-02-12 04:10:00,4480.0,4500.0,4480.0,4490.0,228100
2026-02-12 04:15:00,4480.0,4490.0,4480.0,4480.0,258300
2026-02-12 04:20:00,4480.0,4490.0,4480.0,4480.0,98000
2026-02-12 04:25:00,4490.0,4490.0,4480.0,4480.0,703900
2026-02-12 04:30:00,4490.0,4490.0,4480.0,4480.0,90500
2026-02-12 04:35:00,4490.0,4490.0,4480.0,4490.0,88000
2026-02-12 04:40:00,4480.0,4490.0,4480.0,4490.0,115200
2026-02-12 04:45:00,4480.0,4490.0,4480.0,4480.0,171800
2026-02-12 04:50:00,4480.0,4490.0,4480.0,4490.0,157900
2026-02-12 04:55:00,4480.0,4490.0,4480.0,4490.0,401200
2026-02-12 06:30:00,4480.0,4490.0,4480.0,4480.0,370400
2026-02-12 06:35:00,4490.0,4490.0,4480.0,4480.0,125500
2026-02-12 06:40:00,4490.0,4500.0,4480.0,4490.0,1196700
2026-02-12 06:45:00,4500.0,4500.0,4490.0,4490.0,290200
2026-02-12 06:50:00,4500.0,4500.0,4490.0,4500.0,859800
2026-02-12 06:55:00,4490.0,4500.0,4490.0,4490.0,165600
2026-02-12 07:00:00,4490.0,4500.0,4490.0,4490.0,173300
2026-02-12 07:05:00,4490.0,4500.0,4490.0,4490.0,78000
2026-02-12 07:10:00,4490.0,4500.0,4490.0,4490.0,156400
2026-02-12 07:15:00,4490.0,4500.0,4490.0,4500.0,224100
2026-02-12 07:20:00,4490.0,4500.0,4490.0,4490.0,214700
2026-02-12 07:25:00,4490.0,4500.0,4490.0,4490.0,145700
2026-02-12 07:30:00,4490.0,4500.0,4490.0,4490.0,311400
2026-02-12 07:35:00,4490.0,4500.0,4490.0,4490.0,187500
2026-02-12 07:40:00,4480.0,4500.0,4480.0,4490.0,901700
2026-02-12 07:45:00,4480.0,4490.0,4480.0,4480.0,150000
2026-02-12 07:50:00,4480.0,4490.0,4480.0,4480.0,376500
2026-02-12 07:55:00,4490.0,4500.0,4480.0,4480.0,480400
2026-02-12 08:00:00,4480.0,4500.0,4480.0,4490.0,308700
2026-02-12 08:05:00,4480.0,4500.0,4480.0,4490.0,205400
2026-02-12 08:10:00,4490.0,4500.0,4480.0,4490.0,583600
2026-02-12 08:15:00,4490.0,4500.0,4480.0,4490.0,479400
2026-02-12 08:20:00,4490.0,4500.0,4480.0,4490.0,140900
2026-02-12 08:25:00,4490.0,4500.0,4490.0,4490.0,269900
2026-02-12 08:30:00,4490.0,4500.0,4480.0,4490.0,756200
2026-02-12 08:35:00,4500.0,4500.0,4490.0,4490.0,84300
2026-02-12 08:40:00,4500.0,4500.0,4490.0,4490.0,554300
2026-02-12 08:45:00,4490.0,4500.0,4490.0,4490.0,507000
2026-02-12 09:00:00,4510.0,4510.0,4510.0,4510.0,3994300
2026-02-12 09:05:00,4510.0,4510.0,4510.0,4510.0,32200
2026-02-12 09:10:00,4510.0,4510.0,4510.0,4510.0,271600
2026-02-13 02:00:00,4490.0,4510.0,4480.0,4510.0,0
2026-02-13 02:05:00,4510.0,4510.0,4480.0,4490.0,995600
2026-02-13 02:10:00,4480.0,4510.0,4480.0,4490.0,322600
2026-02-13 02:15:00,4480.0,4490.0,4480.0,4490.0,298000
2026-02-13 02:20:00,4480.0,4490.0,4470.0,4480.0,401300
2026-02-13 02:25:00,4480.0,4490.0,4480.0,4480.0,194000
2026-02-13 02:30:00,4490.0,4500.0,4480.0,4490.0,184900
2026-02-13 02:35:00,4490.0,4500.0,4490.0,4490.0,127400
2026-02-13 02:40:00,4490.0,4500.0,4490.0,4490.0,139600
2026-02-13 02:45:00,4490.0,4500.0,4490.0,4490.0,148700
2026-02-13 02:50:00,4490.0,4500.0,4480.0,4490.0,213900
2026-02-13 02:55:00,4480.0,4490.0,4480.0,4480.0,130800
2026-02-13 03:00:00,4490.0,4500.0,4480.0,4490.0,329200
2026-02-13 03:05:00,4490.0,4500.0,4490.0,4490.0,123200
2026-02-13 03:10:00,4490.0,4510.0,4490.0,4490.0,635600
2026-02-13 03:15:00,4490.0,4500.0,4490.0,4490.0,106800
2026-02-13 03:20:00,4480.0,4500.0,4480.0,4490.0,328600
2026-02-13 03:25:00,4480.0,4490.0,4480.0,4480.0,87600
2026-02-13 03:30:00,4480.0,4490.0,4480.0,4480.0,206900
2026-02-13 03:35:00,4480.0,4490.0,4480.0,4490.0,214700
2026-02-13 03:40:00,4500.0,4500.0,4490.0,4490.0,432600
2026-02-13 03:45:00,4490.0,4500.0,4490.0,4490.0,163100
2026-02-13 03:50:00,4490.0,4500.0,4480.0,4490.0,582300
2026-02-13 03:55:00,4490.0,4490.0,4480.0,4490.0,379100
2026-02-13 04:00:00,4500.0,4500.0,4480.0,4480.0,347600
2026-02-13 04:05:00,4490.0,4500.0,4490.0,4500.0,145500
2026-02-13 04:10:00,4500.0,4500.0,4490.0,4490.0,130400
2026-02-13 04:15:00,4480.0,4500.0,4480.0,4490.0,410500
2026-02-13 04:20:00,4480.0,4490.0,4480.0,4480.0,292500
2026-02-13 04:25:00,4490.0,4490.0,4480.0,4480.0,442800
2026-02-13 07:00:00,4490.0,4490.0,4480.0,4480.0,818800
2026-02-13 07:05:00,4500.0,4500.0,4480.0,4490.0,612900
2026-02-13 07:10:00,4500.0,4500.0,4490.0,4500.0,171100
2026-02-13 07:15:00,4490.0,4500.0,4490.0,4500.0,719500
2026-02-13 07:20:00,4480.0,4490.0,4480.0,4490.0,102100
2026-02-13 07:25:00,4490.0,4490.0,4480.0,4480.0,59800
2026-02-13 07:30:00,4490.0,4490.0,4480.0,4490.0,219700
2026-02-13 07:35:00,4490.0,4490.0,4480.0,4480.0,235600
2026-02-13 07:40:00,4490.0,4500.0,4480.0,4490.0,996700
2026-02-13 07:45:00,4480.0,4490.0,4480.0,4480.0,373300
2026-02-13 07:50:00,4490.0,4490.0,4480.0,4490.0,291900
2026-02-13 07:55:00,4500.0,4500.0,4480.0,4490.0,436900
2026-02-13 08:00:00,4500.0,4500.0,4490.0,4500.0,591900
2026-02-13 08:05:00,4490.0,4500.0,4490.0,4490.0,143000
2026-02-13 08:10:00,4490.0,4500.0,4490.0,4490.0,415800
2026-02-13 08:15:00,4500.0,4500.0,4490.0,4490.0,386800
2026-02-13 08:20:00,4490.0,4500.0,4490.0,4490.0,225600
2026-02-13 08:25:00,4500.0,4500.0,4490.0,4500.0,290800
2026-02-13 08:30:00,4500.0,4500.0,4490.0,4490.0,272400
2026-02-13 08:35:00,4490.0,4500.0,4490.0,4490.0,386800
2026-02-13 08:40:00,4490.0,4500.0,4480.0,4500.0,2115200
2026-02-13 08:45:00,4500.0,4500.0,4480.0,4480.0,1127100
2026-02-13 09:00:00,4480.0,4480.0,4480.0,4480.0,4820300
2026-02-13 09:05:00,4480.0,4480.0,4480.0,4480.0,400
2026-02-13 09:10:00,4480.0,4480.0,4480.0,4480.0,700
2026-02-18 02:00:00,4500.0,4510.0,4480.0,4500.0,0
2026-02-18 02:05:00,4510.0,4510.0,4500.0,4510.0,516800
2026-02-18 02:10:00,4520.0,4520.0,4500.0,4510.0,328500
2026-02-18 02:15:00,4530.0,4540.0,4510.0,4520.0,1091200
2026-02-18 02:20:00,4520.0,4530.0,4510.0,4530.0,783900
2026-02-18 02:25:00,4520.0,4530.0,4520.0,4520.0,87800
2026-02-18 02:30:00,4520.0,4530.0,4510.0,4520.0,589100
2026-02-18 02:35:00,4520.0,4520.0,4510.0,4520.0,125700
2026-02-18 02:40:00,4520.0,4520.0,4510.0,4520.0,29000
2026-02-18 02:45:00,4520.0,4520.0,4510.0,4520.0,200700
2026-02-18 02:50:00,4510.0,4520.0,4500.0,4520.0,489700
2026-02-18 02:55:00,4490.0,4510.0,4490.0,4510.0,655300
2026-02-18 03:00:00,4510.0,4510.0,4490.0,4500.0,454000
2026-02-18 03:05:00,4500.0,4510.0,4490.0,4510.0,1617500
2026-02-18 03:10:00,4500.0,4510.0,4490.0,4500.0,540600
2026-02-18 03:15:00,4500.0,4500.0,4490.0,4500.0,988400
2026-02-18 03:20:00,4500.0,4500.0,4490.0,4500.0,237800
2026-02-18 03:25:00,4500.0,4500.0,4490.0,4500.0,519000
2026-02-18 03:30:00,4500.0,4520.0,4490.0,4490.0,2453200
2026-02-18 03:35:00,4500.0,4510.0,4490.0,4510.0,296800
2026-02-18 03:40:00,4500.0,4500.0,4490.0,4500.0,878100
2026-02-18 03:45:00,4510.0,4510.0,4490.0,4500.0,425200
2026-02-18 03:50:00,4500.0,4510.0,4490.0,4510.0,1302300
2026-02-18 03:55:00,4510.0,4510.0,4490.0,4500.0,1256200
2026-02-18 04:00:00,4500.0,4510.0,4490.0,4500.0,364000
2026-02-18 04:05:00,4500.0,4500.0,4490.0,4500.0,210900
2026-02-18 04:10:00,4500.0,4500.0,4490.0,4500.0,160700
2026-02-18 04:15:00,4500.0,4500.0,4490.0,4500.0,571600
2026-02-18 04:20:00,4500.0,4510.0,4490.0,4500.0,285300
2026-02-18 04:25:00,4510.0,4510.0,4500.0,4510.0,119900
2026-02-18 04:30:00,4510.0,4510.0,4500.0,4500.0,103300
2026-02-18 04:35:00,4510.0,4510.0,4500.0,4510.0,100600
2026-02-18 04:40:00,4500.0,4510.0,4490.0,4510.0,303700
2026-02-18 04:45:00,4500.0,4500.0,4490.0,4500.0,67000
2026-02-18 04:50:00,4500.0,4500.0,4490.0,4500.0,86700
2026-02-18 04:55:00,4490.0,4500.0,4490.0,4500.0,94400
2026-02-18 06:30:00,4500.0,4500.0,4490.0,4500.0,472200
2026-02-18 06:35:00,4510.0,4510.0,4490.0,4490.0,544600
2026-02-18 06:40:00,4500.0,4500.0,4490.0,4500.0,355000
2026-02-18 06:45:00,4500.0,4500.0,4490.0,4500.0,329300
2026-02-18 06:50:00,4490.0,4500.0,4490.0,4500.0,72200
2026-02-18 06:55:00,4500.0,4500.0,4490.0,4500.0,158500
2026-02-18 07:00:00,4490.0,4500.0,4490.0,4500.0,372700
2026-02-18 07:05:00,4500.0,4500.0,4490.0,4500.0,220400
2026-02-18 07:10:00,4490.0,4500.0,4490.0,4500.0,316300
2026-02-18 07:15:00,4500.0,4500.0,4490.0,4490.0,354900
2026-02-18 07:20:00,4490.0,4500.0,4490.0,4500.0,211800
2026-02-18 07:25:00,4500.0,4500.0,4490.0,4500.0,769900
2026-02-18 07:30:00,4500.0,4500.0,4490.0,4500.0,421100
2026-02-18 07:35:00,4490.0,4500.0,4490.0,4500.0,267600
2026-02-18 07:40:00,4490.0,4500.0,4490.0,4490.0,410600
2026-02-18 07:45:00,4490.0,4500.0,4490.0,4500.0,262900
2026-02-18 07:50:00,4500.0,4500.0,4490.0,4500.0,1117100
2026-02-18 07:55:00,4510.0,4510.0,4490.0,4500.0,1068500
2026-02-18 08:00:00,4500.0,4510.0,4500.0,4510.0,245500
2026-02-18 08:05:00,4510.0,4510.0,4500.0,4510.0,214900
2026-02-18 08:10:00,4500.0,4510.0,4490.0,4500.0,936500
2026-02-18 08:15:00,4500.0,4500.0,4490.0,4500.0,1193500
2026-02-18 08:20:00,4500.0,4500.0,4490.0,4490.0,280100
2026-02-18 08:25:00,4500.0,4510.0,4490.0,4490.0,698500
2026-02-18 08:30:00,4500.0,4510.0,4500.0,4510.0,604300
2026-02-18 08:35:00,4500.0,4510.0,4500.0,4500.0,938100
2026-02-18 08:40:00,4490.0,4510.0,4490.0,4510.0,1114800
2026-02-18 08:45:00,4500.0,4510.0,4490.0,4490.0,731500
2026-02-18 09:00:00,4490.0,4490.0,4490.0,4490.0,4836600
2026-02-18 09:05:00,4490.0,4490.0,4490.0,4490.0,12100
2026-02-18 09:10:00,4490.0,4490.0,4490.0,4490.0,200
2026-02-19 02:00:00,4520.0,4550.0,4510.0,4520.0,0
2026-02-19 02:05:00,4520.0,4520.0,4510.0,4520.0,223100
2026-02-19 02:10:00,4510.0,4520.0,4510.0,4520.0,294600
2026-02-19 02:15:00,4510.0,4520.0,4510.0,4520.0,939500
2026-02-19 02:20:00,4510.0,4520.0,4500.0,4520.0,244200
2026-02-19 02:25:00,4510.0,4520.0,4500.0,4510.0,444500
2026-02-19 02:30:00,4510.0,4520.0,4500.0,4510.0,843900
2026-02-19 02:35:00,4510.0,4510.0,4500.0,4510.0,429600
2026-02-19 02:40:00,4510.0,4520.0,4510.0,4510.0,866700
2026-02-19 02:45:00,4500.0,4510.0,4500.0,4510.0,59800
2026-02-19 02:50:00,4510.0,4510.0,4500.0,4510.0,209300
2026-02-19 02:55:00,4510.0,4510.0,4500.0,4500.0,82300
2026-02-19 03:00:00,4510.0,4510.0,4500.0,4500.0,361500
2026-02-19 03:05:00,4510.0,4510.0,4500.0,4510.0,483900
2026-02-19 03:10:00,4500.0,4510.0,4500.0,4500.0,214100
2026-02-19 03:15:00,4500.0,4510.0,4500.0,4500.0,73700
2026-02-19 03:20:00,4500.0,4510.0,4500.0,4500.0,75400
2026-02-19 03:25:00,4500.0,4510.0,4500.0,4510.0,653700
2026-02-19 03:30:00,4490.0,4510.0,4490.0,4500.0,2146900
2026-02-19 03:35:00,4490.0,4500.0,4490.0,4490.0,47800
2026-02-19 03:40:00,4490.0,4500.0,4490.0,4500.0,51900
2026-02-19 03:45:00,4490.0,4500.0,4490.0,4490.0,77600
2026-02-19 03:50:00,4500.0,4500.0,4490.0,4500.0,293400
2026-02-19 03:55:00,4500.0,4500.0,4490.0,4500.0,51600
2026-02-19 04:00:00,4490.0,4500.0,4490.0,4500.0,143100
2026-02-19 04:05:00,4480.0,4500.0,4480.0,4500.0,3009700
2026-02-19 04:10:00,4480.0,4490.0,4480.0,4480.0,121400
2026-02-19 04:15:00,4490.0,4490.0,4480.0,4480.0,1249800
2026-02-19 04:20:00,4480.0,4490.0,4470.0,4490.0,4370400
2026-02-19 04:25:00,4480.0,4480.0,4470.0,4470.0,291100
2026-02-19 04:30:00,4480.0,4480.0,4470.0,4470.0,72400
2026-02-19 04:35:00,4480.0,4480.0,4470.0,4480.0,259100
2026-02-19 04:40:00,4480.0,4480.0,4470.0,4480.0,341300
2026-02-19 04:45:00,4480.0,4480.0,4470.0,4480.0,687200
2026-02-19 04:50:00,4460.0,4480.0,4460.0,4470.0,2540400
2026-02-19 04:55:00,4460.0,4470.0,4460.0,4460.0,233400
2026-02-19 05:00:00,4470.0,4470.0,4470.0,4470.0,400
2026-02-19 06:30:00,4470.0,4480.0,4460.0,4460.0,1085300
2026-02-19 06:35:00,4480.0,4490.0,4470.0,4480.0,653500
2026-02-19 06:40:00,4480.0,4480.0,4470.0,4470.0,120700
2026-02-19 06:45:00,4480.0,4480.0,4470.0,4470.0,156900
2026-02-19 06:50:00,4480.0,4480.0,4470.0,4480.0,164300
2026-02-19 06:55:00,4480.0,4480.0,4470.0,4480.0,128500
2026-02-19 07:00:00,4480.0,4480.0,4470.0,4470.0,279900
2026-02-19 07:05:00,4470.0,4490.0,4470.0,4480.0,2115100
2026-02-19 07:10:00,4480.0,4480.0,4470.0,4480.0,43800
2026-02-19 07:15:00,4470.0,4480.0,4470.0,4470.0,446800
2026-02-19 07:20:00,4480.0,4480.0,4460.0,4480.0,2471100
2026-02-19 07:25:00,4470.0,4480.0,4470.0,4470.0,124700
2026-02-19 07:30:00,4480.0,4480.0,4470.0,4470.0,177200
2026-02-19 07:35:00,4480.0,4480.0,4470.0,4480.0,241100
2026-02-19 07:40:00,4480.0,4480.0,4470.0,4470.0,270200
2026-02-19 07:45:00,4480.0,4480.0,4470.0,4470.0,217000
2026-02-19 07:50:00,4480.0,4480.0,4470.0,4480.0,585400
2026-02-19 07:55:00,4470.0,4480.0,4470.0,4470.0,501900
2026-02-19 08:00:00,4480.0,4480.0,4470.0,4480.0,292400
2026-02-19 08:05:00,4480.0,4480.0,4470.0,4480.0,339800
2026-02-19 08:10:00,4470.0,4480.0,4470.0,4470.0,307800
2026-02-19 08:15:00,4480.0,4480.0,4470.0,4480.0,607800
2026-02-19 08:20:00,4470.0,4480.0,4460.0,4480.0,1163700
2026-02-19 08:25:00,4470.0,4470.0,4460.0,4470.0,2803000
2026-02-19 08:30:00,4460.0,4470.0,4460.0,4470.0,404100
2026-02-19 08:35:00,4470.0,4470.0,4460.0,4460.0,291300
2026-02-19 08:40:00,4460.0,4470.0,4450.0,4470.0,4591400
2026-02-19 08:45:00,4470.0,4470.0,4450.0,4460.0,3984900
2026-02-19 09:00:00,4450.0,4450.0,4450.0,4450.0,4832600
2026-02-19 09:05:00,4450.0,4450.0,4450.0,4450.0,7100
2026-02-19 09:10:00,4450.0,4450.0,4450.0,4450.0,400
2026-02-20 02:00:00,4490.0,4490.0,4450.0,4460.0,0
2026-02-20 02:05:00,4480.0,4490.0,4470.0,4480.0,358400
2026-02-20 02:10:00,4490.0,4490.0,4470.0,4480.0,819200
2026-02-20 02:15:00,4470.0,4490.0,4470.0,4490.0,409200
2026-02-20 02:20:00,4480.0,4480.0,4470.0,4480.0,286600
2026-02-20 02:25:00,4480.0,4480.0,4470.0,4480.0,61000
2026-02-20 02:30:00,4480.0,4490.0,4470.0,4480.0,615900
2026-02-20 02:35:00,4480.0,4490.0,4470.0,4490.0,1626200
2026-02-20 02:40:00,4470.0,4480.0,4470.0,4480.0,437200
2026-02-20 02:45:00,4480.0,4480.0,4470.0,4480.0,368400
2026-02-20 02:50:00,4480.0,4480.0,4470.0,4480.0,281900
2026-02-20 02:55:00,4490.0,4500.0,4470.0,4480.0,1552300
2026-02-20 03:00:00,4490.0,4490.0,4480.0,4490.0,4200
2026-02-20 03:05:00,4490.0,4490.0,4480.0,4490.0,84400
2026-02-20 03:10:00,4480.0,4490.0,4480.0,4480.0,450800
2026-02-20 03:15:00,4480.0,4490.0,4470.0,4470.0,547500
2026-02-20 03:20:00,4490.0,4490.0,4480.0,4490.0,120700
2026-02-20 03:25:00,4490.0,4490.0,4480.0,4490.0,198100
2026-02-20 03:30:00,4490.0,4490.0,4480.0,4480.0,196800
2026-02-20 03:35:00,4490.0,4490.0,4480.0,4490.0,432300
2026-02-20 03:40:00,4480.0,4490.0,4470.0,4490.0,287700
2026-02-20 03:45:00,4480.0,4480.0,4470.0,4480.0,69200
2026-02-20 03:50:00,4480.0,4480.0,4470.0,4480.0,237500
2026-02-20 03:55:00,4480.0,4480.0,4470.0,4480.0,156700
2026-02-20 04:00:00,4480.0,4480.0,4470.0,4470.0,219300
2026-02-20 04:05:00,4480.0,4480.0,4470.0,4480.0,140100
2026-02-20 04:10:00,4480.0,4480.0,4470.0,4470.0,286300
2026-02-20 04:15:00,4480.0,4480.0,4470.0,4480.0,176600
2026-02-20 04:20:00,4480.0,4480.0,4470.0,4470.0,878900
2026-02-20 04:25:00,4470.0,4480.0,4460.0,4470.0,1608100
2026-02-20 07:00:00,4480.0,4480.0,4470.0,4470.0,1697000
2026-02-20 07:05:00,4480.0,4480.0,4470.0,4480.0,460000
2026-02-20 07:10:00,4480.0,4480.0,4470.0,4480.0,103800
2026-02-20 07:15:00,4470.0,4480.0,4470.0,4470.0,106200
2026-02-20 07:20:00,4480.0,4480.0,4470.0,4480.0,206300
2026-02-20 07:25:00,4470.0,4480.0,4470.0,4470.0,224700
2026-02-20 07:30:00,4470.0,4480.0,4470.0,4470.0,231900
2026-02-20 07:35:00,4480.0,4480.0,4470.0,4480.0,2249000
2026-02-20 07:40:00,4470.0,4480.0,4460.0,4480.0,1370400
2026-02-20 07:45:00,4480.0,4480.0,4460.0,4470.0,535100
2026-02-20 07:50:00,4470.0,4470.0,4460.0,4470.0,443400
2026-02-20 07:55:00,4470.0,4470.0,4460.0,4470.0,238100
2026-02-20 08:00:00,4470.0,4470.0,4460.0,4460.0,223000
2026-02-20 08:05:00,4480.0,4480.0,4460.0,4470.0,1250300
2026-02-20 08:10:00,4480.0,4480.0,4460.0,4480.0,1515400
2026-02-20 08:15:00,4480.0,4480.0,4470.0,4480.0,337700
2026-02-20 08:20:00,4480.0,4480.0,4470.0,4470.0,96300
2026-02-20 08:25:00,4480.0,4480.0,4470.0,4480.0,1062600
2026-02-20 08:30:00,4470.0,4480.0,4460.0,4470.0,2393600
2026-02-20 08:35:00,4480.0,4480.0,4460.0,4470.0,343700
2026-02-20 08:40:00,4460.0,4480.0,4450.0,4480.0,1694100
2026-02-20 08:45:00,4450.0,4470.0,4420.0,4460.0,12912500
2026-02-20 09:00:00,4470.0,4470.0,4470.0,4470.0,3801000
2026-02-20 09:05:00,4470.0,4470.0,4470.0,4470.0,342100
2026-02-20 09:10:00,4470.0,4470.0,4470.0,4470.0,56300
2026-02-23 02:00:00,4490.0,4510.0,4470.0,4480.0,0
2026-02-23 02:05:00,4480.0,4490.0,4470.0,4480.0,1063800
2026-02-23 02:10:00,4480.0,4480.0,4470.0,4480.0,742100
2026-02-23 02:15:00,4490.0,4490.0,4480.0,4490.0,162600
2026-02-23 02:20:00,4500.0,4500.0,4480.0,4490.0,316700
2026-02-23 02:25:00,4490.0,4500.0,4490.0,4500.0,242700
2026-02-23 02:30:00,4490.0,4500.0,4480.0,4490.0,463900
2026-02-23 02:35:00,4470.0,4490.0,4470.0,4480.0,1054300
2026-02-23 02:40:00,4480.0,4480.0,4470.0,4470.0,310400
2026-02-23 02:45:00,4490.0,4490.0,4480.0,4480.0,279700
2026-02-23 02:50:00,4480.0,4490.0,4480.0,4490.0,446200
2026-02-23 02:55:00,4480.0,4490.0,4480.0,4480.0,190500
2026-02-23 03:00:00,4480.0,4490.0,4480.0,4480.0,412300
2026-02-23 03:05:00,4490.0,4490.0,4480.0,4490.0,729300
2026-02-23 03:10:00,4500.0,4500.0,4480.0,4480.0,590600
2026-02-23 03:15:00,4500.0,4500.0,4490.0,4500.0,350300
2026-02-23 03:20:00,4490.0,4500.0,4490.0,4490.0,76100
2026-02-23 03:25:00,4490.0,4500.0,4480.0,4500.0,670100
2026-02-23 03:30:00,4490.0,4490.0,4480.0,4490.0,344000
2026-02-23 03:35:00,4490.0,4490.0,4480.0,4490.0,77200
2026-02-23 03:40:00,4480.0,4490.0,4480.0,4490.0,162500
2026-02-23 03:45:00,4470.0,4490.0,4470.0,4490.0,2056000
2026-02-23 03:50:00,4470.0,4480.0,4470.0,4480.0,142400
2026-02-23 03:55:00,4470.0,4480.0,4470.0,4480.0,631500
2026-02-23 04:00:00,4470.0,4480.0,4460.0,4470.0,1740800
2026-02-23 04:05:00,4480.0,4480.0,4470.0,4470.0,23000
2026-02-23 04:10:00,4480.0,4480.0,4470.0,4470.0,706200
2026-02-23 04:15:00,4480.0,4480.0,4470.0,4480.0,114400
2026-02-23 04:20:00,4480.0,4480.0,4470.0,4480.0,134300
2026-02-23 04:25:00,4480.0,4480.0,4470.0,4470.0,76900
2026-02-23 04:30:00,4480.0,4480.0,4470.0,4480.0,800100
2026-02-23 04:35:00,4490.0,4490.0,4480.0,4480.0,171100
2026-02-23 04:40:00,4490.0,4490.0,4480.0,4490.0,59400
2026-02-23 04:45:00,4480.0,4490.0,4480.0,4480.0,44200
2026-02-23 04:50:00,4490.0,4490.0,4480.0,4480.0,117400
2026-02-23 04:55:00,4480.0,4490.0,4480.0,4490.0,260400
2026-02-23 06:30:00,4480.0,4490.0,4470.0,4480.0,1681900
2026-02-23 06:35:00,4480.0,4480.0,4470.0,4480.0,371000
2026-02-23 06:40:00,4480.0,4490.0,4470.0,4470.0,764700
2026-02-23 06:45:00,4480.0,4490.0,4480.0,4480.0,211600
2026-02-23 06:50:00,4490.0,4490.0,4480.0,4480.0,91800
2026-02-23 06:55:00,4480.0,4490.0,4480.0,4490.0,162300
2026-02-23 07:00:00,4480.0,4490.0,4470.0,4480.0,905000
2026-02-23 07:05:00,4480.0,4480.0,4470.0,4480.0,204700
2026-02-23 07:10:00,4480.0,4490.0,4470.0,4480.0,446000
2026-02-23 07:15:00,4480.0,4490.0,4470.0,4490.0,426500
2026-02-23 07:20:00,4480.0,4490.0,4470.0,4480.0,329900
2026-02-23 07:25:00,4480.0,4490.0,4480.0,4480.0,136600
2026-02-23 07:30:00,4490.0,4490.0,4480.0,4480.0,144700
2026-02-23 07:35:00,4490.0,4490.0,4480.0,4480.0,72200
2026-02-23 07:40:00,4480.0,4490.0,4470.0,4490.0,1096000
2026-02-23 07:45:00,4480.0,4480.0,4470.0,4480.0,104300
2026-02-23 07:50:00,4470.0,4480.0,4470.0,4480.0,214100
2026-02-23 07:55:00,4480.0,4480.0,4470.0,4470.0,252900
2026-02-23 08:00:00,4480.0,4480.0,4470.0,4480.0,76200
2026-02-23 08:05:00,4470.0,4480.0,4470.0,4470.0,459800
2026-02-23 08:10:00,4470.0,4480.0,4470.0,4470.0,250800
2026-02-23 08:15:00,4480.0,4480.0,4470.0,4480.0,343000
2026-02-23 08:20:00,4480.0,4480.0,4470.0,4470.0,328800
2026-02-23 08:25:00,4470.0,4480.0,4470.0,4470.0,335400
2026-02-23 08:30:00,4480.0,4480.0,4470.0,4480.0,811500
2026-02-23 08:35:00,4480.0,4480.0,4470.0,4480.0,406800
2026-02-23 08:40:00,4480.0,4480.0,4470.0,4480.0,691500
2026-02-23 08:45:00,4470.0,4490.0,4470.0,4480.0,2002100
2026-02-23 09:00:00,4500.0,4500.0,4500.0,4500.0,3652500
2026-02-23 09:05:00,4500.0,4500.0,4500.0,4500.0,14200
2026-02-23 09:10:00,4500.0,4500.0,4500.0,4500.0,165500
2026-02-24 02:00:00,4480.0,4490.0,4470.0,4490.0,0
2026-02-24 02:05:00,4480.0,4490.0,4470.0,4480.0,759100
2026-02-24 02:10:00,4470.0,4490.0,4470.0,4490.0,464800
2026-02-24 02:15:00,4480.0,4490.0,4470.0,4470.0,416000
2026-02-24 02:20:00,4480.0,4490.0,4470.0,4490.0,600600
2026-02-24 02:25:00,4480.0,4480.0,4470.0,4480.0,748100
2026-02-24 02:30:00,4480.0,4480.0,4470.0,4480.0,624300
2026-02-24 02:35:00,4480.0,4490.0,4470.0,4480.0,802600
2026-02-24 02:40:00,4480.0,4480.0,4470.0,4480.0,311100
2026-02-24 02:45:00,4480.0,4480.0,4470.0,4470.0,119300
2026-02-24 02:50:00,4480.0,4480.0,4470.0,4480.0,418500
2026-02-24 02:55:00,4480.0,4480.0,4470.0,4470.0,141600
2026-02-24 03:00:00,4480.0,4480.0,4470.0,4480.0,124900
2026-02-24 03:05:00,4480.0,4480.0,4470.0,4480.0,425000
2026-02-24 03:10:00,4480.0,4480.0,4470.0,4480.0,159700
2026-02-24 03:15:00,4480.0,4480.0,4470.0,4480.0,193500
2026-02-24 03:20:00,4480.0,4480.0,4470.0,4470.0,150200
2026-02-24 03:25:00,4480.0,4480.0,4470.0,4480.0,143100
2026-02-24 03:30:00,4480.0,4480.0,4470.0,4470.0,176800
2026-02-24 03:35:00,4480.0,4480.0,4470.0,4470.0,327200
2026-02-24 03:40:00,4470.0,4480.0,4470.0,4480.0,199700
2026-02-24 03:45:00,4470.0,4480.0,4470.0,4470.0,129000
2026-02-24 03:50:00,4480.0,4480.0,4470.0,4480.0,193700
2026-02-24 03:55:00,4470.0,4480.0,4470.0,4470.0,168100
2026-02-24 04:00:00,4480.0,4480.0,4470.0,4480.0,292100
2026-02-24 04:05:00,4480.0,4480.0,4470.0,4480.0,210200
2026-02-24 04:10:00,4480.0,4480.0,4470.0,4480.0,292400
2026-02-24 04:15:00,4470.0,4480.0,4470.0,4480.0,126900
2026-02-24 04:20:00,4480.0,4480.0,4470.0,4480.0,299200
2026-02-24 04:25:00,4480.0,4480.0,4470.0,4470.0,353300
2026-02-24 04:30:00,4470.0,4480.0,4470.0,4480.0,210400
2026-02-24 04:35:00,4480.0,4480.0,4470.0,4480.0,167300
2026-02-24 04:40:00,4470.0,4480.0,4470.0,4470.0,136000
2026-02-24 04:45:00,4480.0,4480.0,4470.0,4480.0,115000
2026-02-24 04:50:00,4480.0,4480.0,4470.0,4480.0,217600
2026-02-24 04:55:00,4470.0,4480.0,4470.0,4470.0,512100
2026-02-24 06:30:00,4470.0,4480.0,4460.0,4470.0,4157100
2026-02-24 06:35:00,4470.0,4470.0,4460.0,4470.0,370700
2026-02-24 06:40:00,4470.0,4470.0,4460.0,4460.0,204000
2026-02-24 06:45:00,4470.0,4470.0,4460.0,4460.0,184000
2026-02-24 06:50:00,4470.0,4470.0,4460.0,4470.0,419000
2026-02-24 06:55:00,4460.0,4470.0,4450.0,4470.0,4688200
2026-02-24 07:00:00,4460.0,4470.0,4460.0,4460.0,154400
2026-02-24 07:05:00,4470.0,4470.0,4460.0,4470.0,279500
2026-02-24 07:10:00,4470.0,4470.0,4460.0,4460.0,347300
2026-02-24 07:15:00,4470.0,4470.0,4460.0,4460.0,338100
2026-02-24 07:20:00,4470.0,4470.0,4460.0,4460.0,601000
2026-02-24 07:25:00,4450.0,4470.0,4450.0,4460.0,2529400
2026-02-24 07:30:00,4450.0,4460.0,4450.0,4450.0,2417800
2026-02-24 07:35:00,4450.0,4460.0,4450.0,4460.0,209900
2026-02-24 07:40:00,4450.0,4460.0,4450.0,4460.0,344900
2026-02-24 07:45:00,4460.0,4460.0,4450.0,4460.0,253000
2026-02-24 07:50:00,4460.0,4460.0,4450.0,4460.0,425400
2026-02-24 07:55:00,4460.0,4460.0,4450.0,4460.0,310300
2026-02-24 08:00:00,4460.0,4460.0,4450.0,4460.0,489300
2026-02-24 08:05:00,4460.0,4460.0,4450.0,4460.0,450400
2026-02-24 08:10:00,4450.0,4460.0,4450.0,4450.0,740700
2026-02-24 08:15:00,4440.0,4460.0,4440.0,4460.0,3605300
2026-02-24 08:20:00,4440.0,4450.0,4440.0,4440.0,659400
2026-02-24 08:25:00,4440.0,4450.0,4440.0,4450.0,1568500
2026-02-24 08:30:00,4450.0,4450.0,4440.0,4440.0,1207400
2026-02-24 08:35:00,4450.0,4450.0,4440.0,4450.0,972300
2026-02-24 08:40:00,4450.0,4450.0,4430.0,4450.0,3600800
2026-02-24 08:45:00,4450.0,4450.0,4440.0,4450.0,1938500
2026-02-24 09:00:00,4450.0,4450.0,4450.0,4450.0,11435900
2026-02-24 09:05:00,4450.0,4450.0,4450.0,4450.0,50400
2026-02-24 09:10:00,4450.0,4450.0,4450.0,4450.0,165200
2026-02-25 02:00:00,4480.0,4480.0,4470.0,4470.0,0
2026-02-25 02:05:00,4470.0,4480.0,4470.0,4480.0,540100
2026-02-25 02:10:00,4480.0,4490.0,4470.0,4470.0,1793200
2026-02-25 02:15:00,4480.0,4490.0,4470.0,4480.0,824500
2026-02-25 02:20:00,4450.0,4480.0,4440.0,4480.0,3364400
2026-02-25 02:25:00,4460.0,4460.0,4440.0,4450.0,452900
2026-02-25 02:30:00,4480.0,4480.0,4450.0,4460.0,410200
2026-02-25 02:35:00,4470.0,4490.0,4470.0,4470.0,1706500
2026-02-25 02:40:00,4480.0,4480.0,4470.0,4480.0,457900
2026-02-25 02:45:00,4480.0,4480.0,4470.0,4480.0,126900
2026-02-25 02:50:00,4470.0,4480.0,4470.0,4470.0,171000
2026-02-25 02:55:00,4480.0,4480.0,4470.0,4480.0,160100
2026-02-25 03:00:00,4470.0,4480.0,4470.0,4480.0,194900
2026-02-25 03:05:00,4470.0,4480.0,4470.0,4470.0,167400
2026-02-25 03:10:00,4470.0,4480.0,4470.0,4480.0,119900
2026-02-25 03:15:00,4480.0,4490.0,4470.0,4480.0,1779600
2026-02-25 03:20:00,4490.0,4490.0,4480.0,4480.0,324000
2026-02-25 03:25:00,4490.0,4490.0,4480.0,4490.0,351500
2026-02-25 03:30:00,4490.0,4490.0,4480.0,4490.0,153600
2026-02-25 03:35:00,4480.0,4490.0,4480.0,4490.0,168200
2026-02-25 03:40:00,4480.0,4490.0,4480.0,4490.0,228600
2026-02-25 03:45:00,4480.0,4490.0,4470.0,4480.0,1261200
2026-02-25 03:50:00,4480.0,4480.0,4470.0,4480.0,399400
2026-02-25 03:55:00,4460.0,4480.0,4460.0,4470.0,810800
2026-02-25 04:00:00,4460.0,4470.0,4460.0,4470.0,128100
2026-02-25 04:05:00,4460.0,4470.0,4460.0,4460.0,391400
2026-02-25 04:10:00,4460.0,4470.0,4460.0,4460.0,95700
2026-02-25 04:15:00,4470.0,4470.0,4460.0,4470.0,309000
2026-02-25 04:20:00,4470.0,4470.0,4460.0,4470.0,239400
2026-02-25 04:25:00,4470.0,4480.0,4460.0,4470.0,283300
2026-02-25 04:30:00,4470.0,4480.0,4470.0,4470.0,129000
2026-02-25 04:35:00,4480.0,4480.0,4470.0,4470.0,72300
2026-02-25 04:40:00,4470.0,4480.0,4470.0,4470.0,80300
2026-02-25 04:45:00,4470.0,4480.0,4470.0,4470.0,334500
2026-02-25 04:50:00,4470.0,4480.0,4470.0,4480.0,188000
2026-02-25 04:55:00,4470.0,4480.0,4470.0,4480.0,1599900
2026-02-25 06:30:00,4480.0,4480.0,4470.0,4480.0,304000
2026-02-25 06:35:00,4490.0,4490.0,4470.0,4470.0,855900
2026-02-25 06:40:00,4500.0,4520.0,4480.0,4490.0,8176100
2026-02-25 06:45:00,4490.0,4510.0,4490.0,4510.0,577100
2026-02-25 06:50:00,4490.0,4500.0,4490.0,4490.0,558000
2026-02-25 06:55:00,4500.0,4500.0,4490.0,4500.0,232900
2026-02-25 07:00:00,4490.0,4500.0,4490.0,4490.0,635400
2026-02-25 07:05:00,4490.0,4500.0,4490.0,4500.0,390500
2026-02-25 07:10:00,4490.0,4500.0,4490.0,4500.0,331800
2026-02-25 07:15:00,4500.0,4500.0,4490.0,4490.0,140600
2026-02-25 07:20:00,4500.0,4500.0,4490.0,4490.0,872100
2026-02-25 07:25:00,4500.0,4500.0,4490.0,4490.0,95400
2026-02-25 07:30:00,4500.0,4500.0,4490.0,4490.0,209400
2026-02-25 07:35:00,4500.0,4500.0,4490.0,4490.0,199400
2026-02-25 07:40:00,4490.0,4500.0,4490.0,4500.0,493200
2026-02-25 07:45:00,4490.0,4500.0,4490.0,4500.0,283100
2026-02-25 07:50:00,4490.0,4500.0,4490.0,4500.0,173200
2026-02-25 07:55:00,4490.0,4500.0,4490.0,4500.0,1052100
2026-02-25 08:00:00,4490.0,4490.0,4480.0,4490.0,477800
2026-02-25 08:05:00,4490.0,4490.0,4480.0,4490.0,243400
2026-02-25 08:10:00,4470.0,4490.0,4470.0,4480.0,2141500
2026-02-25 08:15:00,4480.0,4490.0,4470.0,4480.0,740200
2026-02-25 08:20:00,4470.0,4490.0,4470.0,4480.0,851200
2026-02-25 08:25:00,4480.0,4480.0,4470.0,4480.0,278300
2026-02-25 08:30:00,4480.0,4480.0,4470.0,4480.0,508800
2026-02-25 08:35:00,4480.0,4480.0,4470.0,4480.0,398300
2026-02-25 08:40:00,4480.0,4490.0,4470.0,4470.0,2500700
2026-02-25 08:45:00,4490.0,4490.0,4470.0,4480.0,2507200
2026-02-25 09:00:00,4500.0,4500.0,4500.0,4500.0,5263300
2026-02-25 09:05:00,4500.0,4500.0,4500.0,4500.0,23100
2026-02-25 09:10:00,4500.0,4500.0,4500.0,4500.0,30800
2026-02-26 02:00:00,4470.0,4510.0,4470.0,4510.0,0
2026-02-26 02:05:00,4470.0,4480.0,4470.0,4480.0,457800
2026-02-26 02:10:00,4470.0,4480.0,4470.0,4470.0,269900
2026-02-26 02:15:00,4480.0,4480.0,4470.0,4480.0,245300
2026-02-26 02:20:00,4470.0,4480.0,4470.0,4470.0,236400
2026-02-26 02:25:00,4480.0,4480.0,4470.0,4480.0,305500
2026-02-26 02:30:00,4470.0,4480.0,4460.0,4470.0,2108700
2026-02-26 02:35:00,4480.0,4480.0,4460.0,4460.0,1160300
2026-02-26 02:40:00,4480.0,4480.0,4470.0,4480.0,188900
2026-02-26 02:45:00,4470.0,4480.0,4470.0,4470.0,412800
2026-02-26 02:50:00,4480.0,4480.0,4470.0,4480.0,75800
2026-02-26 02:55:00,4460.0,4480.0,4460.0,4480.0,1668500
2026-02-26 03:00:00,4470.0,4470.0,4460.0,4460.0,155600
2026-02-26 03:05:00,4470.0,4470.0,4460.0,4460.0,484600
2026-02-26 03:10:00,4460.0,4470.0,4460.0,4470.0,1562600
2026-02-26 03:15:00,4470.0,4470.0,4450.0,4460.0,2084700
2026-02-26 03:20:00,4470.0,4470.0,4460.0,4470.0,90600
2026-02-26 03:25:00,4460.0,4470.0,4460.0,4460.0,1161000
2026-02-26 03:30:00,4460.0,4470.0,4460.0,4460.0,192200
2026-02-26 03:35:00,4470.0,4470.0,4460.0,4460.0,109600
2026-02-26 03:40:00,4470.0,4470.0,4460.0,4460.0,285400
2026-02-26 03:45:00,4460.0,4470.0,4460.0,4460.0,194100
2026-02-26 03:50:00,4460.0,4470.0,4460.0,4460.0,201300
2026-02-26 03:55:00,4460.0,4470.0,4460.0,4460.0,164500
2026-02-26 04:00:00,4460.0,4470.0,4460.0,4460.0,220200
2026-02-26 04:05:00,4460.0,4470.0,4460.0,4460.0,172100
2026-02-26 04:10:00,4470.0,4470.0,4460.0,4470.0,258300
2026-02-26 04:15:00,4460.0,4470.0,4460.0,4470.0,158300
2026-02-26 04:20:00,4460.0,4470.0,4460.0,4470.0,233900
2026-02-26 04:25:00,4460.0,4470.0,4460.0,4470.0,249100
2026-02-26 04:30:00,4470.0,4470.0,4460.0,4460.0,144500
2026-02-26 04:35:00,4470.0,4470.0,4460.0,4460.0,186100
2026-02-26 04:40:00,4470.0,4470.0,4460.0,4460.0,742300
2026-02-26 04:45:00,4470.0,4470.0,4460.0,4460.0,535000
2026-02-26 04:50:00,4460.0,4470.0,4460.0,4460.0,168300
2026-02-26 04:55:00,4460.0,4470.0,4460.0,4460.0,508600
2026-02-26 06:30:00,4470.0,4470.0,4460.0,4470.0,283700
2026-02-26 06:35:00,4470.0,4470.0,4460.0,4460.0,74100
2026-02-26 06:40:00,4470.0,4470.0,4460.0,4460.0,117900
2026-02-26 06:45:00,4470.0,4470.0,4460.0,4470.0,220500
2026-02-26 06:50:00,4470.0,4470.0,4460.0,4470.0,228800
2026-02-26 06:55:00,4470.0,4470.0,4460.0,4470.0,307200
2026-02-26 07:00:00,4460.0,4470.0,4460.0,4470.0,1339000
2026-02-26 07:05:00,4460.0,4460.0,4450.0,4460.0,1327400
2026-02-26 07:10:00,4450.0,4460.0,4450.0,4460.0,337100
2026-02-26 07:15:00,4450.0,4460.0,4450.0,4460.0,192900
2026-02-26 07:20:00,4440.0,4450.0,4430.0,4450.0,9357700
2026-02-26 07:25:00,4420.0,4440.0,4420.0,4440.0,754500
2026-02-26 07:30:00,4450.0,4450.0,4420.0,4430.0,1048300
2026-02-26 07:35:00,4440.0,4450.0,4440.0,4450.0,496200
2026-02-26 07:40:00,4440.0,4450.0,4440.0,4450.0,106000
2026-02-26 07:45:00,4440.0,4450.0,4440.0,4450.0,502800
2026-02-26 07:50:00,4440.0,4450.0,4440.0,4450.0,243200
2026-02-26 07:55:00,4440.0,4450.0,4440.0,4440.0,255900
2026-02-26 08:00:00,4440.0,4450.0,4440.0,4450.0,467400
2026-02-26 08:05:00,4450.0,4450.0,4440.0,4450.0,615100
2026-02-26 08:10:00,4440.0,4450.0,4440.0,4440.0,237800
2026-02-26 08:15:00,4440.0,4450.0,4440.0,4450.0,223300
2026-02-26 08:20:00,4440.0,4450.0,4440.0,4440.0,907400
2026-02-26 08:25:00,4450.0,4450.0,4440.0,4450.0,312400
2026-02-26 08:30:00,4440.0,4450.0,4440.0,4440.0,767100
2026-02-26 08:35:00,4440.0,4450.0,4440.0,4440.0,897700
2026-02-26 08:40:00,4440.0,4450.0,4430.0,4440.0,1287000
2026-02-26 08:45:00,4440.0,4440.0,4430.0,4430.0,1660100
2026-02-26 09:00:00,4460.0,4460.0,4460.0,4460.0,9626800
2026-02-26 09:05:00,4460.0,4460.0,4460.0,4460.0,58900
2026-02-26 09:10:00,4460.0,4460.0,4460.0,4460.0,17200
2026-02-27 02:00:00,4440.0,4460.0,4430.0,4460.0,0
2026-02-27 02:05:00,4410.0,4440.0,4400.0,4430.0,5718300
2026-02-27 02:10:00,4430.0,4430.0,4410.0,4420.0,1549300
2026-02-27 02:15:00,4430.0,4430.0,4420.0,4430.0,786900
2026-02-27 02:20:00,4440.0,4450.0,4420.0,4430.0,1117800
2026-02-27 02:25:00,4450.0,4450.0,4440.0,4450.0,792000
2026-02-27 02:30:00,4460.0,4460.0,4450.0,4450.0,462100
2026-02-27 02:35:00,4450.0,4460.0,4440.0,4460.0,931900
2026-02-27 02:40:00,4440.0,4450.0,4440.0,4450.0,175200
2026-02-27 02:45:00,4440.0,4450.0,4430.0,4450.0,1274900
2026-02-27 02:50:00,4430.0,4440.0,4430.0,4430.0,145300
2026-02-27 02:55:00,4440.0,4440.0,4430.0,4430.0,663200
2026-02-27 03:00:00,4430.0,4440.0,4430.0,4440.0,116700
2026-02-27 03:05:00,4440.0,4440.0,4430.0,4440.0,202200
2026-02-27 03:10:00,4430.0,4440.0,4430.0,4440.0,83700
2026-02-27 03:15:00,4440.0,4440.0,4430.0,4440.0,102800
2026-02-27 03:20:00,4440.0,4440.0,4430.0,4430.0,195400
2026-02-27 03:25:00,4440.0,4440.0,4430.0,4440.0,551200
2026-02-27 03:30:00,4430.0,4440.0,4430.0,4440.0,145700
2026-02-27 03:35:00,4440.0,4440.0,4430.0,4430.0,64100
2026-02-27 03:40:00,4430.0,4440.0,4430.0,4440.0,248300
2026-02-27 03:45:00,4430.0,4440.0,4430.0,4440.0,1493700
2026-02-27 03:50:00,4420.0,4440.0,4420.0,4440.0,1567200
2026-02-27 03:55:00,4420.0,4430.0,4420.0,4430.0,149000
2026-02-27 04:00:00,4430.0,4430.0,4420.0,4420.0,194800
2026-02-27 04:05:00,4430.0,4430.0,4420.0,4430.0,176500
2026-02-27 04:10:00,4430.0,4430.0,4420.0,4420.0,164200
2026-02-27 04:15:00,4430.0,4430.0,4420.0,4430.0,143400
2026-02-27 04:20:00,4430.0,4430.0,4420.0,4430.0,211900
2026-02-27 04:25:00,4420.0,4430.0,4420.0,4430.0,379300
2026-02-27 07:00:00,4430.0,4430.0,4420.0,4430.0,432600
2026-02-27 07:05:00,4440.0,4440.0,4420.0,4430.0,1983000
2026-02-27 07:10:00,4430.0,4440.0,4430.0,4440.0,1285100
2026-02-27 07:15:00,4420.0,4430.0,4420.0,4430.0,263900
2026-02-27 07:20:00,4430.0,4430.0,4420.0,4430.0,665900
2026-02-27 07:25:00,4430.0,4430.0,4420.0,4430.0,264500
2026-02-27 07:30:00,4420.0,4430.0,4420.0,4430.0,383700
2026-02-27 07:35:00,4420.0,4430.0,4420.0,4430.0,406400
2026-02-27 07:40:00,4430.0,4430.0,4420.0,4430.0,2002500
2026-02-27 07:45:00,4430.0,4430.0,4420.0,4430.0,310000
2026-02-27 07:50:00,4420.0,4430.0,4420.0,4430.0,939200
2026-02-27 07:55:00,4430.0,4430.0,4420.0,4430.0,728700
2026-02-27 08:00:00,4430.0,4430.0,4420.0,4430.0,544100
2026-02-27 08:05:00,4420.0,4430.0,4420.0,4420.0,991200
2026-02-27 08:10:00,4420.0,4430.0,4420.0,4430.0,1794800
2026-02-27 08:15:00,4420.0,4430.0,4420.0,4420.0,3187000
2026-02-27 08:20:00,4420.0,4430.0,4420.0,4430.0,1807000
2026-02-27 08:25:00,4420.0,4420.0,4410.0,4420.0,2307200
2026-02-27 08:30:00,4430.0,4430.0,4410.0,4420.0,1572000
2026-02-27 08:35:00,4430.0,4430.0,4420.0,4420.0,505400
2026-02-27 08:40:00,4430.0,4430.0,4420.0,4430.0,1612800
2026-02-27 08:45:00,4440.0,4440.0,4420.0,4430.0,2237000
2026-02-27 09:00:00,4400.0,4400.0,4400.0,4400.0,34414300
2026-02-27 09:05:00,4400.0,4400.0,4400.0,4400.0,33100
2026-02-27 09:10:00,4400.0,4400.0,4400.0,4400.0,4700
2026-03-02 02:00:00,4360.0,4370.0,4310.0,4360.0,0
2026-03-02 02:05:00,4370.0,4380.0,4350.0,4360.0,3068300
2026-03-02 02:10:00,4340.0,4370.0,4340.0,4370.0,1359100
2026-03-02 02:15:00,4330.0,4350.0,4330.0,4340.0,2433700
2026-03-02 02:20:00,4340.0,4350.0,4320.0,4340.0,2438400
2026-03-02 02:25:00,4340.0,4350.0,4330.0,4340.0,1479900
2026-03-02 02:30:00,4370.0,4370.0,4340.0,4340.0,1149100
2026-03-02 02:35:00,4350.0,4370.0,4340.0,4360.0,711500
2026-03-02 02:40:00,4350.0,4350.0,4340.0,4350.0,729800
2026-03-02 02:45:00,4350.0,4350.0,4340.0,4350.0,314600
2026-03-02 02:50:00,4350.0,4350.0,4340.0,4350.0,388800
2026-03-02 02:55:00,4360.0,4360.0,4340.0,4350.0,954500
2026-03-02 03:00:00,4370.0,4370.0,4350.0,4350.0,699600
2026-03-02 03:05:00,4360.0,4370.0,4360.0,4360.0,182000
2026-03-02 03:10:00,4360.0,4370.0,4360.0,4360.0,343500
2026-03-02 03:15:00,4350.0,4370.0,4350.0,4370.0,1532000
2026-03-02 03:20:00,4360.0,4360.0,4350.0,4360.0,299300
2026-03-02 03:25:00,4350.0,4360.0,4350.0,4360.0,224500
2026-03-02 03:30:00,4350.0,4360.0,4350.0,4350.0,206100
2026-03-02 03:35:00,4350.0,4360.0,4350.0,4350.0,256800
2026-03-02 03:40:00,4350.0,4360.0,4350.0,4350.0,152800
2026-03-02 03:45:00,4350.0,4360.0,4350.0,4350.0,551200
2026-03-02 03:50:00,4360.0,4360.0,4350.0,4350.0,350700
2026-03-02 03:55:00,4350.0,4360.0,4350.0,4350.0,838500
2026-03-02 04:00:00,4350.0,4360.0,4350.0,4350.0,772400
2026-03-02 04:05:00,4350.0,4360.0,4350.0,4350.0,263600
2026-03-02 04:10:00,4350.0,4360.0,4350.0,4350.0,383100
2026-03-02 04:15:00,4360.0,4360.0,4350.0,4360.0,302500
2026-03-02 04:20:00,4360.0,4360.0,4350.0,4350.0,477800
2026-03-02 04:25:00,4350.0,4360.0,4350.0,4350.0,389100
2026-03-02 04:30:00,4350.0,4360.0,4350.0,4350.0,431100
2026-03-02 04:35:00,4370.0,4370.0,4350.0,4350.0,1086600
2026-03-02 04:40:00,4360.0,4370.0,4360.0,4360.0,375200
2026-03-02 04:45:00,4360.0,4370.0,4360.0,4370.0,131700
2026-03-02 04:50:00,4360.0,4370.0,4360.0,4360.0,438300
2026-03-02 04:55:00,4360.0,4370.0,4360.0,4370.0,630900
2026-03-02 06:30:00,4360.0,4380.0,4360.0,4360.0,931100
2026-03-02 06:35:00,4360.0,4370.0,4360.0,4360.0,378300
2026-03-02 06:40:00,4360.0,4370.0,4350.0,4360.0,2048800
2026-03-02 06:45:00,4350.0,4360.0,4350.0,4350.0,429500
2026-03-02 06:50:00,4350.0,4360.0,4350.0,4350.0,444000
2026-03-02 06:55:00,4350.0,4360.0,4350.0,4350.0,858400
2026-03-02 07:00:00,4340.0,4360.0,4340.0,4350.0,2353200
2026-03-02 07:05:00,4340.0,4350.0,4340.0,4350.0,1481400
2026-03-02 07:10:00,4320.0,4340.0,4320.0,4340.0,4189400
2026-03-02 07:15:00,4330.0,4330.0,4320.0,4330.0,666400
2026-03-02 07:20:00,4330.0,4340.0,4320.0,4330.0,939800
2026-03-02 07:25:00,4330.0,4340.0,4320.0,4330.0,780100
2026-03-02 07:30:00,4330.0,4330.0,4320.0,4330.0,394000
2026-03-02 07:35:00,4320.0,4330.0,4320.0,4330.0,195800
2026-03-02 07:40:00,4320.0,4330.0,4320.0,4330.0,521700
2026-03-02 07:45:00,4320.0,4330.0,4320.0,4320.0,461500
2026-03-02 07:50:00,4340.0,4340.0,4320.0,4330.0,2248800
2026-03-02 07:55:00,4330.0,4340.0,4330.0,4330.0,353000
2026-03-02 08:00:00,4320.0,4340.0,4320.0,4330.0,2528500
2026-03-02 08:05:00,4320.0,4340.0,4320.0,4340.0,421800
2026-03-02 08:10:00,4330.0,4340.0,4320.0,4320.0,1241500
2026-03-02 08:15:00,4320.0,4340.0,4320.0,4330.0,489200
2026-03-02 08:20:00,4330.0,4330.0,4320.0,4320.0,853200
2026-03-02 08:25:00,4330.0,4330.0,4320.0,4330.0,602200
2026-03-02 08:30:00,4320.0,4330.0,4320.0,4320.0,721200
2026-03-02 08:35:00,4320.0,4330.0,4310.0,4320.0,2076400
2026-03-02 08:40:00,4310.0,4320.0,4300.0,4320.0,3933300
2026-03-02 08:45:00,4310.0,4320.0,4300.0,4310.0,1699800
2026-03-02 09:00:00,4300.0,4300.0,4300.0,4300.0,8192500
2026-03-02 09:05:00,4300.0,4300.0,4300.0,4300.0,56700
2026-03-02 09:10:00,4300.0,4300.0,4300.0,4300.0,758800
2026-03-03 02:00:00,4330.0,4350.0,4300.0,4310.0,0
2026-03-03 02:05:00,4330.0,4350.0,4320.0,4330.0,798800
2026-03-03 02:10:00,4340.0,4350.0,4320.0,4330.0,921500
2026-03-03 02:15:00,4350.0,4350.0,4330.0,4340.0,315100
2026-03-03 02:20:00,4340.0,4350.0,4330.0,4350.0,694900
2026-03-03 02:25:00,4350.0,4350.0,4330.0,4350.0,470800
2026-03-03 02:30:00,4340.0,4350.0,4330.0,4350.0,296600
2026-03-03 02:35:00,4320.0,4340.0,4320.0,4340.0,530400
2026-03-03 02:40:00,4310.0,4330.0,4310.0,4330.0,706300
2026-03-03 02:45:00,4320.0,4330.0,4310.0,4320.0,370900
2026-03-03 02:50:00,4320.0,4330.0,4310.0,4330.0,818300
2026-03-03 02:55:00,4330.0,4340.0,4320.0,4330.0,263200
2026-03-03 03:00:00,4330.0,4340.0,4320.0,4330.0,293200
2026-03-03 03:05:00,4330.0,4340.0,4320.0,4330.0,171500
2026-03-03 03:10:00,4320.0,4340.0,4320.0,4330.0,153200
2026-03-03 03:15:00,4330.0,4340.0,4320.0,4330.0,202200
2026-03-03 03:20:00,4340.0,4350.0,4330.0,4340.0,362500
2026-03-03 03:25:00,4350.0,4360.0,4340.0,4350.0,496900
2026-03-03 03:30:00,4350.0,4360.0,4340.0,4350.0,1237900
2026-03-03 03:35:00,4330.0,4350.0,4320.0,4350.0,773300
2026-03-03 03:40:00,4340.0,4340.0,4320.0,4330.0,345700
2026-03-03 03:45:00,4340.0,4340.0,4330.0,4340.0,98500
2026-03-03 03:50:00,4320.0,4340.0,4320.0,4330.0,786700
2026-03-03 03:55:00,4330.0,4330.0,4320.0,4320.0,146500
2026-03-03 04:00:00,4330.0,4330.0,4320.0,4320.0,117500
2026-03-03 04:05:00,4320.0,4330.0,4320.0,4320.0,77000
2026-03-03 04:10:00,4320.0,4330.0,4320.0,4330.0,154300
2026-03-03 04:15:00,4320.0,4330.0,4320.0,4320.0,92600
2026-03-03 04:20:00,4320.0,4330.0,4320.0,4330.0,120500
2026-03-03 04:25:00,4330.0,4330.0,4320.0,4320.0,107200
2026-03-03 04:30:00,4330.0,4330.0,4320.0,4320.0,361000
2026-03-03 04:35:00,4340.0,4340.0,4320.0,4320.0,353200
2026-03-03 04:40:00,4340.0,4340.0,4330.0,4340.0,61900
2026-03-03 04:45:00,4330.0,4340.0,4330.0,4330.0,62400
2026-03-03 04:50:00,4340.0,4340.0,4330.0,4330.0,25400
2026-03-03 04:55:00,4340.0,4350.0,4330.0,4340.0,164700
2026-03-03 06:30:00,4320.0,4350.0,4320.0,4340.0,651500
2026-03-03 06:35:00,4320.0,4330.0,4320.0,4320.0,106200
2026-03-03 06:40:00,4320.0,4330.0,4320.0,4320.0,48100
2026-03-03 06:45:00,4320.0,4330.0,4320.0,4320.0,123400
2026-03-03 06:50:00,4330.0,4330.0,4320.0,4320.0,126200
2026-03-03 06:55:00,4310.0,4330.0,4310.0,4330.0,644000
2026-03-03 07:00:00,4310.0,4320.0,4310.0,4320.0,304400
2026-03-03 07:05:00,4310.0,4320.0,4310.0,4310.0,208100
2026-03-03 07:10:00,4310.0,4320.0,4300.0,4310.0,1499900
2026-03-03 07:15:00,4310.0,4310.0,4300.0,4310.0,425400
2026-03-03 07:20:00,4300.0,4310.0,4300.0,4310.0,531400
2026-03-03 07:25:00,4300.0,4310.0,4300.0,4310.0,194900
2026-03-03 07:30:00,4300.0,4310.0,4300.0,4300.0,131800
2026-03-03 07:35:00,4310.0,4310.0,4300.0,4310.0,181900
2026-03-03 07:40:00,4310.0,4310.0,4300.0,4310.0,753800
2026-03-03 07:45:00,4320.0,4320.0,4310.0,4320.0,278600
2026-03-03 07:50:00,4310.0,4320.0,4310.0,4310.0,86300
2026-03-03 07:55:00,4310.0,4320.0,4310.0,4310.0,320500
2026-03-03 08:00:00,4310.0,4320.0,4310.0,4310.0,122200
2026-03-03 08:05:00,4310.0,4320.0,4310.0,4310.0,163100
2026-03-03 08:10:00,4310.0,4320.0,4310.0,4320.0,349500
2026-03-03 08:15:00,4320.0,4320.0,4310.0,4320.0,225900
2026-03-03 08:20:00,4310.0,4320.0,4310.0,4310.0,404600
2026-03-03 08:25:00,4310.0,4320.0,4310.0,4310.0,169500
2026-03-03 08:30:00,4310.0,4320.0,4310.0,4320.0,405600
2026-03-03 08:35:00,4300.0,4320.0,4300.0,4310.0,1398600
2026-03-03 08:40:00,4310.0,4310.0,4300.0,4300.0,802000
2026-03-03 08:45:00,4300.0,4310.0,4300.0,4300.0,1131200
2026-03-03 09:00:00,4300.0,4300.0,4300.0,4300.0,6652900
2026-03-03 09:05:00,4300.0,4300.0,4300.0,4300.0,127800
2026-03-03 09:10:00,4300.0,4300.0,4300.0,4300.0,0
2026-03-04 02:00:00,4270.0,4290.0,4260.0,4280.0,0
2026-03-04 02:05:00,4230.0,4280.0,4210.0,4270.0,4784500
2026-03-04 02:10:00,4260.0,4260.0,4230.0,4240.0,1404000
2026-03-04 02:15:00,4240.0,4260.0,4230.0,4250.0,1808000
2026-03-04 02:20:00,4240.0,4240.0,4230.0,4240.0,853000
2026-03-04 02:25:00,4250.0,4260.0,4230.0,4230.0,837500
2026-03-04 02:30:00,4260.0,4260.0,4230.0,4260.0,1302400
2026-03-04 02:35:00,4260.0,4260.0,4250.0,4260.0,245400
2026-03-04 02:40:00,4260.0,4260.0,4250.0,4260.0,529600
2026-03-04 02:45:00,4240.0,4260.0,4230.0,4260.0,1128000
2026-03-04 02:50:00,4230.0,4240.0,4230.0,4230.0,1286400
2026-03-04 02:55:00,4210.0,4240.0,4210.0,4230.0,2948500
2026-03-04 03:00:00,4210.0,4220.0,4200.0,4210.0,3467100
2026-03-04 03:05:00,4220.0,4220.0,4200.0,4210.0,810900
2026-03-04 03:10:00,4200.0,4220.0,4200.0,4220.0,1110000
2026-03-04 03:15:00,4210.0,4210.0,4200.0,4210.0,499800
2026-03-04 03:20:00,4160.0,4210.0,4160.0,4200.0,10123200
2026-03-04 03:25:00,4170.0,4170.0,4150.0,4160.0,2642300
2026-03-04 03:30:00,4200.0,4200.0,4160.0,4170.0,3049300
2026-03-04 03:35:00,4200.0,4200.0,4190.0,4200.0,979600
2026-03-04 03:40:00,4210.0,4220.0,4190.0,4200.0,862900
2026-03-04 03:45:00,4210.0,4220.0,4200.0,4220.0,641200
2026-03-04 03:50:00,4210.0,4210.0,4200.0,4210.0,831700
2026-03-04 03:55:00,4200.0,4220.0,4200.0,4210.0,460100
2026-03-04 04:00:00,4190.0,4210.0,4180.0,4210.0,1318000
2026-03-04 04:05:00,4190.0,4190.0,4180.0,4190.0,384400
2026-03-04 04:10:00,4190.0,4190.0,4180.0,4180.0,256000
2026-03-04 04:15:00,4190.0,4200.0,4180.0,4180.0,1174900
2026-03-04 04:20:00,4190.0,4200.0,4190.0,4190.0,718700
2026-03-04 04:25:00,4190.0,4200.0,4190.0,4200.0,474300
2026-03-04 04:30:00,4190.0,4190.0,4180.0,4180.0,92800
2026-03-04 04:35:00,4180.0,4190.0,4180.0,4180.0,286500
2026-03-04 04:40:00,4190.0,4190.0,4180.0,4180.0,603600
2026-03-04 04:45:00,4190.0,4200.0,4180.0,4180.0,970100
2026-03-04 04:50:00,4190.0,4200.0,4180.0,4180.0,456000
2026-03-04 04:55:00,4180.0,4190.0,4180.0,4190.0,383700
2026-03-04 06:30:00,4170.0,4190.0,4150.0,4180.0,5738100
2026-03-04 06:35:00,4170.0,4170.0,4160.0,4170.0,613500
2026-03-04 06:40:00,4160.0,4170.0,4160.0,4160.0,409700
2026-03-04 06:45:00,4160.0,4170.0,4160.0,4170.0,213600
2026-03-04 06:50:00,4170.0,4170.0,4160.0,4170.0,329000
2026-03-04 06:55:00,4150.0,4170.0,4150.0,4170.0,2778200
2026-03-04 07:00:00,4160.0,4160.0,4150.0,4150.0,604900
2026-03-04 07:05:00,4150.0,4160.0,4150.0,4160.0,860400
2026-03-04 07:10:00,4190.0,4200.0,4120.0,4150.0,12021300
2026-03-04 07:15:00,4140.0,4200.0,4120.0,4160.0,1745800
2026-03-04 07:20:00,4150.0,4150.0,4130.0,4140.0,484100
2026-03-04 07:25:00,4160.0,4170.0,4140.0,4150.0,842300
2026-03-04 07:30:00,4170.0,4170.0,4150.0,4160.0,1155800
2026-03-04 07:35:00,4180.0,4180.0,4160.0,4170.0,741600
2026-03-04 07:40:00,4150.0,4180.0,4150.0,4170.0,927100
2026-03-04 07:45:00,4170.0,4170.0,4150.0,4160.0,648900
2026-03-04 07:50:00,4180.0,4180.0,4160.0,4160.0,756100
2026-03-04 07:55:00,4180.0,4190.0,4170.0,4180.0,691800
2026-03-04 08:00:00,4170.0,4180.0,4160.0,4180.0,488700
2026-03-04 08:05:00,4180.0,4180.0,4160.0,4160.0,673300
2026-03-04 08:10:00,4170.0,4180.0,4170.0,4180.0,381400
2026-03-04 08:15:00,4150.0,4170.0,4150.0,4170.0,1156600
2026-03-04 08:20:00,4160.0,4160.0,4150.0,4160.0,729500
2026-03-04 08:25:00,4160.0,4160.0,4150.0,4160.0,580500
2026-03-04 08:30:00,4160.0,4160.0,4150.0,4160.0,979100
2026-03-04 08:35:00,4160.0,4160.0,4140.0,4150.0,1576800
2026-03-04 08:40:00,4150.0,4160.0,4140.0,4150.0,1401000
2026-03-04 08:45:00,4140.0,4150.0,4130.0,4140.0,2855500
2026-03-04 09:00:00,4150.0,4150.0,4150.0,4150.0,7417800
2026-03-04 09:05:00,4150.0,4150.0,4150.0,4150.0,163200
2026-03-04 09:10:00,4150.0,4150.0,4150.0,4150.0,1600
2026-03-05 02:00:00,4240.0,4250.0,4200.0,4220.0,0
2026-03-05 02:05:00,4210.0,4250.0,4200.0,4250.0,1066100
2026-03-05 02:10:00,4220.0,4230.0,4200.0,4200.0,559000
2026-03-05 02:15:00,4240.0,4240.0,4220.0,4230.0,403400
2026-03-05 02:20:00,4230.0,4240.0,4220.0,4230.0,798500
2026-03-05 02:25:00,4230.0,4230.0,4220.0,4230.0,2799700
2026-03-05 02:30:00,4250.0,4270.0,4220.0,4220.0,3329200
2026-03-05 02:35:00,4270.0,4270.0,4240.0,4250.0,2433100
2026-03-05 02:40:00,4250.0,4270.0,4240.0,4270.0,1981500
2026-03-05 02:45:00,4260.0,4270.0,4260.0,4260.0,338500
2026-03-05 02:50:00,4260.0,4270.0,4250.0,4260.0,507700
2026-03-05 02:55:00,4250.0,4260.0,4250.0,4250.0,293200
2026-03-05 03:00:00,4240.0,4260.0,4240.0,4250.0,412100
2026-03-05 03:05:00,4240.0,4250.0,4240.0,4240.0,206900
2026-03-05 03:10:00,4240.0,4250.0,4240.0,4250.0,138900
2026-03-05 03:15:00,4240.0,4250.0,4240.0,4250.0,154600
2026-03-05 03:20:00,4250.0,4250.0,4240.0,4240.0,175700
2026-03-05 03:25:00,4250.0,4250.0,4240.0,4250.0,80400
2026-03-05 03:30:00,4240.0,4240.0,4230.0,4240.0,1691700
2026-03-05 03:35:00,4240.0,4240.0,4230.0,4230.0,238200
2026-03-05 03:40:00,4230.0,4240.0,4230.0,4240.0,64500
2026-03-05 03:45:00,4230.0,4240.0,4230.0,4240.0,108100
2026-03-05 03:50:00,4220.0,4230.0,4220.0,4230.0,368800
2026-03-05 03:55:00,4230.0,4240.0,4220.0,4230.0,319200
2026-03-05 04:00:00,4230.0,4240.0,4220.0,4230.0,791800
2026-03-05 04:05:00,4230.0,4240.0,4230.0,4230.0,76000
2026-03-05 04:10:00,4240.0,4240.0,4230.0,4230.0,52000
2026-03-05 04:15:00,4230.0,4240.0,4230.0,4230.0,84200
2026-03-05 04:20:00,4240.0,4240.0,4230.0,4230.0,38300
2026-03-05 04:25:00,4240.0,4240.0,4230.0,4230.0,136200
2026-03-05 04:30:00,4240.0,4240.0,4230.0,4240.0,468800
2026-03-05 04:35:00,4240.0,4240.0,4230.0,4240.0,102100
2026-03-05 04:40:00,4230.0,4240.0,4230.0,4230.0,235600
2026-03-05 04:45:00,4250.0,4250.0,4230.0,4230.0,1194100
2026-03-05 04:50:00,4240.0,4250.0,4240.0,4250.0,34200
2026-03-05 04:55:00,4250.0,4260.0,4250.0,4250.0,544300
2026-03-05 06:30:00,4250.0,4260.0,4250.0,4250.0,628500
2026-03-05 06:35:00,4250.0,4260.0,4250.0,4250.0,166300
2026-03-05 06:40:00,4250.0,4260.0,4250.0,4250.0,166900
2026-03-05 06:45:00,4260.0,4260.0,4250.0,4250.0,179500
2026-03-05 06:50:00,4290.0,4290.0,4250.0,4260.0,3783200
2026-03-05 06:55:00,4280.0,4290.0,4270.0,4290.0,819500
2026-03-05 07:00:00,4270.0,4280.0,4270.0,4270.0,157300
2026-03-05 07:05:00,4270.0,4280.0,4270.0,4280.0,74000
2026-03-05 07:10:00,4270.0,4280.0,4270.0,4270.0,173600
2026-03-05 07:15:00,4270.0,4280.0,4270.0,4280.0,204000
2026-03-05 07:20:00,4270.0,4280.0,4270.0,4280.0,166400
2026-03-05 07:25:00,4280.0,4280.0,4270.0,4280.0,149700
2026-03-05 07:30:00,4260.0,4280.0,4250.0,4280.0,1599200
2026-03-05 07:35:00,4250.0,4260.0,4250.0,4250.0,215200
2026-03-05 07:40:00,4260.0,4270.0,4250.0,4260.0,790900
2026-03-05 07:45:00,4270.0,4270.0,4260.0,4260.0,119400
2026-03-05 07:50:00,4250.0,4270.0,4250.0,4260.0,907300
2026-03-05 07:55:00,4260.0,4270.0,4260.0,4260.0,347300
2026-03-05 08:00:00,4260.0,4270.0,4260.0,4260.0,629900
2026-03-05 08:05:00,4260.0,4270.0,4260.0,4270.0,148300
2026-03-05 08:10:00,4280.0,4290.0,4260.0,4260.0,2518200
2026-03-05 08:15:00,4290.0,4290.0,4280.0,4280.0,636100
2026-03-05 08:20:00,4290.0,4290.0,4280.0,4280.0,316400
2026-03-05 08:25:00,4300.0,4300.0,4280.0,4290.0,1084300
2026-03-05 08:30:00,4310.0,4310.0,4290.0,4300.0,1961200
2026-03-05 08:35:00,4310.0,4320.0,4300.0,4300.0,1518100
2026-03-05 08:40:00,4300.0,4320.0,4300.0,4310.0,1399900
2026-03-05 08:45:00,4310.0,4320.0,4300.0,4300.0,1825300
2026-03-05 09:00:00,4280.0,4280.0,4280.0,4280.0,4477500
2026-03-05 09:05:00,4280.0,4280.0,4280.0,4280.0,800
2026-03-05 09:10:00,4280.0,4280.0,4280.0,4280.0,800
2026-03-06 02:00:00,4280.0,4290.0,4230.0,4270.0,0
2026-03-06 02:05:00,4280.0,4280.0,4270.0,4280.0,77600
2026-03-06 02:10:00,4260.0,4280.0,4260.0,4280.0,1181500
2026-03-06 02:15:00,4270.0,4270.0,4250.0,4260.0,652200
2026-03-06 02:20:00,4280.0,4280.0,4270.0,4270.0,228700
2026-03-06 02:25:00,4280.0,4290.0,4270.0,4280.0,285800
2026-03-06 02:30:00,4290.0,4290.0,4280.0,4290.0,229200
2026-03-06 02:35:00,4290.0,4300.0,4280.0,4290.0,857100
2026-03-06 02:40:00,4270.0,4290.0,4260.0,4290.0,896200
2026-03-06 02:45:00,4280.0,4280.0,4260.0,4270.0,286300
2026-03-06 02:50:00,4290.0,4290.0,4270.0,4270.0,384900
2026-03-06 02:55:00,4280.0,4290.0,4270.0,4290.0,298000
2026-03-06 03:00:00,4280.0,4280.0,4270.0,4280.0,502500
2026-03-06 03:05:00,4280.0,4280.0,4270.0,4270.0,47800
2026-03-06 03:10:00,4280.0,4280.0,4270.0,4280.0,348600
2026-03-06 03:15:00,4270.0,4290.0,4260.0,4280.0,1324000
2026-03-06 03:20:00,4250.0,4270.0,4250.0,4260.0,1780600
2026-03-06 03:25:00,4250.0,4260.0,4230.0,4250.0,980500
2026-03-06 03:30:00,4240.0,4250.0,4240.0,4250.0,511800
2026-03-06 03:35:00,4230.0,4240.0,4220.0,4240.0,1005100
2026-03-06 03:40:00,4250.0,4250.0,4220.0,4230.0,1175900
2026-03-06 03:45:00,4250.0,4250.0,4240.0,4240.0,95300
2026-03-06 03:50:00,4250.0,4250.0,4240.0,4250.0,282400
2026-03-06 03:55:00,4260.0,4260.0,4240.0,4250.0,272900
2026-03-06 04:00:00,4260.0,4260.0,4250.0,4250.0,132300
2026-03-06 04:05:00,4240.0,4260.0,4240.0,4250.0,356900
2026-03-06 04:10:00,4220.0,4250.0,4220.0,4240.0,1300700
2026-03-06 04:15:00,4220.0,4230.0,4210.0,4220.0,1102700
2026-03-06 04:20:00,4220.0,4230.0,4220.0,4230.0,159200
2026-03-06 04:25:00,4230.0,4230.0,4210.0,4220.0,930200
2026-03-06 07:00:00,4220.0,4250.0,4220.0,4220.0,2140100
2026-03-06 07:05:00,4230.0,4240.0,4220.0,4230.0,1122600
2026-03-06 07:10:00,4230.0,4230.0,4220.0,4230.0,217400
2026-03-06 07:15:00,4240.0,4240.0,4220.0,4230.0,1199800
2026-03-06 07:20:00,4240.0,4240.0,4230.0,4240.0,399100
2026-03-06 07:25:00,4260.0,4270.0,4240.0,4240.0,3269100
2026-03-06 07:30:00,4260.0,4260.0,4250.0,4260.0,386300
2026-03-06 07:35:00,4280.0,4280.0,4250.0,4260.0,2112200
2026-03-06 07:40:00,4270.0,4280.0,4260.0,4270.0,615500
2026-03-06 07:45:00,4260.0,4270.0,4260.0,4270.0,44700
2026-03-06 07:50:00,4270.0,4270.0,4260.0,4260.0,103700
2026-03-06 07:55:00,4250.0,4270.0,4240.0,4270.0,2452200
2026-03-06 08:00:00,4250.0,4250.0,4240.0,4250.0,184900
2026-03-06 08:05:00,4250.0,4260.0,4250.0,4250.0,1616600
2026-03-06 08:10:00,4250.0,4260.0,4250.0,4250.0,505800
2026-03-06 08:15:00,4260.0,4260.0,4250.0,4260.0,270200
2026-03-06 08:20:00,4250.0,4260.0,4250.0,4260.0,619700
2026-03-06 08:25:00,4250.0,4260.0,4240.0,4250.0,530800
2026-03-06 08:30:00,4250.0,4250.0,4240.0,4250.0,169500
2026-03-06 08:35:00,4250.0,4250.0,4240.0,4250.0,348800
2026-03-06 08:40:00,4270.0,4270.0,4240.0,4250.0,2268900
2026-03-06 08:45:00,4270.0,4270.0,4260.0,4270.0,495500
2026-03-06 09:00:00,4270.0,4270.0,4270.0,4270.0,5802400
2026-03-06 09:05:00,4270.0,4270.0,4270.0,4270.0,52000
2026-03-06 09:10:00,4270.0,4270.0,4270.0,4270.0,977500
2026-03-09 02:00:00,4210.0,4250.0,4130.0,4140.0,0
2026-03-09 02:05:00,4170.0,4220.0,4170.0,4220.0,2808000
2026-03-09 02:10:00,4210.0,4210.0,4160.0,4180.0,4700000
2026-03-09 02:15:00,4230.0,4240.0,4200.0,4210.0,3221400
2026-03-09 02:20:00,4210.0,4240.0,4200.0,4240.0,2661200
2026-03-09 02:25:00,4200.0,4210.0,4190.0,4210.0,1726300
2026-03-09 02:30:00,4200.0,4210.0,4190.0,4200.0,1541900
2026-03-09 02:35:00,4220.0,4230.0,4190.0,4200.0,2585700
2026-03-09 02:40:00,4210.0,4220.0,4200.0,4220.0,842100
2026-03-09 02:45:00,4210.0,4210.0,4200.0,4210.0,1597900
2026-03-09 02:50:00,4210.0,4210.0,4190.0,4210.0,1657500
2026-03-09 02:55:00,4210.0,4220.0,4200.0,4210.0,1405600
2026-03-09 03:00:00,4190.0,4210.0,4190.0,4210.0,2931300
2026-03-09 03:05:00,4200.0,4200.0,4180.0,4190.0,1985300
2026-03-09 03:10:00,4170.0,4200.0,4170.0,4200.0,3197900
2026-03-09 03:15:00,4170.0,4170.0,4160.0,4170.0,3064500
2026-03-09 03:20:00,4190.0,4190.0,4160.0,4160.0,392300
2026-03-09 03:25:00,4190.0,4190.0,4180.0,4180.0,241300
2026-03-09 03:30:00,4180.0,4190.0,4180.0,4180.0,352100
2026-03-09 03:35:00,4190.0,4190.0,4180.0,4190.0,450000
2026-03-09 03:40:00,4190.0,4190.0,4180.0,4190.0,527800
2026-03-09 03:45:00,4190.0,4200.0,4190.0,4200.0,260100
2026-03-09 03:50:00,4200.0,4200.0,4190.0,4200.0,100300
2026-03-09 03:55:00,4190.0,4200.0,4190.0,4200.0,344700
2026-03-09 04:00:00,4180.0,4200.0,4170.0,4200.0,1981800
2026-03-09 04:05:00,4180.0,4190.0,4170.0,4180.0,537600
2026-03-09 04:10:00,4190.0,4190.0,4180.0,4190.0,134900
2026-03-09 04:15:00,4190.0,4190.0,4180.0,4190.0,219100
2026-03-09 04:20:00,4200.0,4200.0,4180.0,4190.0,666600
2026-03-09 04:25:00,4200.0,4200.0,4190.0,4200.0,174300
2026-03-09 04:30:00,4190.0,4200.0,4190.0,4200.0,158200
2026-03-09 04:35:00,4200.0,4200.0,4190.0,4200.0,287100
2026-03-09 04:40:00,4200.0,4200.0,4190.0,4200.0,265300
2026-03-09 04:45:00,4200.0,4200.0,4190.0,4200.0,759700
2026-03-09 04:50:00,4200.0,4200.0,4190.0,4200.0,86500
2026-03-09 04:55:00,4200.0,4210.0,4190.0,4200.0,1061500
2026-03-09 06:30:00,4190.0,4210.0,4190.0,4210.0,1953000
2026-03-09 06:35:00,4190.0,4200.0,4190.0,4200.0,231500
2026-03-09 06:40:00,4210.0,4210.0,4190.0,4200.0,1346100
2026-03-09 06:45:00,4210.0,4210.0,4200.0,4210.0,183300
2026-03-09 06:50:00,4220.0,4230.0,4200.0,4210.0,1632300
2026-03-09 06:55:00,4250.0,4250.0,4220.0,4230.0,1757400
2026-03-09 07:00:00,4230.0,4250.0,4220.0,4250.0,1913200
2026-03-09 07:05:00,4230.0,4230.0,4230.0,4230.0,263300
2026-03-09 07:10:00,4240.0,4250.0,4220.0,4220.0,1178400
2026-03-09 07:15:00,4230.0,4250.0,4220.0,4240.0,1873300
2026-03-09 07:20:00,4220.0,4230.0,4220.0,4230.0,512800
2026-03-09 07:25:00,4220.0,4230.0,4220.0,4230.0,547600
2026-03-09 07:30:00,4220.0,4230.0,4220.0,4220.0,2072900
2026-03-09 07:35:00,4220.0,4230.0,4220.0,4230.0,593000
2026-03-09 07:40:00,4230.0,4230.0,4220.0,4220.0,499900
2026-03-09 07:45:00,4220.0,4230.0,4220.0,4230.0,232400
2026-03-09 07:50:00,4220.0,4230.0,4220.0,4220.0,326500
2026-03-09 07:55:00,4230.0,4230.0,4220.0,4230.0,317200
2026-03-09 08:00:00,4230.0,4230.0,4220.0,4230.0,288900
2026-03-09 08:05:00,4240.0,4250.0,4220.0,4230.0,3055100
2026-03-09 08:10:00,4220.0,4250.0,4220.0,4250.0,2251500
2026-03-09 08:15:00,4220.0,4230.0,4220.0,4220.0,1311500
2026-03-09 08:20:00,4240.0,4240.0,4220.0,4220.0,1087000
2026-03-09 08:25:00,4230.0,4240.0,4230.0,4240.0,287700
2026-03-09 08:30:00,4230.0,4240.0,4230.0,4240.0,610500
2026-03-09 08:35:00,4240.0,4240.0,4230.0,4240.0,1331000
2026-03-09 08:40:00,4240.0,4240.0,4230.0,4230.0,2239800
2026-03-09 08:45:00,4300.0,4330.0,4230.0,4240.0,9769300
2026-03-09 09:00:00,4290.0,4290.0,4290.0,4290.0,4765000
2026-03-09 09:05:00,4290.0,4290.0,4290.0,4290.0,1151800
2026-03-09 09:10:00,4290.0,4290.0,4290.0,4290.0,280900
2026-03-10 02:00:00,4340.0,4370.0,4320.0,4360.0,0
2026-03-10 02:05:00,4320.0,4340.0,4310.0,4340.0,4663300
2026-03-10 02:10:00,4310.0,4320.0,4310.0,4320.0,485200
2026-03-10 02:15:00,4310.0,4330.0,4300.0,4320.0,3631100
2026-03-10 02:20:00,4300.0,4310.0,4300.0,4310.0,1850700
2026-03-10 02:25:00,4300.0,4310.0,4290.0,4310.0,2499400
2026-03-10 02:30:00,4300.0,4310.0,4290.0,4310.0,1251500
2026-03-10 02:35:00,4300.0,4300.0,4290.0,4300.0,451300
2026-03-10 02:40:00,4310.0,4310.0,4290.0,4300.0,1000200
2026-03-10 02:45:00,4310.0,4310.0,4300.0,4310.0,886700
2026-03-10 02:50:00,4300.0,4300.0,4290.0,4300.0,302100
2026-03-10 02:55:00,4300.0,4300.0,4290.0,4300.0,1070800
2026-03-10 03:00:00,4300.0,4300.0,4290.0,4300.0,517300
2026-03-10 03:05:00,4300.0,4300.0,4290.0,4300.0,244000
2026-03-10 03:10:00,4290.0,4300.0,4290.0,4300.0,227000
2026-03-10 03:15:00,4300.0,4300.0,4290.0,4300.0,472600
2026-03-10 03:20:00,4300.0,4300.0,4290.0,4300.0,374600
2026-03-10 03:25:00,4300.0,4300.0,4290.0,4300.0,674400
2026-03-10 03:30:00,4300.0,4300.0,4290.0,4300.0,320200
2026-03-10 03:35:00,4300.0,4300.0,4290.0,4300.0,982400
2026-03-10 03:40:00,4300.0,4310.0,4290.0,4300.0,768500
2026-03-10 03:45:00,4310.0,4310.0,4300.0,4310.0,79700
2026-03-10 03:50:00,4300.0,4310.0,4300.0,4310.0,158800
2026-03-10 03:55:00,4300.0,4310.0,4300.0,4300.0,120100
2026-03-10 04:00:00,4290.0,4310.0,4290.0,4310.0,1419400
2026-03-10 04:05:00,4300.0,4300.0,4290.0,4290.0,96200
2026-03-10 04:10:00,4290.0,4300.0,4290.0,4300.0,390200
2026-03-10 04:15:00,4290.0,4300.0,4290.0,4290.0,279800
2026-03-10 04:20:00,4300.0,4300.0,4290.0,4300.0,145900
2026-03-10 04:25:00,4300.0,4300.0,4290.0,4290.0,201200
2026-03-10 04:30:00,4290.0,4300.0,4290.0,4300.0,294600
2026-03-10 04:35:00,4300.0,4300.0,4290.0,4290.0,385500
2026-03-10 04:40:00,4300.0,4300.0,4290.0,4300.0,158100
2026-03-10 04:45:00,4290.0,4300.0,4290.0,4300.0,110200
2026-03-10 04:50:00,4290.0,4300.0,4290.0,4300.0,287100
2026-03-10 04:55:00,4290.0,4300.0,4290.0,4300.0,100100
2026-03-10 06:30:00,4290.0,4300.0,4290.0,4290.0,624300
2026-03-10 06:35:00,4300.0,4300.0,4290.0,4290.0,576800
2026-03-10 06:40:00,4300.0,4300.0,4290.0,4300.0,281800
2026-03-10 06:45:00,4300.0,4300.0,4290.0,4300.0,209200
2026-03-10 06:50:00,4300.0,4300.0,4290.0,4300.0,903500
2026-03-10 06:55:00,4300.0,4300.0,4290.0,4300.0,265000
2026-03-10 07:00:00,4300.0,4310.0,4290.0,4300.0,1483900
2026-03-10 07:05:00,4300.0,4310.0,4300.0,4300.0,73600
2026-03-10 07:10:00,4300.0,4310.0,4300.0,4310.0,308200
2026-03-10 07:15:00,4310.0,4310.0,4300.0,4310.0,250900
2026-03-10 07:20:00,4300.0,4310.0,4300.0,4300.0,545200
2026-03-10 07:25:00,4300.0,4310.0,4300.0,4300.0,1883300
2026-03-10 07:30:00,4300.0,4310.0,4290.0,4300.0,487200
2026-03-10 07:35:00,4300.0,4300.0,4290.0,4300.0,153400
2026-03-10 07:40:00,4300.0,4300.0,4290.0,4300.0,1262600
2026-03-10 07:45:00,4280.0,4300.0,4280.0,4300.0,4530100
2026-03-10 07:50:00,4260.0,4290.0,4250.0,4280.0,4114400
2026-03-10 07:55:00,4290.0,4290.0,4250.0,4260.0,3422700
2026-03-10 08:00:00,4290.0,4290.0,4280.0,4290.0,287000
2026-03-10 08:05:00,4280.0,4290.0,4280.0,4290.0,333400
2026-03-10 08:10:00,4280.0,4290.0,4280.0,4280.0,360100
2026-03-10 08:15:00,4280.0,4290.0,4280.0,4280.0,355600
2026-03-10 08:20:00,4280.0,4290.0,4280.0,4290.0,375400
2026-03-10 08:25:00,4270.0,4290.0,4270.0,4290.0,1204300
2026-03-10 08:30:00,4280.0,4280.0,4270.0,4270.0,700200
2026-03-10 08:35:00,4270.0,4280.0,4270.0,4280.0,520700
2026-03-10 08:40:00,4270.0,4280.0,4270.0,4280.0,1684900
2026-03-10 08:45:00,4280.0,4290.0,4270.0,4270.0,1580400
2026-03-10 09:00:00,4260.0,4260.0,4260.0,4260.0,4345500
2026-03-10 09:05:00,4260.0,4260.0,4260.0,4260.0,29200
2026-03-10 09:10:00,4260.0,4260.0,4260.0,4260.0,15400
2026-03-11 02:00:00,4300.0,4310.0,4280.0,4300.0,0
2026-03-11 02:05:00,4320.0,4320.0,4300.0,4310.0,2116200
2026-03-11 02:10:00,4320.0,4330.0,4310.0,4320.0,2187900
2026-03-11 02:15:00,4310.0,4320.0,4310.0,4320.0,244100
2026-03-11 02:20:00,4320.0,4320.0,4310.0,4320.0,350600
2026-03-11 02:25:00,4320.0,4320.0,4310.0,4320.0,505500
2026-03-11 02:30:00,4310.0,4320.0,4310.0,4310.0,504400
2026-03-11 02:35:00,4320.0,4320.0,4310.0,4320.0,456100
2026-03-11 02:40:00,4320.0,4320.0,4310.0,4320.0,570800
2026-03-11 02:45:00,4320.0,4320.0,4310.0,4320.0,731700
2026-03-11 02:50:00,4300.0,4320.0,4290.0,4310.0,3453700
2026-03-11 02:55:00,4300.0,4300.0,4290.0,4290.0,258900
2026-03-11 03:00:00,4300.0,4310.0,4290.0,4300.0,895400
2026-03-11 03:05:00,4310.0,4310.0,4300.0,4300.0,356000
2026-03-11 03:10:00,4300.0,4310.0,4300.0,4310.0,1153900
2026-03-11 03:15:00,4300.0,4300.0,4290.0,4300.0,220300
2026-03-11 03:20:00,4300.0,4310.0,4290.0,4300.0,403400
2026-03-11 03:25:00,4310.0,4310.0,4290.0,4300.0,789100
2026-03-11 03:30:00,4310.0,4310.0,4300.0,4310.0,55800
2026-03-11 03:35:00,4300.0,4310.0,4300.0,4310.0,444900
2026-03-11 03:40:00,4310.0,4310.0,4300.0,4310.0,139900
2026-03-11 03:45:00,4310.0,4310.0,4300.0,4310.0,450200
2026-03-11 03:50:00,4310.0,4310.0,4300.0,4310.0,270200
2026-03-11 03:55:00,4310.0,4310.0,4300.0,4310.0,201600
2026-03-11 04:00:00,4300.0,4310.0,4290.0,4310.0,1773900
2026-03-11 04:05:00,4290.0,4310.0,4290.0,4300.0,625500
2026-03-11 04:10:00,4300.0,4310.0,4300.0,4300.0,695700
2026-03-11 04:15:00,4310.0,4310.0,4300.0,4300.0,88700
2026-03-11 04:20:00,4300.0,4310.0,4300.0,4310.0,42800
2026-03-11 04:25:00,4300.0,4310.0,4300.0,4310.0,65200
2026-03-11 04:30:00,4310.0,4310.0,4300.0,4310.0,185700
2026-03-11 04:35:00,4310.0,4310.0,4300.0,4310.0,195600
2026-03-11 04:40:00,4310.0,4310.0,4300.0,4310.0,509300
2026-03-11 04:45:00,4320.0,4320.0,4300.0,4310.0,984600
2026-03-11 04:50:00,4310.0,4320.0,4300.0,4310.0,488500
2026-03-11 04:55:00,4310.0,4310.0,4300.0,4310.0,121400
2026-03-11 06:30:00,4310.0,4320.0,4300.0,4310.0,738900
2026-03-11 06:35:00,4300.0,4310.0,4300.0,4310.0,486100
2026-03-11 06:40:00,4290.0,4310.0,4290.0,4310.0,1390900
2026-03-11 06:45:00,4300.0,4300.0,4290.0,4290.0,536700
2026-03-11 06:50:00,4300.0,4300.0,4290.0,4300.0,293800
2026-03-11 06:55:00,4290.0,4300.0,4290.0,4300.0,771700
2026-03-11 07:00:00,4300.0,4300.0,4290.0,4300.0,760100
2026-03-11 07:05:00,4300.0,4300.0,4290.0,4300.0,400500
2026-03-11 07:10:00,4290.0,4300.0,4290.0,4300.0,1133500
2026-03-11 07:15:00,4290.0,4300.0,4290.0,4290.0,322100
2026-03-11 07:20:00,4300.0,4300.0,4290.0,4300.0,751100
2026-03-11 07:25:00,4300.0,4300.0,4290.0,4300.0,308500
2026-03-11 07:30:00,4310.0,4310.0,4290.0,4300.0,1240200
2026-03-11 07:35:00,4300.0,4310.0,4290.0,4310.0,874000
2026-03-11 07:40:00,4290.0,4300.0,4290.0,4300.0,352500
2026-03-11 07:45:00,4300.0,4300.0,4290.0,4300.0,405000
2026-03-11 07:50:00,4300.0,4300.0,4290.0,4290.0,579900
2026-03-11 07:55:00,4300.0,4310.0,4290.0,4300.0,1801500
2026-03-11 08:00:00,4310.0,4310.0,4300.0,4310.0,130400
2026-03-11 08:05:00,4310.0,4310.0,4300.0,4310.0,206700
2026-03-11 08:10:00,4310.0,4310.0,4300.0,4310.0,1637600
2026-03-11 08:15:00,4300.0,4310.0,4300.0,4300.0,699500
2026-03-11 08:20:00,4300.0,4310.0,4300.0,4310.0,544400
2026-03-11 08:25:00,4300.0,4310.0,4290.0,4310.0,1238100
2026-03-11 08:30:00,4300.0,4300.0,4290.0,4300.0,327800
2026-03-11 08:35:00,4300.0,4300.0,4290.0,4290.0,1000300
2026-03-11 08:40:00,4290.0,4300.0,4280.0,4300.0,3766400
2026-03-11 08:45:00,4290.0,4290.0,4280.0,4280.0,1292900
2026-03-11 09:00:00,4290.0,4290.0,4290.0,4290.0,3626700
2026-03-11 09:05:00,4290.0,4290.0,4290.0,4290.0,407900
2026-03-11 09:10:00,4290.0,4290.0,4290.0,4290.0,97800
2026-03-12 02:00:00,4330.0,4350.0,4300.0,4310.0,0
2026-03-12 02:05:00,4320.0,4340.0,4310.0,4320.0,3831800
2026-03-12 02:10:00,4320.0,4320.0,4310.0,4320.0,937300
2026-03-12 02:15:00,4320.0,4330.0,4310.0,4320.0,1145900
2026-03-12 02:20:00,4320.0,4330.0,4320.0,4330.0,527900
2026-03-12 02:25:00,4320.0,4330.0,4310.0,4320.0,1485900
2026-03-12 02:30:00,4320.0,4320.0,4310.0,4320.0,278000
2026-03-12 02:35:00,4320.0,4320.0,4310.0,4320.0,518800
2026-03-12 02:40:00,4320.0,4320.0,4310.0,4320.0,237900
2026-03-12 02:45:00,4320.0,4320.0,4310.0,4320.0,257000
2026-03-12 02:50:00,4330.0,4330.0,4310.0,4320.0,2251200
2026-03-12 02:55:00,4320.0,4330.0,4320.0,4330.0,1348900
2026-03-12 03:00:00,4330.0,4330.0,4320.0,4330.0,502700
2026-03-12 03:05:00,4330.0,4330.0,4320.0,4330.0,419700
2026-03-12 03:10:00,4330.0,4330.0,4320.0,4330.0,618500
2026-03-12 03:15:00,4330.0,4330.0,4320.0,4320.0,1875500
2026-03-12 03:20:00,4330.0,4330.0,4320.0,4330.0,424500
2026-03-12 03:25:00,4330.0,4330.0,4320.0,4320.0,451600
2026-03-12 03:30:00,4320.0,4330.0,4320.0,4330.0,665600
2026-03-12 03:35:00,4330.0,4340.0,4320.0,4330.0,2191900
2026-03-12 03:40:00,4340.0,4340.0,4330.0,4340.0,577100
2026-03-12 03:45:00,4330.0,4340.0,4330.0,4340.0,2067900
2026-03-12 03:50:00,4330.0,4330.0,4320.0,4330.0,289600
2026-03-12 03:55:00,4330.0,4340.0,4320.0,4330.0,1288800
2026-03-12 04:00:00,4330.0,4330.0,4320.0,4330.0,348700
2026-03-12 04:05:00,4330.0,4330.0,4320.0,4330.0,336500
2026-03-12 04:10:00,4330.0,4330.0,4320.0,4320.0,148600
2026-03-12 04:15:00,4330.0,4330.0,4320.0,4330.0,164200
2026-03-12 04:20:00,4330.0,4330.0,4320.0,4330.0,246500
2026-03-12 04:25:00,4320.0,4330.0,4320.0,4330.0,355500
2026-03-12 04:30:00,4330.0,4330.0,4320.0,4330.0,347500
2026-03-12 04:35:00,4330.0,4330.0,4320.0,4330.0,340500
2026-03-12 04:40:00,4330.0,4330.0,4320.0,4320.0,354700
2026-03-12 04:45:00,4330.0,4330.0,4320.0,4330.0,335000
2026-03-12 04:50:00,4320.0,4330.0,4320.0,4330.0,292900
2026-03-12 04:55:00,4320.0,4330.0,4320.0,4330.0,415600
2026-03-12 06:30:00,4320.0,4330.0,4320.0,4330.0,1483800
2026-03-12 06:35:00,4330.0,4330.0,4320.0,4330.0,442000
2026-03-12 06:40:00,4330.0,4330.0,4320.0,4330.0,535500
2026-03-12 06:45:00,4330.0,4330.0,4320.0,4330.0,789100
2026-03-12 06:50:00,4310.0,4330.0,4310.0,4330.0,5129900
2026-03-12 06:55:00,4320.0,4320.0,4310.0,4320.0,2550600
2026-03-12 07:00:00,4320.0,4320.0,4310.0,4310.0,647300
2026-03-12 07:05:00,4310.0,4320.0,4300.0,4320.0,1712800
2026-03-12 07:10:00,4310.0,4310.0,4300.0,4310.0,746000
2026-03-12 07:15:00,4310.0,4310.0,4300.0,4310.0,208600
2026-03-12 07:20:00,4310.0,4310.0,4300.0,4310.0,782100
2026-03-12 07:25:00,4310.0,4310.0,4300.0,4310.0,2419800
2026-03-12 07:30:00,4310.0,4310.0,4300.0,4310.0,391200
2026-03-12 07:35:00,4300.0,4310.0,4300.0,4310.0,501000
2026-03-12 07:40:00,4310.0,4310.0,4300.0,4310.0,772900
2026-03-12 07:45:00,4300.0,4310.0,4290.0,4310.0,7045300
2026-03-12 07:50:00,4300.0,4300.0,4290.0,4300.0,585000
2026-03-12 07:55:00,4300.0,4300.0,4290.0,4300.0,851000
2026-03-12 08:00:00,4300.0,4300.0,4290.0,4300.0,849500
2026-03-12 08:05:00,4290.0,4300.0,4290.0,4300.0,489900
2026-03-12 08:10:00,4300.0,4300.0,4290.0,4300.0,418700
2026-03-12 08:15:00,4300.0,4300.0,4290.0,4300.0,453200
2026-03-12 08:20:00,4300.0,4300.0,4290.0,4300.0,548200
2026-03-12 08:25:00,4290.0,4300.0,4280.0,4300.0,7373700
2026-03-12 08:30:00,4280.0,4290.0,4280.0,4290.0,516300
2026-03-12 08:35:00,4290.0,4290.0,4280.0,4280.0,2516200
2026-03-12 08:40:00,4280.0,4290.0,4270.0,4290.0,4754800
2026-03-12 08:45:00,4280.0,4290.0,4270.0,4280.0,3103000
2026-03-12 09:00:00,4280.0,4280.0,4280.0,4280.0,4535800
2026-03-12 09:05:00,4280.0,4280.0,4280.0,4280.0,11400
2026-03-12 09:10:00,4280.0,4280.0,4280.0,4280.0,139600
2026-03-13 02:00:00,4290.0,4300.0,4280.0,4290.0,0
2026-03-13 02:05:00,4300.0,4300.0,4280.0,4290.0,3170800
2026-03-13 02:10:00,4300.0,4310.0,4290.0,4300.0,2344300
2026-03-13 02:15:00,4290.0,4300.0,4280.0,4290.0,2873600
2026-03-13 02:20:00,4290.0,4290.0,4280.0,4290.0,814700
2026-03-13 02:25:00,4290.0,4290.0,4280.0,4290.0,2136700
2026-03-13 02:30:00,4280.0,4290.0,4270.0,4280.0,4059500
2026-03-13 02:35:00,4280.0,4280.0,4270.0,4270.0,1913200
2026-03-13 02:40:00,4290.0,4290.0,4270.0,4280.0,371400
2026-03-13 02:45:00,4280.0,4290.0,4270.0,4290.0,2541600
2026-03-13 02:50:00,4280.0,4280.0,4270.0,4280.0,272100
2026-03-13 02:55:00,4280.0,4280.0,4270.0,4280.0,529600
2026-03-13 03:00:00,4280.0,4280.0,4270.0,4280.0,594400
2026-03-13 03:05:00,4280.0,4280.0,4270.0,4280.0,402100
2026-03-13 03:10:00,4280.0,4280.0,4270.0,4280.0,773100
2026-03-13 03:15:00,4280.0,4280.0,4270.0,4270.0,444900
2026-03-13 03:20:00,4270.0,4280.0,4260.0,4270.0,5348900
2026-03-13 03:25:00,4270.0,4270.0,4260.0,4270.0,483900
2026-03-13 03:30:00,4270.0,4270.0,4260.0,4270.0,813600
2026-03-13 03:35:00,4250.0,4270.0,4250.0,4260.0,4717100
2026-03-13 03:40:00,4260.0,4260.0,4250.0,4260.0,340500
2026-03-13 03:45:00,4260.0,4260.0,4250.0,4260.0,784100
2026-03-13 03:50:00,4250.0,4260.0,4240.0,4250.0,7341400
2026-03-13 03:55:00,4240.0,4250.0,4220.0,4250.0,3239900
2026-03-13 04:00:00,4250.0,4250.0,4230.0,4240.0,1319700
2026-03-13 04:05:00,4250.0,4250.0,4240.0,4250.0,437300
2026-03-13 04:10:00,4250.0,4250.0,4240.0,4240.0,554600
2026-03-13 04:15:00,4250.0,4250.0,4240.0,4250.0,1542600
2026-03-13 04:20:00,4240.0,4250.0,4230.0,4250.0,950100
2026-03-13 04:25:00,4250.0,4250.0,4230.0,4240.0,1052900
2026-03-13 07:00:00,4250.0,4250.0,4240.0,4240.0,2325800
2026-03-13 07:05:00,4250.0,4250.0,4240.0,4250.0,1079300
2026-03-13 07:10:00,4250.0,4250.0,4240.0,4250.0,492600
2026-03-13 07:15:00,4250.0,4250.0,4240.0,4250.0,631600
2026-03-13 07:20:00,4250.0,4250.0,4240.0,4250.0,674000
2026-03-13 07:25:00,4250.0,4250.0,4240.0,4250.0,485200
2026-03-13 07:30:00,4240.0,4250.0,4240.0,4250.0,1353600
2026-03-13 07:35:00,4250.0,4250.0,4240.0,4250.0,2110500
2026-03-13 07:40:00,4240.0,4250.0,4230.0,4240.0,2388300
2026-03-13 07:45:00,4230.0,4240.0,4230.0,4240.0,587300
2026-03-13 07:50:00,4230.0,4240.0,4230.0,4240.0,644900
2026-03-13 07:55:00,4240.0,4240.0,4230.0,4240.0,959800
2026-03-13 08:00:00,4240.0,4240.0,4230.0,4240.0,476700
2026-03-13 08:05:00,4240.0,4240.0,4230.0,4240.0,926900
2026-03-13 08:10:00,4230.0,4240.0,4230.0,4240.0,1456300
2026-03-13 08:15:00,4240.0,4240.0,4230.0,4230.0,862600
2026-03-13 08:20:00,4240.0,4240.0,4230.0,4240.0,1471600
2026-03-13 08:25:00,4240.0,4240.0,4230.0,4240.0,1952300
2026-03-13 08:30:00,4240.0,4240.0,4230.0,4240.0,897800
2026-03-13 08:35:00,4230.0,4240.0,4220.0,4240.0,7059600
2026-03-13 08:40:00,4230.0,4240.0,4220.0,4230.0,4484300
2026-03-13 08:45:00,4240.0,4250.0,4230.0,4240.0,2005300
2026-03-13 09:00:00,4240.0,4240.0,4240.0,4240.0,6301700
2026-03-13 09:05:00,4240.0,4240.0,4240.0,4240.0,1244700
2026-03-13 09:10:00,4240.0,4240.0,4240.0,4240.0,585000
2026-03-16 02:00:00,4260.0,4270.0,4250.0,4260.0,0
2026-03-16 02:05:00,4250.0,4260.0,4240.0,4250.0,4900600
2026-03-16 02:10:00,4250.0,4260.0,4230.0,4250.0,8622000
2026-03-16 02:15:00,4270.0,4270.0,4240.0,4250.0,2759400
2026-03-16 02:20:00,4270.0,4270.0,4260.0,4270.0,1114200
2026-03-16 02:25:00,4270.0,4280.0,4260.0,4260.0,2711400
2026-03-16 02:30:00,4280.0,4280.0,4260.0,4260.0,1829500
2026-03-16 02:35:00,4280.0,4290.0,4270.0,4280.0,2061100
2026-03-16 02:40:00,4290.0,4290.0,4270.0,4280.0,1394800
2026-03-16 02:45:00,4290.0,4290.0,4280.0,4290.0,1384600
2026-03-16 02:50:00,4290.0,4300.0,4280.0,4280.0,3388800
2026-03-16 02:55:00,4300.0,4300.0,4280.0,4290.0,2021200
2026-03-16 03:00:00,4310.0,4310.0,4290.0,4300.0,2980000
2026-03-16 03:05:00,4310.0,4310.0,4300.0,4310.0,1397300
2026-03-16 03:10:00,4320.0,4320.0,4300.0,4310.0,2377000
2026-03-16 03:15:00,4320.0,4330.0,4310.0,4310.0,3381900
2026-03-16 03:20:00,4320.0,4320.0,4310.0,4320.0,835400
2026-03-16 03:25:00,4320.0,4320.0,4310.0,4320.0,729300
2026-03-16 03:30:00,4320.0,4320.0,4310.0,4310.0,1874700
2026-03-16 03:35:00,4310.0,4320.0,4310.0,4320.0,791700
2026-03-16 03:40:00,4320.0,4320.0,4310.0,4310.0,1048500
2026-03-16 03:45:00,4310.0,4330.0,4310.0,4320.0,786200
2026-03-16 03:50:00,4320.0,4320.0,4310.0,4320.0,377400
2026-03-16 03:55:00,4330.0,4330.0,4310.0,4320.0,1958900
2026-03-16 04:00:00,4320.0,4330.0,4310.0,4330.0,1436600
2026-03-16 04:05:00,4320.0,4330.0,4310.0,4320.0,1708600
2026-03-16 04:10:00,4320.0,4330.0,4320.0,4320.0,639200
2026-03-16 04:15:00,4330.0,4330.0,4320.0,4320.0,1058700
2026-03-16 04:20:00,4330.0,4330.0,4320.0,4330.0,487100
2026-03-16 04:25:00,4330.0,4330.0,4320.0,4320.0,595300
2026-03-16 04:30:00,4320.0,4330.0,4320.0,4330.0,521700
2026-03-16 04:35:00,4330.0,4330.0,4320.0,4330.0,1364700
2026-03-16 04:40:00,4330.0,4340.0,4330.0,4330.0,1369400
2026-03-16 04:45:00,4330.0,4340.0,4330.0,4340.0,430000
2026-03-16 04:50:00,4340.0,4340.0,4330.0,4330.0,1014100
2026-03-16 04:55:00,4340.0,4340.0,4330.0,4340.0,1225300
2026-03-16 06:30:00,4340.0,4340.0,4330.0,4330.0,2424500
2026-03-16 06:35:00,4340.0,4340.0,4330.0,4340.0,2898500
2026-03-16 06:40:00,4340.0,4340.0,4330.0,4340.0,1115100
2026-03-16 06:45:00,4340.0,4340.0,4330.0,4330.0,1160200
2026-03-16 06:50:00,4340.0,4340.0,4330.0,4340.0,1254200
2026-03-16 06:55:00,4330.0,4340.0,4330.0,4330.0,2010100
2026-03-16 07:00:00,4330.0,4340.0,4330.0,4340.0,1209100
2026-03-16 07:05:00,4340.0,4340.0,4330.0,4340.0,886000
2026-03-16 07:10:00,4330.0,4340.0,4330.0,4340.0,4447200
2026-03-16 07:15:00,4330.0,4330.0,4320.0,4330.0,2597200
2026-03-16 07:20:00,4330.0,4330.0,4320.0,4330.0,998300
2026-03-16 07:25:00,4320.0,4330.0,4320.0,4320.0,1278100
2026-03-16 07:30:00,4320.0,4330.0,4320.0,4330.0,1577800
2026-03-16 07:35:00,4320.0,4330.0,4320.0,4330.0,1629800
2026-03-16 07:40:00,4330.0,4330.0,4320.0,4330.0,733300
2026-03-16 07:45:00,4340.0,4340.0,4320.0,4320.0,2447000
2026-03-16 07:50:00,4340.0,4340.0,4330.0,4330.0,1009500
2026-03-16 07:55:00,4340.0,4340.0,4330.0,4330.0,1600900
2026-03-16 08:00:00,4330.0,4340.0,4320.0,4340.0,4635200
2026-03-16 08:05:00,4330.0,4330.0,4320.0,4320.0,672400
2026-03-16 08:10:00,4320.0,4330.0,4320.0,4320.0,691100
2026-03-16 08:15:00,4330.0,4330.0,4320.0,4320.0,853600
2026-03-16 08:20:00,4320.0,4330.0,4320.0,4330.0,841500
2026-03-16 08:25:00,4320.0,4330.0,4320.0,4320.0,910200
2026-03-16 08:30:00,4320.0,4330.0,4320.0,4320.0,1404200
2026-03-16 08:35:00,4320.0,4330.0,4310.0,4320.0,5604400
2026-03-16 08:40:00,4320.0,4320.0,4310.0,4310.0,2580600
2026-03-16 08:45:00,4320.0,4330.0,4310.0,4320.0,2269800
2026-03-16 09:00:00,4320.0,4320.0,4320.0,4320.0,4609500
2026-03-16 09:05:00,4320.0,4320.0,4320.0,4320.0,374900
2026-03-16 09:10:00,4320.0,4320.0,4320.0,4320.0,179500
2026-03-17 02:00:00,4350.0,4360.0,4330.0,4340.0,0
2026-03-17 02:05:00,4350.0,4360.0,4340.0,4350.0,3597100
2026-03-17 02:10:00,4350.0,4360.0,4350.0,4360.0,1479700
2026-03-17 02:15:00,4360.0,4360.0,4350.0,4350.0,803800
2026-03-17 02:20:00,4360.0,4360.0,4350.0,4350.0,1022200
2026-03-17 02:25:00,4340.0,4360.0,4330.0,4360.0,8143100
2026-03-17 02:30:00,4340.0,4340.0,4330.0,4340.0,1633300
2026-03-17 02:35:00,4340.0,4350.0,4330.0,4340.0,2435900
2026-03-17 02:40:00,4340.0,4340.0,4330.0,4330.0,801300
2026-03-17 02:45:00,4330.0,4340.0,4330.0,4340.0,720600
2026-03-17 02:50:00,4340.0,4340.0,4330.0,4340.0,851000
2026-03-17 02:55:00,4330.0,4340.0,4330.0,4340.0,1588000
2026-03-17 03:00:00,4330.0,4340.0,4320.0,4340.0,2639100
2026-03-17 03:05:00,4330.0,4330.0,4320.0,4330.0,665000
2026-03-17 03:10:00,4330.0,4340.0,4320.0,4330.0,2012200
2026-03-17 03:15:00,4340.0,4340.0,4330.0,4340.0,188900
2026-03-17 03:20:00,4330.0,4340.0,4330.0,4340.0,331700
2026-03-17 03:25:00,4350.0,4350.0,4330.0,4330.0,2172300
2026-03-17 03:30:00,4340.0,4350.0,4340.0,4350.0,580000
2026-03-17 03:35:00,4340.0,4350.0,4340.0,4350.0,1741700
2026-03-17 03:40:00,4340.0,4350.0,4340.0,4340.0,896200
2026-03-17 03:45:00,4340.0,4350.0,4340.0,4340.0,263600
2026-03-17 03:50:00,4350.0,4350.0,4340.0,4350.0,899800
2026-03-17 03:55:00,4340.0,4350.0,4340.0,4350.0,915700
2026-03-17 04:00:00,4350.0,4350.0,4340.0,4340.0,1425100
2026-03-17 04:05:00,4340.0,4350.0,4340.0,4350.0,1178100
2026-03-17 04:10:00,4350.0,4350.0,4340.0,4340.0,430300
2026-03-17 04:15:00,4360.0,4360.0,4340.0,4340.0,5693300
2026-03-17 04:20:00,4350.0,4360.0,4350.0,4360.0,426700
2026-03-17 04:25:00,4360.0,4360.0,4350.0,4360.0,183200
2026-03-17 04:30:00,4360.0,4360.0,4350.0,4360.0,2499800
2026-03-17 04:35:00,4350.0,4360.0,4340.0,4350.0,3516800
2026-03-17 04:40:00,4350.0,4360.0,4350.0,4360.0,747900
2026-03-17 04:45:00,4350.0,4360.0,4350.0,4350.0,553700
2026-03-17 04:50:00,4350.0,4360.0,4350.0,4350.0,325500
2026-03-17 04:55:00,4360.0,4360.0,4340.0,4360.0,2214600
2026-03-17 06:30:00,4360.0,4360.0,4350.0,4360.0,3018100
2026-03-17 06:35:00,4350.0,4360.0,4350.0,4360.0,938100
2026-03-17 06:40:00,4360.0,4360.0,4350.0,4360.0,652200
2026-03-17 06:45:00,4360.0,4360.0,4350.0,4350.0,394400
2026-03-17 06:50:00,4350.0,4360.0,4350.0,4350.0,1124400
2026-03-17 06:55:00,4350.0,4360.0,4350.0,4360.0,2167000
2026-03-17 07:00:00,4360.0,4360.0,4350.0,4360.0,881900
2026-03-17 07:05:00,4360.0,4360.0,4350.0,4360.0,1451200
2026-03-17 07:10:00,4360.0,4360.0,4350.0,4360.0,1576700
2026-03-17 07:15:00,4360.0,4360.0,4350.0,4360.0,5729300
2026-03-17 07:20:00,4360.0,4370.0,4350.0,4360.0,3461600
2026-03-17 07:25:00,4370.0,4370.0,4350.0,4360.0,1406000
2026-03-17 07:30:00,4360.0,4370.0,4360.0,4370.0,314700
2026-03-17 07:35:00,4360.0,4370.0,4360.0,4370.0,586800
2026-03-17 07:40:00,4360.0,4370.0,4360.0,4360.0,1292000
2026-03-17 07:45:00,4360.0,4370.0,4360.0,4360.0,729100
2026-03-17 07:50:00,4360.0,4370.0,4360.0,4360.0,2877900
2026-03-17 07:55:00,4350.0,4370.0,4350.0,4360.0,5150300
2026-03-17 08:00:00,4370.0,4370.0,4350.0,4360.0,5446900
2026-03-17 08:05:00,4360.0,4370.0,4360.0,4360.0,434400
2026-03-17 08:10:00,4370.0,4370.0,4360.0,4370.0,1031700
2026-03-17 08:15:00,4370.0,4370.0,4360.0,4370.0,1162400
2026-03-17 08:20:00,4360.0,4370.0,4360.0,4360.0,1694300
2026-03-17 08:25:00,4360.0,4370.0,4360.0,4360.0,2160000
2026-03-17 08:30:00,4360.0,4370.0,4360.0,4360.0,2190200
2026-03-17 08:35:00,4370.0,4370.0,4360.0,4370.0,2489600
2026-03-17 08:40:00,4360.0,4370.0,4360.0,4360.0,8473000
2026-03-17 08:45:00,4370.0,4370.0,4360.0,4370.0,7422600
2026-03-17 09:00:00,4390.0,4390.0,4390.0,4390.0,79415500
2026-03-17 09:05:00,4390.0,4390.0,4390.0,4390.0,376300
2026-03-17 09:10:00,4390.0,4390.0,4390.0,4390.0,1636500
2026-03-25 02:00:00,4040.0,4060.0,4000.0,4050.0,0
2026-03-25 02:05:00,4020.0,4050.0,4020.0,4040.0,8702300
2026-03-25 02:10:00,4010.0,4040.0,4000.0,4030.0,9049200
2026-03-25 02:15:00,4020.0,4020.0,4000.0,4010.0,5335300
2026-03-25 02:20:00,4010.0,4030.0,3980.0,4020.0,21059000
2026-03-25 02:25:00,4020.0,4030.0,4000.0,4020.0,4018400
2026-03-25 02:30:00,4030.0,4030.0,4010.0,4020.0,3286900
2026-03-25 02:35:00,4050.0,4050.0,4030.0,4030.0,5575300
2026-03-25 02:40:00,4050.0,4050.0,4040.0,4050.0,1306300
2026-03-25 02:45:00,4050.0,4060.0,4040.0,4050.0,3498200
2026-03-25 02:50:00,4040.0,4060.0,4040.0,4050.0,2109200
2026-03-25 02:55:00,4050.0,4060.0,4040.0,4050.0,1834600
2026-03-25 03:00:00,4070.0,4070.0,4040.0,4050.0,3477900
2026-03-25 03:05:00,4060.0,4070.0,4050.0,4070.0,2770500
2026-03-25 03:10:00,4060.0,4070.0,4050.0,4050.0,2067400
2026-03-25 03:15:00,4060.0,4070.0,4050.0,4060.0,3043300
2026-03-25 03:20:00,4050.0,4060.0,4050.0,4060.0,752400
2026-03-25 03:25:00,4080.0,4080.0,4050.0,4050.0,7960000
2026-03-25 03:30:00,4050.0,4090.0,4050.0,4080.0,3049300
2026-03-25 03:35:00,4060.0,4070.0,4050.0,4060.0,3242100
2026-03-25 03:40:00,4070.0,4070.0,4050.0,4060.0,1243800
2026-03-25 03:45:00,4060.0,4070.0,4050.0,4060.0,1662100
2026-03-25 03:50:00,4060.0,4070.0,4050.0,4060.0,2057300
2026-03-25 03:55:00,4060.0,4070.0,4050.0,4060.0,431900
2026-03-25 04:00:00,4050.0,4060.0,4050.0,4050.0,1204700
2026-03-25 04:05:00,4040.0,4060.0,4040.0,4060.0,7719800
2026-03-25 04:10:00,4060.0,4060.0,4040.0,4050.0,2396000
2026-03-25 04:15:00,4050.0,4060.0,4050.0,4060.0,444900
2026-03-25 04:20:00,4050.0,4060.0,4050.0,4060.0,1644300
2026-03-25 04:25:00,4050.0,4060.0,4050.0,4050.0,755900
2026-03-25 04:30:00,4050.0,4060.0,4040.0,4050.0,2911400
2026-03-25 04:35:00,4040.0,4050.0,4040.0,4050.0,457500
2026-03-25 04:40:00,4050.0,4050.0,4040.0,4050.0,427500
2026-03-25 04:45:00,4050.0,4050.0,4040.0,4040.0,1778900
2026-03-25 04:50:00,4040.0,4050.0,4040.0,4040.0,766700
2026-03-25 04:55:00,4050.0,4050.0,4040.0,4050.0,1250100
2026-03-25 06:30:00,4060.0,4060.0,4040.0,4040.0,6373000
2026-03-25 06:35:00,4060.0,4060.0,4040.0,4060.0,4328000
2026-03-25 06:40:00,4050.0,4060.0,4050.0,4060.0,834400
2026-03-25 06:45:00,4060.0,4060.0,4050.0,4050.0,583000
2026-03-25 06:50:00,4050.0,4060.0,4050.0,4060.0,703900
2026-03-25 06:55:00,4060.0,4060.0,4050.0,4050.0,1570300
2026-03-25 07:00:00,4050.0,4060.0,4050.0,4060.0,1243300
2026-03-25 07:05:00,4050.0,4060.0,4040.0,4060.0,4385300
2026-03-25 07:10:00,4050.0,4050.0,4040.0,4050.0,1995300
2026-03-25 07:15:00,4040.0,4050.0,4040.0,4040.0,641600
2026-03-25 07:20:00,4050.0,4050.0,4040.0,4050.0,1401700
2026-03-25 07:25:00,4050.0,4050.0,4040.0,4050.0,952900
2026-03-25 07:30:00,4050.0,4050.0,4040.0,4040.0,971100
2026-03-25 07:35:00,4050.0,4050.0,4040.0,4040.0,952900
2026-03-25 07:40:00,4050.0,4050.0,4040.0,4050.0,594300
2026-03-25 07:45:00,4040.0,4050.0,4040.0,4050.0,775400
2026-03-25 07:50:00,4040.0,4050.0,4040.0,4050.0,683100
2026-03-25 07:55:00,4050.0,4050.0,4040.0,4040.0,1133600
2026-03-25 08:00:00,4040.0,4050.0,4040.0,4040.0,893800
2026-03-25 08:05:00,4050.0,4050.0,4040.0,4050.0,1068000
2026-03-25 08:10:00,4050.0,4050.0,4040.0,4040.0,5970600
2026-03-25 08:15:00,4020.0,4050.0,4020.0,4040.0,5231800
2026-03-25 08:20:00,4030.0,4030.0,4020.0,4030.0,1520300
2026-03-25 08:25:00,4050.0,4050.0,4020.0,4030.0,11785200
2026-03-25 08:30:00,4050.0,4050.0,4040.0,4040.0,480500
2026-03-25 08:35:00,4050.0,4050.0,4040.0,4050.0,9608500
2026-03-25 08:40:00,4050.0,4050.0,4040.0,4050.0,2292600
2026-03-25 08:45:00,4040.0,4050.0,4040.0,4050.0,4395600
2026-03-25 09:00:00,4040.0,4040.0,4040.0,4040.0,17791400
2026-03-25 09:05:00,4040.0,4040.0,4040.0,4040.0,196000
2026-03-25 09:10:00,4040.0,4040.0,4040.0,4040.0,93900
2026-03-26 02:00:00,4030.0,4060.0,4020.0,4050.0,0
2026-03-26 02:05:00,4030.0,4040.0,4020.0,4030.0,3154000
2026-03-26 02:10:00,4010.0,4030.0,4010.0,4020.0,2524900
2026-03-26 02:15:00,4030.0,4040.0,4010.0,4020.0,3084400
2026-03-26 02:20:00,4030.0,4030.0,4020.0,4030.0,266800
2026-03-26 02:25:00,4030.0,4030.0,4020.0,4020.0,299000
2026-03-26 02:30:00,4030.0,4030.0,4020.0,4030.0,904300
2026-03-26 02:35:00,4010.0,4030.0,4010.0,4020.0,2834300
2026-03-26 02:40:00,4010.0,4020.0,4010.0,4010.0,1292300
2026-03-26 02:45:00,4020.0,4020.0,4010.0,4010.0,419200
2026-03-26 02:50:00,4010.0,4020.0,4010.0,4020.0,342400
2026-03-26 02:55:00,4020.0,4020.0,4010.0,4020.0,1141000
2026-03-26 03:00:00,4020.0,4020.0,4010.0,4010.0,430000
2026-03-26 03:05:00,4020.0,4020.0,4010.0,4020.0,2078800
2026-03-26 03:10:00,4020.0,4020.0,4010.0,4020.0,274200
2026-03-26 03:15:00,4020.0,4020.0,4010.0,4010.0,699500
2026-03-26 03:20:00,4010.0,4020.0,4010.0,4020.0,596700
2026-03-26 03:25:00,4020.0,4020.0,4010.0,4010.0,620300
2026-03-26 03:30:00,4000.0,4020.0,4000.0,4020.0,2568200
2026-03-26 03:35:00,4000.0,4010.0,4000.0,4010.0,695300
2026-03-26 03:40:00,4010.0,4010.0,4000.0,4010.0,287100
2026-03-26 03:45:00,4010.0,4010.0,4000.0,4010.0,173600
2026-03-26 03:50:00,4010.0,4010.0,4000.0,4000.0,395900
2026-03-26 03:55:00,4010.0,4010.0,4000.0,4010.0,408700
2026-03-26 04:00:00,4000.0,4010.0,4000.0,4000.0,350600
2026-03-26 04:05:00,4010.0,4010.0,4000.0,4000.0,232000
2026-03-26 04:10:00,4000.0,4010.0,4000.0,4010.0,309600
2026-03-26 04:15:00,4010.0,4010.0,4000.0,4000.0,416300
2026-03-26 04:20:00,4010.0,4010.0,4000.0,4010.0,171700
2026-03-26 04:25:00,4010.0,4010.0,4000.0,4000.0,1669300
2026-03-26 04:30:00,4010.0,4010.0,4000.0,4000.0,877900
2026-03-26 04:35:00,4000.0,4010.0,4000.0,4000.0,389800
2026-03-26 04:40:00,4000.0,4010.0,4000.0,4000.0,426000
2026-03-26 04:45:00,4000.0,4010.0,4000.0,4000.0,332900
2026-03-26 04:50:00,4010.0,4010.0,4000.0,4010.0,1925300
2026-03-26 04:55:00,4000.0,4010.0,4000.0,4000.0,1640700
2026-03-26 06:30:00,3990.0,4010.0,3980.0,4000.0,5028400
2026-03-26 06:35:00,3990.0,3990.0,3980.0,3990.0,463800
2026-03-26 06:40:00,3990.0,3990.0,3980.0,3980.0,230200
2026-03-26 06:45:00,3990.0,3990.0,3980.0,3990.0,466400
2026-03-26 06:50:00,3990.0,3990.0,3980.0,3990.0,235300
2026-03-26 06:55:00,3990.0,3990.0,3980.0,3990.0,1595000
2026-03-26 07:00:00,3990.0,3990.0,3980.0,3990.0,578400
2026-03-26 07:05:00,3990.0,3990.0,3980.0,3980.0,319200
2026-03-26 07:10:00,3990.0,3990.0,3980.0,3990.0,2000300
2026-03-26 07:15:00,3980.0,3990.0,3970.0,3980.0,1387100
2026-03-26 07:20:00,3980.0,3980.0,3970.0,3980.0,838600
2026-03-26 07:25:00,3980.0,3980.0,3970.0,3980.0,398600
2026-03-26 07:30:00,3980.0,3980.0,3970.0,3970.0,916600
2026-03-26 07:35:00,3970.0,3980.0,3970.0,3970.0,221000
2026-03-26 07:40:00,3980.0,3980.0,3970.0,3980.0,3600300
2026-03-26 07:45:00,3980.0,3980.0,3970.0,3980.0,311800
2026-03-26 07:50:00,3990.0,3990.0,3970.0,3980.0,3637900
2026-03-26 07:55:00,3990.0,3990.0,3980.0,3990.0,1256300
2026-03-26 08:00:00,3990.0,3990.0,3980.0,3980.0,995700
2026-03-26 08:05:00,3990.0,3990.0,3980.0,3990.0,240700
2026-03-26 08:10:00,3990.0,3990.0,3980.0,3990.0,787100
2026-03-26 08:15:00,3990.0,3990.0,3980.0,3980.0,316900
2026-03-26 08:20:00,3980.0,3990.0,3980.0,3990.0,2003900
2026-03-26 08:25:00,3990.0,4000.0,3980.0,3990.0,1056000
2026-03-26 08:30:00,4000.0,4000.0,3990.0,4000.0,418200
2026-03-26 08:35:00,4000.0,4000.0,3990.0,3990.0,640800
2026-03-26 08:40:00,4000.0,4000.0,3990.0,4000.0,2650200
2026-03-26 08:45:00,3990.0,4000.0,3990.0,4000.0,3522800
2026-03-26 09:00:00,4000.0,4000.0,4000.0,4000.0,7236000
2026-03-26 09:05:00,4000.0,4000.0,4000.0,4000.0,28400
2026-03-26 09:10:00,4000.0,4000.0,4000.0,4000.0,64700
2026-03-27 02:00:00,3970.0,3990.0,3950.0,3980.0,0
2026-03-27 02:05:00,3960.0,3970.0,3960.0,3970.0,622500
2026-03-27 02:10:00,3940.0,3970.0,3930.0,3970.0,4855300
2026-03-27 02:15:00,3940.0,3950.0,3920.0,3940.0,3987800
2026-03-27 02:20:00,3930.0,3940.0,3920.0,3940.0,1623000
2026-03-27 02:25:00,3920.0,3930.0,3910.0,3930.0,3683900
2026-03-27 02:30:00,3930.0,3930.0,3910.0,3920.0,1719700
2026-03-27 02:35:00,3910.0,3930.0,3910.0,3930.0,1227600
2026-03-27 02:40:00,3910.0,3920.0,3900.0,3920.0,3738700
2026-03-27 02:45:00,3910.0,3920.0,3900.0,3900.0,1183700
2026-03-27 02:50:00,3910.0,3920.0,3910.0,3910.0,311200
2026-03-27 02:55:00,3920.0,3920.0,3910.0,3920.0,292000
2026-03-27 03:00:00,3920.0,3930.0,3910.0,3920.0,1264400
2026-03-27 03:05:00,3930.0,3930.0,3920.0,3920.0,764000
2026-03-27 03:10:00,3930.0,3930.0,3920.0,3930.0,274700
2026-03-27 03:15:00,3930.0,3930.0,3920.0,3920.0,835700
2026-03-27 03:20:00,3930.0,3930.0,3920.0,3930.0,569500
2026-03-27 03:25:00,3920.0,3930.0,3910.0,3930.0,1703200
2026-03-27 03:30:00,3920.0,3920.0,3910.0,3920.0,194900
2026-03-27 03:35:00,3920.0,3920.0,3910.0,3920.0,375100
2026-03-27 03:40:00,3920.0,3920.0,3910.0,3920.0,880600
2026-03-27 03:45:00,3920.0,3920.0,3910.0,3920.0,506500
2026-03-27 03:50:00,3910.0,3920.0,3910.0,3910.0,373300
2026-03-27 03:55:00,3910.0,3920.0,3910.0,3920.0,220800
2026-03-27 04:00:00,3920.0,3920.0,3910.0,3910.0,1302500
2026-03-27 04:05:00,3920.0,3920.0,3910.0,3920.0,228500
2026-03-27 04:10:00,3920.0,3920.0,3910.0,3920.0,539100
2026-03-27 04:15:00,3910.0,3920.0,3910.0,3920.0,231200
2026-03-27 04:20:00,3920.0,3920.0,3910.0,3920.0,900300
2026-03-27 04:25:00,3920.0,3920.0,3910.0,3920.0,1539300
2026-03-27 07:00:00,3920.0,3920.0,3910.0,3920.0,1383800
2026-03-27 07:05:00,3920.0,3930.0,3910.0,3910.0,2850000
2026-03-27 07:10:00,3920.0,3930.0,3920.0,3920.0,325000
2026-03-27 07:15:00,3900.0,3930.0,3900.0,3920.0,3134900
2026-03-27 07:20:00,3910.0,3910.0,3900.0,3910.0,791600
2026-03-27 07:25:00,3910.0,3910.0,3900.0,3900.0,251200
2026-03-27 07:30:00,3900.0,3910.0,3900.0,3900.0,316200
2026-03-27 07:35:00,3910.0,3910.0,3900.0,3910.0,585300
2026-03-27 07:40:00,3910.0,3910.0,3900.0,3910.0,630200
2026-03-27 07:45:00,3910.0,3910.0,3900.0,3910.0,4642900
2026-03-27 07:50:00,3910.0,3910.0,3900.0,3910.0,2248200
2026-03-27 07:55:00,3910.0,3910.0,3900.0,3910.0,1993400
2026-03-27 08:00:00,3910.0,3910.0,3900.0,3910.0,1931700
2026-03-27 08:05:00,3910.0,3910.0,3900.0,3910.0,444100
2026-03-27 08:10:00,3910.0,3920.0,3900.0,3910.0,522400
2026-03-27 08:15:00,3920.0,3920.0,3910.0,3920.0,515900
2026-03-27 08:20:00,3920.0,3920.0,3910.0,3920.0,1299000
2026-03-27 08:25:00,3920.0,3920.0,3910.0,3920.0,504400
2026-03-27 08:30:00,3920.0,3920.0,3910.0,3920.0,1014800
2026-03-27 08:35:00,3920.0,3920.0,3910.0,3920.0,539900
2026-03-27 08:40:00,3910.0,3920.0,3900.0,3910.0,1877600
2026-03-27 08:45:00,3910.0,3920.0,3900.0,3910.0,3461600
2026-03-27 09:00:00,3900.0,3900.0,3900.0,3900.0,5377300
2026-03-27 09:05:00,3900.0,3900.0,3900.0,3900.0,186100
2026-03-27 09:10:00,3900.0,3900.0,3900.0,3900.0,228300
2026-03-30 02:00:00,3850.0,3860.0,3830.0,3860.0,0
2026-03-30 02:05:00,3810.0,3850.0,3810.0,3850.0,4563900
2026-03-30 02:10:00,3830.0,3830.0,3810.0,3810.0,2256900
2026-03-30 02:15:00,3830.0,3840.0,3820.0,3830.0,1620500
2026-03-30 02:20:00,3830.0,3840.0,3820.0,3830.0,2436500
2026-03-30 02:25:00,3840.0,3840.0,3830.0,3840.0,279400
2026-03-30 02:30:00,3820.0,3840.0,3800.0,3840.0,5395100
2026-03-30 02:35:00,3790.0,3820.0,3790.0,3810.0,6548900
2026-03-30 02:40:00,3790.0,3800.0,3780.0,3790.0,1965200
2026-03-30 02:45:00,3800.0,3800.0,3780.0,3790.0,1188600
2026-03-30 02:50:00,3800.0,3800.0,3790.0,3800.0,357500
2026-03-30 02:55:00,3790.0,3800.0,3790.0,3790.0,725600
2026-03-30 03:00:00,3790.0,3800.0,3790.0,3800.0,529300
2026-03-30 03:05:00,3800.0,3800.0,3790.0,3800.0,593300
2026-03-30 03:10:00,3820.0,3820.0,3790.0,3790.0,3775000
2026-03-30 03:15:00,3820.0,3820.0,3810.0,3820.0,628800
2026-03-30 03:20:00,3810.0,3820.0,3810.0,3810.0,644300
2026-03-30 03:25:00,3820.0,3820.0,3810.0,3820.0,136500
2026-03-30 03:30:00,3820.0,3820.0,3810.0,3820.0,211900
2026-03-30 03:35:00,3820.0,3820.0,3810.0,3820.0,687900
2026-03-30 03:40:00,3820.0,3820.0,3810.0,3820.0,176800
2026-03-30 03:45:00,3800.0,3820.0,3800.0,3810.0,1786500
2026-03-30 03:50:00,3800.0,3810.0,3800.0,3800.0,876200
2026-03-30 03:55:00,3810.0,3810.0,3800.0,3810.0,1069600
2026-03-30 04:00:00,3810.0,3820.0,3800.0,3810.0,524400
2026-03-30 04:05:00,3800.0,3810.0,3800.0,3800.0,112500
2026-03-30 04:10:00,3810.0,3810.0,3800.0,3800.0,246700
2026-03-30 04:15:00,3810.0,3810.0,3800.0,3810.0,1221200
2026-03-30 04:20:00,3810.0,3810.0,3800.0,3810.0,406400
2026-03-30 04:25:00,3810.0,3810.0,3800.0,3810.0,301700
2026-03-30 04:30:00,3810.0,3810.0,3800.0,3810.0,282300
2026-03-30 04:35:00,3820.0,3820.0,3800.0,3810.0,397600
2026-03-30 04:40:00,3810.0,3820.0,3810.0,3820.0,138200
2026-03-30 04:45:00,3810.0,3820.0,3810.0,3810.0,59600
2026-03-30 04:50:00,3820.0,3820.0,3810.0,3810.0,279000
2026-03-30 04:55:00,3820.0,3820.0,3810.0,3820.0,652300
2026-03-30 06:30:00,3810.0,3820.0,3800.0,3820.0,862500
2026-03-30 06:35:00,3790.0,3810.0,3790.0,3810.0,1516800
2026-03-30 06:40:00,3820.0,3820.0,3790.0,3790.0,1037600
2026-03-30 06:45:00,3810.0,3820.0,3810.0,3820.0,111700
2026-03-30 06:50:00,3820.0,3820.0,3810.0,3810.0,97300
2026-03-30 06:55:00,3820.0,3820.0,3810.0,3820.0,154900
2026-03-30 07:00:00,3820.0,3820.0,3810.0,3810.0,140000
2026-03-30 07:05:00,3820.0,3820.0,3810.0,3820.0,328100
2026-03-30 07:10:00,3800.0,3820.0,3800.0,3810.0,849100
2026-03-30 07:15:00,3800.0,3810.0,3790.0,3810.0,1283800
2026-03-30 07:20:00,3800.0,3810.0,3790.0,3800.0,1060900
2026-03-30 07:25:00,3810.0,3810.0,3800.0,3800.0,486300
2026-03-30 07:30:00,3800.0,3800.0,3790.0,3800.0,475100
2026-03-30 07:35:00,3800.0,3810.0,3790.0,3790.0,2495900
2026-03-30 07:40:00,3800.0,3810.0,3790.0,3800.0,1511400
2026-03-30 07:45:00,3800.0,3810.0,3790.0,3800.0,495600
2026-03-30 07:50:00,3800.0,3800.0,3790.0,3800.0,300300
2026-03-30 07:55:00,3790.0,3800.0,3790.0,3800.0,179000
2026-03-30 08:00:00,3800.0,3800.0,3790.0,3800.0,868800
2026-03-30 08:05:00,3800.0,3800.0,3790.0,3800.0,238000
2026-03-30 08:10:00,3800.0,3800.0,3790.0,3800.0,1416200
2026-03-30 08:15:00,3800.0,3810.0,3800.0,3800.0,327600
2026-03-30 08:20:00,3800.0,3810.0,3800.0,3810.0,165200
2026-03-30 08:25:00,3800.0,3810.0,3800.0,3800.0,409200
2026-03-30 08:30:00,3800.0,3810.0,3800.0,3810.0,525100
2026-03-30 08:35:00,3800.0,3810.0,3800.0,3810.0,912000
2026-03-30 08:40:00,3810.0,3810.0,3800.0,3800.0,1536100
2026-03-30 08:45:00,3800.0,3810.0,3790.0,3800.0,1979000
2026-03-30 09:00:00,3850.0,3850.0,3850.0,3850.0,7528200
2026-03-30 09:05:00,3850.0,3850.0,3850.0,3850.0,36900
2026-03-30 09:10:00,3850.0,3850.0,3850.0,3850.0,125400
2026-03-31 02:00:00,3840.0,3880.0,3830.0,3860.0,0
2026-03-31 02:05:00,3850.0,3850.0,3830.0,3840.0,651100
2026-03-31 02:10:00,3840.0,3850.0,3830.0,3850.0,1192600
2026-03-31 02:15:00,3820.0,3840.0,3810.0,3840.0,1382900
2026-03-31 02:20:00,3830.0,3830.0,3810.0,3820.0,1060500
2026-03-31 02:25:00,3820.0,3830.0,3810.0,3830.0,601000
2026-03-31 02:30:00,3800.0,3820.0,3800.0,3820.0,1492500
2026-03-31 02:35:00,3800.0,3810.0,3790.0,3810.0,1333000
2026-03-31 02:40:00,3800.0,3810.0,3790.0,3800.0,612800
2026-03-31 02:45:00,3810.0,3810.0,3800.0,3810.0,146200
2026-03-31 02:50:00,3800.0,3810.0,3800.0,3810.0,146900
2026-03-31 02:55:00,3800.0,3810.0,3800.0,3800.0,680700
2026-03-31 03:00:00,3800.0,3810.0,3800.0,3800.0,326600
2026-03-31 03:05:00,3830.0,3830.0,3800.0,3810.0,1399800
2026-03-31 03:10:00,3840.0,3850.0,3820.0,3830.0,1494300
2026-03-31 03:15:00,3830.0,3840.0,3820.0,3840.0,383600
2026-03-31 03:20:00,3830.0,3840.0,3830.0,3840.0,161900
2026-03-31 03:25:00,3840.0,3840.0,3830.0,3840.0,304800
2026-03-31 03:30:00,3830.0,3840.0,3820.0,3840.0,1426500
2026-03-31 03:35:00,3830.0,3830.0,3820.0,3820.0,142400
2026-03-31 03:40:00,3830.0,3830.0,3820.0,3820.0,241700
2026-03-31 03:45:00,3830.0,3830.0,3820.0,3830.0,126600
2026-03-31 03:50:00,3820.0,3830.0,3810.0,3830.0,774300
2026-03-31 03:55:00,3810.0,3820.0,3810.0,3810.0,113200
2026-03-31 04:00:00,3790.0,3820.0,3780.0,3820.0,5812400
2026-03-31 04:05:00,3800.0,3810.0,3790.0,3790.0,489100
2026-03-31 04:10:00,3800.0,3810.0,3790.0,3810.0,376900
2026-03-31 04:15:00,3790.0,3800.0,3790.0,3800.0,381800
2026-03-31 04:20:00,3810.0,3810.0,3790.0,3800.0,359200
2026-03-31 04:25:00,3800.0,3810.0,3800.0,3810.0,178400
2026-03-31 04:30:00,3800.0,3810.0,3800.0,3810.0,1094600
2026-03-31 04:35:00,3790.0,3800.0,3790.0,3800.0,93300
2026-03-31 04:40:00,3800.0,3810.0,3790.0,3800.0,456200
2026-03-31 04:45:00,3810.0,3810.0,3800.0,3810.0,62300
2026-03-31 04:50:00,3810.0,3810.0,3800.0,3810.0,190800
2026-03-31 04:55:00,3810.0,3810.0,3790.0,3800.0,936200
2026-03-31 06:30:00,3800.0,3810.0,3790.0,3810.0,691200
2026-03-31 06:35:00,3790.0,3800.0,3790.0,3800.0,181400
2026-03-31 06:40:00,3800.0,3800.0,3790.0,3800.0,545700
2026-03-31 06:45:00,3800.0,3800.0,3790.0,3800.0,164100
2026-03-31 06:50:00,3790.0,3800.0,3790.0,3800.0,528100
2026-03-31 06:55:00,3800.0,3800.0,3790.0,3800.0,260400
2026-03-31 07:00:00,3790.0,3800.0,3790.0,3800.0,437100
2026-03-31 07:05:00,3800.0,3800.0,3790.0,3790.0,1353500
2026-03-31 07:10:00,3790.0,3800.0,3790.0,3800.0,388800
2026-03-31 07:15:00,3790.0,3800.0,3790.0,3790.0,1086700
2026-03-31 07:20:00,3790.0,3800.0,3790.0,3790.0,347600
2026-03-31 07:25:00,3800.0,3800.0,3790.0,3800.0,554000
2026-03-31 07:30:00,3800.0,3800.0,3790.0,3790.0,919000
2026-03-31 07:35:00,3800.0,3800.0,3790.0,3800.0,562400
2026-03-31 07:40:00,3790.0,3800.0,3780.0,3790.0,1073700
2026-03-31 07:45:00,3790.0,3790.0,3780.0,3790.0,508000
2026-03-31 07:50:00,3780.0,3790.0,3780.0,3790.0,1003600
2026-03-31 07:55:00,3780.0,3790.0,3780.0,3790.0,831500
2026-03-31 08:00:00,3790.0,3790.0,3780.0,3790.0,792700
2026-03-31 08:05:00,3790.0,3790.0,3780.0,3790.0,1174100
2026-03-31 08:10:00,3790.0,3790.0,3780.0,3790.0,1473200
2026-03-31 08:15:00,3790.0,3790.0,3780.0,3790.0,604200
2026-03-31 08:20:00,3790.0,3790.0,3780.0,3790.0,1105300
2026-03-31 08:25:00,3790.0,3790.0,3780.0,3790.0,598400
2026-03-31 08:30:00,3780.0,3790.0,3780.0,3790.0,790200
2026-03-31 08:35:00,3790.0,3790.0,3780.0,3790.0,1799200
2026-03-31 08:40:00,3780.0,3790.0,3770.0,3790.0,3759000
2026-03-31 08:45:00,3770.0,3780.0,3770.0,3780.0,2574000
2026-03-31 09:00:00,3760.0,3760.0,3760.0,3760.0,17752600
2026-03-31 09:05:00,3760.0,3760.0,3760.0,3760.0,85300
2026-03-31 09:10:00,3760.0,3760.0,3760.0,3760.0,70000
2026-04-01 02:00:00,3810.0,3840.0,3800.0,3820.0,0
2026-04-01 02:05:00,3830.0,3830.0,3810.0,3810.0,2469800
2026-04-01 02:10:00,3820.0,3830.0,3810.0,3830.0,1847000
2026-04-01 02:15:00,3820.0,3830.0,3820.0,3820.0,2413500
2026-04-01 02:20:00,3810.0,3830.0,3800.0,3820.0,2182800
2026-04-01 02:25:00,3810.0,3810.0,3800.0,3800.0,1234900
2026-04-01 02:30:00,3820.0,3820.0,3810.0,3810.0,734000
2026-04-01 02:35:00,3810.0,3820.0,3810.0,3820.0,381900
2026-04-01 02:40:00,3790.0,3820.0,3790.0,3820.0,2094300
2026-04-01 02:45:00,3780.0,3800.0,3780.0,3800.0,2190500
2026-04-01 02:50:00,3780.0,3790.0,3780.0,3780.0,433500
2026-04-01 02:55:00,3790.0,3800.0,3780.0,3780.0,1400200
2026-04-01 03:00:00,3800.0,3800.0,3790.0,3800.0,86200
2026-04-01 03:05:00,3800.0,3800.0,3790.0,3800.0,291200
2026-04-01 03:10:00,3800.0,3800.0,3790.0,3800.0,275200
2026-04-01 03:15:00,3800.0,3800.0,3790.0,3800.0,381200
2026-04-01 03:20:00,3790.0,3800.0,3790.0,3800.0,319200
2026-04-01 03:25:00,3790.0,3800.0,3790.0,3800.0,262600
2026-04-01 03:30:00,3790.0,3800.0,3780.0,3800.0,1503200
2026-04-01 03:35:00,3800.0,3800.0,3780.0,3790.0,890200
2026-04-01 03:40:00,3800.0,3800.0,3790.0,3800.0,376100
2026-04-01 03:45:00,3780.0,3800.0,3770.0,3790.0,2808600
2026-04-01 03:50:00,3780.0,3780.0,3770.0,3780.0,324800
2026-04-01 03:55:00,3770.0,3780.0,3770.0,3780.0,607200
2026-04-01 04:00:00,3770.0,3780.0,3760.0,3770.0,3041100
2026-04-01 04:05:00,3780.0,3780.0,3760.0,3770.0,535200
2026-04-01 04:10:00,3760.0,3780.0,3760.0,3780.0,1147500
2026-04-01 04:15:00,3760.0,3770.0,3760.0,3770.0,211000
2026-04-01 04:20:00,3770.0,3770.0,3760.0,3760.0,654400
2026-04-01 04:25:00,3770.0,3770.0,3760.0,3770.0,419100
2026-04-01 04:30:00,3770.0,3770.0,3760.0,3770.0,228700
2026-04-01 04:35:00,3770.0,3770.0,3760.0,3770.0,214700
2026-04-01 04:40:00,3770.0,3770.0,3760.0,3770.0,239600
2026-04-01 04:45:00,3760.0,3770.0,3760.0,3770.0,467900
2026-04-01 04:50:00,3770.0,3770.0,3760.0,3770.0,345100
2026-04-01 04:55:00,3770.0,3770.0,3760.0,3770.0,783800
2026-04-01 06:30:00,3770.0,3770.0,3760.0,3770.0,1325600
2026-04-01 06:35:00,3760.0,3770.0,3760.0,3770.0,1663100
2026-04-01 06:40:00,3760.0,3770.0,3750.0,3770.0,1327300
2026-04-01 06:45:00,3750.0,3760.0,3750.0,3750.0,1469900
2026-04-01 06:50:00,3750.0,3760.0,3750.0,3750.0,593000
2026-04-01 06:55:00,3760.0,3760.0,3750.0,3760.0,846300
2026-04-01 07:00:00,3760.0,3760.0,3750.0,3760.0,382400
2026-04-01 07:05:00,3770.0,3770.0,3750.0,3760.0,588900
2026-04-01 07:10:00,3780.0,3780.0,3760.0,3770.0,2372900
2026-04-01 07:15:00,3780.0,3780.0,3770.0,3780.0,290100
2026-04-01 07:20:00,3760.0,3780.0,3760.0,3780.0,1354000
2026-04-01 07:25:00,3760.0,3770.0,3760.0,3760.0,134500
2026-04-01 07:30:00,3770.0,3770.0,3760.0,3760.0,578300
2026-04-01 07:35:00,3760.0,3770.0,3760.0,3760.0,682200
2026-04-01 07:40:00,3770.0,3770.0,3760.0,3770.0,354000
2026-04-01 07:45:00,3760.0,3770.0,3760.0,3760.0,375200
2026-04-01 07:50:00,3760.0,3770.0,3760.0,3760.0,423600
2026-04-01 07:55:00,3750.0,3770.0,3750.0,3770.0,2109900
2026-04-01 08:00:00,3750.0,3760.0,3750.0,3750.0,891800
2026-04-01 08:05:00,3750.0,3760.0,3750.0,3760.0,486900
2026-04-01 08:10:00,3750.0,3760.0,3750.0,3760.0,402700
2026-04-01 08:15:00,3760.0,3760.0,3750.0,3760.0,821900
2026-04-01 08:20:00,3750.0,3760.0,3750.0,3760.0,308400
2026-04-01 08:25:00,3750.0,3760.0,3740.0,3760.0,4007200
2026-04-01 08:30:00,3740.0,3750.0,3720.0,3740.0,6130700
2026-04-01 08:35:00,3740.0,3750.0,3730.0,3730.0,1227800
2026-04-01 08:40:00,3740.0,3750.0,3730.0,3740.0,2422100
2026-04-01 08:45:00,3740.0,3750.0,3740.0,3740.0,773600
2026-04-01 09:00:00,3720.0,3720.0,3720.0,3720.0,6581000
2026-04-01 09:05:00,3720.0,3720.0,3720.0,3720.0,20900
2026-04-01 09:10:00,3720.0,3720.0,3720.0,3720.0,35800
2026-04-02 02:00:00,3740.0,3750.0,3720.0,3730.0,0
2026-04-02 02:05:00,3730.0,3750.0,3730.0,3740.0,999700
2026-04-02 02:10:00,3710.0,3740.0,3710.0,3730.0,4557000
2026-04-02 02:15:00,3740.0,3740.0,3710.0,3720.0,3378600
2026-04-02 02:20:00,3730.0,3740.0,3720.0,3740.0,1176100
2026-04-02 02:25:00,3730.0,3730.0,3720.0,3730.0,263900
2026-04-02 02:30:00,3730.0,3730.0,3720.0,3730.0,388400
2026-04-02 02:35:00,3730.0,3730.0,3720.0,3730.0,353300
2026-04-02 02:40:00,3720.0,3730.0,3720.0,3730.0,212600
2026-04-02 02:45:00,3730.0,3730.0,3720.0,3720.0,260300
2026-04-02 02:50:00,3730.0,3730.0,3720.0,3730.0,256400
2026-04-02 02:55:00,3730.0,3730.0,3720.0,3730.0,278600
2026-04-02 03:00:00,3720.0,3730.0,3720.0,3730.0,609600
2026-04-02 03:05:00,3730.0,3730.0,3720.0,3730.0,293400
2026-04-02 03:10:00,3730.0,3730.0,3720.0,3730.0,374800
2026-04-02 03:15:00,3740.0,3740.0,3730.0,3730.0,925000
2026-04-02 03:20:00,3730.0,3740.0,3730.0,3740.0,495900
2026-04-02 03:25:00,3720.0,3740.0,3720.0,3740.0,614000
2026-04-02 03:30:00,3730.0,3730.0,3720.0,3730.0,200800
2026-04-02 03:35:00,3730.0,3730.0,3720.0,3730.0,329400
2026-04-02 03:40:00,3730.0,3730.0,3720.0,3730.0,109300
2026-04-02 03:45:00,3720.0,3730.0,3720.0,3730.0,158200
2026-04-02 03:50:00,3720.0,3730.0,3710.0,3730.0,2097200
2026-04-02 03:55:00,3710.0,3720.0,3700.0,3720.0,3016700
2026-04-02 04:00:00,3720.0,3720.0,3700.0,3710.0,1771500
2026-04-02 04:05:00,3710.0,3720.0,3700.0,3720.0,874000
2026-04-02 04:10:00,3720.0,3720.0,3700.0,3710.0,483400
2026-04-02 04:15:00,3710.0,3720.0,3710.0,3710.0,100800
2026-04-02 04:20:00,3710.0,3720.0,3710.0,3720.0,337600
2026-04-02 04:25:00,3710.0,3720.0,3710.0,3710.0,181500
2026-04-02 04:30:00,3710.0,3720.0,3710.0,3720.0,198700
2026-04-02 04:35:00,3720.0,3720.0,3710.0,3720.0,223000
2026-04-02 04:40:00,3710.0,3720.0,3710.0,3720.0,141300
2026-04-02 04:45:00,3710.0,3720.0,3710.0,3720.0,76800
2026-04-02 04:50:00,3710.0,3720.0,3710.0,3720.0,147800
2026-04-02 04:55:00,3710.0,3720.0,3710.0,3710.0,141700
2026-04-02 06:30:00,3710.0,3720.0,3710.0,3720.0,834100
2026-04-02 06:35:00,3710.0,3720.0,3710.0,3720.0,666200
2026-04-02 06:40:00,3720.0,3720.0,3710.0,3710.0,432200
2026-04-02 06:45:00,3710.0,3720.0,3710.0,3720.0,238800
2026-04-02 06:50:00,3720.0,3720.0,3710.0,3710.0,215300
2026-04-02 06:55:00,3720.0,3720.0,3710.0,3720.0,210400
2026-04-02 07:00:00,3710.0,3720.0,3710.0,3720.0,234700
2026-04-02 07:05:00,3710.0,3720.0,3700.0,3720.0,882800
2026-04-02 07:10:00,3710.0,3710.0,3700.0,3700.0,290500
2026-04-02 07:15:00,3710.0,3710.0,3700.0,3710.0,288800
2026-04-02 07:20:00,3710.0,3710.0,3700.0,3710.0,313200
2026-04-02 07:25:00,3710.0,3710.0,3700.0,3700.0,260500
2026-04-02 07:30:00,3700.0,3710.0,3700.0,3700.0,249500
2026-04-02 07:35:00,3710.0,3710.0,3700.0,3700.0,553100
2026-04-02 07:40:00,3710.0,3710.0,3700.0,3710.0,257600
2026-04-02 07:45:00,3710.0,3710.0,3700.0,3710.0,556600
2026-04-02 07:50:00,3710.0,3710.0,3700.0,3710.0,340400
2026-04-02 07:55:00,3710.0,3710.0,3700.0,3710.0,309500
2026-04-02 08:00:00,3710.0,3710.0,3700.0,3710.0,891900
2026-04-02 08:05:00,3700.0,3710.0,3700.0,3710.0,238900
2026-04-02 08:10:00,3700.0,3710.0,3700.0,3710.0,236900
2026-04-02 08:15:00,3710.0,3710.0,3700.0,3710.0,245100
2026-04-02 08:20:00,3710.0,3710.0,3700.0,3710.0,903300
2026-04-02 08:25:00,3710.0,3710.0,3700.0,3710.0,1343800
2026-04-02 08:30:00,3710.0,3710.0,3700.0,3710.0,3920900
2026-04-02 08:35:00,3700.0,3710.0,3690.0,3700.0,4012300
2026-04-02 08:40:00,3700.0,3700.0,3690.0,3700.0,1619800
2026-04-02 08:45:00,3700.0,3700.0,3690.0,3700.0,759400
2026-04-02 09:00:00,3700.0,3700.0,3700.0,3700.0,2782700
2026-04-02 09:05:00,3700.0,3700.0,3700.0,3700.0,247500
2026-04-02 09:10:00,3700.0,3700.0,3700.0,3700.0,225600
2026-04-06 02:00:00,3710.0,3720.0,3700.0,3710.0,0
2026-04-06 02:05:00,3700.0,3710.0,3690.0,3700.0,990300
2026-04-06 02:10:00,3690.0,3700.0,3690.0,3690.0,762900
2026-04-06 02:15:00,3690.0,3700.0,3680.0,3700.0,1405400
2026-04-06 02:20:00,3700.0,3700.0,3680.0,3680.0,431000
2026-04-06 02:25:00,3700.0,3700.0,3690.0,3700.0,498000
2026-04-06 02:30:00,3700.0,3700.0,3690.0,3690.0,364600
2026-04-06 02:35:00,3690.0,3700.0,3690.0,3690.0,280600
2026-04-06 02:40:00,3710.0,3710.0,3690.0,3700.0,1063300
2026-04-06 02:45:00,3700.0,3710.0,3690.0,3700.0,803600
2026-04-06 02:50:00,3700.0,3700.0,3690.0,3700.0,328000
2026-04-06 02:55:00,3680.0,3700.0,3680.0,3690.0,2338200
2026-04-06 03:00:00,3680.0,3690.0,3680.0,3680.0,498500
2026-04-06 03:05:00,3690.0,3690.0,3680.0,3680.0,739900
2026-04-06 03:10:00,3670.0,3690.0,3670.0,3690.0,1191700
2026-04-06 03:15:00,3680.0,3680.0,3670.0,3670.0,234000
2026-04-06 03:20:00,3680.0,3680.0,3670.0,3680.0,705800
2026-04-06 03:25:00,3670.0,3680.0,3670.0,3680.0,357800
2026-04-06 03:30:00,3670.0,3680.0,3670.0,3670.0,365600
2026-04-06 03:35:00,3680.0,3680.0,3670.0,3680.0,255300
2026-04-06 03:40:00,3670.0,3680.0,3660.0,3680.0,1555600
2026-04-06 03:45:00,3660.0,3670.0,3660.0,3670.0,1255900
2026-04-06 03:50:00,3660.0,3670.0,3660.0,3660.0,254000
2026-04-06 03:55:00,3660.0,3670.0,3650.0,3660.0,1999700
2026-04-06 04:00:00,3660.0,3670.0,3650.0,3660.0,674900
2026-04-06 04:05:00,3670.0,3670.0,3660.0,3670.0,201300
2026-04-06 04:10:00,3660.0,3670.0,3650.0,3660.0,419200
2026-04-06 04:15:00,3660.0,3670.0,3660.0,3660.0,92500
2026-04-06 04:20:00,3660.0,3670.0,3660.0,3660.0,378700
2026-04-06 04:25:00,3660.0,3660.0,3650.0,3660.0,184600
2026-04-06 04:30:00,3660.0,3660.0,3650.0,3660.0,189000
2026-04-06 04:35:00,3650.0,3660.0,3650.0,3660.0,1107100
2026-04-06 04:40:00,3660.0,3660.0,3650.0,3660.0,703200
2026-04-06 04:45:00,3640.0,3660.0,3640.0,3650.0,492100
2026-04-06 04:50:00,3650.0,3650.0,3640.0,3650.0,232100
2026-04-06 04:55:00,3640.0,3660.0,3640.0,3650.0,726500
2026-04-06 06:30:00,3640.0,3660.0,3640.0,3650.0,572300
2026-04-06 06:35:00,3650.0,3650.0,3640.0,3650.0,411900
2026-04-06 06:40:00,3650.0,3650.0,3640.0,3640.0,284400
2026-04-06 06:45:00,3650.0,3650.0,3640.0,3640.0,281900
2026-04-06 06:50:00,3640.0,3650.0,3640.0,3650.0,265000
2026-04-06 06:55:00,3640.0,3650.0,3630.0,3650.0,2883800
2026-04-06 07:00:00,3640.0,3650.0,3640.0,3640.0,376300
2026-04-06 07:05:00,3640.0,3650.0,3640.0,3640.0,283900
2026-04-06 07:10:00,3640.0,3650.0,3630.0,3650.0,570700
2026-04-06 07:15:00,3640.0,3640.0,3630.0,3640.0,332600
2026-04-06 07:20:00,3640.0,3640.0,3630.0,3630.0,496000
2026-04-06 07:25:00,3640.0,3640.0,3630.0,3630.0,437500
2026-04-06 07:30:00,3650.0,3650.0,3630.0,3640.0,720700
2026-04-06 07:35:00,3640.0,3650.0,3640.0,3650.0,551000
2026-04-06 07:40:00,3640.0,3650.0,3640.0,3650.0,121700
2026-04-06 07:45:00,3640.0,3650.0,3640.0,3650.0,337500
2026-04-06 07:50:00,3640.0,3650.0,3640.0,3640.0,436900
2026-04-06 07:55:00,3640.0,3650.0,3640.0,3640.0,438200
2026-04-06 08:00:00,3640.0,3650.0,3630.0,3650.0,457600
2026-04-06 08:05:00,3630.0,3640.0,3630.0,3630.0,299100
2026-04-06 08:10:00,3640.0,3640.0,3630.0,3630.0,482500
2026-04-06 08:15:00,3630.0,3640.0,3630.0,3640.0,460000
2026-04-06 08:20:00,3630.0,3640.0,3630.0,3630.0,1484800
2026-04-06 08:25:00,3630.0,3640.0,3630.0,3630.0,423100
2026-04-06 08:30:00,3640.0,3640.0,3630.0,3640.0,1604600
2026-04-06 08:35:00,3640.0,3650.0,3630.0,3640.0,557900
2026-04-06 08:40:00,3630.0,3640.0,3630.0,3640.0,524800
2026-04-06 08:45:00,3640.0,3640.0,3630.0,3630.0,696700
2026-04-06 09:00:00,3640.0,3640.0,3640.0,3640.0,1882500
2026-04-06 09:05:00,3640.0,3640.0,3640.0,3640.0,168200
2026-04-06 09:10:00,3640.0,3640.0,3640.0,3640.0,26000
2026-04-07 02:00:00,3630.0,3660.0,3620.0,3650.0,0
2026-04-07 02:05:00,3620.0,3630.0,3610.0,3630.0,1116000
2026-04-07 02:10:00,3630.0,3630.0,3610.0,3620.0,1174000
2026-04-07 02:15:00,3610.0,3630.0,3610.0,3620.0,824800
2026-04-07 02:20:00,3610.0,3630.0,3610.0,3620.0,852300
2026-04-07 02:25:00,3610.0,3620.0,3610.0,3610.0,892400
2026-04-07 02:30:00,3600.0,3620.0,3590.0,3620.0,4598700
2026-04-07 02:35:00,3580.0,3600.0,3580.0,3600.0,1441300
2026-04-07 02:40:00,3600.0,3600.0,3580.0,3590.0,1961400
2026-04-07 02:45:00,3590.0,3600.0,3590.0,3590.0,859500
2026-04-07 02:50:00,3570.0,3600.0,3570.0,3590.0,2692400
2026-04-07 02:55:00,3570.0,3580.0,3570.0,3580.0,1153100
2026-04-07 03:00:00,3560.0,3580.0,3560.0,3570.0,1147800
2026-04-07 03:05:00,3580.0,3580.0,3560.0,3570.0,1593300
2026-04-07 03:10:00,3570.0,3580.0,3560.0,3580.0,1216800
2026-04-07 03:15:00,3570.0,3580.0,3560.0,3570.0,1546700
2026-04-07 03:20:00,3580.0,3590.0,3570.0,3570.0,1001300
2026-04-07 03:25:00,3590.0,3600.0,3580.0,3590.0,2509800
2026-04-07 03:30:00,3580.0,3590.0,3580.0,3590.0,927300
2026-04-07 03:35:00,3580.0,3590.0,3580.0,3580.0,457500
2026-04-07 03:40:00,3580.0,3590.0,3570.0,3580.0,355600
2026-04-07 03:45:00,3570.0,3580.0,3570.0,3570.0,443500
2026-04-07 03:50:00,3570.0,3580.0,3570.0,3580.0,379200
2026-04-07 03:55:00,3580.0,3580.0,3570.0,3580.0,439800
2026-04-07 04:00:00,3580.0,3580.0,3570.0,3570.0,698100
2026-04-07 04:05:00,3570.0,3580.0,3570.0,3570.0,700300
2026-04-07 04:10:00,3580.0,3580.0,3570.0,3580.0,273800
2026-04-07 04:15:00,3560.0,3580.0,3560.0,3580.0,1331300
2026-04-07 04:20:00,3570.0,3570.0,3560.0,3560.0,229600
2026-04-07 04:25:00,3570.0,3570.0,3560.0,3560.0,301200
2026-04-07 04:30:00,3560.0,3570.0,3560.0,3570.0,567800
2026-04-07 04:35:00,3570.0,3570.0,3560.0,3570.0,384300
2026-04-07 04:40:00,3570.0,3570.0,3560.0,3560.0,653900
2026-04-07 04:45:00,3550.0,3570.0,3550.0,3560.0,3316900
2026-04-07 04:50:00,3560.0,3570.0,3550.0,3560.0,1551100
2026-04-07 04:55:00,3560.0,3570.0,3550.0,3560.0,1251600
2026-04-07 06:30:00,3550.0,3560.0,3550.0,3550.0,1709600
2026-04-07 06:35:00,3550.0,3560.0,3540.0,3560.0,4911000
2026-04-07 06:40:00,3560.0,3560.0,3540.0,3540.0,2376200
2026-04-07 06:45:00,3560.0,3570.0,3550.0,3560.0,1943300
2026-04-07 06:50:00,3550.0,3560.0,3550.0,3560.0,470900
2026-04-07 06:55:00,3550.0,3560.0,3550.0,3550.0,125300
2026-04-07 07:00:00,3560.0,3560.0,3550.0,3550.0,199400
2026-04-07 07:05:00,3540.0,3560.0,3540.0,3550.0,1188800
2026-04-07 07:10:00,3550.0,3550.0,3540.0,3550.0,369000
2026-04-07 07:15:00,3540.0,3550.0,3540.0,3550.0,692600
2026-04-07 07:20:00,3550.0,3550.0,3540.0,3550.0,621700
2026-04-07 07:25:00,3540.0,3550.0,3540.0,3540.0,328400
2026-04-07 07:30:00,3530.0,3550.0,3520.0,3550.0,2729100
2026-04-07 07:35:00,3530.0,3550.0,3520.0,3520.0,2201000
2026-04-07 07:40:00,3540.0,3550.0,3530.0,3540.0,1131200
2026-04-07 07:45:00,3530.0,3540.0,3520.0,3540.0,1325000
2026-04-07 07:50:00,3530.0,3540.0,3530.0,3540.0,779900
2026-04-07 07:55:00,3520.0,3540.0,3520.0,3530.0,722200
2026-04-07 08:00:00,3530.0,3530.0,3510.0,3530.0,3528200
2026-04-07 08:05:00,3530.0,3530.0,3520.0,3530.0,573400
2026-04-07 08:10:00,3520.0,3530.0,3510.0,3530.0,1777500
2026-04-07 08:15:00,3530.0,3530.0,3510.0,3520.0,1723200
2026-04-07 08:20:00,3520.0,3540.0,3520.0,3520.0,2316200
2026-04-07 08:25:00,3510.0,3540.0,3510.0,3520.0,2626800
2026-04-07 08:30:00,3520.0,3520.0,3510.0,3520.0,1709600
2026-04-07 08:35:00,3520.0,3520.0,3510.0,3510.0,1132300
2026-04-07 08:40:00,3510.0,3520.0,3510.0,3520.0,3647700
2026-04-07 08:45:00,3530.0,3530.0,3510.0,3510.0,5008600
2026-04-07 09:00:00,3510.0,3510.0,3510.0,3510.0,8668300
2026-04-07 09:05:00,3510.0,3510.0,3510.0,3510.0,2514700
2026-04-07 09:10:00,3510.0,3510.0,3510.0,3510.0,27200
2026-04-08 02:00:00,3700.0,3700.0,3630.0,3650.0,0
2026-04-08 02:05:00,3680.0,3710.0,3670.0,3700.0,6144400
2026-04-08 02:10:00,3710.0,3730.0,3670.0,3680.0,6910900
2026-04-08 02:15:00,3710.0,3720.0,3700.0,3710.0,1597800
2026-04-08 02:20:00,3710.0,3720.0,3700.0,3710.0,2992100
2026-04-08 02:25:00,3710.0,3720.0,3700.0,3710.0,1100000
2026-04-08 02:30:00,3680.0,3710.0,3680.0,3700.0,1558800
2026-04-08 02:35:00,3690.0,3700.0,3680.0,3690.0,666200
2026-04-08 02:40:00,3690.0,3700.0,3680.0,3690.0,2636300
2026-04-08 02:45:00,3700.0,3700.0,3690.0,3700.0,496500
2026-04-08 02:50:00,3710.0,3710.0,3690.0,3700.0,2103500
2026-04-08 02:55:00,3720.0,3740.0,3700.0,3710.0,5343600
2026-04-08 03:00:00,3730.0,3730.0,3720.0,3730.0,1161600
2026-04-08 03:05:00,3720.0,3730.0,3710.0,3730.0,1237400
2026-04-08 03:10:00,3720.0,3720.0,3710.0,3710.0,485000
2026-04-08 03:15:00,3710.0,3720.0,3710.0,3720.0,306700
2026-04-08 03:20:00,3720.0,3720.0,3710.0,3720.0,527700
2026-04-08 03:25:00,3730.0,3740.0,3710.0,3720.0,2847800
2026-04-08 03:30:00,3730.0,3740.0,3720.0,3720.0,1004500
2026-04-08 03:35:00,3730.0,3730.0,3720.0,3730.0,175900
2026-04-08 03:40:00,3720.0,3730.0,3710.0,3730.0,573600
2026-04-08 03:45:00,3720.0,3720.0,3710.0,3720.0,248800
2026-04-08 03:50:00,3720.0,3720.0,3710.0,3720.0,354900
2026-04-08 03:55:00,3720.0,3730.0,3710.0,3720.0,1050100
2026-04-08 04:00:00,3720.0,3730.0,3710.0,3720.0,855500
2026-04-08 04:05:00,3720.0,3720.0,3710.0,3720.0,163700
2026-04-08 04:10:00,3730.0,3730.0,3710.0,3710.0,980200
2026-04-08 04:15:00,3730.0,3730.0,3720.0,3730.0,210400
2026-04-08 04:20:00,3720.0,3730.0,3720.0,3730.0,443600
2026-04-08 04:25:00,3740.0,3740.0,3720.0,3730.0,1755300
2026-04-08 04:30:00,3730.0,3740.0,3720.0,3730.0,1205700
2026-04-08 04:35:00,3730.0,3740.0,3720.0,3730.0,945500
2026-04-08 04:40:00,3730.0,3730.0,3720.0,3730.0,221400
2026-04-08 04:45:00,3730.0,3730.0,3720.0,3730.0,475800
2026-04-08 04:50:00,3730.0,3740.0,3720.0,3730.0,1878500
2026-04-08 04:55:00,3730.0,3740.0,3720.0,3730.0,627100
2026-04-08 06:30:00,3720.0,3730.0,3720.0,3730.0,751200
2026-04-08 06:35:00,3730.0,3740.0,3720.0,3720.0,1801400
2026-04-08 06:40:00,3740.0,3740.0,3720.0,3730.0,1490000
2026-04-08 06:45:00,3740.0,3740.0,3730.0,3740.0,695200
2026-04-08 06:50:00,3740.0,3740.0,3730.0,3730.0,1228600
2026-04-08 06:55:00,3740.0,3740.0,3730.0,3740.0,783800
2026-04-08 07:00:00,3730.0,3740.0,3730.0,3730.0,396600
2026-04-08 07:05:00,3740.0,3740.0,3730.0,3730.0,207600
2026-04-08 07:10:00,3740.0,3740.0,3730.0,3730.0,496800
2026-04-08 07:15:00,3740.0,3740.0,3730.0,3730.0,109100
2026-04-08 07:20:00,3750.0,3750.0,3740.0,3740.0,2490100
2026-04-08 07:25:00,3750.0,3750.0,3740.0,3750.0,537900
2026-04-08 07:30:00,3750.0,3750.0,3740.0,3740.0,105400
2026-04-08 07:35:00,3750.0,3750.0,3740.0,3740.0,320800
2026-04-08 07:40:00,3750.0,3750.0,3740.0,3750.0,109900
2026-04-08 07:45:00,3740.0,3750.0,3740.0,3740.0,3026100
2026-04-08 07:50:00,3750.0,3750.0,3730.0,3740.0,963900
2026-04-08 07:55:00,3750.0,3750.0,3740.0,3750.0,155700
2026-04-08 08:00:00,3740.0,3750.0,3730.0,3740.0,1693700
2026-04-08 08:05:00,3740.0,3740.0,3730.0,3740.0,354200
2026-04-08 08:10:00,3740.0,3740.0,3730.0,3730.0,579500
2026-04-08 08:15:00,3740.0,3750.0,3730.0,3740.0,735100
2026-04-08 08:20:00,3770.0,3770.0,3740.0,3750.0,4066700
2026-04-08 08:25:00,3800.0,3800.0,3760.0,3770.0,4906400
2026-04-08 08:30:00,3790.0,3800.0,3780.0,3800.0,346800
2026-04-08 08:35:00,3780.0,3800.0,3780.0,3780.0,2142600
2026-04-08 08:40:00,3780.0,3790.0,3780.0,3780.0,530700
2026-04-08 08:45:00,3780.0,3800.0,3770.0,3790.0,2224100
2026-04-08 09:00:00,3780.0,3780.0,3780.0,3780.0,4411500
2026-04-08 09:05:00,3780.0,3780.0,3780.0,3780.0,53900
2026-04-08 09:10:00,3780.0,3780.0,3780.0,3780.0,129300
2026-04-09 02:00:00,3710.0,3770.0,3710.0,3760.0,0
2026-04-09 02:05:00,3700.0,3720.0,3690.0,3710.0,3827900
2026-04-09 02:10:00,3700.0,3710.0,3700.0,3700.0,348600
2026-04-09 02:15:00,3710.0,3720.0,3700.0,3710.0,841100
2026-04-09 02:20:00,3700.0,3720.0,3700.0,3710.0,906200
2026-04-09 02:25:00,3690.0,3710.0,3690.0,3710.0,1284000
2026-04-09 02:30:00,3710.0,3710.0,3690.0,3700.0,802400
2026-04-09 02:35:00,3720.0,3720.0,3700.0,3710.0,702300
2026-04-09 02:40:00,3720.0,3720.0,3710.0,3710.0,818200
2026-04-09 02:45:00,3700.0,3720.0,3690.0,3720.0,2075900
2026-04-09 02:50:00,3710.0,3710.0,3700.0,3700.0,652100
2026-04-09 02:55:00,3710.0,3710.0,3700.0,3710.0,172100
2026-04-09 03:00:00,3710.0,3710.0,3700.0,3700.0,273400
2026-04-09 03:05:00,3710.0,3710.0,3700.0,3710.0,211300
2026-04-09 03:10:00,3710.0,3710.0,3700.0,3700.0,236400
2026-04-09 03:15:00,3700.0,3710.0,3700.0,3710.0,272300
2026-04-09 03:20:00,3700.0,3710.0,3690.0,3710.0,1798600
2026-04-09 03:25:00,3700.0,3700.0,3690.0,3700.0,488400
2026-04-09 03:30:00,3700.0,3700.0,3690.0,3700.0,827000
2026-04-09 03:35:00,3700.0,3700.0,3690.0,3700.0,385600
2026-04-09 03:40:00,3700.0,3710.0,3690.0,3700.0,911000
2026-04-09 03:45:00,3690.0,3700.0,3690.0,3700.0,177800
2026-04-09 03:50:00,3700.0,3700.0,3690.0,3700.0,1086100
2026-04-09 03:55:00,3710.0,3710.0,3690.0,3700.0,940400
2026-04-09 04:00:00,3710.0,3710.0,3700.0,3710.0,283000
2026-04-09 04:05:00,3700.0,3710.0,3700.0,3710.0,299200
2026-04-09 04:10:00,3710.0,3710.0,3700.0,3710.0,171500
2026-04-09 04:15:00,3710.0,3710.0,3700.0,3710.0,122400
2026-04-09 04:20:00,3710.0,3710.0,3700.0,3710.0,398000
2026-04-09 04:25:00,3710.0,3710.0,3700.0,3710.0,118400
2026-04-09 04:30:00,3700.0,3710.0,3700.0,3710.0,425500
2026-04-09 04:35:00,3710.0,3710.0,3700.0,3710.0,386800
2026-04-09 04:40:00,3710.0,3710.0,3700.0,3700.0,197900
2026-04-09 04:45:00,3710.0,3710.0,3700.0,3700.0,183900
2026-04-09 04:50:00,3700.0,3710.0,3700.0,3700.0,594900
2026-04-09 04:55:00,3710.0,3710.0,3700.0,3700.0,304100
2026-04-09 06:30:00,3700.0,3710.0,3700.0,3700.0,630200
2026-04-09 06:35:00,3700.0,3710.0,3700.0,3700.0,198800
2026-04-09 06:40:00,3710.0,3710.0,3700.0,3700.0,461600
2026-04-09 06:45:00,3710.0,3710.0,3700.0,3710.0,246300
2026-04-09 06:50:00,3700.0,3710.0,3690.0,3710.0,1196900
2026-04-09 06:55:00,3700.0,3700.0,3690.0,3700.0,219400
2026-04-09 07:00:00,3700.0,3700.0,3690.0,3700.0,558900
2026-04-09 07:05:00,3700.0,3710.0,3690.0,3700.0,984100
2026-04-09 07:10:00,3710.0,3710.0,3700.0,3700.0,303700
2026-04-09 07:15:00,3700.0,3710.0,3690.0,3710.0,965500
2026-04-09 07:20:00,3690.0,3700.0,3690.0,3690.0,256100
2026-04-09 07:25:00,3680.0,3700.0,3680.0,3690.0,1882500
2026-04-09 07:30:00,3680.0,3690.0,3680.0,3680.0,347600
2026-04-09 07:35:00,3690.0,3690.0,3680.0,3680.0,312200
2026-04-09 07:40:00,3690.0,3690.0,3680.0,3680.0,553300
2026-04-09 07:45:00,3690.0,3690.0,3680.0,3690.0,468800
2026-04-09 07:50:00,3690.0,3690.0,3680.0,3690.0,374400
2026-04-09 07:55:00,3690.0,3700.0,3680.0,3680.0,1202000
2026-04-09 08:00:00,3680.0,3700.0,3680.0,3700.0,2725100
2026-04-09 08:05:00,3690.0,3690.0,3680.0,3690.0,407700
2026-04-09 08:10:00,3690.0,3690.0,3680.0,3690.0,276900
2026-04-09 08:15:00,3690.0,3690.0,3680.0,3690.0,590400
2026-04-09 08:20:00,3690.0,3700.0,3680.0,3690.0,485600
2026-04-09 08:25:00,3700.0,3700.0,3690.0,3700.0,392900
2026-04-09 08:30:00,3700.0,3710.0,3690.0,3700.0,1510800
2026-04-09 08:35:00,3710.0,3710.0,3690.0,3700.0,486800
2026-04-09 08:40:00,3700.0,3710.0,3690.0,3710.0,1614400
2026-04-09 08:45:00,3690.0,3700.0,3690.0,3700.0,767500
2026-04-09 09:00:00,3710.0,3710.0,3710.0,3710.0,4792800
2026-04-09 09:05:00,3710.0,3710.0,3710.0,3710.0,318400
2026-04-09 09:10:00,3710.0,3710.0,3710.0,3710.0,11500
2026-04-10 02:00:00,3710.0,3730.0,3700.0,3730.0,0
2026-04-10 02:05:00,3710.0,3730.0,3710.0,3710.0,1015400
2026-04-10 02:10:00,3730.0,3740.0,3720.0,3720.0,1334400
2026-04-10 02:15:00,3740.0,3740.0,3730.0,3740.0,625900
2026-04-10 02:20:00,3740.0,3750.0,3720.0,3740.0,1841900
2026-04-10 02:25:00,3740.0,3740.0,3730.0,3740.0,348900
2026-04-10 02:30:00,3740.0,3740.0,3730.0,3740.0,414400
2026-04-10 02:35:00,3750.0,3750.0,3730.0,3730.0,838700
2026-04-10 02:40:00,3750.0,3760.0,3740.0,3750.0,1670800
2026-04-10 02:45:00,3750.0,3760.0,3740.0,3750.0,632500
2026-04-10 02:50:00,3750.0,3750.0,3740.0,3750.0,648700
2026-04-10 02:55:00,3750.0,3760.0,3740.0,3750.0,489000
2026-04-10 03:00:00,3760.0,3770.0,3750.0,3760.0,1468400
2026-04-10 03:05:00,3760.0,3760.0,3750.0,3750.0,67500
2026-04-10 03:10:00,3750.0,3760.0,3750.0,3760.0,201300
2026-04-10 03:15:00,3770.0,3780.0,3750.0,3760.0,1612200
2026-04-10 03:20:00,3780.0,3780.0,3770.0,3780.0,836700
2026-04-10 03:25:00,3780.0,3800.0,3770.0,3780.0,2040400
2026-04-10 03:30:00,3780.0,3790.0,3780.0,3780.0,251400
2026-04-10 03:35:00,3780.0,3790.0,3780.0,3790.0,194100
2026-04-10 03:40:00,3780.0,3790.0,3780.0,3780.0,159300
2026-04-10 03:45:00,3790.0,3790.0,3780.0,3780.0,888500
2026-04-10 03:50:00,3820.0,3820.0,3780.0,3790.0,2551800
2026-04-10 03:55:00,3800.0,3820.0,3800.0,3820.0,1869100
2026-04-10 04:00:00,3800.0,3810.0,3790.0,3810.0,707100
2026-04-10 04:05:00,3790.0,3800.0,3790.0,3790.0,135600
2026-04-10 04:10:00,3800.0,3800.0,3790.0,3800.0,380300
2026-04-10 04:15:00,3790.0,3800.0,3790.0,3800.0,442500
2026-04-10 04:20:00,3800.0,3810.0,3790.0,3800.0,970300
2026-04-10 04:25:00,3790.0,3810.0,3790.0,3800.0,930600
2026-04-10 04:30:00,3790.0,3790.0,3790.0,3790.0,0
2026-04-10 07:00:00,3780.0,3810.0,3780.0,3790.0,1932400
2026-04-10 07:05:00,3790.0,3790.0,3780.0,3790.0,829500
2026-04-10 07:10:00,3780.0,3790.0,3780.0,3780.0,435300
2026-04-10 07:15:00,3770.0,3790.0,3770.0,3790.0,745000
2026-04-10 07:20:00,3770.0,3780.0,3760.0,3780.0,1355100
2026-04-10 07:25:00,3760.0,3770.0,3760.0,3760.0,576500
2026-04-10 07:30:00,3780.0,3780.0,3760.0,3770.0,889200
2026-04-10 07:35:00,3780.0,3780.0,3770.0,3780.0,888800
2026-04-10 07:40:00,3780.0,3780.0,3770.0,3780.0,877400
2026-04-10 07:45:00,3780.0,3780.0,3770.0,3780.0,923500
2026-04-10 07:50:00,3770.0,3780.0,3770.0,3780.0,1246000
2026-04-10 07:55:00,3770.0,3780.0,3770.0,3780.0,1006800
2026-04-10 08:00:00,3770.0,3780.0,3760.0,3780.0,380300
2026-04-10 08:05:00,3740.0,3770.0,3740.0,3770.0,2792900
2026-04-10 08:10:00,3730.0,3750.0,3730.0,3750.0,2068900
2026-04-10 08:15:00,3740.0,3750.0,3730.0,3730.0,621800
2026-04-10 08:20:00,3740.0,3740.0,3730.0,3740.0,227600
2026-04-10 08:25:00,3740.0,3750.0,3730.0,3740.0,1662900
2026-04-10 08:30:00,3730.0,3740.0,3730.0,3740.0,1188100
2026-04-10 08:35:00,3730.0,3740.0,3720.0,3730.0,1841800
2026-04-10 08:40:00,3730.0,3730.0,3710.0,3730.0,3330000
2026-04-10 08:45:00,3750.0,3750.0,3720.0,3730.0,928600
2026-04-10 09:00:00,3730.0,3730.0,3730.0,3730.0,4433600
2026-04-10 09:05:00,3730.0,3730.0,3730.0,3730.0,0
2026-04-10 09:10:00,3730.0,3730.0,3730.0,3730.0,40500
2026-04-13 02:00:00,3680.0,3710.0,3660.0,3700.0,0
2026-04-13 02:05:00,3680.0,3690.0,3660.0,3680.0,2309000
2026-04-13 02:10:00,3680.0,3690.0,3660.0,3680.0,1276300
2026-04-13 02:15:00,3680.0,3690.0,3670.0,3680.0,1050600
2026-04-13 02:20:00,3680.0,3690.0,3670.0,3680.0,710900
2026-04-13 02:25:00,3680.0,3690.0,3670.0,3690.0,1393000
2026-04-13 02:30:00,3660.0,3680.0,3660.0,3670.0,1523900
2026-04-13 02:35:00,3670.0,3670.0,3660.0,3670.0,663500
2026-04-13 02:40:00,3660.0,3670.0,3660.0,3660.0,322900
2026-04-13 02:45:00,3670.0,3670.0,3660.0,3660.0,376800
2026-04-13 02:50:00,3670.0,3670.0,3660.0,3670.0,803200
2026-04-13 02:55:00,3670.0,3680.0,3670.0,3670.0,307100
2026-04-13 03:00:00,3690.0,3690.0,3670.0,3680.0,1291800
2026-04-13 03:05:00,3690.0,3690.0,3680.0,3690.0,249400
2026-04-13 03:10:00,3700.0,3700.0,3680.0,3690.0,1290100
2026-04-13 03:15:00,3690.0,3700.0,3690.0,3700.0,717500
2026-04-13 03:20:00,3690.0,3700.0,3680.0,3700.0,1469700
2026-04-13 03:25:00,3680.0,3690.0,3680.0,3680.0,98800
2026-04-13 03:30:00,3690.0,3690.0,3680.0,3690.0,209800
2026-04-13 03:35:00,3680.0,3690.0,3680.0,3690.0,259500
2026-04-13 03:40:00,3690.0,3690.0,3680.0,3680.0,317300
2026-04-13 03:45:00,3700.0,3700.0,3680.0,3680.0,858200
2026-04-13 03:50:00,3700.0,3700.0,3690.0,3700.0,54800
2026-04-13 03:55:00,3690.0,3700.0,3680.0,3700.0,383400
2026-04-13 04:00:00,3690.0,3700.0,3680.0,3690.0,204100
2026-04-13 04:05:00,3700.0,3700.0,3690.0,3690.0,92400
2026-04-13 04:10:00,3700.0,3700.0,3690.0,3690.0,193000
2026-04-13 04:15:00,3700.0,3700.0,3690.0,3700.0,203700
2026-04-13 04:20:00,3690.0,3700.0,3690.0,3690.0,63300
2026-04-13 04:25:00,3700.0,3700.0,3690.0,3690.0,153500
2026-04-13 04:30:00,3690.0,3700.0,3690.0,3690.0,222100
2026-04-13 04:35:00,3690.0,3700.0,3690.0,3690.0,121300
2026-04-13 04:40:00,3690.0,3700.0,3680.0,3690.0,372100
2026-04-13 04:45:00,3690.0,3690.0,3680.0,3680.0,203700
2026-04-13 04:50:00,3690.0,3690.0,3680.0,3690.0,220000
2026-04-13 04:55:00,3690.0,3700.0,3680.0,3690.0,312700
2026-04-13 06:30:00,3690.0,3700.0,3690.0,3700.0,236000
2026-04-13 06:35:00,3700.0,3700.0,3690.0,3690.0,102400
2026-04-13 06:40:00,3700.0,3700.0,3690.0,3700.0,220000
2026-04-13 06:45:00,3690.0,3700.0,3690.0,3690.0,114900
2026-04-13 06:50:00,3690.0,3700.0,3690.0,3700.0,127700
2026-04-13 06:55:00,3700.0,3700.0,3690.0,3700.0,238200
2026-04-13 07:00:00,3690.0,3700.0,3690.0,3690.0,194900
2026-04-13 07:05:00,3690.0,3700.0,3690.0,3700.0,146100
2026-04-13 07:10:00,3700.0,3700.0,3690.0,3690.0,368300
2026-04-13 07:15:00,3690.0,3700.0,3690.0,3700.0,176900
2026-04-13 07:20:00,3700.0,3700.0,3690.0,3700.0,151000
2026-04-13 07:25:00,3700.0,3700.0,3690.0,3690.0,261600
2026-04-13 07:30:00,3690.0,3700.0,3690.0,3700.0,159600
2026-04-13 07:35:00,3700.0,3700.0,3690.0,3700.0,351500
2026-04-13 07:40:00,3690.0,3700.0,3690.0,3700.0,254200
2026-04-13 07:45:00,3690.0,3700.0,3690.0,3700.0,189400
2026-04-13 07:50:00,3690.0,3700.0,3690.0,3690.0,262400
2026-04-13 07:55:00,3700.0,3700.0,3690.0,3700.0,407700
2026-04-13 08:00:00,3700.0,3700.0,3690.0,3690.0,363900
2026-04-13 08:05:00,3690.0,3700.0,3690.0,3690.0,205200
2026-04-13 08:10:00,3700.0,3700.0,3690.0,3700.0,164900
2026-04-13 08:15:00,3690.0,3700.0,3690.0,3690.0,274000
2026-04-13 08:20:00,3690.0,3700.0,3680.0,3700.0,1346100
2026-04-13 08:25:00,3680.0,3690.0,3680.0,3680.0,836500
2026-04-13 08:30:00,3680.0,3690.0,3680.0,3690.0,190100
2026-04-13 08:35:00,3690.0,3690.0,3680.0,3680.0,689400
2026-04-13 08:40:00,3690.0,3690.0,3680.0,3690.0,958200
2026-04-13 08:45:00,3680.0,3690.0,3680.0,3690.0,972400
2026-04-13 09:00:00,3680.0,3680.0,3680.0,3680.0,2169300
2026-04-13 09:05:00,3680.0,3680.0,3680.0,3680.0,12000
2026-04-13 09:10:00,3680.0,3680.0,3680.0,3680.0,7900
2026-04-14 02:00:00,3750.0,3760.0,3730.0,3730.0,0
2026-04-14 02:05:00,3730.0,3750.0,3730.0,3750.0,1114200
2026-04-14 02:10:00,3740.0,3740.0,3730.0,3730.0,360400
2026-04-14 02:15:00,3730.0,3750.0,3730.0,3730.0,1056900
2026-04-14 02:20:00,3750.0,3750.0,3730.0,3730.0,607300
2026-04-14 02:25:00,3740.0,3750.0,3730.0,3740.0,2656200
2026-04-14 02:30:00,3750.0,3750.0,3740.0,3750.0,241700
2026-04-14 02:35:00,3740.0,3750.0,3730.0,3740.0,666600
2026-04-14 02:40:00,3730.0,3740.0,3730.0,3730.0,2382900
2026-04-14 02:45:00,3740.0,3740.0,3730.0,3730.0,355200
2026-04-14 02:50:00,3730.0,3740.0,3730.0,3740.0,269800
2026-04-14 02:55:00,3730.0,3740.0,3730.0,3730.0,109400
2026-04-14 03:00:00,3750.0,3750.0,3730.0,3730.0,537500
2026-04-14 03:05:00,3750.0,3750.0,3740.0,3740.0,202100
2026-04-14 03:10:00,3740.0,3750.0,3740.0,3750.0,110900
2026-04-14 03:15:00,3750.0,3750.0,3740.0,3740.0,122700
2026-04-14 03:20:00,3750.0,3760.0,3740.0,3750.0,2074400
2026-04-14 03:25:00,3770.0,3780.0,3750.0,3760.0,2768100
2026-04-14 03:30:00,3770.0,3770.0,3760.0,3770.0,455400
2026-04-14 03:35:00,3770.0,3770.0,3760.0,3760.0,408400
2026-04-14 03:40:00,3770.0,3780.0,3760.0,3770.0,738800
2026-04-14 03:45:00,3770.0,3780.0,3760.0,3770.0,221500
2026-04-14 03:50:00,3770.0,3780.0,3760.0,3780.0,447300
2026-04-14 03:55:00,3760.0,3770.0,3760.0,3760.0,138200
2026-04-14 04:00:00,3770.0,3770.0,3760.0,3760.0,337300
2026-04-14 04:05:00,3750.0,3770.0,3750.0,3770.0,611300
2026-04-14 04:10:00,3750.0,3760.0,3750.0,3750.0,144800
2026-04-14 04:15:00,3760.0,3760.0,3750.0,3760.0,219100
2026-04-14 04:20:00,3760.0,3760.0,3750.0,3760.0,710100
2026-04-14 04:25:00,3760.0,3760.0,3750.0,3750.0,123500
2026-04-14 04:30:00,3750.0,3760.0,3750.0,3750.0,117400
2026-04-14 04:35:00,3760.0,3760.0,3750.0,3750.0,749000
2026-04-14 04:40:00,3760.0,3760.0,3750.0,3760.0,139500
2026-04-14 04:45:00,3750.0,3760.0,3740.0,3750.0,1149800
2026-04-14 04:50:00,3750.0,3750.0,3740.0,3750.0,101300
2026-04-14 04:55:00,3750.0,3750.0,3740.0,3750.0,241200
2026-04-14 06:30:00,3740.0,3750.0,3730.0,3750.0,1429400
2026-04-14 06:35:00,3740.0,3740.0,3720.0,3730.0,1904700
2026-04-14 06:40:00,3740.0,3740.0,3730.0,3730.0,30700
2026-04-14 06:45:00,3740.0,3740.0,3730.0,3730.0,131300
2026-04-14 06:50:00,3740.0,3740.0,3730.0,3740.0,78500
2026-04-14 06:55:00,3740.0,3740.0,3730.0,3740.0,158800
2026-04-14 07:00:00,3740.0,3740.0,3730.0,3740.0,173900
2026-04-14 07:05:00,3740.0,3740.0,3730.0,3730.0,187500
2026-04-14 07:10:00,3730.0,3740.0,3730.0,3740.0,310100
2026-04-14 07:15:00,3730.0,3740.0,3730.0,3730.0,183300
2026-04-14 07:20:00,3730.0,3740.0,3720.0,3730.0,1741500
2026-04-14 07:25:00,3720.0,3730.0,3720.0,3730.0,575800
2026-04-14 07:30:00,3730.0,3730.0,3720.0,3720.0,248600
2026-04-14 07:35:00,3720.0,3730.0,3720.0,3730.0,315100
2026-04-14 07:40:00,3720.0,3740.0,3720.0,3720.0,1835600
2026-04-14 07:45:00,3720.0,3730.0,3720.0,3730.0,202300
2026-04-14 07:50:00,3730.0,3730.0,3720.0,3730.0,300900
2026-04-14 07:55:00,3730.0,3730.0,3720.0,3730.0,1805800
2026-04-14 08:00:00,3720.0,3730.0,3720.0,3730.0,432000
2026-04-14 08:05:00,3720.0,3730.0,3720.0,3730.0,232100
2026-04-14 08:10:00,3730.0,3730.0,3720.0,3730.0,592700
2026-04-14 08:15:00,3730.0,3730.0,3720.0,3720.0,588000
2026-04-14 08:20:00,3740.0,3740.0,3720.0,3730.0,630600
2026-04-14 08:25:00,3740.0,3740.0,3730.0,3730.0,387000
2026-04-14 08:30:00,3730.0,3740.0,3730.0,3740.0,594900
2026-04-14 08:35:00,3720.0,3740.0,3720.0,3730.0,2560800
2026-04-14 08:40:00,3730.0,3740.0,3710.0,3720.0,3728500
2026-04-14 08:45:00,3740.0,3740.0,3720.0,3720.0,726600
2026-04-14 09:00:00,3740.0,3740.0,3740.0,3740.0,3199600
2026-04-14 09:05:00,3740.0,3740.0,3740.0,3740.0,18500
2026-04-14 09:10:00,3740.0,3740.0,3740.0,3740.0,9400
2026-04-15 02:00:00,3770.0,3790.0,3760.0,3780.0,0
2026-04-15 02:05:00,3780.0,3780.0,3760.0,3760.0,1050300
2026-04-15 02:10:00,3760.0,3780.0,3760.0,3770.0,764300
2026-04-15 02:15:00,3760.0,3770.0,3750.0,3760.0,1165700
2026-04-15 02:20:00,3750.0,3760.0,3740.0,3760.0,1523600
2026-04-15 02:25:00,3750.0,3760.0,3740.0,3750.0,483400
2026-04-15 02:30:00,3730.0,3750.0,3730.0,3750.0,2266100
2026-04-15 02:35:00,3730.0,3740.0,3710.0,3730.0,2160500
2026-04-15 02:40:00,3740.0,3740.0,3720.0,3730.0,452700
2026-04-15 02:45:00,3730.0,3740.0,3730.0,3740.0,225100
2026-04-15 02:50:00,3720.0,3740.0,3720.0,3740.0,482400
2026-04-15 02:55:00,3730.0,3730.0,3720.0,3730.0,194400
2026-04-15 03:00:00,3720.0,3730.0,3710.0,3720.0,1036100
2026-04-15 03:05:00,3710.0,3720.0,3710.0,3720.0,252000
2026-04-15 03:10:00,3710.0,3720.0,3710.0,3710.0,308600
2026-04-15 03:15:00,3720.0,3720.0,3710.0,3710.0,120800
2026-04-15 03:20:00,3710.0,3720.0,3710.0,3710.0,382400
2026-04-15 03:25:00,3710.0,3720.0,3710.0,3710.0,261100
2026-04-15 03:30:00,3710.0,3720.0,3710.0,3710.0,229300
2026-04-15 03:35:00,3720.0,3720.0,3710.0,3710.0,182000
2026-04-15 03:40:00,3710.0,3720.0,3710.0,3720.0,206100
2026-04-15 03:45:00,3720.0,3720.0,3710.0,3710.0,226300
2026-04-15 03:50:00,3720.0,3720.0,3710.0,3710.0,300000
2026-04-15 03:55:00,3710.0,3720.0,3710.0,3720.0,536000
2026-04-15 04:00:00,3720.0,3720.0,3710.0,3710.0,237700
2026-04-15 04:05:00,3710.0,3720.0,3710.0,3710.0,268000
2026-04-15 04:10:00,3720.0,3720.0,3710.0,3710.0,269000
2026-04-15 04:15:00,3730.0,3730.0,3710.0,3720.0,1777600
2026-04-15 04:20:00,3730.0,3730.0,3720.0,3730.0,68000
2026-04-15 04:25:00,3730.0,3730.0,3720.0,3730.0,104000
2026-04-15 04:30:00,3730.0,3730.0,3720.0,3720.0,692900
2026-04-15 04:35:00,3720.0,3730.0,3720.0,3730.0,114800
2026-04-15 04:40:00,3730.0,3730.0,3720.0,3730.0,118400
2026-04-15 04:45:00,3730.0,3730.0,3720.0,3720.0,184100
2026-04-15 04:50:00,3730.0,3740.0,3720.0,3730.0,705400
2026-04-15 04:55:00,3720.0,3730.0,3720.0,3730.0,703100
2026-04-15 06:30:00,3730.0,3730.0,3720.0,3730.0,232400
2026-04-15 06:35:00,3730.0,3730.0,3720.0,3730.0,104100
2026-04-15 06:40:00,3720.0,3730.0,3710.0,3720.0,1078900
2026-04-15 06:45:00,3710.0,3720.0,3700.0,3710.0,1586100
2026-04-15 06:50:00,3700.0,3710.0,3700.0,3710.0,212200
2026-04-15 06:55:00,3700.0,3710.0,3690.0,3700.0,3578400
2026-04-15 07:00:00,3710.0,3710.0,3690.0,3690.0,1117400
2026-04-15 07:05:00,3710.0,3710.0,3700.0,3700.0,75100
2026-04-15 07:10:00,3690.0,3710.0,3690.0,3710.0,583900
2026-04-15 07:15:00,3700.0,3700.0,3690.0,3700.0,157000
2026-04-15 07:20:00,3700.0,3700.0,3690.0,3700.0,155400
2026-04-15 07:25:00,3690.0,3700.0,3680.0,3700.0,2674200
2026-04-15 07:30:00,3690.0,3690.0,3680.0,3680.0,245700
2026-04-15 07:35:00,3680.0,3690.0,3680.0,3690.0,265300
2026-04-15 07:40:00,3680.0,3690.0,3670.0,3680.0,2881700
2026-04-15 07:45:00,3680.0,3680.0,3670.0,3670.0,588700
2026-04-15 07:50:00,3670.0,3680.0,3670.0,3670.0,669500
2026-04-15 07:55:00,3680.0,3680.0,3670.0,3680.0,640700
2026-04-15 08:00:00,3670.0,3680.0,3670.0,3680.0,667600
2026-04-15 08:05:00,3680.0,3680.0,3670.0,3670.0,462300
2026-04-15 08:10:00,3670.0,3680.0,3670.0,3670.0,938900
2026-04-15 08:15:00,3680.0,3680.0,3670.0,3670.0,151200
2026-04-15 08:20:00,3670.0,3680.0,3670.0,3680.0,498100
2026-04-15 08:25:00,3670.0,3680.0,3670.0,3680.0,682300
2026-04-15 08:30:00,3670.0,3680.0,3660.0,3670.0,2300100
2026-04-15 08:35:00,3670.0,3670.0,3660.0,3660.0,1984000
2026-04-15 08:40:00,3670.0,3680.0,3660.0,3670.0,1801400
2026-04-15 08:45:00,3680.0,3680.0,3660.0,3670.0,2184000
2026-04-15 09:00:00,3670.0,3670.0,3670.0,3670.0,5392200
2026-04-15 09:05:00,3670.0,3670.0,3670.0,3670.0,38700
2026-04-15 09:10:00,3670.0,3670.0,3670.0,3670.0,46000
2026-04-16 02:00:00,3690.0,3700.0,3670.0,3700.0,0
2026-04-16 02:05:00,3700.0,3700.0,3680.0,3690.0,532200
2026-04-16 02:10:00,3690.0,3700.0,3680.0,3690.0,916000
2026-04-16 02:15:00,3690.0,3690.0,3680.0,3690.0,504400
2026-04-16 02:20:00,3690.0,3690.0,3680.0,3680.0,251100
2026-04-16 02:25:00,3690.0,3690.0,3680.0,3690.0,460300
2026-04-16 02:30:00,3690.0,3690.0,3680.0,3690.0,395100
2026-04-16 02:35:00,3680.0,3690.0,3680.0,3690.0,321300
2026-04-16 02:40:00,3690.0,3690.0,3680.0,3680.0,362200
2026-04-16 02:45:00,3680.0,3690.0,3670.0,3680.0,1100500
2026-04-16 02:50:00,3680.0,3680.0,3670.0,3680.0,271900
2026-04-16 02:55:00,3670.0,3680.0,3660.0,3670.0,2073500
2026-04-16 03:00:00,3670.0,3670.0,3660.0,3660.0,290000
2026-04-16 03:05:00,3670.0,3670.0,3660.0,3670.0,725500
2026-04-16 03:10:00,3670.0,3680.0,3660.0,3670.0,2062000
2026-04-16 03:15:00,3680.0,3680.0,3670.0,3680.0,159100
2026-04-16 03:20:00,3680.0,3680.0,3670.0,3680.0,195700
2026-04-16 03:25:00,3680.0,3690.0,3670.0,3670.0,428200
2026-04-16 03:30:00,3690.0,3690.0,3670.0,3680.0,191000
2026-04-16 03:35:00,3690.0,3690.0,3680.0,3680.0,208400
2026-04-16 03:40:00,3690.0,3690.0,3680.0,3690.0,131200
2026-04-16 03:45:00,3680.0,3690.0,3680.0,3680.0,483600
2026-04-16 03:50:00,3680.0,3690.0,3670.0,3690.0,247800
2026-04-16 03:55:00,3670.0,3680.0,3670.0,3670.0,38700
2026-04-16 04:00:00,3680.0,3680.0,3670.0,3680.0,221700
2026-04-16 04:05:00,3670.0,3680.0,3670.0,3670.0,138200
2026-04-16 04:10:00,3680.0,3680.0,3670.0,3680.0,128200
2026-04-16 04:15:00,3680.0,3680.0,3670.0,3680.0,123100
2026-04-16 04:20:00,3680.0,3680.0,3670.0,3680.0,186100
2026-04-16 04:25:00,3680.0,3690.0,3670.0,3680.0,238500
2026-04-16 04:30:00,3690.0,3690.0,3680.0,3680.0,62900
2026-04-16 04:35:00,3690.0,3690.0,3680.0,3680.0,82500
2026-04-16 04:40:00,3690.0,3690.0,3680.0,3680.0,105400
2026-04-16 04:45:00,3680.0,3690.0,3680.0,3680.0,52000
2026-04-16 04:50:00,3690.0,3690.0,3680.0,3690.0,148900
2026-04-16 04:55:00,3680.0,3690.0,3680.0,3690.0,125700
2026-04-16 06:30:00,3690.0,3690.0,3680.0,3680.0,233700
2026-04-16 06:35:00,3690.0,3690.0,3680.0,3690.0,56200
2026-04-16 06:40:00,3680.0,3690.0,3680.0,3690.0,332400
2026-04-16 06:45:00,3690.0,3690.0,3680.0,3690.0,233400
2026-04-16 06:50:00,3690.0,3690.0,3680.0,3690.0,866600
2026-04-16 06:55:00,3690.0,3690.0,3680.0,3690.0,216000
2026-04-16 07:00:00,3690.0,3690.0,3680.0,3680.0,125000
2026-04-16 07:05:00,3690.0,3690.0,3680.0,3690.0,255800
2026-04-16 07:10:00,3700.0,3700.0,3680.0,3690.0,1197500
2026-04-16 07:15:00,3690.0,3700.0,3690.0,3690.0,892700
2026-04-16 07:20:00,3690.0,3700.0,3690.0,3700.0,499200
2026-04-16 07:25:00,3690.0,3700.0,3690.0,3690.0,142700
2026-04-16 07:30:00,3690.0,3700.0,3690.0,3690.0,56200
2026-04-16 07:35:00,3700.0,3700.0,3690.0,3700.0,138600
2026-04-16 07:40:00,3690.0,3700.0,3690.0,3700.0,139000
2026-04-16 07:45:00,3690.0,3700.0,3690.0,3700.0,268300
2026-04-16 07:50:00,3700.0,3700.0,3690.0,3700.0,131100
2026-04-16 07:55:00,3690.0,3700.0,3690.0,3700.0,190200
2026-04-16 08:00:00,3680.0,3700.0,3680.0,3700.0,704500
2026-04-16 08:05:00,3670.0,3690.0,3670.0,3690.0,436400
2026-04-16 08:10:00,3670.0,3680.0,3670.0,3680.0,267300
2026-04-16 08:15:00,3670.0,3680.0,3670.0,3680.0,87700
2026-04-16 08:20:00,3670.0,3680.0,3670.0,3680.0,204700
2026-04-16 08:25:00,3670.0,3680.0,3670.0,3680.0,368500
2026-04-16 08:30:00,3670.0,3680.0,3670.0,3680.0,686300
2026-04-16 08:35:00,3680.0,3680.0,3670.0,3680.0,825200
2026-04-16 08:40:00,3690.0,3690.0,3670.0,3680.0,1538300
2026-04-16 08:45:00,3680.0,3690.0,3680.0,3690.0,455500
2026-04-16 09:00:00,3700.0,3700.0,3700.0,3700.0,2187500
2026-04-16 09:05:00,3700.0,3700.0,3700.0,3700.0,991700
2026-04-16 09:10:00,3700.0,3700.0,3700.0,3700.0,22900
2026-04-17 02:00:00,3720.0,3740.0,3690.0,3700.0,0
2026-04-17 02:05:00,3710.0,3720.0,3710.0,3710.0,285800
2026-04-17 02:10:00,3710.0,3720.0,3700.0,3710.0,756200
2026-04-17 02:15:00,3720.0,3720.0,3700.0,3700.0,417700
2026-04-17 02:20:00,3710.0,3720.0,3710.0,3720.0,478300
2026-04-17 02:25:00,3710.0,3720.0,3700.0,3720.0,590800
2026-04-17 02:30:00,3720.0,3720.0,3710.0,3710.0,120300
2026-04-17 02:35:00,3710.0,3720.0,3710.0,3720.0,91300
2026-04-17 02:40:00,3720.0,3720.0,3710.0,3710.0,43900
2026-04-17 02:45:00,3720.0,3720.0,3710.0,3720.0,406500
2026-04-17 02:50:00,3720.0,3720.0,3710.0,3710.0,192400
2026-04-17 02:55:00,3710.0,3720.0,3710.0,3720.0,188600
2026-04-17 03:00:00,3720.0,3720.0,3710.0,3710.0,185900
2026-04-17 03:05:00,3710.0,3720.0,3710.0,3710.0,236900
2026-04-17 03:10:00,3710.0,3720.0,3710.0,3720.0,255300
2026-04-17 03:15:00,3720.0,3720.0,3710.0,3720.0,91600
2026-04-17 03:20:00,3710.0,3720.0,3710.0,3720.0,486700
2026-04-17 03:25:00,3720.0,3720.0,3710.0,3720.0,341800
2026-04-17 03:30:00,3720.0,3720.0,3710.0,3720.0,73000
2026-04-17 03:35:00,3720.0,3720.0,3710.0,3720.0,529200
2026-04-17 03:40:00,3720.0,3720.0,3710.0,3720.0,342300
2026-04-17 03:45:00,3720.0,3720.0,3710.0,3720.0,148500
2026-04-17 03:50:00,3730.0,3730.0,3720.0,3730.0,137000
2026-04-17 03:55:00,3710.0,3730.0,3710.0,3720.0,438100
2026-04-17 04:00:00,3710.0,3720.0,3710.0,3710.0,193400
2026-04-17 04:05:00,3710.0,3720.0,3700.0,3710.0,564500
2026-04-17 04:10:00,3700.0,3710.0,3700.0,3700.0,64600
2026-04-17 04:15:00,3710.0,3710.0,3700.0,3700.0,43400
2026-04-17 04:20:00,3710.0,3710.0,3700.0,3700.0,101200
2026-04-17 04:25:00,3700.0,3710.0,3700.0,3710.0,59100
2026-04-17 07:00:00,3700.0,3720.0,3700.0,3710.0,876100
2026-04-17 07:05:00,3710.0,3720.0,3700.0,3710.0,225200
2026-04-17 07:10:00,3700.0,3720.0,3700.0,3710.0,382700
2026-04-17 07:15:00,3700.0,3710.0,3700.0,3700.0,90800
2026-04-17 07:20:00,3710.0,3710.0,3700.0,3700.0,113100
2026-04-17 07:25:00,3710.0,3710.0,3700.0,3700.0,125100
2026-04-17 07:30:00,3710.0,3710.0,3700.0,3710.0,214900
2026-04-17 07:35:00,3710.0,3710.0,3700.0,3710.0,160100
2026-04-17 07:40:00,3690.0,3710.0,3690.0,3710.0,2079300
2026-04-17 07:45:00,3700.0,3700.0,3690.0,3690.0,140000
2026-04-17 07:50:00,3700.0,3700.0,3690.0,3700.0,293900
2026-04-17 07:55:00,3690.0,3710.0,3690.0,3710.0,465200
2026-04-17 08:00:00,3690.0,3700.0,3690.0,3700.0,62400
2026-04-17 08:05:00,3690.0,3700.0,3690.0,3700.0,81900
2026-04-17 08:10:00,3700.0,3700.0,3690.0,3690.0,147100
2026-04-17 08:15:00,3700.0,3700.0,3690.0,3700.0,171500
2026-04-17 08:20:00,3710.0,3710.0,3690.0,3700.0,1345200
2026-04-17 08:25:00,3710.0,3710.0,3700.0,3700.0,114000
2026-04-17 08:30:00,3710.0,3710.0,3700.0,3700.0,193800
2026-04-17 08:35:00,3700.0,3710.0,3700.0,3710.0,303000
2026-04-17 08:40:00,3700.0,3710.0,3700.0,3710.0,622200
2026-04-17 08:45:00,3710.0,3710.0,3700.0,3710.0,868800
2026-04-17 09:00:00,3710.0,3710.0,3710.0,3710.0,3312300
2026-04-17 09:05:00,3710.0,3710.0,3710.0,3710.0,5600
2026-04-17 09:10:00,3710.0,3710.0,3710.0,3710.0,117100
2026-04-20 02:00:00,3690.0,3710.0,3670.0,3710.0,0
2026-04-20 02:05:00,3680.0,3690.0,3680.0,3690.0,202600
2026-04-20 02:10:00,3690.0,3700.0,3680.0,3680.0,538700
2026-04-20 02:15:00,3710.0,3710.0,3690.0,3690.0,574800
2026-04-20 02:20:00,3710.0,3710.0,3690.0,3700.0,137200
2026-04-20 02:25:00,3710.0,3710.0,3700.0,3700.0,128600
2026-04-20 02:30:00,3710.0,3720.0,3700.0,3700.0,516700
2026-04-20 02:35:00,3720.0,3720.0,3710.0,3710.0,839900
2026-04-20 02:40:00,3700.0,3720.0,3700.0,3720.0,388000
2026-04-20 02:45:00,3690.0,3710.0,3680.0,3710.0,1765100
2026-04-20 02:50:00,3700.0,3700.0,3690.0,3690.0,252200
2026-04-20 02:55:00,3690.0,3700.0,3690.0,3690.0,435300
2026-04-20 03:00:00,3700.0,3700.0,3690.0,3700.0,109400
2026-04-20 03:05:00,3720.0,3720.0,3690.0,3700.0,1037700
2026-04-20 03:10:00,3710.0,3720.0,3710.0,3720.0,177000
2026-04-20 03:15:00,3710.0,3730.0,3700.0,3710.0,2872000
2026-04-20 03:20:00,3700.0,3710.0,3700.0,3710.0,77200
2026-04-20 03:25:00,3710.0,3710.0,3700.0,3700.0,229900
2026-04-20 03:30:00,3700.0,3710.0,3700.0,3710.0,153300
2026-04-20 03:35:00,3710.0,3710.0,3700.0,3700.0,72200
2026-04-20 03:40:00,3700.0,3710.0,3700.0,3710.0,100200
2026-04-20 03:45:00,3710.0,3710.0,3700.0,3700.0,70500
2026-04-20 03:50:00,3700.0,3710.0,3700.0,3700.0,62200
2026-04-20 03:55:00,3700.0,3710.0,3700.0,3710.0,185300
2026-04-20 04:00:00,3700.0,3710.0,3690.0,3710.0,546900
2026-04-20 04:05:00,3700.0,3700.0,3690.0,3700.0,203600
2026-04-20 04:10:00,3700.0,3700.0,3690.0,3700.0,52100
2026-04-20 04:15:00,3700.0,3700.0,3690.0,3700.0,41200
2026-04-20 04:20:00,3690.0,3700.0,3680.0,3700.0,1552700
2026-04-20 04:25:00,3690.0,3690.0,3680.0,3690.0,212900
2026-04-20 09:10:00,3670.0,3670.0,3670.0,3670.0,20329800
2026-04-21 02:00:00,3690.0,3690.0,3660.0,3670.0,0
2026-04-21 02:05:00,3680.0,3700.0,3680.0,3680.0,868800
2026-04-21 02:10:00,3680.0,3690.0,3680.0,3680.0,178400
2026-04-21 02:15:00,3680.0,3690.0,3680.0,3680.0,340100
2026-04-21 02:20:00,3690.0,3690.0,3680.0,3680.0,117000
2026-04-21 02:25:00,3680.0,3690.0,3680.0,3680.0,160200
2026-04-21 02:30:00,3680.0,3690.0,3680.0,3690.0,84600
2026-04-21 02:35:00,3690.0,3690.0,3680.0,3690.0,613700
2026-04-21 02:40:00,3690.0,3690.0,3680.0,3690.0,89000
2026-04-21 02:45:00,3690.0,3690.0,3680.0,3690.0,462700
2026-04-21 02:50:00,3690.0,3690.0,3680.0,3680.0,128100
2026-04-21 02:55:00,3680.0,3690.0,3680.0,3690.0,184700
2026-04-21 03:00:00,3690.0,3690.0,3680.0,3690.0,70500
2026-04-21 03:05:00,3690.0,3690.0,3680.0,3690.0,110400
2026-04-21 03:10:00,3680.0,3690.0,3680.0,3690.0,585200
2026-04-21 03:15:00,3670.0,3680.0,3670.0,3680.0,539200
2026-04-21 03:20:00,3690.0,3690.0,3670.0,3670.0,1169500
2026-04-21 03:25:00,3680.0,3690.0,3680.0,3680.0,24200
2026-04-21 03:30:00,3680.0,3690.0,3680.0,3690.0,127200
2026-04-21 03:35:00,3700.0,3700.0,3680.0,3690.0,735300
2026-04-21 03:40:00,3690.0,3700.0,3690.0,3700.0,125200
2026-04-21 03:45:00,3690.0,3700.0,3690.0,3700.0,112000
2026-04-21 03:50:00,3700.0,3700.0,3690.0,3700.0,200300
2026-04-21 03:55:00,3700.0,3700.0,3690.0,3700.0,181800
2026-04-21 04:00:00,3690.0,3700.0,3690.0,3690.0,1159400
2026-04-21 04:05:00,3690.0,3700.0,3690.0,3690.0,36500
2026-04-21 04:10:00,3690.0,3700.0,3690.0,3690.0,121700
2026-04-21 04:15:00,3700.0,3700.0,3690.0,3690.0,113200
2026-04-21 04:20:00,3700.0,3700.0,3690.0,3700.0,198600
2026-04-21 04:25:00,3700.0,3700.0,3690.0,3700.0,93200
2026-04-21 04:30:00,3690.0,3700.0,3690.0,3700.0,293600
2026-04-21 04:35:00,3700.0,3700.0,3690.0,3700.0,241300
2026-04-21 04:40:00,3700.0,3710.0,3690.0,3700.0,914100
2026-04-21 04:45:00,3700.0,3710.0,3700.0,3700.0,311900
2026-04-21 04:50:00,3700.0,3710.0,3700.0,3700.0,973300
2026-04-21 04:55:00,3700.0,3710.0,3690.0,3700.0,463200
2026-04-21 06:30:00,3700.0,3700.0,3690.0,3700.0,550000
2026-04-21 06:35:00,3720.0,3720.0,3690.0,3700.0,1263700
2026-04-21 06:40:00,3710.0,3720.0,3710.0,3720.0,126900
2026-04-21 06:45:00,3710.0,3720.0,3710.0,3720.0,170200
2026-04-21 06:50:00,3720.0,3720.0,3710.0,3710.0,112500
2026-04-21 06:55:00,3710.0,3720.0,3710.0,3710.0,282900
2026-04-21 07:00:00,3720.0,3720.0,3710.0,3710.0,123000
2026-04-21 07:05:00,3710.0,3720.0,3710.0,3710.0,127100
2026-04-21 07:10:00,3720.0,3720.0,3710.0,3720.0,491400
2026-04-21 07:15:00,3710.0,3720.0,3710.0,3710.0,71100
2026-04-21 07:20:00,3710.0,3720.0,3710.0,3710.0,321300
2026-04-21 07:25:00,3720.0,3720.0,3710.0,3710.0,786500
2026-04-21 07:30:00,3720.0,3720.0,3710.0,3720.0,478100
2026-04-21 07:35:00,3720.0,3720.0,3710.0,3710.0,289700
2026-04-21 07:40:00,3710.0,3720.0,3710.0,3710.0,471100
2026-04-21 07:45:00,3710.0,3720.0,3710.0,3710.0,118600
2026-04-21 07:50:00,3720.0,3720.0,3710.0,3720.0,116200
2026-04-21 07:55:00,3710.0,3720.0,3710.0,3710.0,280400
2026-04-21 08:00:00,3720.0,3720.0,3710.0,3710.0,187500
2026-04-21 08:05:00,3700.0,3720.0,3700.0,3710.0,691100
2026-04-21 08:10:00,3710.0,3710.0,3700.0,3710.0,117800
2026-04-21 08:15:00,3710.0,3710.0,3700.0,3710.0,65200
2026-04-21 08:20:00,3710.0,3720.0,3700.0,3710.0,782400
2026-04-21 08:25:00,3710.0,3720.0,3710.0,3710.0,197600
2026-04-21 08:30:00,3720.0,3720.0,3710.0,3710.0,1017700
2026-04-21 08:35:00,3720.0,3720.0,3710.0,3710.0,345300
2026-04-21 08:40:00,3710.0,3720.0,3710.0,3710.0,1267300
2026-04-21 08:45:00,3700.0,3720.0,3700.0,3710.0,547400
2026-04-21 09:00:00,3730.0,3730.0,3730.0,3730.0,3404000
2026-04-21 09:05:00,3730.0,3730.0,3730.0,3730.0,1058600
2026-04-21 09:10:00,3730.0,3730.0,3730.0,3730.0,41700
2026-04-22 02:00:00,3770.0,3780.0,3740.0,3740.0,0
2026-04-22 02:05:00,3760.0,3780.0,3760.0,3770.0,1536100
2026-04-22 02:10:00,3770.0,3780.0,3760.0,3760.0,2593500
2026-04-22 02:15:00,3770.0,3770.0,3760.0,3760.0,170400
2026-04-22 02:20:00,3770.0,3770.0,3760.0,3770.0,635300
2026-04-22 02:25:00,3770.0,3770.0,3760.0,3770.0,272700
2026-04-22 02:30:00,3770.0,3770.0,3760.0,3770.0,219600
2026-04-22 02:35:00,3770.0,3780.0,3760.0,3770.0,1316400
2026-04-22 02:40:00,3770.0,3780.0,3770.0,3770.0,412100
2026-04-22 02:45:00,3780.0,3780.0,3770.0,3770.0,616800
2026-04-22 02:50:00,3780.0,3780.0,3770.0,3780.0,903400
2026-04-22 02:55:00,3780.0,3780.0,3770.0,3780.0,292800
2026-04-22 03:00:00,3780.0,3780.0,3770.0,3780.0,243000
2026-04-22 03:05:00,3790.0,3790.0,3770.0,3770.0,1861200
2026-04-22 03:10:00,3790.0,3790.0,3780.0,3790.0,184000
2026-04-22 03:15:00,3790.0,3790.0,3780.0,3790.0,1648700
2026-04-22 03:20:00,3790.0,3800.0,3790.0,3800.0,1176200
2026-04-22 03:25:00,3800.0,3800.0,3790.0,3800.0,1272900
2026-04-22 03:30:00,3800.0,3810.0,3790.0,3790.0,1175100
2026-04-22 03:35:00,3800.0,3810.0,3790.0,3800.0,1461900
2026-04-22 03:40:00,3790.0,3800.0,3780.0,3800.0,606600
2026-04-22 03:45:00,3790.0,3790.0,3780.0,3780.0,114300
2026-04-22 03:50:00,3790.0,3790.0,3780.0,3790.0,110200
2026-04-22 03:55:00,3790.0,3790.0,3780.0,3790.0,255100
2026-04-22 04:00:00,3770.0,3790.0,3770.0,3790.0,1044600
2026-04-22 04:05:00,3790.0,3790.0,3770.0,3770.0,769400
2026-04-22 04:10:00,3790.0,3790.0,3780.0,3790.0,678000
2026-04-22 04:15:00,3790.0,3790.0,3780.0,3790.0,363400
2026-04-22 04:20:00,3790.0,3790.0,3780.0,3780.0,134600
2026-04-22 04:25:00,3790.0,3790.0,3780.0,3790.0,330200
2026-04-22 04:30:00,3790.0,3790.0,3780.0,3790.0,161000
2026-04-22 04:35:00,3790.0,3800.0,3780.0,3790.0,453500
2026-04-22 04:40:00,3800.0,3800.0,3790.0,3800.0,251400
2026-04-22 04:45:00,3790.0,3800.0,3790.0,3790.0,252300
2026-04-22 04:50:00,3800.0,3800.0,3790.0,3800.0,230300
2026-04-22 04:55:00,3800.0,3800.0,3790.0,3800.0,343800
2026-04-22 06:30:00,3800.0,3800.0,3790.0,3800.0,422100
2026-04-22 06:35:00,3800.0,3800.0,3790.0,3800.0,205000
2026-04-22 06:40:00,3800.0,3800.0,3790.0,3800.0,946200
2026-04-22 06:45:00,3790.0,3800.0,3790.0,3800.0,282700
2026-04-22 06:50:00,3800.0,3800.0,3790.0,3790.0,777400
2026-04-22 06:55:00,3830.0,3830.0,3790.0,3790.0,7210400
2026-04-22 07:00:00,3830.0,3830.0,3820.0,3820.0,1240100
2026-04-22 07:05:00,3820.0,3830.0,3820.0,3830.0,253900
2026-04-22 07:10:00,3820.0,3830.0,3810.0,3820.0,1107700
2026-04-22 07:15:00,3810.0,3820.0,3810.0,3810.0,83400
2026-04-22 07:20:00,3820.0,3820.0,3810.0,3820.0,134900
2026-04-22 07:25:00,3820.0,3820.0,3810.0,3810.0,145500
2026-04-22 07:30:00,3820.0,3820.0,3810.0,3820.0,220500
2026-04-22 07:35:00,3820.0,3830.0,3810.0,3820.0,1383400
2026-04-22 07:40:00,3830.0,3840.0,3820.0,3830.0,1197300
2026-04-22 07:45:00,3830.0,3830.0,3810.0,3830.0,642500
2026-04-22 07:50:00,3830.0,3830.0,3820.0,3830.0,51600
2026-04-22 07:55:00,3820.0,3830.0,3810.0,3820.0,362900
2026-04-22 08:00:00,3820.0,3820.0,3810.0,3820.0,415000
2026-04-22 08:05:00,3820.0,3830.0,3810.0,3820.0,530800
2026-04-22 08:10:00,3830.0,3840.0,3820.0,3830.0,1879200
2026-04-22 08:15:00,3820.0,3830.0,3820.0,3820.0,224500
2026-04-22 08:20:00,3830.0,3830.0,3820.0,3830.0,134000
2026-04-22 08:25:00,3820.0,3830.0,3820.0,3830.0,230400
2026-04-22 08:30:00,3830.0,3830.0,3820.0,3830.0,369200
2026-04-22 08:35:00,3840.0,3840.0,3820.0,3830.0,1467600
2026-04-22 08:40:00,3830.0,3840.0,3830.0,3840.0,1433800
2026-04-22 08:45:00,3830.0,3840.0,3820.0,3830.0,1874400
2026-04-22 09:00:00,3830.0,3830.0,3830.0,3830.0,3753400
2026-04-22 09:05:00,3830.0,3830.0,3830.0,3830.0,163800
2026-04-22 09:10:00,3830.0,3830.0,3830.0,3830.0,1200
2026-04-23 02:00:00,3880.0,3890.0,3840.0,3850.0,0
2026-04-23 02:05:00,3890.0,3890.0,3870.0,3880.0,2028600
2026-04-23 02:10:00,3880.0,3890.0,3870.0,3890.0,2441400
2026-04-23 02:15:00,3870.0,3880.0,3860.0,3880.0,1127400
2026-04-23 02:20:00,3850.0,3870.0,3850.0,3860.0,1931900
2026-04-23 02:25:00,3860.0,3860.0,3840.0,3850.0,494300
2026-04-23 02:30:00,3870.0,3870.0,3850.0,3860.0,813700
2026-04-23 02:35:00,3870.0,3870.0,3860.0,3870.0,189000
2026-04-23 02:40:00,3870.0,3870.0,3860.0,3860.0,1195600
2026-04-23 02:45:00,3870.0,3870.0,3860.0,3870.0,293700
2026-04-23 02:50:00,3850.0,3870.0,3850.0,3860.0,1193700
2026-04-23 02:55:00,3850.0,3860.0,3840.0,3860.0,1982200
2026-04-23 03:00:00,3850.0,3850.0,3840.0,3840.0,482800
2026-04-23 03:05:00,3850.0,3850.0,3840.0,3840.0,234700
2026-04-23 03:10:00,3840.0,3850.0,3830.0,3840.0,625500
2026-04-23 03:15:00,3840.0,3840.0,3830.0,3830.0,158900
2026-04-23 03:20:00,3840.0,3840.0,3830.0,3840.0,1933000
2026-04-23 03:25:00,3830.0,3840.0,3820.0,3830.0,634600
2026-04-23 03:30:00,3840.0,3840.0,3820.0,3830.0,482200
2026-04-23 03:35:00,3830.0,3840.0,3830.0,3840.0,254300
2026-04-23 03:40:00,3840.0,3840.0,3830.0,3840.0,169300
2026-04-23 03:45:00,3840.0,3840.0,3830.0,3830.0,139700
2026-04-23 03:50:00,3840.0,3840.0,3830.0,3840.0,77300
2026-04-23 03:55:00,3840.0,3840.0,3830.0,3830.0,139200
2026-04-23 04:00:00,3840.0,3840.0,3830.0,3830.0,285600
2026-04-23 04:05:00,3840.0,3840.0,3830.0,3840.0,82000
2026-04-23 04:10:00,3860.0,3860.0,3830.0,3840.0,1719000
2026-04-23 04:15:00,3870.0,3870.0,3850.0,3860.0,2252200
2026-04-23 04:20:00,3880.0,3880.0,3860.0,3870.0,1046500
2026-04-23 04:25:00,3880.0,3880.0,3870.0,3870.0,376600
2026-04-23 04:30:00,3880.0,3880.0,3870.0,3880.0,132700
2026-04-23 04:35:00,3880.0,3880.0,3870.0,3880.0,256800
2026-04-23 04:40:00,3880.0,3880.0,3870.0,3880.0,299400
2026-04-23 04:45:00,3880.0,3880.0,3870.0,3880.0,191000
2026-04-23 04:50:00,3870.0,3880.0,3870.0,3870.0,324000
2026-04-23 04:55:00,3870.0,3880.0,3870.0,3870.0,592300
2026-04-23 06:30:00,3870.0,3880.0,3860.0,3870.0,3222200
2026-04-23 06:35:00,3870.0,3870.0,3860.0,3860.0,224700
2026-04-23 06:40:00,3870.0,3870.0,3860.0,3860.0,123900
2026-04-23 06:45:00,3880.0,3880.0,3860.0,3870.0,1629800
2026-04-23 06:50:00,3870.0,3880.0,3860.0,3880.0,1148100
2026-04-23 06:55:00,3860.0,3870.0,3860.0,3870.0,118900
2026-04-23 07:00:00,3870.0,3870.0,3860.0,3870.0,564600
2026-04-23 07:05:00,3870.0,3870.0,3860.0,3870.0,301200
2026-04-23 07:10:00,3860.0,3870.0,3860.0,3860.0,216800
2026-04-23 07:15:00,3870.0,3870.0,3860.0,3870.0,1308300
2026-04-23 07:20:00,3870.0,3870.0,3860.0,3860.0,477300
2026-04-23 07:25:00,3860.0,3870.0,3860.0,3860.0,418100
2026-04-23 07:30:00,3850.0,3870.0,3850.0,3860.0,783000
2026-04-23 07:35:00,3850.0,3860.0,3850.0,3850.0,225700
2026-04-23 07:40:00,3850.0,3860.0,3850.0,3860.0,194900
2026-04-23 07:45:00,3860.0,3860.0,3850.0,3850.0,415500
2026-04-23 07:50:00,3850.0,3860.0,3850.0,3860.0,445100
2026-04-23 07:55:00,3850.0,3860.0,3850.0,3860.0,690200
2026-04-23 08:00:00,3860.0,3860.0,3850.0,3850.0,232600
2026-04-23 08:05:00,3850.0,3860.0,3850.0,3860.0,386800
2026-04-23 08:10:00,3860.0,3860.0,3850.0,3850.0,375200
2026-04-23 08:15:00,3850.0,3860.0,3840.0,3860.0,2062600
2026-04-23 08:20:00,3860.0,3860.0,3850.0,3850.0,200800
2026-04-23 08:25:00,3850.0,3860.0,3850.0,3850.0,301400
2026-04-23 08:30:00,3850.0,3860.0,3840.0,3860.0,1229900
2026-04-23 08:35:00,3840.0,3850.0,3840.0,3840.0,398100
2026-04-23 08:40:00,3840.0,3850.0,3840.0,3840.0,842500
2026-04-23 08:45:00,3830.0,3850.0,3830.0,3840.0,626700
2026-04-23 09:00:00,3870.0,3870.0,3870.0,3870.0,5341700
2026-04-23 09:05:00,3870.0,3870.0,3870.0,3870.0,6100
2026-04-23 09:10:00,3870.0,3870.0,3870.0,3870.0,123500
2026-04-24 02:00:00,3780.0,3860.0,3770.0,3850.0,0
2026-04-24 02:05:00,3780.0,3790.0,3760.0,3780.0,2065400
2026-04-24 02:10:00,3770.0,3790.0,3770.0,3780.0,1354500
2026-04-24 02:15:00,3760.0,3780.0,3760.0,3770.0,1155900
2026-04-24 02:20:00,3760.0,3770.0,3750.0,3760.0,909900
2026-04-24 02:25:00,3770.0,3780.0,3750.0,3760.0,1682300
2026-04-24 02:30:00,3780.0,3790.0,3760.0,3770.0,922600
2026-04-24 02:35:00,3790.0,3790.0,3770.0,3780.0,555500
2026-04-24 02:40:00,3800.0,3800.0,3790.0,3790.0,629700
2026-04-24 02:45:00,3770.0,3800.0,3770.0,3800.0,816400
2026-04-24 02:50:00,3780.0,3780.0,3770.0,3780.0,323300
2026-04-24 02:55:00,3770.0,3780.0,3760.0,3780.0,775900
2026-04-24 03:00:00,3770.0,3780.0,3760.0,3770.0,312200
2026-04-24 03:05:00,3780.0,3790.0,3760.0,3770.0,1368700
2026-04-24 03:10:00,3760.0,3780.0,3760.0,3780.0,638000
2026-04-24 03:15:00,3770.0,3770.0,3760.0,3760.0,138500
2026-04-24 03:20:00,3760.0,3770.0,3750.0,3760.0,979300
2026-04-24 03:25:00,3720.0,3760.0,3720.0,3750.0,3223500
2026-04-24 03:30:00,3720.0,3740.0,3720.0,3730.0,533000
2026-04-24 03:35:00,3730.0,3740.0,3720.0,3730.0,274200
2026-04-24 03:40:00,3730.0,3740.0,3720.0,3740.0,1080500
2026-04-24 03:45:00,3720.0,3730.0,3720.0,3720.0,514800
2026-04-24 03:50:00,3760.0,3760.0,3720.0,3720.0,1672700
2026-04-24 03:55:00,3740.0,3760.0,3730.0,3760.0,1136000
2026-04-24 04:00:00,3760.0,3760.0,3730.0,3730.0,1242400
2026-04-24 04:05:00,3760.0,3760.0,3750.0,3760.0,155600
2026-04-24 04:10:00,3750.0,3760.0,3750.0,3760.0,220500
2026-04-24 04:15:00,3740.0,3760.0,3740.0,3750.0,1794300
2026-04-24 04:20:00,3730.0,3750.0,3730.0,3740.0,2043100
2026-04-24 04:25:00,3740.0,3740.0,3730.0,3730.0,229500
2026-04-24 07:00:00,3730.0,3750.0,3730.0,3740.0,861400
2026-04-24 07:05:00,3740.0,3740.0,3730.0,3730.0,768100
2026-04-24 07:10:00,3730.0,3740.0,3730.0,3740.0,362200
2026-04-24 07:15:00,3730.0,3740.0,3730.0,3730.0,265200
2026-04-24 07:20:00,3740.0,3750.0,3730.0,3730.0,745200
2026-04-24 07:25:00,3750.0,3750.0,3740.0,3750.0,288300
2026-04-24 07:30:00,3750.0,3760.0,3740.0,3750.0,1041700
2026-04-24 07:35:00,3750.0,3760.0,3740.0,3750.0,938900
2026-04-24 07:40:00,3740.0,3750.0,3740.0,3750.0,202500
2026-04-24 07:45:00,3740.0,3750.0,3740.0,3750.0,211300
2026-04-24 07:50:00,3750.0,3750.0,3740.0,3740.0,767600
2026-04-24 07:55:00,3740.0,3750.0,3740.0,3740.0,374100
2026-04-24 08:00:00,3740.0,3750.0,3740.0,3740.0,477600
2026-04-24 08:05:00,3740.0,3750.0,3730.0,3740.0,545400
2026-04-24 08:10:00,3730.0,3740.0,3730.0,3740.0,363000
2026-04-24 08:15:00,3740.0,3740.0,3730.0,3730.0,426200
2026-04-24 08:20:00,3740.0,3750.0,3730.0,3730.0,1844900
2026-04-24 08:25:00,3750.0,3750.0,3740.0,3750.0,461300
2026-04-24 08:30:00,3740.0,3750.0,3740.0,3740.0,498500
2026-04-24 08:35:00,3740.0,3750.0,3740.0,3750.0,1262700
2026-04-24 08:40:00,3740.0,3750.0,3730.0,3740.0,1737900
2026-04-24 08:45:00,3750.0,3750.0,3730.0,3740.0,1480300
2026-04-24 09:00:00,3770.0,3770.0,3770.0,3770.0,4822600
2026-04-24 09:05:00,3770.0,3770.0,3770.0,3770.0,1198900
2026-04-24 09:10:00,3770.0,3770.0,3770.0,3770.0,346100
2026-04-27 02:00:00,3780.0,3800.0,3770.0,3790.0,0
2026-04-27 02:05:00,3740.0,3780.0,3740.0,3780.0,1262900
2026-04-27 02:10:00,3750.0,3760.0,3740.0,3750.0,706900
2026-04-27 02:15:00,3750.0,3770.0,3750.0,3760.0,603500
2026-04-27 02:20:00,3750.0,3760.0,3750.0,3750.0,411300
2026-04-27 02:25:00,3750.0,3760.0,3750.0,3760.0,208000
2026-04-27 02:30:00,3750.0,3760.0,3750.0,3750.0,163500
2026-04-27 02:35:00,3740.0,3760.0,3740.0,3750.0,299400
2026-04-27 02:40:00,3740.0,3750.0,3740.0,3740.0,236900
2026-04-27 02:45:00,3740.0,3750.0,3740.0,3740.0,187700
2026-04-27 02:50:00,3740.0,3750.0,3740.0,3740.0,300700
2026-04-27 02:55:00,3730.0,3750.0,3730.0,3740.0,279700
2026-04-27 03:00:00,3740.0,3740.0,3730.0,3740.0,200400
2026-04-27 03:05:00,3740.0,3740.0,3730.0,3740.0,107000
2026-04-27 03:10:00,3730.0,3740.0,3730.0,3730.0,278900
2026-04-27 03:15:00,3730.0,3740.0,3730.0,3730.0,65500
2026-04-27 03:20:00,3740.0,3740.0,3730.0,3730.0,81200
2026-04-27 03:25:00,3740.0,3740.0,3730.0,3730.0,156800
2026-04-27 03:30:00,3740.0,3740.0,3730.0,3740.0,66500
2026-04-27 03:35:00,3740.0,3740.0,3730.0,3740.0,71100
2026-04-27 03:40:00,3730.0,3740.0,3730.0,3740.0,143600
2026-04-27 03:45:00,3730.0,3740.0,3730.0,3730.0,186800
2026-04-27 03:50:00,3730.0,3740.0,3730.0,3740.0,179800
2026-04-27 03:55:00,3730.0,3740.0,3730.0,3740.0,205700
2026-04-27 04:00:00,3730.0,3740.0,3730.0,3740.0,150200
2026-04-27 04:05:00,3730.0,3740.0,3730.0,3740.0,50700
2026-04-27 04:10:00,3740.0,3740.0,3730.0,3740.0,140900
2026-04-27 04:15:00,3730.0,3740.0,3730.0,3740.0,240600
2026-04-27 04:20:00,3750.0,3750.0,3730.0,3740.0,390800
2026-04-27 04:25:00,3750.0,3750.0,3740.0,3750.0,152800
2026-04-27 04:30:00,3750.0,3750.0,3740.0,3750.0,134800
2026-04-27 04:35:00,3760.0,3770.0,3740.0,3750.0,802600
2026-04-27 04:40:00,3760.0,3770.0,3760.0,3770.0,205700
2026-04-27 04:45:00,3760.0,3770.0,3760.0,3770.0,71700
2026-04-27 04:50:00,3760.0,3770.0,3760.0,3770.0,166500
2026-04-27 04:55:00,3760.0,3770.0,3760.0,3770.0,312200
2026-04-27 06:30:00,3760.0,3770.0,3760.0,3760.0,595600
2026-04-27 06:35:00,3760.0,3770.0,3760.0,3770.0,336300
2026-04-27 06:40:00,3760.0,3770.0,3760.0,3770.0,114100
2026-04-27 06:45:00,3760.0,3770.0,3760.0,3770.0,64200
2026-04-27 06:50:00,3770.0,3770.0,3760.0,3770.0,339200
2026-04-27 06:55:00,3770.0,3770.0,3760.0,3770.0,97500
2026-04-27 07:00:00,3750.0,3770.0,3750.0,3770.0,814200
2026-04-27 07:05:00,3750.0,3760.0,3750.0,3750.0,54900
2026-04-27 07:10:00,3750.0,3760.0,3750.0,3760.0,166400
2026-04-27 07:15:00,3750.0,3760.0,3750.0,3760.0,927900
2026-04-27 07:20:00,3740.0,3760.0,3740.0,3760.0,874600
2026-04-27 07:25:00,3740.0,3750.0,3740.0,3750.0,387600
2026-04-27 07:30:00,3740.0,3750.0,3740.0,3750.0,111700
2026-04-27 07:35:00,3740.0,3750.0,3740.0,3750.0,180200
2026-04-27 07:40:00,3750.0,3750.0,3740.0,3750.0,79300
2026-04-27 07:45:00,3750.0,3750.0,3740.0,3750.0,58800
2026-04-27 07:50:00,3740.0,3750.0,3740.0,3750.0,130300
2026-04-27 07:55:00,3750.0,3750.0,3740.0,3750.0,130900
2026-04-27 08:00:00,3740.0,3750.0,3740.0,3740.0,162700
2026-04-27 08:05:00,3750.0,3750.0,3740.0,3750.0,94700
2026-04-27 08:10:00,3740.0,3750.0,3740.0,3750.0,151800
2026-04-27 08:15:00,3750.0,3750.0,3740.0,3750.0,166500
2026-04-27 08:20:00,3750.0,3750.0,3740.0,3750.0,236900
2026-04-27 08:25:00,3750.0,3750.0,3740.0,3750.0,342600
2026-04-27 08:30:00,3750.0,3750.0,3740.0,3750.0,530400
2026-04-27 08:35:00,3730.0,3750.0,3730.0,3750.0,2820100
2026-04-27 08:40:00,3730.0,3740.0,3730.0,3740.0,198500
2026-04-27 08:45:00,3740.0,3760.0,3730.0,3740.0,1297300
2026-04-27 09:00:00,3720.0,3720.0,3720.0,3720.0,3887800
2026-04-27 09:05:00,3720.0,3720.0,3720.0,3720.0,1135400
2026-04-27 09:10:00,3720.0,3720.0,3720.0,3720.0,1100
2026-04-28 02:00:00,3740.0,3760.0,3720.0,3750.0,0
2026-04-28 02:05:00,3720.0,3740.0,3710.0,3730.0,818300
2026-04-28 02:10:00,3710.0,3720.0,3710.0,3710.0,122700
2026-04-28 02:15:00,3690.0,3720.0,3690.0,3710.0,1688300
2026-04-28 02:20:00,3700.0,3700.0,3690.0,3690.0,155000
2026-04-28 02:25:00,3700.0,3700.0,3680.0,3690.0,1514100
2026-04-28 02:30:00,3700.0,3710.0,3700.0,3700.0,1195800
2026-04-28 02:35:00,3710.0,3710.0,3700.0,3710.0,202400
2026-04-28 02:40:00,3690.0,3710.0,3690.0,3710.0,576800
2026-04-28 02:45:00,3690.0,3700.0,3680.0,3690.0,134200
2026-04-28 02:50:00,3690.0,3690.0,3680.0,3690.0,46100
2026-04-28 02:55:00,3690.0,3690.0,3680.0,3690.0,381800
2026-04-28 03:00:00,3690.0,3690.0,3680.0,3680.0,58600
2026-04-28 03:05:00,3690.0,3690.0,3680.0,3690.0,77500
2026-04-28 03:10:00,3700.0,3700.0,3680.0,3690.0,78700
2026-04-28 03:15:00,3700.0,3700.0,3690.0,3700.0,144000
2026-04-28 03:20:00,3700.0,3700.0,3690.0,3700.0,38800
2026-04-28 03:25:00,3700.0,3700.0,3690.0,3700.0,43900
2026-04-28 03:30:00,3690.0,3700.0,3690.0,3700.0,250700
2026-04-28 03:35:00,3690.0,3690.0,3680.0,3690.0,31500
2026-04-28 03:40:00,3680.0,3690.0,3680.0,3680.0,64000
2026-04-28 03:45:00,3700.0,3700.0,3680.0,3690.0,73300
2026-04-28 03:50:00,3700.0,3700.0,3690.0,3700.0,58700
2026-04-28 03:55:00,3700.0,3700.0,3680.0,3700.0,830800
2026-04-28 04:00:00,3700.0,3700.0,3690.0,3690.0,165300
2026-04-28 04:05:00,3690.0,3700.0,3690.0,3700.0,55400
2026-04-28 04:10:00,3700.0,3700.0,3690.0,3700.0,70600
2026-04-28 04:15:00,3690.0,3700.0,3690.0,3700.0,309200
2026-04-28 04:20:00,3710.0,3710.0,3700.0,3700.0,192400
2026-04-28 04:25:00,3710.0,3710.0,3700.0,3710.0,115200
2026-04-28 04:30:00,3730.0,3730.0,3710.0,3710.0,1080800
2026-04-28 04:35:00,3730.0,3730.0,3720.0,3730.0,90000
2026-04-28 04:40:00,3730.0,3730.0,3720.0,3720.0,484100
2026-04-28 04:45:00,3720.0,3730.0,3710.0,3730.0,269100
2026-04-28 04:50:00,3720.0,3730.0,3710.0,3720.0,183000
2026-04-28 04:55:00,3720.0,3730.0,3720.0,3720.0,129700
2026-04-28 06:30:00,3770.0,3770.0,3720.0,3730.0,1823900
2026-04-28 06:35:00,3750.0,3770.0,3740.0,3770.0,459900
2026-04-28 06:40:00,3740.0,3750.0,3740.0,3750.0,112400
2026-04-28 06:45:00,3730.0,3740.0,3730.0,3740.0,75400
2026-04-28 06:50:00,3740.0,3750.0,3730.0,3730.0,343900
2026-04-28 06:55:00,3740.0,3750.0,3730.0,3740.0,113000
2026-04-28 07:00:00,3730.0,3740.0,3730.0,3740.0,49200
2026-04-28 07:05:00,3730.0,3730.0,3730.0,3730.0,105400
2026-04-28 07:10:00,3730.0,3740.0,3720.0,3730.0,58000
2026-04-28 07:15:00,3740.0,3740.0,3730.0,3730.0,129100
2026-04-28 07:20:00,3760.0,3760.0,3730.0,3740.0,705000
2026-04-28 07:25:00,3760.0,3770.0,3750.0,3750.0,467700
2026-04-28 07:30:00,3750.0,3760.0,3750.0,3750.0,323400
2026-04-28 07:35:00,3760.0,3770.0,3760.0,3760.0,737200
2026-04-28 07:40:00,3780.0,3780.0,3760.0,3770.0,248700
2026-04-28 07:45:00,3780.0,3780.0,3770.0,3780.0,489100
2026-04-28 07:50:00,3760.0,3780.0,3760.0,3780.0,675800
2026-04-28 07:55:00,3750.0,3770.0,3750.0,3760.0,405100
2026-04-28 08:00:00,3760.0,3770.0,3760.0,3760.0,173000
2026-04-28 08:05:00,3760.0,3770.0,3760.0,3760.0,332100
2026-04-28 08:10:00,3770.0,3770.0,3760.0,3760.0,176300
2026-04-28 08:15:00,3760.0,3770.0,3750.0,3760.0,498200
2026-04-28 08:20:00,3770.0,3770.0,3760.0,3760.0,128300
2026-04-28 08:25:00,3760.0,3770.0,3760.0,3770.0,888900
2026-04-28 08:30:00,3770.0,3770.0,3760.0,3760.0,371800
2026-04-28 08:35:00,3780.0,3780.0,3760.0,3760.0,604000
2026-04-28 08:40:00,3770.0,3790.0,3770.0,3770.0,1592700
2026-04-28 08:45:00,3770.0,3790.0,3770.0,3780.0,845300
2026-04-28 09:00:00,3790.0,3790.0,3790.0,3790.0,4276900
2026-04-28 09:05:00,3790.0,3790.0,3790.0,3790.0,99800
2026-04-28 09:10:00,3790.0,3790.0,3790.0,3790.0,99300
2026-04-29 02:00:00,3820.0,3840.0,3800.0,3810.0,0
2026-04-29 02:05:00,3820.0,3830.0,3820.0,3820.0,620400
2026-04-29 02:10:00,3810.0,3820.0,3790.0,3820.0,1755900
2026-04-29 02:15:00,3810.0,3820.0,3810.0,3810.0,293100
2026-04-29 02:20:00,3810.0,3820.0,3800.0,3820.0,822800
2026-04-29 02:25:00,3810.0,3820.0,3800.0,3810.0,148000
2026-04-29 02:30:00,3810.0,3810.0,3800.0,3810.0,811300
2026-04-29 02:35:00,3800.0,3810.0,3800.0,3810.0,1034300
2026-04-29 02:40:00,3790.0,3800.0,3780.0,3800.0,917000
2026-04-29 02:45:00,3780.0,3790.0,3770.0,3790.0,526500
2026-04-29 02:50:00,3790.0,3790.0,3770.0,3780.0,850300
2026-04-29 02:55:00,3780.0,3790.0,3780.0,3790.0,188700
2026-04-29 03:00:00,3800.0,3800.0,3780.0,3790.0,370200
2026-04-29 03:05:00,3790.0,3800.0,3790.0,3790.0,183100
2026-04-29 03:10:00,3800.0,3800.0,3790.0,3790.0,166300
2026-04-29 03:15:00,3790.0,3800.0,3790.0,3800.0,572800
2026-04-29 03:20:00,3790.0,3790.0,3780.0,3790.0,545100
2026-04-29 03:25:00,3790.0,3800.0,3790.0,3790.0,472500
2026-04-29 03:30:00,3790.0,3800.0,3790.0,3790.0,82000
2026-04-29 03:35:00,3790.0,3800.0,3790.0,3790.0,58800
2026-04-29 03:40:00,3790.0,3800.0,3790.0,3800.0,566900
2026-04-29 03:45:00,3790.0,3800.0,3790.0,3790.0,127900
2026-04-29 03:50:00,3790.0,3800.0,3790.0,3800.0,322300
2026-04-29 03:55:00,3790.0,3800.0,3790.0,3790.0,62800
2026-04-29 04:00:00,3790.0,3800.0,3790.0,3790.0,341100
2026-04-29 04:05:00,3790.0,3800.0,3780.0,3790.0,128500
2026-04-29 04:10:00,3790.0,3800.0,3790.0,3800.0,92500
2026-04-29 04:15:00,3800.0,3800.0,3790.0,3800.0,89300
2026-04-29 04:20:00,3800.0,3800.0,3790.0,3800.0,117900
2026-04-29 04:25:00,3790.0,3800.0,3790.0,3790.0,194900
2026-04-29 04:30:00,3790.0,3800.0,3780.0,3790.0,870900
2026-04-29 04:35:00,3800.0,3800.0,3790.0,3790.0,7900
2026-04-29 04:40:00,3790.0,3800.0,3790.0,3790.0,275000
2026-04-29 04:45:00,3790.0,3800.0,3790.0,3790.0,41400
2026-04-29 04:50:00,3790.0,3800.0,3790.0,3790.0,15600
2026-04-29 04:55:00,3800.0,3800.0,3790.0,3790.0,76500
2026-04-29 06:30:00,3800.0,3800.0,3790.0,3800.0,479400
2026-04-29 06:35:00,3800.0,3800.0,3790.0,3800.0,255300
2026-04-29 06:40:00,3790.0,3800.0,3790.0,3790.0,203000
2026-04-29 06:45:00,3800.0,3800.0,3790.0,3800.0,564200
2026-04-29 06:50:00,3800.0,3800.0,3790.0,3800.0,146600
2026-04-29 06:55:00,3800.0,3800.0,3790.0,3800.0,264000
2026-04-29 07:00:00,3810.0,3810.0,3790.0,3800.0,178600
2026-04-29 07:05:00,3790.0,3810.0,3790.0,3810.0,1805700
2026-04-29 07:10:00,3790.0,3800.0,3790.0,3790.0,0
2026-04-29 07:15:00,3790.0,3800.0,3790.0,3800.0,82500
2026-04-29 07:20:00,3790.0,3800.0,3790.0,3790.0,59200
2026-04-29 07:25:00,3800.0,3800.0,3790.0,3800.0,172000
2026-04-29 07:30:00,3800.0,3800.0,3790.0,3790.0,66300
2026-04-29 07:35:00,3790.0,3800.0,3790.0,3800.0,74400
2026-04-29 07:40:00,3800.0,3800.0,3790.0,3790.0,90900
2026-04-29 07:45:00,3790.0,3800.0,3790.0,3800.0,234800
2026-04-29 07:50:00,3800.0,3800.0,3790.0,3800.0,415000
2026-04-29 07:55:00,3810.0,3810.0,3790.0,3790.0,114000
2026-04-29 08:00:00,3800.0,3810.0,3800.0,3810.0,703600
2026-04-29 08:05:00,3800.0,3800.0,3790.0,3800.0,267900
2026-04-29 08:10:00,3800.0,3800.0,3790.0,3790.0,248800
2026-04-29 08:15:00,3800.0,3800.0,3790.0,3800.0,0
2026-04-29 08:20:00,3790.0,3800.0,3790.0,3800.0,104000
2026-04-29 08:25:00,3800.0,3800.0,3790.0,3800.0,301900
2026-04-29 08:30:00,3800.0,3800.0,3790.0,3790.0,386200
2026-04-29 08:35:00,3810.0,3810.0,3790.0,3800.0,815200
2026-04-29 08:40:00,3800.0,3810.0,3790.0,3800.0,728800
2026-04-29 08:45:00,3790.0,3810.0,3790.0,3800.0,438800
2026-04-29 09:00:00,3800.0,3800.0,3800.0,3800.0,2395200
2026-04-29 09:05:00,3800.0,3800.0,3800.0,3800.0,8900
2026-04-29 09:10:00,3800.0,3800.0,3800.0,3800.0,5500
2026-04-30 02:00:00,3790.0,3800.0,3780.0,3790.0,1340200
2026-04-30 02:05:00,3780.0,3800.0,3780.0,3800.0,1434400
2026-04-30 02:10:00,3760.0,3790.0,3760.0,3780.0,1997300
2026-04-30 02:15:00,3800.0,3800.0,3760.0,3770.0,1437400
2026-04-30 02:20:00,3780.0,3800.0,3780.0,3790.0,484300
2026-04-30 02:25:00,3790.0,3790.0,3780.0,3790.0,162100
2026-04-30 02:30:00,3770.0,3790.0,3770.0,3790.0,615300
2026-04-30 02:35:00,3760.0,3780.0,3750.0,3770.0,1588500
2026-04-30 02:40:00,3770.0,3770.0,3750.0,3760.0,491100
2026-04-30 02:45:00,3760.0,3770.0,3740.0,3770.0,2224400
2026-04-30 02:50:00,3760.0,3770.0,3750.0,3760.0,860300
2026-04-30 02:55:00,3780.0,3780.0,3760.0,3760.0,646900
2026-04-30 03:00:00,3780.0,3780.0,3770.0,3780.0,119900
2026-04-30 03:05:00,3790.0,3790.0,3770.0,3780.0,669700
2026-04-30 03:10:00,3780.0,3790.0,3770.0,3780.0,603400
2026-04-30 03:15:00,3780.0,3780.0,3770.0,3780.0,392600
2026-04-30 03:20:00,3780.0,3780.0,3770.0,3780.0,155300
2026-04-30 03:25:00,3770.0,3780.0,3770.0,3780.0,122700
2026-04-30 03:30:00,3770.0,3780.0,3770.0,3770.0,310700
2026-04-30 03:35:00,3770.0,3780.0,3770.0,3780.0,200500
2026-04-30 03:40:00,3780.0,3780.0,3770.0,3770.0,928400
2026-04-30 03:45:00,3760.0,3780.0,3760.0,3770.0,607900
2026-04-30 03:50:00,3780.0,3780.0,3760.0,3760.0,946100
2026-04-30 03:55:00,3770.0,3780.0,3760.0,3780.0,890900
2026-04-30 04:00:00,3760.0,3770.0,3760.0,3760.0,156100
2026-04-30 04:05:00,3770.0,3770.0,3760.0,3770.0,211600
2026-04-30 04:10:00,3760.0,3770.0,3760.0,3760.0,183200
2026-04-30 04:15:00,3760.0,3770.0,3760.0,3760.0,172000
2026-04-30 04:20:00,3760.0,3770.0,3760.0,3770.0,478400
2026-04-30 04:25:00,3760.0,3770.0,3760.0,3760.0,309100
2026-04-30 04:30:00,3760.0,3770.0,3760.0,3770.0,297800
2026-04-30 04:35:00,3760.0,3770.0,3750.0,3760.0,747600
2026-04-30 04:40:00,3770.0,3770.0,3750.0,3750.0,920500
2026-04-30 04:45:00,3760.0,3770.0,3760.0,3770.0,531400
2026-04-30 04:50:00,3770.0,3770.0,3760.0,3770.0,57000
2026-04-30 04:55:00,3770.0,3770.0,3760.0,3770.0,451800
2026-04-30 06:30:00,3770.0,3770.0,3770.0,3770.0,0
