Datetime,Close,High,Low,Open,Volume
2026-01-27 02:00:00,3820.0,3840.0,3820.0,3840.0,0
2026-01-27 02:05:00,3820.0,3840.0,3810.0,3820.0,4004300
2026-01-27 02:10:00,3810.0,3820.0,3810.0,3820.0,630600
2026-01-27 02:15:00,3820.0,3820.0,3800.0,3820.0,6466400
2026-01-27 02:20:00,3820.0,3820.0,3810.0,3810.0,464100
2026-01-27 02:25:00,3820.0,3820.0,3810.0,3820.0,467600
2026-01-27 02:30:00,3820.0,3820.0,3810.0,3820.0,962100
2026-01-27 02:35:00,3810.0,3820.0,3810.0,3820.0,3423100
2026-01-27 02:40:00,3810.0,3820.0,3810.0,3820.0,704500
2026-01-27 02:45:00,3810.0,3820.0,3810.0,3820.0,253400
2026-01-27 02:50:00,3810.0,3820.0,3800.0,3820.0,5624700
2026-01-27 02:55:00,3810.0,3820.0,3810.0,3810.0,1148000
2026-01-27 03:00:00,3810.0,3820.0,3810.0,3820.0,1057600
2026-01-27 03:05:00,3810.0,3820.0,3810.0,3810.0,323500
2026-01-27 03:10:00,3810.0,3820.0,3810.0,3810.0,700600
2026-01-27 03:15:00,3810.0,3820.0,3810.0,3820.0,1093500
2026-01-27 03:20:00,3820.0,3820.0,3810.0,3820.0,447900
2026-01-27 03:25:00,3820.0,3820.0,3810.0,3820.0,757700
2026-01-27 03:30:00,3820.0,3820.0,3810.0,3820.0,925500
2026-01-27 03:35:00,3810.0,3820.0,3810.0,3820.0,1174500
2026-01-27 03:40:00,3810.0,3820.0,3810.0,3820.0,445000
2026-01-27 03:45:00,3820.0,3820.0,3810.0,3820.0,493700
2026-01-27 03:50:00,3800.0,3820.0,3800.0,3820.0,6524900
2026-01-27 03:55:00,3800.0,3810.0,3800.0,3800.0,1195400
2026-01-27 04:00:00,3800.0,3810.0,3800.0,3800.0,859100
2026-01-27 04:05:00,3790.0,3810.0,3790.0,3810.0,7179000
2026-01-27 04:10:00,3790.0,3800.0,3780.0,3790.0,1782000
2026-01-27 04:15:00,3790.0,3790.0,3780.0,3780.0,955100
2026-01-27 04:20:00,3790.0,3790.0,3780.0,3790.0,1437800
2026-01-27 04:25:00,3790.0,3790.0,3780.0,3790.0,649800
2026-01-27 04:30:00,3780.0,3790.0,3780.0,3790.0,3223500
2026-01-27 04:35:00,3790.0,3800.0,3780.0,3790.0,1524000
2026-01-27 04:40:00,3800.0,3800.0,3790.0,3790.0,1039000
2026-01-27 04:45:00,3800.0,3800.0,3790.0,3800.0,2143300
2026-01-27 04:50:00,3800.0,3800.0,3790.0,3800.0,1756200
2026-01-27 04:55:00,3790.0,3800.0,3790.0,3790.0,2425200
2026-01-27 06:30:00,3800.0,3800.0,3790.0,3790.0,1517700
2026-01-27 06:35:00,3800.0,3800.0,3790.0,3800.0,381100
2026-01-27 06:40:00,3790.0,3800.0,3790.0,3790.0,1576600
2026-01-27 06:45:00,3790.0,3800.0,3790.0,3790.0,1127100
2026-01-27 06:50:00,3790.0,3800.0,3790.0,3790.0,1791600
2026-01-27 06:55:00,3790.0,3800.0,3790.0,3790.0,839200
2026-01-27 07:00:00,3790.0,3800.0,3790.0,3800.0,978400
2026-01-27 07:05:00,3790.0,3800.0,3790.0,3790.0,1381100
2026-01-27 07:10:00,3800.0,3800.0,3790.0,3790.0,413800
2026-01-27 07:15:00,3790.0,3800.0,3790.0,3800.0,1660400
2026-01-27 07:20:00,3800.0,3800.0,3790.0,3790.0,1193100
2026-01-27 07:25:00,3790.0,3800.0,3790.0,3800.0,812400
2026-01-27 07:30:00,3800.0,3800.0,3790.0,3800.0,1866300
2026-01-27 07:35:00,3790.0,3800.0,3790.0,3800.0,981300
2026-01-27 07:40:00,3790.0,3800.0,3790.0,3790.0,936000
2026-01-27 07:45:00,3790.0,3800.0,3790.0,3790.0,3941800
2026-01-27 07:50:00,3790.0,3800.0,3790.0,3790.0,1892800
2026-01-27 07:55:00,3790.0,3800.0,3790.0,3790.0,1665100
2026-01-27 08:00:00,3790.0,3800.0,3790.0,3790.0,1559300
2026-01-27 08:05:00,3790.0,3800.0,3790.0,3790.0,1980400
2026-01-27 08:10:00,3790.0,3800.0,3790.0,3790.0,3882900
2026-01-27 08:15:00,3800.0,3800.0,3790.0,3790.0,802100
2026-01-27 08:20:00,3790.0,3800.0,3790.0,3790.0,740900
2026-01-27 08:25:00,3800.0,3800.0,3790.0,3790.0,1043400
2026-01-27 08:30:00,3790.0,3800.0,3790.0,3800.0,1207800
2026-01-27 08:35:00,3800.0,3800.0,3790.0,3790.0,2026200
2026-01-27 08:40:00,3790.0,3800.0,3780.0,3790.0,7588900
2026-01-27 08:45:00,3810.0,3810.0,3780.0,3780.0,5068800
2026-01-27 09:00:00,3820.0,3820.0,3820.0,3820.0,36100800
2026-01-27 09:05:00,3820.0,3820.0,3820.0,3820.0,29900
2026-01-27 09:10:00,3820.0,3820.0,3820.0,3820.0,3600
2026-01-28 02:00:00,3720.0,3720.0,3610.0,3630.0,0
2026-01-28 02:05:00,3700.0,3730.0,3680.0,3720.0,24170300
2026-01-28 02:10:00,3750.0,3770.0,3700.0,3710.0,25743100
2026-01-28 02:15:00,3740.0,3780.0,3730.0,3760.0,25334300
2026-01-28 02:20:00,3740.0,3750.0,3720.0,3740.0,10747400
2026-01-28 02:25:00,3760.0,3760.0,3730.0,3740.0,6562300
2026-01-28 02:30:00,3730.0,3760.0,3720.0,3760.0,8529600
2026-01-28 02:35:00,3730.0,3730.0,3700.0,3720.0,8937900
2026-01-28 02:40:00,3730.0,3730.0,3700.0,3730.0,6338500
2026-01-28 02:45:00,3730.0,3740.0,3720.0,3730.0,3599700
2026-01-28 02:50:00,3740.0,3750.0,3720.0,3730.0,6400200
2026-01-28 02:55:00,3730.0,3750.0,3730.0,3740.0,10213600
2026-01-28 03:00:00,3750.0,3750.0,3730.0,3740.0,4339700
2026-01-28 03:05:00,3750.0,3750.0,3740.0,3740.0,2035700
2026-01-28 03:10:00,3740.0,3750.0,3730.0,3750.0,4257900
2026-01-28 03:15:00,3720.0,3740.0,3720.0,3740.0,7770300
2026-01-28 03:20:00,3720.0,3730.0,3710.0,3730.0,4984000
2026-01-28 03:25:00,3710.0,3720.0,3700.0,3710.0,3049300
2026-01-28 03:30:00,3700.0,3710.0,3700.0,3710.0,4540000
2026-01-28 03:35:00,3690.0,3710.0,3690.0,3700.0,7743300
2026-01-28 03:40:00,3670.0,3700.0,3670.0,3690.0,11621600
2026-01-28 03:45:00,3690.0,3690.0,3660.0,3670.0,8860200
2026-01-28 03:50:00,3670.0,3690.0,3660.0,3690.0,4661900
2026-01-28 03:55:00,3660.0,3670.0,3650.0,3670.0,8304600
2026-01-28 04:00:00,3660.0,3660.0,3650.0,3660.0,9133700
2026-01-28 04:05:00,3650.0,3660.0,3640.0,3650.0,6533400
2026-01-28 04:10:00,3640.0,3660.0,3630.0,3640.0,10626400
2026-01-28 04:15:00,3640.0,3640.0,3630.0,3640.0,4739500
2026-01-28 04:20:00,3650.0,3660.0,3630.0,3640.0,10820100
2026-01-28 04:25:00,3670.0,3670.0,3650.0,3660.0,9205900
2026-01-28 04:30:00,3680.0,3690.0,3660.0,3670.0,8341700
2026-01-28 04:35:00,3680.0,3680.0,3670.0,3680.0,1678100
2026-01-28 04:40:00,3670.0,3680.0,3650.0,3680.0,5966100
2026-01-28 04:45:00,3650.0,3670.0,3650.0,3670.0,2479900
2026-01-28 04:50:00,3670.0,3670.0,3650.0,3660.0,3615700
2026-01-28 04:55:00,3670.0,3670.0,3660.0,3660.0,1971900
2026-01-28 06:30:00,3640.0,3670.0,3630.0,3670.0,30014600
2026-01-28 06:35:00,3630.0,3640.0,3630.0,3640.0,3461900
2026-01-28 06:40:00,3620.0,3640.0,3620.0,3640.0,19662300
2026-01-28 07:10:00,3610.0,3630.0,3600.0,3630.0,25796200
2026-01-28 07:15:00,3580.0,3610.0,3580.0,3600.0,31083400
2026-01-28 07:20:00,3570.0,3590.0,3540.0,3580.0,29739600
2026-01-28 07:25:00,3570.0,3580.0,3550.0,3580.0,14660800
2026-01-28 07:30:00,3590.0,3600.0,3560.0,3580.0,8632600
2026-01-28 07:35:00,3570.0,3600.0,3560.0,3590.0,7807400
2026-01-28 07:40:00,3570.0,3580.0,3550.0,3570.0,15614300
2026-01-28 07:45:00,3580.0,3580.0,3560.0,3570.0,7474800
2026-01-28 07:50:00,3580.0,3590.0,3570.0,3570.0,11062800
2026-01-28 07:55:00,3570.0,3590.0,3570.0,3580.0,8071400
2026-01-28 08:00:00,3580.0,3580.0,3570.0,3570.0,5117800
2026-01-28 08:05:00,3610.0,3610.0,3570.0,3580.0,7772300
2026-01-28 08:10:00,3610.0,3620.0,3600.0,3610.0,7242100
2026-01-28 08:15:00,3630.0,3630.0,3610.0,3610.0,6558200
2026-01-28 08:20:00,3630.0,3640.0,3620.0,3620.0,8067700
2026-01-28 08:25:00,3600.0,3630.0,3600.0,3630.0,10366100
2026-01-28 08:30:00,3600.0,3610.0,3590.0,3610.0,12518300
2026-01-28 08:35:00,3620.0,3620.0,3590.0,3600.0,7209500
2026-01-28 08:40:00,3620.0,3630.0,3610.0,3620.0,11126100
2026-01-28 08:45:00,3610.0,3620.0,3600.0,3620.0,12662500
2026-01-28 09:00:00,3590.0,3590.0,3590.0,3590.0,50438900
2026-01-28 09:05:00,3590.0,3590.0,3590.0,3590.0,4909300
2026-01-28 09:10:00,3590.0,3590.0,3590.0,3590.0,6696600
2026-01-29 02:00:00,3530.0,3570.0,3520.0,3560.0,0
2026-01-29 02:05:00,3510.0,3540.0,3500.0,3540.0,19233300
2026-01-29 02:10:00,3460.0,3510.0,3450.0,3510.0,33640400
2026-01-29 02:15:00,3490.0,3500.0,3460.0,3470.0,17192600
2026-01-29 02:20:00,3480.0,3490.0,3460.0,3480.0,11694900
2026-01-29 02:25:00,3450.0,3480.0,3450.0,3480.0,6175800
2026-01-29 02:55:00,3300.0,3460.0,3290.0,3450.0,57650500
2026-01-29 03:00:00,3420.0,3430.0,3300.0,3300.0,26754100
2026-01-29 03:05:00,3420.0,3440.0,3410.0,3420.0,12725700
2026-01-29 03:10:00,3420.0,3430.0,3400.0,3420.0,12448800
2026-01-29 03:15:00,3490.0,3490.0,3410.0,3420.0,22175600
2026-01-29 03:20:00,3530.0,3550.0,3480.0,3480.0,16905500
2026-01-29 03:25:00,3530.0,3550.0,3520.0,3530.0,12084500
2026-01-29 03:30:00,3570.0,3580.0,3530.0,3530.0,7725600
2026-01-29 03:35:00,3610.0,3620.0,3560.0,3560.0,15324100
2026-01-29 03:40:00,3590.0,3610.0,3560.0,3610.0,7535100
2026-01-29 03:45:00,3620.0,3630.0,3580.0,3590.0,13241700
2026-01-29 03:50:00,3620.0,3650.0,3610.0,3620.0,22466100
2026-01-29 03:55:00,3610.0,3620.0,3590.0,3610.0,11400000
2026-01-29 04:00:00,3600.0,3610.0,3580.0,3610.0,9429300
2026-01-29 04:05:00,3600.0,3600.0,3590.0,3590.0,4301600
2026-01-29 04:10:00,3600.0,3610.0,3590.0,3600.0,4200700
2026-01-29 04:15:00,3600.0,3610.0,3590.0,3600.0,3956900
2026-01-29 04:20:00,3600.0,3600.0,3590.0,3600.0,2278000
2026-01-29 04:25:00,3590.0,3600.0,3590.0,3600.0,4131700
2026-01-29 04:30:00,3570.0,3600.0,3570.0,3590.0,10171800
2026-01-29 04:35:00,3560.0,3580.0,3550.0,3570.0,10724600
2026-01-29 04:40:00,3540.0,3560.0,3540.0,3560.0,3950100
2026-01-29 04:45:00,3570.0,3570.0,3540.0,3540.0,4192700
2026-01-29 04:50:00,3570.0,3580.0,3560.0,3570.0,2325100
2026-01-29 04:55:00,3600.0,3600.0,3570.0,3580.0,4223800
2026-01-29 06:30:00,3630.0,3630.0,3590.0,3600.0,15202200
2026-01-29 06:35:00,3620.0,3640.0,3590.0,3630.0,18816200
2026-01-29 06:40:00,3670.0,3670.0,3600.0,3610.0,21475500
2026-01-29 06:45:00,3640.0,3680.0,3630.0,3670.0,17412400
2026-01-29 06:50:00,3650.0,3660.0,3630.0,3640.0,3262900
2026-01-29 06:55:00,3700.0,3700.0,3650.0,3650.0,23562900
2026-01-29 07:00:00,3700.0,3710.0,3690.0,3690.0,8462500
2026-01-29 07:05:00,3720.0,3730.0,3700.0,3700.0,12557400
2026-01-29 07:10:00,3720.0,3730.0,3700.0,3710.0,6623600
2026-01-29 07:15:00,3730.0,3740.0,3710.0,3720.0,10130900
2026-01-29 07:20:00,3730.0,3730.0,3710.0,3730.0,8761400
2026-01-29 07:25:00,3750.0,3750.0,3730.0,3730.0,8136700
2026-01-29 07:30:00,3710.0,3770.0,3710.0,3750.0,29453700
2026-01-29 07:35:00,3690.0,3730.0,3680.0,3720.0,19232000
2026-01-29 07:40:00,3710.0,3710.0,3680.0,3690.0,7250000
2026-01-29 07:45:00,3720.0,3720.0,3700.0,3700.0,6397900
2026-01-29 07:50:00,3740.0,3740.0,3710.0,3710.0,5157100
2026-01-29 07:55:00,3730.0,3740.0,3720.0,3740.0,5961700
2026-01-29 08:00:00,3720.0,3740.0,3720.0,3720.0,6017300
2026-01-29 08:05:00,3710.0,3730.0,3700.0,3730.0,5912500
2026-01-29 08:10:00,3710.0,3720.0,3700.0,3710.0,4888400
2026-01-29 08:15:00,3720.0,3720.0,3700.0,3700.0,2558500
2026-01-29 08:20:00,3720.0,3730.0,3710.0,3720.0,5724800
2026-01-29 08:25:00,3720.0,3730.0,3710.0,3730.0,7140900
2026-01-29 08:30:00,3720.0,3730.0,3710.0,3720.0,3829700
2026-01-29 08:35:00,3720.0,3730.0,3720.0,3720.0,3999200
2026-01-29 08:40:00,3710.0,3730.0,3710.0,3720.0,11609700
2026-01-29 08:45:00,3720.0,3730.0,3710.0,3710.0,9391100
2026-01-29 09:00:00,3780.0,3780.0,3780.0,3780.0,56735100
2026-01-29 09:05:00,3780.0,3780.0,3780.0,3780.0,173100
2026-01-29 09:10:00,3780.0,3780.0,3780.0,3780.0,108900
2026-01-30 02:00:00,3790.0,3800.0,3750.0,3790.0,0
2026-01-30 02:05:00,3820.0,3820.0,3780.0,3780.0,21031100
2026-01-30 02:10:00,3820.0,3820.0,3810.0,3810.0,7292600
2026-01-30 02:15:00,3810.0,3820.0,3800.0,3820.0,16780400
2026-01-30 02:20:00,3800.0,3810.0,3790.0,3800.0,11063600
2026-01-30 02:25:00,3800.0,3810.0,3800.0,3800.0,5467800
2026-01-30 02:30:00,3770.0,3810.0,3740.0,3800.0,20003800
2026-01-30 02:35:00,3790.0,3790.0,3760.0,3770.0,6564800
2026-01-30 02:40:00,3800.0,3800.0,3780.0,3780.0,3438300
2026-01-30 02:45:00,3810.0,3810.0,3790.0,3790.0,8859400
2026-01-30 02:50:00,3810.0,3810.0,3800.0,3800.0,2539800
2026-01-30 02:55:00,3810.0,3810.0,3800.0,3810.0,3821400
2026-01-30 03:00:00,3820.0,3830.0,3800.0,3810.0,16369400
2026-01-30 03:05:00,3840.0,3840.0,3820.0,3820.0,14397800
2026-01-30 03:10:00,3830.0,3840.0,3820.0,3840.0,8267900
2026-01-30 03:15:00,3820.0,3830.0,3820.0,3820.0,2938000
2026-01-30 03:20:00,3830.0,3830.0,3820.0,3820.0,3744000
2026-01-30 03:25:00,3830.0,3830.0,3820.0,3820.0,2526700
2026-01-30 03:30:00,3820.0,3830.0,3810.0,3820.0,5418800
2026-01-30 03:35:00,3830.0,3830.0,3810.0,3820.0,3656900
2026-01-30 03:40:00,3830.0,3830.0,3820.0,3820.0,1031200
2026-01-30 03:45:00,3820.0,3830.0,3820.0,3820.0,6693600
2026-01-30 03:50:00,3830.0,3830.0,3820.0,3820.0,2339200
2026-01-30 03:55:00,3820.0,3830.0,3820.0,3820.0,3937100
2026-01-30 04:00:00,3840.0,3840.0,3820.0,3820.0,4339100
2026-01-30 04:05:00,3820.0,3840.0,3820.0,3830.0,5560400
2026-01-30 04:10:00,3830.0,3840.0,3820.0,3830.0,2345200
2026-01-30 04:15:00,3840.0,3840.0,3830.0,3830.0,1604400
2026-01-30 04:20:00,3840.0,3840.0,3830.0,3840.0,3901100
2026-01-30 04:25:00,3840.0,3840.0,3830.0,3830.0,3346500
2026-01-30 07:00:00,3890.0,3890.0,3820.0,3840.0,75955600
2026-01-30 07:05:00,3890.0,3890.0,3880.0,3890.0,9595800
2026-01-30 07:10:00,3870.0,3890.0,3860.0,3890.0,13233400
2026-01-30 07:15:00,3860.0,3870.0,3860.0,3870.0,3250300
2026-01-30 07:20:00,3870.0,3870.0,3860.0,3870.0,5193300
2026-01-30 07:25:00,3870.0,3870.0,3860.0,3870.0,5371400
2026-01-30 07:30:00,3860.0,3870.0,3860.0,3870.0,3478000
2026-01-30 07:35:00,3860.0,3870.0,3850.0,3860.0,7913100
2026-01-30 07:40:00,3850.0,3860.0,3840.0,3860.0,6749400
2026-01-30 07:45:00,3830.0,3850.0,3830.0,3840.0,9915200
2026-01-30 07:50:00,3820.0,3840.0,3820.0,3830.0,4342100
2026-01-30 07:55:00,3840.0,3840.0,3820.0,3830.0,8123200
2026-01-30 08:00:00,3840.0,3840.0,3830.0,3840.0,2667100
2026-01-30 08:05:00,3840.0,3840.0,3830.0,3840.0,5870000
2026-01-30 08:10:00,3840.0,3840.0,3830.0,3830.0,2007200
2026-01-30 08:15:00,3840.0,3840.0,3830.0,3840.0,5777300
2026-01-30 08:20:00,3840.0,3840.0,3830.0,3840.0,3368800
2026-01-30 08:25:00,3850.0,3850.0,3830.0,3840.0,7343700
2026-01-30 08:30:00,3850.0,3850.0,3840.0,3850.0,3785300
2026-01-30 08:35:00,3850.0,3850.0,3840.0,3850.0,2347900
2026-01-30 08:40:00,3860.0,3870.0,3840.0,3850.0,21038900
2026-01-30 08:45:00,3840.0,3860.0,3840.0,3850.0,8254300
2026-01-30 09:00:00,3810.0,3810.0,3810.0,3810.0,80090000
2026-01-30 09:05:00,3810.0,3810.0,3810.0,3810.0,212700
2026-01-30 09:10:00,3810.0,3810.0,3810.0,3810.0,454000
2026-02-02 09:10:00,3830.0,3830.0,3830.0,3830.0,0
2026-02-03 02:00:00,3820.0,3860.0,3810.0,3860.0,0
2026-02-03 02:05:00,3770.0,3820.0,3760.0,3820.0,15545100
2026-02-03 02:10:00,3800.0,3800.0,3760.0,3770.0,6247800
2026-02-03 02:15:00,3800.0,3810.0,3790.0,3800.0,2457000
2026-02-03 02:20:00,3820.0,3820.0,3790.0,3800.0,3379100
2026-02-03 02:25:00,3810.0,3820.0,3800.0,3820.0,2110000
2026-02-03 02:30:00,3800.0,3810.0,3800.0,3800.0,1359800
2026-02-03 02:35:00,3830.0,3830.0,3800.0,3810.0,2863000
2026-02-03 02:40:00,3840.0,3840.0,3810.0,3820.0,4761400
2026-02-03 02:45:00,3850.0,3850.0,3830.0,3840.0,8500800
2026-02-03 02:50:00,3860.0,3860.0,3840.0,3850.0,7181900
2026-02-03 02:55:00,3840.0,3870.0,3840.0,3850.0,7080800
2026-02-03 03:00:00,3840.0,3850.0,3840.0,3840.0,1202300
2026-02-03 03:05:00,3850.0,3860.0,3840.0,3840.0,5523400
2026-02-03 03:10:00,3830.0,3860.0,3820.0,3850.0,3892800
2026-02-03 03:15:00,3830.0,3830.0,3820.0,3830.0,337000
2026-02-03 03:20:00,3830.0,3830.0,3820.0,3820.0,3593300
2026-02-03 03:25:00,3810.0,3830.0,3810.0,3820.0,2336600
2026-02-03 03:30:00,3820.0,3830.0,3810.0,3820.0,882100
2026-02-03 03:35:00,3820.0,3830.0,3820.0,3820.0,226600
2026-02-03 03:40:00,3820.0,3830.0,3820.0,3830.0,287800
2026-02-03 03:45:00,3830.0,3830.0,3820.0,3820.0,616700
2026-02-03 03:50:00,3830.0,3830.0,3820.0,3830.0,755900
2026-02-03 03:55:00,3830.0,3830.0,3820.0,3820.0,572200
2026-02-03 04:00:00,3830.0,3830.0,3820.0,3820.0,572500
2026-02-03 04:05:00,3830.0,3830.0,3820.0,3830.0,870000
2026-02-03 04:10:00,3830.0,3830.0,3820.0,3830.0,855500
2026-02-03 04:15:00,3840.0,3850.0,3820.0,3830.0,2741800
2026-02-03 04:20:00,3840.0,3850.0,3830.0,3850.0,2135300
2026-02-03 04:25:00,3840.0,3850.0,3830.0,3840.0,2936400
2026-02-03 04:30:00,3840.0,3850.0,3840.0,3840.0,1294300
2026-02-03 04:35:00,3830.0,3850.0,3830.0,3850.0,1793800
2026-02-03 04:40:00,3830.0,3840.0,3830.0,3830.0,2717900
2026-02-03 04:45:00,3830.0,3840.0,3830.0,3840.0,1084600
2026-02-03 04:50:00,3850.0,3850.0,3830.0,3840.0,1452400
2026-02-03 04:55:00,3840.0,3850.0,3840.0,3850.0,1934400
2026-02-03 06:30:00,3840.0,3850.0,3830.0,3840.0,2989800
2026-02-03 06:35:00,3830.0,3840.0,3830.0,3840.0,153700
2026-02-03 06:40:00,3830.0,3840.0,3820.0,3830.0,3139000
2026-02-03 06:45:00,3820.0,3840.0,3810.0,3820.0,1959700
2026-02-03 06:50:00,3830.0,3830.0,3820.0,3820.0,333100
2026-02-03 06:55:00,3830.0,3830.0,3820.0,3830.0,194200
2026-02-03 07:00:00,3820.0,3830.0,3820.0,3820.0,552500
2026-02-03 07:05:00,3830.0,3840.0,3820.0,3830.0,1361000
2026-02-03 07:10:00,3830.0,3840.0,3830.0,3840.0,1139300
2026-02-03 07:15:00,3830.0,3840.0,3820.0,3840.0,1152200
2026-02-03 07:20:00,3830.0,3830.0,3820.0,3830.0,1294200
2026-02-03 07:25:00,3820.0,3830.0,3820.0,3820.0,450300
2026-02-03 07:30:00,3830.0,3830.0,3820.0,3830.0,1054600
2026-02-03 07:35:00,3820.0,3830.0,3820.0,3830.0,1301600
2026-02-03 07:40:00,3820.0,3830.0,3820.0,3830.0,459900
2026-02-03 07:45:00,3830.0,3830.0,3820.0,3830.0,1085600
2026-02-03 07:50:00,3820.0,3830.0,3820.0,3830.0,563300
2026-02-03 07:55:00,3820.0,3830.0,3820.0,3830.0,884200
2026-02-03 08:00:00,3820.0,3830.0,3820.0,3830.0,850000
2026-02-03 08:05:00,3830.0,3830.0,3820.0,3820.0,1828100
2026-02-03 08:10:00,3830.0,3830.0,3820.0,3830.0,560600
2026-02-03 08:15:00,3830.0,3830.0,3820.0,3820.0,1937300
2026-02-03 08:20:00,3830.0,3830.0,3820.0,3820.0,624500
2026-02-03 08:25:00,3820.0,3830.0,3820.0,3820.0,753800
2026-02-03 08:30:00,3830.0,3830.0,3820.0,3820.0,1401200
2026-02-03 08:35:00,3820.0,3830.0,3810.0,3830.0,6072900
2026-02-03 08:40:00,3820.0,3820.0,3810.0,3820.0,4745000
2026-02-03 08:45:00,3810.0,3820.0,3810.0,3820.0,5234800
2026-02-03 09:00:00,3800.0,3800.0,3800.0,3800.0,34698900
2026-02-03 09:05:00,3800.0,3800.0,3800.0,3800.0,178800
2026-02-03 09:10:00,3800.0,3800.0,3800.0,3800.0,135900
2026-02-04 02:00:00,3820.0,3830.0,3800.0,3820.0,0
2026-02-04 02:05:00,3830.0,3830.0,3810.0,3830.0,4605600
2026-02-04 02:10:00,3840.0,3840.0,3820.0,3820.0,3764600
2026-02-04 02:15:00,3830.0,3840.0,3820.0,3830.0,5801500
2026-02-04 02:20:00,3820.0,3840.0,3820.0,3830.0,4157300
2026-02-04 02:25:00,3820.0,3830.0,3810.0,3820.0,4863800
2026-02-04 02:30:00,3820.0,3830.0,3810.0,3820.0,822400
2026-02-04 02:35:00,3810.0,3830.0,3810.0,3820.0,2386500
2026-02-04 02:40:00,3810.0,3820.0,3810.0,3810.0,713900
2026-02-04 02:45:00,3810.0,3820.0,3810.0,3810.0,496000
2026-02-04 02:50:00,3810.0,3820.0,3810.0,3820.0,3154900
2026-02-04 02:55:00,3820.0,3820.0,3810.0,3810.0,1232400
2026-02-04 03:00:00,3830.0,3830.0,3810.0,3810.0,1713900
2026-02-04 03:05:00,3820.0,3830.0,3820.0,3820.0,1042500
2026-02-04 03:10:00,3850.0,3860.0,3820.0,3830.0,23367900
2026-02-04 03:15:00,3840.0,3850.0,3840.0,3850.0,1310900
2026-02-04 03:20:00,3840.0,3860.0,3840.0,3840.0,6266300
2026-02-04 03:25:00,3840.0,3850.0,3840.0,3850.0,1908700
2026-02-04 03:30:00,3860.0,3870.0,3830.0,3850.0,16933200
2026-02-04 03:35:00,3860.0,3870.0,3850.0,3860.0,5000000
2026-02-04 03:40:00,3860.0,3870.0,3850.0,3860.0,2443200
2026-02-04 03:45:00,3850.0,3860.0,3850.0,3850.0,519100
2026-02-04 03:50:00,3860.0,3860.0,3850.0,3860.0,665300
2026-02-04 03:55:00,3850.0,3870.0,3850.0,3860.0,6907900
2026-02-04 04:00:00,3850.0,3860.0,3840.0,3850.0,4071800
2026-02-04 04:05:00,3850.0,3860.0,3850.0,3850.0,1932700
2026-02-04 04:10:00,3850.0,3860.0,3850.0,3860.0,997800
2026-02-04 04:15:00,3850.0,3860.0,3840.0,3850.0,3181400
2026-02-04 04:20:00,3850.0,3850.0,3840.0,3840.0,182900
2026-02-04 04:25:00,3840.0,3850.0,3840.0,3840.0,486600
2026-02-04 04:30:00,3850.0,3850.0,3840.0,3850.0,1249200
2026-02-04 04:35:00,3840.0,3850.0,3840.0,3840.0,471900
2026-02-04 04:40:00,3850.0,3860.0,3840.0,3840.0,3321100
2026-02-04 04:45:00,3860.0,3860.0,3850.0,3860.0,558800
2026-02-04 04:50:00,3850.0,3860.0,3850.0,3850.0,432300
2026-02-04 04:55:00,3850.0,3860.0,3850.0,3850.0,1025000
2026-02-04 06:30:00,3850.0,3860.0,3840.0,3850.0,4312700
2026-02-04 06:35:00,3850.0,3860.0,3850.0,3850.0,743000
2026-02-04 06:40:00,3850.0,3860.0,3850.0,3860.0,1472000
2026-02-04 06:45:00,3860.0,3860.0,3850.0,3850.0,1535600
2026-02-04 06:50:00,3850.0,3860.0,3850.0,3850.0,472400
2026-02-04 06:55:00,3850.0,3860.0,3850.0,3860.0,3637100
2026-02-04 07:00:00,3860.0,3860.0,3850.0,3850.0,4837700
2026-02-04 07:05:00,3840.0,3860.0,3840.0,3850.0,1348800
2026-02-04 07:10:00,3860.0,3870.0,3840.0,3840.0,9539800
2026-02-04 07:15:00,3860.0,3870.0,3860.0,3860.0,4189600
2026-02-04 07:20:00,3860.0,3870.0,3860.0,3860.0,1197800
2026-02-04 07:25:00,3870.0,3880.0,3860.0,3870.0,11569400
2026-02-04 07:30:00,3880.0,3880.0,3870.0,3870.0,1440700
2026-02-04 07:35:00,3870.0,3880.0,3870.0,3880.0,1150500
2026-02-04 07:40:00,3880.0,3880.0,3870.0,3880.0,2516700
2026-02-04 07:45:00,3880.0,3880.0,3860.0,3880.0,9547000
2026-02-04 07:50:00,3870.0,3880.0,3870.0,3880.0,1227300
2026-02-04 07:55:00,3870.0,3880.0,3870.0,3870.0,1450400
2026-02-04 08:00:00,3880.0,3880.0,3870.0,3870.0,5492100
2026-02-04 08:05:00,3860.0,3880.0,3860.0,3870.0,3577600
2026-02-04 08:10:00,3870.0,3870.0,3860.0,3860.0,1767000
2026-02-04 08:15:00,3870.0,3870.0,3860.0,3860.0,1947000
2026-02-04 08:20:00,3870.0,3870.0,3860.0,3860.0,1470600
2026-02-04 08:25:00,3870.0,3870.0,3860.0,3870.0,3044600
2026-02-04 08:30:00,3870.0,3870.0,3860.0,3860.0,2895800
2026-02-04 08:35:00,3860.0,3870.0,3860.0,3860.0,2823000
2026-02-04 08:40:00,3880.0,3880.0,3860.0,3870.0,9431500
2026-02-04 08:45:00,3850.0,3880.0,3850.0,3870.0,9201100
2026-02-04 09:00:00,3870.0,3870.0,3870.0,3870.0,20129900
2026-02-04 09:05:00,3870.0,3870.0,3870.0,3870.0,58800
2026-02-04 09:10:00,3870.0,3870.0,3870.0,3870.0,89500
2026-02-05 02:00:00,3890.0,3900.0,3840.0,3850.0,0
2026-02-05 02:05:00,3910.0,3910.0,3880.0,3890.0,20035800
2026-02-05 02:10:00,3900.0,3920.0,3900.0,3910.0,7186800
2026-02-05 02:15:00,3900.0,3910.0,3890.0,3910.0,13067000
2026-02-05 02:20:00,3880.0,3900.0,3880.0,3900.0,9866300
2026-02-05 02:25:00,3900.0,3900.0,3880.0,3890.0,2551500
2026-02-05 02:30:00,3890.0,3900.0,3890.0,3900.0,1088600
2026-02-05 02:35:00,3890.0,3900.0,3890.0,3900.0,945400
2026-02-05 02:40:00,3890.0,3900.0,3890.0,3890.0,3666300
2026-02-05 02:45:00,3900.0,3900.0,3890.0,3890.0,4282800
2026-02-05 02:50:00,3890.0,3890.0,3880.0,3890.0,2599000
2026-02-05 02:55:00,3890.0,3900.0,3880.0,3890.0,7150300
2026-02-05 03:00:00,3880.0,3900.0,3880.0,3890.0,2971800
2026-02-05 03:05:00,3890.0,3890.0,3880.0,3890.0,3261500
2026-02-05 03:10:00,3900.0,3900.0,3880.0,3890.0,3474300
2026-02-05 03:15:00,3910.0,3920.0,3890.0,3900.0,23387800
2026-02-05 03:20:00,3930.0,3930.0,3910.0,3910.0,7926500
2026-02-05 03:25:00,3930.0,3930.0,3910.0,3930.0,5651100
2026-02-05 03:30:00,3920.0,3930.0,3920.0,3920.0,3905200
2026-02-05 03:35:00,3920.0,3940.0,3920.0,3920.0,12542600
2026-02-05 03:40:00,3930.0,3930.0,3920.0,3930.0,1148300
2026-02-05 03:45:00,3930.0,3930.0,3920.0,3930.0,1439700
2026-02-05 03:50:00,3920.0,3930.0,3910.0,3920.0,4028100
2026-02-05 03:55:00,3920.0,3920.0,3910.0,3920.0,742200
2026-02-05 04:00:00,3920.0,3920.0,3910.0,3910.0,622300
2026-02-05 04:05:00,3910.0,3920.0,3910.0,3910.0,866800
2026-02-05 04:10:00,3930.0,3930.0,3910.0,3920.0,3380300
2026-02-05 04:15:00,3930.0,3930.0,3920.0,3920.0,904100
2026-02-05 04:20:00,3920.0,3930.0,3920.0,3930.0,496800
2026-02-05 04:25:00,3930.0,3930.0,3920.0,3930.0,1026100
2026-02-05 04:30:00,3930.0,3930.0,3920.0,3930.0,904500
2026-02-05 04:35:00,3930.0,3930.0,3920.0,3920.0,3211300
2026-02-05 04:40:00,3920.0,3930.0,3920.0,3930.0,1656600
2026-02-05 04:45:00,3920.0,3930.0,3920.0,3920.0,5240200
2026-02-05 04:50:00,3920.0,3930.0,3920.0,3930.0,664800
2026-02-05 04:55:00,3920.0,3930.0,3920.0,3930.0,695800
2026-02-05 06:30:00,3920.0,3930.0,3920.0,3920.0,3031900
2026-02-05 06:35:00,3920.0,3930.0,3920.0,3920.0,665300
2026-02-05 06:40:00,3920.0,3930.0,3920.0,3920.0,603200
2026-02-05 06:45:00,3920.0,3930.0,3920.0,3920.0,3438300
2026-02-05 06:50:00,3920.0,3930.0,3910.0,3930.0,2504400
2026-02-05 06:55:00,3920.0,3920.0,3910.0,3920.0,822700
2026-02-05 07:00:00,3920.0,3920.0,3910.0,3920.0,1399000
2026-02-05 07:05:00,3930.0,3930.0,3910.0,3910.0,4669700
2026-02-05 07:10:00,3920.0,3930.0,3920.0,3920.0,1437600
2026-02-05 07:15:00,3920.0,3930.0,3910.0,3930.0,4479500
2026-02-05 07:20:00,3930.0,3930.0,3910.0,3920.0,3101800
2026-02-05 07:25:00,3930.0,3930.0,3920.0,3920.0,1856300
2026-02-05 07:30:00,3920.0,3930.0,3920.0,3930.0,2546600
2026-02-05 07:35:00,3920.0,3930.0,3910.0,3920.0,1772800
2026-02-05 07:40:00,3920.0,3930.0,3910.0,3920.0,3564600
2026-02-05 07:45:00,3900.0,3930.0,3900.0,3920.0,7153300
2026-02-05 07:50:00,3910.0,3920.0,3900.0,3910.0,2270300
2026-02-05 07:55:00,3920.0,3920.0,3910.0,3910.0,925300
2026-02-05 08:00:00,3910.0,3920.0,3900.0,3910.0,4948700
2026-02-05 08:05:00,3910.0,3920.0,3910.0,3910.0,957500
2026-02-05 08:10:00,3910.0,3920.0,3910.0,3910.0,1105500
2026-02-05 08:15:00,3920.0,3920.0,3910.0,3910.0,927600
2026-02-05 08:20:00,3910.0,3920.0,3900.0,3910.0,13437500
2026-02-05 08:25:00,3900.0,3910.0,3900.0,3900.0,1887100
2026-02-05 08:30:00,3900.0,3910.0,3900.0,3900.0,4919300
2026-02-05 08:35:00,3890.0,3910.0,3890.0,3910.0,7441500
2026-02-05 08:40:00,3890.0,3900.0,3880.0,3900.0,14773700
2026-02-05 08:45:00,3880.0,3900.0,3880.0,3890.0,6804100
2026-02-05 09:00:00,3850.0,3850.0,3850.0,3850.0,39830000
2026-02-05 09:05:00,3850.0,3850.0,3850.0,3850.0,677900
2026-02-05 09:10:00,3850.0,3850.0,3850.0,3850.0,120600
2026-02-06 02:00:00,3830.0,3830.0,3800.0,3810.0,0
2026-02-06 02:05:00,3820.0,3850.0,3820.0,3830.0,9447600
2026-02-06 02:10:00,3830.0,3840.0,3820.0,3830.0,3728900
2026-02-06 02:15:00,3820.0,3840.0,3820.0,3830.0,3959400
2026-02-06 02:20:00,3830.0,3840.0,3820.0,3830.0,7959100
2026-02-06 02:25:00,3820.0,3840.0,3820.0,3830.0,4513400
2026-02-06 02:30:00,3830.0,3830.0,3820.0,3820.0,986600
2026-02-06 02:35:00,3830.0,3830.0,3810.0,3830.0,8782600
2026-02-06 02:40:00,3820.0,3830.0,3820.0,3820.0,1632500
2026-02-06 02:45:00,3830.0,3830.0,3810.0,3830.0,5101300
2026-02-06 02:50:00,3820.0,3830.0,3820.0,3820.0,504600
2026-02-06 02:55:00,3820.0,3830.0,3810.0,3820.0,2644400
2026-02-06 03:00:00,3810.0,3820.0,3810.0,3820.0,1026100
2026-02-06 03:05:00,3810.0,3820.0,3810.0,3810.0,2413100
2026-02-06 03:10:00,3810.0,3820.0,3810.0,3820.0,1286100
2026-02-06 03:15:00,3820.0,3820.0,3810.0,3820.0,1873600
2026-02-06 03:20:00,3810.0,3820.0,3810.0,3810.0,1008800
2026-02-06 03:25:00,3810.0,3820.0,3810.0,3820.0,898600
2026-02-06 03:30:00,3820.0,3820.0,3810.0,3820.0,1067000
2026-02-06 03:35:00,3820.0,3820.0,3810.0,3820.0,1395300
2026-02-06 03:40:00,3810.0,3820.0,3810.0,3810.0,741000
2026-02-06 03:45:00,3810.0,3820.0,3810.0,3820.0,1559900
2026-02-06 03:50:00,3820.0,3820.0,3810.0,3820.0,988600
2026-02-06 03:55:00,3810.0,3820.0,3810.0,3820.0,1300600
2026-02-06 04:00:00,3810.0,3820.0,3810.0,3810.0,2100900
2026-02-06 04:05:00,3810.0,3820.0,3810.0,3820.0,5223500
2026-02-06 04:10:00,3800.0,3820.0,3800.0,3810.0,6661800
2026-02-06 04:15:00,3800.0,3810.0,3800.0,3800.0,2138600
2026-02-06 04:20:00,3810.0,3810.0,3800.0,3810.0,874300
2026-02-06 04:25:00,3800.0,3810.0,3800.0,3800.0,1963000
2026-02-06 07:00:00,3770.0,3810.0,3770.0,3800.0,30324500
2026-02-06 07:05:00,3800.0,3810.0,3770.0,3780.0,11278700
2026-02-06 07:10:00,3790.0,3800.0,3790.0,3800.0,885500
2026-02-06 07:15:00,3800.0,3800.0,3790.0,3800.0,3479600
2026-02-06 07:20:00,3800.0,3800.0,3790.0,3800.0,1075200
2026-02-06 07:25:00,3810.0,3810.0,3790.0,3800.0,6936800
2026-02-06 07:30:00,3800.0,3820.0,3800.0,3800.0,4141200
2026-02-06 07:35:00,3800.0,3810.0,3800.0,3800.0,1587400
2026-02-06 07:40:00,3800.0,3810.0,3800.0,3810.0,2350700
2026-02-06 07:45:00,3800.0,3810.0,3800.0,3810.0,141000
2026-02-06 07:50:00,3810.0,3810.0,3800.0,3800.0,6534000
2026-02-06 07:55:00,3800.0,3810.0,3800.0,3800.0,2802000
2026-02-06 08:00:00,3800.0,3810.0,3800.0,3800.0,3118500
2026-02-06 08:05:00,3810.0,3810.0,3800.0,3800.0,1751000
2026-02-06 08:10:00,3800.0,3810.0,3790.0,3800.0,4431600
2026-02-06 08:15:00,3780.0,3800.0,3780.0,3790.0,8592100
2026-02-06 08:20:00,3800.0,3800.0,3780.0,3780.0,5380900
2026-02-06 08:25:00,3800.0,3800.0,3790.0,3800.0,1700400
2026-02-06 08:30:00,3800.0,3810.0,3790.0,3800.0,5736600
2026-02-06 08:35:00,3800.0,3800.0,3790.0,3800.0,1005000
2026-02-06 08:40:00,3790.0,3800.0,3790.0,3790.0,5024800
2026-02-06 08:45:00,3790.0,3800.0,3780.0,3790.0,7889900
2026-02-06 09:00:00,3780.0,3780.0,3780.0,3780.0,34440300
2026-02-06 09:05:00,3780.0,3780.0,3780.0,3780.0,287200
2026-02-06 09:10:00,3780.0,3780.0,3780.0,3780.0,51300
2026-02-09 02:00:00,3790.0,3800.0,3770.0,3790.0,0
2026-02-09 02:05:00,3770.0,3790.0,3760.0,3790.0,10003200
2026-02-09 02:10:00,3750.0,3780.0,3740.0,3780.0,16174100
2026-02-09 02:15:00,3730.0,3760.0,3720.0,3750.0,17190900
2026-02-09 02:20:00,3740.0,3740.0,3710.0,3730.0,10909300
2026-02-09 02:25:00,3750.0,3750.0,3730.0,3740.0,2157200
2026-02-09 02:30:00,3750.0,3760.0,3740.0,3740.0,4383500
2026-02-09 02:35:00,3750.0,3750.0,3740.0,3750.0,1049700
2026-02-09 02:40:00,3750.0,3750.0,3740.0,3740.0,1912600
2026-02-09 02:45:00,3750.0,3760.0,3740.0,3750.0,3007900
2026-02-09 02:50:00,3750.0,3760.0,3750.0,3750.0,3047700
2026-02-09 02:55:00,3750.0,3760.0,3750.0,3760.0,659100
2026-02-09 03:00:00,3760.0,3770.0,3750.0,3750.0,2530700
2026-02-09 03:05:00,3750.0,3770.0,3740.0,3770.0,6821900
2026-02-09 03:10:00,3750.0,3760.0,3740.0,3740.0,1927200
2026-02-09 03:15:00,3750.0,3760.0,3750.0,3760.0,818100
2026-02-09 03:20:00,3760.0,3760.0,3750.0,3750.0,883600
2026-02-09 03:25:00,3740.0,3760.0,3740.0,3760.0,2346400
2026-02-09 03:30:00,3750.0,3750.0,3740.0,3740.0,940100
2026-02-09 03:35:00,3750.0,3750.0,3740.0,3740.0,1473200
2026-02-09 03:40:00,3750.0,3760.0,3740.0,3750.0,1949600
2026-02-09 03:45:00,3750.0,3760.0,3750.0,3750.0,645000
2026-02-09 03:50:00,3760.0,3760.0,3750.0,3760.0,1476100
2026-02-09 03:55:00,3750.0,3760.0,3750.0,3750.0,1731400
2026-02-09 04:00:00,3760.0,3760.0,3750.0,3760.0,914900
2026-02-09 04:05:00,3740.0,3760.0,3740.0,3750.0,1395600
2026-02-09 04:10:00,3750.0,3750.0,3740.0,3750.0,2114700
2026-02-09 04:15:00,3750.0,3750.0,3740.0,3750.0,2853400
2026-02-09 04:20:00,3750.0,3750.0,3740.0,3750.0,486300
2026-02-09 04:25:00,3750.0,3750.0,3740.0,3740.0,526200
2026-02-09 04:30:00,3740.0,3750.0,3740.0,3750.0,449500
2026-02-09 04:35:00,3750.0,3750.0,3740.0,3750.0,647300
2026-02-09 04:40:00,3750.0,3750.0,3740.0,3750.0,1983100
2026-02-09 04:45:00,3750.0,3750.0,3740.0,3750.0,433000
2026-02-09 04:50:00,3750.0,3760.0,3740.0,3750.0,3360300
2026-02-09 04:55:00,3750.0,3760.0,3750.0,3750.0,1780200
2026-02-09 06:30:00,3750.0,3760.0,3750.0,3750.0,2720900
2026-02-09 06:35:00,3750.0,3760.0,3750.0,3760.0,942900
2026-02-09 06:40:00,3750.0,3760.0,3750.0,3750.0,355300
2026-02-09 06:45:00,3750.0,3760.0,3750.0,3750.0,1993200
2026-02-09 06:50:00,3750.0,3760.0,3750.0,3760.0,649700
2026-02-09 06:55:00,3750.0,3760.0,3750.0,3760.0,2246700
2026-02-09 07:00:00,3740.0,3760.0,3740.0,3750.0,9373100
2026-02-09 07:05:00,3740.0,3750.0,3740.0,3740.0,653400
2026-02-09 07:10:00,3750.0,3750.0,3740.0,3750.0,777700
2026-02-09 07:15:00,3740.0,3750.0,3740.0,3750.0,1390200
2026-02-09 07:20:00,3750.0,3750.0,3740.0,3750.0,1183600
2026-02-09 07:25:00,3750.0,3750.0,3740.0,3750.0,1054800
2026-02-09 07:30:00,3750.0,3750.0,3740.0,3740.0,1105500
2026-02-09 07:35:00,3750.0,3750.0,3740.0,3740.0,1005200
2026-02-09 07:40:00,3740.0,3750.0,3730.0,3750.0,9224000
2026-02-09 07:45:00,3740.0,3740.0,3730.0,3730.0,2479400
2026-02-09 07:50:00,3740.0,3740.0,3730.0,3740.0,422800
2026-02-09 07:55:00,3730.0,3740.0,3730.0,3740.0,2363600
2026-02-09 08:00:00,3740.0,3750.0,3730.0,3730.0,3682100
2026-02-09 08:05:00,3740.0,3750.0,3730.0,3740.0,1158100
2026-02-09 08:10:00,3740.0,3750.0,3730.0,3740.0,2499800
2026-02-09 08:15:00,3740.0,3750.0,3740.0,3740.0,1643200
2026-02-09 08:20:00,3740.0,3750.0,3740.0,3740.0,477300
2026-02-09 08:25:00,3730.0,3750.0,3730.0,3750.0,4266400
2026-02-09 08:30:00,3740.0,3740.0,3730.0,3740.0,1036600
2026-02-09 08:35:00,3740.0,3740.0,3730.0,3740.0,1390300
2026-02-09 08:40:00,3730.0,3740.0,3730.0,3730.0,3380200
2026-02-09 08:45:00,3740.0,3750.0,3730.0,3740.0,5501000
2026-02-09 09:00:00,3770.0,3770.0,3770.0,3770.0,17683300
2026-02-09 09:05:00,3770.0,3770.0,3770.0,3770.0,198300
2026-02-09 09:10:00,3770.0,3770.0,3770.0,3770.0,107000
2026-02-10 02:00:00,3740.0,3750.0,3730.0,3750.0,0
2026-02-10 02:05:00,3760.0,3760.0,3740.0,3740.0,4088000
2026-02-10 02:10:00,3750.0,3760.0,3750.0,3750.0,1659500
2026-02-10 02:15:00,3760.0,3760.0,3750.0,3750.0,2943900
2026-02-10 02:20:00,3760.0,3770.0,3750.0,3760.0,10017900
2026-02-10 02:25:00,3780.0,3780.0,3750.0,3760.0,3893900
2026-02-10 02:30:00,3780.0,3790.0,3770.0,3770.0,3727700
2026-02-10 02:35:00,3770.0,3790.0,3770.0,3790.0,4204300
2026-02-10 02:40:00,3780.0,3780.0,3770.0,3780.0,2085400
2026-02-10 02:45:00,3780.0,3780.0,3770.0,3770.0,989600
2026-02-10 02:50:00,3780.0,3780.0,3770.0,3780.0,1074500
2026-02-10 02:55:00,3770.0,3780.0,3770.0,3770.0,1129500
2026-02-10 03:00:00,3780.0,3780.0,3770.0,3780.0,1113400
2026-02-10 03:05:00,3780.0,3780.0,3770.0,3780.0,2639000
2026-02-10 03:10:00,3780.0,3780.0,3770.0,3780.0,1193600
2026-02-10 03:15:00,3770.0,3780.0,3760.0,3780.0,8671500
2026-02-10 03:20:00,3770.0,3770.0,3760.0,3760.0,2673000
2026-02-10 03:25:00,3760.0,3770.0,3750.0,3770.0,3480100
2026-02-10 03:30:00,3760.0,3760.0,3750.0,3760.0,1946400
2026-02-10 03:35:00,3760.0,3770.0,3750.0,3760.0,2972300
2026-02-10 03:40:00,3760.0,3770.0,3760.0,3770.0,311000
2026-02-10 03:45:00,3780.0,3780.0,3760.0,3770.0,4993700
2026-02-10 03:50:00,3770.0,3780.0,3770.0,3780.0,218800
2026-02-10 03:55:00,3780.0,3780.0,3770.0,3770.0,263700
2026-02-10 04:00:00,3770.0,3780.0,3770.0,3770.0,3151700
2026-02-10 04:05:00,3780.0,3790.0,3770.0,3780.0,3030700
2026-02-10 04:10:00,3780.0,3790.0,3770.0,3780.0,1036300
2026-02-10 04:15:00,3780.0,3780.0,3770.0,3770.0,144800
2026-02-10 04:20:00,3780.0,3780.0,3770.0,3770.0,342200
2026-02-10 04:25:00,3770.0,3780.0,3770.0,3770.0,1182700
2026-02-10 04:30:00,3780.0,3780.0,3770.0,3780.0,255200
2026-02-10 04:35:00,3780.0,3780.0,3770.0,3780.0,1469600
2026-02-10 04:40:00,3780.0,3780.0,3770.0,3770.0,1866400
2026-02-10 04:45:00,3780.0,3780.0,3770.0,3780.0,331600
2026-02-10 04:50:00,3780.0,3780.0,3770.0,3770.0,363300
2026-02-10 04:55:00,3780.0,3780.0,3770.0,3770.0,380800
2026-02-10 06:30:00,3780.0,3780.0,3770.0,3780.0,1142800
2026-02-10 06:35:00,3780.0,3780.0,3770.0,3780.0,293900
2026-02-10 06:40:00,3770.0,3780.0,3770.0,3780.0,280400
2026-02-10 06:45:00,3780.0,3780.0,3770.0,3770.0,1114200
2026-02-10 06:50:00,3770.0,3780.0,3770.0,3780.0,702200
2026-02-10 06:55:00,3780.0,3780.0,3770.0,3780.0,1824100
2026-02-10 07:00:00,3780.0,3780.0,3770.0,3780.0,659000
2026-02-10 07:05:00,3780.0,3780.0,3770.0,3780.0,840600
2026-02-10 07:10:00,3780.0,3780.0,3770.0,3780.0,1912300
2026-02-10 07:15:00,3760.0,3780.0,3760.0,3770.0,6868800
2026-02-10 07:20:00,3770.0,3770.0,3760.0,3760.0,657800
2026-02-10 07:25:00,3760.0,3770.0,3760.0,3760.0,573600
2026-02-10 07:30:00,3760.0,3770.0,3760.0,3770.0,1284000
2026-02-10 07:35:00,3770.0,3770.0,3760.0,3770.0,944900
2026-02-10 07:40:00,3780.0,3780.0,3760.0,3770.0,6185100
2026-02-10 07:45:00,3760.0,3780.0,3760.0,3770.0,3060300
2026-02-10 07:50:00,3780.0,3780.0,3760.0,3770.0,6254600
2026-02-10 07:55:00,3780.0,3780.0,3770.0,3770.0,678600
2026-02-10 08:00:00,3780.0,3780.0,3770.0,3770.0,2469400
2026-02-10 08:05:00,3780.0,3780.0,3770.0,3770.0,2701100
2026-02-10 08:10:00,3780.0,3780.0,3770.0,3780.0,2436100
2026-02-10 08:15:00,3770.0,3780.0,3770.0,3770.0,395200
2026-02-10 08:20:00,3780.0,3780.0,3770.0,3770.0,485400
2026-02-10 08:25:00,3780.0,3780.0,3770.0,3770.0,425900
2026-02-10 08:30:00,3780.0,3780.0,3770.0,3780.0,962600
2026-02-10 08:35:00,3780.0,3780.0,3770.0,3780.0,1007300
2026-02-10 08:40:00,3780.0,3780.0,3770.0,3780.0,3737300
2026-02-10 08:45:00,3780.0,3790.0,3770.0,3770.0,10210400
2026-02-10 08:50:00,3780.0,3780.0,3780.0,3780.0,0
2026-02-10 09:00:00,3780.0,3780.0,3780.0,3780.0,31792900
2026-02-10 09:05:00,3780.0,3780.0,3780.0,3780.0,143200
2026-02-10 09:10:00,3780.0,3780.0,3780.0,3780.0,580400
2026-02-11 02:00:00,3780.0,3790.0,3770.0,3790.0,0
2026-02-11 02:05:00,3780.0,3780.0,3770.0,3770.0,1795000
2026-02-11 02:10:00,3770.0,3780.0,3770.0,3770.0,1379400
2026-02-11 02:15:00,3770.0,3780.0,3770.0,3770.0,973200
2026-02-11 02:20:00,3780.0,3780.0,3770.0,3780.0,894800
2026-02-11 02:25:00,3770.0,3780.0,3760.0,3770.0,6404500
2026-02-11 02:30:00,3750.0,3770.0,3740.0,3760.0,5976000
2026-02-11 02:35:00,3760.0,3760.0,3740.0,3740.0,4813100
2026-02-11 02:40:00,3760.0,3760.0,3750.0,3750.0,2545300
2026-02-11 02:45:00,3760.0,3770.0,3750.0,3760.0,2045800
2026-02-11 02:50:00,3770.0,3770.0,3760.0,3770.0,2630500
2026-02-11 02:55:00,3750.0,3770.0,3750.0,3760.0,3978000
2026-02-11 03:00:00,3760.0,3770.0,3750.0,3760.0,3030000
2026-02-11 03:05:00,3760.0,3770.0,3760.0,3770.0,608600
2026-02-11 03:10:00,3760.0,3770.0,3760.0,3770.0,677900
2026-02-11 03:15:00,3770.0,3770.0,3760.0,3760.0,1292600
2026-02-11 03:20:00,3760.0,3770.0,3760.0,3770.0,1458300
2026-02-11 03:25:00,3770.0,3770.0,3760.0,3770.0,368400
2026-02-11 03:30:00,3760.0,3770.0,3760.0,3770.0,1203300
2026-02-11 03:35:00,3760.0,3770.0,3760.0,3770.0,606000
2026-02-11 03:40:00,3770.0,3770.0,3760.0,3770.0,627300
2026-02-11 03:45:00,3770.0,3770.0,3760.0,3770.0,2203300
2026-02-11 03:50:00,3770.0,3780.0,3760.0,3770.0,5113900
2026-02-11 03:55:00,3770.0,3780.0,3770.0,3780.0,879000
2026-02-11 04:00:00,3770.0,3780.0,3770.0,3780.0,771600
2026-02-11 04:05:00,3770.0,3780.0,3770.0,3770.0,1810100
2026-02-11 04:10:00,3770.0,3780.0,3770.0,3770.0,658100
2026-02-11 04:15:00,3780.0,3780.0,3770.0,3780.0,1017700
2026-02-11 04:20:00,3780.0,3780.0,3770.0,3770.0,1727900
2026-02-11 04:25:00,3770.0,3780.0,3770.0,3770.0,990800
2026-02-11 04:30:00,3770.0,3780.0,3770.0,3770.0,436200
2026-02-11 04:35:00,3780.0,3780.0,3770.0,3780.0,2030200
2026-02-11 04:40:00,3780.0,3780.0,3770.0,3780.0,1639400
2026-02-11 04:45:00,3780.0,3790.0,3770.0,3770.0,2499100
2026-02-11 04:50:00,3780.0,3790.0,3780.0,3790.0,983900
2026-02-11 04:55:00,3780.0,3790.0,3780.0,3790.0,1553700
2026-02-11 06:30:00,3780.0,3790.0,3780.0,3780.0,3558700
2026-02-11 06:35:00,3790.0,3790.0,3780.0,3780.0,1991400
2026-02-11 06:40:00,3780.0,3790.0,3780.0,3790.0,503900
2026-02-11 06:45:00,3790.0,3790.0,3780.0,3790.0,1277500
2026-02-11 06:50:00,3780.0,3790.0,3780.0,3790.0,959500
2026-02-11 06:55:00,3780.0,3790.0,3780.0,3790.0,2726700
2026-02-11 07:00:00,3780.0,3790.0,3780.0,3780.0,918000
2026-02-11 07:05:00,3780.0,3790.0,3780.0,3780.0,778400
2026-02-11 07:10:00,3780.0,3790.0,3780.0,3790.0,779200
2026-02-11 07:15:00,3780.0,3790.0,3780.0,3780.0,738500
2026-02-11 07:20:00,3780.0,3790.0,3780.0,3780.0,700200
2026-02-11 07:25:00,3780.0,3790.0,3780.0,3780.0,772300
2026-02-11 07:30:00,3780.0,3790.0,3780.0,3780.0,3840300
2026-02-11 07:35:00,3780.0,3790.0,3780.0,3780.0,562500
2026-02-11 07:40:00,3780.0,3790.0,3770.0,3780.0,4476900
2026-02-11 07:45:00,3770.0,3790.0,3770.0,3790.0,1410600
2026-02-11 07:50:00,3770.0,3780.0,3770.0,3770.0,815100
2026-02-11 07:55:00,3770.0,3780.0,3770.0,3780.0,639600
2026-02-11 08:00:00,3770.0,3780.0,3770.0,3770.0,927400
2026-02-11 08:05:00,3770.0,3780.0,3770.0,3770.0,969800
2026-02-11 08:10:00,3780.0,3780.0,3770.0,3780.0,2242300
2026-02-11 08:15:00,3770.0,3780.0,3770.0,3780.0,3739900
2026-02-11 08:20:00,3780.0,3780.0,3770.0,3770.0,2012000
2026-02-11 08:25:00,3770.0,3780.0,3770.0,3780.0,1829200
2026-02-11 08:30:00,3780.0,3780.0,3770.0,3780.0,2301800
2026-02-11 08:35:00,3780.0,3780.0,3770.0,3780.0,2599400
2026-02-11 08:40:00,3770.0,3780.0,3770.0,3770.0,2881000
2026-02-11 08:45:00,3790.0,3790.0,3770.0,3770.0,6150500
2026-02-11 09:00:00,3800.0,3800.0,3800.0,3800.0,15437500
2026-02-11 09:05:00,3800.0,3800.0,3800.0,3800.0,119100
2026-02-11 09:10:00,3800.0,3800.0,3800.0,3800.0,20600
2026-02-12 02:00:00,3780.0,3790.0,3770.0,3780.0,0
2026-02-12 02:05:00,3770.0,3790.0,3770.0,3780.0,3686900
2026-02-12 02:10:00,3780.0,3780.0,3760.0,3780.0,7525500
2026-02-12 02:15:00,3770.0,3780.0,3760.0,3770.0,5361100
2026-02-12 02:20:00,3770.0,3780.0,3760.0,3770.0,3375600
2026-02-12 02:25:00,3770.0,3780.0,3770.0,3770.0,1054500
2026-02-12 02:30:00,3770.0,3780.0,3760.0,3780.0,5680900
2026-02-12 02:35:00,3760.0,3770.0,3760.0,3760.0,1520800
2026-02-12 02:40:00,3770.0,3780.0,3760.0,3760.0,4375300
2026-02-12 02:45:00,3770.0,3780.0,3760.0,3770.0,1100600
2026-02-12 02:50:00,3760.0,3780.0,3760.0,3780.0,2073100
2026-02-12 02:55:00,3770.0,3770.0,3760.0,3770.0,2195800
2026-02-12 03:00:00,3760.0,3770.0,3760.0,3770.0,731300
2026-02-12 03:05:00,3770.0,3770.0,3760.0,3760.0,2716600
2026-02-12 03:10:00,3770.0,3780.0,3760.0,3770.0,5010900
2026-02-12 03:15:00,3770.0,3780.0,3770.0,3780.0,418400
2026-02-12 03:20:00,3770.0,3780.0,3770.0,3770.0,7646800
2026-02-12 03:25:00,3760.0,3780.0,3760.0,3780.0,2436000
2026-02-12 03:30:00,3760.0,3770.0,3760.0,3770.0,529300
2026-02-12 03:35:00,3760.0,3770.0,3760.0,3770.0,1339500
2026-02-12 03:40:00,3760.0,3770.0,3760.0,3770.0,1611800
2026-02-12 03:45:00,3770.0,3770.0,3760.0,3770.0,4568300
2026-02-12 03:50:00,3760.0,3770.0,3760.0,3770.0,1739100
2026-02-12 03:55:00,3760.0,3770.0,3760.0,3770.0,1140300
2026-02-12 04:00:00,3770.0,3770.0,3760.0,3760.0,2580500
2026-02-12 04:05:00,3760.0,3770.0,3760.0,3770.0,2170800
2026-02-12 04:10:00,3760.0,3770.0,3760.0,3760.0,5427500
2026-02-12 04:15:00,3760.0,3770.0,3760.0,3770.0,873700
2026-02-12 04:20:00,3760.0,3770.0,3760.0,3770.0,1313300
2026-02-12 04:25:00,3770.0,3770.0,3760.0,3770.0,1214200
2026-02-12 04:30:00,3780.0,3780.0,3760.0,3770.0,8978200
2026-02-12 04:35:00,3780.0,3780.0,3770.0,3780.0,278100
2026-02-12 04:40:00,3780.0,3780.0,3770.0,3780.0,221300
2026-02-12 04:45:00,3780.0,3780.0,3770.0,3780.0,676400
2026-02-12 04:50:00,3780.0,3780.0,3770.0,3780.0,2029200
2026-02-12 04:55:00,3780.0,3780.0,3770.0,3780.0,1839900
2026-02-12 06:30:00,3780.0,3780.0,3770.0,3780.0,1147500
2026-02-12 06:35:00,3780.0,3780.0,3770.0,3780.0,510500
2026-02-12 06:40:00,3780.0,3780.0,3770.0,3780.0,7713800
2026-02-12 06:45:00,3780.0,3790.0,3770.0,3780.0,1205900
2026-02-12 06:50:00,3780.0,3780.0,3770.0,3780.0,1469300
2026-02-12 06:55:00,3770.0,3780.0,3770.0,3780.0,167900
2026-02-12 07:00:00,3780.0,3780.0,3770.0,3780.0,1140600
2026-02-12 07:05:00,3770.0,3780.0,3770.0,3780.0,964600
2026-02-12 07:10:00,3770.0,3780.0,3770.0,3780.0,924100
2026-02-12 07:15:00,3770.0,3780.0,3770.0,3780.0,1122300
2026-02-12 07:20:00,3770.0,3780.0,3770.0,3780.0,1297700
2026-02-12 07:25:00,3770.0,3780.0,3770.0,3780.0,1406300
2026-02-12 07:30:00,3770.0,3780.0,3770.0,3780.0,1216100
2026-02-12 07:35:00,3770.0,3780.0,3770.0,3780.0,1103600
2026-02-12 07:40:00,3770.0,3780.0,3770.0,3780.0,908400
2026-02-12 07:45:00,3770.0,3780.0,3770.0,3780.0,1011900
2026-02-12 07:50:00,3770.0,3780.0,3770.0,3780.0,1112600
2026-02-12 07:55:00,3770.0,3780.0,3770.0,3780.0,6142600
2026-02-12 08:00:00,3780.0,3780.0,3770.0,3780.0,2166600
2026-02-12 08:05:00,3780.0,3790.0,3770.0,3780.0,3084000
2026-02-12 08:10:00,3770.0,3780.0,3770.0,3780.0,1524000
2026-02-12 08:15:00,3770.0,3780.0,3770.0,3780.0,1507100
2026-02-12 08:20:00,3780.0,3780.0,3770.0,3780.0,1220000
2026-02-12 08:25:00,3780.0,3790.0,3770.0,3780.0,4634600
2026-02-12 08:30:00,3780.0,3790.0,3770.0,3790.0,2606300
2026-02-12 08:35:00,3780.0,3790.0,3780.0,3780.0,950000
2026-02-12 08:40:00,3780.0,3790.0,3770.0,3780.0,3773900
2026-02-12 08:45:00,3790.0,3790.0,3770.0,3780.0,4136900
2026-02-12 09:00:00,3790.0,3790.0,3790.0,3790.0,23699300
2026-02-12 09:05:00,3790.0,3790.0,3790.0,3790.0,1238800
2026-02-12 09:10:00,3790.0,3790.0,3790.0,3790.0,10500
2026-02-13 02:00:00,3770.0,3780.0,3760.0,3770.0,0
2026-02-13 02:05:00,3760.0,3770.0,3760.0,3770.0,1001200
2026-02-13 02:10:00,3770.0,3770.0,3760.0,3760.0,1296200
2026-02-13 02:15:00,3760.0,3770.0,3760.0,3760.0,901700
2026-02-13 02:20:00,3780.0,3780.0,3760.0,3770.0,1778000
2026-02-13 02:25:00,3790.0,3790.0,3770.0,3780.0,1521300
2026-02-13 02:30:00,3780.0,3790.0,3780.0,3790.0,1762300
2026-02-13 02:35:00,3780.0,3790.0,3770.0,3790.0,2042100
2026-02-13 02:40:00,3790.0,3800.0,3770.0,3780.0,3382400
2026-02-13 02:45:00,3790.0,3800.0,3790.0,3800.0,460600
2026-02-13 02:50:00,3790.0,3800.0,3790.0,3800.0,1417400
2026-02-13 02:55:00,3800.0,3800.0,3790.0,3800.0,924900
2026-02-13 03:00:00,3790.0,3800.0,3790.0,3790.0,722800
2026-02-13 03:05:00,3790.0,3800.0,3790.0,3800.0,1101100
2026-02-13 03:10:00,3780.0,3800.0,3780.0,3800.0,5570700
2026-02-13 03:15:00,3780.0,3790.0,3780.0,3780.0,637500
2026-02-13 03:20:00,3780.0,3790.0,3780.0,3790.0,718900
2026-02-13 03:25:00,3790.0,3800.0,3780.0,3790.0,5208700
2026-02-13 03:30:00,3790.0,3800.0,3790.0,3800.0,549900
2026-02-13 03:35:00,3790.0,3800.0,3790.0,3790.0,776800
2026-02-13 03:40:00,3800.0,3800.0,3790.0,3790.0,747400
2026-02-13 03:45:00,3790.0,3800.0,3780.0,3800.0,7150900
2026-02-13 03:50:00,3780.0,3790.0,3780.0,3790.0,566900
2026-02-13 03:55:00,3780.0,3790.0,3780.0,3790.0,502400
2026-02-13 04:00:00,3780.0,3790.0,3770.0,3790.0,3835000
2026-02-13 04:05:00,3770.0,3780.0,3770.0,3780.0,426300
2026-02-13 04:10:00,3780.0,3780.0,3770.0,3770.0,274100
2026-02-13 04:15:00,3780.0,3780.0,3770.0,3780.0,2077900
2026-02-13 04:20:00,3780.0,3780.0,3770.0,3780.0,648200
2026-02-13 04:25:00,3770.0,3780.0,3770.0,3780.0,1641600
2026-02-13 07:00:00,3770.0,3780.0,3770.0,3780.0,3293100
2026-02-13 07:05:00,3770.0,3780.0,3770.0,3770.0,1542000
2026-02-13 07:10:00,3770.0,3780.0,3770.0,3770.0,795800
2026-02-13 07:15:00,3780.0,3780.0,3770.0,3780.0,807400
2026-02-13 07:20:00,3780.0,3780.0,3770.0,3770.0,1737200
2026-02-13 07:25:00,3770.0,3780.0,3770.0,3770.0,1687800
2026-02-13 07:30:00,3750.0,3780.0,3750.0,3770.0,16666300
2026-02-13 07:35:00,3750.0,3760.0,3750.0,3760.0,889100
2026-02-13 07:40:00,3750.0,3760.0,3750.0,3760.0,1501500
2026-02-13 07:45:00,3750.0,3760.0,3750.0,3750.0,758700
2026-02-13 07:50:00,3760.0,3760.0,3750.0,3760.0,2108100
2026-02-13 07:55:00,3760.0,3760.0,3750.0,3750.0,921100
2026-02-13 08:00:00,3760.0,3760.0,3750.0,3750.0,2744400
2026-02-13 08:05:00,3750.0,3760.0,3750.0,3750.0,1814500
2026-02-13 08:10:00,3760.0,3760.0,3750.0,3750.0,1756700
2026-02-13 08:15:00,3760.0,3760.0,3750.0,3760.0,5032200
2026-02-13 08:20:00,3770.0,3770.0,3750.0,3760.0,4985900
2026-02-13 08:25:00,3770.0,3770.0,3760.0,3770.0,1237900
2026-02-13 08:30:00,3760.0,3770.0,3760.0,3770.0,2228200
2026-02-13 08:35:00,3770.0,3770.0,3760.0,3770.0,3633100
2026-02-13 08:40:00,3770.0,3770.0,3760.0,3770.0,5195500
2026-02-13 08:45:00,3780.0,3780.0,3760.0,3770.0,5479100
2026-02-13 09:00:00,3780.0,3780.0,3780.0,3780.0,18866500
2026-02-13 09:05:00,3780.0,3780.0,3780.0,3780.0,54400
2026-02-13 09:10:00,3780.0,3780.0,3780.0,3780.0,34800
2026-02-18 02:00:00,3780.0,3790.0,3760.0,3780.0,0
2026-02-18 02:05:00,3790.0,3800.0,3780.0,3790.0,2432200
2026-02-18 02:10:00,3800.0,3800.0,3780.0,3790.0,4196700
2026-02-18 02:15:00,3820.0,3830.0,3790.0,3800.0,8005900
2026-02-18 02:20:00,3820.0,3830.0,3810.0,3830.0,4316500
2026-02-18 02:25:00,3820.0,3820.0,3810.0,3810.0,1472600
2026-02-18 02:30:00,3800.0,3820.0,3800.0,3820.0,2453700
2026-02-18 02:35:00,3810.0,3820.0,3800.0,3810.0,1956000
2026-02-18 02:40:00,3810.0,3820.0,3800.0,3810.0,2044400
2026-02-18 02:45:00,3810.0,3810.0,3800.0,3800.0,604000
2026-02-18 02:50:00,3800.0,3810.0,3800.0,3800.0,1129300
2026-02-18 02:55:00,3800.0,3810.0,3800.0,3810.0,846700
2026-02-18 03:00:00,3810.0,3820.0,3800.0,3810.0,5323800
2026-02-18 03:05:00,3820.0,3830.0,3810.0,3810.0,5548000
2026-02-18 03:10:00,3810.0,3830.0,3810.0,3820.0,4318700
2026-02-18 03:15:00,3820.0,3820.0,3810.0,3810.0,825400
2026-02-18 03:20:00,3820.0,3820.0,3810.0,3820.0,1231400
2026-02-18 03:25:00,3810.0,3820.0,3810.0,3810.0,803800
2026-02-18 03:30:00,3820.0,3820.0,3810.0,3820.0,1045600
2026-02-18 03:35:00,3810.0,3820.0,3810.0,3810.0,790700
2026-02-18 03:40:00,3810.0,3820.0,3810.0,3820.0,815800
2026-02-18 03:45:00,3810.0,3820.0,3810.0,3810.0,273700
2026-02-18 03:50:00,3810.0,3820.0,3810.0,3810.0,437400
2026-02-18 03:55:00,3820.0,3820.0,3810.0,3820.0,1490300
2026-02-18 04:00:00,3820.0,3820.0,3810.0,3820.0,499300
2026-02-18 04:05:00,3820.0,3820.0,3810.0,3810.0,2109300
2026-02-18 04:10:00,3810.0,3820.0,3810.0,3810.0,404800
2026-02-18 04:15:00,3810.0,3820.0,3810.0,3820.0,244500
2026-02-18 04:20:00,3810.0,3820.0,3810.0,3820.0,173500
2026-02-18 04:25:00,3820.0,3820.0,3810.0,3820.0,295800
2026-02-18 04:30:00,3810.0,3820.0,3810.0,3820.0,843400
2026-02-18 04:35:00,3810.0,3820.0,3810.0,3820.0,581100
2026-02-18 04:40:00,3820.0,3820.0,3810.0,3810.0,142100
2026-02-18 04:45:00,3820.0,3820.0,3810.0,3810.0,512400
2026-02-18 04:50:00,3820.0,3820.0,3810.0,3810.0,563200
2026-02-18 04:55:00,3810.0,3820.0,3810.0,3810.0,882700
2026-02-18 06:30:00,3810.0,3820.0,3810.0,3810.0,3894400
2026-02-18 06:35:00,3820.0,3820.0,3810.0,3810.0,398100
2026-02-18 06:40:00,3810.0,3820.0,3810.0,3820.0,327200
2026-02-18 06:45:00,3810.0,3820.0,3810.0,3820.0,353600
2026-02-18 06:50:00,3820.0,3820.0,3810.0,3820.0,423900
2026-02-18 06:55:00,3820.0,3820.0,3810.0,3820.0,612500
2026-02-18 07:00:00,3820.0,3820.0,3810.0,3810.0,695900
2026-02-18 07:05:00,3810.0,3820.0,3810.0,3820.0,2386700
2026-02-18 07:10:00,3820.0,3820.0,3810.0,3810.0,2037700
2026-02-18 07:15:00,3820.0,3820.0,3810.0,3820.0,2169900
2026-02-18 07:20:00,3810.0,3820.0,3810.0,3810.0,912700
2026-02-18 07:25:00,3820.0,3820.0,3810.0,3820.0,1148700
2026-02-18 07:30:00,3820.0,3820.0,3810.0,3820.0,994900
2026-02-18 07:35:00,3820.0,3820.0,3810.0,3810.0,656900
2026-02-18 07:40:00,3810.0,3820.0,3810.0,3810.0,977600
2026-02-18 07:45:00,3820.0,3820.0,3810.0,3810.0,1122100
2026-02-18 07:50:00,3820.0,3820.0,3810.0,3810.0,680100
2026-02-18 07:55:00,3820.0,3820.0,3810.0,3820.0,682700
2026-02-18 08:00:00,3820.0,3820.0,3810.0,3820.0,1097000
2026-02-18 08:05:00,3820.0,3820.0,3810.0,3820.0,2357900
2026-02-18 08:10:00,3830.0,3830.0,3810.0,3810.0,7914800
2026-02-18 08:15:00,3830.0,3830.0,3820.0,3820.0,1991900
2026-02-18 08:20:00,3830.0,3830.0,3820.0,3820.0,2605800
2026-02-18 08:25:00,3830.0,3830.0,3820.0,3820.0,1982600
2026-02-18 08:30:00,3820.0,3830.0,3820.0,3820.0,3641700
2026-02-18 08:35:00,3840.0,3840.0,3820.0,3820.0,3477700
2026-02-18 08:40:00,3830.0,3840.0,3830.0,3840.0,4495100
2026-02-18 08:45:00,3830.0,3840.0,3820.0,3830.0,8877000
2026-02-18 09:00:00,3830.0,3830.0,3830.0,3830.0,7386300
2026-02-18 09:05:00,3830.0,3830.0,3830.0,3830.0,758200
2026-02-18 09:10:00,3830.0,3830.0,3830.0,3830.0,85700
2026-02-19 02:00:00,3820.0,3850.0,3820.0,3850.0,0
2026-02-19 02:05:00,3840.0,3840.0,3820.0,3820.0,2260800
2026-02-19 02:10:00,3830.0,3840.0,3830.0,3830.0,1527800
2026-02-19 02:15:00,3840.0,3840.0,3830.0,3830.0,1867800
2026-02-19 02:20:00,3830.0,3840.0,3830.0,3840.0,1030800
2026-02-19 02:25:00,3830.0,3840.0,3830.0,3840.0,695800
2026-02-19 02:30:00,3820.0,3840.0,3820.0,3830.0,4150400
2026-02-19 02:35:00,3810.0,3830.0,3800.0,3820.0,5051600
2026-02-19 02:40:00,3820.0,3820.0,3810.0,3810.0,2968700
2026-02-19 02:45:00,3820.0,3830.0,3810.0,3820.0,5805100
2026-02-19 02:50:00,3820.0,3820.0,3810.0,3810.0,332800
2026-02-19 02:55:00,3820.0,3820.0,3810.0,3820.0,278100
2026-02-19 03:00:00,3820.0,3820.0,3810.0,3820.0,383000
2026-02-19 03:05:00,3820.0,3820.0,3810.0,3820.0,1990800
2026-02-19 03:10:00,3820.0,3820.0,3810.0,3820.0,792100
2026-02-19 03:15:00,3820.0,3820.0,3810.0,3820.0,446500
2026-02-19 03:20:00,3810.0,3820.0,3800.0,3820.0,3363600
2026-02-19 03:25:00,3810.0,3820.0,3810.0,3810.0,412200
2026-02-19 03:30:00,3810.0,3820.0,3810.0,3810.0,328000
2026-02-19 03:35:00,3810.0,3820.0,3810.0,3810.0,1683600
2026-02-19 03:40:00,3810.0,3820.0,3800.0,3820.0,800400
2026-02-19 03:45:00,3810.0,3820.0,3800.0,3810.0,1914700
2026-02-19 03:50:00,3810.0,3820.0,3810.0,3810.0,355100
2026-02-19 03:55:00,3820.0,3820.0,3810.0,3810.0,2079700
2026-02-19 04:00:00,3820.0,3820.0,3810.0,3810.0,375000
2026-02-19 04:05:00,3810.0,3820.0,3800.0,3810.0,1191900
2026-02-19 04:10:00,3810.0,3810.0,3800.0,3800.0,368000
2026-02-19 04:15:00,3800.0,3810.0,3800.0,3810.0,2811300
2026-02-19 04:20:00,3800.0,3810.0,3800.0,3810.0,1686900
2026-02-19 04:25:00,3800.0,3810.0,3800.0,3810.0,3789000
2026-02-19 04:30:00,3790.0,3810.0,3790.0,3800.0,4416800
2026-02-19 04:35:00,3790.0,3800.0,3790.0,3800.0,900800
2026-02-19 04:40:00,3810.0,3810.0,3790.0,3790.0,3339200
2026-02-19 04:45:00,3800.0,3810.0,3800.0,3800.0,298700
2026-02-19 04:50:00,3800.0,3810.0,3790.0,3800.0,3185700
2026-02-19 04:55:00,3800.0,3810.0,3790.0,3800.0,2214200
2026-02-19 06:30:00,3810.0,3810.0,3800.0,3810.0,792400
2026-02-19 06:35:00,3790.0,3810.0,3790.0,3800.0,3798900
2026-02-19 06:40:00,3790.0,3800.0,3790.0,3790.0,979900
2026-02-19 06:45:00,3790.0,3800.0,3790.0,3800.0,2857100
2026-02-19 06:50:00,3810.0,3810.0,3790.0,3790.0,1501500
2026-02-19 06:55:00,3790.0,3810.0,3790.0,3800.0,1833500
2026-02-19 07:00:00,3790.0,3800.0,3790.0,3790.0,439300
2026-02-19 07:05:00,3800.0,3800.0,3790.0,3800.0,1312700
2026-02-19 07:10:00,3790.0,3800.0,3780.0,3790.0,6400100
2026-02-19 07:15:00,3790.0,3790.0,3780.0,3780.0,995300
2026-02-19 07:20:00,3800.0,3800.0,3780.0,3780.0,2752000
2026-02-19 07:25:00,3800.0,3800.0,3790.0,3790.0,531200
2026-02-19 07:30:00,3790.0,3800.0,3790.0,3790.0,1195700
2026-02-19 07:35:00,3800.0,3800.0,3780.0,3790.0,4070100
2026-02-19 07:40:00,3800.0,3800.0,3790.0,3800.0,818600
2026-02-19 07:45:00,3790.0,3800.0,3790.0,3800.0,573300
2026-02-19 07:50:00,3790.0,3800.0,3790.0,3790.0,814500
2026-02-19 07:55:00,3790.0,3800.0,3790.0,3790.0,1080700
2026-02-19 08:00:00,3790.0,3800.0,3780.0,3790.0,1305300
2026-02-19 08:05:00,3790.0,3800.0,3780.0,3780.0,2558300
2026-02-19 08:10:00,3790.0,3800.0,3790.0,3790.0,2431600
2026-02-19 08:15:00,3800.0,3800.0,3780.0,3800.0,2789000
2026-02-19 08:20:00,3790.0,3800.0,3790.0,3800.0,1390100
2026-02-19 08:25:00,3790.0,3810.0,3790.0,3790.0,3870300
2026-02-19 08:30:00,3790.0,3800.0,3780.0,3800.0,5217300
2026-02-19 08:35:00,3780.0,3800.0,3780.0,3780.0,3179900
2026-02-19 08:40:00,3790.0,3790.0,3770.0,3790.0,7976900
2026-02-19 08:45:00,3800.0,3810.0,3780.0,3790.0,4164000
2026-02-19 09:00:00,3770.0,3770.0,3770.0,3770.0,13259900
2026-02-19 09:05:00,3770.0,3770.0,3770.0,3770.0,42500
2026-02-19 09:10:00,3770.0,3770.0,3770.0,3770.0,20000
2026-02-20 02:00:00,3820.0,3830.0,3780.0,3780.0,0
2026-02-20 02:05:00,3820.0,3830.0,3810.0,3810.0,9913200
2026-02-20 02:10:00,3810.0,3830.0,3800.0,3830.0,4446500
2026-02-20 02:15:00,3810.0,3820.0,3810.0,3810.0,631000
2026-02-20 02:20:00,3820.0,3820.0,3810.0,3810.0,2494200
2026-02-20 02:25:00,3810.0,3820.0,3810.0,3810.0,763700
2026-02-20 02:30:00,3840.0,3850.0,3810.0,3810.0,14321100
2026-02-20 02:35:00,3820.0,3850.0,3820.0,3840.0,4445700
2026-02-20 02:40:00,3820.0,3830.0,3820.0,3820.0,965700
2026-02-20 02:45:00,3820.0,3830.0,3820.0,3820.0,2509100
2026-02-20 02:50:00,3830.0,3830.0,3820.0,3830.0,841300
2026-02-20 02:55:00,3830.0,3840.0,3820.0,3830.0,2656600
2026-02-20 03:00:00,3830.0,3840.0,3830.0,3830.0,596600
2026-02-20 03:05:00,3830.0,3840.0,3830.0,3830.0,620600
2026-02-20 03:10:00,3830.0,3840.0,3830.0,3830.0,2861600
2026-02-20 03:15:00,3830.0,3840.0,3830.0,3830.0,488700
2026-02-20 03:20:00,3830.0,3840.0,3830.0,3830.0,4005600
2026-02-20 03:25:00,3830.0,3840.0,3830.0,3830.0,2267200
2026-02-20 03:30:00,3830.0,3840.0,3830.0,3830.0,494900
2026-02-20 03:35:00,3830.0,3840.0,3820.0,3830.0,3382400
2026-02-20 03:40:00,3830.0,3840.0,3830.0,3830.0,697200
2026-02-20 03:45:00,3830.0,3840.0,3830.0,3830.0,685500
2026-02-20 03:50:00,3830.0,3840.0,3830.0,3830.0,565000
2026-02-20 03:55:00,3830.0,3840.0,3830.0,3830.0,519300
2026-02-20 04:00:00,3820.0,3840.0,3820.0,3830.0,1610300
2026-02-20 04:05:00,3820.0,3830.0,3820.0,3820.0,1470200
2026-02-20 04:10:00,3830.0,3830.0,3820.0,3820.0,893600
2026-02-20 04:15:00,3820.0,3830.0,3820.0,3820.0,878900
2026-02-20 04:20:00,3820.0,3830.0,3820.0,3820.0,694400
2026-02-20 04:25:00,3820.0,3830.0,3820.0,3820.0,370800
2026-02-20 07:00:00,3820.0,3830.0,3820.0,3820.0,6286600
2026-02-20 07:05:00,3820.0,3830.0,3820.0,3820.0,1163900
2026-02-20 07:10:00,3830.0,3830.0,3820.0,3820.0,2275400
2026-02-20 07:15:00,3820.0,3830.0,3820.0,3820.0,909800
2026-02-20 07:20:00,3820.0,3830.0,3820.0,3820.0,1091500
2026-02-20 07:25:00,3820.0,3830.0,3820.0,3820.0,740100
2026-02-20 07:30:00,3860.0,3870.0,3820.0,3830.0,43223800
2026-02-20 07:35:00,3860.0,3860.0,3850.0,3860.0,2063300
2026-02-20 07:40:00,3850.0,3860.0,3850.0,3850.0,3998000
2026-02-20 07:45:00,3850.0,3860.0,3850.0,3850.0,2209600
2026-02-20 07:50:00,3860.0,3860.0,3850.0,3850.0,1550400
2026-02-20 07:55:00,3850.0,3860.0,3850.0,3850.0,3000700
2026-02-20 08:00:00,3860.0,3860.0,3850.0,3850.0,2645300
2026-02-20 08:05:00,3850.0,3860.0,3850.0,3860.0,2889500
2026-02-20 08:10:00,3850.0,3860.0,3850.0,3850.0,864500
2026-02-20 08:15:00,3850.0,3860.0,3850.0,3850.0,3695100
2026-02-20 08:20:00,3840.0,3860.0,3840.0,3850.0,5338800
2026-02-20 08:25:00,3840.0,3850.0,3840.0,3840.0,807900
2026-02-20 08:30:00,3840.0,3850.0,3840.0,3840.0,1158100
2026-02-20 08:35:00,3840.0,3850.0,3840.0,3840.0,1739400
2026-02-20 08:40:00,3840.0,3850.0,3840.0,3840.0,1319500
2026-02-20 08:45:00,3830.0,3850.0,3810.0,3840.0,8958400
2026-02-20 09:00:00,3840.0,3840.0,3840.0,3840.0,14557000
2026-02-20 09:05:00,3840.0,3840.0,3840.0,3840.0,206700
2026-02-20 09:10:00,3840.0,3840.0,3840.0,3840.0,933600
2026-02-23 02:00:00,3870.0,3890.0,3870.0,3870.0,0
2026-02-23 02:05:00,3870.0,3880.0,3860.0,3870.0,6287500
2026-02-23 02:10:00,3870.0,3880.0,3870.0,3880.0,1444200
2026-02-23 02:15:00,3870.0,3880.0,3870.0,3870.0,1461300
2026-02-23 02:20:00,3870.0,3880.0,3870.0,3880.0,770400
2026-02-23 02:25:00,3870.0,3880.0,3870.0,3870.0,1162900
2026-02-23 02:30:00,3870.0,3880.0,3870.0,3870.0,1212400
2026-02-23 02:35:00,3870.0,3880.0,3870.0,3880.0,1861500
2026-02-23 02:40:00,3880.0,3880.0,3870.0,3880.0,573700
2026-02-23 02:45:00,3890.0,3890.0,3870.0,3880.0,11549500
2026-02-23 02:50:00,3880.0,3890.0,3880.0,3890.0,1482100
2026-02-23 02:55:00,3880.0,3890.0,3880.0,3890.0,3256700
2026-02-23 03:00:00,3910.0,3910.0,3880.0,3890.0,17757800
2026-02-23 03:05:00,3910.0,3910.0,3900.0,3910.0,1222900
2026-02-23 03:10:00,3900.0,3910.0,3900.0,3900.0,3586900
2026-02-23 03:15:00,3910.0,3910.0,3900.0,3900.0,684700
2026-02-23 03:20:00,3900.0,3910.0,3900.0,3900.0,1438100
2026-02-23 03:25:00,3890.0,3910.0,3890.0,3900.0,8519600
2026-02-23 03:30:00,3900.0,3900.0,3890.0,3890.0,814600
2026-02-23 03:35:00,3890.0,3900.0,3890.0,3890.0,876700
2026-02-23 03:40:00,3880.0,3890.0,3880.0,3890.0,2810400
2026-02-23 03:45:00,3880.0,3890.0,3880.0,3880.0,757800
2026-02-23 03:50:00,3890.0,3890.0,3880.0,3890.0,978000
2026-02-23 03:55:00,3890.0,3890.0,3880.0,3880.0,832100
2026-02-23 04:00:00,3880.0,3890.0,3880.0,3890.0,1943400
2026-02-23 04:05:00,3890.0,3890.0,3880.0,3880.0,855700
2026-02-23 04:10:00,3880.0,3890.0,3880.0,3890.0,392500
2026-02-23 04:15:00,3890.0,3890.0,3880.0,3880.0,846900
2026-02-23 04:20:00,3890.0,3890.0,3880.0,3880.0,856200
2026-02-23 04:25:00,3890.0,3890.0,3880.0,3880.0,1395300
2026-02-23 04:30:00,3900.0,3900.0,3880.0,3890.0,2687500
2026-02-23 04:35:00,3900.0,3900.0,3890.0,3900.0,1458200
2026-02-23 04:40:00,3890.0,3900.0,3890.0,3890.0,269900
2026-02-23 04:45:00,3910.0,3910.0,3890.0,3890.0,11349000
2026-02-23 04:50:00,3900.0,3910.0,3900.0,3900.0,1176400
2026-02-23 04:55:00,3900.0,3910.0,3900.0,3910.0,902700
2026-02-23 06:30:00,3890.0,3910.0,3890.0,3900.0,8832000
2026-02-23 06:35:00,3900.0,3900.0,3890.0,3890.0,190800
2026-02-23 06:40:00,3900.0,3900.0,3890.0,3890.0,340100
2026-02-23 06:45:00,3890.0,3900.0,3880.0,3900.0,6892700
2026-02-23 06:50:00,3880.0,3900.0,3880.0,3890.0,1695700
2026-02-23 06:55:00,3880.0,3890.0,3880.0,3880.0,384700
2026-02-23 07:00:00,3890.0,3890.0,3880.0,3890.0,878700
2026-02-23 07:05:00,3890.0,3900.0,3880.0,3890.0,1781400
2026-02-23 07:10:00,3890.0,3900.0,3890.0,3890.0,682400
2026-02-23 07:15:00,3900.0,3900.0,3890.0,3900.0,1891700
2026-02-23 07:20:00,3900.0,3900.0,3890.0,3890.0,466500
2026-02-23 07:25:00,3890.0,3900.0,3890.0,3900.0,12495500
2026-02-23 07:30:00,3890.0,3900.0,3890.0,3900.0,687800
2026-02-23 07:35:00,3890.0,3900.0,3880.0,3890.0,4399300
2026-02-23 07:40:00,3890.0,3900.0,3890.0,3900.0,1000900
2026-02-23 07:45:00,3890.0,3900.0,3890.0,3890.0,773500
2026-02-23 07:50:00,3900.0,3900.0,3880.0,3890.0,2662700
2026-02-23 07:55:00,3890.0,3900.0,3890.0,3890.0,1453300
2026-02-23 08:00:00,3900.0,3900.0,3890.0,3890.0,1187100
2026-02-23 08:05:00,3890.0,3900.0,3890.0,3890.0,517900
2026-02-23 08:10:00,3890.0,3900.0,3890.0,3890.0,1128200
2026-02-23 08:15:00,3890.0,3900.0,3890.0,3890.0,2397500
2026-02-23 08:20:00,3890.0,3890.0,3880.0,3880.0,1077300
2026-02-23 08:25:00,3890.0,3890.0,3880.0,3880.0,1351700
2026-02-23 08:30:00,3890.0,3890.0,3880.0,3880.0,1989100
2026-02-23 08:35:00,3880.0,3890.0,3880.0,3880.0,820800
2026-02-23 08:40:00,3890.0,3890.0,3880.0,3880.0,1871500
2026-02-23 08:45:00,3890.0,3890.0,3880.0,3890.0,5805800
2026-02-23 09:00:00,3900.0,3900.0,3900.0,3900.0,21593900
2026-02-23 09:05:00,3900.0,3900.0,3900.0,3900.0,97700
2026-02-23 09:10:00,3900.0,3900.0,3900.0,3900.0,156300
2026-02-24 02:00:00,3880.0,3880.0,3870.0,3880.0,0
2026-02-24 02:05:00,3860.0,3880.0,3860.0,3870.0,6442900
2026-02-24 02:10:00,3870.0,3870.0,3860.0,3870.0,2570300
2026-02-24 02:15:00,3860.0,3870.0,3860.0,3860.0,2447500
2026-02-24 02:20:00,3870.0,3870.0,3860.0,3870.0,2204600
2026-02-24 02:25:00,3890.0,3890.0,3860.0,3860.0,9602800
2026-02-24 02:30:00,3880.0,3890.0,3870.0,3880.0,6974200
2026-02-24 02:35:00,3870.0,3880.0,3860.0,3880.0,3132000
2026-02-24 02:40:00,3870.0,3870.0,3860.0,3860.0,2217200
2026-02-24 02:45:00,3860.0,3870.0,3860.0,3870.0,1134500
2026-02-24 02:50:00,3870.0,3870.0,3860.0,3870.0,370600
2026-02-24 02:55:00,3870.0,3870.0,3860.0,3870.0,1765800
2026-02-24 03:00:00,3870.0,3870.0,3860.0,3860.0,1751900
2026-02-24 03:05:00,3870.0,3880.0,3860.0,3860.0,3226100
2026-02-24 03:10:00,3870.0,3880.0,3870.0,3870.0,888100
2026-02-24 03:15:00,3880.0,3880.0,3870.0,3870.0,1100700
2026-02-24 03:20:00,3870.0,3880.0,3870.0,3880.0,987000
2026-02-24 03:25:00,3870.0,3880.0,3870.0,3870.0,1418100
2026-02-24 03:30:00,3870.0,3880.0,3870.0,3870.0,1443200
2026-02-24 03:35:00,3870.0,3880.0,3870.0,3870.0,1143100
2026-02-24 03:40:00,3880.0,3880.0,3870.0,3870.0,2784900
2026-02-24 03:45:00,3870.0,3880.0,3870.0,3880.0,982200
2026-02-24 03:50:00,3870.0,3880.0,3860.0,3870.0,7511700
2026-02-24 03:55:00,3870.0,3880.0,3870.0,3880.0,1479800
2026-02-24 04:00:00,3870.0,3880.0,3870.0,3870.0,911600
2026-02-24 04:05:00,3870.0,3880.0,3870.0,3870.0,617600
2026-02-24 04:10:00,3870.0,3880.0,3870.0,3870.0,655600
2026-02-24 04:15:00,3870.0,3880.0,3870.0,3870.0,653400
2026-02-24 04:20:00,3870.0,3880.0,3870.0,3870.0,529100
2026-02-24 04:25:00,3870.0,3880.0,3870.0,3870.0,559500
2026-02-24 04:30:00,3870.0,3880.0,3870.0,3880.0,480300
2026-02-24 04:35:00,3870.0,3880.0,3870.0,3880.0,895000
2026-02-24 04:40:00,3870.0,3880.0,3870.0,3880.0,773700
2026-02-24 04:45:00,3870.0,3880.0,3870.0,3880.0,922500
2026-02-24 04:50:00,3870.0,3880.0,3870.0,3880.0,1062900
2026-02-24 04:55:00,3870.0,3880.0,3870.0,3880.0,588200
2026-02-24 06:30:00,3870.0,3880.0,3870.0,3870.0,909400
2026-02-24 06:35:00,3880.0,3880.0,3870.0,3870.0,955800
2026-02-24 06:40:00,3880.0,3880.0,3870.0,3870.0,943900
2026-02-24 06:45:00,3870.0,3880.0,3870.0,3880.0,907700
2026-02-24 06:50:00,3870.0,3880.0,3870.0,3870.0,2742600
2026-02-24 06:55:00,3890.0,3890.0,3870.0,3880.0,12648100
2026-02-24 07:00:00,3880.0,3890.0,3880.0,3880.0,2410100
2026-02-24 07:05:00,3880.0,3890.0,3880.0,3890.0,522300
2026-02-24 07:10:00,3890.0,3890.0,3880.0,3890.0,867900
2026-02-24 07:15:00,3880.0,3890.0,3880.0,3890.0,6559600
2026-02-24 07:20:00,3870.0,3890.0,3870.0,3880.0,2196200
2026-02-24 07:25:00,3880.0,3880.0,3870.0,3870.0,2105700
2026-02-24 07:30:00,3870.0,3880.0,3870.0,3870.0,2320100
2026-02-24 07:35:00,3870.0,3880.0,3870.0,3880.0,833700
2026-02-24 07:40:00,3880.0,3880.0,3870.0,3870.0,992300
2026-02-24 07:45:00,3880.0,3880.0,3870.0,3870.0,1111100
2026-02-24 07:50:00,3880.0,3880.0,3870.0,3870.0,896400
2026-02-24 07:55:00,3870.0,3880.0,3870.0,3880.0,1202500
2026-02-24 08:00:00,3870.0,3880.0,3870.0,3880.0,1587600
2026-02-24 08:05:00,3870.0,3880.0,3870.0,3870.0,3788000
2026-02-24 08:10:00,3870.0,3880.0,3870.0,3870.0,2471300
2026-02-24 08:15:00,3870.0,3880.0,3870.0,3880.0,1786500
2026-02-24 08:20:00,3880.0,3880.0,3870.0,3880.0,3668500
2026-02-24 08:25:00,3870.0,3880.0,3870.0,3870.0,2406700
2026-02-24 08:30:00,3870.0,3880.0,3870.0,3880.0,2401500
2026-02-24 08:35:00,3870.0,3880.0,3870.0,3870.0,3400500
2026-02-24 08:40:00,3870.0,3880.0,3870.0,3870.0,5253500
2026-02-24 08:45:00,3870.0,3880.0,3870.0,3870.0,5456400
2026-02-24 09:00:00,3870.0,3870.0,3870.0,3870.0,29852900
2026-02-24 09:05:00,3870.0,3870.0,3870.0,3870.0,314600
2026-02-24 09:10:00,3870.0,3870.0,3870.0,3870.0,169400
2026-02-25 02:00:00,3900.0,3900.0,3880.0,3890.0,0
2026-02-25 02:05:00,3890.0,3900.0,3890.0,3900.0,1571900
2026-02-25 02:10:00,3890.0,3900.0,3890.0,3890.0,952600
2026-02-25 02:15:00,3910.0,3910.0,3890.0,3900.0,5458800
2026-02-25 02:20:00,3890.0,3910.0,3890.0,3900.0,9023100
2026-02-25 02:25:00,3900.0,3910.0,3890.0,3890.0,6065700
2026-02-25 02:30:00,3920.0,3920.0,3900.0,3900.0,10231200
2026-02-25 02:35:00,3930.0,3940.0,3920.0,3920.0,18871100
2026-02-25 02:40:00,3920.0,3930.0,3910.0,3930.0,2937100
2026-02-25 02:45:00,3910.0,3920.0,3910.0,3910.0,778400
2026-02-25 02:50:00,3920.0,3920.0,3910.0,3920.0,2297300
2026-02-25 02:55:00,3920.0,3920.0,3910.0,3920.0,1637800
2026-02-25 03:00:00,3920.0,3940.0,3910.0,3910.0,11898600
2026-02-25 03:05:00,3920.0,3930.0,3920.0,3930.0,603800
2026-02-25 03:10:00,3930.0,3930.0,3920.0,3930.0,1686900
2026-02-25 03:15:00,3940.0,3940.0,3920.0,3920.0,6943900
2026-02-25 03:20:00,3930.0,3940.0,3930.0,3930.0,2008200
2026-02-25 03:25:00,3930.0,3940.0,3930.0,3930.0,767100
2026-02-25 03:30:00,3940.0,3940.0,3930.0,3930.0,681100
2026-02-25 03:35:00,3930.0,3940.0,3930.0,3930.0,2014600
2026-02-25 03:40:00,3930.0,3940.0,3930.0,3940.0,6030800
2026-02-25 03:45:00,3930.0,3940.0,3930.0,3930.0,668300
2026-02-25 03:50:00,3940.0,3940.0,3930.0,3930.0,1203200
2026-02-25 03:55:00,3930.0,3940.0,3930.0,3940.0,7842100
2026-02-25 04:00:00,3920.0,3940.0,3920.0,3930.0,4244100
2026-02-25 04:05:00,3930.0,3930.0,3920.0,3920.0,694100
2026-02-25 04:10:00,3930.0,3940.0,3920.0,3920.0,3144100
2026-02-25 04:15:00,3930.0,3940.0,3930.0,3930.0,2793000
2026-02-25 04:20:00,3940.0,3940.0,3930.0,3940.0,565200
2026-02-25 04:25:00,3940.0,3940.0,3930.0,3930.0,418100
2026-02-25 04:30:00,3930.0,3940.0,3930.0,3940.0,373900
2026-02-25 04:35:00,3940.0,3940.0,3930.0,3930.0,707400
2026-02-25 04:40:00,3940.0,3940.0,3930.0,3930.0,3037500
2026-02-25 04:45:00,3930.0,3940.0,3930.0,3930.0,914200
2026-02-25 04:50:00,3930.0,3940.0,3930.0,3930.0,2598800
2026-02-25 04:55:00,3930.0,3940.0,3930.0,3940.0,2410400
2026-02-25 06:30:00,3940.0,3940.0,3930.0,3930.0,2202400
2026-02-25 06:35:00,3930.0,3940.0,3930.0,3930.0,4867300
2026-02-25 06:40:00,3970.0,3980.0,3930.0,3940.0,46759900
2026-02-25 06:45:00,3950.0,3980.0,3950.0,3970.0,2883800
2026-02-25 06:50:00,3950.0,3960.0,3950.0,3960.0,650100
2026-02-25 06:55:00,3960.0,3960.0,3950.0,3950.0,2718800
2026-02-25 07:00:00,3960.0,3960.0,3950.0,3960.0,684100
2026-02-25 07:05:00,3950.0,3960.0,3950.0,3950.0,949200
2026-02-25 07:10:00,3950.0,3960.0,3950.0,3950.0,1991200
2026-02-25 07:15:00,3950.0,3960.0,3950.0,3950.0,1924500
2026-02-25 07:20:00,3960.0,3960.0,3950.0,3960.0,1097000
2026-02-25 07:25:00,3960.0,3960.0,3950.0,3950.0,1085200
2026-02-25 07:30:00,3960.0,3960.0,3950.0,3960.0,1693000
2026-02-25 07:35:00,3970.0,3970.0,3950.0,3950.0,2340000
2026-02-25 07:40:00,3970.0,3970.0,3960.0,3970.0,1408800
2026-02-25 07:45:00,3970.0,3970.0,3960.0,3960.0,2143000
2026-02-25 07:50:00,3970.0,3970.0,3960.0,3960.0,3011000
2026-02-25 07:55:00,3970.0,3970.0,3960.0,3960.0,891700
2026-02-25 08:00:00,3970.0,3970.0,3960.0,3970.0,1413000
2026-02-25 08:05:00,3960.0,3970.0,3960.0,3960.0,1243600
2026-02-25 08:10:00,3970.0,3970.0,3960.0,3970.0,1281800
2026-02-25 08:15:00,3970.0,3970.0,3960.0,3960.0,1589300
2026-02-25 08:20:00,3970.0,3970.0,3960.0,3970.0,5460600
2026-02-25 08:25:00,3970.0,3970.0,3960.0,3970.0,1546100
2026-02-25 08:30:00,3970.0,3970.0,3960.0,3960.0,2491000
2026-02-25 08:35:00,3960.0,3970.0,3960.0,3970.0,1877600
2026-02-25 08:40:00,3960.0,3970.0,3950.0,3960.0,15299200
2026-02-25 08:45:00,3970.0,3970.0,3950.0,3950.0,2994300
2026-02-25 09:00:00,3970.0,3970.0,3970.0,3970.0,19506700
2026-02-25 09:05:00,3970.0,3970.0,3970.0,3970.0,7700
2026-02-25 09:10:00,3970.0,3970.0,3970.0,3970.0,13600
2026-02-26 02:00:00,3950.0,3970.0,3950.0,3970.0,0
2026-02-26 02:05:00,3960.0,3960.0,3950.0,3950.0,1182700
2026-02-26 02:10:00,3950.0,3960.0,3950.0,3950.0,1176600
2026-02-26 02:15:00,3960.0,3960.0,3950.0,3960.0,4054700
2026-02-26 02:20:00,3940.0,3960.0,3930.0,3960.0,3769000
2026-02-26 02:25:00,3930.0,3940.0,3930.0,3940.0,903100
2026-02-26 02:30:00,3930.0,3940.0,3930.0,3930.0,1141000
2026-02-26 02:35:00,3950.0,3960.0,3930.0,3940.0,4531800
2026-02-26 02:40:00,3950.0,3960.0,3940.0,3960.0,1710300
2026-02-26 02:45:00,3940.0,3950.0,3930.0,3950.0,1562300
2026-02-26 02:50:00,3950.0,3950.0,3930.0,3940.0,804600
2026-02-26 02:55:00,3940.0,3950.0,3940.0,3940.0,560400
2026-02-26 03:00:00,3950.0,3950.0,3940.0,3940.0,255600
2026-02-26 03:05:00,3950.0,3950.0,3940.0,3950.0,1033300
2026-02-26 03:10:00,3930.0,3950.0,3930.0,3950.0,1968800
2026-02-26 03:15:00,3940.0,3940.0,3930.0,3940.0,380000
2026-02-26 03:20:00,3940.0,3950.0,3930.0,3930.0,1546100
2026-02-26 03:25:00,3950.0,3950.0,3940.0,3950.0,621700
2026-02-26 03:30:00,3950.0,3950.0,3940.0,3940.0,3727900
2026-02-26 03:35:00,3940.0,3950.0,3940.0,3940.0,1058200
2026-02-26 03:40:00,3950.0,3950.0,3940.0,3940.0,514600
2026-02-26 03:45:00,3960.0,3960.0,3940.0,3940.0,4408400
2026-02-26 03:50:00,3960.0,3960.0,3950.0,3960.0,897200
2026-02-26 03:55:00,3950.0,3960.0,3950.0,3960.0,490900
2026-02-26 04:00:00,3960.0,3960.0,3950.0,3950.0,619700
2026-02-26 04:05:00,3960.0,3960.0,3950.0,3950.0,228500
2026-02-26 04:10:00,3960.0,3960.0,3950.0,3950.0,407800
2026-02-26 04:15:00,3960.0,3960.0,3950.0,3960.0,654300
2026-02-26 04:20:00,3950.0,3960.0,3950.0,3960.0,1883200
2026-02-26 04:25:00,3950.0,3960.0,3950.0,3960.0,302300
2026-02-26 04:30:00,3950.0,3960.0,3950.0,3950.0,662400
2026-02-26 04:35:00,3960.0,3960.0,3950.0,3950.0,1234200
2026-02-26 04:40:00,3950.0,3960.0,3950.0,3960.0,732900
2026-02-26 04:45:00,3960.0,3960.0,3950.0,3950.0,2645400
2026-02-26 04:50:00,3950.0,3960.0,3950.0,3950.0,697200
2026-02-26 04:55:00,3950.0,3960.0,3950.0,3950.0,475000
2026-02-26 06:30:00,3960.0,3960.0,3950.0,3950.0,3728200
2026-02-26 06:35:00,3950.0,3960.0,3950.0,3950.0,599400
2026-02-26 06:40:00,3950.0,3960.0,3950.0,3950.0,469600
2026-02-26 06:45:00,3960.0,3960.0,3950.0,3950.0,651100
2026-02-26 06:50:00,3950.0,3960.0,3950.0,3960.0,519800
2026-02-26 06:55:00,3940.0,3960.0,3940.0,3950.0,3457600
2026-02-26 07:00:00,3940.0,3950.0,3940.0,3940.0,551800
2026-02-26 07:05:00,3940.0,3950.0,3940.0,3950.0,1769800
2026-02-26 07:10:00,3940.0,3950.0,3940.0,3940.0,1694300
2026-02-26 07:15:00,3940.0,3950.0,3940.0,3940.0,6491300
2026-02-26 07:20:00,3930.0,3950.0,3930.0,3940.0,17908600
2026-02-26 07:25:00,3920.0,3930.0,3920.0,3930.0,6471100
2026-02-26 07:30:00,3930.0,3940.0,3920.0,3920.0,3852100
2026-02-26 07:35:00,3930.0,3940.0,3920.0,3930.0,1936900
2026-02-26 07:40:00,3930.0,3940.0,3920.0,3930.0,797300
2026-02-26 07:45:00,3930.0,3930.0,3920.0,3930.0,337000
2026-02-26 07:50:00,3930.0,3930.0,3920.0,3920.0,539900
2026-02-26 07:55:00,3940.0,3940.0,3920.0,3930.0,2348100
2026-02-26 08:00:00,3930.0,3940.0,3930.0,3930.0,437000
2026-02-26 08:05:00,3930.0,3940.0,3920.0,3930.0,1347600
2026-02-26 08:10:00,3940.0,3940.0,3920.0,3930.0,1193500
2026-02-26 08:15:00,3940.0,3940.0,3930.0,3940.0,216500
2026-02-26 08:20:00,3930.0,3940.0,3930.0,3930.0,672500
2026-02-26 08:25:00,3940.0,3940.0,3930.0,3940.0,408400
2026-02-26 08:30:00,3940.0,3940.0,3930.0,3940.0,453900
2026-02-26 08:35:00,3930.0,3940.0,3930.0,3930.0,1705600
2026-02-26 08:40:00,3920.0,3940.0,3920.0,3930.0,2444000
2026-02-26 08:45:00,3930.0,3930.0,3920.0,3920.0,1421000
2026-02-26 09:00:00,3950.0,3950.0,3950.0,3950.0,25304500
2026-02-26 09:05:00,3950.0,3950.0,3950.0,3950.0,268100
2026-02-26 09:10:00,3950.0,3950.0,3950.0,3950.0,12200
2026-02-27 02:00:00,3910.0,3950.0,3900.0,3940.0,0
2026-02-27 02:05:00,3880.0,3910.0,3880.0,3900.0,7980700
2026-02-27 02:10:00,3900.0,3900.0,3880.0,3880.0,6134200
2026-02-27 02:15:00,3900.0,3910.0,3890.0,3890.0,4118100
2026-02-27 02:20:00,3920.0,3920.0,3900.0,3910.0,3721300
2026-02-27 02:25:00,3930.0,3940.0,3910.0,3920.0,4719000
2026-02-27 02:30:00,3930.0,3940.0,3920.0,3930.0,3143300
2026-02-27 02:35:00,3930.0,3930.0,3920.0,3930.0,1711500
2026-02-27 02:40:00,3930.0,3930.0,3920.0,3930.0,401600
2026-02-27 02:45:00,3910.0,3930.0,3910.0,3930.0,2164500
2026-02-27 02:50:00,3920.0,3920.0,3910.0,3910.0,401600
2026-02-27 02:55:00,3920.0,3920.0,3910.0,3910.0,444100
2026-02-27 03:00:00,3920.0,3920.0,3910.0,3910.0,1384900
2026-02-27 03:05:00,3900.0,3920.0,3900.0,3910.0,4173700
2026-02-27 03:10:00,3900.0,3910.0,3900.0,3900.0,1196300
2026-02-27 03:15:00,3910.0,3910.0,3900.0,3910.0,1093800
2026-02-27 03:20:00,3900.0,3910.0,3900.0,3910.0,2221800
2026-02-27 03:25:00,3910.0,3910.0,3900.0,3900.0,1785200
2026-02-27 03:30:00,3910.0,3910.0,3900.0,3900.0,1382800
2026-02-27 03:35:00,3910.0,3910.0,3890.0,3910.0,3573000
2026-02-27 03:40:00,3910.0,3910.0,3900.0,3900.0,424400
2026-02-27 03:45:00,3910.0,3910.0,3900.0,3910.0,463900
2026-02-27 03:50:00,3910.0,3910.0,3900.0,3910.0,1336800
2026-02-27 03:55:00,3900.0,3910.0,3900.0,3900.0,5486500
2026-02-27 04:00:00,3900.0,3910.0,3890.0,3900.0,796200
2026-02-27 04:05:00,3890.0,3900.0,3890.0,3890.0,965500
2026-02-27 04:10:00,3900.0,3900.0,3890.0,3890.0,2181400
2026-02-27 04:15:00,3900.0,3900.0,3890.0,3900.0,2954500
2026-02-27 04:20:00,3910.0,3910.0,3890.0,3900.0,2528900
2026-02-27 04:25:00,3900.0,3910.0,3900.0,3900.0,647500
2026-02-27 07:00:00,3900.0,3910.0,3890.0,3900.0,8314600
2026-02-27 07:05:00,3910.0,3910.0,3900.0,3900.0,1099900
2026-02-27 07:10:00,3900.0,3910.0,3900.0,3910.0,3147500
2026-02-27 07:15:00,3910.0,3910.0,3900.0,3910.0,971400
2026-02-27 07:20:00,3910.0,3910.0,3900.0,3900.0,995300
2026-02-27 07:25:00,3900.0,3910.0,3900.0,3910.0,3803200
2026-02-27 07:30:00,3910.0,3910.0,3900.0,3900.0,4989100
2026-02-27 07:35:00,3910.0,3910.0,3900.0,3900.0,2157900
2026-02-27 07:40:00,3900.0,3910.0,3890.0,3900.0,2831600
2026-02-27 07:45:00,3900.0,3900.0,3890.0,3900.0,1427800
2026-02-27 07:50:00,3900.0,3900.0,3890.0,3900.0,1140600
2026-02-27 07:55:00,3890.0,3900.0,3890.0,3890.0,2776100
2026-02-27 08:00:00,3900.0,3900.0,3890.0,3900.0,1571500
2026-02-27 08:05:00,3900.0,3900.0,3890.0,3900.0,2703700
2026-02-27 08:10:00,3900.0,3900.0,3890.0,3890.0,2710900
2026-02-27 08:15:00,3900.0,3900.0,3890.0,3890.0,1626000
2026-02-27 08:20:00,3890.0,3900.0,3890.0,3890.0,3639500
2026-02-27 08:25:00,3900.0,3900.0,3890.0,3900.0,2197900
2026-02-27 08:30:00,3900.0,3900.0,3890.0,3890.0,2648400
2026-02-27 08:35:00,3900.0,3900.0,3890.0,3890.0,9934400
2026-02-27 08:40:00,3910.0,3910.0,3900.0,3900.0,9117100
2026-02-27 08:45:00,3900.0,3910.0,3900.0,3910.0,7991900
2026-02-27 09:00:00,3910.0,3910.0,3910.0,3910.0,96111000
2026-02-27 09:05:00,3910.0,3910.0,3910.0,3910.0,113900
2026-02-27 09:10:00,3910.0,3910.0,3910.0,3910.0,36900
2026-03-02 02:00:00,3830.0,3840.0,3800.0,3830.0,0
2026-03-02 02:05:00,3820.0,3830.0,3820.0,3820.0,5648000
2026-03-02 02:10:00,3810.0,3830.0,3810.0,3820.0,8485300
2026-03-02 02:15:00,3820.0,3820.0,3800.0,3810.0,6153000
2026-03-02 02:20:00,3810.0,3820.0,3810.0,3810.0,2769800
2026-03-02 02:25:00,3820.0,3820.0,3810.0,3810.0,2104700
2026-03-02 02:30:00,3840.0,3840.0,3810.0,3820.0,3749100
2026-03-02 02:35:00,3830.0,3840.0,3820.0,3840.0,2143100
2026-03-02 02:40:00,3830.0,3840.0,3820.0,3820.0,1711900
2026-03-02 02:45:00,3830.0,3840.0,3820.0,3840.0,497100
2026-03-02 02:50:00,3830.0,3830.0,3820.0,3830.0,830500
2026-03-02 02:55:00,3830.0,3830.0,3820.0,3820.0,1778800
2026-03-02 03:00:00,3830.0,3830.0,3820.0,3830.0,2230200
2026-03-02 03:05:00,3840.0,3840.0,3820.0,3830.0,1672500
2026-03-02 03:10:00,3840.0,3840.0,3830.0,3830.0,359600
2026-03-02 03:15:00,3830.0,3840.0,3830.0,3830.0,534500
2026-03-02 03:20:00,3840.0,3840.0,3830.0,3830.0,1373600
2026-03-02 03:25:00,3840.0,3840.0,3830.0,3830.0,488900
2026-03-02 03:30:00,3820.0,3840.0,3820.0,3830.0,4078300
2026-03-02 03:35:00,3830.0,3830.0,3820.0,3830.0,406600
2026-03-02 03:40:00,3820.0,3830.0,3820.0,3820.0,612100
2026-03-02 03:45:00,3820.0,3830.0,3820.0,3820.0,587700
2026-03-02 03:50:00,3820.0,3830.0,3820.0,3820.0,2875200
2026-03-02 03:55:00,3820.0,3830.0,3820.0,3820.0,508500
2026-03-02 04:00:00,3820.0,3830.0,3820.0,3820.0,777700
2026-03-02 04:05:00,3820.0,3830.0,3820.0,3820.0,1203900
2026-03-02 04:10:00,3840.0,3840.0,3820.0,3830.0,2987300
2026-03-02 04:15:00,3840.0,3840.0,3830.0,3840.0,418400
2026-03-02 04:20:00,3840.0,3840.0,3830.0,3830.0,1370700
2026-03-02 04:25:00,3840.0,3840.0,3830.0,3830.0,1625800
2026-03-02 04:30:00,3840.0,3840.0,3830.0,3830.0,445400
2026-03-02 04:35:00,3830.0,3840.0,3830.0,3830.0,465900
2026-03-02 04:40:00,3830.0,3840.0,3830.0,3830.0,679700
2026-03-02 04:45:00,3840.0,3840.0,3830.0,3840.0,483500
2026-03-02 04:50:00,3840.0,3840.0,3830.0,3830.0,855000
2026-03-02 04:55:00,3840.0,3840.0,3830.0,3840.0,1622300
2026-03-02 06:30:00,3840.0,3840.0,3830.0,3840.0,1945600
2026-03-02 06:35:00,3830.0,3840.0,3830.0,3830.0,1147900
2026-03-02 06:40:00,3830.0,3840.0,3830.0,3830.0,2888300
2026-03-02 06:45:00,3830.0,3840.0,3830.0,3830.0,3867100
2026-03-02 06:50:00,3830.0,3840.0,3830.0,3830.0,1733000
2026-03-02 06:55:00,3830.0,3840.0,3830.0,3830.0,2957700
2026-03-02 07:00:00,3820.0,3840.0,3820.0,3830.0,1817400
2026-03-02 07:05:00,3820.0,3830.0,3820.0,3820.0,840400
2026-03-02 07:10:00,3820.0,3830.0,3820.0,3820.0,1513900
2026-03-02 07:15:00,3820.0,3830.0,3820.0,3820.0,4091100
2026-03-02 07:20:00,3830.0,3830.0,3820.0,3820.0,2812900
2026-03-02 07:25:00,3830.0,3830.0,3820.0,3820.0,845700
2026-03-02 07:30:00,3820.0,3830.0,3820.0,3830.0,1140100
2026-03-02 07:35:00,3830.0,3830.0,3820.0,3820.0,1317500
2026-03-02 07:40:00,3820.0,3830.0,3820.0,3820.0,3949600
2026-03-02 07:45:00,3820.0,3830.0,3820.0,3820.0,2960500
2026-03-02 07:50:00,3820.0,3830.0,3820.0,3820.0,830000
2026-03-02 07:55:00,3830.0,3830.0,3820.0,3820.0,8714600
2026-03-02 08:00:00,3820.0,3830.0,3820.0,3820.0,1032600
2026-03-02 08:05:00,3820.0,3830.0,3820.0,3820.0,2715700
2026-03-02 08:10:00,3820.0,3830.0,3820.0,3820.0,2108500
2026-03-02 08:15:00,3820.0,3830.0,3820.0,3820.0,2427100
2026-03-02 08:20:00,3820.0,3830.0,3820.0,3820.0,1686600
2026-03-02 08:25:00,3820.0,3830.0,3820.0,3820.0,1490700
2026-03-02 08:30:00,3820.0,3830.0,3820.0,3820.0,3523400
2026-03-02 08:35:00,3830.0,3830.0,3820.0,3820.0,3679700
2026-03-02 08:40:00,3820.0,3830.0,3820.0,3820.0,10993600
2026-03-02 08:45:00,3820.0,3830.0,3820.0,3820.0,4960200
2026-03-02 09:00:00,3820.0,3820.0,3820.0,3820.0,33620100
2026-03-02 09:05:00,3820.0,3820.0,3820.0,3820.0,287000
2026-03-02 09:10:00,3820.0,3820.0,3820.0,3820.0,134200
2026-03-03 02:00:00,3830.0,3840.0,3810.0,3820.0,0
2026-03-03 02:05:00,3840.0,3840.0,3830.0,3840.0,1219000
2026-03-03 02:10:00,3830.0,3830.0,3820.0,3830.0,1658400
2026-03-03 02:15:00,3830.0,3840.0,3820.0,3830.0,1647700
2026-03-03 02:20:00,3840.0,3840.0,3820.0,3830.0,1074400
2026-03-03 02:25:00,3830.0,3840.0,3830.0,3830.0,482400
2026-03-03 02:30:00,3820.0,3840.0,3820.0,3840.0,3297900
2026-03-03 02:35:00,3820.0,3820.0,3810.0,3820.0,2369400
2026-03-03 02:40:00,3820.0,3820.0,3810.0,3810.0,2088400
2026-03-03 02:45:00,3810.0,3820.0,3800.0,3810.0,2669400
2026-03-03 02:50:00,3810.0,3810.0,3800.0,3810.0,1321100
2026-03-03 02:55:00,3800.0,3810.0,3800.0,3800.0,633600
2026-03-03 03:00:00,3800.0,3810.0,3800.0,3810.0,1308600
2026-03-03 03:05:00,3810.0,3810.0,3800.0,3810.0,2101600
2026-03-03 03:10:00,3810.0,3810.0,3800.0,3810.0,958000
2026-03-03 03:15:00,3810.0,3810.0,3800.0,3810.0,858600
2026-03-03 03:20:00,3810.0,3810.0,3800.0,3810.0,968700
2026-03-03 03:25:00,3820.0,3820.0,3800.0,3810.0,2628500
2026-03-03 03:30:00,3820.0,3820.0,3810.0,3820.0,413600
2026-03-03 03:35:00,3810.0,3820.0,3800.0,3820.0,3518900
2026-03-03 03:40:00,3810.0,3810.0,3800.0,3800.0,885000
2026-03-03 03:45:00,3800.0,3810.0,3800.0,3810.0,667800
2026-03-03 03:50:00,3810.0,3810.0,3800.0,3810.0,598800
2026-03-03 03:55:00,3800.0,3810.0,3800.0,3800.0,1499400
2026-03-03 04:00:00,3800.0,3810.0,3800.0,3800.0,580900
2026-03-03 04:05:00,3800.0,3810.0,3800.0,3800.0,1582600
2026-03-03 04:10:00,3800.0,3810.0,3790.0,3810.0,4596800
2026-03-03 04:15:00,3790.0,3800.0,3790.0,3790.0,563400
2026-03-03 04:20:00,3800.0,3800.0,3790.0,3790.0,1915600
2026-03-03 04:25:00,3790.0,3800.0,3790.0,3800.0,1505100
2026-03-03 04:30:00,3810.0,3810.0,3790.0,3800.0,1448100
2026-03-03 04:35:00,3810.0,3810.0,3800.0,3810.0,236300
2026-03-03 04:40:00,3800.0,3810.0,3800.0,3800.0,332200
2026-03-03 04:45:00,3800.0,3810.0,3800.0,3810.0,445300
2026-03-03 04:50:00,3810.0,3810.0,3800.0,3810.0,445700
2026-03-03 04:55:00,3810.0,3820.0,3800.0,3810.0,1142600
2026-03-03 06:30:00,3800.0,3820.0,3800.0,3810.0,1137800
2026-03-03 06:35:00,3810.0,3810.0,3800.0,3800.0,432900
2026-03-03 06:40:00,3810.0,3810.0,3800.0,3800.0,1001800
2026-03-03 06:45:00,3810.0,3810.0,3800.0,3800.0,622500
2026-03-03 06:50:00,3800.0,3810.0,3800.0,3800.0,616800
2026-03-03 06:55:00,3800.0,3810.0,3800.0,3810.0,869100
2026-03-03 07:00:00,3790.0,3810.0,3790.0,3800.0,1686400
2026-03-03 07:05:00,3800.0,3800.0,3790.0,3800.0,579900
2026-03-03 07:10:00,3800.0,3800.0,3790.0,3790.0,1734700
2026-03-03 07:15:00,3790.0,3800.0,3790.0,3790.0,730400
2026-03-03 07:20:00,3800.0,3800.0,3790.0,3800.0,761400
2026-03-03 07:25:00,3800.0,3800.0,3790.0,3790.0,783200
2026-03-03 07:30:00,3790.0,3800.0,3790.0,3790.0,792600
2026-03-03 07:35:00,3790.0,3800.0,3790.0,3800.0,995300
2026-03-03 07:40:00,3800.0,3800.0,3790.0,3790.0,859200
2026-03-03 07:45:00,3800.0,3800.0,3790.0,3800.0,1290000
2026-03-03 07:50:00,3800.0,3800.0,3790.0,3790.0,864800
2026-03-03 07:55:00,3790.0,3800.0,3790.0,3800.0,1141900
2026-03-03 08:00:00,3790.0,3800.0,3790.0,3790.0,838600
2026-03-03 08:05:00,3800.0,3800.0,3790.0,3800.0,1320700
2026-03-03 08:10:00,3800.0,3800.0,3790.0,3800.0,1032000
2026-03-03 08:15:00,3800.0,3800.0,3790.0,3800.0,1348100
2026-03-03 08:20:00,3800.0,3800.0,3790.0,3800.0,1742000
2026-03-03 08:25:00,3790.0,3800.0,3790.0,3800.0,564300
2026-03-03 08:30:00,3800.0,3800.0,3790.0,3800.0,1162400
2026-03-03 08:35:00,3790.0,3800.0,3790.0,3790.0,1773800
2026-03-03 08:40:00,3800.0,3800.0,3790.0,3790.0,2082400
2026-03-03 08:45:00,3790.0,3800.0,3780.0,3790.0,2616800
2026-03-03 09:00:00,3770.0,3770.0,3770.0,3770.0,23961800
2026-03-03 09:05:00,3770.0,3770.0,3770.0,3770.0,71400
2026-03-03 09:10:00,3770.0,3770.0,3770.0,3770.0,5800
2026-03-04 02:00:00,3770.0,3770.0,3750.0,3770.0,0
2026-03-04 02:05:00,3750.0,3770.0,3750.0,3770.0,5628500
2026-03-04 02:10:00,3750.0,3760.0,3750.0,3760.0,3643200
2026-03-04 02:15:00,3740.0,3760.0,3740.0,3760.0,6383700
2026-03-04 02:20:00,3730.0,3740.0,3720.0,3740.0,3811500
2026-03-04 02:25:00,3740.0,3740.0,3720.0,3720.0,4862400
2026-03-04 02:30:00,3740.0,3750.0,3730.0,3750.0,2383100
2026-03-04 02:35:00,3740.0,3750.0,3740.0,3750.0,1774700
2026-03-04 02:40:00,3740.0,3750.0,3730.0,3750.0,2261800
2026-03-04 02:45:00,3740.0,3750.0,3740.0,3740.0,965000
2026-03-04 02:50:00,3730.0,3750.0,3730.0,3740.0,1067100
2026-03-04 02:55:00,3730.0,3740.0,3730.0,3730.0,2054200
2026-03-04 03:00:00,3720.0,3740.0,3720.0,3730.0,4405700
2026-03-04 03:05:00,3730.0,3730.0,3720.0,3730.0,1144600
2026-03-04 03:10:00,3720.0,3730.0,3710.0,3730.0,6088600
2026-03-04 03:15:00,3720.0,3720.0,3710.0,3710.0,1846600
2026-03-04 03:20:00,3700.0,3720.0,3700.0,3720.0,5641500
2026-03-04 03:25:00,3700.0,3710.0,3700.0,3710.0,13131300
2026-03-04 03:30:00,3720.0,3720.0,3690.0,3700.0,5362000
2026-03-04 03:35:00,3730.0,3730.0,3710.0,3720.0,1649800
2026-03-04 03:40:00,3740.0,3740.0,3720.0,3730.0,1937400
2026-03-04 03:45:00,3730.0,3740.0,3730.0,3740.0,597700
2026-03-04 03:50:00,3740.0,3740.0,3730.0,3740.0,1926200
2026-03-04 03:55:00,3750.0,3750.0,3730.0,3740.0,1639900
2026-03-04 04:00:00,3740.0,3750.0,3730.0,3750.0,730300
2026-03-04 04:05:00,3730.0,3740.0,3730.0,3730.0,885900
2026-03-04 04:10:00,3740.0,3740.0,3730.0,3740.0,271200
2026-03-04 04:15:00,3740.0,3740.0,3730.0,3740.0,291000
2026-03-04 04:20:00,3740.0,3740.0,3730.0,3740.0,513300
2026-03-04 04:25:00,3730.0,3740.0,3720.0,3730.0,2364200
2026-03-04 04:30:00,3730.0,3730.0,3720.0,3730.0,465100
2026-03-04 04:35:00,3730.0,3730.0,3720.0,3720.0,445200
2026-03-04 04:40:00,3730.0,3730.0,3720.0,3730.0,442400
2026-03-04 04:45:00,3730.0,3730.0,3720.0,3730.0,240700
2026-03-04 04:50:00,3730.0,3730.0,3720.0,3720.0,632700
2026-03-04 04:55:00,3710.0,3730.0,3710.0,3730.0,1657800
2026-03-04 06:30:00,3710.0,3720.0,3700.0,3720.0,5634700
2026-03-04 06:35:00,3710.0,3710.0,3700.0,3700.0,1467400
2026-03-04 06:40:00,3710.0,3710.0,3700.0,3700.0,986100
2026-03-04 06:45:00,3700.0,3720.0,3700.0,3710.0,3025300
2026-03-04 06:50:00,3710.0,3710.0,3700.0,3710.0,508200
2026-03-04 06:55:00,3710.0,3710.0,3700.0,3700.0,542800
2026-03-04 07:00:00,3710.0,3710.0,3700.0,3710.0,2554200
2026-03-04 07:05:00,3700.0,3710.0,3690.0,3710.0,7997900
2026-03-04 07:10:00,3690.0,3700.0,3680.0,3700.0,9479200
2026-03-04 07:15:00,3680.0,3690.0,3670.0,3690.0,2950600
2026-03-04 07:20:00,3670.0,3680.0,3660.0,3680.0,6515400
2026-03-04 07:25:00,3670.0,3680.0,3670.0,3680.0,1584000
2026-03-04 07:30:00,3680.0,3680.0,3670.0,3670.0,2012200
2026-03-04 07:35:00,3670.0,3680.0,3670.0,3680.0,2332600
2026-03-04 07:40:00,3680.0,3680.0,3670.0,3680.0,1474500
2026-03-04 07:45:00,3680.0,3680.0,3670.0,3680.0,3005900
2026-03-04 07:50:00,3700.0,3700.0,3670.0,3670.0,3492600
2026-03-04 07:55:00,3690.0,3700.0,3690.0,3700.0,2090300
2026-03-04 08:00:00,3690.0,3700.0,3680.0,3700.0,3790700
2026-03-04 08:05:00,3680.0,3690.0,3680.0,3690.0,1178800
2026-03-04 08:10:00,3680.0,3690.0,3670.0,3690.0,4685800
2026-03-04 08:15:00,3670.0,3680.0,3660.0,3670.0,6232800
2026-03-04 08:20:00,3670.0,3680.0,3660.0,3670.0,3200800
2026-03-04 08:25:00,3660.0,3670.0,3660.0,3670.0,2413000
2026-03-04 08:30:00,3660.0,3670.0,3660.0,3660.0,2329300
2026-03-04 08:35:00,3670.0,3680.0,3660.0,3670.0,3596800
2026-03-04 08:40:00,3660.0,3680.0,3660.0,3670.0,2973500
2026-03-04 08:45:00,3670.0,3670.0,3660.0,3670.0,5000500
2026-03-04 09:00:00,3690.0,3690.0,3690.0,3690.0,25660800
2026-03-04 09:05:00,3690.0,3690.0,3690.0,3690.0,556000
2026-03-04 09:10:00,3690.0,3690.0,3690.0,3690.0,123500
2026-03-05 02:00:00,3760.0,3760.0,3720.0,3720.0,0
2026-03-05 02:05:00,3730.0,3760.0,3720.0,3760.0,4704200
2026-03-05 02:10:00,3750.0,3750.0,3720.0,3730.0,1860300
2026-03-05 02:15:00,3750.0,3750.0,3740.0,3750.0,1102500
2026-03-05 02:20:00,3750.0,3750.0,3740.0,3740.0,1204400
2026-03-05 02:25:00,3740.0,3750.0,3730.0,3750.0,2170200
2026-03-05 02:30:00,3760.0,3760.0,3730.0,3740.0,9475900
2026-03-05 02:35:00,3770.0,3770.0,3750.0,3760.0,2561800
2026-03-05 02:40:00,3750.0,3770.0,3750.0,3770.0,2360700
2026-03-05 02:45:00,3750.0,3760.0,3750.0,3760.0,588100
2026-03-05 02:50:00,3740.0,3760.0,3740.0,3750.0,1694600
2026-03-05 02:55:00,3750.0,3750.0,3740.0,3750.0,268600
2026-03-05 03:00:00,3740.0,3750.0,3740.0,3750.0,361900
2026-03-05 03:05:00,3750.0,3750.0,3740.0,3750.0,877600
2026-03-05 03:10:00,3740.0,3750.0,3740.0,3750.0,616400
2026-03-05 03:15:00,3740.0,3750.0,3740.0,3740.0,619700
2026-03-05 03:20:00,3750.0,3750.0,3740.0,3740.0,860400
2026-03-05 03:25:00,3740.0,3750.0,3740.0,3740.0,1007600
2026-03-05 03:30:00,3750.0,3750.0,3740.0,3740.0,443400
2026-03-05 03:35:00,3740.0,3750.0,3740.0,3740.0,926300
2026-03-05 03:40:00,3740.0,3750.0,3740.0,3750.0,972800
2026-03-05 03:45:00,3730.0,3750.0,3730.0,3740.0,1139200
2026-03-05 03:50:00,3730.0,3740.0,3730.0,3740.0,379700
2026-03-05 03:55:00,3740.0,3740.0,3730.0,3740.0,404700
2026-03-05 04:00:00,3730.0,3740.0,3730.0,3730.0,634900
2026-03-05 04:05:00,3730.0,3740.0,3730.0,3730.0,483600
2026-03-05 04:10:00,3740.0,3740.0,3730.0,3730.0,346200
2026-03-05 04:15:00,3740.0,3740.0,3730.0,3740.0,491100
2026-03-05 04:20:00,3750.0,3750.0,3730.0,3740.0,855700
2026-03-05 04:25:00,3750.0,3750.0,3740.0,3750.0,186400
2026-03-05 04:30:00,3750.0,3750.0,3740.0,3750.0,179700
2026-03-05 04:35:00,3750.0,3750.0,3740.0,3740.0,179800
2026-03-05 04:40:00,3750.0,3750.0,3740.0,3750.0,154800
2026-03-05 04:45:00,3750.0,3750.0,3740.0,3750.0,218500
2026-03-05 04:50:00,3760.0,3760.0,3740.0,3750.0,1507700
2026-03-05 04:55:00,3750.0,3760.0,3750.0,3760.0,411100
2026-03-05 06:30:00,3750.0,3760.0,3740.0,3750.0,1761900
2026-03-05 06:35:00,3740.0,3750.0,3740.0,3750.0,606400
2026-03-05 06:40:00,3740.0,3750.0,3740.0,3750.0,97400
2026-03-05 06:45:00,3750.0,3750.0,3740.0,3750.0,414100
2026-03-05 06:50:00,3750.0,3750.0,3740.0,3740.0,614000
2026-03-05 06:55:00,3760.0,3770.0,3740.0,3750.0,3995500
2026-03-05 07:00:00,3770.0,3770.0,3760.0,3770.0,375200
2026-03-05 07:05:00,3770.0,3770.0,3760.0,3770.0,1375600
2026-03-05 07:10:00,3770.0,3770.0,3760.0,3770.0,211600
2026-03-05 07:15:00,3760.0,3770.0,3760.0,3760.0,388700
2026-03-05 07:20:00,3760.0,3770.0,3760.0,3760.0,810300
2026-03-05 07:25:00,3760.0,3770.0,3760.0,3760.0,300600
2026-03-05 07:30:00,3760.0,3770.0,3760.0,3760.0,299700
2026-03-05 07:35:00,3760.0,3770.0,3750.0,3760.0,2107800
2026-03-05 07:40:00,3770.0,3770.0,3760.0,3760.0,500800
2026-03-05 07:45:00,3770.0,3770.0,3760.0,3760.0,271700
2026-03-05 07:50:00,3770.0,3770.0,3760.0,3760.0,233800
2026-03-05 07:55:00,3770.0,3770.0,3760.0,3760.0,307100
2026-03-05 08:00:00,3760.0,3770.0,3760.0,3770.0,905700
2026-03-05 08:05:00,3760.0,3770.0,3760.0,3760.0,269100
2026-03-05 08:10:00,3780.0,3780.0,3760.0,3770.0,3543600
2026-03-05 08:15:00,3770.0,3780.0,3770.0,3770.0,359300
2026-03-05 08:20:00,3770.0,3780.0,3770.0,3780.0,325700
2026-03-05 08:25:00,3760.0,3780.0,3760.0,3770.0,1131400
2026-03-05 08:30:00,3770.0,3780.0,3760.0,3770.0,1454200
2026-03-05 08:35:00,3780.0,3780.0,3770.0,3770.0,495000
2026-03-05 08:40:00,3780.0,3780.0,3770.0,3770.0,1835600
2026-03-05 08:45:00,3770.0,3780.0,3770.0,3770.0,3374000
2026-03-05 09:00:00,3750.0,3750.0,3750.0,3750.0,16505600
2026-03-05 09:05:00,3750.0,3750.0,3750.0,3750.0,12600
2026-03-05 09:10:00,3750.0,3750.0,3750.0,3750.0,4700
2026-03-06 02:00:00,3740.0,3740.0,3700.0,3740.0,0
2026-03-06 02:05:00,3730.0,3740.0,3720.0,3740.0,1364700
2026-03-06 02:10:00,3720.0,3730.0,3710.0,3730.0,3619000
2026-03-06 02:15:00,3720.0,3720.0,3710.0,3720.0,1454300
2026-03-06 02:20:00,3720.0,3730.0,3710.0,3720.0,1041700
2026-03-06 02:25:00,3720.0,3730.0,3710.0,3720.0,837100
2026-03-06 02:30:00,3720.0,3720.0,3710.0,3720.0,1248200
2026-03-06 02:35:00,3720.0,3720.0,3710.0,3720.0,907500
2026-03-06 02:40:00,3720.0,3720.0,3710.0,3720.0,339500
2026-03-06 02:45:00,3710.0,3720.0,3700.0,3710.0,3224300
2026-03-06 02:50:00,3710.0,3710.0,3700.0,3710.0,403400
2026-03-06 02:55:00,3710.0,3710.0,3700.0,3710.0,872300
2026-03-06 03:00:00,3710.0,3710.0,3700.0,3710.0,308200
2026-03-06 03:05:00,3710.0,3710.0,3700.0,3710.0,574300
2026-03-06 03:10:00,3710.0,3710.0,3700.0,3700.0,456300
2026-03-06 03:15:00,3700.0,3710.0,3700.0,3700.0,841300
2026-03-06 03:20:00,3700.0,3710.0,3690.0,3710.0,8924200
2026-03-06 03:25:00,3700.0,3700.0,3690.0,3690.0,261000
2026-03-06 03:30:00,3700.0,3700.0,3690.0,3700.0,2250800
2026-03-06 03:35:00,3680.0,3700.0,3680.0,3700.0,3262700
2026-03-06 03:40:00,3690.0,3690.0,3680.0,3680.0,877400
2026-03-06 03:45:00,3690.0,3690.0,3680.0,3690.0,674000
2026-03-06 03:50:00,3690.0,3700.0,3680.0,3680.0,4849300
2026-03-06 03:55:00,3700.0,3700.0,3680.0,3690.0,691100
2026-03-06 04:00:00,3700.0,3700.0,3690.0,3690.0,433800
2026-03-06 04:05:00,3680.0,3700.0,3680.0,3700.0,3711400
2026-03-06 04:10:00,3680.0,3690.0,3680.0,3690.0,1837100
2026-03-06 04:15:00,3680.0,3690.0,3670.0,3690.0,1968400
2026-03-06 04:20:00,3680.0,3680.0,3670.0,3680.0,892100
2026-03-06 04:25:00,3680.0,3680.0,3670.0,3680.0,838600
2026-03-06 07:00:00,3680.0,3680.0,3670.0,3680.0,6032100
2026-03-06 07:05:00,3680.0,3680.0,3670.0,3680.0,734100
2026-03-06 07:10:00,3680.0,3680.0,3670.0,3680.0,1115400
2026-03-06 07:15:00,3680.0,3680.0,3670.0,3680.0,1882900
2026-03-06 07:20:00,3670.0,3680.0,3670.0,3680.0,1412700
2026-03-06 07:25:00,3690.0,3690.0,3670.0,3680.0,7253600
2026-03-06 07:30:00,3690.0,3690.0,3680.0,3690.0,2348500
2026-03-06 07:35:00,3680.0,3690.0,3680.0,3690.0,2237700
2026-03-06 07:40:00,3690.0,3690.0,3680.0,3690.0,1236900
2026-03-06 07:45:00,3690.0,3690.0,3680.0,3690.0,1527000
2026-03-06 07:50:00,3690.0,3690.0,3680.0,3690.0,1466600
2026-03-06 07:55:00,3680.0,3690.0,3680.0,3680.0,1062000
2026-03-06 08:00:00,3680.0,3690.0,3680.0,3690.0,5131600
2026-03-06 08:05:00,3670.0,3690.0,3670.0,3680.0,2990300
2026-03-06 08:10:00,3680.0,3680.0,3670.0,3670.0,1057700
2026-03-06 08:15:00,3680.0,3680.0,3670.0,3680.0,7565800
2026-03-06 08:20:00,3680.0,3680.0,3670.0,3680.0,1396300
2026-03-06 08:25:00,3680.0,3690.0,3670.0,3670.0,1899400
2026-03-06 08:30:00,3680.0,3690.0,3680.0,3690.0,798800
2026-03-06 08:35:00,3680.0,3690.0,3680.0,3680.0,2253300
2026-03-06 08:40:00,3680.0,3690.0,3670.0,3680.0,4000400
2026-03-06 08:45:00,3680.0,3690.0,3670.0,3680.0,4714300
2026-03-06 09:00:00,3670.0,3670.0,3670.0,3670.0,19988100
2026-03-06 09:05:00,3670.0,3670.0,3670.0,3670.0,409300
2026-03-06 09:10:00,3670.0,3670.0,3670.0,3670.0,61500
2026-03-09 02:00:00,3610.0,3620.0,3560.0,3590.0,0
2026-03-09 02:05:00,3600.0,3630.0,3590.0,3620.0,8410600
2026-03-09 02:10:00,3590.0,3600.0,3560.0,3590.0,10559500
2026-03-09 02:15:00,3620.0,3620.0,3580.0,3590.0,14409700
2026-03-09 02:20:00,3610.0,3630.0,3600.0,3620.0,4538500
2026-03-09 02:25:00,3600.0,3610.0,3590.0,3610.0,3697500
2026-03-09 02:30:00,3600.0,3600.0,3590.0,3600.0,3114800
2026-03-09 02:35:00,3600.0,3610.0,3590.0,3600.0,3149100
2026-03-09 02:40:00,3600.0,3610.0,3590.0,3600.0,3612800
2026-03-09 02:45:00,3600.0,3610.0,3590.0,3600.0,2629400
2026-03-09 02:50:00,3600.0,3610.0,3590.0,3600.0,3038600
2026-03-09 02:55:00,3600.0,3610.0,3590.0,3600.0,3629000
2026-03-09 03:00:00,3600.0,3600.0,3590.0,3600.0,948200
2026-03-09 03:05:00,3590.0,3600.0,3590.0,3600.0,960100
2026-03-09 03:10:00,3580.0,3600.0,3580.0,3600.0,7073700
2026-03-09 03:15:00,3590.0,3590.0,3580.0,3590.0,5003300
2026-03-09 03:20:00,3590.0,3590.0,3570.0,3590.0,4576900
2026-03-09 03:25:00,3590.0,3590.0,3580.0,3590.0,960600
2026-03-09 03:30:00,3590.0,3590.0,3580.0,3590.0,731600
2026-03-09 03:35:00,3590.0,3590.0,3580.0,3580.0,448400
2026-03-09 03:40:00,3590.0,3590.0,3580.0,3590.0,1304300
2026-03-09 03:45:00,3590.0,3590.0,3580.0,3590.0,933100
2026-03-09 03:50:00,3590.0,3590.0,3580.0,3590.0,5343700
2026-03-09 03:55:00,3590.0,3590.0,3580.0,3580.0,1614500
2026-03-09 04:00:00,3580.0,3590.0,3570.0,3590.0,3723600
2026-03-09 04:05:00,3580.0,3580.0,3570.0,3570.0,676800
2026-03-09 04:10:00,3580.0,3580.0,3570.0,3580.0,1699900
2026-03-09 04:15:00,3580.0,3580.0,3570.0,3570.0,1517000
2026-03-09 04:20:00,3580.0,3590.0,3570.0,3570.0,2218500
2026-03-09 04:25:00,3580.0,3590.0,3570.0,3590.0,1931800
2026-03-09 04:30:00,3580.0,3590.0,3570.0,3580.0,1240200
2026-03-09 04:35:00,3580.0,3580.0,3570.0,3580.0,799400
2026-03-09 04:40:00,3580.0,3580.0,3570.0,3580.0,1363300
2026-03-09 04:45:00,3570.0,3580.0,3570.0,3580.0,924400
2026-03-09 04:50:00,3580.0,3580.0,3570.0,3580.0,866400
2026-03-09 04:55:00,3580.0,3580.0,3570.0,3580.0,1130000
2026-03-09 06:30:00,3590.0,3600.0,3570.0,3580.0,4283700
2026-03-09 06:35:00,3590.0,3600.0,3580.0,3580.0,1311400
2026-03-09 06:40:00,3600.0,3600.0,3580.0,3600.0,1807900
2026-03-09 06:45:00,3600.0,3600.0,3590.0,3590.0,407500
2026-03-09 06:50:00,3590.0,3600.0,3590.0,3600.0,504300
2026-03-09 06:55:00,3600.0,3600.0,3590.0,3590.0,893100
2026-03-09 07:00:00,3590.0,3600.0,3590.0,3600.0,420800
2026-03-09 07:05:00,3600.0,3600.0,3590.0,3600.0,4058600
2026-03-09 07:10:00,3600.0,3600.0,3590.0,3600.0,654000
2026-03-09 07:15:00,3590.0,3600.0,3580.0,3600.0,2227600
2026-03-09 07:20:00,3590.0,3590.0,3580.0,3590.0,1504900
2026-03-09 07:25:00,3590.0,3590.0,3580.0,3590.0,747900
2026-03-09 07:30:00,3590.0,3590.0,3580.0,3590.0,1812000
2026-03-09 07:35:00,3580.0,3590.0,3580.0,3590.0,831400
2026-03-09 07:40:00,3590.0,3590.0,3580.0,3590.0,407000
2026-03-09 07:45:00,3590.0,3590.0,3580.0,3590.0,433000
2026-03-09 07:50:00,3590.0,3590.0,3580.0,3590.0,540900
2026-03-09 07:55:00,3580.0,3590.0,3580.0,3590.0,1653200
2026-03-09 08:00:00,3580.0,3590.0,3580.0,3590.0,414800
2026-03-09 08:05:00,3580.0,3590.0,3580.0,3590.0,1533800
2026-03-09 08:10:00,3590.0,3590.0,3580.0,3590.0,843800
2026-03-09 08:15:00,3580.0,3590.0,3570.0,3590.0,4966000
2026-03-09 08:20:00,3580.0,3580.0,3570.0,3580.0,1036100
2026-03-09 08:25:00,3580.0,3580.0,3570.0,3580.0,1220400
2026-03-09 08:30:00,3580.0,3580.0,3570.0,3580.0,1034900
2026-03-09 08:35:00,3580.0,3580.0,3570.0,3580.0,4296200
2026-03-09 08:40:00,3580.0,3580.0,3570.0,3580.0,3696800
2026-03-09 08:45:00,3580.0,3590.0,3570.0,3580.0,5221400
2026-03-09 09:00:00,3570.0,3570.0,3570.0,3570.0,12265900
2026-03-09 09:05:00,3570.0,3570.0,3570.0,3570.0,8584500
2026-03-09 09:10:00,3570.0,3570.0,3570.0,3570.0,89700
2026-03-10 02:00:00,3610.0,3610.0,3580.0,3610.0,0
2026-03-10 02:05:00,3590.0,3610.0,3580.0,3600.0,12117400
2026-03-10 02:10:00,3600.0,3600.0,3580.0,3600.0,8625400
2026-03-10 02:15:00,3590.0,3610.0,3580.0,3610.0,6659000
2026-03-10 02:20:00,3590.0,3600.0,3580.0,3590.0,2792500
2026-03-10 02:25:00,3590.0,3600.0,3590.0,3600.0,1786300
2026-03-10 02:30:00,3590.0,3590.0,3580.0,3590.0,3157100
2026-03-10 02:35:00,3590.0,3590.0,3580.0,3590.0,1962200
2026-03-10 02:40:00,3590.0,3590.0,3580.0,3590.0,1092300
2026-03-10 02:45:00,3590.0,3590.0,3580.0,3590.0,1081100
2026-03-10 02:50:00,3590.0,3590.0,3580.0,3590.0,581600
2026-03-10 02:55:00,3590.0,3590.0,3580.0,3590.0,1008200
2026-03-10 03:00:00,3580.0,3590.0,3580.0,3590.0,1309000
2026-03-10 03:05:00,3590.0,3590.0,3580.0,3580.0,1369600
2026-03-10 03:10:00,3580.0,3590.0,3580.0,3590.0,483800
2026-03-10 03:15:00,3590.0,3590.0,3580.0,3590.0,903800
2026-03-10 03:20:00,3590.0,3590.0,3580.0,3590.0,1078200
2026-03-10 03:25:00,3590.0,3590.0,3580.0,3590.0,1327600
2026-03-10 03:30:00,3590.0,3590.0,3580.0,3580.0,1148800
2026-03-10 03:35:00,3590.0,3590.0,3580.0,3590.0,659500
2026-03-10 03:40:00,3590.0,3590.0,3580.0,3590.0,998800
2026-03-10 03:45:00,3590.0,3590.0,3580.0,3580.0,1119900
2026-03-10 03:50:00,3590.0,3590.0,3580.0,3590.0,816000
2026-03-10 03:55:00,3590.0,3590.0,3580.0,3590.0,1636500
2026-03-10 04:00:00,3590.0,3590.0,3580.0,3590.0,703200
2026-03-10 04:05:00,3590.0,3590.0,3580.0,3590.0,390500
2026-03-10 04:10:00,3580.0,3590.0,3580.0,3580.0,892500
2026-03-10 04:15:00,3590.0,3590.0,3580.0,3590.0,616200
2026-03-10 04:20:00,3590.0,3590.0,3580.0,3590.0,711700
2026-03-10 04:25:00,3590.0,3590.0,3580.0,3580.0,575600
2026-03-10 04:30:00,3590.0,3590.0,3580.0,3590.0,1173500
2026-03-10 04:35:00,3580.0,3590.0,3580.0,3590.0,543000
2026-03-10 04:40:00,3590.0,3590.0,3580.0,3580.0,527500
2026-03-10 04:45:00,3580.0,3590.0,3580.0,3590.0,953900
2026-03-10 04:50:00,3590.0,3590.0,3580.0,3580.0,995200
2026-03-10 04:55:00,3570.0,3590.0,3570.0,3590.0,5755500
2026-03-10 06:30:00,3580.0,3590.0,3570.0,3580.0,3770000
2026-03-10 06:35:00,3580.0,3590.0,3580.0,3590.0,435400
2026-03-10 06:40:00,3590.0,3590.0,3580.0,3580.0,370000
2026-03-10 06:45:00,3590.0,3590.0,3580.0,3590.0,496600
2026-03-10 06:50:00,3590.0,3590.0,3580.0,3590.0,909200
2026-03-10 06:55:00,3580.0,3590.0,3580.0,3590.0,855000
2026-03-10 07:00:00,3580.0,3590.0,3580.0,3580.0,914900
2026-03-10 07:05:00,3590.0,3590.0,3580.0,3590.0,356900
2026-03-10 07:10:00,3580.0,3590.0,3580.0,3590.0,1316600
2026-03-10 07:15:00,3590.0,3590.0,3580.0,3590.0,1296200
2026-03-10 07:20:00,3590.0,3590.0,3580.0,3580.0,657600
2026-03-10 07:25:00,3590.0,3590.0,3580.0,3580.0,1008600
2026-03-10 07:30:00,3580.0,3590.0,3580.0,3590.0,3897900
2026-03-10 07:35:00,3580.0,3590.0,3570.0,3580.0,2370300
2026-03-10 07:40:00,3580.0,3580.0,3570.0,3580.0,1179700
2026-03-10 07:45:00,3570.0,3580.0,3570.0,3580.0,1309200
2026-03-10 07:50:00,3570.0,3580.0,3570.0,3580.0,1366100
2026-03-10 07:55:00,3590.0,3590.0,3570.0,3580.0,4758000
2026-03-10 08:00:00,3580.0,3590.0,3580.0,3590.0,556300
2026-03-10 08:05:00,3590.0,3590.0,3580.0,3590.0,453700
2026-03-10 08:10:00,3580.0,3590.0,3570.0,3590.0,5264500
2026-03-10 08:15:00,3580.0,3580.0,3570.0,3570.0,1249200
2026-03-10 08:20:00,3580.0,3580.0,3570.0,3580.0,763000
2026-03-10 08:25:00,3580.0,3580.0,3570.0,3580.0,715900
2026-03-10 08:30:00,3570.0,3580.0,3570.0,3580.0,1691700
2026-03-10 08:35:00,3580.0,3580.0,3570.0,3570.0,1707500
2026-03-10 08:40:00,3580.0,3580.0,3570.0,3580.0,1901000
2026-03-10 08:45:00,3580.0,3580.0,3570.0,3570.0,6109700
2026-03-10 09:00:00,3560.0,3560.0,3560.0,3560.0,21075200
2026-03-10 09:05:00,3560.0,3560.0,3560.0,3560.0,438300
2026-03-10 09:10:00,3560.0,3560.0,3560.0,3560.0,121300
2026-03-11 02:00:00,3600.0,3600.0,3580.0,3590.0,0
2026-03-11 02:05:00,3600.0,3600.0,3590.0,3600.0,3321800
2026-03-11 02:10:00,3600.0,3600.0,3590.0,3600.0,5475700
2026-03-11 02:15:00,3590.0,3600.0,3590.0,3600.0,3968200
2026-03-11 02:20:00,3580.0,3600.0,3580.0,3590.0,2714900
2026-03-11 02:25:00,3590.0,3590.0,3580.0,3580.0,352700
2026-03-11 02:30:00,3590.0,3590.0,3580.0,3590.0,953800
2026-03-11 02:35:00,3590.0,3590.0,3580.0,3590.0,2333900
2026-03-11 02:40:00,3590.0,3590.0,3580.0,3590.0,441500
2026-03-11 02:45:00,3590.0,3590.0,3580.0,3590.0,597200
2026-03-11 02:50:00,3590.0,3590.0,3580.0,3590.0,1097800
2026-03-11 02:55:00,3570.0,3590.0,3560.0,3590.0,8256100
2026-03-11 03:00:00,3580.0,3580.0,3560.0,3570.0,2087900
2026-03-11 03:05:00,3570.0,3580.0,3570.0,3580.0,460500
2026-03-11 03:10:00,3580.0,3580.0,3570.0,3580.0,369800
2026-03-11 03:15:00,3580.0,3580.0,3570.0,3580.0,359600
2026-03-11 03:20:00,3580.0,3580.0,3570.0,3580.0,662600
2026-03-11 03:25:00,3580.0,3580.0,3570.0,3580.0,546300
2026-03-11 03:30:00,3580.0,3580.0,3570.0,3570.0,475800
2026-03-11 03:35:00,3580.0,3580.0,3570.0,3570.0,346500
2026-03-11 03:40:00,3570.0,3580.0,3560.0,3580.0,3759200
2026-03-11 03:45:00,3570.0,3570.0,3560.0,3570.0,658500
2026-03-11 03:50:00,3570.0,3580.0,3560.0,3570.0,893300
2026-03-11 03:55:00,3570.0,3580.0,3570.0,3570.0,629000
2026-03-11 04:00:00,3570.0,3580.0,3560.0,3570.0,524200
2026-03-11 04:05:00,3580.0,3580.0,3560.0,3570.0,366900
2026-03-11 04:10:00,3580.0,3580.0,3570.0,3580.0,144200
2026-03-11 04:15:00,3580.0,3580.0,3570.0,3580.0,531500
2026-03-11 04:20:00,3580.0,3580.0,3570.0,3580.0,594800
2026-03-11 04:25:00,3570.0,3580.0,3570.0,3570.0,342200
2026-03-11 04:30:00,3570.0,3580.0,3570.0,3580.0,223200
2026-03-11 04:35:00,3580.0,3580.0,3570.0,3580.0,423100
2026-03-11 04:40:00,3580.0,3580.0,3570.0,3580.0,210900
2026-03-11 04:45:00,3570.0,3580.0,3570.0,3580.0,451300
2026-03-11 04:50:00,3580.0,3580.0,3570.0,3570.0,307100
2026-03-11 04:55:00,3580.0,3580.0,3570.0,3580.0,465200
2026-03-11 06:30:00,3580.0,3580.0,3570.0,3580.0,1569100
2026-03-11 06:35:00,3570.0,3580.0,3560.0,3570.0,4148300
2026-03-11 06:40:00,3570.0,3570.0,3560.0,3570.0,329300
2026-03-11 06:45:00,3570.0,3570.0,3560.0,3570.0,320900
2026-03-11 06:50:00,3570.0,3570.0,3560.0,3570.0,670600
2026-03-11 06:55:00,3560.0,3570.0,3560.0,3570.0,771900
2026-03-11 07:00:00,3570.0,3570.0,3560.0,3570.0,804700
2026-03-11 07:05:00,3570.0,3570.0,3560.0,3570.0,559600
2026-03-11 07:10:00,3570.0,3570.0,3560.0,3570.0,744200
2026-03-11 07:15:00,3570.0,3570.0,3560.0,3570.0,952200
2026-03-11 07:20:00,3570.0,3570.0,3560.0,3570.0,1472200
2026-03-11 07:25:00,3580.0,3580.0,3560.0,3570.0,697000
2026-03-11 07:30:00,3580.0,3580.0,3570.0,3580.0,1560100
2026-03-11 07:35:00,3570.0,3580.0,3570.0,3580.0,389600
2026-03-11 07:40:00,3580.0,3580.0,3570.0,3580.0,311200
2026-03-11 07:45:00,3580.0,3580.0,3570.0,3570.0,507700
2026-03-11 07:50:00,3580.0,3580.0,3570.0,3570.0,598200
2026-03-11 07:55:00,3570.0,3580.0,3570.0,3580.0,468300
2026-03-11 08:00:00,3580.0,3580.0,3570.0,3580.0,628400
2026-03-11 08:05:00,3570.0,3580.0,3570.0,3580.0,1165100
2026-03-11 08:10:00,3570.0,3580.0,3570.0,3580.0,2252500
2026-03-11 08:15:00,3570.0,3580.0,3570.0,3580.0,1020200
2026-03-11 08:20:00,3580.0,3580.0,3570.0,3570.0,472600
2026-03-11 08:25:00,3580.0,3580.0,3570.0,3580.0,523800
2026-03-11 08:30:00,3580.0,3580.0,3570.0,3580.0,1016200
2026-03-11 08:35:00,3570.0,3580.0,3570.0,3570.0,751600
2026-03-11 08:40:00,3580.0,3580.0,3570.0,3580.0,1304100
2026-03-11 08:45:00,3570.0,3580.0,3570.0,3580.0,1995100
2026-03-11 09:00:00,3580.0,3580.0,3580.0,3580.0,13742700
2026-03-11 09:05:00,3580.0,3580.0,3580.0,3580.0,255600
2026-03-11 09:10:00,3580.0,3580.0,3580.0,3580.0,230800
2026-03-12 02:00:00,3600.0,3610.0,3570.0,3580.0,0
2026-03-12 02:05:00,3580.0,3610.0,3570.0,3600.0,4546100
2026-03-12 02:10:00,3580.0,3580.0,3570.0,3580.0,3517800
2026-03-12 02:15:00,3580.0,3580.0,3570.0,3580.0,723300
2026-03-12 02:20:00,3570.0,3580.0,3570.0,3580.0,479700
2026-03-12 02:25:00,3570.0,3580.0,3570.0,3580.0,811600
2026-03-12 02:30:00,3570.0,3580.0,3570.0,3580.0,1171900
2026-03-12 02:35:00,3570.0,3580.0,3570.0,3570.0,964800
2026-03-12 02:40:00,3580.0,3580.0,3570.0,3580.0,817400
2026-03-12 02:45:00,3580.0,3580.0,3570.0,3570.0,1780500
2026-03-12 02:50:00,3590.0,3600.0,3570.0,3580.0,8550100
2026-03-12 02:55:00,3590.0,3600.0,3590.0,3590.0,1128900
2026-03-12 03:00:00,3590.0,3600.0,3590.0,3590.0,389700
2026-03-12 03:05:00,3600.0,3600.0,3590.0,3600.0,859900
2026-03-12 03:10:00,3600.0,3600.0,3590.0,3600.0,903500
2026-03-12 03:15:00,3590.0,3600.0,3590.0,3600.0,1215200
2026-03-12 03:20:00,3600.0,3600.0,3590.0,3600.0,1679300
2026-03-12 03:25:00,3590.0,3600.0,3580.0,3590.0,4817600
2026-03-12 03:30:00,3600.0,3600.0,3580.0,3590.0,1963600
2026-03-12 03:35:00,3600.0,3600.0,3590.0,3600.0,810300
2026-03-12 03:40:00,3600.0,3600.0,3590.0,3590.0,307200
2026-03-12 03:45:00,3590.0,3600.0,3590.0,3590.0,1029900
2026-03-12 03:50:00,3600.0,3600.0,3590.0,3600.0,2069600
2026-03-12 03:55:00,3600.0,3600.0,3590.0,3600.0,942700
2026-03-12 04:00:00,3600.0,3600.0,3590.0,3600.0,2290000
2026-03-12 04:05:00,3600.0,3600.0,3590.0,3590.0,976200
2026-03-12 04:10:00,3590.0,3600.0,3590.0,3590.0,736300
2026-03-12 04:15:00,3600.0,3600.0,3590.0,3600.0,508000
2026-03-12 04:20:00,3600.0,3600.0,3590.0,3600.0,471900
2026-03-12 04:25:00,3600.0,3600.0,3590.0,3590.0,565600
2026-03-12 04:30:00,3590.0,3600.0,3590.0,3590.0,635100
2026-03-12 04:35:00,3600.0,3600.0,3590.0,3600.0,1147500
2026-03-12 04:40:00,3600.0,3600.0,3590.0,3600.0,659600
2026-03-12 04:45:00,3600.0,3600.0,3590.0,3600.0,688000
2026-03-12 04:50:00,3590.0,3600.0,3590.0,3600.0,929700
2026-03-12 04:55:00,3590.0,3600.0,3580.0,3590.0,4336000
2026-03-12 06:30:00,3590.0,3600.0,3570.0,3580.0,15277300
2026-03-12 06:35:00,3590.0,3590.0,3580.0,3590.0,290400
2026-03-12 06:40:00,3580.0,3590.0,3580.0,3580.0,661400
2026-03-12 06:45:00,3580.0,3590.0,3580.0,3590.0,1153200
2026-03-12 06:50:00,3590.0,3590.0,3580.0,3590.0,1442600
2026-03-12 06:55:00,3580.0,3590.0,3580.0,3590.0,905800
2026-03-12 07:00:00,3580.0,3590.0,3580.0,3590.0,3380800
2026-03-12 07:05:00,3570.0,3590.0,3570.0,3590.0,2333900
2026-03-12 07:10:00,3580.0,3590.0,3570.0,3580.0,2124400
2026-03-12 07:15:00,3580.0,3590.0,3580.0,3590.0,1360200
2026-03-12 07:20:00,3570.0,3590.0,3570.0,3580.0,797300
2026-03-12 07:25:00,3580.0,3580.0,3570.0,3580.0,838800
2026-03-12 07:30:00,3570.0,3580.0,3570.0,3570.0,2740800
2026-03-12 07:35:00,3590.0,3590.0,3570.0,3580.0,1876800
2026-03-12 07:40:00,3580.0,3590.0,3580.0,3580.0,857800
2026-03-12 07:45:00,3580.0,3590.0,3570.0,3590.0,932900
2026-03-12 07:50:00,3580.0,3580.0,3570.0,3580.0,1103000
2026-03-12 07:55:00,3580.0,3580.0,3570.0,3580.0,963400
2026-03-12 08:00:00,3580.0,3580.0,3570.0,3580.0,531900
2026-03-12 08:05:00,3580.0,3580.0,3570.0,3580.0,1046600
2026-03-12 08:10:00,3580.0,3580.0,3570.0,3580.0,2139000
2026-03-12 08:15:00,3570.0,3580.0,3570.0,3580.0,1258900
2026-03-12 08:20:00,3580.0,3580.0,3570.0,3570.0,1231500
2026-03-12 08:25:00,3580.0,3580.0,3570.0,3580.0,764500
2026-03-12 08:30:00,3580.0,3580.0,3570.0,3580.0,1081000
2026-03-12 08:35:00,3570.0,3580.0,3570.0,3570.0,2220500
2026-03-12 08:40:00,3570.0,3580.0,3570.0,3580.0,2882600
2026-03-12 08:45:00,3580.0,3580.0,3570.0,3580.0,3758800
2026-03-12 09:00:00,3570.0,3570.0,3570.0,3570.0,20072300
2026-03-12 09:05:00,3570.0,3570.0,3570.0,3570.0,232600
2026-03-12 09:10:00,3570.0,3570.0,3570.0,3570.0,173100
2026-03-13 02:00:00,3570.0,3570.0,3560.0,3560.0,0
2026-03-13 02:05:00,3580.0,3590.0,3560.0,3570.0,9888200
2026-03-13 02:10:00,3580.0,3580.0,3570.0,3580.0,1370000
2026-03-13 02:15:00,3570.0,3580.0,3560.0,3580.0,1981100
2026-03-13 02:20:00,3560.0,3570.0,3560.0,3570.0,600300
2026-03-13 02:25:00,3560.0,3570.0,3530.0,3570.0,12860300
2026-03-13 02:30:00,3550.0,3560.0,3550.0,3550.0,339300
2026-03-13 02:35:00,3560.0,3560.0,3550.0,3550.0,1052500
2026-03-13 02:40:00,3560.0,3560.0,3550.0,3550.0,580800
2026-03-13 02:45:00,3560.0,3560.0,3550.0,3560.0,536800
2026-03-13 02:50:00,3560.0,3560.0,3550.0,3550.0,803300
2026-03-13 02:55:00,3560.0,3560.0,3550.0,3560.0,696700
2026-03-13 03:00:00,3560.0,3560.0,3550.0,3560.0,1813900
2026-03-13 03:05:00,3560.0,3560.0,3550.0,3560.0,669000
2026-03-13 03:10:00,3560.0,3560.0,3550.0,3550.0,816100
2026-03-13 03:15:00,3550.0,3560.0,3550.0,3560.0,4132900
2026-03-13 03:20:00,3550.0,3560.0,3540.0,3560.0,2273600
2026-03-13 03:25:00,3550.0,3550.0,3540.0,3540.0,1564900
2026-03-13 03:30:00,3550.0,3550.0,3540.0,3550.0,878700
2026-03-13 03:35:00,3540.0,3550.0,3540.0,3550.0,936500
2026-03-13 03:40:00,3550.0,3550.0,3540.0,3540.0,1074600
2026-03-13 03:45:00,3530.0,3550.0,3530.0,3550.0,4024200
2026-03-13 03:50:00,3530.0,3540.0,3520.0,3530.0,5191700
2026-03-13 03:55:00,3520.0,3530.0,3520.0,3530.0,1080800
2026-03-13 04:00:00,3520.0,3530.0,3510.0,3520.0,5792200
2026-03-13 04:05:00,3530.0,3530.0,3510.0,3520.0,6553600
2026-03-13 04:10:00,3540.0,3540.0,3520.0,3520.0,1493100
2026-03-13 04:15:00,3530.0,3540.0,3520.0,3530.0,1843400
2026-03-13 04:20:00,3530.0,3530.0,3520.0,3530.0,389900
2026-03-13 04:25:00,3530.0,3530.0,3520.0,3520.0,1130500
2026-03-13 07:00:00,3530.0,3530.0,3520.0,3530.0,5257400
2026-03-13 07:05:00,3530.0,3530.0,3520.0,3530.0,1016400
2026-03-13 07:10:00,3520.0,3530.0,3520.0,3530.0,1314800
2026-03-13 07:15:00,3530.0,3530.0,3520.0,3520.0,1493000
2026-03-13 07:20:00,3520.0,3530.0,3520.0,3530.0,1267900
2026-03-13 07:25:00,3530.0,3530.0,3520.0,3520.0,1104000
2026-03-13 07:30:00,3530.0,3530.0,3520.0,3530.0,2024600
2026-03-13 07:35:00,3520.0,3530.0,3520.0,3530.0,1301100
2026-03-13 07:40:00,3530.0,3530.0,3520.0,3520.0,1317700
2026-03-13 07:45:00,3530.0,3530.0,3520.0,3530.0,1099000
2026-03-13 07:50:00,3530.0,3530.0,3520.0,3530.0,1420900
2026-03-13 07:55:00,3530.0,3530.0,3520.0,3530.0,2455000
2026-03-13 08:00:00,3510.0,3530.0,3510.0,3530.0,6430200
2026-03-13 08:05:00,3520.0,3520.0,3510.0,3520.0,1228500
2026-03-13 08:10:00,3510.0,3520.0,3510.0,3520.0,1312900
2026-03-13 08:15:00,3510.0,3520.0,3510.0,3510.0,2311100
2026-03-13 08:20:00,3520.0,3520.0,3510.0,3520.0,1931600
2026-03-13 08:25:00,3520.0,3520.0,3510.0,3510.0,1794500
2026-03-13 08:30:00,3520.0,3520.0,3510.0,3520.0,2301300
2026-03-13 08:35:00,3520.0,3520.0,3510.0,3520.0,4529600
2026-03-13 08:40:00,3510.0,3520.0,3510.0,3510.0,11405300
2026-03-13 08:45:00,3520.0,3520.0,3510.0,3510.0,5026400
2026-03-13 09:00:00,3510.0,3510.0,3510.0,3510.0,18158100
2026-03-13 09:05:00,3510.0,3510.0,3510.0,3510.0,322800
2026-03-13 09:10:00,3510.0,3510.0,3510.0,3510.0,81700
2026-03-16 02:00:00,3440.0,3500.0,3430.0,3500.0,0
2026-03-16 02:05:00,3450.0,3460.0,3430.0,3440.0,7506400
2026-03-16 02:10:00,3460.0,3460.0,3440.0,3450.0,8503900
2026-03-16 02:15:00,3490.0,3500.0,3450.0,3460.0,5178300
2026-03-16 02:20:00,3480.0,3490.0,3480.0,3490.0,2347600
2026-03-16 02:25:00,3470.0,3490.0,3460.0,3490.0,3817400
2026-03-16 02:30:00,3460.0,3470.0,3460.0,3460.0,1895400
2026-03-16 02:35:00,3480.0,3480.0,3460.0,3470.0,4384500
2026-03-16 02:40:00,3490.0,3490.0,3470.0,3480.0,2872400
2026-03-16 02:45:00,3480.0,3490.0,3480.0,3490.0,2480800
2026-03-16 02:50:00,3490.0,3490.0,3480.0,3490.0,1219800
2026-03-16 02:55:00,3490.0,3490.0,3480.0,3490.0,1043500
2026-03-16 03:00:00,3480.0,3490.0,3480.0,3490.0,1188500
2026-03-16 03:05:00,3490.0,3490.0,3480.0,3490.0,846600
2026-03-16 03:10:00,3500.0,3500.0,3480.0,3490.0,4047700
2026-03-16 03:15:00,3500.0,3500.0,3490.0,3490.0,1000600
2026-03-16 03:20:00,3500.0,3500.0,3490.0,3490.0,1176200
2026-03-16 03:25:00,3490.0,3500.0,3490.0,3500.0,1785700
2026-03-16 03:30:00,3500.0,3510.0,3490.0,3500.0,7389900
2026-03-16 03:35:00,3510.0,3510.0,3500.0,3510.0,305300
2026-03-16 03:40:00,3510.0,3510.0,3500.0,3500.0,1009900
2026-03-16 03:45:00,3500.0,3510.0,3500.0,3500.0,1647200
2026-03-16 03:50:00,3510.0,3510.0,3500.0,3500.0,830200
2026-03-16 03:55:00,3510.0,3510.0,3500.0,3500.0,714400
2026-03-16 04:00:00,3500.0,3510.0,3490.0,3500.0,4383100
2026-03-16 04:05:00,3500.0,3500.0,3490.0,3500.0,377300
2026-03-16 04:10:00,3500.0,3500.0,3490.0,3490.0,628300
2026-03-16 04:15:00,3490.0,3500.0,3490.0,3490.0,635900
2026-03-16 04:20:00,3500.0,3500.0,3490.0,3500.0,437800
2026-03-16 04:25:00,3500.0,3500.0,3490.0,3500.0,472500
2026-03-16 04:30:00,3500.0,3500.0,3490.0,3500.0,736400
2026-03-16 04:35:00,3490.0,3500.0,3490.0,3500.0,894800
2026-03-16 04:40:00,3500.0,3500.0,3490.0,3490.0,370300
2026-03-16 04:45:00,3500.0,3500.0,3490.0,3490.0,341800
2026-03-16 04:50:00,3500.0,3500.0,3490.0,3490.0,735100
2026-03-16 04:55:00,3500.0,3510.0,3490.0,3490.0,2967500
2026-03-16 06:30:00,3510.0,3510.0,3490.0,3500.0,2033000
2026-03-16 06:35:00,3500.0,3510.0,3500.0,3510.0,536800
2026-03-16 06:40:00,3500.0,3510.0,3500.0,3500.0,1353400
2026-03-16 06:45:00,3510.0,3510.0,3500.0,3500.0,865400
2026-03-16 06:50:00,3500.0,3510.0,3490.0,3500.0,2048800
2026-03-16 06:55:00,3490.0,3500.0,3490.0,3490.0,822200
2026-03-16 07:00:00,3490.0,3500.0,3490.0,3490.0,829400
2026-03-16 07:05:00,3500.0,3500.0,3490.0,3490.0,877100
2026-03-16 07:10:00,3500.0,3500.0,3490.0,3490.0,787900
2026-03-16 07:15:00,3500.0,3500.0,3490.0,3490.0,929600
2026-03-16 07:20:00,3500.0,3500.0,3490.0,3490.0,1093000
2026-03-16 07:25:00,3490.0,3500.0,3490.0,3500.0,746200
2026-03-16 07:30:00,3490.0,3500.0,3490.0,3500.0,1725500
2026-03-16 07:35:00,3500.0,3500.0,3490.0,3490.0,1153900
2026-03-16 07:40:00,3490.0,3500.0,3490.0,3490.0,972100
2026-03-16 07:45:00,3500.0,3500.0,3490.0,3500.0,915400
2026-03-16 07:50:00,3490.0,3500.0,3490.0,3490.0,745800
2026-03-16 07:55:00,3490.0,3500.0,3490.0,3500.0,2191700
2026-03-16 08:00:00,3500.0,3500.0,3490.0,3500.0,1269300
2026-03-16 08:05:00,3500.0,3500.0,3490.0,3490.0,1206400
2026-03-16 08:10:00,3490.0,3500.0,3490.0,3500.0,1495200
2026-03-16 08:15:00,3500.0,3500.0,3490.0,3490.0,1434500
2026-03-16 08:20:00,3480.0,3500.0,3480.0,3500.0,2590600
2026-03-16 08:25:00,3480.0,3490.0,3480.0,3480.0,765400
2026-03-16 08:30:00,3490.0,3490.0,3480.0,3480.0,1034900
2026-03-16 08:35:00,3480.0,3490.0,3480.0,3480.0,2202500
2026-03-16 08:40:00,3490.0,3490.0,3480.0,3480.0,3832700
2026-03-16 08:45:00,3480.0,3490.0,3480.0,3480.0,3381900
2026-03-16 09:00:00,3480.0,3480.0,3480.0,3480.0,9604800
2026-03-16 09:05:00,3480.0,3480.0,3480.0,3480.0,105700
2026-03-16 09:10:00,3480.0,3480.0,3480.0,3480.0,35400
2026-03-17 02:00:00,3520.0,3520.0,3490.0,3510.0,0
2026-03-17 02:05:00,3510.0,3530.0,3510.0,3520.0,3984600
2026-03-17 02:10:00,3510.0,3520.0,3510.0,3510.0,1481700
2026-03-17 02:15:00,3520.0,3520.0,3510.0,3510.0,455000
2026-03-17 02:20:00,3520.0,3520.0,3510.0,3520.0,997900
2026-03-17 02:25:00,3510.0,3520.0,3500.0,3520.0,2913100
2026-03-17 02:30:00,3500.0,3510.0,3500.0,3510.0,1361200
2026-03-17 02:35:00,3500.0,3510.0,3500.0,3510.0,903700
2026-03-17 02:40:00,3500.0,3510.0,3490.0,3500.0,3683500
2026-03-17 02:45:00,3510.0,3510.0,3500.0,3510.0,212100
2026-03-17 02:50:00,3510.0,3510.0,3500.0,3510.0,451200
2026-03-17 02:55:00,3500.0,3510.0,3500.0,3500.0,623000
2026-03-17 03:00:00,3510.0,3510.0,3500.0,3510.0,1937600
2026-03-17 03:05:00,3510.0,3510.0,3500.0,3500.0,1856600
2026-03-17 03:10:00,3500.0,3510.0,3500.0,3510.0,197300
2026-03-17 03:15:00,3510.0,3510.0,3500.0,3510.0,702300
2026-03-17 03:20:00,3500.0,3510.0,3500.0,3510.0,284200
2026-03-17 03:25:00,3500.0,3510.0,3500.0,3510.0,482800
2026-03-17 03:30:00,3510.0,3510.0,3500.0,3510.0,798900
2026-03-17 03:35:00,3510.0,3510.0,3500.0,3500.0,520900
2026-03-17 03:40:00,3510.0,3510.0,3500.0,3510.0,333100
2026-03-17 03:45:00,3500.0,3510.0,3500.0,3500.0,661600
2026-03-17 03:50:00,3500.0,3510.0,3500.0,3510.0,547700
2026-03-17 03:55:00,3510.0,3510.0,3500.0,3510.0,334500
2026-03-17 04:00:00,3510.0,3510.0,3500.0,3500.0,669200
2026-03-17 04:05:00,3510.0,3510.0,3500.0,3510.0,344900
2026-03-17 04:10:00,3510.0,3510.0,3500.0,3500.0,609000
2026-03-17 04:15:00,3500.0,3510.0,3500.0,3510.0,1922100
2026-03-17 04:20:00,3510.0,3510.0,3500.0,3500.0,433600
2026-03-17 04:25:00,3510.0,3510.0,3500.0,3510.0,455400
2026-03-17 04:30:00,3510.0,3510.0,3500.0,3510.0,397700
2026-03-17 04:35:00,3510.0,3510.0,3500.0,3500.0,264200
2026-03-17 04:40:00,3510.0,3510.0,3500.0,3510.0,375500
2026-03-17 04:45:00,3500.0,3510.0,3500.0,3510.0,824300
2026-03-17 04:50:00,3510.0,3510.0,3500.0,3500.0,831100
2026-03-17 04:55:00,3500.0,3510.0,3500.0,3510.0,995200
2026-03-17 06:30:00,3510.0,3510.0,3500.0,3510.0,1109400
2026-03-17 06:35:00,3510.0,3510.0,3500.0,3500.0,515000
2026-03-17 06:40:00,3500.0,3510.0,3500.0,3510.0,500400
2026-03-17 06:45:00,3500.0,3510.0,3500.0,3510.0,440900
2026-03-17 06:50:00,3510.0,3510.0,3500.0,3500.0,362700
2026-03-17 06:55:00,3500.0,3510.0,3500.0,3510.0,1363300
2026-03-17 07:00:00,3500.0,3510.0,3500.0,3510.0,441600
2026-03-17 07:05:00,3510.0,3510.0,3500.0,3500.0,2193400
2026-03-17 07:10:00,3520.0,3520.0,3500.0,3510.0,6033700
2026-03-17 07:15:00,3510.0,3510.0,3500.0,3510.0,1065300
2026-03-17 07:20:00,3510.0,3510.0,3500.0,3510.0,498600
2026-03-17 07:25:00,3510.0,3510.0,3500.0,3510.0,538300
2026-03-17 07:30:00,3510.0,3510.0,3500.0,3510.0,1008100
2026-03-17 07:35:00,3500.0,3510.0,3500.0,3510.0,1135300
2026-03-17 07:40:00,3510.0,3510.0,3500.0,3500.0,871400
2026-03-17 07:45:00,3510.0,3510.0,3500.0,3510.0,537500
2026-03-17 07:50:00,3500.0,3510.0,3500.0,3510.0,881700
2026-03-17 07:55:00,3510.0,3510.0,3500.0,3500.0,736000
2026-03-17 08:00:00,3510.0,3510.0,3500.0,3500.0,947900
2026-03-17 08:05:00,3510.0,3510.0,3500.0,3510.0,569700
2026-03-17 08:10:00,3510.0,3510.0,3500.0,3510.0,1174200
2026-03-17 08:15:00,3500.0,3510.0,3500.0,3510.0,1102600
2026-03-17 08:20:00,3510.0,3510.0,3500.0,3510.0,2385600
2026-03-17 08:25:00,3510.0,3510.0,3500.0,3510.0,1651900
2026-03-17 08:30:00,3510.0,3510.0,3500.0,3510.0,664900
2026-03-17 08:35:00,3500.0,3510.0,3500.0,3510.0,2812200
2026-03-17 08:40:00,3510.0,3510.0,3500.0,3510.0,4266600
2026-03-17 08:45:00,3510.0,3520.0,3490.0,3500.0,12115600
2026-03-17 09:00:00,3480.0,3480.0,3480.0,3480.0,111007400
2026-03-17 09:05:00,3480.0,3480.0,3480.0,3480.0,1136100
2026-03-17 09:10:00,3480.0,3480.0,3480.0,3480.0,55500
2026-03-25 02:00:00,3470.0,3510.0,3440.0,3440.0,0
2026-03-25 02:05:00,3460.0,3490.0,3440.0,3480.0,8659800
2026-03-25 02:10:00,3440.0,3460.0,3430.0,3460.0,10480300
2026-03-25 02:15:00,3450.0,3450.0,3420.0,3440.0,11400200
2026-03-25 02:20:00,3440.0,3450.0,3410.0,3440.0,13689400
2026-03-25 02:25:00,3450.0,3450.0,3430.0,3440.0,3021600
2026-03-25 02:30:00,3450.0,3450.0,3440.0,3450.0,1692100
2026-03-25 02:35:00,3450.0,3450.0,3440.0,3450.0,5226500
2026-03-25 02:40:00,3450.0,3450.0,3440.0,3450.0,1306800
2026-03-25 02:45:00,3460.0,3460.0,3440.0,3450.0,8901100
2026-03-25 02:50:00,3460.0,3470.0,3450.0,3460.0,5148900
2026-03-25 02:55:00,3450.0,3460.0,3440.0,3450.0,5834500
2026-03-25 03:00:00,3470.0,3470.0,3440.0,3450.0,6012300
2026-03-25 03:05:00,3460.0,3480.0,3460.0,3470.0,6421300
2026-03-25 03:10:00,3460.0,3470.0,3460.0,3470.0,2588400
2026-03-25 03:15:00,3480.0,3480.0,3460.0,3470.0,2948300
2026-03-25 03:20:00,3490.0,3490.0,3470.0,3480.0,5394700
2026-03-25 03:25:00,3480.0,3490.0,3470.0,3490.0,6103000
2026-03-25 03:30:00,3470.0,3490.0,3460.0,3490.0,5591800
2026-03-25 03:35:00,3470.0,3470.0,3460.0,3460.0,2266600
2026-03-25 03:40:00,3460.0,3470.0,3460.0,3470.0,1146000
2026-03-25 03:45:00,3460.0,3470.0,3450.0,3470.0,4828200
2026-03-25 03:50:00,3460.0,3460.0,3450.0,3450.0,1041800
2026-03-25 03:55:00,3450.0,3460.0,3450.0,3460.0,653600
2026-03-25 04:00:00,3450.0,3460.0,3450.0,3460.0,1370000
2026-03-25 04:05:00,3470.0,3470.0,3450.0,3450.0,4981100
2026-03-25 04:10:00,3480.0,3480.0,3460.0,3470.0,2449400
2026-03-25 04:15:00,3480.0,3480.0,3470.0,3470.0,436200
2026-03-25 04:20:00,3470.0,3480.0,3460.0,3470.0,4898400
2026-03-25 04:25:00,3480.0,3480.0,3470.0,3480.0,432600
2026-03-25 04:30:00,3470.0,3480.0,3470.0,3470.0,1906200
2026-03-25 04:35:00,3470.0,3480.0,3470.0,3470.0,2411500
2026-03-25 04:40:00,3460.0,3480.0,3460.0,3470.0,2830700
2026-03-25 04:45:00,3470.0,3480.0,3460.0,3470.0,1381800
2026-03-25 04:50:00,3480.0,3480.0,3470.0,3470.0,1145100
2026-03-25 04:55:00,3480.0,3480.0,3470.0,3470.0,1695900
2026-03-25 06:30:00,3480.0,3490.0,3470.0,3480.0,10942500
2026-03-25 06:35:00,3490.0,3490.0,3470.0,3470.0,7128900
2026-03-25 06:40:00,3490.0,3490.0,3480.0,3490.0,623300
2026-03-25 06:45:00,3480.0,3490.0,3470.0,3480.0,4780500
2026-03-25 06:50:00,3490.0,3490.0,3480.0,3490.0,2822000
2026-03-25 06:55:00,3480.0,3490.0,3480.0,3480.0,6183500
2026-03-25 07:00:00,3500.0,3500.0,3480.0,3490.0,6387700
2026-03-25 07:05:00,3510.0,3520.0,3490.0,3500.0,7905900
2026-03-25 07:10:00,3500.0,3510.0,3490.0,3510.0,5890400
2026-03-25 07:15:00,3510.0,3510.0,3490.0,3500.0,2632000
2026-03-25 07:20:00,3490.0,3510.0,3470.0,3510.0,9175700
2026-03-25 07:25:00,3480.0,3500.0,3470.0,3490.0,4378400
2026-03-25 07:30:00,3480.0,3490.0,3470.0,3480.0,8319300
2026-03-25 07:35:00,3490.0,3490.0,3470.0,3480.0,4364100
2026-03-25 07:40:00,3490.0,3490.0,3480.0,3490.0,1763900
2026-03-25 07:45:00,3470.0,3490.0,3470.0,3480.0,4901500
2026-03-25 07:50:00,3480.0,3480.0,3470.0,3480.0,1199500
2026-03-25 07:55:00,3480.0,3480.0,3470.0,3480.0,976600
2026-03-25 08:00:00,3470.0,3480.0,3470.0,3470.0,884600
2026-03-25 08:05:00,3500.0,3500.0,3470.0,3480.0,11585200
2026-03-25 08:10:00,3500.0,3500.0,3490.0,3500.0,4012800
2026-03-25 08:15:00,3500.0,3500.0,3490.0,3500.0,1154600
2026-03-25 08:20:00,3490.0,3500.0,3490.0,3490.0,1203100
2026-03-25 08:25:00,3490.0,3500.0,3490.0,3490.0,1240200
2026-03-25 08:30:00,3500.0,3500.0,3490.0,3500.0,2602800
2026-03-25 08:35:00,3500.0,3500.0,3490.0,3490.0,3229300
2026-03-25 08:40:00,3490.0,3500.0,3490.0,3500.0,4865400
2026-03-25 08:45:00,3490.0,3500.0,3490.0,3490.0,9710000
2026-03-25 09:00:00,3540.0,3540.0,3540.0,3540.0,39733500
2026-03-25 09:05:00,3540.0,3540.0,3540.0,3540.0,382400
2026-03-25 09:10:00,3540.0,3540.0,3540.0,3540.0,382700
2026-03-26 02:00:00,3530.0,3570.0,3520.0,3550.0,0
2026-03-26 02:05:00,3520.0,3530.0,3510.0,3530.0,3573800
2026-03-26 02:10:00,3510.0,3520.0,3500.0,3520.0,5157200
2026-03-26 02:15:00,3520.0,3520.0,3510.0,3510.0,2736500
2026-03-26 02:20:00,3510.0,3530.0,3510.0,3520.0,1804300
2026-03-26 02:25:00,3520.0,3530.0,3510.0,3520.0,1248400
2026-03-26 02:30:00,3520.0,3530.0,3510.0,3520.0,1146300
2026-03-26 02:35:00,3520.0,3520.0,3510.0,3520.0,570200
2026-03-26 02:40:00,3500.0,3520.0,3500.0,3520.0,5351700
2026-03-26 02:45:00,3510.0,3510.0,3500.0,3510.0,746700
2026-03-26 02:50:00,3500.0,3510.0,3500.0,3510.0,483800
2026-03-26 02:55:00,3500.0,3510.0,3500.0,3500.0,1506200
2026-03-26 03:00:00,3510.0,3510.0,3500.0,3510.0,747300
2026-03-26 03:05:00,3520.0,3520.0,3500.0,3510.0,6841900
2026-03-26 03:10:00,3520.0,3520.0,3510.0,3520.0,830100
2026-03-26 03:15:00,3510.0,3520.0,3500.0,3510.0,3756900
2026-03-26 03:20:00,3510.0,3510.0,3500.0,3510.0,789900
2026-03-26 03:25:00,3510.0,3510.0,3500.0,3500.0,517000
2026-03-26 03:30:00,3500.0,3510.0,3500.0,3500.0,611100
2026-03-26 03:35:00,3510.0,3520.0,3500.0,3500.0,7487700
2026-03-26 03:40:00,3510.0,3520.0,3500.0,3520.0,1661700
2026-03-26 03:45:00,3520.0,3520.0,3510.0,3510.0,253600
2026-03-26 03:50:00,3520.0,3520.0,3510.0,3520.0,504200
2026-03-26 03:55:00,3520.0,3520.0,3510.0,3520.0,1064700
2026-03-26 04:00:00,3500.0,3520.0,3500.0,3520.0,1019900
2026-03-26 04:05:00,3510.0,3510.0,3500.0,3500.0,530700
2026-03-26 04:10:00,3510.0,3510.0,3500.0,3500.0,602700
2026-03-26 04:15:00,3510.0,3510.0,3500.0,3510.0,409000
2026-03-26 04:20:00,3500.0,3510.0,3500.0,3510.0,738500
2026-03-26 04:25:00,3500.0,3510.0,3500.0,3500.0,353900
2026-03-26 04:30:00,3510.0,3510.0,3500.0,3510.0,351700
2026-03-26 04:35:00,3510.0,3510.0,3500.0,3510.0,674600
2026-03-26 04:40:00,3500.0,3510.0,3500.0,3510.0,486900
2026-03-26 04:45:00,3510.0,3510.0,3500.0,3500.0,890200
2026-03-26 04:50:00,3510.0,3510.0,3500.0,3510.0,460400
2026-03-26 04:55:00,3500.0,3510.0,3500.0,3510.0,987800
2026-03-26 06:30:00,3510.0,3510.0,3500.0,3510.0,7918000
2026-03-26 06:35:00,3500.0,3510.0,3490.0,3510.0,7910800
2026-03-26 06:40:00,3500.0,3500.0,3490.0,3490.0,1333300
2026-03-26 06:45:00,3490.0,3500.0,3490.0,3490.0,1989200
2026-03-26 06:50:00,3490.0,3500.0,3490.0,3490.0,944900
2026-03-26 06:55:00,3490.0,3500.0,3490.0,3490.0,746800
2026-03-26 07:00:00,3500.0,3500.0,3490.0,3500.0,834600
2026-03-26 07:05:00,3500.0,3500.0,3490.0,3490.0,3096800
2026-03-26 07:10:00,3490.0,3500.0,3480.0,3490.0,1496600
2026-03-26 07:15:00,3490.0,3500.0,3480.0,3490.0,752200
2026-03-26 07:20:00,3490.0,3500.0,3480.0,3490.0,5137400
2026-03-26 07:25:00,3490.0,3490.0,3480.0,3490.0,678800
2026-03-26 07:30:00,3480.0,3490.0,3480.0,3490.0,742400
2026-03-26 07:35:00,3490.0,3490.0,3480.0,3480.0,6324000
2026-03-26 07:40:00,3500.0,3500.0,3480.0,3490.0,1807500
2026-03-26 07:45:00,3500.0,3500.0,3490.0,3500.0,2961900
2026-03-26 07:50:00,3500.0,3500.0,3490.0,3500.0,204000
2026-03-26 07:55:00,3490.0,3500.0,3490.0,3490.0,3537300
2026-03-26 08:00:00,3500.0,3500.0,3490.0,3490.0,295500
2026-03-26 08:05:00,3500.0,3500.0,3490.0,3490.0,435500
2026-03-26 08:10:00,3500.0,3500.0,3490.0,3500.0,933600
2026-03-26 08:15:00,3500.0,3500.0,3490.0,3500.0,1650300
2026-03-26 08:20:00,3500.0,3500.0,3490.0,3500.0,739600
2026-03-26 08:25:00,3500.0,3500.0,3490.0,3490.0,778800
2026-03-26 08:30:00,3510.0,3510.0,3490.0,3500.0,4989000
2026-03-26 08:35:00,3510.0,3510.0,3500.0,3500.0,514800
2026-03-26 08:40:00,3510.0,3510.0,3500.0,3510.0,5406500
2026-03-26 08:45:00,3490.0,3510.0,3490.0,3510.0,8763600
2026-03-26 09:00:00,3490.0,3490.0,3490.0,3490.0,16426000
2026-03-26 09:05:00,3490.0,3490.0,3490.0,3490.0,740200
2026-03-26 09:10:00,3490.0,3490.0,3490.0,3490.0,43000
2026-03-27 02:00:00,3480.0,3490.0,3460.0,3470.0,0
2026-03-27 02:05:00,3470.0,3480.0,3470.0,3470.0,2490000
2026-03-27 02:10:00,3470.0,3480.0,3460.0,3480.0,7860700
2026-03-27 02:15:00,3470.0,3470.0,3460.0,3460.0,2915700
2026-03-27 02:20:00,3470.0,3470.0,3460.0,3460.0,1566300
2026-03-27 02:25:00,3470.0,3470.0,3460.0,3460.0,1072800
2026-03-27 02:30:00,3470.0,3470.0,3460.0,3460.0,930300
2026-03-27 02:35:00,3450.0,3470.0,3440.0,3460.0,14838200
2026-03-27 02:40:00,3450.0,3450.0,3440.0,3450.0,2007800
2026-03-27 02:45:00,3440.0,3450.0,3440.0,3450.0,2503800
2026-03-27 02:50:00,3440.0,3450.0,3430.0,3450.0,3887000
2026-03-27 02:55:00,3450.0,3450.0,3430.0,3440.0,4163900
2026-03-27 03:00:00,3450.0,3450.0,3440.0,3450.0,611200
2026-03-27 03:05:00,3450.0,3450.0,3440.0,3450.0,1974600
2026-03-27 03:10:00,3450.0,3450.0,3440.0,3450.0,1005700
2026-03-27 03:15:00,3460.0,3460.0,3440.0,3450.0,2197400
2026-03-27 03:20:00,3460.0,3460.0,3450.0,3460.0,278300
2026-03-27 03:25:00,3460.0,3460.0,3450.0,3460.0,829200
2026-03-27 03:30:00,3450.0,3460.0,3440.0,3460.0,3868400
2026-03-27 03:35:00,3450.0,3450.0,3440.0,3450.0,917000
2026-03-27 03:40:00,3440.0,3450.0,3440.0,3440.0,1052700
2026-03-27 03:45:00,3450.0,3450.0,3440.0,3450.0,568400
2026-03-27 03:50:00,3450.0,3450.0,3440.0,3440.0,1184800
2026-03-27 03:55:00,3450.0,3450.0,3440.0,3440.0,770700
2026-03-27 04:00:00,3450.0,3450.0,3440.0,3450.0,1231600
2026-03-27 04:05:00,3440.0,3450.0,3440.0,3450.0,885300
2026-03-27 04:10:00,3450.0,3450.0,3440.0,3440.0,1487000
2026-03-27 04:15:00,3450.0,3450.0,3440.0,3450.0,1123000
2026-03-27 04:20:00,3450.0,3450.0,3440.0,3450.0,979500
2026-03-27 04:25:00,3440.0,3450.0,3430.0,3450.0,8932700
2026-03-27 07:00:00,3450.0,3450.0,3430.0,3440.0,12930400
2026-03-27 07:05:00,3450.0,3450.0,3440.0,3450.0,809700
2026-03-27 07:10:00,3450.0,3450.0,3440.0,3450.0,1251200
2026-03-27 07:15:00,3440.0,3450.0,3440.0,3450.0,2763600
2026-03-27 07:20:00,3440.0,3450.0,3430.0,3440.0,3957300
2026-03-27 07:25:00,3440.0,3440.0,3430.0,3430.0,3014600
2026-03-27 07:30:00,3440.0,3440.0,3430.0,3440.0,3027100
2026-03-27 07:35:00,3440.0,3440.0,3430.0,3440.0,4525300
2026-03-27 07:40:00,3440.0,3440.0,3430.0,3440.0,1890400
2026-03-27 07:45:00,3440.0,3440.0,3430.0,3440.0,1801200
2026-03-27 07:50:00,3440.0,3440.0,3430.0,3440.0,4944600
2026-03-27 07:55:00,3440.0,3450.0,3430.0,3440.0,2428200
2026-03-27 08:00:00,3440.0,3440.0,3430.0,3440.0,2971900
2026-03-27 08:05:00,3440.0,3440.0,3430.0,3440.0,1353200
2026-03-27 08:10:00,3440.0,3440.0,3430.0,3440.0,2245900
2026-03-27 08:15:00,3440.0,3440.0,3430.0,3440.0,1971000
2026-03-27 08:20:00,3430.0,3440.0,3430.0,3440.0,3837400
2026-03-27 08:25:00,3440.0,3440.0,3430.0,3430.0,3879400
2026-03-27 08:30:00,3440.0,3440.0,3430.0,3440.0,3383000
2026-03-27 08:35:00,3440.0,3440.0,3430.0,3430.0,2353500
2026-03-27 08:40:00,3440.0,3440.0,3430.0,3430.0,7766200
2026-03-27 08:45:00,3430.0,3440.0,3420.0,3430.0,6370300
2026-03-27 09:00:00,3420.0,3420.0,3420.0,3420.0,37840900
2026-03-27 09:05:00,3420.0,3420.0,3420.0,3420.0,529900
2026-03-27 09:10:00,3420.0,3420.0,3420.0,3420.0,371900
2026-03-30 02:00:00,3380.0,3380.0,3350.0,3350.0,0
2026-03-30 02:05:00,3360.0,3380.0,3350.0,3380.0,11399400
2026-03-30 02:10:00,3360.0,3360.0,3350.0,3360.0,7584200
2026-03-30 02:15:00,3370.0,3370.0,3350.0,3360.0,9468500
2026-03-30 02:20:00,3360.0,3370.0,3350.0,3370.0,9826700
2026-03-30 02:25:00,3360.0,3360.0,3350.0,3360.0,3009800
2026-03-30 02:30:00,3350.0,3360.0,3340.0,3360.0,12873100
2026-03-30 02:35:00,3340.0,3350.0,3330.0,3340.0,10040800
2026-03-30 02:40:00,3340.0,3340.0,3330.0,3340.0,3655300
2026-03-30 02:45:00,3360.0,3360.0,3330.0,3340.0,16533800
2026-03-30 02:50:00,3350.0,3360.0,3350.0,3360.0,2565200
2026-03-30 02:55:00,3370.0,3370.0,3350.0,3360.0,4013100
2026-03-30 03:00:00,3370.0,3370.0,3360.0,3370.0,1237000
2026-03-30 03:05:00,3370.0,3370.0,3360.0,3370.0,1538500
2026-03-30 03:10:00,3380.0,3380.0,3360.0,3370.0,4747900
2026-03-30 03:15:00,3380.0,3380.0,3370.0,3380.0,3431500
2026-03-30 03:20:00,3380.0,3380.0,3370.0,3380.0,2736900
2026-03-30 03:25:00,3380.0,3380.0,3370.0,3380.0,880100
2026-03-30 03:30:00,3380.0,3380.0,3370.0,3370.0,3326300
2026-03-30 03:35:00,3380.0,3390.0,3370.0,3380.0,4887600
2026-03-30 03:40:00,3380.0,3390.0,3360.0,3380.0,5458900
2026-03-30 03:45:00,3380.0,3380.0,3370.0,3380.0,465500
2026-03-30 03:50:00,3380.0,3380.0,3370.0,3380.0,622700
2026-03-30 03:55:00,3380.0,3380.0,3370.0,3370.0,829500
2026-03-30 04:00:00,3380.0,3380.0,3370.0,3380.0,971000
2026-03-30 04:05:00,3360.0,3380.0,3360.0,3370.0,3657700
2026-03-30 04:10:00,3370.0,3370.0,3360.0,3360.0,936000
2026-03-30 04:15:00,3360.0,3370.0,3360.0,3360.0,1176000
2026-03-30 04:20:00,3360.0,3370.0,3360.0,3370.0,718700
2026-03-30 04:25:00,3370.0,3370.0,3360.0,3360.0,899600
2026-03-30 04:30:00,3360.0,3370.0,3360.0,3370.0,1064400
2026-03-30 04:35:00,3360.0,3370.0,3360.0,3360.0,881500
2026-03-30 04:40:00,3370.0,3370.0,3360.0,3370.0,893200
2026-03-30 04:45:00,3360.0,3370.0,3360.0,3360.0,967700
2026-03-30 04:50:00,3360.0,3380.0,3360.0,3370.0,17059100
2026-03-30 04:55:00,3360.0,3380.0,3360.0,3370.0,3309400
2026-03-30 06:30:00,3370.0,3380.0,3360.0,3370.0,2246800
2026-03-30 06:35:00,3380.0,3380.0,3370.0,3380.0,1582900
2026-03-30 06:40:00,3370.0,3380.0,3370.0,3370.0,1008800
2026-03-30 06:45:00,3370.0,3380.0,3370.0,3380.0,986600
2026-03-30 06:50:00,3370.0,3380.0,3370.0,3380.0,848500
2026-03-30 06:55:00,3380.0,3380.0,3370.0,3370.0,2214400
2026-03-30 07:00:00,3370.0,3380.0,3370.0,3380.0,1369600
2026-03-30 07:05:00,3380.0,3380.0,3370.0,3380.0,1631900
2026-03-30 07:10:00,3380.0,3380.0,3370.0,3370.0,2051400
2026-03-30 07:15:00,3370.0,3380.0,3370.0,3370.0,2428600
2026-03-30 07:20:00,3380.0,3380.0,3370.0,3380.0,1330700
2026-03-30 07:25:00,3380.0,3380.0,3370.0,3380.0,1841700
2026-03-30 07:30:00,3380.0,3380.0,3370.0,3380.0,1959300
2026-03-30 07:35:00,3360.0,3380.0,3360.0,3380.0,7284200
2026-03-30 07:40:00,3370.0,3370.0,3360.0,3370.0,3386400
2026-03-30 07:45:00,3370.0,3370.0,3360.0,3370.0,1147500
2026-03-30 07:50:00,3370.0,3370.0,3360.0,3360.0,1196000
2026-03-30 07:55:00,3370.0,3370.0,3360.0,3360.0,1478300
2026-03-30 08:00:00,3370.0,3370.0,3360.0,3360.0,1625800
2026-03-30 08:05:00,3360.0,3370.0,3360.0,3370.0,1951400
2026-03-30 08:10:00,3360.0,3370.0,3360.0,3360.0,1758000
2026-03-30 08:15:00,3360.0,3370.0,3360.0,3370.0,3681100
2026-03-30 08:20:00,3360.0,3370.0,3360.0,3360.0,2582700
2026-03-30 08:25:00,3360.0,3370.0,3360.0,3360.0,1877300
2026-03-30 08:30:00,3370.0,3370.0,3360.0,3360.0,3252300
2026-03-30 08:35:00,3360.0,3370.0,3360.0,3360.0,1848400
2026-03-30 08:40:00,3370.0,3370.0,3360.0,3370.0,4651300
2026-03-30 08:45:00,3370.0,3370.0,3360.0,3360.0,8135300
2026-03-30 09:00:00,3360.0,3360.0,3360.0,3360.0,48924900
2026-03-30 09:05:00,3360.0,3360.0,3360.0,3360.0,1245800
2026-03-30 09:10:00,3360.0,3360.0,3360.0,3360.0,43300
2026-03-31 02:00:00,3360.0,3400.0,3350.0,3360.0,0
2026-03-31 02:05:00,3370.0,3370.0,3360.0,3370.0,1917800
2026-03-31 02:10:00,3370.0,3370.0,3360.0,3370.0,2453100
2026-03-31 02:15:00,3370.0,3370.0,3360.0,3370.0,1832400
2026-03-31 02:20:00,3360.0,3370.0,3350.0,3360.0,4872000
2026-03-31 02:25:00,3360.0,3360.0,3350.0,3360.0,1937200
2026-03-31 02:30:00,3360.0,3360.0,3350.0,3360.0,1307200
2026-03-31 02:35:00,3360.0,3360.0,3350.0,3350.0,1342100
2026-03-31 02:40:00,3350.0,3360.0,3350.0,3350.0,1316100
2026-03-31 02:45:00,3350.0,3360.0,3350.0,3350.0,1635600
2026-03-31 02:50:00,3350.0,3360.0,3340.0,3350.0,7122900
2026-03-31 02:55:00,3350.0,3350.0,3340.0,3350.0,1431400
2026-03-31 03:00:00,3350.0,3360.0,3340.0,3350.0,8882200
2026-03-31 03:05:00,3360.0,3360.0,3350.0,3350.0,1317200
2026-03-31 03:10:00,3370.0,3380.0,3360.0,3360.0,9885100
2026-03-31 03:15:00,3370.0,3380.0,3360.0,3380.0,1640100
2026-03-31 03:20:00,3370.0,3370.0,3350.0,3370.0,7971100
2026-03-31 03:25:00,3360.0,3370.0,3360.0,3370.0,403000
2026-03-31 03:30:00,3370.0,3370.0,3360.0,3370.0,784100
2026-03-31 03:35:00,3370.0,3370.0,3360.0,3370.0,1388900
2026-03-31 03:40:00,3360.0,3370.0,3360.0,3370.0,513300
2026-03-31 03:45:00,3370.0,3370.0,3360.0,3370.0,605900
2026-03-31 03:50:00,3350.0,3370.0,3350.0,3360.0,4503000
2026-03-31 03:55:00,3360.0,3360.0,3350.0,3360.0,1001900
2026-03-31 04:00:00,3360.0,3360.0,3350.0,3350.0,1731000
2026-03-31 04:05:00,3350.0,3360.0,3350.0,3350.0,1018600
2026-03-31 04:10:00,3350.0,3360.0,3350.0,3350.0,714400
2026-03-31 04:15:00,3360.0,3360.0,3350.0,3350.0,857800
2026-03-31 04:20:00,3360.0,3360.0,3350.0,3360.0,887800
2026-03-31 04:25:00,3350.0,3360.0,3340.0,3360.0,5736900
2026-03-31 04:30:00,3340.0,3350.0,3340.0,3340.0,1220400
2026-03-31 04:35:00,3340.0,3350.0,3340.0,3340.0,973200
2026-03-31 04:40:00,3350.0,3350.0,3340.0,3340.0,1401500
2026-03-31 04:45:00,3340.0,3350.0,3340.0,3340.0,2016400
2026-03-31 04:50:00,3340.0,3350.0,3340.0,3340.0,995200
2026-03-31 04:55:00,3350.0,3350.0,3340.0,3350.0,1725200
2026-03-31 06:30:00,3350.0,3350.0,3340.0,3350.0,2419300
2026-03-31 06:35:00,3350.0,3350.0,3340.0,3340.0,978300
2026-03-31 06:40:00,3350.0,3350.0,3340.0,3340.0,1329400
2026-03-31 06:45:00,3340.0,3350.0,3340.0,3350.0,1136700
2026-03-31 06:50:00,3350.0,3350.0,3340.0,3340.0,1854800
2026-03-31 06:55:00,3350.0,3350.0,3340.0,3340.0,3237300
2026-03-31 07:00:00,3340.0,3350.0,3340.0,3350.0,802100
2026-03-31 07:05:00,3350.0,3350.0,3340.0,3350.0,14511300
2026-03-31 07:10:00,3360.0,3360.0,3340.0,3350.0,4129500
2026-03-31 07:15:00,3360.0,3360.0,3350.0,3360.0,749200
2026-03-31 07:20:00,3360.0,3360.0,3350.0,3360.0,1434700
2026-03-31 07:25:00,3360.0,3360.0,3350.0,3360.0,1483800
2026-03-31 07:30:00,3360.0,3360.0,3350.0,3350.0,2108900
2026-03-31 07:35:00,3360.0,3360.0,3350.0,3350.0,1914300
2026-03-31 07:40:00,3350.0,3360.0,3350.0,3350.0,1847100
2026-03-31 07:45:00,3350.0,3360.0,3350.0,3360.0,1632000
2026-03-31 07:50:00,3360.0,3360.0,3350.0,3350.0,1016600
2026-03-31 07:55:00,3350.0,3360.0,3350.0,3360.0,2699600
2026-03-31 08:00:00,3350.0,3360.0,3350.0,3360.0,1305900
2026-03-31 08:05:00,3350.0,3360.0,3350.0,3350.0,2458800
2026-03-31 08:10:00,3360.0,3360.0,3350.0,3360.0,2159400
2026-03-31 08:15:00,3350.0,3360.0,3350.0,3350.0,2201000
2026-03-31 08:20:00,3350.0,3360.0,3350.0,3350.0,3009100
2026-03-31 08:25:00,3360.0,3360.0,3350.0,3350.0,3746500
2026-03-31 08:30:00,3350.0,3360.0,3350.0,3350.0,4657900
2026-03-31 08:35:00,3360.0,3360.0,3350.0,3350.0,3199000
2026-03-31 08:40:00,3340.0,3360.0,3340.0,3350.0,7833000
2026-03-31 08:45:00,3350.0,3350.0,3340.0,3340.0,11610800
2026-03-31 09:00:00,3330.0,3330.0,3330.0,3330.0,89750400
2026-03-31 09:05:00,3330.0,3330.0,3330.0,3330.0,170900
2026-03-31 09:10:00,3330.0,3330.0,3330.0,3330.0,28800
2026-04-01 02:00:00,3410.0,3410.0,3370.0,3400.0,0
2026-04-01 02:05:00,3420.0,3440.0,3400.0,3410.0,10811100
2026-04-01 02:10:00,3420.0,3430.0,3400.0,3430.0,5528000
2026-04-01 02:15:00,3410.0,3430.0,3410.0,3420.0,7083800
2026-04-01 02:20:00,3400.0,3420.0,3390.0,3420.0,5934500
2026-04-01 02:25:00,3410.0,3410.0,3390.0,3400.0,3499300
2026-04-01 02:30:00,3400.0,3410.0,3400.0,3410.0,482700
2026-04-01 02:35:00,3400.0,3410.0,3390.0,3400.0,5788100
2026-04-01 02:40:00,3380.0,3400.0,3380.0,3400.0,10623900
2026-04-01 02:45:00,3380.0,3390.0,3370.0,3390.0,4266800
2026-04-01 02:50:00,3370.0,3380.0,3360.0,3370.0,6873500
2026-04-01 02:55:00,3360.0,3380.0,3360.0,3380.0,2527700
2026-04-01 03:00:00,3370.0,3380.0,3360.0,3370.0,6027700
2026-04-01 03:05:00,3370.0,3380.0,3360.0,3380.0,3507200
2026-04-01 03:10:00,3360.0,3380.0,3360.0,3360.0,3210200
2026-04-01 03:15:00,3380.0,3380.0,3360.0,3370.0,2964300
2026-04-01 03:20:00,3380.0,3380.0,3370.0,3380.0,2085800
2026-04-01 03:25:00,3370.0,3380.0,3370.0,3380.0,464800
2026-04-01 03:30:00,3360.0,3380.0,3350.0,3370.0,7127800
2026-04-01 03:35:00,3370.0,3380.0,3350.0,3360.0,5302300
2026-04-01 03:40:00,3380.0,3380.0,3370.0,3380.0,376000
2026-04-01 03:45:00,3360.0,3380.0,3350.0,3380.0,4648600
2026-04-01 03:50:00,3360.0,3370.0,3350.0,3370.0,1031000
2026-04-01 03:55:00,3350.0,3360.0,3350.0,3360.0,6273000
2026-04-01 04:00:00,3350.0,3360.0,3350.0,3360.0,2308900
2026-04-01 04:05:00,3350.0,3360.0,3340.0,3350.0,8965800
2026-04-01 04:10:00,3350.0,3350.0,3340.0,3350.0,1056000
2026-04-01 04:15:00,3340.0,3350.0,3340.0,3340.0,1785000
2026-04-01 04:20:00,3350.0,3350.0,3340.0,3350.0,779900
2026-04-01 04:25:00,3350.0,3350.0,3340.0,3350.0,988700
2026-04-01 04:30:00,3350.0,3350.0,3340.0,3350.0,1462800
2026-04-01 04:35:00,3350.0,3350.0,3340.0,3340.0,1676700
2026-04-01 04:40:00,3350.0,3350.0,3340.0,3350.0,911900
2026-04-01 04:45:00,3350.0,3350.0,3340.0,3340.0,1404200
2026-04-01 04:50:00,3350.0,3350.0,3340.0,3350.0,2007900
2026-04-01 04:55:00,3340.0,3350.0,3340.0,3340.0,2109000
2026-04-01 06:30:00,3340.0,3350.0,3330.0,3350.0,12119100
2026-04-01 06:35:00,3350.0,3350.0,3330.0,3340.0,5171800
2026-04-01 06:40:00,3350.0,3350.0,3340.0,3350.0,2193300
2026-04-01 06:45:00,3340.0,3350.0,3340.0,3350.0,731000
2026-04-01 06:50:00,3340.0,3350.0,3340.0,3350.0,888100
2026-04-01 06:55:00,3340.0,3350.0,3340.0,3350.0,2491700
2026-04-01 07:00:00,3350.0,3350.0,3340.0,3340.0,1675600
2026-04-01 07:05:00,3360.0,3360.0,3340.0,3340.0,10629400
2026-04-01 07:10:00,3360.0,3360.0,3350.0,3360.0,1205300
2026-04-01 07:15:00,3350.0,3360.0,3350.0,3360.0,2612900
2026-04-01 07:20:00,3360.0,3360.0,3350.0,3360.0,800500
2026-04-01 07:25:00,3370.0,3370.0,3350.0,3350.0,6108800
2026-04-01 07:30:00,3370.0,3370.0,3360.0,3370.0,1135300
2026-04-01 07:35:00,3370.0,3370.0,3360.0,3360.0,4794100
2026-04-01 07:40:00,3360.0,3370.0,3360.0,3360.0,1449600
2026-04-01 07:45:00,3360.0,3370.0,3350.0,3370.0,1534000
2026-04-01 07:50:00,3360.0,3370.0,3350.0,3370.0,1843900
2026-04-01 07:55:00,3350.0,3370.0,3350.0,3370.0,3778900
2026-04-01 08:00:00,3350.0,3360.0,3350.0,3360.0,1500600
2026-04-01 08:05:00,3360.0,3360.0,3350.0,3350.0,1387400
2026-04-01 08:10:00,3360.0,3360.0,3350.0,3360.0,2825200
2026-04-01 08:15:00,3360.0,3360.0,3350.0,3360.0,4566700
2026-04-01 08:20:00,3360.0,3360.0,3350.0,3350.0,920400
2026-04-01 08:25:00,3360.0,3360.0,3350.0,3350.0,1092200
2026-04-01 08:30:00,3350.0,3360.0,3350.0,3360.0,1497600
2026-04-01 08:35:00,3350.0,3360.0,3350.0,3360.0,4384500
2026-04-01 08:40:00,3350.0,3360.0,3350.0,3350.0,3459000
2026-04-01 08:45:00,3360.0,3360.0,3340.0,3350.0,6597400
2026-04-01 09:00:00,3350.0,3350.0,3350.0,3350.0,21361900
2026-04-01 09:05:00,3350.0,3350.0,3350.0,3350.0,53500
2026-04-01 09:10:00,3350.0,3350.0,3350.0,3350.0,38700
2026-04-02 02:00:00,3360.0,3360.0,3340.0,3340.0,0
2026-04-02 02:05:00,3360.0,3390.0,3350.0,3360.0,17399300
2026-04-02 02:10:00,3350.0,3360.0,3340.0,3360.0,7142000
2026-04-02 02:15:00,3350.0,3360.0,3340.0,3350.0,2852300
2026-04-02 02:20:00,3340.0,3360.0,3330.0,3360.0,9254400
2026-04-02 02:25:00,3340.0,3340.0,3330.0,3340.0,2456200
2026-04-02 02:30:00,3350.0,3350.0,3330.0,3330.0,2772100
2026-04-02 02:35:00,3350.0,3350.0,3340.0,3340.0,900100
2026-04-02 02:40:00,3340.0,3350.0,3340.0,3340.0,656700
2026-04-02 02:45:00,3350.0,3350.0,3340.0,3340.0,723700
2026-04-02 02:50:00,3340.0,3350.0,3340.0,3340.0,591400
2026-04-02 02:55:00,3340.0,3350.0,3340.0,3350.0,734700
2026-04-02 03:00:00,3350.0,3350.0,3340.0,3340.0,1204000
2026-04-02 03:05:00,3350.0,3350.0,3340.0,3350.0,3446800
2026-04-02 03:10:00,3350.0,3350.0,3340.0,3350.0,841200
2026-04-02 03:15:00,3350.0,3350.0,3340.0,3340.0,1164900
2026-04-02 03:20:00,3340.0,3350.0,3340.0,3350.0,1360200
2026-04-02 03:25:00,3350.0,3350.0,3340.0,3340.0,2739700
2026-04-02 03:30:00,3350.0,3350.0,3340.0,3350.0,1349400
2026-04-02 03:35:00,3340.0,3350.0,3340.0,3350.0,11080500
2026-04-02 03:40:00,3350.0,3350.0,3340.0,3350.0,609000
2026-04-02 03:45:00,3350.0,3350.0,3340.0,3350.0,804500
2026-04-02 03:50:00,3340.0,3350.0,3340.0,3350.0,4229400
2026-04-02 03:55:00,3330.0,3350.0,3330.0,3350.0,11799200
2026-04-02 04:00:00,3340.0,3340.0,3330.0,3340.0,4494000
2026-04-02 04:05:00,3340.0,3340.0,3330.0,3340.0,673500
2026-04-02 04:10:00,3340.0,3340.0,3330.0,3340.0,1756800
2026-04-02 04:15:00,3340.0,3340.0,3330.0,3330.0,371400
2026-04-02 04:20:00,3340.0,3340.0,3330.0,3340.0,582000
2026-04-02 04:25:00,3330.0,3340.0,3330.0,3340.0,970500
2026-04-02 04:30:00,3340.0,3340.0,3330.0,3340.0,870400
2026-04-02 04:35:00,3340.0,3340.0,3330.0,3340.0,856200
2026-04-02 04:40:00,3340.0,3340.0,3330.0,3340.0,885900
2026-04-02 04:45:00,3340.0,3340.0,3330.0,3340.0,2268400
2026-04-02 04:50:00,3340.0,3340.0,3330.0,3340.0,1983000
2026-04-02 04:55:00,3340.0,3350.0,3330.0,3340.0,6127000
2026-04-02 06:30:00,3340.0,3350.0,3330.0,3340.0,5042700
2026-04-02 06:35:00,3340.0,3340.0,3330.0,3340.0,227800
2026-04-02 06:40:00,3340.0,3340.0,3330.0,3340.0,618600
2026-04-02 06:45:00,3340.0,3340.0,3330.0,3340.0,579000
2026-04-02 06:50:00,3340.0,3340.0,3330.0,3340.0,439800
2026-04-02 06:55:00,3340.0,3340.0,3330.0,3340.0,425700
2026-04-02 07:00:00,3340.0,3340.0,3330.0,3330.0,1778500
2026-04-02 07:05:00,3340.0,3340.0,3330.0,3330.0,1057600
2026-04-02 07:10:00,3340.0,3340.0,3330.0,3340.0,969400
2026-04-02 07:15:00,3340.0,3340.0,3330.0,3330.0,939100
2026-04-02 07:20:00,3340.0,3340.0,3330.0,3340.0,1942200
2026-04-02 07:25:00,3330.0,3340.0,3330.0,3340.0,2272000
2026-04-02 07:30:00,3330.0,3340.0,3330.0,3340.0,1829900
2026-04-02 07:35:00,3340.0,3340.0,3330.0,3340.0,1358400
2026-04-02 07:40:00,3330.0,3340.0,3330.0,3340.0,1368600
2026-04-02 07:45:00,3340.0,3340.0,3330.0,3340.0,2050600
2026-04-02 07:50:00,3330.0,3340.0,3330.0,3340.0,1250300
2026-04-02 07:55:00,3340.0,3340.0,3330.0,3340.0,1641100
2026-04-02 08:00:00,3340.0,3340.0,3330.0,3330.0,2237900
2026-04-02 08:05:00,3320.0,3340.0,3320.0,3340.0,19960400
2026-04-02 08:10:00,3320.0,3330.0,3320.0,3330.0,1634200
2026-04-02 08:15:00,3330.0,3330.0,3320.0,3330.0,1585200
2026-04-02 08:20:00,3320.0,3330.0,3320.0,3320.0,3129600
2026-04-02 08:25:00,3340.0,3340.0,3320.0,3320.0,7542300
2026-04-02 08:30:00,3330.0,3340.0,3330.0,3330.0,1317000
2026-04-02 08:35:00,3330.0,3340.0,3330.0,3340.0,1221900
2026-04-02 08:40:00,3340.0,3340.0,3330.0,3340.0,3054200
2026-04-02 08:45:00,3330.0,3340.0,3320.0,3340.0,10220100
2026-04-02 09:00:00,3320.0,3320.0,3320.0,3320.0,14392800
2026-04-02 09:05:00,3320.0,3320.0,3320.0,3320.0,200200
2026-04-02 09:10:00,3320.0,3320.0,3320.0,3320.0,13679500
2026-04-06 02:00:00,3350.0,3360.0,3320.0,3340.0,0
2026-04-06 02:05:00,3340.0,3350.0,3330.0,3350.0,3444400
2026-04-06 02:10:00,3340.0,3340.0,3330.0,3340.0,1226300
2026-04-06 02:15:00,3340.0,3340.0,3330.0,3340.0,2527300
2026-04-06 02:20:00,3350.0,3350.0,3330.0,3340.0,2029600
2026-04-06 02:25:00,3340.0,3350.0,3330.0,3350.0,2954300
2026-04-06 02:30:00,3340.0,3340.0,3330.0,3340.0,743100
2026-04-06 02:35:00,3340.0,3340.0,3330.0,3340.0,874500
2026-04-06 02:40:00,3340.0,3340.0,3330.0,3340.0,4361500
2026-04-06 02:45:00,3340.0,3340.0,3330.0,3340.0,1077000
2026-04-06 02:50:00,3340.0,3340.0,3330.0,3340.0,373600
2026-04-06 02:55:00,3340.0,3340.0,3330.0,3340.0,493000
2026-04-06 03:00:00,3330.0,3340.0,3330.0,3340.0,3419300
2026-04-06 03:05:00,3340.0,3340.0,3330.0,3340.0,728800
2026-04-06 03:10:00,3340.0,3340.0,3330.0,3340.0,399500
2026-04-06 03:15:00,3330.0,3340.0,3330.0,3340.0,375900
2026-04-06 03:20:00,3340.0,3340.0,3330.0,3340.0,873100
2026-04-06 03:25:00,3340.0,3340.0,3330.0,3340.0,970600
2026-04-06 03:30:00,3340.0,3340.0,3330.0,3340.0,1130500
2026-04-06 03:35:00,3340.0,3340.0,3330.0,3340.0,1674400
2026-04-06 03:40:00,3330.0,3340.0,3330.0,3340.0,805500
2026-04-06 03:45:00,3340.0,3340.0,3330.0,3330.0,1265300
2026-04-06 03:50:00,3340.0,3340.0,3330.0,3340.0,556200
2026-04-06 03:55:00,3350.0,3350.0,3330.0,3340.0,1368500
2026-04-06 04:00:00,3350.0,3350.0,3340.0,3350.0,2221100
2026-04-06 04:05:00,3340.0,3350.0,3330.0,3350.0,1876200
2026-04-06 04:10:00,3340.0,3340.0,3330.0,3340.0,447700
2026-04-06 04:15:00,3340.0,3340.0,3330.0,3330.0,1369400
2026-04-06 04:20:00,3350.0,3350.0,3340.0,3340.0,271800
2026-04-06 04:25:00,3340.0,3350.0,3340.0,3350.0,619700
2026-04-06 04:30:00,3350.0,3350.0,3340.0,3340.0,137900
2026-04-06 04:35:00,3340.0,3350.0,3340.0,3340.0,369200
2026-04-06 04:40:00,3340.0,3350.0,3330.0,3350.0,6825400
2026-04-06 04:45:00,3340.0,3340.0,3330.0,3340.0,304300
2026-04-06 04:50:00,3330.0,3340.0,3320.0,3330.0,16305400
2026-04-06 04:55:00,3330.0,3330.0,3320.0,3320.0,693900
2026-04-06 06:30:00,3330.0,3330.0,3320.0,3330.0,1903400
2026-04-06 06:35:00,3330.0,3330.0,3320.0,3330.0,2009800
2026-04-06 06:40:00,3340.0,3340.0,3330.0,3330.0,5473100
2026-04-06 06:45:00,3340.0,3340.0,3330.0,3340.0,337300
2026-04-06 06:50:00,3340.0,3340.0,3330.0,3340.0,282700
2026-04-06 06:55:00,3340.0,3340.0,3330.0,3330.0,490600
2026-04-06 07:00:00,3340.0,3340.0,3330.0,3330.0,314800
2026-04-06 07:05:00,3340.0,3340.0,3330.0,3330.0,1029800
2026-04-06 07:10:00,3330.0,3340.0,3320.0,3340.0,6543200
2026-04-06 07:15:00,3330.0,3330.0,3320.0,3330.0,582300
2026-04-06 07:20:00,3330.0,3330.0,3320.0,3320.0,2960100
2026-04-06 07:25:00,3330.0,3330.0,3320.0,3330.0,541800
2026-04-06 07:30:00,3330.0,3330.0,3320.0,3330.0,781300
2026-04-06 07:35:00,3330.0,3330.0,3320.0,3330.0,1491000
2026-04-06 07:40:00,3330.0,3330.0,3320.0,3330.0,828700
2026-04-06 07:45:00,3320.0,3330.0,3320.0,3330.0,439700
2026-04-06 07:50:00,3330.0,3330.0,3320.0,3330.0,1373400
2026-04-06 07:55:00,3320.0,3330.0,3320.0,3330.0,576000
2026-04-06 08:00:00,3330.0,3330.0,3310.0,3320.0,18678100
2026-04-06 08:05:00,3320.0,3330.0,3310.0,3330.0,1003500
2026-04-06 08:10:00,3310.0,3320.0,3310.0,3320.0,713200
2026-04-06 08:15:00,3320.0,3320.0,3310.0,3320.0,1065500
2026-04-06 08:20:00,3300.0,3320.0,3290.0,3320.0,41727300
2026-04-06 08:25:00,3310.0,3310.0,3300.0,3300.0,510500
2026-04-06 08:30:00,3310.0,3310.0,3300.0,3310.0,1037000
2026-04-06 08:35:00,3310.0,3310.0,3300.0,3310.0,2157600
2026-04-06 08:40:00,3310.0,3310.0,3300.0,3310.0,2092500
2026-04-06 08:45:00,3320.0,3320.0,3310.0,3310.0,1298700
2026-04-06 09:00:00,3310.0,3310.0,3310.0,3310.0,7321400
2026-04-06 09:05:00,3310.0,3310.0,3310.0,3310.0,649400
2026-04-06 09:10:00,3310.0,3310.0,3310.0,3310.0,101100
2026-04-07 02:00:00,3300.0,3320.0,3290.0,3310.0,0
2026-04-07 02:05:00,3300.0,3310.0,3290.0,3290.0,3156000
2026-04-07 02:10:00,3310.0,3310.0,3300.0,3310.0,2117600
2026-04-07 02:15:00,3310.0,3310.0,3300.0,3310.0,1033300
2026-04-07 02:20:00,3310.0,3310.0,3300.0,3310.0,984900
2026-04-07 02:25:00,3290.0,3310.0,3290.0,3310.0,4350300
2026-04-07 02:30:00,3300.0,3300.0,3290.0,3300.0,1774200
2026-04-07 02:35:00,3300.0,3300.0,3290.0,3290.0,863100
2026-04-07 02:40:00,3300.0,3300.0,3290.0,3300.0,1708400
2026-04-07 02:45:00,3290.0,3300.0,3280.0,3300.0,17066800
2026-04-07 02:50:00,3290.0,3290.0,3280.0,3280.0,1717200
2026-04-07 02:55:00,3290.0,3290.0,3280.0,3280.0,1342000
2026-04-07 03:00:00,3280.0,3290.0,3280.0,3290.0,4204400
2026-04-07 03:05:00,3280.0,3290.0,3270.0,3280.0,2359400
2026-04-07 03:10:00,3280.0,3280.0,3270.0,3280.0,1720200
2026-04-07 03:15:00,3290.0,3290.0,3270.0,3280.0,4351700
2026-04-07 03:20:00,3290.0,3290.0,3280.0,3290.0,1064000
2026-04-07 03:25:00,3290.0,3290.0,3280.0,3290.0,2079500
2026-04-07 03:30:00,3290.0,3290.0,3280.0,3290.0,499400
2026-04-07 03:35:00,3290.0,3290.0,3280.0,3290.0,2650700
2026-04-07 03:40:00,3290.0,3290.0,3280.0,3290.0,1024000
2026-04-07 03:45:00,3290.0,3290.0,3280.0,3290.0,1579700
2026-04-07 03:50:00,3290.0,3290.0,3280.0,3290.0,5120500
2026-04-07 03:55:00,3290.0,3290.0,3280.0,3290.0,1351400
2026-04-07 04:00:00,3280.0,3290.0,3280.0,3280.0,2490200
2026-04-07 04:05:00,3280.0,3290.0,3270.0,3280.0,2420000
2026-04-07 04:10:00,3280.0,3280.0,3270.0,3280.0,1400800
2026-04-07 04:15:00,3270.0,3290.0,3270.0,3280.0,3879300
2026-04-07 04:20:00,3280.0,3290.0,3270.0,3280.0,936700
2026-04-07 04:25:00,3280.0,3280.0,3270.0,3280.0,1912700
2026-04-07 04:30:00,3280.0,3280.0,3270.0,3280.0,922700
2026-04-07 04:35:00,3260.0,3280.0,3260.0,3280.0,13904200
2026-04-07 04:40:00,3270.0,3270.0,3260.0,3270.0,1618200
2026-04-07 04:45:00,3260.0,3270.0,3250.0,3270.0,11240200
2026-04-07 04:50:00,3270.0,3270.0,3250.0,3260.0,2879700
2026-04-07 04:55:00,3250.0,3270.0,3240.0,3260.0,20686400
2026-04-07 06:30:00,3260.0,3260.0,3240.0,3250.0,4533000
2026-04-07 06:35:00,3270.0,3270.0,3250.0,3260.0,2976500
2026-04-07 06:40:00,3270.0,3270.0,3260.0,3270.0,1026800
2026-04-07 06:45:00,3260.0,3270.0,3250.0,3260.0,6786000
2026-04-07 06:50:00,3250.0,3260.0,3250.0,3260.0,764700
2026-04-07 06:55:00,3260.0,3260.0,3250.0,3260.0,1129100
2026-04-07 07:00:00,3250.0,3260.0,3250.0,3260.0,1547300
2026-04-07 07:05:00,3250.0,3260.0,3250.0,3260.0,1556200
2026-04-07 07:10:00,3260.0,3260.0,3250.0,3260.0,2760500
2026-04-07 07:15:00,3260.0,3260.0,3250.0,3260.0,2955900
2026-04-07 07:20:00,3260.0,3260.0,3250.0,3260.0,2598600
2026-04-07 07:25:00,3260.0,3260.0,3250.0,3260.0,1562600
2026-04-07 07:30:00,3260.0,3260.0,3250.0,3250.0,2871000
2026-04-07 07:35:00,3260.0,3260.0,3250.0,3260.0,1993600
2026-04-07 07:40:00,3260.0,3260.0,3250.0,3260.0,2419400
2026-04-07 07:45:00,3260.0,3270.0,3250.0,3260.0,2790600
2026-04-07 07:50:00,3270.0,3270.0,3260.0,3270.0,1039900
2026-04-07 07:55:00,3260.0,3270.0,3260.0,3270.0,1856700
2026-04-07 08:00:00,3250.0,3270.0,3240.0,3270.0,17455500
2026-04-07 08:05:00,3260.0,3260.0,3240.0,3250.0,2488700
2026-04-07 08:10:00,3260.0,3260.0,3250.0,3250.0,1148600
2026-04-07 08:15:00,3250.0,3260.0,3250.0,3250.0,2138500
2026-04-07 08:20:00,3260.0,3260.0,3250.0,3260.0,2458300
2026-04-07 08:25:00,3250.0,3260.0,3240.0,3260.0,6069700
2026-04-07 08:30:00,3230.0,3250.0,3220.0,3240.0,16880200
2026-04-07 08:35:00,3240.0,3240.0,3220.0,3230.0,8777400
2026-04-07 08:40:00,3250.0,3250.0,3230.0,3240.0,3104900
2026-04-07 08:45:00,3230.0,3260.0,3230.0,3250.0,6979800
2026-04-07 09:00:00,3230.0,3230.0,3230.0,3230.0,23271000
2026-04-07 09:05:00,3230.0,3230.0,3230.0,3230.0,907000
2026-04-07 09:10:00,3230.0,3230.0,3230.0,3230.0,364900
2026-04-08 02:00:00,3360.0,3360.0,3330.0,3340.0,0
2026-04-08 02:05:00,3330.0,3370.0,3330.0,3360.0,18211200
2026-04-08 02:10:00,3350.0,3350.0,3330.0,3340.0,22248200
2026-04-08 02:15:00,3350.0,3360.0,3340.0,3350.0,14510300
2026-04-08 02:20:00,3350.0,3350.0,3340.0,3350.0,7898000
2026-04-08 02:25:00,3350.0,3350.0,3340.0,3350.0,8992600
2026-04-08 02:30:00,3350.0,3350.0,3340.0,3350.0,6971000
2026-04-08 02:35:00,3350.0,3350.0,3340.0,3340.0,3601800
2026-04-08 02:40:00,3350.0,3350.0,3340.0,3350.0,3939200
2026-04-08 02:45:00,3350.0,3350.0,3340.0,3350.0,2750500
2026-04-08 02:50:00,3350.0,3350.0,3340.0,3350.0,2648500
2026-04-08 02:55:00,3360.0,3360.0,3340.0,3350.0,7993000
2026-04-08 03:00:00,3360.0,3360.0,3350.0,3360.0,2059600
2026-04-08 03:05:00,3360.0,3360.0,3350.0,3360.0,2042400
2026-04-08 03:10:00,3350.0,3360.0,3350.0,3360.0,3565000
2026-04-08 03:15:00,3360.0,3360.0,3350.0,3360.0,2630000
2026-04-08 03:20:00,3360.0,3360.0,3350.0,3360.0,1125500
2026-04-08 03:25:00,3350.0,3360.0,3350.0,3360.0,1272900
2026-04-08 03:30:00,3350.0,3360.0,3340.0,3360.0,12710900
2026-04-08 03:35:00,3330.0,3350.0,3330.0,3340.0,5660300
2026-04-08 03:40:00,3340.0,3340.0,3330.0,3340.0,1139600
2026-04-08 03:45:00,3340.0,3350.0,3330.0,3340.0,1679500
2026-04-08 03:50:00,3350.0,3350.0,3340.0,3350.0,988400
2026-04-08 03:55:00,3350.0,3350.0,3340.0,3350.0,1498500
2026-04-08 04:00:00,3350.0,3360.0,3340.0,3350.0,11597800
2026-04-08 04:05:00,3350.0,3360.0,3340.0,3350.0,2530600
2026-04-08 04:10:00,3350.0,3350.0,3340.0,3350.0,1421600
2026-04-08 04:15:00,3350.0,3350.0,3340.0,3350.0,756600
2026-04-08 04:20:00,3350.0,3350.0,3340.0,3350.0,1738400
2026-04-08 04:25:00,3350.0,3350.0,3340.0,3350.0,4312900
2026-04-08 04:30:00,3350.0,3350.0,3340.0,3350.0,2663400
2026-04-08 04:35:00,3350.0,3350.0,3340.0,3350.0,2572100
2026-04-08 04:40:00,3350.0,3350.0,3340.0,3350.0,2507600
2026-04-08 04:45:00,3360.0,3360.0,3340.0,3350.0,3100700
2026-04-08 04:50:00,3360.0,3360.0,3350.0,3360.0,2062100
2026-04-08 04:55:00,3350.0,3360.0,3340.0,3360.0,4652600
2026-04-08 06:30:00,3350.0,3360.0,3340.0,3350.0,5912300
2026-04-08 06:35:00,3350.0,3350.0,3340.0,3350.0,1847900
2026-04-08 06:40:00,3350.0,3350.0,3340.0,3350.0,1053500
2026-04-08 06:45:00,3350.0,3350.0,3340.0,3350.0,2029600
2026-04-08 06:50:00,3350.0,3350.0,3340.0,3350.0,1292100
2026-04-08 06:55:00,3350.0,3350.0,3340.0,3350.0,1772500
2026-04-08 07:00:00,3350.0,3350.0,3340.0,3350.0,2880600
2026-04-08 07:05:00,3350.0,3350.0,3340.0,3350.0,5920200
2026-04-08 07:10:00,3350.0,3350.0,3340.0,3350.0,7084700
2026-04-08 07:15:00,3350.0,3350.0,3340.0,3350.0,4294800
2026-04-08 07:20:00,3350.0,3360.0,3340.0,3350.0,2344000
2026-04-08 07:25:00,3360.0,3360.0,3350.0,3360.0,1445400
2026-04-08 07:30:00,3350.0,3360.0,3340.0,3360.0,11003800
2026-04-08 07:35:00,3350.0,3350.0,3340.0,3350.0,1129700
2026-04-08 07:40:00,3350.0,3350.0,3340.0,3340.0,1332300
2026-04-08 07:45:00,3350.0,3350.0,3340.0,3350.0,1904200
2026-04-08 07:50:00,3340.0,3350.0,3340.0,3350.0,3383800
2026-04-08 07:55:00,3350.0,3350.0,3340.0,3340.0,2007800
2026-04-08 08:00:00,3350.0,3350.0,3340.0,3350.0,3667900
2026-04-08 08:05:00,3350.0,3350.0,3340.0,3340.0,1417600
2026-04-08 08:10:00,3350.0,3350.0,3340.0,3350.0,10467900
2026-04-08 08:15:00,3350.0,3350.0,3340.0,3350.0,7538500
2026-04-08 08:20:00,3350.0,3350.0,3340.0,3350.0,3061400
2026-04-08 08:25:00,3350.0,3350.0,3340.0,3350.0,5841500
2026-04-08 08:30:00,3350.0,3350.0,3340.0,3350.0,7542500
2026-04-08 08:35:00,3350.0,3350.0,3340.0,3350.0,5221900
2026-04-08 08:40:00,3350.0,3350.0,3340.0,3350.0,12367300
2026-04-08 08:45:00,3350.0,3350.0,3340.0,3350.0,9750500
2026-04-08 09:00:00,3340.0,3340.0,3340.0,3340.0,49173800
2026-04-08 09:05:00,3340.0,3340.0,3340.0,3340.0,101800
2026-04-08 09:10:00,3340.0,3340.0,3340.0,3340.0,73700
2026-04-09 02:00:00,3310.0,3330.0,3300.0,3320.0,0
2026-04-09 02:05:00,3280.0,3310.0,3270.0,3310.0,20829500
2026-04-09 02:10:00,3300.0,3300.0,3270.0,3280.0,5859800
2026-04-09 02:15:00,3290.0,3300.0,3280.0,3300.0,5233400
2026-04-09 02:20:00,3290.0,3290.0,3280.0,3280.0,2038300
2026-04-09 02:25:00,3290.0,3290.0,3280.0,3280.0,2601600
2026-04-09 02:30:00,3290.0,3290.0,3280.0,3290.0,2919300
2026-04-09 02:35:00,3290.0,3290.0,3280.0,3290.0,4018200
2026-04-09 02:40:00,3300.0,3300.0,3280.0,3290.0,7588100
2026-04-09 02:45:00,3280.0,3300.0,3280.0,3290.0,7893800
2026-04-09 02:50:00,3280.0,3290.0,3280.0,3280.0,3932000
2026-04-09 02:55:00,3300.0,3300.0,3280.0,3290.0,5891900
2026-04-09 03:00:00,3300.0,3300.0,3290.0,3300.0,1981700
2026-04-09 03:05:00,3290.0,3300.0,3290.0,3300.0,1285800
2026-04-09 03:10:00,3290.0,3300.0,3290.0,3290.0,1199300
2026-04-09 03:15:00,3290.0,3300.0,3290.0,3300.0,1328400
2026-04-09 03:20:00,3280.0,3300.0,3280.0,3290.0,9509500
2026-04-09 03:25:00,3280.0,3290.0,3270.0,3280.0,12070800
2026-04-09 03:30:00,3280.0,3280.0,3270.0,3270.0,4483700
2026-04-09 03:35:00,3270.0,3280.0,3260.0,3270.0,13281400
2026-04-09 03:40:00,3270.0,3270.0,3260.0,3260.0,3691200
2026-04-09 03:45:00,3260.0,3270.0,3260.0,3270.0,2819900
2026-04-09 03:50:00,3270.0,3270.0,3260.0,3260.0,2665300
2026-04-09 03:55:00,3270.0,3270.0,3260.0,3270.0,4354200
2026-04-09 04:00:00,3270.0,3280.0,3260.0,3260.0,7315600
2026-04-09 04:05:00,3280.0,3280.0,3270.0,3270.0,3526000
2026-04-09 04:10:00,3280.0,3280.0,3270.0,3280.0,976000
2026-04-09 04:15:00,3270.0,3280.0,3270.0,3270.0,1246900
2026-04-09 04:20:00,3290.0,3290.0,3270.0,3280.0,4186000
2026-04-09 04:25:00,3290.0,3290.0,3280.0,3280.0,1590200
2026-04-09 04:30:00,3290.0,3290.0,3280.0,3280.0,1047600
2026-04-09 04:35:00,3290.0,3290.0,3280.0,3280.0,1045400
2026-04-09 04:40:00,3290.0,3290.0,3280.0,3280.0,1586500
2026-04-09 04:45:00,3290.0,3290.0,3280.0,3280.0,1273500
2026-04-09 04:50:00,3290.0,3290.0,3280.0,3280.0,1525500
2026-04-09 04:55:00,3290.0,3290.0,3280.0,3290.0,2422100
2026-04-09 06:30:00,3290.0,3290.0,3280.0,3290.0,9664300
2026-04-09 06:35:00,3280.0,3290.0,3280.0,3290.0,2463500
2026-04-09 06:40:00,3290.0,3290.0,3280.0,3290.0,2747900
2026-04-09 06:45:00,3280.0,3290.0,3280.0,3280.0,1780900
2026-04-09 06:50:00,3290.0,3290.0,3280.0,3280.0,1473100
2026-04-09 06:55:00,3290.0,3290.0,3280.0,3290.0,2109300
2026-04-09 07:00:00,3290.0,3290.0,3280.0,3280.0,2224600
2026-04-09 07:05:00,3280.0,3290.0,3280.0,3290.0,2262000
2026-04-09 07:10:00,3290.0,3290.0,3280.0,3280.0,2418200
2026-04-09 07:15:00,3290.0,3290.0,3280.0,3290.0,2043100
2026-04-09 07:20:00,3290.0,3290.0,3280.0,3280.0,3323200
2026-04-09 07:25:00,3290.0,3290.0,3280.0,3290.0,2566200
2026-04-09 07:30:00,3290.0,3290.0,3280.0,3280.0,2438000
2026-04-09 07:35:00,3290.0,3290.0,3280.0,3280.0,2045300
2026-04-09 07:40:00,3290.0,3290.0,3280.0,3280.0,2440900
2026-04-09 07:45:00,3290.0,3290.0,3280.0,3290.0,1919800
2026-04-09 07:50:00,3280.0,3290.0,3280.0,3290.0,2651500
2026-04-09 07:55:00,3280.0,3290.0,3280.0,3280.0,2693400
2026-04-09 08:00:00,3290.0,3290.0,3280.0,3290.0,2183600
2026-04-09 08:05:00,3290.0,3290.0,3280.0,3290.0,2852100
2026-04-09 08:10:00,3290.0,3290.0,3280.0,3290.0,2681900
2026-04-09 08:15:00,3290.0,3290.0,3280.0,3290.0,3111500
2026-04-09 08:20:00,3280.0,3290.0,3280.0,3280.0,5789000
2026-04-09 08:25:00,3290.0,3290.0,3280.0,3290.0,2886000
2026-04-09 08:30:00,3290.0,3290.0,3280.0,3290.0,4686400
2026-04-09 08:35:00,3280.0,3290.0,3280.0,3280.0,5739900
2026-04-09 08:40:00,3280.0,3290.0,3280.0,3280.0,9308000
2026-04-09 08:45:00,3290.0,3290.0,3280.0,3290.0,10931500
2026-04-09 09:00:00,3280.0,3280.0,3280.0,3280.0,35169800
2026-04-09 09:05:00,3280.0,3280.0,3280.0,3280.0,60300
2026-04-09 09:10:00,3280.0,3280.0,3280.0,3280.0,11100
2026-04-10 02:00:00,3290.0,3320.0,3290.0,3290.0,0
2026-04-10 02:05:00,3300.0,3300.0,3290.0,3290.0,4014600
2026-04-10 02:10:00,3310.0,3310.0,3290.0,3300.0,14630100
2026-04-10 02:15:00,3310.0,3310.0,3300.0,3310.0,2876300
2026-04-10 02:20:00,3320.0,3320.0,3300.0,3310.0,11815900
2026-04-10 02:25:00,3330.0,3330.0,3310.0,3320.0,6045600
2026-04-10 02:30:00,3330.0,3330.0,3320.0,3330.0,3059800
2026-04-10 02:35:00,3350.0,3350.0,3320.0,3330.0,11576200
2026-04-10 02:40:00,3350.0,3350.0,3340.0,3350.0,4730000
2026-04-10 02:45:00,3340.0,3350.0,3330.0,3350.0,12755800
2026-04-10 02:50:00,3330.0,3340.0,3320.0,3330.0,6354300
2026-04-10 02:55:00,3340.0,3340.0,3320.0,3330.0,1654300
2026-04-10 03:00:00,3330.0,3340.0,3330.0,3340.0,4836200
2026-04-10 03:05:00,3320.0,3340.0,3320.0,3330.0,10557800
2026-04-10 03:10:00,3330.0,3330.0,3320.0,3330.0,1057400
2026-04-10 03:15:00,3350.0,3350.0,3320.0,3320.0,15976800
2026-04-10 03:20:00,3350.0,3360.0,3340.0,3340.0,6854500
2026-04-10 03:25:00,3360.0,3360.0,3350.0,3360.0,1826900
2026-04-10 03:30:00,3350.0,3360.0,3350.0,3360.0,3392800
2026-04-10 03:35:00,3360.0,3360.0,3350.0,3360.0,2328600
2026-04-10 03:40:00,3360.0,3370.0,3350.0,3360.0,5416800
2026-04-10 03:45:00,3360.0,3370.0,3360.0,3370.0,4767800
2026-04-10 03:50:00,3370.0,3380.0,3360.0,3370.0,12807200
2026-04-10 03:55:00,3370.0,3370.0,3360.0,3370.0,1800900
2026-04-10 04:00:00,3350.0,3370.0,3350.0,3360.0,3282000
2026-04-10 04:05:00,3370.0,3370.0,3350.0,3350.0,2094800
2026-04-10 04:10:00,3370.0,3370.0,3360.0,3370.0,632500
2026-04-10 04:15:00,3370.0,3370.0,3360.0,3360.0,962200
2026-04-10 04:20:00,3360.0,3370.0,3360.0,3370.0,2669200
2026-04-10 04:25:00,3370.0,3380.0,3360.0,3360.0,3974400
2026-04-10 07:00:00,3370.0,3380.0,3350.0,3370.0,12604200
2026-04-10 07:05:00,3370.0,3370.0,3360.0,3360.0,2348400
2026-04-10 07:10:00,3360.0,3370.0,3360.0,3360.0,1507400
2026-04-10 07:15:00,3370.0,3370.0,3360.0,3370.0,1552300
2026-04-10 07:20:00,3360.0,3370.0,3360.0,3360.0,3514600
2026-04-10 07:25:00,3370.0,3370.0,3360.0,3370.0,3107900
2026-04-10 07:30:00,3370.0,3370.0,3360.0,3370.0,4149100
2026-04-10 07:35:00,3380.0,3380.0,3360.0,3370.0,4995800
2026-04-10 07:40:00,3380.0,3380.0,3370.0,3380.0,4389000
2026-04-10 07:45:00,3390.0,3390.0,3370.0,3380.0,4103800
2026-04-10 07:50:00,3390.0,3390.0,3380.0,3390.0,4860500
2026-04-10 07:55:00,3390.0,3390.0,3380.0,3380.0,3627400
2026-04-10 08:00:00,3390.0,3400.0,3380.0,3390.0,11485300
2026-04-10 08:05:00,3380.0,3400.0,3380.0,3400.0,15888600
2026-04-10 08:10:00,3370.0,3380.0,3360.0,3380.0,4486400
2026-04-10 08:15:00,3370.0,3370.0,3360.0,3360.0,977000
2026-04-10 08:20:00,3370.0,3370.0,3360.0,3370.0,3528300
2026-04-10 08:25:00,3370.0,3370.0,3360.0,3370.0,9620100
2026-04-10 08:30:00,3380.0,3380.0,3360.0,3370.0,13271400
2026-04-10 08:35:00,3380.0,3380.0,3370.0,3380.0,3386100
2026-04-10 08:40:00,3380.0,3380.0,3370.0,3380.0,6850900
2026-04-10 08:45:00,3380.0,3390.0,3370.0,3380.0,9579800
2026-04-10 09:00:00,3390.0,3390.0,3390.0,3390.0,30401600
2026-04-10 09:05:00,3390.0,3390.0,3390.0,3390.0,636400
2026-04-10 09:10:00,3390.0,3390.0,3390.0,3390.0,2284600
2026-04-13 02:00:00,3380.0,3390.0,3350.0,3390.0,0
2026-04-13 02:05:00,3360.0,3380.0,3360.0,3370.0,5489200
2026-04-13 02:10:00,3380.0,3380.0,3360.0,3370.0,2862100
2026-04-13 02:15:00,3380.0,3380.0,3370.0,3370.0,1052600
2026-04-13 02:20:00,3380.0,3380.0,3370.0,3380.0,1253600
2026-04-13 02:25:00,3380.0,3380.0,3370.0,3370.0,864500
2026-04-13 02:30:00,3380.0,3380.0,3370.0,3370.0,700300
2026-04-13 02:35:00,3380.0,3380.0,3370.0,3370.0,1232300
2026-04-13 02:40:00,3380.0,3380.0,3370.0,3380.0,775300
2026-04-13 02:45:00,3380.0,3380.0,3370.0,3370.0,718900
2026-04-13 02:50:00,3390.0,3390.0,3370.0,3370.0,7168900
2026-04-13 02:55:00,3390.0,3390.0,3380.0,3390.0,1077500
2026-04-13 03:00:00,3400.0,3400.0,3380.0,3380.0,5328300
2026-04-13 03:05:00,3400.0,3400.0,3390.0,3400.0,2778800
2026-04-13 03:10:00,3400.0,3410.0,3390.0,3400.0,6929600
2026-04-13 03:15:00,3410.0,3410.0,3400.0,3400.0,3388900
2026-04-13 03:20:00,3390.0,3410.0,3390.0,3400.0,4634700
2026-04-13 03:25:00,3380.0,3400.0,3380.0,3390.0,5759200
2026-04-13 03:30:00,3390.0,3390.0,3380.0,3390.0,1519900
2026-04-13 03:35:00,3390.0,3390.0,3380.0,3380.0,775900
2026-04-13 03:40:00,3390.0,3390.0,3380.0,3390.0,1269500
2026-04-13 03:45:00,3390.0,3390.0,3380.0,3390.0,407800
2026-04-13 03:50:00,3390.0,3390.0,3380.0,3390.0,628600
2026-04-13 03:55:00,3380.0,3390.0,3380.0,3380.0,513200
2026-04-13 04:00:00,3390.0,3390.0,3380.0,3390.0,1152300
2026-04-13 04:05:00,3390.0,3390.0,3380.0,3380.0,766000
2026-04-13 04:10:00,3390.0,3390.0,3380.0,3390.0,631300
2026-04-13 04:15:00,3390.0,3390.0,3380.0,3390.0,381900
2026-04-13 04:20:00,3390.0,3390.0,3380.0,3390.0,515100
2026-04-13 04:25:00,3390.0,3390.0,3380.0,3390.0,977700
2026-04-13 04:30:00,3390.0,3390.0,3380.0,3380.0,355500
2026-04-13 04:35:00,3380.0,3390.0,3380.0,3390.0,465900
2026-04-13 04:40:00,3370.0,3390.0,3370.0,3390.0,13122300
2026-04-13 04:45:00,3370.0,3380.0,3370.0,3380.0,755700
2026-04-13 04:50:00,3370.0,3380.0,3370.0,3380.0,640800
2026-04-13 04:55:00,3370.0,3380.0,3370.0,3380.0,1864300
2026-04-13 06:30:00,3390.0,3390.0,3370.0,3370.0,3458000
2026-04-13 06:35:00,3380.0,3390.0,3380.0,3390.0,507600
2026-04-13 06:40:00,3380.0,3390.0,3380.0,3390.0,967500
2026-04-13 06:45:00,3390.0,3390.0,3380.0,3390.0,583400
2026-04-13 06:50:00,3390.0,3390.0,3380.0,3390.0,994100
2026-04-13 06:55:00,3390.0,3390.0,3380.0,3390.0,861600
2026-04-13 07:00:00,3380.0,3390.0,3380.0,3390.0,775800
2026-04-13 07:05:00,3390.0,3390.0,3380.0,3390.0,744000
2026-04-13 07:10:00,3390.0,3390.0,3380.0,3390.0,927700
2026-04-13 07:15:00,3390.0,3390.0,3380.0,3390.0,421200
2026-04-13 07:20:00,3380.0,3390.0,3380.0,3390.0,980700
2026-04-13 07:25:00,3380.0,3390.0,3380.0,3390.0,721300
2026-04-13 07:30:00,3390.0,3390.0,3380.0,3390.0,2111700
2026-04-13 07:35:00,3380.0,3390.0,3380.0,3390.0,966300
2026-04-13 07:40:00,3390.0,3390.0,3380.0,3390.0,1866800
2026-04-13 07:45:00,3390.0,3390.0,3380.0,3390.0,998700
2026-04-13 07:50:00,3390.0,3390.0,3380.0,3390.0,680000
2026-04-13 07:55:00,3390.0,3390.0,3380.0,3390.0,972400
2026-04-13 08:00:00,3390.0,3390.0,3380.0,3390.0,1084900
2026-04-13 08:05:00,3390.0,3390.0,3380.0,3380.0,1382300
2026-04-13 08:10:00,3380.0,3390.0,3370.0,3390.0,16392800
2026-04-13 08:15:00,3380.0,3390.0,3370.0,3380.0,1241900
2026-04-13 08:20:00,3380.0,3380.0,3370.0,3380.0,864100
2026-04-13 08:25:00,3380.0,3390.0,3370.0,3380.0,702400
2026-04-13 08:30:00,3380.0,3390.0,3380.0,3390.0,1031500
2026-04-13 08:35:00,3380.0,3390.0,3380.0,3390.0,1318800
2026-04-13 08:40:00,3370.0,3390.0,3370.0,3380.0,4710800
2026-04-13 08:45:00,3380.0,3380.0,3370.0,3380.0,2922900
2026-04-13 09:00:00,3370.0,3370.0,3370.0,3370.0,19751500
2026-04-13 09:05:00,3370.0,3370.0,3370.0,3370.0,949400
2026-04-13 09:10:00,3370.0,3370.0,3370.0,3370.0,227200
2026-04-14 02:00:00,3430.0,3440.0,3420.0,3420.0,0
2026-04-14 02:05:00,3450.0,3450.0,3420.0,3420.0,11757800
2026-04-14 02:10:00,3440.0,3450.0,3430.0,3450.0,9873400
2026-04-14 02:15:00,3450.0,3450.0,3430.0,3430.0,3501500
2026-04-14 02:20:00,3460.0,3460.0,3440.0,3440.0,5471600
2026-04-14 02:25:00,3470.0,3470.0,3450.0,3460.0,6452000
2026-04-14 02:30:00,3470.0,3480.0,3460.0,3460.0,12596600
2026-04-14 02:35:00,3460.0,3470.0,3460.0,3460.0,4075200
2026-04-14 02:40:00,3460.0,3470.0,3460.0,3470.0,1735600
2026-04-14 02:45:00,3460.0,3470.0,3450.0,3470.0,6412800
2026-04-14 02:50:00,3450.0,3460.0,3450.0,3460.0,2676200
2026-04-14 02:55:00,3460.0,3460.0,3450.0,3460.0,2044700
2026-04-14 03:00:00,3450.0,3460.0,3450.0,3460.0,1440600
2026-04-14 03:05:00,3470.0,3470.0,3460.0,3460.0,5018800
2026-04-14 03:10:00,3470.0,3470.0,3460.0,3460.0,2135800
2026-04-14 03:15:00,3480.0,3480.0,3460.0,3470.0,3978700
2026-04-14 03:20:00,3490.0,3490.0,3470.0,3480.0,7246400
2026-04-14 03:25:00,3490.0,3490.0,3480.0,3480.0,2976400
2026-04-14 03:30:00,3490.0,3490.0,3480.0,3490.0,1093300
2026-04-14 03:35:00,3490.0,3490.0,3480.0,3490.0,2150400
2026-04-14 03:40:00,3490.0,3490.0,3480.0,3490.0,2519700
2026-04-14 03:45:00,3480.0,3490.0,3480.0,3490.0,10792500
2026-04-14 03:50:00,3480.0,3490.0,3470.0,3480.0,6650600
2026-04-14 03:55:00,3480.0,3480.0,3470.0,3470.0,461700
2026-04-14 04:00:00,3480.0,3480.0,3470.0,3480.0,402300
2026-04-14 04:05:00,3480.0,3480.0,3470.0,3480.0,655800
2026-04-14 04:10:00,3470.0,3480.0,3470.0,3480.0,478100
2026-04-14 04:15:00,3470.0,3480.0,3470.0,3470.0,851900
2026-04-14 04:20:00,3470.0,3480.0,3470.0,3480.0,1307400
2026-04-14 04:25:00,3480.0,3480.0,3470.0,3480.0,3710300
2026-04-14 04:30:00,3470.0,3480.0,3470.0,3480.0,1774500
2026-04-14 04:35:00,3480.0,3480.0,3470.0,3480.0,1475100
2026-04-14 04:40:00,3480.0,3480.0,3470.0,3480.0,1130400
2026-04-14 04:45:00,3470.0,3480.0,3470.0,3480.0,2269700
2026-04-14 04:50:00,3460.0,3480.0,3460.0,3480.0,9495400
2026-04-14 04:55:00,3470.0,3470.0,3460.0,3460.0,1490000
2026-04-14 06:30:00,3480.0,3480.0,3460.0,3460.0,8136100
2026-04-14 06:35:00,3470.0,3480.0,3470.0,3470.0,1006800
2026-04-14 06:40:00,3480.0,3480.0,3470.0,3480.0,1606400
2026-04-14 06:45:00,3480.0,3480.0,3470.0,3480.0,733600
2026-04-14 06:50:00,3470.0,3480.0,3470.0,3480.0,1828300
2026-04-14 06:55:00,3480.0,3480.0,3470.0,3470.0,1449800
2026-04-14 07:00:00,3460.0,3480.0,3460.0,3480.0,16058000
2026-04-14 07:05:00,3470.0,3470.0,3460.0,3470.0,1550600
2026-04-14 07:10:00,3460.0,3470.0,3460.0,3470.0,2137300
2026-04-14 07:15:00,3460.0,3470.0,3460.0,3470.0,1194200
2026-04-14 07:20:00,3460.0,3470.0,3460.0,3460.0,1143500
2026-04-14 07:25:00,3470.0,3470.0,3460.0,3470.0,2438300
2026-04-14 07:30:00,3470.0,3470.0,3460.0,3470.0,1917100
2026-04-14 07:35:00,3470.0,3470.0,3460.0,3470.0,1512800
2026-04-14 07:40:00,3470.0,3470.0,3460.0,3460.0,2237500
2026-04-14 07:45:00,3470.0,3470.0,3460.0,3470.0,5453100
2026-04-14 07:50:00,3470.0,3470.0,3460.0,3470.0,1996200
2026-04-14 07:55:00,3470.0,3470.0,3460.0,3470.0,2832000
2026-04-14 08:00:00,3470.0,3470.0,3460.0,3470.0,1014600
2026-04-14 08:05:00,3460.0,3470.0,3460.0,3470.0,883400
2026-04-14 08:10:00,3470.0,3470.0,3460.0,3470.0,2084400
2026-04-14 08:15:00,3460.0,3470.0,3460.0,3470.0,2439900
2026-04-14 08:20:00,3460.0,3470.0,3460.0,3460.0,3226100
2026-04-14 08:25:00,3470.0,3470.0,3460.0,3460.0,2150100
2026-04-14 08:30:00,3470.0,3470.0,3460.0,3470.0,3469600
2026-04-14 08:35:00,3470.0,3470.0,3460.0,3460.0,5121100
2026-04-14 08:40:00,3460.0,3470.0,3460.0,3470.0,4880200
2026-04-14 08:45:00,3470.0,3470.0,3460.0,3460.0,15852900
2026-04-14 09:00:00,3460.0,3460.0,3460.0,3460.0,22871500
2026-04-14 09:05:00,3460.0,3460.0,3460.0,3460.0,119500
2026-04-14 09:10:00,3460.0,3460.0,3460.0,3460.0,44500
2026-04-15 02:00:00,3480.0,3510.0,3470.0,3510.0,0
2026-04-15 02:05:00,3490.0,3490.0,3470.0,3480.0,6525000
2026-04-15 02:10:00,3490.0,3490.0,3480.0,3490.0,3095700
2026-04-15 02:15:00,3470.0,3490.0,3470.0,3490.0,13578200
2026-04-15 02:20:00,3460.0,3480.0,3460.0,3480.0,7768900
2026-04-15 02:25:00,3460.0,3470.0,3460.0,3470.0,1719500
2026-04-15 02:30:00,3450.0,3470.0,3450.0,3470.0,12379600
2026-04-15 02:35:00,3450.0,3460.0,3430.0,3460.0,21898700
2026-04-15 02:40:00,3460.0,3460.0,3440.0,3450.0,2195700
2026-04-15 02:45:00,3460.0,3460.0,3450.0,3460.0,2768600
2026-04-15 02:50:00,3440.0,3460.0,3430.0,3460.0,6793400
2026-04-15 02:55:00,3440.0,3440.0,3430.0,3440.0,1274900
2026-04-15 03:00:00,3440.0,3440.0,3430.0,3440.0,780400
2026-04-15 03:05:00,3440.0,3440.0,3430.0,3440.0,1945200
2026-04-15 03:10:00,3440.0,3440.0,3430.0,3440.0,798500
2026-04-15 03:15:00,3440.0,3440.0,3430.0,3440.0,1070800
2026-04-15 03:20:00,3450.0,3450.0,3430.0,3440.0,3096500
2026-04-15 03:25:00,3450.0,3450.0,3440.0,3450.0,1056800
2026-04-15 03:30:00,3440.0,3450.0,3440.0,3450.0,1253500
2026-04-15 03:35:00,3450.0,3450.0,3440.0,3450.0,1429600
2026-04-15 03:40:00,3450.0,3450.0,3440.0,3450.0,536600
2026-04-15 03:45:00,3450.0,3450.0,3440.0,3450.0,3248600
2026-04-15 03:50:00,3450.0,3450.0,3440.0,3450.0,1345300
2026-04-15 03:55:00,3450.0,3450.0,3440.0,3450.0,1112600
2026-04-15 04:00:00,3450.0,3450.0,3440.0,3450.0,756300
2026-04-15 04:05:00,3450.0,3450.0,3440.0,3450.0,1895000
2026-04-15 04:10:00,3450.0,3460.0,3440.0,3450.0,3389600
2026-04-15 04:15:00,3450.0,3460.0,3440.0,3450.0,932100
2026-04-15 04:20:00,3460.0,3460.0,3450.0,3460.0,227200
2026-04-15 04:25:00,3450.0,3460.0,3450.0,3450.0,451300
2026-04-15 04:30:00,3460.0,3460.0,3450.0,3450.0,191300
2026-04-15 04:35:00,3460.0,3460.0,3450.0,3460.0,1232700
2026-04-15 04:40:00,3460.0,3460.0,3450.0,3460.0,1118700
2026-04-15 04:45:00,3460.0,3460.0,3450.0,3460.0,297600
2026-04-15 04:50:00,3460.0,3460.0,3450.0,3460.0,873600
2026-04-15 04:55:00,3450.0,3460.0,3450.0,3450.0,1580300
2026-04-15 06:30:00,3440.0,3460.0,3440.0,3460.0,11727500
2026-04-15 06:35:00,3450.0,3450.0,3440.0,3450.0,2028800
2026-04-15 06:40:00,3440.0,3450.0,3440.0,3450.0,770000
2026-04-15 06:45:00,3450.0,3450.0,3440.0,3450.0,688200
2026-04-15 06:50:00,3450.0,3460.0,3440.0,3440.0,14031800
2026-04-15 06:55:00,3440.0,3450.0,3440.0,3450.0,5808800
2026-04-15 07:00:00,3450.0,3450.0,3440.0,3450.0,578100
2026-04-15 07:05:00,3450.0,3450.0,3440.0,3450.0,1621300
2026-04-15 07:10:00,3450.0,3450.0,3440.0,3440.0,1048200
2026-04-15 07:15:00,3450.0,3450.0,3440.0,3450.0,745100
2026-04-15 07:20:00,3450.0,3450.0,3440.0,3440.0,496600
2026-04-15 07:25:00,3440.0,3450.0,3440.0,3450.0,627000
2026-04-15 07:30:00,3450.0,3450.0,3440.0,3450.0,2579200
2026-04-15 07:35:00,3450.0,3450.0,3440.0,3450.0,3444800
2026-04-15 07:40:00,3450.0,3450.0,3440.0,3440.0,1914100
2026-04-15 07:45:00,3440.0,3450.0,3430.0,3450.0,11726500
2026-04-15 07:50:00,3430.0,3440.0,3430.0,3440.0,4896400
2026-04-15 07:55:00,3440.0,3440.0,3430.0,3440.0,3213300
2026-04-15 08:00:00,3430.0,3440.0,3430.0,3430.0,8172500
2026-04-15 08:05:00,3430.0,3440.0,3420.0,3430.0,4232800
2026-04-15 08:10:00,3410.0,3430.0,3400.0,3420.0,25225000
2026-04-15 08:15:00,3420.0,3420.0,3400.0,3400.0,10609400
2026-04-15 08:20:00,3420.0,3420.0,3410.0,3410.0,1245500
2026-04-15 08:25:00,3420.0,3420.0,3410.0,3420.0,877300
2026-04-15 08:30:00,3420.0,3420.0,3410.0,3420.0,923000
2026-04-15 08:35:00,3410.0,3420.0,3410.0,3420.0,4834200
2026-04-15 08:40:00,3410.0,3420.0,3400.0,3410.0,9516300
2026-04-15 08:45:00,3410.0,3410.0,3400.0,3410.0,7365000
2026-04-15 09:00:00,3400.0,3400.0,3400.0,3400.0,42506700
2026-04-15 09:05:00,3400.0,3400.0,3400.0,3400.0,1021900
2026-04-15 09:10:00,3400.0,3400.0,3400.0,3400.0,4451200
2026-04-16 02:00:00,3410.0,3420.0,3390.0,3410.0,0
2026-04-16 02:05:00,3410.0,3430.0,3400.0,3420.0,13950600
2026-04-16 02:10:00,3420.0,3420.0,3400.0,3410.0,4707400
2026-04-16 02:15:00,3430.0,3430.0,3410.0,3420.0,3586800
2026-04-16 02:20:00,3430.0,3430.0,3420.0,3430.0,1837500
2026-04-16 02:25:00,3430.0,3430.0,3420.0,3420.0,1322000
2026-04-16 02:30:00,3420.0,3430.0,3410.0,3430.0,10494300
2026-04-16 02:35:00,3410.0,3420.0,3410.0,3420.0,1167000
2026-04-16 02:40:00,3420.0,3420.0,3410.0,3410.0,2526700
2026-04-16 02:45:00,3410.0,3420.0,3410.0,3410.0,2365300
2026-04-16 02:50:00,3420.0,3420.0,3410.0,3410.0,1263300
2026-04-16 02:55:00,3420.0,3420.0,3410.0,3420.0,1917100
2026-04-16 03:00:00,3420.0,3420.0,3410.0,3420.0,1810300
2026-04-16 03:05:00,3410.0,3420.0,3410.0,3420.0,2299200
2026-04-16 03:10:00,3420.0,3420.0,3410.0,3410.0,1401200
2026-04-16 03:15:00,3410.0,3420.0,3410.0,3420.0,5966700
2026-04-16 03:20:00,3410.0,3420.0,3410.0,3420.0,919300
2026-04-16 03:25:00,3420.0,3420.0,3410.0,3420.0,2098900
2026-04-16 03:30:00,3410.0,3420.0,3410.0,3410.0,1072700
2026-04-16 03:35:00,3410.0,3420.0,3410.0,3410.0,971300
2026-04-16 03:40:00,3420.0,3420.0,3410.0,3420.0,1621800
2026-04-16 03:45:00,3410.0,3420.0,3410.0,3410.0,852600
2026-04-16 03:50:00,3410.0,3420.0,3410.0,3410.0,2425400
2026-04-16 03:55:00,3410.0,3420.0,3410.0,3420.0,990900
2026-04-16 04:00:00,3400.0,3420.0,3400.0,3420.0,7647300
2026-04-16 04:05:00,3400.0,3410.0,3400.0,3410.0,1074400
2026-04-16 04:10:00,3410.0,3410.0,3400.0,3410.0,590300
2026-04-16 04:15:00,3410.0,3410.0,3400.0,3410.0,440600
2026-04-16 04:20:00,3410.0,3410.0,3400.0,3410.0,569100
2026-04-16 04:25:00,3410.0,3410.0,3400.0,3410.0,582900
2026-04-16 04:30:00,3410.0,3410.0,3400.0,3410.0,521900
2026-04-16 04:35:00,3410.0,3410.0,3400.0,3410.0,895700
2026-04-16 04:40:00,3410.0,3410.0,3400.0,3410.0,586100
2026-04-16 04:45:00,3410.0,3410.0,3400.0,3410.0,1444300
2026-04-16 04:50:00,3410.0,3410.0,3400.0,3410.0,2333400
2026-04-16 04:55:00,3410.0,3410.0,3400.0,3410.0,2956300
2026-04-16 06:30:00,3410.0,3410.0,3400.0,3410.0,5534100
2026-04-16 06:35:00,3410.0,3410.0,3400.0,3410.0,823900
2026-04-16 06:40:00,3410.0,3410.0,3400.0,3410.0,696200
2026-04-16 06:45:00,3410.0,3410.0,3400.0,3410.0,2389300
2026-04-16 06:50:00,3410.0,3410.0,3400.0,3410.0,1356200
2026-04-16 06:55:00,3410.0,3410.0,3400.0,3410.0,852100
2026-04-16 07:00:00,3410.0,3410.0,3400.0,3410.0,3986300
2026-04-16 07:05:00,3410.0,3420.0,3400.0,3410.0,4250200
2026-04-16 07:10:00,3420.0,3420.0,3410.0,3410.0,817400
2026-04-16 07:15:00,3420.0,3420.0,3410.0,3420.0,1251100
2026-04-16 07:20:00,3410.0,3420.0,3400.0,3420.0,6616100
2026-04-16 07:25:00,3410.0,3410.0,3400.0,3410.0,1712000
2026-04-16 07:30:00,3410.0,3410.0,3400.0,3410.0,724400
2026-04-16 07:35:00,3400.0,3410.0,3400.0,3400.0,648800
2026-04-16 07:40:00,3390.0,3410.0,3390.0,3410.0,21350100
2026-04-16 07:45:00,3390.0,3400.0,3390.0,3400.0,1592600
2026-04-16 07:50:00,3400.0,3400.0,3390.0,3400.0,1596100
2026-04-16 07:55:00,3390.0,3400.0,3390.0,3400.0,3176100
2026-04-16 08:00:00,3380.0,3400.0,3380.0,3400.0,8202800
2026-04-16 08:05:00,3380.0,3390.0,3380.0,3390.0,1139700
2026-04-16 08:10:00,3390.0,3390.0,3380.0,3390.0,2171400
2026-04-16 08:15:00,3400.0,3400.0,3380.0,3390.0,5266100
2026-04-16 08:20:00,3400.0,3400.0,3390.0,3400.0,1582300
2026-04-16 08:25:00,3400.0,3400.0,3390.0,3400.0,1404500
2026-04-16 08:30:00,3400.0,3400.0,3390.0,3400.0,2536200
2026-04-16 08:35:00,3400.0,3400.0,3390.0,3400.0,1888800
2026-04-16 08:40:00,3410.0,3410.0,3390.0,3400.0,4293000
2026-04-16 08:45:00,3400.0,3410.0,3400.0,3410.0,4515300
2026-04-16 09:00:00,3410.0,3410.0,3410.0,3410.0,22444000
2026-04-16 09:05:00,3410.0,3410.0,3410.0,3410.0,1729800
2026-04-16 09:10:00,3410.0,3410.0,3410.0,3410.0,2332800
2026-04-17 02:00:00,3430.0,3440.0,3410.0,3420.0,0
2026-04-17 02:05:00,3420.0,3430.0,3410.0,3420.0,8060000
2026-04-17 02:10:00,3410.0,3420.0,3410.0,3420.0,3358400
2026-04-17 02:15:00,3420.0,3420.0,3410.0,3410.0,2125600
2026-04-17 02:20:00,3410.0,3420.0,3410.0,3420.0,2234000
2026-04-17 02:25:00,3420.0,3420.0,3410.0,3420.0,1673100
2026-04-17 02:30:00,3420.0,3420.0,3410.0,3420.0,1033800
2026-04-17 02:35:00,3420.0,3420.0,3410.0,3420.0,1447100
2026-04-17 02:40:00,3430.0,3430.0,3410.0,3420.0,5847900
2026-04-17 02:45:00,3430.0,3430.0,3420.0,3430.0,1108600
2026-04-17 02:50:00,3430.0,3430.0,3420.0,3430.0,1824600
2026-04-17 02:55:00,3420.0,3430.0,3420.0,3430.0,881800
2026-04-17 03:00:00,3420.0,3430.0,3420.0,3430.0,1466800
2026-04-17 03:05:00,3420.0,3430.0,3420.0,3430.0,1722100
2026-04-17 03:10:00,3430.0,3430.0,3420.0,3430.0,2425100
2026-04-17 03:15:00,3430.0,3430.0,3420.0,3430.0,2333800
2026-04-17 03:20:00,3430.0,3430.0,3420.0,3420.0,1282100
2026-04-17 03:25:00,3430.0,3430.0,3420.0,3430.0,2109700
2026-04-17 03:30:00,3430.0,3430.0,3420.0,3430.0,758100
2026-04-17 03:35:00,3430.0,3430.0,3420.0,3420.0,1014400
2026-04-17 03:40:00,3420.0,3430.0,3420.0,3420.0,2648200
2026-04-17 03:45:00,3420.0,3430.0,3420.0,3430.0,845500
2026-04-17 03:50:00,3430.0,3430.0,3420.0,3420.0,1649100
2026-04-17 03:55:00,3430.0,3430.0,3420.0,3430.0,1061300
2026-04-17 04:00:00,3420.0,3430.0,3420.0,3430.0,1940100
2026-04-17 04:05:00,3420.0,3430.0,3420.0,3430.0,1607100
2026-04-17 04:10:00,3420.0,3430.0,3420.0,3420.0,387500
2026-04-17 04:15:00,3430.0,3430.0,3420.0,3430.0,1245500
2026-04-17 04:20:00,3430.0,3430.0,3420.0,3430.0,4191200
2026-04-17 04:25:00,3430.0,3430.0,3420.0,3430.0,1503400
2026-04-17 07:00:00,3420.0,3430.0,3420.0,3430.0,8857400
2026-04-17 07:05:00,3430.0,3430.0,3420.0,3430.0,1280300
2026-04-17 07:10:00,3420.0,3430.0,3420.0,3430.0,1952400
2026-04-17 07:15:00,3420.0,3430.0,3420.0,3430.0,4523000
2026-04-17 07:20:00,3430.0,3430.0,3420.0,3430.0,2527300
2026-04-17 07:25:00,3430.0,3430.0,3420.0,3430.0,2280000
2026-04-17 07:30:00,3430.0,3430.0,3420.0,3420.0,2882900
2026-04-17 07:35:00,3430.0,3430.0,3420.0,3420.0,3851600
2026-04-17 07:40:00,3430.0,3430.0,3420.0,3430.0,3835900
2026-04-17 07:45:00,3430.0,3430.0,3420.0,3430.0,2833100
2026-04-17 07:50:00,3430.0,3430.0,3420.0,3430.0,1654300
2026-04-17 07:55:00,3430.0,3430.0,3420.0,3430.0,1360300
2026-04-17 08:00:00,3430.0,3430.0,3420.0,3430.0,1603300
2026-04-17 08:05:00,3420.0,3430.0,3420.0,3420.0,10764800
2026-04-17 08:10:00,3440.0,3440.0,3420.0,3430.0,9678000
2026-04-17 08:15:00,3440.0,3440.0,3430.0,3430.0,1338800
2026-04-17 08:20:00,3440.0,3440.0,3430.0,3440.0,2227300
2026-04-17 08:25:00,3440.0,3440.0,3430.0,3440.0,2884900
2026-04-17 08:30:00,3440.0,3450.0,3430.0,3440.0,14469000
2026-04-17 08:35:00,3440.0,3440.0,3430.0,3440.0,5223400
2026-04-17 08:40:00,3440.0,3450.0,3430.0,3430.0,9528200
2026-04-17 08:45:00,3430.0,3450.0,3430.0,3440.0,6787700
2026-04-17 09:00:00,3430.0,3430.0,3430.0,3430.0,31605700
2026-04-17 09:05:00,3430.0,3430.0,3430.0,3430.0,1272800
2026-04-17 09:10:00,3430.0,3430.0,3430.0,3430.0,541100
2026-04-20 02:00:00,3440.0,3460.0,3430.0,3440.0,0
2026-04-20 02:05:00,3430.0,3440.0,3430.0,3430.0,4206900
2026-04-20 02:10:00,3440.0,3440.0,3420.0,3430.0,19380400
2026-04-20 02:15:00,3430.0,3450.0,3430.0,3440.0,4988200
2026-04-20 02:20:00,3450.0,3450.0,3440.0,3440.0,4646600
2026-04-20 02:25:00,3450.0,3450.0,3440.0,3450.0,1300300
2026-04-20 02:30:00,3450.0,3450.0,3440.0,3450.0,3791600
2026-04-20 02:35:00,3450.0,3450.0,3440.0,3450.0,2349200
2026-04-20 02:40:00,3450.0,3450.0,3440.0,3450.0,1644700
2026-04-20 02:45:00,3440.0,3450.0,3440.0,3450.0,1094800
2026-04-20 02:50:00,3450.0,3450.0,3440.0,3440.0,2486600
2026-04-20 02:55:00,3450.0,3450.0,3440.0,3450.0,1573300
2026-04-20 03:00:00,3450.0,3450.0,3440.0,3440.0,4446900
2026-04-20 03:05:00,3470.0,3470.0,3440.0,3450.0,13333900
2026-04-20 03:10:00,3460.0,3470.0,3450.0,3470.0,2714400
2026-04-20 03:15:00,3460.0,3460.0,3450.0,3460.0,2300100
2026-04-20 03:20:00,3460.0,3460.0,3450.0,3460.0,2080200
2026-04-20 03:25:00,3460.0,3460.0,3450.0,3450.0,2166700
2026-04-20 03:30:00,3460.0,3460.0,3450.0,3460.0,856600
2026-04-20 03:35:00,3460.0,3460.0,3450.0,3460.0,4082700
2026-04-20 03:40:00,3460.0,3460.0,3450.0,3460.0,1210500
2026-04-20 03:45:00,3460.0,3460.0,3450.0,3460.0,2392400
2026-04-20 03:50:00,3460.0,3460.0,3450.0,3450.0,2320200
2026-04-20 03:55:00,3450.0,3460.0,3450.0,3460.0,1389500
2026-04-20 04:00:00,3460.0,3460.0,3450.0,3450.0,1679200
2026-04-20 04:05:00,3450.0,3460.0,3450.0,3460.0,3220500
2026-04-20 04:10:00,3460.0,3460.0,3450.0,3460.0,590200
2026-04-20 04:15:00,3460.0,3460.0,3450.0,3460.0,1794200
2026-04-20 04:20:00,3460.0,3460.0,3450.0,3460.0,2543000
2026-04-20 04:25:00,3460.0,3460.0,3450.0,3460.0,563600
2026-04-20 09:10:00,3440.0,3440.0,3440.0,3440.0,235978000
2026-04-21 02:00:00,3280.0,3300.0,3230.0,3250.0,0
2026-04-21 02:05:00,3270.0,3290.0,3270.0,3290.0,12384200
2026-04-21 02:10:00,3280.0,3290.0,3270.0,3280.0,11984300
2026-04-21 02:15:00,3270.0,3290.0,3260.0,3280.0,17203700
2026-04-21 02:20:00,3280.0,3280.0,3260.0,3270.0,5743800
2026-04-21 02:25:00,3270.0,3280.0,3270.0,3280.0,4483600
2026-04-21 02:30:00,3280.0,3280.0,3270.0,3280.0,10472000
2026-04-21 02:35:00,3280.0,3290.0,3270.0,3280.0,7108300
2026-04-21 02:40:00,3280.0,3290.0,3270.0,3280.0,4608200
2026-04-21 02:45:00,3280.0,3280.0,3270.0,3280.0,3890600
2026-04-21 02:50:00,3280.0,3280.0,3270.0,3280.0,3853000
2026-04-21 02:55:00,3280.0,3280.0,3270.0,3280.0,1937400
2026-04-21 03:00:00,3280.0,3280.0,3270.0,3270.0,6432800
2026-04-21 03:05:00,3280.0,3280.0,3270.0,3280.0,2445000
2026-04-21 03:10:00,3280.0,3280.0,3270.0,3270.0,2549500
2026-04-21 03:15:00,3280.0,3280.0,3270.0,3280.0,2428000
2026-04-21 03:20:00,3280.0,3280.0,3270.0,3280.0,2519300
2026-04-21 03:25:00,3280.0,3280.0,3270.0,3280.0,12190400
2026-04-21 03:30:00,3260.0,3280.0,3260.0,3270.0,4174100
2026-04-21 03:35:00,3270.0,3270.0,3260.0,3260.0,1682600
2026-04-21 03:40:00,3270.0,3270.0,3260.0,3270.0,2193600
2026-04-21 03:45:00,3270.0,3270.0,3260.0,3270.0,7077200
2026-04-21 03:50:00,3270.0,3270.0,3260.0,3260.0,6658500
2026-04-21 03:55:00,3270.0,3270.0,3260.0,3270.0,1500700
2026-04-21 04:00:00,3270.0,3270.0,3260.0,3270.0,17885600
2026-04-21 04:05:00,3270.0,3270.0,3260.0,3270.0,2512900
2026-04-21 04:10:00,3260.0,3270.0,3260.0,3260.0,1857100
2026-04-21 04:15:00,3270.0,3270.0,3260.0,3260.0,2145000
2026-04-21 04:20:00,3260.0,3270.0,3260.0,3270.0,1766000
2026-04-21 04:25:00,3270.0,3270.0,3260.0,3270.0,1168700
2026-04-21 04:30:00,3270.0,3270.0,3260.0,3270.0,1187100
2026-04-21 04:35:00,3270.0,3270.0,3260.0,3270.0,1205600
2026-04-21 04:40:00,3270.0,3270.0,3260.0,3270.0,2039300
2026-04-21 04:45:00,3270.0,3270.0,3260.0,3270.0,1252000
2026-04-21 04:50:00,3270.0,3270.0,3260.0,3260.0,1789700
2026-04-21 04:55:00,3270.0,3270.0,3260.0,3270.0,1650500
2026-04-21 06:30:00,3270.0,3270.0,3260.0,3270.0,4881000
2026-04-21 06:35:00,3260.0,3270.0,3260.0,3270.0,2497200
2026-04-21 06:40:00,3270.0,3270.0,3260.0,3270.0,1081400
2026-04-21 06:45:00,3270.0,3270.0,3260.0,3270.0,2214200
2026-04-21 06:50:00,3270.0,3270.0,3260.0,3270.0,2992500
2026-04-21 06:55:00,3270.0,3270.0,3260.0,3270.0,1919900
2026-04-21 07:00:00,3270.0,3270.0,3260.0,3260.0,3022500
2026-04-21 07:05:00,3270.0,3270.0,3260.0,3270.0,1835900
2026-04-21 07:10:00,3270.0,3270.0,3260.0,3260.0,2249600
2026-04-21 07:15:00,3270.0,3270.0,3260.0,3270.0,1870500
2026-04-21 07:20:00,3270.0,3270.0,3260.0,3270.0,1535800
2026-04-21 07:25:00,3270.0,3270.0,3260.0,3270.0,1636500
2026-04-21 07:30:00,3270.0,3270.0,3260.0,3260.0,2293200
2026-04-21 07:35:00,3270.0,3270.0,3260.0,3260.0,2133600
2026-04-21 07:40:00,3270.0,3270.0,3260.0,3270.0,1853000
2026-04-21 07:45:00,3270.0,3270.0,3260.0,3270.0,2505000
2026-04-21 07:50:00,3270.0,3270.0,3260.0,3270.0,1579700
2026-04-21 07:55:00,3270.0,3270.0,3260.0,3260.0,2158000
2026-04-21 08:00:00,3270.0,3270.0,3260.0,3270.0,5229800
2026-04-21 08:05:00,3270.0,3270.0,3260.0,3270.0,4057500
2026-04-21 08:10:00,3270.0,3270.0,3260.0,3260.0,3811200
2026-04-21 08:15:00,3270.0,3270.0,3260.0,3270.0,2963800
2026-04-21 08:20:00,3270.0,3270.0,3260.0,3270.0,3833300
2026-04-21 08:25:00,3270.0,3270.0,3260.0,3270.0,3194700
2026-04-21 08:30:00,3270.0,3270.0,3260.0,3260.0,2856000
2026-04-21 08:35:00,3270.0,3270.0,3260.0,3260.0,5464000
2026-04-21 08:40:00,3270.0,3270.0,3260.0,3260.0,14318800
2026-04-21 08:45:00,3270.0,3270.0,3260.0,3270.0,13406900
2026-04-21 09:00:00,3270.0,3270.0,3270.0,3270.0,29923100
2026-04-21 09:05:00,3270.0,3270.0,3270.0,3270.0,1239400
2026-04-21 09:10:00,3270.0,3270.0,3270.0,3270.0,732000
2026-04-22 02:00:00,3260.0,3280.0,3250.0,3260.0,0
2026-04-22 02:05:00,3260.0,3270.0,3250.0,3260.0,7384300
2026-04-22 02:10:00,3260.0,3270.0,3250.0,3260.0,4802400
2026-04-22 02:15:00,3270.0,3270.0,3260.0,3270.0,1874200
2026-04-22 02:20:00,3270.0,3270.0,3260.0,3270.0,1567000
2026-04-22 02:25:00,3270.0,3270.0,3260.0,3260.0,1155800
2026-04-22 02:30:00,3270.0,3270.0,3260.0,3270.0,3815000
2026-04-22 02:35:00,3260.0,3270.0,3260.0,3270.0,1006200
2026-04-22 02:40:00,3270.0,3270.0,3260.0,3270.0,1704600
2026-04-22 02:45:00,3260.0,3270.0,3260.0,3270.0,1890900
2026-04-22 02:50:00,3260.0,3270.0,3260.0,3270.0,1021700
2026-04-22 02:55:00,3270.0,3270.0,3260.0,3260.0,1921800
2026-04-22 03:00:00,3270.0,3270.0,3260.0,3270.0,1394700
2026-04-22 03:05:00,3270.0,3270.0,3260.0,3270.0,2488400
2026-04-22 03:10:00,3270.0,3270.0,3260.0,3270.0,809900
2026-04-22 03:15:00,3260.0,3270.0,3260.0,3270.0,2341000
2026-04-22 03:20:00,3270.0,3270.0,3260.0,3270.0,1528600
2026-04-22 03:25:00,3260.0,3270.0,3260.0,3260.0,6706200
2026-04-22 03:30:00,3270.0,3270.0,3260.0,3270.0,1876500
2026-04-22 03:35:00,3260.0,3270.0,3250.0,3270.0,5707100
2026-04-22 03:40:00,3260.0,3270.0,3250.0,3260.0,4906600
2026-04-22 03:45:00,3260.0,3270.0,3260.0,3260.0,1317700
2026-04-22 03:50:00,3260.0,3270.0,3250.0,3260.0,2442700
2026-04-22 03:55:00,3260.0,3270.0,3250.0,3260.0,4283800
2026-04-22 04:00:00,3260.0,3270.0,3250.0,3260.0,1896800
2026-04-22 04:05:00,3260.0,3260.0,3250.0,3260.0,1028900
2026-04-22 04:10:00,3260.0,3260.0,3250.0,3260.0,718500
2026-04-22 04:15:00,3260.0,3260.0,3250.0,3250.0,1079200
2026-04-22 04:20:00,3260.0,3260.0,3250.0,3260.0,454200
2026-04-22 04:25:00,3260.0,3260.0,3250.0,3260.0,871500
2026-04-22 04:30:00,3250.0,3260.0,3250.0,3260.0,815100
2026-04-22 04:35:00,3260.0,3260.0,3250.0,3260.0,1048600
2026-04-22 04:40:00,3260.0,3260.0,3250.0,3260.0,732000
2026-04-22 04:45:00,3260.0,3260.0,3250.0,3260.0,1627900
2026-04-22 04:50:00,3260.0,3260.0,3250.0,3260.0,1208600
2026-04-22 04:55:00,3260.0,3260.0,3250.0,3260.0,889600
2026-04-22 06:30:00,3260.0,3260.0,3250.0,3260.0,4281800
2026-04-22 06:35:00,3260.0,3260.0,3250.0,3250.0,642300
2026-04-22 06:40:00,3260.0,3260.0,3250.0,3250.0,1913900
2026-04-22 06:45:00,3260.0,3260.0,3250.0,3260.0,1254300
2026-04-22 06:50:00,3260.0,3260.0,3250.0,3260.0,1232700
2026-04-22 06:55:00,3250.0,3260.0,3250.0,3260.0,1109800
2026-04-22 07:00:00,3260.0,3260.0,3250.0,3260.0,2277000
2026-04-22 07:05:00,3260.0,3260.0,3250.0,3260.0,1232000
2026-04-22 07:10:00,3260.0,3260.0,3250.0,3250.0,1443500
2026-04-22 07:15:00,3260.0,3260.0,3250.0,3260.0,1552300
2026-04-22 07:20:00,3260.0,3260.0,3250.0,3260.0,883300
2026-04-22 07:25:00,3250.0,3260.0,3250.0,3260.0,1102500
2026-04-22 07:30:00,3260.0,3260.0,3250.0,3260.0,1939600
2026-04-22 07:35:00,3260.0,3260.0,3250.0,3260.0,2984100
2026-04-22 07:40:00,3260.0,3260.0,3250.0,3260.0,1855900
2026-04-22 07:45:00,3250.0,3260.0,3250.0,3260.0,1505500
2026-04-22 07:50:00,3260.0,3260.0,3250.0,3260.0,2498500
2026-04-22 07:55:00,3250.0,3260.0,3250.0,3260.0,3293800
2026-04-22 08:00:00,3260.0,3260.0,3250.0,3260.0,1635500
2026-04-22 08:05:00,3260.0,3260.0,3250.0,3260.0,1476900
2026-04-22 08:10:00,3260.0,3260.0,3250.0,3250.0,2779800
2026-04-22 08:15:00,3260.0,3260.0,3250.0,3260.0,2658800
2026-04-22 08:20:00,3250.0,3260.0,3250.0,3260.0,2351800
2026-04-22 08:25:00,3260.0,3260.0,3250.0,3260.0,4263300
2026-04-22 08:30:00,3250.0,3260.0,3250.0,3260.0,18324000
2026-04-22 08:35:00,3250.0,3260.0,3250.0,3250.0,4387400
2026-04-22 08:40:00,3250.0,3260.0,3250.0,3250.0,7999900
2026-04-22 08:45:00,3250.0,3260.0,3240.0,3250.0,10233200
2026-04-22 09:00:00,3240.0,3240.0,3240.0,3240.0,26179500
2026-04-22 09:05:00,3240.0,3240.0,3240.0,3240.0,868200
2026-04-22 09:10:00,3240.0,3240.0,3240.0,3240.0,84100
2026-04-23 02:00:00,3260.0,3260.0,3240.0,3250.0,0
2026-04-23 02:05:00,3260.0,3270.0,3250.0,3260.0,9307900
2026-04-23 02:10:00,3250.0,3260.0,3240.0,3260.0,7133600
2026-04-23 02:15:00,3240.0,3250.0,3240.0,3250.0,3654400
2026-04-23 02:20:00,3250.0,3250.0,3240.0,3240.0,1135900
2026-04-23 02:25:00,3250.0,3250.0,3240.0,3250.0,887800
2026-04-23 02:30:00,3250.0,3250.0,3240.0,3240.0,1236700
2026-04-23 02:35:00,3250.0,3250.0,3240.0,3250.0,1910000
2026-04-23 02:40:00,3230.0,3250.0,3230.0,3250.0,17229500
2026-04-23 02:45:00,3230.0,3240.0,3220.0,3240.0,12707300
2026-04-23 02:50:00,3220.0,3230.0,3220.0,3230.0,2145700
2026-04-23 02:55:00,3220.0,3230.0,3220.0,3220.0,962800
2026-04-23 03:00:00,3230.0,3230.0,3220.0,3230.0,3065800
2026-04-23 03:05:00,3230.0,3230.0,3220.0,3220.0,1572600
2026-04-23 03:10:00,3230.0,3230.0,3220.0,3230.0,1401800
2026-04-23 03:15:00,3230.0,3230.0,3220.0,3230.0,3733200
2026-04-23 03:20:00,3220.0,3230.0,3210.0,3230.0,11283500
2026-04-23 03:25:00,3220.0,3220.0,3210.0,3210.0,2513600
2026-04-23 03:30:00,3210.0,3220.0,3210.0,3220.0,2944600
2026-04-23 03:35:00,3210.0,3220.0,3210.0,3210.0,2648300
2026-04-23 03:40:00,3210.0,3220.0,3210.0,3220.0,1753000
2026-04-23 03:45:00,3220.0,3220.0,3210.0,3220.0,11105000
2026-04-23 03:50:00,3220.0,3220.0,3200.0,3210.0,3729200
2026-04-23 03:55:00,3220.0,3220.0,3210.0,3210.0,1378100
2026-04-23 04:00:00,3210.0,3220.0,3210.0,3210.0,2462100
2026-04-23 04:05:00,3220.0,3220.0,3210.0,3210.0,4975000
2026-04-23 04:10:00,3220.0,3220.0,3210.0,3210.0,846500
2026-04-23 04:15:00,3220.0,3220.0,3210.0,3220.0,1176900
2026-04-23 04:20:00,3210.0,3220.0,3210.0,3210.0,684700
2026-04-23 04:25:00,3220.0,3220.0,3210.0,3220.0,1324500
2026-04-23 04:30:00,3210.0,3220.0,3210.0,3220.0,2299200
2026-04-23 04:35:00,3220.0,3220.0,3210.0,3210.0,2310700
2026-04-23 04:40:00,3220.0,3220.0,3200.0,3220.0,3697900
2026-04-23 04:45:00,3210.0,3220.0,3210.0,3220.0,513200
2026-04-23 04:50:00,3210.0,3220.0,3200.0,3210.0,2194100
2026-04-23 04:55:00,3210.0,3210.0,3200.0,3210.0,1554600
2026-04-23 06:30:00,3210.0,3210.0,3200.0,3210.0,5149800
2026-04-23 06:35:00,3200.0,3210.0,3200.0,3210.0,4233100
2026-04-23 06:40:00,3220.0,3220.0,3200.0,3210.0,3656400
2026-04-23 06:45:00,3210.0,3220.0,3210.0,3220.0,1266800
2026-04-23 06:50:00,3210.0,3220.0,3210.0,3220.0,1280200
2026-04-23 06:55:00,3210.0,3220.0,3210.0,3210.0,2166800
2026-04-23 07:00:00,3210.0,3220.0,3200.0,3210.0,4203000
2026-04-23 07:05:00,3210.0,3210.0,3200.0,3200.0,2073200
2026-04-23 07:10:00,3210.0,3210.0,3200.0,3200.0,913300
2026-04-23 07:15:00,3190.0,3210.0,3180.0,3210.0,57796600
2026-04-23 07:20:00,3190.0,3190.0,3180.0,3190.0,3337600
2026-04-23 07:25:00,3190.0,3190.0,3180.0,3190.0,1674300
2026-04-23 07:30:00,3190.0,3190.0,3180.0,3190.0,1530200
2026-04-23 07:35:00,3190.0,3190.0,3180.0,3180.0,3647400
2026-04-23 07:40:00,3180.0,3190.0,3180.0,3190.0,2802800
2026-04-23 07:45:00,3170.0,3190.0,3170.0,3180.0,7633100
2026-04-23 07:50:00,3170.0,3180.0,3170.0,3180.0,4054400
2026-04-23 07:55:00,3180.0,3180.0,3170.0,3180.0,3581400
2026-04-23 08:00:00,3170.0,3180.0,3170.0,3170.0,3913700
2026-04-23 08:05:00,3180.0,3180.0,3170.0,3170.0,4911700
2026-04-23 08:10:00,3170.0,3180.0,3160.0,3180.0,5848100
2026-04-23 08:15:00,3170.0,3170.0,3160.0,3170.0,4132000
2026-04-23 08:20:00,3170.0,3170.0,3160.0,3170.0,6105700
2026-04-23 08:25:00,3170.0,3170.0,3160.0,3170.0,3680400
2026-04-23 08:30:00,3160.0,3170.0,3160.0,3170.0,3967700
2026-04-23 08:35:00,3160.0,3170.0,3160.0,3170.0,5909900
2026-04-23 08:40:00,3160.0,3170.0,3150.0,3170.0,21727200
2026-04-23 08:45:00,3170.0,3170.0,3150.0,3160.0,7388900
2026-04-23 09:00:00,3160.0,3160.0,3160.0,3160.0,27932700
2026-04-23 09:05:00,3160.0,3160.0,3160.0,3160.0,2712200
2026-04-23 09:10:00,3160.0,3160.0,3160.0,3160.0,338600
2026-04-24 02:00:00,3140.0,3150.0,3110.0,3120.0,0
2026-04-24 02:05:00,3110.0,3140.0,3100.0,3130.0,19799300
2026-04-24 02:10:00,3120.0,3120.0,3110.0,3120.0,3453100
2026-04-24 02:15:00,3110.0,3120.0,3100.0,3120.0,20325500
2026-04-24 02:20:00,3120.0,3120.0,3100.0,3110.0,4551200
2026-04-24 02:25:00,3110.0,3120.0,3100.0,3120.0,8320500
2026-04-24 02:30:00,3100.0,3110.0,3100.0,3110.0,3370900
2026-04-24 02:35:00,3110.0,3110.0,3100.0,3110.0,3726300
2026-04-24 02:40:00,3110.0,3110.0,3100.0,3110.0,2741300
2026-04-24 02:45:00,3110.0,3110.0,3100.0,3100.0,3768100
2026-04-24 02:50:00,3110.0,3110.0,3100.0,3110.0,4094300
2026-04-24 02:55:00,3110.0,3110.0,3100.0,3110.0,4780100
2026-04-24 03:00:00,3100.0,3110.0,3090.0,3100.0,24197700
2026-04-24 03:05:00,3090.0,3100.0,3090.0,3100.0,8900300
2026-04-24 03:10:00,3090.0,3100.0,3090.0,3090.0,2470800
2026-04-24 03:15:00,3100.0,3100.0,3090.0,3090.0,1891500
2026-04-24 03:20:00,3080.0,3100.0,3080.0,3100.0,8663700
2026-04-24 03:25:00,3070.0,3090.0,3070.0,3080.0,12283100
2026-04-24 03:30:00,3090.0,3090.0,3070.0,3080.0,7250200
2026-04-24 03:35:00,3090.0,3090.0,3070.0,3080.0,7163800
2026-04-24 03:40:00,3080.0,3090.0,3070.0,3080.0,3538300
2026-04-24 03:45:00,3080.0,3090.0,3070.0,3080.0,5545200
2026-04-24 03:50:00,3090.0,3090.0,3070.0,3090.0,5151800
2026-04-24 03:55:00,3110.0,3120.0,3070.0,3090.0,16285100
2026-04-24 04:00:00,3110.0,3120.0,3100.0,3120.0,14225500
2026-04-24 04:05:00,3100.0,3110.0,3090.0,3110.0,3405100
2026-04-24 04:10:00,3090.0,3100.0,3090.0,3100.0,991300
2026-04-24 04:15:00,3100.0,3100.0,3090.0,3100.0,1564400
2026-04-24 04:20:00,3090.0,3100.0,3090.0,3100.0,2635300
2026-04-24 04:25:00,3080.0,3100.0,3080.0,3100.0,5348700
2026-04-24 07:00:00,3100.0,3100.0,3070.0,3090.0,22722300
2026-04-24 07:05:00,3100.0,3100.0,3080.0,3100.0,3952500
2026-04-24 07:10:00,3090.0,3100.0,3080.0,3100.0,2768000
2026-04-24 07:15:00,3090.0,3090.0,3080.0,3080.0,3435200
2026-04-24 07:20:00,3080.0,3090.0,3070.0,3080.0,5382800
2026-04-24 07:25:00,3080.0,3080.0,3070.0,3070.0,2827100
2026-04-24 07:30:00,3080.0,3090.0,3070.0,3070.0,7530700
2026-04-24 07:35:00,3090.0,3090.0,3080.0,3090.0,2695300
2026-04-24 07:40:00,3090.0,3090.0,3080.0,3090.0,2450000
2026-04-24 07:45:00,3090.0,3090.0,3080.0,3090.0,2567600
2026-04-24 07:50:00,3090.0,3090.0,3080.0,3090.0,2529500
2026-04-24 07:55:00,3090.0,3090.0,3080.0,3080.0,3620300
2026-04-24 08:00:00,3090.0,3090.0,3080.0,3090.0,3864400
2026-04-24 08:05:00,3070.0,3090.0,3070.0,3090.0,7922300
2026-04-24 08:10:00,3070.0,3080.0,3070.0,3070.0,13784100
2026-04-24 08:15:00,3060.0,3080.0,3060.0,3070.0,4598200
2026-04-24 08:20:00,3080.0,3080.0,3060.0,3070.0,5627000
2026-04-24 08:25:00,3070.0,3080.0,3070.0,3070.0,2615400
2026-04-24 08:30:00,3070.0,3080.0,3070.0,3080.0,5222700
2026-04-24 08:35:00,3080.0,3080.0,3070.0,3080.0,5326300
2026-04-24 08:40:00,3080.0,3080.0,3060.0,3080.0,10515300
2026-04-24 08:45:00,3080.0,3080.0,3060.0,3080.0,9862200
2026-04-24 09:00:00,3070.0,3070.0,3070.0,3070.0,28921600
2026-04-24 09:05:00,3070.0,3070.0,3070.0,3070.0,2398500
2026-04-24 09:10:00,3070.0,3070.0,3070.0,3070.0,660400
2026-04-27 02:00:00,3090.0,3100.0,3060.0,3070.0,0
2026-04-27 02:05:00,3050.0,3090.0,3050.0,3080.0,13235900
2026-04-27 02:10:00,3080.0,3080.0,3050.0,3060.0,6866900
2026-04-27 02:15:00,3080.0,3080.0,3070.0,3070.0,1705200
2026-04-27 02:20:00,3080.0,3080.0,3070.0,3080.0,4404900
2026-04-27 02:25:00,3080.0,3080.0,3070.0,3080.0,1551600
2026-04-27 02:30:00,3070.0,3080.0,3070.0,3080.0,1576800
2026-04-27 02:35:00,3080.0,3080.0,3070.0,3080.0,5177000
2026-04-27 02:40:00,3060.0,3080.0,3060.0,3080.0,6879300
2026-04-27 02:45:00,3060.0,3070.0,3060.0,3070.0,1185800
2026-04-27 02:50:00,3060.0,3070.0,3050.0,3060.0,3795000
2026-04-27 02:55:00,3050.0,3060.0,3050.0,3060.0,1322100
2026-04-27 03:00:00,3050.0,3060.0,3050.0,3050.0,2192400
2026-04-27 03:05:00,3060.0,3060.0,3050.0,3060.0,1677700
2026-04-27 03:10:00,3070.0,3070.0,3050.0,3060.0,4378500
2026-04-27 03:15:00,3080.0,3080.0,3060.0,3070.0,6368900
2026-04-27 03:20:00,3070.0,3080.0,3060.0,3080.0,2712300
2026-04-27 03:25:00,3070.0,3070.0,3060.0,3060.0,1398300
2026-04-27 03:30:00,3070.0,3070.0,3060.0,3070.0,718100
2026-04-27 03:35:00,3060.0,3070.0,3060.0,3060.0,1300500
2026-04-27 03:40:00,3080.0,3080.0,3060.0,3070.0,1836500
2026-04-27 03:45:00,3070.0,3080.0,3070.0,3070.0,715400
2026-04-27 03:50:00,3080.0,3080.0,3070.0,3070.0,1181800
2026-04-27 03:55:00,3080.0,3080.0,3070.0,3070.0,644200
2026-04-27 04:00:00,3070.0,3080.0,3060.0,3070.0,3968600
2026-04-27 04:05:00,3080.0,3080.0,3060.0,3070.0,1891500
2026-04-27 04:10:00,3070.0,3080.0,3060.0,3080.0,4874900
2026-04-27 04:15:00,3060.0,3070.0,3060.0,3070.0,644300
2026-04-27 04:20:00,3070.0,3080.0,3060.0,3070.0,2917100
2026-04-27 04:25:00,3080.0,3080.0,3070.0,3080.0,3774900
2026-04-27 04:30:00,3070.0,3080.0,3070.0,3080.0,2662300
2026-04-27 04:35:00,3090.0,3090.0,3070.0,3080.0,2199500
2026-04-27 04:40:00,3080.0,3090.0,3080.0,3090.0,2443000
2026-04-27 04:45:00,3080.0,3090.0,3080.0,3080.0,684200
2026-04-27 04:50:00,3090.0,3090.0,3080.0,3090.0,664000
2026-04-27 04:55:00,3080.0,3090.0,3080.0,3090.0,1006300
2026-04-27 06:30:00,3080.0,3090.0,3080.0,3080.0,3116500
2026-04-27 06:35:00,3080.0,3090.0,3080.0,3080.0,463900
2026-04-27 06:40:00,3090.0,3090.0,3080.0,3090.0,1049100
2026-04-27 06:45:00,3080.0,3090.0,3080.0,3090.0,830100
2026-04-27 06:50:00,3090.0,3090.0,3080.0,3080.0,979300
2026-04-27 06:55:00,3080.0,3090.0,3080.0,3090.0,1232900
2026-04-27 07:00:00,3090.0,3090.0,3080.0,3090.0,1555900
2026-04-27 07:05:00,3090.0,3090.0,3080.0,3090.0,634300
2026-04-27 07:10:00,3080.0,3090.0,3080.0,3080.0,583300
2026-04-27 07:15:00,3090.0,3090.0,3080.0,3090.0,1519700
2026-04-27 07:20:00,3090.0,3090.0,3080.0,3090.0,1993800
2026-04-27 07:25:00,3080.0,3090.0,3080.0,3090.0,1668400
2026-04-27 07:30:00,3080.0,3090.0,3080.0,3090.0,938300
2026-04-27 07:35:00,3080.0,3090.0,3080.0,3090.0,2118500
2026-04-27 07:40:00,3090.0,3090.0,3080.0,3080.0,1195100
2026-04-27 07:45:00,3080.0,3090.0,3080.0,3090.0,8087200
2026-04-27 07:50:00,3070.0,3090.0,3070.0,3080.0,861700
2026-04-27 07:55:00,3080.0,3080.0,3070.0,3070.0,518000
2026-04-27 08:00:00,3080.0,3080.0,3070.0,3080.0,574000
2026-04-27 08:05:00,3070.0,3080.0,3070.0,3080.0,793000
2026-04-27 08:10:00,3080.0,3080.0,3070.0,3070.0,1963500
2026-04-27 08:15:00,3080.0,3080.0,3070.0,3080.0,2126600
2026-04-27 08:20:00,3070.0,3080.0,3070.0,3070.0,1231400
2026-04-27 08:25:00,3080.0,3080.0,3070.0,3070.0,2059100
2026-04-27 08:30:00,3080.0,3080.0,3070.0,3080.0,1080700
2026-04-27 08:35:00,3070.0,3080.0,3070.0,3080.0,3226400
2026-04-27 08:40:00,3080.0,3080.0,3070.0,3080.0,2595800
2026-04-27 08:45:00,3060.0,3080.0,3060.0,3080.0,7185400
2026-04-27 09:00:00,3050.0,3050.0,3050.0,3050.0,29188800
2026-04-27 09:05:00,3050.0,3050.0,3050.0,3050.0,123300
2026-04-27 09:10:00,3050.0,3050.0,3050.0,3050.0,66100
2026-04-28 02:00:00,3080.0,3080.0,3050.0,3060.0,0
2026-04-28 02:05:00,3040.0,3080.0,3030.0,3080.0,30568600
2026-04-28 02:10:00,3050.0,3050.0,3040.0,3050.0,3204600
2026-04-28 02:15:00,3040.0,3050.0,3030.0,3050.0,5945400
2026-04-28 02:20:00,3040.0,3050.0,3030.0,3040.0,2782700
2026-04-28 02:25:00,3050.0,3050.0,3030.0,3040.0,3091100
2026-04-28 02:30:00,3050.0,3050.0,3040.0,3040.0,2677400
2026-04-28 02:35:00,3050.0,3050.0,3040.0,3050.0,2876900
2026-04-28 02:40:00,3040.0,3050.0,3040.0,3050.0,1570100
2026-04-28 02:45:00,3040.0,3050.0,3040.0,3050.0,717400
2026-04-28 02:50:00,3050.0,3050.0,3040.0,3040.0,799000
2026-04-28 02:55:00,3040.0,3050.0,3030.0,3050.0,5659500
2026-04-28 03:00:00,3040.0,3040.0,3030.0,3040.0,4028200
2026-04-28 03:05:00,3040.0,3040.0,3030.0,3030.0,1465600
2026-04-28 03:10:00,3040.0,3040.0,3030.0,3040.0,1415500
2026-04-28 03:15:00,3040.0,3040.0,3030.0,3040.0,2077900
2026-04-28 03:20:00,3040.0,3040.0,3030.0,3040.0,2026300
2026-04-28 03:25:00,3020.0,3040.0,3020.0,3030.0,10625200
2026-04-28 03:30:00,3030.0,3030.0,3020.0,3030.0,747100
2026-04-28 03:35:00,3030.0,3030.0,3020.0,3030.0,1113900
2026-04-28 03:40:00,3020.0,3030.0,3020.0,3030.0,2843100
2026-04-28 03:45:00,3030.0,3030.0,3020.0,3030.0,2129200
2026-04-28 03:50:00,3030.0,3030.0,3020.0,3030.0,3993500
2026-04-28 03:55:00,3030.0,3040.0,3030.0,3030.0,5729400
2026-04-28 04:00:00,3040.0,3040.0,3030.0,3040.0,2260300
2026-04-28 04:05:00,3040.0,3040.0,3030.0,3030.0,878500
2026-04-28 04:10:00,3040.0,3040.0,3030.0,3040.0,432300
2026-04-28 04:15:00,3040.0,3040.0,3030.0,3040.0,919600
2026-04-28 04:20:00,3040.0,3040.0,3030.0,3040.0,287800
2026-04-28 04:25:00,3040.0,3040.0,3030.0,3040.0,404600
2026-04-28 04:30:00,3040.0,3050.0,3030.0,3030.0,5192500
2026-04-28 04:35:00,3040.0,3050.0,3040.0,3050.0,792600
2026-04-28 04:40:00,3050.0,3050.0,3040.0,3040.0,2892200
2026-04-28 04:45:00,3050.0,3050.0,3040.0,3050.0,927200
2026-04-28 04:50:00,3040.0,3050.0,3040.0,3050.0,1913100
2026-04-28 04:55:00,3050.0,3050.0,3040.0,3050.0,3217800
2026-04-28 06:30:00,3070.0,3080.0,3040.0,3050.0,11191000
2026-04-28 06:35:00,3060.0,3080.0,3050.0,3080.0,4539700
2026-04-28 06:40:00,3070.0,3070.0,3050.0,3060.0,788700
2026-04-28 06:45:00,3060.0,3070.0,3050.0,3070.0,2462000
2026-04-28 06:50:00,3060.0,3070.0,3050.0,3060.0,1881800
2026-04-28 06:55:00,3060.0,3070.0,3050.0,3070.0,2650400
2026-04-28 07:00:00,3060.0,3060.0,3040.0,3060.0,4563100
2026-04-28 07:05:00,3060.0,3060.0,3050.0,3060.0,1227800
2026-04-28 07:10:00,3070.0,3070.0,3050.0,3060.0,3350400
2026-04-28 07:15:00,3070.0,3070.0,3060.0,3060.0,1752300
2026-04-28 07:20:00,3070.0,3070.0,3060.0,3070.0,1025000
2026-04-28 07:25:00,3060.0,3070.0,3050.0,3070.0,3858400
2026-04-28 07:30:00,3050.0,3060.0,3050.0,3050.0,1020600
2026-04-28 07:35:00,3060.0,3060.0,3050.0,3050.0,971000
2026-04-28 07:40:00,3060.0,3060.0,3050.0,3060.0,1016100
2026-04-28 07:45:00,3060.0,3060.0,3050.0,3060.0,1706700
2026-04-28 07:50:00,3050.0,3060.0,3050.0,3060.0,1471000
2026-04-28 07:55:00,3060.0,3060.0,3050.0,3060.0,2798400
2026-04-28 08:00:00,3060.0,3060.0,3050.0,3060.0,1362300
2026-04-28 08:05:00,3060.0,3060.0,3050.0,3060.0,1661700
2026-04-28 08:10:00,3060.0,3060.0,3050.0,3060.0,2746300
2026-04-28 08:15:00,3050.0,3060.0,3050.0,3060.0,1877600
2026-04-28 08:20:00,3060.0,3060.0,3050.0,3050.0,2384300
2026-04-28 08:25:00,3060.0,3060.0,3050.0,3060.0,2897200
2026-04-28 08:30:00,3060.0,3060.0,3050.0,3060.0,2246100
2026-04-28 08:35:00,3060.0,3060.0,3050.0,3060.0,2986500
2026-04-28 08:40:00,3060.0,3060.0,3050.0,3060.0,5891500
2026-04-28 08:45:00,3070.0,3070.0,3050.0,3060.0,6568300
2026-04-28 09:00:00,3070.0,3070.0,3070.0,3070.0,16921100
2026-04-28 09:05:00,3070.0,3070.0,3070.0,3070.0,272800
2026-04-28 09:10:00,3070.0,3070.0,3070.0,3070.0,94700
2026-04-29 02:00:00,3100.0,3100.0,3070.0,3080.0,0
2026-04-29 02:05:00,3090.0,3110.0,3080.0,3090.0,12409300
2026-04-29 02:10:00,3090.0,3100.0,3080.0,3080.0,4571700
2026-04-29 02:15:00,3090.0,3110.0,3090.0,3090.0,6741000
2026-04-29 02:20:00,3090.0,3100.0,3090.0,3090.0,3585600
2026-04-29 02:25:00,3100.0,3100.0,3090.0,3100.0,1010600
2026-04-29 02:30:00,3100.0,3100.0,3080.0,3100.0,5430600
2026-04-29 02:35:00,3090.0,3100.0,3080.0,3100.0,3087400
2026-04-29 02:40:00,3070.0,3090.0,3070.0,3080.0,5512900
2026-04-29 02:45:00,3070.0,3080.0,3060.0,3080.0,8282400
2026-04-29 02:50:00,3070.0,3070.0,3060.0,3070.0,731700
2026-04-29 02:55:00,3070.0,3070.0,3060.0,3070.0,951300
2026-04-29 03:00:00,3070.0,3070.0,3060.0,3070.0,1014900
2026-04-29 03:05:00,3070.0,3070.0,3060.0,3070.0,831100
2026-04-29 03:10:00,3070.0,3070.0,3060.0,3070.0,4250700
2026-04-29 03:15:00,3060.0,3070.0,3060.0,3070.0,881300
2026-04-29 03:20:00,3060.0,3070.0,3060.0,3070.0,1084500
2026-04-29 03:25:00,3070.0,3070.0,3060.0,3070.0,520200
2026-04-29 03:30:00,3070.0,3070.0,3060.0,3070.0,827000
2026-04-29 03:35:00,3070.0,3070.0,3060.0,3070.0,805100
2026-04-29 03:40:00,3070.0,3070.0,3060.0,3070.0,560500
2026-04-29 03:45:00,3060.0,3070.0,3060.0,3070.0,675600
2026-04-29 03:50:00,3070.0,3070.0,3060.0,3070.0,583900
2026-04-29 03:55:00,3070.0,3070.0,3060.0,3060.0,798300
2026-04-29 04:00:00,3070.0,3080.0,3060.0,3070.0,10452800
2026-04-29 04:05:00,3070.0,3080.0,3060.0,3070.0,3417500
2026-04-29 04:10:00,3080.0,3080.0,3070.0,3080.0,486300
2026-04-29 04:15:00,3080.0,3080.0,3070.0,3070.0,254400
2026-04-29 04:20:00,3080.0,3080.0,3070.0,3080.0,537400
2026-04-29 04:25:00,3070.0,3080.0,3070.0,3070.0,3251100
2026-04-29 04:30:00,3080.0,3080.0,3070.0,3070.0,1432800
2026-04-29 04:35:00,3070.0,3080.0,3070.0,3070.0,1276400
2026-04-29 04:40:00,3070.0,3080.0,3060.0,3080.0,2427400
2026-04-29 04:45:00,3070.0,3080.0,3060.0,3060.0,1468100
2026-04-29 04:50:00,3080.0,3080.0,3070.0,3080.0,813000
2026-04-29 04:55:00,3070.0,3080.0,3060.0,3080.0,1115100
2026-04-29 06:30:00,3080.0,3080.0,3060.0,3070.0,5173600
2026-04-29 06:35:00,3060.0,3080.0,3060.0,3080.0,5007800
2026-04-29 06:40:00,3060.0,3070.0,3060.0,3060.0,496300
2026-04-29 06:45:00,3060.0,3070.0,3060.0,3070.0,836100
2026-04-29 06:50:00,3070.0,3070.0,3060.0,3070.0,3631100
2026-04-29 06:55:00,3060.0,3070.0,3060.0,3070.0,438600
2026-04-29 07:00:00,3070.0,3070.0,3060.0,3070.0,669500
2026-04-29 07:05:00,3070.0,3070.0,3060.0,3060.0,443300
2026-04-29 07:10:00,3070.0,3070.0,3060.0,3070.0,988200
2026-04-29 07:15:00,3070.0,3070.0,3060.0,3070.0,532700
2026-04-29 07:20:00,3070.0,3070.0,3060.0,3070.0,597000
2026-04-29 07:25:00,3070.0,3070.0,3060.0,3070.0,521000
2026-04-29 07:30:00,3060.0,3070.0,3060.0,3060.0,2252000
2026-04-29 07:35:00,3070.0,3070.0,3060.0,3070.0,1401700
2026-04-29 07:40:00,3060.0,3070.0,3060.0,3060.0,578800
2026-04-29 07:45:00,3070.0,3070.0,3060.0,3070.0,1291600
2026-04-29 07:50:00,3060.0,3070.0,3060.0,3070.0,660900
2026-04-29 07:55:00,3070.0,3070.0,3060.0,3070.0,507900
2026-04-29 08:00:00,3060.0,3070.0,3050.0,3070.0,1925800
2026-04-29 08:05:00,3060.0,3060.0,3050.0,3060.0,2934600
2026-04-29 08:10:00,3060.0,3060.0,3050.0,3060.0,1805100
2026-04-29 08:15:00,3050.0,3060.0,3050.0,3060.0,5131400
2026-04-29 08:20:00,3070.0,3070.0,3050.0,3060.0,2404500
2026-04-29 08:25:00,3060.0,3070.0,3050.0,3060.0,2164400
2026-04-29 08:30:00,3060.0,3060.0,3050.0,3060.0,1954900
2026-04-29 08:35:00,3060.0,3060.0,3050.0,3060.0,1002800
2026-04-29 08:40:00,3070.0,3070.0,3050.0,3060.0,2522100
2026-04-29 08:45:00,3070.0,3070.0,3060.0,3070.0,1491800
2026-04-29 09:00:00,3070.0,3070.0,3070.0,3070.0,12292500
2026-04-29 09:05:00,3070.0,3070.0,3070.0,3070.0,124000
2026-04-29 09:10:00,3070.0,3070.0,3070.0,3070.0,73100
2026-04-30 02:00:00,3040.0,3060.0,3030.0,3060.0,0
2026-04-30 02:05:00,3030.0,3040.0,3030.0,3040.0,3064700
2026-04-30 02:10:00,3020.0,3040.0,3020.0,3030.0,10025900
2026-04-30 02:15:00,3030.0,3030.0,3020.0,3030.0,2872300
2026-04-30 02:20:00,3040.0,3040.0,3020.0,3030.0,3467500
2026-04-30 02:25:00,3030.0,3040.0,3020.0,3040.0,5771200
2026-04-30 02:30:00,3020.0,3030.0,3020.0,3030.0,1791600
2026-04-30 02:35:00,3020.0,3030.0,3020.0,3020.0,3405800
2026-04-30 02:40:00,3030.0,3030.0,3020.0,3020.0,1700100
2026-04-30 02:45:00,3020.0,3030.0,3020.0,3030.0,4279700
2026-04-30 02:50:00,3020.0,3030.0,3010.0,3020.0,6931900
2026-04-30 02:55:00,3010.0,3020.0,3010.0,3020.0,2257600
2026-04-30 03:00:00,3020.0,3020.0,3010.0,3020.0,2228700
2026-04-30 03:05:00,3020.0,3020.0,3010.0,3020.0,4881400
2026-04-30 03:10:00,3020.0,3020.0,3010.0,3010.0,3386000
2026-04-30 03:15:00,3020.0,3020.0,3010.0,3010.0,6785800
2026-04-30 03:20:00,3010.0,3020.0,3010.0,3010.0,3707100
2026-04-30 03:25:00,3000.0,3020.0,3000.0,3010.0,7855000
2026-04-30 03:30:00,3000.0,3010.0,3000.0,3010.0,15116600
2026-04-30 03:35:00,3010.0,3010.0,3000.0,3010.0,2262200
2026-04-30 03:40:00,3000.0,3010.0,2990.0,3010.0,25262100
2026-04-30 03:45:00,3000.0,3000.0,2990.0,3000.0,10487700
2026-04-30 03:50:00,3000.0,3010.0,2990.0,3000.0,5649200
2026-04-30 03:55:00,3000.0,3010.0,3000.0,3010.0,2028000
2026-04-30 04:00:00,3000.0,3010.0,3000.0,3010.0,2725900
2026-04-30 04:05:00,3000.0,3010.0,2990.0,3010.0,7239000
2026-04-30 04:10:00,3000.0,3000.0,2990.0,2990.0,1556600
2026-04-30 04:15:00,2990.0,3000.0,2990.0,3000.0,2364300
2026-04-30 04:20:00,3000.0,3000.0,2990.0,3000.0,1199900
2026-04-30 04:25:00,3000.0,3000.0,2990.0,2990.0,1705100
2026-04-30 04:30:00,3000.0,3000.0,2990.0,3000.0,1563100
2026-04-30 04:35:00,3000.0,3000.0,2990.0,2990.0,1697700
2026-04-30 04:40:00,2990.0,3000.0,2990.0,3000.0,2477100
2026-04-30 04:45:00,3010.0,3010.0,2990.0,2990.0,4473000
2026-04-30 04:50:00,3000.0,3010.0,3000.0,3010.0,1157100
2026-04-30 04:55:00,3010.0,3010.0,3000.0,3010.0,966700
2026-04-30 06:30:00,3000.0,3010.0,3000.0,3010.0,3709900
2026-04-30 06:35:00,3000.0,3010.0,3000.0,3010.0,1082600
2026-04-30 06:40:00,3000.0,3010.0,3000.0,3000.0,5430200
2026-04-30 06:45:00,3000.0,3010.0,2990.0,3000.0,16115500
2026-04-30 06:50:00,2990.0,3000.0,2990.0,2990.0,2843800
2026-04-30 06:55:00,2990.0,3000.0,2980.0,2990.0,4499300
2026-04-30 07:00:00,3000.0,3000.0,2980.0,2990.0,3210200
2026-04-30 07:05:00,3000.0,3000.0,2990.0,2990.0,1863000
2026-04-30 07:10:00,3000.0,3000.0,2990.0,3000.0,1389800
2026-04-30 07:15:00,3010.0,3010.0,2990.0,2990.0,5414500
2026-04-30 07:20:00,3010.0,3010.0,3000.0,3010.0,874200
2026-04-30 07:25:00,3020.0,3020.0,3000.0,3000.0,6950700
2026-04-30 07:30:00,3030.0,3030.0,3010.0,3010.0,8368000
2026-04-30 07:35:00,3030.0,3030.0,3020.0,3030.0,1391100
2026-04-30 07:40:00,3020.0,3030.0,3020.0,3020.0,3107500
2026-04-30 07:45:00,3030.0,3030.0,3020.0,3030.0,2098700
2026-04-30 07:50:00,3040.0,3040.0,3020.0,3030.0,7097600
2026-04-30 07:55:00,3030.0,3040.0,3020.0,3040.0,4693800
2026-04-30 08:00:00,3010.0,3030.0,3000.0,3010.0,11264200
2026-04-30 08:05:00,3010.0,3010.0,3000.0,3010.0,2001200
2026-04-30 08:10:00,3000.0,3010.0,3000.0,3010.0,1577300
2026-04-30 08:15:00,3010.0,3010.0,3000.0,3000.0,1309500
2026-04-30 08:20:00,3000.0,3010.0,3000.0,3010.0,2045600
2026-04-30 08:25:00,3000.0,3010.0,3000.0,3000.0,3276800
2026-04-30 08:30:00,3000.0,3010.0,2990.0,3010.0,17122800
2026-04-30 08:35:00,3000.0,3000.0,2990.0,2990.0,7069100
2026-04-30 08:40:00,3000.0,3000.0,2990.0,3000.0,5044200
2026-04-30 08:45:00,3010.0,3010.0,2990.0,3000.0,13450200
2026-04-30 09:00:00,2990.0,2990.0,2990.0,2990.0,54563100
2026-04-30 09:05:00,2990.0,2990.0,2990.0,2990.0,170400
2026-04-30 09:10:00,2990.0,2990.0,2990.0,2990.0,101200
