Datetime,Close,High,Low,Open,Volume
2026-01-27 02:00:00,1240.0,1250.0,1235.0,1240.0,0
2026-01-27 02:05:00,1240.0,1250.0,1240.0,1240.0,4696000
2026-01-27 02:10:00,1240.0,1245.0,1240.0,1240.0,314700
2026-01-27 02:15:00,1240.0,1245.0,1240.0,1240.0,1228700
2026-01-27 02:20:00,1240.0,1245.0,1240.0,1240.0,385500
2026-01-27 02:25:00,1240.0,1245.0,1240.0,1240.0,276200
2026-01-27 02:30:00,1250.0,1250.0,1240.0,1245.0,2588200
2026-01-27 02:35:00,1245.0,1250.0,1245.0,1250.0,1688800
2026-01-27 02:40:00,1245.0,1250.0,1245.0,1250.0,364500
2026-01-27 02:45:00,1250.0,1250.0,1245.0,1245.0,365800
2026-01-27 02:50:00,1245.0,1250.0,1245.0,1245.0,1007100
2026-01-27 02:55:00,1250.0,1250.0,1245.0,1245.0,1134000
2026-01-27 03:00:00,1250.0,1250.0,1245.0,1245.0,1837700
2026-01-27 03:05:00,1245.0,1250.0,1245.0,1250.0,889500
2026-01-27 03:10:00,1245.0,1250.0,1245.0,1245.0,1018500
2026-01-27 03:15:00,1245.0,1250.0,1240.0,1245.0,846300
2026-01-27 03:20:00,1250.0,1250.0,1245.0,1250.0,386400
2026-01-27 03:25:00,1245.0,1250.0,1245.0,1250.0,345900
2026-01-27 03:30:00,1245.0,1250.0,1245.0,1245.0,341300
2026-01-27 03:35:00,1245.0,1250.0,1245.0,1245.0,555600
2026-01-27 03:40:00,1245.0,1250.0,1245.0,1245.0,312000
2026-01-27 03:45:00,1245.0,1250.0,1245.0,1250.0,794900
2026-01-27 03:50:00,1240.0,1250.0,1240.0,1245.0,1946600
2026-01-27 03:55:00,1240.0,1245.0,1240.0,1240.0,1167500
2026-01-27 04:00:00,1235.0,1240.0,1235.0,1240.0,758500
2026-01-27 04:05:00,1240.0,1240.0,1235.0,1240.0,471900
2026-01-27 04:10:00,1235.0,1240.0,1235.0,1240.0,370800
2026-01-27 04:15:00,1235.0,1240.0,1235.0,1235.0,197700
2026-01-27 04:20:00,1235.0,1240.0,1235.0,1235.0,52300
2026-01-27 04:25:00,1235.0,1240.0,1235.0,1240.0,592500
2026-01-27 04:30:00,1240.0,1240.0,1235.0,1235.0,100400
2026-01-27 04:35:00,1240.0,1240.0,1235.0,1235.0,155500
2026-01-27 04:40:00,1240.0,1245.0,1235.0,1240.0,1033200
2026-01-27 04:45:00,1240.0,1245.0,1235.0,1240.0,297500
2026-01-27 04:50:00,1240.0,1240.0,1235.0,1240.0,256400
2026-01-27 04:55:00,1235.0,1245.0,1235.0,1240.0,486300
2026-01-27 06:30:00,1245.0,1245.0,1235.0,1235.0,1151600
2026-01-27 06:35:00,1240.0,1245.0,1240.0,1240.0,392100
2026-01-27 06:40:00,1245.0,1245.0,1240.0,1245.0,354200
2026-01-27 06:45:00,1245.0,1245.0,1240.0,1245.0,372100
2026-01-27 06:50:00,1240.0,1245.0,1240.0,1245.0,219300
2026-01-27 06:55:00,1245.0,1245.0,1240.0,1240.0,171800
2026-01-27 07:00:00,1240.0,1245.0,1240.0,1240.0,649100
2026-01-27 07:05:00,1245.0,1245.0,1240.0,1245.0,326600
2026-01-27 07:10:00,1245.0,1245.0,1240.0,1240.0,149700
2026-01-27 07:15:00,1240.0,1245.0,1240.0,1245.0,848800
2026-01-27 07:20:00,1245.0,1245.0,1240.0,1245.0,1104000
2026-01-27 07:25:00,1245.0,1245.0,1240.0,1245.0,264800
2026-01-27 07:30:00,1245.0,1245.0,1240.0,1240.0,199300
2026-01-27 07:35:00,1245.0,1245.0,1240.0,1245.0,1503900
2026-01-27 07:40:00,1255.0,1255.0,1245.0,1245.0,8362200
2026-01-27 07:45:00,1255.0,1255.0,1250.0,1250.0,939200
2026-01-27 07:50:00,1255.0,1255.0,1250.0,1255.0,478100
2026-01-27 07:55:00,1250.0,1255.0,1250.0,1255.0,803700
2026-01-27 08:00:00,1250.0,1255.0,1250.0,1250.0,187300
2026-01-27 08:05:00,1250.0,1255.0,1245.0,1255.0,2767600
2026-01-27 08:10:00,1245.0,1250.0,1245.0,1250.0,332700
2026-01-27 08:15:00,1245.0,1255.0,1245.0,1250.0,621600
2026-01-27 08:20:00,1240.0,1250.0,1240.0,1250.0,1346900
2026-01-27 08:25:00,1240.0,1245.0,1235.0,1245.0,1812500
2026-01-27 08:30:00,1240.0,1245.0,1235.0,1240.0,469100
2026-01-27 08:35:00,1245.0,1245.0,1240.0,1245.0,389200
2026-01-27 08:40:00,1245.0,1245.0,1240.0,1240.0,759600
2026-01-27 08:45:00,1240.0,1245.0,1240.0,1245.0,288000
2026-01-27 09:00:00,1245.0,1245.0,1245.0,1245.0,762000
2026-01-27 09:05:00,1245.0,1245.0,1245.0,1245.0,11600
2026-01-27 09:10:00,1245.0,1245.0,1245.0,1245.0,22400
2026-01-28 02:00:00,1205.0,1230.0,1190.0,1225.0,0
2026-01-28 02:05:00,1210.0,1215.0,1205.0,1205.0,1859600
2026-01-28 02:10:00,1235.0,1245.0,1205.0,1210.0,4666600
2026-01-28 02:15:00,1235.0,1240.0,1230.0,1235.0,1194200
2026-01-28 02:20:00,1225.0,1240.0,1225.0,1235.0,2866500
2026-01-28 02:25:00,1230.0,1235.0,1220.0,1225.0,1126500
2026-01-28 02:30:00,1220.0,1230.0,1220.0,1230.0,794300
2026-01-28 02:35:00,1220.0,1225.0,1215.0,1220.0,846700
2026-01-28 02:40:00,1220.0,1230.0,1215.0,1220.0,889900
2026-01-28 02:45:00,1220.0,1225.0,1220.0,1220.0,663500
2026-01-28 02:50:00,1220.0,1225.0,1220.0,1220.0,1334000
2026-01-28 02:55:00,1230.0,1230.0,1225.0,1230.0,502500
2026-01-28 03:00:00,1230.0,1230.0,1225.0,1230.0,127600
2026-01-28 03:05:00,1225.0,1230.0,1225.0,1230.0,219000
2026-01-28 03:10:00,1225.0,1230.0,1225.0,1225.0,100900
2026-01-28 03:15:00,1220.0,1230.0,1220.0,1225.0,462200
2026-01-28 03:20:00,1220.0,1220.0,1215.0,1220.0,1192900
2026-01-28 03:25:00,1205.0,1215.0,1205.0,1215.0,2314600
2026-01-28 03:30:00,1210.0,1215.0,1195.0,1205.0,2652100
2026-01-28 03:35:00,1205.0,1215.0,1205.0,1215.0,582900
2026-01-28 03:40:00,1205.0,1210.0,1200.0,1210.0,1434700
2026-01-28 03:45:00,1200.0,1210.0,1195.0,1200.0,1499900
2026-01-28 03:50:00,1205.0,1210.0,1200.0,1210.0,267800
2026-01-28 03:55:00,1200.0,1210.0,1200.0,1205.0,668600
2026-01-28 04:00:00,1205.0,1205.0,1195.0,1200.0,1112200
2026-01-28 04:05:00,1200.0,1205.0,1195.0,1200.0,1089200
2026-01-28 04:10:00,1205.0,1205.0,1200.0,1200.0,1012700
2026-01-28 04:15:00,1195.0,1205.0,1195.0,1200.0,1486600
2026-01-28 04:20:00,1210.0,1210.0,1200.0,1200.0,1024300
2026-01-28 04:25:00,1220.0,1220.0,1205.0,1210.0,808500
2026-01-28 04:30:00,1215.0,1220.0,1215.0,1215.0,464500
2026-01-28 04:35:00,1210.0,1220.0,1210.0,1215.0,617200
2026-01-28 04:40:00,1210.0,1215.0,1210.0,1210.0,226400
2026-01-28 04:45:00,1205.0,1215.0,1205.0,1215.0,281200
2026-01-28 04:50:00,1210.0,1210.0,1205.0,1205.0,551600
2026-01-28 04:55:00,1210.0,1210.0,1205.0,1205.0,196700
2026-01-28 06:30:00,1205.0,1210.0,1200.0,1205.0,1999700
2026-01-28 06:35:00,1200.0,1205.0,1200.0,1205.0,1128300
2026-01-28 06:40:00,1195.0,1205.0,1195.0,1205.0,2526600
2026-01-28 07:10:00,1195.0,1200.0,1195.0,1195.0,513300
2026-01-28 07:15:00,1185.0,1200.0,1180.0,1195.0,7037400
2026-01-28 07:20:00,1180.0,1185.0,1175.0,1185.0,1290300
2026-01-28 07:25:00,1165.0,1185.0,1165.0,1180.0,3028000
2026-01-28 07:30:00,1185.0,1185.0,1165.0,1170.0,1923100
2026-01-28 07:35:00,1175.0,1185.0,1175.0,1180.0,188800
2026-01-28 07:40:00,1180.0,1185.0,1175.0,1175.0,433000
2026-01-28 07:45:00,1185.0,1185.0,1175.0,1180.0,240700
2026-01-28 07:50:00,1195.0,1200.0,1180.0,1185.0,1388000
2026-01-28 07:55:00,1185.0,1195.0,1180.0,1195.0,858300
2026-01-28 08:00:00,1185.0,1185.0,1180.0,1185.0,797300
2026-01-28 08:05:00,1190.0,1190.0,1185.0,1185.0,294800
2026-01-28 08:10:00,1205.0,1205.0,1190.0,1190.0,2099600
2026-01-28 08:15:00,1205.0,1205.0,1200.0,1200.0,218900
2026-01-28 08:20:00,1205.0,1205.0,1200.0,1205.0,1234200
2026-01-28 08:25:00,1205.0,1205.0,1200.0,1205.0,278400
2026-01-28 08:30:00,1200.0,1205.0,1200.0,1205.0,947000
2026-01-28 08:35:00,1180.0,1205.0,1180.0,1200.0,2042400
2026-01-28 08:40:00,1180.0,1185.0,1175.0,1185.0,1639400
2026-01-28 08:45:00,1190.0,1190.0,1180.0,1180.0,1057600
2026-01-28 09:00:00,1195.0,1195.0,1195.0,1195.0,1492500
2026-01-28 09:05:00,1195.0,1195.0,1195.0,1195.0,48100
2026-01-28 09:10:00,1195.0,1195.0,1195.0,1195.0,16700
2026-01-29 02:00:00,1170.0,1185.0,1160.0,1185.0,0
2026-01-29 02:05:00,1160.0,1170.0,1150.0,1170.0,2305300
2026-01-29 02:10:00,1155.0,1160.0,1130.0,1155.0,3160600
2026-01-29 02:15:00,1140.0,1155.0,1140.0,1150.0,1481700
2026-01-29 02:20:00,1130.0,1145.0,1120.0,1140.0,4079900
2026-01-29 02:25:00,1120.0,1130.0,1120.0,1125.0,529900
2026-01-29 02:55:00,1080.0,1125.0,1080.0,1115.0,6213000
2026-01-29 03:00:00,1105.0,1115.0,1075.0,1085.0,1043500
2026-01-29 03:05:00,1095.0,1115.0,1095.0,1100.0,1760900
2026-01-29 03:10:00,1120.0,1120.0,1090.0,1095.0,1612600
2026-01-29 03:15:00,1125.0,1140.0,1115.0,1115.0,1844600
2026-01-29 03:20:00,1140.0,1140.0,1125.0,1125.0,901700
2026-01-29 03:25:00,1140.0,1140.0,1100.0,1140.0,2330000
2026-01-29 03:30:00,1145.0,1150.0,1135.0,1135.0,367600
2026-01-29 03:35:00,1160.0,1160.0,1135.0,1145.0,1086800
2026-01-29 03:40:00,1155.0,1165.0,1150.0,1160.0,732100
2026-01-29 03:45:00,1155.0,1160.0,1150.0,1155.0,618400
2026-01-29 03:50:00,1155.0,1170.0,1150.0,1150.0,1822800
2026-01-29 03:55:00,1165.0,1165.0,1150.0,1155.0,532900
2026-01-29 04:00:00,1155.0,1165.0,1155.0,1160.0,373400
2026-01-29 04:05:00,1155.0,1160.0,1155.0,1155.0,318900
2026-01-29 04:10:00,1165.0,1165.0,1155.0,1155.0,177600
2026-01-29 04:15:00,1155.0,1165.0,1155.0,1165.0,674300
2026-01-29 04:20:00,1155.0,1160.0,1150.0,1155.0,157100
2026-01-29 04:25:00,1155.0,1160.0,1150.0,1155.0,745200
2026-01-29 04:30:00,1150.0,1160.0,1150.0,1155.0,4232800
2026-01-29 04:35:00,1140.0,1150.0,1140.0,1145.0,179600
2026-01-29 04:40:00,1135.0,1150.0,1130.0,1140.0,496700
2026-01-29 04:45:00,1140.0,1145.0,1135.0,1140.0,1293700
2026-01-29 04:50:00,1150.0,1150.0,1140.0,1140.0,65300
2026-01-29 04:55:00,1150.0,1155.0,1150.0,1150.0,232100
2026-01-29 06:30:00,1170.0,1175.0,1145.0,1150.0,1175000
2026-01-29 06:35:00,1160.0,1175.0,1160.0,1170.0,484300
2026-01-29 06:40:00,1175.0,1180.0,1160.0,1160.0,1449900
2026-01-29 06:45:00,1170.0,1175.0,1165.0,1175.0,1428700
2026-01-29 06:50:00,1165.0,1175.0,1165.0,1170.0,1044900
2026-01-29 06:55:00,1180.0,1180.0,1165.0,1165.0,866900
2026-01-29 07:00:00,1180.0,1190.0,1170.0,1175.0,1766900
2026-01-29 07:05:00,1185.0,1195.0,1180.0,1190.0,1635100
2026-01-29 07:10:00,1195.0,1195.0,1185.0,1185.0,277800
2026-01-29 07:15:00,1200.0,1200.0,1190.0,1195.0,1355100
2026-01-29 07:20:00,1200.0,1205.0,1195.0,1200.0,1088800
2026-01-29 07:25:00,1205.0,1205.0,1195.0,1195.0,245800
2026-01-29 07:30:00,1190.0,1205.0,1185.0,1200.0,4660500
2026-01-29 07:35:00,1180.0,1190.0,1175.0,1185.0,800300
2026-01-29 07:40:00,1190.0,1190.0,1180.0,1180.0,530000
2026-01-29 07:45:00,1190.0,1190.0,1185.0,1190.0,354100
2026-01-29 07:50:00,1195.0,1200.0,1190.0,1190.0,628900
2026-01-29 07:55:00,1190.0,1195.0,1190.0,1195.0,102700
2026-01-29 08:00:00,1195.0,1195.0,1190.0,1190.0,51800
2026-01-29 08:05:00,1185.0,1195.0,1185.0,1190.0,606300
2026-01-29 08:10:00,1180.0,1190.0,1180.0,1190.0,352500
2026-01-29 08:15:00,1180.0,1185.0,1180.0,1185.0,915000
2026-01-29 08:20:00,1180.0,1185.0,1180.0,1180.0,1789100
2026-01-29 08:25:00,1185.0,1185.0,1180.0,1180.0,132100
2026-01-29 08:30:00,1180.0,1185.0,1180.0,1185.0,54600
2026-01-29 08:35:00,1175.0,1185.0,1175.0,1180.0,556100
2026-01-29 08:40:00,1170.0,1180.0,1170.0,1180.0,1982300
2026-01-29 08:45:00,1175.0,1180.0,1170.0,1175.0,244000
2026-01-29 09:00:00,1180.0,1180.0,1180.0,1180.0,3175800
2026-01-29 09:05:00,1180.0,1180.0,1180.0,1180.0,60300
2026-01-29 09:10:00,1180.0,1180.0,1180.0,1180.0,66600
2026-01-30 02:00:00,1210.0,1215.0,1190.0,1190.0,0
2026-01-30 02:05:00,1215.0,1225.0,1205.0,1210.0,1796700
2026-01-30 02:10:00,1220.0,1220.0,1215.0,1220.0,361800
2026-01-30 02:15:00,1210.0,1225.0,1205.0,1220.0,1187200
2026-01-30 02:20:00,1215.0,1215.0,1205.0,1210.0,1602900
2026-01-30 02:25:00,1205.0,1215.0,1205.0,1215.0,409900
2026-01-30 02:30:00,1190.0,1210.0,1190.0,1210.0,4080800
2026-01-30 02:35:00,1200.0,1205.0,1195.0,1195.0,237700
2026-01-30 02:40:00,1205.0,1210.0,1200.0,1200.0,312200
2026-01-30 02:45:00,1210.0,1210.0,1205.0,1205.0,35200
2026-01-30 02:50:00,1205.0,1210.0,1205.0,1210.0,102800
2026-01-30 02:55:00,1210.0,1210.0,1205.0,1210.0,52600
2026-01-30 03:00:00,1210.0,1215.0,1205.0,1210.0,678800
2026-01-30 03:05:00,1225.0,1225.0,1205.0,1210.0,2683800
2026-01-30 03:10:00,1210.0,1225.0,1210.0,1225.0,994700
2026-01-30 03:15:00,1210.0,1220.0,1210.0,1210.0,475500
2026-01-30 03:20:00,1210.0,1215.0,1210.0,1215.0,192600
2026-01-30 03:25:00,1210.0,1215.0,1210.0,1210.0,17500
2026-01-30 03:30:00,1210.0,1215.0,1205.0,1210.0,181900
2026-01-30 03:35:00,1205.0,1210.0,1205.0,1205.0,44300
2026-01-30 03:40:00,1215.0,1215.0,1205.0,1205.0,437700
2026-01-30 03:45:00,1210.0,1215.0,1205.0,1215.0,239400
2026-01-30 03:50:00,1210.0,1215.0,1205.0,1210.0,92100
2026-01-30 03:55:00,1205.0,1210.0,1205.0,1205.0,55000
2026-01-30 04:00:00,1210.0,1210.0,1205.0,1205.0,275100
2026-01-30 04:05:00,1205.0,1210.0,1205.0,1210.0,11400
2026-01-30 04:10:00,1205.0,1210.0,1205.0,1205.0,168200
2026-01-30 04:15:00,1205.0,1210.0,1205.0,1210.0,27300
2026-01-30 04:20:00,1215.0,1215.0,1205.0,1205.0,150100
2026-01-30 04:25:00,1205.0,1215.0,1205.0,1215.0,68600
2026-01-30 07:00:00,1235.0,1240.0,1210.0,1210.0,15745100
2026-01-30 07:05:00,1240.0,1245.0,1235.0,1235.0,5565600
2026-01-30 07:10:00,1230.0,1245.0,1230.0,1240.0,1844700
2026-01-30 07:15:00,1230.0,1235.0,1230.0,1235.0,307800
2026-01-30 07:20:00,1235.0,1235.0,1230.0,1230.0,537700
2026-01-30 07:25:00,1235.0,1240.0,1235.0,1235.0,246500
2026-01-30 07:30:00,1235.0,1240.0,1230.0,1235.0,1531100
2026-01-30 07:35:00,1230.0,1235.0,1230.0,1230.0,59500
2026-01-30 07:40:00,1230.0,1240.0,1225.0,1230.0,1432900
2026-01-30 07:45:00,1225.0,1235.0,1225.0,1230.0,870600
2026-01-30 07:50:00,1215.0,1230.0,1215.0,1220.0,1679100
2026-01-30 07:55:00,1225.0,1230.0,1210.0,1220.0,1313500
2026-01-30 08:00:00,1220.0,1225.0,1220.0,1225.0,161600
2026-01-30 08:05:00,1225.0,1225.0,1220.0,1220.0,239600
2026-01-30 08:10:00,1220.0,1225.0,1220.0,1225.0,195400
2026-01-30 08:15:00,1230.0,1230.0,1220.0,1220.0,589800
2026-01-30 08:20:00,1225.0,1230.0,1225.0,1225.0,542300
2026-01-30 08:25:00,1230.0,1230.0,1225.0,1225.0,177400
2026-01-30 08:30:00,1225.0,1230.0,1225.0,1230.0,344200
2026-01-30 08:35:00,1225.0,1230.0,1225.0,1230.0,320800
2026-01-30 08:40:00,1220.0,1230.0,1220.0,1225.0,618700
2026-01-30 08:45:00,1230.0,1230.0,1225.0,1230.0,260900
2026-01-30 09:00:00,1230.0,1230.0,1230.0,1230.0,1864900
2026-01-30 09:05:00,1230.0,1230.0,1230.0,1230.0,12500
2026-01-30 09:10:00,1230.0,1230.0,1230.0,1230.0,500
2026-02-02 09:10:00,1220.0,1220.0,1220.0,1220.0,0
2026-02-03 02:00:00,1220.0,1235.0,1215.0,1225.0,0
2026-02-03 02:05:00,1200.0,1220.0,1195.0,1220.0,3161100
2026-02-03 02:10:00,1205.0,1210.0,1175.0,1200.0,2402800
2026-02-03 02:15:00,1210.0,1210.0,1205.0,1205.0,353800
2026-02-03 02:20:00,1210.0,1215.0,1205.0,1210.0,919100
2026-02-03 02:25:00,1210.0,1215.0,1205.0,1210.0,444000
2026-02-03 02:30:00,1210.0,1215.0,1210.0,1210.0,106500
2026-02-03 02:35:00,1215.0,1215.0,1210.0,1210.0,137100
2026-02-03 02:40:00,1220.0,1220.0,1210.0,1215.0,504100
2026-02-03 02:45:00,1225.0,1225.0,1215.0,1220.0,841700
2026-02-03 02:50:00,1230.0,1230.0,1220.0,1225.0,2306800
2026-02-03 02:55:00,1225.0,1230.0,1225.0,1230.0,207600
2026-02-03 03:00:00,1220.0,1225.0,1220.0,1225.0,214600
2026-02-03 03:05:00,1225.0,1225.0,1220.0,1220.0,211800
2026-02-03 03:10:00,1225.0,1225.0,1220.0,1225.0,630800
2026-02-03 03:15:00,1220.0,1225.0,1220.0,1225.0,29100
2026-02-03 03:20:00,1220.0,1225.0,1220.0,1220.0,45100
2026-02-03 03:25:00,1215.0,1225.0,1215.0,1225.0,4291400
2026-02-03 03:30:00,1220.0,1220.0,1215.0,1220.0,9200
2026-02-03 03:35:00,1220.0,1220.0,1215.0,1215.0,65400
2026-02-03 03:40:00,1220.0,1220.0,1220.0,1220.0,17100
2026-02-03 03:45:00,1220.0,1220.0,1215.0,1215.0,38500
2026-02-03 03:50:00,1220.0,1225.0,1215.0,1215.0,714000
2026-02-03 03:55:00,1220.0,1220.0,1220.0,1220.0,87200
2026-02-03 04:00:00,1220.0,1220.0,1215.0,1215.0,60300
2026-02-03 04:05:00,1220.0,1220.0,1215.0,1220.0,57700
2026-02-03 04:10:00,1220.0,1225.0,1220.0,1220.0,250600
2026-02-03 04:15:00,1220.0,1225.0,1215.0,1220.0,71200
2026-02-03 04:20:00,1220.0,1225.0,1215.0,1220.0,660000
2026-02-03 04:25:00,1225.0,1225.0,1220.0,1220.0,958100
2026-02-03 04:30:00,1225.0,1230.0,1225.0,1225.0,1176700
2026-02-03 04:35:00,1230.0,1230.0,1225.0,1230.0,200400
2026-02-03 04:40:00,1230.0,1235.0,1225.0,1230.0,647000
2026-02-03 04:45:00,1225.0,1230.0,1225.0,1230.0,54700
2026-02-03 04:50:00,1230.0,1230.0,1225.0,1230.0,481900
2026-02-03 04:55:00,1225.0,1230.0,1225.0,1230.0,66700
2026-02-03 06:30:00,1230.0,1230.0,1225.0,1230.0,619900
2026-02-03 06:35:00,1230.0,1230.0,1225.0,1225.0,106900
2026-02-03 06:40:00,1230.0,1230.0,1225.0,1225.0,287800
2026-02-03 06:45:00,1230.0,1230.0,1225.0,1230.0,164900
2026-02-03 06:50:00,1230.0,1230.0,1225.0,1230.0,150800
2026-02-03 06:55:00,1225.0,1230.0,1225.0,1230.0,202000
2026-02-03 07:00:00,1230.0,1230.0,1225.0,1230.0,63000
2026-02-03 07:05:00,1230.0,1230.0,1225.0,1230.0,414600
2026-02-03 07:10:00,1230.0,1230.0,1225.0,1230.0,81200
2026-02-03 07:15:00,1230.0,1230.0,1225.0,1230.0,97400
2026-02-03 07:20:00,1230.0,1230.0,1225.0,1230.0,136000
2026-02-03 07:25:00,1230.0,1230.0,1225.0,1230.0,49600
2026-02-03 07:30:00,1225.0,1230.0,1225.0,1230.0,348100
2026-02-03 07:35:00,1225.0,1225.0,1220.0,1225.0,40200
2026-02-03 07:40:00,1225.0,1225.0,1220.0,1225.0,34700
2026-02-03 07:45:00,1230.0,1230.0,1220.0,1225.0,405500
2026-02-03 07:50:00,1230.0,1230.0,1225.0,1230.0,30900
2026-02-03 07:55:00,1230.0,1230.0,1225.0,1230.0,89200
2026-02-03 08:00:00,1230.0,1230.0,1225.0,1225.0,87000
2026-02-03 08:05:00,1225.0,1230.0,1220.0,1230.0,432100
2026-02-03 08:10:00,1225.0,1225.0,1220.0,1225.0,50700
2026-02-03 08:15:00,1225.0,1225.0,1220.0,1225.0,50000
2026-02-03 08:20:00,1225.0,1225.0,1220.0,1225.0,342500
2026-02-03 08:25:00,1225.0,1225.0,1220.0,1225.0,131800
2026-02-03 08:30:00,1220.0,1225.0,1220.0,1225.0,126000
2026-02-03 08:35:00,1225.0,1225.0,1220.0,1220.0,73000
2026-02-03 08:40:00,1225.0,1225.0,1220.0,1225.0,219000
2026-02-03 08:45:00,1225.0,1225.0,1220.0,1225.0,790100
2026-02-03 09:00:00,1225.0,1225.0,1225.0,1225.0,613400
2026-02-03 09:05:00,1225.0,1225.0,1225.0,1225.0,0
2026-02-03 09:10:00,1225.0,1225.0,1225.0,1225.0,6000
2026-02-04 02:00:00,1230.0,1235.0,1220.0,1225.0,0
2026-02-04 02:05:00,1225.0,1235.0,1225.0,1230.0,463800
2026-02-04 02:10:00,1235.0,1240.0,1225.0,1225.0,2409700
2026-02-04 02:15:00,1230.0,1235.0,1230.0,1235.0,49900
2026-02-04 02:20:00,1230.0,1235.0,1230.0,1230.0,284100
2026-02-04 02:25:00,1240.0,1240.0,1235.0,1235.0,1946800
2026-02-04 02:30:00,1235.0,1240.0,1235.0,1235.0,938300
2026-02-04 02:35:00,1225.0,1235.0,1225.0,1235.0,851800
2026-02-04 02:40:00,1225.0,1230.0,1225.0,1225.0,40000
2026-02-04 02:45:00,1230.0,1235.0,1230.0,1230.0,1034600
2026-02-04 02:50:00,1230.0,1235.0,1230.0,1230.0,340400
2026-02-04 02:55:00,1235.0,1235.0,1230.0,1235.0,469500
2026-02-04 03:00:00,1235.0,1240.0,1235.0,1235.0,355800
2026-02-04 03:05:00,1235.0,1240.0,1235.0,1240.0,371900
2026-02-04 03:10:00,1245.0,1250.0,1240.0,1240.0,6291900
2026-02-04 03:15:00,1245.0,1250.0,1245.0,1245.0,624100
2026-02-04 03:20:00,1245.0,1250.0,1245.0,1245.0,1751900
2026-02-04 03:25:00,1245.0,1250.0,1245.0,1250.0,265200
2026-02-04 03:30:00,1260.0,1260.0,1245.0,1245.0,8125900
2026-02-04 03:35:00,1265.0,1270.0,1255.0,1260.0,7582800
2026-02-04 03:40:00,1260.0,1265.0,1260.0,1260.0,2127700
2026-02-04 03:45:00,1260.0,1265.0,1260.0,1260.0,863100
2026-02-04 03:50:00,1260.0,1260.0,1255.0,1260.0,481500
2026-02-04 03:55:00,1260.0,1265.0,1255.0,1260.0,2696000
2026-02-04 04:00:00,1260.0,1265.0,1260.0,1260.0,1868900
2026-02-04 04:05:00,1260.0,1265.0,1260.0,1265.0,304600
2026-02-04 04:10:00,1260.0,1265.0,1260.0,1260.0,807300
2026-02-04 04:15:00,1265.0,1265.0,1260.0,1260.0,609600
2026-02-04 04:20:00,1265.0,1265.0,1260.0,1260.0,323600
2026-02-04 04:25:00,1265.0,1265.0,1260.0,1260.0,1408100
2026-02-04 04:30:00,1260.0,1265.0,1255.0,1265.0,1204500
2026-02-04 04:35:00,1270.0,1270.0,1260.0,1260.0,2661500
2026-02-04 04:40:00,1270.0,1270.0,1265.0,1270.0,1551000
2026-02-04 04:45:00,1270.0,1270.0,1265.0,1270.0,788300
2026-02-04 04:50:00,1270.0,1275.0,1265.0,1270.0,3151500
2026-02-04 04:55:00,1265.0,1270.0,1265.0,1270.0,307100
2026-02-04 06:30:00,1280.0,1280.0,1265.0,1270.0,6994900
2026-02-04 06:35:00,1280.0,1285.0,1275.0,1280.0,4513700
2026-02-04 06:40:00,1295.0,1295.0,1280.0,1280.0,10811600
2026-02-04 06:45:00,1285.0,1295.0,1285.0,1290.0,4893500
2026-02-04 06:50:00,1290.0,1290.0,1285.0,1285.0,1232100
2026-02-04 06:55:00,1295.0,1300.0,1285.0,1290.0,7025400
2026-02-04 07:00:00,1295.0,1300.0,1295.0,1295.0,4344700
2026-02-04 07:05:00,1305.0,1305.0,1295.0,1295.0,5065400
2026-02-04 07:10:00,1320.0,1325.0,1300.0,1305.0,11758900
2026-02-04 07:15:00,1315.0,1325.0,1310.0,1320.0,5255900
2026-02-04 07:20:00,1310.0,1320.0,1310.0,1315.0,4044000
2026-02-04 07:25:00,1310.0,1315.0,1305.0,1310.0,2791400
2026-02-04 07:30:00,1310.0,1315.0,1310.0,1310.0,2475200
2026-02-04 07:35:00,1315.0,1320.0,1310.0,1310.0,2936900
2026-02-04 07:40:00,1315.0,1320.0,1315.0,1315.0,917900
2026-02-04 07:45:00,1315.0,1320.0,1315.0,1315.0,1064100
2026-02-04 07:50:00,1320.0,1320.0,1315.0,1315.0,789700
2026-02-04 07:55:00,1315.0,1320.0,1315.0,1315.0,472000
2026-02-04 08:00:00,1320.0,1325.0,1315.0,1315.0,5835100
2026-02-04 08:05:00,1320.0,1325.0,1315.0,1315.0,2643800
2026-02-04 08:10:00,1315.0,1320.0,1315.0,1320.0,761900
2026-02-04 08:15:00,1320.0,1325.0,1320.0,1320.0,1584400
2026-02-04 08:20:00,1320.0,1325.0,1320.0,1320.0,1945300
2026-02-04 08:25:00,1325.0,1325.0,1320.0,1320.0,588000
2026-02-04 08:30:00,1325.0,1325.0,1320.0,1325.0,1567200
2026-02-04 08:35:00,1350.0,1350.0,1320.0,1325.0,15538100
2026-02-04 08:40:00,1335.0,1350.0,1330.0,1345.0,8059900
2026-02-04 08:45:00,1335.0,1345.0,1330.0,1335.0,2684500
2026-02-04 09:00:00,1340.0,1340.0,1340.0,1340.0,5188300
2026-02-04 09:05:00,1340.0,1340.0,1340.0,1340.0,492300
2026-02-04 09:10:00,1340.0,1340.0,1340.0,1340.0,103300
2026-02-05 02:00:00,1340.0,1340.0,1315.0,1340.0,0
2026-02-05 02:05:00,1335.0,1340.0,1325.0,1335.0,5173200
2026-02-05 02:10:00,1325.0,1335.0,1325.0,1335.0,2320600
2026-02-05 02:15:00,1325.0,1330.0,1320.0,1325.0,1710300
2026-02-05 02:20:00,1320.0,1330.0,1315.0,1320.0,3970400
2026-02-05 02:25:00,1315.0,1320.0,1315.0,1320.0,1936600
2026-02-05 02:30:00,1320.0,1320.0,1315.0,1320.0,2235500
2026-02-05 02:35:00,1320.0,1325.0,1320.0,1325.0,1370800
2026-02-05 02:40:00,1320.0,1325.0,1320.0,1325.0,947700
2026-02-05 02:45:00,1325.0,1325.0,1320.0,1320.0,283100
2026-02-05 02:50:00,1305.0,1325.0,1305.0,1320.0,5194100
2026-02-05 02:55:00,1310.0,1310.0,1305.0,1305.0,1443700
2026-02-05 03:00:00,1310.0,1310.0,1305.0,1310.0,1085100
2026-02-05 03:05:00,1315.0,1315.0,1305.0,1310.0,1059200
2026-02-05 03:10:00,1320.0,1320.0,1310.0,1310.0,1556000
2026-02-05 03:15:00,1320.0,1325.0,1315.0,1320.0,438300
2026-02-05 03:20:00,1325.0,1325.0,1320.0,1325.0,497400
2026-02-05 03:25:00,1325.0,1325.0,1320.0,1325.0,672900
2026-02-05 03:30:00,1325.0,1330.0,1325.0,1325.0,606000
2026-02-05 03:35:00,1325.0,1330.0,1325.0,1325.0,274900
2026-02-05 03:40:00,1330.0,1330.0,1325.0,1330.0,1072700
2026-02-05 03:45:00,1325.0,1330.0,1325.0,1325.0,372500
2026-02-05 03:50:00,1325.0,1330.0,1325.0,1330.0,592900
2026-02-05 03:55:00,1325.0,1330.0,1325.0,1325.0,1556200
2026-02-05 04:00:00,1320.0,1330.0,1320.0,1325.0,555100
2026-02-05 04:05:00,1330.0,1330.0,1320.0,1325.0,420200
2026-02-05 04:10:00,1325.0,1330.0,1325.0,1330.0,110300
2026-02-05 04:15:00,1325.0,1330.0,1325.0,1325.0,172000
2026-02-05 04:20:00,1325.0,1330.0,1325.0,1325.0,409700
2026-02-05 04:25:00,1330.0,1330.0,1325.0,1325.0,566500
2026-02-05 04:30:00,1330.0,1330.0,1325.0,1325.0,1514700
2026-02-05 04:35:00,1330.0,1335.0,1325.0,1330.0,693200
2026-02-05 04:40:00,1325.0,1330.0,1325.0,1325.0,418800
2026-02-05 04:45:00,1325.0,1330.0,1325.0,1325.0,205500
2026-02-05 04:50:00,1330.0,1330.0,1325.0,1330.0,216300
2026-02-05 04:55:00,1325.0,1330.0,1325.0,1325.0,67500
2026-02-05 06:30:00,1330.0,1330.0,1320.0,1330.0,1430200
2026-02-05 06:35:00,1325.0,1330.0,1325.0,1330.0,2905000
2026-02-05 06:40:00,1340.0,1340.0,1330.0,1330.0,3541900
2026-02-05 06:45:00,1335.0,1340.0,1335.0,1340.0,1637000
2026-02-05 06:50:00,1335.0,1345.0,1335.0,1335.0,1446100
2026-02-05 06:55:00,1330.0,1340.0,1330.0,1335.0,1558200
2026-02-05 07:00:00,1335.0,1335.0,1330.0,1330.0,79500
2026-02-05 07:05:00,1325.0,1335.0,1325.0,1330.0,1460500
2026-02-05 07:10:00,1320.0,1325.0,1320.0,1325.0,308500
2026-02-05 07:15:00,1325.0,1325.0,1320.0,1320.0,88100
2026-02-05 07:20:00,1320.0,1325.0,1320.0,1325.0,316900
2026-02-05 07:25:00,1325.0,1330.0,1320.0,1320.0,970200
2026-02-05 07:30:00,1325.0,1330.0,1325.0,1325.0,208700
2026-02-05 07:35:00,1325.0,1330.0,1325.0,1325.0,559900
2026-02-05 07:40:00,1325.0,1330.0,1325.0,1325.0,252500
2026-02-05 07:45:00,1330.0,1330.0,1325.0,1325.0,135500
2026-02-05 07:50:00,1325.0,1330.0,1320.0,1325.0,691900
2026-02-05 07:55:00,1320.0,1325.0,1320.0,1325.0,97900
2026-02-05 08:00:00,1325.0,1325.0,1320.0,1320.0,190600
2026-02-05 08:05:00,1320.0,1325.0,1320.0,1325.0,261200
2026-02-05 08:10:00,1325.0,1325.0,1320.0,1325.0,362700
2026-02-05 08:15:00,1325.0,1330.0,1320.0,1325.0,532700
2026-02-05 08:20:00,1320.0,1330.0,1320.0,1325.0,1006600
2026-02-05 08:25:00,1325.0,1330.0,1320.0,1320.0,1067200
2026-02-05 08:30:00,1320.0,1330.0,1315.0,1325.0,2555000
2026-02-05 08:35:00,1315.0,1320.0,1315.0,1315.0,1890400
2026-02-05 08:40:00,1320.0,1320.0,1310.0,1310.0,987800
2026-02-05 08:45:00,1310.0,1320.0,1310.0,1315.0,1712600
2026-02-05 09:00:00,1320.0,1320.0,1320.0,1320.0,3953300
2026-02-05 09:05:00,1320.0,1320.0,1320.0,1320.0,80900
2026-02-05 09:10:00,1320.0,1320.0,1320.0,1320.0,0
2026-02-06 02:00:00,1280.0,1295.0,1270.0,1280.0,0
2026-02-06 02:05:00,1300.0,1305.0,1275.0,1280.0,5549700
2026-02-06 02:10:00,1305.0,1305.0,1295.0,1300.0,1739600
2026-02-06 02:15:00,1305.0,1310.0,1300.0,1305.0,1581800
2026-02-06 02:20:00,1305.0,1310.0,1300.0,1305.0,824400
2026-02-06 02:25:00,1305.0,1310.0,1300.0,1310.0,849200
2026-02-06 02:30:00,1295.0,1305.0,1290.0,1300.0,3187100
2026-02-06 02:35:00,1290.0,1295.0,1280.0,1295.0,4983800
2026-02-06 02:40:00,1290.0,1295.0,1280.0,1285.0,1546300
2026-02-06 02:45:00,1295.0,1300.0,1295.0,1295.0,295600
2026-02-06 02:50:00,1295.0,1300.0,1290.0,1295.0,516700
2026-02-06 02:55:00,1295.0,1295.0,1290.0,1290.0,877500
2026-02-06 03:00:00,1290.0,1295.0,1285.0,1290.0,844200
2026-02-06 03:05:00,1290.0,1295.0,1290.0,1290.0,181600
2026-02-06 03:10:00,1300.0,1300.0,1290.0,1295.0,861200
2026-02-06 03:15:00,1295.0,1300.0,1290.0,1300.0,728600
2026-02-06 03:20:00,1305.0,1305.0,1290.0,1295.0,937400
2026-02-06 03:25:00,1295.0,1305.0,1295.0,1300.0,863600
2026-02-06 03:30:00,1295.0,1300.0,1295.0,1300.0,11600
2026-02-06 03:35:00,1300.0,1300.0,1295.0,1295.0,40100
2026-02-06 03:40:00,1295.0,1300.0,1290.0,1295.0,709100
2026-02-06 03:45:00,1295.0,1295.0,1285.0,1290.0,1463300
2026-02-06 03:50:00,1280.0,1290.0,1280.0,1290.0,1450500
2026-02-06 03:55:00,1280.0,1290.0,1280.0,1280.0,2141700
2026-02-06 04:00:00,1280.0,1285.0,1275.0,1280.0,2339100
2026-02-06 04:05:00,1280.0,1285.0,1280.0,1285.0,433200
2026-02-06 04:10:00,1285.0,1295.0,1280.0,1285.0,854600
2026-02-06 04:15:00,1280.0,1290.0,1280.0,1285.0,294900
2026-02-06 04:20:00,1280.0,1290.0,1280.0,1290.0,179900
2026-02-06 04:25:00,1280.0,1285.0,1280.0,1280.0,328700
2026-02-06 07:00:00,1285.0,1290.0,1275.0,1280.0,2056000
2026-02-06 07:05:00,1285.0,1285.0,1280.0,1280.0,1114900
2026-02-06 07:10:00,1285.0,1295.0,1280.0,1290.0,1865300
2026-02-06 07:15:00,1290.0,1290.0,1285.0,1285.0,254700
2026-02-06 07:20:00,1295.0,1295.0,1285.0,1290.0,445100
2026-02-06 07:25:00,1295.0,1295.0,1290.0,1295.0,90400
2026-02-06 07:30:00,1295.0,1295.0,1290.0,1295.0,146800
2026-02-06 07:35:00,1295.0,1295.0,1290.0,1295.0,224400
2026-02-06 07:40:00,1290.0,1295.0,1290.0,1295.0,1576300
2026-02-06 07:45:00,1290.0,1290.0,1290.0,1290.0,60700
2026-02-06 07:50:00,1285.0,1290.0,1285.0,1290.0,631800
2026-02-06 07:55:00,1290.0,1290.0,1285.0,1290.0,220700
2026-02-06 08:00:00,1290.0,1290.0,1285.0,1290.0,971300
2026-02-06 08:05:00,1290.0,1295.0,1285.0,1285.0,1560800
2026-02-06 08:10:00,1290.0,1290.0,1285.0,1290.0,100900
2026-02-06 08:15:00,1280.0,1290.0,1280.0,1285.0,1688400
2026-02-06 08:20:00,1275.0,1285.0,1275.0,1280.0,3036000
2026-02-06 08:25:00,1275.0,1280.0,1275.0,1275.0,336000
2026-02-06 08:30:00,1280.0,1285.0,1275.0,1275.0,385900
2026-02-06 08:35:00,1290.0,1290.0,1280.0,1280.0,453100
2026-02-06 08:40:00,1285.0,1290.0,1280.0,1290.0,1348900
2026-02-06 08:45:00,1280.0,1290.0,1275.0,1285.0,1473500
2026-02-06 09:00:00,1280.0,1280.0,1280.0,1280.0,1884700
2026-02-06 09:05:00,1280.0,1280.0,1280.0,1280.0,133500
2026-02-06 09:10:00,1280.0,1280.0,1280.0,1280.0,112400
2026-02-09 02:00:00,1280.0,1295.0,1260.0,1295.0,0
2026-02-09 02:05:00,1270.0,1285.0,1265.0,1280.0,2877000
2026-02-09 02:10:00,1250.0,1270.0,1250.0,1270.0,6256100
2026-02-09 02:15:00,1260.0,1260.0,1250.0,1255.0,1175300
2026-02-09 02:20:00,1250.0,1260.0,1250.0,1255.0,1990600
2026-02-09 02:25:00,1265.0,1265.0,1250.0,1250.0,2011000
2026-02-09 02:30:00,1270.0,1275.0,1260.0,1265.0,1641900
2026-02-09 02:35:00,1265.0,1270.0,1260.0,1265.0,329600
2026-02-09 02:40:00,1265.0,1265.0,1255.0,1265.0,1174500
2026-02-09 02:45:00,1255.0,1265.0,1255.0,1265.0,476700
2026-02-09 02:50:00,1260.0,1260.0,1255.0,1260.0,235600
2026-02-09 02:55:00,1260.0,1260.0,1255.0,1260.0,132900
2026-02-09 03:00:00,1265.0,1265.0,1255.0,1260.0,336200
2026-02-09 03:05:00,1260.0,1265.0,1255.0,1265.0,862200
2026-02-09 03:10:00,1260.0,1260.0,1255.0,1260.0,492800
2026-02-09 03:15:00,1260.0,1260.0,1255.0,1255.0,297700
2026-02-09 03:20:00,1260.0,1260.0,1255.0,1260.0,220200
2026-02-09 03:25:00,1255.0,1260.0,1255.0,1260.0,431300
2026-02-09 03:30:00,1260.0,1260.0,1255.0,1260.0,172100
2026-02-09 03:35:00,1260.0,1260.0,1255.0,1260.0,346900
2026-02-09 03:40:00,1260.0,1260.0,1255.0,1255.0,214700
2026-02-09 03:45:00,1250.0,1260.0,1250.0,1260.0,2659300
2026-02-09 03:50:00,1260.0,1260.0,1250.0,1255.0,715800
2026-02-09 03:55:00,1265.0,1265.0,1255.0,1260.0,617600
2026-02-09 04:00:00,1265.0,1265.0,1260.0,1265.0,467000
2026-02-09 04:05:00,1265.0,1265.0,1260.0,1260.0,523900
2026-02-09 04:10:00,1255.0,1265.0,1255.0,1260.0,1477800
2026-02-09 04:15:00,1255.0,1260.0,1255.0,1255.0,922700
2026-02-09 04:20:00,1255.0,1255.0,1250.0,1255.0,580400
2026-02-09 04:25:00,1260.0,1260.0,1255.0,1255.0,198200
2026-02-09 04:30:00,1260.0,1265.0,1260.0,1260.0,410800
2026-02-09 04:35:00,1260.0,1265.0,1255.0,1265.0,510000
2026-02-09 04:40:00,1260.0,1260.0,1255.0,1260.0,79300
2026-02-09 04:45:00,1260.0,1260.0,1255.0,1255.0,103900
2026-02-09 04:50:00,1260.0,1260.0,1255.0,1255.0,598900
2026-02-09 04:55:00,1255.0,1260.0,1255.0,1260.0,225900
2026-02-09 06:30:00,1260.0,1260.0,1255.0,1260.0,330400
2026-02-09 06:35:00,1260.0,1260.0,1255.0,1260.0,194800
2026-02-09 06:40:00,1255.0,1260.0,1250.0,1255.0,1726000
2026-02-09 06:45:00,1255.0,1255.0,1250.0,1255.0,1530400
2026-02-09 06:50:00,1255.0,1260.0,1250.0,1260.0,1103700
2026-02-09 06:55:00,1250.0,1255.0,1250.0,1255.0,158900
2026-02-09 07:00:00,1255.0,1255.0,1250.0,1255.0,221600
2026-02-09 07:05:00,1250.0,1255.0,1245.0,1255.0,2925300
2026-02-09 07:10:00,1250.0,1250.0,1245.0,1250.0,129700
2026-02-09 07:15:00,1250.0,1250.0,1245.0,1250.0,322900
2026-02-09 07:20:00,1250.0,1250.0,1245.0,1250.0,706400
2026-02-09 07:25:00,1250.0,1250.0,1245.0,1250.0,1224900
2026-02-09 07:30:00,1250.0,1250.0,1245.0,1250.0,1441500
2026-02-09 07:35:00,1250.0,1250.0,1245.0,1250.0,491100
2026-02-09 07:40:00,1245.0,1250.0,1245.0,1250.0,211900
2026-02-09 07:45:00,1250.0,1250.0,1245.0,1245.0,190100
2026-02-09 07:50:00,1250.0,1250.0,1245.0,1250.0,187900
2026-02-09 07:55:00,1245.0,1250.0,1245.0,1250.0,173800
2026-02-09 08:00:00,1250.0,1250.0,1245.0,1250.0,371500
2026-02-09 08:05:00,1245.0,1250.0,1245.0,1245.0,158200
2026-02-09 08:10:00,1250.0,1250.0,1245.0,1245.0,421800
2026-02-09 08:15:00,1250.0,1250.0,1245.0,1250.0,486700
2026-02-09 08:20:00,1255.0,1255.0,1245.0,1250.0,495200
2026-02-09 08:25:00,1255.0,1255.0,1250.0,1255.0,267800
2026-02-09 08:30:00,1255.0,1255.0,1250.0,1255.0,526300
2026-02-09 08:35:00,1255.0,1255.0,1250.0,1255.0,123300
2026-02-09 08:40:00,1245.0,1255.0,1245.0,1255.0,1485700
2026-02-09 08:45:00,1250.0,1255.0,1245.0,1245.0,805900
2026-02-09 09:00:00,1255.0,1255.0,1255.0,1255.0,2888000
2026-02-09 09:05:00,1255.0,1255.0,1255.0,1255.0,229600
2026-02-09 09:10:00,1255.0,1255.0,1255.0,1255.0,17200
2026-02-10 02:00:00,1285.0,1285.0,1265.0,1270.0,0
2026-02-10 02:05:00,1275.0,1285.0,1270.0,1280.0,2461100
2026-02-10 02:10:00,1280.0,1280.0,1270.0,1275.0,971900
2026-02-10 02:15:00,1275.0,1280.0,1270.0,1280.0,1365800
2026-02-10 02:20:00,1280.0,1285.0,1275.0,1275.0,3167800
2026-02-10 02:25:00,1285.0,1290.0,1280.0,1280.0,2126200
2026-02-10 02:30:00,1290.0,1290.0,1285.0,1290.0,1611900
2026-02-10 02:35:00,1285.0,1290.0,1280.0,1290.0,1357600
2026-02-10 02:40:00,1285.0,1285.0,1280.0,1280.0,688900
2026-02-10 02:45:00,1300.0,1300.0,1280.0,1280.0,3574000
2026-02-10 02:50:00,1300.0,1310.0,1295.0,1300.0,5381700
2026-02-10 02:55:00,1300.0,1300.0,1295.0,1300.0,913500
2026-02-10 03:00:00,1300.0,1300.0,1295.0,1300.0,94800
2026-02-10 03:05:00,1295.0,1300.0,1295.0,1295.0,765800
2026-02-10 03:10:00,1290.0,1295.0,1290.0,1290.0,412700
2026-02-10 03:15:00,1290.0,1295.0,1290.0,1295.0,819000
2026-02-10 03:20:00,1290.0,1295.0,1290.0,1290.0,1007600
2026-02-10 03:25:00,1280.0,1290.0,1280.0,1290.0,2219000
2026-02-10 03:30:00,1285.0,1290.0,1280.0,1280.0,303200
2026-02-10 03:35:00,1285.0,1290.0,1285.0,1285.0,23000
2026-02-10 03:40:00,1290.0,1290.0,1285.0,1285.0,63200
2026-02-10 03:45:00,1285.0,1290.0,1285.0,1285.0,37600
2026-02-10 03:50:00,1290.0,1290.0,1285.0,1285.0,124700
2026-02-10 03:55:00,1290.0,1290.0,1285.0,1290.0,34700
2026-02-10 04:00:00,1290.0,1290.0,1285.0,1290.0,186200
2026-02-10 04:05:00,1290.0,1290.0,1285.0,1290.0,72700
2026-02-10 04:10:00,1290.0,1290.0,1285.0,1290.0,185600
2026-02-10 04:15:00,1290.0,1290.0,1285.0,1290.0,139100
2026-02-10 04:20:00,1290.0,1290.0,1285.0,1290.0,66900
2026-02-10 04:25:00,1290.0,1295.0,1285.0,1290.0,964200
2026-02-10 04:30:00,1295.0,1295.0,1290.0,1290.0,104500
2026-02-10 04:35:00,1295.0,1295.0,1290.0,1295.0,359900
2026-02-10 04:40:00,1290.0,1295.0,1285.0,1290.0,397800
2026-02-10 04:45:00,1290.0,1290.0,1285.0,1290.0,177600
2026-02-10 04:50:00,1290.0,1290.0,1285.0,1290.0,19700
2026-02-10 04:55:00,1285.0,1290.0,1285.0,1290.0,233300
2026-02-10 06:30:00,1290.0,1290.0,1285.0,1285.0,265200
2026-02-10 06:35:00,1290.0,1290.0,1285.0,1290.0,554100
2026-02-10 06:40:00,1290.0,1295.0,1290.0,1290.0,93400
2026-02-10 06:45:00,1290.0,1295.0,1290.0,1290.0,237300
2026-02-10 06:50:00,1290.0,1295.0,1290.0,1290.0,368200
2026-02-10 06:55:00,1290.0,1295.0,1290.0,1295.0,86800
2026-02-10 07:00:00,1290.0,1295.0,1290.0,1290.0,63900
2026-02-10 07:05:00,1300.0,1300.0,1290.0,1290.0,1495200
2026-02-10 07:10:00,1300.0,1305.0,1295.0,1300.0,2759600
2026-02-10 07:15:00,1295.0,1305.0,1295.0,1305.0,772200
2026-02-10 07:20:00,1295.0,1300.0,1295.0,1295.0,129100
2026-02-10 07:25:00,1295.0,1295.0,1290.0,1295.0,785500
2026-02-10 07:30:00,1290.0,1295.0,1290.0,1295.0,160400
2026-02-10 07:35:00,1290.0,1295.0,1290.0,1295.0,65100
2026-02-10 07:40:00,1295.0,1295.0,1290.0,1295.0,78000
2026-02-10 07:45:00,1295.0,1295.0,1290.0,1290.0,101300
2026-02-10 07:50:00,1290.0,1295.0,1290.0,1290.0,36100
2026-02-10 07:55:00,1290.0,1295.0,1290.0,1290.0,61600
2026-02-10 08:00:00,1290.0,1295.0,1290.0,1290.0,87900
2026-02-10 08:05:00,1290.0,1295.0,1290.0,1295.0,2252900
2026-02-10 08:10:00,1290.0,1295.0,1285.0,1290.0,1160600
2026-02-10 08:15:00,1295.0,1295.0,1290.0,1290.0,65400
2026-02-10 08:20:00,1290.0,1295.0,1290.0,1295.0,23100
2026-02-10 08:25:00,1295.0,1295.0,1290.0,1290.0,162500
2026-02-10 08:30:00,1290.0,1295.0,1290.0,1295.0,244600
2026-02-10 08:35:00,1295.0,1295.0,1290.0,1295.0,174200
2026-02-10 08:40:00,1290.0,1295.0,1290.0,1295.0,1228800
2026-02-10 08:45:00,1290.0,1295.0,1290.0,1290.0,894200
2026-02-10 09:00:00,1295.0,1295.0,1295.0,1295.0,2171600
2026-02-10 09:05:00,1295.0,1295.0,1295.0,1295.0,0
2026-02-10 09:10:00,1295.0,1295.0,1295.0,1295.0,134500
2026-02-11 02:00:00,1320.0,1330.0,1310.0,1315.0,0
2026-02-11 02:05:00,1325.0,1330.0,1315.0,1325.0,4262100
2026-02-11 02:10:00,1330.0,1335.0,1325.0,1330.0,3527600
2026-02-11 02:15:00,1325.0,1330.0,1320.0,1325.0,2520300
2026-02-11 02:20:00,1325.0,1330.0,1325.0,1325.0,1005300
2026-02-11 02:25:00,1320.0,1330.0,1320.0,1325.0,502200
2026-02-11 02:30:00,1325.0,1325.0,1320.0,1320.0,282500
2026-02-11 02:35:00,1320.0,1325.0,1315.0,1325.0,3726100
2026-02-11 02:40:00,1320.0,1325.0,1320.0,1320.0,804700
2026-02-11 02:45:00,1320.0,1325.0,1315.0,1320.0,957500
2026-02-11 02:50:00,1325.0,1325.0,1320.0,1320.0,2070100
2026-02-11 02:55:00,1325.0,1330.0,1325.0,1325.0,186200
2026-02-11 03:00:00,1325.0,1330.0,1320.0,1330.0,1691300
2026-02-11 03:05:00,1320.0,1330.0,1320.0,1325.0,429200
2026-02-11 03:10:00,1325.0,1325.0,1320.0,1325.0,603900
2026-02-11 03:15:00,1330.0,1330.0,1325.0,1325.0,396000
2026-02-11 03:20:00,1325.0,1330.0,1325.0,1325.0,596900
2026-02-11 03:25:00,1325.0,1330.0,1325.0,1330.0,441100
2026-02-11 03:30:00,1330.0,1330.0,1325.0,1330.0,148000
2026-02-11 03:35:00,1325.0,1330.0,1320.0,1330.0,1920000
2026-02-11 03:40:00,1320.0,1325.0,1320.0,1320.0,938800
2026-02-11 03:45:00,1325.0,1325.0,1320.0,1320.0,162100
2026-02-11 03:50:00,1320.0,1325.0,1320.0,1320.0,136800
2026-02-11 03:55:00,1325.0,1325.0,1320.0,1325.0,93900
2026-02-11 04:00:00,1325.0,1325.0,1320.0,1320.0,669000
2026-02-11 04:05:00,1320.0,1325.0,1320.0,1325.0,743700
2026-02-11 04:10:00,1320.0,1325.0,1320.0,1320.0,759100
2026-02-11 04:15:00,1325.0,1325.0,1320.0,1320.0,60500
2026-02-11 04:20:00,1320.0,1325.0,1320.0,1320.0,147700
2026-02-11 04:25:00,1320.0,1325.0,1320.0,1325.0,296900
2026-02-11 04:30:00,1320.0,1325.0,1320.0,1325.0,230600
2026-02-11 04:35:00,1320.0,1325.0,1320.0,1320.0,91300
2026-02-11 04:40:00,1325.0,1325.0,1320.0,1325.0,262100
2026-02-11 04:45:00,1320.0,1325.0,1320.0,1320.0,322600
2026-02-11 04:50:00,1330.0,1330.0,1320.0,1325.0,2051400
2026-02-11 04:55:00,1320.0,1330.0,1320.0,1330.0,1607200
2026-02-11 06:30:00,1320.0,1325.0,1320.0,1320.0,1553900
2026-02-11 06:35:00,1320.0,1325.0,1320.0,1320.0,59100
2026-02-11 06:40:00,1315.0,1325.0,1315.0,1320.0,929300
2026-02-11 06:45:00,1325.0,1325.0,1315.0,1320.0,678400
2026-02-11 06:50:00,1320.0,1325.0,1320.0,1325.0,1695500
2026-02-11 06:55:00,1320.0,1325.0,1320.0,1325.0,1719000
2026-02-11 07:00:00,1325.0,1325.0,1320.0,1320.0,2476900
2026-02-11 07:05:00,1325.0,1325.0,1320.0,1325.0,92900
2026-02-11 07:10:00,1335.0,1335.0,1320.0,1320.0,6985900
2026-02-11 07:15:00,1330.0,1335.0,1330.0,1335.0,1311100
2026-02-11 07:20:00,1335.0,1335.0,1330.0,1335.0,1135600
2026-02-11 07:25:00,1330.0,1335.0,1330.0,1335.0,338900
2026-02-11 07:30:00,1330.0,1335.0,1330.0,1330.0,429800
2026-02-11 07:35:00,1345.0,1345.0,1330.0,1330.0,9321700
2026-02-11 07:40:00,1340.0,1345.0,1335.0,1340.0,1787900
2026-02-11 07:45:00,1345.0,1345.0,1340.0,1340.0,365800
2026-02-11 07:50:00,1340.0,1345.0,1340.0,1340.0,904000
2026-02-11 07:55:00,1340.0,1345.0,1340.0,1345.0,993600
2026-02-11 08:00:00,1345.0,1345.0,1340.0,1340.0,737900
2026-02-11 08:05:00,1340.0,1345.0,1340.0,1340.0,242500
2026-02-11 08:10:00,1345.0,1345.0,1340.0,1345.0,243300
2026-02-11 08:15:00,1340.0,1345.0,1340.0,1340.0,929400
2026-02-11 08:20:00,1345.0,1345.0,1340.0,1340.0,531400
2026-02-11 08:25:00,1340.0,1345.0,1340.0,1340.0,867500
2026-02-11 08:30:00,1345.0,1345.0,1340.0,1340.0,381000
2026-02-11 08:35:00,1340.0,1345.0,1340.0,1345.0,3415900
2026-02-11 08:40:00,1340.0,1345.0,1340.0,1340.0,1158100
2026-02-11 08:45:00,1340.0,1345.0,1335.0,1340.0,1271500
2026-02-11 09:00:00,1345.0,1345.0,1345.0,1345.0,2221700
2026-02-11 09:05:00,1345.0,1345.0,1345.0,1345.0,19800
2026-02-11 09:10:00,1345.0,1345.0,1345.0,1345.0,35900
2026-02-12 02:00:00,1345.0,1350.0,1340.0,1345.0,0
2026-02-12 02:05:00,1340.0,1345.0,1340.0,1340.0,1056400
2026-02-12 02:10:00,1345.0,1350.0,1340.0,1345.0,1777300
2026-02-12 02:15:00,1345.0,1350.0,1345.0,1350.0,1080700
2026-02-12 02:20:00,1345.0,1350.0,1345.0,1345.0,1696100
2026-02-12 02:25:00,1345.0,1350.0,1345.0,1345.0,803800
2026-02-12 02:30:00,1355.0,1365.0,1345.0,1345.0,7151700
2026-02-12 02:35:00,1355.0,1360.0,1350.0,1360.0,1153100
2026-02-12 02:40:00,1350.0,1355.0,1350.0,1355.0,156300
2026-02-12 02:45:00,1350.0,1355.0,1350.0,1350.0,155500
2026-02-12 02:50:00,1355.0,1355.0,1350.0,1355.0,168100
2026-02-12 02:55:00,1355.0,1355.0,1350.0,1355.0,208300
2026-02-12 03:00:00,1355.0,1355.0,1350.0,1355.0,1464000
2026-02-12 03:05:00,1355.0,1360.0,1350.0,1355.0,1297600
2026-02-12 03:10:00,1355.0,1360.0,1355.0,1360.0,157600
2026-02-12 03:15:00,1355.0,1360.0,1355.0,1360.0,1611800
2026-02-12 03:20:00,1375.0,1380.0,1355.0,1360.0,10922200
2026-02-12 03:25:00,1365.0,1380.0,1365.0,1380.0,3517900
2026-02-12 03:30:00,1365.0,1370.0,1365.0,1370.0,117300
2026-02-12 03:35:00,1365.0,1370.0,1365.0,1370.0,838900
2026-02-12 03:40:00,1365.0,1370.0,1360.0,1365.0,1482200
2026-02-12 03:45:00,1360.0,1370.0,1360.0,1370.0,824400
2026-02-12 03:50:00,1365.0,1365.0,1360.0,1365.0,435200
2026-02-12 03:55:00,1360.0,1365.0,1360.0,1365.0,185700
2026-02-12 04:00:00,1355.0,1365.0,1355.0,1365.0,567500
2026-02-12 04:05:00,1360.0,1365.0,1355.0,1360.0,1195100
2026-02-12 04:10:00,1365.0,1365.0,1360.0,1365.0,203300
2026-02-12 04:15:00,1360.0,1365.0,1360.0,1365.0,189900
2026-02-12 04:20:00,1370.0,1375.0,1360.0,1360.0,2669700
2026-02-12 04:25:00,1370.0,1375.0,1370.0,1375.0,821400
2026-02-12 04:30:00,1370.0,1375.0,1370.0,1375.0,699800
2026-02-12 04:35:00,1375.0,1375.0,1370.0,1370.0,277900
2026-02-12 04:40:00,1375.0,1375.0,1370.0,1375.0,511200
2026-02-12 04:45:00,1370.0,1375.0,1370.0,1375.0,177200
2026-02-12 04:50:00,1370.0,1375.0,1365.0,1375.0,2479600
2026-02-12 04:55:00,1365.0,1375.0,1365.0,1375.0,267900
2026-02-12 06:30:00,1375.0,1375.0,1365.0,1370.0,2290900
2026-02-12 06:35:00,1375.0,1375.0,1370.0,1375.0,861100
2026-02-12 06:40:00,1370.0,1375.0,1370.0,1375.0,2428600
2026-02-12 06:45:00,1375.0,1375.0,1370.0,1375.0,1118400
2026-02-12 06:50:00,1375.0,1375.0,1370.0,1375.0,401400
2026-02-12 06:55:00,1370.0,1375.0,1370.0,1375.0,456300
2026-02-12 07:00:00,1370.0,1375.0,1370.0,1375.0,117300
2026-02-12 07:05:00,1375.0,1375.0,1370.0,1375.0,346200
2026-02-12 07:10:00,1370.0,1375.0,1370.0,1375.0,820700
2026-02-12 07:15:00,1370.0,1375.0,1370.0,1375.0,451900
2026-02-12 07:20:00,1370.0,1375.0,1365.0,1375.0,991800
2026-02-12 07:25:00,1370.0,1370.0,1365.0,1370.0,360300
2026-02-12 07:30:00,1370.0,1370.0,1365.0,1370.0,358000
2026-02-12 07:35:00,1370.0,1370.0,1365.0,1370.0,296000
2026-02-12 07:40:00,1370.0,1370.0,1365.0,1370.0,319700
2026-02-12 07:45:00,1370.0,1370.0,1365.0,1370.0,286000
2026-02-12 07:50:00,1365.0,1370.0,1365.0,1370.0,476800
2026-02-12 07:55:00,1370.0,1370.0,1365.0,1370.0,232400
2026-02-12 08:00:00,1370.0,1370.0,1365.0,1370.0,580200
2026-02-12 08:05:00,1365.0,1370.0,1365.0,1370.0,617900
2026-02-12 08:10:00,1365.0,1370.0,1365.0,1370.0,350000
2026-02-12 08:15:00,1370.0,1370.0,1365.0,1370.0,454600
2026-02-12 08:20:00,1370.0,1370.0,1365.0,1370.0,413000
2026-02-12 08:25:00,1365.0,1370.0,1365.0,1370.0,3772800
2026-02-12 08:30:00,1355.0,1370.0,1355.0,1370.0,2550000
2026-02-12 08:35:00,1355.0,1360.0,1355.0,1355.0,1853100
2026-02-12 08:40:00,1360.0,1360.0,1350.0,1360.0,1644400
2026-02-12 08:45:00,1360.0,1360.0,1350.0,1360.0,1146600
2026-02-12 09:00:00,1360.0,1360.0,1360.0,1360.0,2379200
2026-02-12 09:05:00,1360.0,1360.0,1360.0,1360.0,18700
2026-02-12 09:10:00,1360.0,1360.0,1360.0,1360.0,0
2026-02-13 02:00:00,1365.0,1365.0,1355.0,1355.0,0
2026-02-13 02:05:00,1360.0,1365.0,1360.0,1360.0,282900
2026-02-13 02:10:00,1350.0,1360.0,1350.0,1360.0,1854500
2026-02-13 02:15:00,1355.0,1360.0,1350.0,1350.0,654900
2026-02-13 02:20:00,1355.0,1360.0,1350.0,1355.0,1059000
2026-02-13 02:25:00,1360.0,1360.0,1355.0,1355.0,631200
2026-02-13 02:30:00,1365.0,1365.0,1360.0,1365.0,17700
2026-02-13 02:35:00,1365.0,1365.0,1360.0,1365.0,110300
2026-02-13 02:40:00,1360.0,1365.0,1360.0,1365.0,216800
2026-02-13 02:45:00,1370.0,1370.0,1360.0,1360.0,892200
2026-02-13 02:50:00,1375.0,1375.0,1365.0,1370.0,971300
2026-02-13 02:55:00,1375.0,1375.0,1370.0,1375.0,274900
2026-02-13 03:00:00,1370.0,1375.0,1370.0,1375.0,668900
2026-02-13 03:05:00,1375.0,1375.0,1370.0,1370.0,375900
2026-02-13 03:10:00,1385.0,1385.0,1370.0,1375.0,4146800
2026-02-13 03:15:00,1390.0,1390.0,1380.0,1380.0,1855300
2026-02-13 03:20:00,1385.0,1390.0,1380.0,1390.0,3544800
2026-02-13 03:25:00,1380.0,1385.0,1380.0,1385.0,169700
2026-02-13 03:30:00,1380.0,1385.0,1380.0,1380.0,284300
2026-02-13 03:35:00,1385.0,1385.0,1380.0,1385.0,155600
2026-02-13 03:40:00,1380.0,1385.0,1380.0,1385.0,188800
2026-02-13 03:45:00,1385.0,1385.0,1380.0,1385.0,75100
2026-02-13 03:50:00,1380.0,1385.0,1380.0,1380.0,187300
2026-02-13 03:55:00,1380.0,1385.0,1375.0,1380.0,3131500
2026-02-13 04:00:00,1370.0,1380.0,1370.0,1380.0,1215000
2026-02-13 04:05:00,1370.0,1375.0,1370.0,1370.0,306800
2026-02-13 04:10:00,1370.0,1375.0,1370.0,1375.0,297800
2026-02-13 04:15:00,1380.0,1380.0,1370.0,1375.0,863000
2026-02-13 04:20:00,1370.0,1380.0,1370.0,1380.0,1160800
2026-02-13 04:25:00,1365.0,1375.0,1365.0,1370.0,1222300
2026-02-13 07:00:00,1375.0,1375.0,1365.0,1365.0,3816400
2026-02-13 07:05:00,1365.0,1370.0,1365.0,1370.0,158400
2026-02-13 07:10:00,1370.0,1370.0,1365.0,1365.0,179400
2026-02-13 07:15:00,1370.0,1370.0,1365.0,1370.0,496300
2026-02-13 07:20:00,1370.0,1370.0,1365.0,1370.0,378400
2026-02-13 07:25:00,1365.0,1370.0,1365.0,1365.0,825000
2026-02-13 07:30:00,1365.0,1370.0,1360.0,1370.0,1682500
2026-02-13 07:35:00,1365.0,1365.0,1360.0,1365.0,94200
2026-02-13 07:40:00,1370.0,1370.0,1360.0,1365.0,720800
2026-02-13 07:45:00,1370.0,1370.0,1365.0,1370.0,393700
2026-02-13 07:50:00,1370.0,1375.0,1365.0,1370.0,1120600
2026-02-13 07:55:00,1365.0,1375.0,1365.0,1370.0,1583200
2026-02-13 08:00:00,1370.0,1370.0,1365.0,1370.0,488400
2026-02-13 08:05:00,1370.0,1375.0,1370.0,1375.0,1425300
2026-02-13 08:10:00,1370.0,1370.0,1365.0,1370.0,588600
2026-02-13 08:15:00,1370.0,1375.0,1370.0,1370.0,462600
2026-02-13 08:20:00,1370.0,1375.0,1365.0,1370.0,1632800
2026-02-13 08:25:00,1370.0,1370.0,1365.0,1370.0,59600
2026-02-13 08:30:00,1370.0,1370.0,1365.0,1370.0,857900
2026-02-13 08:35:00,1370.0,1370.0,1365.0,1370.0,592400
2026-02-13 08:40:00,1370.0,1370.0,1360.0,1365.0,868600
2026-02-13 08:45:00,1370.0,1370.0,1365.0,1370.0,640700
2026-02-13 09:00:00,1365.0,1365.0,1365.0,1365.0,2598900
2026-02-13 09:05:00,1365.0,1365.0,1365.0,1365.0,0
2026-02-13 09:10:00,1365.0,1365.0,1365.0,1365.0,47500
2026-02-18 02:00:00,1360.0,1370.0,1355.0,1370.0,0
2026-02-18 02:05:00,1375.0,1375.0,1360.0,1360.0,2068100
2026-02-18 02:10:00,1380.0,1380.0,1370.0,1375.0,752200
2026-02-18 02:15:00,1390.0,1395.0,1375.0,1380.0,3013600
2026-02-18 02:20:00,1380.0,1390.0,1380.0,1390.0,1221300
2026-02-18 02:25:00,1385.0,1390.0,1380.0,1380.0,1417700
2026-02-18 02:30:00,1385.0,1390.0,1380.0,1385.0,464000
2026-02-18 02:35:00,1390.0,1390.0,1385.0,1385.0,70900
2026-02-18 02:40:00,1385.0,1390.0,1380.0,1385.0,941700
2026-02-18 02:45:00,1385.0,1390.0,1385.0,1385.0,615700
2026-02-18 02:50:00,1390.0,1395.0,1385.0,1385.0,2257300
2026-02-18 02:55:00,1395.0,1400.0,1395.0,1395.0,3869600
2026-02-18 03:00:00,1395.0,1400.0,1395.0,1395.0,372100
2026-02-18 03:05:00,1390.0,1400.0,1390.0,1395.0,714200
2026-02-18 03:10:00,1390.0,1395.0,1390.0,1395.0,83100
2026-02-18 03:15:00,1395.0,1395.0,1390.0,1390.0,515500
2026-02-18 03:20:00,1395.0,1400.0,1390.0,1390.0,634700
2026-02-18 03:25:00,1400.0,1400.0,1395.0,1395.0,328900
2026-02-18 03:30:00,1395.0,1400.0,1395.0,1395.0,505600
2026-02-18 03:35:00,1395.0,1400.0,1395.0,1395.0,506500
2026-02-18 03:40:00,1395.0,1400.0,1390.0,1395.0,206200
2026-02-18 03:45:00,1400.0,1400.0,1390.0,1395.0,487600
2026-02-18 03:50:00,1395.0,1400.0,1395.0,1400.0,390100
2026-02-18 03:55:00,1395.0,1400.0,1395.0,1395.0,151100
2026-02-18 04:00:00,1395.0,1395.0,1390.0,1390.0,52400
2026-02-18 04:05:00,1390.0,1395.0,1390.0,1395.0,307000
2026-02-18 04:10:00,1390.0,1395.0,1390.0,1395.0,279800
2026-02-18 04:15:00,1395.0,1395.0,1390.0,1390.0,100900
2026-02-18 04:20:00,1395.0,1395.0,1390.0,1395.0,119200
2026-02-18 04:25:00,1395.0,1395.0,1390.0,1395.0,133900
2026-02-18 04:30:00,1395.0,1395.0,1390.0,1395.0,191800
2026-02-18 04:35:00,1395.0,1395.0,1390.0,1395.0,136700
2026-02-18 04:40:00,1395.0,1395.0,1390.0,1395.0,153800
2026-02-18 04:45:00,1395.0,1395.0,1390.0,1395.0,154200
2026-02-18 04:50:00,1395.0,1395.0,1390.0,1395.0,118600
2026-02-18 04:55:00,1395.0,1395.0,1390.0,1395.0,459000
2026-02-18 06:30:00,1385.0,1395.0,1385.0,1390.0,779200
2026-02-18 06:35:00,1390.0,1395.0,1385.0,1390.0,300900
2026-02-18 06:40:00,1395.0,1395.0,1390.0,1395.0,53500
2026-02-18 06:45:00,1390.0,1395.0,1390.0,1395.0,601600
2026-02-18 06:50:00,1385.0,1390.0,1385.0,1390.0,84700
2026-02-18 06:55:00,1390.0,1395.0,1385.0,1390.0,329200
2026-02-18 07:00:00,1390.0,1395.0,1390.0,1390.0,144100
2026-02-18 07:05:00,1385.0,1395.0,1385.0,1395.0,911600
2026-02-18 07:10:00,1385.0,1390.0,1385.0,1390.0,0
2026-02-18 07:15:00,1390.0,1390.0,1385.0,1385.0,483900
2026-02-18 07:20:00,1390.0,1395.0,1390.0,1395.0,109600
2026-02-18 07:25:00,1395.0,1395.0,1390.0,1390.0,96800
2026-02-18 07:30:00,1395.0,1395.0,1390.0,1390.0,166300
2026-02-18 07:35:00,1395.0,1395.0,1390.0,1395.0,185400
2026-02-18 07:40:00,1390.0,1395.0,1390.0,1395.0,334000
2026-02-18 07:45:00,1390.0,1395.0,1390.0,1395.0,420400
2026-02-18 07:50:00,1390.0,1395.0,1390.0,1395.0,990900
2026-02-18 07:55:00,1390.0,1395.0,1390.0,1390.0,263900
2026-02-18 08:00:00,1390.0,1395.0,1385.0,1390.0,286400
2026-02-18 08:05:00,1390.0,1395.0,1390.0,1395.0,203700
2026-02-18 08:10:00,1395.0,1395.0,1390.0,1390.0,343000
2026-02-18 08:15:00,1390.0,1395.0,1385.0,1395.0,802600
2026-02-18 08:20:00,1390.0,1395.0,1385.0,1390.0,643200
2026-02-18 08:25:00,1390.0,1395.0,1385.0,1390.0,397700
2026-02-18 08:30:00,1390.0,1390.0,1385.0,1390.0,317800
2026-02-18 08:35:00,1390.0,1390.0,1385.0,1390.0,254600
2026-02-18 08:40:00,1390.0,1390.0,1385.0,1385.0,1523100
2026-02-18 08:45:00,1385.0,1390.0,1385.0,1390.0,2382200
2026-02-18 09:00:00,1390.0,1390.0,1390.0,1390.0,1346400
2026-02-18 09:05:00,1390.0,1390.0,1390.0,1390.0,7200
2026-02-18 09:10:00,1390.0,1390.0,1390.0,1390.0,21700
2026-02-19 02:00:00,1390.0,1395.0,1385.0,1390.0,0
2026-02-19 02:05:00,1390.0,1390.0,1385.0,1390.0,420300
2026-02-19 02:10:00,1385.0,1390.0,1385.0,1385.0,401700
2026-02-19 02:15:00,1385.0,1390.0,1385.0,1385.0,143100
2026-02-19 02:20:00,1385.0,1390.0,1385.0,1385.0,161000
2026-02-19 02:25:00,1385.0,1390.0,1385.0,1390.0,304800
2026-02-19 02:30:00,1385.0,1390.0,1380.0,1390.0,1217300
2026-02-19 02:35:00,1385.0,1390.0,1385.0,1390.0,180300
2026-02-19 02:40:00,1385.0,1390.0,1380.0,1385.0,725600
2026-02-19 02:45:00,1385.0,1385.0,1380.0,1385.0,524000
2026-02-19 02:50:00,1385.0,1385.0,1380.0,1385.0,493700
2026-02-19 02:55:00,1380.0,1385.0,1380.0,1385.0,696700
2026-02-19 03:00:00,1385.0,1385.0,1380.0,1380.0,148500
2026-02-19 03:05:00,1380.0,1385.0,1380.0,1380.0,115300
2026-02-19 03:10:00,1385.0,1385.0,1380.0,1385.0,88700
2026-02-19 03:15:00,1380.0,1385.0,1375.0,1385.0,1880300
2026-02-19 03:20:00,1380.0,1380.0,1375.0,1375.0,1756100
2026-02-19 03:25:00,1375.0,1380.0,1375.0,1380.0,318300
2026-02-19 03:30:00,1375.0,1380.0,1375.0,1375.0,70700
2026-02-19 03:35:00,1370.0,1380.0,1370.0,1380.0,1724900
2026-02-19 03:40:00,1370.0,1375.0,1370.0,1370.0,104500
2026-02-19 03:45:00,1370.0,1375.0,1370.0,1370.0,150000
2026-02-19 03:50:00,1375.0,1380.0,1370.0,1370.0,870700
2026-02-19 03:55:00,1375.0,1380.0,1370.0,1375.0,1011500
2026-02-19 04:00:00,1370.0,1375.0,1370.0,1375.0,31500
2026-02-19 04:05:00,1375.0,1375.0,1370.0,1375.0,1312800
2026-02-19 04:10:00,1365.0,1375.0,1360.0,1370.0,4112500
2026-02-19 04:15:00,1365.0,1365.0,1360.0,1365.0,855700
2026-02-19 04:20:00,1360.0,1365.0,1360.0,1365.0,282900
2026-02-19 04:25:00,1360.0,1365.0,1360.0,1365.0,266900
2026-02-19 04:30:00,1365.0,1370.0,1360.0,1360.0,831200
2026-02-19 04:35:00,1360.0,1370.0,1360.0,1365.0,688100
2026-02-19 04:40:00,1360.0,1365.0,1360.0,1365.0,169600
2026-02-19 04:45:00,1360.0,1365.0,1360.0,1360.0,128900
2026-02-19 04:50:00,1360.0,1365.0,1360.0,1360.0,150100
2026-02-19 04:55:00,1360.0,1365.0,1360.0,1360.0,252300
2026-02-19 06:30:00,1365.0,1365.0,1360.0,1365.0,287700
2026-02-19 06:35:00,1365.0,1365.0,1360.0,1365.0,87900
2026-02-19 06:40:00,1360.0,1365.0,1360.0,1365.0,50700
2026-02-19 06:45:00,1360.0,1365.0,1360.0,1360.0,315600
2026-02-19 06:50:00,1365.0,1365.0,1360.0,1360.0,94700
2026-02-19 06:55:00,1365.0,1365.0,1360.0,1360.0,646900
2026-02-19 07:00:00,1360.0,1365.0,1360.0,1360.0,131300
2026-02-19 07:05:00,1360.0,1365.0,1355.0,1360.0,3642600
2026-02-19 07:10:00,1350.0,1355.0,1350.0,1355.0,1571800
2026-02-19 07:15:00,1350.0,1355.0,1350.0,1355.0,476200
2026-02-19 07:20:00,1355.0,1360.0,1350.0,1350.0,1219000
2026-02-19 07:25:00,1355.0,1360.0,1355.0,1355.0,331700
2026-02-19 07:30:00,1360.0,1360.0,1355.0,1355.0,273100
2026-02-19 07:35:00,1355.0,1360.0,1355.0,1360.0,268500
2026-02-19 07:40:00,1360.0,1360.0,1355.0,1360.0,242500
2026-02-19 07:45:00,1350.0,1360.0,1350.0,1360.0,2308800
2026-02-19 07:50:00,1355.0,1355.0,1350.0,1350.0,71600
2026-02-19 07:55:00,1350.0,1355.0,1350.0,1355.0,908800
2026-02-19 08:00:00,1350.0,1355.0,1350.0,1355.0,152200
2026-02-19 08:05:00,1350.0,1355.0,1350.0,1355.0,431700
2026-02-19 08:10:00,1350.0,1355.0,1345.0,1350.0,2083900
2026-02-19 08:15:00,1355.0,1360.0,1345.0,1345.0,1650900
2026-02-19 08:20:00,1355.0,1360.0,1355.0,1360.0,609800
2026-02-19 08:25:00,1360.0,1360.0,1355.0,1360.0,126300
2026-02-19 08:30:00,1355.0,1360.0,1355.0,1360.0,303100
2026-02-19 08:35:00,1360.0,1360.0,1355.0,1355.0,691700
2026-02-19 08:40:00,1355.0,1360.0,1350.0,1360.0,1860700
2026-02-19 08:45:00,1365.0,1365.0,1350.0,1355.0,1901400
2026-02-19 09:00:00,1365.0,1365.0,1365.0,1365.0,1373800
2026-02-19 09:05:00,1365.0,1365.0,1365.0,1365.0,43000
2026-02-19 09:10:00,1365.0,1365.0,1365.0,1365.0,76000
2026-02-20 02:00:00,1365.0,1375.0,1365.0,1375.0,0
2026-02-20 02:05:00,1360.0,1365.0,1350.0,1365.0,816500
2026-02-20 02:10:00,1360.0,1365.0,1355.0,1360.0,261400
2026-02-20 02:15:00,1355.0,1360.0,1355.0,1360.0,674400
2026-02-20 02:20:00,1355.0,1360.0,1355.0,1355.0,1056400
2026-02-20 02:25:00,1360.0,1360.0,1355.0,1355.0,122200
2026-02-20 02:30:00,1360.0,1365.0,1355.0,1360.0,709200
2026-02-20 02:35:00,1360.0,1365.0,1360.0,1360.0,406900
2026-02-20 02:40:00,1360.0,1360.0,1355.0,1360.0,64300
2026-02-20 02:45:00,1365.0,1365.0,1360.0,1360.0,268600
2026-02-20 02:50:00,1360.0,1365.0,1360.0,1365.0,17200
2026-02-20 02:55:00,1365.0,1365.0,1360.0,1360.0,64600
2026-02-20 03:00:00,1365.0,1365.0,1360.0,1360.0,140800
2026-02-20 03:05:00,1365.0,1365.0,1360.0,1365.0,72400
2026-02-20 03:10:00,1360.0,1365.0,1360.0,1360.0,52700
2026-02-20 03:15:00,1365.0,1365.0,1360.0,1365.0,64500
2026-02-20 03:20:00,1365.0,1365.0,1360.0,1360.0,75600
2026-02-20 03:25:00,1365.0,1365.0,1360.0,1360.0,246600
2026-02-20 03:30:00,1360.0,1365.0,1360.0,1360.0,21300
2026-02-20 03:35:00,1365.0,1365.0,1360.0,1360.0,40800
2026-02-20 03:40:00,1365.0,1365.0,1360.0,1360.0,201100
2026-02-20 03:45:00,1365.0,1365.0,1360.0,1360.0,52100
2026-02-20 03:50:00,1360.0,1365.0,1360.0,1365.0,54600
2026-02-20 03:55:00,1365.0,1365.0,1360.0,1365.0,44600
2026-02-20 04:00:00,1365.0,1365.0,1360.0,1360.0,339300
2026-02-20 04:05:00,1360.0,1360.0,1355.0,1360.0,58200
2026-02-20 04:10:00,1360.0,1360.0,1355.0,1355.0,49200
2026-02-20 04:15:00,1355.0,1360.0,1355.0,1355.0,373200
2026-02-20 04:20:00,1365.0,1365.0,1355.0,1360.0,221800
2026-02-20 04:25:00,1360.0,1365.0,1360.0,1360.0,259600
2026-02-20 07:00:00,1365.0,1365.0,1360.0,1365.0,345800
2026-02-20 07:05:00,1360.0,1365.0,1360.0,1365.0,66900
2026-02-20 07:10:00,1360.0,1365.0,1360.0,1360.0,257700
2026-02-20 07:15:00,1370.0,1370.0,1360.0,1365.0,464400
2026-02-20 07:20:00,1365.0,1365.0,1360.0,1365.0,1225300
2026-02-20 07:25:00,1365.0,1365.0,1360.0,1365.0,83900
2026-02-20 07:30:00,1365.0,1365.0,1360.0,1360.0,153600
2026-02-20 07:35:00,1370.0,1370.0,1360.0,1365.0,684400
2026-02-20 07:40:00,1370.0,1370.0,1365.0,1370.0,50600
2026-02-20 07:45:00,1370.0,1370.0,1365.0,1365.0,650900
2026-02-20 07:50:00,1370.0,1375.0,1365.0,1370.0,1072500
2026-02-20 07:55:00,1365.0,1370.0,1365.0,1370.0,171500
2026-02-20 08:00:00,1365.0,1370.0,1365.0,1365.0,44900
2026-02-20 08:05:00,1370.0,1370.0,1365.0,1365.0,20900
2026-02-20 08:10:00,1370.0,1370.0,1365.0,1365.0,69300
2026-02-20 08:15:00,1370.0,1370.0,1365.0,1365.0,35800
2026-02-20 08:20:00,1370.0,1370.0,1365.0,1370.0,129200
2026-02-20 08:25:00,1365.0,1370.0,1365.0,1370.0,111900
2026-02-20 08:30:00,1365.0,1370.0,1365.0,1365.0,768800
2026-02-20 08:35:00,1365.0,1370.0,1365.0,1365.0,192600
2026-02-20 08:40:00,1370.0,1370.0,1360.0,1370.0,193900
2026-02-20 08:45:00,1365.0,1370.0,1360.0,1370.0,360000
2026-02-20 09:00:00,1365.0,1365.0,1365.0,1365.0,1203300
2026-02-20 09:05:00,1365.0,1365.0,1365.0,1365.0,26000
2026-02-20 09:10:00,1365.0,1365.0,1365.0,1365.0,75000
2026-02-23 02:00:00,1370.0,1380.0,1365.0,1365.0,0
2026-02-23 02:05:00,1365.0,1375.0,1365.0,1370.0,299900
2026-02-23 02:10:00,1370.0,1375.0,1365.0,1365.0,178000
2026-02-23 02:15:00,1375.0,1375.0,1370.0,1370.0,90100
2026-02-23 02:20:00,1375.0,1375.0,1370.0,1375.0,120300
2026-02-23 02:25:00,1370.0,1375.0,1365.0,1375.0,447600
2026-02-23 02:30:00,1375.0,1380.0,1370.0,1370.0,389100
2026-02-23 02:35:00,1380.0,1380.0,1375.0,1375.0,91600
2026-02-23 02:40:00,1380.0,1380.0,1375.0,1380.0,84100
2026-02-23 02:45:00,1385.0,1385.0,1375.0,1380.0,945600
2026-02-23 02:50:00,1380.0,1385.0,1380.0,1380.0,399900
2026-02-23 02:55:00,1380.0,1385.0,1380.0,1380.0,75900
2026-02-23 03:00:00,1385.0,1385.0,1380.0,1380.0,63400
2026-02-23 03:05:00,1385.0,1385.0,1380.0,1385.0,44400
2026-02-23 03:10:00,1380.0,1385.0,1380.0,1380.0,101300
2026-02-23 03:15:00,1385.0,1385.0,1380.0,1385.0,547400
2026-02-23 03:20:00,1375.0,1380.0,1375.0,1380.0,99700
2026-02-23 03:25:00,1380.0,1380.0,1375.0,1380.0,104600
2026-02-23 03:30:00,1380.0,1380.0,1375.0,1380.0,55000
2026-02-23 03:35:00,1380.0,1380.0,1375.0,1375.0,323400
2026-02-23 03:40:00,1380.0,1380.0,1375.0,1380.0,281100
2026-02-23 03:45:00,1380.0,1380.0,1375.0,1380.0,569500
2026-02-23 03:50:00,1375.0,1380.0,1375.0,1375.0,126600
2026-02-23 03:55:00,1380.0,1380.0,1375.0,1375.0,253900
2026-02-23 04:00:00,1380.0,1380.0,1375.0,1375.0,38900
2026-02-23 04:05:00,1375.0,1380.0,1375.0,1375.0,22000
2026-02-23 04:10:00,1380.0,1380.0,1375.0,1380.0,1473200
2026-02-23 04:15:00,1380.0,1380.0,1375.0,1380.0,65600
2026-02-23 04:20:00,1380.0,1380.0,1375.0,1380.0,75700
2026-02-23 04:25:00,1380.0,1380.0,1375.0,1380.0,113500
2026-02-23 04:30:00,1380.0,1380.0,1375.0,1380.0,7600
2026-02-23 04:35:00,1375.0,1380.0,1375.0,1380.0,44200
2026-02-23 04:40:00,1375.0,1380.0,1375.0,1375.0,496000
2026-02-23 04:45:00,1380.0,1380.0,1375.0,1380.0,59700
2026-02-23 04:50:00,1380.0,1380.0,1375.0,1375.0,62900
2026-02-23 04:55:00,1375.0,1380.0,1375.0,1380.0,176300
2026-02-23 06:30:00,1375.0,1380.0,1375.0,1380.0,107500
2026-02-23 06:35:00,1380.0,1380.0,1375.0,1380.0,63200
2026-02-23 06:40:00,1375.0,1380.0,1375.0,1380.0,139500
2026-02-23 06:45:00,1380.0,1380.0,1375.0,1380.0,64000
2026-02-23 06:50:00,1380.0,1380.0,1375.0,1380.0,221000
2026-02-23 06:55:00,1380.0,1380.0,1375.0,1380.0,52200
2026-02-23 07:00:00,1380.0,1380.0,1375.0,1375.0,80000
2026-02-23 07:05:00,1380.0,1380.0,1375.0,1380.0,120200
2026-02-23 07:10:00,1380.0,1380.0,1375.0,1375.0,227300
2026-02-23 07:15:00,1380.0,1380.0,1375.0,1380.0,194400
2026-02-23 07:20:00,1375.0,1380.0,1375.0,1380.0,128700
2026-02-23 07:25:00,1380.0,1380.0,1375.0,1380.0,300800
2026-02-23 07:30:00,1380.0,1380.0,1375.0,1380.0,488100
2026-02-23 07:35:00,1375.0,1380.0,1370.0,1380.0,403800
2026-02-23 07:40:00,1375.0,1380.0,1375.0,1380.0,156100
2026-02-23 07:45:00,1380.0,1380.0,1375.0,1375.0,99500
2026-02-23 07:50:00,1380.0,1380.0,1375.0,1380.0,91600
2026-02-23 07:55:00,1380.0,1380.0,1375.0,1380.0,94400
2026-02-23 08:00:00,1380.0,1380.0,1375.0,1380.0,55200
2026-02-23 08:05:00,1380.0,1380.0,1375.0,1380.0,85500
2026-02-23 08:10:00,1380.0,1380.0,1375.0,1380.0,92500
2026-02-23 08:15:00,1375.0,1380.0,1375.0,1380.0,165800
2026-02-23 08:20:00,1380.0,1380.0,1375.0,1380.0,127300
2026-02-23 08:25:00,1375.0,1380.0,1375.0,1380.0,90100
2026-02-23 08:30:00,1380.0,1380.0,1375.0,1380.0,137500
2026-02-23 08:35:00,1375.0,1380.0,1375.0,1380.0,219200
2026-02-23 08:40:00,1380.0,1380.0,1375.0,1380.0,382100
2026-02-23 08:45:00,1380.0,1380.0,1375.0,1380.0,819800
2026-02-23 09:00:00,1380.0,1380.0,1380.0,1380.0,1466500
2026-02-23 09:05:00,1380.0,1380.0,1380.0,1380.0,0
2026-02-24 02:00:00,1370.0,1385.0,1370.0,1380.0,0
2026-02-24 02:05:00,1375.0,1380.0,1370.0,1375.0,155600
2026-02-24 02:10:00,1375.0,1380.0,1370.0,1375.0,410500
2026-02-24 02:15:00,1380.0,1385.0,1375.0,1375.0,314900
2026-02-24 02:20:00,1380.0,1380.0,1375.0,1375.0,465100
2026-02-24 02:25:00,1385.0,1390.0,1380.0,1380.0,1558900
2026-02-24 02:30:00,1380.0,1385.0,1375.0,1385.0,254300
2026-02-24 02:35:00,1380.0,1385.0,1375.0,1380.0,1344400
2026-02-24 02:40:00,1380.0,1380.0,1375.0,1380.0,348200
2026-02-24 02:45:00,1385.0,1385.0,1375.0,1380.0,1185400
2026-02-24 02:50:00,1390.0,1390.0,1385.0,1385.0,1508800
2026-02-24 02:55:00,1385.0,1395.0,1385.0,1390.0,1154600
2026-02-24 03:00:00,1390.0,1390.0,1385.0,1385.0,56500
2026-02-24 03:05:00,1390.0,1390.0,1385.0,1385.0,283600
2026-02-24 03:10:00,1390.0,1390.0,1385.0,1390.0,792600
2026-02-24 03:15:00,1390.0,1390.0,1385.0,1390.0,171500
2026-02-24 03:20:00,1390.0,1390.0,1385.0,1390.0,102300
2026-02-24 03:25:00,1390.0,1390.0,1385.0,1390.0,73500
2026-02-24 03:30:00,1385.0,1390.0,1385.0,1390.0,66600
2026-02-24 03:35:00,1390.0,1390.0,1385.0,1390.0,163000
2026-02-24 03:40:00,1385.0,1390.0,1385.0,1390.0,94200
2026-02-24 03:45:00,1385.0,1390.0,1385.0,1385.0,176500
2026-02-24 03:50:00,1385.0,1390.0,1385.0,1390.0,136100
2026-02-24 03:55:00,1390.0,1390.0,1385.0,1390.0,323500
2026-02-24 04:00:00,1390.0,1390.0,1385.0,1390.0,158100
2026-02-24 04:05:00,1390.0,1390.0,1385.0,1390.0,149600
2026-02-24 04:10:00,1390.0,1390.0,1385.0,1390.0,93300
2026-02-24 04:15:00,1390.0,1390.0,1385.0,1390.0,211600
2026-02-24 04:20:00,1390.0,1390.0,1385.0,1390.0,89100
2026-02-24 04:25:00,1390.0,1390.0,1385.0,1390.0,67700
2026-02-24 04:30:00,1390.0,1390.0,1385.0,1390.0,203200
2026-02-24 04:35:00,1390.0,1390.0,1385.0,1390.0,60100
2026-02-24 04:40:00,1390.0,1390.0,1385.0,1390.0,88900
2026-02-24 04:45:00,1390.0,1390.0,1385.0,1385.0,50500
2026-02-24 04:50:00,1390.0,1390.0,1385.0,1385.0,111700
2026-02-24 04:55:00,1385.0,1390.0,1385.0,1390.0,143700
2026-02-24 06:30:00,1385.0,1385.0,1380.0,1385.0,488100
2026-02-24 06:35:00,1385.0,1385.0,1380.0,1385.0,70500
2026-02-24 06:40:00,1385.0,1385.0,1380.0,1385.0,196300
2026-02-24 06:45:00,1385.0,1385.0,1380.0,1385.0,231500
2026-02-24 06:50:00,1385.0,1385.0,1380.0,1380.0,152400
2026-02-24 06:55:00,1385.0,1385.0,1380.0,1385.0,118100
2026-02-24 07:00:00,1385.0,1385.0,1380.0,1385.0,108400
2026-02-24 07:05:00,1385.0,1385.0,1380.0,1385.0,250900
2026-02-24 07:10:00,1380.0,1385.0,1380.0,1385.0,119000
2026-02-24 07:15:00,1385.0,1385.0,1380.0,1385.0,1226700
2026-02-24 07:20:00,1370.0,1385.0,1370.0,1385.0,1614200
2026-02-24 07:25:00,1375.0,1375.0,1370.0,1370.0,399300
2026-02-24 07:30:00,1380.0,1380.0,1375.0,1375.0,208700
2026-02-24 07:35:00,1380.0,1380.0,1380.0,1380.0,65000
2026-02-24 07:40:00,1375.0,1380.0,1375.0,1375.0,70600
2026-02-24 07:45:00,1380.0,1380.0,1375.0,1380.0,265500
2026-02-24 07:50:00,1380.0,1380.0,1375.0,1380.0,54400
2026-02-24 07:55:00,1380.0,1380.0,1375.0,1380.0,374700
2026-02-24 08:00:00,1375.0,1380.0,1375.0,1375.0,464400
2026-02-24 08:05:00,1375.0,1380.0,1370.0,1375.0,351300
2026-02-24 08:10:00,1375.0,1375.0,1370.0,1375.0,128400
2026-02-24 08:15:00,1380.0,1380.0,1375.0,1375.0,264000
2026-02-24 08:20:00,1375.0,1380.0,1370.0,1380.0,278400
2026-02-24 08:25:00,1375.0,1375.0,1370.0,1375.0,78900
2026-02-24 08:30:00,1375.0,1375.0,1370.0,1375.0,138700
2026-02-24 08:35:00,1375.0,1375.0,1370.0,1370.0,526100
2026-02-24 08:40:00,1375.0,1375.0,1370.0,1375.0,940500
2026-02-24 08:45:00,1370.0,1375.0,1365.0,1375.0,759700
2026-02-24 09:00:00,1380.0,1380.0,1380.0,1380.0,1835700
2026-02-24 09:05:00,1380.0,1380.0,1380.0,1380.0,20900
2026-02-24 09:10:00,1380.0,1380.0,1380.0,1380.0,0
2026-02-25 02:00:00,1380.0,1385.0,1375.0,1380.0,0
2026-02-25 02:05:00,1380.0,1385.0,1375.0,1380.0,784000
2026-02-25 02:10:00,1375.0,1380.0,1375.0,1380.0,860000
2026-02-25 02:15:00,1380.0,1385.0,1375.0,1380.0,1738600
2026-02-25 02:20:00,1370.0,1380.0,1365.0,1380.0,3046900
2026-02-25 02:25:00,1375.0,1375.0,1370.0,1370.0,252600
2026-02-25 02:30:00,1380.0,1380.0,1375.0,1375.0,115100
2026-02-25 02:35:00,1385.0,1385.0,1380.0,1380.0,887300
2026-02-25 02:40:00,1380.0,1385.0,1380.0,1380.0,297800
2026-02-25 02:45:00,1380.0,1385.0,1375.0,1375.0,3300900
2026-02-25 02:50:00,1380.0,1380.0,1375.0,1380.0,103600
2026-02-25 02:55:00,1375.0,1380.0,1375.0,1380.0,115600
2026-02-25 03:00:00,1380.0,1385.0,1380.0,1380.0,141400
2026-02-25 03:05:00,1380.0,1380.0,1380.0,1380.0,84900
2026-02-25 03:10:00,1380.0,1380.0,1375.0,1380.0,76600
2026-02-25 03:15:00,1385.0,1385.0,1380.0,1385.0,51100
2026-02-25 03:20:00,1390.0,1390.0,1380.0,1380.0,374700
2026-02-25 03:25:00,1390.0,1390.0,1385.0,1385.0,66800
2026-02-25 03:30:00,1390.0,1390.0,1385.0,1385.0,85700
2026-02-25 03:35:00,1385.0,1390.0,1385.0,1385.0,248200
2026-02-25 03:40:00,1385.0,1390.0,1385.0,1385.0,129200
2026-02-25 03:45:00,1385.0,1390.0,1385.0,1390.0,114700
2026-02-25 03:50:00,1385.0,1390.0,1385.0,1385.0,290000
2026-02-25 03:55:00,1390.0,1390.0,1385.0,1385.0,113500
2026-02-25 04:00:00,1385.0,1390.0,1385.0,1385.0,129600
2026-02-25 04:05:00,1385.0,1390.0,1385.0,1390.0,112500
2026-02-25 04:10:00,1395.0,1395.0,1385.0,1385.0,1483100
2026-02-25 04:15:00,1390.0,1395.0,1385.0,1390.0,887900
2026-02-25 04:20:00,1390.0,1390.0,1390.0,1390.0,278600
2026-02-25 04:25:00,1390.0,1395.0,1390.0,1390.0,166700
2026-02-25 04:30:00,1395.0,1395.0,1390.0,1395.0,130300
2026-02-25 04:35:00,1390.0,1395.0,1390.0,1390.0,126900
2026-02-25 04:40:00,1390.0,1395.0,1390.0,1390.0,711600
2026-02-25 04:45:00,1395.0,1395.0,1390.0,1390.0,2149700
2026-02-25 04:50:00,1405.0,1410.0,1395.0,1395.0,8659000
2026-02-25 04:55:00,1410.0,1410.0,1405.0,1405.0,330000
2026-02-25 06:30:00,1400.0,1410.0,1400.0,1405.0,1963700
2026-02-25 06:35:00,1405.0,1405.0,1400.0,1400.0,344500
2026-02-25 06:40:00,1410.0,1410.0,1400.0,1405.0,1239700
2026-02-25 06:45:00,1405.0,1410.0,1400.0,1410.0,1021300
2026-02-25 06:50:00,1405.0,1405.0,1400.0,1405.0,262300
2026-02-25 06:55:00,1405.0,1405.0,1400.0,1400.0,424100
2026-02-25 07:00:00,1400.0,1405.0,1400.0,1405.0,849500
2026-02-25 07:05:00,1405.0,1405.0,1395.0,1400.0,253000
2026-02-25 07:10:00,1400.0,1405.0,1400.0,1400.0,292800
2026-02-25 07:15:00,1400.0,1405.0,1400.0,1400.0,271300
2026-02-25 07:20:00,1405.0,1405.0,1400.0,1405.0,291400
2026-02-25 07:25:00,1405.0,1405.0,1400.0,1405.0,215200
2026-02-25 07:30:00,1400.0,1405.0,1395.0,1400.0,894600
2026-02-25 07:35:00,1400.0,1400.0,1395.0,1395.0,195500
2026-02-25 07:40:00,1400.0,1400.0,1395.0,1400.0,337900
2026-02-25 07:45:00,1400.0,1400.0,1395.0,1400.0,209600
2026-02-25 07:50:00,1400.0,1400.0,1395.0,1400.0,280800
2026-02-25 07:55:00,1400.0,1400.0,1395.0,1400.0,284400
2026-02-25 08:00:00,1400.0,1405.0,1395.0,1400.0,884500
2026-02-25 08:05:00,1395.0,1400.0,1390.0,1400.0,1151700
2026-02-25 08:10:00,1390.0,1395.0,1390.0,1390.0,160300
2026-02-25 08:15:00,1400.0,1400.0,1390.0,1395.0,400000
2026-02-25 08:20:00,1395.0,1400.0,1395.0,1400.0,268000
2026-02-25 08:25:00,1400.0,1400.0,1395.0,1400.0,259300
2026-02-25 08:30:00,1395.0,1400.0,1395.0,1400.0,455400
2026-02-25 08:35:00,1400.0,1400.0,1395.0,1400.0,378500
2026-02-25 08:40:00,1395.0,1400.0,1395.0,1400.0,507900
2026-02-25 08:45:00,1400.0,1400.0,1395.0,1400.0,707500
2026-02-25 09:00:00,1395.0,1395.0,1395.0,1395.0,997300
2026-02-25 09:05:00,1395.0,1395.0,1395.0,1395.0,24800
2026-02-25 09:10:00,1395.0,1395.0,1395.0,1395.0,9500
2026-02-26 02:00:00,1395.0,1410.0,1395.0,1405.0,0
2026-02-26 02:05:00,1400.0,1400.0,1395.0,1395.0,339800
2026-02-26 02:10:00,1405.0,1410.0,1395.0,1395.0,663700
2026-02-26 02:15:00,1415.0,1415.0,1405.0,1410.0,2647700
2026-02-26 02:20:00,1410.0,1410.0,1405.0,1410.0,259800
2026-02-26 02:25:00,1410.0,1410.0,1405.0,1410.0,178400
2026-02-26 02:30:00,1415.0,1415.0,1405.0,1410.0,555900
2026-02-26 02:35:00,1410.0,1415.0,1410.0,1415.0,637700
2026-02-26 02:40:00,1410.0,1415.0,1410.0,1410.0,249800
2026-02-26 02:45:00,1405.0,1415.0,1405.0,1410.0,409200
2026-02-26 02:50:00,1410.0,1410.0,1405.0,1405.0,88700
2026-02-26 02:55:00,1410.0,1410.0,1405.0,1410.0,84600
2026-02-26 03:00:00,1400.0,1410.0,1400.0,1410.0,429400
2026-02-26 03:05:00,1400.0,1405.0,1400.0,1400.0,15000
2026-02-26 03:10:00,1405.0,1405.0,1400.0,1400.0,39900
2026-02-26 03:15:00,1405.0,1410.0,1400.0,1405.0,449500
2026-02-26 03:20:00,1410.0,1410.0,1405.0,1410.0,178700
2026-02-26 03:25:00,1405.0,1410.0,1400.0,1410.0,1045600
2026-02-26 03:30:00,1400.0,1405.0,1400.0,1405.0,431800
2026-02-26 03:35:00,1400.0,1405.0,1395.0,1400.0,315400
2026-02-26 03:40:00,1405.0,1410.0,1400.0,1400.0,358500
2026-02-26 03:45:00,1415.0,1415.0,1405.0,1410.0,4382800
2026-02-26 03:50:00,1410.0,1415.0,1405.0,1415.0,656800
2026-02-26 03:55:00,1405.0,1410.0,1405.0,1410.0,25500
2026-02-26 04:00:00,1410.0,1410.0,1405.0,1410.0,103600
2026-02-26 04:05:00,1410.0,1410.0,1405.0,1410.0,119200
2026-02-26 04:10:00,1410.0,1410.0,1405.0,1410.0,153300
2026-02-26 04:15:00,1405.0,1415.0,1405.0,1410.0,819800
2026-02-26 04:20:00,1410.0,1415.0,1405.0,1410.0,210500
2026-02-26 04:25:00,1415.0,1415.0,1405.0,1410.0,154800
2026-02-26 04:30:00,1415.0,1415.0,1410.0,1410.0,191200
2026-02-26 04:35:00,1415.0,1415.0,1410.0,1415.0,75900
2026-02-26 04:40:00,1405.0,1415.0,1405.0,1410.0,346800
2026-02-26 04:45:00,1405.0,1410.0,1405.0,1405.0,53000
2026-02-26 04:50:00,1405.0,1410.0,1405.0,1405.0,65200
2026-02-26 04:55:00,1405.0,1410.0,1405.0,1410.0,142500
2026-02-26 06:30:00,1410.0,1410.0,1405.0,1405.0,494900
2026-02-26 06:35:00,1410.0,1410.0,1405.0,1410.0,197600
2026-02-26 06:40:00,1410.0,1410.0,1405.0,1410.0,442500
2026-02-26 06:45:00,1410.0,1410.0,1405.0,1410.0,202300
2026-02-26 06:50:00,1415.0,1415.0,1405.0,1410.0,361900
2026-02-26 06:55:00,1415.0,1415.0,1410.0,1415.0,194300
2026-02-26 07:00:00,1410.0,1415.0,1410.0,1410.0,436700
2026-02-26 07:05:00,1405.0,1415.0,1405.0,1410.0,2394200
2026-02-26 07:10:00,1405.0,1410.0,1405.0,1405.0,253400
2026-02-26 07:15:00,1405.0,1410.0,1405.0,1410.0,241100
2026-02-26 07:20:00,1395.0,1410.0,1390.0,1410.0,3373700
2026-02-26 07:25:00,1395.0,1400.0,1390.0,1400.0,935800
2026-02-26 07:30:00,1400.0,1405.0,1395.0,1395.0,1213600
2026-02-26 07:35:00,1400.0,1405.0,1400.0,1400.0,171400
2026-02-26 07:40:00,1405.0,1405.0,1400.0,1405.0,201300
2026-02-26 07:45:00,1405.0,1405.0,1400.0,1405.0,245800
2026-02-26 07:50:00,1410.0,1410.0,1400.0,1405.0,444200
2026-02-26 07:55:00,1410.0,1410.0,1405.0,1410.0,367900
2026-02-26 08:00:00,1410.0,1410.0,1405.0,1405.0,338300
2026-02-26 08:05:00,1410.0,1410.0,1405.0,1410.0,878000
2026-02-26 08:10:00,1410.0,1410.0,1405.0,1410.0,437900
2026-02-26 08:15:00,1410.0,1410.0,1405.0,1410.0,279200
2026-02-26 08:20:00,1410.0,1410.0,1405.0,1410.0,440400
2026-02-26 08:25:00,1410.0,1410.0,1405.0,1410.0,520500
2026-02-26 08:30:00,1410.0,1415.0,1405.0,1410.0,1804800
2026-02-26 08:35:00,1410.0,1410.0,1405.0,1410.0,148900
2026-02-26 08:40:00,1410.0,1410.0,1405.0,1405.0,372500
2026-02-26 08:45:00,1410.0,1410.0,1405.0,1410.0,476400
2026-02-26 09:00:00,1405.0,1405.0,1405.0,1405.0,722100
2026-02-26 09:05:00,1405.0,1405.0,1405.0,1405.0,55700
2026-02-26 09:10:00,1405.0,1405.0,1405.0,1405.0,61000
2026-02-27 02:00:00,1395.0,1405.0,1385.0,1405.0,0
2026-02-27 02:05:00,1390.0,1400.0,1370.0,1395.0,2378000
2026-02-27 02:10:00,1380.0,1390.0,1375.0,1375.0,732200
2026-02-27 02:15:00,1390.0,1395.0,1380.0,1380.0,1574700
2026-02-27 02:20:00,1395.0,1395.0,1385.0,1390.0,443900
2026-02-27 02:25:00,1400.0,1400.0,1395.0,1395.0,387500
2026-02-27 02:30:00,1395.0,1405.0,1395.0,1400.0,270300
2026-02-27 02:35:00,1400.0,1400.0,1395.0,1395.0,14200
2026-02-27 02:40:00,1405.0,1405.0,1395.0,1395.0,474200
2026-02-27 02:45:00,1405.0,1405.0,1395.0,1400.0,334200
2026-02-27 02:50:00,1400.0,1405.0,1400.0,1405.0,99000
2026-02-27 02:55:00,1400.0,1405.0,1400.0,1400.0,73300
2026-02-27 03:00:00,1400.0,1400.0,1395.0,1400.0,30400
2026-02-27 03:05:00,1400.0,1400.0,1395.0,1400.0,146600
2026-02-27 03:10:00,1400.0,1400.0,1395.0,1400.0,55800
2026-02-27 03:15:00,1400.0,1405.0,1395.0,1400.0,172300
2026-02-27 03:20:00,1400.0,1405.0,1400.0,1400.0,66100
2026-02-27 03:25:00,1395.0,1400.0,1395.0,1400.0,44600
2026-02-27 03:30:00,1395.0,1400.0,1395.0,1395.0,190500
2026-02-27 03:35:00,1400.0,1400.0,1400.0,1400.0,394700
2026-02-27 03:40:00,1400.0,1400.0,1395.0,1400.0,73500
2026-02-27 03:45:00,1400.0,1400.0,1395.0,1395.0,90200
2026-02-27 03:50:00,1395.0,1400.0,1395.0,1395.0,93700
2026-02-27 03:55:00,1400.0,1400.0,1395.0,1395.0,60300
2026-02-27 04:00:00,1400.0,1400.0,1395.0,1400.0,77600
2026-02-27 04:05:00,1405.0,1405.0,1395.0,1400.0,345900
2026-02-27 04:10:00,1405.0,1405.0,1400.0,1405.0,73000
2026-02-27 04:15:00,1400.0,1405.0,1400.0,1405.0,190200
2026-02-27 04:20:00,1400.0,1405.0,1400.0,1405.0,107400
2026-02-27 04:25:00,1400.0,1405.0,1400.0,1400.0,221500
2026-02-27 07:00:00,1410.0,1410.0,1400.0,1400.0,1610700
2026-02-27 07:05:00,1405.0,1410.0,1405.0,1410.0,62500
2026-02-27 07:10:00,1410.0,1410.0,1405.0,1410.0,107700
2026-02-27 07:15:00,1405.0,1410.0,1400.0,1405.0,342300
2026-02-27 07:20:00,1405.0,1405.0,1400.0,1400.0,124600
2026-02-27 07:25:00,1400.0,1405.0,1400.0,1400.0,1037400
2026-02-27 07:30:00,1400.0,1400.0,1395.0,1395.0,105600
2026-02-27 07:35:00,1400.0,1405.0,1395.0,1400.0,234900
2026-02-27 07:40:00,1400.0,1400.0,1395.0,1395.0,618100
2026-02-27 07:45:00,1400.0,1405.0,1395.0,1395.0,145400
2026-02-27 07:50:00,1400.0,1405.0,1400.0,1400.0,74900
2026-02-27 07:55:00,1395.0,1405.0,1395.0,1400.0,177100
2026-02-27 08:00:00,1395.0,1400.0,1395.0,1400.0,141900
2026-02-27 08:05:00,1400.0,1405.0,1395.0,1395.0,123200
2026-02-27 08:10:00,1405.0,1405.0,1400.0,1400.0,127700
2026-02-27 08:15:00,1405.0,1405.0,1400.0,1400.0,111500
2026-02-27 08:20:00,1400.0,1405.0,1400.0,1400.0,151200
2026-02-27 08:25:00,1400.0,1405.0,1400.0,1400.0,157700
2026-02-27 08:30:00,1405.0,1405.0,1395.0,1400.0,201600
2026-02-27 08:35:00,1400.0,1400.0,1395.0,1400.0,159000
2026-02-27 08:40:00,1400.0,1400.0,1395.0,1395.0,198400
2026-02-27 08:45:00,1400.0,1405.0,1395.0,1400.0,333100
2026-02-27 09:00:00,1390.0,1390.0,1390.0,1390.0,5718200
2026-02-27 09:05:00,1390.0,1390.0,1390.0,1390.0,71500
2026-02-27 09:10:00,1390.0,1390.0,1390.0,1390.0,0
2026-03-02 02:00:00,1355.0,1355.0,1325.0,1340.0,0
2026-03-02 02:05:00,1350.0,1360.0,1350.0,1350.0,1326600
2026-03-02 02:10:00,1345.0,1355.0,1345.0,1350.0,433300
2026-03-02 02:15:00,1350.0,1355.0,1345.0,1350.0,1402200
2026-03-02 02:20:00,1345.0,1355.0,1345.0,1345.0,391600
2026-03-02 02:25:00,1350.0,1355.0,1340.0,1345.0,3097400
2026-03-02 02:30:00,1350.0,1350.0,1345.0,1350.0,332700
2026-03-02 02:35:00,1350.0,1350.0,1345.0,1350.0,450300
2026-03-02 02:40:00,1345.0,1350.0,1345.0,1345.0,1471900
2026-03-02 02:45:00,1355.0,1355.0,1345.0,1350.0,3740200
2026-03-02 02:50:00,1355.0,1355.0,1350.0,1355.0,0
2026-03-02 02:55:00,1355.0,1355.0,1350.0,1355.0,151700
2026-03-02 03:00:00,1350.0,1355.0,1350.0,1355.0,174100
2026-03-02 03:05:00,1355.0,1355.0,1350.0,1350.0,144100
2026-03-02 03:10:00,1350.0,1355.0,1350.0,1355.0,832800
2026-03-02 03:15:00,1355.0,1355.0,1350.0,1355.0,215700
2026-03-02 03:20:00,1350.0,1355.0,1350.0,1355.0,84200
2026-03-02 03:25:00,1355.0,1355.0,1350.0,1350.0,168500
2026-03-02 03:30:00,1350.0,1355.0,1345.0,1350.0,945300
2026-03-02 03:35:00,1345.0,1355.0,1345.0,1355.0,208600
2026-03-02 03:40:00,1345.0,1350.0,1345.0,1350.0,63700
2026-03-02 03:45:00,1350.0,1350.0,1345.0,1350.0,34600
2026-03-02 03:50:00,1350.0,1355.0,1345.0,1350.0,475300
2026-03-02 03:55:00,1350.0,1350.0,1345.0,1345.0,35300
2026-03-02 04:00:00,1345.0,1350.0,1345.0,1345.0,67100
2026-03-02 04:05:00,1340.0,1350.0,1335.0,1345.0,1842300
2026-03-02 04:10:00,1345.0,1345.0,1340.0,1345.0,22500
2026-03-02 04:15:00,1340.0,1345.0,1340.0,1345.0,30000
2026-03-02 04:20:00,1340.0,1345.0,1340.0,1345.0,307300
2026-03-02 04:25:00,1345.0,1345.0,1340.0,1345.0,205400
2026-03-02 04:30:00,1340.0,1345.0,1340.0,1345.0,40300
2026-03-02 04:35:00,1345.0,1345.0,1340.0,1340.0,345500
2026-03-02 04:40:00,1345.0,1345.0,1340.0,1345.0,44100
2026-03-02 04:45:00,1345.0,1345.0,1340.0,1345.0,320100
2026-03-02 04:50:00,1340.0,1345.0,1340.0,1345.0,205600
2026-03-02 04:55:00,1340.0,1345.0,1340.0,1340.0,307500
2026-03-02 06:30:00,1345.0,1345.0,1340.0,1340.0,153500
2026-03-02 06:35:00,1340.0,1345.0,1340.0,1345.0,216900
2026-03-02 06:40:00,1345.0,1345.0,1340.0,1340.0,22800
2026-03-02 06:45:00,1335.0,1345.0,1335.0,1345.0,2853600
2026-03-02 06:50:00,1335.0,1340.0,1335.0,1335.0,222000
2026-03-02 06:55:00,1330.0,1340.0,1325.0,1340.0,3179000
2026-03-02 07:00:00,1325.0,1335.0,1325.0,1330.0,388000
2026-03-02 07:05:00,1325.0,1330.0,1320.0,1325.0,1448700
2026-03-02 07:10:00,1325.0,1330.0,1325.0,1325.0,929000
2026-03-02 07:15:00,1330.0,1330.0,1320.0,1325.0,1810000
2026-03-02 07:20:00,1325.0,1335.0,1325.0,1330.0,960500
2026-03-02 07:25:00,1325.0,1330.0,1325.0,1330.0,155700
2026-03-02 07:30:00,1330.0,1330.0,1325.0,1325.0,132600
2026-03-02 07:35:00,1320.0,1330.0,1315.0,1330.0,1516800
2026-03-02 07:40:00,1330.0,1330.0,1320.0,1320.0,737300
2026-03-02 07:45:00,1330.0,1335.0,1325.0,1330.0,431300
2026-03-02 07:50:00,1325.0,1335.0,1325.0,1335.0,701800
2026-03-02 07:55:00,1325.0,1330.0,1320.0,1330.0,1479800
2026-03-02 08:00:00,1330.0,1330.0,1325.0,1325.0,853600
2026-03-02 08:05:00,1330.0,1330.0,1325.0,1330.0,309700
2026-03-02 08:10:00,1325.0,1330.0,1325.0,1330.0,763200
2026-03-02 08:15:00,1325.0,1330.0,1320.0,1325.0,4040600
2026-03-02 08:20:00,1325.0,1330.0,1325.0,1325.0,409200
2026-03-02 08:25:00,1330.0,1330.0,1325.0,1325.0,858200
2026-03-02 08:30:00,1325.0,1330.0,1325.0,1325.0,485500
2026-03-02 08:35:00,1325.0,1335.0,1325.0,1325.0,1173300
2026-03-02 08:40:00,1305.0,1330.0,1300.0,1325.0,8042700
2026-03-02 08:45:00,1310.0,1315.0,1300.0,1305.0,5513300
2026-03-02 09:00:00,1315.0,1315.0,1315.0,1315.0,4897300
2026-03-02 09:05:00,1315.0,1315.0,1315.0,1315.0,618600
2026-03-02 09:10:00,1315.0,1315.0,1315.0,1315.0,80900
2026-03-03 02:00:00,1330.0,1330.0,1310.0,1315.0,0
2026-03-03 02:05:00,1330.0,1330.0,1325.0,1330.0,381300
2026-03-03 02:10:00,1320.0,1330.0,1320.0,1325.0,378800
2026-03-03 02:15:00,1320.0,1325.0,1320.0,1320.0,451000
2026-03-03 02:20:00,1325.0,1325.0,1315.0,1315.0,1483500
2026-03-03 02:25:00,1325.0,1330.0,1320.0,1325.0,522000
2026-03-03 02:30:00,1325.0,1325.0,1320.0,1325.0,40200
2026-03-03 02:35:00,1315.0,1325.0,1315.0,1325.0,635800
2026-03-03 02:40:00,1315.0,1320.0,1310.0,1320.0,3735500
2026-03-03 02:45:00,1320.0,1320.0,1310.0,1310.0,287100
2026-03-03 02:50:00,1320.0,1320.0,1315.0,1320.0,182000
2026-03-03 02:55:00,1320.0,1320.0,1315.0,1320.0,188200
2026-03-03 03:00:00,1325.0,1330.0,1315.0,1320.0,738200
2026-03-03 03:05:00,1330.0,1330.0,1325.0,1325.0,396300
2026-03-03 03:10:00,1330.0,1335.0,1325.0,1330.0,700000
2026-03-03 03:15:00,1330.0,1335.0,1330.0,1330.0,248500
2026-03-03 03:20:00,1335.0,1340.0,1330.0,1335.0,346500
2026-03-03 03:25:00,1335.0,1340.0,1330.0,1335.0,274700
2026-03-03 03:30:00,1340.0,1340.0,1335.0,1340.0,437600
2026-03-03 03:35:00,1325.0,1340.0,1325.0,1340.0,930700
2026-03-03 03:40:00,1330.0,1330.0,1325.0,1325.0,818900
2026-03-03 03:45:00,1320.0,1330.0,1320.0,1330.0,483600
2026-03-03 03:50:00,1325.0,1325.0,1320.0,1320.0,74400
2026-03-03 03:55:00,1325.0,1325.0,1320.0,1325.0,275900
2026-03-03 04:00:00,1330.0,1330.0,1325.0,1325.0,98200
2026-03-03 04:05:00,1335.0,1335.0,1325.0,1330.0,329900
2026-03-03 04:10:00,1335.0,1335.0,1330.0,1335.0,52000
2026-03-03 04:15:00,1340.0,1340.0,1330.0,1330.0,227100
2026-03-03 04:20:00,1340.0,1340.0,1335.0,1340.0,59200
2026-03-03 04:25:00,1340.0,1340.0,1335.0,1340.0,1113500
2026-03-03 04:30:00,1340.0,1345.0,1335.0,1340.0,564600
2026-03-03 04:35:00,1340.0,1345.0,1340.0,1345.0,928800
2026-03-03 04:40:00,1340.0,1340.0,1335.0,1340.0,146000
2026-03-03 04:45:00,1340.0,1340.0,1335.0,1340.0,91500
2026-03-03 04:50:00,1335.0,1340.0,1335.0,1340.0,286800
2026-03-03 04:55:00,1325.0,1340.0,1325.0,1340.0,679900
2026-03-03 06:30:00,1335.0,1340.0,1325.0,1325.0,555900
2026-03-03 06:35:00,1335.0,1340.0,1330.0,1340.0,598000
2026-03-03 06:40:00,1335.0,1335.0,1330.0,1330.0,331700
2026-03-03 06:45:00,1335.0,1335.0,1330.0,1335.0,158700
2026-03-03 06:50:00,1340.0,1340.0,1335.0,1335.0,316100
2026-03-03 06:55:00,1335.0,1340.0,1330.0,1340.0,340400
2026-03-03 07:00:00,1335.0,1335.0,1330.0,1335.0,315900
2026-03-03 07:05:00,1335.0,1335.0,1330.0,1335.0,447400
2026-03-03 07:10:00,1335.0,1335.0,1330.0,1335.0,138500
2026-03-03 07:15:00,1330.0,1335.0,1330.0,1335.0,545200
2026-03-03 07:20:00,1330.0,1330.0,1325.0,1330.0,150900
2026-03-03 07:25:00,1335.0,1335.0,1330.0,1330.0,376600
2026-03-03 07:30:00,1335.0,1335.0,1330.0,1335.0,377500
2026-03-03 07:35:00,1335.0,1335.0,1330.0,1335.0,286400
2026-03-03 07:40:00,1335.0,1335.0,1330.0,1335.0,159100
2026-03-03 07:45:00,1335.0,1335.0,1330.0,1335.0,168100
2026-03-03 07:50:00,1335.0,1335.0,1330.0,1335.0,266800
2026-03-03 07:55:00,1335.0,1340.0,1335.0,1335.0,514400
2026-03-03 08:00:00,1340.0,1340.0,1330.0,1340.0,235400
2026-03-03 08:05:00,1340.0,1340.0,1340.0,1340.0,146600
2026-03-03 08:10:00,1340.0,1340.0,1335.0,1340.0,207000
2026-03-03 08:15:00,1335.0,1340.0,1335.0,1340.0,531000
2026-03-03 08:20:00,1340.0,1340.0,1330.0,1335.0,195600
2026-03-03 08:25:00,1340.0,1340.0,1335.0,1335.0,675100
2026-03-03 08:30:00,1345.0,1345.0,1340.0,1340.0,379500
2026-03-03 08:35:00,1340.0,1345.0,1335.0,1345.0,733400
2026-03-03 08:40:00,1340.0,1340.0,1335.0,1340.0,426000
2026-03-03 08:45:00,1335.0,1340.0,1335.0,1340.0,478900
2026-03-03 09:00:00,1340.0,1340.0,1340.0,1340.0,1289000
2026-03-03 09:05:00,1340.0,1340.0,1340.0,1340.0,74900
2026-03-03 09:10:00,1340.0,1340.0,1340.0,1340.0,200
2026-03-04 02:00:00,1310.0,1330.0,1305.0,1330.0,0
2026-03-04 02:05:00,1300.0,1315.0,1295.0,1305.0,2287100
2026-03-04 02:10:00,1295.0,1305.0,1290.0,1300.0,1285100
2026-03-04 02:15:00,1285.0,1300.0,1280.0,1300.0,2571700
2026-03-04 02:20:00,1275.0,1290.0,1270.0,1285.0,2402500
2026-03-04 02:25:00,1285.0,1290.0,1270.0,1280.0,737600
2026-03-04 02:30:00,1295.0,1305.0,1285.0,1290.0,947000
2026-03-04 02:35:00,1295.0,1305.0,1295.0,1300.0,936700
2026-03-04 02:40:00,1285.0,1295.0,1285.0,1295.0,470500
2026-03-04 02:45:00,1280.0,1290.0,1280.0,1290.0,755700
2026-03-04 02:50:00,1280.0,1285.0,1275.0,1280.0,656500
2026-03-04 02:55:00,1275.0,1285.0,1270.0,1280.0,1521800
2026-03-04 03:00:00,1270.0,1270.0,1260.0,1270.0,1807000
2026-03-04 03:05:00,1265.0,1270.0,1260.0,1260.0,612100
2026-03-04 03:10:00,1265.0,1270.0,1260.0,1265.0,1335800
2026-03-04 03:15:00,1270.0,1270.0,1260.0,1260.0,747000
2026-03-04 03:20:00,1260.0,1270.0,1260.0,1265.0,1297700
2026-03-04 03:25:00,1260.0,1265.0,1255.0,1260.0,1148000
2026-03-04 03:30:00,1275.0,1275.0,1260.0,1260.0,1164700
2026-03-04 03:35:00,1280.0,1280.0,1270.0,1270.0,1028200
2026-03-04 03:40:00,1290.0,1295.0,1275.0,1275.0,1073100
2026-03-04 03:45:00,1295.0,1300.0,1290.0,1295.0,552600
2026-03-04 03:50:00,1295.0,1300.0,1290.0,1295.0,761600
2026-03-04 03:55:00,1295.0,1300.0,1295.0,1295.0,1003000
2026-03-04 04:00:00,1285.0,1295.0,1285.0,1290.0,1054900
2026-03-04 04:05:00,1290.0,1290.0,1280.0,1280.0,47600
2026-03-04 04:10:00,1285.0,1290.0,1285.0,1285.0,23700
2026-03-04 04:15:00,1285.0,1285.0,1280.0,1285.0,60300
2026-03-04 04:20:00,1280.0,1285.0,1280.0,1285.0,6900
2026-03-04 04:25:00,1280.0,1285.0,1280.0,1280.0,240600
2026-03-04 04:30:00,1275.0,1280.0,1275.0,1280.0,109400
2026-03-04 04:35:00,1275.0,1275.0,1270.0,1275.0,198000
2026-03-04 04:40:00,1275.0,1275.0,1270.0,1275.0,42600
2026-03-04 04:45:00,1270.0,1275.0,1270.0,1275.0,229400
2026-03-04 04:50:00,1270.0,1270.0,1270.0,1270.0,30700
2026-03-04 04:55:00,1265.0,1275.0,1265.0,1275.0,496400
2026-03-04 06:30:00,1265.0,1275.0,1260.0,1270.0,3079300
2026-03-04 06:35:00,1270.0,1275.0,1265.0,1270.0,737900
2026-03-04 06:40:00,1270.0,1275.0,1270.0,1270.0,70300
2026-03-04 06:45:00,1265.0,1270.0,1265.0,1270.0,330300
2026-03-04 06:50:00,1265.0,1270.0,1265.0,1270.0,252300
2026-03-04 06:55:00,1260.0,1265.0,1260.0,1265.0,601500
2026-03-04 07:00:00,1255.0,1265.0,1255.0,1260.0,2634100
2026-03-04 07:05:00,1255.0,1260.0,1255.0,1255.0,770800
2026-03-04 07:10:00,1250.0,1260.0,1235.0,1255.0,3361600
2026-03-04 07:15:00,1240.0,1250.0,1240.0,1245.0,1060400
2026-03-04 07:20:00,1255.0,1260.0,1240.0,1240.0,305100
2026-03-04 07:25:00,1250.0,1255.0,1245.0,1255.0,329900
2026-03-04 07:30:00,1255.0,1260.0,1245.0,1245.0,552700
2026-03-04 07:35:00,1250.0,1255.0,1245.0,1250.0,500400
2026-03-04 07:40:00,1255.0,1255.0,1250.0,1250.0,304900
2026-03-04 07:45:00,1260.0,1260.0,1250.0,1255.0,457400
2026-03-04 07:50:00,1260.0,1270.0,1260.0,1260.0,623500
2026-03-04 07:55:00,1265.0,1270.0,1260.0,1265.0,193200
2026-03-04 08:00:00,1260.0,1265.0,1250.0,1265.0,1029600
2026-03-04 08:05:00,1255.0,1265.0,1255.0,1260.0,141800
2026-03-04 08:10:00,1255.0,1260.0,1255.0,1260.0,283000
2026-03-04 08:15:00,1245.0,1255.0,1245.0,1255.0,950500
2026-03-04 08:20:00,1250.0,1250.0,1245.0,1245.0,353100
2026-03-04 08:25:00,1245.0,1250.0,1245.0,1245.0,204300
2026-03-04 08:30:00,1250.0,1250.0,1245.0,1245.0,1721400
2026-03-04 08:35:00,1245.0,1255.0,1245.0,1255.0,513100
2026-03-04 08:40:00,1255.0,1255.0,1240.0,1250.0,1657300
2026-03-04 08:45:00,1270.0,1270.0,1250.0,1250.0,1413100
2026-03-04 09:00:00,1255.0,1255.0,1255.0,1255.0,1697300
2026-03-04 09:05:00,1255.0,1255.0,1255.0,1255.0,26200
2026-03-04 09:10:00,1255.0,1255.0,1255.0,1255.0,6100
2026-03-05 02:00:00,1295.0,1295.0,1275.0,1275.0,0
2026-03-05 02:05:00,1285.0,1295.0,1280.0,1295.0,939600
2026-03-05 02:10:00,1280.0,1290.0,1280.0,1280.0,2312700
2026-03-05 02:15:00,1290.0,1290.0,1285.0,1285.0,828400
2026-03-05 02:20:00,1285.0,1295.0,1285.0,1285.0,968300
2026-03-05 02:25:00,1275.0,1290.0,1275.0,1285.0,1703000
2026-03-05 02:30:00,1290.0,1290.0,1280.0,1280.0,484500
2026-03-05 02:35:00,1290.0,1295.0,1280.0,1290.0,1100400
2026-03-05 02:40:00,1295.0,1295.0,1290.0,1295.0,293900
2026-03-05 02:45:00,1290.0,1295.0,1290.0,1295.0,386400
2026-03-05 02:50:00,1285.0,1290.0,1285.0,1290.0,362600
2026-03-05 02:55:00,1290.0,1290.0,1285.0,1290.0,53800
2026-03-05 03:00:00,1290.0,1290.0,1285.0,1285.0,150900
2026-03-05 03:05:00,1290.0,1295.0,1285.0,1290.0,197900
2026-03-05 03:10:00,1290.0,1295.0,1290.0,1290.0,227000
2026-03-05 03:15:00,1295.0,1295.0,1290.0,1295.0,99100
2026-03-05 03:20:00,1295.0,1295.0,1290.0,1295.0,158700
2026-03-05 03:25:00,1295.0,1295.0,1295.0,1295.0,36400
2026-03-05 03:30:00,1290.0,1295.0,1285.0,1295.0,211800
2026-03-05 03:35:00,1290.0,1290.0,1285.0,1290.0,37500
2026-03-05 03:40:00,1290.0,1290.0,1285.0,1290.0,2800
2026-03-05 03:45:00,1290.0,1290.0,1285.0,1290.0,49700
2026-03-05 03:50:00,1290.0,1290.0,1285.0,1290.0,25300
2026-03-05 03:55:00,1290.0,1295.0,1285.0,1290.0,2218800
2026-03-05 04:00:00,1295.0,1295.0,1290.0,1290.0,15600
2026-03-05 04:05:00,1290.0,1295.0,1290.0,1290.0,157500
2026-03-05 04:10:00,1290.0,1290.0,1285.0,1285.0,156500
2026-03-05 04:15:00,1290.0,1290.0,1290.0,1290.0,11900
2026-03-05 04:20:00,1285.0,1290.0,1285.0,1290.0,122500
2026-03-05 04:25:00,1295.0,1295.0,1285.0,1285.0,1550400
2026-03-05 04:30:00,1300.0,1300.0,1290.0,1290.0,1136400
2026-03-05 04:35:00,1305.0,1305.0,1295.0,1300.0,1272700
2026-03-05 04:40:00,1300.0,1305.0,1300.0,1305.0,71200
2026-03-05 04:45:00,1305.0,1305.0,1300.0,1305.0,35200
2026-03-05 04:50:00,1300.0,1305.0,1300.0,1305.0,599800
2026-03-05 04:55:00,1300.0,1305.0,1300.0,1305.0,131300
2026-03-05 06:30:00,1295.0,1305.0,1295.0,1300.0,690700
2026-03-05 06:35:00,1305.0,1305.0,1300.0,1300.0,375600
2026-03-05 06:40:00,1305.0,1305.0,1300.0,1305.0,188100
2026-03-05 06:45:00,1310.0,1310.0,1300.0,1305.0,856000
2026-03-05 06:50:00,1310.0,1310.0,1305.0,1310.0,258900
2026-03-05 06:55:00,1310.0,1315.0,1305.0,1310.0,889300
2026-03-05 07:00:00,1315.0,1315.0,1310.0,1315.0,354300
2026-03-05 07:05:00,1305.0,1315.0,1305.0,1315.0,293300
2026-03-05 07:10:00,1305.0,1310.0,1305.0,1310.0,465100
2026-03-05 07:15:00,1305.0,1310.0,1300.0,1300.0,587900
2026-03-05 07:20:00,1305.0,1310.0,1300.0,1300.0,204400
2026-03-05 07:25:00,1305.0,1315.0,1305.0,1310.0,1527800
2026-03-05 07:30:00,1305.0,1305.0,1300.0,1305.0,432000
2026-03-05 07:35:00,1305.0,1305.0,1300.0,1300.0,182900
2026-03-05 07:40:00,1310.0,1310.0,1300.0,1305.0,226500
2026-03-05 07:45:00,1300.0,1310.0,1300.0,1310.0,713100
2026-03-05 07:50:00,1305.0,1310.0,1300.0,1305.0,289300
2026-03-05 07:55:00,1305.0,1305.0,1300.0,1300.0,93100
2026-03-05 08:00:00,1305.0,1305.0,1300.0,1305.0,98900
2026-03-05 08:05:00,1305.0,1305.0,1300.0,1305.0,139000
2026-03-05 08:10:00,1305.0,1305.0,1300.0,1305.0,257500
2026-03-05 08:15:00,1310.0,1310.0,1300.0,1305.0,813500
2026-03-05 08:20:00,1310.0,1310.0,1305.0,1310.0,207100
2026-03-05 08:25:00,1305.0,1310.0,1305.0,1310.0,309300
2026-03-05 08:30:00,1315.0,1315.0,1305.0,1310.0,1760000
2026-03-05 08:35:00,1315.0,1315.0,1310.0,1315.0,254000
2026-03-05 08:40:00,1315.0,1315.0,1305.0,1315.0,1308000
2026-03-05 08:45:00,1315.0,1320.0,1310.0,1315.0,1423800
2026-03-05 09:00:00,1315.0,1315.0,1315.0,1315.0,548000
2026-03-05 09:05:00,1315.0,1315.0,1315.0,1315.0,18000
2026-03-05 09:10:00,1315.0,1315.0,1315.0,1315.0,13300
2026-03-06 02:00:00,1305.0,1310.0,1295.0,1310.0,0
2026-03-06 02:05:00,1300.0,1310.0,1300.0,1310.0,196200
2026-03-06 02:10:00,1295.0,1300.0,1285.0,1295.0,745400
2026-03-06 02:15:00,1295.0,1300.0,1290.0,1290.0,190000
2026-03-06 02:20:00,1300.0,1300.0,1290.0,1290.0,457500
2026-03-06 02:25:00,1305.0,1305.0,1295.0,1300.0,974800
2026-03-06 02:30:00,1310.0,1310.0,1300.0,1305.0,162900
2026-03-06 02:35:00,1310.0,1315.0,1305.0,1305.0,370000
2026-03-06 02:40:00,1295.0,1310.0,1295.0,1310.0,825400
2026-03-06 02:45:00,1300.0,1300.0,1295.0,1295.0,0
2026-03-06 02:50:00,1300.0,1300.0,1295.0,1300.0,345800
2026-03-06 02:55:00,1295.0,1305.0,1295.0,1300.0,205300
2026-03-06 03:00:00,1295.0,1300.0,1295.0,1295.0,162600
2026-03-06 03:05:00,1295.0,1300.0,1295.0,1295.0,384100
2026-03-06 03:10:00,1300.0,1300.0,1295.0,1300.0,261700
2026-03-06 03:15:00,1295.0,1300.0,1290.0,1295.0,102200
2026-03-06 03:20:00,1290.0,1295.0,1290.0,1295.0,235500
2026-03-06 03:25:00,1290.0,1295.0,1290.0,1295.0,67200
2026-03-06 03:30:00,1290.0,1295.0,1290.0,1290.0,213800
2026-03-06 03:35:00,1285.0,1295.0,1285.0,1290.0,1144700
2026-03-06 03:40:00,1295.0,1295.0,1285.0,1285.0,172400
2026-03-06 03:45:00,1300.0,1300.0,1290.0,1295.0,139500
2026-03-06 03:50:00,1295.0,1300.0,1295.0,1295.0,132200
2026-03-06 03:55:00,1295.0,1300.0,1290.0,1290.0,33500
2026-03-06 04:00:00,1295.0,1300.0,1295.0,1295.0,118900
2026-03-06 04:05:00,1295.0,1300.0,1290.0,1295.0,234200
2026-03-06 04:10:00,1290.0,1295.0,1290.0,1295.0,121300
2026-03-06 04:15:00,1290.0,1295.0,1290.0,1290.0,297100
2026-03-06 04:20:00,1295.0,1295.0,1290.0,1295.0,58700
2026-03-06 04:25:00,1290.0,1295.0,1290.0,1295.0,52400
2026-03-06 07:00:00,1290.0,1295.0,1285.0,1290.0,1520100
2026-03-06 07:05:00,1285.0,1290.0,1285.0,1290.0,18600
2026-03-06 07:10:00,1285.0,1290.0,1285.0,1285.0,58200
2026-03-06 07:15:00,1285.0,1290.0,1285.0,1290.0,614500
2026-03-06 07:20:00,1285.0,1290.0,1285.0,1290.0,32300
2026-03-06 07:25:00,1295.0,1295.0,1285.0,1290.0,405800
2026-03-06 07:30:00,1295.0,1300.0,1295.0,1295.0,68400
2026-03-06 07:35:00,1295.0,1300.0,1290.0,1295.0,851700
2026-03-06 07:40:00,1300.0,1300.0,1295.0,1295.0,8600
2026-03-06 07:45:00,1310.0,1310.0,1295.0,1295.0,2365200
2026-03-06 07:50:00,1310.0,1315.0,1305.0,1310.0,702400
2026-03-06 07:55:00,1310.0,1310.0,1305.0,1310.0,529800
2026-03-06 08:00:00,1340.0,1340.0,1310.0,1315.0,3915400
2026-03-06 08:05:00,1340.0,1350.0,1335.0,1340.0,4633400
2026-03-06 08:10:00,1330.0,1345.0,1330.0,1340.0,3350600
2026-03-06 08:15:00,1340.0,1340.0,1335.0,1335.0,952400
2026-03-06 08:20:00,1330.0,1350.0,1330.0,1340.0,5220500
2026-03-06 08:25:00,1340.0,1345.0,1330.0,1330.0,855400
2026-03-06 08:30:00,1340.0,1340.0,1335.0,1340.0,399100
2026-03-06 08:35:00,1345.0,1345.0,1335.0,1335.0,1170300
2026-03-06 08:40:00,1340.0,1345.0,1340.0,1345.0,2616400
2026-03-06 08:45:00,1340.0,1345.0,1335.0,1340.0,2691400
2026-03-06 09:00:00,1340.0,1340.0,1340.0,1340.0,1592900
2026-03-06 09:05:00,1340.0,1340.0,1340.0,1340.0,58400
2026-03-06 09:10:00,1340.0,1340.0,1340.0,1340.0,57400
2026-03-09 02:00:00,1265.0,1275.0,1230.0,1230.0,0
2026-03-09 02:05:00,1255.0,1270.0,1250.0,1260.0,988900
2026-03-09 02:10:00,1255.0,1260.0,1250.0,1255.0,3162700
2026-03-09 02:15:00,1275.0,1275.0,1255.0,1260.0,694000
2026-03-09 02:20:00,1275.0,1280.0,1265.0,1275.0,2261200
2026-03-09 02:25:00,1260.0,1275.0,1255.0,1275.0,426200
2026-03-09 02:30:00,1260.0,1260.0,1255.0,1260.0,387600
2026-03-09 02:35:00,1260.0,1260.0,1255.0,1260.0,317500
2026-03-09 02:40:00,1260.0,1265.0,1255.0,1260.0,580700
2026-03-09 02:45:00,1265.0,1265.0,1260.0,1260.0,252800
2026-03-09 02:50:00,1265.0,1265.0,1260.0,1265.0,164200
2026-03-09 02:55:00,1270.0,1270.0,1260.0,1265.0,658200
2026-03-09 03:00:00,1260.0,1270.0,1255.0,1265.0,590500
2026-03-09 03:05:00,1255.0,1260.0,1255.0,1260.0,541400
2026-03-09 03:10:00,1250.0,1260.0,1250.0,1255.0,1005000
2026-03-09 03:15:00,1255.0,1255.0,1250.0,1250.0,136500
2026-03-09 03:20:00,1255.0,1260.0,1250.0,1255.0,246000
2026-03-09 03:25:00,1260.0,1260.0,1255.0,1260.0,63800
2026-03-09 03:30:00,1255.0,1260.0,1255.0,1255.0,71500
2026-03-09 03:35:00,1260.0,1260.0,1255.0,1255.0,52800
2026-03-09 03:40:00,1260.0,1260.0,1255.0,1260.0,42300
2026-03-09 03:45:00,1255.0,1260.0,1255.0,1260.0,149800
2026-03-09 03:50:00,1265.0,1265.0,1255.0,1260.0,288100
2026-03-09 03:55:00,1260.0,1265.0,1260.0,1265.0,147200
2026-03-09 04:00:00,1260.0,1260.0,1250.0,1260.0,648800
2026-03-09 04:05:00,1265.0,1265.0,1255.0,1260.0,165300
2026-03-09 04:10:00,1260.0,1265.0,1260.0,1265.0,225700
2026-03-09 04:15:00,1260.0,1260.0,1255.0,1260.0,100000
2026-03-09 04:20:00,1260.0,1260.0,1255.0,1260.0,421600
2026-03-09 04:25:00,1260.0,1265.0,1260.0,1260.0,110400
2026-03-09 04:30:00,1265.0,1265.0,1260.0,1265.0,167400
2026-03-09 04:35:00,1260.0,1265.0,1260.0,1260.0,24700
2026-03-09 04:40:00,1260.0,1265.0,1260.0,1260.0,181700
2026-03-09 04:45:00,1255.0,1260.0,1255.0,1255.0,254800
2026-03-09 04:50:00,1260.0,1260.0,1255.0,1255.0,8800
2026-03-09 04:55:00,1255.0,1260.0,1255.0,1260.0,44200
2026-03-09 06:30:00,1255.0,1265.0,1255.0,1255.0,1224700
2026-03-09 06:35:00,1260.0,1260.0,1255.0,1260.0,279400
2026-03-09 06:40:00,1265.0,1270.0,1260.0,1260.0,349500
2026-03-09 06:45:00,1265.0,1265.0,1260.0,1265.0,228100
2026-03-09 06:50:00,1260.0,1265.0,1255.0,1265.0,1011600
2026-03-09 06:55:00,1265.0,1265.0,1255.0,1260.0,658900
2026-03-09 07:00:00,1260.0,1265.0,1255.0,1265.0,217300
2026-03-09 07:05:00,1260.0,1260.0,1255.0,1260.0,61900
2026-03-09 07:10:00,1260.0,1260.0,1255.0,1260.0,71400
2026-03-09 07:15:00,1255.0,1265.0,1250.0,1260.0,1666100
2026-03-09 07:20:00,1250.0,1260.0,1250.0,1255.0,221100
2026-03-09 07:25:00,1255.0,1255.0,1250.0,1255.0,84900
2026-03-09 07:30:00,1255.0,1255.0,1250.0,1255.0,31600
2026-03-09 07:35:00,1255.0,1260.0,1255.0,1255.0,379000
2026-03-09 07:40:00,1260.0,1260.0,1260.0,1260.0,22300
2026-03-09 07:45:00,1255.0,1260.0,1255.0,1260.0,238100
2026-03-09 07:50:00,1255.0,1260.0,1250.0,1255.0,564600
2026-03-09 07:55:00,1260.0,1260.0,1255.0,1255.0,635700
2026-03-09 08:00:00,1260.0,1260.0,1250.0,1260.0,1366900
2026-03-09 08:05:00,1265.0,1265.0,1260.0,1260.0,81800
2026-03-09 08:10:00,1260.0,1265.0,1260.0,1265.0,122800
2026-03-09 08:15:00,1255.0,1265.0,1255.0,1260.0,261100
2026-03-09 08:20:00,1265.0,1265.0,1255.0,1255.0,127700
2026-03-09 08:25:00,1260.0,1265.0,1260.0,1260.0,141000
2026-03-09 08:30:00,1255.0,1260.0,1255.0,1260.0,44200
2026-03-09 08:35:00,1265.0,1265.0,1255.0,1260.0,198000
2026-03-09 08:40:00,1265.0,1265.0,1260.0,1260.0,306400
2026-03-09 08:45:00,1265.0,1265.0,1260.0,1265.0,60100
2026-03-09 09:00:00,1275.0,1275.0,1275.0,1275.0,3628800
2026-03-09 09:05:00,1275.0,1275.0,1275.0,1275.0,89100
2026-03-09 09:10:00,1275.0,1275.0,1275.0,1275.0,4200
2026-03-10 02:00:00,1290.0,1305.0,1285.0,1300.0,0
2026-03-10 02:05:00,1285.0,1295.0,1280.0,1290.0,1378500
2026-03-10 02:10:00,1280.0,1290.0,1280.0,1285.0,1368600
2026-03-10 02:15:00,1280.0,1285.0,1275.0,1285.0,716800
2026-03-10 02:20:00,1280.0,1285.0,1280.0,1285.0,705200
2026-03-10 02:25:00,1275.0,1285.0,1275.0,1285.0,2066000
2026-03-10 02:30:00,1270.0,1280.0,1270.0,1275.0,1118500
2026-03-10 02:35:00,1270.0,1275.0,1270.0,1270.0,295500
2026-03-10 02:40:00,1270.0,1275.0,1270.0,1270.0,415300
2026-03-10 02:45:00,1275.0,1275.0,1270.0,1270.0,185900
2026-03-10 02:50:00,1270.0,1275.0,1270.0,1275.0,78400
2026-03-10 02:55:00,1270.0,1275.0,1265.0,1275.0,902900
2026-03-10 03:00:00,1275.0,1275.0,1265.0,1270.0,186300
2026-03-10 03:05:00,1275.0,1275.0,1270.0,1275.0,35900
2026-03-10 03:10:00,1275.0,1275.0,1270.0,1275.0,24000
2026-03-10 03:15:00,1275.0,1275.0,1270.0,1270.0,32400
2026-03-10 03:20:00,1270.0,1275.0,1270.0,1270.0,42800
2026-03-10 03:25:00,1270.0,1275.0,1270.0,1270.0,76300
2026-03-10 03:30:00,1270.0,1275.0,1270.0,1275.0,42900
2026-03-10 03:35:00,1270.0,1275.0,1270.0,1275.0,395200
2026-03-10 03:40:00,1275.0,1275.0,1270.0,1270.0,74900
2026-03-10 03:45:00,1275.0,1275.0,1270.0,1270.0,26300
2026-03-10 03:50:00,1270.0,1275.0,1270.0,1270.0,149500
2026-03-10 03:55:00,1265.0,1270.0,1265.0,1270.0,126400
2026-03-10 04:00:00,1270.0,1270.0,1265.0,1265.0,365600
2026-03-10 04:05:00,1270.0,1270.0,1265.0,1270.0,112200
2026-03-10 04:10:00,1270.0,1275.0,1270.0,1270.0,495800
2026-03-10 04:15:00,1275.0,1275.0,1270.0,1270.0,16100
2026-03-10 04:20:00,1270.0,1275.0,1270.0,1275.0,99200
2026-03-10 04:25:00,1270.0,1275.0,1270.0,1275.0,62700
2026-03-10 04:30:00,1270.0,1270.0,1265.0,1270.0,630100
2026-03-10 04:35:00,1270.0,1275.0,1270.0,1275.0,0
2026-03-10 04:40:00,1275.0,1275.0,1270.0,1270.0,50100
2026-03-10 04:45:00,1275.0,1275.0,1270.0,1275.0,125400
2026-03-10 04:50:00,1275.0,1280.0,1270.0,1270.0,351300
2026-03-10 04:55:00,1270.0,1280.0,1270.0,1280.0,93500
2026-03-10 06:30:00,1275.0,1275.0,1265.0,1275.0,642300
2026-03-10 06:35:00,1280.0,1285.0,1275.0,1275.0,605200
2026-03-10 06:40:00,1280.0,1285.0,1275.0,1280.0,275300
2026-03-10 06:45:00,1275.0,1280.0,1275.0,1275.0,34800
2026-03-10 06:50:00,1280.0,1280.0,1275.0,1275.0,105900
2026-03-10 06:55:00,1280.0,1280.0,1275.0,1280.0,187800
2026-03-10 07:00:00,1285.0,1285.0,1280.0,1280.0,238000
2026-03-10 07:05:00,1285.0,1285.0,1280.0,1285.0,320200
2026-03-10 07:10:00,1285.0,1285.0,1280.0,1285.0,439400
2026-03-10 07:15:00,1285.0,1285.0,1280.0,1285.0,135400
2026-03-10 07:20:00,1280.0,1285.0,1275.0,1280.0,286800
2026-03-10 07:25:00,1275.0,1280.0,1275.0,1275.0,57000
2026-03-10 07:30:00,1275.0,1280.0,1275.0,1275.0,106900
2026-03-10 07:35:00,1280.0,1280.0,1275.0,1275.0,242700
2026-03-10 07:40:00,1275.0,1280.0,1270.0,1280.0,407700
2026-03-10 07:45:00,1270.0,1275.0,1270.0,1270.0,33700
2026-03-10 07:50:00,1275.0,1275.0,1270.0,1270.0,165600
2026-03-10 07:55:00,1275.0,1280.0,1270.0,1275.0,407300
2026-03-10 08:00:00,1275.0,1275.0,1270.0,1275.0,168200
2026-03-10 08:05:00,1270.0,1275.0,1270.0,1275.0,50600
2026-03-10 08:10:00,1275.0,1280.0,1270.0,1275.0,204600
2026-03-10 08:15:00,1280.0,1280.0,1275.0,1280.0,476600
2026-03-10 08:20:00,1280.0,1280.0,1275.0,1275.0,333800
2026-03-10 08:25:00,1285.0,1285.0,1280.0,1280.0,233900
2026-03-10 08:30:00,1285.0,1285.0,1280.0,1285.0,275400
2026-03-10 08:35:00,1285.0,1285.0,1280.0,1280.0,497900
2026-03-10 08:40:00,1285.0,1290.0,1280.0,1285.0,912700
2026-03-10 08:45:00,1285.0,1290.0,1285.0,1285.0,535900
2026-03-10 09:00:00,1285.0,1285.0,1285.0,1285.0,496600
2026-03-10 09:05:00,1285.0,1285.0,1285.0,1285.0,126000
2026-03-10 09:10:00,1285.0,1285.0,1285.0,1285.0,0
2026-03-11 02:00:00,1280.0,1290.0,1275.0,1290.0,0
2026-03-11 02:05:00,1295.0,1300.0,1285.0,1285.0,343300
2026-03-11 02:10:00,1285.0,1300.0,1280.0,1300.0,303300
2026-03-11 02:15:00,1290.0,1290.0,1285.0,1290.0,113500
2026-03-11 02:20:00,1290.0,1290.0,1285.0,1290.0,78200
2026-03-11 02:25:00,1290.0,1295.0,1290.0,1295.0,41800
2026-03-11 02:30:00,1295.0,1295.0,1290.0,1290.0,30900
2026-03-11 02:35:00,1290.0,1295.0,1290.0,1295.0,63200
2026-03-11 02:40:00,1290.0,1295.0,1290.0,1290.0,78200
2026-03-11 02:45:00,1290.0,1290.0,1285.0,1290.0,334100
2026-03-11 02:50:00,1280.0,1285.0,1280.0,1285.0,232000
2026-03-11 02:55:00,1285.0,1285.0,1280.0,1280.0,9500
2026-03-11 03:00:00,1285.0,1285.0,1280.0,1285.0,370500
2026-03-11 03:05:00,1290.0,1295.0,1285.0,1285.0,263400
2026-03-11 03:10:00,1290.0,1290.0,1290.0,1290.0,99500
2026-03-11 03:15:00,1285.0,1290.0,1285.0,1290.0,59600
2026-03-11 03:20:00,1285.0,1290.0,1285.0,1285.0,3900
2026-03-11 03:25:00,1290.0,1290.0,1285.0,1285.0,25500
2026-03-11 03:30:00,1290.0,1290.0,1285.0,1290.0,81800
2026-03-11 03:35:00,1285.0,1290.0,1285.0,1290.0,47100
2026-03-11 03:40:00,1290.0,1290.0,1285.0,1290.0,94200
2026-03-11 03:45:00,1290.0,1290.0,1285.0,1285.0,102600
2026-03-11 03:50:00,1290.0,1290.0,1285.0,1285.0,29000
2026-03-11 03:55:00,1290.0,1290.0,1290.0,1290.0,33100
2026-03-11 04:00:00,1285.0,1290.0,1285.0,1290.0,289800
2026-03-11 04:05:00,1290.0,1290.0,1285.0,1285.0,1700
2026-03-11 04:10:00,1285.0,1290.0,1285.0,1290.0,3600
2026-03-11 04:15:00,1285.0,1290.0,1285.0,1285.0,9700
2026-03-11 04:20:00,1290.0,1290.0,1285.0,1285.0,164200
2026-03-11 04:25:00,1290.0,1290.0,1285.0,1285.0,10100
2026-03-11 04:30:00,1290.0,1290.0,1290.0,1290.0,7900
2026-03-11 04:35:00,1290.0,1290.0,1285.0,1285.0,33500
2026-03-11 04:40:00,1290.0,1290.0,1285.0,1290.0,28800
2026-03-11 04:45:00,1285.0,1290.0,1285.0,1290.0,115200
2026-03-11 04:50:00,1290.0,1290.0,1285.0,1290.0,58800
2026-03-11 04:55:00,1290.0,1290.0,1285.0,1290.0,92100
2026-03-11 06:30:00,1285.0,1295.0,1285.0,1285.0,913400
2026-03-11 06:35:00,1290.0,1290.0,1285.0,1290.0,537700
2026-03-11 06:40:00,1280.0,1290.0,1280.0,1285.0,647400
2026-03-11 06:45:00,1280.0,1290.0,1280.0,1285.0,213600
2026-03-11 06:50:00,1285.0,1285.0,1280.0,1285.0,340900
2026-03-11 06:55:00,1290.0,1290.0,1285.0,1285.0,301000
2026-03-11 07:00:00,1290.0,1290.0,1285.0,1285.0,83300
2026-03-11 07:05:00,1285.0,1290.0,1285.0,1290.0,530800
2026-03-11 07:10:00,1285.0,1290.0,1285.0,1290.0,16200
2026-03-11 07:15:00,1290.0,1290.0,1285.0,1290.0,174200
2026-03-11 07:20:00,1290.0,1290.0,1285.0,1290.0,187900
2026-03-11 07:25:00,1290.0,1290.0,1285.0,1290.0,187400
2026-03-11 07:30:00,1285.0,1290.0,1285.0,1290.0,249100
2026-03-11 07:35:00,1295.0,1295.0,1285.0,1285.0,497400
2026-03-11 07:40:00,1290.0,1295.0,1290.0,1295.0,236100
2026-03-11 07:45:00,1295.0,1295.0,1290.0,1295.0,238200
2026-03-11 07:50:00,1295.0,1300.0,1290.0,1295.0,611400
2026-03-11 07:55:00,1295.0,1300.0,1290.0,1295.0,218900
2026-03-11 08:00:00,1295.0,1295.0,1290.0,1295.0,71000
2026-03-11 08:05:00,1295.0,1295.0,1290.0,1295.0,452900
2026-03-11 08:10:00,1295.0,1295.0,1290.0,1295.0,130000
2026-03-11 08:15:00,1295.0,1295.0,1290.0,1295.0,218300
2026-03-11 08:20:00,1295.0,1295.0,1290.0,1295.0,123400
2026-03-11 08:25:00,1295.0,1295.0,1290.0,1295.0,149200
2026-03-11 08:30:00,1290.0,1295.0,1290.0,1295.0,674000
2026-03-11 08:35:00,1295.0,1295.0,1290.0,1290.0,144400
2026-03-11 08:40:00,1285.0,1290.0,1285.0,1290.0,364300
2026-03-11 08:45:00,1295.0,1295.0,1285.0,1290.0,609600
2026-03-11 09:00:00,1290.0,1290.0,1290.0,1290.0,415100
2026-03-11 09:05:00,1290.0,1290.0,1290.0,1290.0,226100
2026-03-11 09:10:00,1290.0,1290.0,1290.0,1290.0,0
2026-03-12 02:00:00,1275.0,1290.0,1270.0,1285.0,0
2026-03-12 02:05:00,1270.0,1285.0,1270.0,1285.0,182400
2026-03-12 02:10:00,1275.0,1280.0,1270.0,1270.0,158600
2026-03-12 02:15:00,1275.0,1275.0,1270.0,1275.0,284100
2026-03-12 02:20:00,1275.0,1275.0,1270.0,1275.0,234800
2026-03-12 02:25:00,1275.0,1280.0,1270.0,1275.0,188000
2026-03-12 02:30:00,1275.0,1275.0,1270.0,1275.0,2300
2026-03-12 02:35:00,1280.0,1285.0,1270.0,1270.0,626100
2026-03-12 02:40:00,1280.0,1285.0,1280.0,1280.0,39200
2026-03-12 02:45:00,1275.0,1280.0,1275.0,1280.0,219400
2026-03-12 02:50:00,1285.0,1290.0,1275.0,1275.0,362900
2026-03-12 02:55:00,1290.0,1295.0,1285.0,1290.0,610000
2026-03-12 03:00:00,1295.0,1295.0,1290.0,1295.0,367400
2026-03-12 03:05:00,1295.0,1300.0,1290.0,1295.0,334900
2026-03-12 03:10:00,1295.0,1295.0,1295.0,1295.0,17100
2026-03-12 03:15:00,1295.0,1300.0,1295.0,1295.0,147700
2026-03-12 03:20:00,1300.0,1300.0,1295.0,1300.0,14700
2026-03-12 03:25:00,1300.0,1300.0,1295.0,1300.0,122800
2026-03-12 03:30:00,1300.0,1305.0,1295.0,1300.0,798800
2026-03-12 03:35:00,1305.0,1305.0,1300.0,1300.0,161200
2026-03-12 03:40:00,1300.0,1305.0,1300.0,1305.0,14600
2026-03-12 03:45:00,1305.0,1305.0,1300.0,1305.0,74200
2026-03-12 03:50:00,1310.0,1310.0,1300.0,1300.0,299300
2026-03-12 03:55:00,1310.0,1310.0,1305.0,1310.0,423600
2026-03-12 04:00:00,1310.0,1310.0,1305.0,1305.0,99500
2026-03-12 04:05:00,1310.0,1315.0,1305.0,1310.0,645000
2026-03-12 04:10:00,1310.0,1310.0,1305.0,1310.0,185900
2026-03-12 04:15:00,1305.0,1310.0,1305.0,1305.0,334500
2026-03-12 04:20:00,1305.0,1305.0,1300.0,1305.0,180900
2026-03-12 04:25:00,1310.0,1310.0,1305.0,1305.0,4600
2026-03-12 04:30:00,1310.0,1315.0,1305.0,1305.0,477300
2026-03-12 04:35:00,1310.0,1315.0,1310.0,1310.0,15600
2026-03-12 04:40:00,1315.0,1315.0,1310.0,1315.0,373400
2026-03-12 04:45:00,1310.0,1315.0,1310.0,1315.0,55100
2026-03-12 04:50:00,1310.0,1315.0,1310.0,1310.0,75700
2026-03-12 04:55:00,1310.0,1315.0,1310.0,1310.0,785900
2026-03-12 06:30:00,1315.0,1315.0,1310.0,1315.0,629100
2026-03-12 06:35:00,1315.0,1315.0,1310.0,1315.0,548300
2026-03-12 06:40:00,1315.0,1320.0,1310.0,1320.0,498200
2026-03-12 06:45:00,1315.0,1320.0,1310.0,1310.0,164100
2026-03-12 06:50:00,1305.0,1315.0,1305.0,1315.0,333800
2026-03-12 06:55:00,1305.0,1310.0,1305.0,1305.0,39500
2026-03-12 07:00:00,1295.0,1310.0,1295.0,1310.0,2296600
2026-03-12 07:05:00,1300.0,1300.0,1295.0,1300.0,229400
2026-03-12 07:10:00,1295.0,1295.0,1285.0,1295.0,1373200
2026-03-12 07:15:00,1290.0,1295.0,1290.0,1295.0,121900
2026-03-12 07:20:00,1290.0,1295.0,1290.0,1290.0,25100
2026-03-12 07:25:00,1280.0,1295.0,1280.0,1290.0,433000
2026-03-12 07:30:00,1285.0,1285.0,1285.0,1285.0,158600
2026-03-12 07:35:00,1285.0,1290.0,1280.0,1285.0,664300
2026-03-12 07:40:00,1285.0,1285.0,1285.0,1285.0,61500
2026-03-12 07:45:00,1285.0,1290.0,1280.0,1285.0,133100
2026-03-12 07:50:00,1285.0,1290.0,1280.0,1285.0,643200
2026-03-12 07:55:00,1285.0,1290.0,1280.0,1290.0,294600
2026-03-12 08:00:00,1285.0,1285.0,1280.0,1280.0,111500
2026-03-12 08:05:00,1290.0,1290.0,1280.0,1285.0,270500
2026-03-12 08:10:00,1290.0,1290.0,1285.0,1290.0,306100
2026-03-12 08:15:00,1285.0,1290.0,1280.0,1285.0,214500
2026-03-12 08:20:00,1280.0,1290.0,1280.0,1285.0,460700
2026-03-12 08:25:00,1280.0,1285.0,1280.0,1285.0,1398600
2026-03-12 08:30:00,1285.0,1285.0,1275.0,1280.0,594500
2026-03-12 08:35:00,1280.0,1285.0,1280.0,1280.0,227400
2026-03-12 08:40:00,1285.0,1285.0,1280.0,1280.0,204100
2026-03-12 08:45:00,1275.0,1280.0,1270.0,1280.0,2192300
2026-03-12 09:00:00,1270.0,1270.0,1270.0,1270.0,1437900
2026-03-12 09:05:00,1270.0,1270.0,1270.0,1270.0,1103400
2026-03-12 09:10:00,1270.0,1270.0,1270.0,1270.0,0
2026-03-13 02:00:00,1265.0,1280.0,1255.0,1275.0,0
2026-03-13 02:05:00,1275.0,1275.0,1260.0,1260.0,570100
2026-03-13 02:10:00,1265.0,1275.0,1265.0,1275.0,661900
2026-03-13 02:15:00,1265.0,1270.0,1260.0,1265.0,339300
2026-03-13 02:20:00,1265.0,1265.0,1260.0,1265.0,59200
2026-03-13 02:25:00,1255.0,1270.0,1255.0,1265.0,307200
2026-03-13 02:30:00,1265.0,1265.0,1260.0,1260.0,98700
2026-03-13 02:35:00,1265.0,1270.0,1265.0,1270.0,0
2026-03-13 02:40:00,1270.0,1270.0,1265.0,1265.0,67800
2026-03-13 02:45:00,1270.0,1270.0,1265.0,1270.0,158200
2026-03-13 02:50:00,1270.0,1270.0,1265.0,1265.0,189900
2026-03-13 02:55:00,1265.0,1270.0,1265.0,1270.0,135100
2026-03-13 03:00:00,1270.0,1270.0,1265.0,1270.0,0
2026-03-13 03:05:00,1260.0,1270.0,1260.0,1270.0,174900
2026-03-13 03:10:00,1265.0,1265.0,1260.0,1260.0,83300
2026-03-13 03:15:00,1260.0,1265.0,1260.0,1265.0,30500
2026-03-13 03:20:00,1260.0,1265.0,1260.0,1265.0,7300
2026-03-13 03:25:00,1265.0,1265.0,1260.0,1265.0,275000
2026-03-13 03:30:00,1265.0,1265.0,1260.0,1260.0,1330300
2026-03-13 03:35:00,1265.0,1265.0,1265.0,1265.0,1500
2026-03-13 03:40:00,1260.0,1265.0,1255.0,1265.0,1196900
2026-03-13 03:45:00,1255.0,1260.0,1255.0,1260.0,45900
2026-03-13 03:50:00,1255.0,1260.0,1255.0,1255.0,26600
2026-03-13 03:55:00,1255.0,1260.0,1255.0,1260.0,1900
2026-03-13 04:00:00,1255.0,1260.0,1255.0,1255.0,403000
2026-03-13 04:05:00,1255.0,1260.0,1255.0,1260.0,74100
2026-03-13 04:10:00,1255.0,1260.0,1255.0,1260.0,86000
2026-03-13 04:15:00,1260.0,1260.0,1255.0,1255.0,163000
2026-03-13 04:20:00,1260.0,1260.0,1255.0,1255.0,35900
2026-03-13 04:25:00,1255.0,1260.0,1255.0,1260.0,770900
2026-03-13 07:00:00,1255.0,1260.0,1255.0,1260.0,729300
2026-03-13 07:05:00,1255.0,1260.0,1255.0,1255.0,32200
2026-03-13 07:10:00,1255.0,1260.0,1255.0,1255.0,136200
2026-03-13 07:15:00,1255.0,1255.0,1250.0,1255.0,1305000
2026-03-13 07:20:00,1255.0,1260.0,1250.0,1255.0,300800
2026-03-13 07:25:00,1255.0,1255.0,1255.0,1255.0,34900
2026-03-13 07:30:00,1255.0,1260.0,1255.0,1255.0,47600
2026-03-13 07:35:00,1260.0,1260.0,1255.0,1260.0,32300
2026-03-13 07:40:00,1255.0,1255.0,1255.0,1255.0,20400
2026-03-13 07:45:00,1260.0,1260.0,1255.0,1255.0,39500
2026-03-13 07:50:00,1260.0,1260.0,1255.0,1255.0,217700
2026-03-13 07:55:00,1260.0,1260.0,1255.0,1260.0,19800
2026-03-13 08:00:00,1255.0,1260.0,1255.0,1260.0,106100
2026-03-13 08:05:00,1260.0,1260.0,1255.0,1260.0,113900
2026-03-13 08:10:00,1260.0,1260.0,1255.0,1255.0,54600
2026-03-13 08:15:00,1255.0,1260.0,1255.0,1255.0,308700
2026-03-13 08:20:00,1255.0,1260.0,1255.0,1255.0,229600
2026-03-13 08:25:00,1260.0,1260.0,1255.0,1255.0,446000
2026-03-13 08:30:00,1255.0,1260.0,1255.0,1260.0,159700
2026-03-13 08:35:00,1255.0,1260.0,1255.0,1255.0,229300
2026-03-13 08:40:00,1255.0,1260.0,1255.0,1260.0,414800
2026-03-13 08:45:00,1265.0,1265.0,1255.0,1260.0,960700
2026-03-13 09:00:00,1260.0,1260.0,1260.0,1260.0,813400
2026-03-13 09:10:00,1260.0,1260.0,1260.0,1260.0,143000
2026-03-16 02:00:00,1235.0,1260.0,1235.0,1255.0,0
2026-03-16 02:05:00,1240.0,1245.0,1230.0,1235.0,518600
2026-03-16 02:10:00,1245.0,1245.0,1235.0,1235.0,320400
2026-03-16 02:15:00,1250.0,1255.0,1240.0,1240.0,251500
2026-03-16 02:20:00,1245.0,1250.0,1240.0,1250.0,341600
2026-03-16 02:25:00,1245.0,1250.0,1240.0,1245.0,173100
2026-03-16 02:30:00,1245.0,1245.0,1240.0,1240.0,727000
2026-03-16 02:35:00,1245.0,1250.0,1245.0,1245.0,22100
2026-03-16 02:40:00,1255.0,1255.0,1245.0,1245.0,411300
2026-03-16 02:45:00,1260.0,1265.0,1250.0,1255.0,324400
2026-03-16 02:50:00,1260.0,1265.0,1260.0,1260.0,162100
2026-03-16 02:55:00,1255.0,1260.0,1255.0,1255.0,27100
2026-03-16 03:00:00,1260.0,1260.0,1255.0,1255.0,201800
2026-03-16 03:05:00,1260.0,1265.0,1260.0,1260.0,193500
2026-03-16 03:10:00,1270.0,1270.0,1260.0,1260.0,362800
2026-03-16 03:15:00,1270.0,1270.0,1265.0,1270.0,85500
2026-03-16 03:20:00,1270.0,1270.0,1265.0,1270.0,238500
2026-03-16 03:25:00,1270.0,1270.0,1265.0,1270.0,22700
2026-03-16 03:30:00,1265.0,1270.0,1265.0,1270.0,8300
2026-03-16 03:35:00,1270.0,1270.0,1265.0,1265.0,74600
2026-03-16 03:40:00,1265.0,1270.0,1265.0,1265.0,161000
2026-03-16 03:45:00,1270.0,1270.0,1260.0,1265.0,31700
2026-03-16 03:50:00,1270.0,1270.0,1265.0,1270.0,110800
2026-03-16 03:55:00,1265.0,1265.0,1265.0,1265.0,0
2026-03-16 04:00:00,1265.0,1270.0,1265.0,1270.0,33100
2026-03-16 04:05:00,1265.0,1270.0,1265.0,1265.0,61100
2026-03-16 04:10:00,1265.0,1270.0,1260.0,1270.0,160700
2026-03-16 04:15:00,1265.0,1265.0,1260.0,1265.0,21000
2026-03-16 04:20:00,1260.0,1265.0,1260.0,1260.0,219000
2026-03-16 04:25:00,1255.0,1260.0,1255.0,1260.0,26900
2026-03-16 04:30:00,1260.0,1260.0,1255.0,1255.0,17400
2026-03-16 04:35:00,1255.0,1255.0,1255.0,1255.0,9100
2026-03-16 04:40:00,1255.0,1260.0,1255.0,1260.0,32600
2026-03-16 04:45:00,1260.0,1260.0,1255.0,1255.0,183400
2026-03-16 04:50:00,1260.0,1260.0,1255.0,1260.0,138800
2026-03-16 04:55:00,1255.0,1265.0,1255.0,1260.0,362900
2026-03-16 06:30:00,1260.0,1260.0,1255.0,1260.0,20000
2026-03-16 06:35:00,1260.0,1270.0,1255.0,1260.0,1054500
2026-03-16 06:40:00,1255.0,1260.0,1255.0,1260.0,32000
2026-03-16 06:45:00,1255.0,1260.0,1255.0,1255.0,8000
2026-03-16 06:50:00,1250.0,1260.0,1250.0,1260.0,295800
2026-03-16 06:55:00,1250.0,1255.0,1250.0,1255.0,250700
2026-03-16 07:00:00,1255.0,1255.0,1250.0,1255.0,113000
2026-03-16 07:05:00,1260.0,1260.0,1255.0,1255.0,63500
2026-03-16 07:10:00,1260.0,1260.0,1260.0,1260.0,400
2026-03-16 07:15:00,1260.0,1260.0,1255.0,1260.0,14100
2026-03-16 07:20:00,1255.0,1260.0,1255.0,1260.0,102600
2026-03-16 07:25:00,1255.0,1260.0,1255.0,1260.0,11100
2026-03-16 07:30:00,1260.0,1260.0,1255.0,1255.0,196400
2026-03-16 07:35:00,1260.0,1260.0,1255.0,1255.0,52600
2026-03-16 07:40:00,1260.0,1260.0,1255.0,1255.0,20700
2026-03-16 07:45:00,1260.0,1260.0,1255.0,1255.0,109900
2026-03-16 07:50:00,1255.0,1260.0,1255.0,1260.0,46300
2026-03-16 07:55:00,1260.0,1260.0,1255.0,1255.0,31700
2026-03-16 08:00:00,1260.0,1260.0,1255.0,1260.0,16000
2026-03-16 08:05:00,1255.0,1260.0,1255.0,1255.0,86300
2026-03-16 08:10:00,1255.0,1260.0,1250.0,1255.0,315300
2026-03-16 08:15:00,1255.0,1255.0,1255.0,1255.0,19200
2026-03-16 08:20:00,1260.0,1260.0,1255.0,1260.0,21600
2026-03-16 08:25:00,1255.0,1260.0,1255.0,1255.0,37300
2026-03-16 08:30:00,1265.0,1265.0,1260.0,1260.0,438900
2026-03-16 08:35:00,1265.0,1265.0,1260.0,1265.0,179500
2026-03-16 08:40:00,1250.0,1265.0,1245.0,1260.0,789300
2026-03-16 08:45:00,1255.0,1255.0,1245.0,1245.0,345900
2026-03-16 09:00:00,1250.0,1250.0,1250.0,1250.0,222700
2026-03-16 09:10:00,1250.0,1250.0,1250.0,1250.0,2700
2026-03-17 02:00:00,1260.0,1260.0,1250.0,1250.0,0
2026-03-17 02:05:00,1260.0,1265.0,1255.0,1260.0,177200
2026-03-17 02:10:00,1260.0,1265.0,1260.0,1260.0,32400
2026-03-17 02:15:00,1265.0,1265.0,1260.0,1265.0,17900
2026-03-17 02:20:00,1255.0,1265.0,1255.0,1265.0,294200
2026-03-17 02:25:00,1255.0,1260.0,1255.0,1260.0,55000
2026-03-17 02:30:00,1255.0,1275.0,1255.0,1260.0,972500
2026-03-17 02:35:00,1260.0,1265.0,1255.0,1260.0,324400
2026-03-17 02:40:00,1255.0,1260.0,1255.0,1260.0,179800
2026-03-17 02:45:00,1260.0,1260.0,1255.0,1260.0,16300
2026-03-17 02:50:00,1260.0,1265.0,1255.0,1260.0,214000
2026-03-17 02:55:00,1255.0,1260.0,1255.0,1255.0,9700
2026-03-17 03:00:00,1260.0,1260.0,1260.0,1260.0,102900
2026-03-17 03:05:00,1265.0,1270.0,1260.0,1265.0,214800
2026-03-17 03:10:00,1275.0,1280.0,1260.0,1265.0,1388800
2026-03-17 03:15:00,1265.0,1275.0,1265.0,1275.0,9800
2026-03-17 03:20:00,1265.0,1265.0,1265.0,1265.0,1000
2026-03-17 03:25:00,1265.0,1270.0,1265.0,1265.0,5200
2026-03-17 03:30:00,1270.0,1270.0,1265.0,1265.0,73800
2026-03-17 03:35:00,1265.0,1270.0,1265.0,1270.0,20700
2026-03-17 03:40:00,1270.0,1270.0,1265.0,1270.0,59200
2026-03-17 03:45:00,1265.0,1270.0,1265.0,1270.0,12500
2026-03-17 03:50:00,1270.0,1270.0,1265.0,1265.0,95100
2026-03-17 03:55:00,1270.0,1270.0,1265.0,1265.0,3700
2026-03-17 04:00:00,1265.0,1270.0,1265.0,1265.0,40100
2026-03-17 04:05:00,1265.0,1270.0,1265.0,1270.0,4100
2026-03-17 04:10:00,1265.0,1270.0,1265.0,1265.0,21000
2026-03-17 04:15:00,1270.0,1275.0,1270.0,1270.0,281300
2026-03-17 04:20:00,1270.0,1270.0,1270.0,1270.0,92800
2026-03-17 04:25:00,1270.0,1275.0,1270.0,1270.0,188600
2026-03-17 04:30:00,1265.0,1270.0,1265.0,1270.0,15700
2026-03-17 04:35:00,1270.0,1275.0,1265.0,1265.0,123300
2026-03-17 04:40:00,1265.0,1270.0,1265.0,1270.0,148600
2026-03-17 04:45:00,1270.0,1275.0,1265.0,1270.0,98600
2026-03-17 04:50:00,1270.0,1270.0,1265.0,1265.0,7800
2026-03-17 04:55:00,1265.0,1270.0,1265.0,1265.0,16200
2026-03-17 06:30:00,1265.0,1270.0,1265.0,1265.0,33200
2026-03-17 06:35:00,1270.0,1270.0,1265.0,1270.0,52700
2026-03-17 06:40:00,1265.0,1265.0,1265.0,1265.0,8600
2026-03-17 06:45:00,1265.0,1270.0,1260.0,1265.0,133800
2026-03-17 06:50:00,1270.0,1270.0,1265.0,1265.0,7100
2026-03-17 06:55:00,1265.0,1280.0,1260.0,1270.0,1855700
2026-03-17 07:00:00,1265.0,1265.0,1265.0,1265.0,5900
2026-03-17 07:05:00,1260.0,1270.0,1255.0,1265.0,502700
2026-03-17 07:10:00,1265.0,1265.0,1260.0,1260.0,379200
2026-03-17 07:15:00,1265.0,1265.0,1260.0,1265.0,45500
2026-03-17 07:20:00,1260.0,1265.0,1260.0,1265.0,8800
2026-03-17 07:25:00,1260.0,1265.0,1260.0,1265.0,12000
2026-03-17 07:30:00,1260.0,1265.0,1260.0,1260.0,48400
2026-03-17 07:35:00,1260.0,1265.0,1260.0,1260.0,23800
2026-03-17 07:40:00,1260.0,1265.0,1260.0,1260.0,14700
2026-03-17 07:45:00,1265.0,1265.0,1260.0,1265.0,23200
2026-03-17 07:50:00,1265.0,1265.0,1255.0,1260.0,703300
2026-03-17 07:55:00,1265.0,1270.0,1265.0,1265.0,67700
2026-03-17 08:00:00,1260.0,1265.0,1260.0,1265.0,11500
2026-03-17 08:05:00,1270.0,1270.0,1260.0,1260.0,157700
2026-03-17 08:10:00,1270.0,1270.0,1265.0,1270.0,2500
2026-03-17 08:15:00,1265.0,1265.0,1265.0,1265.0,39100
2026-03-17 08:20:00,1265.0,1265.0,1265.0,1265.0,14100
2026-03-17 08:25:00,1265.0,1270.0,1265.0,1265.0,33500
2026-03-17 08:30:00,1270.0,1270.0,1265.0,1265.0,363500
2026-03-17 08:35:00,1270.0,1270.0,1265.0,1270.0,105300
2026-03-17 08:40:00,1265.0,1270.0,1265.0,1265.0,41500
2026-03-17 08:45:00,1275.0,1275.0,1265.0,1265.0,758800
2026-03-17 09:00:00,1270.0,1270.0,1270.0,1270.0,373900
2026-03-17 09:05:00,1270.0,1270.0,1270.0,1270.0,23600
2026-03-17 09:10:00,1270.0,1270.0,1270.0,1270.0,18100
2026-03-25 02:00:00,1265.0,1270.0,1255.0,1260.0,0
2026-03-25 02:05:00,1265.0,1270.0,1265.0,1270.0,57500
2026-03-25 02:10:00,1265.0,1270.0,1255.0,1265.0,741800
2026-03-25 02:15:00,1255.0,1260.0,1255.0,1260.0,39800
2026-03-25 02:20:00,1260.0,1265.0,1255.0,1260.0,672900
2026-03-25 02:25:00,1265.0,1265.0,1260.0,1265.0,244500
2026-03-25 02:30:00,1265.0,1265.0,1265.0,1265.0,19200
2026-03-25 02:35:00,1270.0,1270.0,1265.0,1265.0,156200
2026-03-25 02:40:00,1270.0,1270.0,1265.0,1270.0,21800
2026-03-25 02:45:00,1270.0,1270.0,1265.0,1270.0,30200
2026-03-25 02:50:00,1265.0,1270.0,1265.0,1265.0,61400
2026-03-25 02:55:00,1270.0,1270.0,1265.0,1270.0,38200
2026-03-25 03:00:00,1270.0,1280.0,1265.0,1270.0,859800
2026-03-25 03:05:00,1275.0,1275.0,1270.0,1275.0,168000
2026-03-25 03:10:00,1280.0,1280.0,1275.0,1275.0,205500
2026-03-25 03:15:00,1280.0,1280.0,1275.0,1275.0,6700
2026-03-25 03:20:00,1275.0,1280.0,1270.0,1280.0,458300
2026-03-25 03:25:00,1280.0,1280.0,1270.0,1270.0,418300
2026-03-25 03:30:00,1265.0,1285.0,1265.0,1280.0,288500
2026-03-25 03:35:00,1270.0,1270.0,1265.0,1265.0,182900
2026-03-25 03:40:00,1270.0,1270.0,1265.0,1265.0,64500
2026-03-25 03:45:00,1270.0,1275.0,1270.0,1275.0,500
2026-03-25 03:50:00,1275.0,1275.0,1270.0,1275.0,5800
2026-03-25 03:55:00,1275.0,1280.0,1270.0,1275.0,376800
2026-03-25 04:00:00,1275.0,1275.0,1270.0,1270.0,8800
2026-03-25 04:05:00,1275.0,1275.0,1275.0,1275.0,200
2026-03-25 04:10:00,1270.0,1275.0,1270.0,1275.0,86700
2026-03-25 04:15:00,1270.0,1270.0,1270.0,1270.0,87300
2026-03-25 04:20:00,1270.0,1270.0,1265.0,1265.0,5400
2026-03-25 04:25:00,1270.0,1270.0,1265.0,1265.0,31400
2026-03-25 04:30:00,1275.0,1275.0,1270.0,1270.0,32200
2026-03-25 04:35:00,1275.0,1280.0,1270.0,1275.0,336300
2026-03-25 04:40:00,1280.0,1280.0,1275.0,1275.0,0
2026-03-25 04:45:00,1280.0,1280.0,1280.0,1280.0,106100
2026-03-25 04:50:00,1280.0,1280.0,1275.0,1280.0,29700
2026-03-25 04:55:00,1270.0,1280.0,1270.0,1280.0,1195100
2026-03-25 06:30:00,1280.0,1280.0,1275.0,1275.0,37500
2026-03-25 06:35:00,1280.0,1280.0,1275.0,1280.0,13100
2026-03-25 06:40:00,1280.0,1280.0,1275.0,1280.0,28900
2026-03-25 06:45:00,1280.0,1280.0,1275.0,1280.0,57100
2026-03-25 06:50:00,1275.0,1280.0,1275.0,1280.0,62700
2026-03-25 06:55:00,1275.0,1280.0,1275.0,1275.0,117900
2026-03-25 07:00:00,1280.0,1280.0,1275.0,1275.0,124600
2026-03-25 07:05:00,1285.0,1285.0,1275.0,1280.0,524100
2026-03-25 07:10:00,1285.0,1290.0,1285.0,1285.0,358200
2026-03-25 07:15:00,1280.0,1285.0,1280.0,1285.0,0
2026-03-25 07:20:00,1280.0,1285.0,1280.0,1280.0,275200
2026-03-25 07:25:00,1285.0,1285.0,1285.0,1285.0,0
2026-03-25 07:30:00,1285.0,1285.0,1280.0,1285.0,16500
2026-03-25 07:35:00,1280.0,1285.0,1280.0,1285.0,229600
2026-03-25 07:40:00,1280.0,1280.0,1280.0,1280.0,158900
2026-03-25 07:45:00,1280.0,1280.0,1280.0,1280.0,500
2026-03-25 07:50:00,1285.0,1285.0,1285.0,1285.0,21000
2026-03-25 07:55:00,1285.0,1285.0,1280.0,1285.0,0
2026-03-25 08:00:00,1280.0,1285.0,1280.0,1280.0,140500
2026-03-25 08:05:00,1285.0,1285.0,1280.0,1285.0,14800
2026-03-25 08:10:00,1285.0,1285.0,1280.0,1285.0,13900
2026-03-25 08:15:00,1285.0,1285.0,1280.0,1285.0,135300
2026-03-25 08:20:00,1280.0,1285.0,1280.0,1285.0,146600
2026-03-25 08:25:00,1280.0,1285.0,1280.0,1280.0,48100
2026-03-25 08:30:00,1285.0,1285.0,1280.0,1280.0,4500
2026-03-25 08:35:00,1285.0,1285.0,1280.0,1285.0,139600
2026-03-25 08:40:00,1285.0,1285.0,1280.0,1280.0,145100
2026-03-25 08:45:00,1280.0,1290.0,1280.0,1285.0,727600
2026-03-25 09:00:00,1285.0,1285.0,1285.0,1285.0,502900
2026-03-25 09:05:00,1285.0,1285.0,1285.0,1285.0,361600
2026-03-25 09:10:00,1285.0,1285.0,1285.0,1285.0,0
2026-03-26 02:00:00,1290.0,1295.0,1285.0,1295.0,0
2026-03-26 02:05:00,1285.0,1295.0,1285.0,1290.0,299000
2026-03-26 02:10:00,1285.0,1285.0,1280.0,1285.0,241900
2026-03-26 02:15:00,1295.0,1295.0,1285.0,1290.0,414700
2026-03-26 02:20:00,1290.0,1295.0,1285.0,1295.0,184900
2026-03-26 02:25:00,1290.0,1290.0,1290.0,1290.0,24800
2026-03-26 02:30:00,1295.0,1295.0,1290.0,1290.0,329500
2026-03-26 02:35:00,1290.0,1295.0,1290.0,1295.0,81900
2026-03-26 02:40:00,1290.0,1295.0,1285.0,1290.0,166100
2026-03-26 02:45:00,1295.0,1295.0,1285.0,1285.0,50500
2026-03-26 02:50:00,1295.0,1295.0,1295.0,1295.0,7700
2026-03-26 02:55:00,1295.0,1295.0,1290.0,1295.0,103200
2026-03-26 03:00:00,1295.0,1300.0,1295.0,1295.0,155800
2026-03-26 03:05:00,1295.0,1300.0,1290.0,1295.0,228900
2026-03-26 03:10:00,1300.0,1300.0,1295.0,1295.0,196800
2026-03-26 03:15:00,1295.0,1300.0,1290.0,1300.0,70100
2026-03-26 03:20:00,1295.0,1295.0,1290.0,1295.0,81900
2026-03-26 03:25:00,1290.0,1295.0,1290.0,1295.0,126800
2026-03-26 03:30:00,1295.0,1295.0,1290.0,1295.0,1000
2026-03-26 03:35:00,1290.0,1295.0,1290.0,1290.0,9800
2026-03-26 03:40:00,1295.0,1295.0,1290.0,1290.0,356000
2026-03-26 03:45:00,1300.0,1300.0,1290.0,1295.0,127800
2026-03-26 03:50:00,1300.0,1300.0,1295.0,1300.0,6000
2026-03-26 03:55:00,1295.0,1300.0,1295.0,1300.0,29700
2026-03-26 04:00:00,1290.0,1300.0,1290.0,1300.0,65100
2026-03-26 04:05:00,1290.0,1295.0,1290.0,1295.0,13200
2026-03-26 04:10:00,1295.0,1295.0,1295.0,1295.0,1800
2026-03-26 04:15:00,1300.0,1300.0,1290.0,1295.0,130400
2026-03-26 04:20:00,1290.0,1295.0,1290.0,1295.0,2900
2026-03-26 04:25:00,1295.0,1295.0,1295.0,1295.0,1800
2026-03-26 04:30:00,1290.0,1295.0,1290.0,1290.0,360600
2026-03-26 04:35:00,1290.0,1295.0,1290.0,1290.0,6900
2026-03-26 04:40:00,1300.0,1300.0,1290.0,1295.0,229200
2026-03-26 04:45:00,1295.0,1295.0,1290.0,1295.0,66500
2026-03-26 04:50:00,1295.0,1295.0,1295.0,1295.0,2200
2026-03-26 04:55:00,1290.0,1295.0,1290.0,1295.0,1800
2026-03-26 06:30:00,1290.0,1295.0,1285.0,1290.0,756600
2026-03-26 06:35:00,1280.0,1290.0,1280.0,1290.0,136300
2026-03-26 06:40:00,1280.0,1285.0,1280.0,1280.0,25300
2026-03-26 06:45:00,1280.0,1280.0,1280.0,1280.0,84400
2026-03-26 06:50:00,1280.0,1285.0,1280.0,1280.0,64500
2026-03-26 06:55:00,1280.0,1285.0,1280.0,1280.0,5000
2026-03-26 07:00:00,1280.0,1290.0,1280.0,1285.0,190900
2026-03-26 07:05:00,1285.0,1285.0,1280.0,1280.0,41700
2026-03-26 07:10:00,1280.0,1290.0,1280.0,1290.0,1400
2026-03-26 07:15:00,1280.0,1285.0,1280.0,1285.0,11000
2026-03-26 07:20:00,1290.0,1290.0,1285.0,1285.0,31200
2026-03-26 07:25:00,1290.0,1290.0,1285.0,1290.0,9100
2026-03-26 07:30:00,1285.0,1290.0,1285.0,1290.0,2700
2026-03-26 07:35:00,1290.0,1290.0,1285.0,1290.0,9400
2026-03-26 07:40:00,1290.0,1290.0,1285.0,1290.0,19800
2026-03-26 07:45:00,1285.0,1290.0,1285.0,1290.0,243800
2026-03-26 07:50:00,1285.0,1290.0,1285.0,1285.0,154900
2026-03-26 07:55:00,1290.0,1290.0,1285.0,1290.0,103800
2026-03-26 08:00:00,1290.0,1290.0,1290.0,1290.0,600
2026-03-26 08:05:00,1285.0,1290.0,1285.0,1285.0,55200
2026-03-26 08:10:00,1285.0,1290.0,1285.0,1290.0,121700
2026-03-26 08:15:00,1290.0,1290.0,1285.0,1290.0,5600
2026-03-26 08:20:00,1290.0,1290.0,1285.0,1290.0,251800
2026-03-26 08:25:00,1290.0,1290.0,1290.0,1290.0,5200
2026-03-26 08:30:00,1295.0,1295.0,1285.0,1290.0,184200
2026-03-26 08:35:00,1290.0,1295.0,1290.0,1295.0,9000
2026-03-26 08:40:00,1290.0,1295.0,1285.0,1295.0,156800
2026-03-26 08:45:00,1280.0,1290.0,1280.0,1285.0,141600
2026-03-26 09:00:00,1290.0,1290.0,1290.0,1290.0,425900
2026-03-26 09:05:00,1290.0,1290.0,1290.0,1290.0,1700
2026-03-26 09:10:00,1290.0,1290.0,1290.0,1290.0,300
2026-03-27 02:00:00,1280.0,1290.0,1275.0,1290.0,0
2026-03-27 02:05:00,1285.0,1285.0,1270.0,1280.0,246500
2026-03-27 02:10:00,1280.0,1280.0,1280.0,1280.0,8100
2026-03-27 02:15:00,1275.0,1275.0,1270.0,1275.0,143500
2026-03-27 02:20:00,1270.0,1275.0,1270.0,1275.0,113000
2026-03-27 02:25:00,1270.0,1275.0,1270.0,1270.0,38900
2026-03-27 02:30:00,1265.0,1270.0,1260.0,1270.0,637100
2026-03-27 02:35:00,1260.0,1265.0,1255.0,1265.0,518300
2026-03-27 02:40:00,1260.0,1260.0,1260.0,1260.0,24900
2026-03-27 02:45:00,1250.0,1260.0,1240.0,1260.0,2011700
2026-03-27 02:50:00,1250.0,1250.0,1245.0,1245.0,34300
2026-03-27 02:55:00,1250.0,1250.0,1245.0,1245.0,281200
2026-03-27 03:00:00,1250.0,1255.0,1245.0,1250.0,688500
2026-03-27 03:05:00,1260.0,1260.0,1250.0,1250.0,747100
2026-03-27 03:10:00,1260.0,1260.0,1260.0,1260.0,66100
2026-03-27 03:15:00,1260.0,1265.0,1260.0,1265.0,68400
2026-03-27 03:20:00,1260.0,1265.0,1260.0,1260.0,73200
2026-03-27 03:25:00,1260.0,1260.0,1260.0,1260.0,96100
2026-03-27 03:30:00,1260.0,1265.0,1255.0,1260.0,70800
2026-03-27 03:35:00,1255.0,1260.0,1255.0,1255.0,2700
2026-03-27 03:40:00,1255.0,1260.0,1255.0,1260.0,100800
2026-03-27 03:45:00,1260.0,1260.0,1255.0,1255.0,109800
2026-03-27 03:50:00,1265.0,1265.0,1260.0,1260.0,145600
2026-03-27 03:55:00,1265.0,1265.0,1260.0,1260.0,11900
2026-03-27 04:00:00,1260.0,1265.0,1260.0,1260.0,19100
2026-03-27 04:05:00,1260.0,1265.0,1260.0,1265.0,33500
2026-03-27 04:10:00,1265.0,1265.0,1260.0,1260.0,13300
2026-03-27 04:15:00,1260.0,1265.0,1260.0,1260.0,7800
2026-03-27 04:20:00,1260.0,1265.0,1260.0,1265.0,148100
2026-03-27 04:25:00,1255.0,1265.0,1255.0,1260.0,261300
2026-03-27 07:00:00,1260.0,1265.0,1255.0,1260.0,497400
2026-03-27 07:05:00,1265.0,1265.0,1260.0,1260.0,9000
2026-03-27 07:10:00,1260.0,1265.0,1260.0,1260.0,62300
2026-03-27 07:15:00,1255.0,1260.0,1255.0,1260.0,301300
2026-03-27 07:20:00,1260.0,1260.0,1255.0,1260.0,72200
2026-03-27 07:25:00,1260.0,1260.0,1255.0,1255.0,619500
2026-03-27 07:30:00,1260.0,1265.0,1255.0,1260.0,76200
2026-03-27 07:35:00,1255.0,1260.0,1255.0,1260.0,10000
2026-03-27 07:40:00,1260.0,1260.0,1255.0,1260.0,65900
2026-03-27 07:45:00,1260.0,1260.0,1255.0,1260.0,220500
2026-03-27 07:50:00,1260.0,1260.0,1260.0,1260.0,51100
2026-03-27 07:55:00,1260.0,1260.0,1255.0,1260.0,168100
2026-03-27 08:00:00,1260.0,1260.0,1260.0,1260.0,6300
2026-03-27 08:05:00,1260.0,1260.0,1255.0,1260.0,154200
2026-03-27 08:10:00,1255.0,1255.0,1255.0,1255.0,3700
2026-03-27 08:15:00,1255.0,1260.0,1255.0,1260.0,111200
2026-03-27 08:20:00,1265.0,1265.0,1255.0,1255.0,174200
2026-03-27 08:30:00,1255.0,1265.0,1255.0,1265.0,89700
2026-03-27 08:35:00,1265.0,1265.0,1255.0,1255.0,128900
2026-03-27 08:40:00,1265.0,1265.0,1260.0,1260.0,98200
2026-03-27 08:45:00,1260.0,1265.0,1260.0,1265.0,299200
2026-03-27 09:00:00,1260.0,1260.0,1260.0,1260.0,172200
2026-03-27 09:05:00,1260.0,1260.0,1260.0,1260.0,9300
2026-03-27 09:10:00,1260.0,1260.0,1260.0,1260.0,14500
2026-03-30 02:00:00,1255.0,1260.0,1245.0,1260.0,0
2026-03-30 02:05:00,1240.0,1255.0,1240.0,1255.0,656500
2026-03-30 02:10:00,1245.0,1255.0,1245.0,1245.0,942200
2026-03-30 02:15:00,1260.0,1260.0,1245.0,1245.0,146600
2026-03-30 02:20:00,1255.0,1260.0,1250.0,1260.0,464000
2026-03-30 02:25:00,1255.0,1255.0,1250.0,1255.0,51600
2026-03-30 02:30:00,1255.0,1255.0,1250.0,1250.0,360000
2026-03-30 02:35:00,1245.0,1250.0,1245.0,1250.0,494700
2026-03-30 02:40:00,1245.0,1250.0,1245.0,1245.0,152700
2026-03-30 02:45:00,1250.0,1250.0,1245.0,1250.0,108700
2026-03-30 02:50:00,1250.0,1250.0,1245.0,1250.0,0
2026-03-30 02:55:00,1255.0,1255.0,1250.0,1250.0,619500
2026-03-30 03:00:00,1260.0,1260.0,1255.0,1255.0,7400
2026-03-30 03:05:00,1260.0,1260.0,1255.0,1255.0,10000
2026-03-30 03:10:00,1255.0,1260.0,1255.0,1260.0,4600
2026-03-30 03:15:00,1260.0,1260.0,1255.0,1255.0,89000
2026-03-30 03:20:00,1260.0,1260.0,1250.0,1255.0,359100
2026-03-30 03:25:00,1255.0,1255.0,1255.0,1255.0,150800
2026-03-30 03:30:00,1260.0,1260.0,1255.0,1260.0,11700
2026-03-30 03:35:00,1260.0,1260.0,1255.0,1260.0,87000
2026-03-30 03:40:00,1255.0,1260.0,1255.0,1260.0,371200
2026-03-30 03:45:00,1260.0,1260.0,1255.0,1255.0,198200
2026-03-30 03:50:00,1255.0,1260.0,1255.0,1260.0,141600
2026-03-30 03:55:00,1260.0,1260.0,1255.0,1255.0,0
2026-03-30 04:00:00,1255.0,1260.0,1255.0,1260.0,11400
2026-03-30 04:05:00,1260.0,1260.0,1255.0,1255.0,3200
2026-03-30 04:10:00,1260.0,1260.0,1255.0,1260.0,20600
2026-03-30 04:15:00,1260.0,1260.0,1255.0,1260.0,14100
2026-03-30 04:20:00,1260.0,1260.0,1255.0,1255.0,35100
2026-03-30 04:25:00,1260.0,1260.0,1255.0,1260.0,9600
2026-03-30 04:30:00,1255.0,1260.0,1255.0,1260.0,38200
2026-03-30 04:35:00,1255.0,1260.0,1255.0,1255.0,185000
2026-03-30 04:40:00,1255.0,1260.0,1255.0,1260.0,560100
2026-03-30 04:45:00,1255.0,1260.0,1255.0,1260.0,43100
2026-03-30 04:50:00,1255.0,1255.0,1255.0,1255.0,448400
2026-03-30 04:55:00,1255.0,1260.0,1255.0,1255.0,63000
2026-03-30 06:30:00,1260.0,1260.0,1255.0,1255.0,462100
2026-03-30 06:35:00,1255.0,1260.0,1250.0,1255.0,294400
2026-03-30 06:40:00,1250.0,1255.0,1250.0,1255.0,12100
2026-03-30 06:45:00,1250.0,1255.0,1250.0,1255.0,396400
2026-03-30 06:50:00,1255.0,1260.0,1250.0,1255.0,525900
2026-03-30 06:55:00,1255.0,1260.0,1255.0,1260.0,16300
2026-03-30 07:00:00,1260.0,1260.0,1255.0,1255.0,39700
2026-03-30 07:05:00,1260.0,1260.0,1255.0,1260.0,6300
2026-03-30 07:10:00,1260.0,1260.0,1255.0,1260.0,1600
2026-03-30 07:15:00,1255.0,1260.0,1255.0,1255.0,39800
2026-03-30 07:20:00,1260.0,1265.0,1255.0,1255.0,407500
2026-03-30 07:25:00,1265.0,1265.0,1260.0,1265.0,148000
2026-03-30 07:30:00,1255.0,1265.0,1255.0,1265.0,279400
2026-03-30 07:35:00,1255.0,1265.0,1255.0,1255.0,11800
2026-03-30 07:40:00,1255.0,1260.0,1255.0,1260.0,142400
2026-03-30 07:45:00,1260.0,1260.0,1255.0,1255.0,0
2026-03-30 07:50:00,1255.0,1260.0,1255.0,1260.0,22200
2026-03-30 07:55:00,1255.0,1260.0,1255.0,1260.0,42300
2026-03-30 08:00:00,1255.0,1260.0,1255.0,1260.0,40700
2026-03-30 08:05:00,1260.0,1260.0,1255.0,1255.0,24500
2026-03-30 08:10:00,1260.0,1260.0,1255.0,1255.0,193500
2026-03-30 08:15:00,1255.0,1260.0,1255.0,1255.0,4000
2026-03-30 08:20:00,1255.0,1260.0,1255.0,1255.0,32800
2026-03-30 08:25:00,1255.0,1260.0,1255.0,1255.0,81900
2026-03-30 08:30:00,1255.0,1260.0,1255.0,1260.0,155300
2026-03-30 08:35:00,1255.0,1260.0,1255.0,1255.0,39800
2026-03-30 08:40:00,1260.0,1260.0,1255.0,1255.0,10100
2026-03-30 08:45:00,1255.0,1260.0,1255.0,1255.0,457700
2026-03-30 09:00:00,1265.0,1265.0,1265.0,1265.0,918800
2026-03-30 09:05:00,1265.0,1265.0,1265.0,1265.0,8600
2026-03-30 09:10:00,1265.0,1265.0,1265.0,1265.0,7700
2026-03-31 02:00:00,1275.0,1280.0,1270.0,1280.0,0
2026-03-31 02:05:00,1265.0,1275.0,1265.0,1270.0,265300
2026-03-31 02:10:00,1265.0,1270.0,1260.0,1270.0,391700
2026-03-31 02:15:00,1265.0,1270.0,1260.0,1260.0,238700
2026-03-31 02:20:00,1270.0,1270.0,1265.0,1270.0,28900
2026-03-31 02:25:00,1275.0,1275.0,1265.0,1270.0,357500
2026-03-31 02:30:00,1280.0,1280.0,1270.0,1275.0,355700
2026-03-31 02:35:00,1275.0,1280.0,1270.0,1275.0,137300
2026-03-31 02:40:00,1275.0,1275.0,1270.0,1275.0,18900
2026-03-31 02:45:00,1270.0,1275.0,1270.0,1270.0,107400
2026-03-31 02:50:00,1270.0,1275.0,1270.0,1275.0,158000
2026-03-31 02:55:00,1270.0,1275.0,1270.0,1275.0,64600
2026-03-31 03:00:00,1270.0,1275.0,1270.0,1275.0,34200
2026-03-31 03:05:00,1270.0,1275.0,1270.0,1275.0,95800
2026-03-31 03:10:00,1280.0,1280.0,1275.0,1275.0,661500
2026-03-31 03:15:00,1275.0,1280.0,1275.0,1280.0,112300
2026-03-31 03:20:00,1275.0,1280.0,1275.0,1280.0,70000
2026-03-31 03:25:00,1280.0,1280.0,1275.0,1275.0,36400
2026-03-31 03:30:00,1280.0,1280.0,1275.0,1280.0,32800
2026-03-31 03:35:00,1280.0,1280.0,1275.0,1280.0,69600
2026-03-31 03:40:00,1280.0,1280.0,1275.0,1280.0,127200
2026-03-31 03:45:00,1275.0,1280.0,1275.0,1280.0,488500
2026-03-31 03:50:00,1270.0,1275.0,1270.0,1275.0,85000
2026-03-31 03:55:00,1270.0,1270.0,1270.0,1270.0,77100
2026-03-31 04:00:00,1270.0,1275.0,1265.0,1275.0,461500
2026-03-31 04:05:00,1265.0,1265.0,1265.0,1265.0,218000
2026-03-31 04:10:00,1275.0,1275.0,1270.0,1270.0,532400
2026-03-31 04:15:00,1275.0,1275.0,1270.0,1275.0,1200
2026-03-31 04:20:00,1275.0,1275.0,1270.0,1275.0,89600
2026-03-31 04:25:00,1270.0,1275.0,1270.0,1275.0,215300
2026-03-31 04:30:00,1265.0,1270.0,1265.0,1270.0,0
2026-03-31 04:35:00,1270.0,1270.0,1265.0,1270.0,31600
2026-03-31 04:40:00,1270.0,1270.0,1265.0,1265.0,0
2026-03-31 04:45:00,1270.0,1270.0,1270.0,1270.0,218700
2026-03-31 04:50:00,1270.0,1270.0,1265.0,1270.0,137200
2026-03-31 04:55:00,1270.0,1270.0,1265.0,1270.0,20600
2026-03-31 06:30:00,1270.0,1270.0,1265.0,1270.0,209900
2026-03-31 06:35:00,1270.0,1270.0,1270.0,1270.0,32400
2026-03-31 06:40:00,1270.0,1270.0,1265.0,1270.0,22300
2026-03-31 06:45:00,1270.0,1275.0,1265.0,1270.0,830500
2026-03-31 06:50:00,1265.0,1275.0,1265.0,1270.0,174200
2026-03-31 06:55:00,1270.0,1270.0,1265.0,1270.0,116900
2026-03-31 07:00:00,1270.0,1270.0,1265.0,1265.0,288700
2026-03-31 07:05:00,1270.0,1270.0,1265.0,1270.0,67400
2026-03-31 07:10:00,1270.0,1270.0,1265.0,1270.0,50200
2026-03-31 07:15:00,1270.0,1270.0,1265.0,1270.0,50800
2026-03-31 07:20:00,1270.0,1270.0,1265.0,1270.0,195400
2026-03-31 07:25:00,1270.0,1270.0,1265.0,1270.0,43000
2026-03-31 07:30:00,1275.0,1275.0,1265.0,1270.0,446800
2026-03-31 07:35:00,1275.0,1275.0,1270.0,1270.0,89400
2026-03-31 07:40:00,1270.0,1275.0,1265.0,1275.0,207000
2026-03-31 07:45:00,1270.0,1270.0,1265.0,1265.0,18900
2026-03-31 07:50:00,1270.0,1270.0,1265.0,1270.0,40400
2026-03-31 07:55:00,1270.0,1270.0,1265.0,1265.0,158400
2026-03-31 08:00:00,1265.0,1270.0,1265.0,1270.0,333100
2026-03-31 08:05:00,1270.0,1270.0,1265.0,1270.0,79200
2026-03-31 08:10:00,1265.0,1270.0,1265.0,1270.0,48400
2026-03-31 08:15:00,1270.0,1270.0,1265.0,1265.0,37200
2026-03-31 08:20:00,1270.0,1270.0,1265.0,1270.0,493200
2026-03-31 08:25:00,1265.0,1270.0,1265.0,1265.0,57400
2026-03-31 08:30:00,1270.0,1270.0,1265.0,1270.0,57200
2026-03-31 08:35:00,1270.0,1270.0,1265.0,1270.0,180500
2026-03-31 08:40:00,1270.0,1270.0,1265.0,1270.0,204700
2026-03-31 08:45:00,1265.0,1270.0,1265.0,1270.0,788800
2026-03-31 09:00:00,1255.0,1255.0,1255.0,1255.0,2017700
2026-03-31 09:05:00,1255.0,1255.0,1255.0,1255.0,9100
2026-03-31 09:10:00,1255.0,1255.0,1255.0,1255.0,400
2026-04-01 02:00:00,1285.0,1290.0,1275.0,1285.0,0
2026-04-01 02:05:00,1285.0,1290.0,1285.0,1285.0,261200
2026-04-01 02:10:00,1290.0,1295.0,1285.0,1285.0,764800
2026-04-01 02:15:00,1295.0,1295.0,1290.0,1290.0,578800
2026-04-01 02:20:00,1290.0,1295.0,1290.0,1295.0,233600
2026-04-01 02:25:00,1295.0,1295.0,1290.0,1290.0,32000
2026-04-01 02:30:00,1295.0,1295.0,1290.0,1290.0,48700
2026-04-01 02:35:00,1290.0,1295.0,1285.0,1295.0,278100
2026-04-01 02:40:00,1280.0,1290.0,1280.0,1290.0,191500
2026-04-01 02:45:00,1275.0,1285.0,1275.0,1280.0,89600
2026-04-01 02:50:00,1280.0,1280.0,1275.0,1280.0,118400
2026-04-01 02:55:00,1280.0,1285.0,1280.0,1280.0,63600
2026-04-01 03:00:00,1280.0,1285.0,1280.0,1280.0,96600
2026-04-01 03:05:00,1280.0,1285.0,1280.0,1285.0,7200
2026-04-01 03:10:00,1280.0,1280.0,1280.0,1280.0,18600
2026-04-01 03:15:00,1280.0,1285.0,1280.0,1285.0,245100
2026-04-01 03:20:00,1285.0,1285.0,1280.0,1285.0,7500
2026-04-01 03:25:00,1280.0,1285.0,1280.0,1285.0,11600
2026-04-01 03:30:00,1280.0,1285.0,1280.0,1280.0,115700
2026-04-01 03:35:00,1280.0,1280.0,1275.0,1275.0,25800
2026-04-01 03:40:00,1280.0,1280.0,1275.0,1280.0,5900
2026-04-01 03:45:00,1275.0,1280.0,1275.0,1280.0,237700
2026-04-01 03:50:00,1270.0,1280.0,1270.0,1270.0,0
2026-04-01 03:55:00,1270.0,1275.0,1270.0,1275.0,4100
2026-04-01 04:00:00,1275.0,1275.0,1270.0,1270.0,7800
2026-04-01 04:05:00,1275.0,1275.0,1270.0,1275.0,19000
2026-04-01 04:10:00,1275.0,1275.0,1275.0,1275.0,34700
2026-04-01 04:15:00,1275.0,1275.0,1270.0,1275.0,10500
2026-04-01 04:20:00,1275.0,1275.0,1270.0,1275.0,141800
2026-04-01 04:25:00,1280.0,1280.0,1275.0,1275.0,39500
2026-04-01 04:30:00,1280.0,1280.0,1275.0,1275.0,23700
2026-04-01 04:35:00,1275.0,1275.0,1275.0,1275.0,147100
2026-04-01 04:40:00,1270.0,1275.0,1270.0,1270.0,35400
2026-04-01 04:45:00,1270.0,1275.0,1270.0,1270.0,2500
2026-04-01 04:50:00,1275.0,1275.0,1275.0,1275.0,130500
2026-04-01 04:55:00,1270.0,1275.0,1270.0,1275.0,9100
2026-04-01 06:30:00,1280.0,1280.0,1270.0,1270.0,109600
2026-04-01 06:35:00,1280.0,1280.0,1280.0,1280.0,64700
2026-04-01 06:40:00,1280.0,1280.0,1275.0,1280.0,12500
2026-04-01 06:45:00,1280.0,1280.0,1280.0,1280.0,11900
2026-04-01 06:50:00,1280.0,1280.0,1275.0,1280.0,205200
2026-04-01 06:55:00,1280.0,1280.0,1275.0,1280.0,20400
2026-04-01 07:00:00,1285.0,1285.0,1280.0,1280.0,226000
2026-04-01 07:05:00,1280.0,1285.0,1280.0,1285.0,113100
2026-04-01 07:10:00,1275.0,1280.0,1275.0,1280.0,10700
2026-04-01 07:15:00,1280.0,1280.0,1280.0,1280.0,100
2026-04-01 07:20:00,1280.0,1280.0,1275.0,1275.0,9500
2026-04-01 07:25:00,1280.0,1280.0,1280.0,1280.0,6800
2026-04-01 07:30:00,1280.0,1280.0,1275.0,1280.0,29900
2026-04-01 07:35:00,1275.0,1280.0,1275.0,1280.0,13300
2026-04-01 07:40:00,1280.0,1280.0,1275.0,1275.0,10300
2026-04-01 07:45:00,1280.0,1280.0,1275.0,1280.0,26800
2026-04-01 07:50:00,1280.0,1280.0,1275.0,1275.0,18100
2026-04-01 07:55:00,1275.0,1280.0,1275.0,1280.0,269800
2026-04-01 08:00:00,1280.0,1280.0,1275.0,1275.0,18000
2026-04-01 08:05:00,1275.0,1275.0,1275.0,1275.0,0
2026-04-01 08:10:00,1280.0,1280.0,1280.0,1280.0,3600
2026-04-01 08:15:00,1275.0,1280.0,1275.0,1275.0,27700
2026-04-01 08:20:00,1280.0,1280.0,1275.0,1275.0,38600
2026-04-01 08:25:00,1275.0,1280.0,1275.0,1280.0,6900
2026-04-01 08:30:00,1285.0,1285.0,1275.0,1280.0,466400
2026-04-01 08:35:00,1280.0,1285.0,1280.0,1285.0,54300
2026-04-01 08:40:00,1280.0,1285.0,1280.0,1280.0,47100
2026-04-01 08:45:00,1280.0,1280.0,1275.0,1280.0,464000
2026-04-01 09:00:00,1275.0,1275.0,1275.0,1275.0,407400
2026-04-01 09:05:00,1275.0,1275.0,1275.0,1275.0,500
2026-04-01 09:10:00,1275.0,1275.0,1275.0,1275.0,2400
2026-04-02 02:00:00,1280.0,1285.0,1270.0,1275.0,0
2026-04-02 02:05:00,1285.0,1285.0,1275.0,1275.0,258400
2026-04-02 02:10:00,1280.0,1280.0,1275.0,1275.0,33000
2026-04-02 02:15:00,1280.0,1280.0,1275.0,1275.0,54900
2026-04-02 02:20:00,1280.0,1280.0,1275.0,1280.0,86700
2026-04-02 02:25:00,1280.0,1280.0,1275.0,1280.0,19400
2026-04-02 02:30:00,1275.0,1280.0,1275.0,1280.0,307900
2026-04-02 02:35:00,1275.0,1275.0,1270.0,1275.0,9800
2026-04-02 02:40:00,1270.0,1275.0,1270.0,1275.0,5400
2026-04-02 02:45:00,1275.0,1275.0,1270.0,1275.0,80500
2026-04-02 02:50:00,1265.0,1275.0,1265.0,1270.0,592200
2026-04-02 02:55:00,1270.0,1270.0,1265.0,1265.0,31600
2026-04-02 03:00:00,1270.0,1270.0,1265.0,1265.0,25100
2026-04-02 03:05:00,1270.0,1270.0,1265.0,1265.0,109100
2026-04-02 03:10:00,1270.0,1270.0,1265.0,1270.0,28900
2026-04-02 03:15:00,1265.0,1270.0,1265.0,1265.0,193000
2026-04-02 03:20:00,1270.0,1270.0,1265.0,1270.0,26200
2026-04-02 03:25:00,1265.0,1270.0,1265.0,1270.0,7400
2026-04-02 03:30:00,1265.0,1270.0,1265.0,1265.0,112500
2026-04-02 03:35:00,1275.0,1275.0,1265.0,1265.0,75600
2026-04-02 03:40:00,1275.0,1275.0,1270.0,1275.0,26500
2026-04-02 03:45:00,1275.0,1275.0,1270.0,1275.0,25800
2026-04-02 03:50:00,1275.0,1275.0,1270.0,1275.0,16900
2026-04-02 03:55:00,1265.0,1275.0,1265.0,1270.0,144100
2026-04-02 04:00:00,1270.0,1270.0,1265.0,1270.0,125200
2026-04-02 04:05:00,1270.0,1270.0,1265.0,1270.0,7800
2026-04-02 04:10:00,1265.0,1270.0,1265.0,1265.0,18100
2026-04-02 04:15:00,1270.0,1270.0,1265.0,1270.0,38900
2026-04-02 04:20:00,1265.0,1270.0,1265.0,1270.0,20200
2026-04-02 04:25:00,1270.0,1270.0,1265.0,1270.0,29700
2026-04-02 04:30:00,1265.0,1270.0,1265.0,1270.0,23500
2026-04-02 04:35:00,1265.0,1270.0,1265.0,1270.0,22800
2026-04-02 04:40:00,1270.0,1270.0,1265.0,1270.0,46900
2026-04-02 04:45:00,1270.0,1270.0,1265.0,1270.0,14500
2026-04-02 04:50:00,1270.0,1270.0,1265.0,1265.0,108600
2026-04-02 04:55:00,1270.0,1270.0,1265.0,1270.0,28000
2026-04-02 06:30:00,1270.0,1270.0,1265.0,1265.0,105300
2026-04-02 06:35:00,1270.0,1270.0,1265.0,1265.0,141600
2026-04-02 06:40:00,1270.0,1270.0,1265.0,1265.0,164700
2026-04-02 06:45:00,1270.0,1270.0,1265.0,1265.0,61900
2026-04-02 06:50:00,1270.0,1270.0,1265.0,1270.0,46600
2026-04-02 06:55:00,1270.0,1270.0,1265.0,1265.0,23300
2026-04-02 07:00:00,1270.0,1270.0,1265.0,1265.0,39500
2026-04-02 07:05:00,1270.0,1270.0,1265.0,1265.0,67300
2026-04-02 07:10:00,1270.0,1270.0,1265.0,1270.0,41900
2026-04-02 07:15:00,1270.0,1270.0,1265.0,1270.0,65700
2026-04-02 07:20:00,1260.0,1270.0,1260.0,1265.0,737300
2026-04-02 07:25:00,1265.0,1270.0,1260.0,1260.0,91400
2026-04-02 07:30:00,1260.0,1265.0,1260.0,1260.0,41100
2026-04-02 07:35:00,1260.0,1265.0,1260.0,1265.0,67300
2026-04-02 07:40:00,1260.0,1265.0,1260.0,1265.0,19800
2026-04-02 07:45:00,1265.0,1265.0,1260.0,1260.0,114700
2026-04-02 07:50:00,1265.0,1265.0,1260.0,1265.0,123900
2026-04-02 07:55:00,1260.0,1265.0,1260.0,1265.0,19400
2026-04-02 08:00:00,1260.0,1265.0,1260.0,1265.0,78600
2026-04-02 08:05:00,1265.0,1265.0,1260.0,1260.0,83400
2026-04-02 08:10:00,1265.0,1265.0,1260.0,1265.0,118800
2026-04-02 08:15:00,1265.0,1265.0,1260.0,1265.0,60300
2026-04-02 08:20:00,1265.0,1265.0,1260.0,1260.0,79000
2026-04-02 08:25:00,1265.0,1265.0,1260.0,1260.0,547100
2026-04-02 08:30:00,1265.0,1265.0,1260.0,1260.0,71100
2026-04-02 08:35:00,1265.0,1265.0,1260.0,1265.0,45400
2026-04-02 08:40:00,1265.0,1265.0,1260.0,1265.0,76100
2026-04-02 08:45:00,1260.0,1265.0,1260.0,1265.0,222600
2026-04-02 09:00:00,1265.0,1265.0,1265.0,1265.0,178500
2026-04-02 09:05:00,1265.0,1265.0,1265.0,1265.0,4100
2026-04-06 02:00:00,1255.0,1270.0,1255.0,1270.0,0
2026-04-06 02:05:00,1260.0,1260.0,1255.0,1260.0,35100
2026-04-06 02:10:00,1255.0,1260.0,1255.0,1260.0,9200
2026-04-06 02:15:00,1255.0,1260.0,1255.0,1260.0,329900
2026-04-06 02:20:00,1255.0,1255.0,1250.0,1255.0,206300
2026-04-06 02:25:00,1255.0,1255.0,1250.0,1255.0,72800
2026-04-06 02:30:00,1255.0,1255.0,1250.0,1255.0,65900
2026-04-06 02:35:00,1255.0,1260.0,1250.0,1255.0,108100
2026-04-06 02:40:00,1260.0,1260.0,1255.0,1255.0,5400
2026-04-06 02:45:00,1255.0,1260.0,1255.0,1260.0,77600
2026-04-06 02:50:00,1260.0,1260.0,1255.0,1260.0,90700
2026-04-06 02:55:00,1260.0,1260.0,1255.0,1255.0,44200
2026-04-06 03:00:00,1260.0,1260.0,1255.0,1255.0,21100
2026-04-06 03:05:00,1255.0,1260.0,1255.0,1260.0,3500
2026-04-06 03:10:00,1255.0,1260.0,1255.0,1260.0,14300
2026-04-06 03:15:00,1250.0,1260.0,1250.0,1260.0,738700
2026-04-06 03:20:00,1255.0,1255.0,1250.0,1255.0,12100
2026-04-06 03:25:00,1255.0,1260.0,1255.0,1255.0,183900
2026-04-06 03:30:00,1255.0,1260.0,1255.0,1255.0,31800
2026-04-06 03:35:00,1260.0,1260.0,1255.0,1255.0,3900
2026-04-06 03:40:00,1255.0,1260.0,1255.0,1255.0,35100
2026-04-06 03:45:00,1255.0,1260.0,1250.0,1260.0,1055200
2026-04-06 03:50:00,1255.0,1260.0,1250.0,1250.0,1979200
2026-04-06 03:55:00,1255.0,1260.0,1255.0,1255.0,173400
2026-04-06 04:00:00,1260.0,1260.0,1255.0,1255.0,117400
2026-04-06 04:05:00,1255.0,1255.0,1255.0,1255.0,200
2026-04-06 04:10:00,1255.0,1260.0,1255.0,1255.0,178200
2026-04-06 04:15:00,1255.0,1255.0,1255.0,1255.0,0
2026-04-06 04:20:00,1255.0,1255.0,1250.0,1255.0,145700
2026-04-06 04:25:00,1250.0,1255.0,1250.0,1255.0,77700
2026-04-06 04:30:00,1250.0,1255.0,1250.0,1255.0,4400
2026-04-06 04:35:00,1260.0,1260.0,1250.0,1255.0,55800
2026-04-06 04:40:00,1260.0,1260.0,1260.0,1260.0,700
2026-04-06 04:45:00,1255.0,1255.0,1255.0,1255.0,117300
2026-04-06 04:50:00,1260.0,1260.0,1260.0,1260.0,0
2026-04-06 04:55:00,1250.0,1255.0,1250.0,1255.0,21400
2026-04-06 06:30:00,1260.0,1260.0,1250.0,1250.0,177500
2026-04-06 06:35:00,1255.0,1260.0,1255.0,1260.0,15000
2026-04-06 06:40:00,1255.0,1260.0,1255.0,1255.0,19300
2026-04-06 06:45:00,1255.0,1260.0,1255.0,1260.0,200
2026-04-06 06:50:00,1255.0,1260.0,1255.0,1260.0,4700
2026-04-06 06:55:00,1255.0,1260.0,1255.0,1260.0,56800
2026-04-06 07:00:00,1255.0,1255.0,1250.0,1255.0,165200
2026-04-06 07:05:00,1255.0,1255.0,1255.0,1255.0,28900
2026-04-06 07:10:00,1260.0,1260.0,1255.0,1255.0,19900
2026-04-06 07:15:00,1260.0,1260.0,1260.0,1260.0,0
2026-04-06 07:20:00,1255.0,1260.0,1255.0,1255.0,46900
2026-04-06 07:25:00,1260.0,1260.0,1260.0,1260.0,2500
2026-04-06 07:30:00,1255.0,1255.0,1255.0,1255.0,1400
2026-04-06 07:35:00,1260.0,1260.0,1255.0,1255.0,3000
2026-04-06 07:40:00,1255.0,1255.0,1255.0,1255.0,2300
2026-04-06 07:45:00,1255.0,1260.0,1255.0,1255.0,118900
2026-04-06 07:50:00,1255.0,1255.0,1255.0,1255.0,0
2026-04-06 07:55:00,1255.0,1260.0,1255.0,1255.0,20900
2026-04-06 08:00:00,1255.0,1260.0,1255.0,1260.0,18100
2026-04-06 08:05:00,1260.0,1260.0,1260.0,1260.0,6500
2026-04-06 08:10:00,1260.0,1260.0,1255.0,1260.0,13000
2026-04-06 08:15:00,1255.0,1260.0,1255.0,1255.0,91700
2026-04-06 08:20:00,1255.0,1260.0,1255.0,1255.0,2800
2026-04-06 08:25:00,1260.0,1260.0,1255.0,1255.0,26900
2026-04-06 08:30:00,1260.0,1260.0,1260.0,1260.0,12900
2026-04-06 08:35:00,1260.0,1260.0,1255.0,1260.0,5900
2026-04-06 08:40:00,1260.0,1260.0,1255.0,1255.0,12900
2026-04-06 08:45:00,1255.0,1260.0,1255.0,1255.0,408100
2026-04-06 09:00:00,1255.0,1255.0,1255.0,1255.0,448600
2026-04-06 09:05:00,1255.0,1255.0,1255.0,1255.0,88000
2026-04-06 09:10:00,1255.0,1255.0,1255.0,1255.0,56500
2026-04-07 02:00:00,1260.0,1260.0,1255.0,1260.0,0
2026-04-07 02:05:00,1265.0,1265.0,1260.0,1265.0,30000
2026-04-07 02:10:00,1265.0,1265.0,1260.0,1260.0,25400
2026-04-07 02:15:00,1265.0,1265.0,1260.0,1265.0,158500
2026-04-07 02:20:00,1260.0,1265.0,1260.0,1265.0,24200
2026-04-07 02:25:00,1265.0,1265.0,1260.0,1265.0,28500
2026-04-07 02:30:00,1260.0,1265.0,1260.0,1265.0,36900
2026-04-07 02:35:00,1265.0,1265.0,1260.0,1265.0,37800
2026-04-07 02:40:00,1260.0,1265.0,1260.0,1260.0,109000
2026-04-07 02:45:00,1265.0,1265.0,1260.0,1265.0,157100
2026-04-07 02:50:00,1260.0,1265.0,1260.0,1265.0,63900
2026-04-07 02:55:00,1260.0,1260.0,1255.0,1260.0,87100
2026-04-07 03:00:00,1250.0,1260.0,1250.0,1260.0,131300
2026-04-07 03:05:00,1250.0,1255.0,1250.0,1255.0,15500
2026-04-07 03:10:00,1250.0,1255.0,1250.0,1250.0,1800
2026-04-07 03:15:00,1250.0,1250.0,1245.0,1250.0,242900
2026-04-07 03:20:00,1245.0,1250.0,1245.0,1250.0,2600
2026-04-07 03:25:00,1250.0,1250.0,1245.0,1245.0,27200
2026-04-07 03:30:00,1245.0,1250.0,1245.0,1245.0,42900
2026-04-07 03:35:00,1245.0,1250.0,1245.0,1245.0,7000
2026-04-07 03:40:00,1245.0,1250.0,1245.0,1250.0,139200
2026-04-07 03:45:00,1255.0,1255.0,1245.0,1245.0,96700
2026-04-07 03:50:00,1255.0,1255.0,1250.0,1255.0,10900
2026-04-07 03:55:00,1250.0,1255.0,1250.0,1255.0,41900
2026-04-07 04:00:00,1250.0,1260.0,1250.0,1250.0,934800
2026-04-07 04:05:00,1250.0,1255.0,1250.0,1255.0,13400
2026-04-07 04:10:00,1250.0,1250.0,1250.0,1250.0,800
2026-04-07 04:15:00,1255.0,1260.0,1250.0,1250.0,84400
2026-04-07 04:20:00,1255.0,1260.0,1255.0,1255.0,5500
2026-04-07 04:25:00,1250.0,1260.0,1250.0,1255.0,299000
2026-04-07 04:30:00,1255.0,1260.0,1250.0,1250.0,337600
2026-04-07 04:35:00,1255.0,1255.0,1255.0,1255.0,12400
2026-04-07 04:40:00,1260.0,1260.0,1255.0,1255.0,5700
2026-04-07 04:45:00,1260.0,1260.0,1255.0,1260.0,30800
2026-04-07 04:50:00,1260.0,1260.0,1255.0,1260.0,27900
2026-04-07 04:55:00,1255.0,1260.0,1255.0,1260.0,69500
2026-04-07 06:30:00,1260.0,1260.0,1255.0,1255.0,21200
2026-04-07 06:35:00,1260.0,1260.0,1255.0,1260.0,13900
2026-04-07 06:40:00,1260.0,1260.0,1255.0,1255.0,9000
2026-04-07 06:45:00,1255.0,1260.0,1255.0,1260.0,13000
2026-04-07 06:50:00,1255.0,1260.0,1255.0,1255.0,45800
2026-04-07 06:55:00,1255.0,1260.0,1255.0,1260.0,15200
2026-04-07 07:00:00,1260.0,1260.0,1255.0,1260.0,49600
2026-04-07 07:05:00,1250.0,1260.0,1250.0,1255.0,714000
2026-04-07 07:10:00,1250.0,1255.0,1250.0,1250.0,18300
2026-04-07 07:15:00,1250.0,1255.0,1250.0,1255.0,11900
2026-04-07 07:20:00,1250.0,1255.0,1250.0,1250.0,39600
2026-04-07 07:25:00,1250.0,1255.0,1250.0,1250.0,14800
2026-04-07 07:30:00,1255.0,1255.0,1250.0,1250.0,36200
2026-04-07 07:35:00,1255.0,1260.0,1250.0,1250.0,382500
2026-04-07 07:40:00,1260.0,1260.0,1260.0,1260.0,4600
2026-04-07 07:45:00,1260.0,1260.0,1255.0,1260.0,66400
2026-04-07 07:50:00,1250.0,1260.0,1250.0,1260.0,196600
2026-04-07 07:55:00,1250.0,1255.0,1250.0,1250.0,23200
2026-04-07 08:00:00,1265.0,1265.0,1250.0,1250.0,769500
2026-04-07 08:05:00,1255.0,1260.0,1255.0,1260.0,132300
2026-04-07 08:10:00,1260.0,1260.0,1255.0,1255.0,300
2026-04-07 08:15:00,1260.0,1260.0,1255.0,1260.0,4100
2026-04-07 08:20:00,1260.0,1260.0,1255.0,1260.0,25200
2026-04-07 08:25:00,1260.0,1260.0,1255.0,1255.0,48400
2026-04-07 08:30:00,1260.0,1260.0,1255.0,1260.0,48600
2026-04-07 08:35:00,1260.0,1265.0,1260.0,1260.0,179100
2026-04-07 08:40:00,1260.0,1265.0,1260.0,1265.0,135700
2026-04-07 08:45:00,1265.0,1265.0,1255.0,1260.0,111600
2026-04-07 09:00:00,1265.0,1265.0,1265.0,1265.0,259900
2026-04-07 09:05:00,1265.0,1265.0,1265.0,1265.0,200
2026-04-07 09:10:00,1265.0,1265.0,1265.0,1265.0,199200
2026-04-08 02:00:00,1290.0,1295.0,1285.0,1285.0,0
2026-04-08 02:05:00,1290.0,1295.0,1285.0,1285.0,514000
2026-04-08 02:10:00,1295.0,1295.0,1285.0,1290.0,836700
2026-04-08 02:15:00,1295.0,1300.0,1290.0,1300.0,383000
2026-04-08 02:20:00,1295.0,1295.0,1290.0,1295.0,131900
2026-04-08 02:25:00,1300.0,1300.0,1290.0,1295.0,490600
2026-04-08 02:30:00,1295.0,1300.0,1295.0,1300.0,870400
2026-04-08 02:35:00,1295.0,1300.0,1290.0,1300.0,476200
2026-04-08 02:40:00,1295.0,1300.0,1295.0,1295.0,318700
2026-04-08 02:45:00,1290.0,1300.0,1290.0,1295.0,936400
2026-04-08 02:50:00,1290.0,1295.0,1290.0,1290.0,20000
2026-04-08 02:55:00,1290.0,1295.0,1290.0,1290.0,73100
2026-04-08 03:00:00,1295.0,1295.0,1290.0,1295.0,21400
2026-04-08 03:05:00,1295.0,1295.0,1290.0,1295.0,62600
2026-04-08 03:10:00,1290.0,1295.0,1290.0,1295.0,1700
2026-04-08 03:15:00,1290.0,1295.0,1290.0,1295.0,142400
2026-04-08 03:20:00,1290.0,1295.0,1290.0,1290.0,44300
2026-04-08 03:25:00,1290.0,1295.0,1290.0,1290.0,193000
2026-04-08 03:30:00,1295.0,1295.0,1290.0,1295.0,139000
2026-04-08 03:35:00,1290.0,1295.0,1290.0,1295.0,59400
2026-04-08 03:40:00,1295.0,1295.0,1290.0,1290.0,27200
2026-04-08 03:45:00,1290.0,1295.0,1290.0,1295.0,113700
2026-04-08 03:50:00,1290.0,1295.0,1290.0,1290.0,126600
2026-04-08 03:55:00,1290.0,1295.0,1290.0,1290.0,342200
2026-04-08 04:00:00,1290.0,1295.0,1290.0,1295.0,34400
2026-04-08 04:05:00,1290.0,1295.0,1290.0,1295.0,15300
2026-04-08 04:10:00,1295.0,1295.0,1290.0,1295.0,55300
2026-04-08 04:15:00,1295.0,1295.0,1290.0,1290.0,24700
2026-04-08 04:20:00,1295.0,1295.0,1290.0,1290.0,25900
2026-04-08 04:25:00,1290.0,1295.0,1290.0,1290.0,28900
2026-04-08 04:30:00,1290.0,1295.0,1290.0,1290.0,1483300
2026-04-08 04:40:00,1295.0,1295.0,1290.0,1295.0,21700
2026-04-08 04:45:00,1295.0,1295.0,1290.0,1295.0,40300
2026-04-08 04:50:00,1295.0,1295.0,1290.0,1290.0,86900
2026-04-08 04:55:00,1290.0,1295.0,1290.0,1290.0,46300
2026-04-08 06:30:00,1300.0,1300.0,1290.0,1290.0,468700
2026-04-08 06:35:00,1295.0,1300.0,1295.0,1300.0,70500
2026-04-08 06:40:00,1295.0,1300.0,1295.0,1300.0,429500
2026-04-08 06:45:00,1295.0,1300.0,1295.0,1300.0,91200
2026-04-08 06:50:00,1295.0,1300.0,1295.0,1295.0,3200
2026-04-08 06:55:00,1295.0,1300.0,1295.0,1300.0,51200
2026-04-08 07:00:00,1300.0,1300.0,1295.0,1300.0,28800
2026-04-08 07:05:00,1295.0,1300.0,1295.0,1295.0,45600
2026-04-08 07:10:00,1300.0,1300.0,1295.0,1300.0,63500
2026-04-08 07:15:00,1300.0,1300.0,1295.0,1295.0,84800
2026-04-08 07:20:00,1300.0,1300.0,1295.0,1300.0,40500
2026-04-08 07:25:00,1300.0,1305.0,1295.0,1295.0,1230700
2026-04-08 07:30:00,1300.0,1300.0,1295.0,1300.0,310900
2026-04-08 07:35:00,1300.0,1305.0,1300.0,1300.0,29900
2026-04-08 07:40:00,1300.0,1305.0,1300.0,1300.0,124000
2026-04-08 07:45:00,1295.0,1305.0,1295.0,1300.0,398300
2026-04-08 07:50:00,1295.0,1300.0,1295.0,1295.0,92100
2026-04-08 07:55:00,1295.0,1300.0,1295.0,1295.0,70300
2026-04-08 08:00:00,1295.0,1300.0,1295.0,1295.0,31000
2026-04-08 08:05:00,1300.0,1300.0,1295.0,1295.0,34200
2026-04-08 08:10:00,1300.0,1300.0,1295.0,1295.0,648300
2026-04-08 08:15:00,1300.0,1305.0,1300.0,1305.0,153900
2026-04-08 08:20:00,1305.0,1305.0,1300.0,1305.0,60400
2026-04-08 08:25:00,1300.0,1305.0,1300.0,1300.0,31800
2026-04-08 08:30:00,1305.0,1305.0,1300.0,1300.0,92500
2026-04-08 08:35:00,1305.0,1305.0,1300.0,1305.0,36100
2026-04-08 08:40:00,1300.0,1305.0,1300.0,1300.0,832100
2026-04-08 08:45:00,1300.0,1310.0,1295.0,1305.0,744100
2026-04-08 09:00:00,1295.0,1295.0,1295.0,1295.0,580600
2026-04-08 09:05:00,1295.0,1295.0,1295.0,1295.0,300
2026-04-09 02:00:00,1295.0,1300.0,1290.0,1300.0,0
2026-04-09 02:05:00,1280.0,1295.0,1275.0,1295.0,629600
2026-04-09 02:10:00,1290.0,1290.0,1280.0,1280.0,300900
2026-04-09 02:15:00,1280.0,1290.0,1280.0,1290.0,153700
2026-04-09 02:20:00,1280.0,1285.0,1280.0,1280.0,62300
2026-04-09 02:25:00,1285.0,1285.0,1280.0,1285.0,50500
2026-04-09 02:30:00,1290.0,1290.0,1285.0,1285.0,170700
2026-04-09 02:35:00,1290.0,1290.0,1285.0,1285.0,45300
2026-04-09 02:40:00,1290.0,1290.0,1285.0,1285.0,32800
2026-04-09 02:45:00,1290.0,1290.0,1285.0,1290.0,133200
2026-04-09 02:50:00,1285.0,1290.0,1285.0,1290.0,32000
2026-04-09 02:55:00,1290.0,1290.0,1285.0,1290.0,23300
2026-04-09 03:00:00,1290.0,1290.0,1290.0,1290.0,33500
2026-04-09 03:05:00,1290.0,1290.0,1285.0,1290.0,64300
2026-04-09 03:10:00,1290.0,1290.0,1290.0,1290.0,22100
2026-04-09 03:15:00,1290.0,1290.0,1285.0,1290.0,19700
2026-04-09 03:20:00,1290.0,1290.0,1285.0,1285.0,130500
2026-04-09 03:25:00,1290.0,1290.0,1285.0,1285.0,21800
2026-04-09 03:30:00,1290.0,1290.0,1285.0,1285.0,294700
2026-04-09 03:35:00,1285.0,1290.0,1285.0,1290.0,53100
2026-04-09 03:40:00,1290.0,1290.0,1290.0,1290.0,36100
2026-04-09 03:45:00,1285.0,1290.0,1280.0,1290.0,413000
2026-04-09 03:50:00,1285.0,1285.0,1280.0,1285.0,145300
2026-04-09 03:55:00,1280.0,1285.0,1280.0,1280.0,117800
2026-04-09 04:00:00,1285.0,1285.0,1280.0,1280.0,105300
2026-04-09 04:05:00,1285.0,1285.0,1280.0,1280.0,19700
2026-04-09 04:10:00,1285.0,1285.0,1280.0,1285.0,51400
2026-04-09 04:15:00,1285.0,1285.0,1280.0,1285.0,42400
2026-04-09 04:20:00,1285.0,1285.0,1285.0,1285.0,41400
2026-04-09 04:25:00,1290.0,1290.0,1280.0,1285.0,162600
2026-04-09 04:30:00,1290.0,1290.0,1285.0,1285.0,30600
2026-04-09 04:35:00,1290.0,1290.0,1285.0,1285.0,28700
2026-04-09 04:40:00,1285.0,1290.0,1285.0,1290.0,36600
2026-04-09 04:45:00,1285.0,1290.0,1285.0,1290.0,29600
2026-04-09 04:50:00,1290.0,1290.0,1285.0,1290.0,39600
2026-04-09 04:55:00,1285.0,1290.0,1285.0,1285.0,44300
2026-04-09 06:30:00,1285.0,1290.0,1285.0,1285.0,243400
2026-04-09 06:35:00,1285.0,1285.0,1280.0,1285.0,40200
2026-04-09 06:40:00,1285.0,1285.0,1280.0,1285.0,30600
2026-04-09 06:45:00,1280.0,1285.0,1280.0,1285.0,52800
2026-04-09 06:50:00,1285.0,1285.0,1280.0,1285.0,32400
2026-04-09 06:55:00,1285.0,1285.0,1280.0,1285.0,39900
2026-04-09 07:00:00,1290.0,1290.0,1280.0,1285.0,57300
2026-04-09 07:05:00,1290.0,1290.0,1285.0,1290.0,49200
2026-04-09 07:10:00,1290.0,1290.0,1285.0,1290.0,37100
2026-04-09 07:15:00,1285.0,1290.0,1285.0,1290.0,52300
2026-04-09 07:20:00,1290.0,1290.0,1285.0,1285.0,25100
2026-04-09 07:25:00,1290.0,1290.0,1285.0,1290.0,29300
2026-04-09 07:30:00,1285.0,1290.0,1285.0,1290.0,54500
2026-04-09 07:35:00,1285.0,1290.0,1285.0,1290.0,42000
2026-04-09 07:40:00,1290.0,1290.0,1285.0,1290.0,10000
2026-04-09 07:45:00,1290.0,1290.0,1285.0,1290.0,57600
2026-04-09 07:50:00,1290.0,1290.0,1285.0,1290.0,30100
2026-04-09 07:55:00,1290.0,1290.0,1285.0,1290.0,37400
2026-04-09 08:00:00,1290.0,1290.0,1285.0,1290.0,57100
2026-04-09 08:05:00,1290.0,1290.0,1290.0,1290.0,35100
2026-04-09 08:10:00,1290.0,1290.0,1285.0,1290.0,37200
2026-04-09 08:15:00,1285.0,1290.0,1285.0,1290.0,92100
2026-04-09 08:20:00,1290.0,1290.0,1285.0,1290.0,27000
2026-04-09 08:25:00,1285.0,1290.0,1285.0,1290.0,86600
2026-04-09 08:30:00,1290.0,1290.0,1285.0,1285.0,80700
2026-04-09 08:35:00,1295.0,1295.0,1285.0,1290.0,160400
2026-04-09 08:40:00,1290.0,1295.0,1285.0,1295.0,187100
2026-04-09 08:45:00,1290.0,1290.0,1285.0,1290.0,125200
2026-04-09 09:00:00,1295.0,1295.0,1295.0,1295.0,351700
2026-04-09 09:05:00,1295.0,1295.0,1295.0,1295.0,4700
2026-04-10 02:00:00,1295.0,1295.0,1285.0,1290.0,0
2026-04-10 02:05:00,1290.0,1295.0,1285.0,1290.0,139400
2026-04-10 02:10:00,1290.0,1295.0,1290.0,1290.0,168800
2026-04-10 02:15:00,1290.0,1295.0,1290.0,1295.0,159200
2026-04-10 02:20:00,1290.0,1295.0,1290.0,1295.0,240500
2026-04-10 02:25:00,1290.0,1295.0,1290.0,1295.0,186200
2026-04-10 02:30:00,1295.0,1300.0,1290.0,1295.0,343800
2026-04-10 02:35:00,1295.0,1300.0,1290.0,1295.0,192300
2026-04-10 02:40:00,1295.0,1300.0,1295.0,1295.0,90500
2026-04-10 02:45:00,1295.0,1300.0,1295.0,1300.0,194900
2026-04-10 02:50:00,1295.0,1300.0,1290.0,1295.0,132900
2026-04-10 02:55:00,1290.0,1295.0,1290.0,1295.0,47400
2026-04-10 03:00:00,1290.0,1295.0,1290.0,1295.0,43600
2026-04-10 03:05:00,1295.0,1295.0,1290.0,1290.0,114900
2026-04-10 03:10:00,1295.0,1295.0,1290.0,1295.0,26300
2026-04-10 03:15:00,1295.0,1295.0,1290.0,1295.0,29900
2026-04-10 03:20:00,1295.0,1295.0,1290.0,1295.0,178900
2026-04-10 03:25:00,1295.0,1300.0,1295.0,1295.0,848400
2026-04-10 03:30:00,1295.0,1295.0,1295.0,1295.0,245200
2026-04-10 03:35:00,1295.0,1300.0,1295.0,1295.0,13400
2026-04-10 03:40:00,1295.0,1300.0,1295.0,1300.0,477000
2026-04-10 03:45:00,1300.0,1300.0,1295.0,1300.0,51100
2026-04-10 03:50:00,1300.0,1300.0,1295.0,1300.0,165200
2026-04-10 03:55:00,1305.0,1305.0,1295.0,1300.0,281100
2026-04-10 04:00:00,1300.0,1305.0,1300.0,1305.0,187100
2026-04-10 04:05:00,1300.0,1305.0,1295.0,1305.0,504400
2026-04-10 04:10:00,1300.0,1300.0,1300.0,1300.0,0
2026-04-10 04:15:00,1300.0,1300.0,1295.0,1300.0,154000
2026-04-10 04:20:00,1300.0,1300.0,1295.0,1295.0,260700
2026-04-10 04:25:00,1295.0,1300.0,1290.0,1300.0,329300
2026-04-10 07:00:00,1295.0,1295.0,1290.0,1295.0,232600
2026-04-10 07:05:00,1295.0,1295.0,1295.0,1295.0,295000
2026-04-10 07:10:00,1295.0,1295.0,1290.0,1295.0,314200
2026-04-10 07:15:00,1295.0,1295.0,1290.0,1290.0,15100
2026-04-10 07:20:00,1295.0,1295.0,1295.0,1295.0,30800
2026-04-10 07:25:00,1295.0,1295.0,1290.0,1295.0,35200
2026-04-10 07:30:00,1295.0,1295.0,1290.0,1290.0,47400
2026-04-10 07:35:00,1295.0,1295.0,1295.0,1295.0,65900
2026-04-10 07:40:00,1300.0,1300.0,1290.0,1295.0,535600
2026-04-10 07:45:00,1295.0,1295.0,1290.0,1295.0,226400
2026-04-10 07:50:00,1295.0,1295.0,1290.0,1290.0,9000
2026-04-10 07:55:00,1295.0,1295.0,1295.0,1295.0,47100
2026-04-10 08:00:00,1295.0,1295.0,1290.0,1295.0,81000
2026-04-10 08:05:00,1295.0,1295.0,1290.0,1295.0,142200
2026-04-10 08:10:00,1295.0,1295.0,1290.0,1295.0,201700
2026-04-10 08:15:00,1290.0,1295.0,1290.0,1295.0,410500
2026-04-10 08:20:00,1290.0,1295.0,1290.0,1290.0,355800
2026-04-10 08:25:00,1290.0,1290.0,1290.0,1290.0,57000
2026-04-10 08:30:00,1290.0,1290.0,1285.0,1290.0,204300
2026-04-10 08:35:00,1295.0,1295.0,1290.0,1290.0,319500
2026-04-10 08:40:00,1295.0,1295.0,1290.0,1295.0,144200
2026-04-10 08:45:00,1295.0,1295.0,1290.0,1295.0,267700
2026-04-10 09:00:00,1290.0,1290.0,1290.0,1290.0,1066000
2026-04-10 09:05:00,1290.0,1290.0,1290.0,1290.0,40900
2026-04-10 09:10:00,1290.0,1290.0,1290.0,1290.0,2200
2026-04-13 02:00:00,1260.0,1290.0,1250.0,1280.0,0
2026-04-13 02:05:00,1265.0,1265.0,1255.0,1255.0,991600
2026-04-13 02:10:00,1265.0,1265.0,1255.0,1265.0,448400
2026-04-13 02:15:00,1265.0,1265.0,1260.0,1260.0,415300
2026-04-13 02:20:00,1260.0,1265.0,1255.0,1265.0,211200
2026-04-13 02:25:00,1265.0,1265.0,1255.0,1260.0,178600
2026-04-13 02:30:00,1260.0,1265.0,1255.0,1265.0,378000
2026-04-13 02:35:00,1260.0,1265.0,1260.0,1260.0,458700
2026-04-13 02:40:00,1260.0,1260.0,1255.0,1260.0,176100
2026-04-13 02:45:00,1265.0,1265.0,1255.0,1260.0,250500
2026-04-13 02:50:00,1265.0,1265.0,1260.0,1265.0,9100
2026-04-13 02:55:00,1265.0,1265.0,1260.0,1265.0,402400
2026-04-13 03:00:00,1270.0,1270.0,1265.0,1265.0,188900
2026-04-13 03:05:00,1270.0,1270.0,1265.0,1270.0,63700
2026-04-13 03:10:00,1270.0,1270.0,1265.0,1265.0,113400
2026-04-13 03:15:00,1275.0,1275.0,1265.0,1270.0,411200
2026-04-13 03:20:00,1270.0,1275.0,1265.0,1275.0,356200
2026-04-13 03:25:00,1270.0,1270.0,1265.0,1270.0,45300
2026-04-13 03:30:00,1270.0,1270.0,1265.0,1270.0,60200
2026-04-13 03:35:00,1265.0,1270.0,1265.0,1265.0,162900
2026-04-13 03:40:00,1270.0,1270.0,1265.0,1270.0,110600
2026-04-13 03:45:00,1265.0,1270.0,1265.0,1270.0,163900
2026-04-13 03:50:00,1265.0,1270.0,1265.0,1270.0,55900
2026-04-13 03:55:00,1265.0,1270.0,1265.0,1270.0,57500
2026-04-13 04:00:00,1270.0,1270.0,1265.0,1265.0,67900
2026-04-13 04:05:00,1270.0,1270.0,1265.0,1270.0,55500
2026-04-13 04:10:00,1265.0,1270.0,1265.0,1270.0,45200
2026-04-13 04:15:00,1270.0,1270.0,1265.0,1270.0,31700
2026-04-13 04:20:00,1270.0,1270.0,1265.0,1270.0,139500
2026-04-13 04:25:00,1270.0,1270.0,1265.0,1270.0,30900
2026-04-13 04:30:00,1270.0,1270.0,1265.0,1270.0,78400
2026-04-13 04:35:00,1270.0,1270.0,1265.0,1270.0,16000
2026-04-13 04:40:00,1270.0,1270.0,1265.0,1265.0,41700
2026-04-13 04:45:00,1270.0,1270.0,1265.0,1270.0,38200
2026-04-13 04:50:00,1265.0,1270.0,1265.0,1270.0,67800
2026-04-13 04:55:00,1270.0,1270.0,1265.0,1265.0,25000
2026-04-13 06:30:00,1270.0,1270.0,1265.0,1270.0,158800
2026-04-13 06:35:00,1270.0,1270.0,1265.0,1265.0,519300
2026-04-13 06:40:00,1265.0,1270.0,1265.0,1270.0,62800
2026-04-13 06:45:00,1270.0,1270.0,1265.0,1270.0,389500
2026-04-13 06:50:00,1265.0,1270.0,1265.0,1270.0,69600
2026-04-13 06:55:00,1270.0,1270.0,1265.0,1270.0,87700
2026-04-13 07:00:00,1265.0,1270.0,1265.0,1265.0,161700
2026-04-13 07:05:00,1270.0,1270.0,1265.0,1270.0,102900
2026-04-13 07:10:00,1265.0,1270.0,1265.0,1265.0,89900
2026-04-13 07:15:00,1270.0,1270.0,1265.0,1270.0,271300
2026-04-13 07:20:00,1270.0,1275.0,1270.0,1275.0,174300
2026-04-13 07:25:00,1265.0,1270.0,1265.0,1270.0,44100
2026-04-13 07:30:00,1270.0,1270.0,1265.0,1270.0,109000
2026-04-13 07:35:00,1275.0,1275.0,1270.0,1270.0,167500
2026-04-13 07:40:00,1275.0,1275.0,1270.0,1275.0,48000
2026-04-13 07:45:00,1270.0,1275.0,1270.0,1275.0,105600
2026-04-13 07:50:00,1275.0,1275.0,1270.0,1275.0,131100
2026-04-13 07:55:00,1270.0,1275.0,1270.0,1270.0,89700
2026-04-13 08:00:00,1270.0,1275.0,1270.0,1270.0,118500
2026-04-13 08:05:00,1270.0,1275.0,1270.0,1270.0,98000
2026-04-13 08:10:00,1275.0,1275.0,1270.0,1270.0,97600
2026-04-13 08:15:00,1275.0,1275.0,1270.0,1275.0,122200
2026-04-13 08:20:00,1270.0,1275.0,1270.0,1270.0,108800
2026-04-13 08:25:00,1275.0,1275.0,1270.0,1275.0,122100
2026-04-13 08:30:00,1265.0,1275.0,1265.0,1275.0,194200
2026-04-13 08:35:00,1270.0,1270.0,1265.0,1270.0,183600
2026-04-13 08:40:00,1270.0,1270.0,1265.0,1270.0,456700
2026-04-13 08:45:00,1265.0,1270.0,1265.0,1265.0,74500
2026-04-13 09:00:00,1275.0,1275.0,1275.0,1275.0,11145700
2026-04-13 09:05:00,1275.0,1275.0,1275.0,1275.0,3800
2026-04-13 09:10:00,1275.0,1275.0,1275.0,1275.0,200
2026-04-14 02:00:00,1295.0,1300.0,1285.0,1285.0,0
2026-04-14 02:05:00,1290.0,1295.0,1290.0,1295.0,508700
2026-04-14 02:10:00,1295.0,1300.0,1290.0,1295.0,1155500
2026-04-14 02:15:00,1295.0,1300.0,1295.0,1295.0,86800
2026-04-14 02:20:00,1295.0,1300.0,1295.0,1295.0,455900
2026-04-14 02:25:00,1295.0,1300.0,1290.0,1295.0,684800
2026-04-14 02:30:00,1290.0,1295.0,1290.0,1290.0,27400
2026-04-14 02:35:00,1290.0,1300.0,1290.0,1290.0,659300
2026-04-14 02:40:00,1290.0,1295.0,1290.0,1295.0,5200
2026-04-14 02:45:00,1290.0,1295.0,1290.0,1295.0,38300
2026-04-14 02:50:00,1295.0,1295.0,1290.0,1290.0,49500
2026-04-14 02:55:00,1295.0,1300.0,1290.0,1290.0,688900
2026-04-14 03:00:00,1300.0,1300.0,1295.0,1300.0,61600
2026-04-14 03:05:00,1295.0,1295.0,1295.0,1295.0,16600
2026-04-14 03:10:00,1295.0,1300.0,1295.0,1295.0,30600
2026-04-14 03:15:00,1295.0,1300.0,1295.0,1295.0,78500
2026-04-14 03:20:00,1300.0,1300.0,1290.0,1300.0,552700
2026-04-14 03:25:00,1300.0,1300.0,1290.0,1295.0,1240900
2026-04-14 03:30:00,1325.0,1330.0,1300.0,1300.0,6886100
2026-04-14 03:35:00,1355.0,1360.0,1320.0,1325.0,3504200
2026-04-14 03:40:00,1355.0,1375.0,1355.0,1355.0,4760000
2026-04-14 03:45:00,1360.0,1360.0,1350.0,1355.0,1311000
2026-04-14 03:50:00,1355.0,1360.0,1355.0,1355.0,1046100
2026-04-14 03:55:00,1370.0,1370.0,1355.0,1355.0,2269400
2026-04-14 04:00:00,1355.0,1370.0,1355.0,1370.0,1075100
2026-04-14 04:05:00,1355.0,1360.0,1355.0,1355.0,836500
2026-04-14 04:10:00,1355.0,1360.0,1350.0,1360.0,2018100
2026-04-14 04:15:00,1365.0,1365.0,1355.0,1355.0,3057100
2026-04-14 04:20:00,1365.0,1370.0,1360.0,1360.0,941300
2026-04-14 04:25:00,1360.0,1365.0,1360.0,1365.0,296500
2026-04-14 04:30:00,1360.0,1365.0,1360.0,1360.0,121800
2026-04-14 04:35:00,1360.0,1365.0,1360.0,1360.0,61000
2026-04-14 04:40:00,1360.0,1365.0,1360.0,1365.0,316200
2026-04-14 04:45:00,1360.0,1360.0,1355.0,1360.0,533300
2026-04-14 04:50:00,1355.0,1360.0,1350.0,1355.0,1039400
2026-04-14 04:55:00,1355.0,1360.0,1355.0,1355.0,132200
2026-04-14 06:30:00,1360.0,1360.0,1355.0,1355.0,1561700
2026-04-14 06:35:00,1355.0,1360.0,1355.0,1355.0,283500
2026-04-14 06:40:00,1355.0,1360.0,1355.0,1355.0,581200
2026-04-14 06:45:00,1355.0,1360.0,1355.0,1355.0,23500
2026-04-14 06:50:00,1360.0,1360.0,1355.0,1355.0,83600
2026-04-14 06:55:00,1355.0,1355.0,1350.0,1355.0,1340900
2026-04-14 07:00:00,1350.0,1355.0,1350.0,1350.0,77300
2026-04-14 07:05:00,1350.0,1355.0,1350.0,1355.0,175000
2026-04-14 07:10:00,1355.0,1355.0,1350.0,1350.0,169000
2026-04-14 07:15:00,1350.0,1355.0,1350.0,1350.0,141400
2026-04-14 07:20:00,1350.0,1355.0,1350.0,1355.0,843000
2026-04-14 07:25:00,1355.0,1355.0,1350.0,1350.0,533800
2026-04-14 07:30:00,1345.0,1355.0,1345.0,1350.0,998400
2026-04-14 07:35:00,1345.0,1350.0,1345.0,1345.0,430400
2026-04-14 07:40:00,1350.0,1350.0,1345.0,1345.0,62400
2026-04-14 07:45:00,1345.0,1350.0,1345.0,1345.0,159600
2026-04-14 07:50:00,1345.0,1350.0,1345.0,1345.0,69700
2026-04-14 07:55:00,1345.0,1350.0,1345.0,1345.0,128300
2026-04-14 08:00:00,1345.0,1350.0,1345.0,1345.0,90200
2026-04-14 08:05:00,1345.0,1350.0,1345.0,1345.0,209000
2026-04-14 08:10:00,1345.0,1350.0,1345.0,1345.0,177500
2026-04-14 08:15:00,1345.0,1350.0,1345.0,1345.0,189000
2026-04-14 08:20:00,1345.0,1350.0,1345.0,1345.0,442400
2026-04-14 08:25:00,1345.0,1350.0,1345.0,1345.0,332900
2026-04-14 08:30:00,1345.0,1350.0,1345.0,1345.0,133900
2026-04-14 08:35:00,1345.0,1350.0,1345.0,1350.0,1057000
2026-04-14 08:40:00,1340.0,1345.0,1340.0,1345.0,1479000
2026-04-14 08:45:00,1345.0,1350.0,1340.0,1340.0,494300
2026-04-14 09:00:00,1345.0,1345.0,1345.0,1345.0,831700
2026-04-14 09:05:00,1345.0,1345.0,1345.0,1345.0,7800
2026-04-14 09:10:00,1345.0,1345.0,1345.0,1345.0,7900
2026-04-15 02:00:00,1355.0,1380.0,1355.0,1355.0,0
2026-04-15 02:05:00,1350.0,1360.0,1350.0,1355.0,552800
2026-04-15 02:10:00,1355.0,1365.0,1350.0,1355.0,2000600
2026-04-15 02:15:00,1355.0,1360.0,1355.0,1360.0,469900
2026-04-15 02:20:00,1360.0,1360.0,1355.0,1355.0,168400
2026-04-15 02:25:00,1360.0,1360.0,1355.0,1360.0,424400
2026-04-15 02:30:00,1355.0,1360.0,1350.0,1355.0,317200
2026-04-15 02:35:00,1350.0,1355.0,1350.0,1350.0,1304300
2026-04-15 02:40:00,1350.0,1355.0,1350.0,1350.0,751200
2026-04-15 02:45:00,1345.0,1350.0,1345.0,1350.0,205500
2026-04-15 02:50:00,1345.0,1350.0,1345.0,1345.0,1040200
2026-04-15 02:55:00,1350.0,1350.0,1340.0,1345.0,1297100
2026-04-15 03:00:00,1350.0,1355.0,1345.0,1345.0,1125600
2026-04-15 03:05:00,1350.0,1350.0,1345.0,1350.0,430300
2026-04-15 03:10:00,1350.0,1350.0,1345.0,1345.0,18800
2026-04-15 03:15:00,1350.0,1350.0,1345.0,1345.0,41600
2026-04-15 03:20:00,1350.0,1350.0,1345.0,1350.0,44800
2026-04-15 03:25:00,1350.0,1355.0,1345.0,1350.0,1142300
2026-04-15 03:30:00,1350.0,1350.0,1350.0,1350.0,1065300
2026-04-15 03:35:00,1350.0,1350.0,1345.0,1350.0,280200
2026-04-15 03:40:00,1350.0,1355.0,1345.0,1350.0,557300
2026-04-15 03:45:00,1355.0,1355.0,1350.0,1350.0,24400
2026-04-15 03:50:00,1355.0,1355.0,1355.0,1355.0,7200
2026-04-15 03:55:00,1350.0,1355.0,1350.0,1355.0,202000
2026-04-15 04:00:00,1350.0,1350.0,1350.0,1350.0,21000
2026-04-15 04:05:00,1350.0,1355.0,1350.0,1350.0,52800
2026-04-15 04:10:00,1350.0,1350.0,1350.0,1350.0,3678900
2026-04-15 04:15:00,1345.0,1350.0,1345.0,1345.0,1204100
2026-04-15 04:20:00,1350.0,1350.0,1345.0,1345.0,332600
2026-04-15 04:25:00,1350.0,1350.0,1345.0,1345.0,1380000
2026-04-15 04:30:00,1345.0,1350.0,1345.0,1350.0,850800
2026-04-15 04:35:00,1350.0,1350.0,1345.0,1345.0,0
2026-04-15 04:40:00,1350.0,1350.0,1345.0,1345.0,647900
2026-04-15 04:45:00,1345.0,1350.0,1345.0,1350.0,411900
2026-04-15 04:50:00,1345.0,1345.0,1345.0,1345.0,2700
2026-04-15 04:55:00,1350.0,1355.0,1345.0,1350.0,229000
2026-04-15 06:30:00,1350.0,1355.0,1345.0,1350.0,757000
2026-04-15 06:35:00,1345.0,1350.0,1345.0,1345.0,3500
2026-04-15 06:40:00,1350.0,1355.0,1350.0,1350.0,952200
2026-04-15 06:45:00,1350.0,1355.0,1350.0,1350.0,194800
2026-04-15 06:50:00,1355.0,1355.0,1350.0,1350.0,5600
2026-04-15 06:55:00,1355.0,1355.0,1350.0,1350.0,411000
2026-04-15 07:00:00,1350.0,1355.0,1350.0,1350.0,801300
2026-04-15 07:05:00,1350.0,1350.0,1350.0,1350.0,39000
2026-04-15 07:10:00,1350.0,1350.0,1350.0,1350.0,283500
2026-04-15 07:15:00,1350.0,1350.0,1350.0,1350.0,27800
2026-04-15 07:20:00,1350.0,1350.0,1350.0,1350.0,10900
2026-04-15 07:25:00,1350.0,1355.0,1350.0,1350.0,35300
2026-04-15 07:30:00,1350.0,1350.0,1350.0,1350.0,13700
2026-04-15 07:35:00,1350.0,1355.0,1350.0,1355.0,783800
2026-04-15 07:40:00,1355.0,1355.0,1345.0,1350.0,305200
2026-04-15 07:45:00,1345.0,1350.0,1345.0,1350.0,665700
2026-04-15 07:50:00,1345.0,1350.0,1345.0,1345.0,296500
2026-04-15 07:55:00,1345.0,1345.0,1345.0,1345.0,1600
2026-04-15 08:00:00,1345.0,1350.0,1345.0,1345.0,56900
2026-04-15 08:05:00,1345.0,1350.0,1340.0,1350.0,678800
2026-04-15 08:10:00,1350.0,1350.0,1345.0,1345.0,14200
2026-04-15 08:15:00,1345.0,1350.0,1345.0,1345.0,72200
2026-04-15 08:20:00,1345.0,1350.0,1345.0,1345.0,47700
2026-04-15 08:25:00,1345.0,1350.0,1345.0,1345.0,837800
2026-04-15 08:30:00,1345.0,1350.0,1345.0,1345.0,38100
2026-04-15 08:35:00,1345.0,1350.0,1345.0,1350.0,1474400
2026-04-15 08:40:00,1345.0,1350.0,1340.0,1345.0,1318500
2026-04-15 08:45:00,1350.0,1350.0,1345.0,1345.0,261700
2026-04-15 09:00:00,1345.0,1345.0,1345.0,1345.0,1584300
2026-04-15 09:05:00,1345.0,1345.0,1345.0,1345.0,10700
2026-04-15 09:10:00,1345.0,1345.0,1345.0,1345.0,2100
2026-04-16 02:00:00,1370.0,1390.0,1355.0,1390.0,0
2026-04-16 02:05:00,1365.0,1380.0,1365.0,1375.0,1949100
2026-04-16 02:10:00,1360.0,1370.0,1360.0,1365.0,850200
2026-04-16 02:15:00,1365.0,1365.0,1360.0,1360.0,516500
2026-04-16 02:20:00,1350.0,1365.0,1350.0,1360.0,1943200
2026-04-16 02:25:00,1350.0,1355.0,1345.0,1350.0,508300
2026-04-16 02:30:00,1350.0,1355.0,1350.0,1355.0,569900
2026-04-16 02:35:00,1350.0,1355.0,1345.0,1345.0,2676600
2026-04-16 02:40:00,1350.0,1355.0,1350.0,1350.0,274300
2026-04-16 02:45:00,1340.0,1350.0,1340.0,1350.0,1603300
2026-04-16 02:50:00,1345.0,1345.0,1340.0,1345.0,199700
2026-04-16 02:55:00,1340.0,1340.0,1335.0,1340.0,1142500
2026-04-16 03:00:00,1345.0,1345.0,1335.0,1340.0,668700
2026-04-16 03:05:00,1345.0,1345.0,1340.0,1340.0,264800
2026-04-16 03:10:00,1345.0,1345.0,1340.0,1345.0,67300
2026-04-16 03:15:00,1340.0,1345.0,1335.0,1345.0,222500
2026-04-16 03:20:00,1335.0,1340.0,1335.0,1335.0,106400
2026-04-16 03:25:00,1340.0,1340.0,1335.0,1335.0,77200
2026-04-16 03:30:00,1340.0,1340.0,1335.0,1335.0,17700
2026-04-16 03:35:00,1335.0,1340.0,1335.0,1335.0,11100
2026-04-16 03:40:00,1340.0,1340.0,1335.0,1335.0,211900
2026-04-16 03:45:00,1335.0,1340.0,1330.0,1340.0,608000
2026-04-16 03:50:00,1330.0,1335.0,1330.0,1335.0,37500
2026-04-16 03:55:00,1335.0,1340.0,1330.0,1335.0,425600
2026-04-16 04:00:00,1335.0,1340.0,1335.0,1335.0,172400
2026-04-16 04:05:00,1335.0,1335.0,1330.0,1330.0,251200
2026-04-16 04:10:00,1335.0,1335.0,1330.0,1335.0,28700
2026-04-16 04:15:00,1335.0,1335.0,1335.0,1335.0,28400
2026-04-16 04:20:00,1330.0,1335.0,1325.0,1330.0,631100
2026-04-16 04:25:00,1330.0,1335.0,1325.0,1325.0,87100
2026-04-16 04:30:00,1330.0,1335.0,1330.0,1335.0,8200
2026-04-16 04:35:00,1335.0,1335.0,1335.0,1335.0,17000
2026-04-16 04:40:00,1330.0,1335.0,1330.0,1335.0,15100
2026-04-16 04:45:00,1325.0,1335.0,1325.0,1335.0,637400
2026-04-16 04:50:00,1330.0,1335.0,1325.0,1325.0,197800
2026-04-16 04:55:00,1330.0,1335.0,1325.0,1335.0,110200
2026-04-16 06:30:00,1340.0,1350.0,1335.0,1335.0,2131000
2026-04-16 06:35:00,1340.0,1345.0,1335.0,1345.0,60700
2026-04-16 06:40:00,1340.0,1345.0,1340.0,1345.0,86100
2026-04-16 06:45:00,1340.0,1340.0,1340.0,1340.0,310800
2026-04-16 06:50:00,1340.0,1340.0,1335.0,1340.0,21600
2026-04-16 06:55:00,1340.0,1340.0,1335.0,1340.0,41900
2026-04-16 07:00:00,1345.0,1345.0,1335.0,1340.0,151100
2026-04-16 07:05:00,1345.0,1345.0,1340.0,1345.0,41800
2026-04-16 07:10:00,1340.0,1345.0,1335.0,1345.0,280000
2026-04-16 07:15:00,1340.0,1340.0,1335.0,1340.0,13800
2026-04-16 07:20:00,1340.0,1340.0,1335.0,1335.0,75900
2026-04-16 07:25:00,1340.0,1340.0,1335.0,1340.0,34200
2026-04-16 07:30:00,1340.0,1340.0,1335.0,1340.0,58800
2026-04-16 07:35:00,1335.0,1335.0,1330.0,1335.0,397600
2026-04-16 07:40:00,1335.0,1340.0,1335.0,1335.0,784400
2026-04-16 07:45:00,1335.0,1340.0,1335.0,1335.0,69300
2026-04-16 07:50:00,1335.0,1340.0,1335.0,1335.0,6300
2026-04-16 07:55:00,1340.0,1340.0,1335.0,1335.0,21900
2026-04-16 08:00:00,1340.0,1345.0,1335.0,1340.0,527400
2026-04-16 08:05:00,1345.0,1345.0,1340.0,1345.0,19200
2026-04-16 08:10:00,1335.0,1340.0,1335.0,1340.0,280200
2026-04-16 08:15:00,1335.0,1340.0,1335.0,1335.0,39600
2026-04-16 08:20:00,1340.0,1340.0,1335.0,1335.0,352200
2026-04-16 08:25:00,1345.0,1345.0,1335.0,1340.0,191200
2026-04-16 08:30:00,1340.0,1345.0,1335.0,1335.0,326000
2026-04-16 08:35:00,1340.0,1345.0,1335.0,1340.0,427900
2026-04-16 08:40:00,1340.0,1345.0,1335.0,1340.0,185900
2026-04-16 08:45:00,1340.0,1345.0,1335.0,1340.0,270600
2026-04-16 09:00:00,1335.0,1335.0,1335.0,1335.0,577900
2026-04-16 09:05:00,1335.0,1335.0,1335.0,1335.0,18200
2026-04-16 09:10:00,1335.0,1335.0,1335.0,1335.0,1200
2026-04-17 02:00:00,1340.0,1345.0,1335.0,1345.0,0
2026-04-17 02:05:00,1325.0,1340.0,1320.0,1340.0,984300
2026-04-17 02:10:00,1325.0,1325.0,1320.0,1325.0,501400
2026-04-17 02:15:00,1325.0,1325.0,1320.0,1325.0,220700
2026-04-17 02:20:00,1325.0,1330.0,1320.0,1325.0,290700
2026-04-17 02:25:00,1315.0,1325.0,1315.0,1325.0,354600
2026-04-17 02:30:00,1325.0,1325.0,1320.0,1320.0,277700
2026-04-17 02:35:00,1320.0,1325.0,1320.0,1325.0,148200
2026-04-17 02:40:00,1325.0,1325.0,1320.0,1325.0,14200
2026-04-17 02:45:00,1325.0,1325.0,1320.0,1325.0,80400
2026-04-17 02:50:00,1325.0,1325.0,1320.0,1325.0,193800
2026-04-17 02:55:00,1325.0,1325.0,1320.0,1320.0,39200
2026-04-17 03:00:00,1330.0,1330.0,1320.0,1325.0,75500
2026-04-17 03:05:00,1335.0,1335.0,1325.0,1330.0,138600
2026-04-17 03:10:00,1330.0,1335.0,1330.0,1335.0,369900
2026-04-17 03:15:00,1325.0,1330.0,1325.0,1330.0,189800
2026-04-17 03:20:00,1325.0,1325.0,1320.0,1325.0,1053900
2026-04-17 03:25:00,1315.0,1325.0,1315.0,1325.0,883400
2026-04-17 03:30:00,1315.0,1320.0,1310.0,1315.0,1152300
2026-04-17 03:35:00,1315.0,1315.0,1310.0,1315.0,30400
2026-04-17 03:40:00,1315.0,1315.0,1310.0,1315.0,195000
2026-04-17 03:45:00,1310.0,1315.0,1310.0,1315.0,175600
2026-04-17 03:50:00,1310.0,1315.0,1310.0,1310.0,128900
2026-04-17 03:55:00,1315.0,1315.0,1310.0,1315.0,114600
2026-04-17 04:00:00,1310.0,1315.0,1305.0,1310.0,1228900
2026-04-17 04:05:00,1310.0,1310.0,1305.0,1310.0,410900
2026-04-17 04:10:00,1310.0,1310.0,1305.0,1305.0,887600
2026-04-17 04:15:00,1310.0,1315.0,1310.0,1310.0,0
2026-04-17 04:20:00,1310.0,1315.0,1305.0,1315.0,572700
2026-04-17 04:25:00,1315.0,1315.0,1305.0,1305.0,471100
2026-04-17 07:00:00,1315.0,1315.0,1310.0,1310.0,108200
2026-04-17 07:05:00,1315.0,1315.0,1310.0,1315.0,23000
2026-04-17 07:10:00,1315.0,1315.0,1310.0,1315.0,114400
2026-04-17 07:15:00,1315.0,1315.0,1310.0,1310.0,192100
2026-04-17 07:20:00,1310.0,1315.0,1310.0,1315.0,101400
2026-04-17 07:25:00,1315.0,1315.0,1310.0,1315.0,87400
2026-04-17 07:30:00,1315.0,1315.0,1310.0,1315.0,69000
2026-04-17 07:35:00,1315.0,1315.0,1310.0,1315.0,151100
2026-04-17 07:40:00,1315.0,1315.0,1310.0,1315.0,207200
2026-04-17 07:45:00,1315.0,1315.0,1310.0,1315.0,130800
2026-04-17 07:50:00,1315.0,1315.0,1310.0,1315.0,274500
2026-04-17 07:55:00,1310.0,1315.0,1310.0,1310.0,96900
2026-04-17 08:00:00,1315.0,1315.0,1310.0,1315.0,147800
2026-04-17 08:05:00,1315.0,1315.0,1310.0,1315.0,155500
2026-04-17 08:10:00,1315.0,1315.0,1310.0,1315.0,125400
2026-04-17 08:15:00,1310.0,1315.0,1310.0,1315.0,252900
2026-04-17 08:20:00,1315.0,1315.0,1310.0,1315.0,223600
2026-04-17 08:25:00,1315.0,1315.0,1310.0,1315.0,116200
2026-04-17 08:30:00,1315.0,1315.0,1310.0,1315.0,164600
2026-04-17 08:35:00,1315.0,1315.0,1310.0,1315.0,619700
2026-04-17 08:40:00,1315.0,1315.0,1310.0,1315.0,463400
2026-04-17 08:45:00,1315.0,1315.0,1310.0,1315.0,728300
2026-04-17 09:00:00,1310.0,1310.0,1310.0,1310.0,467900
2026-04-17 09:05:00,1310.0,1310.0,1310.0,1310.0,636500
2026-04-17 09:10:00,1310.0,1310.0,1310.0,1310.0,573400
2026-04-20 02:00:00,1310.0,1315.0,1305.0,1315.0,0
2026-04-20 02:05:00,1310.0,1310.0,1305.0,1310.0,927300
2026-04-20 02:10:00,1315.0,1315.0,1310.0,1310.0,428500
2026-04-20 02:15:00,1315.0,1315.0,1310.0,1315.0,382300
2026-04-20 02:20:00,1320.0,1325.0,1315.0,1320.0,239700
2026-04-20 02:25:00,1315.0,1325.0,1315.0,1325.0,357100
2026-04-20 02:30:00,1320.0,1320.0,1315.0,1315.0,110700
2026-04-20 02:35:00,1320.0,1320.0,1315.0,1320.0,82800
2026-04-20 02:40:00,1320.0,1320.0,1315.0,1320.0,1081900
2026-04-20 02:45:00,1320.0,1320.0,1315.0,1320.0,553300
2026-04-20 02:50:00,1320.0,1320.0,1320.0,1320.0,112800
2026-04-20 02:55:00,1315.0,1320.0,1315.0,1320.0,715200
2026-04-20 03:00:00,1320.0,1320.0,1315.0,1320.0,136500
2026-04-20 03:05:00,1320.0,1320.0,1315.0,1320.0,500700
2026-04-20 03:10:00,1320.0,1320.0,1315.0,1320.0,1585300
2026-04-20 03:15:00,1320.0,1320.0,1315.0,1320.0,502600
2026-04-20 03:20:00,1315.0,1320.0,1315.0,1320.0,37600
2026-04-20 03:25:00,1320.0,1320.0,1315.0,1315.0,120300
2026-04-20 03:30:00,1315.0,1320.0,1315.0,1320.0,69000
2026-04-20 03:35:00,1315.0,1320.0,1315.0,1320.0,7500
2026-04-20 03:40:00,1310.0,1320.0,1310.0,1320.0,1010800
2026-04-20 03:45:00,1310.0,1315.0,1310.0,1310.0,435100
2026-04-20 03:50:00,1310.0,1315.0,1310.0,1310.0,30300
2026-04-20 03:55:00,1315.0,1315.0,1310.0,1315.0,26100
2026-04-20 04:00:00,1315.0,1315.0,1310.0,1315.0,128800
2026-04-20 04:05:00,1315.0,1315.0,1310.0,1315.0,29100
2026-04-20 04:10:00,1315.0,1315.0,1310.0,1315.0,45000
2026-04-20 04:15:00,1315.0,1315.0,1310.0,1315.0,43700
2026-04-20 04:20:00,1310.0,1315.0,1310.0,1310.0,434900
2026-04-20 04:25:00,1310.0,1315.0,1310.0,1315.0,15000
2026-04-20 09:10:00,1305.0,1305.0,1305.0,1305.0,4943500
2026-04-21 02:00:00,1310.0,1310.0,1300.0,1305.0,0
2026-04-21 02:05:00,1315.0,1315.0,1310.0,1310.0,229300
2026-04-21 02:10:00,1315.0,1315.0,1310.0,1315.0,71500
2026-04-21 02:15:00,1310.0,1315.0,1310.0,1310.0,209500
2026-04-21 02:20:00,1315.0,1315.0,1305.0,1310.0,161100
2026-04-21 02:25:00,1315.0,1315.0,1310.0,1310.0,20000
2026-04-21 02:30:00,1315.0,1315.0,1310.0,1315.0,16600
2026-04-21 02:35:00,1315.0,1315.0,1310.0,1315.0,31500
2026-04-21 02:40:00,1315.0,1315.0,1310.0,1315.0,9800
2026-04-21 02:45:00,1310.0,1315.0,1310.0,1315.0,63500
2026-04-21 02:50:00,1310.0,1315.0,1305.0,1315.0,321600
2026-04-21 02:55:00,1310.0,1310.0,1305.0,1310.0,11700
2026-04-21 03:00:00,1315.0,1315.0,1305.0,1310.0,535100
2026-04-21 03:05:00,1315.0,1315.0,1310.0,1315.0,0
2026-04-21 03:10:00,1315.0,1320.0,1315.0,1315.0,296400
2026-04-21 03:15:00,1320.0,1320.0,1315.0,1315.0,144300
2026-04-21 03:20:00,1320.0,1320.0,1320.0,1320.0,78500
2026-04-21 03:25:00,1315.0,1320.0,1315.0,1320.0,333400
2026-04-21 03:30:00,1320.0,1320.0,1315.0,1315.0,69700
2026-04-21 03:35:00,1320.0,1320.0,1315.0,1315.0,38700
2026-04-21 03:40:00,1315.0,1320.0,1315.0,1315.0,389300
2026-04-21 03:45:00,1320.0,1320.0,1315.0,1315.0,253700
2026-04-21 03:50:00,1320.0,1320.0,1315.0,1320.0,117600
2026-04-21 03:55:00,1320.0,1320.0,1315.0,1320.0,116400
2026-04-21 04:00:00,1320.0,1320.0,1315.0,1320.0,53500
2026-04-21 04:05:00,1320.0,1320.0,1315.0,1320.0,55100
2026-04-21 04:10:00,1320.0,1320.0,1315.0,1320.0,290700
2026-04-21 04:15:00,1325.0,1325.0,1315.0,1315.0,235800
2026-04-21 04:20:00,1320.0,1325.0,1320.0,1325.0,212500
2026-04-21 04:25:00,1320.0,1320.0,1320.0,1320.0,42500
2026-04-21 04:30:00,1320.0,1325.0,1320.0,1320.0,37400
2026-04-21 04:35:00,1320.0,1320.0,1320.0,1320.0,249600
2026-04-21 04:40:00,1325.0,1325.0,1320.0,1320.0,29000
2026-04-21 04:45:00,1325.0,1325.0,1320.0,1320.0,46800
2026-04-21 04:50:00,1325.0,1325.0,1320.0,1325.0,70000
2026-04-21 04:55:00,1325.0,1325.0,1320.0,1320.0,188900
2026-04-21 06:30:00,1330.0,1330.0,1320.0,1320.0,691100
2026-04-21 06:35:00,1330.0,1330.0,1325.0,1325.0,167300
2026-04-21 06:40:00,1330.0,1330.0,1325.0,1330.0,36400
2026-04-21 06:45:00,1330.0,1330.0,1325.0,1325.0,119500
2026-04-21 06:50:00,1330.0,1330.0,1325.0,1330.0,304800
2026-04-21 06:55:00,1335.0,1335.0,1330.0,1330.0,1148000
2026-04-21 07:00:00,1340.0,1340.0,1330.0,1335.0,563700
2026-04-21 07:05:00,1330.0,1340.0,1330.0,1340.0,692200
2026-04-21 07:10:00,1330.0,1335.0,1330.0,1330.0,1533600
2026-04-21 07:15:00,1330.0,1335.0,1330.0,1335.0,215200
2026-04-21 07:20:00,1330.0,1330.0,1330.0,1330.0,83000
2026-04-21 07:25:00,1335.0,1335.0,1330.0,1335.0,54000
2026-04-21 07:30:00,1330.0,1335.0,1330.0,1330.0,74600
2026-04-21 07:35:00,1330.0,1335.0,1330.0,1335.0,94700
2026-04-21 07:40:00,1330.0,1335.0,1330.0,1330.0,290600
2026-04-21 07:45:00,1335.0,1335.0,1330.0,1330.0,142400
2026-04-21 07:50:00,1330.0,1335.0,1330.0,1330.0,62300
2026-04-21 07:55:00,1330.0,1335.0,1330.0,1335.0,123100
2026-04-21 08:00:00,1330.0,1335.0,1330.0,1330.0,84700
2026-04-21 08:05:00,1330.0,1335.0,1330.0,1330.0,94500
2026-04-21 08:10:00,1335.0,1335.0,1330.0,1330.0,115400
2026-04-21 08:15:00,1330.0,1335.0,1330.0,1335.0,73700
2026-04-21 08:20:00,1335.0,1335.0,1330.0,1335.0,79000
2026-04-21 08:25:00,1335.0,1335.0,1330.0,1335.0,109900
2026-04-21 08:30:00,1335.0,1335.0,1330.0,1330.0,316100
2026-04-21 08:35:00,1335.0,1335.0,1330.0,1335.0,817600
2026-04-21 08:40:00,1330.0,1335.0,1330.0,1335.0,433700
2026-04-21 08:45:00,1335.0,1335.0,1330.0,1335.0,512900
2026-04-21 09:00:00,1330.0,1330.0,1330.0,1330.0,1167100
2026-04-21 09:05:00,1330.0,1330.0,1330.0,1330.0,602600
2026-04-21 09:10:00,1330.0,1330.0,1330.0,1330.0,370900
2026-04-22 02:00:00,1335.0,1340.0,1330.0,1330.0,0
2026-04-22 02:05:00,1330.0,1335.0,1330.0,1335.0,225500
2026-04-22 02:10:00,1330.0,1335.0,1330.0,1330.0,40100
2026-04-22 02:15:00,1335.0,1340.0,1330.0,1335.0,582300
2026-04-22 02:20:00,1340.0,1340.0,1330.0,1335.0,167100
2026-04-22 02:25:00,1340.0,1340.0,1335.0,1340.0,68500
2026-04-22 02:30:00,1340.0,1340.0,1335.0,1335.0,72700
2026-04-22 02:35:00,1335.0,1340.0,1335.0,1340.0,268700
2026-04-22 02:40:00,1340.0,1340.0,1335.0,1340.0,87000
2026-04-22 02:45:00,1340.0,1340.0,1335.0,1340.0,41600
2026-04-22 02:50:00,1335.0,1340.0,1335.0,1340.0,141000
2026-04-22 02:55:00,1335.0,1340.0,1335.0,1340.0,232900
2026-04-22 03:00:00,1340.0,1340.0,1335.0,1335.0,1100
2026-04-22 03:05:00,1340.0,1340.0,1335.0,1335.0,115600
2026-04-22 03:10:00,1340.0,1340.0,1335.0,1340.0,47200
2026-04-22 03:15:00,1335.0,1340.0,1335.0,1340.0,64400
2026-04-22 03:20:00,1340.0,1340.0,1335.0,1340.0,16500
2026-04-22 03:25:00,1340.0,1340.0,1335.0,1340.0,40300
2026-04-22 03:30:00,1340.0,1340.0,1335.0,1340.0,115300
2026-04-22 03:35:00,1335.0,1340.0,1335.0,1335.0,609500
2026-04-22 03:40:00,1335.0,1335.0,1330.0,1330.0,19000
2026-04-22 03:45:00,1335.0,1335.0,1330.0,1330.0,11100
2026-04-22 03:50:00,1330.0,1335.0,1330.0,1330.0,27900
2026-04-22 03:55:00,1330.0,1335.0,1330.0,1330.0,10100
2026-04-22 04:00:00,1330.0,1335.0,1330.0,1330.0,413200
2026-04-22 04:05:00,1330.0,1330.0,1325.0,1330.0,94800
2026-04-22 04:10:00,1330.0,1330.0,1325.0,1330.0,304400
2026-04-22 04:15:00,1335.0,1335.0,1325.0,1325.0,328300
2026-04-22 04:20:00,1335.0,1335.0,1335.0,1335.0,61400
2026-04-22 04:25:00,1330.0,1335.0,1330.0,1335.0,17900
2026-04-22 04:30:00,1335.0,1335.0,1330.0,1330.0,34200
2026-04-22 04:35:00,1330.0,1335.0,1330.0,1330.0,15900
2026-04-22 04:40:00,1340.0,1340.0,1330.0,1330.0,795300
2026-04-22 04:45:00,1340.0,1345.0,1340.0,1345.0,46300
2026-04-22 04:50:00,1335.0,1340.0,1335.0,1340.0,173700
2026-04-22 04:55:00,1330.0,1340.0,1330.0,1335.0,463600
2026-04-22 06:30:00,1340.0,1340.0,1330.0,1335.0,230100
2026-04-22 06:35:00,1335.0,1340.0,1335.0,1340.0,60600
2026-04-22 06:40:00,1345.0,1355.0,1335.0,1335.0,2171600
2026-04-22 06:45:00,1355.0,1355.0,1345.0,1345.0,1168100
2026-04-22 06:50:00,1360.0,1365.0,1355.0,1355.0,2626300
2026-04-22 06:55:00,1370.0,1380.0,1355.0,1355.0,5931800
2026-04-22 07:00:00,1380.0,1385.0,1370.0,1375.0,2350000
2026-04-22 07:05:00,1380.0,1385.0,1375.0,1380.0,1686000
2026-04-22 07:10:00,1375.0,1380.0,1375.0,1380.0,603500
2026-04-22 07:15:00,1375.0,1380.0,1370.0,1375.0,980700
2026-04-22 07:20:00,1375.0,1380.0,1370.0,1370.0,388300
2026-04-22 07:25:00,1380.0,1385.0,1375.0,1375.0,1564300
2026-04-22 07:30:00,1380.0,1385.0,1380.0,1385.0,555500
2026-04-22 07:35:00,1405.0,1410.0,1380.0,1380.0,9773200
2026-04-22 07:40:00,1400.0,1410.0,1400.0,1405.0,1836400
2026-04-22 07:45:00,1405.0,1415.0,1400.0,1405.0,3432200
2026-04-22 07:50:00,1405.0,1410.0,1400.0,1405.0,2367400
2026-04-22 07:55:00,1400.0,1410.0,1400.0,1405.0,2349100
2026-04-22 08:00:00,1400.0,1405.0,1395.0,1400.0,1871500
2026-04-22 08:05:00,1415.0,1415.0,1400.0,1405.0,1761600
2026-04-22 08:10:00,1405.0,1415.0,1405.0,1415.0,1436300
2026-04-22 08:15:00,1410.0,1415.0,1405.0,1410.0,1110000
2026-04-22 08:20:00,1415.0,1420.0,1405.0,1415.0,4438100
2026-04-22 08:25:00,1415.0,1420.0,1410.0,1420.0,1879400
2026-04-22 08:30:00,1410.0,1415.0,1405.0,1410.0,1681700
2026-04-22 08:35:00,1415.0,1420.0,1410.0,1410.0,3386400
2026-04-22 08:40:00,1420.0,1425.0,1415.0,1420.0,1544900
2026-04-22 08:45:00,1415.0,1420.0,1410.0,1415.0,964100
2026-04-22 09:00:00,1415.0,1415.0,1415.0,1415.0,2169300
2026-04-22 09:05:00,1415.0,1415.0,1415.0,1415.0,141700
2026-04-22 09:10:00,1415.0,1415.0,1415.0,1415.0,342500
2026-04-23 02:00:00,1485.0,1490.0,1420.0,1420.0,0
2026-04-23 02:05:00,1480.0,1490.0,1475.0,1480.0,3500500
2026-04-23 02:10:00,1480.0,1485.0,1475.0,1475.0,2708900
2026-04-23 02:15:00,1480.0,1490.0,1480.0,1480.0,2978700
2026-04-23 02:20:00,1480.0,1485.0,1470.0,1480.0,4409000
2026-04-23 02:25:00,1490.0,1490.0,1475.0,1480.0,6696500
2026-04-23 02:30:00,1490.0,1490.0,1480.0,1490.0,6093300
2026-04-23 02:35:00,1500.0,1505.0,1485.0,1490.0,11062100
2026-04-23 02:40:00,1490.0,1505.0,1490.0,1500.0,2688600
2026-04-23 02:45:00,1495.0,1495.0,1490.0,1490.0,949000
2026-04-23 02:50:00,1485.0,1495.0,1485.0,1495.0,3021300
2026-04-23 02:55:00,1490.0,1495.0,1485.0,1485.0,4421200
2026-04-23 03:00:00,1490.0,1500.0,1490.0,1490.0,2067500
2026-04-23 03:05:00,1485.0,1495.0,1480.0,1495.0,2568900
2026-04-23 03:10:00,1485.0,1490.0,1480.0,1480.0,2152500
2026-04-23 03:15:00,1485.0,1490.0,1485.0,1485.0,399100
2026-04-23 03:20:00,1485.0,1490.0,1485.0,1485.0,1732100
2026-04-23 03:25:00,1485.0,1490.0,1480.0,1480.0,1291700
2026-04-23 03:30:00,1485.0,1490.0,1480.0,1485.0,810100
2026-04-23 03:35:00,1490.0,1495.0,1485.0,1485.0,1676800
2026-04-23 03:40:00,1495.0,1500.0,1490.0,1490.0,1429500
2026-04-23 03:45:00,1485.0,1495.0,1480.0,1495.0,5433200
2026-04-23 03:50:00,1495.0,1495.0,1485.0,1485.0,1902700
2026-04-23 03:55:00,1485.0,1495.0,1485.0,1490.0,1907600
2026-04-23 04:00:00,1480.0,1490.0,1480.0,1485.0,1019300
2026-04-23 04:05:00,1485.0,1485.0,1480.0,1480.0,461700
2026-04-23 04:10:00,1480.0,1485.0,1480.0,1480.0,2285900
2026-04-23 04:15:00,1485.0,1490.0,1480.0,1480.0,740600
2026-04-23 04:20:00,1480.0,1485.0,1475.0,1480.0,1847300
2026-04-23 04:25:00,1490.0,1490.0,1480.0,1485.0,693900
2026-04-23 04:30:00,1485.0,1490.0,1485.0,1490.0,554500
2026-04-23 04:35:00,1485.0,1485.0,1480.0,1485.0,2560900
2026-04-23 04:40:00,1485.0,1485.0,1480.0,1485.0,1565100
2026-04-23 04:45:00,1485.0,1485.0,1480.0,1485.0,479500
2026-04-23 04:50:00,1485.0,1485.0,1480.0,1485.0,372400
2026-04-23 04:55:00,1465.0,1485.0,1465.0,1485.0,3041400
2026-04-23 06:30:00,1480.0,1485.0,1465.0,1470.0,2181700
2026-04-23 06:35:00,1485.0,1490.0,1480.0,1485.0,2821500
2026-04-23 06:40:00,1485.0,1485.0,1480.0,1485.0,357100
2026-04-23 06:45:00,1485.0,1490.0,1480.0,1485.0,1108400
2026-04-23 06:50:00,1490.0,1490.0,1480.0,1485.0,446700
2026-04-23 06:55:00,1490.0,1490.0,1485.0,1485.0,528700
2026-04-23 07:00:00,1485.0,1490.0,1485.0,1490.0,57800
2026-04-23 07:05:00,1490.0,1495.0,1485.0,1485.0,6098200
2026-04-23 07:10:00,1490.0,1495.0,1490.0,1490.0,2871500
2026-04-23 07:15:00,1495.0,1495.0,1490.0,1490.0,853300
2026-04-23 07:20:00,1490.0,1495.0,1490.0,1490.0,730500
2026-04-23 07:25:00,1495.0,1495.0,1490.0,1495.0,436500
2026-04-23 07:30:00,1495.0,1495.0,1490.0,1495.0,163700
2026-04-23 07:35:00,1495.0,1495.0,1490.0,1495.0,423100
2026-04-23 07:40:00,1490.0,1495.0,1490.0,1495.0,2458900
2026-04-23 07:45:00,1480.0,1495.0,1480.0,1490.0,9654400
2026-04-23 07:50:00,1485.0,1490.0,1480.0,1480.0,1653100
2026-04-23 07:55:00,1485.0,1490.0,1485.0,1485.0,422600
2026-04-23 08:00:00,1485.0,1490.0,1485.0,1485.0,3579000
2026-04-23 08:05:00,1490.0,1490.0,1485.0,1485.0,619500
2026-04-23 08:10:00,1490.0,1495.0,1485.0,1490.0,2653300
2026-04-23 08:15:00,1485.0,1495.0,1485.0,1490.0,980000
2026-04-23 08:20:00,1485.0,1490.0,1480.0,1485.0,5228700
2026-04-23 08:25:00,1490.0,1490.0,1485.0,1485.0,640400
2026-04-23 08:30:00,1495.0,1495.0,1485.0,1485.0,2797700
2026-04-23 08:35:00,1495.0,1495.0,1490.0,1495.0,645300
2026-04-23 08:40:00,1490.0,1495.0,1490.0,1490.0,1111700
2026-04-23 08:45:00,1470.0,1495.0,1470.0,1490.0,7851600
2026-04-23 09:00:00,1490.0,1490.0,1490.0,1490.0,5264700
2026-04-23 09:05:00,1490.0,1490.0,1490.0,1490.0,308200
2026-04-23 09:10:00,1490.0,1490.0,1490.0,1490.0,9000
2026-04-24 02:00:00,1405.0,1455.0,1390.0,1455.0,0
2026-04-24 02:05:00,1405.0,1410.0,1380.0,1405.0,10905100
2026-04-24 02:10:00,1400.0,1415.0,1400.0,1400.0,2490200
2026-04-24 02:15:00,1405.0,1410.0,1400.0,1405.0,2895200
2026-04-24 02:20:00,1405.0,1410.0,1405.0,1405.0,1288800
2026-04-24 02:25:00,1400.0,1410.0,1400.0,1405.0,2735000
2026-04-24 02:30:00,1400.0,1405.0,1395.0,1400.0,1560700
2026-04-24 02:35:00,1400.0,1405.0,1395.0,1395.0,1862300
2026-04-24 02:40:00,1400.0,1405.0,1400.0,1400.0,590300
2026-04-24 02:45:00,1390.0,1405.0,1390.0,1405.0,2932100
2026-04-24 02:50:00,1390.0,1400.0,1390.0,1390.0,845600
2026-04-24 02:55:00,1395.0,1400.0,1390.0,1395.0,631300
2026-04-24 03:00:00,1390.0,1400.0,1390.0,1395.0,889600
2026-04-24 03:05:00,1385.0,1395.0,1380.0,1390.0,4048600
2026-04-24 03:10:00,1385.0,1385.0,1380.0,1385.0,1829600
2026-04-24 03:15:00,1385.0,1385.0,1380.0,1385.0,716800
2026-04-24 03:20:00,1375.0,1385.0,1375.0,1380.0,2525900
2026-04-24 03:25:00,1370.0,1375.0,1365.0,1370.0,1333000
2026-04-24 03:30:00,1375.0,1380.0,1370.0,1370.0,713900
2026-04-24 03:35:00,1380.0,1385.0,1375.0,1375.0,1695100
2026-04-24 03:40:00,1375.0,1380.0,1375.0,1380.0,851600
2026-04-24 03:45:00,1375.0,1380.0,1370.0,1375.0,1318000
2026-04-24 03:50:00,1380.0,1390.0,1375.0,1375.0,1222000
2026-04-24 03:55:00,1385.0,1390.0,1380.0,1380.0,945200
2026-04-24 04:00:00,1395.0,1395.0,1385.0,1385.0,523600
2026-04-24 04:05:00,1395.0,1395.0,1390.0,1390.0,800800
2026-04-24 04:10:00,1395.0,1395.0,1390.0,1395.0,244200
2026-04-24 04:15:00,1385.0,1395.0,1380.0,1395.0,2999100
2026-04-24 04:20:00,1375.0,1385.0,1375.0,1385.0,1242300
2026-04-24 04:25:00,1380.0,1385.0,1375.0,1380.0,892000
2026-04-24 07:00:00,1375.0,1380.0,1370.0,1380.0,2205500
2026-04-24 07:05:00,1375.0,1380.0,1375.0,1375.0,1251300
2026-04-24 07:10:00,1375.0,1385.0,1375.0,1380.0,1692200
2026-04-24 07:15:00,1385.0,1385.0,1375.0,1380.0,1177600
2026-04-24 07:20:00,1380.0,1385.0,1380.0,1380.0,81800
2026-04-24 07:25:00,1385.0,1390.0,1380.0,1380.0,1634800
2026-04-24 07:30:00,1385.0,1390.0,1385.0,1385.0,1323500
2026-04-24 07:35:00,1395.0,1400.0,1385.0,1385.0,2736400
2026-04-24 07:40:00,1395.0,1400.0,1390.0,1395.0,881200
2026-04-24 07:45:00,1390.0,1400.0,1390.0,1400.0,231800
2026-04-24 07:50:00,1390.0,1395.0,1385.0,1390.0,2014000
2026-04-24 07:55:00,1390.0,1395.0,1390.0,1395.0,33000
2026-04-24 08:00:00,1390.0,1395.0,1390.0,1390.0,199700
2026-04-24 08:05:00,1390.0,1390.0,1385.0,1390.0,2064300
2026-04-24 08:10:00,1390.0,1390.0,1380.0,1385.0,2859600
2026-04-24 08:15:00,1375.0,1385.0,1375.0,1385.0,1104900
2026-04-24 08:20:00,1380.0,1380.0,1375.0,1375.0,705700
2026-04-24 08:25:00,1380.0,1385.0,1375.0,1380.0,1193600
2026-04-24 08:30:00,1380.0,1385.0,1380.0,1380.0,1391800
2026-04-24 08:35:00,1380.0,1385.0,1375.0,1385.0,1245300
2026-04-24 08:40:00,1375.0,1380.0,1370.0,1375.0,3518200
2026-04-24 08:45:00,1395.0,1395.0,1375.0,1375.0,3454900
2026-04-24 09:00:00,1400.0,1400.0,1400.0,1400.0,4802200
2026-04-24 09:05:00,1400.0,1400.0,1400.0,1400.0,379500
2026-04-24 09:10:00,1400.0,1400.0,1400.0,1400.0,404200
2026-04-27 02:00:00,1385.0,1400.0,1380.0,1395.0,0
2026-04-27 02:05:00,1360.0,1385.0,1360.0,1380.0,1535400
2026-04-27 02:10:00,1355.0,1360.0,1350.0,1360.0,536300
2026-04-27 02:15:00,1360.0,1360.0,1355.0,1355.0,424100
2026-04-27 02:20:00,1365.0,1365.0,1355.0,1360.0,292800
2026-04-27 02:25:00,1370.0,1370.0,1365.0,1365.0,91200
2026-04-27 02:30:00,1390.0,1390.0,1365.0,1370.0,1174600
2026-04-27 02:35:00,1390.0,1390.0,1375.0,1390.0,3202200
2026-04-27 02:40:00,1375.0,1385.0,1375.0,1385.0,272800
2026-04-27 02:45:00,1375.0,1380.0,1375.0,1375.0,201200
2026-04-27 02:50:00,1375.0,1380.0,1375.0,1375.0,511400
2026-04-27 02:55:00,1380.0,1380.0,1375.0,1375.0,137700
2026-04-27 03:00:00,1375.0,1385.0,1370.0,1380.0,531600
2026-04-27 03:05:00,1380.0,1380.0,1370.0,1370.0,179500
2026-04-27 03:10:00,1380.0,1380.0,1375.0,1380.0,531400
2026-04-27 03:15:00,1375.0,1380.0,1375.0,1375.0,251300
2026-04-27 03:20:00,1370.0,1380.0,1370.0,1375.0,576200
2026-04-27 03:25:00,1370.0,1375.0,1370.0,1370.0,157700
2026-04-27 03:30:00,1375.0,1375.0,1365.0,1370.0,559000
2026-04-27 03:35:00,1370.0,1375.0,1370.0,1370.0,30400
2026-04-27 03:40:00,1370.0,1375.0,1370.0,1370.0,1600
2026-04-27 03:45:00,1380.0,1380.0,1370.0,1370.0,220700
2026-04-27 03:50:00,1375.0,1380.0,1375.0,1380.0,209600
2026-04-27 03:55:00,1375.0,1380.0,1375.0,1375.0,34200
2026-04-27 04:00:00,1385.0,1385.0,1375.0,1380.0,223800
2026-04-27 04:05:00,1380.0,1380.0,1375.0,1380.0,5600
2026-04-27 04:10:00,1375.0,1385.0,1375.0,1380.0,283000
2026-04-27 04:15:00,1375.0,1385.0,1375.0,1375.0,238500
2026-04-27 04:20:00,1380.0,1380.0,1375.0,1375.0,193100
2026-04-27 04:25:00,1375.0,1380.0,1375.0,1380.0,375700
2026-04-27 04:30:00,1375.0,1380.0,1375.0,1375.0,101500
2026-04-27 04:35:00,1375.0,1380.0,1375.0,1380.0,118700
2026-04-27 04:40:00,1375.0,1380.0,1375.0,1375.0,6600
2026-04-27 04:45:00,1375.0,1380.0,1375.0,1380.0,111600
2026-04-27 04:50:00,1380.0,1380.0,1375.0,1380.0,116300
2026-04-27 04:55:00,1375.0,1385.0,1375.0,1375.0,1467700
2026-04-27 06:30:00,1385.0,1390.0,1375.0,1375.0,1397600
2026-04-27 06:35:00,1385.0,1385.0,1380.0,1385.0,131400
2026-04-27 06:40:00,1385.0,1385.0,1385.0,1385.0,0
2026-04-27 06:45:00,1390.0,1390.0,1385.0,1385.0,387300
2026-04-27 06:50:00,1390.0,1395.0,1390.0,1390.0,126900
2026-04-27 06:55:00,1390.0,1395.0,1390.0,1395.0,88200
2026-04-27 07:00:00,1395.0,1395.0,1390.0,1395.0,252600
2026-04-27 07:05:00,1395.0,1395.0,1390.0,1395.0,350200
2026-04-27 07:10:00,1390.0,1395.0,1390.0,1395.0,29800
2026-04-27 07:15:00,1390.0,1395.0,1390.0,1390.0,70600
2026-04-27 07:20:00,1390.0,1395.0,1390.0,1395.0,842600
2026-04-27 07:25:00,1385.0,1395.0,1385.0,1390.0,541600
2026-04-27 07:30:00,1385.0,1395.0,1380.0,1390.0,1033900
2026-04-27 07:35:00,1380.0,1390.0,1380.0,1385.0,715000
2026-04-27 07:40:00,1380.0,1380.0,1370.0,1380.0,1788700
2026-04-27 07:45:00,1370.0,1375.0,1370.0,1375.0,660800
2026-04-27 07:50:00,1375.0,1375.0,1370.0,1370.0,332500
2026-04-27 07:55:00,1375.0,1375.0,1370.0,1375.0,425300
2026-04-27 08:00:00,1375.0,1375.0,1365.0,1370.0,1030100
2026-04-27 08:05:00,1370.0,1375.0,1365.0,1375.0,1108100
2026-04-27 08:10:00,1370.0,1375.0,1365.0,1370.0,202000
2026-04-27 08:15:00,1370.0,1375.0,1370.0,1375.0,35200
2026-04-27 08:20:00,1375.0,1375.0,1370.0,1375.0,115500
2026-04-27 08:25:00,1375.0,1375.0,1370.0,1375.0,83000
2026-04-27 08:30:00,1380.0,1380.0,1370.0,1375.0,405200
2026-04-27 08:35:00,1385.0,1390.0,1375.0,1375.0,872000
2026-04-27 08:40:00,1380.0,1385.0,1375.0,1380.0,590000
2026-04-27 08:45:00,1380.0,1380.0,1375.0,1380.0,804800
2026-04-27 09:00:00,1380.0,1380.0,1380.0,1380.0,3626800
2026-04-27 09:05:00,1380.0,1380.0,1380.0,1380.0,100300
2026-04-27 09:10:00,1380.0,1380.0,1380.0,1380.0,0
2026-04-28 02:00:00,1400.0,1410.0,1390.0,1395.0,0
2026-04-28 02:05:00,1370.0,1400.0,1370.0,1395.0,1158400
2026-04-28 02:10:00,1385.0,1385.0,1370.0,1375.0,706600
2026-04-28 02:15:00,1385.0,1390.0,1380.0,1385.0,153600
2026-04-28 02:20:00,1385.0,1390.0,1380.0,1385.0,904600
2026-04-28 02:25:00,1380.0,1380.0,1370.0,1380.0,322500
2026-04-28 02:30:00,1385.0,1385.0,1375.0,1380.0,91900
2026-04-28 02:35:00,1385.0,1385.0,1380.0,1380.0,41000
2026-04-28 02:40:00,1380.0,1385.0,1380.0,1385.0,510600
2026-04-28 02:45:00,1375.0,1385.0,1375.0,1385.0,2300
2026-04-28 02:50:00,1375.0,1380.0,1370.0,1380.0,722400
2026-04-28 02:55:00,1365.0,1375.0,1365.0,1370.0,176100
2026-04-28 03:00:00,1365.0,1370.0,1365.0,1365.0,62000
2026-04-28 03:05:00,1370.0,1370.0,1365.0,1370.0,380900
2026-04-28 03:10:00,1365.0,1370.0,1360.0,1370.0,196700
2026-04-28 03:15:00,1365.0,1365.0,1360.0,1365.0,31800
2026-04-28 03:20:00,1365.0,1365.0,1360.0,1365.0,32800
2026-04-28 03:25:00,1355.0,1365.0,1355.0,1365.0,598500
2026-04-28 03:30:00,1365.0,1365.0,1355.0,1355.0,114300
2026-04-28 03:35:00,1355.0,1365.0,1355.0,1365.0,1013100
2026-04-28 03:40:00,1355.0,1355.0,1350.0,1355.0,601900
2026-04-28 03:45:00,1360.0,1360.0,1350.0,1355.0,259800
2026-04-28 03:50:00,1360.0,1360.0,1360.0,1360.0,2200
2026-04-28 03:55:00,1365.0,1365.0,1360.0,1360.0,261900
2026-04-28 04:00:00,1360.0,1365.0,1360.0,1360.0,150500
2026-04-28 04:05:00,1360.0,1360.0,1355.0,1360.0,37600
2026-04-28 04:10:00,1365.0,1365.0,1360.0,1365.0,18900
2026-04-28 04:15:00,1360.0,1365.0,1360.0,1365.0,75800
2026-04-28 04:20:00,1365.0,1365.0,1360.0,1365.0,94100
2026-04-28 04:25:00,1360.0,1365.0,1360.0,1365.0,11500
2026-04-28 04:30:00,1365.0,1370.0,1365.0,1365.0,145900
2026-04-28 04:35:00,1370.0,1370.0,1365.0,1365.0,35100
2026-04-28 04:40:00,1370.0,1370.0,1370.0,1370.0,23600
2026-04-28 04:45:00,1365.0,1370.0,1365.0,1365.0,323300
2026-04-28 04:50:00,1365.0,1370.0,1365.0,1365.0,88800
2026-04-28 04:55:00,1370.0,1370.0,1365.0,1370.0,185900
2026-04-28 06:30:00,1380.0,1380.0,1370.0,1375.0,697100
2026-04-28 06:35:00,1375.0,1375.0,1370.0,1375.0,85600
2026-04-28 06:40:00,1370.0,1370.0,1370.0,1370.0,44800
2026-04-28 06:45:00,1365.0,1370.0,1365.0,1370.0,444100
2026-04-28 06:50:00,1365.0,1365.0,1365.0,1365.0,195000
2026-04-28 06:55:00,1365.0,1370.0,1360.0,1370.0,439100
2026-04-28 07:00:00,1365.0,1370.0,1365.0,1365.0,114700
2026-04-28 07:05:00,1365.0,1365.0,1360.0,1365.0,179800
2026-04-28 07:10:00,1360.0,1365.0,1360.0,1360.0,8500
2026-04-28 07:15:00,1360.0,1365.0,1355.0,1360.0,507600
2026-04-28 07:20:00,1355.0,1360.0,1355.0,1360.0,446400
2026-04-28 07:25:00,1365.0,1365.0,1360.0,1360.0,107900
2026-04-28 07:30:00,1360.0,1365.0,1360.0,1365.0,36300
2026-04-28 07:35:00,1360.0,1365.0,1360.0,1360.0,34200
2026-04-28 07:40:00,1365.0,1365.0,1360.0,1360.0,94800
2026-04-28 07:45:00,1360.0,1365.0,1360.0,1365.0,86700
2026-04-28 07:50:00,1360.0,1365.0,1360.0,1360.0,27100
2026-04-28 07:55:00,1365.0,1365.0,1365.0,1365.0,13900
2026-04-28 08:00:00,1365.0,1365.0,1360.0,1365.0,111000
2026-04-28 08:05:00,1365.0,1365.0,1360.0,1360.0,25100
2026-04-28 08:10:00,1365.0,1365.0,1360.0,1365.0,33600
2026-04-28 08:15:00,1360.0,1365.0,1360.0,1365.0,11600
2026-04-28 08:20:00,1370.0,1370.0,1360.0,1365.0,452100
2026-04-28 08:25:00,1370.0,1370.0,1365.0,1370.0,162800
2026-04-28 08:30:00,1370.0,1370.0,1365.0,1370.0,745600
2026-04-28 08:35:00,1375.0,1375.0,1370.0,1375.0,525100
2026-04-28 08:40:00,1385.0,1385.0,1375.0,1380.0,1239900
2026-04-28 08:45:00,1395.0,1400.0,1380.0,1385.0,2802900
2026-04-28 09:00:00,1395.0,1395.0,1395.0,1395.0,3847500
2026-04-28 09:05:00,1395.0,1395.0,1395.0,1395.0,0
2026-04-28 09:10:00,1395.0,1395.0,1395.0,1395.0,900
2026-04-29 02:00:00,1385.0,1395.0,1380.0,1390.0,0
2026-04-29 02:05:00,1390.0,1390.0,1385.0,1385.0,168100
2026-04-29 02:10:00,1380.0,1390.0,1380.0,1385.0,310800
2026-04-29 02:15:00,1380.0,1385.0,1380.0,1385.0,28200
2026-04-29 02:20:00,1380.0,1385.0,1380.0,1385.0,82000
2026-04-29 02:25:00,1385.0,1390.0,1380.0,1380.0,293900
2026-04-29 02:30:00,1380.0,1385.0,1380.0,1380.0,32200
2026-04-29 02:35:00,1385.0,1385.0,1380.0,1380.0,151200
2026-04-29 02:40:00,1375.0,1385.0,1375.0,1385.0,557000
2026-04-29 02:45:00,1380.0,1385.0,1380.0,1380.0,232100
2026-04-29 02:50:00,1380.0,1380.0,1380.0,1380.0,128600
2026-04-29 02:55:00,1380.0,1380.0,1380.0,1380.0,21600
2026-04-29 03:00:00,1380.0,1380.0,1380.0,1380.0,198500
2026-04-29 03:05:00,1385.0,1390.0,1380.0,1385.0,158700
2026-04-29 03:10:00,1390.0,1390.0,1385.0,1385.0,260800
2026-04-29 03:15:00,1385.0,1390.0,1385.0,1390.0,784400
2026-04-29 03:20:00,1385.0,1385.0,1380.0,1380.0,9000
2026-04-29 03:25:00,1380.0,1385.0,1380.0,1385.0,13400
2026-04-29 03:30:00,1385.0,1385.0,1380.0,1380.0,212200
2026-04-29 03:35:00,1385.0,1385.0,1385.0,1385.0,5600
2026-04-29 03:40:00,1380.0,1385.0,1380.0,1380.0,114900
2026-04-29 03:45:00,1385.0,1385.0,1380.0,1380.0,31100
2026-04-29 03:50:00,1380.0,1385.0,1380.0,1385.0,139300
2026-04-29 03:55:00,1385.0,1385.0,1380.0,1380.0,8400
2026-04-29 04:00:00,1380.0,1385.0,1380.0,1385.0,5800
2026-04-29 04:05:00,1385.0,1385.0,1385.0,1385.0,2200
2026-04-29 04:10:00,1385.0,1385.0,1380.0,1380.0,39100
2026-04-29 04:15:00,1385.0,1385.0,1380.0,1385.0,18200
2026-04-29 04:20:00,1385.0,1385.0,1380.0,1385.0,13300
2026-04-29 04:25:00,1385.0,1385.0,1380.0,1380.0,346900
2026-04-29 04:35:00,1390.0,1390.0,1380.0,1380.0,240300
2026-04-29 04:40:00,1395.0,1395.0,1385.0,1390.0,791200
2026-04-29 04:45:00,1395.0,1395.0,1390.0,1395.0,40600
2026-04-29 04:50:00,1390.0,1395.0,1390.0,1390.0,64500
2026-04-29 04:55:00,1390.0,1395.0,1390.0,1390.0,17800
2026-04-29 06:30:00,1390.0,1395.0,1385.0,1390.0,379600
2026-04-29 06:35:00,1390.0,1395.0,1385.0,1390.0,312700
2026-04-29 06:40:00,1390.0,1390.0,1385.0,1385.0,142300
2026-04-29 06:45:00,1385.0,1390.0,1385.0,1385.0,507200
2026-04-29 06:50:00,1385.0,1390.0,1380.0,1385.0,278200
2026-04-29 06:55:00,1380.0,1385.0,1380.0,1385.0,15900
2026-04-29 07:00:00,1385.0,1390.0,1375.0,1380.0,1503600
2026-04-29 07:05:00,1385.0,1385.0,1380.0,1385.0,227700
2026-04-29 07:10:00,1380.0,1385.0,1380.0,1385.0,17200
2026-04-29 07:15:00,1385.0,1385.0,1380.0,1380.0,8700
2026-04-29 07:20:00,1380.0,1385.0,1380.0,1380.0,8400
2026-04-29 07:25:00,1390.0,1390.0,1380.0,1380.0,898400
2026-04-29 07:30:00,1390.0,1390.0,1385.0,1390.0,555600
2026-04-29 07:35:00,1385.0,1390.0,1385.0,1390.0,62800
2026-04-29 07:40:00,1395.0,1395.0,1390.0,1390.0,404400
2026-04-29 07:45:00,1390.0,1395.0,1390.0,1390.0,8600
2026-04-29 07:50:00,1390.0,1395.0,1390.0,1390.0,544900
2026-04-29 07:55:00,1390.0,1390.0,1390.0,1390.0,18700
2026-04-29 08:00:00,1390.0,1390.0,1390.0,1390.0,18000
2026-04-29 08:05:00,1390.0,1400.0,1390.0,1390.0,3607400
2026-04-29 08:10:00,1390.0,1390.0,1390.0,1390.0,175600
2026-04-29 08:15:00,1395.0,1395.0,1390.0,1395.0,994700
2026-04-29 08:20:00,1390.0,1395.0,1390.0,1390.0,915000
2026-04-29 08:25:00,1395.0,1395.0,1390.0,1390.0,439600
2026-04-29 08:30:00,1395.0,1400.0,1395.0,1395.0,21100
2026-04-29 08:35:00,1400.0,1405.0,1395.0,1395.0,2315500
2026-04-29 08:40:00,1400.0,1405.0,1400.0,1405.0,1772200
2026-04-29 08:45:00,1410.0,1410.0,1400.0,1400.0,1371800
2026-04-29 09:00:00,1410.0,1410.0,1410.0,1410.0,2584200
2026-04-29 09:05:00,1410.0,1410.0,1410.0,1410.0,20100
2026-04-29 09:10:00,1410.0,1410.0,1410.0,1410.0,8000
2026-04-30 02:00:00,1395.0,1410.0,1390.0,1405.0,0
2026-04-30 02:05:00,1390.0,1395.0,1385.0,1395.0,187100
2026-04-30 02:10:00,1380.0,1390.0,1375.0,1390.0,478500
2026-04-30 02:15:00,1380.0,1385.0,1375.0,1375.0,315500
2026-04-30 02:20:00,1385.0,1385.0,1380.0,1380.0,61300
2026-04-30 02:25:00,1380.0,1385.0,1375.0,1385.0,489700
2026-04-30 02:30:00,1375.0,1380.0,1370.0,1380.0,1130900
2026-04-30 02:35:00,1370.0,1375.0,1370.0,1375.0,172200
2026-04-30 02:40:00,1375.0,1375.0,1365.0,1370.0,371700
2026-04-30 02:45:00,1370.0,1375.0,1365.0,1370.0,228200
2026-04-30 02:50:00,1365.0,1370.0,1360.0,1370.0,809700
2026-04-30 02:55:00,1360.0,1370.0,1360.0,1370.0,413700
2026-04-30 03:00:00,1365.0,1365.0,1360.0,1360.0,138800
2026-04-30 03:05:00,1365.0,1365.0,1360.0,1365.0,351400
2026-04-30 03:10:00,1365.0,1365.0,1360.0,1360.0,184500
2026-04-30 03:15:00,1360.0,1365.0,1360.0,1365.0,578000
2026-04-30 03:20:00,1360.0,1365.0,1360.0,1360.0,39400
2026-04-30 03:25:00,1360.0,1365.0,1355.0,1360.0,184200
2026-04-30 03:30:00,1360.0,1360.0,1355.0,1355.0,135600
2026-04-30 03:35:00,1360.0,1360.0,1355.0,1355.0,77300
2026-04-30 03:40:00,1355.0,1360.0,1355.0,1355.0,440400
2026-04-30 03:45:00,1355.0,1360.0,1355.0,1360.0,179200
2026-04-30 03:50:00,1355.0,1355.0,1350.0,1350.0,125500
2026-04-30 03:55:00,1360.0,1360.0,1350.0,1355.0,102800
2026-04-30 04:00:00,1350.0,1360.0,1350.0,1355.0,500400
2026-04-30 04:05:00,1355.0,1355.0,1350.0,1355.0,26200
2026-04-30 04:10:00,1355.0,1355.0,1350.0,1350.0,166200
2026-04-30 04:15:00,1355.0,1355.0,1350.0,1355.0,215200
2026-04-30 04:20:00,1360.0,1360.0,1355.0,1360.0,93000
2026-04-30 04:25:00,1360.0,1360.0,1355.0,1360.0,56800
2026-04-30 04:30:00,1355.0,1360.0,1355.0,1355.0,55000
2026-04-30 04:35:00,1360.0,1365.0,1355.0,1355.0,345000
2026-04-30 04:40:00,1355.0,1365.0,1355.0,1365.0,150300
2026-04-30 04:45:00,1360.0,1360.0,1355.0,1355.0,82000
2026-04-30 04:50:00,1355.0,1360.0,1355.0,1360.0,49400
2026-04-30 04:55:00,1355.0,1365.0,1355.0,1360.0,122500
2026-04-30 06:30:00,1350.0,1360.0,1350.0,1360.0,743600
2026-04-30 06:35:00,1350.0,1355.0,1340.0,1350.0,702500
2026-04-30 06:40:00,1350.0,1350.0,1345.0,1345.0,156200
2026-04-30 06:45:00,1345.0,1355.0,1340.0,1345.0,1335500
2026-04-30 06:50:00,1345.0,1355.0,1345.0,1350.0,105300
2026-04-30 06:55:00,1350.0,1355.0,1345.0,1345.0,1026300
2026-04-30 07:00:00,1350.0,1350.0,1345.0,1350.0,39900
2026-04-30 07:05:00,1360.0,1360.0,1350.0,1355.0,392900
2026-04-30 07:10:00,1355.0,1360.0,1350.0,1360.0,62900
2026-04-30 07:15:00,1360.0,1360.0,1350.0,1350.0,203200
2026-04-30 07:20:00,1360.0,1365.0,1355.0,1355.0,174900
2026-04-30 07:25:00,1360.0,1370.0,1360.0,1365.0,266400
2026-04-30 07:30:00,1365.0,1365.0,1360.0,1365.0,276700
2026-04-30 07:35:00,1375.0,1375.0,1365.0,1365.0,246300
2026-04-30 07:40:00,1375.0,1375.0,1370.0,1375.0,279200
2026-04-30 07:45:00,1370.0,1375.0,1370.0,1375.0,103200
2026-04-30 07:50:00,1375.0,1375.0,1370.0,1375.0,96800
2026-04-30 07:55:00,1370.0,1375.0,1370.0,1370.0,470700
2026-04-30 08:00:00,1365.0,1375.0,1365.0,1370.0,407900
2026-04-30 08:05:00,1360.0,1365.0,1360.0,1365.0,36800
2026-04-30 08:10:00,1360.0,1365.0,1360.0,1360.0,223600
2026-04-30 08:15:00,1355.0,1365.0,1355.0,1365.0,228400
2026-04-30 08:20:00,1365.0,1365.0,1355.0,1355.0,112300
2026-04-30 08:25:00,1360.0,1365.0,1360.0,1360.0,40600
2026-04-30 08:30:00,1360.0,1365.0,1360.0,1360.0,86900
2026-04-30 08:35:00,1360.0,1365.0,1355.0,1360.0,220500
2026-04-30 08:40:00,1350.0,1360.0,1350.0,1355.0,210500
2026-04-30 08:45:00,1355.0,1360.0,1350.0,1355.0,623700
2026-04-30 09:00:00,1355.0,1355.0,1355.0,1355.0,1780300
2026-04-30 09:05:00,1355.0,1355.0,1355.0,1355.0,4900
2026-04-30 09:10:00,1355.0,1355.0,1355.0,1355.0,40200
