Datetime,Open,High,Low,Close,Volume
2026-02-03 09:00:00,950.0,1035.0,910.0,1025.0,0
2026-02-03 09:05:00,1030.0,1035.0,955.0,960.0,12818200
2026-02-03 09:10:00,960.0,995.0,920.0,975.0,15590100
2026-02-03 09:15:00,980.0,1015.0,975.0,995.0,7600300
2026-02-03 09:20:00,1000.0,1020.0,995.0,1010.0,6530400
2026-02-03 09:25:00,1010.0,1010.0,995.0,1005.0,4474400
2026-02-03 09:30:00,1010.0,1020.0,995.0,1020.0,5422300
2026-02-03 09:35:00,1015.0,1025.0,1010.0,1015.0,3371500
2026-02-03 09:40:00,1015.0,1030.0,1015.0,1025.0,2498000
2026-02-03 09:45:00,1025.0,1040.0,1020.0,1040.0,6053800
2026-02-03 09:50:00,1035.0,1045.0,1025.0,1040.0,4028000
2026-02-03 09:55:00,1040.0,1050.0,1030.0,1050.0,3563700
2026-02-03 10:00:00,1050.0,1060.0,1040.0,1055.0,3877700
2026-02-03 10:05:00,1055.0,1060.0,1030.0,1040.0,4047800
2026-02-03 10:10:00,1035.0,1040.0,1025.0,1030.0,3011300
2026-02-03 10:15:00,1035.0,1040.0,1030.0,1040.0,1315000
2026-02-03 10:20:00,1040.0,1045.0,1040.0,1045.0,1820800
2026-02-03 10:25:00,1045.0,1050.0,1035.0,1040.0,2634100
2026-02-03 10:30:00,1040.0,1045.0,1035.0,1045.0,534800
2026-02-03 10:35:00,1045.0,1050.0,1040.0,1045.0,728700
2026-02-03 10:40:00,1045.0,1050.0,1045.0,1045.0,840000
2026-02-03 10:45:00,1050.0,1055.0,1040.0,1055.0,2553400
2026-02-03 10:50:00,1055.0,1055.0,1045.0,1045.0,980400
2026-02-03 10:55:00,1050.0,1055.0,1045.0,1050.0,1015800
2026-02-03 11:00:00,1055.0,1055.0,1045.0,1050.0,2093000
2026-02-03 11:05:00,1045.0,1060.0,1045.0,1055.0,2554800
2026-02-03 11:10:00,1055.0,1065.0,1055.0,1060.0,2684100
2026-02-03 11:15:00,1060.0,1065.0,1055.0,1055.0,2680900
2026-02-03 11:20:00,1060.0,1065.0,1055.0,1055.0,486500
2026-02-03 11:25:00,1060.0,1065.0,1055.0,1065.0,1924300
2026-02-03 11:30:00,1065.0,1065.0,1060.0,1060.0,772900
2026-02-03 11:35:00,1065.0,1070.0,1060.0,1065.0,1756200
2026-02-03 11:40:00,1070.0,1070.0,1065.0,1065.0,480700
2026-02-03 11:45:00,1070.0,1070.0,1055.0,1055.0,2318200
2026-02-03 11:50:00,1060.0,1060.0,1050.0,1055.0,496700
2026-02-03 11:55:00,1050.0,1060.0,1045.0,1055.0,2848300
2026-02-03 13:30:00,1055.0,1100.0,1045.0,1080.0,7722800
2026-02-03 13:35:00,1080.0,1080.0,1070.0,1070.0,1566600
2026-02-03 13:40:00,1075.0,1080.0,1065.0,1075.0,2749300
2026-02-03 13:45:00,1075.0,1080.0,1065.0,1075.0,1439700
2026-02-03 13:50:00,1075.0,1075.0,1065.0,1075.0,647600
2026-02-03 13:55:00,1075.0,1075.0,1070.0,1075.0,294000
2026-02-03 14:00:00,1070.0,1075.0,1060.0,1065.0,1742900
2026-02-03 14:05:00,1065.0,1075.0,1060.0,1070.0,1197400
2026-02-03 14:10:00,1070.0,1070.0,1065.0,1065.0,387300
2026-02-03 14:15:00,1065.0,1070.0,1055.0,1060.0,1124900
2026-02-03 14:20:00,1060.0,1065.0,1055.0,1065.0,1121800
2026-02-03 14:25:00,1065.0,1070.0,1060.0,1065.0,689100
2026-02-03 14:30:00,1060.0,1070.0,1040.0,1040.0,3126500
2026-02-03 14:35:00,1045.0,1055.0,1040.0,1055.0,2532900
2026-02-03 14:40:00,1055.0,1060.0,1050.0,1060.0,339100
2026-02-03 14:45:00,1060.0,1070.0,1055.0,1065.0,859400
2026-02-03 14:50:00,1065.0,1070.0,1060.0,1065.0,838200
2026-02-03 14:55:00,1065.0,1065.0,1060.0,1065.0,582500
2026-02-03 15:00:00,1060.0,1065.0,1055.0,1060.0,625500
2026-02-03 15:05:00,1060.0,1065.0,1060.0,1060.0,257200
2026-02-03 15:10:00,1060.0,1065.0,1050.0,1055.0,1424000
2026-02-03 15:15:00,1055.0,1060.0,1050.0,1050.0,1884300
2026-02-03 15:20:00,1055.0,1060.0,1050.0,1055.0,290200
2026-02-03 15:25:00,1060.0,1065.0,1055.0,1060.0,2288700
2026-02-03 15:30:00,1065.0,1070.0,1060.0,1065.0,1223800
2026-02-03 15:35:00,1065.0,1070.0,1065.0,1070.0,440100
2026-02-03 15:40:00,1070.0,1075.0,1065.0,1075.0,909300
2026-02-03 15:45:00,1075.0,1075.0,1070.0,1070.0,578100
2026-02-03 16:00:00,1075.0,1075.0,1075.0,1075.0,1616300
2026-02-03 16:05:00,1075.0,1075.0,1075.0,1075.0,433900
2026-02-03 16:10:00,1075.0,1075.0,1075.0,1075.0,41700
2026-02-04 09:00:00,1090.0,1155.0,1080.0,1115.0,0
2026-02-04 09:05:00,1110.0,1135.0,1110.0,1125.0,6220500
2026-02-04 09:10:00,1130.0,1140.0,1120.0,1125.0,4129600
2026-02-04 09:15:00,1125.0,1130.0,1110.0,1115.0,5214900
2026-02-04 09:20:00,1120.0,1125.0,1110.0,1120.0,3349800
2026-02-04 09:25:00,1120.0,1120.0,1090.0,1095.0,10394100
2026-02-04 09:30:00,1095.0,1110.0,1095.0,1110.0,1378100
2026-02-04 09:35:00,1110.0,1110.0,1085.0,1090.0,4391000
2026-02-04 09:40:00,1085.0,1100.0,1080.0,1095.0,2432700
2026-02-04 09:45:00,1095.0,1100.0,1080.0,1085.0,3330900
2026-02-04 09:50:00,1085.0,1090.0,1080.0,1090.0,609500
2026-02-04 09:55:00,1085.0,1090.0,1080.0,1080.0,1623900
2026-02-04 10:00:00,1085.0,1085.0,1055.0,1065.0,8274900
2026-02-04 10:05:00,1070.0,1075.0,1065.0,1075.0,910000
2026-02-04 10:10:00,1070.0,1090.0,1070.0,1085.0,1271500
2026-02-04 10:15:00,1085.0,1095.0,1080.0,1090.0,1456400
2026-02-04 10:20:00,1085.0,1090.0,1075.0,1075.0,1937100
2026-02-04 10:25:00,1075.0,1080.0,1070.0,1075.0,1575400
2026-02-04 10:30:00,1075.0,1075.0,1070.0,1075.0,585900
2026-02-04 10:35:00,1075.0,1080.0,1070.0,1070.0,683100
2026-02-04 10:40:00,1075.0,1075.0,1065.0,1070.0,1209300
2026-02-04 10:45:00,1070.0,1070.0,1065.0,1065.0,488900
2026-02-04 10:50:00,1065.0,1070.0,1060.0,1065.0,1002700
2026-02-04 10:55:00,1060.0,1075.0,1055.0,1065.0,7138200
2026-02-04 11:00:00,1065.0,1070.0,1055.0,1060.0,957000
2026-02-04 11:05:00,1055.0,1070.0,1055.0,1065.0,538700
2026-02-04 11:10:00,1065.0,1075.0,1065.0,1070.0,250100
2026-02-04 11:15:00,1075.0,1075.0,1065.0,1070.0,324700
2026-02-04 11:20:00,1070.0,1075.0,1065.0,1070.0,249900
2026-02-04 11:25:00,1070.0,1075.0,1065.0,1070.0,388300
2026-02-04 11:30:00,1075.0,1075.0,1065.0,1070.0,293800
2026-02-04 11:35:00,1065.0,1070.0,1055.0,1055.0,1921600
2026-02-04 11:40:00,1060.0,1070.0,1050.0,1060.0,2842200
2026-02-04 11:45:00,1060.0,1070.0,1060.0,1065.0,703200
2026-02-04 11:50:00,1070.0,1070.0,1060.0,1070.0,311500
2026-02-04 11:55:00,1065.0,1065.0,1060.0,1065.0,199800
2026-02-04 13:30:00,1065.0,1070.0,1055.0,1055.0,1073300
2026-02-04 13:35:00,1060.0,1065.0,1055.0,1060.0,713500
2026-02-04 13:40:00,1065.0,1065.0,1060.0,1065.0,719100
2026-02-04 13:45:00,1065.0,1070.0,1060.0,1065.0,537700
2026-02-04 13:50:00,1065.0,1065.0,1055.0,1060.0,787400
2026-02-04 13:55:00,1060.0,1065.0,1060.0,1060.0,1013100
2026-02-04 14:00:00,1060.0,1070.0,1055.0,1060.0,2122500
2026-02-04 14:05:00,1060.0,1080.0,1060.0,1070.0,1750900
2026-02-04 14:10:00,1070.0,1080.0,1070.0,1075.0,890500
2026-02-04 14:15:00,1075.0,1080.0,1070.0,1075.0,556500
2026-02-04 14:20:00,1075.0,1080.0,1070.0,1080.0,1083300
2026-02-04 14:25:00,1075.0,1080.0,1065.0,1075.0,1207700
2026-02-04 14:30:00,1075.0,1075.0,1065.0,1070.0,426700
2026-02-04 14:35:00,1070.0,1070.0,1065.0,1070.0,403000
2026-02-04 14:40:00,1065.0,1070.0,1065.0,1065.0,852000
2026-02-04 14:45:00,1070.0,1075.0,1065.0,1075.0,1274600
2026-02-04 14:50:00,1075.0,1080.0,1070.0,1080.0,745900
2026-02-04 14:55:00,1075.0,1080.0,1070.0,1075.0,406900
2026-02-04 15:00:00,1075.0,1080.0,1070.0,1080.0,879300
2026-02-04 15:05:00,1085.0,1095.0,1080.0,1095.0,1379100
2026-02-04 15:10:00,1095.0,1095.0,1080.0,1090.0,2006900
2026-02-04 15:15:00,1090.0,1090.0,1080.0,1085.0,1125600
2026-02-04 15:20:00,1085.0,1085.0,1080.0,1080.0,320700
2026-02-04 15:25:00,1085.0,1085.0,1075.0,1075.0,1722700
2026-02-04 15:30:00,1080.0,1085.0,1080.0,1080.0,662400
2026-02-04 15:35:00,1080.0,1085.0,1080.0,1085.0,304800
2026-02-04 15:40:00,1080.0,1085.0,1075.0,1080.0,1669300
2026-02-04 15:45:00,1075.0,1085.0,1075.0,1075.0,476200
2026-02-04 16:00:00,1080.0,1080.0,1080.0,1080.0,3643300
2026-02-04 16:05:00,1080.0,1080.0,1080.0,1080.0,145300
2026-02-04 16:10:00,1080.0,1080.0,1080.0,1080.0,42400
2026-02-05 09:00:00,1070.0,1095.0,1060.0,1095.0,0
2026-02-05 09:05:00,1090.0,1100.0,1080.0,1090.0,3401600
2026-02-05 09:10:00,1085.0,1120.0,1085.0,1115.0,6756300
2026-02-05 09:15:00,1110.0,1115.0,1105.0,1105.0,3825800
2026-02-05 09:20:00,1105.0,1125.0,1105.0,1115.0,3045900
2026-02-05 09:25:00,1115.0,1120.0,1110.0,1120.0,4071700
2026-02-05 09:30:00,1120.0,1135.0,1115.0,1125.0,4347700
2026-02-05 09:35:00,1125.0,1125.0,1115.0,1115.0,1820900
2026-02-05 09:40:00,1115.0,1120.0,1110.0,1115.0,2116900
2026-02-05 09:45:00,1115.0,1115.0,1110.0,1115.0,372900
2026-02-05 09:50:00,1115.0,1115.0,1110.0,1115.0,931800
2026-02-05 09:55:00,1115.0,1115.0,1090.0,1090.0,5887200
2026-02-05 10:00:00,1090.0,1100.0,1085.0,1095.0,2527700
2026-02-05 10:05:00,1100.0,1100.0,1090.0,1090.0,844100
2026-02-05 10:10:00,1095.0,1095.0,1085.0,1095.0,2576600
2026-02-05 10:15:00,1095.0,1100.0,1090.0,1095.0,647800
2026-02-05 10:20:00,1100.0,1110.0,1095.0,1105.0,2752100
2026-02-05 10:25:00,1105.0,1110.0,1100.0,1100.0,635000
2026-02-05 10:30:00,1105.0,1105.0,1095.0,1100.0,849400
2026-02-05 10:35:00,1100.0,1100.0,1090.0,1100.0,1371700
2026-02-05 10:40:00,1100.0,1100.0,1090.0,1090.0,749700
2026-02-05 10:45:00,1095.0,1095.0,1090.0,1095.0,166600
2026-02-05 10:50:00,1095.0,1095.0,1090.0,1095.0,119700
2026-02-05 10:55:00,1090.0,1095.0,1090.0,1095.0,143600
2026-02-05 11:00:00,1095.0,1095.0,1085.0,1085.0,1341700
2026-02-05 11:05:00,1085.0,1090.0,1085.0,1085.0,107800
2026-02-05 11:10:00,1085.0,1100.0,1085.0,1095.0,619700
2026-02-05 11:15:00,1090.0,1095.0,1085.0,1090.0,417000
2026-02-05 11:20:00,1085.0,1095.0,1085.0,1095.0,355200
2026-02-05 11:25:00,1095.0,1095.0,1090.0,1095.0,257100
2026-02-05 11:30:00,1090.0,1100.0,1090.0,1095.0,517500
2026-02-05 11:35:00,1095.0,1095.0,1090.0,1090.0,84100
2026-02-05 11:40:00,1090.0,1095.0,1090.0,1090.0,342200
2026-02-05 11:45:00,1095.0,1095.0,1085.0,1085.0,749600
2026-02-05 11:50:00,1090.0,1090.0,1085.0,1085.0,63800
2026-02-05 11:55:00,1090.0,1090.0,1085.0,1090.0,363000
2026-02-05 13:30:00,1090.0,1115.0,1085.0,1095.0,6023000
2026-02-05 13:35:00,1100.0,1100.0,1090.0,1095.0,1971300
2026-02-05 13:40:00,1095.0,1100.0,1090.0,1095.0,349700
2026-02-05 13:45:00,1090.0,1105.0,1090.0,1105.0,1181300
2026-02-05 13:50:00,1105.0,1105.0,1090.0,1100.0,1254600
2026-02-05 13:55:00,1100.0,1100.0,1095.0,1100.0,688100
2026-02-05 14:00:00,1100.0,1100.0,1090.0,1100.0,1310000
2026-02-05 14:05:00,1095.0,1105.0,1095.0,1095.0,477500
2026-02-05 14:10:00,1100.0,1100.0,1095.0,1100.0,278800
2026-02-05 14:15:00,1100.0,1105.0,1095.0,1105.0,818700
2026-02-05 14:20:00,1105.0,1105.0,1100.0,1105.0,555100
2026-02-05 14:25:00,1105.0,1110.0,1100.0,1105.0,723000
2026-02-05 14:30:00,1110.0,1115.0,1105.0,1105.0,1929700
2026-02-05 14:35:00,1110.0,1125.0,1105.0,1120.0,3679600
2026-02-05 14:40:00,1120.0,1120.0,1110.0,1110.0,1290900
2026-02-05 14:45:00,1110.0,1115.0,1100.0,1105.0,1739100
2026-02-05 14:50:00,1100.0,1105.0,1100.0,1105.0,664700
2026-02-05 14:55:00,1105.0,1105.0,1095.0,1100.0,1774000
2026-02-05 15:00:00,1100.0,1105.0,1095.0,1100.0,617700
2026-02-05 15:05:00,1100.0,1105.0,1100.0,1100.0,233600
2026-02-05 15:10:00,1100.0,1105.0,1100.0,1105.0,520000
2026-02-05 15:15:00,1105.0,1115.0,1100.0,1115.0,2576700
2026-02-05 15:20:00,1115.0,1115.0,1110.0,1110.0,1245700
2026-02-05 15:25:00,1115.0,1130.0,1110.0,1120.0,3995500
2026-02-05 15:30:00,1120.0,1120.0,1110.0,1120.0,2190500
2026-02-05 15:35:00,1115.0,1120.0,1110.0,1115.0,965000
2026-02-05 15:40:00,1115.0,1120.0,1115.0,1120.0,717400
2026-02-05 15:45:00,1115.0,1120.0,1110.0,1110.0,2576000
2026-02-05 16:00:00,1115.0,1115.0,1115.0,1115.0,2536000
2026-02-05 16:05:00,1115.0,1115.0,1115.0,1115.0,400700
2026-02-05 16:10:00,1115.0,1115.0,1115.0,1115.0,453000
2026-02-06 09:00:00,1085.0,1085.0,1000.0,1045.0,0
2026-02-06 09:05:00,1045.0,1065.0,1040.0,1060.0,8435300
2026-02-06 09:10:00,1065.0,1065.0,1055.0,1060.0,5313300
2026-02-06 09:15:00,1060.0,1075.0,1055.0,1065.0,7190700
2026-02-06 09:20:00,1065.0,1080.0,1060.0,1080.0,4879800
2026-02-06 09:25:00,1080.0,1085.0,1065.0,1070.0,5238900
2026-02-06 09:30:00,1070.0,1070.0,1050.0,1060.0,5418100
2026-02-06 09:35:00,1060.0,1060.0,1055.0,1055.0,1033800
2026-02-06 09:40:00,1060.0,1070.0,1055.0,1065.0,1047000
2026-02-06 09:45:00,1070.0,1075.0,1060.0,1065.0,1235200
2026-02-06 09:50:00,1065.0,1070.0,1055.0,1060.0,1986600
2026-02-06 09:55:00,1055.0,1065.0,1045.0,1050.0,4895100
2026-02-06 10:00:00,1045.0,1050.0,1040.0,1050.0,1951300
2026-02-06 10:05:00,1045.0,1050.0,1045.0,1045.0,734100
2026-02-06 10:10:00,1050.0,1050.0,1045.0,1045.0,581200
2026-02-06 10:15:00,1045.0,1050.0,1045.0,1045.0,1001400
2026-02-06 10:20:00,1045.0,1055.0,1040.0,1045.0,758200
2026-02-06 10:25:00,1050.0,1050.0,1045.0,1050.0,492000
2026-02-06 10:30:00,1050.0,1050.0,1040.0,1040.0,1209300
2026-02-06 10:35:00,1040.0,1045.0,1030.0,1030.0,3091300
2026-02-06 10:40:00,1035.0,1035.0,1030.0,1035.0,2986600
2026-02-06 10:45:00,1030.0,1035.0,1020.0,1020.0,3711200
2026-02-06 10:50:00,1020.0,1030.0,1015.0,1030.0,3377100
2026-02-06 10:55:00,1030.0,1035.0,1020.0,1025.0,1521200
2026-02-06 11:00:00,1025.0,1030.0,1020.0,1030.0,1103000
2026-02-06 11:05:00,1030.0,1035.0,1025.0,1035.0,297600
2026-02-06 11:10:00,1035.0,1035.0,1020.0,1025.0,1442000
2026-02-06 11:15:00,1025.0,1030.0,1020.0,1020.0,778200
2026-02-06 11:20:00,1020.0,1025.0,1015.0,1020.0,1792800
2026-02-06 11:25:00,1020.0,1030.0,1015.0,1025.0,877100
2026-02-06 14:00:00,1025.0,1040.0,1020.0,1035.0,2563500
2026-02-06 14:05:00,1035.0,1045.0,1035.0,1045.0,1784400
2026-02-06 14:10:00,1045.0,1045.0,1040.0,1045.0,1113900
2026-02-06 14:15:00,1050.0,1050.0,1040.0,1050.0,1805100
2026-02-06 14:20:00,1050.0,1050.0,1040.0,1045.0,1334100
2026-02-06 14:25:00,1045.0,1045.0,1040.0,1040.0,1661800
2026-02-06 14:30:00,1040.0,1040.0,1035.0,1035.0,435800
2026-02-06 14:35:00,1040.0,1040.0,1035.0,1040.0,176300
2026-02-06 14:40:00,1040.0,1040.0,1035.0,1040.0,626700
2026-02-06 14:45:00,1040.0,1040.0,1035.0,1035.0,544400
2026-02-06 14:50:00,1030.0,1035.0,1030.0,1035.0,2841900
2026-02-06 14:55:00,1035.0,1035.0,1025.0,1030.0,2278000
2026-02-06 15:00:00,1025.0,1030.0,1020.0,1025.0,2030500
2026-02-06 15:05:00,1025.0,1025.0,1020.0,1025.0,1422200
2026-02-06 15:10:00,1025.0,1030.0,1020.0,1025.0,714500
2026-02-06 15:15:00,1030.0,1030.0,1020.0,1020.0,378700
2026-02-06 15:20:00,1025.0,1025.0,1015.0,1020.0,5864600
2026-02-06 15:25:00,1020.0,1025.0,1015.0,1020.0,843000
2026-02-06 15:30:00,1020.0,1025.0,1015.0,1015.0,1055100
2026-02-06 15:35:00,1020.0,1025.0,1015.0,1025.0,843400
2026-02-06 15:40:00,1025.0,1030.0,1020.0,1025.0,1644600
2026-02-06 15:45:00,1025.0,1030.0,1020.0,1025.0,5813800
2026-02-06 16:00:00,1025.0,1025.0,1025.0,1025.0,1535000
2026-02-06 16:05:00,1025.0,1025.0,1025.0,1025.0,30100
2026-02-06 16:10:00,1025.0,1025.0,1025.0,1025.0,601100
2026-02-09 09:00:00,1005.0,1040.0,1000.0,1030.0,0
2026-02-09 09:05:00,1030.0,1035.0,1015.0,1020.0,1662100
2026-02-09 09:10:00,1020.0,1025.0,1005.0,1005.0,2435900
2026-02-09 09:15:00,1010.0,1020.0,1005.0,1015.0,1381300
2026-02-09 09:20:00,1015.0,1020.0,1010.0,1010.0,687000
2026-02-09 09:25:00,1015.0,1020.0,1005.0,1020.0,3000800
2026-02-09 09:30:00,1015.0,1035.0,1015.0,1035.0,4718800
2026-02-09 09:35:00,1035.0,1035.0,1025.0,1025.0,1345800
2026-02-09 09:40:00,1025.0,1030.0,1020.0,1025.0,923900
2026-02-09 09:45:00,1020.0,1025.0,1015.0,1020.0,375000
2026-02-09 09:50:00,1020.0,1025.0,1015.0,1020.0,352800
2026-02-09 09:55:00,1020.0,1030.0,1020.0,1025.0,290800
2026-02-09 10:00:00,1030.0,1045.0,1025.0,1040.0,2597700
2026-02-09 10:05:00,1040.0,1045.0,1035.0,1040.0,1417600
2026-02-09 10:10:00,1040.0,1040.0,1030.0,1035.0,1785900
2026-02-09 10:15:00,1040.0,1040.0,1035.0,1035.0,227000
2026-02-09 10:20:00,1035.0,1040.0,1035.0,1040.0,680800
2026-02-09 10:25:00,1040.0,1040.0,1030.0,1030.0,951000
2026-02-09 10:30:00,1035.0,1040.0,1030.0,1035.0,738500
2026-02-09 10:35:00,1040.0,1045.0,1035.0,1045.0,1154700
2026-02-09 10:40:00,1045.0,1045.0,1040.0,1040.0,651700
2026-02-09 10:45:00,1040.0,1050.0,1040.0,1045.0,2286400
2026-02-09 10:50:00,1045.0,1050.0,1040.0,1045.0,1159600
2026-02-09 10:55:00,1045.0,1055.0,1045.0,1050.0,3320300
2026-02-09 11:00:00,1055.0,1055.0,1040.0,1040.0,1298500
2026-02-09 11:05:00,1040.0,1045.0,1040.0,1040.0,106400
2026-02-09 11:10:00,1040.0,1045.0,1040.0,1045.0,208800
2026-02-09 11:15:00,1040.0,1045.0,1040.0,1040.0,569000
2026-02-09 11:20:00,1040.0,1045.0,1040.0,1045.0,111800
2026-02-09 11:25:00,1040.0,1045.0,1040.0,1045.0,168500
2026-02-09 11:30:00,1040.0,1045.0,1040.0,1045.0,30200
2026-02-09 11:35:00,1040.0,1045.0,1040.0,1040.0,206600
2026-02-09 11:40:00,1045.0,1050.0,1040.0,1050.0,666600
2026-02-09 11:45:00,1050.0,1050.0,1045.0,1045.0,91900
2026-02-09 11:50:00,1045.0,1050.0,1045.0,1050.0,1265900
2026-02-09 11:55:00,1050.0,1055.0,1045.0,1050.0,834500
2026-02-09 13:30:00,1050.0,1050.0,1040.0,1050.0,1638400
2026-02-09 13:35:00,1045.0,1050.0,1045.0,1050.0,166900
2026-02-09 13:40:00,1050.0,1050.0,1045.0,1045.0,583000
2026-02-09 13:45:00,1045.0,1050.0,1035.0,1040.0,1433200
2026-02-09 13:50:00,1040.0,1045.0,1035.0,1035.0,415500
2026-02-09 13:55:00,1035.0,1040.0,1030.0,1035.0,2127100
2026-02-09 14:00:00,1040.0,1040.0,1035.0,1035.0,185300
2026-02-09 14:05:00,1035.0,1040.0,1035.0,1035.0,169500
2026-02-09 14:10:00,1035.0,1045.0,1035.0,1040.0,618500
2026-02-09 14:15:00,1045.0,1045.0,1040.0,1045.0,137800
2026-02-09 14:20:00,1040.0,1045.0,1040.0,1045.0,110100
2026-02-09 14:25:00,1040.0,1045.0,1040.0,1040.0,251500
2026-02-09 14:30:00,1040.0,1045.0,1035.0,1035.0,286900
2026-02-09 14:35:00,1035.0,1045.0,1035.0,1040.0,430200
2026-02-09 14:40:00,1040.0,1040.0,1035.0,1040.0,230200
2026-02-09 14:45:00,1045.0,1045.0,1035.0,1040.0,187800
2026-02-09 14:50:00,1040.0,1040.0,1035.0,1035.0,412300
2026-02-09 14:55:00,1035.0,1045.0,1035.0,1040.0,564300
2026-02-09 15:00:00,1040.0,1045.0,1035.0,1045.0,463400
2026-02-09 15:05:00,1045.0,1045.0,1040.0,1040.0,115600
2026-02-09 15:10:00,1040.0,1045.0,1040.0,1040.0,1248200
2026-02-09 15:15:00,1045.0,1050.0,1045.0,1045.0,199000
2026-02-09 15:20:00,1045.0,1050.0,1045.0,1045.0,223100
2026-02-09 15:25:00,1045.0,1050.0,1045.0,1045.0,311000
2026-02-09 15:30:00,1045.0,1060.0,1045.0,1055.0,4643400
2026-02-09 15:35:00,1055.0,1060.0,1045.0,1050.0,1167100
2026-02-09 15:40:00,1050.0,1055.0,1045.0,1055.0,651800
2026-02-09 15:45:00,1055.0,1055.0,1045.0,1050.0,1267800
2026-02-09 16:00:00,1045.0,1045.0,1045.0,1045.0,2829000
2026-02-09 16:05:00,1045.0,1045.0,1045.0,1045.0,142900
2026-02-09 16:10:00,1045.0,1045.0,1045.0,1045.0,497300
2026-02-10 09:00:00,1050.0,1070.0,1040.0,1065.0,0
2026-02-10 09:05:00,1065.0,1085.0,1065.0,1080.0,6056900
2026-02-10 09:10:00,1075.0,1085.0,1075.0,1075.0,2777800
2026-02-10 09:15:00,1070.0,1075.0,1065.0,1075.0,2029400
2026-02-10 09:20:00,1075.0,1090.0,1070.0,1090.0,3110500
2026-02-10 09:25:00,1085.0,1110.0,1085.0,1105.0,9679900
2026-02-10 09:30:00,1105.0,1110.0,1105.0,1110.0,1774600
2026-02-10 09:35:00,1105.0,1110.0,1090.0,1095.0,4430000
2026-02-10 09:40:00,1095.0,1100.0,1090.0,1095.0,1242100
2026-02-10 09:45:00,1095.0,1100.0,1090.0,1095.0,1244300
2026-02-10 09:50:00,1095.0,1100.0,1090.0,1100.0,1108700
2026-02-10 09:55:00,1095.0,1110.0,1095.0,1110.0,2757900
2026-02-10 10:00:00,1110.0,1110.0,1100.0,1100.0,1039200
2026-02-10 10:05:00,1105.0,1105.0,1100.0,1100.0,545100
2026-02-10 10:10:00,1100.0,1105.0,1100.0,1105.0,1068900
2026-02-10 10:15:00,1105.0,1105.0,1100.0,1105.0,762400
2026-02-10 10:20:00,1105.0,1105.0,1095.0,1100.0,1700100
2026-02-10 10:25:00,1100.0,1105.0,1095.0,1100.0,1097400
2026-02-10 10:30:00,1100.0,1105.0,1095.0,1100.0,976100
2026-02-10 10:35:00,1100.0,1100.0,1095.0,1100.0,868100
2026-02-10 10:40:00,1095.0,1105.0,1095.0,1105.0,257200
2026-02-10 10:45:00,1105.0,1105.0,1095.0,1095.0,1060900
2026-02-10 10:50:00,1100.0,1110.0,1095.0,1110.0,2487100
2026-02-10 10:55:00,1110.0,1110.0,1100.0,1110.0,491300
2026-02-10 11:00:00,1110.0,1110.0,1105.0,1105.0,627700
2026-02-10 11:05:00,1105.0,1110.0,1105.0,1110.0,450200
2026-02-10 11:10:00,1110.0,1110.0,1095.0,1100.0,2383100
2026-02-10 11:15:00,1105.0,1105.0,1095.0,1100.0,2006200
2026-02-10 11:20:00,1095.0,1115.0,1095.0,1115.0,3107800
2026-02-10 11:25:00,1115.0,1120.0,1110.0,1115.0,2401500
2026-02-10 11:30:00,1115.0,1115.0,1110.0,1110.0,742600
2026-02-10 11:35:00,1115.0,1115.0,1105.0,1105.0,480700
2026-02-10 11:40:00,1110.0,1110.0,1105.0,1110.0,51400
2026-02-10 11:45:00,1105.0,1110.0,1105.0,1105.0,77600
2026-02-10 11:50:00,1105.0,1110.0,1105.0,1105.0,485100
2026-02-10 11:55:00,1105.0,1110.0,1105.0,1110.0,154900
2026-02-10 13:30:00,1110.0,1115.0,1110.0,1110.0,2439500
2026-02-10 13:35:00,1110.0,1115.0,1105.0,1105.0,393200
2026-02-10 13:40:00,1110.0,1110.0,1090.0,1090.0,4007400
2026-02-10 13:45:00,1095.0,1095.0,1080.0,1085.0,3808800
2026-02-10 13:50:00,1085.0,1100.0,1085.0,1095.0,1464700
2026-02-10 13:55:00,1090.0,1095.0,1085.0,1085.0,1107600
2026-02-10 14:00:00,1085.0,1095.0,1080.0,1095.0,730000
2026-02-10 14:05:00,1095.0,1095.0,1085.0,1085.0,193300
2026-02-10 14:10:00,1085.0,1095.0,1085.0,1090.0,137700
2026-02-10 14:15:00,1085.0,1090.0,1085.0,1090.0,235600
2026-02-10 14:20:00,1085.0,1090.0,1080.0,1085.0,362200
2026-02-10 14:25:00,1085.0,1090.0,1085.0,1085.0,180500
2026-02-10 14:30:00,1090.0,1090.0,1085.0,1085.0,285900
2026-02-10 14:35:00,1085.0,1090.0,1085.0,1085.0,272600
2026-02-10 14:40:00,1090.0,1095.0,1085.0,1090.0,302500
2026-02-10 14:45:00,1095.0,1095.0,1085.0,1085.0,269100
2026-02-10 14:50:00,1085.0,1090.0,1085.0,1090.0,139400
2026-02-10 14:55:00,1085.0,1090.0,1085.0,1090.0,70000
2026-02-10 15:00:00,1090.0,1090.0,1085.0,1090.0,636000
2026-02-10 15:05:00,1090.0,1095.0,1090.0,1095.0,414000
2026-02-10 15:10:00,1090.0,1095.0,1085.0,1095.0,350900
2026-02-10 15:15:00,1090.0,1100.0,1090.0,1100.0,395500
2026-02-10 15:20:00,1100.0,1105.0,1095.0,1100.0,1254000
2026-02-10 15:25:00,1095.0,1105.0,1095.0,1100.0,341100
2026-02-10 15:30:00,1100.0,1105.0,1100.0,1105.0,590900
2026-02-10 15:35:00,1100.0,1140.0,1100.0,1135.0,11991400
2026-02-10 15:40:00,1135.0,1145.0,1120.0,1125.0,3943600
2026-02-10 15:45:00,1125.0,1130.0,1120.0,1120.0,2690100
2026-02-10 16:00:00,1125.0,1125.0,1125.0,1125.0,2580100
2026-02-10 16:05:00,1125.0,1125.0,1125.0,1125.0,728200
2026-02-10 16:10:00,1125.0,1125.0,1125.0,1125.0,128900
2026-02-11 09:00:00,1145.0,1165.0,1140.0,1150.0,0
2026-02-11 09:05:00,1150.0,1160.0,1145.0,1155.0,10892500
2026-02-11 09:10:00,1150.0,1155.0,1140.0,1140.0,5900100
2026-02-11 09:15:00,1140.0,1145.0,1120.0,1135.0,11741700
2026-02-11 09:20:00,1140.0,1145.0,1130.0,1135.0,4672600
2026-02-11 09:25:00,1135.0,1150.0,1135.0,1145.0,3998000
2026-02-11 09:30:00,1150.0,1155.0,1125.0,1130.0,8522100
2026-02-11 09:35:00,1130.0,1140.0,1120.0,1140.0,4419400
2026-02-11 09:40:00,1140.0,1140.0,1130.0,1140.0,2210800
2026-02-11 09:45:00,1135.0,1140.0,1130.0,1140.0,1124200
2026-02-11 09:50:00,1135.0,1145.0,1135.0,1145.0,3486900
2026-02-11 09:55:00,1145.0,1160.0,1145.0,1150.0,10002300
2026-02-11 10:00:00,1150.0,1155.0,1150.0,1155.0,2644500
2026-02-11 10:05:00,1155.0,1165.0,1155.0,1155.0,9981200
2026-02-11 10:10:00,1155.0,1160.0,1150.0,1155.0,2457900
2026-02-11 10:15:00,1155.0,1160.0,1150.0,1155.0,1470600
2026-02-11 10:20:00,1155.0,1160.0,1150.0,1160.0,2189600
2026-02-11 10:25:00,1160.0,1165.0,1155.0,1160.0,2496900
2026-02-11 10:30:00,1155.0,1160.0,1155.0,1160.0,1845500
2026-02-11 10:35:00,1160.0,1165.0,1155.0,1160.0,1019800
2026-02-11 10:40:00,1160.0,1170.0,1155.0,1165.0,3233100
2026-02-11 10:45:00,1165.0,1180.0,1160.0,1180.0,6639200
2026-02-11 10:50:00,1175.0,1215.0,1170.0,1210.0,21382200
2026-02-11 10:55:00,1210.0,1225.0,1190.0,1200.0,23362600
2026-02-11 11:00:00,1200.0,1210.0,1190.0,1200.0,11180800
2026-02-11 11:05:00,1205.0,1205.0,1190.0,1195.0,6633800
2026-02-11 11:10:00,1200.0,1215.0,1195.0,1200.0,13854100
2026-02-11 11:15:00,1205.0,1210.0,1195.0,1200.0,10460700
2026-02-11 11:20:00,1200.0,1210.0,1200.0,1205.0,2716700
2026-02-11 11:25:00,1200.0,1215.0,1200.0,1215.0,3506100
2026-02-11 11:30:00,1210.0,1215.0,1200.0,1210.0,3760300
2026-02-11 11:35:00,1205.0,1215.0,1205.0,1215.0,3926100
2026-02-11 11:40:00,1215.0,1220.0,1210.0,1215.0,3964000
2026-02-11 11:45:00,1215.0,1215.0,1205.0,1210.0,3328900
2026-02-11 11:50:00,1210.0,1215.0,1210.0,1215.0,1711500
2026-02-11 11:55:00,1215.0,1215.0,1210.0,1215.0,2507500
2026-02-11 13:30:00,1210.0,1235.0,1200.0,1230.0,15614400
2026-02-11 13:35:00,1230.0,1245.0,1210.0,1220.0,10430800
2026-02-11 13:40:00,1220.0,1220.0,1195.0,1205.0,16452300
2026-02-11 13:45:00,1205.0,1215.0,1200.0,1205.0,5221800
2026-02-11 13:50:00,1205.0,1205.0,1180.0,1190.0,13097900
2026-02-11 13:55:00,1190.0,1195.0,1185.0,1185.0,2076400
2026-02-11 14:00:00,1185.0,1195.0,1185.0,1195.0,2743100
2026-02-11 14:05:00,1195.0,1200.0,1190.0,1200.0,1132300
2026-02-11 14:10:00,1195.0,1205.0,1195.0,1205.0,2927500
2026-02-11 14:15:00,1205.0,1205.0,1200.0,1200.0,835800
2026-02-11 14:20:00,1205.0,1210.0,1200.0,1200.0,1522800
2026-02-11 14:25:00,1200.0,1205.0,1195.0,1200.0,2075600
2026-02-11 14:30:00,1200.0,1200.0,1195.0,1200.0,1175000
2026-02-11 14:35:00,1195.0,1200.0,1195.0,1200.0,334800
2026-02-11 14:40:00,1200.0,1205.0,1195.0,1200.0,1730000
2026-02-11 14:45:00,1195.0,1205.0,1195.0,1200.0,1144800
2026-02-11 14:50:00,1205.0,1205.0,1200.0,1200.0,311200
2026-02-11 14:55:00,1205.0,1205.0,1200.0,1205.0,1684700
2026-02-11 15:00:00,1200.0,1205.0,1200.0,1200.0,1643500
2026-02-11 15:05:00,1205.0,1205.0,1195.0,1195.0,1347100
2026-02-11 15:10:00,1195.0,1205.0,1195.0,1205.0,846900
2026-02-11 15:15:00,1205.0,1205.0,1200.0,1200.0,342700
2026-02-11 15:20:00,1205.0,1205.0,1195.0,1200.0,2537800
2026-02-11 15:25:00,1195.0,1200.0,1195.0,1200.0,971900
2026-02-11 15:30:00,1200.0,1200.0,1195.0,1200.0,656400
2026-02-11 15:35:00,1200.0,1215.0,1195.0,1215.0,4016200
2026-02-11 15:40:00,1215.0,1215.0,1200.0,1200.0,6621200
2026-02-11 15:45:00,1205.0,1205.0,1200.0,1200.0,3114600
2026-02-11 16:00:00,1205.0,1205.0,1205.0,1205.0,3734400
2026-02-11 16:05:00,1205.0,1205.0,1205.0,1205.0,799500
2026-02-11 16:10:00,1205.0,1205.0,1205.0,1205.0,585600
2026-02-12 09:00:00,1210.0,1220.0,1185.0,1210.0,0
2026-02-12 09:05:00,1205.0,1210.0,1170.0,1185.0,13430500
2026-02-12 09:10:00,1185.0,1210.0,1185.0,1205.0,4056500
2026-02-12 09:15:00,1205.0,1210.0,1195.0,1205.0,4896600
2026-02-12 09:20:00,1205.0,1215.0,1200.0,1205.0,6386400
2026-02-12 09:25:00,1205.0,1205.0,1195.0,1195.0,4615500
2026-02-12 09:30:00,1195.0,1200.0,1185.0,1200.0,5608600
2026-02-12 09:35:00,1200.0,1205.0,1195.0,1195.0,1623600
2026-02-12 09:40:00,1195.0,1205.0,1195.0,1200.0,482200
2026-02-12 09:45:00,1205.0,1205.0,1195.0,1195.0,1734400
2026-02-12 09:50:00,1200.0,1205.0,1195.0,1200.0,1275100
2026-02-12 09:55:00,1195.0,1200.0,1190.0,1195.0,2043200
2026-02-12 10:00:00,1190.0,1195.0,1180.0,1185.0,5033400
2026-02-12 10:05:00,1190.0,1195.0,1185.0,1195.0,1080700
2026-02-12 10:10:00,1195.0,1200.0,1190.0,1190.0,596900
2026-02-12 10:15:00,1190.0,1200.0,1190.0,1190.0,1092700
2026-02-12 10:20:00,1190.0,1195.0,1190.0,1190.0,284100
2026-02-12 10:25:00,1190.0,1195.0,1185.0,1190.0,276700
2026-02-12 10:30:00,1190.0,1190.0,1185.0,1190.0,160200
2026-02-12 10:35:00,1190.0,1190.0,1180.0,1190.0,1563800
2026-02-12 10:40:00,1190.0,1190.0,1180.0,1180.0,543100
2026-02-12 10:45:00,1185.0,1185.0,1170.0,1175.0,5111000
2026-02-12 10:50:00,1175.0,1180.0,1170.0,1175.0,1932700
2026-02-12 10:55:00,1180.0,1180.0,1170.0,1175.0,1303900
2026-02-12 11:00:00,1170.0,1175.0,1160.0,1170.0,5246300
2026-02-12 11:05:00,1170.0,1180.0,1170.0,1180.0,928600
2026-02-12 11:10:00,1175.0,1180.0,1175.0,1180.0,327700
2026-02-12 11:15:00,1180.0,1180.0,1175.0,1175.0,2104900
2026-02-12 11:20:00,1180.0,1185.0,1175.0,1185.0,604000
2026-02-12 11:25:00,1185.0,1185.0,1180.0,1185.0,101000
2026-02-12 11:30:00,1185.0,1190.0,1180.0,1185.0,767200
2026-02-12 11:35:00,1185.0,1185.0,1180.0,1180.0,139200
2026-02-12 11:40:00,1180.0,1185.0,1180.0,1185.0,305000
2026-02-12 11:45:00,1185.0,1185.0,1180.0,1180.0,347200
2026-02-12 11:50:00,1180.0,1185.0,1180.0,1185.0,355000
2026-02-12 11:55:00,1185.0,1185.0,1180.0,1180.0,462600
2026-02-12 13:30:00,1180.0,1185.0,1175.0,1175.0,716200
2026-02-12 13:35:00,1180.0,1180.0,1170.0,1170.0,1279600
2026-02-12 13:40:00,1175.0,1175.0,1170.0,1170.0,611700
2026-02-12 13:45:00,1175.0,1175.0,1170.0,1170.0,756200
2026-02-12 13:50:00,1170.0,1175.0,1165.0,1170.0,1052000
2026-02-12 13:55:00,1175.0,1175.0,1165.0,1170.0,434300
2026-02-12 14:00:00,1165.0,1175.0,1165.0,1175.0,508400
2026-02-12 14:05:00,1170.0,1175.0,1165.0,1170.0,1306800
2026-02-12 14:10:00,1175.0,1175.0,1170.0,1170.0,102400
2026-02-12 14:15:00,1170.0,1175.0,1170.0,1175.0,108500
2026-02-12 14:20:00,1170.0,1175.0,1170.0,1175.0,243500
2026-02-12 14:25:00,1175.0,1175.0,1170.0,1170.0,316700
2026-02-12 14:30:00,1170.0,1175.0,1170.0,1170.0,292500
2026-02-12 14:35:00,1170.0,1175.0,1170.0,1175.0,188000
2026-02-12 14:40:00,1175.0,1175.0,1170.0,1175.0,557000
2026-02-12 14:45:00,1175.0,1175.0,1170.0,1175.0,159900
2026-02-12 14:50:00,1175.0,1175.0,1165.0,1170.0,2828300
2026-02-12 14:55:00,1170.0,1175.0,1165.0,1170.0,1358600
2026-02-12 15:00:00,1165.0,1175.0,1165.0,1175.0,447300
2026-02-12 15:05:00,1175.0,1175.0,1165.0,1170.0,643800
2026-02-12 15:10:00,1165.0,1170.0,1165.0,1170.0,199800
2026-02-12 15:15:00,1165.0,1170.0,1160.0,1165.0,3626100
2026-02-12 15:20:00,1165.0,1165.0,1160.0,1165.0,521200
2026-02-12 15:25:00,1165.0,1170.0,1160.0,1170.0,984900
2026-02-12 15:30:00,1170.0,1170.0,1165.0,1165.0,155900
2026-02-12 15:35:00,1165.0,1170.0,1165.0,1170.0,479300
2026-02-12 15:40:00,1170.0,1170.0,1165.0,1170.0,1282100
2026-02-12 15:45:00,1170.0,1170.0,1165.0,1170.0,1174900
2026-02-12 16:00:00,1170.0,1170.0,1170.0,1170.0,1181300
2026-02-12 16:05:00,1170.0,1170.0,1170.0,1170.0,798800
2026-02-12 16:10:00,1170.0,1170.0,1170.0,1170.0,123500
2026-02-13 09:00:00,1165.0,1165.0,1140.0,1150.0,0
2026-02-13 09:05:00,1155.0,1155.0,1140.0,1140.0,2059000
2026-02-13 09:10:00,1140.0,1145.0,1135.0,1135.0,2333300
2026-02-13 09:15:00,1140.0,1140.0,1135.0,1140.0,701300
2026-02-13 09:20:00,1135.0,1160.0,1135.0,1160.0,3729000
2026-02-13 09:25:00,1160.0,1170.0,1155.0,1155.0,1984300
2026-02-13 09:30:00,1160.0,1165.0,1155.0,1160.0,1044600
2026-02-13 09:35:00,1160.0,1165.0,1155.0,1160.0,1112400
2026-02-13 09:40:00,1160.0,1165.0,1155.0,1165.0,756400
2026-02-13 09:45:00,1165.0,1165.0,1150.0,1155.0,2999300
2026-02-13 09:50:00,1150.0,1155.0,1150.0,1150.0,696300
2026-02-13 09:55:00,1150.0,1155.0,1145.0,1150.0,874100
2026-02-13 10:00:00,1150.0,1155.0,1145.0,1150.0,968200
2026-02-13 10:05:00,1150.0,1155.0,1150.0,1155.0,614900
2026-02-13 10:10:00,1150.0,1160.0,1150.0,1150.0,574200
2026-02-13 10:15:00,1155.0,1165.0,1150.0,1160.0,451900
2026-02-13 10:20:00,1165.0,1175.0,1160.0,1175.0,2404300
2026-02-13 10:25:00,1175.0,1180.0,1165.0,1165.0,3132300
2026-02-13 10:30:00,1165.0,1170.0,1155.0,1160.0,2498700
2026-02-13 10:35:00,1165.0,1170.0,1160.0,1160.0,773000
2026-02-13 10:40:00,1165.0,1175.0,1160.0,1175.0,809300
2026-02-13 10:45:00,1170.0,1175.0,1165.0,1165.0,1188300
2026-02-13 10:50:00,1165.0,1170.0,1160.0,1160.0,562600
2026-02-13 10:55:00,1160.0,1165.0,1155.0,1155.0,1058000
2026-02-13 11:00:00,1155.0,1160.0,1155.0,1160.0,449100
2026-02-13 11:05:00,1155.0,1160.0,1155.0,1160.0,147100
2026-02-13 11:10:00,1160.0,1165.0,1155.0,1160.0,161400
2026-02-13 11:15:00,1160.0,1165.0,1150.0,1150.0,1645200
2026-02-13 11:20:00,1155.0,1160.0,1150.0,1155.0,932700
2026-02-13 11:25:00,1155.0,1160.0,1150.0,1160.0,500100
2026-02-13 14:00:00,1160.0,1165.0,1155.0,1155.0,1622900
2026-02-13 14:05:00,1155.0,1160.0,1145.0,1150.0,2005900
2026-02-13 14:10:00,1145.0,1155.0,1145.0,1155.0,842300
2026-02-13 14:15:00,1155.0,1155.0,1145.0,1150.0,2021800
2026-02-13 14:20:00,1150.0,1150.0,1140.0,1140.0,1818800
2026-02-13 14:25:00,1145.0,1150.0,1140.0,1150.0,574500
2026-02-13 14:30:00,1150.0,1150.0,1145.0,1150.0,294300
2026-02-13 14:35:00,1150.0,1150.0,1145.0,1150.0,103200
2026-02-13 14:40:00,1150.0,1150.0,1140.0,1145.0,1451700
2026-02-13 14:45:00,1145.0,1150.0,1140.0,1145.0,947500
2026-02-13 14:50:00,1145.0,1150.0,1140.0,1145.0,972600
2026-02-13 14:55:00,1145.0,1145.0,1140.0,1145.0,1180800
2026-02-13 15:00:00,1140.0,1150.0,1140.0,1145.0,1519700
2026-02-13 15:05:00,1145.0,1150.0,1140.0,1145.0,1234500
2026-02-13 15:10:00,1145.0,1145.0,1135.0,1135.0,2399700
2026-02-13 15:15:00,1140.0,1145.0,1135.0,1140.0,1249200
2026-02-13 15:20:00,1140.0,1145.0,1140.0,1145.0,695600
2026-02-13 15:25:00,1145.0,1150.0,1140.0,1145.0,1189200
2026-02-13 15:30:00,1150.0,1150.0,1140.0,1145.0,1330700
2026-02-13 15:35:00,1145.0,1155.0,1140.0,1150.0,1348800
2026-02-13 15:40:00,1155.0,1155.0,1145.0,1150.0,690700
2026-02-13 15:45:00,1145.0,1155.0,1145.0,1155.0,1323800
2026-02-13 16:00:00,1155.0,1155.0,1155.0,1155.0,2639200
2026-02-13 16:05:00,1155.0,1155.0,1155.0,1155.0,211100
2026-02-13 16:10:00,1155.0,1155.0,1155.0,1155.0,300700
2026-02-18 09:00:00,1140.0,1175.0,1135.0,1170.0,0
2026-02-18 09:05:00,1175.0,1180.0,1160.0,1165.0,2700200
2026-02-18 09:10:00,1165.0,1175.0,1160.0,1170.0,1885800
2026-02-18 09:15:00,1170.0,1185.0,1170.0,1185.0,2108400
2026-02-18 09:20:00,1180.0,1185.0,1170.0,1175.0,2969900
2026-02-18 09:25:00,1180.0,1180.0,1170.0,1170.0,1292700
2026-02-18 09:30:00,1170.0,1190.0,1170.0,1185.0,3111900
2026-02-18 09:35:00,1185.0,1190.0,1180.0,1185.0,1456400
2026-02-18 09:40:00,1185.0,1190.0,1185.0,1190.0,978000
2026-02-18 09:45:00,1185.0,1190.0,1175.0,1180.0,1930800
2026-02-18 09:50:00,1175.0,1185.0,1170.0,1185.0,1717000
2026-02-18 09:55:00,1180.0,1185.0,1175.0,1180.0,504000
2026-02-18 10:00:00,1175.0,1180.0,1175.0,1175.0,267300
2026-02-18 10:05:00,1175.0,1180.0,1170.0,1175.0,982700
2026-02-18 10:10:00,1175.0,1180.0,1170.0,1175.0,982800
2026-02-18 10:15:00,1175.0,1180.0,1170.0,1175.0,650300
2026-02-18 10:20:00,1175.0,1180.0,1175.0,1175.0,120900
2026-02-18 10:25:00,1175.0,1195.0,1175.0,1190.0,5335200
2026-02-18 10:30:00,1190.0,1210.0,1190.0,1205.0,8502800
2026-02-18 10:35:00,1210.0,1210.0,1195.0,1195.0,3526100
2026-02-18 10:40:00,1195.0,1200.0,1195.0,1195.0,552200
2026-02-18 10:45:00,1195.0,1200.0,1190.0,1190.0,995700
2026-02-18 10:50:00,1190.0,1195.0,1190.0,1190.0,1353900
2026-02-18 10:55:00,1190.0,1195.0,1185.0,1195.0,1583600
2026-02-18 11:00:00,1190.0,1190.0,1185.0,1190.0,301100
2026-02-18 11:05:00,1190.0,1190.0,1180.0,1180.0,615300
2026-02-18 11:10:00,1185.0,1190.0,1180.0,1190.0,1153700
2026-02-18 11:15:00,1190.0,1195.0,1185.0,1190.0,513600
2026-02-18 11:20:00,1195.0,1195.0,1180.0,1185.0,646400
2026-02-18 11:25:00,1190.0,1190.0,1185.0,1185.0,1815400
2026-02-18 11:30:00,1190.0,1190.0,1185.0,1190.0,465900
2026-02-18 11:35:00,1190.0,1190.0,1185.0,1190.0,65800
2026-02-18 11:40:00,1190.0,1195.0,1185.0,1190.0,683200
2026-02-18 11:45:00,1195.0,1195.0,1190.0,1190.0,433300
2026-02-18 11:50:00,1195.0,1195.0,1190.0,1190.0,666400
2026-02-18 11:55:00,1190.0,1195.0,1185.0,1195.0,951700
2026-02-18 13:30:00,1195.0,1200.0,1190.0,1195.0,2060000
2026-02-18 13:35:00,1195.0,1200.0,1190.0,1190.0,1892400
2026-02-18 13:40:00,1195.0,1195.0,1190.0,1190.0,495800
2026-02-18 13:45:00,1190.0,1190.0,1185.0,1190.0,2591600
2026-02-18 13:50:00,1185.0,1195.0,1185.0,1185.0,1003600
2026-02-18 13:55:00,1185.0,1190.0,1180.0,1180.0,1845500
2026-02-18 14:00:00,1185.0,1185.0,1175.0,1180.0,2121600
2026-02-18 14:05:00,1175.0,1180.0,1170.0,1175.0,1761100
2026-02-18 14:10:00,1175.0,1180.0,1175.0,1180.0,99500
2026-02-18 14:15:00,1180.0,1180.0,1175.0,1180.0,124500
2026-02-18 14:20:00,1175.0,1180.0,1175.0,1175.0,91600
2026-02-18 14:25:00,1180.0,1180.0,1175.0,1175.0,674800
2026-02-18 14:30:00,1175.0,1180.0,1170.0,1175.0,656300
2026-02-18 14:35:00,1175.0,1180.0,1175.0,1180.0,1011000
2026-02-18 14:40:00,1175.0,1180.0,1175.0,1175.0,786800
2026-02-18 14:45:00,1175.0,1185.0,1175.0,1180.0,1033500
2026-02-18 14:50:00,1180.0,1180.0,1175.0,1180.0,333000
2026-02-18 14:55:00,1180.0,1180.0,1175.0,1175.0,97700
2026-02-18 15:00:00,1175.0,1180.0,1175.0,1175.0,428600
2026-02-18 15:05:00,1175.0,1185.0,1175.0,1180.0,775300
2026-02-18 15:10:00,1180.0,1185.0,1175.0,1180.0,437400
2026-02-18 15:15:00,1180.0,1185.0,1175.0,1180.0,217300
2026-02-18 15:20:00,1180.0,1180.0,1175.0,1175.0,753100
2026-02-18 15:25:00,1175.0,1180.0,1170.0,1180.0,2044800
2026-02-18 15:30:00,1180.0,1180.0,1175.0,1180.0,190900
2026-02-18 15:35:00,1175.0,1180.0,1175.0,1180.0,87400
2026-02-18 15:40:00,1175.0,1180.0,1175.0,1175.0,1033300
2026-02-18 15:45:00,1175.0,1180.0,1170.0,1175.0,2411300
2026-02-18 16:00:00,1175.0,1175.0,1175.0,1175.0,1017400
2026-02-18 16:05:00,1175.0,1175.0,1175.0,1175.0,657100
2026-02-18 16:10:00,1175.0,1175.0,1175.0,1175.0,169100
2026-02-19 09:00:00,1220.0,1225.0,1195.0,1200.0,0
2026-02-19 09:05:00,1205.0,1210.0,1195.0,1210.0,3450500
2026-02-19 09:10:00,1210.0,1210.0,1200.0,1205.0,1620400
2026-02-19 09:15:00,1200.0,1205.0,1190.0,1195.0,4740500
2026-02-19 09:20:00,1190.0,1200.0,1190.0,1200.0,1517300
2026-02-19 09:25:00,1195.0,1200.0,1195.0,1200.0,732400
2026-02-19 09:30:00,1200.0,1200.0,1190.0,1190.0,3330900
2026-02-19 09:35:00,1190.0,1195.0,1185.0,1190.0,2560600
2026-02-19 09:40:00,1185.0,1195.0,1185.0,1190.0,1306800
2026-02-19 09:45:00,1195.0,1195.0,1185.0,1185.0,1206300
2026-02-19 09:50:00,1190.0,1195.0,1185.0,1190.0,984100
2026-02-19 09:55:00,1190.0,1195.0,1190.0,1190.0,402100
2026-02-19 10:00:00,1190.0,1195.0,1180.0,1190.0,2511200
2026-02-19 10:05:00,1185.0,1190.0,1185.0,1185.0,445400
2026-02-19 10:10:00,1185.0,1190.0,1185.0,1190.0,787500
2026-02-19 10:15:00,1190.0,1195.0,1180.0,1185.0,1310300
2026-02-19 10:20:00,1180.0,1185.0,1180.0,1180.0,1398000
2026-02-19 10:25:00,1185.0,1185.0,1175.0,1180.0,2750400
2026-02-19 10:30:00,1180.0,1185.0,1175.0,1185.0,1353400
2026-02-19 10:35:00,1185.0,1185.0,1180.0,1180.0,1860000
2026-02-19 10:40:00,1185.0,1185.0,1175.0,1180.0,1694800
2026-02-19 10:45:00,1180.0,1185.0,1175.0,1180.0,1556700
2026-02-19 10:50:00,1180.0,1185.0,1180.0,1185.0,793500
2026-02-19 10:55:00,1180.0,1195.0,1180.0,1195.0,4800000
2026-02-19 11:00:00,1190.0,1195.0,1185.0,1190.0,964500
2026-02-19 11:05:00,1190.0,1190.0,1185.0,1185.0,361300
2026-02-19 11:10:00,1190.0,1190.0,1185.0,1185.0,1185300
2026-02-19 11:15:00,1185.0,1190.0,1180.0,1190.0,642300
2026-02-19 11:20:00,1185.0,1190.0,1175.0,1175.0,2122000
2026-02-19 11:25:00,1175.0,1180.0,1170.0,1175.0,3752600
2026-02-19 11:30:00,1170.0,1185.0,1170.0,1185.0,1806800
2026-02-19 11:35:00,1185.0,1185.0,1175.0,1180.0,492000
2026-02-19 11:40:00,1180.0,1185.0,1180.0,1180.0,245300
2026-02-19 11:45:00,1180.0,1185.0,1180.0,1185.0,1416700
2026-02-19 11:50:00,1185.0,1185.0,1180.0,1180.0,129300
2026-02-19 11:55:00,1185.0,1185.0,1180.0,1185.0,231000
2026-02-19 13:30:00,1185.0,1185.0,1175.0,1175.0,1556400
2026-02-19 13:35:00,1180.0,1180.0,1175.0,1180.0,210700
2026-02-19 13:40:00,1180.0,1180.0,1175.0,1180.0,321000
2026-02-19 13:45:00,1180.0,1180.0,1175.0,1180.0,209600
2026-02-19 13:50:00,1180.0,1180.0,1175.0,1175.0,187500
2026-02-19 13:55:00,1180.0,1180.0,1175.0,1180.0,1533500
2026-02-19 14:00:00,1180.0,1180.0,1175.0,1175.0,699600
2026-02-19 14:05:00,1175.0,1180.0,1175.0,1175.0,198100
2026-02-19 14:10:00,1180.0,1180.0,1170.0,1170.0,2227300
2026-02-19 14:15:00,1170.0,1175.0,1165.0,1165.0,2649100
2026-02-19 14:20:00,1165.0,1170.0,1165.0,1165.0,149900
2026-02-19 14:25:00,1170.0,1170.0,1165.0,1170.0,191400
2026-02-19 14:30:00,1170.0,1170.0,1165.0,1170.0,245900
2026-02-19 14:35:00,1170.0,1170.0,1165.0,1170.0,663500
2026-02-19 14:40:00,1170.0,1170.0,1165.0,1170.0,130500
2026-02-19 14:45:00,1170.0,1170.0,1165.0,1170.0,235900
2026-02-19 14:50:00,1165.0,1180.0,1165.0,1180.0,417200
2026-02-19 14:55:00,1180.0,1180.0,1170.0,1175.0,615200
2026-02-19 15:00:00,1175.0,1175.0,1165.0,1170.0,260100
2026-02-19 15:05:00,1170.0,1175.0,1165.0,1175.0,756400
2026-02-19 15:10:00,1175.0,1175.0,1170.0,1175.0,101900
2026-02-19 15:15:00,1175.0,1175.0,1170.0,1170.0,377300
2026-02-19 15:20:00,1170.0,1170.0,1165.0,1170.0,178200
2026-02-19 15:25:00,1170.0,1170.0,1165.0,1165.0,540200
2026-02-19 15:30:00,1165.0,1170.0,1165.0,1165.0,1791100
2026-02-19 15:35:00,1165.0,1170.0,1160.0,1170.0,895800
2026-02-19 15:40:00,1165.0,1170.0,1160.0,1165.0,2226300
2026-02-19 15:45:00,1170.0,1180.0,1165.0,1175.0,1154300
2026-02-19 16:00:00,1180.0,1180.0,1180.0,1180.0,1107900
2026-02-19 16:05:00,1180.0,1180.0,1180.0,1180.0,54200
2026-02-19 16:10:00,1180.0,1180.0,1180.0,1180.0,190900
2026-02-20 09:00:00,1180.0,1180.0,1165.0,1170.0,0
2026-02-20 09:05:00,1170.0,1175.0,1160.0,1160.0,3620500
2026-02-20 09:10:00,1165.0,1165.0,1150.0,1155.0,2972200
2026-02-20 09:15:00,1155.0,1160.0,1150.0,1150.0,2750900
2026-02-20 09:20:00,1150.0,1150.0,1145.0,1145.0,2944000
2026-02-20 09:25:00,1145.0,1155.0,1140.0,1155.0,3913400
2026-02-20 09:30:00,1155.0,1165.0,1150.0,1165.0,1527600
2026-02-20 09:35:00,1165.0,1165.0,1150.0,1155.0,1173200
2026-02-20 09:40:00,1155.0,1160.0,1150.0,1150.0,1417500
2026-02-20 09:45:00,1150.0,1155.0,1145.0,1150.0,856400
2026-02-20 09:50:00,1150.0,1150.0,1140.0,1145.0,2177600
2026-02-20 09:55:00,1145.0,1150.0,1140.0,1145.0,1545100
2026-02-20 10:00:00,1145.0,1150.0,1145.0,1145.0,1553600
2026-02-20 10:05:00,1150.0,1150.0,1145.0,1150.0,942600
2026-02-20 10:10:00,1150.0,1150.0,1145.0,1145.0,818300
2026-02-20 10:15:00,1150.0,1150.0,1140.0,1145.0,1467400
2026-02-20 10:20:00,1145.0,1150.0,1145.0,1145.0,582900
2026-02-20 10:25:00,1145.0,1150.0,1145.0,1145.0,360500
2026-02-20 10:30:00,1150.0,1150.0,1140.0,1140.0,523700
2026-02-20 10:35:00,1145.0,1150.0,1140.0,1145.0,623400
2026-02-20 10:40:00,1145.0,1150.0,1145.0,1150.0,93900
2026-02-20 10:45:00,1145.0,1150.0,1145.0,1150.0,262900
2026-02-20 10:50:00,1150.0,1150.0,1145.0,1145.0,81400
2026-02-20 10:55:00,1145.0,1150.0,1145.0,1145.0,288500
2026-02-20 11:00:00,1145.0,1150.0,1140.0,1140.0,1012300
2026-02-20 11:05:00,1145.0,1145.0,1140.0,1145.0,271400
2026-02-20 11:10:00,1145.0,1145.0,1140.0,1145.0,506700
2026-02-20 11:15:00,1140.0,1145.0,1140.0,1145.0,1025700
2026-02-20 11:20:00,1145.0,1150.0,1145.0,1145.0,635300
2026-02-20 11:25:00,1145.0,1150.0,1140.0,1145.0,333500
2026-02-20 14:00:00,1145.0,1150.0,1140.0,1140.0,1423300
2026-02-20 14:05:00,1145.0,1150.0,1140.0,1145.0,426200
2026-02-20 14:10:00,1150.0,1150.0,1145.0,1145.0,259100
2026-02-20 14:15:00,1145.0,1150.0,1145.0,1145.0,497300
2026-02-20 14:20:00,1145.0,1155.0,1145.0,1155.0,1393400
2026-02-20 14:25:00,1155.0,1155.0,1145.0,1150.0,1003200
2026-02-20 14:30:00,1145.0,1150.0,1140.0,1140.0,1072500
2026-02-20 14:35:00,1140.0,1145.0,1140.0,1145.0,1279000
2026-02-20 14:40:00,1140.0,1145.0,1140.0,1145.0,290800
2026-02-20 14:45:00,1145.0,1150.0,1140.0,1145.0,1355400
2026-02-20 14:50:00,1150.0,1150.0,1145.0,1150.0,108300
2026-02-20 14:55:00,1145.0,1155.0,1145.0,1155.0,3634000
2026-02-20 15:00:00,1155.0,1155.0,1145.0,1155.0,1270100
2026-02-20 15:05:00,1155.0,1155.0,1145.0,1150.0,620000
2026-02-20 15:10:00,1150.0,1150.0,1145.0,1145.0,146600
2026-02-20 15:15:00,1150.0,1150.0,1145.0,1145.0,337000
2026-02-20 15:20:00,1145.0,1150.0,1145.0,1145.0,251500
2026-02-20 15:25:00,1150.0,1150.0,1145.0,1145.0,293500
2026-02-20 15:30:00,1145.0,1150.0,1145.0,1145.0,965200
2026-02-20 15:35:00,1150.0,1150.0,1145.0,1145.0,543000
2026-02-20 15:40:00,1150.0,1150.0,1140.0,1145.0,1250600
2026-02-20 15:45:00,1145.0,1150.0,1140.0,1150.0,1069800
2026-02-20 16:00:00,1140.0,1140.0,1140.0,1140.0,6772300
2026-02-20 16:05:00,1140.0,1140.0,1140.0,1140.0,23900
2026-02-20 16:10:00,1140.0,1140.0,1140.0,1140.0,55500
2026-02-23 09:00:00,1155.0,1165.0,1150.0,1155.0,0
2026-02-23 09:05:00,1155.0,1165.0,1150.0,1160.0,3475600
2026-02-23 09:10:00,1165.0,1170.0,1160.0,1170.0,2225000
2026-02-23 09:15:00,1170.0,1170.0,1155.0,1160.0,2203600
2026-02-23 09:20:00,1155.0,1160.0,1150.0,1155.0,1605800
2026-02-23 09:25:00,1150.0,1160.0,1145.0,1150.0,1026400
2026-02-23 09:30:00,1150.0,1155.0,1145.0,1145.0,480000
2026-02-23 09:35:00,1150.0,1155.0,1145.0,1155.0,502900
2026-02-23 09:40:00,1150.0,1160.0,1150.0,1160.0,1797800
2026-02-23 09:45:00,1160.0,1160.0,1155.0,1155.0,1185000
2026-02-23 09:50:00,1155.0,1165.0,1155.0,1165.0,1219100
2026-02-23 09:55:00,1165.0,1170.0,1165.0,1165.0,625800
2026-02-23 10:00:00,1170.0,1175.0,1165.0,1165.0,2166700
2026-02-23 10:05:00,1165.0,1170.0,1160.0,1165.0,829100
2026-02-23 10:10:00,1165.0,1165.0,1160.0,1160.0,760000
2026-02-23 10:15:00,1160.0,1165.0,1160.0,1165.0,237600
2026-02-23 10:20:00,1165.0,1165.0,1160.0,1165.0,365100
2026-02-23 10:25:00,1160.0,1170.0,1160.0,1165.0,1238600
2026-02-23 10:30:00,1165.0,1165.0,1160.0,1160.0,460400
2026-02-23 10:35:00,1160.0,1165.0,1155.0,1160.0,817600
2026-02-23 10:40:00,1155.0,1165.0,1155.0,1155.0,1218100
2026-02-23 10:45:00,1160.0,1160.0,1150.0,1155.0,977500
2026-02-23 10:50:00,1160.0,1160.0,1155.0,1155.0,82100
2026-02-23 10:55:00,1155.0,1160.0,1155.0,1160.0,217700
2026-02-23 11:00:00,1160.0,1160.0,1155.0,1160.0,685200
2026-02-23 11:05:00,1160.0,1160.0,1155.0,1160.0,254200
2026-02-23 11:10:00,1160.0,1160.0,1155.0,1155.0,156500
2026-02-23 11:15:00,1155.0,1160.0,1155.0,1155.0,286500
2026-02-23 11:20:00,1160.0,1160.0,1155.0,1160.0,274900
2026-02-23 11:25:00,1160.0,1160.0,1155.0,1155.0,542500
2026-02-23 11:30:00,1155.0,1160.0,1155.0,1155.0,584400
2026-02-23 11:35:00,1155.0,1160.0,1155.0,1160.0,48300
2026-02-23 11:40:00,1160.0,1160.0,1155.0,1160.0,539500
2026-02-23 11:45:00,1160.0,1160.0,1155.0,1160.0,842500
2026-02-23 11:50:00,1160.0,1165.0,1155.0,1160.0,522500
2026-02-23 11:55:00,1155.0,1160.0,1155.0,1155.0,942000
2026-02-23 13:30:00,1160.0,1160.0,1150.0,1155.0,1636900
2026-02-23 13:35:00,1160.0,1160.0,1155.0,1160.0,463000
2026-02-23 13:40:00,1155.0,1170.0,1155.0,1165.0,2475600
2026-02-23 13:45:00,1165.0,1180.0,1160.0,1180.0,6337400
2026-02-23 13:50:00,1175.0,1180.0,1165.0,1170.0,1516300
2026-02-23 13:55:00,1170.0,1170.0,1165.0,1165.0,2712200
2026-02-23 14:00:00,1170.0,1175.0,1170.0,1175.0,1840700
2026-02-23 14:05:00,1175.0,1180.0,1170.0,1175.0,1122000
2026-02-23 14:10:00,1175.0,1175.0,1170.0,1170.0,788600
2026-02-23 14:15:00,1170.0,1175.0,1170.0,1170.0,1394100
2026-02-23 14:20:00,1170.0,1175.0,1165.0,1165.0,264000
2026-02-23 14:25:00,1170.0,1175.0,1165.0,1175.0,604200
2026-02-23 14:30:00,1170.0,1175.0,1170.0,1175.0,615600
2026-02-23 14:35:00,1170.0,1170.0,1165.0,1170.0,469200
2026-02-23 14:40:00,1165.0,1175.0,1165.0,1175.0,502400
2026-02-23 14:45:00,1170.0,1180.0,1165.0,1170.0,2822000
2026-02-23 14:50:00,1170.0,1175.0,1170.0,1170.0,1122300
2026-02-23 14:55:00,1170.0,1175.0,1165.0,1170.0,784700
2026-02-23 15:00:00,1170.0,1175.0,1165.0,1175.0,507400
2026-02-23 15:05:00,1170.0,1175.0,1165.0,1165.0,247500
2026-02-23 15:10:00,1170.0,1170.0,1165.0,1170.0,145600
2026-02-23 15:15:00,1165.0,1170.0,1165.0,1170.0,726400
2026-02-23 15:20:00,1170.0,1175.0,1165.0,1165.0,426100
2026-02-23 15:25:00,1165.0,1175.0,1165.0,1165.0,913900
2026-02-23 15:30:00,1165.0,1170.0,1165.0,1170.0,594600
2026-02-23 15:35:00,1165.0,1170.0,1160.0,1170.0,1355900
2026-02-23 15:40:00,1165.0,1170.0,1160.0,1165.0,563700
2026-02-23 15:45:00,1165.0,1170.0,1165.0,1165.0,283300
2026-02-23 16:00:00,1165.0,1165.0,1165.0,1165.0,1396300
2026-02-23 16:05:00,1165.0,1165.0,1165.0,1165.0,154400
2026-02-23 16:10:00,1165.0,1165.0,1165.0,1165.0,83400
2026-02-24 09:00:00,1175.0,1200.0,1170.0,1195.0,0
2026-02-24 09:05:00,1195.0,1195.0,1175.0,1180.0,4162000
2026-02-24 09:10:00,1180.0,1185.0,1165.0,1170.0,2637700
2026-02-24 09:15:00,1170.0,1175.0,1165.0,1165.0,750600
2026-02-24 09:20:00,1170.0,1170.0,1165.0,1165.0,1214100
2026-02-24 09:25:00,1165.0,1170.0,1160.0,1170.0,960300
2026-02-24 09:30:00,1165.0,1170.0,1160.0,1160.0,1261200
2026-02-24 09:35:00,1160.0,1165.0,1145.0,1155.0,3447600
2026-02-24 09:40:00,1155.0,1160.0,1150.0,1160.0,993100
2026-02-24 09:45:00,1160.0,1160.0,1150.0,1155.0,747100
2026-02-24 09:50:00,1155.0,1155.0,1150.0,1150.0,693200
2026-02-24 09:55:00,1150.0,1155.0,1150.0,1150.0,160900
2026-02-24 10:00:00,1155.0,1155.0,1145.0,1150.0,1807100
2026-02-24 10:05:00,1155.0,1155.0,1145.0,1150.0,618600
2026-02-24 10:10:00,1150.0,1150.0,1145.0,1150.0,2097000
2026-02-24 10:15:00,1150.0,1150.0,1145.0,1150.0,262100
2026-02-24 10:20:00,1150.0,1150.0,1145.0,1145.0,1572500
2026-02-24 10:25:00,1145.0,1150.0,1140.0,1145.0,1116700
2026-02-24 10:30:00,1145.0,1145.0,1135.0,1140.0,4170100
2026-02-24 10:35:00,1140.0,1140.0,1135.0,1135.0,332200
2026-02-24 10:40:00,1140.0,1140.0,1135.0,1140.0,785400
2026-02-24 10:45:00,1135.0,1140.0,1135.0,1140.0,553300
2026-02-24 10:50:00,1140.0,1140.0,1135.0,1140.0,422300
2026-02-24 10:55:00,1140.0,1145.0,1135.0,1145.0,906700
2026-02-24 11:00:00,1145.0,1145.0,1135.0,1140.0,1401400
2026-02-24 11:05:00,1140.0,1140.0,1135.0,1140.0,511600
2026-02-24 11:10:00,1140.0,1140.0,1135.0,1135.0,148800
2026-02-24 11:15:00,1140.0,1140.0,1135.0,1140.0,164800
2026-02-24 11:20:00,1135.0,1140.0,1135.0,1140.0,874500
2026-02-24 11:25:00,1140.0,1140.0,1135.0,1140.0,508700
2026-02-24 11:30:00,1140.0,1145.0,1135.0,1140.0,1007800
2026-02-24 11:35:00,1140.0,1140.0,1135.0,1140.0,368300
2026-02-24 11:40:00,1140.0,1140.0,1135.0,1140.0,200300
2026-02-24 11:45:00,1140.0,1140.0,1135.0,1140.0,220300
2026-02-24 11:50:00,1140.0,1140.0,1135.0,1140.0,126500
2026-02-24 11:55:00,1135.0,1140.0,1135.0,1140.0,157100
2026-02-24 13:30:00,1140.0,1140.0,1130.0,1135.0,7163900
2026-02-24 13:35:00,1135.0,1135.0,1130.0,1135.0,622000
2026-02-24 13:40:00,1135.0,1135.0,1130.0,1130.0,392100
2026-02-24 13:45:00,1135.0,1135.0,1130.0,1130.0,2039300
2026-02-24 13:50:00,1130.0,1130.0,1120.0,1125.0,3189300
2026-02-24 13:55:00,1125.0,1130.0,1120.0,1125.0,723000
2026-02-24 14:00:00,1120.0,1125.0,1120.0,1125.0,1589300
2026-02-24 14:05:00,1125.0,1125.0,1115.0,1115.0,2635300
2026-02-24 14:10:00,1115.0,1120.0,1115.0,1120.0,803600
2026-02-24 14:15:00,1115.0,1120.0,1105.0,1105.0,4579700
2026-02-24 14:20:00,1110.0,1110.0,1100.0,1100.0,2921700
2026-02-24 14:25:00,1100.0,1110.0,1100.0,1110.0,4039800
2026-02-24 14:30:00,1110.0,1120.0,1110.0,1120.0,1190800
2026-02-24 14:35:00,1120.0,1120.0,1115.0,1120.0,817800
2026-02-24 14:40:00,1120.0,1120.0,1110.0,1115.0,663700
2026-02-24 14:45:00,1110.0,1115.0,1105.0,1110.0,1833900
2026-02-24 14:50:00,1105.0,1110.0,1105.0,1110.0,698600
2026-02-24 14:55:00,1105.0,1110.0,1100.0,1110.0,2532400
2026-02-24 15:00:00,1105.0,1110.0,1105.0,1110.0,468500
2026-02-24 15:05:00,1110.0,1110.0,1105.0,1105.0,1273500
2026-02-24 15:10:00,1105.0,1105.0,1100.0,1105.0,836100
2026-02-24 15:15:00,1105.0,1110.0,1100.0,1105.0,1337600
2026-02-24 15:20:00,1105.0,1105.0,1100.0,1105.0,952600
2026-02-24 15:25:00,1105.0,1110.0,1105.0,1110.0,498700
2026-02-24 15:30:00,1110.0,1110.0,1105.0,1105.0,1721900
2026-02-24 15:35:00,1110.0,1110.0,1105.0,1110.0,1624500
2026-02-24 15:40:00,1105.0,1105.0,1100.0,1100.0,2288900
2026-02-24 15:45:00,1105.0,1110.0,1100.0,1100.0,1438500
2026-02-24 16:00:00,1100.0,1100.0,1100.0,1100.0,3428900
2026-02-24 16:05:00,1100.0,1100.0,1100.0,1100.0,127900
2026-02-24 16:10:00,1100.0,1100.0,1100.0,1100.0,278300
2026-02-25 09:00:00,1105.0,1115.0,1100.0,1110.0,0
2026-02-25 09:05:00,1110.0,1120.0,1105.0,1110.0,2388200
2026-02-25 09:10:00,1110.0,1115.0,1100.0,1105.0,2104100
2026-02-25 09:15:00,1100.0,1110.0,1075.0,1075.0,5244100
2026-02-25 09:20:00,1080.0,1090.0,1060.0,1060.0,4631700
2026-02-25 09:25:00,1065.0,1085.0,1065.0,1080.0,3116600
2026-02-25 09:30:00,1085.0,1085.0,1075.0,1075.0,2430400
2026-02-25 09:35:00,1075.0,1080.0,1070.0,1080.0,1467100
2026-02-25 09:40:00,1080.0,1080.0,1070.0,1075.0,1358200
2026-02-25 09:45:00,1075.0,1080.0,1070.0,1070.0,1010500
2026-02-25 09:50:00,1070.0,1085.0,1070.0,1080.0,744600
2026-02-25 09:55:00,1080.0,1090.0,1080.0,1090.0,604000
2026-02-25 10:00:00,1090.0,1090.0,1080.0,1085.0,437800
2026-02-25 10:05:00,1085.0,1085.0,1080.0,1085.0,430300
2026-02-25 10:10:00,1085.0,1090.0,1080.0,1085.0,1151200
2026-02-25 10:15:00,1080.0,1085.0,1075.0,1080.0,427100
2026-02-25 10:20:00,1080.0,1080.0,1075.0,1075.0,174100
2026-02-25 10:25:00,1080.0,1085.0,1075.0,1080.0,506200
2026-02-25 10:30:00,1080.0,1085.0,1080.0,1080.0,120700
2026-02-25 10:35:00,1080.0,1085.0,1075.0,1080.0,1657500
2026-02-25 10:40:00,1080.0,1080.0,1070.0,1070.0,1025700
2026-02-25 10:45:00,1070.0,1075.0,1070.0,1075.0,759100
2026-02-25 10:50:00,1075.0,1075.0,1065.0,1065.0,1447500
2026-02-25 10:55:00,1065.0,1070.0,1065.0,1065.0,790100
2026-02-25 11:00:00,1065.0,1075.0,1065.0,1075.0,627800
2026-02-25 11:05:00,1075.0,1075.0,1070.0,1075.0,256000
2026-02-25 11:10:00,1075.0,1075.0,1070.0,1075.0,335800
2026-02-25 11:15:00,1070.0,1080.0,1070.0,1075.0,205700
2026-02-25 11:20:00,1075.0,1080.0,1075.0,1075.0,414900
2026-02-25 11:25:00,1080.0,1080.0,1070.0,1075.0,523100
2026-02-25 11:30:00,1075.0,1075.0,1070.0,1075.0,630100
2026-02-25 11:35:00,1075.0,1075.0,1070.0,1070.0,106500
2026-02-25 11:40:00,1075.0,1075.0,1070.0,1070.0,196500
2026-02-25 11:45:00,1070.0,1075.0,1070.0,1075.0,177800
2026-02-25 11:50:00,1075.0,1075.0,1070.0,1070.0,238600
2026-02-25 11:55:00,1075.0,1080.0,1070.0,1080.0,667200
2026-02-25 13:30:00,1075.0,1095.0,1070.0,1080.0,3738800
2026-02-25 13:35:00,1080.0,1085.0,1070.0,1075.0,867800
2026-02-25 13:40:00,1075.0,1085.0,1070.0,1085.0,1907400
2026-02-25 13:45:00,1090.0,1090.0,1080.0,1090.0,1126400
2026-02-25 13:50:00,1090.0,1090.0,1085.0,1090.0,521500
2026-02-25 13:55:00,1090.0,1095.0,1085.0,1095.0,743400
2026-02-25 14:00:00,1095.0,1095.0,1090.0,1095.0,955900
2026-02-25 14:05:00,1090.0,1095.0,1085.0,1095.0,752100
2026-02-25 14:10:00,1090.0,1100.0,1090.0,1095.0,1368500
2026-02-25 14:15:00,1095.0,1100.0,1090.0,1095.0,681600
2026-02-25 14:20:00,1095.0,1095.0,1085.0,1085.0,609000
2026-02-25 14:25:00,1085.0,1095.0,1085.0,1095.0,359200
2026-02-25 14:30:00,1095.0,1095.0,1085.0,1085.0,898800
2026-02-25 14:35:00,1085.0,1090.0,1080.0,1085.0,550100
2026-02-25 14:40:00,1085.0,1090.0,1085.0,1090.0,45000
2026-02-25 14:45:00,1085.0,1090.0,1085.0,1085.0,132900
2026-02-25 14:50:00,1090.0,1090.0,1085.0,1090.0,219000
2026-02-25 14:55:00,1085.0,1090.0,1080.0,1085.0,1199800
2026-02-25 15:00:00,1080.0,1085.0,1080.0,1080.0,63300
2026-02-25 15:05:00,1080.0,1085.0,1080.0,1085.0,803600
2026-02-25 15:10:00,1085.0,1085.0,1080.0,1080.0,97000
2026-02-25 15:15:00,1080.0,1085.0,1080.0,1085.0,222000
2026-02-25 15:20:00,1085.0,1085.0,1080.0,1080.0,705500
2026-02-25 15:25:00,1080.0,1085.0,1080.0,1085.0,118000
2026-02-25 15:30:00,1085.0,1085.0,1080.0,1080.0,178400
2026-02-25 15:35:00,1085.0,1085.0,1080.0,1085.0,518600
2026-02-25 15:40:00,1085.0,1085.0,1080.0,1085.0,1402900
2026-02-25 15:45:00,1085.0,1090.0,1085.0,1085.0,730400
2026-02-25 16:00:00,1085.0,1085.0,1085.0,1085.0,1097900
2026-02-25 16:05:00,1085.0,1085.0,1085.0,1085.0,196400
2026-02-25 16:10:00,1085.0,1085.0,1085.0,1085.0,9300
2026-02-26 09:00:00,1095.0,1100.0,1075.0,1080.0,0
2026-02-26 09:05:00,1080.0,1085.0,1070.0,1075.0,1026100
2026-02-26 09:10:00,1075.0,1090.0,1070.0,1090.0,1454700
2026-02-26 09:15:00,1090.0,1095.0,1075.0,1080.0,1462400
2026-02-26 09:20:00,1080.0,1085.0,1075.0,1075.0,316600
2026-02-26 09:25:00,1075.0,1080.0,1075.0,1080.0,250200
2026-02-26 09:30:00,1080.0,1080.0,1070.0,1070.0,1845000
2026-02-26 09:35:00,1075.0,1075.0,1070.0,1075.0,503800
2026-02-26 09:40:00,1070.0,1075.0,1070.0,1070.0,482700
2026-02-26 09:45:00,1075.0,1075.0,1070.0,1070.0,268200
2026-02-26 09:50:00,1075.0,1075.0,1070.0,1075.0,136200
2026-02-26 09:55:00,1070.0,1075.0,1070.0,1075.0,65200
2026-02-26 10:00:00,1075.0,1075.0,1070.0,1075.0,256000
2026-02-26 10:05:00,1075.0,1080.0,1070.0,1080.0,1939700
2026-02-26 10:10:00,1080.0,1080.0,1075.0,1075.0,435200
2026-02-26 10:15:00,1075.0,1080.0,1070.0,1075.0,954700
2026-02-26 10:20:00,1070.0,1075.0,1060.0,1060.0,2073700
2026-02-26 10:25:00,1065.0,1065.0,1050.0,1050.0,3554200
2026-02-26 10:30:00,1055.0,1060.0,1050.0,1055.0,1289100
2026-02-26 10:35:00,1060.0,1060.0,1055.0,1055.0,780700
2026-02-26 10:40:00,1060.0,1070.0,1055.0,1065.0,649600
2026-02-26 10:45:00,1060.0,1065.0,1060.0,1065.0,87900
2026-02-26 10:50:00,1065.0,1065.0,1060.0,1065.0,599600
2026-02-26 10:55:00,1065.0,1065.0,1060.0,1060.0,89000
2026-02-26 11:00:00,1060.0,1060.0,1050.0,1055.0,1220500
2026-02-26 11:05:00,1055.0,1060.0,1055.0,1055.0,134400
2026-02-26 11:10:00,1055.0,1060.0,1050.0,1055.0,849300
2026-02-26 11:15:00,1055.0,1065.0,1050.0,1065.0,1455500
2026-02-26 11:20:00,1065.0,1065.0,1055.0,1060.0,271700
2026-02-26 11:25:00,1060.0,1060.0,1055.0,1060.0,147900
2026-02-26 11:30:00,1060.0,1065.0,1055.0,1060.0,286200
2026-02-26 11:35:00,1060.0,1065.0,1055.0,1060.0,407100
2026-02-26 11:40:00,1060.0,1060.0,1055.0,1055.0,131800
2026-02-26 11:45:00,1055.0,1060.0,1055.0,1055.0,77900
2026-02-26 11:50:00,1055.0,1060.0,1055.0,1055.0,561500
2026-02-26 11:55:00,1055.0,1060.0,1050.0,1055.0,873600
2026-02-26 13:30:00,1060.0,1060.0,1050.0,1055.0,905100
2026-02-26 13:35:00,1055.0,1055.0,1050.0,1055.0,276700
2026-02-26 13:40:00,1055.0,1055.0,1050.0,1055.0,97300
2026-02-26 13:45:00,1055.0,1055.0,1050.0,1055.0,520500
2026-02-26 13:50:00,1050.0,1055.0,1050.0,1050.0,559400
2026-02-26 13:55:00,1050.0,1055.0,1050.0,1055.0,350300
2026-02-26 14:00:00,1055.0,1055.0,1045.0,1045.0,4006300
2026-02-26 14:05:00,1045.0,1050.0,1040.0,1040.0,946800
2026-02-26 14:10:00,1040.0,1045.0,1040.0,1045.0,1752600
2026-02-26 14:15:00,1040.0,1045.0,1040.0,1040.0,393500
2026-02-26 14:20:00,1040.0,1045.0,1040.0,1045.0,1461100
2026-02-26 14:25:00,1040.0,1045.0,1030.0,1035.0,4738900
2026-02-26 14:30:00,1040.0,1045.0,1030.0,1040.0,2272700
2026-02-26 14:35:00,1045.0,1045.0,1040.0,1045.0,709900
2026-02-26 14:40:00,1045.0,1045.0,1035.0,1045.0,1791400
2026-02-26 14:45:00,1045.0,1045.0,1040.0,1045.0,213300
2026-02-26 14:50:00,1045.0,1045.0,1040.0,1045.0,145600
2026-02-26 14:55:00,1045.0,1050.0,1040.0,1050.0,879500
2026-02-26 15:00:00,1050.0,1050.0,1045.0,1050.0,299800
2026-02-26 15:05:00,1050.0,1050.0,1045.0,1045.0,84300
2026-02-26 15:10:00,1045.0,1050.0,1040.0,1045.0,859700
2026-02-26 15:15:00,1045.0,1045.0,1035.0,1035.0,1318800
2026-02-26 15:20:00,1040.0,1045.0,1035.0,1040.0,529100
2026-02-26 15:25:00,1040.0,1045.0,1035.0,1040.0,331300
2026-02-26 15:30:00,1040.0,1040.0,1035.0,1040.0,822700
2026-02-26 15:35:00,1040.0,1040.0,1035.0,1035.0,919900
2026-02-26 15:40:00,1035.0,1040.0,1030.0,1040.0,1529400
2026-02-26 15:45:00,1040.0,1040.0,1035.0,1040.0,2043100
2026-02-26 16:00:00,1040.0,1040.0,1040.0,1040.0,1115300
2026-02-26 16:05:00,1040.0,1040.0,1040.0,1040.0,64600
2026-02-26 16:10:00,1040.0,1040.0,1040.0,1040.0,70900
2026-02-27 09:00:00,1035.0,1035.0,1010.0,1025.0,0
2026-02-27 09:05:00,1020.0,1030.0,1000.0,1005.0,6796300
2026-02-27 09:10:00,1005.0,1020.0,1005.0,1015.0,2381200
2026-02-27 09:15:00,1010.0,1025.0,1010.0,1025.0,1561600
2026-02-27 09:20:00,1020.0,1025.0,1020.0,1025.0,974100
2026-02-27 09:25:00,1020.0,1030.0,1020.0,1030.0,1796100
2026-02-27 09:30:00,1025.0,1035.0,1025.0,1030.0,1177000
2026-02-27 09:35:00,1035.0,1035.0,1025.0,1025.0,2050100
2026-02-27 09:40:00,1025.0,1030.0,1025.0,1025.0,318800
2026-02-27 09:45:00,1025.0,1035.0,1025.0,1030.0,421000
2026-02-27 09:50:00,1030.0,1035.0,1020.0,1020.0,2189100
2026-02-27 09:55:00,1020.0,1025.0,1020.0,1025.0,444800
2026-02-27 10:00:00,1025.0,1025.0,1020.0,1020.0,211600
2026-02-27 10:05:00,1020.0,1030.0,1020.0,1025.0,509400
2026-02-27 10:10:00,1020.0,1020.0,1005.0,1020.0,5106700
2026-02-27 10:15:00,1020.0,1020.0,1015.0,1020.0,240900
2026-02-27 10:20:00,1015.0,1025.0,1015.0,1025.0,1144800
2026-02-27 10:25:00,1025.0,1025.0,1020.0,1020.0,470800
2026-02-27 10:30:00,1025.0,1025.0,1020.0,1020.0,103300
2026-02-27 10:35:00,1025.0,1025.0,1020.0,1025.0,732500
2026-02-27 10:40:00,1025.0,1025.0,1020.0,1025.0,440500
2026-02-27 10:45:00,1020.0,1030.0,1020.0,1030.0,217900
2026-02-27 10:50:00,1030.0,1030.0,1025.0,1025.0,273800
2026-02-27 10:55:00,1025.0,1030.0,1025.0,1030.0,61600
2026-02-27 11:00:00,1025.0,1030.0,1020.0,1030.0,530000
2026-02-27 11:05:00,1025.0,1030.0,1025.0,1030.0,56900
2026-02-27 11:10:00,1025.0,1030.0,1020.0,1030.0,324200
2026-02-27 11:15:00,1025.0,1030.0,1020.0,1020.0,370000
2026-02-27 11:20:00,1020.0,1025.0,1020.0,1025.0,94900
2026-02-27 11:25:00,1025.0,1030.0,1020.0,1025.0,184900
2026-02-27 14:00:00,1025.0,1030.0,1025.0,1030.0,920800
2026-02-27 14:05:00,1030.0,1035.0,1025.0,1035.0,1949300
2026-02-27 14:10:00,1030.0,1035.0,1025.0,1025.0,415200
2026-02-27 14:15:00,1030.0,1030.0,1025.0,1025.0,189900
2026-02-27 14:20:00,1025.0,1030.0,1025.0,1030.0,77100
2026-02-27 14:25:00,1030.0,1035.0,1030.0,1035.0,1160500
2026-02-27 14:30:00,1035.0,1035.0,1030.0,1035.0,686300
2026-02-27 14:35:00,1035.0,1035.0,1030.0,1035.0,578800
2026-02-27 14:40:00,1035.0,1035.0,1030.0,1035.0,120100
2026-02-27 14:45:00,1035.0,1040.0,1030.0,1035.0,602800
2026-02-27 14:50:00,1035.0,1040.0,1035.0,1040.0,2628300
2026-02-27 14:55:00,1040.0,1045.0,1035.0,1040.0,991200
2026-02-27 15:00:00,1040.0,1050.0,1040.0,1045.0,2125700
2026-02-27 15:05:00,1045.0,1050.0,1045.0,1045.0,611500
2026-02-27 15:10:00,1050.0,1050.0,1045.0,1050.0,199300
2026-02-27 15:15:00,1050.0,1050.0,1045.0,1050.0,196900
2026-02-27 15:20:00,1050.0,1050.0,1045.0,1050.0,584400
2026-02-27 15:25:00,1045.0,1055.0,1045.0,1055.0,1509900
2026-02-27 15:30:00,1055.0,1055.0,1050.0,1050.0,359500
2026-02-27 15:35:00,1055.0,1055.0,1045.0,1055.0,1681000
2026-02-27 15:40:00,1050.0,1060.0,1050.0,1055.0,2861400
2026-02-27 15:45:00,1055.0,1055.0,1050.0,1055.0,288100
2026-02-27 16:00:00,1050.0,1050.0,1050.0,1050.0,1521000
2026-02-27 16:05:00,1050.0,1050.0,1050.0,1050.0,120600
2026-02-27 16:10:00,1050.0,1050.0,1050.0,1050.0,67400
2026-03-02 09:00:00,985.0,1010.0,960.0,1005.0,0
2026-03-02 09:05:00,1010.0,1010.0,995.0,1010.0,4876900
2026-03-02 09:10:00,1010.0,1010.0,990.0,990.0,5159800
2026-03-02 09:15:00,995.0,995.0,980.0,990.0,6099000
2026-03-02 09:20:00,990.0,1000.0,985.0,1000.0,2577900
2026-03-02 09:25:00,995.0,1010.0,995.0,1000.0,2071100
2026-03-02 09:30:00,1005.0,1005.0,995.0,1000.0,2897300
2026-03-02 09:35:00,1000.0,1005.0,995.0,1000.0,1524300
2026-03-02 09:40:00,1005.0,1010.0,1000.0,1005.0,1373300
2026-03-02 09:45:00,1005.0,1005.0,1000.0,1005.0,620900
2026-03-02 09:50:00,1005.0,1005.0,1000.0,1005.0,821200
2026-03-02 09:55:00,1005.0,1005.0,1000.0,1005.0,399400
2026-03-02 10:00:00,1005.0,1005.0,995.0,1000.0,3043300
2026-03-02 10:05:00,995.0,1000.0,995.0,1000.0,389800
2026-03-02 10:10:00,1000.0,1005.0,995.0,1000.0,1143200
2026-03-02 10:15:00,1000.0,1000.0,995.0,1000.0,3204100
2026-03-02 10:20:00,1000.0,1000.0,995.0,995.0,1416600
2026-03-02 10:25:00,1000.0,1000.0,995.0,1000.0,984300
2026-03-02 10:30:00,1000.0,1000.0,995.0,1000.0,147400
2026-03-02 10:35:00,1000.0,1000.0,995.0,1000.0,152000
2026-03-02 10:40:00,1000.0,1000.0,995.0,995.0,691000
2026-03-02 10:45:00,995.0,1000.0,990.0,995.0,1625300
2026-03-02 10:50:00,995.0,1000.0,990.0,990.0,1067100
2026-03-02 10:55:00,995.0,1000.0,990.0,995.0,872500
2026-03-02 11:00:00,995.0,1000.0,995.0,1000.0,171000
2026-03-02 11:05:00,1000.0,1000.0,995.0,995.0,136600
2026-03-02 11:10:00,1000.0,1000.0,995.0,995.0,384300
2026-03-02 11:15:00,995.0,1000.0,995.0,1000.0,391200
2026-03-02 11:20:00,1000.0,1000.0,995.0,1000.0,513400
2026-03-02 11:25:00,1000.0,1005.0,995.0,1005.0,1086300
2026-03-02 11:30:00,1005.0,1005.0,1000.0,1000.0,390300
2026-03-02 11:35:00,1005.0,1005.0,1000.0,1000.0,39000
2026-03-02 11:40:00,1000.0,1010.0,1000.0,1010.0,676800
2026-03-02 11:45:00,1005.0,1010.0,1000.0,1005.0,513800
2026-03-02 11:50:00,1005.0,1010.0,1000.0,1000.0,1077000
2026-03-02 11:55:00,1000.0,1010.0,1000.0,1000.0,1148600
2026-03-02 13:30:00,1005.0,1010.0,995.0,1000.0,1431700
2026-03-02 13:35:00,1000.0,1005.0,995.0,1000.0,230300
2026-03-02 13:40:00,1000.0,1000.0,995.0,995.0,67900
2026-03-02 13:45:00,1000.0,1000.0,995.0,995.0,414500
2026-03-02 13:50:00,995.0,1000.0,985.0,985.0,5614900
2026-03-02 13:55:00,985.0,990.0,985.0,985.0,2677900
2026-03-02 14:00:00,985.0,990.0,980.0,985.0,2787400
2026-03-02 14:05:00,990.0,990.0,980.0,990.0,1084800
2026-03-02 14:10:00,990.0,990.0,980.0,980.0,1801300
2026-03-02 14:15:00,985.0,990.0,980.0,985.0,1711200
2026-03-02 14:20:00,980.0,990.0,980.0,985.0,522100
2026-03-02 14:25:00,985.0,990.0,980.0,985.0,643600
2026-03-02 14:30:00,985.0,990.0,980.0,990.0,647500
2026-03-02 14:35:00,990.0,995.0,985.0,995.0,990000
2026-03-02 14:40:00,990.0,995.0,985.0,990.0,565500
2026-03-02 14:45:00,990.0,995.0,985.0,990.0,1807700
2026-03-02 14:50:00,985.0,990.0,980.0,990.0,642300
2026-03-02 14:55:00,985.0,990.0,985.0,990.0,185500
2026-03-02 15:00:00,990.0,990.0,985.0,990.0,242100
2026-03-02 15:05:00,990.0,990.0,985.0,990.0,379000
2026-03-02 15:10:00,985.0,990.0,985.0,990.0,883900
2026-03-02 15:15:00,990.0,990.0,985.0,985.0,627200
2026-03-02 15:20:00,990.0,990.0,985.0,985.0,465200
2026-03-02 15:25:00,990.0,990.0,985.0,990.0,301100
2026-03-02 15:30:00,990.0,990.0,985.0,985.0,434200
2026-03-02 15:35:00,990.0,990.0,980.0,985.0,1678000
2026-03-02 15:40:00,985.0,985.0,980.0,980.0,2869600
2026-03-02 15:45:00,980.0,985.0,975.0,980.0,1895600
2026-03-02 16:00:00,985.0,985.0,985.0,985.0,1474300
2026-03-02 16:05:00,985.0,985.0,985.0,985.0,83000
2026-03-02 16:10:00,985.0,985.0,985.0,985.0,238300
2026-03-03 09:00:00,990.0,1000.0,985.0,995.0,0
2026-03-03 09:05:00,1000.0,1010.0,995.0,1010.0,3740000
2026-03-03 09:10:00,1010.0,1010.0,1000.0,1000.0,1705000
2026-03-03 09:15:00,1005.0,1010.0,1000.0,1000.0,2184500
2026-03-03 09:20:00,1000.0,1005.0,1000.0,1000.0,494400
2026-03-03 09:25:00,1000.0,1010.0,1000.0,1010.0,1286400
2026-03-03 09:30:00,1010.0,1015.0,1000.0,1005.0,2774200
2026-03-03 09:35:00,1000.0,1005.0,995.0,1000.0,1925400
2026-03-03 09:40:00,1000.0,1000.0,990.0,1000.0,2591200
2026-03-03 09:45:00,1000.0,1000.0,995.0,995.0,732200
2026-03-03 09:50:00,995.0,1000.0,995.0,1000.0,219300
2026-03-03 09:55:00,995.0,1000.0,995.0,1000.0,444600
2026-03-03 10:00:00,995.0,1000.0,995.0,1000.0,79000
2026-03-03 10:05:00,1000.0,1000.0,995.0,1000.0,324100
2026-03-03 10:10:00,1000.0,1000.0,990.0,995.0,1779400
2026-03-03 10:15:00,995.0,1000.0,990.0,995.0,578000
2026-03-03 10:20:00,995.0,995.0,990.0,995.0,187500
2026-03-03 10:25:00,990.0,995.0,985.0,990.0,555300
2026-03-03 10:30:00,985.0,995.0,985.0,990.0,812700
2026-03-03 10:35:00,995.0,995.0,980.0,985.0,2299300
2026-03-03 10:40:00,980.0,985.0,980.0,980.0,352500
2026-03-03 10:45:00,985.0,985.0,965.0,970.0,4826100
2026-03-03 10:50:00,970.0,975.0,970.0,975.0,1160100
2026-03-03 10:55:00,970.0,980.0,965.0,980.0,922000
2026-03-03 11:00:00,975.0,980.0,975.0,980.0,666100
2026-03-03 11:05:00,980.0,980.0,975.0,975.0,259000
2026-03-03 11:10:00,980.0,980.0,975.0,980.0,62000
2026-03-03 11:15:00,980.0,985.0,975.0,985.0,479800
2026-03-03 11:20:00,980.0,985.0,975.0,980.0,632100
2026-03-03 11:25:00,985.0,985.0,975.0,980.0,948300
2026-03-03 11:30:00,980.0,980.0,970.0,980.0,1884600
2026-03-03 11:35:00,980.0,985.0,975.0,985.0,358800
2026-03-03 11:40:00,985.0,985.0,980.0,985.0,838600
2026-03-03 11:45:00,985.0,985.0,980.0,985.0,324800
2026-03-03 11:50:00,980.0,985.0,980.0,985.0,58000
2026-03-03 11:55:00,985.0,985.0,980.0,980.0,183600
2026-03-03 13:30:00,980.0,985.0,980.0,980.0,1289200
2026-03-03 13:35:00,980.0,980.0,970.0,975.0,1583100
2026-03-03 13:40:00,975.0,980.0,970.0,980.0,535400
2026-03-03 13:45:00,980.0,980.0,975.0,980.0,183300
2026-03-03 13:50:00,980.0,980.0,975.0,980.0,203700
2026-03-03 13:55:00,980.0,980.0,970.0,975.0,1020200
2026-03-03 14:00:00,975.0,975.0,970.0,970.0,1044000
2026-03-03 14:05:00,975.0,975.0,970.0,975.0,259700
2026-03-03 14:10:00,975.0,975.0,965.0,970.0,1766000
2026-03-03 14:15:00,970.0,970.0,965.0,970.0,499800
2026-03-03 14:20:00,970.0,970.0,965.0,970.0,1352500
2026-03-03 14:25:00,970.0,975.0,965.0,970.0,1113900
2026-03-03 14:30:00,965.0,970.0,965.0,965.0,311800
2026-03-03 14:35:00,965.0,975.0,965.0,970.0,849000
2026-03-03 14:40:00,975.0,975.0,970.0,970.0,340500
2026-03-03 14:45:00,970.0,980.0,970.0,980.0,1204300
2026-03-03 14:50:00,980.0,980.0,975.0,975.0,182400
2026-03-03 14:55:00,980.0,980.0,975.0,980.0,42800
2026-03-03 15:00:00,980.0,980.0,975.0,975.0,355200
2026-03-03 15:05:00,980.0,980.0,970.0,975.0,748500
2026-03-03 15:10:00,975.0,980.0,975.0,980.0,1230300
2026-03-03 15:15:00,980.0,980.0,975.0,975.0,215200
2026-03-03 15:20:00,980.0,980.0,975.0,980.0,288600
2026-03-03 15:25:00,980.0,980.0,975.0,980.0,126900
2026-03-03 15:30:00,980.0,980.0,975.0,980.0,316300
2026-03-03 15:35:00,975.0,980.0,965.0,970.0,2270800
2026-03-03 15:40:00,975.0,975.0,970.0,970.0,401300
2026-03-03 15:45:00,970.0,975.0,970.0,975.0,705100
2026-03-03 16:00:00,965.0,965.0,965.0,965.0,1741100
2026-03-03 16:05:00,965.0,965.0,965.0,965.0,182600
2026-03-03 16:10:00,965.0,965.0,965.0,965.0,185800
2026-03-04 09:00:00,945.0,960.0,930.0,955.0,0
2026-03-04 09:05:00,950.0,955.0,935.0,935.0,2044900
2026-03-04 09:10:00,935.0,945.0,930.0,945.0,2439300
2026-03-04 09:15:00,945.0,945.0,925.0,925.0,3310100
2026-03-04 09:20:00,930.0,935.0,915.0,925.0,6816700
2026-03-04 09:25:00,925.0,935.0,920.0,930.0,1888300
2026-03-04 09:30:00,930.0,940.0,925.0,935.0,1752000
2026-03-04 09:35:00,935.0,940.0,925.0,930.0,1185900
2026-03-04 09:40:00,925.0,930.0,920.0,925.0,1707500
2026-03-04 09:45:00,925.0,925.0,920.0,920.0,839500
2026-03-04 09:50:00,925.0,925.0,910.0,915.0,1737700
2026-03-04 09:55:00,915.0,920.0,910.0,915.0,1703500
2026-03-04 10:00:00,915.0,915.0,900.0,910.0,7687000
2026-03-04 10:05:00,910.0,915.0,900.0,905.0,1204100
2026-03-04 10:10:00,900.0,910.0,900.0,905.0,3135700
2026-03-04 10:15:00,905.0,915.0,905.0,905.0,1139500
2026-03-04 10:20:00,905.0,910.0,900.0,905.0,1705100
2026-03-04 10:25:00,900.0,905.0,885.0,895.0,11086600
2026-03-04 10:30:00,895.0,910.0,890.0,905.0,3217000
2026-03-04 10:35:00,900.0,910.0,900.0,905.0,1087100
2026-03-04 10:40:00,900.0,925.0,900.0,925.0,3701300
2026-03-04 10:45:00,925.0,925.0,915.0,920.0,1065100
2026-03-04 10:50:00,915.0,920.0,915.0,915.0,739500
2026-03-04 10:55:00,920.0,920.0,910.0,915.0,664000
2026-03-04 11:00:00,920.0,920.0,905.0,910.0,693900
2026-03-04 11:05:00,910.0,915.0,905.0,910.0,366100
2026-03-04 11:10:00,915.0,915.0,910.0,910.0,335700
2026-03-04 11:15:00,910.0,915.0,910.0,915.0,177000
2026-03-04 11:20:00,915.0,920.0,910.0,910.0,748200
2026-03-04 11:25:00,905.0,915.0,905.0,910.0,790500
2026-03-04 11:30:00,910.0,910.0,900.0,900.0,2159500
2026-03-04 11:35:00,905.0,905.0,895.0,905.0,465800
2026-03-04 11:40:00,900.0,905.0,900.0,900.0,266200
2026-03-04 11:45:00,900.0,905.0,900.0,900.0,536400
2026-03-04 11:50:00,900.0,905.0,895.0,895.0,1328800
2026-03-04 11:55:00,895.0,900.0,895.0,895.0,601100
2026-03-04 13:30:00,895.0,900.0,880.0,885.0,6695100
2026-03-04 13:35:00,890.0,900.0,885.0,900.0,1855500
2026-03-04 13:40:00,895.0,905.0,890.0,895.0,1552100
2026-03-04 13:45:00,895.0,900.0,885.0,895.0,917400
2026-03-04 13:50:00,890.0,895.0,875.0,885.0,3976300
2026-03-04 13:55:00,880.0,880.0,855.0,865.0,3714000
2026-03-04 14:00:00,865.0,875.0,860.0,865.0,2357300
2026-03-04 14:05:00,865.0,875.0,860.0,875.0,3207800
2026-03-04 14:10:00,875.0,875.0,865.0,870.0,1064300
2026-03-04 14:15:00,870.0,870.0,860.0,865.0,2872900
2026-03-04 14:20:00,870.0,885.0,865.0,880.0,2478600
2026-03-04 14:25:00,880.0,885.0,875.0,885.0,677300
2026-03-04 14:30:00,880.0,890.0,880.0,890.0,794900
2026-03-04 14:35:00,890.0,895.0,880.0,890.0,2523200
2026-03-04 14:40:00,890.0,890.0,880.0,885.0,589000
2026-03-04 14:45:00,885.0,890.0,880.0,890.0,612000
2026-03-04 14:50:00,895.0,900.0,890.0,895.0,868600
2026-03-04 14:55:00,895.0,900.0,890.0,895.0,1253500
2026-03-04 15:00:00,895.0,900.0,895.0,900.0,295500
2026-03-04 15:05:00,895.0,900.0,890.0,895.0,676100
2026-03-04 15:10:00,895.0,905.0,895.0,895.0,4131100
2026-03-04 15:15:00,895.0,900.0,890.0,895.0,412900
2026-03-04 15:20:00,895.0,900.0,890.0,895.0,471700
2026-03-04 15:25:00,895.0,895.0,890.0,895.0,961300
2026-03-04 15:30:00,895.0,900.0,890.0,895.0,430700
2026-03-04 15:35:00,895.0,900.0,890.0,890.0,699300
2026-03-04 15:40:00,895.0,895.0,885.0,890.0,835200
2026-03-04 15:45:00,885.0,895.0,885.0,885.0,1518300
2026-03-04 16:00:00,895.0,895.0,895.0,895.0,1789200
2026-03-04 16:05:00,895.0,895.0,895.0,895.0,173300
2026-03-04 16:10:00,895.0,895.0,895.0,895.0,65000
2026-03-05 09:00:00,925.0,945.0,915.0,935.0,0
2026-03-05 09:05:00,930.0,935.0,905.0,915.0,3266300
2026-03-05 09:10:00,915.0,920.0,905.0,910.0,1207700
2026-03-05 09:15:00,910.0,920.0,905.0,910.0,1103500
2026-03-05 09:20:00,915.0,920.0,905.0,910.0,1883000
2026-03-05 09:25:00,910.0,910.0,890.0,900.0,4022500
2026-03-05 09:30:00,905.0,915.0,900.0,910.0,1009500
2026-03-05 09:35:00,910.0,915.0,905.0,910.0,470100
2026-03-05 09:40:00,910.0,915.0,905.0,910.0,554700
2026-03-05 09:45:00,915.0,915.0,900.0,905.0,1111900
2026-03-05 09:50:00,910.0,910.0,900.0,910.0,584700
2026-03-05 09:55:00,910.0,915.0,905.0,910.0,380700
2026-03-05 10:00:00,905.0,915.0,905.0,910.0,587500
2026-03-05 10:05:00,915.0,920.0,910.0,920.0,1170900
2026-03-05 10:10:00,920.0,940.0,915.0,940.0,4794200
2026-03-05 10:15:00,940.0,940.0,930.0,930.0,1211000
2026-03-05 10:20:00,930.0,935.0,925.0,930.0,466500
2026-03-05 10:25:00,925.0,930.0,925.0,925.0,775200
2026-03-05 10:30:00,925.0,930.0,915.0,915.0,839400
2026-03-05 10:35:00,915.0,925.0,915.0,920.0,442900
2026-03-05 10:40:00,925.0,925.0,915.0,920.0,213800
2026-03-05 10:45:00,920.0,925.0,915.0,925.0,381000
2026-03-05 10:50:00,920.0,925.0,915.0,915.0,271100
2026-03-05 10:55:00,915.0,925.0,915.0,920.0,191600
2026-03-05 11:00:00,920.0,925.0,920.0,925.0,322700
2026-03-05 11:05:00,920.0,925.0,920.0,925.0,33000
2026-03-05 11:10:00,920.0,925.0,920.0,920.0,212900
2026-03-05 11:15:00,925.0,925.0,920.0,920.0,100200
2026-03-05 11:20:00,920.0,925.0,915.0,915.0,731800
2026-03-05 11:25:00,915.0,920.0,915.0,915.0,161300
2026-03-05 11:30:00,915.0,925.0,915.0,925.0,1327700
2026-03-05 11:35:00,930.0,930.0,915.0,920.0,85200
2026-03-05 11:40:00,915.0,925.0,915.0,920.0,546300
2026-03-05 11:45:00,925.0,930.0,920.0,925.0,69400
2026-03-05 11:50:00,930.0,930.0,925.0,930.0,239400
2026-03-05 11:55:00,930.0,930.0,925.0,925.0,125700
2026-03-05 13:30:00,925.0,925.0,905.0,920.0,3066100
2026-03-05 13:35:00,915.0,920.0,915.0,915.0,77800
2026-03-05 13:40:00,915.0,920.0,910.0,915.0,295100
2026-03-05 13:45:00,920.0,920.0,910.0,920.0,172000
2026-03-05 13:50:00,920.0,920.0,915.0,920.0,546100
2026-03-05 13:55:00,920.0,925.0,915.0,920.0,1250600
2026-03-05 14:00:00,915.0,920.0,915.0,920.0,30300
2026-03-05 14:05:00,920.0,920.0,915.0,915.0,235700
2026-03-05 14:10:00,915.0,925.0,915.0,920.0,208500
2026-03-05 14:15:00,915.0,920.0,910.0,915.0,260000
2026-03-05 14:20:00,915.0,915.0,905.0,905.0,481600
2026-03-05 14:25:00,910.0,910.0,905.0,910.0,88600
2026-03-05 14:30:00,905.0,910.0,905.0,910.0,832600
2026-03-05 14:35:00,910.0,910.0,905.0,905.0,71500
2026-03-05 14:40:00,910.0,910.0,905.0,910.0,282000
2026-03-05 14:45:00,910.0,910.0,905.0,910.0,362400
2026-03-05 14:50:00,910.0,910.0,905.0,905.0,220800
2026-03-05 14:55:00,905.0,910.0,900.0,910.0,188400
2026-03-05 15:00:00,910.0,910.0,905.0,910.0,188600
2026-03-05 15:05:00,910.0,910.0,905.0,910.0,133900
2026-03-05 15:10:00,910.0,910.0,905.0,905.0,226400
2026-03-05 15:15:00,905.0,910.0,905.0,905.0,143900
2026-03-05 15:20:00,905.0,910.0,900.0,905.0,1524600
2026-03-05 15:25:00,905.0,905.0,900.0,905.0,481800
2026-03-05 15:30:00,905.0,905.0,900.0,905.0,333700
2026-03-05 15:35:00,905.0,905.0,900.0,905.0,1118900
2026-03-05 15:40:00,905.0,910.0,900.0,905.0,1145300
2026-03-05 15:45:00,905.0,905.0,900.0,905.0,391300
2026-03-05 16:00:00,895.0,895.0,895.0,895.0,1135200
2026-03-05 16:05:00,895.0,895.0,895.0,895.0,15300
2026-03-05 16:10:00,895.0,895.0,895.0,895.0,31700
2026-03-06 09:00:00,885.0,905.0,875.0,885.0,0
2026-03-06 09:05:00,885.0,890.0,870.0,875.0,2093000
2026-03-06 09:10:00,880.0,880.0,865.0,875.0,1409500
2026-03-06 09:15:00,875.0,880.0,865.0,875.0,2260300
2026-03-06 09:20:00,875.0,885.0,870.0,875.0,2087000
2026-03-06 09:25:00,875.0,880.0,870.0,870.0,605600
2026-03-06 09:30:00,875.0,875.0,870.0,875.0,1122400
2026-03-06 09:35:00,870.0,880.0,870.0,875.0,355600
2026-03-06 09:40:00,875.0,875.0,865.0,865.0,1993700
2026-03-06 09:45:00,865.0,875.0,860.0,865.0,2584400
2026-03-06 09:50:00,865.0,875.0,865.0,870.0,458000
2026-03-06 09:55:00,875.0,875.0,865.0,870.0,265800
2026-03-06 10:00:00,870.0,870.0,860.0,865.0,798700
2026-03-06 10:05:00,860.0,865.0,855.0,865.0,2262000
2026-03-06 10:10:00,870.0,870.0,860.0,860.0,278800
2026-03-06 10:15:00,860.0,865.0,855.0,855.0,2717300
2026-03-06 10:20:00,855.0,855.0,850.0,855.0,881300
2026-03-06 10:25:00,855.0,860.0,850.0,855.0,1623800
2026-03-06 10:30:00,860.0,865.0,855.0,855.0,1056400
2026-03-06 10:35:00,855.0,860.0,850.0,855.0,1025900
2026-03-06 10:40:00,855.0,870.0,855.0,865.0,1106400
2026-03-06 10:45:00,865.0,870.0,860.0,865.0,1506500
2026-03-06 10:50:00,865.0,865.0,855.0,865.0,811400
2026-03-06 10:55:00,865.0,865.0,855.0,860.0,838900
2026-03-06 11:00:00,860.0,865.0,855.0,865.0,791000
2026-03-06 11:05:00,860.0,865.0,855.0,860.0,75000
2026-03-06 11:10:00,860.0,860.0,855.0,860.0,269500
2026-03-06 11:15:00,855.0,860.0,855.0,860.0,255900
2026-03-06 11:20:00,855.0,865.0,855.0,860.0,872700
2026-03-06 11:25:00,860.0,865.0,855.0,860.0,373100
2026-03-06 14:00:00,860.0,880.0,850.0,870.0,8080600
2026-03-06 14:05:00,870.0,880.0,870.0,880.0,1657700
2026-03-06 14:10:00,880.0,885.0,875.0,875.0,1329800
2026-03-06 14:15:00,875.0,880.0,870.0,875.0,1083000
2026-03-06 14:20:00,875.0,885.0,870.0,880.0,1117200
2026-03-06 14:25:00,880.0,885.0,875.0,885.0,416600
2026-03-06 14:30:00,885.0,895.0,880.0,890.0,3066600
2026-03-06 14:35:00,890.0,905.0,885.0,890.0,6797500
2026-03-06 14:40:00,885.0,910.0,885.0,900.0,5009800
2026-03-06 14:45:00,900.0,915.0,895.0,910.0,3353800
2026-03-06 14:50:00,910.0,915.0,905.0,905.0,810400
2026-03-06 14:55:00,905.0,905.0,895.0,900.0,7891600
2026-03-06 15:00:00,900.0,905.0,900.0,900.0,1023100
2026-03-06 15:05:00,905.0,910.0,900.0,905.0,787800
2026-03-06 15:10:00,905.0,910.0,895.0,900.0,1358800
2026-03-06 15:15:00,900.0,900.0,890.0,895.0,2381600
2026-03-06 15:20:00,895.0,900.0,890.0,895.0,1225700
2026-03-06 15:25:00,895.0,895.0,890.0,890.0,250300
2026-03-06 15:30:00,890.0,895.0,890.0,895.0,760600
2026-03-06 15:35:00,895.0,895.0,890.0,895.0,254100
2026-03-06 15:40:00,895.0,895.0,890.0,895.0,802000
2026-03-06 15:45:00,895.0,905.0,890.0,900.0,1872800
2026-03-06 16:00:00,895.0,895.0,895.0,895.0,1000700
2026-03-06 16:05:00,895.0,895.0,895.0,895.0,76400
2026-03-06 16:10:00,895.0,895.0,895.0,895.0,57700
2026-03-09 09:00:00,870.0,870.0,795.0,805.0,0
2026-03-09 09:05:00,810.0,810.0,780.0,785.0,9215300
2026-03-09 09:10:00,780.0,800.0,780.0,795.0,4145000
2026-03-09 09:15:00,795.0,825.0,790.0,825.0,5193800
2026-03-09 09:20:00,820.0,830.0,805.0,825.0,2970700
2026-03-09 09:25:00,830.0,830.0,805.0,810.0,2578300
2026-03-09 09:30:00,810.0,815.0,805.0,810.0,1405800
2026-03-09 09:35:00,810.0,830.0,805.0,825.0,2189600
2026-03-09 09:40:00,825.0,840.0,820.0,830.0,2459000
2026-03-09 09:45:00,835.0,845.0,830.0,840.0,1615400
2026-03-09 09:50:00,845.0,860.0,840.0,860.0,5246600
2026-03-09 09:55:00,855.0,860.0,840.0,855.0,1596000
2026-03-09 10:00:00,850.0,855.0,840.0,845.0,1073500
2026-03-09 10:05:00,850.0,850.0,840.0,840.0,768600
2026-03-09 10:10:00,840.0,840.0,825.0,825.0,2064000
2026-03-09 10:15:00,825.0,835.0,820.0,825.0,1350300
2026-03-09 10:20:00,820.0,835.0,820.0,825.0,572700
2026-03-09 10:25:00,830.0,835.0,820.0,830.0,957600
2026-03-09 10:30:00,830.0,835.0,820.0,825.0,1007000
2026-03-09 10:35:00,825.0,835.0,820.0,835.0,917200
2026-03-09 10:40:00,835.0,855.0,825.0,850.0,2327500
2026-03-09 10:45:00,850.0,860.0,845.0,850.0,1730700
2026-03-09 10:50:00,845.0,850.0,835.0,840.0,1056200
2026-03-09 10:55:00,840.0,840.0,835.0,835.0,546800
2026-03-09 11:00:00,835.0,845.0,830.0,840.0,584300
2026-03-09 11:05:00,840.0,850.0,840.0,845.0,575800
2026-03-09 11:10:00,850.0,855.0,840.0,850.0,1407300
2026-03-09 11:15:00,855.0,865.0,850.0,850.0,4533300
2026-03-09 11:20:00,850.0,855.0,845.0,850.0,834600
2026-03-09 11:25:00,850.0,855.0,850.0,855.0,701600
2026-03-09 11:30:00,855.0,855.0,850.0,850.0,284900
2026-03-09 11:35:00,855.0,855.0,850.0,850.0,631200
2026-03-09 11:40:00,850.0,855.0,840.0,845.0,1760700
2026-03-09 11:45:00,850.0,850.0,840.0,845.0,234100
2026-03-09 11:50:00,845.0,855.0,840.0,850.0,518300
2026-03-09 11:55:00,850.0,855.0,845.0,850.0,185300
2026-03-09 13:30:00,850.0,875.0,845.0,855.0,4520000
2026-03-09 13:35:00,860.0,875.0,855.0,875.0,1767500
2026-03-09 13:40:00,880.0,890.0,875.0,880.0,5038900
2026-03-09 13:45:00,880.0,885.0,865.0,875.0,1613900
2026-03-09 13:50:00,875.0,885.0,870.0,880.0,1013300
2026-03-09 13:55:00,880.0,880.0,860.0,870.0,1993000
2026-03-09 14:00:00,870.0,870.0,855.0,855.0,2436600
2026-03-09 14:05:00,855.0,860.0,855.0,860.0,1271300
2026-03-09 14:10:00,860.0,860.0,850.0,855.0,882300
2026-03-09 14:15:00,855.0,855.0,850.0,850.0,220700
2026-03-09 14:20:00,850.0,855.0,850.0,855.0,176200
2026-03-09 14:25:00,850.0,860.0,850.0,855.0,470700
2026-03-09 14:30:00,855.0,855.0,850.0,855.0,1033200
2026-03-09 14:35:00,850.0,860.0,850.0,850.0,521700
2026-03-09 14:40:00,855.0,855.0,850.0,850.0,396400
2026-03-09 14:45:00,855.0,860.0,855.0,855.0,384500
2026-03-09 14:50:00,855.0,860.0,850.0,855.0,431500
2026-03-09 14:55:00,860.0,860.0,850.0,855.0,348300
2026-03-09 15:00:00,850.0,855.0,850.0,850.0,312600
2026-03-09 15:05:00,850.0,855.0,845.0,850.0,2084100
2026-03-09 15:10:00,845.0,850.0,840.0,840.0,672300
2026-03-09 15:15:00,845.0,855.0,840.0,850.0,1166700
2026-03-09 15:20:00,845.0,850.0,845.0,850.0,325900
2026-03-09 15:25:00,845.0,855.0,845.0,850.0,1313100
2026-03-09 15:30:00,855.0,860.0,850.0,850.0,374100
2026-03-09 15:35:00,855.0,855.0,850.0,850.0,508100
2026-03-09 15:40:00,850.0,855.0,845.0,850.0,1102700
2026-03-09 15:45:00,850.0,860.0,850.0,855.0,1192100
2026-03-09 16:00:00,845.0,845.0,845.0,845.0,1243000
2026-03-09 16:05:00,845.0,845.0,845.0,845.0,48000
2026-03-09 16:10:00,845.0,845.0,845.0,845.0,100900
2026-03-10 09:00:00,880.0,885.0,865.0,875.0,0
2026-03-10 09:05:00,880.0,885.0,860.0,860.0,4798000
2026-03-10 09:10:00,865.0,875.0,860.0,875.0,1799100
2026-03-10 09:15:00,875.0,885.0,865.0,875.0,3029600
2026-03-10 09:20:00,870.0,880.0,865.0,865.0,2990600
2026-03-10 09:25:00,870.0,870.0,850.0,855.0,3073900
2026-03-10 09:30:00,855.0,855.0,840.0,845.0,2559500
2026-03-10 09:35:00,845.0,855.0,840.0,855.0,825300
2026-03-10 09:40:00,855.0,855.0,845.0,855.0,1345800
2026-03-10 09:45:00,855.0,855.0,845.0,850.0,1623600
2026-03-10 09:50:00,855.0,855.0,850.0,855.0,181200
2026-03-10 09:55:00,850.0,855.0,850.0,850.0,1186600
2026-03-10 10:00:00,850.0,850.0,845.0,845.0,173300
2026-03-10 10:05:00,850.0,855.0,845.0,850.0,1166800
2026-03-10 10:10:00,845.0,855.0,845.0,850.0,395200
2026-03-10 10:15:00,850.0,850.0,840.0,850.0,1280600
2026-03-10 10:20:00,850.0,855.0,845.0,850.0,996700
2026-03-10 10:25:00,850.0,855.0,845.0,850.0,320600
2026-03-10 10:30:00,855.0,860.0,850.0,860.0,535600
2026-03-10 10:35:00,855.0,860.0,850.0,860.0,964400
2026-03-10 10:40:00,860.0,860.0,850.0,850.0,559700
2026-03-10 10:45:00,855.0,855.0,850.0,855.0,101500
2026-03-10 10:50:00,855.0,855.0,845.0,845.0,870600
2026-03-10 10:55:00,850.0,855.0,845.0,855.0,161800
2026-03-10 11:00:00,855.0,855.0,840.0,840.0,1873500
2026-03-10 11:05:00,840.0,845.0,840.0,845.0,153700
2026-03-10 11:10:00,845.0,845.0,840.0,845.0,405100
2026-03-10 11:15:00,845.0,845.0,840.0,845.0,209100
2026-03-10 11:20:00,840.0,845.0,835.0,835.0,2442700
2026-03-10 11:25:00,835.0,840.0,830.0,835.0,1171100
2026-03-10 11:30:00,835.0,835.0,830.0,835.0,1074000
2026-03-10 11:35:00,835.0,835.0,830.0,835.0,393000
2026-03-10 11:40:00,835.0,840.0,830.0,840.0,193200
2026-03-10 11:45:00,835.0,840.0,835.0,840.0,63400
2026-03-10 11:50:00,840.0,845.0,835.0,845.0,206200
2026-03-10 11:55:00,845.0,845.0,840.0,840.0,248100
2026-03-10 13:30:00,840.0,840.0,830.0,840.0,1079500
2026-03-10 13:35:00,840.0,845.0,840.0,840.0,254300
2026-03-10 13:40:00,845.0,845.0,840.0,845.0,165600
2026-03-10 13:45:00,845.0,845.0,840.0,840.0,433900
2026-03-10 13:50:00,840.0,845.0,840.0,845.0,53200
2026-03-10 13:55:00,845.0,845.0,840.0,845.0,215700
2026-03-10 14:00:00,845.0,845.0,835.0,840.0,457200
2026-03-10 14:05:00,840.0,840.0,835.0,835.0,334900
2026-03-10 14:10:00,835.0,840.0,835.0,835.0,162700
2026-03-10 14:15:00,835.0,840.0,830.0,840.0,2914600
2026-03-10 14:20:00,835.0,840.0,835.0,840.0,39300
2026-03-10 14:25:00,840.0,840.0,835.0,840.0,493300
2026-03-10 14:30:00,835.0,840.0,835.0,840.0,131400
2026-03-10 14:35:00,840.0,840.0,830.0,830.0,1009000
2026-03-10 14:40:00,835.0,835.0,830.0,835.0,395400
2026-03-10 14:45:00,835.0,840.0,830.0,840.0,366200
2026-03-10 14:50:00,840.0,840.0,835.0,835.0,63000
2026-03-10 14:55:00,840.0,840.0,835.0,840.0,113200
2026-03-10 15:00:00,840.0,840.0,835.0,840.0,325700
2026-03-10 15:05:00,840.0,840.0,835.0,840.0,130600
2026-03-10 15:10:00,840.0,840.0,835.0,835.0,82700
2026-03-10 15:15:00,840.0,840.0,835.0,840.0,34700
2026-03-10 15:20:00,840.0,840.0,835.0,835.0,1349100
2026-03-10 15:25:00,840.0,840.0,835.0,835.0,176700
2026-03-10 15:30:00,835.0,840.0,835.0,835.0,109600
2026-03-10 15:35:00,840.0,840.0,835.0,835.0,1393600
2026-03-10 15:40:00,835.0,840.0,830.0,835.0,1010100
2026-03-10 15:45:00,840.0,840.0,835.0,840.0,905700
2026-03-10 16:00:00,835.0,835.0,835.0,835.0,1728700
2026-03-10 16:05:00,835.0,835.0,835.0,835.0,268000
2026-03-10 16:10:00,835.0,835.0,835.0,835.0,11100
2026-03-11 09:00:00,845.0,850.0,825.0,845.0,0
2026-03-11 09:05:00,845.0,860.0,845.0,860.0,1548000
2026-03-11 09:10:00,860.0,860.0,855.0,860.0,533900
2026-03-11 09:15:00,855.0,860.0,850.0,855.0,1034400
2026-03-11 09:20:00,860.0,865.0,855.0,855.0,1545800
2026-03-11 09:25:00,860.0,865.0,855.0,860.0,1182600
2026-03-11 09:30:00,860.0,865.0,855.0,865.0,761500
2026-03-11 09:35:00,865.0,865.0,860.0,860.0,927600
2026-03-11 09:40:00,860.0,865.0,850.0,850.0,1162600
2026-03-11 09:45:00,850.0,855.0,850.0,855.0,89900
2026-03-11 09:50:00,850.0,855.0,850.0,850.0,940100
2026-03-11 09:55:00,855.0,855.0,840.0,845.0,2397500
2026-03-11 10:00:00,845.0,855.0,840.0,850.0,979700
2026-03-11 10:05:00,845.0,855.0,845.0,855.0,124100
2026-03-11 10:10:00,850.0,855.0,850.0,855.0,109000
2026-03-11 10:15:00,850.0,855.0,850.0,850.0,35800
2026-03-11 10:20:00,850.0,860.0,850.0,855.0,409600
2026-03-11 10:25:00,855.0,860.0,850.0,855.0,198600
2026-03-11 10:30:00,855.0,865.0,855.0,860.0,1243200
2026-03-11 10:35:00,860.0,865.0,860.0,865.0,353900
2026-03-11 10:40:00,865.0,865.0,855.0,860.0,749400
2026-03-11 10:45:00,860.0,860.0,855.0,860.0,291900
2026-03-11 10:50:00,855.0,860.0,855.0,855.0,247200
2026-03-11 10:55:00,855.0,860.0,855.0,855.0,40600
2026-03-11 11:00:00,855.0,860.0,850.0,855.0,609300
2026-03-11 11:05:00,850.0,855.0,850.0,855.0,83700
2026-03-11 11:10:00,855.0,855.0,850.0,850.0,460400
2026-03-11 11:15:00,855.0,855.0,850.0,855.0,82400
2026-03-11 11:20:00,855.0,855.0,850.0,850.0,186600
2026-03-11 11:25:00,850.0,855.0,850.0,850.0,53100
2026-03-11 11:30:00,850.0,855.0,850.0,855.0,207300
2026-03-11 11:35:00,855.0,855.0,850.0,850.0,426900
2026-03-11 11:40:00,855.0,855.0,850.0,850.0,44600
2026-03-11 11:45:00,855.0,855.0,850.0,850.0,29300
2026-03-11 11:50:00,855.0,860.0,850.0,855.0,2252700
2026-03-11 11:55:00,850.0,855.0,850.0,855.0,391500
2026-03-11 13:30:00,850.0,860.0,850.0,855.0,345800
2026-03-11 13:35:00,850.0,855.0,850.0,850.0,826300
2026-03-11 13:40:00,850.0,850.0,845.0,845.0,344000
2026-03-11 13:45:00,850.0,850.0,845.0,845.0,93800
2026-03-11 13:50:00,845.0,850.0,845.0,850.0,622600
2026-03-11 13:55:00,845.0,850.0,845.0,845.0,119200
2026-03-11 14:00:00,845.0,845.0,840.0,840.0,245400
2026-03-11 14:05:00,845.0,845.0,840.0,840.0,506300
2026-03-11 14:10:00,840.0,850.0,840.0,850.0,604500
2026-03-11 14:15:00,850.0,850.0,840.0,845.0,799300
2026-03-11 14:20:00,845.0,845.0,840.0,845.0,71600
2026-03-11 14:25:00,845.0,850.0,840.0,840.0,159700
2026-03-11 14:30:00,840.0,850.0,840.0,845.0,272100
2026-03-11 14:35:00,845.0,850.0,840.0,850.0,402600
2026-03-11 14:40:00,850.0,855.0,850.0,850.0,1403800
2026-03-11 14:45:00,850.0,855.0,845.0,845.0,151600
2026-03-11 14:50:00,845.0,850.0,845.0,850.0,18600
2026-03-11 14:55:00,850.0,850.0,845.0,845.0,201900
2026-03-11 15:00:00,845.0,855.0,845.0,850.0,492200
2026-03-11 15:05:00,850.0,855.0,845.0,845.0,458600
2026-03-11 15:10:00,845.0,850.0,845.0,850.0,11800
2026-03-11 15:15:00,845.0,850.0,845.0,845.0,29400
2026-03-11 15:20:00,845.0,850.0,840.0,840.0,329000
2026-03-11 15:25:00,840.0,850.0,840.0,845.0,258900
2026-03-11 15:30:00,845.0,850.0,840.0,845.0,200200
2026-03-11 15:35:00,845.0,845.0,840.0,845.0,169500
2026-03-11 15:40:00,845.0,845.0,840.0,845.0,780900
2026-03-11 15:45:00,845.0,850.0,840.0,850.0,725900
2026-03-11 16:00:00,845.0,845.0,845.0,845.0,443800
2026-03-11 16:05:00,845.0,845.0,845.0,845.0,244800
2026-03-11 16:10:00,845.0,845.0,845.0,845.0,391300
2026-03-12 09:00:00,850.0,850.0,830.0,845.0,0
2026-03-12 09:05:00,840.0,840.0,825.0,835.0,1866200
2026-03-12 09:10:00,830.0,835.0,825.0,830.0,3302000
2026-03-12 09:15:00,830.0,835.0,820.0,820.0,1989800
2026-03-12 09:20:00,820.0,830.0,820.0,825.0,899600
2026-03-12 09:25:00,825.0,830.0,820.0,825.0,1069800
2026-03-12 09:30:00,825.0,825.0,815.0,820.0,851100
2026-03-12 09:35:00,820.0,820.0,815.0,820.0,254600
2026-03-12 09:40:00,815.0,820.0,810.0,820.0,1247800
2026-03-12 09:45:00,815.0,820.0,815.0,820.0,556300
2026-03-12 09:50:00,820.0,825.0,815.0,820.0,353500
2026-03-12 09:55:00,820.0,825.0,810.0,815.0,2331000
2026-03-12 10:00:00,820.0,825.0,815.0,820.0,508600
2026-03-12 10:05:00,820.0,825.0,815.0,820.0,233800
2026-03-12 10:10:00,825.0,830.0,820.0,825.0,574900
2026-03-12 10:15:00,825.0,830.0,825.0,825.0,93600
2026-03-12 10:20:00,825.0,830.0,820.0,825.0,846300
2026-03-12 10:25:00,820.0,825.0,815.0,825.0,472700
2026-03-12 10:30:00,825.0,825.0,815.0,820.0,1048600
2026-03-12 10:35:00,815.0,825.0,815.0,815.0,182100
2026-03-12 10:40:00,820.0,825.0,815.0,825.0,178700
2026-03-12 10:45:00,820.0,825.0,820.0,825.0,80600
2026-03-12 10:50:00,820.0,825.0,820.0,825.0,40300
2026-03-12 10:55:00,825.0,830.0,820.0,825.0,729300
2026-03-12 11:00:00,825.0,830.0,825.0,825.0,205700
2026-03-12 11:05:00,825.0,830.0,825.0,825.0,549100
2026-03-12 11:10:00,830.0,830.0,825.0,825.0,47700
2026-03-12 11:15:00,825.0,830.0,825.0,825.0,1210900
2026-03-12 11:20:00,830.0,835.0,830.0,830.0,113600
2026-03-12 11:25:00,830.0,835.0,830.0,830.0,58900
2026-03-12 11:30:00,830.0,835.0,830.0,835.0,64600
2026-03-12 11:35:00,830.0,835.0,830.0,830.0,366100
2026-03-12 11:40:00,830.0,835.0,830.0,835.0,0
2026-03-12 11:45:00,835.0,835.0,830.0,830.0,71700
2026-03-12 11:50:00,835.0,835.0,825.0,830.0,472000
2026-03-12 11:55:00,830.0,830.0,825.0,825.0,71000
2026-03-12 13:30:00,830.0,835.0,825.0,835.0,572000
2026-03-12 13:35:00,830.0,835.0,830.0,835.0,177700
2026-03-12 13:40:00,830.0,840.0,830.0,835.0,1318700
2026-03-12 13:45:00,835.0,835.0,830.0,835.0,365300
2026-03-12 13:50:00,830.0,835.0,825.0,825.0,208500
2026-03-12 13:55:00,825.0,830.0,825.0,830.0,60700
2026-03-12 14:00:00,830.0,830.0,820.0,830.0,643400
2026-03-12 14:05:00,825.0,830.0,825.0,830.0,51900
2026-03-12 14:10:00,825.0,830.0,825.0,830.0,261500
2026-03-12 14:15:00,825.0,830.0,825.0,825.0,110900
2026-03-12 14:20:00,825.0,830.0,825.0,830.0,72500
2026-03-12 14:25:00,825.0,830.0,825.0,830.0,352700
2026-03-12 14:30:00,825.0,830.0,825.0,825.0,566000
2026-03-12 14:35:00,825.0,830.0,825.0,830.0,141900
2026-03-12 14:40:00,825.0,830.0,825.0,825.0,41300
2026-03-12 14:45:00,825.0,830.0,820.0,825.0,441800
2026-03-12 14:50:00,825.0,830.0,815.0,820.0,1413000
2026-03-12 14:55:00,820.0,830.0,820.0,825.0,322600
2026-03-12 15:00:00,825.0,825.0,815.0,820.0,708300
2026-03-12 15:05:00,820.0,825.0,815.0,825.0,254800
2026-03-12 15:10:00,820.0,825.0,820.0,820.0,87600
2026-03-12 15:15:00,820.0,820.0,815.0,820.0,56200
2026-03-12 15:20:00,820.0,820.0,810.0,815.0,1567100
2026-03-12 15:25:00,815.0,820.0,810.0,820.0,760600
2026-03-12 15:30:00,820.0,820.0,815.0,815.0,284600
2026-03-12 15:35:00,815.0,820.0,810.0,815.0,281300
2026-03-12 15:40:00,820.0,820.0,810.0,815.0,1621400
2026-03-12 15:45:00,810.0,820.0,810.0,820.0,537600
2026-03-12 16:00:00,815.0,815.0,815.0,815.0,603200
2026-03-12 16:05:00,815.0,815.0,815.0,815.0,33400
2026-03-12 16:10:00,815.0,815.0,815.0,815.0,11800
2026-03-13 09:00:00,805.0,815.0,800.0,810.0,0
2026-03-13 09:05:00,810.0,820.0,805.0,815.0,1209400
2026-03-13 09:10:00,815.0,815.0,800.0,805.0,1140800
2026-03-13 09:15:00,805.0,805.0,790.0,800.0,2613400
2026-03-13 09:20:00,800.0,805.0,795.0,805.0,726400
2026-03-13 09:25:00,805.0,805.0,795.0,795.0,1320800
2026-03-13 09:30:00,795.0,810.0,795.0,805.0,999300
2026-03-13 09:35:00,800.0,810.0,800.0,805.0,276600
2026-03-13 09:40:00,805.0,810.0,800.0,800.0,410800
2026-03-13 09:45:00,800.0,805.0,800.0,805.0,114300
2026-03-13 09:50:00,805.0,805.0,800.0,800.0,263500
2026-03-13 09:55:00,800.0,805.0,795.0,795.0,1394600
2026-03-13 10:00:00,800.0,805.0,795.0,795.0,257000
2026-03-13 10:05:00,800.0,805.0,795.0,800.0,568800
2026-03-13 10:10:00,800.0,800.0,795.0,800.0,183500
2026-03-13 10:15:00,800.0,800.0,790.0,790.0,946600
2026-03-13 10:20:00,795.0,800.0,790.0,795.0,619800
2026-03-13 10:25:00,795.0,800.0,790.0,800.0,1070000
2026-03-13 10:30:00,800.0,800.0,790.0,795.0,190000
2026-03-13 10:35:00,790.0,800.0,790.0,795.0,145100
2026-03-13 10:40:00,795.0,800.0,790.0,790.0,419000
2026-03-13 10:45:00,795.0,795.0,790.0,795.0,54100
2026-03-13 10:50:00,795.0,800.0,790.0,795.0,681600
2026-03-13 10:55:00,790.0,800.0,790.0,795.0,740900
2026-03-13 11:00:00,795.0,800.0,795.0,800.0,240900
2026-03-13 11:05:00,800.0,810.0,795.0,805.0,1183700
2026-03-13 11:10:00,805.0,810.0,800.0,805.0,121600
2026-03-13 11:15:00,805.0,805.0,795.0,800.0,413100
2026-03-13 11:20:00,800.0,805.0,800.0,800.0,486000
2026-03-13 11:25:00,805.0,805.0,800.0,800.0,257600
2026-03-13 14:00:00,805.0,805.0,795.0,795.0,1547300
2026-03-13 14:05:00,800.0,810.0,800.0,805.0,588900
2026-03-13 14:10:00,800.0,805.0,800.0,800.0,743600
2026-03-13 14:15:00,800.0,805.0,795.0,805.0,1812500
2026-03-13 14:20:00,800.0,810.0,800.0,805.0,866600
2026-03-13 14:25:00,805.0,810.0,805.0,805.0,173200
2026-03-13 14:30:00,805.0,810.0,805.0,805.0,169800
2026-03-13 14:35:00,810.0,810.0,800.0,805.0,639700
2026-03-13 14:40:00,805.0,805.0,800.0,800.0,233900
2026-03-13 14:45:00,800.0,805.0,795.0,795.0,842800
2026-03-13 14:50:00,800.0,800.0,795.0,800.0,184100
2026-03-13 14:55:00,795.0,800.0,795.0,800.0,388900
2026-03-13 15:00:00,800.0,800.0,795.0,800.0,525300
2026-03-13 15:05:00,800.0,800.0,795.0,795.0,396100
2026-03-13 15:10:00,795.0,800.0,790.0,795.0,1364200
2026-03-13 15:15:00,795.0,795.0,790.0,790.0,403300
2026-03-13 15:20:00,795.0,800.0,790.0,800.0,1862100
2026-03-13 15:25:00,800.0,800.0,795.0,800.0,2180000
2026-03-13 15:30:00,800.0,805.0,795.0,795.0,444500
2026-03-13 15:35:00,800.0,800.0,795.0,795.0,160500
2026-03-13 15:40:00,800.0,800.0,795.0,795.0,314300
2026-03-13 15:45:00,795.0,810.0,795.0,805.0,3636900
2026-03-13 16:00:00,795.0,795.0,795.0,795.0,944600
2026-03-13 16:05:00,795.0,795.0,795.0,795.0,45100
2026-03-13 16:10:00,795.0,795.0,795.0,795.0,198600
2026-03-16 09:00:00,800.0,805.0,765.0,765.0,0
2026-03-16 09:05:00,765.0,770.0,745.0,750.0,5216100
2026-03-16 09:10:00,750.0,760.0,740.0,755.0,2961000
2026-03-16 09:15:00,755.0,770.0,750.0,760.0,2094400
2026-03-16 09:20:00,760.0,775.0,750.0,770.0,2439700
2026-03-16 09:25:00,765.0,770.0,755.0,755.0,743700
2026-03-16 09:30:00,755.0,765.0,755.0,760.0,783100
2026-03-16 09:35:00,760.0,765.0,755.0,755.0,535600
2026-03-16 09:40:00,760.0,765.0,755.0,760.0,1117500
2026-03-16 09:45:00,760.0,780.0,760.0,770.0,1796300
2026-03-16 09:50:00,770.0,780.0,765.0,775.0,879600
2026-03-16 09:55:00,775.0,775.0,765.0,770.0,530400
2026-03-16 10:00:00,770.0,770.0,765.0,765.0,284200
2026-03-16 10:05:00,765.0,770.0,765.0,765.0,1003000
2026-03-16 10:10:00,765.0,780.0,765.0,780.0,1718600
2026-03-16 10:15:00,775.0,780.0,770.0,770.0,354600
2026-03-16 10:20:00,770.0,775.0,770.0,775.0,76700
2026-03-16 10:25:00,775.0,780.0,770.0,770.0,469300
2026-03-16 10:30:00,775.0,795.0,775.0,795.0,4445600
2026-03-16 10:35:00,790.0,795.0,780.0,785.0,512800
2026-03-16 10:40:00,785.0,790.0,785.0,785.0,270300
2026-03-16 10:45:00,785.0,795.0,785.0,795.0,403500
2026-03-16 10:50:00,790.0,795.0,785.0,790.0,654100
2026-03-16 10:55:00,790.0,790.0,780.0,785.0,147500
2026-03-16 11:00:00,780.0,785.0,780.0,780.0,376000
2026-03-16 11:05:00,785.0,785.0,780.0,780.0,61900
2026-03-16 11:10:00,785.0,785.0,780.0,785.0,200700
2026-03-16 11:15:00,785.0,785.0,780.0,785.0,191500
2026-03-16 11:20:00,785.0,790.0,780.0,780.0,410800
2026-03-16 11:25:00,780.0,790.0,780.0,785.0,302100
2026-03-16 11:30:00,785.0,790.0,780.0,790.0,502500
2026-03-16 11:35:00,785.0,790.0,785.0,785.0,54600
2026-03-16 11:40:00,785.0,790.0,785.0,785.0,210300
2026-03-16 11:45:00,785.0,790.0,785.0,790.0,55700
2026-03-16 11:50:00,790.0,790.0,785.0,790.0,55400
2026-03-16 11:55:00,790.0,790.0,785.0,785.0,21500
2026-03-16 13:30:00,790.0,790.0,780.0,785.0,1480300
2026-03-16 13:35:00,790.0,795.0,785.0,790.0,1536600
2026-03-16 13:40:00,785.0,795.0,780.0,785.0,917200
2026-03-16 13:45:00,790.0,795.0,785.0,795.0,1025900
2026-03-16 13:50:00,790.0,795.0,780.0,780.0,1513700
2026-03-16 13:55:00,785.0,785.0,780.0,780.0,288900
2026-03-16 14:00:00,785.0,785.0,780.0,780.0,551600
2026-03-16 14:05:00,780.0,785.0,780.0,785.0,76200
2026-03-16 14:10:00,785.0,790.0,780.0,790.0,546500
2026-03-16 14:15:00,790.0,795.0,790.0,795.0,375000
2026-03-16 14:20:00,790.0,795.0,785.0,790.0,281800
2026-03-16 14:25:00,790.0,790.0,785.0,790.0,8800
2026-03-16 14:30:00,790.0,790.0,780.0,785.0,584900
2026-03-16 14:35:00,785.0,790.0,785.0,785.0,741700
2026-03-16 14:40:00,780.0,790.0,780.0,785.0,15100
2026-03-16 14:45:00,780.0,790.0,780.0,785.0,115200
2026-03-16 14:50:00,785.0,790.0,785.0,785.0,99300
2026-03-16 14:55:00,785.0,790.0,785.0,785.0,282200
2026-03-16 15:00:00,785.0,790.0,780.0,785.0,932800
2026-03-16 15:05:00,785.0,785.0,780.0,780.0,103600
2026-03-16 15:10:00,780.0,785.0,775.0,775.0,1673200
2026-03-16 15:15:00,780.0,785.0,770.0,780.0,733800
2026-03-16 15:20:00,780.0,785.0,780.0,780.0,290400
2026-03-16 15:25:00,780.0,785.0,780.0,785.0,254800
2026-03-16 15:30:00,780.0,785.0,780.0,780.0,210500
2026-03-16 15:35:00,780.0,785.0,780.0,780.0,320500
2026-03-16 15:40:00,780.0,795.0,775.0,795.0,2274400
2026-03-16 15:45:00,790.0,790.0,780.0,785.0,858600
2026-03-16 16:00:00,785.0,785.0,785.0,785.0,262800
2026-03-16 16:05:00,785.0,785.0,785.0,785.0,1000
2026-03-16 16:10:00,785.0,785.0,785.0,785.0,4400
2026-03-17 09:00:00,800.0,825.0,790.0,815.0,4193200
2026-03-17 09:05:00,820.0,820.0,805.0,815.0,1825400
2026-03-17 09:10:00,815.0,820.0,810.0,815.0,871300
2026-03-17 09:15:00,815.0,815.0,800.0,810.0,1455100
2026-03-17 09:20:00,810.0,810.0,805.0,810.0,361800
2026-03-17 09:25:00,805.0,810.0,795.0,795.0,1676300
2026-03-17 09:30:00,800.0,805.0,795.0,800.0,298600
2026-03-17 09:35:00,800.0,805.0,790.0,795.0,631800
2026-03-17 09:40:00,795.0,800.0,790.0,800.0,368600
2026-03-17 09:45:00,800.0,800.0,790.0,800.0,248400
2026-03-17 09:50:00,795.0,800.0,795.0,795.0,139900
2026-03-17 09:55:00,795.0,805.0,795.0,800.0,375100
2026-03-17 10:00:00,805.0,805.0,795.0,800.0,191800
2026-03-17 10:05:00,800.0,805.0,795.0,805.0,147300
2026-03-17 10:10:00,805.0,805.0,800.0,805.0,135400
2026-03-17 10:15:00,805.0,810.0,800.0,805.0,522500
2026-03-17 10:20:00,805.0,810.0,805.0,810.0,65300
2026-03-17 10:25:00,810.0,810.0,800.0,805.0,159300
2026-03-17 10:30:00,805.0,805.0,800.0,805.0,54200
2026-03-17 10:35:00,805.0,805.0,800.0,805.0,312100
2026-03-17 10:40:00,805.0,810.0,800.0,800.0,203400
2026-03-17 10:45:00,805.0,805.0,800.0,805.0,22800
2026-03-17 10:50:00,800.0,805.0,800.0,800.0,33300
2026-03-17 10:55:00,800.0,805.0,795.0,800.0,490100
2026-03-17 11:00:00,795.0,800.0,790.0,795.0,622000
2026-03-17 11:05:00,795.0,800.0,765.0,780.0,10180900
2026-03-17 11:10:00,785.0,790.0,780.0,785.0,555600
2026-03-17 11:15:00,785.0,795.0,780.0,790.0,643000
2026-03-17 11:20:00,785.0,795.0,785.0,795.0,41000
2026-03-17 11:25:00,790.0,795.0,790.0,790.0,84800
2026-03-17 11:30:00,790.0,795.0,785.0,795.0,366100
2026-03-17 11:35:00,790.0,795.0,790.0,790.0,54300
2026-03-17 11:40:00,790.0,795.0,790.0,795.0,42700
2026-03-17 11:45:00,795.0,795.0,790.0,795.0,17300
2026-03-17 11:50:00,790.0,795.0,790.0,795.0,32700
2026-03-17 11:55:00,795.0,795.0,790.0,790.0,143400
2026-03-17 13:30:00,790.0,795.0,785.0,790.0,1763800
2026-03-17 13:35:00,790.0,795.0,785.0,795.0,372200
2026-03-17 13:40:00,790.0,795.0,785.0,785.0,738600
2026-03-17 13:45:00,785.0,800.0,785.0,795.0,902600
2026-03-17 13:50:00,795.0,805.0,790.0,800.0,835800
2026-03-17 13:55:00,800.0,835.0,800.0,830.0,8173400
2026-03-17 14:00:00,830.0,835.0,810.0,825.0,4547500
2026-03-17 14:05:00,825.0,830.0,810.0,815.0,3400700
2026-03-17 14:10:00,815.0,815.0,805.0,805.0,1976600
2026-03-17 14:15:00,805.0,805.0,800.0,800.0,2045200
2026-03-17 14:20:00,800.0,805.0,790.0,795.0,2145900
2026-03-17 14:25:00,800.0,805.0,795.0,795.0,1485000
2026-03-17 14:30:00,795.0,800.0,780.0,785.0,4829500
2026-03-17 14:35:00,785.0,785.0,775.0,785.0,1029500
2026-03-17 14:40:00,785.0,785.0,780.0,785.0,334900
2026-03-17 14:45:00,780.0,790.0,780.0,790.0,434500
2026-03-17 14:50:00,790.0,790.0,785.0,790.0,307100
2026-03-17 14:55:00,790.0,790.0,785.0,790.0,435700
2026-03-17 15:00:00,790.0,790.0,785.0,790.0,352900
2026-03-17 15:05:00,795.0,795.0,790.0,790.0,193400
2026-03-17 15:10:00,790.0,795.0,785.0,790.0,499700
2026-03-17 15:15:00,790.0,795.0,785.0,790.0,361000
2026-03-17 15:20:00,785.0,790.0,780.0,790.0,1344000
2026-03-17 15:25:00,785.0,790.0,785.0,785.0,314400
2026-03-17 15:30:00,785.0,790.0,785.0,785.0,627100
2026-03-17 15:35:00,785.0,790.0,785.0,785.0,1684400
2026-03-17 15:40:00,790.0,790.0,780.0,780.0,1928200
2026-03-17 15:45:00,780.0,785.0,775.0,780.0,609500
2026-03-17 16:00:00,780.0,780.0,780.0,780.0,1670300
2026-03-17 16:05:00,780.0,780.0,780.0,780.0,50000
2026-03-17 16:10:00,780.0,780.0,780.0,780.0,77700
2026-03-25 09:00:00,785.0,795.0,765.0,790.0,0
2026-03-25 09:05:00,790.0,810.0,785.0,805.0,2414300
2026-03-25 09:10:00,805.0,815.0,795.0,810.0,2385200
2026-03-25 09:15:00,805.0,815.0,805.0,810.0,2073100
2026-03-25 09:20:00,815.0,815.0,800.0,810.0,1497100
2026-03-25 09:25:00,805.0,820.0,805.0,815.0,4241900
2026-03-25 09:30:00,815.0,830.0,810.0,815.0,4422900
2026-03-25 09:35:00,815.0,825.0,815.0,825.0,1127600
2026-03-25 09:40:00,825.0,825.0,810.0,815.0,1385100
2026-03-25 09:45:00,815.0,825.0,815.0,820.0,853500
2026-03-25 09:50:00,815.0,820.0,815.0,820.0,554200
2026-03-25 09:55:00,815.0,820.0,805.0,810.0,1232300
2026-03-25 10:00:00,815.0,815.0,805.0,815.0,547000
2026-03-25 10:05:00,815.0,825.0,815.0,820.0,883800
2026-03-25 10:10:00,820.0,825.0,815.0,820.0,264300
2026-03-25 10:15:00,820.0,825.0,815.0,820.0,533900
2026-03-25 10:20:00,820.0,825.0,815.0,820.0,887300
2026-03-25 10:25:00,820.0,825.0,820.0,825.0,270300
2026-03-25 10:30:00,820.0,825.0,810.0,815.0,789100
2026-03-25 10:35:00,810.0,820.0,810.0,815.0,411700
2026-03-25 10:40:00,815.0,820.0,815.0,815.0,185300
2026-03-25 10:45:00,815.0,820.0,810.0,810.0,459300
2026-03-25 10:50:00,810.0,815.0,805.0,810.0,241700
2026-03-25 10:55:00,810.0,815.0,810.0,810.0,320700
2026-03-25 11:00:00,810.0,815.0,805.0,810.0,95400
2026-03-25 11:05:00,805.0,815.0,805.0,810.0,186100
2026-03-25 11:10:00,810.0,815.0,810.0,815.0,211000
2026-03-25 11:15:00,815.0,815.0,810.0,810.0,19300
2026-03-25 11:20:00,810.0,815.0,810.0,810.0,397900
2026-03-25 11:25:00,810.0,815.0,810.0,810.0,75600
2026-03-25 11:30:00,810.0,815.0,810.0,815.0,126500
2026-03-25 11:35:00,815.0,855.0,815.0,835.0,14928800
2026-03-25 11:40:00,835.0,835.0,825.0,825.0,1650500
2026-03-25 11:45:00,825.0,830.0,825.0,825.0,547800
2026-03-25 11:50:00,825.0,835.0,825.0,830.0,1336500
2026-03-25 11:55:00,830.0,840.0,830.0,835.0,925000
2026-03-25 13:30:00,835.0,840.0,825.0,830.0,1983500
2026-03-25 13:35:00,830.0,830.0,820.0,825.0,1180100
2026-03-25 13:40:00,825.0,830.0,820.0,830.0,566900
2026-03-25 13:45:00,825.0,830.0,825.0,825.0,394000
2026-03-25 13:50:00,830.0,835.0,825.0,830.0,343300
2026-03-25 13:55:00,825.0,830.0,825.0,830.0,228000
2026-03-25 14:00:00,830.0,830.0,820.0,820.0,300900
2026-03-25 14:05:00,820.0,830.0,820.0,825.0,265700
2026-03-25 14:10:00,830.0,830.0,820.0,825.0,223300
2026-03-25 14:15:00,825.0,830.0,820.0,825.0,423900
2026-03-25 14:20:00,830.0,830.0,825.0,830.0,278300
2026-03-25 14:25:00,830.0,830.0,825.0,825.0,670200
2026-03-25 14:30:00,825.0,830.0,820.0,830.0,794200
2026-03-25 14:35:00,830.0,830.0,825.0,830.0,223400
2026-03-25 14:40:00,825.0,830.0,825.0,830.0,135400
2026-03-25 14:45:00,825.0,835.0,825.0,830.0,617500
2026-03-25 14:50:00,835.0,835.0,830.0,835.0,312700
2026-03-25 14:55:00,835.0,840.0,830.0,835.0,1363800
2026-03-25 15:00:00,840.0,840.0,835.0,840.0,290400
2026-03-25 15:05:00,840.0,845.0,835.0,840.0,1605400
2026-03-25 15:10:00,840.0,845.0,835.0,840.0,746700
2026-03-25 15:15:00,840.0,840.0,835.0,840.0,477500
2026-03-25 15:20:00,840.0,845.0,840.0,840.0,232500
2026-03-25 15:25:00,840.0,845.0,835.0,835.0,816200
2026-03-25 15:30:00,835.0,840.0,830.0,835.0,1161000
2026-03-25 15:35:00,835.0,840.0,830.0,830.0,550800
2026-03-25 15:40:00,835.0,835.0,830.0,835.0,586800
2026-03-25 15:45:00,830.0,840.0,830.0,840.0,636400
2026-03-25 16:00:00,835.0,835.0,835.0,835.0,814100
2026-03-25 16:05:00,835.0,835.0,835.0,835.0,58300
2026-03-25 16:10:00,835.0,835.0,835.0,835.0,71700
2026-03-26 09:00:00,855.0,880.0,850.0,870.0,0
2026-03-26 09:05:00,875.0,895.0,875.0,880.0,8687200
2026-03-26 09:10:00,880.0,885.0,870.0,880.0,4103200
2026-03-26 09:15:00,880.0,880.0,865.0,870.0,3033600
2026-03-26 09:20:00,865.0,870.0,855.0,870.0,2910500
2026-03-26 09:25:00,870.0,875.0,865.0,875.0,1482800
2026-03-26 09:30:00,875.0,875.0,865.0,865.0,918000
2026-03-26 09:35:00,865.0,870.0,860.0,865.0,1914500
2026-03-26 09:40:00,860.0,865.0,855.0,860.0,1944500
2026-03-26 09:45:00,865.0,870.0,860.0,870.0,472200
2026-03-26 09:50:00,870.0,870.0,860.0,860.0,622600
2026-03-26 09:55:00,865.0,865.0,860.0,860.0,807900
2026-03-26 10:00:00,860.0,865.0,860.0,865.0,533800
2026-03-26 10:05:00,865.0,875.0,860.0,870.0,1713300
2026-03-26 10:10:00,870.0,875.0,865.0,870.0,376100
2026-03-26 10:15:00,870.0,870.0,860.0,865.0,425100
2026-03-26 10:20:00,865.0,865.0,855.0,855.0,1568500
2026-03-26 10:25:00,855.0,860.0,855.0,860.0,608800
2026-03-26 10:30:00,855.0,860.0,855.0,860.0,418700
2026-03-26 10:35:00,855.0,860.0,850.0,850.0,837100
2026-03-26 10:40:00,850.0,860.0,850.0,860.0,1100500
2026-03-26 10:45:00,860.0,860.0,855.0,855.0,445600
2026-03-26 10:50:00,855.0,860.0,855.0,860.0,62300
2026-03-26 10:55:00,855.0,860.0,855.0,855.0,139500
2026-03-26 11:00:00,855.0,860.0,845.0,845.0,4302200
2026-03-26 11:05:00,845.0,850.0,840.0,845.0,857100
2026-03-26 11:10:00,845.0,845.0,840.0,845.0,320000
2026-03-26 11:15:00,845.0,850.0,840.0,850.0,933300
2026-03-26 11:20:00,850.0,850.0,845.0,845.0,455000
2026-03-26 11:25:00,845.0,850.0,840.0,845.0,236800
2026-03-26 11:30:00,840.0,845.0,840.0,845.0,147800
2026-03-26 11:35:00,845.0,850.0,840.0,850.0,126000
2026-03-26 11:40:00,850.0,850.0,845.0,845.0,154700
2026-03-26 11:45:00,850.0,855.0,845.0,845.0,246800
2026-03-26 11:50:00,850.0,855.0,845.0,850.0,316000
2026-03-26 11:55:00,850.0,855.0,845.0,850.0,314800
2026-03-26 13:30:00,850.0,850.0,835.0,835.0,5187600
2026-03-26 13:35:00,835.0,840.0,830.0,835.0,758800
2026-03-26 13:40:00,840.0,840.0,835.0,835.0,349800
2026-03-26 13:45:00,835.0,840.0,835.0,840.0,230800
2026-03-26 13:50:00,840.0,840.0,835.0,835.0,934800
2026-03-26 13:55:00,835.0,840.0,830.0,835.0,398900
2026-03-26 14:00:00,835.0,840.0,835.0,835.0,122000
2026-03-26 14:05:00,840.0,840.0,830.0,835.0,603300
2026-03-26 14:10:00,830.0,835.0,830.0,830.0,166000
2026-03-26 14:15:00,830.0,835.0,830.0,830.0,102600
2026-03-26 14:20:00,835.0,835.0,830.0,835.0,129100
2026-03-26 14:25:00,835.0,835.0,830.0,830.0,973400
2026-03-26 14:30:00,835.0,835.0,830.0,830.0,223100
2026-03-26 14:35:00,830.0,835.0,830.0,835.0,121300
2026-03-26 14:40:00,830.0,835.0,830.0,835.0,1182700
2026-03-26 14:45:00,830.0,835.0,830.0,835.0,129000
2026-03-26 14:50:00,830.0,840.0,830.0,840.0,1123400
2026-03-26 14:55:00,835.0,840.0,835.0,840.0,61200
2026-03-26 15:00:00,835.0,840.0,835.0,835.0,6383500
2026-03-26 15:05:00,835.0,840.0,835.0,835.0,192200
2026-03-26 15:10:00,835.0,840.0,835.0,835.0,109800
2026-03-26 15:15:00,835.0,840.0,835.0,840.0,517800
2026-03-26 15:20:00,840.0,840.0,835.0,835.0,201200
2026-03-26 15:25:00,835.0,840.0,835.0,835.0,472600
2026-03-26 15:30:00,835.0,840.0,835.0,835.0,265600
2026-03-26 15:35:00,840.0,840.0,835.0,835.0,214900
2026-03-26 15:40:00,840.0,840.0,830.0,830.0,1706800
2026-03-26 15:45:00,830.0,835.0,825.0,825.0,1231600
2026-03-26 16:00:00,825.0,825.0,825.0,825.0,976200
2026-03-26 16:05:00,825.0,825.0,825.0,825.0,116800
2026-03-26 16:10:00,825.0,825.0,825.0,825.0,97000
2026-03-27 09:00:00,825.0,825.0,815.0,825.0,0
2026-03-27 09:05:00,830.0,830.0,820.0,820.0,816700
2026-03-27 09:10:00,820.0,830.0,820.0,830.0,599500
2026-03-27 09:15:00,825.0,830.0,825.0,830.0,553100
2026-03-27 09:20:00,825.0,830.0,820.0,825.0,334400
2026-03-27 09:25:00,820.0,820.0,815.0,815.0,606300
2026-03-27 09:30:00,820.0,825.0,810.0,825.0,1058000
2026-03-27 09:35:00,820.0,825.0,810.0,815.0,602200
2026-03-27 09:40:00,815.0,815.0,810.0,815.0,453000
2026-03-27 09:45:00,815.0,815.0,810.0,815.0,189500
2026-03-27 09:50:00,815.0,820.0,810.0,820.0,462400
2026-03-27 09:55:00,815.0,825.0,815.0,825.0,240500
2026-03-27 10:00:00,820.0,825.0,815.0,825.0,398300
2026-03-27 10:05:00,825.0,825.0,820.0,825.0,39700
2026-03-27 10:10:00,825.0,825.0,820.0,820.0,35500
2026-03-27 10:15:00,820.0,825.0,820.0,820.0,955300
2026-03-27 10:20:00,820.0,825.0,820.0,825.0,71200
2026-03-27 10:25:00,825.0,830.0,820.0,820.0,390200
2026-03-27 10:30:00,825.0,825.0,820.0,820.0,144600
2026-03-27 10:35:00,820.0,825.0,820.0,820.0,17400
2026-03-27 10:40:00,820.0,830.0,820.0,830.0,181500
2026-03-27 10:45:00,830.0,830.0,825.0,830.0,192800
2026-03-27 10:50:00,825.0,830.0,820.0,830.0,425800
2026-03-27 10:55:00,825.0,830.0,825.0,830.0,18900
2026-03-27 11:00:00,830.0,830.0,825.0,825.0,44500
2026-03-27 11:05:00,825.0,830.0,825.0,825.0,84900
2026-03-27 11:10:00,830.0,830.0,825.0,825.0,103600
2026-03-27 11:15:00,830.0,830.0,820.0,825.0,337400
2026-03-27 11:20:00,825.0,825.0,820.0,825.0,37900
2026-03-27 11:25:00,825.0,825.0,820.0,820.0,2199500
2026-03-27 14:00:00,825.0,825.0,820.0,820.0,518400
2026-03-27 14:05:00,825.0,825.0,815.0,820.0,645700
2026-03-27 14:10:00,820.0,825.0,815.0,820.0,131600
2026-03-27 14:15:00,820.0,820.0,815.0,820.0,456400
2026-03-27 14:20:00,820.0,825.0,815.0,825.0,709400
2026-03-27 14:25:00,820.0,825.0,820.0,820.0,67700
2026-03-27 14:30:00,820.0,825.0,815.0,815.0,361400
2026-03-27 14:35:00,815.0,825.0,815.0,820.0,198900
2026-03-27 14:40:00,820.0,825.0,820.0,820.0,36100
2026-03-27 14:45:00,820.0,825.0,820.0,820.0,155200
2026-03-27 14:50:00,820.0,825.0,815.0,820.0,106300
2026-03-27 14:55:00,815.0,820.0,810.0,815.0,1238900
2026-03-27 15:00:00,810.0,815.0,805.0,815.0,2140100
2026-03-27 15:05:00,810.0,820.0,810.0,820.0,300100
2026-03-27 15:10:00,815.0,815.0,810.0,815.0,256100
2026-03-27 15:15:00,815.0,815.0,810.0,815.0,67600
2026-03-27 15:20:00,815.0,815.0,810.0,815.0,77900
2026-03-27 15:25:00,815.0,820.0,810.0,820.0,173400
2026-03-27 15:30:00,820.0,820.0,815.0,820.0,138200
2026-03-27 15:35:00,815.0,820.0,815.0,815.0,246300
2026-03-27 15:40:00,815.0,820.0,815.0,815.0,579400
2026-03-27 15:45:00,815.0,830.0,815.0,830.0,1669100
2026-03-27 16:00:00,820.0,820.0,820.0,820.0,624700
2026-03-27 16:05:00,820.0,820.0,820.0,820.0,97300
2026-03-27 16:10:00,820.0,820.0,820.0,820.0,10500
2026-03-30 09:00:00,800.0,800.0,775.0,790.0,0
2026-03-30 09:05:00,785.0,790.0,780.0,790.0,1140000
2026-03-30 09:10:00,785.0,795.0,785.0,790.0,1043200
2026-03-30 09:15:00,790.0,800.0,790.0,800.0,573100
2026-03-30 09:20:00,800.0,800.0,790.0,790.0,949700
2026-03-30 09:25:00,795.0,795.0,790.0,790.0,278200
2026-03-30 09:30:00,795.0,795.0,785.0,785.0,743200
2026-03-30 09:35:00,785.0,790.0,785.0,785.0,442800
2026-03-30 09:40:00,785.0,790.0,785.0,790.0,120100
2026-03-30 09:45:00,790.0,795.0,785.0,790.0,383900
2026-03-30 09:50:00,795.0,795.0,790.0,795.0,437300
2026-03-30 09:55:00,795.0,805.0,795.0,805.0,1399200
2026-03-30 10:00:00,800.0,810.0,800.0,800.0,407300
2026-03-30 10:05:00,800.0,810.0,800.0,810.0,426400
2026-03-30 10:10:00,810.0,810.0,805.0,805.0,99000
2026-03-30 10:15:00,805.0,810.0,805.0,810.0,76600
2026-03-30 10:20:00,810.0,810.0,805.0,805.0,125100
2026-03-30 10:25:00,805.0,810.0,800.0,805.0,147700
2026-03-30 10:30:00,805.0,815.0,805.0,810.0,596300
2026-03-30 10:35:00,810.0,820.0,805.0,815.0,1054200
2026-03-30 10:40:00,815.0,815.0,810.0,815.0,131100
2026-03-30 10:45:00,815.0,815.0,810.0,815.0,40600
2026-03-30 10:50:00,815.0,825.0,810.0,820.0,1313000
2026-03-30 10:55:00,815.0,825.0,815.0,820.0,610400
2026-03-30 11:00:00,820.0,820.0,815.0,820.0,28700
2026-03-30 11:05:00,815.0,820.0,810.0,815.0,703300
2026-03-30 11:10:00,815.0,820.0,810.0,815.0,251400
2026-03-30 11:15:00,810.0,815.0,810.0,810.0,508200
2026-03-30 11:20:00,815.0,820.0,810.0,815.0,607200
2026-03-30 11:25:00,820.0,825.0,820.0,825.0,459300
2026-03-30 11:30:00,825.0,825.0,820.0,825.0,292500
2026-03-30 11:35:00,825.0,830.0,825.0,825.0,284100
2026-03-30 11:40:00,825.0,830.0,825.0,825.0,110900
2026-03-30 11:45:00,825.0,835.0,825.0,830.0,458500
2026-03-30 11:50:00,830.0,830.0,825.0,830.0,52700
2026-03-30 11:55:00,825.0,825.0,820.0,825.0,720300
2026-03-30 13:30:00,825.0,825.0,815.0,815.0,449600
2026-03-30 13:35:00,815.0,820.0,815.0,815.0,119900
2026-03-30 13:40:00,820.0,820.0,815.0,820.0,56800
2026-03-30 13:45:00,820.0,820.0,815.0,820.0,74900
2026-03-30 13:50:00,820.0,820.0,815.0,820.0,617000
2026-03-30 13:55:00,820.0,825.0,820.0,825.0,47200
2026-03-30 14:00:00,820.0,825.0,820.0,825.0,659400
2026-03-30 14:05:00,825.0,830.0,825.0,825.0,302400
2026-03-30 14:10:00,825.0,830.0,825.0,830.0,432400
2026-03-30 14:15:00,825.0,825.0,820.0,820.0,296600
2026-03-30 14:20:00,820.0,825.0,820.0,820.0,59900
2026-03-30 14:25:00,820.0,830.0,820.0,825.0,409100
2026-03-30 14:30:00,820.0,825.0,820.0,825.0,143500
2026-03-30 14:35:00,825.0,825.0,820.0,820.0,12900
2026-03-30 14:40:00,820.0,825.0,820.0,825.0,45600
2026-03-30 14:45:00,820.0,825.0,820.0,825.0,1893000
2026-03-30 14:50:00,825.0,830.0,825.0,825.0,219900
2026-03-30 14:55:00,825.0,830.0,820.0,825.0,110700
2026-03-30 15:00:00,830.0,830.0,820.0,825.0,283100
2026-03-30 15:05:00,825.0,830.0,820.0,825.0,160900
2026-03-30 15:10:00,825.0,830.0,825.0,830.0,156100
2026-03-30 15:15:00,830.0,830.0,825.0,825.0,217400
2026-03-30 15:20:00,825.0,825.0,820.0,820.0,87500
2026-03-30 15:25:00,825.0,830.0,820.0,825.0,182700
2026-03-30 15:30:00,825.0,830.0,825.0,825.0,53300
2026-03-30 15:35:00,825.0,830.0,825.0,825.0,121200
2026-03-30 15:40:00,825.0,825.0,820.0,820.0,698200
2026-03-30 15:45:00,820.0,830.0,820.0,830.0,340700
2026-03-30 16:00:00,825.0,825.0,825.0,825.0,664200
2026-03-30 16:05:00,825.0,825.0,825.0,825.0,97900
2026-03-30 16:10:00,825.0,825.0,825.0,825.0,15600
2026-03-31 09:00:00,830.0,840.0,825.0,830.0,0
2026-03-31 09:05:00,825.0,835.0,825.0,830.0,754900
2026-03-31 09:10:00,830.0,830.0,815.0,820.0,1172000
2026-03-31 09:15:00,820.0,825.0,820.0,820.0,162600
2026-03-31 09:20:00,820.0,825.0,810.0,815.0,1646800
2026-03-31 09:25:00,820.0,820.0,815.0,820.0,117100
2026-03-31 09:30:00,820.0,820.0,810.0,815.0,235300
2026-03-31 09:35:00,810.0,815.0,810.0,810.0,125400
2026-03-31 09:40:00,815.0,815.0,810.0,815.0,40300
2026-03-31 09:45:00,815.0,815.0,810.0,815.0,244100
2026-03-31 09:50:00,815.0,815.0,810.0,815.0,247800
2026-03-31 09:55:00,815.0,825.0,815.0,825.0,421500
2026-03-31 10:00:00,820.0,830.0,820.0,825.0,909500
2026-03-31 10:05:00,825.0,830.0,820.0,830.0,859700
2026-03-31 10:10:00,830.0,840.0,830.0,835.0,2734200
2026-03-31 10:15:00,835.0,840.0,830.0,840.0,1343900
2026-03-31 10:20:00,835.0,845.0,835.0,835.0,2034600
2026-03-31 10:25:00,835.0,840.0,835.0,835.0,146500
2026-03-31 10:30:00,835.0,840.0,830.0,830.0,463000
2026-03-31 10:35:00,835.0,835.0,830.0,830.0,979200
2026-03-31 10:40:00,830.0,835.0,825.0,835.0,1230700
2026-03-31 10:45:00,835.0,835.0,825.0,830.0,526000
2026-03-31 10:50:00,830.0,830.0,820.0,825.0,647700
2026-03-31 10:55:00,825.0,825.0,820.0,820.0,277300
2026-03-31 11:00:00,820.0,820.0,815.0,820.0,403900
2026-03-31 11:05:00,820.0,820.0,810.0,815.0,1023000
2026-03-31 11:10:00,815.0,820.0,815.0,815.0,44700
2026-03-31 11:15:00,815.0,825.0,815.0,825.0,62900
2026-03-31 11:20:00,820.0,820.0,815.0,820.0,169900
2026-03-31 11:25:00,815.0,820.0,815.0,820.0,19700
2026-03-31 11:30:00,820.0,820.0,815.0,815.0,48700
2026-03-31 11:35:00,815.0,815.0,810.0,815.0,367800
2026-03-31 11:40:00,815.0,815.0,810.0,810.0,33100
2026-03-31 11:45:00,810.0,815.0,810.0,815.0,507300
2026-03-31 11:50:00,815.0,815.0,810.0,815.0,48000
2026-03-31 11:55:00,810.0,815.0,810.0,815.0,216200
2026-03-31 13:30:00,815.0,820.0,800.0,815.0,2661500
2026-03-31 13:35:00,810.0,815.0,805.0,810.0,95500
2026-03-31 13:40:00,810.0,815.0,805.0,810.0,651100
2026-03-31 13:45:00,810.0,815.0,805.0,810.0,227900
2026-03-31 13:50:00,805.0,835.0,805.0,815.0,2498100
2026-03-31 13:55:00,820.0,820.0,815.0,820.0,42600
2026-03-31 14:00:00,815.0,820.0,815.0,815.0,3300
2026-03-31 14:05:00,815.0,820.0,815.0,820.0,51800
2026-03-31 14:10:00,820.0,820.0,815.0,820.0,104900
2026-03-31 14:15:00,825.0,825.0,815.0,820.0,83100
2026-03-31 14:20:00,820.0,820.0,815.0,820.0,296200
2026-03-31 14:25:00,820.0,825.0,820.0,825.0,272700
2026-03-31 14:30:00,820.0,825.0,815.0,820.0,318400
2026-03-31 14:35:00,820.0,820.0,815.0,815.0,67200
2026-03-31 14:40:00,815.0,820.0,810.0,815.0,1246900
2026-03-31 14:45:00,815.0,815.0,810.0,815.0,21000
2026-03-31 14:50:00,810.0,815.0,810.0,810.0,144700
2026-03-31 14:55:00,810.0,815.0,810.0,815.0,16100
2026-03-31 15:00:00,815.0,815.0,810.0,810.0,38500
2026-03-31 15:05:00,815.0,815.0,810.0,815.0,43900
2026-03-31 15:10:00,815.0,815.0,810.0,815.0,162300
2026-03-31 15:15:00,815.0,820.0,810.0,815.0,182300
2026-03-31 15:20:00,820.0,820.0,815.0,815.0,102900
2026-03-31 15:25:00,820.0,820.0,810.0,815.0,15800
2026-03-31 15:30:00,815.0,815.0,810.0,810.0,274500
2026-03-31 15:35:00,815.0,815.0,805.0,805.0,1186400
2026-03-31 15:40:00,805.0,810.0,805.0,810.0,908900
2026-03-31 15:45:00,805.0,810.0,805.0,805.0,158200
2026-03-31 16:00:00,805.0,805.0,805.0,805.0,869300
2026-03-31 16:05:00,805.0,805.0,805.0,805.0,19000
2026-03-31 16:10:00,805.0,805.0,805.0,805.0,484400
2026-04-01 09:00:00,835.0,835.0,825.0,830.0,0
2026-04-01 09:05:00,835.0,845.0,830.0,835.0,2190500
2026-04-01 09:10:00,835.0,850.0,835.0,840.0,3279800
2026-04-01 09:15:00,840.0,860.0,840.0,855.0,6822900
2026-04-01 09:20:00,855.0,855.0,840.0,845.0,1492200
2026-04-01 09:25:00,845.0,850.0,840.0,845.0,995700
2026-04-01 09:30:00,845.0,850.0,845.0,845.0,548100
2026-04-01 09:35:00,845.0,850.0,840.0,840.0,1120400
2026-04-01 09:40:00,840.0,845.0,835.0,835.0,546400
2026-04-01 09:45:00,835.0,840.0,835.0,840.0,61900
2026-04-01 09:50:00,835.0,845.0,835.0,845.0,730500
2026-04-01 09:55:00,845.0,850.0,840.0,845.0,725000
2026-04-01 10:00:00,845.0,850.0,840.0,845.0,860700
2026-04-01 10:05:00,850.0,860.0,845.0,860.0,3442600
2026-04-01 10:10:00,860.0,860.0,850.0,850.0,805000
2026-04-01 10:15:00,850.0,855.0,850.0,850.0,246900
2026-04-01 10:20:00,855.0,860.0,845.0,850.0,995700
2026-04-01 10:25:00,845.0,850.0,840.0,840.0,1560900
2026-04-01 10:30:00,845.0,850.0,840.0,845.0,274400
2026-04-01 10:35:00,845.0,850.0,840.0,845.0,209000
2026-04-01 10:40:00,845.0,850.0,840.0,840.0,61600
2026-04-01 10:45:00,840.0,845.0,840.0,840.0,120600
2026-04-01 10:50:00,845.0,845.0,840.0,845.0,89500
2026-04-01 10:55:00,840.0,845.0,840.0,840.0,622000
2026-04-01 11:00:00,840.0,845.0,835.0,835.0,516800
2026-04-01 11:05:00,835.0,840.0,835.0,835.0,370500
2026-04-01 11:10:00,835.0,840.0,835.0,835.0,95900
2026-04-01 11:15:00,835.0,840.0,830.0,835.0,170800
2026-04-01 11:20:00,835.0,840.0,835.0,835.0,227500
2026-04-01 11:25:00,835.0,840.0,835.0,840.0,71500
2026-04-01 11:30:00,835.0,840.0,835.0,840.0,45400
2026-04-01 11:35:00,840.0,840.0,830.0,830.0,146100
2026-04-01 11:40:00,835.0,835.0,830.0,835.0,71500
2026-04-01 11:45:00,835.0,835.0,830.0,830.0,50500
2026-04-01 11:50:00,830.0,840.0,830.0,840.0,1617900
2026-04-01 11:55:00,840.0,840.0,835.0,835.0,384700
2026-04-01 13:30:00,835.0,840.0,830.0,840.0,425600
2026-04-01 13:35:00,835.0,845.0,830.0,845.0,817900
2026-04-01 13:40:00,845.0,850.0,840.0,845.0,871300
2026-04-01 13:45:00,840.0,845.0,840.0,845.0,77200
2026-04-01 13:50:00,840.0,845.0,835.0,835.0,434700
2026-04-01 13:55:00,840.0,840.0,835.0,835.0,106200
2026-04-01 14:00:00,835.0,845.0,835.0,840.0,339200
2026-04-01 14:05:00,835.0,840.0,835.0,840.0,78700
2026-04-01 14:10:00,840.0,840.0,835.0,840.0,149600
2026-04-01 14:15:00,835.0,840.0,835.0,840.0,57400
2026-04-01 14:20:00,840.0,840.0,835.0,840.0,561900
2026-04-01 14:25:00,835.0,840.0,835.0,835.0,31600
2026-04-01 14:30:00,835.0,840.0,835.0,840.0,335700
2026-04-01 14:35:00,835.0,840.0,830.0,835.0,602300
2026-04-01 14:40:00,830.0,835.0,830.0,830.0,598000
2026-04-01 14:45:00,830.0,835.0,830.0,830.0,178300
2026-04-01 14:50:00,835.0,840.0,830.0,840.0,228700
2026-04-01 14:55:00,840.0,840.0,835.0,835.0,154700
2026-04-01 15:00:00,835.0,840.0,835.0,835.0,138200
2026-04-01 15:05:00,835.0,840.0,835.0,835.0,163700
2026-04-01 15:10:00,840.0,840.0,835.0,835.0,582100
2026-04-01 15:15:00,840.0,840.0,835.0,840.0,24900
2026-04-01 15:20:00,840.0,840.0,835.0,840.0,32900
2026-04-01 15:25:00,835.0,855.0,835.0,855.0,3563500
2026-04-01 15:30:00,855.0,860.0,845.0,845.0,2471700
2026-04-01 15:35:00,845.0,850.0,845.0,845.0,123400
2026-04-01 15:40:00,845.0,850.0,845.0,845.0,274100
2026-04-01 15:45:00,845.0,855.0,845.0,855.0,1377600
2026-04-01 16:00:00,855.0,855.0,855.0,855.0,800300
2026-04-01 16:05:00,855.0,855.0,855.0,855.0,797400
2026-04-01 16:10:00,855.0,855.0,855.0,855.0,65100
2026-04-02 09:00:00,850.0,850.0,835.0,845.0,0
2026-04-02 09:05:00,840.0,845.0,835.0,835.0,1527200
2026-04-02 09:10:00,835.0,840.0,830.0,835.0,465800
2026-04-02 09:15:00,840.0,840.0,830.0,840.0,229000
2026-04-02 09:20:00,840.0,840.0,830.0,830.0,742100
2026-04-02 09:25:00,830.0,835.0,825.0,825.0,906800
2026-04-02 09:30:00,830.0,830.0,825.0,825.0,204700
2026-04-02 09:35:00,825.0,830.0,825.0,830.0,226900
2026-04-02 09:40:00,830.0,830.0,825.0,830.0,252300
2026-04-02 09:45:00,825.0,830.0,825.0,830.0,81400
2026-04-02 09:50:00,830.0,830.0,825.0,830.0,64100
2026-04-02 09:55:00,825.0,830.0,825.0,830.0,134300
2026-04-02 10:00:00,830.0,830.0,825.0,825.0,57000
2026-04-02 10:05:00,825.0,830.0,825.0,830.0,28000
2026-04-02 10:10:00,830.0,830.0,825.0,825.0,155300
2026-04-02 10:15:00,830.0,830.0,825.0,830.0,36300
2026-04-02 10:20:00,830.0,830.0,825.0,830.0,208900
2026-04-02 10:25:00,830.0,830.0,825.0,830.0,31600
2026-04-02 10:30:00,830.0,830.0,825.0,825.0,247500
2026-04-02 10:35:00,830.0,830.0,825.0,825.0,195800
2026-04-02 10:40:00,825.0,830.0,825.0,825.0,2005800
2026-04-02 10:45:00,825.0,825.0,820.0,820.0,138900
2026-04-02 10:50:00,820.0,825.0,820.0,820.0,97000
2026-04-02 10:55:00,820.0,825.0,815.0,820.0,1187000
2026-04-02 11:00:00,820.0,820.0,815.0,820.0,127800
2026-04-02 11:05:00,820.0,820.0,815.0,815.0,192400
2026-04-02 11:10:00,815.0,825.0,815.0,815.0,617900
2026-04-02 11:15:00,820.0,820.0,815.0,820.0,44500
2026-04-02 11:20:00,820.0,820.0,815.0,820.0,40200
2026-04-02 11:25:00,820.0,825.0,815.0,820.0,151700
2026-04-02 11:30:00,820.0,825.0,815.0,820.0,62200
2026-04-02 11:35:00,820.0,820.0,815.0,820.0,136300
2026-04-02 11:40:00,820.0,820.0,815.0,815.0,68000
2026-04-02 11:45:00,820.0,825.0,815.0,825.0,71500
2026-04-02 11:50:00,820.0,820.0,815.0,820.0,476800
2026-04-02 11:55:00,820.0,820.0,815.0,820.0,213700
2026-04-02 13:30:00,820.0,825.0,810.0,815.0,3750900
2026-04-02 13:35:00,815.0,815.0,810.0,810.0,70400
2026-04-02 13:40:00,815.0,815.0,810.0,810.0,70800
2026-04-02 13:45:00,810.0,815.0,810.0,810.0,159900
2026-04-02 13:50:00,810.0,815.0,810.0,815.0,120800
2026-04-02 13:55:00,815.0,815.0,810.0,815.0,151000
2026-04-02 14:00:00,815.0,815.0,810.0,815.0,53700
2026-04-02 14:05:00,815.0,815.0,810.0,810.0,247900
2026-04-02 14:10:00,815.0,815.0,810.0,815.0,144300
2026-04-02 14:15:00,815.0,815.0,810.0,815.0,83000
2026-04-02 14:20:00,810.0,815.0,810.0,810.0,145900
2026-04-02 14:25:00,810.0,815.0,810.0,815.0,127900
2026-04-02 14:30:00,810.0,815.0,810.0,815.0,53300
2026-04-02 14:35:00,815.0,815.0,810.0,815.0,1106400
2026-04-02 14:40:00,815.0,815.0,810.0,815.0,111800
2026-04-02 14:45:00,815.0,815.0,810.0,815.0,182900
2026-04-02 14:50:00,815.0,815.0,805.0,810.0,3819400
2026-04-02 14:55:00,810.0,815.0,805.0,810.0,207200
2026-04-02 15:00:00,805.0,810.0,805.0,810.0,198800
2026-04-02 15:05:00,810.0,810.0,805.0,805.0,257500
2026-04-02 15:10:00,810.0,815.0,805.0,815.0,765500
2026-04-02 15:15:00,810.0,810.0,805.0,810.0,764900
2026-04-02 15:20:00,805.0,810.0,805.0,805.0,341100
2026-04-02 15:25:00,810.0,815.0,805.0,810.0,499000
2026-04-02 15:30:00,810.0,810.0,805.0,805.0,208700
2026-04-02 15:35:00,810.0,810.0,805.0,805.0,1708300
2026-04-02 15:40:00,805.0,810.0,805.0,810.0,1675800
2026-04-02 15:45:00,810.0,810.0,805.0,805.0,2580900
2026-04-02 16:00:00,810.0,810.0,810.0,810.0,745700
2026-04-02 16:05:00,810.0,810.0,810.0,810.0,57600
2026-04-02 16:10:00,810.0,810.0,810.0,810.0,82800
2026-04-06 09:00:00,765.0,775.0,750.0,765.0,0
2026-04-06 09:05:00,765.0,765.0,755.0,760.0,2879000
2026-04-06 09:10:00,760.0,770.0,755.0,770.0,3120100
2026-04-06 09:15:00,770.0,785.0,765.0,785.0,2763000
2026-04-06 09:20:00,780.0,790.0,780.0,790.0,1387600
2026-04-06 09:25:00,785.0,790.0,780.0,790.0,2776500
2026-04-06 09:30:00,790.0,790.0,775.0,780.0,3039500
2026-04-06 09:35:00,780.0,795.0,775.0,790.0,1621500
2026-04-06 09:40:00,790.0,795.0,780.0,795.0,1318600
2026-04-06 09:45:00,795.0,800.0,795.0,795.0,847700
2026-04-06 09:50:00,795.0,800.0,790.0,790.0,759400
2026-04-06 09:55:00,795.0,795.0,790.0,795.0,1273700
2026-04-06 10:00:00,795.0,795.0,790.0,795.0,90800
2026-04-06 10:05:00,790.0,795.0,790.0,795.0,393600
2026-04-06 10:10:00,795.0,795.0,790.0,795.0,1491100
2026-04-06 10:15:00,790.0,795.0,790.0,795.0,133700
2026-04-06 10:20:00,795.0,795.0,790.0,790.0,107400
2026-04-06 10:25:00,795.0,800.0,790.0,795.0,469400
2026-04-06 10:30:00,795.0,795.0,790.0,790.0,280000
2026-04-06 10:35:00,790.0,795.0,790.0,795.0,21700
2026-04-06 10:40:00,795.0,795.0,790.0,795.0,125200
2026-04-06 10:45:00,790.0,795.0,790.0,795.0,299900
2026-04-06 10:50:00,795.0,795.0,790.0,790.0,336700
2026-04-06 10:55:00,790.0,795.0,790.0,790.0,151100
2026-04-06 11:00:00,790.0,795.0,790.0,790.0,164700
2026-04-06 11:05:00,790.0,795.0,790.0,790.0,399600
2026-04-06 11:10:00,790.0,795.0,790.0,790.0,177100
2026-04-06 11:15:00,790.0,795.0,785.0,790.0,667700
2026-04-06 11:20:00,790.0,790.0,785.0,790.0,603900
2026-04-06 11:25:00,785.0,790.0,785.0,785.0,475200
2026-04-06 11:30:00,790.0,790.0,785.0,785.0,187100
2026-04-06 11:35:00,790.0,790.0,785.0,785.0,181200
2026-04-06 11:40:00,790.0,790.0,785.0,785.0,72800
2026-04-06 11:45:00,790.0,790.0,785.0,790.0,953600
2026-04-06 11:50:00,795.0,795.0,790.0,790.0,60900
2026-04-06 11:55:00,790.0,795.0,790.0,790.0,67800
2026-04-06 13:30:00,790.0,810.0,790.0,805.0,5767500
2026-04-06 13:35:00,805.0,815.0,805.0,810.0,1777300
2026-04-06 13:40:00,810.0,810.0,805.0,810.0,231800
2026-04-06 13:45:00,805.0,825.0,805.0,820.0,1610900
2026-04-06 13:50:00,820.0,820.0,810.0,815.0,664700
2026-04-06 13:55:00,810.0,820.0,810.0,815.0,699100
2026-04-06 14:00:00,815.0,825.0,815.0,820.0,823600
2026-04-06 14:05:00,825.0,825.0,815.0,815.0,585000
2026-04-06 14:10:00,815.0,820.0,815.0,820.0,82100
2026-04-06 14:15:00,815.0,825.0,815.0,825.0,812300
2026-04-06 14:20:00,825.0,830.0,820.0,820.0,1290400
2026-04-06 14:25:00,820.0,835.0,820.0,830.0,1412700
2026-04-06 14:30:00,825.0,835.0,820.0,825.0,1343000
2026-04-06 14:35:00,825.0,830.0,820.0,825.0,424100
2026-04-06 14:40:00,825.0,825.0,820.0,825.0,300400
2026-04-06 14:45:00,820.0,825.0,820.0,825.0,59100
2026-04-06 14:50:00,820.0,825.0,820.0,825.0,151800
2026-04-06 14:55:00,825.0,825.0,820.0,825.0,105900
2026-04-06 15:00:00,820.0,825.0,810.0,825.0,2095900
2026-04-06 15:05:00,825.0,830.0,820.0,825.0,469300
2026-04-06 15:10:00,820.0,825.0,815.0,820.0,187900
2026-04-06 15:15:00,820.0,820.0,815.0,815.0,147800
2026-04-06 15:20:00,815.0,825.0,815.0,825.0,330300
2026-04-06 15:25:00,820.0,825.0,815.0,820.0,212500
2026-04-06 15:30:00,820.0,825.0,820.0,820.0,182400
2026-04-06 15:35:00,825.0,830.0,820.0,825.0,1085300
2026-04-06 15:40:00,825.0,830.0,820.0,830.0,1159000
2026-04-06 15:45:00,825.0,830.0,820.0,825.0,1424700
2026-04-06 16:00:00,825.0,825.0,825.0,825.0,552100
2026-04-06 16:05:00,825.0,825.0,825.0,825.0,117600
2026-04-06 16:10:00,825.0,825.0,825.0,825.0,28000
2026-04-07 09:00:00,830.0,850.0,825.0,840.0,0
2026-04-07 09:05:00,840.0,840.0,820.0,830.0,1633900
2026-04-07 09:10:00,825.0,840.0,825.0,830.0,2423000
2026-04-07 09:15:00,830.0,830.0,820.0,820.0,585100
2026-04-07 09:20:00,820.0,830.0,820.0,825.0,958200
2026-04-07 09:25:00,825.0,825.0,815.0,820.0,1375100
2026-04-07 09:30:00,820.0,830.0,815.0,830.0,491900
2026-04-07 09:35:00,830.0,830.0,825.0,830.0,500100
2026-04-07 09:40:00,830.0,845.0,830.0,840.0,1289800
2026-04-07 09:45:00,840.0,850.0,840.0,845.0,2429800
2026-04-07 09:50:00,850.0,855.0,845.0,850.0,4036100
2026-04-07 09:55:00,850.0,855.0,840.0,850.0,2032400
2026-04-07 10:00:00,845.0,865.0,845.0,860.0,4743400
2026-04-07 10:05:00,860.0,860.0,850.0,855.0,1475700
2026-04-07 10:10:00,855.0,865.0,855.0,855.0,1618900
2026-04-07 10:15:00,855.0,880.0,855.0,875.0,6020500
2026-04-07 10:20:00,875.0,875.0,865.0,865.0,1826400
2026-04-07 10:25:00,865.0,880.0,865.0,875.0,6210600
2026-04-07 10:30:00,875.0,880.0,870.0,870.0,935100
2026-04-07 10:35:00,870.0,870.0,860.0,865.0,3218700
2026-04-07 10:40:00,865.0,870.0,855.0,855.0,2037900
2026-04-07 10:45:00,855.0,860.0,850.0,855.0,803600
2026-04-07 10:50:00,855.0,860.0,840.0,845.0,2512300
2026-04-07 10:55:00,845.0,850.0,840.0,850.0,562700
2026-04-07 11:00:00,845.0,850.0,840.0,840.0,479900
2026-04-07 11:05:00,840.0,850.0,840.0,850.0,349600
2026-04-07 11:10:00,850.0,855.0,845.0,850.0,145900
2026-04-07 11:15:00,850.0,850.0,845.0,850.0,86500
2026-04-07 11:20:00,845.0,845.0,840.0,840.0,620100
2026-04-07 11:25:00,840.0,845.0,840.0,840.0,90100
2026-04-07 11:30:00,845.0,845.0,840.0,840.0,53600
2026-04-07 11:35:00,840.0,850.0,840.0,850.0,459500
2026-04-07 11:40:00,845.0,860.0,845.0,860.0,1639500
2026-04-07 11:45:00,855.0,860.0,850.0,850.0,198100
2026-04-07 11:50:00,850.0,855.0,850.0,855.0,314300
2026-04-07 11:55:00,855.0,860.0,855.0,855.0,109500
2026-04-07 13:30:00,855.0,860.0,850.0,855.0,1293300
2026-04-07 13:35:00,860.0,865.0,855.0,865.0,1725100
2026-04-07 13:40:00,865.0,865.0,860.0,860.0,924200
2026-04-07 13:45:00,860.0,860.0,855.0,860.0,224000
2026-04-07 13:50:00,860.0,860.0,850.0,850.0,683500
2026-04-07 13:55:00,850.0,855.0,850.0,850.0,192900
2026-04-07 14:00:00,850.0,855.0,845.0,845.0,591900
2026-04-07 14:05:00,845.0,850.0,840.0,845.0,1297800
2026-04-07 14:10:00,845.0,845.0,840.0,840.0,265900
2026-04-07 14:15:00,845.0,850.0,840.0,845.0,279900
2026-04-07 14:20:00,845.0,850.0,840.0,845.0,202000
2026-04-07 14:25:00,840.0,855.0,840.0,855.0,458700
2026-04-07 14:30:00,845.0,850.0,845.0,850.0,75900
2026-04-07 14:35:00,850.0,855.0,845.0,855.0,406200
2026-04-07 14:40:00,855.0,855.0,850.0,855.0,286500
2026-04-07 14:45:00,855.0,855.0,850.0,855.0,0
2026-04-07 14:50:00,850.0,855.0,850.0,855.0,104400
2026-04-07 14:55:00,855.0,855.0,850.0,850.0,66600
2026-04-07 15:00:00,855.0,855.0,850.0,855.0,1457300
2026-04-07 15:05:00,855.0,860.0,855.0,855.0,237800
2026-04-07 15:10:00,860.0,860.0,855.0,855.0,181500
2026-04-07 15:15:00,860.0,860.0,855.0,855.0,870300
2026-04-07 15:20:00,855.0,860.0,855.0,860.0,173300
2026-04-07 15:25:00,860.0,870.0,855.0,870.0,3891700
2026-04-07 15:30:00,870.0,875.0,865.0,870.0,1532100
2026-04-07 15:35:00,870.0,875.0,865.0,875.0,1304900
2026-04-07 15:40:00,870.0,875.0,865.0,875.0,929100
2026-04-07 15:45:00,875.0,885.0,870.0,875.0,7442600
2026-04-07 16:00:00,875.0,875.0,875.0,875.0,2725700
2026-04-07 16:05:00,875.0,875.0,875.0,875.0,192000
2026-04-07 16:10:00,875.0,875.0,875.0,875.0,165000
2026-04-08 09:00:00,920.0,930.0,895.0,900.0,0
2026-04-08 09:05:00,905.0,915.0,895.0,895.0,7211100
2026-04-08 09:10:00,895.0,910.0,895.0,900.0,1306400
2026-04-08 09:15:00,905.0,910.0,900.0,905.0,2012700
2026-04-08 09:20:00,905.0,910.0,900.0,910.0,1518400
2026-04-08 09:25:00,905.0,910.0,900.0,910.0,2884100
2026-04-08 09:30:00,900.0,910.0,900.0,910.0,746300
2026-04-08 09:35:00,905.0,920.0,905.0,920.0,4954600
2026-04-08 09:40:00,920.0,920.0,905.0,910.0,3464800
2026-04-08 09:45:00,910.0,910.0,895.0,895.0,15370800
2026-04-08 09:50:00,895.0,910.0,895.0,905.0,1547100
2026-04-08 09:55:00,905.0,910.0,900.0,905.0,655000
2026-04-08 10:00:00,905.0,910.0,905.0,905.0,626300
2026-04-08 10:05:00,905.0,910.0,905.0,905.0,1359300
2026-04-08 10:10:00,905.0,910.0,900.0,905.0,530100
2026-04-08 10:15:00,905.0,905.0,900.0,905.0,235900
2026-04-08 10:20:00,905.0,920.0,905.0,915.0,3371100
2026-04-08 10:25:00,915.0,920.0,915.0,915.0,745900
2026-04-08 10:30:00,920.0,920.0,910.0,910.0,1356400
2026-04-08 10:35:00,915.0,915.0,910.0,910.0,227600
2026-04-08 10:40:00,915.0,915.0,910.0,915.0,262200
2026-04-08 10:45:00,915.0,915.0,910.0,915.0,763200
2026-04-08 10:50:00,915.0,915.0,910.0,910.0,218500
2026-04-08 10:55:00,915.0,915.0,910.0,910.0,204900
2026-04-08 11:00:00,910.0,915.0,910.0,915.0,260500
2026-04-08 11:05:00,910.0,915.0,910.0,915.0,146600
2026-04-08 11:10:00,915.0,920.0,910.0,915.0,3509000
2026-04-08 11:15:00,915.0,920.0,915.0,920.0,318500
2026-04-08 11:20:00,920.0,925.0,915.0,920.0,3505000
2026-04-08 11:25:00,920.0,925.0,915.0,920.0,438500
2026-04-08 11:30:00,920.0,925.0,915.0,920.0,437600
2026-04-08 11:35:00,915.0,925.0,915.0,925.0,1231400
2026-04-08 11:40:00,920.0,930.0,920.0,930.0,2015400
2026-04-08 11:45:00,925.0,935.0,925.0,935.0,2337400
2026-04-08 11:50:00,935.0,955.0,930.0,950.0,8690900
2026-04-08 11:55:00,950.0,950.0,940.0,945.0,2365400
2026-04-08 13:30:00,945.0,945.0,930.0,940.0,4802200
2026-04-08 13:35:00,935.0,950.0,935.0,945.0,1331700
2026-04-08 13:40:00,945.0,950.0,940.0,950.0,1030600
2026-04-08 13:45:00,950.0,950.0,940.0,945.0,798300
2026-04-08 13:50:00,940.0,950.0,940.0,945.0,540600
2026-04-08 13:55:00,950.0,950.0,945.0,945.0,1849500
2026-04-08 14:00:00,945.0,945.0,940.0,945.0,604400
2026-04-08 14:05:00,940.0,955.0,940.0,950.0,3751400
2026-04-08 14:10:00,945.0,955.0,945.0,950.0,573900
2026-04-08 14:15:00,945.0,955.0,940.0,950.0,3286500
2026-04-08 14:20:00,950.0,970.0,950.0,970.0,7204800
2026-04-08 14:25:00,970.0,975.0,965.0,970.0,4490000
2026-04-08 14:30:00,970.0,975.0,960.0,970.0,3289300
2026-04-08 14:35:00,970.0,975.0,965.0,970.0,1681400
2026-04-08 14:40:00,970.0,975.0,965.0,970.0,493100
2026-04-08 14:45:00,970.0,990.0,970.0,990.0,4833700
2026-04-08 14:50:00,985.0,1005.0,960.0,970.0,20271300
2026-04-08 14:55:00,975.0,985.0,970.0,980.0,3401300
2026-04-08 15:00:00,980.0,980.0,970.0,975.0,1924000
2026-04-08 15:05:00,975.0,980.0,970.0,975.0,1560000
2026-04-08 15:10:00,980.0,980.0,970.0,975.0,2222500
2026-04-08 15:15:00,970.0,985.0,970.0,980.0,4251600
2026-04-08 15:20:00,980.0,980.0,975.0,980.0,477800
2026-04-08 15:25:00,975.0,980.0,970.0,980.0,2843700
2026-04-08 15:30:00,980.0,985.0,975.0,985.0,2159400
2026-04-08 15:35:00,985.0,990.0,980.0,980.0,1694600
2026-04-08 15:40:00,985.0,990.0,980.0,985.0,3155000
2026-04-08 15:45:00,985.0,995.0,980.0,995.0,3029000
2026-04-08 16:00:00,995.0,995.0,995.0,995.0,7706100
2026-04-08 16:05:00,995.0,995.0,995.0,995.0,943900
2026-04-08 16:10:00,995.0,995.0,995.0,995.0,65600
2026-04-09 09:00:00,970.0,975.0,940.0,955.0,0
2026-04-09 09:05:00,955.0,955.0,945.0,950.0,3965700
2026-04-09 09:10:00,950.0,965.0,945.0,965.0,2103500
2026-04-09 09:15:00,965.0,980.0,960.0,980.0,7742000
2026-04-09 09:20:00,975.0,985.0,965.0,985.0,7427100
2026-04-09 09:25:00,985.0,1005.0,980.0,1000.0,9703400
2026-04-09 09:30:00,1005.0,1010.0,990.0,1005.0,12361800
2026-04-09 09:35:00,1010.0,1020.0,1000.0,1020.0,9530100
2026-04-09 09:40:00,1020.0,1020.0,1000.0,1005.0,6415200
2026-04-09 09:45:00,1005.0,1005.0,1000.0,1000.0,3006800
2026-04-09 09:50:00,1000.0,1010.0,985.0,995.0,19120000
2026-04-09 09:55:00,995.0,1000.0,995.0,1000.0,900500
2026-04-09 10:00:00,1000.0,1000.0,990.0,995.0,1202500
2026-04-09 10:05:00,990.0,995.0,990.0,990.0,615500
2026-04-09 10:10:00,990.0,995.0,990.0,995.0,789600
2026-04-09 10:15:00,995.0,995.0,990.0,995.0,289600
2026-04-09 10:20:00,990.0,995.0,980.0,980.0,6798400
2026-04-09 10:25:00,980.0,985.0,980.0,980.0,746100
2026-04-09 10:30:00,985.0,985.0,980.0,985.0,614800
2026-04-09 10:35:00,980.0,985.0,980.0,985.0,333200
2026-04-09 10:40:00,985.0,990.0,980.0,985.0,1589300
2026-04-09 10:45:00,990.0,990.0,980.0,985.0,690000
2026-04-09 10:50:00,980.0,990.0,980.0,990.0,1261000
2026-04-09 10:55:00,990.0,995.0,985.0,995.0,961500
2026-04-09 11:00:00,990.0,995.0,990.0,995.0,952200
2026-04-09 11:05:00,995.0,995.0,985.0,990.0,1811200
2026-04-09 11:10:00,990.0,995.0,990.0,995.0,312500
2026-04-09 11:15:00,995.0,995.0,990.0,995.0,1001600
2026-04-09 11:20:00,995.0,995.0,990.0,995.0,243800
2026-04-09 11:25:00,990.0,995.0,990.0,990.0,691200
2026-04-09 11:30:00,990.0,995.0,990.0,995.0,551900
2026-04-09 11:35:00,990.0,995.0,985.0,990.0,881900
2026-04-09 11:40:00,990.0,995.0,990.0,990.0,276600
2026-04-09 11:45:00,990.0,995.0,990.0,995.0,145900
2026-04-09 11:50:00,990.0,995.0,990.0,990.0,91200
2026-04-09 11:55:00,995.0,995.0,990.0,990.0,115100
2026-04-09 13:30:00,995.0,995.0,990.0,990.0,957700
2026-04-09 13:35:00,995.0,995.0,990.0,990.0,2657500
2026-04-09 13:40:00,990.0,995.0,990.0,990.0,671300
2026-04-09 13:45:00,990.0,995.0,985.0,990.0,2690000
2026-04-09 13:50:00,985.0,990.0,985.0,985.0,168800
2026-04-09 13:55:00,985.0,990.0,985.0,990.0,147700
2026-04-09 14:00:00,985.0,990.0,985.0,990.0,265100
2026-04-09 14:05:00,985.0,995.0,985.0,990.0,2014400
2026-04-09 14:10:00,990.0,995.0,985.0,990.0,1111900
2026-04-09 14:15:00,985.0,990.0,985.0,985.0,300700
2026-04-09 14:20:00,990.0,990.0,985.0,990.0,289000
2026-04-09 14:25:00,985.0,990.0,985.0,990.0,296500
2026-04-09 14:30:00,990.0,990.0,985.0,985.0,657700
2026-04-09 14:35:00,985.0,990.0,985.0,985.0,267700
2026-04-09 14:40:00,985.0,990.0,985.0,990.0,538800
2026-04-09 14:45:00,990.0,990.0,985.0,990.0,465700
2026-04-09 14:50:00,985.0,990.0,985.0,985.0,314800
2026-04-09 14:55:00,990.0,990.0,980.0,985.0,1491900
2026-04-09 15:00:00,980.0,985.0,980.0,985.0,239400
2026-04-09 15:05:00,985.0,985.0,980.0,985.0,978700
2026-04-09 15:10:00,985.0,985.0,980.0,980.0,1251200
2026-04-09 15:15:00,985.0,985.0,980.0,980.0,383300
2026-04-09 15:20:00,980.0,985.0,980.0,980.0,249200
2026-04-09 15:25:00,980.0,985.0,980.0,985.0,274200
2026-04-09 15:30:00,985.0,990.0,980.0,985.0,1850400
2026-04-09 15:35:00,985.0,995.0,985.0,995.0,1615800
2026-04-09 15:40:00,995.0,995.0,990.0,995.0,2719000
2026-04-09 15:45:00,990.0,1000.0,990.0,1000.0,4026400
2026-04-09 16:00:00,1000.0,1000.0,1000.0,1000.0,3952100
2026-04-09 16:05:00,1000.0,1000.0,1000.0,1000.0,231900
2026-04-09 16:10:00,1000.0,1000.0,1000.0,1000.0,26400
2026-04-10 09:00:00,1010.0,1045.0,1010.0,1030.0,0
2026-04-10 09:05:00,1030.0,1035.0,1020.0,1035.0,8271100
2026-04-10 09:10:00,1035.0,1060.0,1030.0,1050.0,16209100
2026-04-10 09:15:00,1050.0,1055.0,1040.0,1055.0,5323200
2026-04-10 09:20:00,1055.0,1055.0,1045.0,1050.0,2905200
2026-04-10 09:25:00,1050.0,1055.0,1045.0,1055.0,4672200
2026-04-10 09:30:00,1050.0,1055.0,1040.0,1045.0,5697800
2026-04-10 09:35:00,1045.0,1050.0,1040.0,1045.0,3400200
2026-04-10 09:40:00,1045.0,1045.0,1035.0,1035.0,2132700
2026-04-10 09:45:00,1040.0,1040.0,1035.0,1040.0,1111200
2026-04-10 09:50:00,1040.0,1040.0,1030.0,1035.0,2054400
2026-04-10 09:55:00,1035.0,1035.0,1030.0,1030.0,790700
2026-04-10 10:00:00,1035.0,1035.0,1025.0,1030.0,3100700
2026-04-10 10:05:00,1025.0,1030.0,1020.0,1030.0,4465500
2026-04-10 10:10:00,1030.0,1030.0,1025.0,1030.0,433300
2026-04-10 10:15:00,1030.0,1035.0,1025.0,1030.0,1712500
2026-04-10 10:20:00,1030.0,1035.0,1030.0,1035.0,711900
2026-04-10 10:25:00,1035.0,1045.0,1030.0,1040.0,1773700
2026-04-10 10:30:00,1040.0,1040.0,1035.0,1040.0,1301300
2026-04-10 10:35:00,1040.0,1045.0,1035.0,1040.0,862800
2026-04-10 10:40:00,1040.0,1045.0,1035.0,1035.0,1514200
2026-04-10 10:45:00,1035.0,1040.0,1035.0,1035.0,569900
2026-04-10 10:50:00,1035.0,1040.0,1035.0,1040.0,1203200
2026-04-10 10:55:00,1035.0,1040.0,1025.0,1030.0,3536400
2026-04-10 11:00:00,1025.0,1030.0,1020.0,1020.0,1490500
2026-04-10 11:05:00,1020.0,1030.0,1020.0,1025.0,475400
2026-04-10 11:10:00,1025.0,1030.0,1025.0,1030.0,414200
2026-04-10 11:15:00,1030.0,1035.0,1030.0,1035.0,220400
2026-04-10 11:20:00,1035.0,1035.0,1030.0,1030.0,187700
2026-04-10 11:25:00,1030.0,1035.0,1030.0,1035.0,460100
2026-04-10 14:00:00,1030.0,1040.0,1030.0,1035.0,2973900
2026-04-10 14:05:00,1035.0,1040.0,1030.0,1040.0,471000
2026-04-10 14:10:00,1040.0,1045.0,1035.0,1040.0,1708400
2026-04-10 14:15:00,1045.0,1045.0,1040.0,1040.0,1297700
2026-04-10 14:20:00,1035.0,1040.0,1035.0,1040.0,548700
2026-04-10 14:25:00,1035.0,1040.0,1030.0,1035.0,1984600
2026-04-10 14:30:00,1035.0,1035.0,1025.0,1030.0,1219200
2026-04-10 14:35:00,1030.0,1030.0,1025.0,1030.0,690200
2026-04-10 14:40:00,1025.0,1035.0,1025.0,1030.0,801400
2026-04-10 14:45:00,1030.0,1035.0,1025.0,1030.0,445700
2026-04-10 14:50:00,1035.0,1035.0,1025.0,1025.0,778500
2026-04-10 14:55:00,1030.0,1030.0,1020.0,1020.0,2595500
2026-04-10 15:00:00,1025.0,1025.0,1020.0,1025.0,328300
2026-04-10 15:05:00,1025.0,1025.0,1020.0,1025.0,444300
2026-04-10 15:10:00,1025.0,1030.0,1020.0,1025.0,997200
2026-04-10 15:15:00,1025.0,1025.0,1005.0,1010.0,11014400
2026-04-10 15:20:00,1010.0,1015.0,1005.0,1005.0,1137300
2026-04-10 15:25:00,1010.0,1025.0,1005.0,1025.0,1989700
2026-04-10 15:30:00,1020.0,1025.0,1020.0,1025.0,492800
2026-04-10 15:35:00,1025.0,1025.0,1015.0,1015.0,4756300
2026-04-10 15:40:00,1020.0,1020.0,1005.0,1010.0,1714300
2026-04-10 15:45:00,1015.0,1020.0,1010.0,1020.0,1758500
2026-04-10 16:00:00,1015.0,1015.0,1015.0,1015.0,2301000
2026-04-10 16:05:00,1015.0,1015.0,1015.0,1015.0,435900
2026-04-10 16:10:00,1015.0,1015.0,1015.0,1015.0,229400
2026-04-13 09:00:00,985.0,1010.0,975.0,1010.0,0
2026-04-13 09:05:00,1010.0,1020.0,1005.0,1010.0,5711800
2026-04-13 09:10:00,1015.0,1025.0,1010.0,1025.0,3921700
2026-04-13 09:15:00,1025.0,1035.0,1020.0,1030.0,3093800
2026-04-13 09:20:00,1030.0,1050.0,1025.0,1050.0,7068100
2026-04-13 09:25:00,1050.0,1050.0,1035.0,1035.0,4764900
2026-04-13 09:30:00,1035.0,1040.0,1030.0,1035.0,1514100
2026-04-13 09:35:00,1030.0,1045.0,1030.0,1040.0,2114900
2026-04-13 09:40:00,1045.0,1055.0,1040.0,1050.0,5230900
2026-04-13 09:45:00,1055.0,1070.0,1050.0,1055.0,8031600
2026-04-13 09:50:00,1060.0,1070.0,1055.0,1065.0,4897900
2026-04-13 09:55:00,1070.0,1080.0,1065.0,1075.0,8595800
2026-04-13 10:00:00,1070.0,1090.0,1070.0,1085.0,8305000
2026-04-13 10:05:00,1085.0,1090.0,1070.0,1075.0,5003500
2026-04-13 10:10:00,1075.0,1090.0,1075.0,1085.0,4538200
2026-04-13 10:15:00,1085.0,1090.0,1070.0,1075.0,1617500
2026-04-13 10:20:00,1070.0,1075.0,1065.0,1065.0,2560300
2026-04-13 10:25:00,1065.0,1075.0,1060.0,1070.0,4147100
2026-04-13 10:30:00,1075.0,1075.0,1070.0,1070.0,1370800
2026-04-13 10:35:00,1075.0,1080.0,1070.0,1075.0,1022000
2026-04-13 10:40:00,1070.0,1075.0,1070.0,1075.0,667800
2026-04-13 10:45:00,1075.0,1075.0,1070.0,1075.0,402900
2026-04-13 10:50:00,1075.0,1080.0,1070.0,1075.0,1309300
2026-04-13 10:55:00,1075.0,1080.0,1070.0,1075.0,256200
2026-04-13 11:00:00,1075.0,1075.0,1070.0,1070.0,168000
2026-04-13 11:05:00,1070.0,1075.0,1070.0,1075.0,893400
2026-04-13 11:10:00,1075.0,1075.0,1070.0,1070.0,253300
2026-04-13 11:15:00,1070.0,1080.0,1065.0,1075.0,2116500
2026-04-13 11:20:00,1075.0,1085.0,1075.0,1085.0,2007400
2026-04-13 11:25:00,1085.0,1110.0,1085.0,1105.0,14989600
2026-04-13 11:30:00,1110.0,1120.0,1100.0,1115.0,7762600
2026-04-13 11:35:00,1115.0,1125.0,1115.0,1120.0,3812500
2026-04-13 11:40:00,1120.0,1120.0,1110.0,1115.0,3348100
2026-04-13 11:45:00,1115.0,1115.0,1100.0,1115.0,6603400
2026-04-13 11:50:00,1115.0,1115.0,1110.0,1110.0,786800
2026-04-13 11:55:00,1115.0,1115.0,1110.0,1115.0,4038400
2026-04-13 13:30:00,1115.0,1135.0,1110.0,1130.0,9431900
2026-04-13 13:35:00,1130.0,1145.0,1125.0,1140.0,3604900
2026-04-13 13:40:00,1140.0,1145.0,1120.0,1125.0,5895700
2026-04-13 13:45:00,1120.0,1125.0,1110.0,1110.0,4230900
2026-04-13 13:50:00,1115.0,1125.0,1110.0,1120.0,2334700
2026-04-13 13:55:00,1125.0,1130.0,1120.0,1125.0,1394200
2026-04-13 14:00:00,1120.0,1125.0,1115.0,1115.0,3976900
2026-04-13 14:05:00,1115.0,1120.0,1100.0,1110.0,11185100
2026-04-13 14:10:00,1110.0,1110.0,1105.0,1110.0,824400
2026-04-13 14:15:00,1110.0,1115.0,1110.0,1115.0,660100
2026-04-13 14:20:00,1115.0,1115.0,1110.0,1115.0,452700
2026-04-13 14:25:00,1115.0,1115.0,1110.0,1115.0,875200
2026-04-13 14:30:00,1115.0,1120.0,1110.0,1120.0,1009700
2026-04-13 14:35:00,1120.0,1125.0,1115.0,1125.0,1150000
2026-04-13 14:40:00,1125.0,1125.0,1120.0,1120.0,604600
2026-04-13 14:45:00,1125.0,1125.0,1115.0,1120.0,831100
2026-04-13 14:50:00,1120.0,1120.0,1115.0,1115.0,890500
2026-04-13 14:55:00,1115.0,1125.0,1115.0,1120.0,2603900
2026-04-13 15:00:00,1120.0,1125.0,1120.0,1125.0,256100
2026-04-13 15:05:00,1125.0,1130.0,1115.0,1115.0,4885700
2026-04-13 15:10:00,1120.0,1120.0,1115.0,1115.0,840000
2026-04-13 15:15:00,1120.0,1125.0,1115.0,1125.0,1880600
2026-04-13 15:20:00,1125.0,1125.0,1110.0,1115.0,3152900
2026-04-13 15:25:00,1110.0,1120.0,1110.0,1120.0,1022700
2026-04-13 15:30:00,1115.0,1120.0,1115.0,1120.0,328900
2026-04-13 15:35:00,1120.0,1130.0,1115.0,1125.0,2745900
2026-04-13 15:40:00,1125.0,1125.0,1120.0,1120.0,1325800
2026-04-13 15:45:00,1125.0,1130.0,1120.0,1125.0,4256500
2026-04-13 16:00:00,1125.0,1125.0,1125.0,1125.0,8607600
2026-04-13 16:05:00,1125.0,1125.0,1125.0,1125.0,717400
2026-04-13 16:10:00,1125.0,1125.0,1125.0,1125.0,701500
2026-04-14 09:00:00,1160.0,1170.0,1140.0,1155.0,0
2026-04-14 09:05:00,1155.0,1175.0,1145.0,1170.0,13554800
2026-04-14 09:10:00,1170.0,1210.0,1165.0,1210.0,20985700
2026-04-14 09:15:00,1210.0,1215.0,1190.0,1200.0,15747600
2026-04-14 09:20:00,1205.0,1205.0,1195.0,1200.0,8814500
2026-04-14 09:25:00,1200.0,1250.0,1195.0,1250.0,33107900
2026-04-14 09:30:00,1250.0,1265.0,1245.0,1245.0,25589600
2026-04-14 09:35:00,1245.0,1250.0,1215.0,1220.0,19795200
2026-04-14 09:40:00,1220.0,1235.0,1205.0,1230.0,13305900
2026-04-14 09:45:00,1230.0,1235.0,1225.0,1230.0,3044800
2026-04-14 09:50:00,1225.0,1235.0,1225.0,1225.0,2766100
2026-04-14 09:55:00,1225.0,1245.0,1225.0,1240.0,6692600
2026-04-14 10:00:00,1245.0,1245.0,1230.0,1235.0,7298800
2026-04-14 10:05:00,1235.0,1255.0,1230.0,1255.0,20299500
2026-04-14 10:10:00,1255.0,1255.0,1240.0,1240.0,5040200
2026-04-14 10:15:00,1245.0,1250.0,1240.0,1245.0,2279500
2026-04-14 10:20:00,1245.0,1250.0,1245.0,1250.0,1089800
2026-04-14 10:25:00,1245.0,1265.0,1245.0,1265.0,9984100
2026-04-14 10:30:00,1260.0,1265.0,1255.0,1265.0,6438200
2026-04-14 10:35:00,1265.0,1265.0,1245.0,1260.0,9190600
2026-04-14 10:40:00,1260.0,1260.0,1255.0,1255.0,2163900
2026-04-14 10:45:00,1255.0,1260.0,1245.0,1250.0,3065400
2026-04-14 10:50:00,1250.0,1255.0,1245.0,1245.0,2201100
2026-04-14 10:55:00,1250.0,1255.0,1245.0,1250.0,2168900
2026-04-14 11:00:00,1250.0,1285.0,1245.0,1275.0,19568500
2026-04-14 11:05:00,1280.0,1290.0,1275.0,1280.0,7341900
2026-04-14 11:10:00,1285.0,1290.0,1275.0,1290.0,8968800
2026-04-14 11:15:00,1290.0,1290.0,1275.0,1285.0,4822400
2026-04-14 11:20:00,1285.0,1310.0,1280.0,1300.0,26506500
2026-04-14 11:25:00,1300.0,1315.0,1285.0,1285.0,26086400
2026-04-14 11:30:00,1285.0,1290.0,1280.0,1280.0,5493000
2026-04-14 11:35:00,1280.0,1290.0,1280.0,1280.0,1840900
2026-04-14 11:40:00,1280.0,1285.0,1280.0,1280.0,1944700
2026-04-14 11:45:00,1280.0,1285.0,1270.0,1275.0,4398900
2026-04-14 11:50:00,1275.0,1275.0,1265.0,1270.0,5466400
2026-04-14 11:55:00,1270.0,1275.0,1265.0,1265.0,2215600
2026-04-14 13:30:00,1265.0,1270.0,1230.0,1230.0,23186000
2026-04-14 13:35:00,1235.0,1250.0,1225.0,1250.0,12536800
2026-04-14 13:40:00,1250.0,1255.0,1235.0,1240.0,7882700
2026-04-14 13:45:00,1240.0,1250.0,1235.0,1245.0,3781200
2026-04-14 13:50:00,1250.0,1250.0,1240.0,1250.0,1070000
2026-04-14 13:55:00,1250.0,1250.0,1230.0,1235.0,4220800
2026-04-14 14:00:00,1240.0,1265.0,1235.0,1260.0,5796900
2026-04-14 14:05:00,1265.0,1270.0,1260.0,1270.0,6634900
2026-04-14 14:10:00,1270.0,1295.0,1270.0,1275.0,16443300
2026-04-14 14:15:00,1280.0,1290.0,1275.0,1275.0,6330600
2026-04-14 14:20:00,1280.0,1295.0,1275.0,1290.0,7534300
2026-04-14 14:25:00,1290.0,1295.0,1285.0,1290.0,4531100
2026-04-14 14:30:00,1290.0,1290.0,1275.0,1280.0,5529300
2026-04-14 14:35:00,1280.0,1285.0,1270.0,1280.0,3393200
2026-04-14 14:40:00,1285.0,1285.0,1280.0,1280.0,911200
2026-04-14 14:45:00,1285.0,1285.0,1280.0,1285.0,1124900
2026-04-14 14:50:00,1285.0,1285.0,1275.0,1285.0,1734500
2026-04-14 14:55:00,1285.0,1285.0,1280.0,1280.0,1268300
2026-04-14 15:00:00,1285.0,1285.0,1280.0,1280.0,1464400
2026-04-14 15:05:00,1285.0,1285.0,1275.0,1275.0,2713700
2026-04-14 15:10:00,1280.0,1280.0,1275.0,1275.0,3373100
2026-04-14 15:15:00,1280.0,1280.0,1275.0,1275.0,1169100
2026-04-14 15:20:00,1280.0,1285.0,1275.0,1285.0,4691300
2026-04-14 15:25:00,1285.0,1285.0,1280.0,1285.0,1865900
2026-04-14 15:30:00,1285.0,1295.0,1280.0,1290.0,8060900
2026-04-14 15:35:00,1295.0,1295.0,1280.0,1290.0,5322000
2026-04-14 15:40:00,1290.0,1300.0,1285.0,1295.0,8242700
2026-04-14 15:45:00,1300.0,1300.0,1275.0,1285.0,10577500
2026-04-14 16:00:00,1280.0,1280.0,1280.0,1280.0,11497700
2026-04-14 16:05:00,1280.0,1280.0,1280.0,1280.0,607500
2026-04-14 16:10:00,1280.0,1280.0,1280.0,1280.0,633200
2026-04-15 09:00:00,1315.0,1340.0,1300.0,1300.0,0
2026-04-15 09:05:00,1305.0,1325.0,1290.0,1320.0,18738400
2026-04-15 09:10:00,1320.0,1325.0,1300.0,1315.0,10212100
2026-04-15 09:15:00,1310.0,1315.0,1250.0,1265.0,21507300
2026-04-15 09:20:00,1265.0,1295.0,1260.0,1290.0,13282600
2026-04-15 09:25:00,1290.0,1290.0,1260.0,1270.0,6979900
2026-04-15 09:30:00,1270.0,1285.0,1255.0,1255.0,7564100
2026-04-15 09:35:00,1255.0,1265.0,1215.0,1265.0,24198900
2026-04-15 09:40:00,1265.0,1275.0,1255.0,1275.0,5539300
2026-04-15 09:45:00,1275.0,1275.0,1250.0,1255.0,8210000
2026-04-15 09:50:00,1255.0,1255.0,1240.0,1250.0,6270600
2026-04-15 09:55:00,1250.0,1255.0,1235.0,1235.0,4314300
2026-04-15 10:00:00,1235.0,1240.0,1225.0,1240.0,9050300
2026-04-15 10:05:00,1240.0,1245.0,1225.0,1230.0,3539600
2026-04-15 10:10:00,1230.0,1240.0,1230.0,1240.0,2399000
2026-04-15 10:15:00,1235.0,1245.0,1230.0,1240.0,2132700
2026-04-15 10:20:00,1235.0,1250.0,1235.0,1245.0,1596500
2026-04-15 10:25:00,1250.0,1265.0,1245.0,1255.0,7282300
2026-04-15 10:30:00,1255.0,1260.0,1240.0,1240.0,2781300
2026-04-15 10:35:00,1245.0,1255.0,1240.0,1250.0,1112900
2026-04-15 10:40:00,1250.0,1250.0,1240.0,1240.0,985600
2026-04-15 10:45:00,1240.0,1245.0,1240.0,1240.0,1819100
2026-04-15 10:50:00,1240.0,1245.0,1240.0,1240.0,396900
2026-04-15 10:55:00,1240.0,1245.0,1240.0,1240.0,1162100
2026-04-15 11:00:00,1240.0,1250.0,1240.0,1240.0,1076600
2026-04-15 11:05:00,1245.0,1250.0,1240.0,1250.0,3280900
2026-04-15 11:10:00,1250.0,1280.0,1250.0,1280.0,12618800
2026-04-15 11:15:00,1280.0,1285.0,1270.0,1285.0,6730100
2026-04-15 11:20:00,1285.0,1290.0,1275.0,1275.0,10585500
2026-04-15 11:25:00,1280.0,1290.0,1270.0,1270.0,7233900
2026-04-15 11:30:00,1270.0,1285.0,1270.0,1270.0,3557400
2026-04-15 11:35:00,1270.0,1280.0,1270.0,1275.0,1235100
2026-04-15 11:40:00,1270.0,1275.0,1255.0,1260.0,4697700
2026-04-15 11:45:00,1260.0,1265.0,1260.0,1265.0,913700
2026-04-15 11:50:00,1265.0,1265.0,1250.0,1260.0,3226400
2026-04-15 11:55:00,1265.0,1265.0,1255.0,1255.0,743300
2026-04-15 13:30:00,1255.0,1265.0,1255.0,1260.0,2154000
2026-04-15 13:35:00,1260.0,1265.0,1250.0,1255.0,2339300
2026-04-15 13:40:00,1260.0,1265.0,1255.0,1260.0,1335300
2026-04-15 13:45:00,1260.0,1260.0,1255.0,1260.0,653200
2026-04-15 13:50:00,1260.0,1260.0,1250.0,1250.0,1800100
2026-04-15 13:55:00,1250.0,1255.0,1250.0,1250.0,461000
2026-04-15 14:00:00,1255.0,1260.0,1250.0,1255.0,1119600
2026-04-15 14:05:00,1250.0,1260.0,1245.0,1245.0,3153000
2026-04-15 14:10:00,1250.0,1250.0,1245.0,1250.0,674500
2026-04-15 14:15:00,1250.0,1255.0,1250.0,1250.0,668600
2026-04-15 14:20:00,1250.0,1260.0,1250.0,1250.0,884700
2026-04-15 14:25:00,1255.0,1255.0,1250.0,1250.0,1135900
2026-04-15 14:30:00,1250.0,1255.0,1245.0,1245.0,568000
2026-04-15 14:35:00,1250.0,1250.0,1240.0,1245.0,1548300
2026-04-15 14:40:00,1245.0,1245.0,1240.0,1245.0,585200
2026-04-15 14:45:00,1240.0,1245.0,1240.0,1245.0,3369700
2026-04-15 14:50:00,1245.0,1250.0,1240.0,1245.0,1160600
2026-04-15 14:55:00,1245.0,1250.0,1240.0,1240.0,1011100
2026-04-15 15:00:00,1245.0,1250.0,1240.0,1245.0,843700
2026-04-15 15:05:00,1245.0,1250.0,1240.0,1240.0,807300
2026-04-15 15:10:00,1245.0,1245.0,1240.0,1240.0,1234800
2026-04-15 15:15:00,1240.0,1245.0,1235.0,1235.0,2420400
2026-04-15 15:20:00,1235.0,1240.0,1230.0,1230.0,2695300
2026-04-15 15:25:00,1230.0,1235.0,1215.0,1220.0,7326700
2026-04-15 15:30:00,1220.0,1230.0,1220.0,1225.0,2884400
2026-04-15 15:35:00,1225.0,1235.0,1225.0,1230.0,3147400
2026-04-15 15:40:00,1230.0,1235.0,1215.0,1225.0,4151700
2026-04-15 15:45:00,1220.0,1230.0,1215.0,1220.0,5702600
2026-04-15 16:00:00,1215.0,1215.0,1215.0,1215.0,4136400
2026-04-15 16:05:00,1215.0,1215.0,1215.0,1215.0,222400
2026-04-15 16:10:00,1215.0,1215.0,1215.0,1215.0,61600
2026-04-16 09:00:00,1220.0,1250.0,1210.0,1245.0,0
2026-04-16 09:05:00,1245.0,1250.0,1215.0,1225.0,8615100
2026-04-16 09:10:00,1225.0,1230.0,1220.0,1220.0,3637300
2026-04-16 09:15:00,1220.0,1235.0,1220.0,1235.0,4127700
2026-04-16 09:20:00,1235.0,1240.0,1225.0,1230.0,3935500
2026-04-16 09:25:00,1230.0,1255.0,1225.0,1245.0,6998000
2026-04-16 09:30:00,1250.0,1250.0,1235.0,1235.0,3648200
2026-04-16 09:35:00,1235.0,1245.0,1235.0,1240.0,878100
2026-04-16 09:40:00,1240.0,1245.0,1240.0,1240.0,812200
2026-04-16 09:45:00,1240.0,1245.0,1235.0,1235.0,3190500
2026-04-16 09:50:00,1240.0,1240.0,1230.0,1235.0,929300
2026-04-16 09:55:00,1230.0,1235.0,1220.0,1225.0,2337700
2026-04-16 10:00:00,1225.0,1230.0,1220.0,1225.0,861800
2026-04-16 10:05:00,1230.0,1230.0,1220.0,1225.0,1307600
2026-04-16 10:10:00,1225.0,1225.0,1210.0,1210.0,6638100
2026-04-16 10:15:00,1210.0,1215.0,1185.0,1210.0,12273000
2026-04-16 10:20:00,1205.0,1210.0,1205.0,1205.0,1221600
2026-04-16 10:25:00,1205.0,1210.0,1195.0,1195.0,2381900
2026-04-16 10:30:00,1195.0,1200.0,1195.0,1195.0,955400
2026-04-16 10:35:00,1200.0,1200.0,1185.0,1185.0,3719200
2026-04-16 10:40:00,1185.0,1190.0,1175.0,1180.0,7527100
2026-04-16 10:45:00,1185.0,1190.0,1170.0,1185.0,5971000
2026-04-16 10:50:00,1185.0,1195.0,1180.0,1180.0,2739500
2026-04-16 10:55:00,1185.0,1185.0,1175.0,1175.0,1456300
2026-04-16 11:00:00,1175.0,1180.0,1170.0,1180.0,2809800
2026-04-16 11:05:00,1180.0,1185.0,1175.0,1185.0,1575700
2026-04-16 11:10:00,1180.0,1185.0,1180.0,1185.0,499900
2026-04-16 11:15:00,1180.0,1185.0,1180.0,1185.0,450900
2026-04-16 11:20:00,1180.0,1185.0,1175.0,1175.0,1394000
2026-04-16 11:25:00,1175.0,1180.0,1165.0,1170.0,3650100
2026-04-16 11:30:00,1165.0,1170.0,1160.0,1160.0,6636000
2026-04-16 11:35:00,1165.0,1170.0,1160.0,1165.0,3035000
2026-04-16 11:40:00,1165.0,1170.0,1160.0,1165.0,2036500
2026-04-16 11:45:00,1165.0,1170.0,1160.0,1165.0,786100
2026-04-16 11:50:00,1160.0,1165.0,1155.0,1155.0,2200700
2026-04-16 11:55:00,1160.0,1170.0,1155.0,1165.0,3152800
2026-04-16 13:30:00,1160.0,1175.0,1160.0,1170.0,2699500
2026-04-16 13:35:00,1165.0,1170.0,1155.0,1165.0,2795700
2026-04-16 13:40:00,1165.0,1170.0,1155.0,1160.0,1345000
2026-04-16 13:45:00,1155.0,1160.0,1150.0,1155.0,3404600
2026-04-16 13:50:00,1150.0,1165.0,1150.0,1165.0,4453600
2026-04-16 13:55:00,1165.0,1170.0,1160.0,1165.0,622100
2026-04-16 14:00:00,1160.0,1175.0,1160.0,1175.0,2211800
2026-04-16 14:05:00,1170.0,1175.0,1170.0,1175.0,1645400
2026-04-16 14:10:00,1175.0,1180.0,1170.0,1180.0,3157600
2026-04-16 14:15:00,1185.0,1190.0,1175.0,1180.0,5060600
2026-04-16 14:20:00,1180.0,1180.0,1175.0,1175.0,1687100
2026-04-16 14:25:00,1175.0,1175.0,1170.0,1175.0,619200
2026-04-16 14:30:00,1170.0,1175.0,1160.0,1160.0,2392100
2026-04-16 14:35:00,1160.0,1165.0,1155.0,1155.0,1333500
2026-04-16 14:40:00,1155.0,1160.0,1155.0,1155.0,492100
2026-04-16 14:45:00,1155.0,1160.0,1155.0,1155.0,315500
2026-04-16 14:50:00,1155.0,1160.0,1155.0,1155.0,570000
2026-04-16 14:55:00,1160.0,1165.0,1155.0,1165.0,4798000
2026-04-16 15:00:00,1165.0,1170.0,1160.0,1165.0,944300
2026-04-16 15:05:00,1165.0,1170.0,1160.0,1165.0,609400
2026-04-16 15:10:00,1165.0,1170.0,1160.0,1160.0,1515700
2026-04-16 15:15:00,1160.0,1170.0,1160.0,1165.0,1228000
2026-04-16 15:20:00,1165.0,1165.0,1160.0,1165.0,456600
2026-04-16 15:25:00,1165.0,1165.0,1160.0,1165.0,1455300
2026-04-16 15:30:00,1160.0,1170.0,1160.0,1165.0,1693200
2026-04-16 15:35:00,1165.0,1165.0,1160.0,1165.0,1153400
2026-04-16 15:40:00,1160.0,1165.0,1155.0,1160.0,5538300
2026-04-16 15:45:00,1160.0,1175.0,1155.0,1175.0,4093000
2026-04-16 16:00:00,1175.0,1175.0,1175.0,1175.0,3971200
2026-04-16 16:05:00,1175.0,1175.0,1175.0,1175.0,131200
2026-04-16 16:10:00,1175.0,1175.0,1175.0,1175.0,695200
2026-04-17 09:00:00,1180.0,1185.0,1160.0,1160.0,0
2026-04-17 09:05:00,1160.0,1180.0,1160.0,1165.0,3559900
2026-04-17 09:10:00,1170.0,1170.0,1145.0,1165.0,5399100
2026-04-17 09:15:00,1165.0,1175.0,1160.0,1175.0,2208000
2026-04-17 09:20:00,1175.0,1195.0,1175.0,1180.0,8060900
2026-04-17 09:25:00,1180.0,1185.0,1170.0,1175.0,4798300
2026-04-17 09:30:00,1170.0,1175.0,1170.0,1175.0,1360800
2026-04-17 09:35:00,1175.0,1185.0,1175.0,1180.0,761400
2026-04-17 09:40:00,1185.0,1185.0,1180.0,1185.0,1266500
2026-04-17 09:45:00,1180.0,1185.0,1180.0,1180.0,1126500
2026-04-17 09:50:00,1185.0,1185.0,1170.0,1175.0,1462200
2026-04-17 09:55:00,1175.0,1180.0,1175.0,1175.0,707900
2026-04-17 10:00:00,1175.0,1190.0,1170.0,1190.0,4418800
2026-04-17 10:05:00,1190.0,1190.0,1180.0,1190.0,1084800
2026-04-17 10:10:00,1185.0,1195.0,1180.0,1185.0,1760700
2026-04-17 10:15:00,1185.0,1185.0,1175.0,1180.0,498600
2026-04-17 10:20:00,1175.0,1185.0,1175.0,1175.0,747300
2026-04-17 10:25:00,1180.0,1180.0,1175.0,1180.0,319600
2026-04-17 10:30:00,1180.0,1180.0,1175.0,1175.0,1053200
2026-04-17 10:35:00,1175.0,1175.0,1170.0,1175.0,200600
2026-04-17 10:40:00,1175.0,1180.0,1170.0,1175.0,334400
2026-04-17 10:45:00,1175.0,1180.0,1175.0,1175.0,234400
2026-04-17 10:50:00,1180.0,1180.0,1170.0,1170.0,231700
2026-04-17 10:55:00,1170.0,1180.0,1170.0,1175.0,552900
2026-04-17 11:00:00,1175.0,1175.0,1170.0,1175.0,144900
2026-04-17 11:05:00,1170.0,1175.0,1170.0,1170.0,222000
2026-04-17 11:10:00,1170.0,1175.0,1170.0,1170.0,500300
2026-04-17 11:15:00,1170.0,1180.0,1170.0,1180.0,835900
2026-04-17 11:20:00,1180.0,1185.0,1180.0,1185.0,305100
2026-04-17 11:25:00,1185.0,1185.0,1175.0,1180.0,380800
2026-04-17 14:00:00,1180.0,1180.0,1165.0,1165.0,3188400
2026-04-17 14:05:00,1165.0,1170.0,1165.0,1165.0,461700
2026-04-17 14:10:00,1170.0,1170.0,1160.0,1160.0,1422200
2026-04-17 14:15:00,1165.0,1170.0,1160.0,1165.0,416500
2026-04-17 14:20:00,1165.0,1170.0,1160.0,1170.0,253900
2026-04-17 14:25:00,1165.0,1170.0,1160.0,1160.0,480400
2026-04-17 14:30:00,1160.0,1165.0,1160.0,1160.0,124200
2026-04-17 14:35:00,1160.0,1165.0,1160.0,1160.0,203200
2026-04-17 14:40:00,1165.0,1165.0,1160.0,1160.0,89200
2026-04-17 14:45:00,1165.0,1165.0,1160.0,1165.0,1143800
2026-04-17 14:50:00,1165.0,1170.0,1160.0,1165.0,513700
2026-04-17 14:55:00,1165.0,1170.0,1160.0,1170.0,291800
2026-04-17 15:00:00,1165.0,1170.0,1165.0,1165.0,388400
2026-04-17 15:05:00,1165.0,1170.0,1165.0,1165.0,361900
2026-04-17 15:10:00,1165.0,1170.0,1165.0,1165.0,295600
2026-04-17 15:15:00,1165.0,1170.0,1160.0,1165.0,1261000
2026-04-17 15:20:00,1165.0,1170.0,1160.0,1165.0,249200
2026-04-17 15:25:00,1170.0,1170.0,1165.0,1165.0,438100
2026-04-17 15:30:00,1165.0,1170.0,1165.0,1165.0,736600
2026-04-17 15:35:00,1165.0,1170.0,1160.0,1160.0,1029500
2026-04-17 15:40:00,1165.0,1165.0,1160.0,1160.0,1676700
2026-04-17 15:45:00,1160.0,1175.0,1160.0,1170.0,2328500
2026-04-17 16:00:00,1170.0,1170.0,1170.0,1170.0,2694000
2026-04-17 16:05:00,1170.0,1170.0,1170.0,1170.0,485300
2026-04-17 16:10:00,1170.0,1170.0,1170.0,1170.0,112400
2026-04-20 09:00:00,1180.0,1190.0,1175.0,1180.0,0
2026-04-20 09:05:00,1180.0,1185.0,1170.0,1185.0,5532700
2026-04-20 09:10:00,1185.0,1190.0,1180.0,1185.0,1829500
2026-04-20 09:15:00,1190.0,1190.0,1180.0,1180.0,529600
2026-04-20 09:20:00,1180.0,1185.0,1175.0,1180.0,2426300
2026-04-20 09:25:00,1180.0,1185.0,1180.0,1185.0,1226700
2026-04-20 09:30:00,1185.0,1185.0,1180.0,1180.0,490700
2026-04-20 09:35:00,1185.0,1185.0,1175.0,1180.0,1463000
2026-04-20 09:40:00,1180.0,1185.0,1175.0,1185.0,905200
2026-04-20 09:45:00,1180.0,1185.0,1180.0,1185.0,868100
2026-04-20 09:50:00,1180.0,1185.0,1175.0,1175.0,1827800
2026-04-20 09:55:00,1175.0,1180.0,1175.0,1180.0,300700
2026-04-20 10:00:00,1180.0,1180.0,1175.0,1180.0,294800
2026-04-20 10:05:00,1180.0,1180.0,1175.0,1180.0,611800
2026-04-20 10:10:00,1180.0,1180.0,1170.0,1170.0,1554600
2026-04-20 10:15:00,1170.0,1175.0,1165.0,1165.0,2794100
2026-04-20 10:20:00,1170.0,1170.0,1155.0,1160.0,3429000
2026-04-20 10:25:00,1160.0,1170.0,1155.0,1160.0,855300
2026-04-20 10:30:00,1160.0,1165.0,1155.0,1155.0,1221300
2026-04-20 10:35:00,1155.0,1160.0,1135.0,1150.0,6502400
2026-04-20 10:40:00,1150.0,1155.0,1145.0,1155.0,1085200
2026-04-20 10:45:00,1155.0,1155.0,1145.0,1145.0,709500
2026-04-20 10:50:00,1145.0,1155.0,1145.0,1150.0,1681100
2026-04-20 10:55:00,1150.0,1150.0,1145.0,1150.0,619500
2026-04-20 11:00:00,1150.0,1155.0,1145.0,1155.0,530300
2026-04-20 11:05:00,1155.0,1155.0,1150.0,1155.0,144700
2026-04-20 11:10:00,1155.0,1155.0,1150.0,1150.0,172800
2026-04-20 11:15:00,1155.0,1155.0,1150.0,1150.0,378100
2026-04-20 11:20:00,1150.0,1155.0,1150.0,1155.0,65500
2026-04-20 11:25:00,1155.0,1155.0,1150.0,1155.0,175900
2026-04-20 16:10:00,1120.0,1120.0,1120.0,1120.0,50242500
2026-04-21 09:00:00,1120.0,1125.0,1090.0,1115.0,0
2026-04-21 09:05:00,1120.0,1135.0,1110.0,1130.0,3814600
2026-04-21 09:10:00,1130.0,1150.0,1130.0,1150.0,8450100
2026-04-21 09:15:00,1155.0,1155.0,1135.0,1155.0,7874500
2026-04-21 09:20:00,1150.0,1160.0,1145.0,1155.0,3411300
2026-04-21 09:25:00,1155.0,1170.0,1155.0,1165.0,4539000
2026-04-21 09:30:00,1165.0,1170.0,1160.0,1165.0,2517900
2026-04-21 09:35:00,1165.0,1165.0,1155.0,1160.0,3194700
2026-04-21 09:40:00,1155.0,1165.0,1155.0,1160.0,927700
2026-04-21 09:45:00,1160.0,1165.0,1155.0,1160.0,1470300
2026-04-21 09:50:00,1160.0,1160.0,1145.0,1155.0,3270900
2026-04-21 09:55:00,1160.0,1160.0,1145.0,1160.0,1993000
2026-04-21 10:00:00,1160.0,1165.0,1150.0,1160.0,2730000
2026-04-21 10:05:00,1155.0,1160.0,1155.0,1155.0,341600
2026-04-21 10:10:00,1160.0,1165.0,1150.0,1155.0,3254800
2026-04-21 10:15:00,1155.0,1160.0,1150.0,1155.0,1798800
2026-04-21 10:20:00,1160.0,1160.0,1155.0,1155.0,984600
2026-04-21 10:25:00,1150.0,1165.0,1150.0,1165.0,1187900
2026-04-21 10:30:00,1160.0,1170.0,1160.0,1165.0,2295400
2026-04-21 10:35:00,1170.0,1170.0,1165.0,1165.0,1048600
2026-04-21 10:40:00,1165.0,1170.0,1165.0,1165.0,774500
2026-04-21 10:45:00,1165.0,1200.0,1165.0,1195.0,13687000
2026-04-21 10:50:00,1190.0,1195.0,1185.0,1195.0,3601800
2026-04-21 10:55:00,1190.0,1195.0,1180.0,1190.0,2990900
2026-04-21 11:00:00,1190.0,1190.0,1180.0,1185.0,1599600
2026-04-21 11:05:00,1185.0,1190.0,1180.0,1180.0,1050700
2026-04-21 11:10:00,1180.0,1190.0,1180.0,1185.0,1129500
2026-04-21 11:15:00,1185.0,1190.0,1180.0,1190.0,973700
2026-04-21 11:20:00,1185.0,1195.0,1185.0,1190.0,2294400
2026-04-21 11:25:00,1190.0,1195.0,1185.0,1190.0,655100
2026-04-21 11:30:00,1190.0,1195.0,1190.0,1190.0,1273000
2026-04-21 11:35:00,1190.0,1195.0,1190.0,1190.0,677800
2026-04-21 11:40:00,1195.0,1195.0,1190.0,1190.0,553200
2026-04-21 11:45:00,1195.0,1195.0,1185.0,1190.0,2589600
2026-04-21 11:50:00,1185.0,1195.0,1185.0,1190.0,1138900
2026-04-21 11:55:00,1190.0,1195.0,1190.0,1190.0,1122400
2026-04-21 13:30:00,1190.0,1195.0,1185.0,1190.0,1827100
2026-04-21 13:35:00,1185.0,1195.0,1185.0,1185.0,2176900
2026-04-21 13:40:00,1185.0,1190.0,1180.0,1190.0,1137500
2026-04-21 13:45:00,1190.0,1190.0,1180.0,1180.0,2169600
2026-04-21 13:50:00,1180.0,1185.0,1170.0,1170.0,5462200
2026-04-21 13:55:00,1170.0,1175.0,1170.0,1170.0,660000
2026-04-21 14:00:00,1170.0,1175.0,1170.0,1170.0,1383900
2026-04-21 14:05:00,1170.0,1175.0,1160.0,1165.0,3333200
2026-04-21 14:10:00,1165.0,1170.0,1165.0,1165.0,589100
2026-04-21 14:15:00,1165.0,1170.0,1165.0,1165.0,1013300
2026-04-21 14:20:00,1170.0,1170.0,1165.0,1165.0,159200
2026-04-21 14:25:00,1165.0,1170.0,1165.0,1170.0,288100
2026-04-21 14:30:00,1165.0,1170.0,1165.0,1165.0,953600
2026-04-21 14:35:00,1170.0,1170.0,1165.0,1170.0,350400
2026-04-21 14:40:00,1170.0,1175.0,1165.0,1170.0,1305300
2026-04-21 14:45:00,1170.0,1175.0,1170.0,1170.0,1154600
2026-04-21 14:50:00,1170.0,1180.0,1170.0,1180.0,554900
2026-04-21 14:55:00,1180.0,1190.0,1175.0,1180.0,5426700
2026-04-21 15:00:00,1180.0,1190.0,1180.0,1180.0,2806400
2026-04-21 15:05:00,1180.0,1185.0,1180.0,1185.0,196900
2026-04-21 15:10:00,1180.0,1185.0,1175.0,1180.0,3935700
2026-04-21 15:15:00,1185.0,1185.0,1180.0,1185.0,1204100
2026-04-21 15:20:00,1180.0,1185.0,1180.0,1180.0,135100
2026-04-21 15:25:00,1180.0,1185.0,1180.0,1180.0,336000
2026-04-21 15:30:00,1180.0,1185.0,1180.0,1185.0,1058200
2026-04-21 15:35:00,1185.0,1190.0,1180.0,1180.0,2660700
2026-04-21 15:40:00,1180.0,1185.0,1180.0,1185.0,1107600
2026-04-21 15:45:00,1180.0,1190.0,1180.0,1190.0,1804300
2026-04-21 16:00:00,1185.0,1185.0,1185.0,1185.0,2732400
2026-04-21 16:05:00,1185.0,1185.0,1185.0,1185.0,490900
2026-04-21 16:10:00,1185.0,1185.0,1185.0,1185.0,11900
2026-04-22 09:00:00,1195.0,1195.0,1165.0,1175.0,0
2026-04-22 09:05:00,1175.0,1180.0,1160.0,1165.0,4450800
2026-04-22 09:10:00,1165.0,1180.0,1160.0,1175.0,2278900
2026-04-22 09:15:00,1170.0,1175.0,1165.0,1165.0,2305600
2026-04-22 09:20:00,1170.0,1180.0,1165.0,1180.0,1361100
2026-04-22 09:25:00,1180.0,1190.0,1175.0,1180.0,2944200
2026-04-22 09:30:00,1175.0,1175.0,1170.0,1170.0,1648700
2026-04-22 09:35:00,1175.0,1175.0,1165.0,1170.0,866500
2026-04-22 09:40:00,1170.0,1175.0,1165.0,1170.0,564600
2026-04-22 09:45:00,1170.0,1170.0,1160.0,1165.0,3068900
2026-04-22 09:50:00,1165.0,1165.0,1160.0,1165.0,2458500
2026-04-22 09:55:00,1165.0,1165.0,1160.0,1165.0,631400
2026-04-22 10:00:00,1160.0,1165.0,1155.0,1160.0,1590700
2026-04-22 10:05:00,1160.0,1165.0,1155.0,1160.0,764600
2026-04-22 10:10:00,1160.0,1160.0,1155.0,1155.0,520600
2026-04-22 10:15:00,1155.0,1160.0,1155.0,1160.0,253600
2026-04-22 10:20:00,1160.0,1160.0,1155.0,1160.0,453000
2026-04-22 10:25:00,1160.0,1160.0,1155.0,1155.0,905600
2026-04-22 10:30:00,1160.0,1160.0,1155.0,1155.0,1123300
2026-04-22 10:35:00,1160.0,1160.0,1155.0,1160.0,291600
2026-04-22 10:40:00,1160.0,1160.0,1155.0,1155.0,313800
2026-04-22 10:45:00,1160.0,1160.0,1155.0,1160.0,285400
2026-04-22 10:50:00,1160.0,1160.0,1155.0,1160.0,181900
2026-04-22 10:55:00,1155.0,1160.0,1155.0,1160.0,561400
2026-04-22 11:00:00,1155.0,1160.0,1155.0,1160.0,1320900
2026-04-22 11:05:00,1160.0,1160.0,1155.0,1160.0,94800
2026-04-22 11:10:00,1155.0,1160.0,1155.0,1160.0,180400
2026-04-22 11:15:00,1160.0,1165.0,1155.0,1160.0,262700
2026-04-22 11:20:00,1160.0,1165.0,1155.0,1160.0,388300
2026-04-22 11:25:00,1160.0,1160.0,1155.0,1160.0,143200
2026-04-22 11:30:00,1160.0,1160.0,1155.0,1160.0,106400
2026-04-22 11:35:00,1160.0,1160.0,1155.0,1155.0,244800
2026-04-22 11:40:00,1155.0,1160.0,1155.0,1155.0,145700
2026-04-22 11:45:00,1155.0,1160.0,1155.0,1155.0,105400
2026-04-22 11:50:00,1155.0,1160.0,1155.0,1160.0,235000
2026-04-22 11:55:00,1155.0,1160.0,1155.0,1160.0,564600
2026-04-22 13:30:00,1160.0,1165.0,1150.0,1155.0,2755000
2026-04-22 13:35:00,1155.0,1155.0,1150.0,1155.0,231500
2026-04-22 13:40:00,1155.0,1155.0,1150.0,1155.0,1889100
2026-04-22 13:45:00,1150.0,1155.0,1145.0,1150.0,2253100
2026-04-22 13:50:00,1150.0,1150.0,1145.0,1145.0,564400
2026-04-22 13:55:00,1145.0,1150.0,1145.0,1145.0,371600
2026-04-22 14:00:00,1145.0,1150.0,1145.0,1150.0,358700
2026-04-22 14:05:00,1145.0,1150.0,1145.0,1145.0,324600
2026-04-22 14:10:00,1145.0,1150.0,1135.0,1140.0,3531300
2026-04-22 14:15:00,1140.0,1140.0,1135.0,1140.0,735000
2026-04-22 14:20:00,1140.0,1140.0,1135.0,1140.0,806200
2026-04-22 14:25:00,1140.0,1150.0,1140.0,1150.0,509200
2026-04-22 14:30:00,1145.0,1155.0,1145.0,1155.0,557800
2026-04-22 14:35:00,1155.0,1155.0,1150.0,1155.0,162200
2026-04-22 14:40:00,1155.0,1155.0,1150.0,1155.0,301200
2026-04-22 14:45:00,1155.0,1155.0,1150.0,1155.0,95500
2026-04-22 14:50:00,1155.0,1155.0,1150.0,1150.0,135200
2026-04-22 14:55:00,1150.0,1155.0,1150.0,1155.0,219800
2026-04-22 15:00:00,1155.0,1155.0,1145.0,1145.0,1281500
2026-04-22 15:05:00,1145.0,1150.0,1145.0,1150.0,347600
2026-04-22 15:10:00,1150.0,1155.0,1145.0,1155.0,95600
2026-04-22 15:15:00,1155.0,1155.0,1150.0,1150.0,166400
2026-04-22 15:20:00,1150.0,1155.0,1150.0,1150.0,388000
2026-04-22 15:25:00,1150.0,1155.0,1150.0,1155.0,204500
2026-04-22 15:30:00,1155.0,1155.0,1150.0,1150.0,334600
2026-04-22 15:35:00,1150.0,1155.0,1150.0,1150.0,255400
2026-04-22 15:40:00,1155.0,1155.0,1140.0,1145.0,2693200
2026-04-22 15:45:00,1145.0,1150.0,1140.0,1145.0,2328500
2026-04-22 16:00:00,1150.0,1150.0,1150.0,1150.0,943500
2026-04-22 16:05:00,1150.0,1150.0,1150.0,1150.0,82000
2026-04-22 16:10:00,1150.0,1150.0,1150.0,1150.0,125200
2026-04-23 09:00:00,1150.0,1160.0,1145.0,1145.0,0
2026-04-23 09:05:00,1150.0,1150.0,1135.0,1145.0,1623000
2026-04-23 09:10:00,1145.0,1150.0,1130.0,1130.0,1863100
2026-04-23 09:15:00,1130.0,1140.0,1130.0,1140.0,1193700
2026-04-23 09:20:00,1135.0,1140.0,1125.0,1125.0,2097900
2026-04-23 09:25:00,1125.0,1135.0,1120.0,1120.0,2068300
2026-04-23 09:30:00,1120.0,1130.0,1120.0,1130.0,912200
2026-04-23 09:35:00,1130.0,1130.0,1125.0,1130.0,538700
2026-04-23 09:40:00,1130.0,1130.0,1125.0,1130.0,612100
2026-04-23 09:45:00,1125.0,1130.0,1115.0,1120.0,1733800
2026-04-23 09:50:00,1120.0,1120.0,1105.0,1110.0,4720500
2026-04-23 09:55:00,1110.0,1120.0,1105.0,1115.0,2270400
2026-04-23 10:00:00,1120.0,1120.0,1110.0,1110.0,884700
2026-04-23 10:05:00,1110.0,1120.0,1105.0,1115.0,3185800
2026-04-23 10:10:00,1115.0,1120.0,1110.0,1115.0,365000
2026-04-23 10:15:00,1115.0,1115.0,1110.0,1110.0,946800
2026-04-23 10:20:00,1115.0,1120.0,1110.0,1115.0,1409000
2026-04-23 10:25:00,1115.0,1125.0,1115.0,1115.0,575700
2026-04-23 10:30:00,1120.0,1120.0,1115.0,1120.0,313700
2026-04-23 10:35:00,1115.0,1125.0,1115.0,1120.0,511200
2026-04-23 10:40:00,1120.0,1120.0,1115.0,1120.0,46900
2026-04-23 10:45:00,1120.0,1120.0,1115.0,1115.0,245000
2026-04-23 10:50:00,1120.0,1120.0,1110.0,1110.0,1748300
2026-04-23 10:55:00,1110.0,1110.0,1105.0,1110.0,309200
2026-04-23 11:00:00,1105.0,1110.0,1105.0,1105.0,341900
2026-04-23 11:05:00,1110.0,1115.0,1105.0,1115.0,802400
2026-04-23 11:10:00,1115.0,1120.0,1110.0,1115.0,521400
2026-04-23 11:15:00,1115.0,1120.0,1115.0,1120.0,105000
2026-04-23 11:20:00,1120.0,1120.0,1115.0,1115.0,52000
2026-04-23 11:25:00,1115.0,1120.0,1115.0,1115.0,204000
2026-04-23 11:30:00,1120.0,1120.0,1115.0,1115.0,125700
2026-04-23 11:35:00,1115.0,1120.0,1115.0,1120.0,173100
2026-04-23 11:40:00,1120.0,1120.0,1110.0,1115.0,1647700
2026-04-23 11:45:00,1115.0,1120.0,1115.0,1115.0,86600
2026-04-23 11:50:00,1120.0,1120.0,1115.0,1115.0,73800
2026-04-23 11:55:00,1120.0,1120.0,1115.0,1115.0,168900
2026-04-23 13:30:00,1115.0,1120.0,1110.0,1115.0,833700
2026-04-23 13:35:00,1115.0,1120.0,1110.0,1120.0,790300
2026-04-23 13:40:00,1120.0,1120.0,1115.0,1120.0,685900
2026-04-23 13:45:00,1120.0,1120.0,1115.0,1115.0,575100
2026-04-23 13:50:00,1115.0,1120.0,1115.0,1115.0,630400
2026-04-23 13:55:00,1120.0,1120.0,1115.0,1115.0,46100
2026-04-23 14:00:00,1115.0,1120.0,1110.0,1115.0,731200
2026-04-23 14:05:00,1110.0,1115.0,1110.0,1115.0,232700
2026-04-23 14:10:00,1115.0,1115.0,1110.0,1110.0,504000
2026-04-23 14:15:00,1110.0,1115.0,1110.0,1115.0,250700
2026-04-23 14:20:00,1115.0,1115.0,1110.0,1110.0,375100
2026-04-23 14:25:00,1110.0,1115.0,1105.0,1110.0,1098800
2026-04-23 14:30:00,1110.0,1110.0,1105.0,1105.0,485300
2026-04-23 14:35:00,1105.0,1110.0,1105.0,1105.0,108100
2026-04-23 14:40:00,1110.0,1110.0,1105.0,1110.0,898900
2026-04-23 14:45:00,1110.0,1110.0,1105.0,1105.0,683400
2026-04-23 14:50:00,1110.0,1110.0,1105.0,1105.0,221600
2026-04-23 14:55:00,1105.0,1110.0,1105.0,1110.0,690400
2026-04-23 15:00:00,1110.0,1115.0,1105.0,1115.0,1148300
2026-04-23 15:05:00,1115.0,1115.0,1110.0,1110.0,279300
2026-04-23 15:10:00,1110.0,1115.0,1110.0,1115.0,308000
2026-04-23 15:15:00,1115.0,1115.0,1110.0,1110.0,148100
2026-04-23 15:20:00,1115.0,1115.0,1110.0,1115.0,1277800
2026-04-23 15:25:00,1110.0,1115.0,1110.0,1115.0,547200
2026-04-23 15:30:00,1110.0,1115.0,1110.0,1115.0,1295100
2026-04-23 15:35:00,1115.0,1120.0,1110.0,1110.0,443500
2026-04-23 15:40:00,1115.0,1115.0,1105.0,1110.0,1184500
2026-04-23 15:45:00,1110.0,1115.0,1110.0,1110.0,395100
2026-04-23 16:00:00,1110.0,1110.0,1110.0,1110.0,1390600
2026-04-23 16:05:00,1110.0,1110.0,1110.0,1110.0,27400
2026-04-23 16:10:00,1110.0,1110.0,1110.0,1110.0,63600
2026-04-24 09:00:00,1100.0,1100.0,1070.0,1075.0,0
2026-04-24 09:05:00,1080.0,1100.0,1060.0,1095.0,5791100
2026-04-24 09:10:00,1095.0,1110.0,1090.0,1095.0,4018100
2026-04-24 09:15:00,1095.0,1095.0,1080.0,1085.0,2619100
2026-04-24 09:20:00,1085.0,1085.0,1075.0,1075.0,2096700
2026-04-24 09:25:00,1075.0,1080.0,1065.0,1070.0,1846600
2026-04-24 09:30:00,1065.0,1075.0,1065.0,1065.0,1268600
2026-04-24 09:35:00,1065.0,1065.0,1055.0,1060.0,1952800
2026-04-24 09:40:00,1060.0,1065.0,1050.0,1055.0,2851700
2026-04-24 09:45:00,1055.0,1055.0,1045.0,1045.0,3588800
2026-04-24 09:50:00,1045.0,1055.0,1035.0,1040.0,7985700
2026-04-24 09:55:00,1040.0,1050.0,1035.0,1050.0,1645800
2026-04-24 10:00:00,1050.0,1055.0,1040.0,1045.0,1459200
2026-04-24 10:05:00,1045.0,1050.0,1040.0,1045.0,2996500
2026-04-24 10:10:00,1040.0,1045.0,1035.0,1040.0,1369100
2026-04-24 10:15:00,1040.0,1040.0,1025.0,1030.0,4366100
2026-04-24 10:20:00,1025.0,1030.0,1020.0,1020.0,5557900
2026-04-24 10:25:00,1025.0,1025.0,1020.0,1020.0,3270800
2026-04-24 10:30:00,1020.0,1025.0,1015.0,1020.0,5958800
2026-04-24 10:35:00,1020.0,1030.0,1020.0,1025.0,1405800
2026-04-24 10:40:00,1025.0,1025.0,1010.0,1015.0,3688000
2026-04-24 10:45:00,1015.0,1020.0,1010.0,1015.0,1798900
2026-04-24 10:50:00,1015.0,1025.0,1015.0,1020.0,1823400
2026-04-24 10:55:00,1020.0,1025.0,1015.0,1020.0,1021200
2026-04-24 11:00:00,1020.0,1025.0,1015.0,1020.0,1682800
2026-04-24 11:05:00,1015.0,1030.0,1015.0,1025.0,2998500
2026-04-24 11:10:00,1025.0,1025.0,1010.0,1010.0,4569500
2026-04-24 11:15:00,1015.0,1020.0,1000.0,1000.0,7337900
2026-04-24 11:20:00,1000.0,1005.0,995.0,1000.0,5258400
2026-04-24 11:25:00,1005.0,1005.0,1000.0,1000.0,719100
2026-04-24 14:00:00,1000.0,1005.0,995.0,1000.0,4987100
2026-04-24 14:05:00,1000.0,1005.0,980.0,980.0,13035600
2026-04-24 14:10:00,985.0,1000.0,980.0,995.0,4144900
2026-04-24 14:15:00,990.0,1000.0,985.0,990.0,3286900
2026-04-24 14:20:00,990.0,1000.0,985.0,990.0,1837200
2026-04-24 14:25:00,990.0,995.0,985.0,995.0,1723900
2026-04-24 14:30:00,995.0,1015.0,990.0,1015.0,4168900
2026-04-24 14:35:00,1015.0,1015.0,1000.0,1005.0,3523300
2026-04-24 14:40:00,1005.0,1010.0,1000.0,1005.0,2352400
2026-04-24 14:45:00,1005.0,1010.0,1000.0,1005.0,1689000
2026-04-24 14:50:00,1005.0,1005.0,990.0,995.0,4277300
2026-04-24 14:55:00,995.0,995.0,990.0,995.0,1414900
2026-04-24 15:00:00,995.0,995.0,980.0,985.0,5188700
2026-04-24 15:05:00,980.0,985.0,980.0,985.0,2230200
2026-04-24 15:10:00,980.0,985.0,980.0,985.0,4820600
2026-04-24 15:15:00,980.0,990.0,975.0,985.0,3254900
2026-04-24 15:20:00,985.0,985.0,980.0,980.0,966700
2026-04-24 15:25:00,985.0,985.0,980.0,980.0,1521000
2026-04-24 15:30:00,980.0,990.0,975.0,990.0,3388200
2026-04-24 15:35:00,990.0,990.0,980.0,980.0,1957200
2026-04-24 15:40:00,985.0,995.0,980.0,995.0,6489800
2026-04-24 15:45:00,995.0,1000.0,990.0,995.0,2373900
2026-04-24 16:00:00,980.0,980.0,980.0,980.0,2741900
2026-04-24 16:05:00,980.0,980.0,980.0,980.0,235600
2026-04-24 16:10:00,980.0,980.0,980.0,980.0,24700
2026-04-27 09:00:00,1005.0,1030.0,1000.0,1030.0,0
2026-04-27 09:05:00,1025.0,1030.0,1005.0,1010.0,6938200
2026-04-27 09:10:00,1005.0,1010.0,995.0,995.0,4223600
2026-04-27 09:15:00,995.0,1015.0,995.0,1000.0,4705300
2026-04-27 09:20:00,1000.0,1000.0,990.0,990.0,1213400
2026-04-27 09:25:00,995.0,995.0,990.0,990.0,761600
2026-04-27 09:30:00,990.0,1000.0,985.0,990.0,2744100
2026-04-27 09:35:00,990.0,990.0,960.0,980.0,5359000
2026-04-27 09:40:00,985.0,995.0,980.0,990.0,1003100
2026-04-27 09:45:00,990.0,995.0,980.0,995.0,1236600
2026-04-27 09:50:00,995.0,1000.0,990.0,995.0,1231800
2026-04-27 09:55:00,995.0,995.0,985.0,995.0,858200
2026-04-27 10:00:00,990.0,995.0,980.0,995.0,1129700
2026-04-27 10:05:00,995.0,1000.0,990.0,1000.0,2768200
2026-04-27 10:10:00,995.0,1010.0,995.0,1005.0,1554100
2026-04-27 10:15:00,1005.0,1010.0,1000.0,1005.0,1485900
2026-04-27 10:20:00,1005.0,1010.0,995.0,1000.0,1399200
2026-04-27 10:25:00,1005.0,1005.0,995.0,1005.0,632600
2026-04-27 10:30:00,1000.0,1005.0,1000.0,1005.0,781900
2026-04-27 10:35:00,1005.0,1005.0,1000.0,1000.0,266500
2026-04-27 10:40:00,1000.0,1005.0,1000.0,1000.0,343300
2026-04-27 10:45:00,1000.0,1005.0,995.0,1000.0,1285800
2026-04-27 10:50:00,995.0,1000.0,995.0,995.0,911800
2026-04-27 10:55:00,1000.0,1000.0,995.0,995.0,255000
2026-04-27 11:00:00,995.0,1000.0,995.0,1000.0,168100
2026-04-27 11:05:00,1000.0,1005.0,995.0,1005.0,1095000
2026-04-27 11:10:00,1000.0,1005.0,1000.0,1005.0,127500
2026-04-27 11:15:00,1005.0,1005.0,1000.0,1000.0,217900
2026-04-27 11:20:00,1005.0,1005.0,1000.0,1000.0,1044800
2026-04-27 11:25:00,1000.0,1000.0,995.0,1000.0,461700
2026-04-27 11:30:00,1000.0,1005.0,995.0,1000.0,316000
2026-04-27 11:35:00,995.0,1000.0,995.0,1000.0,654600
2026-04-27 11:40:00,995.0,1005.0,995.0,1000.0,247100
2026-04-27 11:45:00,1000.0,1005.0,1000.0,1000.0,696800
2026-04-27 11:50:00,1000.0,1000.0,995.0,1000.0,35900
2026-04-27 11:55:00,1000.0,1000.0,995.0,1000.0,212300
2026-04-27 13:30:00,1000.0,1000.0,990.0,995.0,1492900
2026-04-27 13:35:00,995.0,1005.0,990.0,1005.0,1455200
2026-04-27 13:40:00,1000.0,1020.0,1000.0,1020.0,3275400
2026-04-27 13:45:00,1020.0,1035.0,1015.0,1020.0,8268300
2026-04-27 13:50:00,1025.0,1025.0,1020.0,1020.0,539900
2026-04-27 13:55:00,1025.0,1025.0,1015.0,1015.0,1155500
2026-04-27 14:00:00,1020.0,1020.0,1015.0,1020.0,527500
2026-04-27 14:05:00,1015.0,1020.0,1010.0,1010.0,429700
2026-04-27 14:10:00,1010.0,1015.0,1005.0,1010.0,657400
2026-04-27 14:15:00,1005.0,1010.0,1005.0,1010.0,169400
2026-04-27 14:20:00,1005.0,1010.0,1000.0,1010.0,1197500
2026-04-27 14:25:00,1010.0,1010.0,1005.0,1010.0,610300
2026-04-27 14:30:00,1005.0,1015.0,1005.0,1005.0,294700
2026-04-27 14:35:00,1005.0,1010.0,1005.0,1005.0,87600
2026-04-27 14:40:00,1005.0,1010.0,1005.0,1005.0,575900
2026-04-27 14:45:00,1005.0,1010.0,1000.0,1005.0,1055700
2026-04-27 14:50:00,1005.0,1005.0,1000.0,1005.0,282200
2026-04-27 14:55:00,1005.0,1010.0,1000.0,1005.0,1316200
2026-04-27 15:00:00,1010.0,1010.0,1005.0,1010.0,678600
2026-04-27 15:05:00,1010.0,1010.0,1005.0,1010.0,419400
2026-04-27 15:10:00,1005.0,1010.0,1000.0,1000.0,743300
2026-04-27 15:15:00,1005.0,1005.0,1000.0,1000.0,1060400
2026-04-27 15:20:00,1005.0,1005.0,1000.0,1000.0,179100
2026-04-27 15:25:00,1000.0,1010.0,1000.0,1000.0,2525400
2026-04-27 15:30:00,1000.0,1010.0,1000.0,1010.0,1516700
2026-04-27 15:35:00,1010.0,1010.0,1005.0,1005.0,480500
2026-04-27 15:40:00,1005.0,1010.0,1000.0,1010.0,2527200
2026-04-27 15:45:00,1010.0,1010.0,1005.0,1010.0,445300
2026-04-27 16:00:00,1010.0,1010.0,1010.0,1010.0,1318200
2026-04-27 16:05:00,1010.0,1010.0,1010.0,1010.0,289300
2026-04-27 16:10:00,1010.0,1010.0,1010.0,1010.0,35600
2026-04-28 09:00:00,1020.0,1020.0,1005.0,1010.0,0
2026-04-28 09:05:00,1005.0,1010.0,995.0,995.0,1666200
2026-04-28 09:10:00,995.0,1005.0,990.0,990.0,1523000
2026-04-28 09:15:00,995.0,1000.0,985.0,990.0,1743600
2026-04-28 09:20:00,990.0,1000.0,990.0,990.0,780500
2026-04-28 09:25:00,990.0,995.0,985.0,985.0,562600
2026-04-28 09:30:00,985.0,1005.0,985.0,1005.0,2982000
2026-04-28 09:35:00,1005.0,1010.0,990.0,995.0,1494400
2026-04-28 09:40:00,995.0,1005.0,995.0,1005.0,1789400
2026-04-28 09:45:00,1005.0,1005.0,990.0,995.0,2100000
2026-04-28 09:50:00,995.0,995.0,990.0,990.0,496000
2026-04-28 09:55:00,995.0,1000.0,990.0,1000.0,1125500
2026-04-28 10:00:00,995.0,1000.0,995.0,1000.0,293100
2026-04-28 10:05:00,1000.0,1000.0,995.0,1000.0,387800
2026-04-28 10:10:00,1005.0,1005.0,995.0,1000.0,663900
2026-04-28 10:15:00,1000.0,1000.0,995.0,995.0,552200
2026-04-28 10:20:00,995.0,1005.0,995.0,1005.0,505500
2026-04-28 10:25:00,1005.0,1005.0,995.0,995.0,408500
2026-04-28 10:30:00,995.0,1000.0,995.0,995.0,308100
2026-04-28 10:35:00,995.0,1000.0,995.0,1000.0,289100
2026-04-28 10:40:00,1000.0,1000.0,995.0,995.0,2051800
2026-04-28 10:45:00,995.0,1000.0,995.0,995.0,548600
2026-04-28 10:50:00,995.0,1015.0,995.0,1015.0,3002700
2026-04-28 10:55:00,1010.0,1015.0,1005.0,1005.0,872900
2026-04-28 11:00:00,1010.0,1010.0,995.0,1005.0,1144100
2026-04-28 11:05:00,1010.0,1015.0,1005.0,1015.0,864600
2026-04-28 11:10:00,1010.0,1020.0,1010.0,1015.0,1691300
2026-04-28 11:15:00,1015.0,1015.0,1010.0,1010.0,341200
2026-04-28 11:20:00,1015.0,1025.0,1010.0,1020.0,3651400
2026-04-28 11:25:00,1020.0,1025.0,1015.0,1015.0,2582400
2026-04-28 11:30:00,1015.0,1040.0,1015.0,1035.0,4792500
2026-04-28 11:35:00,1035.0,1040.0,1025.0,1030.0,3787300
2026-04-28 11:40:00,1030.0,1035.0,1025.0,1025.0,931500
2026-04-28 11:45:00,1025.0,1035.0,1020.0,1025.0,1329200
2026-04-28 11:50:00,1025.0,1030.0,1020.0,1025.0,335200
2026-04-28 11:55:00,1025.0,1030.0,1025.0,1030.0,735500
2026-04-28 13:30:00,1030.0,1035.0,1020.0,1025.0,1578400
2026-04-28 13:35:00,1025.0,1025.0,1010.0,1010.0,2291400
2026-04-28 13:40:00,1010.0,1015.0,1005.0,1010.0,1169600
2026-04-28 13:45:00,1010.0,1015.0,1005.0,1010.0,708300
2026-04-28 13:50:00,1010.0,1010.0,1005.0,1005.0,657100
2026-04-28 13:55:00,1010.0,1010.0,1005.0,1010.0,89200
2026-04-28 14:00:00,1010.0,1010.0,1005.0,1010.0,1006500
2026-04-28 14:05:00,1010.0,1015.0,1010.0,1010.0,292800
2026-04-28 14:10:00,1015.0,1020.0,1010.0,1015.0,434500
2026-04-28 14:15:00,1020.0,1020.0,1005.0,1005.0,503200
2026-04-28 14:20:00,1005.0,1015.0,1005.0,1010.0,321500
2026-04-28 14:25:00,1015.0,1015.0,1005.0,1010.0,266300
2026-04-28 14:30:00,1005.0,1015.0,1005.0,1010.0,267200
2026-04-28 14:35:00,1010.0,1015.0,1005.0,1010.0,236800
2026-04-28 14:40:00,1015.0,1015.0,1005.0,1015.0,724200
2026-04-28 14:45:00,1015.0,1015.0,1010.0,1015.0,427200
2026-04-28 14:50:00,1015.0,1015.0,1010.0,1015.0,396800
2026-04-28 14:55:00,1010.0,1015.0,1010.0,1010.0,1232300
2026-04-28 15:00:00,1010.0,1020.0,1010.0,1015.0,247700
2026-04-28 15:05:00,1020.0,1020.0,1010.0,1010.0,2782100
2026-04-28 15:10:00,1010.0,1015.0,1010.0,1010.0,1843000
2026-04-28 15:15:00,1010.0,1015.0,1010.0,1010.0,810700
2026-04-28 15:20:00,1010.0,1015.0,1010.0,1015.0,383600
2026-04-28 15:25:00,1010.0,1025.0,1010.0,1020.0,2340700
2026-04-28 15:30:00,1020.0,1025.0,1015.0,1015.0,1508800
2026-04-28 15:35:00,1015.0,1020.0,1010.0,1015.0,337900
2026-04-28 15:40:00,1020.0,1020.0,1010.0,1015.0,1249600
2026-04-28 15:45:00,1020.0,1030.0,1015.0,1030.0,2833800
2026-04-28 16:00:00,1030.0,1030.0,1030.0,1030.0,2933500
2026-04-28 16:05:00,1030.0,1030.0,1030.0,1030.0,47300
2026-04-28 16:10:00,1030.0,1030.0,1030.0,1030.0,22300
2026-04-29 09:00:00,1030.0,1035.0,1015.0,1020.0,0
2026-04-29 09:05:00,1015.0,1020.0,1010.0,1010.0,627700
2026-04-29 09:10:00,1010.0,1020.0,1000.0,1000.0,2613100
2026-04-29 09:15:00,1000.0,1010.0,1000.0,1005.0,337500
2026-04-29 09:20:00,1005.0,1025.0,1005.0,1015.0,1585700
2026-04-29 09:25:00,1020.0,1025.0,1015.0,1020.0,648400
2026-04-29 09:30:00,1020.0,1025.0,1020.0,1025.0,364000
2026-04-29 09:35:00,1020.0,1025.0,1015.0,1015.0,374900
2026-04-29 09:40:00,1015.0,1020.0,1005.0,1015.0,1239800
2026-04-29 09:45:00,1015.0,1015.0,1010.0,1010.0,341200
2026-04-29 09:50:00,1015.0,1020.0,1010.0,1020.0,355300
2026-04-29 09:55:00,1020.0,1020.0,1015.0,1015.0,408000
2026-04-29 10:00:00,1015.0,1020.0,1010.0,1010.0,402100
2026-04-29 10:05:00,1015.0,1020.0,1010.0,1020.0,222400
2026-04-29 10:10:00,1020.0,1020.0,1015.0,1015.0,190000
2026-04-29 10:15:00,1020.0,1020.0,1015.0,1015.0,499800
2026-04-29 10:20:00,1015.0,1020.0,1010.0,1015.0,315500
2026-04-29 10:25:00,1015.0,1020.0,1010.0,1015.0,336500
2026-04-29 10:30:00,1010.0,1015.0,1010.0,1015.0,139700
2026-04-29 10:35:00,1010.0,1015.0,1010.0,1015.0,718500
2026-04-29 10:40:00,1010.0,1025.0,1010.0,1020.0,1798800
2026-04-29 10:45:00,1025.0,1025.0,1020.0,1025.0,539100
2026-04-29 10:50:00,1025.0,1025.0,1020.0,1020.0,5610700
2026-04-29 10:55:00,1025.0,1025.0,1020.0,1020.0,3135200
2026-04-29 11:00:00,1020.0,1025.0,1020.0,1020.0,537300
2026-04-29 11:05:00,1020.0,1025.0,1020.0,1025.0,423800
2026-04-29 11:10:00,1020.0,1025.0,1020.0,1020.0,716000
2026-04-29 11:15:00,1020.0,1025.0,1020.0,1025.0,221200
2026-04-29 11:20:00,1025.0,1030.0,1020.0,1025.0,810700
2026-04-29 11:25:00,1025.0,1025.0,1020.0,1025.0,223900
2026-04-29 11:30:00,1025.0,1025.0,1020.0,1025.0,78200
2026-04-29 11:35:00,1025.0,1035.0,1025.0,1030.0,2402000
2026-04-29 11:40:00,1030.0,1035.0,1030.0,1035.0,295400
2026-04-29 11:45:00,1035.0,1035.0,1030.0,1035.0,182500
2026-04-29 11:50:00,1035.0,1035.0,1030.0,1030.0,3209200
2026-04-29 11:55:00,1030.0,1035.0,1030.0,1030.0,380000
2026-04-29 13:30:00,1035.0,1035.0,1030.0,1030.0,1163600
2026-04-29 13:35:00,1030.0,1045.0,1030.0,1035.0,2613600
2026-04-29 13:40:00,1035.0,1055.0,1035.0,1050.0,4710600
2026-04-29 13:45:00,1050.0,1055.0,1045.0,1045.0,729000
2026-04-29 13:50:00,1045.0,1050.0,1045.0,1045.0,1159400
2026-04-29 13:55:00,1045.0,1045.0,1035.0,1035.0,832200
2026-04-29 14:00:00,1035.0,1040.0,1030.0,1035.0,1818400
2026-04-29 14:05:00,1035.0,1040.0,1035.0,1040.0,390100
2026-04-29 14:10:00,1040.0,1080.0,1040.0,1080.0,10083400
2026-04-29 14:15:00,1080.0,1085.0,1065.0,1070.0,3443500
2026-04-29 14:20:00,1070.0,1070.0,1065.0,1070.0,1258300
2026-04-29 14:25:00,1070.0,1080.0,1065.0,1080.0,1341000
2026-04-29 14:30:00,1075.0,1080.0,1070.0,1070.0,875700
2026-04-29 14:35:00,1070.0,1075.0,1065.0,1065.0,1026200
2026-04-29 14:40:00,1065.0,1070.0,1060.0,1060.0,561400
2026-04-29 14:45:00,1060.0,1070.0,1060.0,1065.0,441900
2026-04-29 14:50:00,1065.0,1065.0,1060.0,1060.0,444000
2026-04-29 14:55:00,1065.0,1065.0,1060.0,1065.0,492600
2026-04-29 15:00:00,1060.0,1065.0,1055.0,1055.0,895900
2026-04-29 15:05:00,1055.0,1065.0,1055.0,1060.0,918200
2026-04-29 15:10:00,1055.0,1070.0,1055.0,1065.0,167500
2026-04-29 15:15:00,1065.0,1070.0,1065.0,1070.0,631000
2026-04-29 15:20:00,1070.0,1095.0,1065.0,1090.0,3851800
2026-04-29 15:25:00,1090.0,1100.0,1090.0,1090.0,4002000
2026-04-29 15:30:00,1090.0,1110.0,1090.0,1105.0,6895900
2026-04-29 15:35:00,1105.0,1105.0,1095.0,1100.0,3756300
2026-04-29 15:40:00,1100.0,1110.0,1100.0,1100.0,3965100
2026-04-29 15:45:00,1100.0,1110.0,1100.0,1105.0,2036300
2026-04-29 16:00:00,1100.0,1100.0,1100.0,1100.0,3233100
2026-04-29 16:05:00,1100.0,1100.0,1100.0,1100.0,54700
2026-04-29 16:10:00,1100.0,1100.0,1100.0,1100.0,666200
2026-04-30 09:00:00,1100.0,1140.0,1085.0,1130.0,0
2026-04-30 09:05:00,1130.0,1135.0,1100.0,1100.0,6588800
2026-04-30 09:10:00,1100.0,1115.0,1095.0,1110.0,3887600
2026-04-30 09:15:00,1110.0,1145.0,1110.0,1135.0,8476100
2026-04-30 09:20:00,1140.0,1140.0,1120.0,1130.0,5441700
2026-04-30 09:25:00,1130.0,1135.0,1125.0,1125.0,1422200
2026-04-30 09:30:00,1130.0,1130.0,1125.0,1130.0,1207800
2026-04-30 09:35:00,1125.0,1130.0,1120.0,1120.0,1842800
2026-04-30 09:40:00,1120.0,1135.0,1120.0,1130.0,4285700
2026-04-30 09:45:00,1130.0,1135.0,1120.0,1125.0,2435700
2026-04-30 09:50:00,1125.0,1130.0,1115.0,1125.0,5161200
2026-04-30 09:55:00,1130.0,1140.0,1125.0,1130.0,4541600
2026-04-30 10:00:00,1130.0,1135.0,1120.0,1120.0,2420800
2026-04-30 10:05:00,1125.0,1125.0,1120.0,1120.0,1492200
2026-04-30 10:10:00,1120.0,1125.0,1120.0,1120.0,463900
2026-04-30 10:15:00,1120.0,1120.0,1110.0,1115.0,5346300
2026-04-30 10:20:00,1115.0,1120.0,1110.0,1110.0,927600
2026-04-30 10:25:00,1110.0,1115.0,1105.0,1105.0,1471600
2026-04-30 10:30:00,1105.0,1110.0,1100.0,1100.0,4037800
2026-04-30 10:35:00,1100.0,1105.0,1090.0,1090.0,9848300
2026-04-30 10:40:00,1090.0,1100.0,1085.0,1095.0,1707200
2026-04-30 10:45:00,1095.0,1095.0,1075.0,1075.0,4164600
2026-04-30 10:50:00,1075.0,1080.0,1065.0,1080.0,6015000
2026-04-30 10:55:00,1075.0,1085.0,1075.0,1085.0,436100
2026-04-30 11:00:00,1080.0,1085.0,1070.0,1070.0,1524600
2026-04-30 11:05:00,1075.0,1080.0,1075.0,1080.0,362600
2026-04-30 11:10:00,1075.0,1080.0,1055.0,1055.0,4154800
2026-04-30 11:15:00,1055.0,1070.0,1055.0,1070.0,734400
2026-04-30 11:20:00,1065.0,1070.0,1065.0,1070.0,429300
2026-04-30 11:25:00,1070.0,1075.0,1065.0,1070.0,1216200
2026-04-30 11:30:00,1070.0,1075.0,1065.0,1070.0,535200
2026-04-30 11:35:00,1070.0,1070.0,1065.0,1065.0,981100
2026-04-30 11:40:00,1070.0,1070.0,1065.0,1065.0,879300
2026-04-30 11:45:00,1060.0,1075.0,1060.0,1065.0,177600
2026-04-30 11:50:00,1065.0,1070.0,1065.0,1070.0,103900
2026-04-30 11:55:00,1065.0,1070.0,1060.0,1065.0,213400
2026-04-30 13:30:00,1065.0,1070.0,1055.0,1055.0,1372600
2026-04-30 13:35:00,1060.0,1060.0,1055.0,1060.0,1840700
2026-04-30 13:40:00,1055.0,1060.0,1050.0,1055.0,4205600
2026-04-30 13:45:00,1050.0,1070.0,1050.0,1065.0,4961900
2026-04-30 13:50:00,1065.0,1070.0,1060.0,1060.0,325100
2026-04-30 13:55:00,1060.0,1070.0,1060.0,1070.0,1617000
2026-04-30 14:00:00,1070.0,1075.0,1065.0,1070.0,444200
2026-04-30 14:05:00,1075.0,1080.0,1055.0,1060.0,4378300
2026-04-30 14:10:00,1060.0,1065.0,1055.0,1060.0,612200
2026-04-30 14:15:00,1060.0,1065.0,1055.0,1065.0,1333300
2026-04-30 14:20:00,1065.0,1075.0,1060.0,1070.0,1475100
2026-04-30 14:25:00,1070.0,1075.0,1065.0,1065.0,1796300
2026-04-30 14:30:00,1065.0,1075.0,1060.0,1075.0,636400
2026-04-30 14:35:00,1075.0,1075.0,1065.0,1075.0,1336200
2026-04-30 14:40:00,1070.0,1080.0,1070.0,1080.0,1500400
2026-04-30 14:45:00,1075.0,1080.0,1060.0,1065.0,3476600
2026-04-30 14:50:00,1070.0,1075.0,1065.0,1065.0,822000
2026-04-30 14:55:00,1065.0,1080.0,1060.0,1080.0,1685500
2026-04-30 15:00:00,1075.0,1080.0,1060.0,1065.0,1974400
2026-04-30 15:05:00,1065.0,1065.0,1055.0,1060.0,1659400
2026-04-30 15:10:00,1065.0,1065.0,1055.0,1060.0,838700
2026-04-30 15:15:00,1060.0,1065.0,1055.0,1060.0,883800
2026-04-30 15:20:00,1060.0,1065.0,1060.0,1060.0,1468200
2026-04-30 15:25:00,1060.0,1060.0,1055.0,1060.0,1177200
2026-04-30 15:30:00,1060.0,1060.0,1050.0,1055.0,5425100
2026-04-30 15:35:00,1050.0,1060.0,1050.0,1055.0,1470500
2026-04-30 15:40:00,1055.0,1055.0,1015.0,1040.0,16366600
2026-04-30 15:45:00,1040.0,1055.0,1040.0,1050.0,1652900
2026-04-30 16:00:00,1040.0,1040.0,1040.0,1040.0,2626100
2026-04-30 16:05:00,1040.0,1040.0,1040.0,1040.0,221400
2026-04-30 16:10:00,1040.0,1040.0,1040.0,1040.0,436200
2026-05-04 09:00:00,1060.0,1095.0,1060.0,1085.0,0
2026-05-04 09:05:00,1085.0,1110.0,1080.0,1105.0,6309600
2026-05-04 09:10:00,1100.0,1130.0,1095.0,1130.0,7728000
2026-05-04 09:15:00,1130.0,1130.0,1115.0,1120.0,3537700
2026-05-04 09:20:00,1125.0,1125.0,1110.0,1115.0,3485400
2026-05-04 09:25:00,1115.0,1115.0,1100.0,1100.0,3876300
2026-05-04 09:30:00,1105.0,1105.0,1090.0,1095.0,4634900
2026-05-04 09:35:00,1095.0,1115.0,1090.0,1105.0,6868700
2026-05-04 09:40:00,1105.0,1110.0,1095.0,1100.0,1049100
2026-05-04 09:45:00,1100.0,1100.0,1090.0,1095.0,1277300
2026-05-04 09:50:00,1090.0,1095.0,1085.0,1090.0,3799200
2026-05-04 09:55:00,1090.0,1090.0,1070.0,1075.0,4351000
2026-05-04 10:00:00,1075.0,1090.0,1070.0,1085.0,1595800
2026-05-04 10:05:00,1085.0,1085.0,1075.0,1075.0,1131500
2026-05-04 10:10:00,1080.0,1080.0,1075.0,1080.0,259100
2026-05-04 10:15:00,1080.0,1080.0,1075.0,1080.0,358600
2026-05-04 10:20:00,1080.0,1085.0,1080.0,1085.0,345700
2026-05-04 10:25:00,1085.0,1085.0,1075.0,1080.0,391000
2026-05-04 10:30:00,1080.0,1080.0,1070.0,1070.0,1664900
2026-05-04 10:35:00,1070.0,1075.0,1065.0,1070.0,475700
2026-05-04 10:40:00,1075.0,1080.0,1070.0,1075.0,180200
2026-05-04 10:45:00,1075.0,1075.0,1065.0,1070.0,651800
2026-05-04 10:50:00,1070.0,1080.0,1070.0,1080.0,197900
2026-05-04 10:55:00,1080.0,1085.0,1075.0,1085.0,256800
2026-05-04 11:00:00,1085.0,1085.0,1075.0,1080.0,241500
2026-05-04 11:05:00,1080.0,1085.0,1075.0,1085.0,200100
2026-05-04 11:10:00,1085.0,1085.0,1070.0,1075.0,703300
2026-05-04 11:15:00,1075.0,1075.0,1065.0,1070.0,402000
2026-05-04 11:20:00,1070.0,1075.0,1060.0,1065.0,1691700
2026-05-04 11:25:00,1065.0,1065.0,1055.0,1055.0,980900
2026-05-04 11:30:00,1055.0,1060.0,1055.0,1055.0,824400
2026-05-04 11:35:00,1055.0,1065.0,1055.0,1060.0,614600
2026-05-04 11:40:00,1065.0,1065.0,1060.0,1065.0,428700
2026-05-04 11:45:00,1065.0,1070.0,1060.0,1060.0,234100
2026-05-04 11:50:00,1060.0,1070.0,1060.0,1065.0,424100
2026-05-04 11:55:00,1065.0,1070.0,1055.0,1055.0,634000
2026-05-04 13:30:00,1055.0,1065.0,1045.0,1045.0,3185100
2026-05-04 13:35:00,1050.0,1055.0,1050.0,1055.0,510500
2026-05-04 13:40:00,1050.0,1060.0,1045.0,1060.0,2228700
2026-05-04 13:45:00,1060.0,1060.0,1055.0,1060.0,233700
2026-05-04 13:50:00,1055.0,1060.0,1045.0,1055.0,543800
2026-05-04 13:55:00,1055.0,1055.0,1050.0,1055.0,46500
2026-05-04 14:00:00,1055.0,1055.0,1045.0,1050.0,1002000
2026-05-04 14:05:00,1050.0,1050.0,1045.0,1050.0,113400
2026-05-04 14:10:00,1050.0,1055.0,1045.0,1055.0,395100
2026-05-04 14:15:00,1055.0,1060.0,1050.0,1060.0,226500
2026-05-04 14:20:00,1060.0,1060.0,1050.0,1055.0,398600
2026-05-04 14:25:00,1055.0,1060.0,1050.0,1055.0,322000
2026-05-04 14:30:00,1050.0,1055.0,1050.0,1055.0,371800
2026-05-04 14:35:00,1055.0,1055.0,1050.0,1050.0,1172500
2026-05-04 14:40:00,1050.0,1055.0,1045.0,1055.0,215900
2026-05-04 14:45:00,1050.0,1060.0,1050.0,1055.0,650300
2026-05-04 14:50:00,1055.0,1055.0,1050.0,1055.0,121200
2026-05-04 14:55:00,1055.0,1055.0,1050.0,1055.0,126200
2026-05-04 15:00:00,1055.0,1055.0,1050.0,1050.0,616400
2026-05-04 15:05:00,1050.0,1055.0,1050.0,1055.0,506100
2026-05-04 15:10:00,1055.0,1055.0,1050.0,1050.0,253000
2026-05-04 15:15:00,1050.0,1050.0,1045.0,1045.0,372200
2026-05-04 15:20:00,1045.0,1050.0,1040.0,1040.0,2172200
2026-05-04 15:25:00,1045.0,1045.0,1040.0,1045.0,1086700
2026-05-04 15:30:00,1040.0,1045.0,1040.0,1040.0,558800
2026-05-04 15:35:00,1045.0,1045.0,1040.0,1040.0,1285100
2026-05-04 15:40:00,1040.0,1040.0,1030.0,1040.0,1507000
2026-05-04 15:45:00,1040.0,1040.0,1030.0,1040.0,1411200
2026-05-04 16:00:00,1050.0,1050.0,1050.0,1050.0,2524000
2026-05-04 16:05:00,1050.0,1050.0,1050.0,1050.0,3700
2026-05-04 16:10:00,1050.0,1050.0,1050.0,1050.0,87800
2026-05-05 09:00:00,1055.0,1055.0,1025.0,1030.0,2293200
2026-05-05 09:05:00,1030.0,1060.0,1030.0,1050.0,1718900
2026-05-05 09:10:00,1050.0,1050.0,1040.0,1040.0,936300
2026-05-05 09:15:00,1035.0,1045.0,1035.0,1045.0,370400
2026-05-05 09:20:00,1045.0,1060.0,1040.0,1060.0,8688800
2026-05-05 09:25:00,1060.0,1060.0,1055.0,1060.0,1761200
2026-05-05 09:30:00,1060.0,1070.0,1055.0,1065.0,1818000
2026-05-05 09:35:00,1065.0,1070.0,1055.0,1055.0,2221200
2026-05-05 09:40:00,1050.0,1060.0,1050.0,1055.0,509900
2026-05-05 09:45:00,1055.0,1065.0,1055.0,1060.0,15358100
2026-05-05 09:50:00,1065.0,1070.0,1060.0,1070.0,1318500
2026-05-05 09:55:00,1070.0,1070.0,1060.0,1060.0,1227200
2026-05-05 10:00:00,1065.0,1070.0,1060.0,1060.0,775700
2026-05-05 10:05:00,1060.0,1085.0,1055.0,1075.0,4204200
2026-05-05 10:10:00,1075.0,1085.0,1070.0,1075.0,2062100
2026-05-05 10:15:00,1075.0,1080.0,1070.0,1075.0,355300
2026-05-05 10:20:00,1075.0,1080.0,1060.0,1060.0,1306100
2026-05-05 10:25:00,1060.0,1075.0,1060.0,1075.0,480500
2026-05-05 10:30:00,1075.0,1075.0,1070.0,1070.0,131600
2026-05-05 10:35:00,1075.0,1080.0,1070.0,1080.0,2452900
2026-05-05 10:40:00,1080.0,1090.0,1080.0,1085.0,2708400
2026-05-05 10:45:00,1090.0,1095.0,1080.0,1095.0,3253100
2026-05-05 10:50:00,1095.0,1115.0,1090.0,1110.0,9156300
2026-05-05 10:55:00,1105.0,1115.0,1100.0,1110.0,6792600
2026-05-05 11:00:00,1105.0,1115.0,1100.0,1105.0,52852400
2026-05-05 11:05:00,1110.0,1110.0,1100.0,1105.0,1669700
2026-05-05 11:10:00,1105.0,1110.0,1100.0,1105.0,1976000
2026-05-05 11:15:00,1105.0,1105.0,1090.0,1090.0,1808000
2026-05-05 11:20:00,1090.0,1100.0,1090.0,1090.0,2062900
2026-05-05 11:25:00,1095.0,1100.0,1085.0,1100.0,63740100
2026-05-05 11:30:00,1100.0,1105.0,1095.0,1100.0,65687200
2026-05-05 11:35:00,1100.0,1100.0,1085.0,1090.0,239900
2026-05-05 11:40:00,1090.0,1090.0,1080.0,1090.0,66713900
2026-05-05 11:45:00,1090.0,1090.0,1085.0,1090.0,1055000
2026-05-05 11:50:00,1090.0,1095.0,1085.0,1095.0,663400
2026-05-05 11:55:00,1095.0,1095.0,1085.0,1090.0,367800
