Datetime,Open,High,Low,Close,Volume
2026-02-03 09:00:00,835.0,850.0,820.0,845.0,0
2026-02-03 09:05:00,845.0,850.0,810.0,815.0,3305000
2026-02-03 09:10:00,815.0,825.0,780.0,825.0,4812900
2026-02-03 09:15:00,825.0,840.0,820.0,835.0,1534400
2026-02-03 09:20:00,835.0,860.0,835.0,855.0,2640800
2026-02-03 09:25:00,855.0,855.0,850.0,855.0,1170100
2026-02-03 09:30:00,855.0,860.0,850.0,855.0,743300
2026-02-03 09:35:00,855.0,875.0,855.0,865.0,3927500
2026-02-03 09:40:00,865.0,870.0,860.0,870.0,644900
2026-02-03 09:45:00,870.0,870.0,860.0,860.0,1577100
2026-02-03 09:50:00,865.0,870.0,860.0,870.0,1546400
2026-02-03 09:55:00,870.0,870.0,860.0,865.0,783100
2026-02-03 10:00:00,865.0,865.0,850.0,860.0,2961200
2026-02-03 10:05:00,860.0,865.0,860.0,860.0,525300
2026-02-03 10:10:00,860.0,865.0,855.0,855.0,1735700
2026-02-03 10:15:00,865.0,865.0,855.0,855.0,605600
2026-02-03 10:20:00,855.0,860.0,855.0,855.0,453600
2026-02-03 10:25:00,855.0,860.0,850.0,850.0,547200
2026-02-03 10:30:00,850.0,865.0,850.0,865.0,1224400
2026-02-03 10:35:00,865.0,870.0,860.0,860.0,978500
2026-02-03 10:40:00,860.0,870.0,855.0,860.0,1625600
2026-02-03 10:45:00,860.0,865.0,860.0,860.0,581100
2026-02-03 10:50:00,860.0,865.0,855.0,860.0,906100
2026-02-03 10:55:00,860.0,860.0,855.0,860.0,706100
2026-02-03 11:00:00,860.0,865.0,855.0,855.0,760200
2026-02-03 11:05:00,855.0,870.0,855.0,865.0,976300
2026-02-03 11:10:00,865.0,875.0,865.0,870.0,938000
2026-02-03 11:15:00,870.0,875.0,865.0,870.0,555000
2026-02-03 11:20:00,870.0,875.0,865.0,875.0,580400
2026-02-03 11:25:00,875.0,875.0,865.0,870.0,1258000
2026-02-03 11:30:00,870.0,875.0,865.0,870.0,346900
2026-02-03 11:35:00,870.0,875.0,870.0,870.0,416600
2026-02-03 11:40:00,870.0,875.0,870.0,870.0,206200
2026-02-03 11:45:00,870.0,875.0,865.0,875.0,633200
2026-02-03 11:50:00,875.0,875.0,870.0,875.0,412200
2026-02-03 11:55:00,875.0,875.0,870.0,870.0,231900
2026-02-03 13:30:00,870.0,880.0,870.0,870.0,2306800
2026-02-03 13:35:00,870.0,880.0,860.0,865.0,2628300
2026-02-03 13:40:00,865.0,870.0,865.0,865.0,423700
2026-02-03 13:45:00,870.0,870.0,865.0,865.0,362200
2026-02-03 13:50:00,865.0,870.0,860.0,860.0,1422500
2026-02-03 13:55:00,860.0,865.0,855.0,855.0,3538500
2026-02-03 14:00:00,855.0,860.0,850.0,850.0,1717100
2026-02-03 14:05:00,850.0,865.0,845.0,855.0,2713200
2026-02-03 14:10:00,855.0,860.0,850.0,850.0,2555900
2026-02-03 14:15:00,850.0,860.0,850.0,850.0,1491500
2026-02-03 14:20:00,850.0,855.0,850.0,855.0,741400
2026-02-03 14:25:00,855.0,855.0,845.0,850.0,1331000
2026-02-03 14:30:00,850.0,850.0,840.0,840.0,1554700
2026-02-03 14:35:00,840.0,845.0,840.0,840.0,1291600
2026-02-03 14:40:00,850.0,850.0,845.0,845.0,790400
2026-02-03 14:45:00,850.0,855.0,845.0,850.0,570700
2026-02-03 14:50:00,850.0,855.0,850.0,850.0,629900
2026-02-03 14:55:00,850.0,855.0,845.0,845.0,615000
2026-02-03 15:00:00,845.0,855.0,845.0,850.0,598200
2026-02-03 15:05:00,850.0,855.0,850.0,850.0,557300
2026-02-03 15:10:00,850.0,855.0,850.0,850.0,397100
2026-02-03 15:15:00,850.0,855.0,845.0,850.0,1003400
2026-02-03 15:20:00,850.0,855.0,850.0,850.0,661100
2026-02-03 15:25:00,850.0,860.0,850.0,855.0,923200
2026-02-03 15:30:00,855.0,860.0,850.0,855.0,649800
2026-02-03 15:35:00,855.0,860.0,850.0,855.0,887900
2026-02-03 15:40:00,855.0,860.0,850.0,855.0,1417200
2026-02-03 15:45:00,855.0,860.0,850.0,860.0,1284900
2026-02-03 16:00:00,875.0,875.0,875.0,875.0,8255700
2026-02-03 16:05:00,875.0,875.0,875.0,875.0,1104000
2026-02-03 16:10:00,875.0,875.0,875.0,875.0,79900
2026-02-04 09:00:00,880.0,880.0,865.0,865.0,0
2026-02-04 09:05:00,865.0,870.0,860.0,870.0,812700
2026-02-04 09:10:00,875.0,875.0,865.0,870.0,843900
2026-02-04 09:15:00,870.0,875.0,865.0,875.0,855800
2026-02-04 09:20:00,875.0,880.0,875.0,880.0,1052800
2026-02-04 09:25:00,875.0,880.0,865.0,865.0,1988200
2026-02-04 09:30:00,870.0,870.0,860.0,860.0,1066000
2026-02-04 09:35:00,865.0,865.0,860.0,865.0,937200
2026-02-04 09:40:00,865.0,865.0,860.0,865.0,406000
2026-02-04 09:45:00,865.0,870.0,860.0,865.0,289100
2026-02-04 09:50:00,865.0,870.0,865.0,865.0,394100
2026-02-04 09:55:00,865.0,870.0,860.0,870.0,313100
2026-02-04 10:00:00,870.0,870.0,860.0,870.0,383000
2026-02-04 10:05:00,870.0,870.0,865.0,865.0,95100
2026-02-04 10:10:00,865.0,870.0,865.0,870.0,139200
2026-02-04 10:15:00,865.0,870.0,865.0,870.0,262600
2026-02-04 10:20:00,870.0,870.0,865.0,870.0,134300
2026-02-04 10:25:00,865.0,870.0,865.0,865.0,61900
2026-02-04 10:30:00,865.0,870.0,865.0,870.0,524900
2026-02-04 10:35:00,870.0,875.0,865.0,865.0,766200
2026-02-04 10:40:00,865.0,870.0,865.0,865.0,58300
2026-02-04 10:45:00,865.0,870.0,860.0,865.0,1081500
2026-02-04 10:50:00,865.0,865.0,860.0,860.0,210000
2026-02-04 10:55:00,860.0,865.0,860.0,860.0,146100
2026-02-04 11:00:00,860.0,865.0,855.0,855.0,818800
2026-02-04 11:05:00,855.0,860.0,855.0,860.0,79500
2026-02-04 11:10:00,855.0,860.0,855.0,855.0,731700
2026-02-04 11:15:00,860.0,860.0,855.0,855.0,117900
2026-02-04 11:20:00,855.0,860.0,855.0,855.0,84200
2026-02-04 11:25:00,855.0,860.0,855.0,855.0,184100
2026-02-04 11:30:00,855.0,860.0,855.0,855.0,79700
2026-02-04 11:35:00,855.0,860.0,855.0,855.0,99100
2026-02-04 11:40:00,855.0,860.0,855.0,855.0,183200
2026-02-04 11:45:00,860.0,860.0,855.0,860.0,647300
2026-02-04 11:50:00,860.0,860.0,855.0,860.0,278400
2026-02-04 11:55:00,860.0,860.0,855.0,855.0,80900
2026-02-04 13:30:00,855.0,860.0,855.0,860.0,153300
2026-02-04 13:35:00,860.0,860.0,855.0,860.0,228700
2026-02-04 13:40:00,860.0,860.0,855.0,855.0,591500
2026-02-04 13:45:00,860.0,860.0,855.0,855.0,298600
2026-02-04 13:50:00,855.0,870.0,855.0,870.0,1736400
2026-02-04 13:55:00,870.0,875.0,870.0,875.0,302900
2026-02-04 14:00:00,870.0,875.0,870.0,870.0,200200
2026-02-04 14:05:00,870.0,875.0,870.0,870.0,961400
2026-02-04 14:10:00,870.0,880.0,870.0,875.0,1092700
2026-02-04 14:15:00,875.0,880.0,875.0,875.0,720900
2026-02-04 14:20:00,875.0,880.0,875.0,880.0,145400
2026-02-04 14:25:00,880.0,885.0,875.0,880.0,2143700
2026-02-04 14:30:00,880.0,885.0,880.0,885.0,581100
2026-02-04 14:35:00,885.0,885.0,880.0,880.0,2003900
2026-02-04 14:40:00,885.0,885.0,880.0,880.0,205900
2026-02-04 14:45:00,885.0,890.0,880.0,885.0,2034700
2026-02-04 14:50:00,885.0,890.0,880.0,885.0,448600
2026-02-04 14:55:00,885.0,890.0,880.0,885.0,1061900
2026-02-04 15:00:00,880.0,885.0,880.0,885.0,116200
2026-02-04 15:05:00,885.0,885.0,880.0,885.0,103900
2026-02-04 15:10:00,885.0,885.0,880.0,885.0,344800
2026-02-04 15:15:00,885.0,885.0,880.0,885.0,206800
2026-02-04 15:20:00,880.0,885.0,880.0,885.0,89600
2026-02-04 15:25:00,880.0,885.0,880.0,880.0,530300
2026-02-04 15:30:00,885.0,885.0,880.0,885.0,604000
2026-02-04 15:35:00,885.0,890.0,880.0,885.0,1860800
2026-02-04 15:40:00,890.0,890.0,885.0,890.0,2468500
2026-02-04 15:45:00,885.0,890.0,885.0,885.0,563100
2026-02-04 16:00:00,890.0,890.0,890.0,890.0,4665400
2026-02-04 16:05:00,890.0,890.0,890.0,890.0,830600
2026-02-04 16:10:00,890.0,890.0,890.0,890.0,441900
2026-02-05 09:00:00,895.0,900.0,885.0,900.0,0
2026-02-05 09:05:00,895.0,910.0,895.0,910.0,3946900
2026-02-05 09:10:00,910.0,915.0,910.0,910.0,942300
2026-02-05 09:15:00,910.0,920.0,910.0,915.0,1879400
2026-02-05 09:20:00,915.0,920.0,915.0,915.0,3020500
2026-02-05 09:25:00,915.0,925.0,915.0,925.0,1849300
2026-02-05 09:30:00,925.0,925.0,920.0,925.0,1227600
2026-02-05 09:35:00,930.0,930.0,920.0,925.0,471800
2026-02-05 09:40:00,925.0,925.0,920.0,920.0,1605800
2026-02-05 09:45:00,925.0,925.0,920.0,920.0,672400
2026-02-05 09:50:00,920.0,925.0,920.0,920.0,1590100
2026-02-05 09:55:00,925.0,925.0,905.0,905.0,8132300
2026-02-05 10:00:00,905.0,910.0,900.0,910.0,1582200
2026-02-05 10:05:00,905.0,910.0,905.0,910.0,392600
2026-02-05 10:10:00,905.0,920.0,905.0,915.0,1527700
2026-02-05 10:15:00,915.0,915.0,910.0,910.0,40700
2026-02-05 10:20:00,915.0,915.0,910.0,915.0,1196500
2026-02-05 10:25:00,910.0,915.0,910.0,910.0,224500
2026-02-05 10:30:00,910.0,915.0,910.0,910.0,198600
2026-02-05 10:35:00,910.0,915.0,910.0,910.0,323800
2026-02-05 10:40:00,915.0,920.0,910.0,920.0,1196200
2026-02-05 10:45:00,915.0,920.0,910.0,910.0,578900
2026-02-05 10:50:00,910.0,920.0,910.0,915.0,674300
2026-02-05 10:55:00,915.0,920.0,915.0,915.0,176600
2026-02-05 11:00:00,915.0,915.0,910.0,915.0,343600
2026-02-05 11:05:00,915.0,915.0,910.0,910.0,124200
2026-02-05 11:10:00,915.0,915.0,910.0,910.0,1126400
2026-02-05 11:15:00,915.0,915.0,910.0,910.0,182600
2026-02-05 11:20:00,915.0,915.0,910.0,915.0,98700
2026-02-05 11:25:00,915.0,915.0,910.0,915.0,437800
2026-02-05 11:30:00,915.0,920.0,910.0,915.0,336900
2026-02-05 11:35:00,915.0,920.0,910.0,915.0,531500
2026-02-05 11:40:00,915.0,920.0,915.0,915.0,112100
2026-02-05 11:45:00,915.0,920.0,910.0,915.0,764700
2026-02-05 11:50:00,915.0,915.0,910.0,915.0,165500
2026-02-05 11:55:00,915.0,915.0,910.0,915.0,350700
2026-02-05 13:30:00,910.0,920.0,910.0,915.0,1061300
2026-02-05 13:35:00,915.0,915.0,910.0,915.0,254500
2026-02-05 13:40:00,915.0,920.0,910.0,915.0,766700
2026-02-05 13:45:00,915.0,920.0,910.0,920.0,629000
2026-02-05 13:50:00,915.0,920.0,915.0,920.0,515200
2026-02-05 13:55:00,920.0,920.0,915.0,915.0,283800
2026-02-05 14:00:00,920.0,920.0,910.0,910.0,1314400
2026-02-05 14:05:00,910.0,915.0,910.0,910.0,272600
2026-02-05 14:10:00,910.0,915.0,910.0,915.0,753000
2026-02-05 14:15:00,915.0,920.0,915.0,915.0,84700
2026-02-05 14:20:00,920.0,920.0,915.0,915.0,946800
2026-02-05 14:25:00,920.0,920.0,915.0,915.0,436500
2026-02-05 14:30:00,915.0,920.0,915.0,915.0,429100
2026-02-05 14:35:00,915.0,920.0,915.0,915.0,195100
2026-02-05 14:40:00,915.0,920.0,915.0,915.0,144000
2026-02-05 14:45:00,915.0,920.0,915.0,915.0,433700
2026-02-05 14:50:00,915.0,920.0,910.0,910.0,1331900
2026-02-05 14:55:00,910.0,915.0,910.0,910.0,172500
2026-02-05 15:00:00,910.0,915.0,910.0,910.0,179400
2026-02-05 15:05:00,910.0,915.0,910.0,910.0,334800
2026-02-05 15:10:00,910.0,915.0,910.0,910.0,191100
2026-02-05 15:15:00,910.0,915.0,910.0,910.0,297900
2026-02-05 15:20:00,910.0,915.0,910.0,915.0,1044300
2026-02-05 15:25:00,920.0,925.0,915.0,920.0,1856300
2026-02-05 15:30:00,925.0,925.0,920.0,920.0,1474400
2026-02-05 15:35:00,920.0,925.0,915.0,920.0,2068900
2026-02-05 15:40:00,920.0,925.0,915.0,915.0,690300
2026-02-05 15:45:00,915.0,920.0,910.0,910.0,1969000
2026-02-05 16:00:00,910.0,910.0,910.0,910.0,2571700
2026-02-05 16:05:00,910.0,910.0,910.0,910.0,175200
2026-02-05 16:10:00,910.0,910.0,910.0,910.0,40200
2026-02-06 09:00:00,880.0,885.0,860.0,870.0,0
2026-02-06 09:05:00,870.0,885.0,870.0,885.0,1791000
2026-02-06 09:10:00,885.0,895.0,880.0,890.0,1219500
2026-02-06 09:15:00,890.0,895.0,885.0,890.0,1020800
2026-02-06 09:20:00,885.0,890.0,880.0,880.0,1584700
2026-02-06 09:25:00,885.0,890.0,880.0,885.0,1554600
2026-02-06 09:30:00,880.0,885.0,875.0,880.0,2945400
2026-02-06 09:35:00,875.0,880.0,865.0,875.0,1968000
2026-02-06 09:40:00,870.0,880.0,870.0,880.0,457500
2026-02-06 09:45:00,880.0,880.0,870.0,875.0,539900
2026-02-06 09:50:00,870.0,875.0,870.0,875.0,250300
2026-02-06 09:55:00,870.0,875.0,865.0,870.0,1581000
2026-02-06 10:00:00,865.0,870.0,865.0,865.0,380000
2026-02-06 10:05:00,865.0,870.0,860.0,865.0,1072900
2026-02-06 10:10:00,860.0,865.0,860.0,865.0,340500
2026-02-06 10:15:00,860.0,865.0,860.0,865.0,555100
2026-02-06 10:20:00,865.0,870.0,860.0,865.0,408000
2026-02-06 10:25:00,865.0,870.0,865.0,870.0,502500
2026-02-06 10:30:00,870.0,870.0,865.0,870.0,216700
2026-02-06 10:35:00,865.0,870.0,865.0,865.0,615600
2026-02-06 10:40:00,865.0,870.0,860.0,860.0,756200
2026-02-06 10:45:00,860.0,865.0,860.0,860.0,875800
2026-02-06 10:50:00,860.0,865.0,855.0,855.0,1732500
2026-02-06 10:55:00,855.0,860.0,855.0,860.0,514200
2026-02-06 11:00:00,855.0,860.0,855.0,855.0,186800
2026-02-06 11:05:00,855.0,860.0,855.0,855.0,206700
2026-02-06 11:10:00,855.0,860.0,855.0,855.0,560800
2026-02-06 11:15:00,860.0,860.0,855.0,855.0,667400
2026-02-06 11:20:00,855.0,860.0,855.0,855.0,163000
2026-02-06 11:25:00,855.0,860.0,855.0,860.0,105900
2026-02-06 14:00:00,860.0,860.0,855.0,860.0,1708500
2026-02-06 14:05:00,860.0,865.0,855.0,855.0,1343000
2026-02-06 14:10:00,855.0,865.0,855.0,860.0,434100
2026-02-06 14:15:00,860.0,865.0,860.0,860.0,473200
2026-02-06 14:20:00,865.0,865.0,855.0,855.0,597800
2026-02-06 14:25:00,855.0,860.0,855.0,855.0,415500
2026-02-06 14:30:00,855.0,860.0,855.0,855.0,157600
2026-02-06 14:35:00,855.0,860.0,855.0,855.0,142200
2026-02-06 14:40:00,855.0,860.0,855.0,855.0,105700
2026-02-06 14:45:00,855.0,860.0,855.0,855.0,18400
2026-02-06 14:50:00,855.0,860.0,850.0,850.0,1844400
2026-02-06 14:55:00,850.0,855.0,850.0,850.0,612200
2026-02-06 15:00:00,850.0,855.0,850.0,850.0,431400
2026-02-06 15:05:00,850.0,855.0,850.0,855.0,255000
2026-02-06 15:10:00,850.0,855.0,850.0,850.0,464400
2026-02-06 15:15:00,850.0,855.0,850.0,850.0,453600
2026-02-06 15:20:00,850.0,855.0,850.0,850.0,647800
2026-02-06 15:25:00,855.0,855.0,850.0,850.0,369600
2026-02-06 15:30:00,850.0,855.0,850.0,850.0,298200
2026-02-06 15:35:00,855.0,855.0,850.0,850.0,667700
2026-02-06 15:40:00,850.0,855.0,850.0,850.0,1039200
2026-02-06 15:45:00,855.0,860.0,850.0,860.0,1962300
2026-02-06 16:00:00,855.0,855.0,855.0,855.0,4517700
2026-02-06 16:05:00,855.0,855.0,855.0,855.0,161200
2026-02-06 16:10:00,855.0,855.0,855.0,855.0,0
2026-02-09 09:00:00,860.0,860.0,835.0,850.0,0
2026-02-09 09:05:00,845.0,855.0,840.0,845.0,1481800
2026-02-09 09:10:00,840.0,845.0,835.0,840.0,845000
2026-02-09 09:15:00,835.0,845.0,835.0,840.0,367100
2026-02-09 09:20:00,840.0,845.0,840.0,845.0,142200
2026-02-09 09:25:00,845.0,850.0,840.0,850.0,289700
2026-02-09 09:30:00,850.0,850.0,845.0,845.0,110300
2026-02-09 09:35:00,845.0,855.0,845.0,855.0,1662800
2026-02-09 09:40:00,855.0,855.0,840.0,840.0,796900
2026-02-09 09:45:00,840.0,845.0,840.0,845.0,116800
2026-02-09 09:50:00,845.0,850.0,845.0,850.0,474400
2026-02-09 09:55:00,850.0,850.0,840.0,845.0,678600
2026-02-09 10:00:00,845.0,855.0,845.0,850.0,633900
2026-02-09 10:05:00,850.0,855.0,845.0,855.0,774000
2026-02-09 10:10:00,855.0,855.0,850.0,850.0,120600
2026-02-09 10:15:00,850.0,850.0,845.0,850.0,580100
2026-02-09 10:20:00,855.0,855.0,850.0,850.0,52300
2026-02-09 10:25:00,855.0,855.0,850.0,850.0,112200
2026-02-09 10:30:00,855.0,855.0,850.0,855.0,186700
2026-02-09 10:35:00,855.0,860.0,850.0,855.0,101400
2026-02-09 10:40:00,855.0,855.0,850.0,855.0,360300
2026-02-09 10:45:00,855.0,860.0,855.0,855.0,285200
2026-02-09 10:50:00,855.0,860.0,855.0,855.0,8600
2026-02-09 10:55:00,855.0,860.0,855.0,855.0,91200
2026-02-09 11:00:00,855.0,860.0,855.0,855.0,264700
2026-02-09 11:05:00,860.0,865.0,855.0,860.0,594600
2026-02-09 11:10:00,860.0,865.0,860.0,860.0,124400
2026-02-09 11:15:00,860.0,865.0,855.0,860.0,830100
2026-02-09 11:20:00,860.0,865.0,860.0,865.0,375100
2026-02-09 11:25:00,860.0,865.0,860.0,865.0,30900
2026-02-09 11:30:00,865.0,865.0,860.0,860.0,168600
2026-02-09 11:35:00,860.0,865.0,860.0,860.0,180800
2026-02-09 11:40:00,865.0,870.0,860.0,865.0,558900
2026-02-09 11:45:00,865.0,870.0,865.0,865.0,132600
2026-02-09 11:50:00,870.0,870.0,865.0,870.0,917900
2026-02-09 11:55:00,870.0,870.0,865.0,865.0,90900
2026-02-09 13:30:00,865.0,870.0,865.0,870.0,153500
2026-02-09 13:35:00,870.0,875.0,865.0,875.0,955500
2026-02-09 13:40:00,870.0,870.0,865.0,865.0,717300
2026-02-09 13:45:00,870.0,880.0,870.0,875.0,1945200
2026-02-09 13:50:00,875.0,875.0,865.0,865.0,967800
2026-02-09 13:55:00,870.0,870.0,860.0,865.0,531800
2026-02-09 14:00:00,865.0,870.0,860.0,865.0,259900
2026-02-09 14:05:00,870.0,870.0,865.0,865.0,75500
2026-02-09 14:10:00,870.0,870.0,865.0,865.0,56700
2026-02-09 14:15:00,870.0,870.0,865.0,865.0,152200
2026-02-09 14:20:00,865.0,870.0,865.0,865.0,264900
2026-02-09 14:25:00,870.0,870.0,865.0,865.0,51200
2026-02-09 14:30:00,865.0,870.0,865.0,865.0,63200
2026-02-09 14:35:00,870.0,870.0,865.0,870.0,103500
2026-02-09 14:40:00,865.0,870.0,865.0,865.0,271800
2026-02-09 14:45:00,870.0,870.0,860.0,860.0,889000
2026-02-09 14:50:00,860.0,865.0,860.0,865.0,52200
2026-02-09 14:55:00,865.0,865.0,860.0,860.0,144100
2026-02-09 15:00:00,865.0,865.0,860.0,860.0,63700
2026-02-09 15:05:00,865.0,870.0,860.0,870.0,616000
2026-02-09 15:10:00,865.0,870.0,865.0,865.0,119000
2026-02-09 15:15:00,870.0,870.0,865.0,865.0,301700
2026-02-09 15:20:00,870.0,870.0,865.0,865.0,56600
2026-02-09 15:25:00,870.0,870.0,865.0,865.0,195100
2026-02-09 15:30:00,865.0,870.0,865.0,865.0,200600
2026-02-09 15:35:00,865.0,870.0,865.0,865.0,93000
2026-02-09 15:40:00,865.0,870.0,865.0,865.0,278300
2026-02-09 15:45:00,870.0,870.0,865.0,865.0,621900
2026-02-09 16:00:00,855.0,855.0,855.0,855.0,2562600
2026-02-09 16:05:00,855.0,855.0,855.0,855.0,196100
2026-02-09 16:10:00,855.0,855.0,855.0,855.0,29900
2026-02-10 09:00:00,855.0,865.0,855.0,865.0,0
2026-02-10 09:05:00,865.0,875.0,865.0,875.0,632500
2026-02-10 09:10:00,875.0,880.0,870.0,870.0,1475800
2026-02-10 09:15:00,870.0,875.0,865.0,875.0,1065700
2026-02-10 09:20:00,875.0,875.0,870.0,875.0,366400
2026-02-10 09:25:00,870.0,875.0,870.0,870.0,1208400
2026-02-10 09:30:00,870.0,880.0,870.0,875.0,810500
2026-02-10 09:35:00,880.0,880.0,875.0,875.0,308000
2026-02-10 09:40:00,875.0,880.0,875.0,875.0,594600
2026-02-10 09:45:00,875.0,875.0,870.0,870.0,287300
2026-02-10 09:50:00,875.0,880.0,870.0,880.0,1643600
2026-02-10 09:55:00,880.0,885.0,870.0,880.0,2125500
2026-02-10 10:00:00,880.0,885.0,880.0,880.0,242300
2026-02-10 10:05:00,880.0,885.0,875.0,880.0,980900
2026-02-10 10:10:00,880.0,880.0,875.0,880.0,126700
2026-02-10 10:15:00,875.0,880.0,875.0,880.0,985100
2026-02-10 10:20:00,880.0,880.0,875.0,880.0,46300
2026-02-10 10:25:00,880.0,880.0,875.0,880.0,45300
2026-02-10 10:30:00,880.0,880.0,875.0,875.0,153200
2026-02-10 10:35:00,880.0,880.0,875.0,880.0,163800
2026-02-10 10:40:00,880.0,880.0,875.0,875.0,67700
2026-02-10 10:45:00,875.0,880.0,875.0,875.0,85000
2026-02-10 10:50:00,875.0,880.0,875.0,875.0,97900
2026-02-10 10:55:00,875.0,880.0,875.0,875.0,279800
2026-02-10 11:00:00,875.0,880.0,875.0,875.0,144200
2026-02-10 11:05:00,875.0,880.0,875.0,875.0,716900
2026-02-10 11:10:00,875.0,880.0,875.0,875.0,162300
2026-02-10 11:15:00,880.0,880.0,875.0,875.0,153000
2026-02-10 11:20:00,875.0,880.0,875.0,875.0,382600
2026-02-10 11:25:00,875.0,880.0,875.0,875.0,579500
2026-02-10 11:30:00,875.0,880.0,875.0,875.0,120400
2026-02-10 11:35:00,880.0,880.0,875.0,875.0,51900
2026-02-10 11:40:00,875.0,880.0,875.0,875.0,162200
2026-02-10 11:45:00,875.0,880.0,875.0,880.0,77800
2026-02-10 11:50:00,875.0,880.0,875.0,875.0,35500
2026-02-10 11:55:00,875.0,880.0,875.0,875.0,54700
2026-02-10 13:30:00,875.0,880.0,875.0,875.0,256100
2026-02-10 13:35:00,875.0,880.0,875.0,875.0,69000
2026-02-10 13:40:00,875.0,875.0,870.0,870.0,458600
2026-02-10 13:45:00,870.0,875.0,865.0,865.0,2388100
2026-02-10 13:50:00,870.0,875.0,865.0,870.0,397800
2026-02-10 13:55:00,870.0,870.0,870.0,870.0,135500
2026-02-10 14:00:00,870.0,875.0,870.0,870.0,32800
2026-02-10 14:05:00,870.0,875.0,870.0,870.0,172000
2026-02-10 14:10:00,870.0,875.0,870.0,870.0,73300
2026-02-10 14:15:00,870.0,875.0,870.0,875.0,112800
2026-02-10 14:20:00,870.0,875.0,870.0,870.0,91600
2026-02-10 14:25:00,870.0,875.0,870.0,870.0,120200
2026-02-10 14:30:00,870.0,880.0,870.0,880.0,610400
2026-02-10 14:35:00,880.0,880.0,870.0,870.0,418000
2026-02-10 14:40:00,875.0,880.0,870.0,875.0,318800
2026-02-10 14:45:00,880.0,880.0,875.0,880.0,225600
2026-02-10 14:50:00,875.0,880.0,875.0,875.0,136400
2026-02-10 14:55:00,880.0,880.0,875.0,880.0,199500
2026-02-10 15:00:00,875.0,880.0,875.0,875.0,90400
2026-02-10 15:05:00,875.0,895.0,875.0,890.0,5612800
2026-02-10 15:10:00,890.0,895.0,890.0,890.0,1310400
2026-02-10 15:15:00,890.0,900.0,890.0,900.0,1627100
2026-02-10 15:20:00,900.0,900.0,890.0,895.0,1382700
2026-02-10 15:25:00,895.0,895.0,890.0,890.0,887400
2026-02-10 15:30:00,890.0,895.0,885.0,890.0,883500
2026-02-10 15:35:00,895.0,895.0,890.0,890.0,370700
2026-02-10 15:40:00,895.0,895.0,890.0,895.0,1604300
2026-02-10 15:45:00,895.0,900.0,890.0,895.0,1705700
2026-02-10 16:00:00,895.0,895.0,895.0,895.0,4570500
2026-02-10 16:05:00,895.0,895.0,895.0,895.0,328600
2026-02-10 16:10:00,895.0,895.0,895.0,895.0,217800
2026-02-11 09:00:00,905.0,910.0,895.0,900.0,0
2026-02-11 09:05:00,900.0,905.0,895.0,900.0,1309600
2026-02-11 09:10:00,900.0,905.0,900.0,905.0,753000
2026-02-11 09:15:00,905.0,910.0,900.0,905.0,1196600
2026-02-11 09:20:00,905.0,915.0,905.0,915.0,2908100
2026-02-11 09:25:00,915.0,915.0,905.0,910.0,2109100
2026-02-11 09:30:00,905.0,910.0,900.0,900.0,1438500
2026-02-11 09:35:00,905.0,905.0,895.0,905.0,4308700
2026-02-11 09:40:00,900.0,905.0,900.0,905.0,188900
2026-02-11 09:45:00,905.0,905.0,900.0,900.0,387800
2026-02-11 09:50:00,900.0,905.0,900.0,900.0,348600
2026-02-11 09:55:00,905.0,905.0,900.0,900.0,166300
2026-02-11 10:00:00,900.0,905.0,900.0,900.0,212700
2026-02-11 10:05:00,900.0,905.0,900.0,905.0,183800
2026-02-11 10:10:00,900.0,910.0,900.0,905.0,857800
2026-02-11 10:15:00,910.0,910.0,905.0,905.0,169700
2026-02-11 10:20:00,905.0,910.0,905.0,905.0,292300
2026-02-11 10:25:00,905.0,910.0,905.0,905.0,176800
2026-02-11 10:30:00,905.0,910.0,905.0,905.0,150500
2026-02-11 10:35:00,905.0,910.0,905.0,905.0,141900
2026-02-11 10:40:00,905.0,910.0,905.0,905.0,163600
2026-02-11 10:45:00,910.0,910.0,905.0,905.0,643900
2026-02-11 10:50:00,905.0,910.0,905.0,905.0,697900
2026-02-11 10:55:00,905.0,910.0,905.0,905.0,265000
2026-02-11 11:00:00,910.0,910.0,905.0,905.0,176100
2026-02-11 11:05:00,905.0,910.0,905.0,910.0,1987400
2026-02-11 11:10:00,910.0,915.0,910.0,915.0,875900
2026-02-11 11:15:00,915.0,920.0,915.0,915.0,2419300
2026-02-11 11:20:00,915.0,920.0,910.0,915.0,311400
2026-02-11 11:25:00,915.0,920.0,915.0,920.0,196600
2026-02-11 11:30:00,920.0,920.0,910.0,910.0,517100
2026-02-11 11:35:00,915.0,920.0,910.0,915.0,574400
2026-02-11 11:40:00,915.0,920.0,915.0,915.0,409500
2026-02-11 11:45:00,920.0,920.0,915.0,915.0,321700
2026-02-11 11:50:00,915.0,920.0,915.0,920.0,159600
2026-02-11 11:55:00,915.0,925.0,915.0,925.0,2694100
2026-02-11 13:30:00,925.0,925.0,915.0,915.0,1138600
2026-02-11 13:35:00,920.0,920.0,915.0,920.0,376900
2026-02-11 13:40:00,920.0,920.0,910.0,920.0,1764900
2026-02-11 13:45:00,915.0,915.0,910.0,915.0,1099400
2026-02-11 13:50:00,910.0,915.0,905.0,915.0,1708000
2026-02-11 13:55:00,915.0,915.0,905.0,910.0,463100
2026-02-11 14:00:00,910.0,910.0,905.0,910.0,293200
2026-02-11 14:05:00,910.0,915.0,905.0,915.0,320400
2026-02-11 14:10:00,915.0,915.0,910.0,910.0,107400
2026-02-11 14:15:00,915.0,920.0,910.0,920.0,794200
2026-02-11 14:20:00,915.0,920.0,915.0,915.0,103800
2026-02-11 14:25:00,915.0,920.0,915.0,915.0,92300
2026-02-11 14:30:00,920.0,920.0,910.0,915.0,524500
2026-02-11 14:35:00,915.0,920.0,910.0,915.0,915400
2026-02-11 14:40:00,920.0,920.0,910.0,915.0,320100
2026-02-11 14:45:00,915.0,920.0,910.0,920.0,197700
2026-02-11 14:50:00,920.0,920.0,915.0,920.0,67300
2026-02-11 14:55:00,920.0,920.0,915.0,915.0,443200
2026-02-11 15:00:00,920.0,920.0,910.0,915.0,1838100
2026-02-11 15:05:00,915.0,920.0,910.0,915.0,286400
2026-02-11 15:10:00,920.0,920.0,915.0,915.0,114600
2026-02-11 15:15:00,915.0,920.0,915.0,915.0,726700
2026-02-11 15:20:00,915.0,920.0,915.0,915.0,190300
2026-02-11 15:25:00,915.0,920.0,915.0,915.0,324100
2026-02-11 15:30:00,920.0,920.0,915.0,915.0,638800
2026-02-11 15:35:00,915.0,920.0,915.0,915.0,141000
2026-02-11 15:40:00,915.0,925.0,915.0,915.0,1550800
2026-02-11 15:45:00,920.0,920.0,910.0,915.0,1781500
2026-02-11 16:00:00,925.0,925.0,925.0,925.0,1524200
2026-02-11 16:05:00,925.0,925.0,925.0,925.0,104500
2026-02-11 16:10:00,925.0,925.0,925.0,925.0,30100
2026-02-12 09:00:00,925.0,930.0,915.0,915.0,0
2026-02-12 09:05:00,915.0,920.0,905.0,910.0,3171400
2026-02-12 09:10:00,910.0,925.0,910.0,915.0,2607200
2026-02-12 09:15:00,910.0,920.0,910.0,915.0,1247900
2026-02-12 09:20:00,920.0,920.0,915.0,920.0,1112200
2026-02-12 09:25:00,920.0,920.0,910.0,915.0,2900500
2026-02-12 09:30:00,910.0,920.0,910.0,910.0,931100
2026-02-12 09:35:00,915.0,920.0,915.0,920.0,554700
2026-02-12 09:40:00,915.0,920.0,915.0,915.0,132200
2026-02-12 09:45:00,915.0,920.0,915.0,915.0,254600
2026-02-12 09:50:00,915.0,930.0,915.0,920.0,1899400
2026-02-12 09:55:00,920.0,925.0,915.0,920.0,360800
2026-02-12 10:00:00,920.0,930.0,915.0,925.0,2751200
2026-02-12 10:05:00,925.0,930.0,920.0,925.0,847200
2026-02-12 10:10:00,925.0,930.0,925.0,930.0,197200
2026-02-12 10:15:00,925.0,930.0,925.0,930.0,256900
2026-02-12 10:20:00,925.0,930.0,920.0,925.0,474600
2026-02-12 10:25:00,920.0,925.0,920.0,920.0,132800
2026-02-12 10:30:00,920.0,925.0,920.0,920.0,248700
2026-02-12 10:35:00,920.0,925.0,920.0,920.0,100300
2026-02-12 10:40:00,920.0,925.0,920.0,920.0,235000
2026-02-12 10:45:00,920.0,925.0,920.0,920.0,220700
2026-02-12 10:50:00,920.0,925.0,920.0,920.0,611900
2026-02-12 10:55:00,920.0,925.0,920.0,920.0,144400
2026-02-12 11:00:00,920.0,925.0,920.0,925.0,822700
2026-02-12 11:05:00,920.0,925.0,920.0,920.0,230400
2026-02-12 11:10:00,920.0,925.0,920.0,920.0,96600
2026-02-12 11:15:00,920.0,925.0,920.0,920.0,195100
2026-02-12 11:20:00,920.0,925.0,920.0,920.0,138800
2026-02-12 11:25:00,920.0,925.0,920.0,920.0,145200
2026-02-12 11:30:00,920.0,925.0,920.0,920.0,195400
2026-02-12 11:35:00,920.0,925.0,920.0,920.0,157600
2026-02-12 11:40:00,920.0,925.0,920.0,920.0,27000
2026-02-12 11:45:00,920.0,925.0,920.0,920.0,41400
2026-02-12 11:50:00,920.0,925.0,920.0,920.0,177200
2026-02-12 11:55:00,920.0,925.0,920.0,920.0,69200
2026-02-12 13:30:00,920.0,925.0,920.0,920.0,436500
2026-02-12 13:35:00,920.0,925.0,920.0,920.0,254100
2026-02-12 13:40:00,920.0,925.0,920.0,920.0,479300
2026-02-12 13:45:00,920.0,925.0,920.0,920.0,306100
2026-02-12 13:50:00,925.0,925.0,920.0,920.0,259700
2026-02-12 13:55:00,920.0,925.0,920.0,925.0,242600
2026-02-12 14:00:00,925.0,930.0,920.0,930.0,1530400
2026-02-12 14:05:00,930.0,930.0,925.0,925.0,337800
2026-02-12 14:10:00,925.0,930.0,925.0,930.0,677800
2026-02-12 14:15:00,925.0,930.0,925.0,930.0,167600
2026-02-12 14:20:00,925.0,930.0,925.0,930.0,899700
2026-02-12 14:25:00,930.0,930.0,925.0,930.0,390900
2026-02-12 14:30:00,925.0,935.0,925.0,935.0,2088700
2026-02-12 14:35:00,930.0,935.0,925.0,935.0,794700
2026-02-12 14:40:00,935.0,935.0,930.0,930.0,170700
2026-02-12 14:45:00,930.0,935.0,930.0,935.0,509900
2026-02-12 14:50:00,930.0,935.0,930.0,935.0,347900
2026-02-12 14:55:00,930.0,935.0,930.0,935.0,472400
2026-02-12 15:00:00,930.0,935.0,930.0,930.0,288200
2026-02-12 15:05:00,930.0,935.0,930.0,930.0,1117600
2026-02-12 15:10:00,930.0,935.0,930.0,935.0,635200
2026-02-12 15:15:00,930.0,935.0,930.0,935.0,284900
2026-02-12 15:20:00,935.0,935.0,925.0,930.0,1046000
2026-02-12 15:25:00,930.0,935.0,925.0,935.0,1362100
2026-02-12 15:30:00,935.0,935.0,930.0,935.0,589100
2026-02-12 15:35:00,930.0,935.0,925.0,935.0,680100
2026-02-12 15:40:00,930.0,935.0,930.0,935.0,548400
2026-02-12 15:45:00,930.0,935.0,930.0,930.0,1062000
2026-02-12 16:00:00,925.0,925.0,925.0,925.0,5226500
2026-02-12 16:05:00,925.0,925.0,925.0,925.0,256500
2026-02-12 16:10:00,925.0,925.0,925.0,925.0,60200
2026-02-13 09:00:00,920.0,925.0,910.0,925.0,0
2026-02-13 09:05:00,925.0,925.0,905.0,905.0,1854700
2026-02-13 09:10:00,910.0,915.0,905.0,910.0,382000
2026-02-13 09:15:00,910.0,915.0,910.0,915.0,105400
2026-02-13 09:20:00,910.0,920.0,910.0,915.0,741900
2026-02-13 09:25:00,915.0,925.0,915.0,920.0,466900
2026-02-13 09:30:00,925.0,925.0,920.0,920.0,119300
2026-02-13 09:35:00,925.0,930.0,920.0,930.0,1324600
2026-02-13 09:40:00,930.0,930.0,925.0,930.0,293200
2026-02-13 09:45:00,925.0,930.0,920.0,925.0,776800
2026-02-13 09:50:00,920.0,925.0,920.0,925.0,307000
2026-02-13 09:55:00,920.0,930.0,920.0,925.0,650900
2026-02-13 10:00:00,930.0,930.0,920.0,930.0,487000
2026-02-13 10:05:00,925.0,930.0,925.0,925.0,72100
2026-02-13 10:10:00,930.0,930.0,925.0,930.0,357900
2026-02-13 10:15:00,925.0,935.0,925.0,930.0,1089000
2026-02-13 10:20:00,935.0,935.0,930.0,935.0,523700
2026-02-13 10:25:00,935.0,935.0,930.0,935.0,284900
2026-02-13 10:30:00,935.0,940.0,930.0,935.0,1827700
2026-02-13 10:35:00,930.0,935.0,930.0,935.0,117300
2026-02-13 10:40:00,935.0,935.0,930.0,935.0,452000
2026-02-13 10:45:00,935.0,935.0,930.0,935.0,243500
2026-02-13 10:50:00,930.0,935.0,930.0,930.0,871800
2026-02-13 10:55:00,930.0,930.0,925.0,930.0,1160000
2026-02-13 11:00:00,930.0,930.0,925.0,925.0,18900
2026-02-13 11:05:00,925.0,930.0,925.0,930.0,675500
2026-02-13 11:10:00,930.0,930.0,925.0,930.0,53900
2026-02-13 11:15:00,925.0,930.0,925.0,925.0,44500
2026-02-13 11:20:00,930.0,930.0,925.0,930.0,125900
2026-02-13 11:25:00,925.0,930.0,925.0,930.0,165400
2026-02-13 14:00:00,930.0,930.0,925.0,925.0,721800
2026-02-13 14:05:00,925.0,930.0,925.0,930.0,58100
2026-02-13 14:10:00,925.0,930.0,925.0,930.0,112600
2026-02-13 14:15:00,925.0,930.0,925.0,925.0,332700
2026-02-13 14:20:00,920.0,925.0,920.0,920.0,1060100
2026-02-13 14:25:00,920.0,920.0,915.0,920.0,122300
2026-02-13 14:30:00,920.0,920.0,915.0,920.0,339900
2026-02-13 14:35:00,915.0,920.0,915.0,915.0,208300
2026-02-13 14:40:00,920.0,925.0,915.0,925.0,620800
2026-02-13 14:45:00,920.0,925.0,920.0,925.0,254300
2026-02-13 14:50:00,920.0,925.0,920.0,925.0,291200
2026-02-13 14:55:00,920.0,930.0,920.0,925.0,1201800
2026-02-13 15:00:00,925.0,930.0,925.0,925.0,591100
2026-02-13 15:05:00,925.0,930.0,925.0,930.0,184900
2026-02-13 15:10:00,930.0,930.0,925.0,925.0,117900
2026-02-13 15:15:00,930.0,930.0,925.0,930.0,244300
2026-02-13 15:20:00,925.0,930.0,925.0,925.0,254900
2026-02-13 15:25:00,930.0,930.0,925.0,930.0,407700
2026-02-13 15:30:00,930.0,930.0,925.0,930.0,389400
2026-02-13 15:35:00,925.0,930.0,925.0,925.0,501800
2026-02-13 15:40:00,925.0,930.0,920.0,930.0,702400
2026-02-13 15:45:00,925.0,930.0,920.0,930.0,489500
2026-02-13 16:00:00,925.0,925.0,925.0,925.0,990000
2026-02-13 16:05:00,925.0,925.0,925.0,925.0,227000
2026-02-13 16:10:00,925.0,925.0,925.0,925.0,213200
2026-02-18 09:00:00,930.0,930.0,920.0,925.0,0
2026-02-18 09:05:00,925.0,925.0,920.0,925.0,171400
2026-02-18 09:10:00,925.0,930.0,920.0,930.0,812700
2026-02-18 09:15:00,930.0,930.0,925.0,925.0,198100
2026-02-18 09:20:00,925.0,930.0,925.0,930.0,109100
2026-02-18 09:25:00,925.0,930.0,925.0,930.0,995300
2026-02-18 09:30:00,925.0,935.0,925.0,930.0,971200
2026-02-18 09:35:00,930.0,935.0,930.0,930.0,145100
2026-02-18 09:40:00,930.0,940.0,930.0,935.0,2154100
2026-02-18 09:45:00,940.0,950.0,935.0,945.0,4109700
2026-02-18 09:50:00,950.0,960.0,945.0,955.0,5378000
2026-02-18 09:55:00,955.0,955.0,940.0,945.0,2484800
2026-02-18 10:00:00,945.0,950.0,940.0,940.0,1957000
2026-02-18 10:05:00,945.0,955.0,945.0,950.0,1955900
2026-02-18 10:10:00,950.0,955.0,945.0,945.0,736500
2026-02-18 10:15:00,950.0,955.0,945.0,950.0,1628800
2026-02-18 10:20:00,955.0,955.0,950.0,950.0,1435800
2026-02-18 10:25:00,955.0,960.0,950.0,955.0,1729300
2026-02-18 10:30:00,960.0,970.0,955.0,960.0,3079000
2026-02-18 10:35:00,965.0,970.0,960.0,970.0,1518800
2026-02-18 10:40:00,965.0,970.0,965.0,970.0,1242000
2026-02-18 10:45:00,965.0,970.0,965.0,970.0,1231800
2026-02-18 10:50:00,970.0,970.0,965.0,970.0,1258200
2026-02-18 10:55:00,965.0,970.0,960.0,970.0,2049600
2026-02-18 11:00:00,970.0,970.0,965.0,965.0,817700
2026-02-18 11:05:00,970.0,970.0,965.0,970.0,1132200
2026-02-18 11:10:00,970.0,980.0,970.0,980.0,2692800
2026-02-18 11:15:00,980.0,980.0,975.0,980.0,1230500
2026-02-18 11:20:00,980.0,985.0,975.0,985.0,1446400
2026-02-18 11:25:00,985.0,985.0,975.0,980.0,811700
2026-02-18 11:30:00,980.0,985.0,980.0,985.0,2122000
2026-02-18 11:35:00,985.0,990.0,980.0,985.0,1423200
2026-02-18 11:40:00,985.0,985.0,975.0,980.0,1341200
2026-02-18 11:45:00,980.0,980.0,975.0,980.0,514400
2026-02-18 11:50:00,980.0,980.0,975.0,980.0,582800
2026-02-18 11:55:00,980.0,985.0,975.0,980.0,1757300
2026-02-18 13:30:00,980.0,985.0,980.0,985.0,1084900
2026-02-18 13:35:00,985.0,985.0,975.0,980.0,1664500
2026-02-18 13:40:00,980.0,985.0,980.0,980.0,1216500
2026-02-18 13:45:00,980.0,985.0,980.0,985.0,764100
2026-02-18 13:50:00,985.0,985.0,980.0,985.0,685600
2026-02-18 13:55:00,985.0,985.0,980.0,980.0,756400
2026-02-18 14:00:00,980.0,985.0,965.0,970.0,4156100
2026-02-18 14:05:00,970.0,975.0,965.0,970.0,1108000
2026-02-18 14:10:00,970.0,980.0,965.0,975.0,17741600
2026-02-18 14:15:00,975.0,980.0,970.0,975.0,633900
2026-02-18 14:20:00,975.0,980.0,970.0,980.0,712900
2026-02-18 14:25:00,980.0,980.0,975.0,980.0,601300
2026-02-18 14:30:00,975.0,980.0,975.0,980.0,732800
2026-02-18 14:35:00,980.0,980.0,975.0,980.0,622500
2026-02-18 14:40:00,980.0,985.0,975.0,980.0,738900
2026-02-18 14:45:00,980.0,980.0,975.0,980.0,745200
2026-02-18 14:50:00,980.0,985.0,975.0,985.0,630500
2026-02-18 14:55:00,985.0,985.0,975.0,980.0,910700
2026-02-18 15:00:00,980.0,985.0,980.0,985.0,570200
2026-02-18 15:05:00,985.0,985.0,980.0,985.0,724800
2026-02-18 15:10:00,985.0,985.0,980.0,980.0,1250500
2026-02-18 15:15:00,980.0,985.0,980.0,985.0,837700
2026-02-18 15:20:00,985.0,985.0,980.0,985.0,547200
2026-02-18 15:25:00,985.0,990.0,980.0,985.0,652200
2026-02-18 15:30:00,985.0,985.0,980.0,985.0,186900
2026-02-18 15:35:00,980.0,985.0,980.0,985.0,440000
2026-02-18 15:40:00,985.0,985.0,980.0,985.0,862900
2026-02-18 15:45:00,985.0,985.0,975.0,980.0,973500
2026-02-18 16:00:00,980.0,980.0,980.0,980.0,2498700
2026-02-18 16:05:00,980.0,980.0,980.0,980.0,187600
2026-02-18 16:10:00,980.0,980.0,980.0,980.0,235600
2026-02-19 09:00:00,995.0,1000.0,990.0,995.0,0
2026-02-19 09:05:00,995.0,1020.0,985.0,1015.0,7568300
2026-02-19 09:10:00,1020.0,1025.0,1005.0,1010.0,5939800
2026-02-19 09:15:00,1005.0,1015.0,1005.0,1010.0,1740100
2026-02-19 09:20:00,1015.0,1020.0,1010.0,1015.0,2607000
2026-02-19 09:25:00,1015.0,1015.0,1005.0,1015.0,1148600
2026-02-19 09:30:00,1015.0,1015.0,1010.0,1010.0,715700
2026-02-19 09:35:00,1010.0,1015.0,1005.0,1010.0,736600
2026-02-19 09:40:00,1010.0,1015.0,1005.0,1010.0,964800
2026-02-19 09:45:00,1010.0,1015.0,1005.0,1015.0,1557700
2026-02-19 09:50:00,1015.0,1020.0,1010.0,1020.0,1267600
2026-02-19 09:55:00,1020.0,1020.0,1015.0,1020.0,395500
2026-02-19 10:00:00,1020.0,1020.0,1010.0,1015.0,650900
2026-02-19 10:05:00,1015.0,1020.0,1010.0,1015.0,537800
2026-02-19 10:10:00,1015.0,1020.0,1005.0,1010.0,2321800
2026-02-19 10:15:00,1010.0,1010.0,1000.0,1005.0,1230800
2026-02-19 10:20:00,1005.0,1010.0,1000.0,1010.0,2849400
2026-02-19 10:25:00,1005.0,1010.0,1005.0,1010.0,237500
2026-02-19 10:30:00,1005.0,1010.0,1005.0,1010.0,451200
2026-02-19 10:35:00,1010.0,1010.0,1005.0,1010.0,513700
2026-02-19 10:40:00,1010.0,1010.0,1005.0,1005.0,519700
2026-02-19 10:45:00,1010.0,1010.0,1000.0,1005.0,261200
2026-02-19 10:50:00,1005.0,1010.0,1000.0,1010.0,582600
2026-02-19 10:55:00,1010.0,1010.0,1005.0,1010.0,326800
2026-02-19 11:00:00,1010.0,1010.0,1005.0,1010.0,245400
2026-02-19 11:05:00,1010.0,1010.0,1005.0,1010.0,179100
2026-02-19 11:10:00,1010.0,1010.0,1005.0,1010.0,222800
2026-02-19 11:15:00,1010.0,1010.0,1000.0,1005.0,858300
2026-02-19 11:20:00,1000.0,1005.0,995.0,1000.0,1875800
2026-02-19 11:25:00,995.0,1000.0,990.0,1000.0,3021500
2026-02-19 11:30:00,1000.0,1005.0,995.0,1005.0,584600
2026-02-19 11:35:00,1005.0,1005.0,1000.0,1005.0,144500
2026-02-19 11:40:00,1005.0,1010.0,1000.0,1010.0,377900
2026-02-19 11:45:00,1010.0,1010.0,1005.0,1010.0,383200
2026-02-19 11:50:00,1010.0,1010.0,1000.0,1005.0,591800
2026-02-19 11:55:00,1005.0,1005.0,1000.0,1005.0,353600
2026-02-19 13:30:00,1005.0,1005.0,1000.0,1000.0,793500
2026-02-19 13:35:00,1000.0,1005.0,1000.0,1005.0,160500
2026-02-19 13:40:00,1000.0,1010.0,1000.0,1010.0,383600
2026-02-19 13:45:00,1005.0,1010.0,1000.0,1005.0,388600
2026-02-19 13:50:00,1005.0,1005.0,1000.0,1005.0,160300
2026-02-19 13:55:00,1005.0,1005.0,1000.0,1005.0,413300
2026-02-19 14:00:00,1000.0,1005.0,1000.0,1005.0,158800
2026-02-19 14:05:00,1005.0,1005.0,1000.0,1000.0,257800
2026-02-19 14:10:00,1005.0,1005.0,1000.0,1005.0,312400
2026-02-19 14:15:00,1000.0,1005.0,995.0,995.0,1813600
2026-02-19 14:20:00,995.0,1000.0,990.0,990.0,2618800
2026-02-19 14:25:00,995.0,995.0,985.0,990.0,2976900
2026-02-19 14:30:00,990.0,995.0,990.0,990.0,830100
2026-02-19 14:35:00,995.0,995.0,985.0,990.0,667600
2026-02-19 14:40:00,990.0,995.0,990.0,990.0,176800
2026-02-19 14:45:00,995.0,995.0,990.0,995.0,170100
2026-02-19 14:50:00,990.0,1000.0,990.0,995.0,403100
2026-02-19 14:55:00,995.0,1000.0,995.0,995.0,1063900
2026-02-19 15:00:00,1000.0,1000.0,995.0,995.0,594000
2026-02-19 15:05:00,995.0,1000.0,990.0,995.0,691000
2026-02-19 15:10:00,990.0,1000.0,990.0,995.0,525400
2026-02-19 15:15:00,995.0,1000.0,990.0,1000.0,248100
2026-02-19 15:20:00,1000.0,1000.0,985.0,990.0,1526400
2026-02-19 15:25:00,990.0,990.0,985.0,990.0,224100
2026-02-19 15:30:00,990.0,995.0,985.0,995.0,1004700
2026-02-19 15:35:00,995.0,995.0,990.0,995.0,648000
2026-02-19 15:40:00,995.0,1000.0,990.0,995.0,1280900
2026-02-19 15:45:00,995.0,1000.0,995.0,995.0,515700
2026-02-19 16:00:00,990.0,990.0,990.0,990.0,1874600
2026-02-19 16:05:00,990.0,990.0,990.0,990.0,128600
2026-02-19 16:10:00,990.0,990.0,990.0,990.0,17800
2026-02-20 09:00:00,1000.0,1000.0,980.0,980.0,0
2026-02-20 09:05:00,980.0,985.0,975.0,985.0,1257500
2026-02-20 09:10:00,980.0,985.0,975.0,980.0,1111700
2026-02-20 09:15:00,985.0,985.0,970.0,970.0,862700
2026-02-20 09:20:00,970.0,975.0,960.0,965.0,2382000
2026-02-20 09:25:00,965.0,970.0,960.0,970.0,880800
2026-02-20 09:30:00,970.0,975.0,965.0,970.0,631300
2026-02-20 09:35:00,970.0,975.0,970.0,975.0,1054600
2026-02-20 09:40:00,975.0,975.0,970.0,975.0,184900
2026-02-20 09:45:00,970.0,975.0,970.0,975.0,176400
2026-02-20 09:50:00,970.0,975.0,970.0,975.0,378100
2026-02-20 09:55:00,970.0,975.0,970.0,975.0,549900
2026-02-20 10:00:00,975.0,980.0,970.0,980.0,160300
2026-02-20 10:05:00,980.0,980.0,975.0,980.0,641000
2026-02-20 10:10:00,980.0,990.0,975.0,985.0,1828100
2026-02-20 10:15:00,985.0,990.0,980.0,985.0,522100
2026-02-20 10:20:00,985.0,985.0,980.0,985.0,144400
2026-02-20 10:25:00,980.0,985.0,975.0,980.0,354900
2026-02-20 10:30:00,980.0,980.0,975.0,975.0,81100
2026-02-20 10:35:00,980.0,985.0,975.0,985.0,397100
2026-02-20 10:40:00,980.0,985.0,980.0,985.0,45800
2026-02-20 10:45:00,985.0,985.0,980.0,985.0,45300
2026-02-20 10:50:00,980.0,985.0,975.0,980.0,150300
2026-02-20 10:55:00,975.0,980.0,975.0,980.0,46200
2026-02-20 11:00:00,975.0,980.0,975.0,975.0,78500
2026-02-20 11:05:00,975.0,980.0,970.0,980.0,674200
2026-02-20 11:10:00,975.0,980.0,975.0,975.0,28900
2026-02-20 11:15:00,975.0,980.0,975.0,980.0,226000
2026-02-20 11:20:00,975.0,980.0,975.0,975.0,78300
2026-02-20 11:25:00,975.0,980.0,975.0,980.0,96900
2026-02-20 14:00:00,975.0,980.0,975.0,980.0,231000
2026-02-20 14:05:00,980.0,980.0,975.0,975.0,106000
2026-02-20 14:10:00,975.0,980.0,975.0,975.0,111300
2026-02-20 14:15:00,975.0,980.0,975.0,975.0,231200
2026-02-20 14:20:00,975.0,980.0,975.0,975.0,67900
2026-02-20 14:25:00,975.0,980.0,975.0,975.0,105400
2026-02-20 14:30:00,975.0,980.0,975.0,980.0,179200
2026-02-20 14:35:00,980.0,980.0,975.0,980.0,93500
2026-02-20 14:40:00,975.0,980.0,970.0,975.0,330800
2026-02-20 14:45:00,975.0,980.0,970.0,980.0,312700
2026-02-20 14:50:00,980.0,980.0,975.0,980.0,44300
2026-02-20 14:55:00,975.0,980.0,975.0,980.0,66700
2026-02-20 15:00:00,975.0,980.0,975.0,980.0,86000
2026-02-20 15:05:00,975.0,985.0,975.0,985.0,992100
2026-02-20 15:10:00,985.0,985.0,980.0,985.0,103300
2026-02-20 15:15:00,985.0,985.0,980.0,985.0,86800
2026-02-20 15:20:00,985.0,985.0,980.0,985.0,426300
2026-02-20 15:25:00,980.0,985.0,980.0,985.0,826100
2026-02-20 15:30:00,980.0,985.0,980.0,985.0,1115700
2026-02-20 15:35:00,980.0,985.0,975.0,980.0,278700
2026-02-20 15:40:00,975.0,980.0,975.0,980.0,739800
2026-02-20 15:45:00,975.0,980.0,975.0,975.0,196700
2026-02-20 16:00:00,970.0,970.0,970.0,970.0,1703500
2026-02-20 16:05:00,970.0,970.0,970.0,970.0,692700
2026-02-20 16:10:00,970.0,970.0,970.0,970.0,51500
2026-02-23 09:00:00,980.0,985.0,975.0,985.0,0
2026-02-23 09:05:00,985.0,985.0,980.0,980.0,355700
2026-02-23 09:10:00,985.0,985.0,980.0,980.0,271700
2026-02-23 09:15:00,985.0,985.0,980.0,985.0,156300
2026-02-23 09:20:00,980.0,985.0,980.0,980.0,241500
2026-02-23 09:25:00,980.0,985.0,975.0,980.0,1503200
2026-02-23 09:30:00,975.0,985.0,975.0,975.0,1050800
2026-02-23 09:35:00,975.0,980.0,975.0,975.0,326300
2026-02-23 09:40:00,980.0,980.0,975.0,975.0,81500
2026-02-23 09:45:00,975.0,980.0,975.0,975.0,205300
2026-02-23 09:50:00,975.0,980.0,975.0,975.0,392600
2026-02-23 09:55:00,980.0,980.0,975.0,980.0,94000
2026-02-23 10:00:00,980.0,980.0,975.0,980.0,134100
2026-02-23 10:05:00,980.0,980.0,975.0,980.0,204500
2026-02-23 10:10:00,975.0,980.0,975.0,980.0,178100
2026-02-23 10:15:00,975.0,985.0,975.0,985.0,987100
2026-02-23 10:20:00,980.0,985.0,975.0,980.0,254500
2026-02-23 10:25:00,980.0,985.0,975.0,985.0,301300
2026-02-23 10:30:00,980.0,985.0,980.0,985.0,204300
2026-02-23 10:35:00,980.0,985.0,975.0,985.0,215700
2026-02-23 10:40:00,980.0,985.0,980.0,980.0,178000
2026-02-23 10:45:00,980.0,985.0,980.0,985.0,159200
2026-02-23 10:50:00,980.0,985.0,980.0,985.0,100100
2026-02-23 10:55:00,985.0,985.0,980.0,985.0,166800
2026-02-23 11:00:00,980.0,985.0,980.0,985.0,288300
2026-02-23 11:05:00,980.0,985.0,980.0,985.0,110800
2026-02-23 11:10:00,985.0,985.0,980.0,980.0,139400
2026-02-23 11:15:00,980.0,985.0,980.0,985.0,486100
2026-02-23 11:20:00,985.0,985.0,975.0,980.0,571800
2026-02-23 11:25:00,975.0,980.0,975.0,975.0,86800
2026-02-23 11:30:00,980.0,980.0,975.0,980.0,83200
2026-02-23 11:35:00,975.0,980.0,975.0,980.0,146300
2026-02-23 11:40:00,980.0,980.0,975.0,980.0,57500
2026-02-23 11:45:00,980.0,985.0,975.0,985.0,695500
2026-02-23 11:50:00,980.0,985.0,980.0,980.0,251300
2026-02-23 11:55:00,980.0,985.0,980.0,985.0,73100
2026-02-23 13:30:00,985.0,985.0,980.0,985.0,625400
2026-02-23 13:35:00,985.0,985.0,980.0,985.0,57200
2026-02-23 13:40:00,985.0,985.0,980.0,985.0,35300
2026-02-23 13:45:00,985.0,985.0,980.0,985.0,234600
2026-02-23 13:50:00,985.0,985.0,980.0,985.0,119100
2026-02-23 13:55:00,980.0,985.0,980.0,985.0,153000
2026-02-23 14:00:00,980.0,985.0,980.0,985.0,188300
2026-02-23 14:05:00,980.0,985.0,980.0,985.0,312800
2026-02-23 14:10:00,980.0,985.0,980.0,985.0,301500
2026-02-23 14:15:00,980.0,985.0,980.0,985.0,634400
2026-02-23 14:20:00,985.0,990.0,980.0,990.0,1105400
2026-02-23 14:25:00,985.0,990.0,985.0,990.0,122100
2026-02-23 14:30:00,990.0,990.0,985.0,990.0,238700
2026-02-23 14:35:00,990.0,990.0,985.0,990.0,261200
2026-02-23 14:40:00,990.0,990.0,985.0,985.0,384900
2026-02-23 14:45:00,990.0,990.0,985.0,990.0,85700
2026-02-23 14:50:00,985.0,990.0,985.0,990.0,160700
2026-02-23 14:55:00,990.0,990.0,985.0,990.0,100500
2026-02-23 15:00:00,985.0,990.0,985.0,990.0,361400
2026-02-23 15:05:00,985.0,990.0,985.0,990.0,224500
2026-02-23 15:10:00,990.0,990.0,985.0,990.0,127100
2026-02-23 15:15:00,985.0,990.0,985.0,990.0,160000
2026-02-23 15:20:00,990.0,990.0,985.0,985.0,114600
2026-02-23 15:25:00,990.0,990.0,980.0,985.0,1097200
2026-02-23 15:30:00,980.0,985.0,980.0,985.0,177100
2026-02-23 15:35:00,985.0,985.0,980.0,985.0,251000
2026-02-23 15:40:00,980.0,985.0,980.0,985.0,303300
2026-02-23 15:45:00,980.0,985.0,980.0,985.0,523500
2026-02-23 16:00:00,990.0,990.0,990.0,990.0,2271400
2026-02-23 16:05:00,990.0,990.0,990.0,990.0,50000
2026-02-23 16:10:00,990.0,990.0,990.0,990.0,43600
2026-02-24 09:00:00,990.0,995.0,975.0,980.0,0
2026-02-24 09:05:00,980.0,985.0,975.0,975.0,468500
2026-02-24 09:10:00,975.0,980.0,975.0,980.0,501400
2026-02-24 09:15:00,975.0,975.0,970.0,970.0,637700
2026-02-24 09:20:00,970.0,980.0,970.0,975.0,347600
2026-02-24 09:25:00,975.0,980.0,970.0,975.0,787200
2026-02-24 09:30:00,975.0,975.0,970.0,975.0,704900
2026-02-24 09:35:00,975.0,980.0,970.0,975.0,652900
2026-02-24 09:40:00,975.0,975.0,970.0,970.0,423300
2026-02-24 09:45:00,975.0,975.0,970.0,970.0,465600
2026-02-24 09:50:00,975.0,975.0,970.0,975.0,398500
2026-02-24 09:55:00,975.0,975.0,970.0,970.0,373800
2026-02-24 10:00:00,970.0,975.0,970.0,975.0,260600
2026-02-24 10:05:00,975.0,975.0,970.0,970.0,390000
2026-02-24 10:10:00,970.0,975.0,970.0,970.0,175500
2026-02-24 10:15:00,970.0,970.0,965.0,965.0,3244300
2026-02-24 10:20:00,965.0,970.0,960.0,960.0,850400
2026-02-24 10:25:00,965.0,965.0,960.0,960.0,276800
2026-02-24 10:30:00,965.0,965.0,960.0,965.0,645300
2026-02-24 10:35:00,965.0,970.0,965.0,965.0,177100
2026-02-24 10:40:00,965.0,970.0,965.0,970.0,92600
2026-02-24 10:45:00,970.0,970.0,965.0,965.0,104600
2026-02-24 10:50:00,965.0,970.0,965.0,965.0,115500
2026-02-24 10:55:00,965.0,970.0,965.0,965.0,516800
2026-02-24 11:00:00,965.0,965.0,960.0,965.0,492900
2026-02-24 11:05:00,960.0,965.0,960.0,965.0,211700
2026-02-24 11:10:00,965.0,965.0,960.0,960.0,250000
2026-02-24 11:15:00,960.0,965.0,960.0,965.0,479500
2026-02-24 11:20:00,960.0,965.0,960.0,965.0,196500
2026-02-24 11:25:00,960.0,965.0,960.0,960.0,62800
2026-02-24 11:30:00,960.0,965.0,960.0,960.0,215700
2026-02-24 11:35:00,960.0,965.0,960.0,965.0,357300
2026-02-24 11:40:00,965.0,965.0,960.0,965.0,567400
2026-02-24 11:45:00,965.0,965.0,960.0,965.0,1332900
2026-02-24 11:50:00,960.0,965.0,960.0,960.0,15400
2026-02-24 11:55:00,965.0,965.0,960.0,960.0,121400
2026-02-24 13:30:00,965.0,965.0,955.0,955.0,1291000
2026-02-24 13:35:00,955.0,960.0,955.0,955.0,1075900
2026-02-24 13:40:00,955.0,960.0,950.0,950.0,3485500
2026-02-24 13:45:00,950.0,955.0,950.0,950.0,310600
2026-02-24 13:50:00,950.0,955.0,950.0,955.0,2172400
2026-02-24 13:55:00,950.0,955.0,950.0,950.0,281800
2026-02-24 14:00:00,955.0,955.0,950.0,955.0,469100
2026-02-24 14:05:00,955.0,955.0,950.0,955.0,254900
2026-02-24 14:10:00,955.0,955.0,950.0,950.0,1475900
2026-02-24 14:15:00,950.0,950.0,945.0,945.0,1477100
2026-02-24 14:20:00,950.0,950.0,935.0,935.0,2851400
2026-02-24 14:25:00,940.0,940.0,930.0,940.0,2156300
2026-02-24 14:30:00,940.0,945.0,935.0,945.0,1026000
2026-02-24 14:35:00,945.0,945.0,940.0,940.0,586100
2026-02-24 14:40:00,945.0,945.0,940.0,940.0,57800
2026-02-24 14:45:00,940.0,945.0,940.0,940.0,181000
2026-02-24 14:50:00,940.0,940.0,935.0,935.0,1094700
2026-02-24 14:55:00,935.0,940.0,930.0,935.0,2164100
2026-02-24 15:00:00,935.0,940.0,930.0,940.0,345900
2026-02-24 15:05:00,940.0,940.0,935.0,940.0,560100
2026-02-24 15:10:00,940.0,940.0,935.0,935.0,95900
2026-02-24 15:15:00,935.0,940.0,935.0,935.0,858500
2026-02-24 15:20:00,935.0,940.0,935.0,940.0,98500
2026-02-24 15:25:00,935.0,940.0,935.0,935.0,223300
2026-02-24 15:30:00,935.0,940.0,935.0,935.0,1187600
2026-02-24 15:35:00,935.0,935.0,930.0,930.0,961700
2026-02-24 15:40:00,930.0,930.0,925.0,930.0,2438400
2026-02-24 15:45:00,925.0,930.0,920.0,925.0,3702600
2026-02-24 16:00:00,925.0,925.0,925.0,925.0,3013200
2026-02-24 16:05:00,925.0,925.0,925.0,925.0,532400
2026-02-24 16:10:00,925.0,925.0,925.0,925.0,7700
2026-02-25 09:00:00,940.0,945.0,930.0,940.0,0
2026-02-25 09:05:00,940.0,940.0,935.0,935.0,355300
2026-02-25 09:10:00,940.0,940.0,935.0,940.0,670500
2026-02-25 09:15:00,940.0,940.0,935.0,935.0,427800
2026-02-25 09:20:00,935.0,940.0,910.0,920.0,3299800
2026-02-25 09:25:00,920.0,930.0,915.0,930.0,1258700
2026-02-25 09:30:00,930.0,935.0,925.0,930.0,400400
2026-02-25 09:35:00,930.0,930.0,920.0,920.0,894000
2026-02-25 09:40:00,925.0,925.0,920.0,920.0,288000
2026-02-25 09:45:00,925.0,925.0,920.0,920.0,417600
2026-02-25 09:50:00,915.0,925.0,915.0,925.0,685700
2026-02-25 09:55:00,925.0,930.0,925.0,930.0,622200
2026-02-25 10:00:00,930.0,935.0,925.0,935.0,914500
2026-02-25 10:05:00,935.0,935.0,930.0,935.0,311600
2026-02-25 10:10:00,935.0,935.0,930.0,930.0,136600
2026-02-25 10:15:00,935.0,935.0,930.0,935.0,32100
2026-02-25 10:20:00,930.0,935.0,930.0,930.0,351400
2026-02-25 10:25:00,930.0,930.0,925.0,925.0,981600
2026-02-25 10:30:00,930.0,930.0,920.0,920.0,1272400
2026-02-25 10:35:00,925.0,925.0,920.0,925.0,448900
2026-02-25 10:40:00,925.0,925.0,920.0,920.0,107700
2026-02-25 10:45:00,920.0,925.0,920.0,920.0,238400
2026-02-25 10:50:00,920.0,920.0,915.0,915.0,864900
2026-02-25 10:55:00,915.0,925.0,915.0,920.0,762000
2026-02-25 11:00:00,920.0,925.0,920.0,920.0,240800
2026-02-25 11:05:00,920.0,925.0,920.0,920.0,162500
2026-02-25 11:10:00,920.0,925.0,920.0,925.0,248200
2026-02-25 11:15:00,920.0,925.0,920.0,920.0,158400
2026-02-25 11:20:00,920.0,925.0,920.0,920.0,215300
2026-02-25 11:25:00,920.0,925.0,920.0,920.0,262000
2026-02-25 11:30:00,920.0,925.0,920.0,920.0,194900
2026-02-25 11:35:00,925.0,925.0,920.0,920.0,480800
2026-02-25 11:40:00,920.0,925.0,920.0,920.0,100000
2026-02-25 11:45:00,920.0,930.0,920.0,930.0,525400
2026-02-25 11:50:00,925.0,930.0,925.0,925.0,61000
2026-02-25 11:55:00,925.0,930.0,920.0,925.0,362000
2026-02-25 13:30:00,925.0,930.0,925.0,925.0,379700
2026-02-25 13:35:00,925.0,930.0,925.0,925.0,158200
2026-02-25 13:40:00,930.0,935.0,925.0,935.0,712100
2026-02-25 13:45:00,930.0,935.0,930.0,935.0,111600
2026-02-25 13:50:00,935.0,935.0,930.0,935.0,155000
2026-02-25 13:55:00,930.0,935.0,930.0,930.0,302200
2026-02-25 14:00:00,930.0,935.0,930.0,935.0,421200
2026-02-25 14:05:00,930.0,935.0,930.0,935.0,260500
2026-02-25 14:10:00,930.0,935.0,930.0,935.0,345600
2026-02-25 14:15:00,935.0,935.0,930.0,935.0,159600
2026-02-25 14:20:00,930.0,935.0,930.0,935.0,297500
2026-02-25 14:25:00,935.0,935.0,930.0,935.0,147900
2026-02-25 14:30:00,930.0,935.0,925.0,930.0,1063800
2026-02-25 14:35:00,925.0,930.0,925.0,925.0,38900
2026-02-25 14:40:00,925.0,930.0,925.0,925.0,120600
2026-02-25 14:45:00,925.0,935.0,925.0,935.0,765000
2026-02-25 14:50:00,935.0,935.0,930.0,930.0,335500
2026-02-25 14:55:00,930.0,940.0,930.0,935.0,448200
2026-02-25 15:00:00,935.0,940.0,935.0,935.0,552000
2026-02-25 15:05:00,935.0,940.0,935.0,935.0,274200
2026-02-25 15:10:00,935.0,935.0,930.0,930.0,231300
2026-02-25 15:15:00,930.0,935.0,930.0,930.0,200200
2026-02-25 15:20:00,930.0,930.0,925.0,925.0,198800
2026-02-25 15:25:00,925.0,930.0,925.0,925.0,1533800
2026-02-25 15:30:00,920.0,925.0,920.0,925.0,321800
2026-02-25 15:35:00,920.0,925.0,920.0,925.0,192400
2026-02-25 15:40:00,920.0,925.0,920.0,925.0,327900
2026-02-25 15:45:00,920.0,925.0,920.0,920.0,597800
2026-02-25 16:00:00,920.0,920.0,920.0,920.0,1625600
2026-02-25 16:05:00,920.0,920.0,920.0,920.0,50300
2026-02-25 16:10:00,920.0,920.0,920.0,920.0,9200
2026-02-26 09:00:00,925.0,930.0,920.0,925.0,0
2026-02-26 09:05:00,920.0,930.0,920.0,930.0,471600
2026-02-26 09:10:00,930.0,930.0,925.0,925.0,281800
2026-02-26 09:15:00,930.0,930.0,925.0,930.0,587900
2026-02-26 09:20:00,930.0,935.0,925.0,935.0,923900
2026-02-26 09:25:00,935.0,940.0,935.0,935.0,327200
2026-02-26 09:30:00,935.0,935.0,930.0,930.0,328200
2026-02-26 09:35:00,930.0,935.0,930.0,930.0,302600
2026-02-26 09:40:00,930.0,935.0,925.0,925.0,291000
2026-02-26 09:45:00,930.0,930.0,925.0,925.0,457700
2026-02-26 09:50:00,925.0,925.0,915.0,920.0,1927200
2026-02-26 09:55:00,920.0,920.0,900.0,910.0,3639500
2026-02-26 10:00:00,910.0,915.0,910.0,915.0,381900
2026-02-26 10:05:00,915.0,920.0,915.0,915.0,127500
2026-02-26 10:10:00,915.0,920.0,915.0,920.0,106500
2026-02-26 10:15:00,915.0,920.0,910.0,915.0,780900
2026-02-26 10:20:00,910.0,915.0,905.0,905.0,884700
2026-02-26 10:25:00,905.0,910.0,900.0,905.0,2754800
2026-02-26 10:30:00,910.0,910.0,905.0,905.0,738300
2026-02-26 10:35:00,905.0,910.0,905.0,905.0,10000
2026-02-26 10:40:00,910.0,915.0,905.0,910.0,700100
2026-02-26 10:45:00,910.0,915.0,905.0,905.0,410000
2026-02-26 10:50:00,910.0,910.0,905.0,905.0,404600
2026-02-26 10:55:00,910.0,910.0,905.0,905.0,215400
2026-02-26 11:00:00,905.0,910.0,905.0,905.0,162100
2026-02-26 11:05:00,910.0,910.0,905.0,910.0,75700
2026-02-26 11:10:00,910.0,910.0,905.0,905.0,261600
2026-02-26 11:15:00,905.0,910.0,905.0,905.0,192600
2026-02-26 11:20:00,905.0,910.0,905.0,905.0,54800
2026-02-26 11:25:00,905.0,910.0,905.0,910.0,145800
2026-02-26 11:30:00,910.0,910.0,905.0,905.0,47500
2026-02-26 11:35:00,905.0,910.0,905.0,905.0,105900
2026-02-26 11:40:00,905.0,910.0,905.0,905.0,47000
2026-02-26 11:45:00,905.0,910.0,900.0,905.0,666200
2026-02-26 11:50:00,905.0,910.0,905.0,910.0,335800
2026-02-26 11:55:00,910.0,910.0,905.0,910.0,162400
2026-02-26 13:30:00,905.0,910.0,900.0,905.0,490500
2026-02-26 13:35:00,905.0,910.0,900.0,910.0,284600
2026-02-26 13:40:00,905.0,905.0,900.0,900.0,212900
2026-02-26 13:45:00,905.0,905.0,900.0,905.0,141400
2026-02-26 13:50:00,905.0,905.0,900.0,905.0,542000
2026-02-26 13:55:00,905.0,905.0,900.0,905.0,663600
2026-02-26 14:00:00,905.0,905.0,900.0,905.0,331500
2026-02-26 14:05:00,905.0,905.0,900.0,905.0,765100
2026-02-26 14:10:00,900.0,905.0,895.0,895.0,2547200
2026-02-26 14:15:00,895.0,900.0,890.0,895.0,608200
2026-02-26 14:20:00,900.0,900.0,890.0,895.0,680300
2026-02-26 14:25:00,890.0,895.0,885.0,895.0,1795300
2026-02-26 14:30:00,895.0,900.0,890.0,900.0,1014300
2026-02-26 14:35:00,900.0,905.0,895.0,900.0,358700
2026-02-26 14:40:00,900.0,900.0,895.0,900.0,247400
2026-02-26 14:45:00,900.0,900.0,895.0,895.0,378700
2026-02-26 14:50:00,895.0,905.0,895.0,900.0,433800
2026-02-26 14:55:00,900.0,905.0,900.0,900.0,19300
2026-02-26 15:00:00,900.0,910.0,900.0,910.0,798100
2026-02-26 15:05:00,905.0,910.0,905.0,905.0,179100
2026-02-26 15:10:00,905.0,905.0,900.0,905.0,67000
2026-02-26 15:15:00,905.0,905.0,895.0,900.0,431400
2026-02-26 15:20:00,900.0,905.0,895.0,900.0,326700
2026-02-26 15:25:00,900.0,900.0,895.0,900.0,79400
2026-02-26 15:30:00,895.0,900.0,890.0,895.0,882000
2026-02-26 15:35:00,895.0,895.0,890.0,895.0,249000
2026-02-26 15:40:00,890.0,895.0,885.0,895.0,2867800
2026-02-26 15:45:00,895.0,900.0,890.0,895.0,363100
2026-02-26 16:00:00,900.0,900.0,900.0,900.0,631400
2026-02-26 16:05:00,900.0,900.0,900.0,900.0,113000
2026-02-26 16:10:00,900.0,900.0,900.0,900.0,33100
2026-02-27 09:00:00,885.0,890.0,880.0,890.0,0
2026-02-27 09:05:00,890.0,895.0,880.0,885.0,653500
2026-02-27 09:10:00,885.0,900.0,880.0,895.0,1008100
2026-02-27 09:15:00,895.0,895.0,880.0,890.0,1335600
2026-02-27 09:20:00,890.0,900.0,890.0,900.0,390100
2026-02-27 09:25:00,900.0,905.0,900.0,905.0,379800
2026-02-27 09:30:00,905.0,905.0,900.0,905.0,185800
2026-02-27 09:35:00,905.0,905.0,895.0,895.0,379600
2026-02-27 09:40:00,900.0,900.0,895.0,900.0,333500
2026-02-27 09:45:00,900.0,900.0,895.0,900.0,107200
2026-02-27 09:50:00,895.0,900.0,890.0,895.0,543100
2026-02-27 09:55:00,895.0,895.0,890.0,890.0,276900
2026-02-27 10:00:00,890.0,895.0,890.0,890.0,78700
2026-02-27 10:05:00,890.0,895.0,890.0,890.0,198800
2026-02-27 10:10:00,890.0,895.0,890.0,890.0,78500
2026-02-27 10:15:00,890.0,895.0,885.0,885.0,876400
2026-02-27 10:20:00,885.0,900.0,885.0,900.0,942700
2026-02-27 10:25:00,900.0,900.0,895.0,900.0,70600
2026-02-27 10:30:00,900.0,900.0,895.0,900.0,165800
2026-02-27 10:35:00,900.0,900.0,895.0,895.0,324500
2026-02-27 10:40:00,900.0,900.0,895.0,900.0,172800
2026-02-27 10:45:00,900.0,900.0,895.0,900.0,215100
2026-02-27 10:50:00,900.0,905.0,900.0,905.0,102900
2026-02-27 10:55:00,905.0,905.0,900.0,900.0,530000
2026-02-27 11:00:00,900.0,900.0,890.0,895.0,305400
2026-02-27 11:05:00,895.0,900.0,890.0,895.0,151100
2026-02-27 11:10:00,900.0,900.0,900.0,900.0,10500
2026-02-27 11:15:00,895.0,900.0,890.0,900.0,153400
2026-02-27 11:20:00,895.0,900.0,890.0,890.0,64000
2026-02-27 11:25:00,895.0,900.0,890.0,895.0,260500
2026-02-27 14:00:00,895.0,900.0,885.0,885.0,1182200
2026-02-27 14:05:00,890.0,890.0,885.0,885.0,345300
2026-02-27 14:10:00,885.0,890.0,885.0,885.0,888800
2026-02-27 14:15:00,890.0,890.0,880.0,885.0,848100
2026-02-27 14:20:00,890.0,890.0,880.0,885.0,561800
2026-02-27 14:25:00,885.0,885.0,880.0,880.0,470000
2026-02-27 14:30:00,880.0,885.0,880.0,885.0,335000
2026-02-27 14:35:00,885.0,885.0,880.0,880.0,251700
2026-02-27 14:40:00,880.0,885.0,880.0,880.0,581800
2026-02-27 14:45:00,880.0,885.0,880.0,880.0,512300
2026-02-27 14:50:00,885.0,885.0,880.0,885.0,209900
2026-02-27 14:55:00,880.0,885.0,875.0,875.0,1466300
2026-02-27 15:00:00,880.0,885.0,880.0,880.0,1225500
2026-02-27 15:05:00,885.0,890.0,885.0,885.0,807300
2026-02-27 15:10:00,885.0,890.0,880.0,885.0,666900
2026-02-27 15:15:00,890.0,895.0,885.0,895.0,1403900
2026-02-27 15:20:00,895.0,895.0,890.0,895.0,1056200
2026-02-27 15:25:00,900.0,900.0,890.0,895.0,1476400
2026-02-27 15:30:00,900.0,900.0,890.0,900.0,1015000
2026-02-27 15:35:00,900.0,900.0,890.0,895.0,814700
2026-02-27 15:40:00,895.0,895.0,890.0,890.0,784600
2026-02-27 15:45:00,895.0,900.0,890.0,895.0,810000
2026-02-27 16:00:00,890.0,890.0,890.0,890.0,4932200
2026-02-27 16:05:00,890.0,890.0,890.0,890.0,0
2026-02-27 16:10:00,890.0,890.0,890.0,890.0,29900
2026-03-02 09:00:00,865.0,870.0,850.0,865.0,0
2026-03-02 09:05:00,865.0,875.0,865.0,865.0,2713200
2026-03-02 09:10:00,865.0,865.0,850.0,850.0,2007100
2026-03-02 09:15:00,855.0,855.0,845.0,845.0,2016300
2026-03-02 09:20:00,850.0,860.0,845.0,860.0,1129100
2026-03-02 09:25:00,855.0,860.0,855.0,860.0,310200
2026-03-02 09:30:00,855.0,860.0,855.0,860.0,264800
2026-03-02 09:35:00,855.0,860.0,855.0,860.0,332500
2026-03-02 09:40:00,860.0,860.0,855.0,860.0,1063800
2026-03-02 09:45:00,855.0,860.0,850.0,850.0,1686400
2026-03-02 09:50:00,855.0,860.0,850.0,855.0,596000
2026-03-02 09:55:00,855.0,860.0,855.0,860.0,249000
2026-03-02 10:00:00,855.0,855.0,850.0,855.0,771000
2026-03-02 10:05:00,855.0,860.0,855.0,855.0,657200
2026-03-02 10:10:00,860.0,860.0,855.0,855.0,381000
2026-03-02 10:15:00,855.0,855.0,850.0,850.0,571400
2026-03-02 10:20:00,855.0,855.0,850.0,855.0,300000
2026-03-02 10:25:00,855.0,855.0,850.0,855.0,227300
2026-03-02 10:30:00,855.0,855.0,850.0,855.0,324700
2026-03-02 10:35:00,855.0,855.0,850.0,855.0,609000
2026-03-02 10:40:00,850.0,855.0,845.0,845.0,2977600
2026-03-02 10:45:00,845.0,850.0,840.0,845.0,1153900
2026-03-02 10:50:00,845.0,845.0,840.0,845.0,398300
2026-03-02 10:55:00,840.0,845.0,840.0,845.0,191200
2026-03-02 11:00:00,845.0,845.0,840.0,845.0,1181000
2026-03-02 11:05:00,840.0,845.0,840.0,845.0,180300
2026-03-02 11:10:00,840.0,850.0,840.0,845.0,201400
2026-03-02 11:15:00,845.0,850.0,845.0,850.0,364500
2026-03-02 11:20:00,850.0,855.0,845.0,855.0,572700
2026-03-02 11:25:00,855.0,855.0,850.0,850.0,46300
2026-03-02 11:30:00,850.0,860.0,850.0,855.0,934700
2026-03-02 11:35:00,855.0,860.0,855.0,860.0,285300
2026-03-02 11:40:00,855.0,860.0,855.0,855.0,214800
2026-03-02 11:45:00,850.0,855.0,850.0,850.0,26200
2026-03-02 11:50:00,850.0,855.0,850.0,850.0,61300
2026-03-02 11:55:00,855.0,855.0,850.0,850.0,146300
2026-03-02 13:30:00,850.0,860.0,850.0,855.0,460400
2026-03-02 13:35:00,855.0,855.0,855.0,855.0,163200
2026-03-02 13:40:00,855.0,855.0,850.0,855.0,126300
2026-03-02 13:45:00,855.0,855.0,850.0,850.0,114500
2026-03-02 13:50:00,850.0,855.0,850.0,850.0,362600
2026-03-02 13:55:00,850.0,855.0,845.0,845.0,1445000
2026-03-02 14:00:00,850.0,850.0,840.0,840.0,1561200
2026-03-02 14:05:00,840.0,845.0,840.0,840.0,829100
2026-03-02 14:10:00,840.0,845.0,835.0,835.0,894100
2026-03-02 14:15:00,840.0,845.0,835.0,840.0,563000
2026-03-02 14:20:00,840.0,840.0,835.0,835.0,1706200
2026-03-02 14:25:00,840.0,840.0,835.0,835.0,361100
2026-03-02 14:30:00,835.0,840.0,830.0,835.0,919200
2026-03-02 14:35:00,840.0,840.0,830.0,835.0,540100
2026-03-02 14:40:00,835.0,840.0,835.0,835.0,158700
2026-03-02 14:45:00,835.0,840.0,835.0,835.0,444900
2026-03-02 14:50:00,835.0,840.0,835.0,835.0,198600
2026-03-02 14:55:00,835.0,840.0,835.0,835.0,468400
2026-03-02 15:00:00,835.0,840.0,835.0,840.0,1297400
2026-03-02 15:05:00,840.0,840.0,835.0,835.0,83800
2026-03-02 15:10:00,835.0,840.0,835.0,835.0,505100
2026-03-02 15:15:00,835.0,840.0,835.0,835.0,734300
2026-03-02 15:20:00,835.0,840.0,835.0,835.0,667800
2026-03-02 15:25:00,835.0,840.0,835.0,835.0,642900
2026-03-02 15:30:00,835.0,840.0,835.0,835.0,1051700
2026-03-02 15:35:00,835.0,840.0,835.0,835.0,1456600
2026-03-02 15:40:00,835.0,840.0,830.0,830.0,932200
2026-03-02 15:45:00,830.0,835.0,830.0,830.0,2252600
2026-03-02 16:00:00,830.0,830.0,830.0,830.0,1587100
2026-03-02 16:05:00,830.0,830.0,830.0,830.0,99600
2026-03-02 16:10:00,830.0,830.0,830.0,830.0,16300
2026-03-03 09:00:00,840.0,845.0,825.0,830.0,0
2026-03-03 09:05:00,835.0,845.0,830.0,840.0,964400
2026-03-03 09:10:00,840.0,850.0,835.0,850.0,690400
2026-03-03 09:15:00,845.0,850.0,840.0,840.0,294300
2026-03-03 09:20:00,840.0,845.0,835.0,835.0,227900
2026-03-03 09:25:00,835.0,840.0,835.0,835.0,656100
2026-03-03 09:30:00,840.0,840.0,835.0,840.0,141300
2026-03-03 09:35:00,835.0,840.0,830.0,830.0,856400
2026-03-03 09:40:00,830.0,835.0,825.0,835.0,1774200
2026-03-03 09:45:00,835.0,835.0,830.0,830.0,216000
2026-03-03 09:50:00,830.0,835.0,830.0,830.0,186600
2026-03-03 09:55:00,830.0,835.0,830.0,830.0,217900
2026-03-03 10:00:00,830.0,835.0,825.0,830.0,2903500
2026-03-03 10:05:00,830.0,835.0,825.0,830.0,401000
2026-03-03 10:10:00,825.0,830.0,825.0,830.0,722800
2026-03-03 10:15:00,825.0,830.0,825.0,825.0,143900
2026-03-03 10:20:00,825.0,830.0,825.0,830.0,414100
2026-03-03 10:25:00,830.0,830.0,825.0,830.0,122600
2026-03-03 10:30:00,830.0,830.0,825.0,825.0,34300
2026-03-03 10:35:00,825.0,830.0,825.0,825.0,1311900
2026-03-03 10:40:00,825.0,830.0,820.0,820.0,615100
2026-03-03 10:45:00,820.0,825.0,820.0,820.0,406800
2026-03-03 10:50:00,820.0,825.0,815.0,820.0,637900
2026-03-03 10:55:00,825.0,825.0,820.0,825.0,276400
2026-03-03 11:00:00,825.0,825.0,820.0,820.0,183500
2026-03-03 11:05:00,825.0,830.0,820.0,825.0,533800
2026-03-03 11:10:00,830.0,830.0,825.0,825.0,292700
2026-03-03 11:15:00,825.0,825.0,820.0,825.0,232600
2026-03-03 11:20:00,825.0,825.0,820.0,825.0,53900
2026-03-03 11:25:00,820.0,825.0,815.0,815.0,1440300
2026-03-03 11:30:00,820.0,830.0,820.0,825.0,111900
2026-03-03 11:35:00,830.0,830.0,825.0,830.0,604200
2026-03-03 11:40:00,830.0,830.0,825.0,830.0,38800
2026-03-03 11:45:00,830.0,830.0,825.0,830.0,38000
2026-03-03 11:50:00,830.0,830.0,825.0,830.0,97900
2026-03-03 11:55:00,830.0,835.0,825.0,835.0,494300
2026-03-03 13:30:00,830.0,835.0,825.0,830.0,172300
2026-03-03 13:35:00,830.0,830.0,825.0,825.0,654500
2026-03-03 13:40:00,825.0,830.0,820.0,830.0,338200
2026-03-03 13:45:00,830.0,830.0,825.0,830.0,51800
2026-03-03 13:50:00,830.0,830.0,825.0,830.0,94900
2026-03-03 13:55:00,830.0,830.0,820.0,825.0,419100
2026-03-03 14:00:00,820.0,825.0,810.0,815.0,1970400
2026-03-03 14:05:00,815.0,820.0,810.0,815.0,648500
2026-03-03 14:10:00,815.0,815.0,810.0,815.0,233400
2026-03-03 14:15:00,815.0,815.0,810.0,815.0,421200
2026-03-03 14:20:00,815.0,815.0,805.0,810.0,1520300
2026-03-03 14:25:00,810.0,820.0,805.0,820.0,1245300
2026-03-03 14:30:00,815.0,825.0,815.0,815.0,684700
2026-03-03 14:35:00,820.0,830.0,820.0,825.0,773000
2026-03-03 14:40:00,825.0,825.0,820.0,825.0,338900
2026-03-03 14:45:00,825.0,825.0,820.0,820.0,382900
2026-03-03 14:50:00,825.0,825.0,820.0,825.0,114500
2026-03-03 14:55:00,825.0,825.0,820.0,820.0,235200
2026-03-03 15:00:00,820.0,825.0,820.0,820.0,120700
2026-03-03 15:05:00,825.0,825.0,820.0,820.0,197700
2026-03-03 15:10:00,825.0,825.0,820.0,820.0,113700
2026-03-03 15:15:00,825.0,830.0,820.0,820.0,1246800
2026-03-03 15:20:00,825.0,825.0,820.0,820.0,717600
2026-03-03 15:25:00,825.0,825.0,820.0,825.0,1476600
2026-03-03 15:30:00,825.0,830.0,825.0,830.0,410300
2026-03-03 15:35:00,830.0,830.0,815.0,815.0,3450900
2026-03-03 15:40:00,815.0,820.0,810.0,815.0,728500
2026-03-03 15:45:00,815.0,820.0,815.0,815.0,637800
2026-03-03 16:00:00,820.0,820.0,820.0,820.0,987900
2026-03-03 16:05:00,820.0,820.0,820.0,820.0,33500
2026-03-03 16:10:00,820.0,820.0,820.0,820.0,1900
2026-03-04 09:00:00,805.0,810.0,795.0,810.0,0
2026-03-04 09:05:00,810.0,810.0,800.0,805.0,1438100
2026-03-04 09:10:00,805.0,810.0,800.0,805.0,762500
2026-03-04 09:15:00,805.0,805.0,790.0,795.0,1169200
2026-03-04 09:20:00,795.0,795.0,780.0,790.0,3244800
2026-03-04 09:25:00,795.0,795.0,790.0,790.0,654400
2026-03-04 09:30:00,790.0,800.0,790.0,795.0,533100
2026-03-04 09:35:00,795.0,800.0,790.0,790.0,754700
2026-03-04 09:40:00,790.0,795.0,785.0,790.0,592200
2026-03-04 09:45:00,790.0,790.0,785.0,790.0,401300
2026-03-04 09:50:00,790.0,790.0,785.0,785.0,946200
2026-03-04 09:55:00,785.0,785.0,780.0,780.0,2238500
2026-03-04 10:00:00,780.0,780.0,770.0,775.0,2766900
2026-03-04 10:05:00,780.0,785.0,775.0,780.0,598100
2026-03-04 10:10:00,780.0,780.0,770.0,780.0,1105400
2026-03-04 10:15:00,775.0,780.0,770.0,780.0,497500
2026-03-04 10:20:00,780.0,780.0,765.0,770.0,1687900
2026-03-04 10:25:00,770.0,770.0,765.0,765.0,2002900
2026-03-04 10:30:00,770.0,780.0,765.0,775.0,942500
2026-03-04 10:35:00,780.0,780.0,775.0,780.0,592500
2026-03-04 10:40:00,785.0,785.0,775.0,785.0,559100
2026-03-04 10:45:00,785.0,785.0,780.0,780.0,227700
2026-03-04 10:50:00,780.0,785.0,775.0,780.0,459200
2026-03-04 10:55:00,780.0,785.0,780.0,785.0,107400
2026-03-04 11:00:00,780.0,790.0,775.0,780.0,1259700
2026-03-04 11:05:00,785.0,785.0,775.0,780.0,353100
2026-03-04 11:10:00,780.0,785.0,780.0,785.0,150700
2026-03-04 11:15:00,780.0,785.0,780.0,785.0,140900
2026-03-04 11:20:00,785.0,785.0,780.0,785.0,514200
2026-03-04 11:25:00,780.0,785.0,780.0,780.0,217600
2026-03-04 11:30:00,780.0,785.0,770.0,770.0,855500
2026-03-04 11:35:00,770.0,775.0,770.0,770.0,130600
2026-03-04 11:40:00,770.0,775.0,770.0,775.0,385700
2026-03-04 11:45:00,775.0,780.0,770.0,770.0,222600
2026-03-04 11:50:00,770.0,780.0,770.0,770.0,952700
2026-03-04 11:55:00,770.0,775.0,770.0,770.0,215100
2026-03-04 13:30:00,770.0,775.0,765.0,770.0,1114000
2026-03-04 13:35:00,765.0,775.0,765.0,775.0,540000
2026-03-04 13:40:00,770.0,775.0,770.0,770.0,307500
2026-03-04 13:45:00,770.0,770.0,765.0,765.0,53200
2026-03-04 13:50:00,765.0,775.0,765.0,770.0,267200
2026-03-04 13:55:00,770.0,770.0,765.0,770.0,156800
2026-03-04 14:00:00,765.0,770.0,765.0,765.0,169400
2026-03-04 14:05:00,765.0,770.0,760.0,760.0,860200
2026-03-04 14:10:00,765.0,765.0,760.0,765.0,490800
2026-03-04 14:15:00,760.0,765.0,760.0,760.0,1160900
2026-03-04 14:20:00,760.0,765.0,760.0,760.0,590200
2026-03-04 14:25:00,760.0,770.0,760.0,770.0,460900
2026-03-04 14:30:00,765.0,770.0,760.0,770.0,347900
2026-03-04 14:35:00,765.0,770.0,765.0,765.0,169200
2026-03-04 14:40:00,765.0,770.0,765.0,765.0,1005700
2026-03-04 14:45:00,770.0,780.0,765.0,780.0,1362800
2026-03-04 14:50:00,785.0,785.0,780.0,780.0,1314800
2026-03-04 14:55:00,780.0,780.0,775.0,775.0,332600
2026-03-04 15:00:00,780.0,790.0,775.0,785.0,1664600
2026-03-04 15:05:00,780.0,780.0,775.0,775.0,316400
2026-03-04 15:10:00,775.0,780.0,765.0,770.0,548400
2026-03-04 15:15:00,775.0,775.0,770.0,775.0,671500
2026-03-04 15:20:00,775.0,775.0,770.0,770.0,680800
2026-03-04 15:25:00,770.0,770.0,765.0,765.0,844500
2026-03-04 15:30:00,765.0,775.0,765.0,770.0,627600
2026-03-04 15:35:00,770.0,775.0,770.0,770.0,758700
2026-03-04 15:40:00,770.0,780.0,770.0,770.0,658900
2026-03-04 15:45:00,770.0,775.0,770.0,775.0,517200
2026-03-04 16:00:00,780.0,780.0,780.0,780.0,2636500
2026-03-04 16:05:00,780.0,780.0,780.0,780.0,9900
2026-03-04 16:10:00,780.0,780.0,780.0,780.0,16800
2026-03-05 09:00:00,790.0,805.0,790.0,805.0,0
2026-03-05 09:05:00,800.0,805.0,780.0,790.0,6436400
2026-03-05 09:10:00,790.0,795.0,785.0,790.0,351400
2026-03-05 09:15:00,790.0,800.0,790.0,800.0,1559900
2026-03-05 09:20:00,800.0,800.0,790.0,795.0,540400
2026-03-05 09:25:00,795.0,795.0,785.0,795.0,697800
2026-03-05 09:30:00,790.0,800.0,790.0,800.0,420800
2026-03-05 09:35:00,800.0,800.0,795.0,795.0,42400
2026-03-05 09:40:00,800.0,800.0,795.0,795.0,17900
2026-03-05 09:45:00,795.0,800.0,790.0,790.0,699400
2026-03-05 09:50:00,790.0,795.0,790.0,795.0,77400
2026-03-05 09:55:00,795.0,795.0,790.0,790.0,209100
2026-03-05 10:00:00,790.0,795.0,790.0,790.0,105900
2026-03-05 10:05:00,790.0,800.0,790.0,795.0,649100
2026-03-05 10:10:00,795.0,800.0,795.0,795.0,350300
2026-03-05 10:15:00,795.0,800.0,790.0,795.0,111200
2026-03-05 10:20:00,795.0,795.0,785.0,790.0,904100
2026-03-05 10:25:00,785.0,790.0,785.0,790.0,118500
2026-03-05 10:30:00,785.0,790.0,785.0,790.0,42100
2026-03-05 10:35:00,785.0,790.0,785.0,785.0,46300
2026-03-05 10:40:00,785.0,790.0,785.0,785.0,76800
2026-03-05 10:45:00,785.0,790.0,785.0,790.0,416300
2026-03-05 10:50:00,785.0,785.0,780.0,785.0,646700
2026-03-05 10:55:00,785.0,790.0,785.0,785.0,19500
2026-03-05 11:00:00,785.0,790.0,785.0,790.0,56000
2026-03-05 11:05:00,790.0,790.0,785.0,790.0,8500
2026-03-05 11:10:00,790.0,790.0,785.0,785.0,46500
2026-03-05 11:15:00,785.0,790.0,785.0,785.0,146500
2026-03-05 11:20:00,785.0,790.0,785.0,790.0,435400
2026-03-05 11:25:00,790.0,790.0,785.0,790.0,97800
2026-03-05 11:30:00,790.0,795.0,790.0,790.0,101400
2026-03-05 11:35:00,790.0,790.0,785.0,790.0,23100
2026-03-05 11:40:00,790.0,790.0,785.0,785.0,100900
2026-03-05 11:45:00,790.0,790.0,785.0,790.0,56900
2026-03-05 11:50:00,790.0,790.0,785.0,790.0,26000
2026-03-05 11:55:00,785.0,790.0,785.0,785.0,23500
2026-03-05 13:30:00,790.0,790.0,780.0,780.0,1615800
2026-03-05 13:35:00,775.0,780.0,775.0,775.0,786600
2026-03-05 13:40:00,780.0,785.0,775.0,780.0,372400
2026-03-05 13:45:00,780.0,785.0,775.0,780.0,1217100
2026-03-05 13:50:00,780.0,780.0,775.0,775.0,244800
2026-03-05 13:55:00,775.0,785.0,775.0,780.0,340000
2026-03-05 14:00:00,780.0,785.0,780.0,780.0,142700
2026-03-05 14:05:00,785.0,785.0,780.0,785.0,302900
2026-03-05 14:10:00,785.0,785.0,775.0,775.0,324700
2026-03-05 14:15:00,775.0,780.0,775.0,780.0,153300
2026-03-05 14:20:00,780.0,780.0,775.0,780.0,179000
2026-03-05 14:25:00,775.0,780.0,775.0,775.0,426800
2026-03-05 14:30:00,775.0,780.0,775.0,775.0,64100
2026-03-05 14:35:00,775.0,780.0,775.0,780.0,166900
2026-03-05 14:40:00,775.0,780.0,770.0,775.0,884400
2026-03-05 14:45:00,775.0,780.0,775.0,780.0,69400
2026-03-05 14:50:00,775.0,780.0,775.0,775.0,75800
2026-03-05 14:55:00,775.0,780.0,775.0,775.0,462800
2026-03-05 15:00:00,775.0,780.0,775.0,775.0,622800
2026-03-05 15:05:00,775.0,780.0,775.0,775.0,85900
2026-03-05 15:10:00,775.0,780.0,775.0,775.0,97700
2026-03-05 15:15:00,775.0,780.0,775.0,775.0,103900
2026-03-05 15:20:00,775.0,780.0,775.0,775.0,202900
2026-03-05 15:25:00,775.0,780.0,770.0,780.0,308700
2026-03-05 15:30:00,775.0,780.0,765.0,770.0,2576600
2026-03-05 15:35:00,765.0,780.0,765.0,775.0,1216500
2026-03-05 15:40:00,775.0,775.0,770.0,770.0,397800
2026-03-05 15:45:00,770.0,775.0,770.0,770.0,366800
2026-03-05 16:00:00,770.0,770.0,770.0,770.0,1978700
2026-03-05 16:05:00,770.0,770.0,770.0,770.0,1900
2026-03-05 16:10:00,770.0,770.0,770.0,770.0,30100
2026-03-06 09:00:00,765.0,770.0,755.0,765.0,0
2026-03-06 09:05:00,760.0,765.0,760.0,765.0,144800
2026-03-06 09:10:00,765.0,765.0,755.0,755.0,1034100
2026-03-06 09:15:00,755.0,760.0,750.0,760.0,825300
2026-03-06 09:20:00,760.0,760.0,755.0,760.0,112600
2026-03-06 09:25:00,760.0,765.0,755.0,755.0,137400
2026-03-06 09:30:00,760.0,760.0,750.0,750.0,237800
2026-03-06 09:35:00,755.0,760.0,755.0,755.0,513000
2026-03-06 09:40:00,750.0,755.0,745.0,745.0,748500
2026-03-06 09:45:00,745.0,750.0,740.0,750.0,1249300
2026-03-06 09:50:00,750.0,750.0,745.0,750.0,514100
2026-03-06 09:55:00,750.0,755.0,745.0,750.0,417600
2026-03-06 10:00:00,750.0,755.0,745.0,745.0,241000
2026-03-06 10:05:00,745.0,750.0,745.0,750.0,244400
2026-03-06 10:10:00,750.0,750.0,740.0,740.0,1236200
2026-03-06 10:15:00,740.0,745.0,735.0,735.0,1580900
2026-03-06 10:20:00,740.0,740.0,725.0,725.0,1385000
2026-03-06 10:25:00,730.0,735.0,725.0,735.0,1231700
2026-03-06 10:30:00,740.0,740.0,735.0,735.0,759500
2026-03-06 10:35:00,740.0,740.0,725.0,730.0,1286800
2026-03-06 10:40:00,730.0,740.0,730.0,735.0,905900
2026-03-06 10:45:00,740.0,745.0,735.0,740.0,1095800
2026-03-06 10:50:00,745.0,745.0,735.0,735.0,345700
2026-03-06 10:55:00,740.0,740.0,735.0,740.0,180400
2026-03-06 11:00:00,740.0,740.0,735.0,740.0,219200
2026-03-06 11:05:00,740.0,740.0,735.0,735.0,1450000
2026-03-06 11:10:00,735.0,740.0,735.0,735.0,208300
2026-03-06 11:15:00,735.0,740.0,735.0,735.0,361300
2026-03-06 11:20:00,735.0,740.0,735.0,740.0,0
2026-03-06 11:25:00,735.0,735.0,730.0,735.0,368300
2026-03-06 14:00:00,735.0,745.0,730.0,735.0,1130700
2026-03-06 14:05:00,740.0,745.0,735.0,745.0,460900
2026-03-06 14:10:00,745.0,745.0,740.0,740.0,755800
2026-03-06 14:15:00,740.0,745.0,740.0,745.0,210200
2026-03-06 14:20:00,745.0,745.0,740.0,740.0,530900
2026-03-06 14:25:00,745.0,745.0,740.0,745.0,493800
2026-03-06 14:30:00,745.0,750.0,740.0,745.0,351100
2026-03-06 14:35:00,745.0,745.0,740.0,740.0,749200
2026-03-06 14:40:00,745.0,750.0,745.0,745.0,311300
2026-03-06 14:45:00,745.0,745.0,740.0,745.0,522400
2026-03-06 14:50:00,745.0,745.0,740.0,740.0,255800
2026-03-06 14:55:00,740.0,745.0,740.0,745.0,307000
2026-03-06 15:00:00,740.0,745.0,740.0,740.0,187100
2026-03-06 15:05:00,740.0,745.0,740.0,740.0,182600
2026-03-06 15:10:00,745.0,745.0,740.0,745.0,228200
2026-03-06 15:15:00,740.0,745.0,740.0,745.0,302700
2026-03-06 15:20:00,745.0,745.0,740.0,745.0,16700
2026-03-06 15:25:00,745.0,745.0,735.0,735.0,1106400
2026-03-06 15:30:00,740.0,740.0,735.0,740.0,1771400
2026-03-06 15:35:00,740.0,740.0,735.0,735.0,272500
2026-03-06 15:40:00,735.0,740.0,735.0,740.0,1634700
2026-03-06 15:45:00,735.0,740.0,730.0,740.0,1148200
2026-03-06 16:00:00,735.0,735.0,735.0,735.0,2091900
2026-03-06 16:05:00,735.0,735.0,735.0,735.0,0
2026-03-06 16:10:00,735.0,735.0,735.0,735.0,26200
2026-03-09 09:00:00,675.0,695.0,665.0,675.0,0
2026-03-09 09:05:00,670.0,675.0,665.0,670.0,1914900
2026-03-09 09:10:00,670.0,670.0,660.0,670.0,2273100
2026-03-09 09:15:00,670.0,685.0,665.0,685.0,2152600
2026-03-09 09:20:00,685.0,690.0,680.0,685.0,835500
2026-03-09 09:25:00,690.0,690.0,675.0,680.0,1883000
2026-03-09 09:30:00,680.0,690.0,680.0,685.0,1666000
2026-03-09 09:35:00,680.0,690.0,675.0,685.0,1063200
2026-03-09 09:40:00,690.0,690.0,685.0,685.0,2434100
2026-03-09 09:45:00,690.0,700.0,685.0,700.0,335900
2026-03-09 09:50:00,700.0,705.0,695.0,700.0,1510100
2026-03-09 09:55:00,700.0,705.0,695.0,700.0,1199400
2026-03-09 10:00:00,700.0,705.0,695.0,700.0,865300
2026-03-09 10:05:00,705.0,705.0,700.0,700.0,234400
2026-03-09 10:10:00,700.0,700.0,690.0,695.0,492600
2026-03-09 10:15:00,695.0,700.0,690.0,690.0,448100
2026-03-09 10:20:00,695.0,700.0,690.0,690.0,309700
2026-03-09 10:25:00,690.0,695.0,690.0,695.0,87400
2026-03-09 10:30:00,695.0,700.0,695.0,695.0,87300
2026-03-09 10:35:00,700.0,705.0,695.0,700.0,368300
2026-03-09 10:40:00,705.0,710.0,700.0,710.0,465300
2026-03-09 10:45:00,710.0,710.0,705.0,710.0,254800
2026-03-09 10:50:00,705.0,710.0,695.0,705.0,513500
2026-03-09 10:55:00,705.0,705.0,700.0,700.0,501400
2026-03-09 11:00:00,700.0,705.0,695.0,705.0,1428100
2026-03-09 11:05:00,710.0,710.0,705.0,705.0,457300
2026-03-09 11:10:00,705.0,715.0,705.0,710.0,577700
2026-03-09 11:15:00,715.0,720.0,715.0,715.0,817900
2026-03-09 11:20:00,715.0,715.0,710.0,710.0,179000
2026-03-09 11:25:00,715.0,715.0,705.0,715.0,629300
2026-03-09 11:30:00,710.0,710.0,710.0,710.0,1096000
2026-03-09 11:35:00,715.0,715.0,705.0,705.0,2355600
2026-03-09 11:40:00,705.0,710.0,700.0,705.0,1031300
2026-03-09 11:45:00,710.0,710.0,700.0,700.0,1580000
2026-03-09 11:50:00,705.0,710.0,700.0,710.0,259700
2026-03-09 11:55:00,710.0,715.0,710.0,710.0,142500
2026-03-09 13:30:00,710.0,725.0,700.0,715.0,3211100
2026-03-09 13:35:00,720.0,725.0,715.0,720.0,368700
2026-03-09 13:40:00,720.0,730.0,720.0,730.0,713400
2026-03-09 13:45:00,730.0,735.0,730.0,730.0,895400
2026-03-09 13:50:00,730.0,730.0,725.0,725.0,368200
2026-03-09 13:55:00,725.0,730.0,720.0,725.0,656000
2026-03-09 14:00:00,720.0,725.0,715.0,720.0,196500
2026-03-09 14:05:00,715.0,720.0,715.0,715.0,63000
2026-03-09 14:10:00,715.0,720.0,710.0,715.0,290900
2026-03-09 14:15:00,715.0,720.0,715.0,720.0,368800
2026-03-09 14:20:00,715.0,720.0,710.0,715.0,258400
2026-03-09 14:25:00,715.0,720.0,710.0,720.0,92700
2026-03-09 14:30:00,715.0,720.0,715.0,720.0,185000
2026-03-09 14:35:00,715.0,720.0,715.0,720.0,232500
2026-03-09 14:40:00,715.0,720.0,715.0,720.0,46500
2026-03-09 14:45:00,715.0,720.0,715.0,720.0,431200
2026-03-09 14:50:00,715.0,715.0,705.0,715.0,561000
2026-03-09 14:55:00,710.0,715.0,710.0,715.0,56200
2026-03-09 15:00:00,715.0,715.0,710.0,715.0,57900
2026-03-09 15:05:00,710.0,715.0,710.0,715.0,100700
2026-03-09 15:10:00,715.0,715.0,710.0,710.0,38100
2026-03-09 15:15:00,710.0,710.0,705.0,710.0,322500
2026-03-09 15:20:00,710.0,710.0,700.0,705.0,834200
2026-03-09 15:25:00,705.0,705.0,700.0,705.0,313300
2026-03-09 15:30:00,705.0,710.0,705.0,710.0,644000
2026-03-09 15:35:00,710.0,715.0,705.0,710.0,504600
2026-03-09 15:40:00,710.0,710.0,705.0,705.0,141500
2026-03-09 15:45:00,705.0,715.0,705.0,705.0,588700
2026-03-09 16:00:00,705.0,705.0,705.0,705.0,2248400
2026-03-09 16:05:00,705.0,705.0,705.0,705.0,45400
2026-03-09 16:10:00,705.0,705.0,705.0,705.0,61500
2026-03-10 09:00:00,725.0,745.0,725.0,740.0,0
2026-03-10 09:05:00,740.0,740.0,730.0,730.0,652800
2026-03-10 09:10:00,735.0,735.0,730.0,735.0,481400
2026-03-10 09:15:00,735.0,745.0,735.0,740.0,1819700
2026-03-10 09:20:00,745.0,745.0,735.0,740.0,512500
2026-03-10 09:25:00,735.0,740.0,730.0,730.0,469100
2026-03-10 09:30:00,735.0,735.0,720.0,720.0,1319900
2026-03-10 09:35:00,720.0,730.0,720.0,730.0,225300
2026-03-10 09:40:00,730.0,730.0,725.0,730.0,39500
2026-03-10 09:45:00,725.0,730.0,725.0,725.0,394900
2026-03-10 09:50:00,725.0,730.0,725.0,730.0,391600
2026-03-10 09:55:00,730.0,735.0,730.0,730.0,315200
2026-03-10 10:00:00,730.0,735.0,725.0,730.0,292400
2026-03-10 10:05:00,725.0,730.0,725.0,730.0,406800
2026-03-10 10:10:00,725.0,730.0,725.0,725.0,46400
2026-03-10 10:15:00,725.0,730.0,725.0,730.0,160900
2026-03-10 10:20:00,730.0,730.0,725.0,730.0,178400
2026-03-10 10:25:00,735.0,735.0,730.0,735.0,89500
2026-03-10 10:30:00,735.0,735.0,730.0,735.0,234200
2026-03-10 10:35:00,730.0,735.0,725.0,725.0,886300
2026-03-10 10:40:00,725.0,730.0,725.0,730.0,232000
2026-03-10 10:45:00,730.0,730.0,725.0,725.0,18800
2026-03-10 10:50:00,730.0,730.0,730.0,730.0,111100
2026-03-10 10:55:00,730.0,730.0,725.0,730.0,203700
2026-03-10 11:00:00,725.0,725.0,720.0,725.0,574200
2026-03-10 11:05:00,725.0,725.0,720.0,725.0,31600
2026-03-10 11:10:00,725.0,725.0,720.0,725.0,79200
2026-03-10 11:15:00,720.0,725.0,715.0,715.0,832400
2026-03-10 11:20:00,720.0,720.0,715.0,715.0,826800
2026-03-10 11:25:00,715.0,720.0,715.0,715.0,140700
2026-03-10 11:30:00,720.0,720.0,710.0,710.0,1417900
2026-03-10 11:35:00,715.0,715.0,710.0,710.0,406500
2026-03-10 11:40:00,710.0,720.0,710.0,720.0,66300
2026-03-10 11:45:00,715.0,720.0,715.0,720.0,18600
2026-03-10 11:50:00,720.0,720.0,715.0,720.0,68400
2026-03-10 11:55:00,720.0,720.0,715.0,715.0,20200
2026-03-10 13:30:00,720.0,720.0,715.0,715.0,32700
2026-03-10 13:35:00,720.0,720.0,715.0,720.0,444500
2026-03-10 13:40:00,720.0,720.0,715.0,715.0,23500
2026-03-10 13:45:00,715.0,720.0,715.0,720.0,847200
2026-03-10 13:50:00,720.0,720.0,715.0,720.0,216800
2026-03-10 13:55:00,720.0,725.0,720.0,720.0,3500
2026-03-10 14:00:00,720.0,720.0,715.0,715.0,309200
2026-03-10 14:05:00,720.0,720.0,720.0,720.0,247600
2026-03-10 14:10:00,725.0,725.0,720.0,720.0,181800
2026-03-10 14:15:00,725.0,725.0,720.0,725.0,1201300
2026-03-10 14:20:00,730.0,730.0,725.0,725.0,36300
2026-03-10 14:25:00,730.0,730.0,725.0,730.0,36300
2026-03-10 14:30:00,730.0,730.0,725.0,730.0,46100
2026-03-10 14:35:00,725.0,730.0,725.0,725.0,143600
2026-03-10 14:40:00,725.0,730.0,725.0,725.0,16900
2026-03-10 14:45:00,730.0,730.0,725.0,730.0,178300
2026-03-10 14:50:00,730.0,730.0,725.0,725.0,27100
2026-03-10 14:55:00,725.0,730.0,725.0,725.0,6200
2026-03-10 15:00:00,730.0,730.0,725.0,730.0,133200
2026-03-10 15:05:00,730.0,735.0,730.0,730.0,314600
2026-03-10 15:10:00,730.0,735.0,730.0,730.0,142700
2026-03-10 15:15:00,735.0,735.0,730.0,735.0,219400
2026-03-10 15:20:00,735.0,735.0,730.0,735.0,87100
2026-03-10 15:25:00,735.0,735.0,730.0,730.0,76200
2026-03-10 15:30:00,730.0,735.0,730.0,735.0,302000
2026-03-10 15:35:00,735.0,735.0,730.0,730.0,152800
2026-03-10 15:40:00,735.0,735.0,730.0,735.0,162200
2026-03-10 15:45:00,735.0,735.0,730.0,730.0,280300
2026-03-10 16:00:00,730.0,730.0,730.0,730.0,588100
2026-03-10 16:05:00,730.0,730.0,730.0,730.0,4200
2026-03-10 16:10:00,730.0,730.0,730.0,730.0,2000
2026-03-11 09:00:00,745.0,745.0,735.0,740.0,0
2026-03-11 09:05:00,740.0,740.0,735.0,740.0,342300
2026-03-11 09:10:00,740.0,745.0,735.0,745.0,547300
2026-03-11 09:15:00,750.0,750.0,745.0,750.0,953900
2026-03-11 09:20:00,750.0,755.0,745.0,750.0,893900
2026-03-11 09:25:00,750.0,750.0,745.0,750.0,602100
2026-03-11 09:30:00,755.0,760.0,750.0,755.0,677100
2026-03-11 09:35:00,755.0,760.0,750.0,750.0,871000
2026-03-11 09:40:00,755.0,755.0,745.0,755.0,1243800
2026-03-11 09:45:00,755.0,755.0,745.0,750.0,1040900
2026-03-11 09:50:00,750.0,750.0,740.0,745.0,588700
2026-03-11 09:55:00,745.0,745.0,735.0,740.0,885300
2026-03-11 10:00:00,740.0,750.0,740.0,750.0,470700
2026-03-11 10:05:00,750.0,750.0,745.0,750.0,56400
2026-03-11 10:10:00,750.0,750.0,745.0,750.0,192100
2026-03-11 10:15:00,750.0,750.0,745.0,745.0,48900
2026-03-11 10:20:00,750.0,750.0,745.0,745.0,35300
2026-03-11 10:25:00,745.0,750.0,745.0,745.0,100500
2026-03-11 10:30:00,750.0,750.0,745.0,745.0,237100
2026-03-11 10:35:00,750.0,755.0,750.0,755.0,278000
2026-03-11 10:40:00,750.0,750.0,745.0,745.0,466100
2026-03-11 10:45:00,745.0,750.0,745.0,745.0,945800
2026-03-11 10:50:00,740.0,740.0,735.0,740.0,830800
2026-03-11 10:55:00,740.0,745.0,740.0,745.0,398800
2026-03-11 11:00:00,740.0,745.0,735.0,740.0,439400
2026-03-11 11:05:00,740.0,745.0,735.0,740.0,696700
2026-03-11 11:10:00,740.0,745.0,740.0,740.0,265100
2026-03-11 11:15:00,740.0,740.0,735.0,740.0,172200
2026-03-11 11:20:00,740.0,745.0,740.0,740.0,219000
2026-03-11 11:25:00,745.0,745.0,745.0,745.0,0
2026-03-11 11:30:00,745.0,745.0,740.0,745.0,17900
2026-03-11 11:35:00,745.0,745.0,740.0,745.0,154400
2026-03-11 11:40:00,745.0,745.0,740.0,745.0,240500
2026-03-11 11:45:00,745.0,750.0,740.0,745.0,100600
2026-03-11 11:50:00,745.0,745.0,740.0,745.0,186300
2026-03-11 11:55:00,745.0,750.0,740.0,750.0,94300
2026-03-11 13:30:00,750.0,750.0,740.0,750.0,189400
2026-03-11 13:35:00,750.0,750.0,745.0,750.0,316600
2026-03-11 13:40:00,745.0,750.0,740.0,745.0,1020500
2026-03-11 13:45:00,740.0,745.0,740.0,740.0,40800
2026-03-11 13:50:00,745.0,750.0,740.0,745.0,583200
2026-03-11 13:55:00,750.0,750.0,745.0,745.0,262200
2026-03-11 14:00:00,750.0,750.0,740.0,740.0,846500
2026-03-11 14:05:00,740.0,745.0,740.0,740.0,478200
2026-03-11 14:10:00,740.0,745.0,740.0,740.0,527400
2026-03-11 14:15:00,745.0,745.0,740.0,740.0,85000
2026-03-11 14:20:00,745.0,745.0,740.0,740.0,360800
2026-03-11 14:25:00,745.0,750.0,740.0,740.0,601000
2026-03-11 14:30:00,740.0,745.0,740.0,740.0,207300
2026-03-11 14:35:00,745.0,750.0,740.0,745.0,473000
2026-03-11 14:40:00,750.0,750.0,745.0,745.0,811100
2026-03-11 14:45:00,750.0,750.0,745.0,745.0,87000
2026-03-11 14:50:00,750.0,750.0,745.0,750.0,397000
2026-03-11 14:55:00,750.0,750.0,745.0,745.0,619400
2026-03-11 15:00:00,745.0,750.0,745.0,745.0,157300
2026-03-11 15:05:00,745.0,750.0,745.0,745.0,307900
2026-03-11 15:10:00,750.0,750.0,745.0,745.0,383100
2026-03-11 15:15:00,750.0,750.0,745.0,745.0,531600
2026-03-11 15:20:00,750.0,750.0,745.0,745.0,640000
2026-03-11 15:25:00,750.0,750.0,745.0,745.0,148100
2026-03-11 15:30:00,750.0,755.0,745.0,745.0,906000
2026-03-11 15:35:00,750.0,750.0,745.0,745.0,152700
2026-03-11 15:40:00,745.0,755.0,745.0,745.0,813100
2026-03-11 15:45:00,750.0,755.0,745.0,750.0,853000
2026-03-11 16:00:00,745.0,745.0,745.0,745.0,1079800
2026-03-11 16:05:00,745.0,745.0,745.0,745.0,76700
2026-03-11 16:10:00,745.0,745.0,745.0,745.0,13500
2026-03-12 09:00:00,750.0,750.0,725.0,740.0,0
2026-03-12 09:05:00,740.0,740.0,725.0,735.0,902200
2026-03-12 09:10:00,735.0,735.0,725.0,730.0,243000
2026-03-12 09:15:00,730.0,730.0,725.0,725.0,482500
2026-03-12 09:20:00,725.0,730.0,720.0,725.0,263800
2026-03-12 09:25:00,725.0,730.0,725.0,725.0,706700
2026-03-12 09:30:00,725.0,725.0,720.0,725.0,120600
2026-03-12 09:35:00,725.0,725.0,720.0,720.0,183000
2026-03-12 09:40:00,720.0,720.0,715.0,715.0,746600
2026-03-12 09:45:00,720.0,725.0,720.0,720.0,95700
2026-03-12 09:50:00,720.0,725.0,720.0,725.0,11900
2026-03-12 09:55:00,720.0,725.0,720.0,725.0,251600
2026-03-12 10:00:00,725.0,730.0,725.0,725.0,21000
2026-03-12 10:05:00,725.0,730.0,725.0,730.0,37600
2026-03-12 10:10:00,730.0,730.0,720.0,720.0,502000
2026-03-12 10:15:00,725.0,730.0,720.0,730.0,578500
2026-03-12 10:20:00,725.0,730.0,725.0,725.0,1200
2026-03-12 10:25:00,725.0,725.0,720.0,725.0,281900
2026-03-12 10:30:00,725.0,725.0,720.0,725.0,717200
2026-03-12 10:35:00,720.0,730.0,720.0,730.0,222000
2026-03-12 10:40:00,730.0,730.0,725.0,730.0,24800
2026-03-12 10:45:00,730.0,730.0,725.0,725.0,132700
2026-03-12 10:50:00,725.0,730.0,725.0,730.0,59200
2026-03-12 10:55:00,730.0,730.0,725.0,725.0,22000
2026-03-12 11:00:00,725.0,730.0,725.0,730.0,23100
2026-03-12 11:05:00,725.0,725.0,725.0,725.0,13700
2026-03-12 11:10:00,725.0,730.0,725.0,725.0,28200
2026-03-12 11:15:00,725.0,730.0,725.0,725.0,11400
2026-03-12 11:20:00,725.0,730.0,725.0,725.0,22100
2026-03-12 11:25:00,725.0,730.0,725.0,725.0,58000
2026-03-12 11:30:00,725.0,730.0,725.0,730.0,19900
2026-03-12 11:35:00,725.0,730.0,725.0,725.0,18300
2026-03-12 11:40:00,725.0,730.0,725.0,725.0,216400
2026-03-12 11:45:00,725.0,730.0,725.0,725.0,19600
2026-03-12 11:50:00,725.0,735.0,725.0,735.0,769600
2026-03-12 11:55:00,735.0,735.0,735.0,735.0,12100
2026-03-12 13:30:00,735.0,735.0,730.0,735.0,84100
2026-03-12 13:35:00,735.0,740.0,735.0,740.0,378000
2026-03-12 13:40:00,740.0,740.0,740.0,740.0,1300
2026-03-12 13:45:00,735.0,740.0,735.0,740.0,65500
2026-03-12 13:50:00,740.0,740.0,730.0,735.0,590500
2026-03-12 13:55:00,735.0,735.0,730.0,730.0,157500
2026-03-12 14:00:00,735.0,735.0,725.0,725.0,835200
2026-03-12 14:05:00,725.0,730.0,725.0,730.0,65700
2026-03-12 14:10:00,725.0,725.0,725.0,725.0,24100
2026-03-12 14:15:00,725.0,725.0,720.0,725.0,828600
2026-03-12 14:20:00,725.0,730.0,725.0,725.0,96100
2026-03-12 14:25:00,725.0,730.0,725.0,725.0,16600
2026-03-12 14:30:00,725.0,730.0,725.0,725.0,169100
2026-03-12 14:35:00,725.0,730.0,725.0,730.0,29700
2026-03-12 14:40:00,725.0,730.0,725.0,725.0,114200
2026-03-12 14:45:00,725.0,730.0,725.0,730.0,44500
2026-03-12 14:50:00,725.0,730.0,725.0,725.0,18300
2026-03-12 14:55:00,725.0,730.0,725.0,725.0,41300
2026-03-12 15:00:00,725.0,730.0,725.0,725.0,114700
2026-03-12 15:05:00,725.0,725.0,720.0,720.0,202600
2026-03-12 15:10:00,725.0,725.0,720.0,725.0,19200
2026-03-12 15:15:00,720.0,725.0,720.0,720.0,105200
2026-03-12 15:20:00,720.0,725.0,720.0,720.0,48600
2026-03-12 15:25:00,725.0,725.0,720.0,720.0,87500
2026-03-12 15:30:00,725.0,725.0,720.0,720.0,133500
2026-03-12 15:35:00,720.0,725.0,715.0,720.0,657100
2026-03-12 15:40:00,715.0,725.0,715.0,715.0,1009200
2026-03-12 15:45:00,715.0,720.0,715.0,715.0,106300
2026-03-12 16:00:00,725.0,725.0,725.0,725.0,1221800
2026-03-12 16:05:00,725.0,725.0,725.0,725.0,100
2026-03-12 16:10:00,725.0,725.0,725.0,725.0,3100
2026-03-13 09:00:00,715.0,720.0,705.0,705.0,0
2026-03-13 09:05:00,705.0,715.0,705.0,715.0,165100
2026-03-13 09:10:00,715.0,720.0,710.0,715.0,831900
2026-03-13 09:15:00,715.0,720.0,710.0,715.0,1138800
2026-03-13 09:20:00,715.0,715.0,710.0,710.0,0
2026-03-13 09:25:00,715.0,715.0,710.0,710.0,83800
2026-03-13 09:30:00,710.0,715.0,710.0,715.0,568400
2026-03-13 09:35:00,715.0,725.0,715.0,720.0,763800
2026-03-13 09:40:00,720.0,725.0,720.0,720.0,92400
2026-03-13 09:45:00,720.0,725.0,720.0,720.0,70600
2026-03-13 09:50:00,720.0,720.0,715.0,720.0,4400
2026-03-13 09:55:00,715.0,715.0,710.0,715.0,170000
2026-03-13 10:00:00,715.0,715.0,710.0,715.0,407300
2026-03-13 10:05:00,715.0,715.0,715.0,715.0,158400
2026-03-13 10:10:00,710.0,715.0,710.0,715.0,75900
2026-03-13 10:15:00,715.0,715.0,710.0,710.0,153300
2026-03-13 10:20:00,710.0,720.0,710.0,720.0,416200
2026-03-13 10:25:00,715.0,715.0,705.0,705.0,856100
2026-03-13 10:30:00,710.0,710.0,705.0,710.0,101700
2026-03-13 10:35:00,710.0,710.0,705.0,710.0,288700
2026-03-13 10:40:00,705.0,710.0,705.0,705.0,1086700
2026-03-13 10:45:00,705.0,705.0,700.0,705.0,612400
2026-03-13 10:50:00,705.0,705.0,705.0,705.0,18100
2026-03-13 10:55:00,705.0,710.0,705.0,705.0,139900
2026-03-13 11:00:00,705.0,710.0,705.0,710.0,44500
2026-03-13 11:05:00,710.0,715.0,710.0,710.0,513900
2026-03-13 11:10:00,715.0,715.0,710.0,710.0,68000
2026-03-13 11:15:00,710.0,710.0,705.0,710.0,73300
2026-03-13 11:20:00,710.0,710.0,705.0,710.0,0
2026-03-13 11:25:00,705.0,710.0,705.0,710.0,120100
2026-03-13 14:00:00,710.0,715.0,705.0,715.0,248700
2026-03-13 14:05:00,715.0,715.0,710.0,710.0,54000
2026-03-13 14:10:00,715.0,715.0,705.0,710.0,130900
2026-03-13 14:15:00,705.0,710.0,705.0,710.0,72700
2026-03-13 14:20:00,710.0,715.0,710.0,710.0,42200
2026-03-13 14:25:00,715.0,715.0,705.0,710.0,348300
2026-03-13 14:30:00,705.0,710.0,705.0,710.0,224600
2026-03-13 14:35:00,705.0,710.0,705.0,710.0,130800
2026-03-13 14:40:00,705.0,710.0,705.0,705.0,111300
2026-03-13 14:45:00,705.0,710.0,705.0,710.0,43200
2026-03-13 14:50:00,710.0,710.0,705.0,705.0,171800
2026-03-13 14:55:00,705.0,705.0,700.0,705.0,620500
2026-03-13 15:00:00,705.0,710.0,700.0,705.0,328900
2026-03-13 15:05:00,705.0,710.0,705.0,710.0,296200
2026-03-13 15:10:00,705.0,710.0,705.0,705.0,90600
2026-03-13 15:15:00,705.0,710.0,705.0,705.0,45200
2026-03-13 15:20:00,705.0,705.0,700.0,705.0,1619500
2026-03-13 15:25:00,705.0,705.0,700.0,705.0,1555500
2026-03-13 15:30:00,705.0,705.0,700.0,705.0,26000
2026-03-13 15:35:00,700.0,710.0,700.0,705.0,672700
2026-03-13 15:40:00,705.0,710.0,705.0,705.0,196300
2026-03-13 15:45:00,705.0,710.0,705.0,710.0,212400
2026-03-13 16:00:00,705.0,705.0,705.0,705.0,782500
2026-03-13 16:05:00,705.0,705.0,705.0,705.0,375700
2026-03-13 16:10:00,705.0,705.0,705.0,705.0,41600
2026-03-16 09:00:00,705.0,705.0,680.0,685.0,0
2026-03-16 09:05:00,685.0,690.0,680.0,680.0,970100
2026-03-16 09:10:00,685.0,690.0,680.0,690.0,863100
2026-03-16 09:15:00,685.0,695.0,685.0,690.0,520500
2026-03-16 09:20:00,695.0,700.0,690.0,695.0,412700
2026-03-16 09:25:00,700.0,700.0,695.0,700.0,951700
2026-03-16 09:30:00,695.0,700.0,685.0,690.0,1181400
2026-03-16 09:35:00,695.0,695.0,690.0,695.0,149900
2026-03-16 09:40:00,695.0,700.0,690.0,695.0,115900
2026-03-16 09:45:00,695.0,710.0,695.0,710.0,1022800
2026-03-16 09:50:00,710.0,715.0,710.0,710.0,392700
2026-03-16 09:55:00,715.0,720.0,710.0,710.0,345400
2026-03-16 10:00:00,710.0,715.0,710.0,710.0,127500
2026-03-16 10:05:00,715.0,715.0,710.0,710.0,24800
2026-03-16 10:10:00,715.0,725.0,710.0,720.0,521400
2026-03-16 10:15:00,720.0,725.0,715.0,720.0,255100
2026-03-16 10:20:00,720.0,730.0,720.0,720.0,610400
2026-03-16 10:25:00,720.0,725.0,720.0,725.0,434000
2026-03-16 10:30:00,725.0,735.0,725.0,735.0,671100
2026-03-16 10:35:00,735.0,740.0,730.0,735.0,853800
2026-03-16 10:40:00,730.0,740.0,730.0,735.0,279000
2026-03-16 10:45:00,730.0,735.0,730.0,730.0,355600
2026-03-16 10:50:00,730.0,735.0,730.0,735.0,279200
2026-03-16 10:55:00,735.0,735.0,720.0,720.0,555300
2026-03-16 11:00:00,725.0,730.0,720.0,730.0,723800
2026-03-16 11:05:00,730.0,730.0,725.0,730.0,124200
2026-03-16 11:10:00,725.0,725.0,725.0,725.0,121000
2026-03-16 11:15:00,725.0,730.0,725.0,730.0,55100
2026-03-16 11:20:00,725.0,730.0,725.0,725.0,242800
2026-03-16 11:25:00,725.0,730.0,725.0,725.0,51000
2026-03-16 11:30:00,725.0,730.0,725.0,725.0,106700
2026-03-16 11:35:00,725.0,730.0,725.0,725.0,437800
2026-03-16 11:40:00,725.0,730.0,725.0,725.0,220200
2026-03-16 11:45:00,725.0,725.0,720.0,720.0,84800
2026-03-16 11:50:00,720.0,725.0,720.0,720.0,416000
2026-03-16 11:55:00,725.0,725.0,720.0,720.0,15900
2026-03-16 13:30:00,725.0,725.0,715.0,725.0,1845300
2026-03-16 13:35:00,720.0,725.0,720.0,720.0,124500
2026-03-16 13:40:00,720.0,725.0,720.0,720.0,140100
2026-03-16 13:45:00,725.0,725.0,720.0,725.0,307500
2026-03-16 13:50:00,720.0,725.0,720.0,720.0,9800
2026-03-16 13:55:00,725.0,725.0,715.0,720.0,241500
2026-03-16 14:00:00,715.0,720.0,715.0,715.0,59200
2026-03-16 14:05:00,715.0,720.0,715.0,715.0,29500
2026-03-16 14:10:00,715.0,720.0,715.0,715.0,161000
2026-03-16 14:15:00,715.0,725.0,715.0,720.0,860500
2026-03-16 14:20:00,720.0,720.0,720.0,720.0,28200
2026-03-16 14:25:00,720.0,725.0,720.0,720.0,60600
2026-03-16 14:30:00,720.0,725.0,715.0,715.0,447000
2026-03-16 14:35:00,715.0,720.0,715.0,715.0,59200
2026-03-16 14:40:00,715.0,720.0,715.0,715.0,383100
2026-03-16 14:45:00,720.0,725.0,715.0,725.0,902500
2026-03-16 14:50:00,720.0,720.0,715.0,720.0,32000
2026-03-16 14:55:00,715.0,725.0,715.0,725.0,937700
2026-03-16 15:00:00,720.0,720.0,715.0,720.0,181000
2026-03-16 15:05:00,720.0,720.0,715.0,715.0,5200
2026-03-16 15:10:00,715.0,715.0,715.0,715.0,15300
2026-03-16 15:15:00,715.0,720.0,710.0,710.0,589600
2026-03-16 15:20:00,710.0,715.0,710.0,710.0,601200
2026-03-16 15:25:00,710.0,715.0,710.0,710.0,29600
2026-03-16 15:30:00,715.0,720.0,710.0,715.0,340600
2026-03-16 15:35:00,715.0,720.0,715.0,720.0,14600
2026-03-16 15:40:00,715.0,720.0,715.0,720.0,98700
2026-03-16 15:45:00,715.0,720.0,710.0,710.0,323400
2026-03-16 16:00:00,710.0,710.0,710.0,710.0,873900
2026-03-16 16:05:00,710.0,710.0,710.0,710.0,0
2026-03-16 16:10:00,710.0,710.0,710.0,710.0,11100
2026-03-17 09:00:00,715.0,735.0,715.0,725.0,0
2026-03-17 09:05:00,725.0,730.0,725.0,730.0,60400
2026-03-17 09:10:00,730.0,730.0,725.0,730.0,111600
2026-03-17 09:15:00,725.0,730.0,725.0,725.0,63000
2026-03-17 09:20:00,725.0,735.0,720.0,735.0,578900
2026-03-17 09:25:00,735.0,735.0,725.0,730.0,130000
2026-03-17 09:30:00,730.0,730.0,725.0,730.0,103500
2026-03-17 09:35:00,725.0,730.0,705.0,705.0,4261400
2026-03-17 09:40:00,705.0,710.0,705.0,710.0,6928600
2026-03-17 09:45:00,710.0,720.0,710.0,720.0,4600800
2026-03-17 09:50:00,720.0,725.0,720.0,725.0,609200
2026-03-17 09:55:00,725.0,725.0,725.0,725.0,17400
2026-03-17 10:00:00,725.0,725.0,715.0,720.0,645000
2026-03-17 10:05:00,720.0,720.0,715.0,720.0,43700
2026-03-17 10:10:00,720.0,720.0,715.0,715.0,18300
2026-03-17 10:15:00,720.0,725.0,720.0,725.0,88000
2026-03-17 10:20:00,725.0,725.0,720.0,725.0,79500
2026-03-17 10:25:00,720.0,725.0,720.0,725.0,114200
2026-03-17 10:30:00,725.0,725.0,720.0,725.0,59100
2026-03-17 10:35:00,725.0,725.0,720.0,725.0,18000
2026-03-17 10:40:00,720.0,725.0,720.0,720.0,98100
2026-03-17 10:45:00,725.0,725.0,725.0,725.0,123200
2026-03-17 10:50:00,725.0,725.0,720.0,725.0,27100
2026-03-17 10:55:00,725.0,725.0,720.0,725.0,46600
2026-03-17 11:00:00,720.0,720.0,715.0,715.0,1210700
2026-03-17 11:05:00,720.0,720.0,720.0,720.0,30200
2026-03-17 11:10:00,720.0,720.0,715.0,720.0,127600
2026-03-17 11:15:00,720.0,735.0,715.0,730.0,941500
2026-03-17 11:20:00,725.0,735.0,725.0,730.0,252200
2026-03-17 11:25:00,730.0,730.0,725.0,725.0,1927700
2026-03-17 11:30:00,730.0,730.0,725.0,725.0,33400
2026-03-17 11:35:00,730.0,730.0,725.0,730.0,34700
2026-03-17 11:40:00,725.0,730.0,725.0,730.0,1200
2026-03-17 11:45:00,730.0,730.0,725.0,725.0,312300
2026-03-17 11:50:00,730.0,730.0,725.0,730.0,0
2026-03-17 11:55:00,730.0,730.0,725.0,730.0,120100
2026-03-17 13:30:00,730.0,730.0,725.0,725.0,157600
2026-03-17 13:35:00,725.0,725.0,720.0,720.0,1605200
2026-03-17 13:40:00,725.0,730.0,720.0,730.0,295900
2026-03-17 13:45:00,730.0,730.0,720.0,725.0,95100
2026-03-17 13:50:00,730.0,745.0,725.0,745.0,1998000
2026-03-17 13:55:00,745.0,750.0,740.0,740.0,2798500
2026-03-17 14:00:00,740.0,745.0,740.0,745.0,374100
2026-03-17 14:05:00,745.0,745.0,735.0,740.0,137300
2026-03-17 14:10:00,735.0,740.0,735.0,735.0,510300
2026-03-17 14:15:00,740.0,740.0,735.0,740.0,97200
2026-03-17 14:20:00,740.0,740.0,735.0,740.0,84300
2026-03-17 14:25:00,740.0,745.0,740.0,745.0,375100
2026-03-17 14:30:00,745.0,745.0,740.0,740.0,254500
2026-03-17 14:35:00,745.0,745.0,740.0,745.0,338000
2026-03-17 14:40:00,745.0,750.0,740.0,740.0,456600
2026-03-17 14:45:00,740.0,745.0,740.0,745.0,168200
2026-03-17 14:50:00,740.0,745.0,740.0,740.0,158600
2026-03-17 14:55:00,745.0,745.0,735.0,735.0,381500
2026-03-17 15:00:00,735.0,740.0,735.0,740.0,865600
2026-03-17 15:05:00,735.0,740.0,735.0,735.0,155400
2026-03-17 15:10:00,740.0,745.0,735.0,740.0,88700
2026-03-17 15:15:00,745.0,745.0,740.0,745.0,150500
2026-03-17 15:20:00,745.0,760.0,740.0,755.0,2332300
2026-03-17 15:25:00,760.0,760.0,750.0,750.0,1192800
2026-03-17 15:30:00,755.0,755.0,750.0,755.0,327100
2026-03-17 15:35:00,755.0,760.0,755.0,760.0,795600
2026-03-17 15:40:00,760.0,760.0,745.0,745.0,538800
2026-03-17 15:45:00,745.0,760.0,745.0,760.0,488800
2026-03-17 16:00:00,795.0,795.0,795.0,795.0,17754800
2026-03-17 16:05:00,795.0,795.0,795.0,795.0,1910500
2026-03-17 16:10:00,795.0,795.0,795.0,795.0,55400
2026-03-25 09:00:00,800.0,800.0,780.0,785.0,0
2026-03-25 09:05:00,785.0,795.0,780.0,795.0,1599700
2026-03-25 09:10:00,795.0,820.0,795.0,815.0,4049300
2026-03-25 09:15:00,820.0,825.0,810.0,810.0,1554300
2026-03-25 09:20:00,815.0,815.0,805.0,810.0,899900
2026-03-25 09:25:00,810.0,820.0,810.0,810.0,966500
2026-03-25 09:30:00,815.0,820.0,810.0,810.0,777400
2026-03-25 09:35:00,820.0,825.0,810.0,825.0,932700
2026-03-25 09:40:00,825.0,830.0,820.0,825.0,1120400
2026-03-25 09:45:00,825.0,830.0,825.0,825.0,1198400
2026-03-25 09:50:00,825.0,830.0,820.0,825.0,1248100
2026-03-25 09:55:00,825.0,830.0,820.0,825.0,2970700
2026-03-25 10:00:00,820.0,825.0,820.0,820.0,2100600
2026-03-25 10:05:00,825.0,825.0,820.0,825.0,213700
2026-03-25 10:10:00,825.0,825.0,820.0,820.0,257200
2026-03-25 10:15:00,820.0,825.0,820.0,820.0,352000
2026-03-25 10:20:00,825.0,825.0,815.0,815.0,378300
2026-03-25 10:25:00,820.0,820.0,815.0,820.0,136200
2026-03-25 10:30:00,815.0,820.0,810.0,810.0,1478300
2026-03-25 10:35:00,815.0,820.0,810.0,820.0,481700
2026-03-25 10:40:00,815.0,820.0,815.0,815.0,201400
2026-03-25 10:45:00,815.0,820.0,815.0,820.0,117500
2026-03-25 10:50:00,815.0,820.0,815.0,815.0,474200
2026-03-25 10:55:00,820.0,820.0,815.0,815.0,67500
2026-03-25 11:00:00,815.0,820.0,815.0,815.0,156900
2026-03-25 11:05:00,820.0,820.0,815.0,815.0,44600
2026-03-25 11:10:00,815.0,820.0,815.0,820.0,149200
2026-03-25 11:15:00,815.0,820.0,815.0,820.0,56300
2026-03-25 11:20:00,820.0,820.0,815.0,815.0,86100
2026-03-25 11:25:00,815.0,820.0,815.0,820.0,136000
2026-03-25 11:30:00,820.0,820.0,815.0,815.0,113800
2026-03-25 11:35:00,820.0,820.0,815.0,820.0,74600
2026-03-25 11:40:00,820.0,820.0,815.0,815.0,189400
2026-03-25 11:45:00,820.0,820.0,815.0,820.0,52500
2026-03-25 11:50:00,815.0,820.0,815.0,815.0,39900
2026-03-25 11:55:00,815.0,820.0,815.0,815.0,82700
2026-03-25 13:30:00,815.0,825.0,815.0,820.0,995200
2026-03-25 13:35:00,820.0,825.0,820.0,825.0,147300
2026-03-25 13:40:00,825.0,825.0,820.0,820.0,331400
2026-03-25 13:45:00,820.0,825.0,820.0,820.0,331800
2026-03-25 13:50:00,825.0,830.0,820.0,830.0,1269400
2026-03-25 13:55:00,830.0,830.0,825.0,825.0,565600
2026-03-25 14:00:00,825.0,830.0,825.0,830.0,447600
2026-03-25 14:05:00,830.0,835.0,830.0,835.0,1096500
2026-03-25 14:10:00,830.0,835.0,830.0,835.0,527900
2026-03-25 14:15:00,830.0,835.0,830.0,835.0,813000
2026-03-25 14:20:00,830.0,835.0,830.0,830.0,866700
2026-03-25 14:25:00,830.0,845.0,830.0,840.0,3213500
2026-03-25 14:30:00,840.0,840.0,835.0,835.0,552200
2026-03-25 14:35:00,840.0,840.0,835.0,840.0,503800
2026-03-25 14:40:00,840.0,840.0,830.0,830.0,1154700
2026-03-25 14:45:00,835.0,835.0,830.0,830.0,75300
2026-03-25 14:50:00,830.0,835.0,830.0,835.0,105400
2026-03-25 14:55:00,835.0,835.0,830.0,830.0,44500
2026-03-25 15:00:00,830.0,835.0,830.0,830.0,36500
2026-03-25 15:05:00,830.0,835.0,830.0,835.0,1070000
2026-03-25 15:10:00,830.0,835.0,830.0,835.0,123300
2026-03-25 15:15:00,830.0,840.0,830.0,830.0,1140300
2026-03-25 15:20:00,830.0,840.0,830.0,835.0,400500
2026-03-25 15:25:00,840.0,840.0,835.0,840.0,1600100
2026-03-25 15:30:00,840.0,840.0,835.0,835.0,130500
2026-03-25 15:35:00,840.0,840.0,835.0,840.0,647300
2026-03-25 15:40:00,840.0,840.0,835.0,835.0,958200
2026-03-25 15:45:00,835.0,840.0,835.0,840.0,439100
2026-03-25 16:00:00,835.0,835.0,835.0,835.0,1096900
2026-03-25 16:05:00,835.0,835.0,835.0,835.0,26600
2026-03-25 16:10:00,835.0,835.0,835.0,835.0,0
2026-03-26 09:00:00,850.0,865.0,840.0,850.0,0
2026-03-26 09:05:00,850.0,855.0,850.0,855.0,609600
2026-03-26 09:10:00,850.0,855.0,845.0,850.0,1724600
2026-03-26 09:15:00,850.0,855.0,850.0,855.0,351800
2026-03-26 09:20:00,855.0,860.0,850.0,855.0,851300
2026-03-26 09:25:00,855.0,865.0,855.0,855.0,2250700
2026-03-26 09:30:00,860.0,865.0,855.0,855.0,1589300
2026-03-26 09:35:00,855.0,860.0,845.0,850.0,3827500
2026-03-26 09:40:00,845.0,855.0,845.0,850.0,1814300
2026-03-26 09:45:00,855.0,865.0,850.0,860.0,1550500
2026-03-26 09:50:00,860.0,865.0,860.0,860.0,602300
2026-03-26 09:55:00,860.0,860.0,855.0,860.0,183400
2026-03-26 10:00:00,860.0,860.0,855.0,860.0,265900
2026-03-26 10:05:00,855.0,870.0,855.0,870.0,3330900
2026-03-26 10:10:00,865.0,870.0,860.0,865.0,644900
2026-03-26 10:15:00,865.0,870.0,860.0,865.0,791200
2026-03-26 10:20:00,865.0,870.0,860.0,865.0,1054900
2026-03-26 10:25:00,865.0,875.0,865.0,875.0,1938900
2026-03-26 10:30:00,870.0,880.0,870.0,875.0,2653900
2026-03-26 10:35:00,875.0,880.0,875.0,880.0,571400
2026-03-26 10:40:00,880.0,890.0,875.0,885.0,5401100
2026-03-26 10:45:00,885.0,885.0,880.0,885.0,944800
2026-03-26 10:50:00,885.0,890.0,880.0,885.0,850200
2026-03-26 10:55:00,885.0,885.0,880.0,885.0,246700
2026-03-26 11:00:00,885.0,885.0,875.0,875.0,1321700
2026-03-26 11:05:00,875.0,885.0,865.0,870.0,2095700
2026-03-26 11:10:00,870.0,870.0,865.0,865.0,271500
2026-03-26 11:15:00,865.0,870.0,865.0,870.0,198900
2026-03-26 11:20:00,865.0,870.0,860.0,865.0,1739200
2026-03-26 11:25:00,860.0,865.0,855.0,860.0,538700
2026-03-26 11:30:00,860.0,860.0,855.0,860.0,423800
2026-03-26 11:35:00,860.0,865.0,855.0,860.0,545400
2026-03-26 11:40:00,860.0,865.0,860.0,860.0,59100
2026-03-26 11:45:00,860.0,865.0,860.0,865.0,274400
2026-03-26 11:50:00,865.0,865.0,860.0,865.0,38800
2026-03-26 11:55:00,865.0,865.0,860.0,865.0,129500
2026-03-26 13:30:00,865.0,870.0,855.0,860.0,1396300
2026-03-26 13:35:00,860.0,860.0,850.0,855.0,1691100
2026-03-26 13:40:00,855.0,860.0,850.0,850.0,2448300
2026-03-26 13:45:00,855.0,855.0,850.0,855.0,142200
2026-03-26 13:50:00,850.0,860.0,850.0,855.0,411300
2026-03-26 13:55:00,850.0,855.0,850.0,855.0,88400
2026-03-26 14:00:00,850.0,855.0,850.0,855.0,744300
2026-03-26 14:05:00,855.0,855.0,850.0,855.0,238500
2026-03-26 14:10:00,850.0,855.0,835.0,835.0,5023100
2026-03-26 14:15:00,840.0,840.0,835.0,835.0,1648000
2026-03-26 14:20:00,835.0,845.0,835.0,845.0,1251000
2026-03-26 14:25:00,845.0,855.0,840.0,850.0,482600
2026-03-26 14:30:00,845.0,850.0,845.0,845.0,49200
2026-03-26 14:35:00,845.0,855.0,845.0,850.0,289800
2026-03-26 14:40:00,850.0,855.0,845.0,850.0,291400
2026-03-26 14:45:00,855.0,855.0,850.0,855.0,28000
2026-03-26 14:50:00,855.0,855.0,850.0,850.0,95000
2026-03-26 14:55:00,850.0,855.0,850.0,850.0,616900
2026-03-26 15:00:00,850.0,855.0,840.0,845.0,2171200
2026-03-26 15:05:00,845.0,850.0,840.0,845.0,389700
2026-03-26 15:10:00,845.0,850.0,840.0,845.0,404700
2026-03-26 15:15:00,845.0,850.0,840.0,845.0,836000
2026-03-26 15:20:00,845.0,850.0,840.0,845.0,804700
2026-03-26 15:25:00,840.0,850.0,840.0,850.0,528500
2026-03-26 15:30:00,850.0,850.0,845.0,845.0,274300
2026-03-26 15:35:00,845.0,845.0,840.0,840.0,242900
2026-03-26 15:40:00,840.0,850.0,840.0,840.0,875900
2026-03-26 15:45:00,845.0,845.0,840.0,845.0,463400
2026-03-26 16:00:00,845.0,845.0,845.0,845.0,2174900
2026-03-26 16:05:00,845.0,845.0,845.0,845.0,2300
2026-03-26 16:10:00,845.0,845.0,845.0,845.0,11700
2026-03-27 09:00:00,855.0,860.0,850.0,850.0,0
2026-03-27 09:05:00,850.0,855.0,850.0,855.0,291500
2026-03-27 09:10:00,855.0,855.0,845.0,845.0,1578200
2026-03-27 09:15:00,850.0,850.0,845.0,845.0,514000
2026-03-27 09:20:00,840.0,845.0,840.0,840.0,435200
2026-03-27 09:25:00,840.0,845.0,840.0,845.0,553000
2026-03-27 09:30:00,845.0,845.0,825.0,840.0,1857600
2026-03-27 09:35:00,840.0,840.0,830.0,830.0,797700
2026-03-27 09:40:00,830.0,835.0,830.0,830.0,213100
2026-03-27 09:45:00,835.0,835.0,825.0,825.0,254400
2026-03-27 09:50:00,825.0,835.0,825.0,830.0,527500
2026-03-27 09:55:00,835.0,835.0,830.0,830.0,41300
2026-03-27 10:00:00,830.0,840.0,830.0,835.0,574400
2026-03-27 10:05:00,835.0,840.0,830.0,835.0,67900
2026-03-27 10:10:00,835.0,835.0,830.0,835.0,164100
2026-03-27 10:15:00,835.0,835.0,825.0,835.0,745700
2026-03-27 10:20:00,830.0,835.0,820.0,820.0,1525200
2026-03-27 10:25:00,820.0,825.0,820.0,820.0,996100
2026-03-27 10:30:00,825.0,825.0,820.0,825.0,607000
2026-03-27 10:35:00,825.0,825.0,820.0,820.0,198200
2026-03-27 10:40:00,820.0,825.0,820.0,820.0,574500
2026-03-27 10:45:00,820.0,830.0,815.0,825.0,740200
2026-03-27 10:50:00,825.0,835.0,825.0,825.0,713800
2026-03-27 10:55:00,825.0,840.0,825.0,835.0,834800
2026-03-27 11:00:00,830.0,835.0,830.0,835.0,19600
2026-03-27 11:05:00,835.0,835.0,830.0,830.0,14900
2026-03-27 11:10:00,830.0,835.0,830.0,830.0,116200
2026-03-27 11:15:00,830.0,830.0,830.0,830.0,540800
2026-03-27 11:20:00,830.0,835.0,830.0,835.0,180300
2026-03-27 11:25:00,830.0,835.0,825.0,825.0,550300
2026-03-27 14:00:00,830.0,830.0,825.0,830.0,149600
2026-03-27 14:05:00,830.0,830.0,825.0,830.0,220700
2026-03-27 14:10:00,830.0,830.0,825.0,825.0,120700
2026-03-27 14:15:00,830.0,830.0,825.0,825.0,32200
2026-03-27 14:20:00,825.0,830.0,825.0,825.0,27800
2026-03-27 14:25:00,830.0,830.0,820.0,825.0,665300
2026-03-27 14:30:00,820.0,825.0,820.0,825.0,164000
2026-03-27 14:35:00,825.0,830.0,825.0,825.0,19500
2026-03-27 14:40:00,830.0,830.0,825.0,825.0,73800
2026-03-27 14:45:00,825.0,830.0,820.0,820.0,312500
2026-03-27 14:50:00,820.0,825.0,820.0,825.0,525300
2026-03-27 14:55:00,825.0,825.0,820.0,820.0,110700
2026-03-27 15:00:00,820.0,825.0,820.0,825.0,199900
2026-03-27 15:05:00,820.0,825.0,820.0,825.0,52700
2026-03-27 15:10:00,825.0,825.0,820.0,820.0,113800
2026-03-27 15:15:00,825.0,825.0,820.0,820.0,399700
2026-03-27 15:20:00,825.0,830.0,820.0,830.0,557500
2026-03-27 15:25:00,825.0,830.0,820.0,825.0,185100
2026-03-27 15:30:00,825.0,825.0,820.0,820.0,115300
2026-03-27 15:35:00,825.0,825.0,820.0,825.0,451600
2026-03-27 15:40:00,825.0,825.0,815.0,820.0,1080700
2026-03-27 15:45:00,825.0,830.0,815.0,830.0,832100
2026-03-27 16:00:00,820.0,820.0,820.0,820.0,1288600
2026-03-27 16:05:00,820.0,820.0,820.0,820.0,126100
2026-03-27 16:10:00,820.0,820.0,820.0,820.0,28200
2026-03-30 09:00:00,795.0,810.0,790.0,800.0,0
2026-03-30 09:05:00,800.0,800.0,790.0,795.0,1297100
2026-03-30 09:10:00,800.0,805.0,790.0,805.0,539000
2026-03-30 09:15:00,805.0,810.0,800.0,810.0,286700
2026-03-30 09:20:00,815.0,820.0,810.0,810.0,1678700
2026-03-30 09:25:00,810.0,810.0,805.0,805.0,72000
2026-03-30 09:30:00,805.0,810.0,805.0,810.0,94000
2026-03-30 09:35:00,810.0,810.0,805.0,805.0,99400
2026-03-30 09:40:00,810.0,810.0,805.0,810.0,388000
2026-03-30 09:45:00,810.0,810.0,805.0,810.0,132300
2026-03-30 09:50:00,805.0,810.0,805.0,810.0,64400
2026-03-30 09:55:00,805.0,810.0,805.0,810.0,66300
2026-03-30 10:00:00,805.0,810.0,805.0,805.0,78400
2026-03-30 10:05:00,810.0,810.0,805.0,810.0,48000
2026-03-30 10:10:00,810.0,810.0,805.0,810.0,63400
2026-03-30 10:15:00,810.0,810.0,805.0,810.0,57000
2026-03-30 10:20:00,810.0,810.0,805.0,810.0,68200
2026-03-30 10:25:00,805.0,810.0,805.0,810.0,24500
2026-03-30 10:30:00,805.0,810.0,805.0,805.0,62200
2026-03-30 10:35:00,810.0,815.0,805.0,810.0,920700
2026-03-30 10:40:00,810.0,815.0,810.0,810.0,147100
2026-03-30 10:45:00,810.0,810.0,805.0,810.0,204400
2026-03-30 10:50:00,810.0,815.0,805.0,810.0,552900
2026-03-30 10:55:00,810.0,815.0,805.0,805.0,280500
2026-03-30 11:00:00,805.0,810.0,805.0,810.0,83100
2026-03-30 11:05:00,805.0,810.0,805.0,805.0,57800
2026-03-30 11:10:00,805.0,810.0,805.0,805.0,36800
2026-03-30 11:15:00,805.0,810.0,805.0,805.0,63000
2026-03-30 11:20:00,810.0,810.0,805.0,810.0,267800
2026-03-30 11:25:00,810.0,810.0,805.0,805.0,215300
2026-03-30 11:30:00,810.0,810.0,805.0,805.0,265000
2026-03-30 11:35:00,810.0,815.0,805.0,815.0,439500
2026-03-30 11:40:00,810.0,810.0,805.0,805.0,118200
2026-03-30 11:45:00,805.0,810.0,805.0,805.0,50000
2026-03-30 11:50:00,810.0,810.0,805.0,805.0,128500
2026-03-30 11:55:00,810.0,810.0,805.0,810.0,248500
2026-03-30 13:30:00,810.0,810.0,805.0,810.0,68500
2026-03-30 13:35:00,805.0,810.0,800.0,800.0,937000
2026-03-30 13:40:00,800.0,805.0,800.0,805.0,153500
2026-03-30 13:45:00,805.0,805.0,800.0,800.0,187600
2026-03-30 13:50:00,805.0,810.0,800.0,805.0,748500
2026-03-30 13:55:00,805.0,805.0,800.0,805.0,485000
2026-03-30 14:00:00,805.0,810.0,805.0,805.0,77900
2026-03-30 14:05:00,810.0,810.0,800.0,805.0,546100
2026-03-30 14:10:00,810.0,810.0,800.0,800.0,325200
2026-03-30 14:15:00,800.0,805.0,800.0,805.0,2800
2026-03-30 14:20:00,805.0,805.0,800.0,800.0,247600
2026-03-30 14:25:00,800.0,800.0,795.0,800.0,2409500
2026-03-30 14:30:00,800.0,805.0,800.0,800.0,45200
2026-03-30 14:35:00,805.0,805.0,795.0,800.0,1096600
2026-03-30 14:40:00,795.0,800.0,795.0,795.0,579800
2026-03-30 14:45:00,795.0,800.0,790.0,795.0,550300
2026-03-30 14:50:00,800.0,800.0,795.0,800.0,386500
2026-03-30 14:55:00,800.0,800.0,795.0,795.0,280300
2026-03-30 15:00:00,795.0,800.0,795.0,795.0,52600
2026-03-30 15:05:00,795.0,800.0,795.0,800.0,64400
2026-03-30 15:10:00,800.0,800.0,795.0,795.0,110400
2026-03-30 15:15:00,795.0,800.0,795.0,795.0,174700
2026-03-30 15:20:00,800.0,800.0,795.0,795.0,545000
2026-03-30 15:25:00,800.0,800.0,795.0,800.0,93800
2026-03-30 15:30:00,800.0,800.0,795.0,795.0,236700
2026-03-30 15:35:00,800.0,800.0,790.0,795.0,2890800
2026-03-30 15:40:00,795.0,800.0,790.0,790.0,708300
2026-03-30 15:45:00,795.0,800.0,790.0,795.0,630000
2026-03-30 16:00:00,800.0,800.0,800.0,800.0,1634900
2026-03-30 16:05:00,800.0,800.0,800.0,800.0,79500
2026-03-30 16:10:00,800.0,800.0,800.0,800.0,28900
2026-03-31 09:00:00,800.0,810.0,800.0,805.0,0
2026-03-31 09:05:00,805.0,810.0,805.0,805.0,161300
2026-03-31 09:10:00,810.0,815.0,800.0,800.0,649100
2026-03-31 09:15:00,800.0,810.0,800.0,810.0,107700
2026-03-31 09:20:00,810.0,810.0,800.0,805.0,371100
2026-03-31 09:25:00,800.0,805.0,800.0,805.0,127300
2026-03-31 09:30:00,805.0,805.0,800.0,805.0,8300
2026-03-31 09:35:00,805.0,805.0,805.0,805.0,792300
2026-03-31 09:40:00,805.0,810.0,800.0,800.0,331000
2026-03-31 09:45:00,805.0,805.0,800.0,800.0,9300
2026-03-31 09:50:00,805.0,805.0,800.0,805.0,128800
2026-03-31 09:55:00,805.0,805.0,800.0,805.0,69200
2026-03-31 10:00:00,805.0,805.0,800.0,805.0,228100
2026-03-31 10:05:00,805.0,810.0,800.0,810.0,802600
2026-03-31 10:10:00,810.0,810.0,805.0,805.0,352900
2026-03-31 10:15:00,805.0,805.0,800.0,805.0,345800
2026-03-31 10:20:00,805.0,805.0,800.0,800.0,102500
2026-03-31 10:25:00,805.0,805.0,800.0,805.0,33500
2026-03-31 10:30:00,805.0,805.0,800.0,800.0,88900
2026-03-31 10:35:00,805.0,805.0,800.0,800.0,49400
2026-03-31 10:40:00,805.0,805.0,800.0,805.0,73200
2026-03-31 10:45:00,805.0,805.0,800.0,805.0,63300
2026-03-31 10:50:00,805.0,805.0,795.0,795.0,1080200
2026-03-31 10:55:00,795.0,800.0,795.0,800.0,199600
2026-03-31 11:00:00,800.0,800.0,790.0,790.0,901800
2026-03-31 11:05:00,795.0,795.0,780.0,780.0,4088800
2026-03-31 11:10:00,780.0,785.0,775.0,785.0,1399700
2026-03-31 11:15:00,780.0,785.0,780.0,785.0,417400
2026-03-31 11:20:00,780.0,785.0,780.0,780.0,283500
2026-03-31 11:25:00,780.0,785.0,780.0,780.0,368800
2026-03-31 11:30:00,780.0,780.0,775.0,775.0,1577400
2026-03-31 11:35:00,775.0,780.0,775.0,780.0,973600
2026-03-31 11:40:00,780.0,785.0,775.0,785.0,384000
2026-03-31 11:45:00,785.0,785.0,780.0,785.0,245100
2026-03-31 11:50:00,780.0,785.0,775.0,780.0,291600
2026-03-31 11:55:00,785.0,785.0,780.0,780.0,259100
2026-03-31 13:30:00,785.0,785.0,775.0,775.0,432300
2026-03-31 13:35:00,780.0,780.0,770.0,770.0,1747700
2026-03-31 13:40:00,770.0,775.0,770.0,775.0,1259400
2026-03-31 13:45:00,775.0,775.0,770.0,770.0,602000
2026-03-31 13:50:00,770.0,780.0,770.0,780.0,896600
2026-03-31 13:55:00,775.0,780.0,775.0,775.0,267300
2026-03-31 14:00:00,775.0,780.0,775.0,775.0,360100
2026-03-31 14:05:00,775.0,780.0,775.0,775.0,205100
2026-03-31 14:10:00,780.0,780.0,775.0,780.0,711600
2026-03-31 14:15:00,775.0,780.0,775.0,780.0,493200
2026-03-31 14:20:00,780.0,780.0,775.0,775.0,395800
2026-03-31 14:25:00,775.0,780.0,775.0,775.0,452500
2026-03-31 14:30:00,775.0,775.0,770.0,775.0,1311400
2026-03-31 14:35:00,770.0,775.0,765.0,765.0,690300
2026-03-31 14:40:00,765.0,770.0,765.0,765.0,458600
2026-03-31 14:45:00,765.0,770.0,765.0,765.0,580800
2026-03-31 14:50:00,765.0,770.0,765.0,765.0,855400
2026-03-31 14:55:00,765.0,770.0,760.0,765.0,1127000
2026-03-31 15:00:00,765.0,770.0,760.0,765.0,381300
2026-03-31 15:05:00,770.0,770.0,765.0,765.0,333100
2026-03-31 15:10:00,765.0,770.0,765.0,765.0,418400
2026-03-31 15:15:00,765.0,770.0,765.0,765.0,678700
2026-03-31 15:20:00,765.0,765.0,760.0,765.0,2095300
2026-03-31 15:25:00,760.0,765.0,760.0,760.0,358000
2026-03-31 15:30:00,765.0,765.0,760.0,760.0,212400
2026-03-31 15:35:00,765.0,765.0,760.0,760.0,786300
2026-03-31 15:40:00,760.0,765.0,760.0,765.0,2535500
2026-03-31 15:45:00,765.0,770.0,765.0,765.0,434000
2026-03-31 16:00:00,765.0,765.0,765.0,765.0,1984500
2026-03-31 16:05:00,765.0,765.0,765.0,765.0,169500
2026-03-31 16:10:00,765.0,765.0,765.0,765.0,26200
2026-04-01 09:00:00,790.0,790.0,780.0,785.0,0
2026-04-01 09:05:00,785.0,790.0,785.0,785.0,894900
2026-04-01 09:10:00,785.0,790.0,785.0,790.0,390600
2026-04-01 09:15:00,790.0,790.0,785.0,790.0,346900
2026-04-01 09:20:00,790.0,790.0,785.0,790.0,90000
2026-04-01 09:25:00,790.0,795.0,785.0,795.0,1158100
2026-04-01 09:30:00,790.0,795.0,790.0,795.0,857300
2026-04-01 09:35:00,795.0,795.0,785.0,790.0,307700
2026-04-01 09:40:00,790.0,790.0,785.0,785.0,102500
2026-04-01 09:45:00,785.0,790.0,780.0,780.0,685100
2026-04-01 09:50:00,780.0,785.0,780.0,785.0,582200
2026-04-01 09:55:00,790.0,790.0,780.0,785.0,95700
2026-04-01 10:00:00,785.0,790.0,785.0,790.0,232300
2026-04-01 10:05:00,790.0,795.0,790.0,795.0,962700
2026-04-01 10:10:00,795.0,795.0,780.0,785.0,1074200
2026-04-01 10:15:00,785.0,790.0,785.0,785.0,92100
2026-04-01 10:20:00,790.0,790.0,785.0,785.0,176700
2026-04-01 10:25:00,790.0,790.0,780.0,785.0,1154500
2026-04-01 10:30:00,780.0,785.0,780.0,785.0,63200
2026-04-01 10:35:00,785.0,790.0,780.0,780.0,1421700
2026-04-01 10:40:00,785.0,785.0,780.0,780.0,69200
2026-04-01 10:45:00,780.0,785.0,780.0,780.0,44100
2026-04-01 10:50:00,785.0,785.0,780.0,780.0,360000
2026-04-01 10:55:00,785.0,785.0,780.0,780.0,39300
2026-04-01 11:00:00,780.0,785.0,780.0,780.0,137900
2026-04-01 11:05:00,785.0,785.0,780.0,780.0,249600
2026-04-01 11:10:00,780.0,785.0,780.0,780.0,249000
2026-04-01 11:15:00,780.0,785.0,780.0,785.0,179700
2026-04-01 11:20:00,780.0,780.0,765.0,765.0,3598400
2026-04-01 11:25:00,770.0,775.0,760.0,765.0,2586000
2026-04-01 11:30:00,770.0,770.0,765.0,765.0,61900
2026-04-01 11:35:00,765.0,770.0,760.0,760.0,1376000
2026-04-01 11:40:00,760.0,765.0,760.0,760.0,285000
2026-04-01 11:45:00,765.0,770.0,760.0,760.0,1414000
2026-04-01 11:50:00,765.0,765.0,760.0,760.0,72400
2026-04-01 11:55:00,765.0,765.0,760.0,760.0,63100
2026-04-01 13:30:00,760.0,765.0,760.0,765.0,763600
2026-04-01 13:35:00,765.0,765.0,760.0,760.0,824800
2026-04-01 13:40:00,765.0,765.0,760.0,760.0,741700
2026-04-01 13:45:00,765.0,770.0,760.0,760.0,616300
2026-04-01 13:50:00,765.0,765.0,760.0,760.0,173200
2026-04-01 13:55:00,765.0,770.0,760.0,770.0,941800
2026-04-01 14:00:00,765.0,775.0,765.0,765.0,4167100
2026-04-01 14:05:00,770.0,775.0,765.0,765.0,4523300
2026-04-01 14:10:00,770.0,770.0,760.0,765.0,1028300
2026-04-01 14:15:00,760.0,765.0,760.0,765.0,821300
2026-04-01 14:20:00,770.0,770.0,760.0,760.0,1005500
2026-04-01 14:25:00,765.0,765.0,760.0,765.0,518500
2026-04-01 14:30:00,760.0,765.0,760.0,765.0,410500
2026-04-01 14:35:00,765.0,765.0,760.0,765.0,490400
2026-04-01 14:40:00,760.0,765.0,760.0,765.0,1054500
2026-04-01 14:45:00,765.0,765.0,760.0,760.0,478700
2026-04-01 14:50:00,765.0,765.0,755.0,765.0,2907700
2026-04-01 14:55:00,765.0,765.0,755.0,760.0,1001500
2026-04-01 15:00:00,760.0,765.0,755.0,760.0,866700
2026-04-01 15:05:00,760.0,765.0,755.0,760.0,420100
2026-04-01 15:10:00,760.0,765.0,760.0,760.0,390200
2026-04-01 15:15:00,760.0,765.0,760.0,760.0,374500
2026-04-01 15:20:00,760.0,765.0,760.0,760.0,470700
2026-04-01 15:25:00,760.0,765.0,760.0,760.0,376300
2026-04-01 15:30:00,765.0,765.0,760.0,765.0,310300
2026-04-01 15:35:00,765.0,765.0,760.0,760.0,596100
2026-04-01 15:40:00,760.0,765.0,760.0,760.0,2485600
2026-04-01 15:45:00,765.0,765.0,760.0,760.0,744100
2026-04-01 16:00:00,760.0,760.0,760.0,760.0,2481200
2026-04-01 16:05:00,760.0,760.0,760.0,760.0,80200
2026-04-01 16:10:00,760.0,760.0,760.0,760.0,0
2026-04-02 09:00:00,755.0,760.0,745.0,755.0,0
2026-04-02 09:05:00,755.0,755.0,750.0,750.0,178000
2026-04-02 09:10:00,755.0,760.0,750.0,760.0,801100
2026-04-02 09:15:00,760.0,760.0,750.0,755.0,359100
2026-04-02 09:20:00,755.0,755.0,750.0,755.0,1281400
2026-04-02 09:25:00,755.0,755.0,750.0,755.0,115100
2026-04-02 09:30:00,750.0,760.0,750.0,760.0,445500
2026-04-02 09:35:00,760.0,760.0,755.0,755.0,48000
2026-04-02 09:40:00,760.0,760.0,755.0,755.0,613200
2026-04-02 09:45:00,750.0,760.0,750.0,760.0,121500
2026-04-02 09:50:00,760.0,760.0,755.0,760.0,618900
2026-04-02 09:55:00,760.0,765.0,760.0,760.0,165700
2026-04-02 10:00:00,760.0,770.0,760.0,770.0,978800
2026-04-02 10:05:00,765.0,765.0,765.0,765.0,186900
2026-04-02 10:10:00,765.0,765.0,760.0,760.0,82300
2026-04-02 10:15:00,760.0,765.0,755.0,755.0,505800
2026-04-02 10:20:00,760.0,760.0,755.0,755.0,18900
2026-04-02 10:25:00,755.0,760.0,755.0,760.0,95900
2026-04-02 10:30:00,760.0,760.0,755.0,755.0,85900
2026-04-02 10:35:00,760.0,760.0,760.0,760.0,226000
2026-04-02 10:40:00,760.0,760.0,755.0,760.0,74300
2026-04-02 10:45:00,760.0,760.0,760.0,760.0,31500
2026-04-02 10:50:00,760.0,760.0,755.0,760.0,32100
2026-04-02 10:55:00,760.0,760.0,755.0,760.0,92100
2026-04-02 11:00:00,755.0,760.0,750.0,755.0,959300
2026-04-02 11:05:00,755.0,755.0,750.0,755.0,189900
2026-04-02 11:10:00,755.0,755.0,750.0,750.0,65500
2026-04-02 11:15:00,755.0,755.0,750.0,755.0,375100
2026-04-02 11:20:00,755.0,755.0,750.0,755.0,217400
2026-04-02 11:25:00,750.0,755.0,750.0,755.0,49100
2026-04-02 11:30:00,755.0,755.0,750.0,750.0,38000
2026-04-02 11:35:00,750.0,755.0,750.0,755.0,49600
2026-04-02 11:40:00,750.0,755.0,750.0,755.0,58100
2026-04-02 11:45:00,755.0,755.0,750.0,755.0,33400
2026-04-02 11:50:00,755.0,755.0,750.0,755.0,45800
2026-04-02 11:55:00,750.0,755.0,750.0,755.0,51800
2026-04-02 13:30:00,750.0,755.0,745.0,745.0,1750100
2026-04-02 13:35:00,750.0,750.0,745.0,750.0,179100
2026-04-02 13:40:00,745.0,750.0,740.0,745.0,2432500
2026-04-02 13:45:00,745.0,745.0,740.0,745.0,111200
2026-04-02 13:50:00,740.0,745.0,740.0,740.0,89000
2026-04-02 13:55:00,740.0,745.0,740.0,745.0,126100
2026-04-02 14:00:00,745.0,750.0,740.0,750.0,238300
2026-04-02 14:05:00,750.0,750.0,745.0,745.0,82300
2026-04-02 14:10:00,750.0,750.0,745.0,750.0,83800
2026-04-02 14:15:00,750.0,750.0,745.0,745.0,84600
2026-04-02 14:20:00,750.0,750.0,745.0,750.0,73500
2026-04-02 14:25:00,750.0,750.0,745.0,745.0,80000
2026-04-02 14:30:00,750.0,750.0,745.0,750.0,144300
2026-04-02 14:35:00,745.0,750.0,745.0,750.0,592400
2026-04-02 14:40:00,745.0,750.0,740.0,740.0,1976400
2026-04-02 14:45:00,740.0,750.0,740.0,750.0,608400
2026-04-02 14:50:00,745.0,750.0,745.0,745.0,34400
2026-04-02 14:55:00,750.0,750.0,745.0,750.0,34800
2026-04-02 15:00:00,750.0,750.0,745.0,745.0,186100
2026-04-02 15:05:00,750.0,750.0,745.0,745.0,94700
2026-04-02 15:10:00,750.0,750.0,740.0,740.0,1207300
2026-04-02 15:15:00,745.0,745.0,740.0,745.0,1676400
2026-04-02 15:20:00,740.0,745.0,740.0,740.0,484600
2026-04-02 15:25:00,745.0,745.0,740.0,745.0,0
2026-04-02 15:30:00,745.0,745.0,740.0,745.0,114700
2026-04-02 15:35:00,740.0,745.0,740.0,740.0,753100
2026-04-02 15:40:00,745.0,745.0,730.0,740.0,2934800
2026-04-02 15:45:00,740.0,745.0,735.0,735.0,764800
2026-04-02 16:00:00,735.0,735.0,735.0,735.0,1730600
2026-04-02 16:05:00,735.0,735.0,735.0,735.0,13600
2026-04-02 16:10:00,735.0,735.0,735.0,735.0,18900
2026-04-06 09:00:00,735.0,740.0,730.0,735.0,0
2026-04-06 09:05:00,740.0,740.0,730.0,740.0,228800
2026-04-06 09:10:00,740.0,745.0,730.0,740.0,604800
2026-04-06 09:15:00,740.0,750.0,740.0,740.0,430700
2026-04-06 09:20:00,740.0,745.0,740.0,745.0,540200
2026-04-06 09:25:00,745.0,745.0,740.0,745.0,90500
2026-04-06 09:30:00,745.0,745.0,735.0,740.0,583500
2026-04-06 09:35:00,740.0,745.0,740.0,745.0,102400
2026-04-06 09:40:00,745.0,745.0,740.0,745.0,44000
2026-04-06 09:45:00,745.0,745.0,740.0,745.0,161700
2026-04-06 09:50:00,745.0,745.0,745.0,745.0,20100
2026-04-06 09:55:00,745.0,745.0,740.0,745.0,1445800
2026-04-06 10:00:00,740.0,745.0,735.0,740.0,808400
2026-04-06 10:05:00,735.0,740.0,735.0,740.0,100000
2026-04-06 10:10:00,740.0,740.0,735.0,740.0,72500
2026-04-06 10:15:00,740.0,740.0,735.0,735.0,17400
2026-04-06 10:20:00,740.0,740.0,735.0,740.0,64900
2026-04-06 10:25:00,735.0,740.0,735.0,740.0,11600
2026-04-06 10:30:00,740.0,740.0,735.0,740.0,5200
2026-04-06 10:35:00,740.0,740.0,735.0,740.0,9400
2026-04-06 10:40:00,740.0,740.0,735.0,740.0,16800
2026-04-06 10:45:00,735.0,740.0,735.0,740.0,7900
2026-04-06 10:50:00,735.0,740.0,730.0,735.0,781800
2026-04-06 10:55:00,735.0,735.0,730.0,730.0,91000
2026-04-06 11:00:00,735.0,735.0,730.0,730.0,29200
2026-04-06 11:05:00,730.0,735.0,730.0,735.0,36600
2026-04-06 11:10:00,735.0,735.0,730.0,735.0,30300
2026-04-06 11:15:00,730.0,735.0,730.0,735.0,38200
2026-04-06 11:20:00,735.0,735.0,730.0,735.0,118100
2026-04-06 11:25:00,735.0,735.0,730.0,735.0,95900
2026-04-06 11:30:00,730.0,735.0,730.0,735.0,31900
2026-04-06 11:35:00,735.0,735.0,730.0,730.0,190100
2026-04-06 11:40:00,730.0,735.0,730.0,735.0,0
2026-04-06 11:45:00,730.0,735.0,730.0,735.0,25000
2026-04-06 11:50:00,735.0,735.0,735.0,735.0,289100
2026-04-06 11:55:00,735.0,740.0,735.0,740.0,3600
2026-04-06 13:30:00,740.0,740.0,735.0,740.0,305500
2026-04-06 13:35:00,735.0,740.0,735.0,735.0,64700
2026-04-06 13:40:00,735.0,740.0,735.0,735.0,27600
2026-04-06 13:45:00,735.0,740.0,735.0,740.0,28300
2026-04-06 13:50:00,740.0,740.0,735.0,735.0,142700
2026-04-06 13:55:00,735.0,740.0,735.0,740.0,9200
2026-04-06 14:00:00,740.0,740.0,735.0,740.0,131400
2026-04-06 14:05:00,735.0,740.0,735.0,740.0,1137800
2026-04-06 14:10:00,740.0,745.0,735.0,745.0,220300
2026-04-06 14:15:00,745.0,745.0,745.0,745.0,9400
2026-04-06 14:20:00,740.0,745.0,740.0,745.0,6300
2026-04-06 14:25:00,745.0,745.0,740.0,740.0,38500
2026-04-06 14:30:00,740.0,745.0,740.0,745.0,61100
2026-04-06 14:35:00,745.0,745.0,740.0,740.0,17100
2026-04-06 14:40:00,745.0,745.0,740.0,740.0,0
2026-04-06 14:45:00,745.0,745.0,740.0,745.0,177300
2026-04-06 14:50:00,745.0,745.0,740.0,740.0,24900
2026-04-06 14:55:00,740.0,745.0,740.0,740.0,34500
2026-04-06 15:00:00,740.0,740.0,735.0,740.0,288700
2026-04-06 15:05:00,740.0,740.0,735.0,735.0,45400
2026-04-06 15:10:00,740.0,740.0,735.0,735.0,5100
2026-04-06 15:15:00,740.0,740.0,735.0,735.0,4000
2026-04-06 15:20:00,735.0,740.0,735.0,735.0,51900
2026-04-06 15:25:00,740.0,740.0,735.0,740.0,38000
2026-04-06 15:30:00,740.0,740.0,735.0,735.0,122900
2026-04-06 15:35:00,740.0,740.0,735.0,735.0,2139000
2026-04-06 15:40:00,735.0,740.0,735.0,740.0,108600
2026-04-06 15:45:00,740.0,740.0,735.0,735.0,133600
2026-04-06 16:00:00,740.0,740.0,740.0,740.0,1587600
2026-04-06 16:05:00,740.0,740.0,740.0,740.0,187100
2026-04-06 16:10:00,740.0,740.0,740.0,740.0,0
2026-04-07 09:00:00,735.0,750.0,735.0,745.0,0
2026-04-07 09:05:00,745.0,745.0,735.0,740.0,303900
2026-04-07 09:10:00,740.0,740.0,735.0,740.0,78300
2026-04-07 09:15:00,735.0,740.0,735.0,735.0,143300
2026-04-07 09:20:00,735.0,740.0,735.0,740.0,132100
2026-04-07 09:25:00,740.0,740.0,735.0,735.0,257200
2026-04-07 09:30:00,735.0,740.0,730.0,730.0,587800
2026-04-07 09:35:00,735.0,735.0,730.0,730.0,51500
2026-04-07 09:40:00,735.0,735.0,730.0,735.0,97800
2026-04-07 09:45:00,730.0,735.0,730.0,735.0,119700
2026-04-07 09:50:00,735.0,735.0,730.0,735.0,1683500
2026-04-07 09:55:00,735.0,735.0,730.0,730.0,39700
2026-04-07 10:00:00,735.0,735.0,725.0,730.0,726500
2026-04-07 10:05:00,725.0,735.0,725.0,735.0,253300
2026-04-07 10:10:00,735.0,735.0,730.0,735.0,371700
2026-04-07 10:15:00,735.0,735.0,730.0,730.0,176000
2026-04-07 10:20:00,730.0,740.0,730.0,735.0,170200
2026-04-07 10:25:00,735.0,740.0,735.0,740.0,41500
2026-04-07 10:30:00,740.0,740.0,735.0,735.0,4300
2026-04-07 10:35:00,740.0,740.0,735.0,740.0,118500
2026-04-07 10:40:00,735.0,735.0,730.0,735.0,233100
2026-04-07 10:45:00,735.0,735.0,730.0,730.0,18800
2026-04-07 10:50:00,730.0,735.0,725.0,725.0,839700
2026-04-07 10:55:00,730.0,730.0,725.0,730.0,120900
2026-04-07 11:00:00,730.0,730.0,725.0,730.0,30900
2026-04-07 11:05:00,730.0,730.0,725.0,725.0,81300
2026-04-07 11:10:00,725.0,730.0,725.0,730.0,9400
2026-04-07 11:15:00,725.0,730.0,725.0,730.0,16400
2026-04-07 11:20:00,725.0,730.0,720.0,725.0,1302300
2026-04-07 11:25:00,725.0,730.0,725.0,730.0,348900
2026-04-07 11:30:00,730.0,730.0,725.0,725.0,26100
2026-04-07 11:35:00,725.0,730.0,725.0,730.0,25700
2026-04-07 11:40:00,725.0,730.0,725.0,730.0,37400
2026-04-07 11:45:00,730.0,730.0,725.0,725.0,55400
2026-04-07 11:50:00,725.0,730.0,725.0,725.0,161600
2026-04-07 11:55:00,725.0,730.0,720.0,720.0,342800
2026-04-07 13:30:00,725.0,730.0,720.0,730.0,454500
2026-04-07 13:35:00,725.0,735.0,725.0,730.0,841700
2026-04-07 13:40:00,730.0,730.0,725.0,730.0,164900
2026-04-07 13:45:00,730.0,730.0,725.0,730.0,63600
2026-04-07 13:50:00,730.0,730.0,725.0,730.0,37600
2026-04-07 13:55:00,725.0,730.0,725.0,725.0,62000
2026-04-07 14:00:00,725.0,730.0,725.0,725.0,402400
2026-04-07 14:05:00,725.0,730.0,725.0,730.0,2200
2026-04-07 14:10:00,725.0,725.0,725.0,725.0,626700
2026-04-07 14:15:00,725.0,730.0,720.0,730.0,256900
2026-04-07 14:20:00,725.0,725.0,720.0,725.0,154400
2026-04-07 14:25:00,725.0,730.0,720.0,730.0,565500
2026-04-07 14:30:00,725.0,725.0,720.0,720.0,673900
2026-04-07 14:35:00,725.0,725.0,720.0,720.0,1490400
2026-04-07 14:40:00,720.0,720.0,715.0,715.0,979200
2026-04-07 14:45:00,715.0,725.0,715.0,720.0,510000
2026-04-07 14:50:00,720.0,725.0,720.0,725.0,60200
2026-04-07 14:55:00,720.0,725.0,720.0,725.0,184200
2026-04-07 15:00:00,725.0,725.0,720.0,725.0,110300
2026-04-07 15:05:00,725.0,725.0,720.0,725.0,124000
2026-04-07 15:10:00,725.0,725.0,720.0,725.0,45900
2026-04-07 15:15:00,725.0,725.0,720.0,725.0,297100
2026-04-07 15:20:00,725.0,725.0,720.0,725.0,203000
2026-04-07 15:25:00,725.0,725.0,720.0,720.0,156800
2026-04-07 15:30:00,720.0,725.0,720.0,720.0,413900
2026-04-07 15:35:00,720.0,725.0,715.0,720.0,1733100
2026-04-07 15:40:00,720.0,725.0,715.0,725.0,497500
2026-04-07 15:45:00,720.0,725.0,720.0,725.0,393300
2026-04-07 16:00:00,720.0,720.0,720.0,720.0,1466200
2026-04-07 16:05:00,720.0,720.0,720.0,720.0,289300
2026-04-07 16:10:00,720.0,720.0,720.0,720.0,12300
2026-04-08 09:00:00,745.0,750.0,740.0,745.0,0
2026-04-08 09:05:00,740.0,745.0,740.0,740.0,1622300
2026-04-08 09:10:00,740.0,745.0,740.0,740.0,296200
2026-04-08 09:15:00,740.0,755.0,740.0,750.0,2745000
2026-04-08 09:20:00,750.0,755.0,745.0,745.0,602500
2026-04-08 09:25:00,750.0,750.0,745.0,745.0,83100
2026-04-08 09:30:00,745.0,750.0,745.0,750.0,234700
2026-04-08 09:35:00,750.0,750.0,745.0,745.0,124700
2026-04-08 09:40:00,745.0,750.0,745.0,745.0,875000
2026-04-08 09:45:00,745.0,750.0,740.0,745.0,294000
2026-04-08 09:50:00,740.0,755.0,740.0,750.0,2545800
2026-04-08 09:55:00,750.0,750.0,745.0,750.0,43800
2026-04-08 10:00:00,745.0,750.0,745.0,750.0,634600
2026-04-08 10:05:00,755.0,755.0,750.0,755.0,246600
2026-04-08 10:10:00,755.0,755.0,750.0,755.0,307600
2026-04-08 10:15:00,750.0,760.0,750.0,755.0,1041200
2026-04-08 10:20:00,760.0,760.0,755.0,760.0,254700
2026-04-08 10:25:00,760.0,765.0,755.0,760.0,1165400
2026-04-08 10:30:00,755.0,760.0,755.0,755.0,160200
2026-04-08 10:35:00,760.0,760.0,750.0,760.0,745700
2026-04-08 10:40:00,755.0,760.0,750.0,755.0,254500
2026-04-08 10:45:00,755.0,760.0,755.0,760.0,230600
2026-04-08 10:50:00,760.0,765.0,755.0,760.0,922800
2026-04-08 10:55:00,760.0,765.0,755.0,760.0,411200
2026-04-08 11:00:00,755.0,760.0,755.0,755.0,0
2026-04-08 11:05:00,755.0,760.0,755.0,755.0,156400
2026-04-08 11:10:00,760.0,760.0,755.0,760.0,48400
2026-04-08 11:15:00,755.0,760.0,755.0,755.0,207600
2026-04-08 11:20:00,760.0,760.0,755.0,760.0,199300
2026-04-08 11:25:00,760.0,760.0,755.0,755.0,989100
2026-04-08 11:30:00,755.0,760.0,755.0,755.0,175500
2026-04-08 11:35:00,755.0,760.0,755.0,760.0,124300
2026-04-08 11:40:00,760.0,760.0,755.0,760.0,169400
2026-04-08 11:45:00,755.0,760.0,755.0,755.0,798800
2026-04-08 11:50:00,755.0,760.0,755.0,760.0,1173200
2026-04-08 11:55:00,760.0,765.0,755.0,765.0,452100
2026-04-08 13:30:00,760.0,765.0,760.0,765.0,224600
2026-04-08 13:35:00,765.0,770.0,760.0,770.0,2016000
2026-04-08 13:40:00,770.0,785.0,770.0,785.0,7289800
2026-04-08 13:45:00,785.0,790.0,780.0,780.0,2618800
2026-04-08 13:50:00,785.0,785.0,780.0,785.0,860600
2026-04-08 13:55:00,785.0,785.0,780.0,785.0,512700
2026-04-08 14:00:00,785.0,790.0,785.0,785.0,506100
2026-04-08 14:05:00,785.0,790.0,785.0,790.0,279800
2026-04-08 14:10:00,790.0,790.0,780.0,780.0,1470900
2026-04-08 14:15:00,785.0,785.0,775.0,780.0,544700
2026-04-08 14:20:00,780.0,785.0,775.0,785.0,691100
2026-04-08 14:25:00,785.0,785.0,780.0,785.0,102400
2026-04-08 14:30:00,780.0,785.0,780.0,780.0,113000
2026-04-08 14:35:00,780.0,785.0,780.0,780.0,102300
2026-04-08 14:40:00,780.0,785.0,780.0,785.0,119100
2026-04-08 14:45:00,785.0,790.0,780.0,790.0,1579400
2026-04-08 14:50:00,790.0,790.0,780.0,780.0,588300
2026-04-08 14:55:00,785.0,785.0,780.0,785.0,837000
2026-04-08 15:00:00,780.0,785.0,780.0,785.0,114900
2026-04-08 15:05:00,780.0,785.0,780.0,780.0,137200
2026-04-08 15:10:00,785.0,785.0,780.0,785.0,353400
2026-04-08 15:15:00,780.0,785.0,780.0,785.0,301600
2026-04-08 15:20:00,785.0,790.0,780.0,785.0,2404300
2026-04-08 15:25:00,785.0,790.0,785.0,785.0,531900
2026-04-08 15:30:00,785.0,790.0,785.0,790.0,444500
2026-04-08 15:35:00,785.0,790.0,780.0,785.0,1618100
2026-04-08 15:40:00,785.0,785.0,780.0,780.0,914100
2026-04-08 15:45:00,785.0,785.0,780.0,785.0,964500
2026-04-08 16:00:00,785.0,785.0,785.0,785.0,3665700
2026-04-08 16:05:00,785.0,785.0,785.0,785.0,12100
2026-04-08 16:10:00,785.0,785.0,785.0,785.0,14700
2026-04-09 09:00:00,780.0,785.0,770.0,780.0,0
2026-04-09 09:05:00,780.0,780.0,770.0,780.0,772300
2026-04-09 09:10:00,780.0,785.0,775.0,785.0,1075400
2026-04-09 09:15:00,780.0,790.0,780.0,790.0,2238100
2026-04-09 09:20:00,790.0,790.0,780.0,785.0,780400
2026-04-09 09:25:00,785.0,790.0,780.0,790.0,946400
2026-04-09 09:30:00,790.0,790.0,785.0,790.0,67600
2026-04-09 09:35:00,790.0,790.0,785.0,790.0,804100
2026-04-09 09:40:00,790.0,795.0,785.0,795.0,1278000
2026-04-09 09:45:00,795.0,795.0,785.0,790.0,988900
2026-04-09 09:50:00,790.0,795.0,790.0,790.0,661300
2026-04-09 09:55:00,790.0,800.0,790.0,800.0,1927500
2026-04-09 10:00:00,800.0,810.0,795.0,805.0,4126600
2026-04-09 10:05:00,805.0,810.0,805.0,805.0,2295400
2026-04-09 10:10:00,805.0,810.0,800.0,810.0,2009300
2026-04-09 10:15:00,810.0,810.0,800.0,810.0,1007500
2026-04-09 10:20:00,810.0,810.0,800.0,805.0,1451600
2026-04-09 10:25:00,800.0,805.0,795.0,805.0,931800
2026-04-09 10:30:00,805.0,805.0,800.0,800.0,168300
2026-04-09 10:35:00,800.0,805.0,800.0,805.0,404200
2026-04-09 10:40:00,800.0,805.0,800.0,800.0,168900
2026-04-09 10:45:00,800.0,805.0,800.0,805.0,420400
2026-04-09 10:50:00,800.0,810.0,800.0,810.0,451300
2026-04-09 10:55:00,805.0,810.0,805.0,810.0,78500
2026-04-09 11:00:00,805.0,810.0,805.0,805.0,155100
2026-04-09 11:05:00,810.0,810.0,800.0,805.0,485800
2026-04-09 11:10:00,805.0,805.0,800.0,805.0,42600
2026-04-09 11:15:00,805.0,810.0,800.0,810.0,289800
2026-04-09 11:20:00,810.0,810.0,805.0,810.0,280400
2026-04-09 11:25:00,810.0,810.0,805.0,805.0,678100
2026-04-09 11:30:00,810.0,810.0,800.0,800.0,129600
2026-04-09 11:35:00,805.0,805.0,800.0,805.0,258900
2026-04-09 11:40:00,805.0,810.0,800.0,810.0,578600
2026-04-09 11:45:00,805.0,805.0,800.0,805.0,8700
2026-04-09 11:50:00,805.0,805.0,800.0,805.0,103800
2026-04-09 11:55:00,805.0,805.0,800.0,805.0,72400
2026-04-09 13:30:00,805.0,810.0,800.0,805.0,640900
2026-04-09 13:35:00,810.0,810.0,805.0,805.0,156800
2026-04-09 13:40:00,810.0,810.0,805.0,805.0,155700
2026-04-09 13:45:00,810.0,810.0,805.0,810.0,138700
2026-04-09 13:50:00,805.0,810.0,805.0,810.0,81800
2026-04-09 13:55:00,805.0,810.0,805.0,810.0,156000
2026-04-09 14:00:00,810.0,810.0,805.0,810.0,706200
2026-04-09 14:05:00,810.0,810.0,805.0,810.0,163000
2026-04-09 14:10:00,805.0,810.0,800.0,805.0,393900
2026-04-09 14:15:00,805.0,810.0,800.0,810.0,618600
2026-04-09 14:20:00,810.0,810.0,805.0,810.0,154900
2026-04-09 14:25:00,805.0,810.0,805.0,805.0,273100
2026-04-09 14:30:00,805.0,810.0,805.0,810.0,172900
2026-04-09 14:35:00,810.0,815.0,805.0,815.0,1305200
2026-04-09 14:40:00,815.0,820.0,815.0,820.0,2008000
2026-04-09 14:45:00,820.0,820.0,815.0,815.0,1029100
2026-04-09 14:50:00,815.0,820.0,810.0,810.0,334900
2026-04-09 14:55:00,815.0,820.0,810.0,815.0,1232300
2026-04-09 15:00:00,815.0,815.0,810.0,815.0,357100
2026-04-09 15:05:00,815.0,815.0,810.0,810.0,417600
2026-04-09 15:10:00,815.0,820.0,810.0,815.0,1276400
2026-04-09 15:15:00,815.0,820.0,810.0,815.0,659500
2026-04-09 15:20:00,815.0,820.0,815.0,820.0,554600
2026-04-09 15:25:00,815.0,820.0,815.0,820.0,372200
2026-04-09 15:30:00,820.0,820.0,815.0,820.0,277600
2026-04-09 15:35:00,820.0,820.0,815.0,820.0,839100
2026-04-09 15:40:00,820.0,820.0,815.0,815.0,1305200
2026-04-09 15:45:00,815.0,820.0,815.0,815.0,1331700
2026-04-09 16:00:00,815.0,815.0,815.0,815.0,2449100
2026-04-09 16:05:00,815.0,815.0,815.0,815.0,84100
2026-04-09 16:10:00,815.0,815.0,815.0,815.0,53400
2026-04-10 09:00:00,830.0,855.0,825.0,845.0,0
2026-04-10 09:05:00,845.0,845.0,840.0,845.0,795100
2026-04-10 09:10:00,845.0,845.0,840.0,845.0,1523200
2026-04-10 09:15:00,840.0,860.0,835.0,860.0,5464700
2026-04-10 09:20:00,860.0,865.0,855.0,855.0,2973700
2026-04-10 09:25:00,855.0,870.0,855.0,870.0,3172500
2026-04-10 09:30:00,865.0,880.0,865.0,875.0,4474900
2026-04-10 09:35:00,875.0,880.0,870.0,875.0,3440300
2026-04-10 09:40:00,875.0,875.0,865.0,870.0,2352700
2026-04-10 09:45:00,865.0,865.0,860.0,860.0,974800
2026-04-10 09:50:00,865.0,865.0,860.0,860.0,870400
2026-04-10 09:55:00,860.0,865.0,860.0,860.0,512900
2026-04-10 10:00:00,865.0,870.0,860.0,865.0,3199200
2026-04-10 10:05:00,865.0,865.0,855.0,860.0,4670600
2026-04-10 10:10:00,860.0,865.0,855.0,860.0,1201200
2026-04-10 10:15:00,860.0,865.0,860.0,860.0,208700
2026-04-10 10:20:00,860.0,865.0,860.0,860.0,314400
2026-04-10 10:25:00,860.0,865.0,860.0,860.0,189300
2026-04-10 10:30:00,865.0,865.0,860.0,860.0,287400
2026-04-10 10:35:00,865.0,865.0,860.0,860.0,213600
2026-04-10 10:40:00,860.0,865.0,860.0,865.0,934000
2026-04-10 10:45:00,865.0,865.0,860.0,860.0,269600
2026-04-10 10:50:00,860.0,865.0,860.0,860.0,256400
2026-04-10 10:55:00,865.0,865.0,860.0,865.0,428900
2026-04-10 11:00:00,865.0,865.0,860.0,860.0,698300
2026-04-10 11:05:00,865.0,865.0,855.0,855.0,429500
2026-04-10 11:10:00,855.0,865.0,855.0,865.0,433700
2026-04-10 11:15:00,860.0,865.0,860.0,865.0,86800
2026-04-10 11:20:00,860.0,865.0,860.0,865.0,174700
2026-04-10 11:25:00,865.0,865.0,860.0,860.0,346600
2026-04-10 14:00:00,860.0,870.0,860.0,870.0,1254000
2026-04-10 14:05:00,865.0,870.0,865.0,870.0,115300
2026-04-10 14:10:00,865.0,870.0,865.0,865.0,214500
2026-04-10 14:15:00,865.0,870.0,860.0,860.0,713600
2026-04-10 14:20:00,860.0,870.0,860.0,865.0,422000
2026-04-10 14:25:00,870.0,870.0,865.0,865.0,179600
2026-04-10 14:30:00,870.0,870.0,865.0,865.0,385700
2026-04-10 14:35:00,870.0,870.0,865.0,870.0,529600
2026-04-10 14:40:00,870.0,870.0,860.0,865.0,2042900
2026-04-10 14:45:00,870.0,870.0,865.0,870.0,669900
2026-04-10 14:50:00,865.0,870.0,865.0,865.0,344900
2026-04-10 14:55:00,865.0,875.0,865.0,870.0,1971600
2026-04-10 15:00:00,875.0,875.0,865.0,870.0,863900
2026-04-10 15:05:00,870.0,870.0,865.0,865.0,45400
2026-04-10 15:10:00,870.0,875.0,865.0,875.0,859500
2026-04-10 15:15:00,870.0,875.0,865.0,865.0,1312700
2026-04-10 15:20:00,865.0,870.0,860.0,860.0,3735800
2026-04-10 15:25:00,860.0,865.0,860.0,865.0,225800
2026-04-10 15:30:00,865.0,870.0,860.0,865.0,656700
2026-04-10 15:35:00,870.0,870.0,865.0,870.0,568500
2026-04-10 15:40:00,870.0,870.0,865.0,865.0,1665500
2026-04-10 15:45:00,870.0,875.0,865.0,875.0,3570200
2026-04-10 16:00:00,875.0,875.0,875.0,875.0,6376600
2026-04-10 16:05:00,875.0,875.0,875.0,875.0,1374300
2026-04-10 16:10:00,875.0,875.0,875.0,875.0,84900
2026-04-13 09:00:00,875.0,925.0,875.0,915.0,0
2026-04-13 09:05:00,920.0,920.0,895.0,900.0,7326700
2026-04-13 09:10:00,900.0,910.0,895.0,905.0,3430000
2026-04-13 09:15:00,910.0,915.0,905.0,910.0,2088600
2026-04-13 09:20:00,910.0,910.0,905.0,910.0,538600
2026-04-13 09:25:00,905.0,915.0,900.0,910.0,2169100
2026-04-13 09:30:00,910.0,910.0,905.0,910.0,1078000
2026-04-13 09:35:00,905.0,910.0,905.0,905.0,294800
2026-04-13 09:40:00,910.0,910.0,905.0,910.0,395600
2026-04-13 09:45:00,910.0,910.0,905.0,910.0,940100
2026-04-13 09:50:00,905.0,910.0,905.0,910.0,3060300
2026-04-13 09:55:00,910.0,910.0,905.0,905.0,437300
2026-04-13 10:00:00,910.0,910.0,905.0,905.0,123600
2026-04-13 10:05:00,910.0,910.0,905.0,910.0,443900
2026-04-13 10:10:00,905.0,910.0,905.0,905.0,1152800
2026-04-13 10:15:00,910.0,910.0,905.0,910.0,691900
2026-04-13 10:20:00,910.0,910.0,905.0,910.0,318900
2026-04-13 10:25:00,910.0,910.0,905.0,910.0,312800
2026-04-13 10:30:00,910.0,910.0,905.0,910.0,366000
2026-04-13 10:35:00,910.0,910.0,905.0,910.0,264500
2026-04-13 10:40:00,910.0,910.0,905.0,910.0,242500
2026-04-13 10:45:00,910.0,910.0,905.0,905.0,383200
2026-04-13 10:50:00,910.0,910.0,905.0,905.0,278300
2026-04-13 10:55:00,910.0,910.0,905.0,910.0,215400
2026-04-13 11:00:00,910.0,910.0,905.0,910.0,269100
2026-04-13 11:05:00,910.0,910.0,905.0,910.0,189200
2026-04-13 11:10:00,905.0,910.0,905.0,910.0,118900
2026-04-13 11:15:00,910.0,910.0,900.0,900.0,3281600
2026-04-13 11:20:00,900.0,905.0,900.0,905.0,361700
2026-04-13 11:25:00,900.0,910.0,900.0,910.0,1304500
2026-04-13 11:30:00,910.0,910.0,905.0,910.0,95900
2026-04-13 11:35:00,910.0,915.0,905.0,915.0,1450600
2026-04-13 11:40:00,915.0,915.0,910.0,915.0,508500
2026-04-13 11:45:00,910.0,915.0,910.0,910.0,123100
2026-04-13 11:50:00,910.0,915.0,910.0,915.0,290900
2026-04-13 11:55:00,915.0,915.0,910.0,915.0,206000
2026-04-13 13:30:00,915.0,915.0,910.0,910.0,585300
2026-04-13 13:35:00,915.0,915.0,910.0,915.0,164300
2026-04-13 13:40:00,915.0,915.0,910.0,915.0,297700
2026-04-13 13:45:00,910.0,915.0,910.0,915.0,551300
2026-04-13 13:50:00,910.0,915.0,910.0,915.0,542300
2026-04-13 13:55:00,915.0,915.0,910.0,910.0,449400
2026-04-13 14:00:00,915.0,915.0,910.0,910.0,1014600
2026-04-13 14:05:00,910.0,915.0,910.0,915.0,607500
2026-04-13 14:10:00,910.0,915.0,910.0,915.0,198300
2026-04-13 14:15:00,915.0,915.0,910.0,910.0,144400
2026-04-13 14:20:00,915.0,915.0,910.0,915.0,208900
2026-04-13 14:25:00,915.0,915.0,905.0,910.0,4492300
2026-04-13 14:30:00,910.0,910.0,905.0,910.0,1068300
2026-04-13 14:35:00,910.0,910.0,905.0,910.0,522300
2026-04-13 14:40:00,910.0,910.0,900.0,905.0,2474500
2026-04-13 14:45:00,900.0,905.0,900.0,905.0,576900
2026-04-13 14:50:00,905.0,905.0,900.0,905.0,2677800
2026-04-13 14:55:00,905.0,905.0,900.0,900.0,521200
2026-04-13 15:00:00,905.0,905.0,900.0,905.0,425100
2026-04-13 15:05:00,905.0,905.0,895.0,895.0,1067000
2026-04-13 15:10:00,895.0,900.0,895.0,900.0,383800
2026-04-13 15:15:00,900.0,900.0,895.0,900.0,235000
2026-04-13 15:20:00,900.0,905.0,895.0,900.0,1381600
2026-04-13 15:25:00,905.0,905.0,900.0,905.0,167200
2026-04-13 15:30:00,905.0,905.0,900.0,900.0,288000
2026-04-13 15:35:00,900.0,905.0,900.0,905.0,322200
2026-04-13 15:40:00,905.0,905.0,900.0,900.0,640600
2026-04-13 15:45:00,905.0,905.0,900.0,905.0,1001200
2026-04-13 16:00:00,925.0,925.0,925.0,925.0,38611200
2026-04-13 16:05:00,925.0,925.0,925.0,925.0,908800
2026-04-13 16:10:00,925.0,925.0,925.0,925.0,85500
2026-04-14 09:00:00,940.0,945.0,925.0,940.0,0
2026-04-14 09:05:00,940.0,945.0,935.0,940.0,2958500
2026-04-14 09:10:00,940.0,945.0,940.0,940.0,4167400
2026-04-14 09:15:00,940.0,945.0,935.0,940.0,1243500
2026-04-14 09:20:00,935.0,940.0,935.0,940.0,581000
2026-04-14 09:25:00,940.0,940.0,935.0,940.0,354900
2026-04-14 09:30:00,935.0,940.0,935.0,935.0,357100
2026-04-14 09:35:00,935.0,940.0,935.0,940.0,835100
2026-04-14 09:40:00,935.0,940.0,935.0,935.0,449700
2026-04-14 09:45:00,935.0,945.0,935.0,940.0,1802700
2026-04-14 09:50:00,945.0,945.0,935.0,940.0,871000
2026-04-14 09:55:00,940.0,940.0,935.0,940.0,191000
2026-04-14 10:00:00,940.0,940.0,935.0,940.0,512600
2026-04-14 10:05:00,935.0,940.0,935.0,935.0,249900
2026-04-14 10:10:00,935.0,940.0,935.0,940.0,619000
2026-04-14 10:15:00,940.0,940.0,935.0,940.0,1439200
2026-04-14 10:20:00,940.0,950.0,940.0,945.0,3097800
2026-04-14 10:25:00,950.0,950.0,945.0,950.0,526300
2026-04-14 10:30:00,950.0,950.0,945.0,945.0,1180800
2026-04-14 10:35:00,945.0,950.0,945.0,945.0,326200
2026-04-14 10:40:00,945.0,950.0,945.0,945.0,717200
2026-04-14 10:45:00,945.0,950.0,945.0,950.0,163300
2026-04-14 10:50:00,945.0,950.0,945.0,945.0,372400
2026-04-14 10:55:00,945.0,950.0,940.0,940.0,823200
2026-04-14 11:00:00,945.0,945.0,940.0,940.0,108100
2026-04-14 11:05:00,940.0,945.0,940.0,940.0,61200
2026-04-14 11:10:00,945.0,945.0,940.0,940.0,107700
2026-04-14 11:15:00,945.0,945.0,940.0,945.0,159600
2026-04-14 11:20:00,945.0,945.0,940.0,940.0,83100
2026-04-14 11:25:00,945.0,945.0,940.0,940.0,60400
2026-04-14 11:30:00,940.0,945.0,940.0,945.0,195100
2026-04-14 11:35:00,945.0,945.0,940.0,945.0,595900
2026-04-14 11:40:00,945.0,945.0,940.0,940.0,201900
2026-04-14 11:45:00,940.0,945.0,940.0,945.0,37900
2026-04-14 11:50:00,940.0,945.0,940.0,940.0,775700
2026-04-14 11:55:00,945.0,945.0,940.0,945.0,1108900
2026-04-14 13:30:00,945.0,945.0,935.0,935.0,2761100
2026-04-14 13:35:00,940.0,940.0,935.0,935.0,1230400
2026-04-14 13:40:00,935.0,940.0,935.0,940.0,133200
2026-04-14 13:45:00,940.0,940.0,930.0,930.0,3078700
2026-04-14 13:50:00,935.0,935.0,930.0,935.0,176000
2026-04-14 13:55:00,930.0,935.0,925.0,925.0,2395500
2026-04-14 14:00:00,925.0,930.0,925.0,925.0,3212200
2026-04-14 14:05:00,925.0,925.0,915.0,920.0,2075800
2026-04-14 14:10:00,920.0,925.0,915.0,925.0,1708200
2026-04-14 14:15:00,925.0,930.0,920.0,930.0,657200
2026-04-14 14:20:00,930.0,930.0,920.0,930.0,1059700
2026-04-14 14:25:00,930.0,930.0,920.0,925.0,2220800
2026-04-14 14:30:00,925.0,925.0,920.0,925.0,108500
2026-04-14 14:35:00,925.0,925.0,920.0,920.0,651400
2026-04-14 14:40:00,925.0,925.0,920.0,925.0,221100
2026-04-14 14:45:00,925.0,925.0,920.0,925.0,135900
2026-04-14 14:50:00,920.0,925.0,920.0,925.0,16600
2026-04-14 14:55:00,925.0,925.0,920.0,920.0,108500
2026-04-14 15:00:00,920.0,925.0,920.0,920.0,288700
2026-04-14 15:05:00,925.0,925.0,920.0,925.0,789800
2026-04-14 15:10:00,920.0,925.0,920.0,920.0,0
2026-04-14 15:15:00,925.0,925.0,920.0,925.0,397900
2026-04-14 15:20:00,925.0,925.0,920.0,925.0,233100
2026-04-14 15:25:00,925.0,925.0,920.0,920.0,961800
2026-04-14 15:30:00,925.0,925.0,920.0,925.0,1644500
2026-04-14 15:35:00,920.0,925.0,920.0,920.0,1200900
2026-04-14 15:40:00,920.0,925.0,915.0,920.0,1747700
2026-04-14 15:45:00,915.0,920.0,915.0,920.0,893700
2026-04-14 16:00:00,920.0,920.0,920.0,920.0,835000
2026-04-14 16:05:00,920.0,920.0,920.0,920.0,66400
2026-04-14 16:10:00,920.0,920.0,920.0,920.0,11900
2026-04-15 09:00:00,930.0,935.0,925.0,935.0,0
2026-04-15 09:05:00,935.0,935.0,930.0,935.0,705700
2026-04-15 09:10:00,930.0,935.0,930.0,935.0,1237600
2026-04-15 09:15:00,935.0,935.0,930.0,930.0,1299000
2026-04-15 09:20:00,930.0,935.0,930.0,930.0,1468900
2026-04-15 09:25:00,935.0,935.0,925.0,925.0,200800
2026-04-15 09:30:00,925.0,930.0,925.0,925.0,271000
2026-04-15 09:35:00,925.0,930.0,920.0,920.0,642400
2026-04-15 09:40:00,925.0,925.0,920.0,920.0,610000
2026-04-15 09:45:00,920.0,925.0,915.0,920.0,724900
2026-04-15 09:50:00,920.0,920.0,910.0,910.0,862000
2026-04-15 09:55:00,915.0,915.0,910.0,910.0,518600
2026-04-15 10:00:00,910.0,920.0,910.0,915.0,1087900
2026-04-15 10:05:00,910.0,915.0,910.0,915.0,72900
2026-04-15 10:10:00,915.0,915.0,910.0,910.0,411000
2026-04-15 10:15:00,910.0,915.0,910.0,910.0,46000
2026-04-15 10:20:00,915.0,920.0,915.0,920.0,347300
2026-04-15 10:25:00,920.0,920.0,915.0,920.0,59900
2026-04-15 10:30:00,920.0,920.0,915.0,915.0,73800
2026-04-15 10:35:00,920.0,920.0,915.0,920.0,320600
2026-04-15 10:40:00,920.0,920.0,915.0,915.0,36100
2026-04-15 10:45:00,920.0,920.0,915.0,920.0,35400
2026-04-15 10:50:00,920.0,920.0,915.0,915.0,31100
2026-04-15 10:55:00,920.0,920.0,915.0,915.0,50500
2026-04-15 11:00:00,915.0,925.0,915.0,925.0,1784500
2026-04-15 11:05:00,925.0,925.0,920.0,925.0,37900
2026-04-15 11:10:00,925.0,925.0,920.0,925.0,54700
2026-04-15 11:15:00,925.0,925.0,920.0,925.0,29500
2026-04-15 11:20:00,925.0,930.0,925.0,925.0,785700
2026-04-15 11:25:00,925.0,930.0,925.0,925.0,574000
2026-04-15 11:30:00,925.0,925.0,920.0,925.0,0
2026-04-15 11:35:00,920.0,925.0,920.0,920.0,543700
2026-04-15 11:40:00,920.0,925.0,920.0,925.0,438700
2026-04-15 11:45:00,920.0,925.0,920.0,920.0,46000
2026-04-15 11:50:00,920.0,925.0,915.0,920.0,92200
2026-04-15 11:55:00,920.0,925.0,920.0,920.0,69800
2026-04-15 13:30:00,920.0,925.0,915.0,925.0,325800
2026-04-15 13:35:00,925.0,925.0,920.0,925.0,143400
2026-04-15 13:40:00,925.0,925.0,920.0,925.0,200000
2026-04-15 13:45:00,925.0,925.0,920.0,925.0,128900
2026-04-15 13:50:00,925.0,925.0,920.0,925.0,182300
2026-04-15 13:55:00,925.0,925.0,915.0,915.0,513600
2026-04-15 14:00:00,920.0,925.0,915.0,920.0,256400
2026-04-15 14:05:00,920.0,920.0,915.0,920.0,171000
2026-04-15 14:10:00,920.0,920.0,915.0,915.0,324400
2026-04-15 14:15:00,920.0,920.0,915.0,915.0,311800
2026-04-15 14:20:00,915.0,920.0,915.0,915.0,647100
2026-04-15 14:25:00,920.0,920.0,915.0,915.0,486900
2026-04-15 14:30:00,920.0,925.0,915.0,915.0,362700
2026-04-15 14:35:00,915.0,920.0,915.0,915.0,355400
2026-04-15 14:40:00,920.0,920.0,915.0,915.0,321900
2026-04-15 14:45:00,915.0,920.0,915.0,915.0,304500
2026-04-15 14:50:00,920.0,925.0,915.0,920.0,476100
2026-04-15 14:55:00,920.0,925.0,920.0,920.0,297700
2026-04-15 15:00:00,920.0,925.0,915.0,920.0,561700
2026-04-15 15:05:00,925.0,925.0,920.0,920.0,219900
2026-04-15 15:10:00,920.0,925.0,915.0,915.0,225000
2026-04-15 15:15:00,920.0,925.0,910.0,910.0,1048100
2026-04-15 15:20:00,915.0,915.0,910.0,910.0,558200
2026-04-15 15:25:00,915.0,920.0,915.0,920.0,375800
2026-04-15 15:30:00,915.0,930.0,915.0,920.0,1335500
2026-04-15 15:35:00,920.0,925.0,920.0,920.0,333200
2026-04-15 15:40:00,925.0,925.0,920.0,920.0,295100
2026-04-15 15:45:00,920.0,925.0,920.0,925.0,1182900
2026-04-15 16:00:00,920.0,920.0,920.0,920.0,1233100
2026-04-15 16:05:00,920.0,920.0,920.0,920.0,59000
2026-04-15 16:10:00,920.0,920.0,920.0,920.0,12100
2026-04-16 09:00:00,935.0,945.0,930.0,945.0,0
2026-04-16 09:05:00,940.0,945.0,930.0,935.0,2232400
2026-04-16 09:10:00,935.0,935.0,925.0,930.0,880900
2026-04-16 09:15:00,930.0,935.0,930.0,930.0,168500
2026-04-16 09:20:00,930.0,935.0,925.0,930.0,1242500
2026-04-16 09:25:00,925.0,930.0,925.0,930.0,686400
2026-04-16 09:30:00,930.0,935.0,925.0,930.0,265000
2026-04-16 09:35:00,925.0,930.0,925.0,925.0,100800
2026-04-16 09:40:00,925.0,935.0,925.0,930.0,174300
2026-04-16 09:45:00,935.0,935.0,930.0,935.0,136600
2026-04-16 09:50:00,935.0,940.0,930.0,940.0,945300
2026-04-16 09:55:00,940.0,945.0,940.0,940.0,2467200
2026-04-16 10:00:00,940.0,940.0,935.0,940.0,801200
2026-04-16 10:05:00,940.0,940.0,935.0,940.0,216500
2026-04-16 10:10:00,940.0,940.0,930.0,935.0,1461700
2026-04-16 10:15:00,930.0,935.0,925.0,935.0,2242800
2026-04-16 10:20:00,935.0,935.0,930.0,935.0,219700
2026-04-16 10:25:00,935.0,935.0,930.0,930.0,223500
2026-04-16 10:30:00,930.0,935.0,930.0,935.0,242000
2026-04-16 10:35:00,935.0,935.0,925.0,930.0,895000
2026-04-16 10:40:00,925.0,930.0,925.0,930.0,540400
2026-04-16 10:45:00,925.0,930.0,920.0,925.0,1407100
2026-04-16 10:50:00,925.0,925.0,920.0,920.0,357000
2026-04-16 10:55:00,920.0,925.0,920.0,920.0,62300
2026-04-16 11:00:00,925.0,925.0,920.0,925.0,133900
2026-04-16 11:05:00,925.0,925.0,920.0,920.0,131500
2026-04-16 11:10:00,920.0,925.0,920.0,920.0,112900
2026-04-16 11:15:00,925.0,925.0,920.0,920.0,62900
2026-04-16 11:20:00,920.0,925.0,915.0,920.0,812500
2026-04-16 11:25:00,915.0,925.0,915.0,925.0,257100
2026-04-16 11:30:00,925.0,925.0,915.0,920.0,232900
2026-04-16 11:35:00,920.0,920.0,915.0,920.0,61500
2026-04-16 11:40:00,915.0,920.0,915.0,915.0,90900
2026-04-16 11:45:00,915.0,920.0,915.0,920.0,127800
2026-04-16 11:50:00,915.0,925.0,915.0,925.0,429800
2026-04-16 11:55:00,925.0,925.0,920.0,925.0,112500
2026-04-16 13:30:00,925.0,930.0,920.0,930.0,1247700
2026-04-16 13:35:00,930.0,935.0,925.0,930.0,740600
2026-04-16 13:40:00,930.0,935.0,925.0,930.0,404700
2026-04-16 13:45:00,930.0,930.0,925.0,925.0,135800
2026-04-16 13:50:00,930.0,930.0,925.0,930.0,92400
2026-04-16 13:55:00,930.0,930.0,925.0,930.0,156300
2026-04-16 14:00:00,930.0,930.0,925.0,930.0,181400
2026-04-16 14:05:00,930.0,930.0,925.0,930.0,471300
2026-04-16 14:10:00,930.0,930.0,925.0,930.0,101000
2026-04-16 14:15:00,930.0,935.0,930.0,935.0,244400
2026-04-16 14:20:00,935.0,935.0,930.0,935.0,62700
2026-04-16 14:25:00,935.0,935.0,930.0,935.0,110800
2026-04-16 14:30:00,935.0,935.0,925.0,930.0,594400
2026-04-16 14:35:00,930.0,930.0,925.0,930.0,238300
2026-04-16 14:40:00,930.0,935.0,930.0,935.0,357800
2026-04-16 14:45:00,935.0,950.0,930.0,950.0,6861500
2026-04-16 14:50:00,950.0,950.0,940.0,945.0,2956500
2026-04-16 14:55:00,945.0,950.0,940.0,945.0,908700
2026-04-16 15:00:00,945.0,950.0,940.0,945.0,767200
2026-04-16 15:05:00,945.0,945.0,940.0,945.0,479800
2026-04-16 15:10:00,945.0,945.0,940.0,945.0,242700
2026-04-16 15:15:00,945.0,945.0,940.0,945.0,481100
2026-04-16 15:20:00,945.0,945.0,940.0,945.0,320000
2026-04-16 15:25:00,940.0,950.0,940.0,950.0,2170700
2026-04-16 15:30:00,950.0,950.0,945.0,950.0,167000
2026-04-16 15:35:00,945.0,950.0,945.0,945.0,517400
2026-04-16 15:40:00,950.0,955.0,945.0,950.0,4282200
2026-04-16 15:45:00,955.0,960.0,950.0,950.0,1423000
2026-04-16 16:00:00,955.0,955.0,955.0,955.0,3702600
2026-04-16 16:05:00,955.0,955.0,955.0,955.0,570300
2026-04-16 16:10:00,955.0,955.0,955.0,955.0,0
2026-04-17 09:00:00,965.0,970.0,950.0,950.0,0
2026-04-17 09:05:00,950.0,960.0,940.0,960.0,4474000
2026-04-17 09:10:00,955.0,960.0,950.0,955.0,914500
2026-04-17 09:15:00,955.0,975.0,955.0,965.0,6397600
2026-04-17 09:20:00,970.0,975.0,960.0,965.0,3111700
2026-04-17 09:25:00,965.0,965.0,950.0,955.0,2797200
2026-04-17 09:30:00,950.0,965.0,950.0,960.0,951600
2026-04-17 09:35:00,965.0,965.0,960.0,960.0,261300
2026-04-17 09:40:00,960.0,965.0,955.0,960.0,662500
2026-04-17 09:45:00,965.0,965.0,955.0,960.0,1306500
2026-04-17 09:50:00,955.0,965.0,950.0,950.0,1812400
2026-04-17 09:55:00,950.0,955.0,950.0,950.0,229200
2026-04-17 10:00:00,950.0,955.0,950.0,950.0,751100
2026-04-17 10:05:00,950.0,955.0,950.0,950.0,167900
2026-04-17 10:10:00,955.0,955.0,950.0,950.0,839300
2026-04-17 10:15:00,955.0,955.0,950.0,950.0,133900
2026-04-17 10:20:00,955.0,955.0,950.0,950.0,597900
2026-04-17 10:25:00,950.0,955.0,950.0,955.0,723500
2026-04-17 10:30:00,955.0,955.0,945.0,950.0,1225400
2026-04-17 10:35:00,950.0,950.0,945.0,945.0,300500
2026-04-17 10:40:00,945.0,955.0,945.0,950.0,742800
2026-04-17 10:45:00,950.0,955.0,950.0,950.0,139000
2026-04-17 10:50:00,950.0,955.0,950.0,950.0,97400
2026-04-17 10:55:00,950.0,955.0,950.0,950.0,94500
2026-04-17 11:00:00,950.0,955.0,950.0,950.0,185800
2026-04-17 11:05:00,950.0,955.0,950.0,955.0,337200
2026-04-17 11:10:00,955.0,955.0,950.0,950.0,33800
2026-04-17 11:15:00,955.0,955.0,950.0,955.0,623700
2026-04-17 11:20:00,955.0,955.0,950.0,950.0,100600
2026-04-17 11:25:00,950.0,955.0,950.0,950.0,141800
2026-04-17 14:00:00,950.0,955.0,950.0,955.0,1990700
2026-04-17 14:05:00,955.0,960.0,955.0,955.0,416600
2026-04-17 14:10:00,955.0,960.0,950.0,950.0,699900
2026-04-17 14:15:00,950.0,955.0,950.0,955.0,1264800
2026-04-17 14:20:00,955.0,960.0,950.0,955.0,1631300
2026-04-17 14:25:00,955.0,960.0,955.0,955.0,329000
2026-04-17 14:30:00,955.0,960.0,950.0,950.0,306200
2026-04-17 14:35:00,950.0,955.0,950.0,955.0,246900
2026-04-17 14:40:00,955.0,955.0,950.0,955.0,156100
2026-04-17 14:45:00,950.0,955.0,945.0,950.0,409800
2026-04-17 14:50:00,945.0,950.0,945.0,945.0,642200
2026-04-17 14:55:00,945.0,955.0,945.0,950.0,820300
2026-04-17 15:00:00,950.0,955.0,950.0,955.0,158900
2026-04-17 15:05:00,955.0,955.0,950.0,955.0,377700
2026-04-17 15:10:00,950.0,955.0,950.0,950.0,1539100
2026-04-17 15:15:00,955.0,955.0,945.0,950.0,1634900
2026-04-17 15:20:00,945.0,950.0,945.0,945.0,201900
2026-04-17 15:25:00,950.0,955.0,945.0,950.0,700100
2026-04-17 15:30:00,950.0,955.0,950.0,955.0,512400
2026-04-17 15:35:00,950.0,955.0,950.0,955.0,1131100
2026-04-17 15:40:00,950.0,950.0,945.0,945.0,638200
2026-04-17 15:45:00,945.0,950.0,940.0,945.0,1658300
2026-04-17 16:00:00,950.0,950.0,950.0,950.0,2695500
2026-04-17 16:05:00,950.0,950.0,950.0,950.0,37200
2026-04-17 16:10:00,950.0,950.0,950.0,950.0,853000
2026-04-20 09:00:00,950.0,950.0,935.0,945.0,0
2026-04-20 09:05:00,945.0,945.0,925.0,925.0,1349000
2026-04-20 09:10:00,930.0,940.0,925.0,940.0,783200
2026-04-20 09:15:00,940.0,940.0,935.0,940.0,155100
2026-04-20 09:20:00,940.0,940.0,935.0,940.0,269100
2026-04-20 09:25:00,940.0,945.0,935.0,940.0,523300
2026-04-20 09:30:00,940.0,945.0,935.0,940.0,526500
2026-04-20 09:35:00,945.0,945.0,940.0,940.0,96000
2026-04-20 09:40:00,940.0,945.0,940.0,945.0,46500
2026-04-20 09:45:00,940.0,945.0,940.0,940.0,50500
2026-04-20 09:50:00,940.0,945.0,940.0,940.0,299000
2026-04-20 09:55:00,940.0,945.0,940.0,940.0,326200
2026-04-20 10:00:00,940.0,945.0,940.0,940.0,493600
2026-04-20 10:05:00,945.0,945.0,940.0,945.0,954500
2026-04-20 10:10:00,945.0,950.0,945.0,945.0,229400
2026-04-20 10:15:00,950.0,955.0,945.0,950.0,1811600
2026-04-20 10:20:00,950.0,950.0,940.0,940.0,1399200
2026-04-20 10:25:00,940.0,940.0,930.0,935.0,1193100
2026-04-20 10:30:00,935.0,935.0,925.0,930.0,1586300
2026-04-20 10:35:00,925.0,930.0,925.0,925.0,664500
2026-04-20 10:40:00,925.0,930.0,925.0,930.0,362600
2026-04-20 10:45:00,925.0,930.0,915.0,915.0,1609400
2026-04-20 10:50:00,920.0,925.0,920.0,925.0,323900
2026-04-20 10:55:00,925.0,925.0,920.0,925.0,183800
2026-04-20 11:00:00,920.0,925.0,920.0,925.0,174700
2026-04-20 11:05:00,925.0,930.0,925.0,930.0,140700
2026-04-20 11:10:00,930.0,930.0,925.0,930.0,63900
2026-04-20 11:15:00,930.0,930.0,925.0,930.0,9600
2026-04-20 11:20:00,930.0,930.0,925.0,925.0,13300
2026-04-20 11:25:00,925.0,930.0,925.0,930.0,37900
2026-04-20 16:10:00,915.0,915.0,915.0,915.0,12839400
2026-04-21 09:00:00,915.0,920.0,910.0,920.0,0
2026-04-21 09:05:00,920.0,925.0,920.0,925.0,238100
2026-04-21 09:10:00,920.0,925.0,910.0,910.0,1440700
2026-04-21 09:15:00,910.0,915.0,905.0,910.0,2014000
2026-04-21 09:20:00,905.0,915.0,905.0,910.0,552300
2026-04-21 09:25:00,915.0,915.0,910.0,910.0,54700
2026-04-21 09:30:00,910.0,915.0,910.0,910.0,110000
2026-04-21 09:35:00,910.0,920.0,910.0,920.0,1380800
2026-04-21 09:40:00,920.0,920.0,915.0,920.0,155000
2026-04-21 09:45:00,920.0,920.0,910.0,915.0,889600
2026-04-21 09:50:00,915.0,915.0,910.0,910.0,32100
2026-04-21 09:55:00,915.0,915.0,910.0,915.0,190800
2026-04-21 10:00:00,915.0,915.0,910.0,910.0,254800
2026-04-21 10:05:00,915.0,915.0,910.0,915.0,38200
2026-04-21 10:10:00,915.0,915.0,910.0,915.0,143200
2026-04-21 10:15:00,915.0,920.0,910.0,920.0,840200
2026-04-21 10:20:00,920.0,920.0,915.0,915.0,146800
2026-04-21 10:25:00,920.0,920.0,915.0,915.0,44700
2026-04-21 10:30:00,920.0,920.0,915.0,920.0,62100
2026-04-21 10:35:00,920.0,920.0,915.0,920.0,15300
2026-04-21 10:40:00,920.0,920.0,915.0,920.0,26300
2026-04-21 10:45:00,920.0,920.0,915.0,920.0,54100
2026-04-21 10:50:00,915.0,920.0,915.0,920.0,26000
2026-04-21 10:55:00,920.0,920.0,915.0,920.0,48400
2026-04-21 11:00:00,915.0,920.0,915.0,920.0,324500
2026-04-21 11:05:00,920.0,920.0,915.0,915.0,26100
2026-04-21 11:10:00,920.0,920.0,915.0,915.0,21400
2026-04-21 11:15:00,920.0,920.0,915.0,920.0,23600
2026-04-21 11:20:00,920.0,925.0,920.0,925.0,821800
2026-04-21 11:25:00,920.0,925.0,920.0,925.0,21000
2026-04-21 11:30:00,920.0,925.0,920.0,925.0,48300
2026-04-21 11:35:00,920.0,925.0,920.0,925.0,202900
2026-04-21 11:40:00,925.0,925.0,920.0,920.0,14700
2026-04-21 11:45:00,920.0,925.0,920.0,920.0,349100
2026-04-21 11:50:00,925.0,925.0,920.0,925.0,0
2026-04-21 11:55:00,920.0,925.0,920.0,925.0,128000
2026-04-21 13:30:00,925.0,925.0,920.0,920.0,34000
2026-04-21 13:35:00,920.0,920.0,915.0,920.0,1427200
2026-04-21 13:40:00,915.0,920.0,915.0,915.0,54300
2026-04-21 13:45:00,920.0,920.0,915.0,915.0,10500
2026-04-21 13:50:00,915.0,920.0,915.0,915.0,18300
2026-04-21 13:55:00,915.0,920.0,915.0,920.0,278600
2026-04-21 14:00:00,920.0,920.0,915.0,915.0,104100
2026-04-21 14:05:00,915.0,920.0,915.0,915.0,94700
2026-04-21 14:10:00,915.0,920.0,915.0,915.0,30400
2026-04-21 14:15:00,920.0,920.0,915.0,915.0,16800
2026-04-21 14:20:00,920.0,920.0,915.0,915.0,251100
2026-04-21 14:25:00,920.0,920.0,915.0,920.0,87500
2026-04-21 14:30:00,915.0,920.0,915.0,920.0,207800
2026-04-21 14:35:00,920.0,920.0,915.0,915.0,72200
2026-04-21 14:40:00,920.0,920.0,915.0,920.0,270500
2026-04-21 14:45:00,920.0,920.0,915.0,920.0,61000
2026-04-21 14:50:00,920.0,920.0,915.0,915.0,132100
2026-04-21 14:55:00,920.0,920.0,915.0,920.0,44100
2026-04-21 15:00:00,915.0,920.0,915.0,915.0,142700
2026-04-21 15:05:00,915.0,920.0,910.0,915.0,729600
2026-04-21 15:10:00,915.0,915.0,910.0,910.0,14100
2026-04-21 15:15:00,915.0,920.0,910.0,920.0,345600
2026-04-21 15:20:00,920.0,920.0,920.0,920.0,247700
2026-04-21 15:25:00,920.0,920.0,915.0,920.0,177800
2026-04-21 15:30:00,920.0,920.0,915.0,915.0,202900
2026-04-21 15:35:00,920.0,925.0,915.0,920.0,630700
2026-04-21 15:40:00,925.0,925.0,915.0,915.0,503800
2026-04-21 15:45:00,920.0,920.0,915.0,915.0,301900
2026-04-21 16:00:00,905.0,905.0,905.0,905.0,5984700
2026-04-21 16:05:00,905.0,905.0,905.0,905.0,98900
2026-04-21 16:10:00,905.0,905.0,905.0,905.0,2200
2026-04-22 09:00:00,910.0,920.0,910.0,915.0,0
2026-04-22 09:05:00,915.0,915.0,910.0,915.0,304800
2026-04-22 09:10:00,915.0,925.0,915.0,925.0,634900
2026-04-22 09:15:00,920.0,925.0,915.0,920.0,140000
2026-04-22 09:20:00,920.0,930.0,920.0,930.0,529200
2026-04-22 09:25:00,930.0,930.0,925.0,925.0,446100
2026-04-22 09:30:00,925.0,930.0,925.0,930.0,7300
2026-04-22 09:35:00,930.0,930.0,920.0,920.0,729300
2026-04-22 09:40:00,925.0,930.0,920.0,925.0,905000
2026-04-22 09:45:00,925.0,925.0,920.0,920.0,39500
2026-04-22 09:50:00,925.0,925.0,915.0,920.0,229000
2026-04-22 09:55:00,920.0,920.0,915.0,920.0,85800
2026-04-22 10:00:00,920.0,920.0,915.0,920.0,144100
2026-04-22 10:05:00,920.0,920.0,915.0,920.0,65300
2026-04-22 10:10:00,920.0,920.0,915.0,920.0,89100
2026-04-22 10:15:00,920.0,920.0,915.0,920.0,99100
2026-04-22 10:20:00,915.0,920.0,915.0,920.0,90300
2026-04-22 10:25:00,920.0,920.0,915.0,920.0,93600
2026-04-22 10:30:00,915.0,920.0,910.0,915.0,696800
2026-04-22 10:35:00,920.0,920.0,910.0,915.0,154600
2026-04-22 10:40:00,915.0,920.0,915.0,915.0,53000
2026-04-22 10:45:00,910.0,915.0,910.0,910.0,256200
2026-04-22 10:50:00,915.0,915.0,910.0,915.0,34600
2026-04-22 10:55:00,915.0,915.0,910.0,910.0,5400
2026-04-22 11:00:00,910.0,915.0,905.0,910.0,342800
2026-04-22 11:05:00,910.0,915.0,905.0,910.0,224700
2026-04-22 11:10:00,910.0,910.0,910.0,910.0,84900
2026-04-22 11:15:00,915.0,915.0,910.0,915.0,90700
2026-04-22 11:20:00,910.0,915.0,910.0,910.0,42600
2026-04-22 11:25:00,915.0,915.0,915.0,915.0,0
2026-04-22 11:30:00,910.0,910.0,910.0,910.0,12400
2026-04-22 11:35:00,910.0,915.0,910.0,915.0,18000
2026-04-22 11:40:00,915.0,915.0,910.0,915.0,100300
2026-04-22 11:45:00,915.0,915.0,910.0,910.0,17900
2026-04-22 11:50:00,910.0,910.0,910.0,910.0,163700
2026-04-22 11:55:00,910.0,915.0,910.0,910.0,82000
2026-04-22 13:30:00,910.0,915.0,910.0,915.0,69700
2026-04-22 13:35:00,915.0,915.0,910.0,915.0,8100
2026-04-22 13:40:00,915.0,915.0,910.0,915.0,3200
2026-04-22 13:45:00,910.0,915.0,910.0,915.0,10900
2026-04-22 13:50:00,910.0,915.0,910.0,915.0,19500
2026-04-22 13:55:00,910.0,915.0,910.0,910.0,198200
2026-04-22 14:00:00,915.0,915.0,910.0,910.0,7900
2026-04-22 14:05:00,910.0,910.0,905.0,910.0,562100
2026-04-22 14:10:00,910.0,910.0,905.0,910.0,14900
2026-04-22 14:15:00,910.0,910.0,905.0,905.0,67000
2026-04-22 14:20:00,905.0,910.0,905.0,910.0,408700
2026-04-22 14:25:00,915.0,915.0,910.0,910.0,47500
2026-04-22 14:30:00,910.0,915.0,910.0,915.0,46400
2026-04-22 14:35:00,910.0,915.0,910.0,915.0,54500
2026-04-22 14:40:00,910.0,915.0,910.0,915.0,24900
2026-04-22 14:45:00,915.0,915.0,910.0,915.0,43300
2026-04-22 14:50:00,910.0,915.0,910.0,915.0,12500
2026-04-22 14:55:00,915.0,915.0,910.0,915.0,65100
2026-04-22 15:00:00,910.0,910.0,910.0,910.0,234600
2026-04-22 15:05:00,910.0,910.0,905.0,910.0,122400
2026-04-22 15:10:00,910.0,910.0,905.0,905.0,119500
2026-04-22 15:15:00,910.0,910.0,905.0,910.0,17000
2026-04-22 15:20:00,910.0,910.0,905.0,905.0,40000
2026-04-22 15:25:00,910.0,910.0,905.0,905.0,238800
2026-04-22 15:30:00,905.0,910.0,905.0,905.0,385600
2026-04-22 15:35:00,905.0,910.0,905.0,905.0,179400
2026-04-22 15:40:00,905.0,910.0,905.0,910.0,225700
2026-04-22 15:45:00,905.0,910.0,905.0,910.0,253800
2026-04-22 16:00:00,905.0,905.0,905.0,905.0,1194900
2026-04-22 16:05:00,905.0,905.0,905.0,905.0,390500
2026-04-22 16:10:00,905.0,905.0,905.0,905.0,2300
2026-04-23 09:00:00,910.0,915.0,905.0,910.0,0
2026-04-23 09:05:00,915.0,915.0,905.0,910.0,433800
2026-04-23 09:10:00,910.0,915.0,905.0,905.0,159600
2026-04-23 09:15:00,905.0,910.0,900.0,905.0,726500
2026-04-23 09:20:00,905.0,910.0,905.0,910.0,96100
2026-04-23 09:25:00,910.0,910.0,905.0,910.0,87000
2026-04-23 09:30:00,910.0,910.0,905.0,910.0,160100
2026-04-23 09:35:00,910.0,910.0,905.0,905.0,302500
2026-04-23 09:40:00,905.0,910.0,900.0,900.0,131100
2026-04-23 09:45:00,905.0,905.0,900.0,900.0,92600
2026-04-23 09:50:00,905.0,905.0,900.0,905.0,232000
2026-04-23 09:55:00,900.0,905.0,895.0,895.0,1076500
2026-04-23 10:00:00,895.0,900.0,890.0,895.0,1033000
2026-04-23 10:05:00,895.0,895.0,885.0,895.0,1469200
2026-04-23 10:10:00,890.0,890.0,885.0,890.0,469300
2026-04-23 10:15:00,890.0,890.0,880.0,885.0,1306700
2026-04-23 10:20:00,885.0,890.0,885.0,885.0,545000
2026-04-23 10:25:00,890.0,890.0,880.0,885.0,351200
2026-04-23 10:30:00,880.0,885.0,875.0,875.0,2408800
2026-04-23 10:35:00,875.0,880.0,875.0,875.0,510200
2026-04-23 10:40:00,880.0,880.0,870.0,875.0,506600
2026-04-23 10:45:00,870.0,880.0,870.0,875.0,365900
2026-04-23 10:50:00,875.0,880.0,870.0,870.0,640100
2026-04-23 10:55:00,875.0,880.0,870.0,880.0,290700
2026-04-23 11:00:00,875.0,875.0,870.0,870.0,464700
2026-04-23 11:05:00,870.0,880.0,870.0,880.0,609600
2026-04-23 11:10:00,875.0,880.0,870.0,870.0,744100
2026-04-23 11:15:00,875.0,885.0,870.0,880.0,628400
2026-04-23 11:20:00,880.0,885.0,880.0,880.0,417900
2026-04-23 11:25:00,880.0,885.0,880.0,880.0,26400
2026-04-23 11:30:00,880.0,885.0,880.0,885.0,131100
2026-04-23 11:35:00,885.0,885.0,880.0,885.0,92800
2026-04-23 11:40:00,885.0,885.0,880.0,885.0,100800
2026-04-23 11:45:00,885.0,885.0,880.0,885.0,119100
2026-04-23 11:50:00,885.0,885.0,880.0,880.0,344000
2026-04-23 11:55:00,880.0,885.0,880.0,885.0,145300
2026-04-23 13:30:00,885.0,885.0,875.0,875.0,334800
2026-04-23 13:35:00,880.0,880.0,875.0,875.0,87200
2026-04-23 13:40:00,875.0,880.0,875.0,875.0,460800
2026-04-23 13:45:00,875.0,880.0,875.0,880.0,67100
2026-04-23 13:50:00,875.0,880.0,875.0,880.0,79900
2026-04-23 13:55:00,880.0,880.0,875.0,875.0,80800
2026-04-23 14:00:00,875.0,880.0,870.0,870.0,511500
2026-04-23 14:05:00,875.0,880.0,870.0,875.0,74300
2026-04-23 14:10:00,875.0,880.0,875.0,875.0,85900
2026-04-23 14:15:00,880.0,880.0,875.0,880.0,89600
2026-04-23 14:20:00,880.0,880.0,875.0,875.0,113100
2026-04-23 14:25:00,880.0,880.0,870.0,870.0,424900
2026-04-23 14:30:00,875.0,880.0,870.0,880.0,392000
2026-04-23 14:35:00,875.0,880.0,875.0,880.0,159700
2026-04-23 14:40:00,880.0,880.0,875.0,880.0,74600
2026-04-23 14:45:00,880.0,880.0,875.0,875.0,141400
2026-04-23 14:50:00,875.0,880.0,875.0,875.0,78200
2026-04-23 14:55:00,880.0,880.0,870.0,875.0,351800
2026-04-23 15:00:00,875.0,875.0,870.0,875.0,25300
2026-04-23 15:05:00,875.0,880.0,870.0,870.0,1634500
2026-04-23 15:10:00,870.0,870.0,865.0,870.0,188900
2026-04-23 15:15:00,865.0,870.0,865.0,865.0,198100
2026-04-23 15:20:00,865.0,870.0,865.0,870.0,77700
2026-04-23 15:25:00,870.0,870.0,865.0,865.0,472800
2026-04-23 15:30:00,870.0,870.0,865.0,870.0,109200
2026-04-23 15:35:00,870.0,875.0,870.0,875.0,341500
2026-04-23 15:40:00,870.0,875.0,865.0,875.0,211100
2026-04-23 15:45:00,875.0,880.0,875.0,875.0,180000
2026-04-23 16:00:00,870.0,870.0,870.0,870.0,1006200
2026-04-23 16:05:00,870.0,870.0,870.0,870.0,163400
2026-04-23 16:10:00,870.0,870.0,870.0,870.0,41000
2026-04-24 09:00:00,875.0,885.0,870.0,885.0,0
2026-04-24 09:05:00,885.0,885.0,870.0,880.0,501500
2026-04-24 09:10:00,880.0,890.0,880.0,890.0,334200
2026-04-24 09:15:00,890.0,890.0,885.0,890.0,404500
2026-04-24 09:20:00,885.0,890.0,875.0,875.0,740800
2026-04-24 09:25:00,880.0,880.0,870.0,875.0,1044600
2026-04-24 09:30:00,870.0,875.0,870.0,875.0,263000
2026-04-24 09:35:00,870.0,875.0,870.0,875.0,299000
2026-04-24 09:40:00,875.0,875.0,860.0,860.0,804900
2026-04-24 09:45:00,860.0,865.0,860.0,860.0,795100
2026-04-24 09:50:00,865.0,865.0,860.0,860.0,303600
2026-04-24 09:55:00,860.0,865.0,855.0,855.0,484400
2026-04-24 10:00:00,860.0,860.0,855.0,860.0,116000
2026-04-24 10:05:00,860.0,865.0,860.0,860.0,53700
2026-04-24 10:10:00,865.0,865.0,855.0,865.0,152200
2026-04-24 10:15:00,865.0,865.0,855.0,860.0,184600
2026-04-24 10:20:00,860.0,860.0,850.0,850.0,1120400
2026-04-24 10:25:00,855.0,855.0,850.0,850.0,319600
2026-04-24 10:30:00,850.0,855.0,845.0,850.0,1034000
2026-04-24 10:35:00,850.0,855.0,850.0,850.0,104500
2026-04-24 10:40:00,850.0,855.0,850.0,850.0,506700
2026-04-24 10:45:00,850.0,855.0,850.0,850.0,63300
2026-04-24 10:50:00,855.0,860.0,850.0,855.0,451000
2026-04-24 10:55:00,855.0,860.0,855.0,855.0,372900
2026-04-24 11:00:00,855.0,860.0,850.0,860.0,69600
2026-04-24 11:05:00,860.0,860.0,855.0,860.0,98600
2026-04-24 11:10:00,860.0,860.0,860.0,860.0,5000
2026-04-24 11:15:00,860.0,860.0,850.0,850.0,1566300
2026-04-24 11:20:00,850.0,855.0,845.0,850.0,115800
2026-04-24 11:25:00,845.0,850.0,845.0,845.0,416000
2026-04-24 14:00:00,845.0,850.0,835.0,840.0,2392300
2026-04-24 14:05:00,835.0,840.0,830.0,835.0,764400
2026-04-24 14:10:00,835.0,845.0,830.0,840.0,866400
2026-04-24 14:15:00,840.0,845.0,840.0,840.0,125900
2026-04-24 14:20:00,845.0,845.0,840.0,840.0,113300
2026-04-24 14:25:00,840.0,850.0,840.0,840.0,818100
2026-04-24 14:30:00,840.0,850.0,840.0,850.0,938600
2026-04-24 14:35:00,850.0,850.0,845.0,845.0,0
2026-04-24 14:40:00,850.0,850.0,845.0,850.0,35500
2026-04-24 14:45:00,850.0,850.0,845.0,845.0,37900
2026-04-24 14:50:00,845.0,850.0,845.0,845.0,254100
2026-04-24 14:55:00,850.0,850.0,840.0,845.0,245000
2026-04-24 15:00:00,845.0,845.0,835.0,835.0,192100
2026-04-24 15:05:00,840.0,840.0,835.0,840.0,194100
2026-04-24 15:10:00,835.0,840.0,830.0,840.0,2030900
2026-04-24 15:15:00,835.0,840.0,835.0,835.0,700800
2026-04-24 15:20:00,835.0,840.0,835.0,835.0,51900
2026-04-24 15:25:00,835.0,840.0,830.0,830.0,462900
2026-04-24 15:30:00,830.0,835.0,830.0,835.0,138500
2026-04-24 15:35:00,830.0,835.0,830.0,835.0,77000
2026-04-24 15:40:00,830.0,850.0,830.0,845.0,2163300
2026-04-24 15:45:00,850.0,850.0,840.0,845.0,256900
2026-04-24 16:00:00,850.0,850.0,850.0,850.0,1558600
2026-04-24 16:05:00,850.0,850.0,850.0,850.0,3400
2026-04-24 16:10:00,850.0,850.0,850.0,850.0,14500
2026-04-27 09:00:00,855.0,880.0,855.0,875.0,0
2026-04-27 09:05:00,880.0,880.0,870.0,875.0,321100
2026-04-27 09:10:00,875.0,875.0,855.0,855.0,1227900
2026-04-27 09:15:00,855.0,865.0,855.0,860.0,1854900
2026-04-27 09:20:00,865.0,865.0,855.0,860.0,1781500
2026-04-27 09:25:00,855.0,860.0,850.0,855.0,546100
2026-04-27 09:30:00,860.0,865.0,855.0,860.0,331500
2026-04-27 09:35:00,860.0,860.0,850.0,850.0,501200
2026-04-27 09:40:00,850.0,855.0,850.0,855.0,40800
2026-04-27 09:45:00,855.0,855.0,850.0,855.0,85500
2026-04-27 09:50:00,855.0,855.0,850.0,855.0,247700
2026-04-27 09:55:00,850.0,855.0,845.0,850.0,510400
2026-04-27 10:00:00,845.0,855.0,845.0,850.0,20900
2026-04-27 10:05:00,850.0,855.0,845.0,855.0,173100
2026-04-27 10:10:00,850.0,855.0,850.0,855.0,114100
2026-04-27 10:15:00,855.0,855.0,835.0,845.0,2006600
2026-04-27 10:20:00,845.0,850.0,845.0,850.0,106700
2026-04-27 10:25:00,845.0,850.0,845.0,850.0,23600
2026-04-27 10:30:00,850.0,850.0,845.0,850.0,109400
2026-04-27 10:35:00,850.0,850.0,845.0,845.0,199300
2026-04-27 10:40:00,855.0,855.0,840.0,845.0,947500
2026-04-27 10:45:00,845.0,850.0,840.0,840.0,253300
2026-04-27 10:50:00,845.0,845.0,840.0,845.0,65200
2026-04-27 10:55:00,845.0,845.0,840.0,845.0,35900
2026-04-27 11:00:00,840.0,845.0,835.0,840.0,561600
2026-04-27 11:05:00,840.0,845.0,840.0,845.0,392300
2026-04-27 11:10:00,845.0,850.0,840.0,845.0,658300
2026-04-27 11:15:00,845.0,845.0,840.0,840.0,210700
2026-04-27 11:20:00,840.0,845.0,840.0,840.0,82200
2026-04-27 11:25:00,840.0,845.0,840.0,845.0,223000
2026-04-27 11:30:00,845.0,845.0,840.0,845.0,201400
2026-04-27 11:35:00,845.0,845.0,840.0,845.0,117900
2026-04-27 11:40:00,845.0,850.0,840.0,845.0,1705000
2026-04-27 11:45:00,845.0,845.0,840.0,845.0,48300
2026-04-27 11:50:00,845.0,845.0,840.0,845.0,16900
2026-04-27 11:55:00,840.0,845.0,840.0,840.0,36900
2026-04-27 13:30:00,840.0,845.0,835.0,840.0,860300
2026-04-27 13:35:00,835.0,840.0,835.0,840.0,43800
2026-04-27 13:40:00,840.0,840.0,835.0,840.0,74300
2026-04-27 13:45:00,840.0,840.0,835.0,840.0,188900
2026-04-27 13:50:00,835.0,840.0,835.0,835.0,47100
2026-04-27 13:55:00,840.0,840.0,835.0,840.0,49700
2026-04-27 14:00:00,840.0,840.0,835.0,840.0,403600
2026-04-27 14:05:00,840.0,840.0,835.0,835.0,120200
2026-04-27 14:10:00,840.0,840.0,835.0,835.0,545400
2026-04-27 14:15:00,840.0,840.0,835.0,835.0,754100
2026-04-27 14:20:00,835.0,835.0,830.0,830.0,452700
2026-04-27 14:25:00,835.0,835.0,830.0,830.0,142000
2026-04-27 14:30:00,835.0,835.0,830.0,830.0,109400
2026-04-27 14:35:00,835.0,840.0,830.0,835.0,712700
2026-04-27 14:40:00,835.0,835.0,830.0,830.0,33200
2026-04-27 14:45:00,830.0,835.0,830.0,835.0,11800
2026-04-27 14:50:00,835.0,840.0,830.0,835.0,244000
2026-04-27 14:55:00,835.0,835.0,830.0,835.0,122300
2026-04-27 15:00:00,835.0,835.0,830.0,835.0,83600
2026-04-27 15:05:00,835.0,835.0,830.0,835.0,52600
2026-04-27 15:10:00,830.0,835.0,830.0,830.0,132800
2026-04-27 15:15:00,830.0,835.0,830.0,835.0,161200
2026-04-27 15:20:00,835.0,835.0,830.0,835.0,173400
2026-04-27 15:25:00,830.0,835.0,830.0,830.0,104700
2026-04-27 15:30:00,835.0,835.0,830.0,835.0,217000
2026-04-27 15:35:00,835.0,835.0,830.0,830.0,177300
2026-04-27 15:40:00,835.0,835.0,830.0,835.0,388400
2026-04-27 15:45:00,835.0,835.0,830.0,830.0,974500
2026-04-27 16:00:00,830.0,830.0,830.0,830.0,2479500
2026-04-27 16:05:00,830.0,830.0,830.0,830.0,1227400
2026-04-27 16:10:00,830.0,830.0,830.0,830.0,0
2026-04-28 09:00:00,840.0,840.0,830.0,830.0,0
2026-04-28 09:05:00,835.0,840.0,820.0,820.0,1548700
2026-04-28 09:10:00,820.0,825.0,820.0,825.0,604200
2026-04-28 09:15:00,820.0,825.0,815.0,820.0,499500
2026-04-28 09:20:00,820.0,825.0,815.0,815.0,1075000
2026-04-28 09:25:00,810.0,815.0,810.0,815.0,2433500
2026-04-28 09:30:00,815.0,820.0,810.0,820.0,508400
2026-04-28 09:35:00,820.0,825.0,810.0,820.0,3088300
2026-04-28 09:40:00,825.0,825.0,820.0,825.0,233500
2026-04-28 09:45:00,825.0,825.0,815.0,820.0,349300
2026-04-28 09:50:00,820.0,820.0,815.0,815.0,560900
2026-04-28 09:55:00,815.0,820.0,815.0,815.0,23100
2026-04-28 10:00:00,815.0,820.0,815.0,815.0,183800
2026-04-28 10:05:00,815.0,815.0,810.0,810.0,96700
2026-04-28 10:10:00,810.0,815.0,810.0,815.0,157200
2026-04-28 10:15:00,820.0,820.0,810.0,815.0,76200
2026-04-28 10:20:00,815.0,820.0,810.0,815.0,627700
2026-04-28 10:25:00,815.0,815.0,810.0,810.0,194800
2026-04-28 10:30:00,815.0,820.0,810.0,820.0,323800
2026-04-28 10:35:00,820.0,825.0,820.0,825.0,320600
2026-04-28 10:40:00,820.0,835.0,820.0,830.0,678100
2026-04-28 10:45:00,830.0,830.0,830.0,830.0,38000
2026-04-28 10:50:00,830.0,830.0,825.0,830.0,91100
2026-04-28 10:55:00,830.0,835.0,830.0,830.0,579800
2026-04-28 11:00:00,830.0,835.0,830.0,830.0,39500
2026-04-28 11:05:00,835.0,835.0,830.0,830.0,18600
2026-04-28 11:10:00,830.0,835.0,830.0,835.0,175700
2026-04-28 11:15:00,835.0,840.0,835.0,840.0,509600
2026-04-28 11:20:00,840.0,840.0,835.0,835.0,151000
2026-04-28 11:25:00,835.0,840.0,835.0,835.0,469200
2026-04-28 11:30:00,835.0,840.0,835.0,835.0,191000
2026-04-28 11:35:00,840.0,840.0,835.0,840.0,24900
2026-04-28 11:40:00,840.0,840.0,835.0,840.0,25900
2026-04-28 11:45:00,835.0,845.0,835.0,840.0,460700
2026-04-28 11:50:00,840.0,845.0,840.0,845.0,50500
2026-04-28 11:55:00,840.0,850.0,840.0,845.0,237400
2026-04-28 13:30:00,845.0,850.0,835.0,835.0,628800
2026-04-28 13:35:00,835.0,840.0,835.0,835.0,84000
2026-04-28 13:40:00,835.0,840.0,835.0,840.0,299400
2026-04-28 13:45:00,835.0,835.0,830.0,830.0,762700
2026-04-28 13:50:00,830.0,830.0,825.0,825.0,651700
2026-04-28 13:55:00,825.0,830.0,820.0,825.0,368100
2026-04-28 14:00:00,825.0,830.0,820.0,820.0,206500
2026-04-28 14:05:00,820.0,825.0,820.0,825.0,209400
2026-04-28 14:10:00,830.0,830.0,825.0,825.0,363100
2026-04-28 14:15:00,825.0,825.0,820.0,825.0,773200
2026-04-28 14:20:00,825.0,825.0,815.0,815.0,133100
2026-04-28 14:25:00,820.0,820.0,795.0,800.0,12712600
2026-04-28 14:30:00,800.0,805.0,795.0,800.0,5610500
2026-04-28 14:35:00,795.0,810.0,795.0,805.0,1058400
2026-04-28 14:40:00,810.0,830.0,810.0,825.0,9557900
2026-04-28 14:45:00,820.0,830.0,820.0,825.0,233200
2026-04-28 14:50:00,825.0,830.0,820.0,820.0,461900
2026-04-28 14:55:00,820.0,825.0,820.0,825.0,282700
2026-04-28 15:00:00,825.0,825.0,820.0,820.0,144700
2026-04-28 15:05:00,820.0,825.0,820.0,820.0,235100
2026-04-28 15:10:00,820.0,830.0,820.0,825.0,514600
2026-04-28 15:15:00,830.0,830.0,820.0,820.0,295300
2026-04-28 15:20:00,820.0,825.0,820.0,820.0,182000
2026-04-28 15:25:00,820.0,825.0,820.0,820.0,150300
2026-04-28 15:30:00,820.0,825.0,820.0,825.0,93400
2026-04-28 15:35:00,825.0,825.0,820.0,825.0,154200
2026-04-28 15:40:00,820.0,825.0,820.0,825.0,385800
2026-04-28 15:45:00,825.0,825.0,815.0,825.0,693500
2026-04-28 16:00:00,825.0,825.0,825.0,825.0,1176800
2026-04-28 16:05:00,825.0,825.0,825.0,825.0,32900
2026-04-28 16:10:00,825.0,825.0,825.0,825.0,145600
2026-04-29 09:00:00,830.0,835.0,820.0,820.0,0
2026-04-29 09:05:00,825.0,825.0,815.0,825.0,296500
2026-04-29 09:10:00,825.0,825.0,825.0,825.0,128200
2026-04-29 09:15:00,825.0,825.0,820.0,820.0,329900
2026-04-29 09:20:00,825.0,830.0,825.0,830.0,170400
2026-04-29 09:25:00,830.0,830.0,825.0,830.0,98700
2026-04-29 09:30:00,830.0,835.0,825.0,835.0,156200
2026-04-29 09:35:00,835.0,835.0,830.0,830.0,126200
2026-04-29 09:40:00,830.0,835.0,825.0,825.0,150300
2026-04-29 09:45:00,825.0,830.0,825.0,825.0,27900
2026-04-29 09:50:00,825.0,830.0,825.0,830.0,31900
2026-04-29 09:55:00,830.0,830.0,825.0,830.0,1900
2026-04-29 10:00:00,825.0,830.0,825.0,825.0,54400
2026-04-29 10:05:00,825.0,830.0,825.0,830.0,48100
2026-04-29 10:10:00,830.0,830.0,825.0,825.0,84600
2026-04-29 10:15:00,825.0,830.0,825.0,830.0,33900
2026-04-29 10:20:00,825.0,830.0,825.0,825.0,68900
2026-04-29 10:25:00,830.0,830.0,825.0,830.0,175700
2026-04-29 10:30:00,825.0,830.0,825.0,825.0,22800
2026-04-29 10:35:00,825.0,830.0,825.0,830.0,20400
2026-04-29 10:40:00,830.0,830.0,825.0,825.0,26400
2026-04-29 10:45:00,825.0,830.0,825.0,830.0,69300
2026-04-29 10:50:00,830.0,830.0,825.0,825.0,106000
2026-04-29 10:55:00,825.0,830.0,825.0,825.0,99400
2026-04-29 11:00:00,825.0,830.0,825.0,825.0,56200
2026-04-29 11:05:00,825.0,830.0,825.0,825.0,72400
2026-04-29 11:10:00,825.0,830.0,825.0,830.0,109700
2026-04-29 11:15:00,825.0,830.0,825.0,825.0,69400
2026-04-29 11:20:00,825.0,830.0,825.0,825.0,14000
2026-04-29 11:25:00,825.0,830.0,825.0,830.0,20400
2026-04-29 11:30:00,830.0,830.0,825.0,825.0,5300
2026-04-29 11:35:00,830.0,830.0,825.0,830.0,22600
2026-04-29 11:40:00,825.0,835.0,825.0,830.0,445200
2026-04-29 11:45:00,835.0,835.0,830.0,835.0,69700
2026-04-29 11:50:00,835.0,835.0,830.0,830.0,90900
2026-04-29 11:55:00,830.0,830.0,825.0,825.0,7100
2026-04-29 13:30:00,825.0,830.0,825.0,830.0,55000
2026-04-29 13:35:00,825.0,830.0,820.0,825.0,924900
2026-04-29 13:40:00,825.0,825.0,820.0,820.0,40600
2026-04-29 13:45:00,825.0,830.0,825.0,825.0,366500
2026-04-29 13:50:00,825.0,825.0,825.0,825.0,102400
2026-04-29 13:55:00,825.0,830.0,820.0,820.0,93800
2026-04-29 14:00:00,830.0,830.0,820.0,825.0,104900
2026-04-29 14:05:00,825.0,825.0,820.0,825.0,96600
2026-04-29 14:10:00,825.0,830.0,825.0,830.0,191700
2026-04-29 14:15:00,825.0,830.0,825.0,830.0,61700
2026-04-29 14:20:00,830.0,830.0,825.0,830.0,30600
2026-04-29 14:25:00,830.0,830.0,825.0,830.0,178300
2026-04-29 14:30:00,825.0,830.0,825.0,830.0,29600
2026-04-29 14:35:00,830.0,830.0,825.0,830.0,101800
2026-04-29 14:40:00,830.0,830.0,825.0,825.0,80900
2026-04-29 14:45:00,825.0,830.0,825.0,825.0,24300
2026-04-29 14:50:00,825.0,830.0,825.0,830.0,49700
2026-04-29 14:55:00,825.0,830.0,825.0,825.0,660500
2026-04-29 15:00:00,825.0,830.0,825.0,825.0,210700
2026-04-29 15:05:00,830.0,830.0,825.0,825.0,23300
2026-04-29 15:10:00,830.0,830.0,825.0,825.0,41100
2026-04-29 15:15:00,825.0,825.0,825.0,825.0,159400
2026-04-29 15:20:00,825.0,830.0,820.0,825.0,257800
2026-04-29 15:25:00,820.0,825.0,820.0,825.0,110600
2026-04-29 15:30:00,820.0,825.0,820.0,825.0,27300
2026-04-29 15:35:00,825.0,825.0,820.0,820.0,73000
2026-04-29 15:40:00,820.0,825.0,820.0,820.0,139700
2026-04-29 15:45:00,820.0,825.0,820.0,820.0,264800
2026-04-29 16:00:00,815.0,815.0,815.0,815.0,1930500
2026-04-29 16:05:00,815.0,815.0,815.0,815.0,109300
2026-04-29 16:10:00,815.0,815.0,815.0,815.0,1200
2026-04-30 09:00:00,815.0,820.0,810.0,810.0,0
2026-04-30 09:05:00,810.0,810.0,805.0,805.0,425600
2026-04-30 09:10:00,805.0,810.0,800.0,805.0,414100
2026-04-30 09:15:00,805.0,815.0,805.0,815.0,221600
2026-04-30 09:20:00,815.0,820.0,805.0,810.0,271200
2026-04-30 09:25:00,805.0,810.0,805.0,805.0,292900
2026-04-30 09:30:00,805.0,810.0,800.0,805.0,619800
2026-04-30 09:35:00,810.0,810.0,805.0,810.0,380800
2026-04-30 09:40:00,810.0,810.0,805.0,810.0,41000
2026-04-30 09:45:00,805.0,810.0,805.0,805.0,122100
2026-04-30 09:50:00,805.0,810.0,805.0,810.0,61300
2026-04-30 09:55:00,810.0,810.0,805.0,810.0,141700
2026-04-30 10:00:00,805.0,810.0,805.0,810.0,79100
2026-04-30 10:05:00,810.0,810.0,805.0,810.0,257500
2026-04-30 10:10:00,805.0,815.0,805.0,815.0,396000
2026-04-30 10:15:00,815.0,815.0,810.0,810.0,90900
2026-04-30 10:20:00,815.0,815.0,810.0,810.0,246000
2026-04-30 10:25:00,810.0,815.0,810.0,810.0,622900
2026-04-30 10:30:00,805.0,810.0,805.0,805.0,0
2026-04-30 10:35:00,805.0,810.0,805.0,805.0,695700
2026-04-30 10:40:00,810.0,810.0,805.0,805.0,39100
2026-04-30 10:45:00,805.0,810.0,805.0,805.0,108600
2026-04-30 10:50:00,805.0,810.0,805.0,810.0,272500
2026-04-30 10:55:00,805.0,810.0,805.0,810.0,63200
2026-04-30 11:00:00,805.0,810.0,805.0,810.0,168800
2026-04-30 11:05:00,810.0,815.0,805.0,810.0,416200
2026-04-30 11:10:00,815.0,815.0,810.0,815.0,134200
2026-04-30 11:15:00,815.0,815.0,810.0,815.0,202100
2026-04-30 11:20:00,815.0,820.0,810.0,820.0,336900
2026-04-30 11:25:00,815.0,820.0,815.0,820.0,311800
2026-04-30 11:30:00,820.0,820.0,815.0,820.0,48300
2026-04-30 11:35:00,820.0,820.0,815.0,820.0,70200
2026-04-30 11:40:00,820.0,820.0,815.0,820.0,15000
2026-04-30 11:45:00,815.0,820.0,815.0,815.0,50400
2026-04-30 11:50:00,820.0,820.0,815.0,820.0,271100
2026-04-30 11:55:00,820.0,825.0,820.0,820.0,61400
2026-04-30 13:30:00,825.0,825.0,810.0,810.0,1081500
2026-04-30 13:35:00,810.0,810.0,810.0,810.0,33600
2026-04-30 13:40:00,810.0,815.0,805.0,805.0,463300
2026-04-30 13:45:00,805.0,810.0,800.0,805.0,3121400
2026-04-30 13:50:00,805.0,810.0,805.0,805.0,147600
2026-04-30 13:55:00,805.0,810.0,805.0,805.0,117500
2026-04-30 14:00:00,805.0,810.0,805.0,805.0,605000
2026-04-30 14:05:00,805.0,810.0,805.0,805.0,366300
2026-04-30 14:10:00,810.0,810.0,805.0,810.0,249400
2026-04-30 14:15:00,810.0,810.0,805.0,810.0,323300
2026-04-30 14:20:00,805.0,810.0,805.0,805.0,860600
2026-04-30 14:25:00,805.0,810.0,805.0,805.0,398500
2026-04-30 14:30:00,805.0,810.0,805.0,810.0,1782600
2026-04-30 14:35:00,815.0,815.0,810.0,815.0,126400
2026-04-30 14:40:00,810.0,815.0,810.0,815.0,287000
2026-04-30 14:45:00,815.0,815.0,810.0,810.0,111700
2026-04-30 14:50:00,815.0,815.0,810.0,810.0,345200
2026-04-30 14:55:00,810.0,815.0,810.0,810.0,357800
2026-04-30 15:00:00,815.0,815.0,810.0,810.0,573000
2026-04-30 15:05:00,815.0,815.0,810.0,810.0,101700
2026-04-30 15:10:00,810.0,815.0,810.0,810.0,273900
2026-04-30 15:15:00,815.0,820.0,810.0,815.0,475800
2026-04-30 15:20:00,820.0,820.0,815.0,815.0,287300
2026-04-30 15:25:00,820.0,820.0,815.0,820.0,202800
2026-04-30 15:30:00,820.0,820.0,815.0,820.0,582600
2026-04-30 15:35:00,815.0,820.0,815.0,820.0,211700
2026-04-30 15:40:00,820.0,820.0,815.0,815.0,577600
2026-04-30 15:45:00,815.0,825.0,815.0,820.0,1163500
2026-04-30 16:00:00,825.0,825.0,825.0,825.0,11479600
2026-04-30 16:05:00,825.0,825.0,825.0,825.0,13000
2026-04-30 16:10:00,825.0,825.0,825.0,825.0,74700
2026-05-04 09:00:00,825.0,845.0,820.0,835.0,0
2026-05-04 09:05:00,835.0,835.0,825.0,825.0,2650200
2026-05-04 09:10:00,830.0,830.0,825.0,830.0,294600
2026-05-04 09:15:00,830.0,835.0,825.0,835.0,1991000
2026-05-04 09:20:00,835.0,840.0,830.0,835.0,540400
2026-05-04 09:25:00,835.0,840.0,830.0,830.0,1282300
2026-05-04 09:30:00,830.0,830.0,820.0,820.0,1739400
2026-05-04 09:35:00,820.0,825.0,820.0,820.0,258600
2026-05-04 09:40:00,825.0,825.0,820.0,825.0,159800
2026-05-04 09:45:00,825.0,825.0,820.0,825.0,257300
2026-05-04 09:50:00,820.0,825.0,820.0,825.0,143100
2026-05-04 09:55:00,825.0,825.0,820.0,820.0,204000
2026-05-04 10:00:00,820.0,825.0,820.0,820.0,979400
2026-05-04 10:05:00,820.0,825.0,815.0,815.0,545000
2026-05-04 10:10:00,820.0,820.0,815.0,820.0,269000
2026-05-04 10:15:00,815.0,835.0,815.0,830.0,833100
2026-05-04 10:20:00,835.0,835.0,830.0,830.0,89600
2026-05-04 10:25:00,830.0,835.0,830.0,830.0,72600
2026-05-04 10:30:00,830.0,835.0,830.0,830.0,123100
2026-05-04 10:35:00,835.0,835.0,825.0,830.0,1576700
2026-05-04 10:40:00,825.0,830.0,825.0,830.0,70300
2026-05-04 10:45:00,825.0,830.0,825.0,830.0,52700
2026-05-04 10:50:00,825.0,830.0,825.0,830.0,212500
2026-05-04 10:55:00,830.0,830.0,825.0,830.0,63300
2026-05-04 11:00:00,825.0,830.0,825.0,825.0,80900
2026-05-04 11:05:00,830.0,830.0,825.0,825.0,84000
2026-05-04 11:10:00,830.0,830.0,825.0,825.0,187300
2026-05-04 11:15:00,825.0,830.0,825.0,825.0,96800
2026-05-04 11:20:00,830.0,830.0,820.0,820.0,1381600
2026-05-04 11:25:00,820.0,825.0,815.0,820.0,1402400
2026-05-04 11:30:00,820.0,820.0,815.0,820.0,253800
2026-05-04 11:35:00,820.0,820.0,815.0,820.0,19000
2026-05-04 11:40:00,820.0,820.0,815.0,815.0,47200
2026-05-04 11:45:00,815.0,825.0,815.0,820.0,155200
2026-05-04 11:50:00,825.0,825.0,820.0,825.0,31400
2026-05-04 11:55:00,820.0,825.0,820.0,825.0,75200
2026-05-04 13:30:00,825.0,825.0,815.0,815.0,630800
2026-05-04 13:35:00,815.0,820.0,815.0,820.0,54000
2026-05-04 13:40:00,820.0,820.0,815.0,820.0,64500
2026-05-04 13:45:00,820.0,820.0,815.0,820.0,106600
2026-05-04 13:50:00,815.0,820.0,815.0,815.0,237200
2026-05-04 13:55:00,815.0,820.0,815.0,820.0,84700
2026-05-04 14:00:00,820.0,820.0,815.0,820.0,110900
2026-05-04 14:05:00,815.0,820.0,815.0,815.0,120100
2026-05-04 14:10:00,815.0,820.0,815.0,815.0,313100
2026-05-04 14:15:00,820.0,820.0,815.0,815.0,310700
2026-05-04 14:20:00,820.0,820.0,815.0,815.0,114500
2026-05-04 14:25:00,815.0,825.0,815.0,820.0,513000
2026-05-04 14:30:00,820.0,820.0,815.0,820.0,126000
2026-05-04 14:35:00,820.0,825.0,815.0,820.0,47400
2026-05-04 14:40:00,815.0,820.0,815.0,815.0,68900
2026-05-04 14:45:00,820.0,820.0,815.0,820.0,1094600
2026-05-04 14:50:00,820.0,820.0,815.0,820.0,146800
2026-05-04 14:55:00,820.0,820.0,815.0,815.0,33100
2026-05-04 15:00:00,820.0,820.0,815.0,820.0,47000
2026-05-04 15:05:00,815.0,820.0,815.0,815.0,49400
2026-05-04 15:10:00,815.0,820.0,815.0,820.0,502100
2026-05-04 15:15:00,815.0,820.0,815.0,815.0,373500
2026-05-04 15:20:00,815.0,820.0,815.0,820.0,91500
2026-05-04 15:25:00,815.0,820.0,815.0,815.0,85900
2026-05-04 15:30:00,815.0,820.0,815.0,820.0,30000
2026-05-04 15:35:00,815.0,820.0,815.0,815.0,1018000
2026-05-04 15:40:00,815.0,820.0,815.0,815.0,399700
2026-05-04 15:45:00,815.0,820.0,815.0,815.0,250600
2026-05-04 16:00:00,815.0,815.0,815.0,815.0,2044900
2026-05-04 16:05:00,815.0,815.0,815.0,815.0,11400
2026-05-04 16:10:00,815.0,815.0,815.0,815.0,13500
2026-05-05 09:00:00,815.0,815.0,800.0,800.0,723700
2026-05-05 09:05:00,800.0,810.0,800.0,810.0,408200
2026-05-05 09:10:00,810.0,810.0,805.0,805.0,389100
2026-05-05 09:15:00,805.0,810.0,800.0,800.0,294200
2026-05-05 09:20:00,800.0,810.0,800.0,810.0,504500
2026-05-05 09:25:00,810.0,820.0,810.0,820.0,1754500
2026-05-05 09:30:00,820.0,820.0,815.0,820.0,1446800
2026-05-05 09:35:00,815.0,820.0,810.0,815.0,441300
2026-05-05 09:40:00,815.0,815.0,810.0,810.0,146900
2026-05-05 09:45:00,810.0,815.0,810.0,810.0,96900
2026-05-05 09:50:00,815.0,815.0,810.0,815.0,85000
2026-05-05 09:55:00,815.0,815.0,810.0,810.0,94300
2026-05-05 10:00:00,810.0,810.0,810.0,810.0,86400
2026-05-05 10:05:00,810.0,815.0,810.0,815.0,123200
2026-05-05 10:10:00,815.0,815.0,810.0,815.0,81900
2026-05-05 10:15:00,810.0,815.0,810.0,815.0,121600
2026-05-05 10:20:00,810.0,815.0,810.0,810.0,192500
2026-05-05 10:25:00,815.0,815.0,810.0,810.0,65900
2026-05-05 10:30:00,815.0,815.0,810.0,810.0,394200
2026-05-05 10:35:00,810.0,815.0,810.0,815.0,537900
2026-05-05 10:40:00,815.0,815.0,810.0,815.0,61400
2026-05-05 10:45:00,815.0,815.0,810.0,815.0,397800
2026-05-05 10:50:00,815.0,820.0,815.0,815.0,382300
2026-05-05 10:55:00,815.0,820.0,815.0,815.0,58600
2026-05-05 11:00:00,815.0,820.0,815.0,815.0,140100
2026-05-05 11:05:00,820.0,820.0,815.0,815.0,381500
2026-05-05 11:10:00,815.0,820.0,815.0,815.0,97900
2026-05-05 11:15:00,820.0,820.0,815.0,815.0,95500
2026-05-05 11:20:00,815.0,820.0,815.0,815.0,538100
2026-05-05 11:25:00,820.0,820.0,810.0,815.0,753700
2026-05-05 11:30:00,815.0,815.0,810.0,810.0,55800
2026-05-05 11:35:00,815.0,815.0,810.0,810.0,168400
2026-05-05 11:40:00,810.0,815.0,810.0,810.0,36700
2026-05-05 11:45:00,810.0,815.0,810.0,810.0,48200
2026-05-05 11:50:00,810.0,815.0,810.0,815.0,90700
2026-05-05 11:55:00,815.0,815.0,810.0,810.0,21100
