Datetime,Close,High,Low,Open,Volume
2026-01-27 02:00:00,420.0,428.0,418.0,426.0,0
2026-01-27 02:05:00,420.0,424.0,418.0,420.0,965100
2026-01-27 02:10:00,422.0,422.0,420.0,420.0,789000
2026-01-27 02:15:00,420.0,422.0,420.0,422.0,236800
2026-01-27 02:20:00,420.0,422.0,420.0,420.0,857400
2026-01-27 02:25:00,426.0,426.0,420.0,422.0,1307300
2026-01-27 02:30:00,424.0,426.0,424.0,424.0,1356900
2026-01-27 02:35:00,424.0,426.0,424.0,426.0,230600
2026-01-27 02:40:00,426.0,426.0,424.0,424.0,186000
2026-01-27 02:45:00,424.0,426.0,424.0,424.0,170000
2026-01-27 02:50:00,424.0,426.0,422.0,424.0,1102800
2026-01-27 02:55:00,424.0,424.0,424.0,424.0,775500
2026-01-27 03:00:00,424.0,426.0,424.0,424.0,406600
2026-01-27 03:05:00,426.0,426.0,424.0,424.0,89100
2026-01-27 03:10:00,424.0,426.0,424.0,424.0,92200
2026-01-27 03:15:00,424.0,426.0,424.0,424.0,100100
2026-01-27 03:20:00,424.0,426.0,424.0,424.0,224500
2026-01-27 03:25:00,424.0,426.0,424.0,424.0,142600
2026-01-27 03:30:00,426.0,428.0,424.0,424.0,1303800
2026-01-27 03:35:00,426.0,428.0,426.0,426.0,268900
2026-01-27 03:40:00,426.0,428.0,426.0,426.0,283100
2026-01-27 03:45:00,424.0,426.0,424.0,424.0,140000
2026-01-27 03:50:00,424.0,426.0,424.0,424.0,243700
2026-01-27 03:55:00,424.0,426.0,424.0,424.0,292300
2026-01-27 04:00:00,422.0,424.0,422.0,424.0,559300
2026-01-27 04:05:00,422.0,424.0,422.0,422.0,266500
2026-01-27 04:10:00,422.0,426.0,422.0,424.0,289600
2026-01-27 04:15:00,424.0,424.0,422.0,424.0,212600
2026-01-27 04:20:00,424.0,424.0,422.0,424.0,53700
2026-01-27 04:25:00,424.0,426.0,424.0,424.0,737000
2026-01-27 04:30:00,424.0,426.0,424.0,424.0,2607100
2026-01-27 04:35:00,424.0,424.0,424.0,424.0,92500
2026-01-27 04:40:00,426.0,426.0,424.0,424.0,3150500
2026-01-27 04:45:00,426.0,426.0,424.0,424.0,3203100
2026-01-27 04:50:00,426.0,428.0,424.0,426.0,1466400
2026-01-27 04:55:00,428.0,428.0,426.0,426.0,147900
2026-01-27 06:30:00,428.0,430.0,426.0,426.0,5322100
2026-01-27 06:35:00,426.0,428.0,426.0,428.0,553800
2026-01-27 06:40:00,426.0,428.0,426.0,426.0,140900
2026-01-27 06:45:00,426.0,428.0,426.0,426.0,1226200
2026-01-27 06:50:00,424.0,426.0,424.0,426.0,95000
2026-01-27 06:55:00,426.0,426.0,424.0,424.0,283500
2026-01-27 07:00:00,424.0,424.0,424.0,424.0,26100
2026-01-27 07:05:00,426.0,426.0,424.0,424.0,610100
2026-01-27 07:10:00,426.0,426.0,424.0,424.0,272400
2026-01-27 07:15:00,428.0,428.0,424.0,424.0,2154700
2026-01-27 07:20:00,426.0,428.0,426.0,426.0,620800
2026-01-27 07:25:00,426.0,428.0,426.0,428.0,2292500
2026-01-27 07:30:00,426.0,426.0,426.0,426.0,177200
2026-01-27 07:35:00,424.0,426.0,424.0,426.0,35800
2026-01-27 07:40:00,426.0,428.0,424.0,424.0,1422100
2026-01-27 07:45:00,426.0,428.0,426.0,428.0,325500
2026-01-27 07:50:00,428.0,428.0,426.0,428.0,202400
2026-01-27 07:55:00,428.0,428.0,426.0,428.0,113400
2026-01-27 08:00:00,426.0,428.0,426.0,428.0,179900
2026-01-27 08:05:00,426.0,428.0,426.0,426.0,95500
2026-01-27 08:10:00,426.0,428.0,426.0,426.0,376000
2026-01-27 08:15:00,428.0,428.0,426.0,426.0,280500
2026-01-27 08:20:00,426.0,426.0,426.0,426.0,102600
2026-01-27 08:25:00,426.0,428.0,426.0,426.0,136800
2026-01-27 08:30:00,426.0,428.0,426.0,426.0,903400
2026-01-27 08:35:00,426.0,428.0,424.0,426.0,313900
2026-01-27 08:40:00,426.0,428.0,424.0,424.0,1938200
2026-01-27 08:45:00,426.0,428.0,426.0,428.0,1511800
2026-01-27 09:00:00,428.0,428.0,428.0,428.0,3234100
2026-01-27 09:05:00,428.0,428.0,428.0,428.0,291700
2026-01-27 09:10:00,428.0,428.0,428.0,428.0,112100
2026-01-28 02:00:00,410.0,412.0,404.0,412.0,0
2026-01-28 02:05:00,410.0,410.0,406.0,410.0,3086200
2026-01-28 02:10:00,416.0,416.0,408.0,410.0,4482500
2026-01-28 02:15:00,418.0,420.0,414.0,414.0,4887000
2026-01-28 02:20:00,416.0,418.0,414.0,418.0,3232500
2026-01-28 02:25:00,418.0,418.0,414.0,414.0,1335100
2026-01-28 02:30:00,414.0,418.0,414.0,416.0,781200
2026-01-28 02:35:00,414.0,416.0,414.0,416.0,384900
2026-01-28 02:40:00,416.0,416.0,414.0,414.0,1411000
2026-01-28 02:45:00,414.0,416.0,412.0,416.0,2216900
2026-01-28 02:50:00,412.0,414.0,412.0,414.0,907700
2026-01-28 02:55:00,412.0,416.0,412.0,414.0,1424300
2026-01-28 03:00:00,414.0,414.0,412.0,412.0,1725900
2026-01-28 03:05:00,416.0,416.0,414.0,414.0,41300
2026-01-28 03:10:00,414.0,416.0,414.0,416.0,250600
2026-01-28 03:15:00,412.0,416.0,412.0,414.0,1221300
2026-01-28 03:20:00,410.0,414.0,410.0,412.0,1773000
2026-01-28 03:25:00,410.0,412.0,410.0,410.0,2485200
2026-01-28 03:30:00,412.0,412.0,408.0,410.0,2220400
2026-01-28 03:35:00,410.0,412.0,410.0,410.0,232900
2026-01-28 03:40:00,410.0,412.0,408.0,410.0,2114300
2026-01-28 03:45:00,408.0,410.0,408.0,408.0,621300
2026-01-28 03:50:00,406.0,410.0,406.0,408.0,2633200
2026-01-28 03:55:00,408.0,408.0,404.0,406.0,4095400
2026-01-28 04:00:00,406.0,408.0,404.0,406.0,1010500
2026-01-28 04:05:00,406.0,408.0,404.0,406.0,630400
2026-01-28 04:10:00,404.0,408.0,404.0,404.0,3520000
2026-01-28 04:15:00,404.0,406.0,404.0,404.0,906200
2026-01-28 04:20:00,404.0,406.0,404.0,404.0,1011900
2026-01-28 04:25:00,408.0,408.0,404.0,406.0,2035000
2026-01-28 04:30:00,410.0,410.0,406.0,406.0,1400700
2026-01-28 04:35:00,408.0,410.0,406.0,410.0,299300
2026-01-28 04:40:00,406.0,408.0,406.0,408.0,307200
2026-01-28 04:45:00,404.0,408.0,404.0,406.0,1776400
2026-01-28 04:50:00,406.0,406.0,404.0,406.0,467100
2026-01-28 04:55:00,406.0,406.0,404.0,406.0,319200
2026-01-28 06:30:00,406.0,410.0,406.0,408.0,2569000
2026-01-28 06:35:00,406.0,406.0,404.0,406.0,1687800
2026-01-28 06:40:00,404.0,406.0,404.0,404.0,124900
2026-01-28 07:10:00,404.0,404.0,402.0,404.0,4936000
2026-01-28 07:15:00,400.0,404.0,400.0,402.0,5691100
2026-01-28 07:20:00,398.0,404.0,396.0,402.0,14240800
2026-01-28 07:25:00,398.0,400.0,396.0,398.0,1927700
2026-01-28 07:30:00,400.0,402.0,398.0,398.0,1328900
2026-01-28 07:35:00,400.0,402.0,400.0,400.0,478000
2026-01-28 07:40:00,398.0,400.0,398.0,400.0,1867300
2026-01-28 07:45:00,398.0,400.0,398.0,398.0,312400
2026-01-28 07:50:00,400.0,400.0,398.0,398.0,2105700
2026-01-28 07:55:00,400.0,400.0,398.0,400.0,327500
2026-01-28 08:00:00,400.0,400.0,398.0,400.0,313400
2026-01-28 08:05:00,402.0,402.0,398.0,400.0,1772500
2026-01-28 08:10:00,404.0,404.0,402.0,402.0,684100
2026-01-28 08:15:00,404.0,404.0,402.0,404.0,1244400
2026-01-28 08:20:00,404.0,406.0,402.0,404.0,1063300
2026-01-28 08:25:00,404.0,406.0,404.0,404.0,1837300
2026-01-28 08:30:00,402.0,404.0,400.0,404.0,2747300
2026-01-28 08:35:00,404.0,404.0,402.0,404.0,351300
2026-01-28 08:40:00,406.0,406.0,402.0,402.0,2353100
2026-01-28 08:45:00,404.0,406.0,404.0,404.0,1021800
2026-01-28 09:00:00,404.0,404.0,404.0,404.0,1014700
2026-01-28 09:05:00,404.0,404.0,404.0,404.0,11600
2026-01-28 09:10:00,404.0,404.0,404.0,404.0,56600
2026-01-29 02:00:00,390.0,402.0,390.0,402.0,0
2026-01-29 02:05:00,386.0,392.0,380.0,392.0,7308600
2026-01-29 02:10:00,378.0,386.0,372.0,386.0,7536500
2026-01-29 02:15:00,376.0,388.0,376.0,384.0,3096600
2026-01-29 02:20:00,374.0,380.0,374.0,378.0,4214700
2026-01-29 02:25:00,372.0,374.0,372.0,374.0,559900
2026-01-29 02:55:00,354.0,372.0,354.0,372.0,7332700
2026-01-29 03:00:00,358.0,362.0,354.0,354.0,10361900
2026-01-29 03:05:00,354.0,358.0,350.0,358.0,5998900
2026-01-29 03:10:00,360.0,360.0,352.0,354.0,2662200
2026-01-29 03:15:00,380.0,382.0,358.0,360.0,4916500
2026-01-29 03:20:00,380.0,384.0,376.0,380.0,4089400
2026-01-29 03:25:00,382.0,382.0,380.0,380.0,1582500
2026-01-29 03:30:00,384.0,384.0,380.0,380.0,867000
2026-01-29 03:35:00,384.0,384.0,382.0,384.0,1078900
2026-01-29 03:40:00,382.0,386.0,382.0,384.0,564000
2026-01-29 03:45:00,388.0,388.0,382.0,384.0,878100
2026-01-29 03:50:00,382.0,388.0,382.0,386.0,4704200
2026-01-29 03:55:00,384.0,384.0,380.0,384.0,810600
2026-01-29 04:00:00,382.0,384.0,380.0,384.0,463900
2026-01-29 04:05:00,386.0,386.0,380.0,382.0,1448300
2026-01-29 04:10:00,384.0,386.0,382.0,384.0,955500
2026-01-29 04:15:00,382.0,386.0,382.0,384.0,821400
2026-01-29 04:20:00,386.0,386.0,382.0,382.0,233300
2026-01-29 04:25:00,384.0,384.0,382.0,384.0,921000
2026-01-29 04:30:00,380.0,384.0,376.0,382.0,5642500
2026-01-29 04:35:00,380.0,382.0,378.0,380.0,585900
2026-01-29 04:40:00,380.0,382.0,378.0,380.0,2138700
2026-01-29 04:45:00,378.0,382.0,378.0,382.0,394400
2026-01-29 04:50:00,384.0,384.0,380.0,380.0,867200
2026-01-29 04:55:00,384.0,384.0,380.0,384.0,1341400
2026-01-29 06:30:00,390.0,390.0,382.0,386.0,1649100
2026-01-29 06:35:00,392.0,392.0,388.0,390.0,716000
2026-01-29 06:40:00,392.0,394.0,386.0,390.0,3439900
2026-01-29 06:45:00,392.0,394.0,388.0,394.0,2363000
2026-01-29 06:50:00,394.0,394.0,390.0,394.0,1630100
2026-01-29 06:55:00,390.0,392.0,388.0,392.0,2192800
2026-01-29 07:00:00,394.0,394.0,390.0,390.0,1544200
2026-01-29 07:05:00,394.0,394.0,392.0,394.0,768100
2026-01-29 07:10:00,394.0,396.0,390.0,394.0,1581200
2026-01-29 07:15:00,394.0,396.0,392.0,394.0,829300
2026-01-29 07:20:00,394.0,396.0,392.0,396.0,2523000
2026-01-29 07:25:00,398.0,398.0,394.0,394.0,3239400
2026-01-29 07:30:00,394.0,398.0,392.0,398.0,1828600
2026-01-29 07:35:00,392.0,396.0,386.0,392.0,7830200
2026-01-29 07:40:00,396.0,396.0,390.0,392.0,1311600
2026-01-29 07:45:00,394.0,394.0,392.0,394.0,1211800
2026-01-29 07:50:00,396.0,396.0,394.0,394.0,514100
2026-01-29 07:55:00,394.0,396.0,392.0,396.0,996400
2026-01-29 08:00:00,394.0,396.0,390.0,394.0,2383900
2026-01-29 08:05:00,394.0,396.0,394.0,394.0,631900
2026-01-29 08:10:00,392.0,394.0,392.0,394.0,382100
2026-01-29 08:15:00,392.0,394.0,390.0,394.0,849800
2026-01-29 08:20:00,394.0,394.0,392.0,394.0,603800
2026-01-29 08:25:00,394.0,394.0,392.0,394.0,670000
2026-01-29 08:30:00,394.0,394.0,392.0,392.0,293400
2026-01-29 08:35:00,394.0,394.0,392.0,394.0,456200
2026-01-29 08:40:00,392.0,394.0,392.0,394.0,613300
2026-01-29 08:45:00,394.0,394.0,392.0,394.0,325900
2026-01-29 09:00:00,392.0,392.0,392.0,392.0,1524300
2026-01-29 09:05:00,392.0,392.0,392.0,392.0,259600
2026-01-29 09:10:00,392.0,392.0,392.0,392.0,39000
2026-01-30 02:00:00,400.0,400.0,396.0,396.0,0
2026-01-30 02:05:00,402.0,406.0,398.0,400.0,3430300
2026-01-30 02:10:00,404.0,404.0,402.0,404.0,1982400
2026-01-30 02:15:00,402.0,404.0,400.0,402.0,1737800
2026-01-30 02:20:00,404.0,404.0,400.0,402.0,1866100
2026-01-30 02:25:00,402.0,404.0,400.0,402.0,903100
2026-01-30 02:30:00,398.0,402.0,396.0,402.0,5183700
2026-01-30 02:35:00,400.0,402.0,398.0,402.0,458600
2026-01-30 02:40:00,400.0,402.0,398.0,400.0,1182600
2026-01-30 02:45:00,404.0,404.0,398.0,398.0,864300
2026-01-30 02:50:00,402.0,404.0,400.0,402.0,228000
2026-01-30 02:55:00,404.0,404.0,402.0,402.0,665600
2026-01-30 03:00:00,404.0,404.0,402.0,404.0,389700
2026-01-30 03:05:00,402.0,404.0,402.0,404.0,429000
2026-01-30 03:10:00,402.0,404.0,400.0,402.0,1406300
2026-01-30 03:15:00,400.0,404.0,400.0,400.0,1691800
2026-01-30 03:20:00,400.0,402.0,400.0,402.0,335000
2026-01-30 03:25:00,402.0,402.0,400.0,402.0,425800
2026-01-30 03:30:00,400.0,402.0,400.0,400.0,497000
2026-01-30 03:35:00,402.0,402.0,400.0,400.0,455300
2026-01-30 03:40:00,400.0,402.0,400.0,400.0,642800
2026-01-30 03:45:00,400.0,402.0,400.0,402.0,680800
2026-01-30 03:50:00,400.0,402.0,400.0,402.0,739300
2026-01-30 03:55:00,402.0,402.0,400.0,402.0,538500
2026-01-30 04:00:00,400.0,402.0,400.0,400.0,700500
2026-01-30 04:05:00,402.0,402.0,400.0,400.0,588600
2026-01-30 04:10:00,402.0,402.0,400.0,400.0,772200
2026-01-30 04:15:00,402.0,404.0,400.0,400.0,612100
2026-01-30 04:20:00,402.0,404.0,402.0,402.0,455100
2026-01-30 04:25:00,400.0,402.0,400.0,402.0,725100
2026-01-30 07:00:00,400.0,402.0,400.0,402.0,1953800
2026-01-30 07:05:00,400.0,402.0,400.0,402.0,975700
2026-01-30 07:10:00,402.0,404.0,400.0,402.0,1340600
2026-01-30 07:15:00,404.0,404.0,402.0,402.0,1324300
2026-01-30 07:20:00,402.0,404.0,402.0,402.0,1080500
2026-01-30 07:25:00,404.0,404.0,402.0,404.0,880200
2026-01-30 07:30:00,404.0,404.0,402.0,402.0,2088800
2026-01-30 07:35:00,400.0,404.0,400.0,404.0,3588500
2026-01-30 07:40:00,402.0,402.0,400.0,400.0,691000
2026-01-30 07:45:00,400.0,402.0,398.0,400.0,5136100
2026-01-30 07:50:00,402.0,402.0,396.0,398.0,5439500
2026-01-30 07:55:00,402.0,402.0,400.0,402.0,333300
2026-01-30 08:00:00,402.0,402.0,400.0,400.0,439200
2026-01-30 08:05:00,402.0,402.0,400.0,400.0,406600
2026-01-30 08:10:00,400.0,402.0,400.0,400.0,1110400
2026-01-30 08:15:00,402.0,402.0,398.0,400.0,4229000
2026-01-30 08:20:00,402.0,402.0,400.0,400.0,264300
2026-01-30 08:25:00,402.0,402.0,400.0,400.0,1168400
2026-01-30 08:30:00,402.0,402.0,398.0,402.0,2426500
2026-01-30 08:35:00,400.0,402.0,398.0,400.0,4522900
2026-01-30 08:40:00,398.0,402.0,398.0,400.0,2258000
2026-01-30 08:45:00,402.0,402.0,398.0,398.0,1935800
2026-01-30 09:00:00,396.0,396.0,396.0,396.0,5340500
2026-01-30 09:05:00,396.0,396.0,396.0,396.0,0
2026-01-30 09:10:00,396.0,396.0,396.0,396.0,45700
2026-02-02 09:10:00,392.0,392.0,392.0,392.0,0
2026-02-03 02:00:00,396.0,398.0,392.0,392.0,0
2026-02-03 02:05:00,394.0,396.0,394.0,396.0,2105600
2026-02-03 02:10:00,392.0,394.0,390.0,394.0,3074900
2026-02-03 02:15:00,392.0,394.0,390.0,392.0,2988200
2026-02-03 02:20:00,392.0,394.0,392.0,394.0,28700
2026-02-03 02:25:00,396.0,396.0,394.0,394.0,614100
2026-02-03 02:30:00,398.0,398.0,394.0,396.0,1242400
2026-02-03 02:35:00,398.0,398.0,396.0,398.0,549200
2026-02-03 02:40:00,402.0,402.0,396.0,398.0,4258000
2026-02-03 02:45:00,400.0,402.0,398.0,400.0,865000
2026-02-03 02:50:00,400.0,400.0,398.0,400.0,890000
2026-02-03 02:55:00,400.0,402.0,400.0,400.0,530600
2026-02-03 03:00:00,400.0,400.0,398.0,400.0,490300
2026-02-03 03:05:00,400.0,400.0,398.0,400.0,1371000
2026-02-03 03:10:00,400.0,400.0,398.0,400.0,686200
2026-02-03 03:15:00,398.0,400.0,398.0,400.0,163500
2026-02-03 03:20:00,398.0,400.0,398.0,398.0,327900
2026-02-03 03:25:00,398.0,400.0,398.0,400.0,1092000
2026-02-03 03:30:00,398.0,400.0,398.0,400.0,370100
2026-02-03 03:35:00,398.0,400.0,398.0,398.0,54400
2026-02-03 03:40:00,400.0,400.0,398.0,400.0,403100
2026-02-03 03:45:00,400.0,400.0,398.0,400.0,296100
2026-02-03 03:50:00,398.0,400.0,398.0,398.0,1024500
2026-02-03 03:55:00,398.0,400.0,398.0,398.0,412100
2026-02-03 04:00:00,398.0,400.0,398.0,398.0,293000
2026-02-03 04:05:00,398.0,400.0,398.0,398.0,962000
2026-02-03 04:10:00,400.0,400.0,398.0,400.0,34200
2026-02-03 04:15:00,398.0,400.0,398.0,398.0,16800
2026-02-03 04:20:00,400.0,402.0,398.0,400.0,1488800
2026-02-03 04:25:00,400.0,400.0,398.0,398.0,1462600
2026-02-03 04:30:00,400.0,400.0,400.0,400.0,528800
2026-02-03 04:35:00,400.0,402.0,400.0,400.0,886400
2026-02-03 04:40:00,400.0,402.0,400.0,400.0,168700
2026-02-03 04:45:00,400.0,402.0,400.0,402.0,135800
2026-02-03 04:50:00,400.0,402.0,400.0,400.0,315500
2026-02-03 04:55:00,402.0,404.0,402.0,402.0,2989500
2026-02-03 06:30:00,400.0,404.0,400.0,402.0,2299200
2026-02-03 06:35:00,400.0,402.0,400.0,400.0,73200
2026-02-03 06:40:00,402.0,402.0,400.0,402.0,292700
2026-02-03 06:45:00,402.0,402.0,400.0,402.0,165500
2026-02-03 06:50:00,400.0,402.0,400.0,400.0,5700
2026-02-03 06:55:00,400.0,400.0,400.0,400.0,59000
2026-02-03 07:00:00,400.0,402.0,400.0,402.0,918500
2026-02-03 07:05:00,402.0,402.0,400.0,400.0,342100
2026-02-03 07:10:00,400.0,402.0,400.0,400.0,981300
2026-02-03 07:15:00,400.0,402.0,398.0,400.0,546100
2026-02-03 07:20:00,400.0,402.0,398.0,400.0,245500
2026-02-03 07:25:00,402.0,402.0,400.0,400.0,102900
2026-02-03 07:30:00,400.0,400.0,400.0,400.0,706000
2026-02-03 07:35:00,400.0,400.0,398.0,398.0,151100
2026-02-03 07:40:00,400.0,400.0,398.0,398.0,30400
2026-02-03 07:45:00,398.0,400.0,398.0,400.0,46600
2026-02-03 07:50:00,398.0,400.0,398.0,398.0,22000
2026-02-03 07:55:00,398.0,400.0,398.0,398.0,6400
2026-02-03 08:00:00,398.0,400.0,398.0,400.0,595200
2026-02-03 08:05:00,400.0,400.0,398.0,400.0,342900
2026-02-03 08:10:00,400.0,402.0,400.0,400.0,1429500
2026-02-03 08:15:00,400.0,400.0,398.0,400.0,505900
2026-02-03 08:20:00,400.0,402.0,400.0,400.0,628900
2026-02-03 08:25:00,400.0,402.0,400.0,402.0,1011000
2026-02-03 08:30:00,400.0,400.0,398.0,398.0,25400
2026-02-03 08:35:00,400.0,400.0,398.0,400.0,3608900
2026-02-03 08:40:00,398.0,400.0,396.0,398.0,3285700
2026-02-03 08:45:00,400.0,400.0,396.0,398.0,2797100
2026-02-03 09:00:00,400.0,400.0,400.0,400.0,2615800
2026-02-03 09:05:00,400.0,400.0,400.0,400.0,583300
2026-02-03 09:10:00,400.0,400.0,400.0,400.0,18500
2026-02-04 02:00:00,404.0,406.0,400.0,402.0,0
2026-02-04 02:05:00,402.0,404.0,400.0,402.0,759900
2026-02-04 02:10:00,402.0,404.0,402.0,404.0,111300
2026-02-04 02:15:00,402.0,406.0,402.0,404.0,640800
2026-02-04 02:20:00,406.0,406.0,402.0,404.0,393900
2026-02-04 02:25:00,402.0,406.0,402.0,404.0,515400
2026-02-04 02:30:00,402.0,404.0,402.0,402.0,704400
2026-02-04 02:35:00,402.0,404.0,402.0,404.0,707500
2026-02-04 02:40:00,404.0,404.0,400.0,404.0,786500
2026-02-04 02:45:00,402.0,404.0,402.0,402.0,2300
2026-02-04 02:50:00,402.0,404.0,402.0,402.0,153600
2026-02-04 02:55:00,402.0,404.0,402.0,402.0,164000
2026-02-04 03:00:00,404.0,404.0,402.0,402.0,92200
2026-02-04 03:05:00,404.0,404.0,402.0,404.0,1732400
2026-02-04 03:10:00,404.0,406.0,404.0,404.0,321800
2026-02-04 03:15:00,402.0,406.0,402.0,404.0,725100
2026-02-04 03:20:00,404.0,404.0,402.0,404.0,20200
2026-02-04 03:25:00,402.0,404.0,402.0,402.0,40200
2026-02-04 03:30:00,402.0,404.0,402.0,404.0,47400
2026-02-04 03:35:00,402.0,404.0,402.0,404.0,160500
2026-02-04 03:40:00,402.0,404.0,402.0,402.0,77000
2026-02-04 03:45:00,402.0,402.0,402.0,402.0,896700
2026-02-04 03:50:00,404.0,404.0,402.0,402.0,42600
2026-02-04 03:55:00,402.0,404.0,402.0,402.0,777800
2026-02-04 04:00:00,402.0,404.0,402.0,402.0,120200
2026-02-04 04:05:00,404.0,404.0,402.0,402.0,120800
2026-02-04 04:10:00,402.0,404.0,402.0,402.0,94000
2026-02-04 04:15:00,400.0,402.0,400.0,402.0,1210400
2026-02-04 04:20:00,400.0,402.0,400.0,402.0,567200
2026-02-04 04:25:00,400.0,402.0,400.0,400.0,36400
2026-02-04 04:30:00,400.0,402.0,400.0,402.0,62100
2026-02-04 04:35:00,400.0,402.0,400.0,400.0,483800
2026-02-04 04:40:00,400.0,402.0,400.0,400.0,371400
2026-02-04 04:45:00,400.0,402.0,400.0,402.0,579900
2026-02-04 04:50:00,400.0,402.0,400.0,400.0,349200
2026-02-04 04:55:00,400.0,402.0,400.0,400.0,211700
2026-02-04 06:30:00,400.0,402.0,398.0,402.0,5269800
2026-02-04 06:35:00,400.0,400.0,398.0,400.0,196200
2026-02-04 06:40:00,398.0,400.0,398.0,398.0,267700
2026-02-04 06:45:00,398.0,400.0,398.0,400.0,70800
2026-02-04 06:50:00,400.0,400.0,398.0,398.0,680100
2026-02-04 06:55:00,398.0,400.0,398.0,398.0,292800
2026-02-04 07:00:00,400.0,402.0,398.0,398.0,377200
2026-02-04 07:05:00,400.0,402.0,400.0,400.0,186100
2026-02-04 07:10:00,400.0,402.0,400.0,400.0,586700
2026-02-04 07:15:00,400.0,402.0,400.0,400.0,1026600
2026-02-04 07:20:00,400.0,402.0,400.0,402.0,46700
2026-02-04 07:25:00,402.0,402.0,400.0,400.0,39500
2026-02-04 07:30:00,406.0,406.0,400.0,400.0,8537400
2026-02-04 07:35:00,404.0,406.0,404.0,406.0,599100
2026-02-04 07:40:00,406.0,406.0,404.0,404.0,360900
2026-02-04 07:45:00,404.0,406.0,404.0,404.0,115200
2026-02-04 07:50:00,404.0,406.0,404.0,404.0,70700
2026-02-04 07:55:00,406.0,406.0,404.0,404.0,154700
2026-02-04 08:00:00,404.0,406.0,404.0,406.0,155500
2026-02-04 08:05:00,402.0,406.0,402.0,404.0,1446700
2026-02-04 08:10:00,404.0,404.0,402.0,402.0,114500
2026-02-04 08:15:00,404.0,404.0,402.0,402.0,272300
2026-02-04 08:20:00,404.0,404.0,402.0,404.0,775500
2026-02-04 08:25:00,404.0,406.0,404.0,404.0,204000
2026-02-04 08:30:00,404.0,406.0,404.0,404.0,1464200
2026-02-04 08:35:00,404.0,406.0,404.0,404.0,2267400
2026-02-04 08:40:00,406.0,406.0,402.0,406.0,1457600
2026-02-04 08:45:00,402.0,404.0,402.0,404.0,176800
2026-02-04 09:00:00,402.0,402.0,402.0,402.0,846000
2026-02-04 09:05:00,402.0,402.0,402.0,402.0,71000
2026-02-04 09:10:00,402.0,402.0,402.0,402.0,1650500
2026-02-05 02:00:00,406.0,406.0,404.0,404.0,0
2026-02-05 02:05:00,406.0,410.0,406.0,406.0,2606900
2026-02-05 02:10:00,408.0,408.0,406.0,406.0,506200
2026-02-05 02:15:00,408.0,410.0,406.0,408.0,623200
2026-02-05 02:20:00,408.0,410.0,408.0,408.0,638600
2026-02-05 02:25:00,412.0,412.0,408.0,408.0,4160500
2026-02-05 02:30:00,412.0,412.0,410.0,412.0,400500
2026-02-05 02:35:00,412.0,412.0,410.0,412.0,183600
2026-02-05 02:40:00,412.0,414.0,410.0,410.0,2128100
2026-02-05 02:45:00,412.0,414.0,412.0,412.0,1251600
2026-02-05 02:50:00,414.0,416.0,412.0,414.0,2323800
2026-02-05 02:55:00,412.0,416.0,412.0,414.0,2097600
2026-02-05 03:00:00,410.0,412.0,410.0,410.0,635900
2026-02-05 03:05:00,410.0,412.0,410.0,410.0,180400
2026-02-05 03:10:00,410.0,412.0,408.0,412.0,2300400
2026-02-05 03:15:00,410.0,410.0,408.0,410.0,1768500
2026-02-05 03:20:00,408.0,410.0,408.0,410.0,2100400
2026-02-05 03:25:00,410.0,410.0,408.0,410.0,1060500
2026-02-05 03:30:00,408.0,410.0,408.0,408.0,736200
2026-02-05 03:35:00,408.0,410.0,408.0,410.0,500
2026-02-05 03:40:00,410.0,410.0,408.0,408.0,49400
2026-02-05 03:45:00,408.0,410.0,408.0,410.0,329800
2026-02-05 03:50:00,410.0,410.0,408.0,408.0,1036100
2026-02-05 03:55:00,410.0,410.0,408.0,410.0,1133800
2026-02-05 04:00:00,408.0,410.0,408.0,410.0,675100
2026-02-05 04:05:00,412.0,414.0,412.0,412.0,1367000
2026-02-05 04:10:00,412.0,414.0,412.0,414.0,957700
2026-02-05 04:15:00,414.0,414.0,412.0,412.0,352300
2026-02-05 04:20:00,412.0,414.0,412.0,412.0,71700
2026-02-05 04:25:00,412.0,414.0,412.0,412.0,210000
2026-02-05 04:30:00,412.0,414.0,412.0,412.0,280900
2026-02-05 04:35:00,412.0,414.0,412.0,412.0,75900
2026-02-05 04:40:00,414.0,414.0,412.0,412.0,417900
2026-02-05 04:45:00,412.0,414.0,412.0,414.0,13600
2026-02-05 04:50:00,412.0,414.0,412.0,412.0,624300
2026-02-05 04:55:00,412.0,414.0,412.0,412.0,352900
2026-02-05 06:30:00,412.0,414.0,412.0,414.0,814900
2026-02-05 06:35:00,412.0,414.0,412.0,414.0,437900
2026-02-05 06:40:00,416.0,416.0,412.0,414.0,2979200
2026-02-05 06:45:00,416.0,416.0,414.0,416.0,564600
2026-02-05 06:50:00,418.0,418.0,414.0,414.0,9816900
2026-02-05 06:55:00,420.0,420.0,416.0,416.0,2040900
2026-02-05 07:00:00,418.0,420.0,418.0,420.0,2765900
2026-02-05 07:05:00,418.0,420.0,416.0,418.0,2883300
2026-02-05 07:10:00,420.0,422.0,418.0,418.0,8296200
2026-02-05 07:15:00,418.0,420.0,416.0,420.0,1522200
2026-02-05 07:20:00,418.0,420.0,416.0,418.0,2858600
2026-02-05 07:25:00,418.0,418.0,416.0,418.0,428300
2026-02-05 07:30:00,420.0,422.0,416.0,416.0,3897200
2026-02-05 07:35:00,420.0,422.0,420.0,422.0,1864800
2026-02-05 07:40:00,420.0,422.0,420.0,420.0,1686300
2026-02-05 07:45:00,420.0,422.0,420.0,420.0,550100
2026-02-05 07:50:00,420.0,422.0,420.0,420.0,625900
2026-02-05 07:55:00,420.0,422.0,420.0,422.0,446600
2026-02-05 08:00:00,420.0,422.0,416.0,420.0,19748500
2026-02-05 08:05:00,420.0,422.0,418.0,418.0,2007600
2026-02-05 08:10:00,422.0,424.0,420.0,420.0,4324400
2026-02-05 08:15:00,418.0,424.0,418.0,424.0,9629800
2026-02-05 08:20:00,420.0,420.0,418.0,420.0,1471000
2026-02-05 08:25:00,420.0,420.0,418.0,420.0,2635800
2026-02-05 08:30:00,420.0,420.0,418.0,420.0,382800
2026-02-05 08:35:00,416.0,420.0,416.0,420.0,5109700
2026-02-05 08:40:00,418.0,418.0,416.0,418.0,602700
2026-02-05 08:45:00,418.0,418.0,416.0,418.0,1458900
2026-02-05 09:00:00,418.0,418.0,418.0,418.0,7164500
2026-02-05 09:05:00,418.0,418.0,418.0,418.0,98200
2026-02-05 09:10:00,418.0,418.0,418.0,418.0,31200
2026-02-06 02:00:00,410.0,412.0,406.0,408.0,0
2026-02-06 02:05:00,412.0,414.0,408.0,408.0,1257900
2026-02-06 02:10:00,414.0,414.0,412.0,412.0,823900
2026-02-06 02:15:00,414.0,416.0,412.0,412.0,1685200
2026-02-06 02:20:00,414.0,416.0,412.0,414.0,1535100
2026-02-06 02:25:00,414.0,414.0,412.0,414.0,318100
2026-02-06 02:30:00,414.0,414.0,412.0,414.0,1478000
2026-02-06 02:35:00,412.0,414.0,410.0,414.0,264500
2026-02-06 02:40:00,412.0,414.0,410.0,412.0,144400
2026-02-06 02:45:00,412.0,412.0,410.0,412.0,258700
2026-02-06 02:50:00,410.0,412.0,408.0,412.0,2209900
2026-02-06 02:55:00,410.0,410.0,408.0,410.0,211900
2026-02-06 03:00:00,410.0,412.0,408.0,410.0,202600
2026-02-06 03:05:00,412.0,412.0,410.0,410.0,44000
2026-02-06 03:10:00,410.0,412.0,410.0,410.0,381000
2026-02-06 03:15:00,410.0,410.0,408.0,410.0,22400
2026-02-06 03:20:00,408.0,410.0,408.0,410.0,439000
2026-02-06 03:25:00,410.0,412.0,408.0,410.0,735900
2026-02-06 03:30:00,410.0,412.0,408.0,410.0,310000
2026-02-06 03:35:00,410.0,410.0,408.0,410.0,128900
2026-02-06 03:40:00,410.0,412.0,408.0,410.0,384600
2026-02-06 03:45:00,408.0,410.0,408.0,410.0,355700
2026-02-06 03:50:00,410.0,410.0,408.0,408.0,741400
2026-02-06 03:55:00,406.0,410.0,406.0,410.0,1891300
2026-02-06 04:00:00,406.0,408.0,406.0,406.0,318300
2026-02-06 04:05:00,404.0,408.0,404.0,408.0,3286500
2026-02-06 04:10:00,408.0,408.0,406.0,408.0,286100
2026-02-06 04:15:00,408.0,408.0,406.0,408.0,45800
2026-02-06 04:20:00,406.0,408.0,406.0,408.0,335000
2026-02-06 04:25:00,406.0,408.0,406.0,408.0,57000
2026-02-06 07:00:00,408.0,408.0,406.0,408.0,2289700
2026-02-06 07:05:00,408.0,410.0,406.0,408.0,402400
2026-02-06 07:10:00,408.0,408.0,406.0,408.0,242900
2026-02-06 07:15:00,406.0,408.0,406.0,408.0,168500
2026-02-06 07:20:00,408.0,408.0,406.0,406.0,250300
2026-02-06 07:25:00,410.0,410.0,406.0,408.0,1638600
2026-02-06 07:30:00,410.0,410.0,408.0,408.0,263800
2026-02-06 07:35:00,408.0,410.0,408.0,410.0,18900
2026-02-06 07:40:00,408.0,410.0,408.0,410.0,228100
2026-02-06 07:45:00,408.0,408.0,408.0,408.0,100
2026-02-06 07:50:00,408.0,410.0,408.0,410.0,3106500
2026-02-06 07:55:00,408.0,410.0,406.0,406.0,718600
2026-02-06 08:00:00,406.0,408.0,406.0,408.0,709100
2026-02-06 08:05:00,404.0,408.0,404.0,408.0,5470500
2026-02-06 08:10:00,406.0,408.0,404.0,406.0,703800
2026-02-06 08:15:00,406.0,408.0,406.0,406.0,436600
2026-02-06 08:20:00,406.0,408.0,406.0,406.0,1745100
2026-02-06 08:25:00,406.0,408.0,406.0,406.0,1759900
2026-02-06 08:30:00,406.0,408.0,404.0,406.0,202800
2026-02-06 08:35:00,408.0,408.0,406.0,408.0,119600
2026-02-06 08:40:00,406.0,408.0,406.0,406.0,349400
2026-02-06 08:45:00,404.0,408.0,404.0,406.0,2385500
2026-02-06 09:00:00,406.0,406.0,406.0,406.0,854900
2026-02-06 09:10:00,406.0,406.0,406.0,406.0,8100
2026-02-09 02:00:00,406.0,412.0,406.0,412.0,0
2026-02-09 02:05:00,406.0,410.0,404.0,408.0,1843400
2026-02-09 02:10:00,402.0,406.0,402.0,406.0,2317100
2026-02-09 02:15:00,404.0,406.0,402.0,402.0,782900
2026-02-09 02:20:00,402.0,406.0,402.0,406.0,1011900
2026-02-09 02:25:00,404.0,406.0,402.0,402.0,361100
2026-02-09 02:30:00,404.0,406.0,404.0,404.0,199900
2026-02-09 02:35:00,404.0,406.0,402.0,406.0,1509600
2026-02-09 02:40:00,404.0,406.0,404.0,404.0,60100
2026-02-09 02:45:00,404.0,406.0,404.0,404.0,109300
2026-02-09 02:50:00,404.0,406.0,402.0,404.0,1367400
2026-02-09 02:55:00,406.0,406.0,404.0,404.0,223000
2026-02-09 03:00:00,406.0,406.0,404.0,404.0,1257100
2026-02-09 03:05:00,406.0,406.0,404.0,406.0,129200
2026-02-09 03:10:00,406.0,406.0,404.0,406.0,533500
2026-02-09 03:15:00,404.0,406.0,404.0,404.0,204500
2026-02-09 03:20:00,404.0,406.0,404.0,404.0,5100
2026-02-09 03:25:00,408.0,408.0,404.0,406.0,240700
2026-02-09 03:30:00,404.0,408.0,404.0,406.0,3271200
2026-02-09 03:35:00,404.0,406.0,404.0,406.0,2061600
2026-02-09 03:40:00,406.0,406.0,404.0,406.0,26200
2026-02-09 03:45:00,404.0,406.0,404.0,406.0,216600
2026-02-09 03:50:00,404.0,406.0,404.0,404.0,45400
2026-02-09 03:55:00,404.0,406.0,404.0,404.0,967900
2026-02-09 04:00:00,404.0,406.0,402.0,404.0,1398000
2026-02-09 04:05:00,404.0,404.0,402.0,404.0,302800
2026-02-09 04:10:00,404.0,404.0,402.0,402.0,39300
2026-02-09 04:15:00,404.0,404.0,402.0,404.0,131600
2026-02-09 04:20:00,404.0,404.0,404.0,404.0,784200
2026-02-09 04:25:00,404.0,404.0,402.0,404.0,132200
2026-02-09 04:30:00,402.0,404.0,402.0,404.0,264300
2026-02-09 04:35:00,406.0,406.0,402.0,402.0,1501700
2026-02-09 04:40:00,406.0,406.0,404.0,406.0,21200
2026-02-09 04:45:00,406.0,406.0,404.0,406.0,1501800
2026-02-09 04:50:00,406.0,406.0,406.0,406.0,297600
2026-02-09 04:55:00,406.0,406.0,404.0,406.0,949400
2026-02-09 06:30:00,402.0,406.0,402.0,404.0,1605600
2026-02-09 06:35:00,404.0,404.0,402.0,404.0,727300
2026-02-09 06:40:00,406.0,406.0,402.0,404.0,39300
2026-02-09 06:45:00,406.0,406.0,406.0,406.0,38100
2026-02-09 06:50:00,404.0,406.0,404.0,406.0,908400
2026-02-09 06:55:00,402.0,404.0,402.0,404.0,148300
2026-02-09 07:00:00,406.0,406.0,402.0,402.0,1174600
2026-02-09 07:05:00,406.0,406.0,402.0,406.0,153600
2026-02-09 07:10:00,404.0,404.0,404.0,404.0,1500
2026-02-09 07:15:00,404.0,406.0,404.0,404.0,592900
2026-02-09 07:20:00,404.0,404.0,402.0,404.0,113500
2026-02-09 07:25:00,406.0,406.0,404.0,404.0,308600
2026-02-09 07:30:00,404.0,406.0,402.0,406.0,625800
2026-02-09 07:35:00,406.0,406.0,404.0,406.0,520200
2026-02-09 07:40:00,404.0,406.0,402.0,406.0,260900
2026-02-09 07:45:00,404.0,404.0,404.0,404.0,26900
2026-02-09 07:50:00,404.0,406.0,404.0,406.0,18100
2026-02-09 07:55:00,404.0,404.0,402.0,404.0,322500
2026-02-09 08:00:00,402.0,406.0,402.0,402.0,258300
2026-02-09 08:05:00,404.0,404.0,402.0,404.0,43500
2026-02-09 08:10:00,404.0,404.0,402.0,404.0,131200
2026-02-09 08:15:00,404.0,404.0,402.0,402.0,295300
2026-02-09 08:20:00,404.0,404.0,402.0,404.0,103100
2026-02-09 08:25:00,404.0,404.0,402.0,402.0,183500
2026-02-09 08:30:00,404.0,404.0,402.0,404.0,309700
2026-02-09 08:35:00,404.0,404.0,402.0,404.0,346900
2026-02-09 08:40:00,404.0,404.0,402.0,404.0,920300
2026-02-09 08:45:00,406.0,406.0,402.0,404.0,943800
2026-02-09 09:00:00,404.0,404.0,404.0,404.0,493700
2026-02-09 09:05:00,404.0,404.0,404.0,404.0,200
2026-02-10 02:00:00,404.0,406.0,404.0,406.0,0
2026-02-10 02:05:00,404.0,406.0,404.0,404.0,433600
2026-02-10 02:10:00,404.0,408.0,404.0,406.0,1165600
2026-02-10 02:15:00,404.0,406.0,404.0,404.0,554200
2026-02-10 02:20:00,408.0,408.0,404.0,404.0,201900
2026-02-10 02:25:00,408.0,408.0,406.0,408.0,1406800
2026-02-10 02:30:00,410.0,410.0,408.0,408.0,651700
2026-02-10 02:35:00,408.0,410.0,408.0,408.0,322200
2026-02-10 02:40:00,408.0,410.0,408.0,408.0,927100
2026-02-10 02:45:00,406.0,408.0,406.0,408.0,569000
2026-02-10 02:50:00,406.0,408.0,406.0,406.0,181300
2026-02-10 02:55:00,408.0,408.0,406.0,408.0,49400
2026-02-10 03:00:00,408.0,410.0,408.0,408.0,630200
2026-02-10 03:05:00,408.0,410.0,408.0,408.0,99000
2026-02-10 03:10:00,408.0,408.0,406.0,408.0,836800
2026-02-10 03:15:00,408.0,410.0,408.0,410.0,42300
2026-02-10 03:20:00,408.0,408.0,408.0,408.0,9900
2026-02-10 03:25:00,408.0,410.0,408.0,408.0,428300
2026-02-10 03:30:00,408.0,410.0,408.0,408.0,48100
2026-02-10 03:35:00,408.0,410.0,408.0,408.0,230800
2026-02-10 03:40:00,408.0,410.0,408.0,408.0,209600
2026-02-10 03:45:00,408.0,410.0,408.0,408.0,347900
2026-02-10 03:50:00,408.0,410.0,408.0,408.0,660000
2026-02-10 03:55:00,412.0,412.0,408.0,408.0,2416900
2026-02-10 04:00:00,410.0,410.0,410.0,410.0,145500
2026-02-10 04:05:00,410.0,412.0,410.0,412.0,88600
2026-02-10 04:10:00,408.0,412.0,408.0,410.0,409500
2026-02-10 04:15:00,410.0,412.0,408.0,408.0,613000
2026-02-10 04:20:00,410.0,412.0,410.0,410.0,46800
2026-02-10 04:25:00,410.0,412.0,410.0,410.0,39900
2026-02-10 04:30:00,410.0,412.0,410.0,410.0,94900
2026-02-10 04:35:00,410.0,412.0,410.0,410.0,194600
2026-02-10 04:40:00,412.0,412.0,408.0,410.0,1223700
2026-02-10 04:45:00,410.0,410.0,410.0,410.0,8100
2026-02-10 04:50:00,410.0,412.0,410.0,410.0,12700
2026-02-10 04:55:00,410.0,412.0,410.0,410.0,315200
2026-02-10 06:30:00,410.0,412.0,408.0,410.0,2180500
2026-02-10 06:35:00,408.0,412.0,408.0,410.0,176200
2026-02-10 06:40:00,408.0,410.0,408.0,408.0,3400
2026-02-10 06:45:00,408.0,410.0,408.0,408.0,27000
2026-02-10 06:50:00,408.0,410.0,408.0,408.0,102900
2026-02-10 06:55:00,410.0,410.0,408.0,408.0,109600
2026-02-10 07:00:00,410.0,410.0,408.0,408.0,534100
2026-02-10 07:05:00,410.0,410.0,408.0,408.0,89400
2026-02-10 07:10:00,408.0,410.0,408.0,408.0,218500
2026-02-10 07:15:00,408.0,410.0,408.0,410.0,161600
2026-02-10 07:20:00,414.0,416.0,408.0,410.0,5784200
2026-02-10 07:25:00,414.0,416.0,412.0,414.0,2756700
2026-02-10 07:30:00,414.0,414.0,412.0,414.0,175000
2026-02-10 07:35:00,412.0,416.0,412.0,414.0,1791600
2026-02-10 07:40:00,414.0,414.0,410.0,412.0,7643200
2026-02-10 07:45:00,410.0,412.0,410.0,412.0,365300
2026-02-10 07:50:00,410.0,412.0,410.0,410.0,34000
2026-02-10 07:55:00,410.0,412.0,410.0,412.0,53800
2026-02-10 08:00:00,410.0,410.0,410.0,410.0,16400
2026-02-10 08:05:00,410.0,410.0,410.0,410.0,51000
2026-02-10 08:10:00,410.0,410.0,410.0,410.0,65600
2026-02-10 08:15:00,410.0,412.0,410.0,412.0,179300
2026-02-10 08:20:00,410.0,412.0,410.0,410.0,138100
2026-02-10 08:25:00,412.0,414.0,410.0,410.0,1572100
2026-02-10 08:30:00,412.0,414.0,412.0,412.0,231700
2026-02-10 08:35:00,414.0,414.0,412.0,414.0,303700
2026-02-10 08:40:00,412.0,414.0,412.0,414.0,400800
2026-02-10 08:45:00,414.0,414.0,410.0,412.0,5980900
2026-02-10 09:00:00,412.0,412.0,412.0,412.0,554200
2026-02-10 09:05:00,412.0,412.0,412.0,412.0,5804600
2026-02-10 09:10:00,412.0,412.0,412.0,412.0,593700
2026-02-11 02:00:00,418.0,422.0,414.0,414.0,0
2026-02-11 02:05:00,420.0,420.0,414.0,418.0,2474500
2026-02-11 02:10:00,416.0,420.0,416.0,420.0,2136300
2026-02-11 02:15:00,416.0,418.0,416.0,418.0,1358000
2026-02-11 02:20:00,416.0,418.0,416.0,418.0,341800
2026-02-11 02:25:00,416.0,418.0,416.0,416.0,484500
2026-02-11 02:30:00,416.0,418.0,416.0,416.0,2614100
2026-02-11 02:35:00,416.0,418.0,414.0,414.0,489600
2026-02-11 02:40:00,418.0,420.0,416.0,416.0,983200
2026-02-11 02:45:00,418.0,420.0,418.0,418.0,998200
2026-02-11 02:50:00,420.0,420.0,418.0,418.0,4100800
2026-02-11 02:55:00,420.0,424.0,420.0,420.0,5021800
2026-02-11 03:00:00,420.0,422.0,420.0,420.0,361800
2026-02-11 03:05:00,422.0,422.0,420.0,420.0,683400
2026-02-11 03:10:00,420.0,422.0,420.0,422.0,209300
2026-02-11 03:15:00,420.0,422.0,420.0,420.0,169500
2026-02-11 03:20:00,420.0,422.0,420.0,422.0,115700
2026-02-11 03:25:00,420.0,422.0,420.0,420.0,431900
2026-02-11 03:30:00,420.0,422.0,420.0,420.0,117100
2026-02-11 03:35:00,420.0,422.0,420.0,420.0,239700
2026-02-11 03:40:00,420.0,422.0,420.0,420.0,297700
2026-02-11 03:45:00,420.0,422.0,420.0,422.0,229800
2026-02-11 03:50:00,420.0,422.0,420.0,420.0,2607600
2026-02-11 03:55:00,420.0,422.0,420.0,420.0,305700
2026-02-11 04:00:00,418.0,422.0,418.0,420.0,1763700
2026-02-11 04:05:00,420.0,422.0,418.0,418.0,2441200
2026-02-11 04:10:00,420.0,422.0,420.0,422.0,2761800
2026-02-11 04:15:00,422.0,424.0,420.0,420.0,2453400
2026-02-11 04:20:00,422.0,424.0,420.0,422.0,1339000
2026-02-11 04:25:00,420.0,422.0,420.0,422.0,406200
2026-02-11 04:30:00,420.0,422.0,420.0,420.0,9000
2026-02-11 04:35:00,420.0,422.0,420.0,420.0,214500
2026-02-11 04:40:00,420.0,422.0,420.0,422.0,1178600
2026-02-11 04:45:00,420.0,422.0,418.0,420.0,13477700
2026-02-11 04:50:00,420.0,420.0,420.0,420.0,465600
2026-02-11 04:55:00,418.0,420.0,418.0,420.0,1591900
2026-02-11 06:30:00,418.0,420.0,418.0,418.0,648700
2026-02-11 06:35:00,420.0,422.0,418.0,418.0,1379200
2026-02-11 06:40:00,420.0,422.0,418.0,420.0,530600
2026-02-11 06:45:00,420.0,422.0,418.0,420.0,4053500
2026-02-11 06:50:00,420.0,422.0,418.0,422.0,5407100
2026-02-11 06:55:00,422.0,422.0,418.0,420.0,573400
2026-02-11 07:00:00,420.0,422.0,420.0,422.0,437600
2026-02-11 07:05:00,420.0,422.0,420.0,422.0,602900
2026-02-11 07:10:00,420.0,422.0,420.0,420.0,192600
2026-02-11 07:15:00,420.0,422.0,420.0,420.0,212500
2026-02-11 07:20:00,420.0,422.0,420.0,420.0,730500
2026-02-11 07:25:00,420.0,422.0,420.0,420.0,789300
2026-02-11 07:30:00,418.0,422.0,418.0,420.0,1235700
2026-02-11 07:35:00,418.0,420.0,418.0,418.0,367600
2026-02-11 07:40:00,418.0,420.0,418.0,418.0,747800
2026-02-11 07:45:00,420.0,422.0,418.0,418.0,1275200
2026-02-11 07:50:00,422.0,422.0,420.0,420.0,195300
2026-02-11 07:55:00,420.0,422.0,420.0,420.0,689800
2026-02-11 08:00:00,420.0,422.0,420.0,420.0,1976800
2026-02-11 08:05:00,420.0,422.0,420.0,420.0,947100
2026-02-11 08:10:00,420.0,422.0,420.0,420.0,1397600
2026-02-11 08:15:00,420.0,422.0,420.0,420.0,705800
2026-02-11 08:20:00,420.0,422.0,420.0,420.0,132400
2026-02-11 08:25:00,420.0,422.0,420.0,420.0,1355200
2026-02-11 08:30:00,420.0,422.0,418.0,420.0,4360000
2026-02-11 08:35:00,420.0,422.0,420.0,420.0,2666900
2026-02-11 08:40:00,420.0,422.0,420.0,420.0,498100
2026-02-11 08:45:00,420.0,422.0,420.0,420.0,843400
2026-02-11 09:00:00,422.0,422.0,422.0,422.0,4626100
2026-02-11 09:05:00,422.0,422.0,422.0,422.0,2247700
2026-02-11 09:10:00,422.0,422.0,422.0,422.0,13100
2026-02-12 02:00:00,424.0,424.0,422.0,422.0,0
2026-02-12 02:05:00,422.0,424.0,420.0,422.0,2501600
2026-02-12 02:10:00,424.0,426.0,422.0,422.0,3287800
2026-02-12 02:15:00,424.0,426.0,424.0,424.0,839200
2026-02-12 02:20:00,426.0,426.0,424.0,426.0,174000
2026-02-12 02:25:00,428.0,430.0,424.0,426.0,11569500
2026-02-12 02:30:00,430.0,432.0,428.0,428.0,10269000
2026-02-12 02:35:00,430.0,432.0,428.0,430.0,1329100
2026-02-12 02:40:00,430.0,430.0,428.0,428.0,1353100
2026-02-12 02:45:00,428.0,430.0,428.0,428.0,374200
2026-02-12 02:50:00,428.0,430.0,428.0,428.0,703000
2026-02-12 02:55:00,426.0,428.0,426.0,428.0,2200600
2026-02-12 03:00:00,424.0,428.0,424.0,426.0,1595200
2026-02-12 03:05:00,424.0,426.0,424.0,426.0,1020700
2026-02-12 03:10:00,424.0,426.0,424.0,424.0,313900
2026-02-12 03:15:00,424.0,426.0,424.0,424.0,229400
2026-02-12 03:20:00,426.0,426.0,424.0,424.0,1040200
2026-02-12 03:25:00,428.0,428.0,426.0,428.0,875500
2026-02-12 03:30:00,428.0,428.0,426.0,428.0,288800
2026-02-12 03:35:00,428.0,428.0,426.0,426.0,1052800
2026-02-12 03:40:00,424.0,428.0,424.0,428.0,1475700
2026-02-12 03:45:00,428.0,430.0,426.0,426.0,7019400
2026-02-12 03:50:00,428.0,428.0,426.0,428.0,2465000
2026-02-12 03:55:00,426.0,428.0,426.0,428.0,173400
2026-02-12 04:00:00,428.0,428.0,426.0,426.0,135100
2026-02-12 04:05:00,428.0,428.0,426.0,426.0,233400
2026-02-12 04:10:00,424.0,428.0,424.0,426.0,380600
2026-02-12 04:15:00,424.0,426.0,424.0,426.0,271200
2026-02-12 04:20:00,426.0,426.0,426.0,426.0,157500
2026-02-12 04:25:00,424.0,426.0,424.0,424.0,51100
2026-02-12 04:30:00,426.0,426.0,426.0,426.0,14600
2026-02-12 04:35:00,424.0,426.0,424.0,424.0,27000
2026-02-12 04:40:00,426.0,426.0,424.0,426.0,132400
2026-02-12 04:45:00,424.0,426.0,424.0,426.0,14000
2026-02-12 04:50:00,424.0,426.0,424.0,426.0,10600
2026-02-12 04:55:00,424.0,426.0,424.0,424.0,12800
2026-02-12 06:30:00,424.0,426.0,424.0,426.0,978900
2026-02-12 06:35:00,424.0,426.0,424.0,426.0,32200
2026-02-12 06:40:00,426.0,426.0,424.0,426.0,344700
2026-02-12 06:45:00,426.0,426.0,424.0,424.0,122400
2026-02-12 06:50:00,424.0,426.0,424.0,426.0,1413100
2026-02-12 06:55:00,424.0,426.0,424.0,424.0,64300
2026-02-12 07:00:00,426.0,426.0,424.0,426.0,113000
2026-02-12 07:05:00,424.0,426.0,424.0,424.0,25500
2026-02-12 07:10:00,426.0,426.0,424.0,426.0,614300
2026-02-12 07:15:00,426.0,428.0,426.0,426.0,2007700
2026-02-12 07:20:00,426.0,428.0,426.0,426.0,301900
2026-02-12 07:25:00,426.0,428.0,426.0,426.0,2441300
2026-02-12 07:30:00,426.0,430.0,426.0,428.0,4369300
2026-02-12 07:35:00,428.0,428.0,426.0,428.0,82000
2026-02-12 07:40:00,426.0,428.0,426.0,426.0,40300
2026-02-12 07:45:00,428.0,428.0,426.0,426.0,25500
2026-02-12 07:50:00,426.0,428.0,426.0,428.0,29700
2026-02-12 07:55:00,426.0,428.0,426.0,426.0,49100
2026-02-12 08:00:00,426.0,428.0,424.0,426.0,2467900
2026-02-12 08:05:00,426.0,426.0,424.0,426.0,70300
2026-02-12 08:10:00,424.0,426.0,422.0,426.0,5727300
2026-02-12 08:15:00,426.0,426.0,424.0,424.0,439600
2026-02-12 08:20:00,426.0,426.0,422.0,424.0,756300
2026-02-12 08:25:00,424.0,426.0,424.0,426.0,525000
2026-02-12 08:30:00,424.0,426.0,424.0,424.0,637100
2026-02-12 08:35:00,422.0,426.0,422.0,424.0,1048800
2026-02-12 08:40:00,424.0,426.0,422.0,422.0,1844100
2026-02-12 08:45:00,426.0,426.0,424.0,424.0,732900
2026-02-12 09:00:00,426.0,426.0,426.0,426.0,986700
2026-02-12 09:05:00,426.0,426.0,426.0,426.0,16900
2026-02-12 09:10:00,426.0,426.0,426.0,426.0,1100700
2026-02-13 02:00:00,426.0,428.0,422.0,426.0,0
2026-02-13 02:05:00,428.0,428.0,424.0,426.0,748100
2026-02-13 02:10:00,426.0,428.0,426.0,426.0,368200
2026-02-13 02:15:00,426.0,428.0,424.0,426.0,1700200
2026-02-13 02:20:00,426.0,426.0,424.0,426.0,135300
2026-02-13 02:25:00,426.0,426.0,424.0,424.0,185800
2026-02-13 02:30:00,426.0,428.0,424.0,426.0,735600
2026-02-13 02:35:00,428.0,428.0,426.0,426.0,140900
2026-02-13 02:40:00,428.0,428.0,426.0,428.0,163900
2026-02-13 02:45:00,428.0,428.0,426.0,426.0,3218200
2026-02-13 02:50:00,434.0,434.0,428.0,428.0,6088600
2026-02-13 02:55:00,430.0,434.0,430.0,434.0,3073200
2026-02-13 03:00:00,430.0,432.0,430.0,430.0,906000
2026-02-13 03:05:00,428.0,432.0,428.0,430.0,635200
2026-02-13 03:10:00,428.0,430.0,428.0,428.0,544500
2026-02-13 03:15:00,428.0,430.0,428.0,428.0,631500
2026-02-13 03:20:00,428.0,430.0,428.0,428.0,454300
2026-02-13 03:25:00,428.0,430.0,428.0,428.0,348200
2026-02-13 03:30:00,428.0,430.0,428.0,428.0,81500
2026-02-13 03:35:00,428.0,430.0,428.0,428.0,507400
2026-02-13 03:40:00,426.0,430.0,426.0,428.0,486600
2026-02-13 03:45:00,428.0,428.0,426.0,428.0,145700
2026-02-13 03:50:00,428.0,430.0,426.0,426.0,377900
2026-02-13 03:55:00,428.0,428.0,426.0,428.0,302700
2026-02-13 04:00:00,426.0,428.0,426.0,426.0,55000
2026-02-13 04:05:00,426.0,428.0,426.0,428.0,101900
2026-02-13 04:10:00,426.0,428.0,426.0,428.0,68700
2026-02-13 04:15:00,426.0,428.0,426.0,428.0,87600
2026-02-13 04:20:00,426.0,428.0,426.0,426.0,39800
2026-02-13 04:25:00,428.0,428.0,426.0,426.0,109600
2026-02-13 07:00:00,428.0,430.0,426.0,428.0,2583800
2026-02-13 07:05:00,430.0,432.0,428.0,428.0,3534800
2026-02-13 07:10:00,430.0,430.0,428.0,430.0,379300
2026-02-13 07:15:00,436.0,438.0,428.0,428.0,18326700
2026-02-13 07:20:00,436.0,438.0,436.0,438.0,7113500
2026-02-13 07:25:00,440.0,442.0,434.0,436.0,11273300
2026-02-13 07:30:00,444.0,446.0,438.0,440.0,10887100
2026-02-13 07:35:00,438.0,444.0,436.0,442.0,3257300
2026-02-13 07:40:00,442.0,446.0,438.0,438.0,6659400
2026-02-13 07:45:00,440.0,444.0,438.0,442.0,7088300
2026-02-13 07:50:00,440.0,442.0,438.0,438.0,3750600
2026-02-13 07:55:00,438.0,440.0,438.0,438.0,1276100
2026-02-13 08:00:00,438.0,440.0,438.0,440.0,1345500
2026-02-13 08:05:00,438.0,440.0,438.0,440.0,741400
2026-02-13 08:10:00,438.0,440.0,438.0,438.0,302900
2026-02-13 08:15:00,440.0,440.0,438.0,438.0,1494900
2026-02-13 08:20:00,440.0,440.0,438.0,440.0,935700
2026-02-13 08:25:00,438.0,440.0,438.0,440.0,1637300
2026-02-13 08:30:00,438.0,440.0,438.0,438.0,949900
2026-02-13 08:35:00,438.0,440.0,438.0,438.0,350900
2026-02-13 08:40:00,438.0,440.0,438.0,438.0,1256300
2026-02-13 08:45:00,438.0,440.0,436.0,438.0,3901400
2026-02-13 09:00:00,438.0,438.0,438.0,438.0,3778900
2026-02-13 09:05:00,438.0,438.0,438.0,438.0,133900
2026-02-13 09:10:00,438.0,438.0,438.0,438.0,93200
2026-02-18 02:00:00,432.0,442.0,430.0,440.0,0
2026-02-18 02:05:00,432.0,434.0,430.0,430.0,1322300
2026-02-18 02:10:00,434.0,434.0,432.0,432.0,543200
2026-02-18 02:15:00,432.0,434.0,432.0,434.0,871000
2026-02-18 02:20:00,432.0,436.0,432.0,434.0,713800
2026-02-18 02:25:00,434.0,434.0,432.0,434.0,615500
2026-02-18 02:30:00,434.0,436.0,432.0,434.0,2438000
2026-02-18 02:35:00,434.0,436.0,432.0,434.0,151600
2026-02-18 02:40:00,432.0,434.0,432.0,434.0,407300
2026-02-18 02:45:00,436.0,436.0,432.0,434.0,866900
2026-02-18 02:50:00,434.0,436.0,434.0,436.0,293400
2026-02-18 02:55:00,434.0,436.0,434.0,436.0,1050200
2026-02-18 03:00:00,436.0,436.0,434.0,434.0,396900
2026-02-18 03:05:00,434.0,436.0,434.0,434.0,148800
2026-02-18 03:10:00,434.0,436.0,434.0,434.0,1286600
2026-02-18 03:15:00,434.0,434.0,432.0,434.0,173000
2026-02-18 03:20:00,430.0,434.0,430.0,432.0,5734700
2026-02-18 03:25:00,432.0,432.0,430.0,432.0,604200
2026-02-18 03:30:00,432.0,432.0,430.0,432.0,441000
2026-02-18 03:35:00,430.0,432.0,430.0,432.0,280900
2026-02-18 03:40:00,432.0,432.0,430.0,432.0,665000
2026-02-18 03:45:00,430.0,432.0,430.0,432.0,521000
2026-02-18 03:50:00,432.0,432.0,432.0,432.0,45500
2026-02-18 03:55:00,432.0,432.0,430.0,432.0,153600
2026-02-18 04:00:00,430.0,432.0,430.0,432.0,475300
2026-02-18 04:05:00,432.0,432.0,430.0,430.0,468100
2026-02-18 04:10:00,432.0,432.0,430.0,432.0,951000
2026-02-18 04:15:00,432.0,432.0,430.0,432.0,30200
2026-02-18 04:20:00,430.0,432.0,430.0,432.0,133400
2026-02-18 04:25:00,432.0,432.0,430.0,432.0,0
2026-02-18 04:30:00,432.0,432.0,430.0,432.0,34700
2026-02-18 04:35:00,432.0,432.0,430.0,432.0,161600
2026-02-18 04:40:00,432.0,432.0,430.0,432.0,277000
2026-02-18 04:45:00,432.0,432.0,430.0,432.0,354400
2026-02-18 04:50:00,432.0,432.0,430.0,430.0,85800
2026-02-18 04:55:00,430.0,432.0,430.0,432.0,287800
2026-02-18 06:30:00,428.0,432.0,426.0,430.0,8072100
2026-02-18 06:35:00,430.0,430.0,428.0,430.0,314800
2026-02-18 06:40:00,430.0,430.0,428.0,430.0,406000
2026-02-18 06:45:00,430.0,430.0,428.0,430.0,1379800
2026-02-18 06:50:00,430.0,434.0,430.0,430.0,1242800
2026-02-18 06:55:00,430.0,434.0,430.0,432.0,526600
2026-02-18 07:00:00,432.0,432.0,430.0,432.0,523400
2026-02-18 07:05:00,432.0,432.0,430.0,432.0,544400
2026-02-18 07:10:00,432.0,434.0,430.0,432.0,437400
2026-02-18 07:15:00,430.0,434.0,430.0,432.0,281600
2026-02-18 07:20:00,432.0,432.0,432.0,432.0,156500
2026-02-18 07:25:00,434.0,434.0,430.0,430.0,676100
2026-02-18 07:30:00,434.0,434.0,430.0,432.0,389900
2026-02-18 07:35:00,434.0,436.0,432.0,434.0,803300
2026-02-18 07:40:00,432.0,436.0,432.0,436.0,489800
2026-02-18 07:45:00,434.0,434.0,432.0,434.0,17000
2026-02-18 07:50:00,434.0,434.0,432.0,432.0,21100
2026-02-18 07:55:00,434.0,434.0,432.0,434.0,437800
2026-02-18 08:00:00,432.0,434.0,432.0,434.0,208700
2026-02-18 08:05:00,432.0,434.0,430.0,432.0,391400
2026-02-18 08:10:00,434.0,434.0,430.0,432.0,616000
2026-02-18 08:15:00,432.0,434.0,430.0,432.0,277300
2026-02-18 08:20:00,434.0,434.0,432.0,432.0,161600
2026-02-18 08:25:00,432.0,434.0,432.0,434.0,97200
2026-02-18 08:30:00,434.0,434.0,432.0,432.0,472800
2026-02-18 08:35:00,432.0,434.0,432.0,432.0,124800
2026-02-18 08:40:00,432.0,434.0,432.0,432.0,1233300
2026-02-18 08:45:00,432.0,434.0,432.0,432.0,1441800
2026-02-18 09:00:00,434.0,434.0,434.0,434.0,394400
2026-02-18 09:05:00,434.0,434.0,434.0,434.0,27900
2026-02-18 09:10:00,434.0,434.0,434.0,434.0,113100
2026-02-19 02:00:00,430.0,440.0,430.0,436.0,0
2026-02-19 02:05:00,432.0,434.0,430.0,430.0,1297400
2026-02-19 02:10:00,434.0,434.0,432.0,434.0,237300
2026-02-19 02:15:00,434.0,434.0,432.0,432.0,69500
2026-02-19 02:20:00,436.0,436.0,432.0,434.0,161200
2026-02-19 02:25:00,436.0,436.0,434.0,436.0,442000
2026-02-19 02:30:00,436.0,436.0,434.0,434.0,253100
2026-02-19 02:35:00,436.0,436.0,434.0,434.0,111400
2026-02-19 02:40:00,436.0,436.0,434.0,434.0,253200
2026-02-19 02:45:00,432.0,436.0,432.0,436.0,1483700
2026-02-19 02:50:00,432.0,434.0,432.0,432.0,263900
2026-02-19 02:55:00,432.0,434.0,432.0,432.0,151800
2026-02-19 03:00:00,434.0,434.0,432.0,432.0,596200
2026-02-19 03:05:00,432.0,434.0,432.0,432.0,25200
2026-02-19 03:10:00,432.0,434.0,432.0,432.0,739000
2026-02-19 03:15:00,430.0,434.0,430.0,432.0,518500
2026-02-19 03:20:00,430.0,432.0,430.0,432.0,157700
2026-02-19 03:25:00,430.0,432.0,430.0,432.0,62500
2026-02-19 03:30:00,430.0,432.0,430.0,432.0,149700
2026-02-19 03:35:00,430.0,432.0,428.0,432.0,2588400
2026-02-19 03:40:00,430.0,430.0,428.0,428.0,1489600
2026-02-19 03:45:00,430.0,432.0,430.0,430.0,1729400
2026-02-19 03:50:00,432.0,432.0,430.0,432.0,344600
2026-02-19 03:55:00,430.0,434.0,430.0,432.0,509300
2026-02-19 04:00:00,432.0,432.0,430.0,432.0,279200
2026-02-19 04:05:00,432.0,434.0,432.0,432.0,19800
2026-02-19 04:10:00,432.0,434.0,430.0,432.0,284800
2026-02-19 04:15:00,432.0,432.0,430.0,432.0,495100
2026-02-19 04:20:00,432.0,436.0,432.0,432.0,2235000
2026-02-19 04:25:00,434.0,436.0,434.0,434.0,896800
2026-02-19 04:30:00,434.0,434.0,432.0,434.0,334600
2026-02-19 04:35:00,434.0,434.0,432.0,434.0,57200
2026-02-19 04:40:00,432.0,432.0,432.0,432.0,74600
2026-02-19 04:45:00,434.0,434.0,432.0,432.0,980900
2026-02-19 04:50:00,432.0,434.0,432.0,432.0,15200
2026-02-19 04:55:00,434.0,434.0,432.0,432.0,30900
2026-02-19 06:30:00,434.0,434.0,432.0,434.0,78500
2026-02-19 06:35:00,432.0,434.0,432.0,434.0,619500
2026-02-19 06:40:00,432.0,434.0,432.0,432.0,54000
2026-02-19 06:45:00,432.0,434.0,432.0,432.0,107700
2026-02-19 06:50:00,432.0,434.0,432.0,432.0,724500
2026-02-19 06:55:00,434.0,434.0,432.0,432.0,42600
2026-02-19 07:00:00,432.0,434.0,432.0,434.0,122500
2026-02-19 07:05:00,434.0,434.0,432.0,432.0,630200
2026-02-19 07:10:00,432.0,434.0,432.0,432.0,25800
2026-02-19 07:15:00,432.0,434.0,432.0,434.0,2962800
2026-02-19 07:20:00,432.0,432.0,430.0,432.0,480800
2026-02-19 07:25:00,430.0,432.0,430.0,432.0,185600
2026-02-19 07:30:00,432.0,432.0,430.0,430.0,470300
2026-02-19 07:35:00,430.0,432.0,430.0,432.0,54900
2026-02-19 07:40:00,432.0,432.0,430.0,430.0,64600
2026-02-19 07:45:00,430.0,432.0,430.0,432.0,113700
2026-02-19 07:50:00,432.0,432.0,430.0,430.0,99100
2026-02-19 07:55:00,432.0,432.0,430.0,432.0,92900
2026-02-19 08:00:00,432.0,432.0,430.0,432.0,144500
2026-02-19 08:05:00,432.0,432.0,430.0,430.0,80000
2026-02-19 08:10:00,430.0,432.0,430.0,432.0,367100
2026-02-19 08:15:00,432.0,432.0,430.0,430.0,133900
2026-02-19 08:20:00,430.0,432.0,430.0,432.0,155900
2026-02-19 08:25:00,430.0,432.0,430.0,432.0,53700
2026-02-19 08:30:00,432.0,432.0,430.0,430.0,91700
2026-02-19 08:35:00,432.0,434.0,430.0,430.0,838600
2026-02-19 08:40:00,434.0,434.0,430.0,432.0,1166400
2026-02-19 08:45:00,434.0,434.0,432.0,432.0,630500
2026-02-19 09:00:00,432.0,432.0,432.0,432.0,417800
2026-02-19 09:05:00,432.0,432.0,432.0,432.0,40700
2026-02-19 09:10:00,432.0,432.0,432.0,432.0,10000
2026-02-20 02:00:00,432.0,434.0,430.0,430.0,0
2026-02-20 02:05:00,432.0,434.0,430.0,432.0,151500
2026-02-20 02:10:00,432.0,434.0,432.0,432.0,132200
2026-02-20 02:15:00,430.0,434.0,430.0,432.0,497300
2026-02-20 02:20:00,430.0,430.0,428.0,430.0,283800
2026-02-20 02:25:00,430.0,430.0,428.0,428.0,662900
2026-02-20 02:30:00,434.0,434.0,426.0,426.0,3965400
2026-02-20 02:35:00,432.0,434.0,430.0,432.0,315700
2026-02-20 02:40:00,432.0,432.0,430.0,430.0,86600
2026-02-20 02:45:00,432.0,432.0,430.0,430.0,298300
2026-02-20 02:50:00,430.0,432.0,430.0,430.0,60200
2026-02-20 02:55:00,432.0,432.0,430.0,430.0,53700
2026-02-20 03:00:00,430.0,432.0,430.0,432.0,89200
2026-02-20 03:05:00,432.0,432.0,430.0,432.0,24200
2026-02-20 03:10:00,430.0,432.0,428.0,430.0,580200
2026-02-20 03:15:00,430.0,432.0,428.0,432.0,67000
2026-02-20 03:20:00,430.0,430.0,428.0,428.0,77300
2026-02-20 03:25:00,430.0,430.0,428.0,430.0,0
2026-02-20 03:30:00,430.0,430.0,428.0,428.0,58900
2026-02-20 03:35:00,430.0,430.0,428.0,430.0,7500
2026-02-20 03:40:00,430.0,430.0,428.0,428.0,25800
2026-02-20 03:45:00,430.0,430.0,428.0,428.0,5900
2026-02-20 03:50:00,428.0,430.0,428.0,430.0,30500
2026-02-20 03:55:00,430.0,430.0,428.0,428.0,6600
2026-02-20 04:00:00,430.0,430.0,428.0,430.0,74900
2026-02-20 04:05:00,430.0,430.0,428.0,430.0,35800
2026-02-20 04:10:00,430.0,430.0,428.0,430.0,0
2026-02-20 04:15:00,430.0,430.0,428.0,430.0,2535000
2026-02-20 04:20:00,428.0,430.0,428.0,428.0,72300
2026-02-20 04:25:00,428.0,430.0,428.0,428.0,117000
2026-02-20 07:00:00,430.0,430.0,428.0,428.0,999700
2026-02-20 07:05:00,430.0,430.0,428.0,430.0,277100
2026-02-20 07:10:00,430.0,430.0,428.0,428.0,17400
2026-02-20 07:15:00,430.0,430.0,428.0,430.0,198200
2026-02-20 07:20:00,430.0,430.0,428.0,430.0,46000
2026-02-20 07:25:00,428.0,430.0,426.0,430.0,726900
2026-02-20 07:30:00,428.0,428.0,426.0,428.0,122600
2026-02-20 07:35:00,428.0,430.0,428.0,428.0,70300
2026-02-20 07:40:00,428.0,428.0,426.0,428.0,385500
2026-02-20 07:45:00,426.0,428.0,426.0,428.0,1961900
2026-02-20 07:50:00,428.0,428.0,426.0,428.0,431700
2026-02-20 07:55:00,426.0,428.0,426.0,428.0,63700
2026-02-20 08:00:00,428.0,428.0,426.0,426.0,107000
2026-02-20 08:05:00,428.0,428.0,426.0,428.0,107300
2026-02-20 08:10:00,428.0,428.0,426.0,428.0,23300
2026-02-20 08:15:00,428.0,428.0,426.0,428.0,914600
2026-02-20 08:20:00,428.0,428.0,426.0,426.0,232300
2026-02-20 08:25:00,426.0,428.0,426.0,426.0,136600
2026-02-20 08:30:00,426.0,428.0,426.0,426.0,59300
2026-02-20 08:35:00,426.0,428.0,426.0,428.0,255600
2026-02-20 08:40:00,428.0,428.0,426.0,428.0,138900
2026-02-20 08:45:00,430.0,430.0,426.0,428.0,2251200
2026-02-20 09:00:00,430.0,430.0,430.0,430.0,417300
2026-02-20 09:05:00,430.0,430.0,430.0,430.0,3400
2026-02-20 09:10:00,430.0,430.0,430.0,430.0,8900
2026-02-23 02:00:00,428.0,430.0,426.0,428.0,0
2026-02-23 02:05:00,426.0,428.0,426.0,428.0,430500
2026-02-23 02:10:00,428.0,428.0,426.0,428.0,790200
2026-02-23 02:15:00,426.0,428.0,426.0,428.0,39500
2026-02-23 02:20:00,430.0,430.0,426.0,428.0,1037400
2026-02-23 02:25:00,430.0,430.0,428.0,428.0,291400
2026-02-23 02:30:00,428.0,430.0,428.0,430.0,56600
2026-02-23 02:35:00,430.0,430.0,428.0,428.0,141800
2026-02-23 02:40:00,428.0,430.0,428.0,430.0,104700
2026-02-23 02:45:00,430.0,430.0,428.0,428.0,815500
2026-02-23 02:50:00,428.0,430.0,428.0,428.0,1267500
2026-02-23 02:55:00,430.0,430.0,428.0,428.0,212100
2026-02-23 03:00:00,430.0,430.0,428.0,430.0,69900
2026-02-23 03:05:00,428.0,430.0,428.0,430.0,99400
2026-02-23 03:10:00,428.0,430.0,428.0,430.0,103600
2026-02-23 03:15:00,430.0,430.0,428.0,428.0,14700
2026-02-23 03:20:00,428.0,430.0,428.0,430.0,149000
2026-02-23 03:25:00,428.0,430.0,428.0,428.0,47500
2026-02-23 03:30:00,428.0,430.0,428.0,430.0,913800
2026-02-23 03:35:00,428.0,430.0,428.0,428.0,0
2026-02-23 03:40:00,430.0,430.0,428.0,428.0,54200
2026-02-23 03:45:00,428.0,430.0,428.0,428.0,26000
2026-02-23 03:50:00,428.0,430.0,428.0,430.0,299900
2026-02-23 03:55:00,432.0,432.0,428.0,428.0,1450900
2026-02-23 04:00:00,430.0,432.0,430.0,430.0,407500
2026-02-23 04:05:00,432.0,432.0,430.0,432.0,0
2026-02-23 04:10:00,430.0,432.0,430.0,432.0,10000
2026-02-23 04:15:00,432.0,432.0,430.0,432.0,53000
2026-02-23 04:20:00,432.0,432.0,430.0,430.0,6700
2026-02-23 04:25:00,430.0,430.0,430.0,430.0,434300
2026-02-23 04:30:00,430.0,432.0,430.0,430.0,428000
2026-02-23 04:35:00,430.0,430.0,428.0,430.0,35600
2026-02-23 04:40:00,428.0,430.0,428.0,430.0,4300
2026-02-23 04:45:00,428.0,430.0,428.0,428.0,67800
2026-02-23 04:50:00,428.0,430.0,428.0,430.0,386900
2026-02-23 04:55:00,428.0,430.0,428.0,428.0,180700
2026-02-23 06:30:00,428.0,430.0,428.0,428.0,2797400
2026-02-23 06:35:00,428.0,428.0,426.0,428.0,665300
2026-02-23 06:40:00,426.0,428.0,426.0,428.0,356200
2026-02-23 06:45:00,428.0,428.0,426.0,428.0,34200
2026-02-23 06:50:00,426.0,428.0,426.0,426.0,2198000
2026-02-23 06:55:00,428.0,428.0,426.0,428.0,110000
2026-02-23 07:00:00,426.0,428.0,426.0,428.0,67300
2026-02-23 07:05:00,428.0,428.0,426.0,426.0,165900
2026-02-23 07:10:00,426.0,428.0,426.0,426.0,28400
2026-02-23 07:15:00,426.0,428.0,426.0,426.0,536200
2026-02-23 07:20:00,428.0,428.0,426.0,426.0,126300
2026-02-23 07:25:00,426.0,428.0,426.0,428.0,20600
2026-02-23 07:30:00,428.0,428.0,426.0,426.0,168800
2026-02-23 07:35:00,426.0,428.0,426.0,428.0,510500
2026-02-23 07:40:00,426.0,428.0,426.0,428.0,444300
2026-02-23 07:45:00,426.0,428.0,426.0,426.0,947200
2026-02-23 07:50:00,426.0,428.0,426.0,428.0,542900
2026-02-23 07:55:00,426.0,428.0,426.0,426.0,532700
2026-02-23 08:00:00,426.0,428.0,426.0,426.0,823600
2026-02-23 08:05:00,428.0,428.0,426.0,426.0,488000
2026-02-23 08:10:00,426.0,428.0,426.0,426.0,481400
2026-02-23 08:15:00,428.0,428.0,426.0,428.0,1012700
2026-02-23 08:20:00,428.0,428.0,426.0,428.0,909500
2026-02-23 08:25:00,428.0,428.0,426.0,428.0,1006500
2026-02-23 08:30:00,428.0,428.0,426.0,426.0,2110900
2026-02-23 08:35:00,426.0,428.0,426.0,428.0,358300
2026-02-23 08:40:00,424.0,428.0,424.0,428.0,5943600
2026-02-23 08:45:00,428.0,428.0,424.0,424.0,2959800
2026-02-23 09:00:00,428.0,428.0,428.0,428.0,410100
2026-02-23 09:05:00,428.0,428.0,428.0,428.0,0
2026-02-23 09:10:00,428.0,428.0,428.0,428.0,53700
2026-02-24 02:00:00,430.0,430.0,424.0,424.0,0
2026-02-24 02:05:00,436.0,436.0,430.0,430.0,3201100
2026-02-24 02:10:00,436.0,436.0,432.0,434.0,2849300
2026-02-24 02:15:00,434.0,436.0,432.0,434.0,1426800
2026-02-24 02:20:00,438.0,438.0,434.0,434.0,4493800
2026-02-24 02:25:00,440.0,440.0,434.0,436.0,9578900
2026-02-24 02:30:00,436.0,440.0,436.0,440.0,4326400
2026-02-24 02:35:00,436.0,438.0,434.0,436.0,2077900
2026-02-24 02:40:00,434.0,436.0,430.0,434.0,3473300
2026-02-24 02:45:00,434.0,436.0,432.0,434.0,947700
2026-02-24 02:50:00,432.0,434.0,432.0,434.0,2073200
2026-02-24 02:55:00,434.0,434.0,432.0,432.0,341400
2026-02-24 03:00:00,434.0,434.0,432.0,434.0,992100
2026-02-24 03:05:00,430.0,434.0,430.0,434.0,5703600
2026-02-24 03:10:00,430.0,430.0,428.0,430.0,1244500
2026-02-24 03:15:00,430.0,430.0,428.0,430.0,182800
2026-02-24 03:20:00,430.0,430.0,428.0,430.0,190100
2026-02-24 03:25:00,428.0,430.0,428.0,430.0,2070200
2026-02-24 03:30:00,430.0,430.0,428.0,430.0,310700
2026-02-24 03:35:00,430.0,430.0,428.0,430.0,177200
2026-02-24 03:40:00,430.0,430.0,428.0,430.0,236500
2026-02-24 03:45:00,430.0,430.0,428.0,430.0,185400
2026-02-24 03:50:00,432.0,432.0,428.0,430.0,1386300
2026-02-24 03:55:00,428.0,432.0,428.0,432.0,1354400
2026-02-24 04:00:00,428.0,430.0,428.0,428.0,390700
2026-02-24 04:05:00,430.0,430.0,430.0,430.0,182800
2026-02-24 04:10:00,428.0,430.0,428.0,430.0,38500
2026-02-24 04:15:00,430.0,430.0,428.0,428.0,17400
2026-02-24 04:20:00,430.0,430.0,428.0,428.0,110900
2026-02-24 04:25:00,430.0,430.0,428.0,428.0,148200
2026-02-24 04:30:00,430.0,430.0,428.0,430.0,246600
2026-02-24 04:35:00,430.0,430.0,428.0,430.0,101000
2026-02-24 04:40:00,430.0,430.0,428.0,430.0,135100
2026-02-24 04:45:00,430.0,430.0,428.0,430.0,251300
2026-02-24 04:50:00,430.0,430.0,428.0,430.0,3678000
2026-02-24 04:55:00,428.0,430.0,428.0,430.0,47100
2026-02-24 06:30:00,432.0,434.0,428.0,428.0,9246000
2026-02-24 06:35:00,434.0,436.0,432.0,432.0,3259500
2026-02-24 06:40:00,436.0,436.0,432.0,434.0,1046600
2026-02-24 06:45:00,436.0,436.0,434.0,436.0,1954500
2026-02-24 06:50:00,436.0,438.0,434.0,436.0,1755700
2026-02-24 06:55:00,438.0,440.0,436.0,438.0,5255200
2026-02-24 07:00:00,438.0,440.0,438.0,438.0,5732700
2026-02-24 07:05:00,436.0,438.0,436.0,438.0,399800
2026-02-24 07:10:00,438.0,438.0,436.0,436.0,604400
2026-02-24 07:15:00,436.0,438.0,436.0,438.0,563500
2026-02-24 07:20:00,434.0,438.0,432.0,436.0,3651600
2026-02-24 07:25:00,432.0,434.0,432.0,432.0,6813500
2026-02-24 07:30:00,434.0,434.0,430.0,432.0,2281300
2026-02-24 07:35:00,432.0,432.0,430.0,430.0,2550100
2026-02-24 07:40:00,428.0,432.0,428.0,430.0,2996000
2026-02-24 07:45:00,428.0,430.0,428.0,430.0,515800
2026-02-24 07:50:00,430.0,430.0,428.0,428.0,439100
2026-02-24 07:55:00,428.0,430.0,428.0,430.0,3794500
2026-02-24 08:00:00,430.0,430.0,428.0,430.0,142000
2026-02-24 08:05:00,430.0,430.0,428.0,430.0,186700
2026-02-24 08:10:00,430.0,430.0,428.0,430.0,732500
2026-02-24 08:15:00,430.0,430.0,428.0,428.0,122000
2026-02-24 08:20:00,428.0,430.0,428.0,428.0,361700
2026-02-24 08:25:00,430.0,430.0,428.0,428.0,285200
2026-02-24 08:30:00,430.0,430.0,428.0,430.0,198800
2026-02-24 08:35:00,430.0,430.0,428.0,428.0,656800
2026-02-24 08:40:00,428.0,430.0,428.0,428.0,2435000
2026-02-24 08:45:00,428.0,430.0,428.0,428.0,2506000
2026-02-24 09:00:00,428.0,428.0,428.0,428.0,3782100
2026-02-24 09:05:00,428.0,428.0,428.0,428.0,38100
2026-02-24 09:10:00,428.0,428.0,428.0,428.0,437800
2026-02-25 02:00:00,434.0,434.0,428.0,430.0,0
2026-02-25 02:05:00,434.0,436.0,432.0,434.0,927900
2026-02-25 02:10:00,434.0,436.0,432.0,434.0,706500
2026-02-25 02:15:00,432.0,434.0,432.0,434.0,192100
2026-02-25 02:20:00,430.0,434.0,428.0,432.0,3087200
2026-02-25 02:25:00,432.0,432.0,428.0,428.0,758400
2026-02-25 02:30:00,430.0,432.0,430.0,432.0,111300
2026-02-25 02:35:00,432.0,434.0,430.0,430.0,316100
2026-02-25 02:40:00,432.0,434.0,432.0,434.0,638200
2026-02-25 02:45:00,432.0,432.0,430.0,430.0,121500
2026-02-25 02:50:00,430.0,432.0,430.0,432.0,90400
2026-02-25 02:55:00,432.0,432.0,430.0,430.0,108900
2026-02-25 03:00:00,432.0,434.0,430.0,432.0,370200
2026-02-25 03:05:00,432.0,434.0,432.0,434.0,61800
2026-02-25 03:10:00,434.0,434.0,432.0,432.0,59200
2026-02-25 03:15:00,432.0,434.0,432.0,434.0,621000
2026-02-25 03:20:00,434.0,434.0,432.0,432.0,749000
2026-02-25 03:25:00,432.0,434.0,432.0,434.0,77700
2026-02-25 03:30:00,434.0,434.0,432.0,434.0,112900
2026-02-25 03:35:00,434.0,434.0,434.0,434.0,88900
2026-02-25 03:40:00,432.0,434.0,432.0,434.0,93500
2026-02-25 03:45:00,434.0,434.0,432.0,432.0,1416300
2026-02-25 03:50:00,434.0,434.0,432.0,434.0,36200
2026-02-25 03:55:00,432.0,434.0,432.0,434.0,129400
2026-02-25 04:00:00,432.0,434.0,432.0,432.0,168700
2026-02-25 04:05:00,432.0,434.0,432.0,432.0,4800
2026-02-25 04:10:00,432.0,434.0,432.0,432.0,743300
2026-02-25 04:15:00,430.0,434.0,430.0,434.0,284400
2026-02-25 04:20:00,432.0,432.0,430.0,430.0,250600
2026-02-25 04:25:00,430.0,434.0,430.0,432.0,65000
2026-02-25 04:30:00,432.0,434.0,432.0,432.0,54100
2026-02-25 04:35:00,432.0,432.0,432.0,432.0,257700
2026-02-25 04:40:00,432.0,432.0,430.0,432.0,2500
2026-02-25 04:45:00,432.0,432.0,430.0,430.0,49800
2026-02-25 04:50:00,432.0,434.0,432.0,432.0,98100
2026-02-25 04:55:00,434.0,434.0,432.0,432.0,89600
2026-02-25 06:30:00,432.0,434.0,432.0,434.0,6182700
2026-02-25 06:35:00,432.0,434.0,432.0,434.0,92200
2026-02-25 06:40:00,432.0,434.0,432.0,432.0,607900
2026-02-25 06:45:00,430.0,432.0,430.0,430.0,103000
2026-02-25 06:50:00,432.0,432.0,430.0,432.0,259600
2026-02-25 06:55:00,430.0,432.0,430.0,432.0,593200
2026-02-25 07:00:00,430.0,432.0,430.0,432.0,121700
2026-02-25 07:05:00,432.0,432.0,430.0,430.0,2373000
2026-02-25 07:10:00,432.0,432.0,430.0,430.0,248100
2026-02-25 07:15:00,432.0,432.0,430.0,432.0,1858000
2026-02-25 07:20:00,434.0,434.0,432.0,432.0,59600
2026-02-25 07:25:00,434.0,434.0,432.0,432.0,93300
2026-02-25 07:30:00,432.0,434.0,432.0,432.0,309500
2026-02-25 07:35:00,432.0,432.0,430.0,432.0,88500
2026-02-25 07:40:00,432.0,432.0,430.0,430.0,339900
2026-02-25 07:45:00,432.0,434.0,430.0,432.0,147100
2026-02-25 07:50:00,432.0,434.0,430.0,432.0,217300
2026-02-25 07:55:00,430.0,430.0,430.0,430.0,3162100
2026-02-25 08:00:00,430.0,430.0,430.0,430.0,156700
2026-02-25 08:05:00,430.0,432.0,428.0,432.0,129400
2026-02-25 08:10:00,430.0,430.0,430.0,430.0,74200
2026-02-25 08:15:00,432.0,432.0,430.0,430.0,256700
2026-02-25 08:20:00,430.0,432.0,430.0,432.0,275600
2026-02-25 08:25:00,430.0,432.0,430.0,432.0,222500
2026-02-25 08:30:00,430.0,432.0,430.0,430.0,312500
2026-02-25 08:35:00,430.0,432.0,430.0,430.0,124400
2026-02-25 08:40:00,430.0,432.0,430.0,430.0,401300
2026-02-25 08:45:00,432.0,432.0,430.0,430.0,1086100
2026-02-25 09:00:00,432.0,432.0,432.0,432.0,1957300
2026-02-25 09:05:00,432.0,432.0,432.0,432.0,2158900
2026-02-25 09:10:00,432.0,432.0,432.0,432.0,0
2026-02-26 02:00:00,430.0,434.0,430.0,434.0,0
2026-02-26 02:05:00,430.0,432.0,428.0,430.0,646200
2026-02-26 02:10:00,430.0,430.0,428.0,430.0,1083400
2026-02-26 02:15:00,428.0,430.0,428.0,430.0,160600
2026-02-26 02:20:00,428.0,430.0,428.0,428.0,298000
2026-02-26 02:25:00,428.0,430.0,426.0,428.0,3198200
2026-02-26 02:30:00,428.0,428.0,424.0,426.0,1449800
2026-02-26 02:35:00,428.0,430.0,426.0,428.0,2148900
2026-02-26 02:40:00,426.0,430.0,426.0,426.0,204900
2026-02-26 02:45:00,428.0,430.0,426.0,428.0,176900
2026-02-26 02:50:00,428.0,430.0,428.0,428.0,35400
2026-02-26 02:55:00,430.0,430.0,426.0,430.0,603900
2026-02-26 03:00:00,430.0,430.0,428.0,428.0,285900
2026-02-26 03:05:00,428.0,430.0,426.0,430.0,1203100
2026-02-26 03:10:00,428.0,428.0,426.0,428.0,38600
2026-02-26 03:15:00,426.0,428.0,426.0,426.0,89700
2026-02-26 03:20:00,426.0,428.0,426.0,426.0,227100
2026-02-26 03:25:00,428.0,428.0,426.0,426.0,1099400
2026-02-26 03:30:00,426.0,428.0,426.0,426.0,791000
2026-02-26 03:35:00,426.0,428.0,426.0,426.0,40000
2026-02-26 03:40:00,428.0,430.0,426.0,426.0,1152700
2026-02-26 03:45:00,428.0,430.0,426.0,428.0,1185200
2026-02-26 03:50:00,428.0,428.0,426.0,428.0,100400
2026-02-26 03:55:00,428.0,430.0,428.0,428.0,140300
2026-02-26 04:00:00,428.0,430.0,428.0,428.0,437400
2026-02-26 04:05:00,428.0,430.0,428.0,430.0,26100
2026-02-26 04:10:00,430.0,430.0,428.0,428.0,8500
2026-02-26 04:15:00,428.0,430.0,428.0,428.0,29500
2026-02-26 04:20:00,428.0,430.0,428.0,428.0,70400
2026-02-26 04:25:00,428.0,430.0,428.0,428.0,29400
2026-02-26 04:30:00,428.0,430.0,428.0,430.0,12700
2026-02-26 04:35:00,428.0,430.0,428.0,430.0,25400
2026-02-26 04:40:00,428.0,430.0,428.0,428.0,5900
2026-02-26 04:45:00,428.0,430.0,428.0,428.0,201600
2026-02-26 04:50:00,428.0,430.0,426.0,428.0,173000
2026-02-26 04:55:00,430.0,430.0,426.0,428.0,1184400
2026-02-26 06:30:00,428.0,428.0,426.0,428.0,374800
2026-02-26 06:35:00,428.0,428.0,426.0,428.0,23700
2026-02-26 06:40:00,428.0,428.0,426.0,428.0,15800
2026-02-26 06:45:00,428.0,428.0,426.0,428.0,145700
2026-02-26 06:50:00,428.0,428.0,426.0,428.0,127000
2026-02-26 06:55:00,428.0,428.0,426.0,428.0,144400
2026-02-26 07:00:00,428.0,428.0,428.0,428.0,258800
2026-02-26 07:05:00,426.0,428.0,426.0,428.0,73400
2026-02-26 07:10:00,428.0,428.0,426.0,426.0,320900
2026-02-26 07:15:00,426.0,428.0,426.0,426.0,191700
2026-02-26 07:20:00,426.0,428.0,426.0,428.0,2725100
2026-02-26 07:25:00,426.0,428.0,426.0,428.0,2661200
2026-02-26 07:30:00,426.0,428.0,426.0,426.0,3949200
2026-02-26 07:35:00,428.0,428.0,426.0,428.0,476100
2026-02-26 07:40:00,430.0,430.0,426.0,428.0,1196700
2026-02-26 07:45:00,428.0,430.0,428.0,428.0,54500
2026-02-26 07:50:00,428.0,428.0,426.0,428.0,1355400
2026-02-26 07:55:00,428.0,428.0,426.0,428.0,88600
2026-02-26 08:00:00,428.0,430.0,426.0,426.0,17269800
2026-02-26 08:05:00,430.0,430.0,428.0,430.0,185400
2026-02-26 08:10:00,430.0,430.0,428.0,430.0,97100
2026-02-26 08:15:00,428.0,430.0,426.0,430.0,1143700
2026-02-26 08:20:00,426.0,428.0,426.0,428.0,129000
2026-02-26 08:25:00,428.0,428.0,426.0,426.0,83900
2026-02-26 08:30:00,428.0,428.0,426.0,428.0,261800
2026-02-26 08:35:00,428.0,428.0,426.0,428.0,263400
2026-02-26 08:40:00,428.0,428.0,426.0,428.0,324900
2026-02-26 08:45:00,426.0,428.0,426.0,428.0,1082500
2026-02-26 09:00:00,426.0,426.0,426.0,426.0,3502900
2026-02-26 09:05:00,426.0,426.0,426.0,426.0,64200
2026-02-26 09:10:00,426.0,426.0,426.0,426.0,9400
2026-02-27 02:00:00,422.0,426.0,422.0,426.0,0
2026-02-27 02:05:00,420.0,424.0,420.0,422.0,2221500
2026-02-27 02:10:00,424.0,424.0,420.0,422.0,1515300
2026-02-27 02:15:00,424.0,426.0,422.0,422.0,199300
2026-02-27 02:20:00,430.0,430.0,424.0,424.0,4237100
2026-02-27 02:25:00,428.0,430.0,426.0,428.0,583700
2026-02-27 02:30:00,430.0,430.0,428.0,430.0,332000
2026-02-27 02:35:00,428.0,430.0,426.0,430.0,1750700
2026-02-27 02:40:00,428.0,428.0,426.0,428.0,541500
2026-02-27 02:45:00,428.0,428.0,428.0,428.0,471500
2026-02-27 02:50:00,428.0,428.0,426.0,428.0,332700
2026-02-27 02:55:00,428.0,428.0,426.0,428.0,255900
2026-02-27 03:00:00,426.0,428.0,426.0,428.0,16300
2026-02-27 03:05:00,428.0,428.0,426.0,426.0,46400
2026-02-27 03:10:00,428.0,428.0,426.0,426.0,287100
2026-02-27 03:15:00,430.0,430.0,426.0,426.0,1178200
2026-02-27 03:20:00,428.0,430.0,428.0,430.0,359000
2026-02-27 03:25:00,432.0,432.0,428.0,430.0,1572400
2026-02-27 03:30:00,430.0,432.0,430.0,432.0,234800
2026-02-27 03:35:00,432.0,432.0,432.0,432.0,168900
2026-02-27 03:40:00,432.0,432.0,430.0,432.0,768800
2026-02-27 03:45:00,434.0,434.0,430.0,430.0,841100
2026-02-27 03:50:00,434.0,436.0,432.0,434.0,3680600
2026-02-27 03:55:00,436.0,436.0,434.0,434.0,445100
2026-02-27 04:00:00,436.0,436.0,434.0,436.0,370100
2026-02-27 04:05:00,436.0,436.0,434.0,436.0,457900
2026-02-27 04:10:00,438.0,438.0,434.0,436.0,3618100
2026-02-27 04:15:00,436.0,438.0,436.0,438.0,551500
2026-02-27 04:20:00,438.0,438.0,436.0,436.0,408200
2026-02-27 04:25:00,436.0,438.0,434.0,438.0,1641300
2026-02-27 07:00:00,438.0,438.0,434.0,436.0,3790500
2026-02-27 07:05:00,434.0,438.0,434.0,436.0,1421500
2026-02-27 07:10:00,434.0,436.0,434.0,434.0,604100
2026-02-27 07:15:00,436.0,436.0,434.0,436.0,3232100
2026-02-27 07:20:00,436.0,438.0,436.0,436.0,1840800
2026-02-27 07:25:00,436.0,438.0,436.0,436.0,2086500
2026-02-27 07:30:00,436.0,438.0,434.0,436.0,1031100
2026-02-27 07:35:00,436.0,436.0,434.0,434.0,26400
2026-02-27 07:40:00,434.0,436.0,434.0,434.0,186200
2026-02-27 07:45:00,436.0,436.0,434.0,434.0,175700
2026-02-27 07:50:00,436.0,438.0,434.0,434.0,2156200
2026-02-27 07:55:00,438.0,438.0,436.0,436.0,388300
2026-02-27 08:00:00,438.0,438.0,436.0,436.0,427100
2026-02-27 08:05:00,436.0,438.0,436.0,436.0,457100
2026-02-27 08:10:00,436.0,438.0,436.0,438.0,1521700
2026-02-27 08:15:00,438.0,438.0,436.0,438.0,1229500
2026-02-27 08:20:00,438.0,438.0,436.0,438.0,723900
2026-02-27 08:25:00,438.0,438.0,436.0,436.0,510800
2026-02-27 08:30:00,438.0,438.0,436.0,436.0,1340000
2026-02-27 08:35:00,438.0,438.0,436.0,438.0,336700
2026-02-27 08:40:00,438.0,438.0,436.0,438.0,1316700
2026-02-27 08:45:00,438.0,440.0,436.0,438.0,3815400
2026-02-27 09:00:00,440.0,440.0,440.0,440.0,1751200
2026-02-27 09:05:00,440.0,440.0,440.0,440.0,1298100
2026-02-27 09:10:00,440.0,440.0,440.0,440.0,27600
2026-03-02 02:00:00,432.0,434.0,422.0,428.0,0
2026-03-02 02:05:00,434.0,436.0,430.0,432.0,4550200
2026-03-02 02:10:00,430.0,436.0,428.0,434.0,4842400
2026-03-02 02:15:00,428.0,430.0,426.0,428.0,2401200
2026-03-02 02:20:00,430.0,432.0,430.0,430.0,2553900
2026-03-02 02:25:00,430.0,432.0,430.0,430.0,1044600
2026-03-02 02:30:00,430.0,432.0,430.0,430.0,566200
2026-03-02 02:35:00,432.0,434.0,430.0,432.0,1415900
2026-03-02 02:40:00,436.0,438.0,432.0,432.0,3456100
2026-03-02 02:45:00,436.0,438.0,434.0,438.0,5347700
2026-03-02 02:50:00,438.0,440.0,436.0,436.0,3749900
2026-03-02 02:55:00,436.0,440.0,436.0,438.0,652300
2026-03-02 03:00:00,436.0,438.0,436.0,436.0,840800
2026-03-02 03:05:00,438.0,438.0,436.0,436.0,967900
2026-03-02 03:10:00,436.0,438.0,436.0,438.0,1137500
2026-03-02 03:15:00,434.0,436.0,434.0,434.0,1104900
2026-03-02 03:20:00,434.0,436.0,434.0,436.0,136800
2026-03-02 03:25:00,438.0,438.0,434.0,434.0,1117200
2026-03-02 03:30:00,438.0,438.0,436.0,436.0,87100
2026-03-02 03:35:00,438.0,438.0,436.0,436.0,462800
2026-03-02 03:40:00,436.0,438.0,436.0,438.0,847400
2026-03-02 03:45:00,434.0,436.0,434.0,436.0,517900
2026-03-02 03:50:00,436.0,436.0,434.0,436.0,256300
2026-03-02 03:55:00,436.0,436.0,434.0,434.0,527500
2026-03-02 04:00:00,434.0,436.0,434.0,434.0,548400
2026-03-02 04:05:00,432.0,434.0,432.0,434.0,678600
2026-03-02 04:10:00,434.0,434.0,432.0,432.0,61100
2026-03-02 04:15:00,434.0,434.0,432.0,434.0,1141300
2026-03-02 04:20:00,434.0,436.0,432.0,434.0,952300
2026-03-02 04:25:00,434.0,436.0,434.0,434.0,391600
2026-03-02 04:30:00,436.0,436.0,434.0,434.0,9900
2026-03-02 04:35:00,436.0,436.0,434.0,436.0,35700
2026-03-02 04:40:00,436.0,436.0,434.0,436.0,511000
2026-03-02 04:45:00,436.0,436.0,436.0,436.0,65600
2026-03-02 04:50:00,436.0,438.0,436.0,436.0,412900
2026-03-02 04:55:00,436.0,436.0,436.0,436.0,234500
2026-03-02 06:30:00,438.0,438.0,436.0,436.0,1704700
2026-03-02 06:35:00,436.0,438.0,434.0,436.0,444200
2026-03-02 06:40:00,434.0,436.0,434.0,434.0,227500
2026-03-02 06:45:00,436.0,436.0,432.0,436.0,2875100
2026-03-02 06:50:00,434.0,436.0,432.0,434.0,232200
2026-03-02 06:55:00,430.0,434.0,430.0,434.0,7997200
2026-03-02 07:00:00,430.0,432.0,428.0,430.0,2008100
2026-03-02 07:05:00,434.0,434.0,430.0,432.0,2869100
2026-03-02 07:10:00,434.0,436.0,434.0,434.0,2213200
2026-03-02 07:15:00,434.0,436.0,434.0,434.0,915500
2026-03-02 07:20:00,436.0,436.0,434.0,436.0,858800
2026-03-02 07:25:00,432.0,436.0,432.0,436.0,850600
2026-03-02 07:30:00,434.0,434.0,432.0,434.0,1308600
2026-03-02 07:35:00,432.0,434.0,432.0,432.0,592600
2026-03-02 07:40:00,434.0,434.0,432.0,434.0,748800
2026-03-02 07:45:00,432.0,434.0,432.0,434.0,194300
2026-03-02 07:50:00,432.0,432.0,432.0,432.0,246300
2026-03-02 07:55:00,434.0,434.0,432.0,432.0,816600
2026-03-02 08:00:00,432.0,434.0,430.0,432.0,845800
2026-03-02 08:05:00,432.0,434.0,432.0,432.0,120100
2026-03-02 08:10:00,432.0,434.0,430.0,434.0,599100
2026-03-02 08:15:00,432.0,432.0,430.0,430.0,770100
2026-03-02 08:20:00,430.0,432.0,430.0,430.0,698800
2026-03-02 08:25:00,432.0,432.0,430.0,432.0,302200
2026-03-02 08:30:00,432.0,432.0,430.0,430.0,1054400
2026-03-02 08:35:00,432.0,432.0,430.0,430.0,425500
2026-03-02 08:40:00,430.0,432.0,430.0,430.0,758900
2026-03-02 08:45:00,430.0,432.0,428.0,430.0,4450700
2026-03-02 09:00:00,430.0,430.0,430.0,430.0,994900
2026-03-02 09:05:00,430.0,430.0,430.0,430.0,106400
2026-03-02 09:10:00,430.0,430.0,430.0,430.0,0
2026-03-03 02:00:00,428.0,430.0,428.0,430.0,0
2026-03-03 02:05:00,432.0,432.0,428.0,428.0,1788900
2026-03-03 02:10:00,434.0,434.0,430.0,430.0,784100
2026-03-03 02:15:00,434.0,434.0,432.0,434.0,900300
2026-03-03 02:20:00,434.0,436.0,432.0,432.0,119700
2026-03-03 02:25:00,434.0,436.0,432.0,434.0,244500
2026-03-03 02:30:00,432.0,436.0,432.0,434.0,1807900
2026-03-03 02:35:00,430.0,432.0,430.0,432.0,328600
2026-03-03 02:40:00,430.0,432.0,430.0,430.0,48000
2026-03-03 02:45:00,430.0,432.0,430.0,430.0,245700
2026-03-03 02:50:00,430.0,432.0,430.0,430.0,179100
2026-03-03 02:55:00,432.0,432.0,430.0,432.0,434200
2026-03-03 03:00:00,434.0,434.0,430.0,432.0,2053600
2026-03-03 03:05:00,436.0,440.0,434.0,434.0,5622500
2026-03-03 03:10:00,438.0,440.0,434.0,436.0,1752200
2026-03-03 03:15:00,436.0,438.0,436.0,436.0,1311400
2026-03-03 03:20:00,440.0,442.0,436.0,436.0,3318600
2026-03-03 03:25:00,440.0,442.0,438.0,440.0,928000
2026-03-03 03:30:00,438.0,440.0,436.0,438.0,977400
2026-03-03 03:35:00,434.0,438.0,434.0,436.0,1089400
2026-03-03 03:40:00,436.0,436.0,434.0,434.0,296800
2026-03-03 03:45:00,434.0,436.0,434.0,436.0,425600
2026-03-03 03:50:00,432.0,436.0,432.0,434.0,734700
2026-03-03 03:55:00,434.0,434.0,432.0,432.0,355700
2026-03-03 04:00:00,434.0,436.0,432.0,434.0,30100
2026-03-03 04:05:00,436.0,436.0,432.0,432.0,62000
2026-03-03 04:10:00,432.0,434.0,432.0,434.0,169900
2026-03-03 04:15:00,434.0,434.0,432.0,432.0,93400
2026-03-03 04:20:00,436.0,436.0,432.0,434.0,530100
2026-03-03 04:25:00,436.0,436.0,434.0,436.0,8200
2026-03-03 04:30:00,434.0,436.0,434.0,436.0,41600
2026-03-03 04:35:00,436.0,436.0,434.0,434.0,8300
2026-03-03 04:40:00,436.0,436.0,434.0,436.0,57100
2026-03-03 04:45:00,436.0,436.0,434.0,436.0,301900
2026-03-03 04:50:00,436.0,438.0,436.0,436.0,164300
2026-03-03 04:55:00,434.0,438.0,434.0,438.0,172600
2026-03-03 06:30:00,438.0,442.0,434.0,436.0,7104400
2026-03-03 06:35:00,436.0,438.0,436.0,438.0,1290800
2026-03-03 06:40:00,440.0,440.0,436.0,436.0,172200
2026-03-03 06:45:00,436.0,440.0,436.0,438.0,272300
2026-03-03 06:50:00,438.0,438.0,436.0,436.0,79400
2026-03-03 06:55:00,436.0,438.0,434.0,436.0,1211500
2026-03-03 07:00:00,436.0,436.0,434.0,434.0,542800
2026-03-03 07:05:00,436.0,436.0,434.0,434.0,521200
2026-03-03 07:10:00,434.0,436.0,432.0,434.0,1685200
2026-03-03 07:15:00,434.0,434.0,432.0,434.0,617000
2026-03-03 07:20:00,434.0,434.0,432.0,432.0,350200
2026-03-03 07:25:00,432.0,432.0,430.0,432.0,1679200
2026-03-03 07:30:00,434.0,434.0,430.0,430.0,1518500
2026-03-03 07:35:00,436.0,436.0,432.0,432.0,1293900
2026-03-03 07:40:00,436.0,438.0,436.0,436.0,1278900
2026-03-03 07:45:00,434.0,436.0,434.0,436.0,1694900
2026-03-03 07:50:00,434.0,434.0,434.0,434.0,7600
2026-03-03 07:55:00,434.0,434.0,434.0,434.0,184100
2026-03-03 08:00:00,436.0,436.0,434.0,434.0,242200
2026-03-03 08:05:00,434.0,436.0,434.0,434.0,227200
2026-03-03 08:10:00,436.0,436.0,434.0,434.0,138100
2026-03-03 08:15:00,436.0,436.0,434.0,434.0,153300
2026-03-03 08:20:00,434.0,436.0,434.0,436.0,502800
2026-03-03 08:25:00,436.0,436.0,434.0,434.0,190800
2026-03-03 08:30:00,434.0,436.0,434.0,436.0,25600
2026-03-03 08:35:00,434.0,436.0,432.0,434.0,411600
2026-03-03 08:40:00,430.0,434.0,430.0,434.0,2131900
2026-03-03 08:45:00,432.0,432.0,430.0,432.0,183100
2026-03-03 09:00:00,432.0,432.0,432.0,432.0,2310700
2026-03-03 09:05:00,432.0,432.0,432.0,432.0,95200
2026-03-03 09:10:00,432.0,432.0,432.0,432.0,10100
2026-03-04 02:00:00,424.0,430.0,420.0,430.0,0
2026-03-04 02:05:00,418.0,426.0,416.0,424.0,4430600
2026-03-04 02:10:00,418.0,420.0,416.0,420.0,2067300
2026-03-04 02:15:00,412.0,418.0,412.0,418.0,3784200
2026-03-04 02:20:00,414.0,416.0,410.0,412.0,3926600
2026-03-04 02:25:00,418.0,418.0,412.0,414.0,446500
2026-03-04 02:30:00,418.0,418.0,416.0,416.0,592100
2026-03-04 02:35:00,416.0,420.0,416.0,418.0,797900
2026-03-04 02:40:00,416.0,416.0,414.0,414.0,152600
2026-03-04 02:45:00,414.0,416.0,412.0,416.0,1455500
2026-03-04 02:50:00,410.0,414.0,410.0,412.0,2545500
2026-03-04 02:55:00,408.0,412.0,408.0,412.0,3644900
2026-03-04 03:00:00,410.0,410.0,404.0,410.0,4842000
2026-03-04 03:05:00,408.0,410.0,406.0,410.0,1580700
2026-03-04 03:10:00,408.0,410.0,406.0,408.0,2180700
2026-03-04 03:15:00,408.0,410.0,406.0,406.0,982400
2026-03-04 03:20:00,406.0,408.0,406.0,408.0,1670700
2026-03-04 03:25:00,406.0,408.0,404.0,406.0,1713400
2026-03-04 03:30:00,408.0,410.0,404.0,406.0,1754600
2026-03-04 03:35:00,410.0,410.0,406.0,406.0,1714600
2026-03-04 03:40:00,412.0,412.0,408.0,410.0,2300700
2026-03-04 03:45:00,412.0,412.0,410.0,410.0,844700
2026-03-04 03:50:00,412.0,412.0,410.0,412.0,626700
2026-03-04 03:55:00,412.0,412.0,410.0,412.0,744100
2026-03-04 04:00:00,412.0,412.0,410.0,412.0,882300
2026-03-04 04:05:00,412.0,412.0,410.0,412.0,1135200
2026-03-04 04:10:00,410.0,414.0,410.0,414.0,1359800
2026-03-04 04:15:00,410.0,412.0,410.0,412.0,457100
2026-03-04 04:20:00,412.0,414.0,412.0,412.0,101900
2026-03-04 04:25:00,412.0,414.0,412.0,412.0,896000
2026-03-04 04:30:00,410.0,412.0,408.0,412.0,1146000
2026-03-04 04:35:00,414.0,414.0,410.0,410.0,911200
2026-03-04 04:40:00,412.0,414.0,410.0,412.0,592700
2026-03-04 04:45:00,414.0,414.0,412.0,412.0,427000
2026-03-04 04:50:00,412.0,412.0,410.0,412.0,1331800
2026-03-04 04:55:00,408.0,412.0,408.0,410.0,2201200
2026-03-04 06:30:00,404.0,410.0,404.0,410.0,5519500
2026-03-04 06:35:00,408.0,410.0,404.0,406.0,1882500
2026-03-04 06:40:00,410.0,412.0,408.0,408.0,8113000
2026-03-04 06:45:00,408.0,410.0,408.0,410.0,1208600
2026-03-04 06:50:00,410.0,410.0,408.0,410.0,89700
2026-03-04 06:55:00,410.0,410.0,408.0,408.0,308500
2026-03-04 07:00:00,408.0,410.0,408.0,408.0,252100
2026-03-04 07:05:00,408.0,410.0,408.0,410.0,1743200
2026-03-04 07:10:00,408.0,410.0,408.0,410.0,43100
2026-03-04 07:15:00,408.0,410.0,406.0,410.0,3197300
2026-03-04 07:20:00,414.0,414.0,408.0,408.0,2287300
2026-03-04 07:25:00,412.0,412.0,410.0,410.0,222200
2026-03-04 07:30:00,412.0,412.0,410.0,410.0,359200
2026-03-04 07:35:00,412.0,412.0,410.0,410.0,194600
2026-03-04 07:40:00,412.0,412.0,410.0,412.0,132700
2026-03-04 07:45:00,410.0,412.0,410.0,412.0,297500
2026-03-04 07:50:00,412.0,414.0,410.0,412.0,487000
2026-03-04 07:55:00,412.0,414.0,412.0,412.0,96600
2026-03-04 08:00:00,412.0,414.0,412.0,414.0,600700
2026-03-04 08:05:00,410.0,412.0,410.0,412.0,584300
2026-03-04 08:10:00,410.0,412.0,410.0,412.0,1456000
2026-03-04 08:15:00,408.0,410.0,408.0,410.0,2757500
2026-03-04 08:20:00,410.0,410.0,408.0,410.0,924700
2026-03-04 08:25:00,410.0,410.0,408.0,408.0,1268600
2026-03-04 08:30:00,410.0,410.0,408.0,410.0,562400
2026-03-04 08:35:00,410.0,412.0,408.0,410.0,1994600
2026-03-04 08:40:00,408.0,410.0,408.0,408.0,178800
2026-03-04 08:45:00,410.0,410.0,408.0,408.0,1295700
2026-03-04 09:00:00,412.0,412.0,412.0,412.0,3124300
2026-03-04 09:05:00,412.0,412.0,412.0,412.0,21800
2026-03-04 09:10:00,412.0,412.0,412.0,412.0,23300
2026-03-05 02:00:00,424.0,426.0,416.0,418.0,0
2026-03-05 02:05:00,424.0,424.0,420.0,424.0,2810000
2026-03-05 02:10:00,424.0,426.0,422.0,424.0,1726700
2026-03-05 02:15:00,426.0,428.0,422.0,424.0,2074700
2026-03-05 02:20:00,424.0,426.0,422.0,426.0,2085100
2026-03-05 02:25:00,422.0,426.0,418.0,422.0,4293400
2026-03-05 02:30:00,422.0,424.0,420.0,422.0,1518600
2026-03-05 02:35:00,420.0,422.0,420.0,420.0,203300
2026-03-05 02:40:00,422.0,424.0,420.0,422.0,423000
2026-03-05 02:45:00,422.0,424.0,422.0,424.0,80800
2026-03-05 02:50:00,422.0,422.0,422.0,422.0,475100
2026-03-05 02:55:00,422.0,422.0,420.0,420.0,76600
2026-03-05 03:00:00,420.0,422.0,420.0,422.0,74000
2026-03-05 03:05:00,420.0,422.0,418.0,420.0,498800
2026-03-05 03:10:00,418.0,420.0,418.0,420.0,14000
2026-03-05 03:15:00,420.0,420.0,418.0,418.0,12700
2026-03-05 03:20:00,420.0,420.0,418.0,418.0,13100
2026-03-05 03:25:00,420.0,420.0,420.0,420.0,183100
2026-03-05 03:30:00,420.0,422.0,418.0,420.0,381700
2026-03-05 03:35:00,420.0,422.0,420.0,422.0,94600
2026-03-05 03:40:00,418.0,420.0,416.0,420.0,2475000
2026-03-05 03:45:00,416.0,418.0,416.0,418.0,0
2026-03-05 03:50:00,418.0,418.0,416.0,416.0,12500
2026-03-05 03:55:00,416.0,418.0,416.0,418.0,215200
2026-03-05 04:00:00,418.0,418.0,416.0,416.0,21200
2026-03-05 04:05:00,416.0,418.0,416.0,416.0,121800
2026-03-05 04:10:00,418.0,418.0,416.0,416.0,385700
2026-03-05 04:15:00,418.0,418.0,416.0,416.0,121800
2026-03-05 04:20:00,418.0,418.0,418.0,418.0,400
2026-03-05 04:25:00,418.0,418.0,418.0,418.0,99500
2026-03-05 04:30:00,416.0,418.0,416.0,418.0,116200
2026-03-05 04:35:00,418.0,418.0,416.0,416.0,139700
2026-03-05 04:40:00,418.0,418.0,416.0,418.0,31800
2026-03-05 04:45:00,418.0,418.0,416.0,418.0,418000
2026-03-05 04:50:00,416.0,418.0,416.0,418.0,65800
2026-03-05 04:55:00,416.0,418.0,416.0,418.0,7600
2026-03-05 06:30:00,416.0,418.0,414.0,418.0,760300
2026-03-05 06:35:00,416.0,416.0,414.0,416.0,80100
2026-03-05 06:40:00,418.0,418.0,416.0,416.0,19700
2026-03-05 06:45:00,418.0,418.0,416.0,418.0,8700
2026-03-05 06:50:00,416.0,416.0,416.0,416.0,153600
2026-03-05 06:55:00,416.0,416.0,416.0,416.0,47200
2026-03-05 07:00:00,416.0,416.0,416.0,416.0,91300
2026-03-05 07:05:00,418.0,418.0,414.0,414.0,508300
2026-03-05 07:10:00,416.0,418.0,416.0,416.0,17700
2026-03-05 07:15:00,416.0,418.0,416.0,416.0,30400
2026-03-05 07:20:00,414.0,416.0,414.0,416.0,410500
2026-03-05 07:25:00,414.0,416.0,414.0,414.0,93200
2026-03-05 07:30:00,416.0,416.0,414.0,416.0,7300
2026-03-05 07:35:00,416.0,418.0,416.0,416.0,282100
2026-03-05 07:40:00,414.0,416.0,414.0,414.0,0
2026-03-05 07:45:00,414.0,416.0,414.0,416.0,74200
2026-03-05 07:50:00,414.0,416.0,414.0,414.0,81400
2026-03-05 07:55:00,416.0,416.0,414.0,416.0,179000
2026-03-05 08:00:00,416.0,416.0,414.0,416.0,22700
2026-03-05 08:05:00,416.0,416.0,414.0,414.0,354900
2026-03-05 08:10:00,414.0,414.0,414.0,414.0,18700
2026-03-05 08:15:00,414.0,416.0,412.0,416.0,1464400
2026-03-05 08:20:00,414.0,414.0,414.0,414.0,131900
2026-03-05 08:25:00,414.0,414.0,414.0,414.0,54800
2026-03-05 08:30:00,412.0,414.0,412.0,414.0,109600
2026-03-05 08:35:00,412.0,414.0,412.0,412.0,96900
2026-03-05 08:40:00,410.0,414.0,410.0,412.0,990700
2026-03-05 08:45:00,412.0,412.0,410.0,410.0,394200
2026-03-05 09:00:00,410.0,410.0,410.0,410.0,1629700
2026-03-05 09:05:00,410.0,410.0,410.0,410.0,342400
2026-03-05 09:10:00,410.0,410.0,410.0,410.0,4900
2026-03-06 02:00:00,410.0,412.0,406.0,408.0,0
2026-03-06 02:05:00,410.0,412.0,410.0,412.0,60100
2026-03-06 02:10:00,408.0,410.0,406.0,408.0,751600
2026-03-06 02:15:00,408.0,408.0,406.0,408.0,75500
2026-03-06 02:20:00,408.0,408.0,406.0,408.0,544600
2026-03-06 02:25:00,406.0,410.0,406.0,408.0,415600
2026-03-06 02:30:00,406.0,408.0,406.0,406.0,121800
2026-03-06 02:35:00,404.0,408.0,404.0,408.0,1236300
2026-03-06 02:40:00,406.0,406.0,404.0,404.0,377800
2026-03-06 02:45:00,406.0,406.0,404.0,406.0,391000
2026-03-06 02:50:00,408.0,408.0,406.0,406.0,415500
2026-03-06 02:55:00,408.0,408.0,406.0,406.0,114600
2026-03-06 03:00:00,406.0,408.0,404.0,408.0,470600
2026-03-06 03:05:00,406.0,406.0,404.0,406.0,165900
2026-03-06 03:10:00,406.0,406.0,404.0,406.0,105300
2026-03-06 03:15:00,404.0,406.0,402.0,406.0,4418200
2026-03-06 03:20:00,398.0,404.0,396.0,402.0,8192800
2026-03-06 03:25:00,400.0,400.0,398.0,398.0,937100
2026-03-06 03:30:00,398.0,400.0,396.0,398.0,3264600
2026-03-06 03:35:00,398.0,398.0,396.0,398.0,657600
2026-03-06 03:40:00,400.0,400.0,398.0,398.0,603700
2026-03-06 03:45:00,402.0,402.0,400.0,402.0,0
2026-03-06 03:50:00,402.0,402.0,402.0,402.0,263300
2026-03-06 03:55:00,404.0,404.0,402.0,404.0,3800
2026-03-06 04:00:00,402.0,402.0,400.0,402.0,526700
2026-03-06 04:05:00,402.0,402.0,400.0,402.0,640000
2026-03-06 04:10:00,400.0,402.0,398.0,402.0,2656800
2026-03-06 04:15:00,400.0,400.0,398.0,400.0,1134500
2026-03-06 04:20:00,400.0,400.0,398.0,400.0,807400
2026-03-06 04:25:00,398.0,400.0,398.0,400.0,2381300
2026-03-06 07:00:00,400.0,402.0,398.0,400.0,929500
2026-03-06 07:05:00,400.0,400.0,400.0,400.0,392400
2026-03-06 07:10:00,402.0,402.0,400.0,400.0,601600
2026-03-06 07:15:00,402.0,402.0,400.0,400.0,341400
2026-03-06 07:20:00,402.0,402.0,400.0,400.0,190800
2026-03-06 07:25:00,400.0,402.0,400.0,402.0,870600
2026-03-06 07:30:00,402.0,402.0,400.0,402.0,1179400
2026-03-06 07:35:00,402.0,402.0,400.0,402.0,200900
2026-03-06 07:40:00,402.0,402.0,400.0,400.0,261300
2026-03-06 07:45:00,400.0,402.0,400.0,400.0,311900
2026-03-06 07:50:00,402.0,402.0,400.0,402.0,239400
2026-03-06 07:55:00,402.0,402.0,400.0,402.0,44300
2026-03-06 08:00:00,400.0,402.0,400.0,400.0,436300
2026-03-06 08:05:00,402.0,402.0,400.0,400.0,174800
2026-03-06 08:10:00,400.0,402.0,400.0,400.0,331400
2026-03-06 08:15:00,402.0,402.0,400.0,400.0,1114300
2026-03-06 08:20:00,400.0,402.0,400.0,400.0,9474800
2026-03-06 08:25:00,402.0,402.0,400.0,402.0,62200
2026-03-06 08:30:00,400.0,402.0,400.0,400.0,677700
2026-03-06 08:35:00,400.0,402.0,400.0,400.0,242500
2026-03-06 08:40:00,400.0,402.0,400.0,400.0,460600
2026-03-06 08:45:00,400.0,402.0,400.0,400.0,2291000
2026-03-06 09:00:00,400.0,400.0,400.0,400.0,1542800
2026-03-06 09:05:00,400.0,400.0,400.0,400.0,18700
2026-03-06 09:10:00,400.0,400.0,400.0,400.0,0
2026-03-09 02:00:00,382.0,384.0,376.0,382.0,0
2026-03-09 02:05:00,374.0,384.0,374.0,382.0,6516900
2026-03-09 02:10:00,376.0,378.0,370.0,378.0,4241800
2026-03-09 02:15:00,380.0,380.0,372.0,376.0,3459400
2026-03-09 02:20:00,382.0,382.0,378.0,380.0,1793800
2026-03-09 02:25:00,378.0,384.0,376.0,382.0,3838300
2026-03-09 02:30:00,380.0,382.0,376.0,378.0,5308000
2026-03-09 02:35:00,380.0,384.0,380.0,382.0,1915600
2026-03-09 02:40:00,384.0,384.0,380.0,380.0,2220200
2026-03-09 02:45:00,384.0,384.0,382.0,384.0,804000
2026-03-09 02:50:00,384.0,386.0,382.0,384.0,2604800
2026-03-09 02:55:00,384.0,386.0,382.0,384.0,972700
2026-03-09 03:00:00,384.0,386.0,384.0,384.0,1441100
2026-03-09 03:05:00,382.0,384.0,382.0,384.0,2369100
2026-03-09 03:10:00,382.0,386.0,382.0,384.0,1015000
2026-03-09 03:15:00,382.0,384.0,382.0,382.0,433300
2026-03-09 03:20:00,382.0,384.0,382.0,382.0,81200
2026-03-09 03:25:00,384.0,384.0,382.0,384.0,395700
2026-03-09 03:30:00,384.0,386.0,382.0,384.0,532000
2026-03-09 03:35:00,382.0,384.0,382.0,382.0,15000
2026-03-09 03:40:00,384.0,386.0,382.0,382.0,717600
2026-03-09 03:45:00,386.0,386.0,382.0,384.0,1009200
2026-03-09 03:50:00,384.0,386.0,382.0,386.0,722600
2026-03-09 03:55:00,386.0,386.0,384.0,384.0,190400
2026-03-09 04:00:00,386.0,386.0,382.0,386.0,853100
2026-03-09 04:05:00,386.0,386.0,386.0,386.0,11200
2026-03-09 04:10:00,384.0,386.0,384.0,384.0,183000
2026-03-09 04:15:00,386.0,388.0,384.0,386.0,2585600
2026-03-09 04:20:00,386.0,388.0,386.0,388.0,475800
2026-03-09 04:25:00,386.0,388.0,386.0,388.0,47500
2026-03-09 04:30:00,386.0,388.0,386.0,386.0,17700
2026-03-09 04:35:00,388.0,388.0,386.0,386.0,101700
2026-03-09 04:40:00,388.0,388.0,386.0,388.0,46500
2026-03-09 04:45:00,388.0,388.0,386.0,386.0,12800
2026-03-09 04:50:00,388.0,388.0,386.0,386.0,307700
2026-03-09 04:55:00,386.0,388.0,386.0,388.0,55200
2026-03-09 06:30:00,388.0,388.0,384.0,388.0,1461900
2026-03-09 06:35:00,386.0,388.0,386.0,386.0,218000
2026-03-09 06:40:00,390.0,390.0,388.0,388.0,253000
2026-03-09 06:45:00,388.0,390.0,388.0,388.0,61600
2026-03-09 06:50:00,390.0,390.0,388.0,388.0,121200
2026-03-09 06:55:00,390.0,390.0,388.0,390.0,47200
2026-03-09 07:00:00,388.0,390.0,386.0,388.0,458300
2026-03-09 07:05:00,386.0,388.0,386.0,388.0,4800
2026-03-09 07:10:00,388.0,388.0,386.0,386.0,14800
2026-03-09 07:15:00,386.0,388.0,384.0,388.0,921800
2026-03-09 07:20:00,386.0,386.0,384.0,386.0,17500
2026-03-09 07:25:00,386.0,386.0,384.0,386.0,65700
2026-03-09 07:30:00,386.0,386.0,384.0,384.0,454000
2026-03-09 07:35:00,384.0,386.0,384.0,384.0,122700
2026-03-09 07:40:00,386.0,386.0,384.0,386.0,31000
2026-03-09 07:45:00,384.0,386.0,384.0,384.0,618400
2026-03-09 07:50:00,384.0,386.0,384.0,386.0,753600
2026-03-09 07:55:00,384.0,388.0,382.0,386.0,688400
2026-03-09 08:00:00,386.0,386.0,384.0,384.0,13600
2026-03-09 08:05:00,380.0,386.0,378.0,384.0,9177900
2026-03-09 08:10:00,380.0,384.0,380.0,380.0,604900
2026-03-09 08:15:00,382.0,384.0,380.0,380.0,267900
2026-03-09 08:20:00,382.0,384.0,382.0,384.0,11700
2026-03-09 08:25:00,382.0,384.0,380.0,384.0,571400
2026-03-09 08:30:00,382.0,382.0,380.0,382.0,172100
2026-03-09 08:35:00,382.0,382.0,380.0,382.0,8300
2026-03-09 08:40:00,380.0,382.0,380.0,382.0,243300
2026-03-09 08:45:00,382.0,384.0,380.0,380.0,572000
2026-03-09 09:00:00,382.0,382.0,382.0,382.0,1375700
2026-03-09 09:05:00,382.0,382.0,382.0,382.0,18700
2026-03-09 09:10:00,382.0,382.0,382.0,382.0,400
2026-03-10 02:00:00,392.0,394.0,388.0,388.0,0
2026-03-10 02:05:00,390.0,394.0,390.0,392.0,1862200
2026-03-10 02:10:00,392.0,392.0,388.0,390.0,1069700
2026-03-10 02:15:00,392.0,392.0,390.0,392.0,58400
2026-03-10 02:20:00,390.0,392.0,390.0,392.0,131300
2026-03-10 02:25:00,388.0,392.0,388.0,390.0,1838200
2026-03-10 02:30:00,386.0,388.0,386.0,388.0,1434300
2026-03-10 02:35:00,384.0,388.0,384.0,386.0,2270800
2026-03-10 02:40:00,384.0,386.0,384.0,384.0,309600
2026-03-10 02:45:00,384.0,386.0,384.0,384.0,511200
2026-03-10 02:50:00,382.0,384.0,382.0,384.0,519500
2026-03-10 02:55:00,386.0,386.0,382.0,384.0,1137600
2026-03-10 03:00:00,384.0,386.0,384.0,386.0,386300
2026-03-10 03:05:00,386.0,386.0,384.0,384.0,348300
2026-03-10 03:10:00,384.0,386.0,382.0,386.0,839500
2026-03-10 03:15:00,384.0,386.0,384.0,386.0,238600
2026-03-10 03:20:00,386.0,386.0,386.0,386.0,185200
2026-03-10 03:25:00,388.0,388.0,384.0,386.0,446800
2026-03-10 03:30:00,388.0,390.0,388.0,388.0,705600
2026-03-10 03:35:00,390.0,390.0,388.0,388.0,379100
2026-03-10 03:40:00,388.0,390.0,388.0,390.0,157800
2026-03-10 03:45:00,388.0,390.0,388.0,390.0,369100
2026-03-10 03:50:00,388.0,388.0,386.0,388.0,284600
2026-03-10 03:55:00,388.0,390.0,388.0,388.0,729600
2026-03-10 04:00:00,388.0,388.0,386.0,388.0,359300
2026-03-10 04:05:00,388.0,388.0,388.0,388.0,2500
2026-03-10 04:10:00,388.0,388.0,386.0,388.0,203500
2026-03-10 04:15:00,388.0,388.0,386.0,388.0,13000
2026-03-10 04:20:00,388.0,388.0,386.0,386.0,631400
2026-03-10 04:25:00,388.0,388.0,388.0,388.0,38000
2026-03-10 04:30:00,384.0,388.0,384.0,388.0,875800
2026-03-10 04:35:00,384.0,386.0,384.0,384.0,1129300
2026-03-10 04:40:00,384.0,386.0,384.0,386.0,151700
2026-03-10 04:45:00,384.0,386.0,384.0,384.0,242500
2026-03-10 04:50:00,386.0,386.0,384.0,386.0,11800
2026-03-10 04:55:00,386.0,388.0,384.0,384.0,890300
2026-03-10 06:30:00,386.0,388.0,384.0,388.0,754300
2026-03-10 06:35:00,388.0,388.0,384.0,386.0,248800
2026-03-10 06:40:00,388.0,388.0,386.0,388.0,944400
2026-03-10 06:45:00,390.0,390.0,386.0,388.0,556000
2026-03-10 06:50:00,390.0,390.0,386.0,390.0,55700
2026-03-10 06:55:00,388.0,390.0,388.0,390.0,929000
2026-03-10 07:00:00,386.0,388.0,386.0,388.0,11800
2026-03-10 07:05:00,388.0,388.0,388.0,388.0,600
2026-03-10 07:10:00,386.0,388.0,386.0,386.0,300200
2026-03-10 07:15:00,386.0,388.0,386.0,388.0,81400
2026-03-10 07:20:00,388.0,388.0,386.0,386.0,1134100
2026-03-10 07:25:00,388.0,390.0,386.0,388.0,740900
2026-03-10 07:30:00,388.0,388.0,386.0,386.0,47800
2026-03-10 07:35:00,386.0,386.0,386.0,386.0,112600
2026-03-10 07:40:00,386.0,386.0,386.0,386.0,248600
2026-03-10 07:45:00,388.0,388.0,386.0,386.0,26800
2026-03-10 07:50:00,388.0,388.0,386.0,388.0,145600
2026-03-10 07:55:00,388.0,388.0,386.0,386.0,39500
2026-03-10 08:00:00,386.0,388.0,386.0,386.0,507600
2026-03-10 08:05:00,386.0,388.0,386.0,388.0,229600
2026-03-10 08:10:00,388.0,390.0,386.0,388.0,709400
2026-03-10 08:15:00,388.0,390.0,388.0,388.0,104300
2026-03-10 08:20:00,386.0,388.0,386.0,388.0,488900
2026-03-10 08:25:00,388.0,388.0,386.0,386.0,159900
2026-03-10 08:30:00,388.0,388.0,386.0,386.0,137400
2026-03-10 08:35:00,388.0,388.0,386.0,388.0,459100
2026-03-10 08:40:00,386.0,388.0,386.0,386.0,799500
2026-03-10 08:45:00,386.0,388.0,386.0,386.0,314600
2026-03-10 09:00:00,388.0,388.0,388.0,388.0,350600
2026-03-10 09:05:00,388.0,388.0,388.0,388.0,103600
2026-03-11 02:00:00,392.0,392.0,390.0,392.0,0
2026-03-11 02:05:00,394.0,394.0,392.0,392.0,1182000
2026-03-11 02:10:00,396.0,396.0,394.0,394.0,1487500
2026-03-11 02:15:00,396.0,396.0,394.0,396.0,948000
2026-03-11 02:20:00,394.0,396.0,394.0,396.0,152400
2026-03-11 02:25:00,394.0,394.0,392.0,394.0,1228700
2026-03-11 02:30:00,392.0,394.0,392.0,394.0,53600
2026-03-11 02:35:00,392.0,394.0,392.0,394.0,80100
2026-03-11 02:40:00,392.0,394.0,392.0,392.0,815400
2026-03-11 02:45:00,390.0,392.0,390.0,392.0,3500
2026-03-11 02:50:00,392.0,392.0,392.0,392.0,36500
2026-03-11 02:55:00,388.0,392.0,388.0,392.0,1774000
2026-03-11 03:00:00,390.0,390.0,388.0,390.0,156500
2026-03-11 03:05:00,394.0,394.0,392.0,392.0,833600
2026-03-11 03:10:00,392.0,394.0,392.0,394.0,108900
2026-03-11 03:15:00,392.0,394.0,392.0,392.0,68200
2026-03-11 03:20:00,392.0,392.0,392.0,392.0,99900
2026-03-11 03:25:00,392.0,392.0,392.0,392.0,0
2026-03-11 03:30:00,392.0,392.0,390.0,392.0,15100
2026-03-11 03:35:00,392.0,392.0,390.0,390.0,2500
2026-03-11 03:40:00,390.0,390.0,390.0,390.0,130900
2026-03-11 03:45:00,390.0,392.0,390.0,390.0,600
2026-03-11 03:50:00,392.0,392.0,390.0,392.0,2600
2026-03-11 03:55:00,388.0,392.0,388.0,392.0,396100
2026-03-11 04:00:00,390.0,390.0,388.0,388.0,23700
2026-03-11 04:05:00,390.0,390.0,388.0,390.0,73000
2026-03-11 04:10:00,390.0,390.0,388.0,390.0,61400
2026-03-11 04:15:00,390.0,390.0,388.0,390.0,37600
2026-03-11 04:20:00,390.0,390.0,390.0,390.0,23100
2026-03-11 04:25:00,388.0,390.0,388.0,390.0,4400
2026-03-11 04:30:00,388.0,388.0,388.0,388.0,86300
2026-03-11 04:35:00,388.0,388.0,388.0,388.0,10500
2026-03-11 04:40:00,392.0,392.0,390.0,390.0,75900
2026-03-11 04:45:00,392.0,392.0,390.0,392.0,8000
2026-03-11 04:50:00,390.0,392.0,390.0,392.0,4200
2026-03-11 04:55:00,390.0,392.0,390.0,390.0,28900
2026-03-11 06:30:00,388.0,392.0,388.0,390.0,1185300
2026-03-11 06:35:00,390.0,390.0,388.0,388.0,81400
2026-03-11 06:40:00,388.0,390.0,388.0,390.0,732100
2026-03-11 06:45:00,388.0,388.0,386.0,388.0,216300
2026-03-11 06:50:00,388.0,388.0,388.0,388.0,112900
2026-03-11 06:55:00,386.0,388.0,386.0,388.0,891300
2026-03-11 07:00:00,386.0,388.0,386.0,386.0,17800
2026-03-11 07:05:00,388.0,388.0,386.0,388.0,559400
2026-03-11 07:10:00,386.0,388.0,386.0,388.0,29200
2026-03-11 07:15:00,388.0,388.0,386.0,386.0,214300
2026-03-11 07:20:00,386.0,386.0,386.0,386.0,52800
2026-03-11 07:25:00,386.0,386.0,384.0,386.0,285700
2026-03-11 07:30:00,386.0,388.0,386.0,388.0,26300
2026-03-11 07:35:00,386.0,386.0,386.0,386.0,0
2026-03-11 07:40:00,388.0,388.0,388.0,388.0,37300
2026-03-11 07:45:00,386.0,388.0,386.0,388.0,489600
2026-03-11 07:50:00,390.0,390.0,388.0,390.0,21300
2026-03-11 07:55:00,388.0,388.0,388.0,388.0,107800
2026-03-11 08:00:00,386.0,388.0,386.0,386.0,112100
2026-03-11 08:05:00,386.0,388.0,386.0,388.0,272400
2026-03-11 08:10:00,388.0,388.0,386.0,388.0,0
2026-03-11 08:15:00,386.0,386.0,386.0,386.0,1210600
2026-03-11 08:20:00,384.0,386.0,384.0,386.0,16100
2026-03-11 08:25:00,386.0,386.0,384.0,384.0,124900
2026-03-11 08:30:00,386.0,388.0,384.0,388.0,3998700
2026-03-11 08:35:00,388.0,388.0,386.0,386.0,323400
2026-03-11 08:40:00,386.0,388.0,386.0,388.0,136800
2026-03-11 08:45:00,388.0,388.0,386.0,386.0,0
2026-03-11 09:00:00,388.0,388.0,388.0,388.0,178200
2026-03-11 09:05:00,388.0,388.0,388.0,388.0,2300
2026-03-11 09:10:00,388.0,388.0,388.0,388.0,1300
2026-03-12 02:00:00,384.0,388.0,382.0,382.0,0
2026-03-12 02:05:00,388.0,388.0,384.0,386.0,1436300
2026-03-12 02:10:00,388.0,388.0,386.0,388.0,44100
2026-03-12 02:15:00,386.0,388.0,384.0,388.0,564500
2026-03-12 02:20:00,388.0,388.0,386.0,386.0,449400
2026-03-12 02:25:00,386.0,386.0,386.0,386.0,229500
2026-03-12 02:30:00,388.0,388.0,384.0,388.0,434000
2026-03-12 02:35:00,386.0,388.0,384.0,388.0,22100
2026-03-12 02:40:00,384.0,386.0,384.0,386.0,72400
2026-03-12 02:45:00,388.0,388.0,384.0,384.0,863500
2026-03-12 02:50:00,388.0,388.0,386.0,386.0,22700
2026-03-12 02:55:00,386.0,388.0,386.0,388.0,125700
2026-03-12 03:00:00,388.0,388.0,386.0,388.0,13600
2026-03-12 03:05:00,388.0,388.0,386.0,386.0,552300
2026-03-12 03:10:00,384.0,388.0,384.0,386.0,1674400
2026-03-12 03:15:00,388.0,388.0,384.0,384.0,0
2026-03-12 03:20:00,388.0,388.0,386.0,388.0,48800
2026-03-12 03:25:00,388.0,388.0,386.0,386.0,16200
2026-03-12 03:30:00,386.0,388.0,386.0,388.0,9500
2026-03-12 03:35:00,388.0,388.0,386.0,388.0,13500
2026-03-12 03:40:00,386.0,388.0,386.0,388.0,43500
2026-03-12 03:45:00,388.0,388.0,386.0,386.0,33800
2026-03-12 03:50:00,388.0,388.0,386.0,388.0,110700
2026-03-12 03:55:00,386.0,388.0,386.0,388.0,69200
2026-03-12 04:00:00,388.0,388.0,386.0,388.0,28000
2026-03-12 04:05:00,386.0,388.0,386.0,386.0,51400
2026-03-12 04:10:00,388.0,388.0,386.0,388.0,118100
2026-03-12 04:15:00,386.0,388.0,386.0,388.0,27400
2026-03-12 04:20:00,388.0,388.0,386.0,388.0,14500
2026-03-12 04:25:00,388.0,388.0,388.0,388.0,22200
2026-03-12 04:30:00,390.0,390.0,388.0,388.0,412100
2026-03-12 04:35:00,390.0,390.0,390.0,390.0,59600
2026-03-12 04:40:00,390.0,390.0,390.0,390.0,6700
2026-03-12 04:45:00,388.0,390.0,388.0,390.0,114300
2026-03-12 04:50:00,388.0,390.0,388.0,388.0,66700
2026-03-12 04:55:00,388.0,390.0,388.0,390.0,15800
2026-03-12 06:30:00,390.0,390.0,388.0,388.0,432500
2026-03-12 06:35:00,390.0,390.0,390.0,390.0,9500
2026-03-12 06:40:00,390.0,390.0,390.0,390.0,200
2026-03-12 06:45:00,388.0,390.0,388.0,390.0,32400
2026-03-12 06:50:00,388.0,390.0,388.0,390.0,76400
2026-03-12 06:55:00,390.0,390.0,388.0,390.0,70600
2026-03-12 07:00:00,390.0,390.0,388.0,388.0,22700
2026-03-12 07:05:00,386.0,390.0,386.0,388.0,591400
2026-03-12 07:10:00,388.0,388.0,386.0,386.0,136900
2026-03-12 07:15:00,386.0,388.0,386.0,388.0,62200
2026-03-12 07:20:00,388.0,388.0,388.0,388.0,30000
2026-03-12 07:25:00,388.0,388.0,386.0,388.0,27100
2026-03-12 07:30:00,388.0,388.0,386.0,386.0,245200
2026-03-12 07:35:00,388.0,388.0,386.0,386.0,0
2026-03-12 07:40:00,386.0,388.0,386.0,386.0,27200
2026-03-12 07:45:00,388.0,388.0,386.0,388.0,31200
2026-03-12 07:50:00,386.0,388.0,386.0,388.0,80100
2026-03-12 07:55:00,386.0,388.0,386.0,388.0,40600
2026-03-12 08:00:00,388.0,388.0,386.0,388.0,14300
2026-03-12 08:05:00,386.0,388.0,386.0,388.0,47200
2026-03-12 08:10:00,386.0,388.0,386.0,386.0,30700
2026-03-12 08:15:00,386.0,388.0,386.0,388.0,1237700
2026-03-12 08:20:00,384.0,388.0,384.0,386.0,364700
2026-03-12 08:25:00,386.0,386.0,384.0,384.0,71600
2026-03-12 08:30:00,384.0,386.0,384.0,384.0,69700
2026-03-12 08:35:00,386.0,386.0,384.0,386.0,30900
2026-03-12 08:40:00,386.0,386.0,384.0,386.0,62500
2026-03-12 08:45:00,384.0,386.0,384.0,386.0,333300
2026-03-12 09:00:00,386.0,386.0,386.0,386.0,255100
2026-03-12 09:05:00,386.0,386.0,386.0,386.0,0
2026-03-12 09:10:00,386.0,386.0,386.0,386.0,28200
2026-03-13 02:00:00,382.0,386.0,382.0,384.0,0
2026-03-13 02:05:00,384.0,384.0,382.0,384.0,299200
2026-03-13 02:10:00,382.0,386.0,382.0,386.0,317400
2026-03-13 02:15:00,384.0,386.0,382.0,382.0,149100
2026-03-13 02:20:00,380.0,384.0,380.0,384.0,3375200
2026-03-13 02:25:00,382.0,382.0,380.0,382.0,83600
2026-03-13 02:30:00,382.0,382.0,380.0,382.0,3006400
2026-03-13 02:35:00,380.0,382.0,380.0,382.0,1365600
2026-03-13 02:40:00,382.0,382.0,380.0,380.0,270600
2026-03-13 02:45:00,384.0,384.0,382.0,382.0,455400
2026-03-13 02:50:00,384.0,384.0,382.0,384.0,43500
2026-03-13 02:55:00,382.0,384.0,382.0,384.0,298600
2026-03-13 03:00:00,380.0,384.0,380.0,384.0,128900
2026-03-13 03:05:00,382.0,382.0,380.0,382.0,486300
2026-03-13 03:10:00,382.0,384.0,380.0,382.0,275500
2026-03-13 03:15:00,380.0,382.0,380.0,382.0,14900
2026-03-13 03:20:00,376.0,382.0,376.0,382.0,4326400
2026-03-13 03:25:00,380.0,380.0,376.0,376.0,1039800
2026-03-13 03:30:00,380.0,382.0,378.0,380.0,109600
2026-03-13 03:35:00,378.0,380.0,376.0,380.0,1382200
2026-03-13 03:40:00,380.0,380.0,378.0,378.0,28400
2026-03-13 03:45:00,378.0,380.0,378.0,380.0,1233300
2026-03-13 03:50:00,380.0,380.0,378.0,380.0,343800
2026-03-13 03:55:00,380.0,380.0,380.0,380.0,115100
2026-03-13 04:00:00,380.0,382.0,380.0,380.0,244200
2026-03-13 04:05:00,382.0,384.0,380.0,380.0,1007600
2026-03-13 04:10:00,382.0,384.0,380.0,380.0,289100
2026-03-13 04:15:00,382.0,384.0,382.0,384.0,76600
2026-03-13 04:20:00,382.0,382.0,380.0,382.0,217000
2026-03-13 04:25:00,380.0,382.0,380.0,380.0,40600
2026-03-13 07:00:00,378.0,382.0,378.0,380.0,4820000
2026-03-13 07:05:00,380.0,382.0,378.0,380.0,3950900
2026-03-13 07:10:00,380.0,382.0,380.0,380.0,0
2026-03-13 07:15:00,382.0,382.0,380.0,380.0,965100
2026-03-13 07:20:00,380.0,382.0,380.0,380.0,285600
2026-03-13 07:25:00,380.0,382.0,380.0,380.0,299900
2026-03-13 07:30:00,380.0,382.0,380.0,380.0,620100
2026-03-13 07:35:00,380.0,382.0,380.0,380.0,232100
2026-03-13 07:40:00,380.0,380.0,380.0,380.0,1092900
2026-03-13 07:45:00,380.0,382.0,380.0,382.0,980900
2026-03-13 07:50:00,380.0,382.0,380.0,380.0,1338400
2026-03-13 07:55:00,380.0,382.0,378.0,380.0,3725500
2026-03-13 08:00:00,380.0,380.0,378.0,380.0,1440400
2026-03-13 08:05:00,380.0,380.0,378.0,380.0,1705400
2026-03-13 08:10:00,380.0,380.0,378.0,380.0,1941000
2026-03-13 08:15:00,380.0,380.0,378.0,380.0,586700
2026-03-13 08:20:00,378.0,380.0,378.0,380.0,725900
2026-03-13 08:25:00,380.0,380.0,378.0,378.0,1046100
2026-03-13 08:30:00,378.0,380.0,378.0,380.0,1232700
2026-03-13 08:35:00,378.0,380.0,378.0,380.0,768700
2026-03-13 08:40:00,380.0,380.0,378.0,380.0,514100
2026-03-13 08:45:00,378.0,380.0,378.0,378.0,855500
2026-03-13 09:00:00,378.0,378.0,378.0,378.0,458800
2026-03-13 09:05:00,378.0,378.0,378.0,378.0,8800
2026-03-13 09:10:00,378.0,378.0,378.0,378.0,3100
2026-03-16 02:00:00,370.0,378.0,368.0,378.0,0
2026-03-16 02:05:00,370.0,372.0,366.0,370.0,1648700
2026-03-16 02:10:00,370.0,372.0,366.0,368.0,826400
2026-03-16 02:15:00,374.0,374.0,368.0,370.0,433200
2026-03-16 02:20:00,374.0,374.0,366.0,372.0,2449500
2026-03-16 02:25:00,370.0,374.0,370.0,372.0,1014600
2026-03-16 02:30:00,370.0,370.0,368.0,370.0,1095900
2026-03-16 02:35:00,370.0,370.0,368.0,370.0,338400
2026-03-16 02:40:00,370.0,372.0,368.0,370.0,100000
2026-03-16 02:45:00,372.0,372.0,370.0,370.0,221000
2026-03-16 02:50:00,372.0,374.0,372.0,372.0,24300
2026-03-16 02:55:00,374.0,374.0,370.0,372.0,311300
2026-03-16 03:00:00,374.0,374.0,370.0,372.0,44600
2026-03-16 03:05:00,372.0,374.0,370.0,374.0,168000
2026-03-16 03:10:00,372.0,374.0,372.0,374.0,13800
2026-03-16 03:15:00,374.0,374.0,372.0,374.0,69500
2026-03-16 03:20:00,372.0,372.0,372.0,372.0,0
2026-03-16 03:25:00,372.0,374.0,372.0,372.0,20700
2026-03-16 03:30:00,372.0,374.0,372.0,374.0,22400
2026-03-16 03:35:00,372.0,374.0,372.0,374.0,6500
2026-03-16 03:40:00,374.0,374.0,372.0,372.0,21100
2026-03-16 03:45:00,374.0,374.0,372.0,374.0,818300
2026-03-16 03:50:00,374.0,374.0,374.0,374.0,0
2026-03-16 03:55:00,374.0,374.0,372.0,374.0,150100
2026-03-16 04:00:00,374.0,374.0,372.0,374.0,138500
2026-03-16 04:05:00,374.0,374.0,372.0,374.0,26800
2026-03-16 04:10:00,374.0,374.0,372.0,372.0,38000
2026-03-16 04:15:00,374.0,374.0,374.0,374.0,0
2026-03-16 04:20:00,374.0,374.0,372.0,374.0,188300
2026-03-16 04:25:00,372.0,374.0,372.0,374.0,25400
2026-03-16 04:30:00,372.0,374.0,370.0,372.0,1028300
2026-03-16 04:35:00,374.0,374.0,372.0,372.0,12100
2026-03-16 04:40:00,374.0,374.0,374.0,374.0,34200
2026-03-16 04:45:00,372.0,374.0,372.0,372.0,0
2026-03-16 04:50:00,374.0,374.0,372.0,372.0,34700
2026-03-16 04:55:00,372.0,374.0,372.0,372.0,0
2026-03-16 06:30:00,374.0,374.0,372.0,374.0,182700
2026-03-16 06:35:00,374.0,374.0,372.0,374.0,18400
2026-03-16 06:40:00,372.0,374.0,372.0,374.0,154100
2026-03-16 06:45:00,374.0,374.0,372.0,372.0,48900
2026-03-16 06:50:00,374.0,374.0,372.0,372.0,7800
2026-03-16 06:55:00,374.0,374.0,372.0,374.0,26100
2026-03-16 07:00:00,374.0,374.0,374.0,374.0,252400
2026-03-16 07:05:00,372.0,374.0,370.0,372.0,211900
2026-03-16 07:10:00,372.0,372.0,370.0,370.0,335300
2026-03-16 07:15:00,374.0,374.0,372.0,372.0,1000
2026-03-16 07:20:00,372.0,374.0,372.0,372.0,67700
2026-03-16 07:25:00,372.0,374.0,372.0,374.0,257900
2026-03-16 07:30:00,372.0,374.0,372.0,372.0,91900
2026-03-16 07:35:00,372.0,374.0,370.0,374.0,1951000
2026-03-16 07:40:00,370.0,374.0,370.0,372.0,168500
2026-03-16 07:45:00,372.0,372.0,370.0,370.0,58200
2026-03-16 07:50:00,372.0,374.0,372.0,372.0,39400
2026-03-16 07:55:00,372.0,372.0,370.0,372.0,170000
2026-03-16 08:00:00,370.0,372.0,370.0,372.0,1014600
2026-03-16 08:05:00,370.0,370.0,370.0,370.0,491500
2026-03-16 08:10:00,370.0,372.0,370.0,370.0,25200
2026-03-16 08:15:00,370.0,372.0,370.0,370.0,2221200
2026-03-16 08:20:00,370.0,372.0,370.0,372.0,182300
2026-03-16 08:25:00,370.0,372.0,370.0,372.0,0
2026-03-16 08:30:00,372.0,372.0,370.0,370.0,1752900
2026-03-16 08:35:00,372.0,372.0,370.0,370.0,146200
2026-03-16 08:40:00,372.0,372.0,370.0,370.0,59500
2026-03-16 08:45:00,370.0,372.0,370.0,372.0,490800
2026-03-16 09:00:00,370.0,370.0,370.0,370.0,677100
2026-03-16 09:05:00,370.0,370.0,370.0,370.0,1091800
2026-03-17 02:00:00,378.0,380.0,374.0,374.0,0
2026-03-17 02:05:00,378.0,378.0,376.0,378.0,256000
2026-03-17 02:10:00,378.0,378.0,376.0,378.0,110700
2026-03-17 02:15:00,374.0,380.0,374.0,378.0,2472400
2026-03-17 02:20:00,376.0,376.0,374.0,374.0,566100
2026-03-17 02:25:00,376.0,376.0,374.0,376.0,18000
2026-03-17 02:30:00,374.0,376.0,374.0,376.0,64600
2026-03-17 02:35:00,374.0,374.0,372.0,374.0,148700
2026-03-17 02:40:00,374.0,376.0,372.0,374.0,81600
2026-03-17 02:45:00,376.0,376.0,374.0,376.0,194100
2026-03-17 02:50:00,372.0,376.0,372.0,376.0,392300
2026-03-17 02:55:00,376.0,376.0,372.0,372.0,0
2026-03-17 03:00:00,374.0,374.0,374.0,374.0,30000
2026-03-17 03:05:00,374.0,376.0,374.0,376.0,30500
2026-03-17 03:10:00,376.0,376.0,374.0,374.0,7300
2026-03-17 03:15:00,376.0,376.0,376.0,376.0,3900
2026-03-17 03:20:00,374.0,376.0,374.0,376.0,70500
2026-03-17 03:25:00,376.0,376.0,376.0,376.0,10800
2026-03-17 03:30:00,374.0,376.0,374.0,376.0,16400
2026-03-17 03:35:00,376.0,376.0,376.0,376.0,0
2026-03-17 03:40:00,376.0,376.0,374.0,376.0,17600
2026-03-17 03:45:00,376.0,376.0,374.0,376.0,0
2026-03-17 03:50:00,376.0,376.0,376.0,376.0,2200
2026-03-17 03:55:00,376.0,376.0,376.0,376.0,51200
2026-03-17 04:00:00,376.0,376.0,372.0,374.0,831700
2026-03-17 04:05:00,374.0,376.0,374.0,376.0,12300
2026-03-17 04:10:00,374.0,376.0,374.0,376.0,0
2026-03-17 04:15:00,376.0,376.0,374.0,374.0,6500
2026-03-17 04:20:00,374.0,376.0,374.0,374.0,95900
2026-03-17 04:25:00,376.0,376.0,374.0,374.0,0
2026-03-17 04:30:00,374.0,376.0,374.0,374.0,55800
2026-03-17 04:35:00,376.0,376.0,374.0,374.0,0
2026-03-17 04:40:00,374.0,374.0,374.0,374.0,0
2026-03-17 04:45:00,376.0,376.0,374.0,374.0,220900
2026-03-17 04:50:00,376.0,376.0,374.0,374.0,38100
2026-03-17 04:55:00,374.0,376.0,374.0,376.0,0
2026-03-17 06:30:00,374.0,376.0,374.0,376.0,48200
2026-03-17 06:35:00,376.0,376.0,372.0,376.0,512900
2026-03-17 06:40:00,374.0,376.0,374.0,376.0,46900
2026-03-17 06:45:00,376.0,376.0,374.0,374.0,0
2026-03-17 06:50:00,376.0,376.0,374.0,376.0,52700
2026-03-17 06:55:00,374.0,376.0,374.0,376.0,19300
2026-03-17 07:00:00,376.0,376.0,374.0,374.0,57100
2026-03-17 07:05:00,374.0,376.0,374.0,376.0,625900
2026-03-17 07:10:00,374.0,376.0,374.0,374.0,364800
2026-03-17 07:15:00,374.0,376.0,374.0,376.0,60200
2026-03-17 07:20:00,376.0,376.0,374.0,376.0,33400
2026-03-17 07:25:00,374.0,376.0,374.0,376.0,53900
2026-03-17 07:30:00,374.0,374.0,374.0,374.0,5000
2026-03-17 07:35:00,376.0,376.0,376.0,376.0,57800
2026-03-17 07:40:00,376.0,376.0,374.0,374.0,262000
2026-03-17 07:45:00,376.0,376.0,376.0,376.0,2400
2026-03-17 07:50:00,374.0,374.0,374.0,374.0,68000
2026-03-17 07:55:00,374.0,376.0,374.0,376.0,172400
2026-03-17 08:00:00,374.0,376.0,374.0,374.0,36800
2026-03-17 08:05:00,374.0,376.0,374.0,374.0,221600
2026-03-17 08:10:00,376.0,376.0,374.0,376.0,33000
2026-03-17 08:15:00,376.0,376.0,374.0,374.0,142400
2026-03-17 08:20:00,376.0,378.0,374.0,374.0,763300
2026-03-17 08:25:00,378.0,378.0,376.0,376.0,2400
2026-03-17 08:30:00,376.0,378.0,374.0,378.0,768300
2026-03-17 08:35:00,376.0,378.0,372.0,378.0,691800
2026-03-17 08:40:00,374.0,376.0,374.0,374.0,14000
2026-03-17 08:45:00,374.0,376.0,374.0,374.0,162000
2026-03-17 09:00:00,372.0,372.0,372.0,372.0,3562100
2026-03-17 09:05:00,372.0,372.0,372.0,372.0,7700
2026-03-17 09:10:00,372.0,372.0,372.0,372.0,200
2026-03-25 02:00:00,374.0,374.0,370.0,372.0,0
2026-03-25 02:05:00,372.0,374.0,370.0,372.0,1415000
2026-03-25 02:10:00,374.0,376.0,372.0,374.0,263700
2026-03-25 02:15:00,374.0,376.0,374.0,376.0,434300
2026-03-25 02:20:00,376.0,378.0,374.0,376.0,69400
2026-03-25 02:25:00,378.0,378.0,374.0,376.0,399100
2026-03-25 02:30:00,378.0,378.0,374.0,376.0,568500
2026-03-25 02:35:00,378.0,378.0,376.0,378.0,22300
2026-03-25 02:40:00,378.0,378.0,376.0,378.0,729700
2026-03-25 02:45:00,378.0,378.0,376.0,378.0,273900
2026-03-25 02:50:00,378.0,378.0,378.0,378.0,132100
2026-03-25 02:55:00,378.0,380.0,378.0,378.0,201600
2026-03-25 03:00:00,378.0,378.0,376.0,376.0,140600
2026-03-25 03:05:00,380.0,380.0,378.0,378.0,231700
2026-03-25 03:10:00,380.0,380.0,378.0,378.0,212700
2026-03-25 03:15:00,378.0,382.0,378.0,378.0,972000
2026-03-25 03:20:00,380.0,380.0,378.0,380.0,636900
2026-03-25 03:25:00,378.0,382.0,378.0,380.0,51900
2026-03-25 03:30:00,378.0,380.0,376.0,378.0,1709300
2026-03-25 03:35:00,376.0,378.0,376.0,378.0,54600
2026-03-25 03:40:00,376.0,378.0,376.0,376.0,273100
2026-03-25 03:45:00,374.0,378.0,374.0,376.0,480200
2026-03-25 03:50:00,376.0,376.0,374.0,376.0,58000
2026-03-25 03:55:00,374.0,376.0,374.0,376.0,124900
2026-03-25 04:00:00,374.0,376.0,374.0,376.0,246600
2026-03-25 04:05:00,376.0,376.0,376.0,376.0,159400
2026-03-25 04:10:00,378.0,378.0,378.0,378.0,422000
2026-03-25 04:15:00,378.0,378.0,378.0,378.0,17700
2026-03-25 04:20:00,378.0,378.0,378.0,378.0,86700
2026-03-25 04:25:00,378.0,378.0,378.0,378.0,21200
2026-03-25 04:30:00,378.0,378.0,376.0,378.0,42500
2026-03-25 04:35:00,378.0,380.0,378.0,378.0,34100
2026-03-25 04:40:00,378.0,378.0,376.0,376.0,13000
2026-03-25 04:45:00,376.0,378.0,376.0,378.0,13400
2026-03-25 04:50:00,378.0,378.0,376.0,376.0,5500
2026-03-25 04:55:00,378.0,378.0,376.0,376.0,4700
2026-03-25 06:30:00,378.0,378.0,376.0,378.0,269900
2026-03-25 06:35:00,376.0,378.0,376.0,378.0,179700
2026-03-25 06:40:00,378.0,378.0,376.0,376.0,103300
2026-03-25 06:45:00,378.0,378.0,376.0,376.0,17200
2026-03-25 06:50:00,378.0,378.0,376.0,376.0,4400
2026-03-25 06:55:00,376.0,376.0,376.0,376.0,423800
2026-03-25 07:00:00,378.0,378.0,378.0,378.0,9700
2026-03-25 07:05:00,376.0,378.0,376.0,376.0,14300
2026-03-25 07:10:00,376.0,378.0,376.0,376.0,39600
2026-03-25 07:15:00,374.0,378.0,374.0,378.0,596700
2026-03-25 07:20:00,376.0,376.0,374.0,376.0,121300
2026-03-25 07:25:00,374.0,376.0,374.0,376.0,125500
2026-03-25 07:30:00,376.0,376.0,376.0,376.0,0
2026-03-25 07:35:00,376.0,376.0,374.0,374.0,1058800
2026-03-25 07:40:00,378.0,378.0,376.0,376.0,336200
2026-03-25 07:45:00,378.0,378.0,376.0,376.0,58300
2026-03-25 07:50:00,376.0,378.0,374.0,378.0,679500
2026-03-25 07:55:00,376.0,376.0,374.0,376.0,21000
2026-03-25 08:00:00,376.0,376.0,374.0,376.0,148300
2026-03-25 08:05:00,374.0,376.0,374.0,376.0,681300
2026-03-25 08:10:00,378.0,378.0,374.0,376.0,1477100
2026-03-25 08:15:00,376.0,378.0,374.0,378.0,1407800
2026-03-25 08:20:00,376.0,378.0,374.0,376.0,1136600
2026-03-25 08:25:00,376.0,378.0,376.0,378.0,820200
2026-03-25 08:30:00,378.0,378.0,376.0,378.0,166100
2026-03-25 08:35:00,376.0,378.0,376.0,378.0,627700
2026-03-25 08:40:00,376.0,378.0,376.0,376.0,300700
2026-03-25 08:45:00,378.0,380.0,376.0,376.0,2083500
2026-03-25 09:00:00,376.0,376.0,376.0,376.0,1713300
2026-03-25 09:05:00,376.0,376.0,376.0,376.0,600
2026-03-26 02:00:00,380.0,384.0,378.0,380.0,0
2026-03-26 02:05:00,382.0,382.0,380.0,380.0,48800
2026-03-26 02:10:00,384.0,384.0,380.0,382.0,514900
2026-03-26 02:15:00,384.0,386.0,382.0,384.0,299700
2026-03-26 02:20:00,384.0,386.0,384.0,384.0,173500
2026-03-26 02:25:00,384.0,386.0,384.0,384.0,546000
2026-03-26 02:30:00,384.0,386.0,382.0,384.0,306500
2026-03-26 02:35:00,384.0,384.0,382.0,384.0,54100
2026-03-26 02:40:00,384.0,384.0,382.0,384.0,60400
2026-03-26 02:45:00,382.0,384.0,382.0,382.0,77300
2026-03-26 02:50:00,382.0,384.0,382.0,382.0,83700
2026-03-26 02:55:00,382.0,384.0,382.0,382.0,47800
2026-03-26 03:00:00,384.0,384.0,382.0,384.0,71400
2026-03-26 03:05:00,384.0,384.0,382.0,384.0,65100
2026-03-26 03:10:00,384.0,384.0,382.0,382.0,960300
2026-03-26 03:15:00,382.0,384.0,382.0,384.0,59100
2026-03-26 03:20:00,382.0,384.0,382.0,382.0,255400
2026-03-26 03:25:00,382.0,384.0,382.0,384.0,45000
2026-03-26 03:30:00,382.0,384.0,382.0,382.0,115700
2026-03-26 03:35:00,382.0,384.0,382.0,382.0,51600
2026-03-26 03:40:00,382.0,384.0,382.0,382.0,103800
2026-03-26 03:45:00,386.0,386.0,382.0,382.0,328600
2026-03-26 03:50:00,384.0,386.0,384.0,386.0,110800
2026-03-26 03:55:00,384.0,386.0,384.0,384.0,50000
2026-03-26 04:00:00,384.0,386.0,384.0,384.0,386200
2026-03-26 04:05:00,382.0,386.0,382.0,386.0,602900
2026-03-26 04:10:00,382.0,384.0,382.0,382.0,163400
2026-03-26 04:15:00,384.0,384.0,382.0,382.0,140000
2026-03-26 04:20:00,382.0,386.0,382.0,384.0,94200
2026-03-26 04:25:00,382.0,384.0,382.0,384.0,25900
2026-03-26 04:30:00,382.0,384.0,382.0,384.0,111500
2026-03-26 04:35:00,384.0,384.0,382.0,384.0,17700
2026-03-26 04:40:00,382.0,384.0,382.0,384.0,143600
2026-03-26 04:45:00,382.0,384.0,382.0,384.0,19700
2026-03-26 04:50:00,384.0,384.0,382.0,382.0,37700
2026-03-26 04:55:00,382.0,384.0,382.0,384.0,64500
2026-03-26 06:30:00,384.0,384.0,380.0,382.0,668600
2026-03-26 06:35:00,378.0,382.0,378.0,380.0,1411800
2026-03-26 06:40:00,380.0,380.0,378.0,378.0,530200
2026-03-26 06:45:00,378.0,380.0,378.0,378.0,171200
2026-03-26 06:50:00,380.0,382.0,378.0,380.0,499100
2026-03-26 06:55:00,378.0,380.0,378.0,378.0,70600
2026-03-26 07:00:00,380.0,382.0,380.0,380.0,184600
2026-03-26 07:05:00,380.0,380.0,378.0,380.0,132700
2026-03-26 07:10:00,380.0,380.0,378.0,380.0,338000
2026-03-26 07:15:00,376.0,380.0,374.0,380.0,3545400
2026-03-26 07:20:00,376.0,376.0,376.0,376.0,37300
2026-03-26 07:25:00,376.0,378.0,376.0,376.0,62900
2026-03-26 07:30:00,376.0,378.0,376.0,376.0,27800
2026-03-26 07:35:00,376.0,378.0,376.0,376.0,74500
2026-03-26 07:40:00,376.0,378.0,376.0,376.0,230400
2026-03-26 07:45:00,376.0,378.0,376.0,378.0,211100
2026-03-26 07:50:00,378.0,378.0,376.0,378.0,54900
2026-03-26 07:55:00,374.0,376.0,374.0,376.0,486000
2026-03-26 08:00:00,376.0,376.0,374.0,376.0,315800
2026-03-26 08:05:00,374.0,376.0,374.0,376.0,39300
2026-03-26 08:10:00,374.0,376.0,374.0,374.0,45700
2026-03-26 08:15:00,374.0,376.0,374.0,376.0,186400
2026-03-26 08:20:00,374.0,376.0,374.0,374.0,445000
2026-03-26 08:25:00,374.0,376.0,374.0,376.0,550200
2026-03-26 08:30:00,374.0,376.0,372.0,374.0,1205000
2026-03-26 08:35:00,376.0,376.0,374.0,374.0,35400
2026-03-26 08:40:00,376.0,376.0,374.0,374.0,1729500
2026-03-26 08:45:00,376.0,376.0,374.0,374.0,124600
2026-03-26 09:00:00,374.0,374.0,374.0,374.0,2909000
2026-03-26 09:05:00,374.0,374.0,374.0,374.0,201500
2026-03-26 09:10:00,374.0,374.0,374.0,374.0,800
2026-03-27 02:00:00,376.0,376.0,374.0,376.0,0
2026-03-27 02:05:00,374.0,376.0,374.0,376.0,509400
2026-03-27 02:10:00,376.0,376.0,374.0,376.0,547600
2026-03-27 02:15:00,374.0,376.0,374.0,376.0,387500
2026-03-27 02:20:00,376.0,376.0,374.0,376.0,340900
2026-03-27 02:25:00,376.0,376.0,376.0,376.0,37200
2026-03-27 02:30:00,376.0,376.0,374.0,376.0,153200
2026-03-27 02:35:00,376.0,376.0,374.0,376.0,692600
2026-03-27 02:40:00,376.0,376.0,376.0,376.0,96900
2026-03-27 02:45:00,374.0,376.0,372.0,376.0,2473000
2026-03-27 02:50:00,374.0,374.0,372.0,374.0,466000
2026-03-27 02:55:00,374.0,374.0,374.0,374.0,126400
2026-03-27 03:00:00,374.0,376.0,374.0,374.0,0
2026-03-27 03:05:00,374.0,376.0,374.0,374.0,2788200
2026-03-27 03:10:00,374.0,374.0,374.0,374.0,223200
2026-03-27 03:15:00,374.0,374.0,374.0,374.0,0
2026-03-27 03:20:00,376.0,376.0,374.0,376.0,356600
2026-03-27 03:25:00,376.0,376.0,374.0,376.0,63600
2026-03-27 03:30:00,374.0,376.0,374.0,376.0,104100
2026-03-27 03:35:00,374.0,376.0,374.0,374.0,0
2026-03-27 03:40:00,372.0,374.0,372.0,374.0,295700
2026-03-27 03:45:00,372.0,374.0,372.0,372.0,12900
2026-03-27 03:50:00,374.0,374.0,372.0,372.0,7300
2026-03-27 03:55:00,372.0,374.0,372.0,372.0,93300
2026-03-27 04:00:00,374.0,374.0,372.0,372.0,38200
2026-03-27 04:05:00,374.0,374.0,372.0,374.0,26700
2026-03-27 04:10:00,372.0,374.0,372.0,372.0,61400
2026-03-27 04:15:00,372.0,374.0,372.0,374.0,4000
2026-03-27 04:20:00,372.0,374.0,372.0,374.0,36800
2026-03-27 04:25:00,372.0,374.0,372.0,374.0,1600
2026-03-27 07:00:00,374.0,378.0,372.0,372.0,2316500
2026-03-27 07:05:00,374.0,374.0,374.0,374.0,621700
2026-03-27 07:10:00,372.0,374.0,372.0,374.0,405700
2026-03-27 07:15:00,374.0,374.0,374.0,374.0,4000
2026-03-27 07:20:00,374.0,376.0,374.0,374.0,2059800
2026-03-27 07:25:00,372.0,374.0,372.0,372.0,87500
2026-03-27 07:30:00,372.0,374.0,372.0,374.0,808000
2026-03-27 07:35:00,372.0,374.0,372.0,372.0,0
2026-03-27 07:40:00,374.0,374.0,372.0,372.0,69300
2026-03-27 07:45:00,372.0,374.0,372.0,374.0,71500
2026-03-27 07:50:00,372.0,374.0,370.0,372.0,2377000
2026-03-27 07:55:00,372.0,374.0,370.0,372.0,188500
2026-03-27 08:00:00,374.0,374.0,372.0,372.0,57700
2026-03-27 08:05:00,370.0,374.0,370.0,372.0,295300
2026-03-27 08:10:00,374.0,374.0,370.0,372.0,1290300
2026-03-27 08:15:00,374.0,374.0,372.0,374.0,13700
2026-03-27 08:20:00,374.0,374.0,372.0,374.0,802100
2026-03-27 08:25:00,374.0,374.0,372.0,374.0,419100
2026-03-27 08:30:00,374.0,374.0,372.0,372.0,9500
2026-03-27 08:35:00,372.0,374.0,370.0,374.0,3820800
2026-03-27 08:40:00,372.0,374.0,370.0,374.0,1241200
2026-03-27 08:45:00,370.0,374.0,370.0,372.0,5722800
2026-03-27 09:00:00,372.0,372.0,372.0,372.0,1617900
2026-03-27 09:05:00,372.0,372.0,372.0,372.0,14500
2026-03-27 09:10:00,372.0,372.0,372.0,372.0,2471600
2026-03-30 02:00:00,366.0,370.0,364.0,368.0,0
2026-03-30 02:05:00,366.0,368.0,364.0,364.0,1606800
2026-03-30 02:10:00,366.0,366.0,364.0,364.0,160400
2026-03-30 02:15:00,368.0,368.0,364.0,364.0,515200
2026-03-30 02:20:00,366.0,368.0,364.0,366.0,1441100
2026-03-30 02:25:00,364.0,366.0,364.0,364.0,340400
2026-03-30 02:30:00,364.0,366.0,362.0,364.0,1509500
2026-03-30 02:35:00,364.0,366.0,362.0,364.0,895600
2026-03-30 02:40:00,362.0,364.0,362.0,362.0,169000
2026-03-30 02:45:00,364.0,364.0,362.0,364.0,271100
2026-03-30 02:50:00,372.0,376.0,364.0,364.0,6689800
2026-03-30 02:55:00,374.0,376.0,370.0,372.0,5088400
2026-03-30 03:00:00,376.0,378.0,374.0,374.0,3308600
2026-03-30 03:05:00,376.0,376.0,374.0,376.0,1572800
2026-03-30 03:10:00,374.0,376.0,374.0,374.0,1371200
2026-03-30 03:15:00,374.0,376.0,372.0,374.0,3000500
2026-03-30 03:20:00,372.0,374.0,370.0,372.0,4572300
2026-03-30 03:25:00,372.0,372.0,370.0,370.0,2022200
2026-03-30 03:30:00,378.0,378.0,370.0,370.0,13728000
2026-03-30 03:35:00,380.0,380.0,376.0,378.0,3764600
2026-03-30 03:40:00,380.0,380.0,378.0,380.0,3502600
2026-03-30 03:45:00,380.0,382.0,378.0,380.0,1599800
2026-03-30 03:50:00,378.0,380.0,378.0,380.0,3369500
2026-03-30 03:55:00,378.0,380.0,378.0,378.0,2559500
2026-03-30 04:00:00,380.0,380.0,378.0,380.0,158600
2026-03-30 04:05:00,378.0,380.0,378.0,378.0,2828300
2026-03-30 04:10:00,380.0,380.0,376.0,378.0,1581200
2026-03-30 04:15:00,378.0,380.0,378.0,380.0,423200
2026-03-30 04:20:00,380.0,382.0,380.0,380.0,2107600
2026-03-30 04:25:00,380.0,382.0,380.0,382.0,152600
2026-03-30 04:30:00,382.0,382.0,380.0,380.0,2846400
2026-03-30 04:35:00,380.0,382.0,380.0,380.0,143800
2026-03-30 04:40:00,380.0,382.0,380.0,380.0,39100
2026-03-30 04:45:00,382.0,382.0,380.0,382.0,52900
2026-03-30 04:50:00,380.0,382.0,380.0,382.0,90800
2026-03-30 04:55:00,380.0,382.0,380.0,380.0,496000
2026-03-30 06:30:00,382.0,382.0,380.0,380.0,561300
2026-03-30 06:35:00,382.0,382.0,380.0,380.0,783800
2026-03-30 06:40:00,380.0,382.0,380.0,380.0,129600
2026-03-30 06:45:00,380.0,382.0,380.0,382.0,32000
2026-03-30 06:50:00,380.0,382.0,380.0,380.0,91700
2026-03-30 06:55:00,382.0,382.0,380.0,382.0,71300
2026-03-30 07:00:00,382.0,382.0,380.0,382.0,128300
2026-03-30 07:05:00,382.0,382.0,380.0,380.0,67900
2026-03-30 07:10:00,380.0,382.0,380.0,382.0,47600
2026-03-30 07:15:00,378.0,382.0,378.0,380.0,1260200
2026-03-30 07:20:00,380.0,380.0,378.0,380.0,152800
2026-03-30 07:25:00,378.0,380.0,376.0,380.0,6568300
2026-03-30 07:30:00,376.0,380.0,376.0,378.0,5575900
2026-03-30 07:35:00,378.0,378.0,376.0,376.0,1288100
2026-03-30 07:40:00,378.0,378.0,376.0,378.0,622200
2026-03-30 07:45:00,378.0,378.0,376.0,376.0,598500
2026-03-30 07:50:00,378.0,378.0,376.0,378.0,889900
2026-03-30 07:55:00,378.0,380.0,376.0,378.0,224800
2026-03-30 08:00:00,380.0,380.0,376.0,378.0,451200
2026-03-30 08:05:00,380.0,380.0,380.0,380.0,8500
2026-03-30 08:10:00,380.0,380.0,380.0,380.0,35200
2026-03-30 08:15:00,378.0,380.0,376.0,380.0,2715700
2026-03-30 08:20:00,376.0,380.0,376.0,380.0,571600
2026-03-30 08:25:00,376.0,378.0,376.0,376.0,153700
2026-03-30 08:30:00,378.0,378.0,376.0,378.0,867900
2026-03-30 08:35:00,378.0,378.0,376.0,378.0,296200
2026-03-30 08:40:00,376.0,378.0,376.0,378.0,465900
2026-03-30 08:45:00,382.0,384.0,376.0,378.0,4661600
2026-03-30 09:00:00,382.0,382.0,382.0,382.0,4569700
2026-03-30 09:05:00,382.0,382.0,382.0,382.0,649100
2026-03-30 09:10:00,382.0,382.0,382.0,382.0,0
2026-03-31 02:00:00,382.0,386.0,380.0,384.0,0
2026-03-31 02:05:00,382.0,382.0,380.0,382.0,673000
2026-03-31 02:10:00,384.0,384.0,380.0,380.0,410500
2026-03-31 02:15:00,384.0,384.0,382.0,384.0,349300
2026-03-31 02:20:00,384.0,384.0,382.0,384.0,24100
2026-03-31 02:25:00,382.0,384.0,382.0,382.0,54500
2026-03-31 02:30:00,382.0,384.0,380.0,382.0,1810400
2026-03-31 02:35:00,382.0,382.0,380.0,382.0,113600
2026-03-31 02:40:00,382.0,382.0,380.0,382.0,1232600
2026-03-31 02:45:00,382.0,382.0,380.0,382.0,38100
2026-03-31 02:50:00,382.0,382.0,380.0,382.0,106900
2026-03-31 02:55:00,382.0,382.0,382.0,382.0,24100
2026-03-31 03:00:00,382.0,382.0,382.0,382.0,64600
2026-03-31 03:05:00,382.0,384.0,380.0,382.0,642500
2026-03-31 03:10:00,380.0,384.0,380.0,382.0,237800
2026-03-31 03:15:00,382.0,382.0,380.0,382.0,27500
2026-03-31 03:20:00,382.0,382.0,380.0,382.0,202900
2026-03-31 03:25:00,382.0,382.0,380.0,382.0,31900
2026-03-31 03:30:00,382.0,382.0,380.0,382.0,346900
2026-03-31 03:35:00,382.0,382.0,380.0,382.0,132500
2026-03-31 03:40:00,382.0,382.0,380.0,382.0,738200
2026-03-31 03:45:00,382.0,382.0,380.0,382.0,163700
2026-03-31 03:50:00,382.0,382.0,380.0,380.0,1743100
2026-03-31 03:55:00,380.0,382.0,378.0,380.0,1182600
2026-03-31 04:00:00,378.0,380.0,378.0,380.0,2161200
2026-03-31 04:05:00,380.0,380.0,376.0,378.0,197700
2026-03-31 04:10:00,378.0,380.0,378.0,378.0,56300
2026-03-31 04:15:00,376.0,380.0,376.0,380.0,194100
2026-03-31 04:20:00,378.0,378.0,376.0,376.0,3226300
2026-03-31 04:25:00,378.0,378.0,376.0,378.0,102300
2026-03-31 04:30:00,378.0,378.0,376.0,378.0,516500
2026-03-31 04:35:00,376.0,378.0,374.0,378.0,2206400
2026-03-31 04:40:00,376.0,376.0,374.0,376.0,164100
2026-03-31 04:45:00,374.0,376.0,374.0,376.0,281200
2026-03-31 04:50:00,376.0,376.0,374.0,374.0,1741400
2026-03-31 04:55:00,372.0,376.0,372.0,376.0,2722400
2026-03-31 06:30:00,376.0,378.0,372.0,372.0,6060100
2026-03-31 06:35:00,376.0,376.0,376.0,376.0,945700
2026-03-31 06:40:00,378.0,378.0,376.0,376.0,752600
2026-03-31 06:45:00,380.0,380.0,376.0,378.0,1166100
2026-03-31 06:50:00,378.0,380.0,378.0,378.0,347000
2026-03-31 06:55:00,378.0,378.0,376.0,378.0,139600
2026-03-31 07:00:00,378.0,378.0,376.0,378.0,87100
2026-03-31 07:05:00,378.0,378.0,376.0,378.0,477600
2026-03-31 07:10:00,378.0,378.0,378.0,378.0,1019500
2026-03-31 07:15:00,378.0,378.0,376.0,378.0,167200
2026-03-31 07:20:00,378.0,378.0,376.0,378.0,660500
2026-03-31 07:25:00,376.0,378.0,376.0,378.0,508100
2026-03-31 07:30:00,376.0,378.0,376.0,378.0,646100
2026-03-31 07:35:00,378.0,378.0,376.0,378.0,560900
2026-03-31 07:40:00,376.0,378.0,376.0,378.0,624400
2026-03-31 07:45:00,380.0,380.0,376.0,378.0,2396700
2026-03-31 07:50:00,378.0,380.0,378.0,380.0,1192900
2026-03-31 07:55:00,380.0,380.0,378.0,380.0,121900
2026-03-31 08:00:00,380.0,380.0,378.0,380.0,572400
2026-03-31 08:05:00,380.0,380.0,378.0,380.0,988600
2026-03-31 08:10:00,380.0,380.0,378.0,380.0,420700
2026-03-31 08:15:00,380.0,380.0,378.0,380.0,2370900
2026-03-31 08:20:00,378.0,380.0,378.0,380.0,1523700
2026-03-31 08:25:00,380.0,380.0,378.0,378.0,1346900
2026-03-31 08:30:00,378.0,380.0,376.0,376.0,347200
2026-03-31 08:35:00,378.0,378.0,376.0,378.0,350900
2026-03-31 08:40:00,378.0,378.0,376.0,376.0,333900
2026-03-31 08:45:00,378.0,378.0,376.0,376.0,2777000
2026-03-31 09:00:00,378.0,378.0,378.0,378.0,1097800
2026-03-31 09:05:00,378.0,378.0,378.0,378.0,2400
2026-03-31 09:10:00,378.0,378.0,378.0,378.0,30900
2026-04-01 02:00:00,380.0,384.0,380.0,384.0,0
2026-04-01 02:05:00,382.0,382.0,380.0,382.0,1426500
2026-04-01 02:10:00,382.0,384.0,380.0,384.0,1383500
2026-04-01 02:15:00,380.0,382.0,380.0,382.0,1575400
2026-04-01 02:20:00,382.0,382.0,378.0,380.0,205700
2026-04-01 02:25:00,380.0,382.0,380.0,380.0,69600
2026-04-01 02:30:00,380.0,382.0,378.0,382.0,639900
2026-04-01 02:35:00,376.0,380.0,374.0,380.0,5856100
2026-04-01 02:40:00,378.0,378.0,376.0,376.0,72000
2026-04-01 02:45:00,378.0,378.0,374.0,376.0,2468500
2026-04-01 02:50:00,376.0,376.0,374.0,376.0,166300
2026-04-01 02:55:00,378.0,378.0,376.0,376.0,321300
2026-04-01 03:00:00,378.0,378.0,376.0,378.0,63700
2026-04-01 03:05:00,378.0,378.0,376.0,376.0,35100
2026-04-01 03:10:00,376.0,378.0,376.0,378.0,77400
2026-04-01 03:15:00,380.0,380.0,378.0,378.0,1337600
2026-04-01 03:20:00,378.0,380.0,376.0,378.0,375400
2026-04-01 03:25:00,380.0,380.0,378.0,378.0,3326000
2026-04-01 03:30:00,378.0,380.0,378.0,380.0,61300
2026-04-01 03:35:00,378.0,380.0,378.0,380.0,8300
2026-04-01 03:40:00,378.0,380.0,376.0,378.0,668500
2026-04-01 03:45:00,378.0,380.0,376.0,378.0,0
2026-04-01 03:50:00,378.0,378.0,378.0,378.0,447700
2026-04-01 03:55:00,376.0,378.0,376.0,378.0,0
2026-04-01 04:00:00,378.0,378.0,376.0,376.0,217100
2026-04-01 04:05:00,378.0,378.0,376.0,376.0,497700
2026-04-01 04:10:00,378.0,378.0,376.0,378.0,471200
2026-04-01 04:15:00,378.0,378.0,376.0,376.0,294600
2026-04-01 04:20:00,376.0,378.0,376.0,378.0,12000
2026-04-01 04:25:00,376.0,378.0,376.0,376.0,62700
2026-04-01 04:30:00,376.0,378.0,376.0,376.0,17300
2026-04-01 04:35:00,376.0,378.0,376.0,376.0,848600
2026-04-01 04:40:00,376.0,378.0,376.0,376.0,72800
2026-04-01 04:45:00,378.0,378.0,376.0,376.0,308700
2026-04-01 04:50:00,378.0,378.0,376.0,378.0,184300
2026-04-01 04:55:00,378.0,378.0,376.0,376.0,273400
2026-04-01 06:30:00,378.0,380.0,376.0,378.0,2062300
2026-04-01 06:35:00,380.0,380.0,380.0,380.0,8500
2026-04-01 06:40:00,378.0,380.0,378.0,380.0,45700
2026-04-01 06:45:00,378.0,380.0,378.0,380.0,287700
2026-04-01 06:50:00,380.0,380.0,378.0,378.0,224400
2026-04-01 06:55:00,380.0,380.0,378.0,378.0,61900
2026-04-01 07:00:00,378.0,380.0,378.0,378.0,4164400
2026-04-01 07:05:00,378.0,378.0,376.0,376.0,0
2026-04-01 07:10:00,378.0,378.0,378.0,378.0,424300
2026-04-01 07:15:00,378.0,378.0,376.0,376.0,5678100
2026-04-01 07:20:00,378.0,380.0,378.0,378.0,0
2026-04-01 07:25:00,380.0,380.0,378.0,378.0,2587100
2026-04-01 07:30:00,380.0,380.0,378.0,378.0,213500
2026-04-01 07:35:00,376.0,380.0,376.0,378.0,1850200
2026-04-01 07:40:00,378.0,378.0,376.0,376.0,9600
2026-04-01 07:45:00,378.0,378.0,376.0,378.0,463700
2026-04-01 07:50:00,376.0,378.0,376.0,378.0,1978000
2026-04-01 07:55:00,378.0,378.0,376.0,378.0,357400
2026-04-01 08:00:00,378.0,378.0,376.0,378.0,711700
2026-04-01 08:05:00,376.0,378.0,376.0,376.0,3152200
2026-04-01 08:10:00,376.0,378.0,376.0,376.0,735700
2026-04-01 08:15:00,378.0,378.0,376.0,376.0,2616100
2026-04-01 08:20:00,376.0,378.0,374.0,378.0,1820300
2026-04-01 08:25:00,376.0,376.0,374.0,376.0,1617400
2026-04-01 08:30:00,376.0,376.0,374.0,376.0,1356800
2026-04-01 08:35:00,372.0,376.0,370.0,376.0,10818800
2026-04-01 08:40:00,372.0,374.0,370.0,370.0,4952200
2026-04-01 08:45:00,372.0,374.0,372.0,374.0,3933100
2026-04-01 09:00:00,374.0,374.0,374.0,374.0,782000
2026-04-01 09:05:00,374.0,374.0,374.0,374.0,323500
2026-04-01 09:10:00,374.0,374.0,374.0,374.0,69900
2026-04-02 02:00:00,376.0,376.0,374.0,374.0,0
2026-04-02 02:05:00,370.0,376.0,370.0,376.0,4638700
2026-04-02 02:10:00,372.0,374.0,370.0,370.0,2288800
2026-04-02 02:15:00,372.0,372.0,370.0,372.0,520000
2026-04-02 02:20:00,370.0,372.0,370.0,372.0,108900
2026-04-02 02:25:00,372.0,372.0,370.0,370.0,273000
2026-04-02 02:30:00,370.0,372.0,366.0,372.0,6572200
2026-04-02 02:35:00,370.0,370.0,368.0,368.0,614700
2026-04-02 02:40:00,368.0,370.0,368.0,370.0,579900
2026-04-02 02:45:00,370.0,370.0,368.0,370.0,291800
2026-04-02 02:50:00,370.0,372.0,368.0,370.0,340400
2026-04-02 02:55:00,370.0,372.0,368.0,368.0,497400
2026-04-02 03:00:00,370.0,372.0,368.0,370.0,275600
2026-04-02 03:05:00,372.0,372.0,368.0,370.0,192400
2026-04-02 03:10:00,368.0,372.0,368.0,372.0,647700
2026-04-02 03:15:00,370.0,372.0,370.0,370.0,328400
2026-04-02 03:20:00,370.0,370.0,368.0,370.0,260600
2026-04-02 03:25:00,370.0,370.0,368.0,370.0,410100
2026-04-02 03:30:00,370.0,370.0,368.0,368.0,380400
2026-04-02 03:35:00,370.0,370.0,370.0,370.0,134900
2026-04-02 03:40:00,370.0,370.0,370.0,370.0,219500
2026-04-02 03:45:00,368.0,370.0,368.0,370.0,4366200
2026-04-02 03:50:00,368.0,368.0,366.0,368.0,1142200
2026-04-02 03:55:00,370.0,370.0,368.0,368.0,988200
2026-04-02 04:00:00,368.0,370.0,368.0,368.0,754300
2026-04-02 04:05:00,368.0,370.0,366.0,366.0,1496100
2026-04-02 04:10:00,370.0,370.0,368.0,368.0,704600
2026-04-02 04:15:00,370.0,370.0,368.0,370.0,224500
2026-04-02 04:20:00,370.0,370.0,370.0,370.0,218400
2026-04-02 04:25:00,368.0,370.0,368.0,368.0,352100
2026-04-02 04:30:00,368.0,370.0,366.0,370.0,2751800
2026-04-02 04:35:00,368.0,368.0,366.0,368.0,148700
2026-04-02 04:40:00,370.0,370.0,368.0,368.0,1700800
2026-04-02 04:45:00,370.0,370.0,368.0,370.0,327700
2026-04-02 04:50:00,370.0,370.0,368.0,370.0,198900
2026-04-02 04:55:00,368.0,370.0,368.0,370.0,737100
2026-04-02 06:30:00,368.0,370.0,368.0,368.0,4248400
2026-04-02 06:35:00,368.0,368.0,368.0,368.0,299500
2026-04-02 06:40:00,368.0,368.0,366.0,368.0,433300
2026-04-02 06:45:00,368.0,368.0,368.0,368.0,518200
2026-04-02 06:50:00,368.0,368.0,366.0,368.0,429700
2026-04-02 06:55:00,368.0,368.0,366.0,368.0,716000
2026-04-02 07:00:00,366.0,368.0,366.0,368.0,192500
2026-04-02 07:05:00,368.0,368.0,368.0,368.0,219500
2026-04-02 07:10:00,368.0,368.0,366.0,368.0,544700
2026-04-02 07:15:00,368.0,368.0,366.0,368.0,491000
2026-04-02 07:20:00,368.0,368.0,366.0,368.0,424100
2026-04-02 07:25:00,368.0,368.0,368.0,368.0,397300
2026-04-02 07:30:00,368.0,368.0,366.0,368.0,748900
2026-04-02 07:35:00,368.0,368.0,366.0,368.0,572500
2026-04-02 07:40:00,368.0,368.0,366.0,368.0,181900
2026-04-02 07:45:00,368.0,368.0,366.0,368.0,613000
2026-04-02 07:50:00,368.0,368.0,366.0,368.0,275100
2026-04-02 07:55:00,364.0,368.0,362.0,368.0,12511600
2026-04-02 08:00:00,360.0,364.0,360.0,364.0,7573600
2026-04-02 08:05:00,362.0,362.0,360.0,362.0,479800
2026-04-02 08:10:00,362.0,364.0,360.0,362.0,7665000
2026-04-02 08:15:00,362.0,364.0,360.0,362.0,1504800
2026-04-02 08:20:00,362.0,362.0,360.0,362.0,1089600
2026-04-02 08:25:00,360.0,362.0,358.0,362.0,8521800
2026-04-02 08:30:00,360.0,362.0,358.0,360.0,1990800
2026-04-02 08:35:00,360.0,360.0,358.0,360.0,838300
2026-04-02 08:40:00,360.0,360.0,358.0,358.0,964000
2026-04-02 08:45:00,360.0,360.0,358.0,360.0,2790800
2026-04-02 09:00:00,360.0,360.0,360.0,360.0,3835700
2026-04-02 09:05:00,360.0,360.0,360.0,360.0,2461600
2026-04-02 09:10:00,360.0,360.0,360.0,360.0,340600
2026-04-06 02:00:00,360.0,362.0,350.0,358.0,0
2026-04-06 02:05:00,358.0,362.0,358.0,360.0,996400
2026-04-06 02:10:00,360.0,360.0,356.0,358.0,574300
2026-04-06 02:15:00,360.0,360.0,358.0,358.0,1077800
2026-04-06 02:20:00,362.0,364.0,358.0,358.0,739200
2026-04-06 02:25:00,366.0,366.0,362.0,362.0,2229900
2026-04-06 02:30:00,364.0,366.0,364.0,366.0,1224300
2026-04-06 02:35:00,366.0,366.0,364.0,364.0,202800
2026-04-06 02:40:00,366.0,366.0,364.0,364.0,16800
2026-04-06 02:45:00,366.0,366.0,364.0,366.0,223200
2026-04-06 02:50:00,364.0,366.0,362.0,366.0,1054000
2026-04-06 02:55:00,364.0,366.0,362.0,364.0,1459000
2026-04-06 03:00:00,364.0,364.0,362.0,364.0,758900
2026-04-06 03:05:00,364.0,366.0,362.0,364.0,206100
2026-04-06 03:10:00,364.0,366.0,362.0,364.0,169700
2026-04-06 03:15:00,364.0,366.0,364.0,366.0,171400
2026-04-06 03:20:00,364.0,366.0,362.0,362.0,198400
2026-04-06 03:25:00,362.0,364.0,362.0,364.0,217100
2026-04-06 03:30:00,362.0,364.0,362.0,362.0,425300
2026-04-06 03:35:00,360.0,364.0,360.0,362.0,977100
2026-04-06 03:40:00,360.0,362.0,360.0,362.0,656300
2026-04-06 03:45:00,362.0,362.0,360.0,362.0,6900
2026-04-06 03:50:00,362.0,362.0,360.0,362.0,4400
2026-04-06 03:55:00,360.0,362.0,360.0,362.0,32400
2026-04-06 04:00:00,362.0,362.0,360.0,360.0,195100
2026-04-06 04:05:00,366.0,366.0,362.0,362.0,785900
2026-04-06 04:10:00,364.0,366.0,364.0,366.0,37600
2026-04-06 04:15:00,364.0,364.0,362.0,364.0,1324800
2026-04-06 04:20:00,362.0,364.0,362.0,364.0,114700
2026-04-06 04:25:00,362.0,364.0,362.0,364.0,2300
2026-04-06 04:30:00,364.0,364.0,362.0,364.0,6300
2026-04-06 04:35:00,364.0,364.0,362.0,364.0,10100
2026-04-06 04:40:00,364.0,364.0,362.0,364.0,51000
2026-04-06 04:45:00,364.0,364.0,362.0,362.0,5400
2026-04-06 04:50:00,364.0,364.0,362.0,364.0,3100
2026-04-06 04:55:00,362.0,364.0,362.0,364.0,54900
2026-04-06 06:30:00,362.0,364.0,362.0,364.0,79500
2026-04-06 06:35:00,362.0,364.0,362.0,362.0,513900
2026-04-06 06:40:00,360.0,362.0,360.0,362.0,1277300
2026-04-06 06:45:00,362.0,362.0,360.0,362.0,36400
2026-04-06 06:50:00,360.0,362.0,360.0,362.0,39000
2026-04-06 06:55:00,362.0,362.0,360.0,362.0,451600
2026-04-06 07:00:00,362.0,362.0,360.0,362.0,44500
2026-04-06 07:05:00,362.0,362.0,360.0,360.0,51400
2026-04-06 07:10:00,362.0,362.0,360.0,362.0,83900
2026-04-06 07:15:00,360.0,362.0,360.0,360.0,24100
2026-04-06 07:20:00,362.0,362.0,360.0,362.0,103100
2026-04-06 07:25:00,362.0,362.0,360.0,360.0,145900
2026-04-06 07:30:00,362.0,362.0,360.0,362.0,601500
2026-04-06 07:35:00,362.0,362.0,362.0,362.0,56500
2026-04-06 07:40:00,362.0,362.0,362.0,362.0,11300
2026-04-06 07:45:00,360.0,362.0,360.0,362.0,1365800
2026-04-06 07:50:00,360.0,360.0,360.0,360.0,0
2026-04-06 07:55:00,360.0,360.0,358.0,360.0,246200
2026-04-06 08:00:00,358.0,360.0,358.0,360.0,33800
2026-04-06 08:05:00,358.0,360.0,358.0,360.0,1453600
2026-04-06 08:10:00,360.0,360.0,358.0,360.0,90000
2026-04-06 08:15:00,358.0,360.0,358.0,360.0,216400
2026-04-06 08:20:00,358.0,360.0,358.0,360.0,80000
2026-04-06 08:25:00,358.0,360.0,358.0,358.0,216200
2026-04-06 08:30:00,360.0,362.0,358.0,358.0,1062900
2026-04-06 08:35:00,358.0,360.0,358.0,360.0,371900
2026-04-06 08:40:00,360.0,360.0,358.0,358.0,335500
2026-04-06 08:45:00,362.0,362.0,358.0,360.0,203400
2026-04-06 09:00:00,360.0,360.0,360.0,360.0,425600
2026-04-06 09:05:00,360.0,360.0,360.0,360.0,16300
2026-04-06 09:10:00,360.0,360.0,360.0,360.0,5000
2026-04-07 02:00:00,366.0,366.0,364.0,364.0,0
2026-04-07 02:05:00,366.0,366.0,364.0,366.0,243600
2026-04-07 02:10:00,364.0,366.0,364.0,366.0,31500
2026-04-07 02:15:00,366.0,366.0,364.0,364.0,180900
2026-04-07 02:20:00,364.0,366.0,364.0,366.0,792800
2026-04-07 02:25:00,364.0,364.0,362.0,364.0,160800
2026-04-07 02:30:00,362.0,364.0,362.0,362.0,247600
2026-04-07 02:35:00,362.0,364.0,360.0,362.0,58300
2026-04-07 02:40:00,364.0,364.0,360.0,362.0,72700
2026-04-07 02:45:00,362.0,364.0,362.0,364.0,856700
2026-04-07 02:50:00,362.0,362.0,360.0,360.0,47300
2026-04-07 02:55:00,362.0,362.0,360.0,360.0,1200
2026-04-07 03:00:00,362.0,362.0,360.0,362.0,393200
2026-04-07 03:05:00,362.0,362.0,360.0,362.0,190900
2026-04-07 03:10:00,362.0,362.0,360.0,362.0,77400
2026-04-07 03:15:00,360.0,362.0,360.0,362.0,96600
2026-04-07 03:20:00,362.0,362.0,360.0,360.0,5500
2026-04-07 03:25:00,362.0,362.0,360.0,360.0,107100
2026-04-07 03:30:00,362.0,362.0,360.0,362.0,466000
2026-04-07 03:35:00,362.0,362.0,360.0,362.0,57400
2026-04-07 03:40:00,362.0,362.0,362.0,362.0,23600
2026-04-07 03:45:00,362.0,362.0,362.0,362.0,14200
2026-04-07 03:50:00,362.0,362.0,360.0,362.0,62600
2026-04-07 03:55:00,362.0,362.0,360.0,362.0,19800
2026-04-07 04:00:00,362.0,362.0,360.0,362.0,273400
2026-04-07 04:05:00,362.0,362.0,360.0,362.0,382600
2026-04-07 04:10:00,362.0,362.0,362.0,362.0,8500
2026-04-07 04:15:00,362.0,362.0,360.0,362.0,50400
2026-04-07 04:20:00,362.0,362.0,362.0,362.0,5800
2026-04-07 04:25:00,362.0,362.0,360.0,362.0,4500
2026-04-07 04:30:00,362.0,362.0,360.0,362.0,27900
2026-04-07 04:35:00,362.0,362.0,362.0,362.0,13300
2026-04-07 04:40:00,362.0,362.0,360.0,362.0,12800
2026-04-07 04:45:00,362.0,362.0,360.0,362.0,90500
2026-04-07 04:50:00,362.0,362.0,360.0,362.0,41900
2026-04-07 04:55:00,362.0,362.0,362.0,362.0,22600
2026-04-07 06:30:00,362.0,362.0,360.0,362.0,568500
2026-04-07 06:35:00,362.0,362.0,360.0,360.0,35500
2026-04-07 06:40:00,362.0,362.0,360.0,362.0,0
2026-04-07 06:45:00,360.0,362.0,360.0,362.0,112300
2026-04-07 06:50:00,362.0,362.0,360.0,360.0,936200
2026-04-07 06:55:00,360.0,362.0,360.0,362.0,40400
2026-04-07 07:00:00,360.0,360.0,358.0,358.0,67200
2026-04-07 07:05:00,360.0,362.0,360.0,360.0,137700
2026-04-07 07:10:00,358.0,362.0,358.0,362.0,126600
2026-04-07 07:15:00,360.0,360.0,358.0,358.0,59200
2026-04-07 07:20:00,360.0,360.0,360.0,360.0,7000
2026-04-07 07:25:00,360.0,360.0,358.0,360.0,20200
2026-04-07 07:30:00,360.0,360.0,358.0,360.0,25200
2026-04-07 07:35:00,360.0,360.0,358.0,360.0,32400
2026-04-07 07:40:00,360.0,360.0,358.0,360.0,82000
2026-04-07 07:45:00,360.0,360.0,358.0,360.0,22100
2026-04-07 07:50:00,360.0,360.0,358.0,360.0,163300
2026-04-07 07:55:00,360.0,360.0,358.0,360.0,17500
2026-04-07 08:00:00,360.0,360.0,358.0,360.0,54900
2026-04-07 08:05:00,360.0,360.0,358.0,360.0,353400
2026-04-07 08:10:00,360.0,360.0,358.0,360.0,30800
2026-04-07 08:15:00,360.0,360.0,358.0,360.0,82000
2026-04-07 08:20:00,360.0,360.0,358.0,360.0,43500
2026-04-07 08:25:00,360.0,360.0,358.0,360.0,59500
2026-04-07 08:30:00,360.0,360.0,360.0,360.0,26900
2026-04-07 08:35:00,360.0,362.0,360.0,360.0,1503000
2026-04-07 08:40:00,362.0,362.0,360.0,362.0,556100
2026-04-07 08:45:00,362.0,362.0,358.0,362.0,247800
2026-04-07 09:00:00,362.0,362.0,362.0,362.0,922400
2026-04-07 09:05:00,362.0,362.0,362.0,362.0,0
2026-04-07 09:10:00,362.0,362.0,362.0,362.0,5700
2026-04-08 02:00:00,372.0,374.0,368.0,370.0,0
2026-04-08 02:05:00,370.0,372.0,370.0,372.0,1242700
2026-04-08 02:10:00,374.0,374.0,370.0,370.0,2321600
2026-04-08 02:15:00,376.0,376.0,372.0,374.0,1136000
2026-04-08 02:20:00,376.0,378.0,374.0,376.0,802300
2026-04-08 02:25:00,376.0,378.0,374.0,376.0,1107500
2026-04-08 02:30:00,376.0,378.0,374.0,378.0,945300
2026-04-08 02:35:00,376.0,378.0,374.0,376.0,825700
2026-04-08 02:40:00,376.0,378.0,376.0,376.0,506600
2026-04-08 02:45:00,376.0,378.0,374.0,374.0,786100
2026-04-08 02:50:00,378.0,378.0,374.0,376.0,992200
2026-04-08 02:55:00,376.0,378.0,376.0,376.0,246000
2026-04-08 03:00:00,376.0,376.0,374.0,376.0,910500
2026-04-08 03:05:00,374.0,378.0,374.0,376.0,1150100
2026-04-08 03:10:00,376.0,378.0,376.0,376.0,20400
2026-04-08 03:15:00,376.0,378.0,376.0,376.0,256300
2026-04-08 03:20:00,376.0,378.0,376.0,376.0,138700
2026-04-08 03:25:00,374.0,376.0,374.0,376.0,490300
2026-04-08 03:30:00,376.0,376.0,374.0,376.0,47700
2026-04-08 03:35:00,376.0,376.0,374.0,376.0,230900
2026-04-08 03:40:00,376.0,376.0,374.0,376.0,307900
2026-04-08 03:45:00,376.0,376.0,374.0,376.0,548500
2026-04-08 03:50:00,376.0,376.0,374.0,376.0,903700
2026-04-08 03:55:00,376.0,376.0,374.0,376.0,561800
2026-04-08 04:00:00,376.0,378.0,374.0,376.0,206100
2026-04-08 04:05:00,376.0,378.0,374.0,378.0,194700
2026-04-08 04:10:00,376.0,376.0,374.0,376.0,25300
2026-04-08 04:15:00,376.0,378.0,374.0,374.0,917300
2026-04-08 04:20:00,376.0,378.0,376.0,376.0,74800
2026-04-08 04:25:00,378.0,380.0,376.0,378.0,2227100
2026-04-08 04:30:00,378.0,380.0,378.0,378.0,612300
2026-04-08 04:35:00,378.0,380.0,378.0,378.0,744300
2026-04-08 04:40:00,380.0,380.0,378.0,378.0,309900
2026-04-08 04:45:00,378.0,380.0,378.0,378.0,69500
2026-04-08 04:50:00,380.0,380.0,378.0,378.0,128600
2026-04-08 04:55:00,380.0,380.0,378.0,378.0,69800
2026-04-08 06:30:00,380.0,380.0,378.0,378.0,2914600
2026-04-08 06:35:00,380.0,380.0,378.0,380.0,966900
2026-04-08 06:40:00,380.0,382.0,378.0,380.0,486100
2026-04-08 06:45:00,380.0,382.0,380.0,380.0,339300
2026-04-08 06:50:00,380.0,380.0,378.0,380.0,175700
2026-04-08 06:55:00,380.0,380.0,378.0,380.0,43300
2026-04-08 07:00:00,380.0,380.0,380.0,380.0,41000
2026-04-08 07:05:00,380.0,380.0,378.0,380.0,65600
2026-04-08 07:10:00,380.0,380.0,378.0,380.0,143200
2026-04-08 07:15:00,378.0,380.0,378.0,380.0,717800
2026-04-08 07:20:00,378.0,378.0,376.0,378.0,20600
2026-04-08 07:25:00,378.0,378.0,376.0,378.0,31400
2026-04-08 07:30:00,378.0,378.0,376.0,378.0,238400
2026-04-08 07:35:00,378.0,378.0,376.0,378.0,76200
2026-04-08 07:40:00,378.0,378.0,376.0,378.0,44600
2026-04-08 07:45:00,374.0,378.0,374.0,378.0,3190500
2026-04-08 07:50:00,374.0,376.0,370.0,374.0,4802700
2026-04-08 07:55:00,374.0,376.0,374.0,376.0,58100
2026-04-08 08:00:00,376.0,376.0,374.0,376.0,1284500
2026-04-08 08:05:00,378.0,378.0,374.0,376.0,1457600
2026-04-08 08:10:00,376.0,378.0,376.0,378.0,53800
2026-04-08 08:15:00,376.0,378.0,376.0,378.0,256300
2026-04-08 08:20:00,378.0,378.0,376.0,378.0,63200
2026-04-08 08:25:00,376.0,378.0,376.0,376.0,55700
2026-04-08 08:30:00,376.0,378.0,376.0,378.0,154300
2026-04-08 08:35:00,376.0,378.0,376.0,378.0,726600
2026-04-08 08:40:00,378.0,378.0,376.0,376.0,449100
2026-04-08 08:45:00,374.0,378.0,374.0,376.0,273900
2026-04-08 09:00:00,374.0,374.0,374.0,374.0,1409700
2026-04-08 09:05:00,374.0,374.0,374.0,374.0,50000
2026-04-09 02:00:00,376.0,378.0,376.0,376.0,0
2026-04-09 02:05:00,376.0,378.0,376.0,376.0,751300
2026-04-09 02:10:00,376.0,378.0,376.0,378.0,150200
2026-04-09 02:15:00,378.0,378.0,376.0,376.0,652700
2026-04-09 02:20:00,376.0,378.0,376.0,376.0,114400
2026-04-09 02:25:00,376.0,378.0,374.0,378.0,1708100
2026-04-09 02:30:00,376.0,376.0,374.0,376.0,13700
2026-04-09 02:35:00,376.0,378.0,374.0,376.0,487100
2026-04-09 02:40:00,376.0,378.0,374.0,374.0,79600
2026-04-09 02:45:00,378.0,378.0,376.0,376.0,818200
2026-04-09 02:50:00,378.0,378.0,376.0,378.0,111000
2026-04-09 02:55:00,378.0,378.0,376.0,378.0,57500
2026-04-09 03:00:00,378.0,378.0,376.0,376.0,214900
2026-04-09 03:05:00,380.0,380.0,376.0,378.0,1491100
2026-04-09 03:10:00,380.0,382.0,380.0,380.0,1989800
2026-04-09 03:15:00,382.0,382.0,380.0,380.0,1847100
2026-04-09 03:20:00,378.0,382.0,378.0,382.0,808300
2026-04-09 03:25:00,380.0,380.0,378.0,378.0,415900
2026-04-09 03:30:00,378.0,380.0,378.0,378.0,168500
2026-04-09 03:35:00,378.0,380.0,378.0,380.0,154900
2026-04-09 03:40:00,378.0,380.0,376.0,378.0,558700
2026-04-09 03:45:00,376.0,378.0,376.0,376.0,191900
2026-04-09 03:50:00,376.0,378.0,376.0,376.0,1120400
2026-04-09 03:55:00,376.0,378.0,376.0,378.0,11800
2026-04-09 04:00:00,378.0,378.0,376.0,376.0,87700
2026-04-09 04:05:00,378.0,378.0,376.0,378.0,7700
2026-04-09 04:10:00,376.0,378.0,376.0,378.0,6000
2026-04-09 04:15:00,378.0,378.0,376.0,378.0,1253500
2026-04-09 04:20:00,378.0,378.0,376.0,378.0,53600
2026-04-09 04:25:00,378.0,378.0,378.0,378.0,0
2026-04-09 04:30:00,378.0,378.0,376.0,378.0,143300
2026-04-09 04:35:00,378.0,378.0,378.0,378.0,18600
2026-04-09 04:40:00,378.0,378.0,376.0,376.0,55900
2026-04-09 04:45:00,376.0,378.0,376.0,376.0,140400
2026-04-09 04:50:00,376.0,376.0,376.0,376.0,3200
2026-04-09 04:55:00,376.0,378.0,376.0,376.0,189300
2026-04-09 06:30:00,378.0,378.0,376.0,378.0,191100
2026-04-09 06:35:00,378.0,378.0,376.0,376.0,6400
2026-04-09 06:40:00,378.0,378.0,376.0,378.0,766700
2026-04-09 06:45:00,378.0,378.0,378.0,378.0,10400
2026-04-09 06:50:00,378.0,378.0,376.0,378.0,166700
2026-04-09 06:55:00,378.0,378.0,376.0,378.0,187700
2026-04-09 07:00:00,376.0,378.0,376.0,376.0,69100
2026-04-09 07:05:00,376.0,378.0,376.0,376.0,210800
2026-04-09 07:10:00,378.0,378.0,376.0,376.0,270600
2026-04-09 07:15:00,376.0,378.0,376.0,378.0,427700
2026-04-09 07:20:00,378.0,378.0,376.0,378.0,36500
2026-04-09 07:25:00,376.0,378.0,376.0,378.0,55800
2026-04-09 07:30:00,376.0,376.0,376.0,376.0,2670500
2026-04-09 07:35:00,376.0,378.0,376.0,376.0,488700
2026-04-09 07:40:00,376.0,378.0,376.0,378.0,760900
2026-04-09 07:45:00,376.0,378.0,376.0,378.0,31400
2026-04-09 07:50:00,376.0,378.0,376.0,376.0,463600
2026-04-09 07:55:00,376.0,378.0,376.0,378.0,332800
2026-04-09 08:00:00,378.0,378.0,376.0,378.0,206400
2026-04-09 08:05:00,378.0,378.0,376.0,378.0,132800
2026-04-09 08:10:00,378.0,378.0,376.0,378.0,607900
2026-04-09 08:15:00,378.0,378.0,378.0,378.0,81000
2026-04-09 08:20:00,378.0,378.0,376.0,378.0,228300
2026-04-09 08:25:00,378.0,378.0,376.0,376.0,256000
2026-04-09 08:30:00,380.0,380.0,376.0,376.0,1584800
2026-04-09 08:35:00,380.0,380.0,378.0,378.0,475200
2026-04-09 08:40:00,378.0,380.0,376.0,380.0,673900
2026-04-09 08:45:00,376.0,378.0,376.0,378.0,559200
2026-04-09 09:00:00,378.0,378.0,378.0,378.0,788600
2026-04-09 09:05:00,378.0,378.0,378.0,378.0,0
2026-04-10 02:00:00,378.0,382.0,378.0,380.0,0
2026-04-10 02:05:00,380.0,380.0,378.0,378.0,243600
2026-04-10 02:10:00,380.0,380.0,378.0,380.0,201200
2026-04-10 02:15:00,382.0,382.0,380.0,380.0,1175400
2026-04-10 02:20:00,384.0,384.0,382.0,382.0,476800
2026-04-10 02:25:00,384.0,384.0,382.0,384.0,418900
2026-04-10 02:30:00,382.0,384.0,382.0,384.0,277200
2026-04-10 02:35:00,384.0,384.0,382.0,382.0,118500
2026-04-10 02:40:00,382.0,384.0,382.0,382.0,83200
2026-04-10 02:45:00,384.0,384.0,382.0,382.0,1191900
2026-04-10 02:50:00,382.0,386.0,382.0,384.0,566400
2026-04-10 02:55:00,384.0,384.0,382.0,382.0,166900
2026-04-10 03:00:00,384.0,384.0,382.0,382.0,8200
2026-04-10 03:05:00,382.0,382.0,382.0,382.0,136100
2026-04-10 03:10:00,388.0,390.0,382.0,382.0,8353200
2026-04-10 03:15:00,386.0,390.0,386.0,388.0,1735200
2026-04-10 03:20:00,388.0,388.0,386.0,386.0,95800
2026-04-10 03:25:00,388.0,388.0,386.0,388.0,127100
2026-04-10 03:30:00,388.0,388.0,386.0,388.0,21500
2026-04-10 03:35:00,386.0,388.0,386.0,386.0,761800
2026-04-10 03:40:00,386.0,388.0,386.0,386.0,667200
2026-04-10 03:45:00,386.0,388.0,384.0,386.0,1155000
2026-04-10 03:50:00,386.0,388.0,384.0,384.0,711900
2026-04-10 03:55:00,386.0,388.0,386.0,388.0,30500
2026-04-10 04:00:00,386.0,388.0,386.0,386.0,845000
2026-04-10 04:05:00,386.0,386.0,384.0,386.0,30600
2026-04-10 04:10:00,386.0,386.0,384.0,384.0,284400
2026-04-10 04:15:00,388.0,388.0,386.0,386.0,39600
2026-04-10 04:20:00,388.0,388.0,386.0,388.0,144500
2026-04-10 04:25:00,386.0,388.0,386.0,386.0,322700
2026-04-10 07:00:00,388.0,388.0,386.0,386.0,174600
2026-04-10 07:05:00,386.0,388.0,386.0,388.0,610200
2026-04-10 07:10:00,386.0,388.0,386.0,386.0,116100
2026-04-10 07:15:00,388.0,388.0,388.0,388.0,89100
2026-04-10 07:20:00,388.0,388.0,386.0,388.0,654500
2026-04-10 07:25:00,386.0,388.0,386.0,388.0,120300
2026-04-10 07:30:00,388.0,388.0,386.0,388.0,448000
2026-04-10 07:35:00,388.0,388.0,386.0,388.0,155600
2026-04-10 07:40:00,388.0,388.0,386.0,388.0,166600
2026-04-10 07:45:00,386.0,388.0,386.0,388.0,32400
2026-04-10 07:50:00,386.0,388.0,386.0,388.0,288400
2026-04-10 07:55:00,386.0,388.0,386.0,386.0,34300
2026-04-10 08:00:00,386.0,388.0,386.0,388.0,122100
2026-04-10 08:05:00,386.0,388.0,386.0,388.0,266200
2026-04-10 08:10:00,388.0,388.0,386.0,388.0,512000
2026-04-10 08:15:00,386.0,388.0,386.0,388.0,3627300
2026-04-10 08:20:00,386.0,386.0,384.0,384.0,527400
2026-04-10 08:25:00,386.0,388.0,384.0,386.0,2221600
2026-04-10 08:30:00,388.0,388.0,386.0,386.0,102500
2026-04-10 08:35:00,388.0,390.0,386.0,388.0,4075100
2026-04-10 08:40:00,386.0,388.0,386.0,388.0,294500
2026-04-10 08:45:00,388.0,388.0,386.0,388.0,1183500
2026-04-10 08:50:00,386.0,386.0,386.0,386.0,13300
2026-04-10 09:00:00,388.0,388.0,388.0,388.0,1086600
2026-04-10 09:05:00,388.0,388.0,388.0,388.0,144700
2026-04-10 09:10:00,388.0,388.0,388.0,388.0,0
2026-04-13 02:00:00,382.0,384.0,380.0,382.0,0
2026-04-13 02:05:00,382.0,384.0,380.0,382.0,660700
2026-04-13 02:10:00,388.0,388.0,382.0,382.0,2602900
2026-04-13 02:15:00,386.0,388.0,386.0,388.0,966300
2026-04-13 02:20:00,388.0,388.0,386.0,386.0,1063200
2026-04-13 02:25:00,386.0,388.0,386.0,388.0,1621100
2026-04-13 02:30:00,384.0,386.0,384.0,386.0,38800
2026-04-13 02:35:00,386.0,386.0,384.0,386.0,415600
2026-04-13 02:40:00,386.0,386.0,384.0,384.0,99800
2026-04-13 02:45:00,384.0,386.0,384.0,384.0,541700
2026-04-13 02:50:00,386.0,386.0,384.0,386.0,94300
2026-04-13 02:55:00,384.0,386.0,384.0,386.0,1436000
2026-04-13 03:00:00,384.0,386.0,384.0,384.0,216800
2026-04-13 03:05:00,386.0,386.0,384.0,386.0,348900
2026-04-13 03:10:00,386.0,386.0,384.0,386.0,1106100
2026-04-13 03:15:00,384.0,386.0,384.0,386.0,201500
2026-04-13 03:20:00,386.0,386.0,384.0,384.0,223000
2026-04-13 03:25:00,384.0,384.0,384.0,384.0,361400
2026-04-13 03:30:00,386.0,386.0,384.0,384.0,13400
2026-04-13 03:35:00,386.0,386.0,384.0,386.0,57300
2026-04-13 03:40:00,386.0,386.0,384.0,384.0,50000
2026-04-13 03:45:00,386.0,386.0,384.0,386.0,0
2026-04-13 03:50:00,384.0,386.0,384.0,386.0,108000
2026-04-13 03:55:00,384.0,386.0,384.0,386.0,29900
2026-04-13 04:00:00,386.0,386.0,384.0,384.0,1725500
2026-04-13 04:05:00,384.0,386.0,384.0,386.0,1136700
2026-04-13 04:10:00,386.0,386.0,386.0,386.0,0
2026-04-13 04:15:00,386.0,386.0,386.0,386.0,14200
2026-04-13 04:20:00,384.0,386.0,384.0,386.0,1315200
2026-04-13 04:25:00,384.0,386.0,384.0,386.0,128000
2026-04-13 04:30:00,386.0,386.0,384.0,386.0,142200
2026-04-13 04:35:00,384.0,386.0,384.0,386.0,0
2026-04-13 04:40:00,386.0,386.0,384.0,384.0,0
2026-04-13 04:45:00,386.0,388.0,386.0,386.0,2027800
2026-04-13 04:50:00,388.0,388.0,386.0,386.0,173600
2026-04-13 04:55:00,386.0,388.0,386.0,388.0,81200
2026-04-13 06:30:00,386.0,388.0,386.0,388.0,43200
2026-04-13 06:35:00,386.0,388.0,386.0,386.0,7400
2026-04-13 06:40:00,388.0,388.0,386.0,386.0,784300
2026-04-13 06:45:00,386.0,388.0,386.0,388.0,0
2026-04-13 06:50:00,386.0,388.0,386.0,386.0,155900
2026-04-13 06:55:00,386.0,388.0,386.0,388.0,313100
2026-04-13 07:00:00,388.0,388.0,386.0,386.0,488500
2026-04-13 07:05:00,388.0,388.0,386.0,388.0,453900
2026-04-13 07:10:00,388.0,388.0,386.0,388.0,217900
2026-04-13 07:15:00,388.0,388.0,386.0,386.0,175000
2026-04-13 07:20:00,388.0,388.0,386.0,388.0,55700
2026-04-13 07:25:00,386.0,388.0,386.0,388.0,76700
2026-04-13 07:30:00,386.0,388.0,386.0,388.0,34300
2026-04-13 07:35:00,386.0,388.0,386.0,386.0,12800
2026-04-13 07:45:00,386.0,388.0,386.0,388.0,11800
2026-04-13 07:50:00,388.0,388.0,386.0,386.0,158500
2026-04-13 07:55:00,388.0,388.0,386.0,388.0,0
2026-04-13 08:00:00,388.0,388.0,386.0,386.0,415000
2026-04-13 08:05:00,386.0,388.0,386.0,388.0,72000
2026-04-13 08:10:00,390.0,390.0,386.0,386.0,1692300
2026-04-13 08:15:00,390.0,392.0,388.0,388.0,1783000
2026-04-13 08:20:00,392.0,392.0,390.0,390.0,157500
2026-04-13 08:25:00,392.0,392.0,390.0,392.0,126400
2026-04-13 08:30:00,390.0,392.0,390.0,390.0,192300
2026-04-13 08:35:00,388.0,392.0,388.0,390.0,3377100
2026-04-13 08:40:00,388.0,390.0,386.0,388.0,1597900
2026-04-13 08:45:00,388.0,388.0,386.0,388.0,1122500
2026-04-13 09:00:00,388.0,388.0,388.0,388.0,1404800
2026-04-13 09:05:00,388.0,388.0,388.0,388.0,3900
2026-04-13 09:10:00,388.0,388.0,388.0,388.0,60000
2026-04-14 02:00:00,400.0,400.0,390.0,396.0,0
2026-04-14 02:05:00,398.0,402.0,398.0,398.0,5011400
2026-04-14 02:10:00,402.0,402.0,398.0,398.0,1646400
2026-04-14 02:15:00,402.0,404.0,400.0,400.0,751400
2026-04-14 02:20:00,408.0,408.0,402.0,402.0,5341900
2026-04-14 02:25:00,408.0,408.0,404.0,408.0,6330200
2026-04-14 02:30:00,406.0,408.0,406.0,408.0,1054600
2026-04-14 02:35:00,402.0,408.0,402.0,406.0,4627800
2026-04-14 02:40:00,404.0,406.0,402.0,402.0,1570500
2026-04-14 02:45:00,406.0,406.0,404.0,404.0,524600
2026-04-14 02:50:00,402.0,406.0,402.0,404.0,454300
2026-04-14 02:55:00,404.0,404.0,402.0,404.0,872600
2026-04-14 03:00:00,404.0,406.0,404.0,404.0,0
2026-04-14 03:05:00,406.0,406.0,404.0,406.0,506800
2026-04-14 03:10:00,400.0,406.0,400.0,406.0,4409300
2026-04-14 03:15:00,400.0,402.0,400.0,400.0,92700
2026-04-14 03:20:00,400.0,402.0,400.0,402.0,449100
2026-04-14 03:25:00,402.0,402.0,400.0,400.0,469500
2026-04-14 03:30:00,400.0,402.0,400.0,402.0,380100
2026-04-14 03:35:00,400.0,402.0,400.0,400.0,502800
2026-04-14 03:40:00,402.0,402.0,398.0,400.0,942200
2026-04-14 03:45:00,400.0,402.0,400.0,400.0,379100
2026-04-14 03:50:00,400.0,402.0,400.0,400.0,22400
2026-04-14 03:55:00,398.0,402.0,398.0,400.0,470600
2026-04-14 04:00:00,398.0,400.0,396.0,400.0,3412300
2026-04-14 04:05:00,398.0,400.0,398.0,398.0,220600
2026-04-14 04:10:00,398.0,400.0,398.0,398.0,154300
2026-04-14 04:15:00,398.0,400.0,398.0,398.0,45400
2026-04-14 04:20:00,398.0,398.0,398.0,398.0,173400
2026-04-14 04:25:00,398.0,400.0,398.0,398.0,278400
2026-04-14 04:30:00,398.0,400.0,398.0,398.0,327900
2026-04-14 04:35:00,398.0,400.0,396.0,398.0,418300
2026-04-14 04:40:00,398.0,400.0,396.0,398.0,122500
2026-04-14 04:45:00,398.0,400.0,396.0,398.0,294000
2026-04-14 04:50:00,398.0,400.0,396.0,398.0,392100
2026-04-14 04:55:00,396.0,400.0,396.0,398.0,274600
2026-04-14 06:30:00,396.0,398.0,396.0,398.0,233000
2026-04-14 06:35:00,396.0,398.0,394.0,398.0,2859600
2026-04-14 06:40:00,396.0,398.0,394.0,396.0,604700
2026-04-14 06:45:00,396.0,398.0,396.0,396.0,292900
2026-04-14 06:50:00,396.0,398.0,396.0,398.0,273500
2026-04-14 06:55:00,396.0,398.0,394.0,398.0,347000
2026-04-14 07:00:00,396.0,398.0,396.0,398.0,174300
2026-04-14 07:05:00,396.0,398.0,396.0,398.0,157500
2026-04-14 07:10:00,396.0,398.0,396.0,396.0,252800
2026-04-14 07:15:00,396.0,398.0,394.0,398.0,2002400
2026-04-14 07:20:00,394.0,398.0,394.0,396.0,931800
2026-04-14 07:25:00,394.0,396.0,394.0,394.0,426200
2026-04-14 07:30:00,394.0,396.0,394.0,394.0,6100
2026-04-14 07:35:00,396.0,398.0,394.0,394.0,2009400
2026-04-14 07:40:00,396.0,396.0,394.0,396.0,1964400
2026-04-14 07:45:00,396.0,398.0,394.0,396.0,6163500
2026-04-14 07:50:00,394.0,396.0,394.0,396.0,899500
2026-04-14 07:55:00,394.0,396.0,394.0,396.0,1159100
2026-04-14 08:00:00,396.0,396.0,394.0,396.0,2516000
2026-04-14 08:05:00,396.0,398.0,396.0,396.0,136900
2026-04-14 08:10:00,394.0,398.0,394.0,396.0,1128500
2026-04-14 08:15:00,394.0,396.0,394.0,396.0,1045900
2026-04-14 08:20:00,396.0,396.0,394.0,396.0,1405900
2026-04-14 08:25:00,394.0,396.0,394.0,394.0,1858100
2026-04-14 08:30:00,396.0,396.0,394.0,396.0,7234600
2026-04-14 08:35:00,398.0,400.0,396.0,398.0,3238000
2026-04-14 08:40:00,398.0,400.0,396.0,398.0,3004100
2026-04-14 08:45:00,400.0,400.0,396.0,398.0,3723900
2026-04-14 09:00:00,400.0,400.0,400.0,400.0,1906900
2026-04-14 09:05:00,400.0,400.0,400.0,400.0,58300
2026-04-14 09:10:00,400.0,400.0,400.0,400.0,233000
2026-04-15 02:00:00,402.0,404.0,402.0,402.0,0
2026-04-15 02:05:00,402.0,406.0,402.0,402.0,1127100
2026-04-15 02:10:00,406.0,406.0,402.0,402.0,1327900
2026-04-15 02:15:00,402.0,408.0,402.0,406.0,1766600
2026-04-15 02:20:00,406.0,406.0,400.0,402.0,1029300
2026-04-15 02:25:00,402.0,406.0,402.0,404.0,380000
2026-04-15 02:30:00,404.0,404.0,402.0,404.0,1208800
2026-04-15 02:35:00,402.0,404.0,400.0,402.0,2364600
2026-04-15 02:40:00,402.0,404.0,400.0,402.0,1011500
2026-04-15 02:45:00,404.0,404.0,402.0,402.0,95100
2026-04-15 02:50:00,402.0,404.0,402.0,404.0,324200
2026-04-15 02:55:00,404.0,404.0,402.0,402.0,8000
2026-04-15 03:00:00,402.0,404.0,402.0,402.0,268800
2026-04-15 03:05:00,400.0,402.0,400.0,402.0,305000
2026-04-15 03:10:00,404.0,404.0,400.0,400.0,817900
2026-04-15 03:15:00,404.0,404.0,402.0,402.0,26600
2026-04-15 03:20:00,404.0,404.0,402.0,404.0,1047700
2026-04-15 03:25:00,404.0,404.0,404.0,404.0,698600
2026-04-15 03:30:00,406.0,406.0,402.0,404.0,56400
2026-04-15 03:35:00,404.0,406.0,404.0,404.0,373300
2026-04-15 03:40:00,404.0,406.0,404.0,404.0,108200
2026-04-15 03:45:00,404.0,406.0,404.0,404.0,109600
2026-04-15 03:50:00,404.0,406.0,404.0,404.0,289900
2026-04-15 03:55:00,406.0,406.0,404.0,404.0,50300
2026-04-15 04:00:00,406.0,406.0,404.0,404.0,272600
2026-04-15 04:05:00,406.0,406.0,404.0,406.0,228800
2026-04-15 04:10:00,404.0,406.0,404.0,404.0,45700
2026-04-15 04:15:00,404.0,404.0,404.0,404.0,8900
2026-04-15 04:20:00,406.0,406.0,404.0,404.0,188600
2026-04-15 04:25:00,404.0,406.0,404.0,406.0,3000
2026-04-15 04:30:00,404.0,406.0,404.0,404.0,257800
2026-04-15 04:35:00,406.0,406.0,404.0,404.0,266600
2026-04-15 04:40:00,404.0,406.0,404.0,406.0,56300
2026-04-15 04:45:00,406.0,406.0,404.0,404.0,101200
2026-04-15 04:50:00,406.0,408.0,404.0,404.0,1416400
2026-04-15 04:55:00,404.0,408.0,404.0,406.0,855300
2026-04-15 06:30:00,404.0,406.0,404.0,406.0,375400
2026-04-15 06:35:00,406.0,406.0,404.0,404.0,26400
2026-04-15 06:40:00,404.0,406.0,404.0,404.0,45900
2026-04-15 06:45:00,404.0,406.0,404.0,406.0,42100
2026-04-15 06:50:00,404.0,406.0,404.0,404.0,135200
2026-04-15 06:55:00,404.0,406.0,404.0,404.0,25700
2026-04-15 07:00:00,406.0,406.0,404.0,406.0,60300
2026-04-15 07:05:00,404.0,406.0,404.0,404.0,107900
2026-04-15 07:10:00,404.0,404.0,402.0,404.0,1698600
2026-04-15 07:15:00,404.0,404.0,402.0,404.0,119100
2026-04-15 07:20:00,402.0,404.0,402.0,402.0,99400
2026-04-15 07:25:00,402.0,404.0,402.0,402.0,94900
2026-04-15 07:30:00,402.0,402.0,400.0,402.0,1019400
2026-04-15 07:35:00,402.0,402.0,402.0,402.0,145500
2026-04-15 07:40:00,402.0,404.0,400.0,402.0,174300
2026-04-15 07:45:00,402.0,402.0,400.0,400.0,108100
2026-04-15 07:50:00,402.0,402.0,400.0,400.0,116700
2026-04-15 07:55:00,402.0,402.0,400.0,402.0,711700
2026-04-15 08:00:00,402.0,402.0,400.0,402.0,216900
2026-04-15 08:05:00,402.0,402.0,400.0,402.0,329800
2026-04-15 08:10:00,402.0,402.0,400.0,402.0,446900
2026-04-15 08:15:00,402.0,404.0,400.0,402.0,382500
2026-04-15 08:20:00,402.0,402.0,400.0,402.0,9700
2026-04-15 08:25:00,402.0,402.0,400.0,402.0,108900
2026-04-15 08:30:00,400.0,402.0,400.0,402.0,560400
2026-04-15 08:35:00,402.0,402.0,400.0,402.0,98400
2026-04-15 08:40:00,402.0,402.0,400.0,400.0,315800
2026-04-15 08:45:00,402.0,402.0,400.0,402.0,57900
2026-04-15 09:00:00,400.0,400.0,400.0,400.0,687500
2026-04-15 09:05:00,400.0,400.0,400.0,400.0,762500
2026-04-16 02:00:00,406.0,408.0,404.0,404.0,0
2026-04-16 02:05:00,404.0,406.0,404.0,406.0,774800
2026-04-16 02:10:00,404.0,404.0,402.0,404.0,355300
2026-04-16 02:15:00,404.0,404.0,402.0,404.0,38100
2026-04-16 02:20:00,404.0,404.0,402.0,402.0,168200
2026-04-16 02:25:00,402.0,404.0,402.0,404.0,172600
2026-04-16 02:30:00,404.0,404.0,402.0,402.0,440900
2026-04-16 02:35:00,404.0,404.0,402.0,402.0,120200
2026-04-16 02:40:00,404.0,404.0,402.0,402.0,62900
2026-04-16 02:45:00,404.0,404.0,402.0,402.0,88500
2026-04-16 02:50:00,402.0,404.0,402.0,402.0,129900
2026-04-16 02:55:00,402.0,404.0,402.0,404.0,39300
2026-04-16 03:00:00,402.0,404.0,402.0,402.0,26000
2026-04-16 03:05:00,402.0,404.0,402.0,404.0,29300
2026-04-16 03:10:00,404.0,404.0,402.0,404.0,44700
2026-04-16 03:15:00,404.0,404.0,402.0,404.0,10700
2026-04-16 03:20:00,404.0,404.0,402.0,402.0,94300
2026-04-16 03:25:00,404.0,404.0,402.0,402.0,15900
2026-04-16 03:30:00,402.0,404.0,400.0,404.0,669700
2026-04-16 03:35:00,402.0,404.0,400.0,402.0,263500
2026-04-16 03:40:00,402.0,404.0,400.0,402.0,1105800
2026-04-16 03:45:00,402.0,402.0,402.0,402.0,228100
2026-04-16 03:50:00,404.0,404.0,400.0,402.0,37600
2026-04-16 03:55:00,404.0,404.0,402.0,404.0,12400
2026-04-16 04:00:00,402.0,404.0,400.0,402.0,601100
2026-04-16 04:05:00,402.0,404.0,402.0,402.0,1195100
2026-04-16 04:10:00,402.0,402.0,402.0,402.0,2600
2026-04-16 04:15:00,402.0,402.0,402.0,402.0,3200
2026-04-16 04:20:00,402.0,402.0,400.0,402.0,48100
2026-04-16 04:25:00,402.0,402.0,400.0,402.0,8600
2026-04-16 04:30:00,402.0,402.0,400.0,402.0,4400
2026-04-16 04:35:00,402.0,402.0,402.0,402.0,3500
2026-04-16 04:40:00,402.0,402.0,400.0,402.0,53800
2026-04-16 04:45:00,402.0,402.0,400.0,402.0,24900
2026-04-16 04:50:00,400.0,402.0,400.0,402.0,2793900
2026-04-16 04:55:00,400.0,402.0,400.0,400.0,5400
2026-04-16 06:30:00,400.0,402.0,400.0,400.0,126400
2026-04-16 06:35:00,402.0,402.0,400.0,400.0,24700
2026-04-16 06:40:00,400.0,402.0,400.0,402.0,26900
2026-04-16 06:45:00,400.0,402.0,400.0,400.0,26100
2026-04-16 06:50:00,400.0,402.0,400.0,400.0,117000
2026-04-16 06:55:00,402.0,402.0,400.0,402.0,4600
2026-04-16 07:00:00,400.0,402.0,400.0,402.0,176500
2026-04-16 07:05:00,402.0,402.0,402.0,402.0,3000
2026-04-16 07:10:00,400.0,402.0,400.0,402.0,32700
2026-04-16 07:15:00,400.0,402.0,400.0,400.0,4700
2026-04-16 07:20:00,400.0,402.0,400.0,402.0,39900
2026-04-16 07:25:00,402.0,402.0,400.0,402.0,255900
2026-04-16 07:30:00,400.0,402.0,400.0,402.0,58600
2026-04-16 07:35:00,400.0,402.0,400.0,400.0,43600
2026-04-16 07:40:00,400.0,402.0,400.0,400.0,71400
2026-04-16 07:45:00,400.0,402.0,400.0,400.0,212600
2026-04-16 07:50:00,400.0,402.0,400.0,400.0,69900
2026-04-16 07:55:00,400.0,402.0,400.0,400.0,97200
2026-04-16 08:00:00,402.0,402.0,400.0,402.0,0
2026-04-16 08:05:00,400.0,402.0,400.0,402.0,61700
2026-04-16 08:10:00,402.0,402.0,400.0,402.0,65900
2026-04-16 08:15:00,402.0,402.0,400.0,402.0,103600
2026-04-16 08:20:00,402.0,402.0,400.0,402.0,10800
2026-04-16 08:25:00,402.0,402.0,400.0,402.0,121000
2026-04-16 08:30:00,402.0,402.0,400.0,402.0,34400
2026-04-16 08:35:00,400.0,402.0,400.0,402.0,21900
2026-04-16 08:40:00,402.0,402.0,400.0,402.0,142800
2026-04-16 08:45:00,400.0,402.0,400.0,402.0,367700
2026-04-16 09:00:00,400.0,400.0,400.0,400.0,965900
2026-04-16 09:10:00,400.0,400.0,400.0,400.0,1300
2026-04-17 02:00:00,400.0,400.0,400.0,400.0,0
2026-04-17 02:05:00,400.0,402.0,400.0,400.0,14900
2026-04-17 02:10:00,402.0,402.0,400.0,402.0,294300
2026-04-17 02:15:00,402.0,402.0,400.0,402.0,313300
2026-04-17 02:20:00,402.0,402.0,400.0,402.0,75100
2026-04-17 02:25:00,402.0,404.0,400.0,400.0,1123700
2026-04-17 02:30:00,402.0,404.0,402.0,402.0,15400
2026-04-17 02:35:00,404.0,404.0,402.0,402.0,309400
2026-04-17 02:40:00,402.0,404.0,402.0,402.0,57400
2026-04-17 02:45:00,404.0,404.0,402.0,404.0,29000
2026-04-17 02:50:00,404.0,404.0,402.0,402.0,52200
2026-04-17 02:55:00,404.0,404.0,402.0,402.0,112700
2026-04-17 03:00:00,404.0,404.0,402.0,404.0,7700
2026-04-17 03:05:00,404.0,404.0,402.0,404.0,468500
2026-04-17 03:10:00,404.0,404.0,402.0,404.0,131200
2026-04-17 03:15:00,404.0,404.0,402.0,404.0,210800
2026-04-17 03:20:00,404.0,404.0,402.0,404.0,17300
2026-04-17 03:25:00,402.0,404.0,400.0,404.0,2046100
2026-04-17 03:30:00,402.0,404.0,400.0,402.0,937200
2026-04-17 03:35:00,404.0,404.0,402.0,402.0,290500
2026-04-17 03:40:00,402.0,404.0,402.0,404.0,72100
2026-04-17 03:45:00,402.0,404.0,402.0,404.0,54800
2026-04-17 03:50:00,402.0,402.0,402.0,402.0,37000
2026-04-17 03:55:00,402.0,404.0,402.0,404.0,0
2026-04-17 04:00:00,402.0,402.0,402.0,402.0,350400
2026-04-17 04:05:00,404.0,404.0,402.0,404.0,16400
2026-04-17 04:10:00,404.0,404.0,402.0,404.0,608400
2026-04-17 04:15:00,404.0,404.0,402.0,404.0,711300
2026-04-17 04:20:00,404.0,404.0,402.0,404.0,118100
2026-04-17 04:25:00,404.0,406.0,402.0,404.0,7527300
2026-04-17 07:00:00,404.0,406.0,402.0,406.0,1156100
2026-04-17 07:05:00,404.0,404.0,402.0,402.0,481300
2026-04-17 07:10:00,404.0,404.0,402.0,402.0,38300
2026-04-17 07:15:00,404.0,404.0,402.0,404.0,1947200
2026-04-17 07:20:00,404.0,406.0,404.0,404.0,587600
2026-04-17 07:25:00,404.0,404.0,404.0,404.0,33300
2026-04-17 07:30:00,404.0,404.0,402.0,404.0,1133800
2026-04-17 07:35:00,404.0,404.0,402.0,404.0,210100
2026-04-17 07:40:00,404.0,404.0,402.0,404.0,11400
2026-04-17 07:45:00,402.0,404.0,402.0,402.0,534600
2026-04-17 07:50:00,402.0,404.0,402.0,404.0,223100
2026-04-17 07:55:00,402.0,402.0,402.0,402.0,675400
2026-04-17 08:00:00,402.0,404.0,402.0,402.0,206100
2026-04-17 08:05:00,402.0,404.0,402.0,402.0,1133000
2026-04-17 08:10:00,404.0,404.0,402.0,402.0,27500
2026-04-17 08:15:00,402.0,404.0,402.0,402.0,774100
2026-04-17 08:20:00,402.0,402.0,402.0,402.0,187100
2026-04-17 08:25:00,404.0,404.0,402.0,402.0,713900
2026-04-17 08:30:00,404.0,404.0,402.0,404.0,158200
2026-04-17 08:35:00,402.0,404.0,402.0,402.0,2439500
2026-04-17 08:40:00,402.0,404.0,400.0,404.0,658500
2026-04-17 08:45:00,402.0,404.0,402.0,404.0,251600
2026-04-17 09:00:00,404.0,404.0,404.0,404.0,248600
2026-04-17 09:05:00,404.0,404.0,404.0,404.0,44100
2026-04-17 09:10:00,404.0,404.0,404.0,404.0,37900
2026-04-20 02:00:00,404.0,406.0,402.0,402.0,0
2026-04-20 02:05:00,404.0,406.0,402.0,404.0,1006100
2026-04-20 02:10:00,402.0,404.0,402.0,404.0,263500
2026-04-20 02:15:00,404.0,404.0,402.0,402.0,87100
2026-04-20 02:20:00,406.0,406.0,402.0,402.0,1220700
2026-04-20 02:25:00,404.0,406.0,404.0,404.0,2096800
2026-04-20 02:30:00,406.0,406.0,404.0,404.0,632700
2026-04-20 02:35:00,404.0,406.0,404.0,404.0,17900
2026-04-20 02:40:00,404.0,406.0,404.0,406.0,44800
2026-04-20 02:45:00,404.0,406.0,404.0,404.0,20700
2026-04-20 02:50:00,404.0,406.0,404.0,406.0,583900
2026-04-20 02:55:00,404.0,406.0,404.0,404.0,544000
2026-04-20 03:00:00,406.0,406.0,404.0,404.0,78700
2026-04-20 03:05:00,406.0,406.0,404.0,404.0,244200
2026-04-20 03:10:00,404.0,406.0,404.0,406.0,497400
2026-04-20 03:15:00,406.0,406.0,404.0,404.0,14200
2026-04-20 03:20:00,404.0,406.0,404.0,406.0,60800
2026-04-20 03:25:00,404.0,404.0,402.0,404.0,2113700
2026-04-20 03:30:00,404.0,404.0,402.0,404.0,1832500
2026-04-20 03:35:00,404.0,404.0,402.0,404.0,822800
2026-04-20 03:40:00,404.0,404.0,402.0,404.0,1051300
2026-04-20 03:45:00,402.0,404.0,402.0,402.0,135800
2026-04-20 03:50:00,404.0,404.0,402.0,402.0,0
2026-04-20 03:55:00,404.0,406.0,404.0,404.0,2401900
2026-04-20 04:00:00,404.0,404.0,402.0,404.0,75400
2026-04-20 04:05:00,404.0,404.0,402.0,404.0,58200
2026-04-20 04:10:00,404.0,404.0,402.0,404.0,38000
2026-04-20 04:15:00,404.0,404.0,404.0,404.0,1604600
2026-04-20 04:20:00,406.0,406.0,402.0,404.0,52500
2026-04-20 04:25:00,404.0,404.0,404.0,404.0,27200
2026-04-20 09:10:00,404.0,404.0,404.0,404.0,12650600
2026-04-21 02:00:00,404.0,408.0,404.0,406.0,0
2026-04-21 02:05:00,404.0,406.0,404.0,404.0,72100
2026-04-21 02:10:00,406.0,406.0,404.0,406.0,301100
2026-04-21 02:15:00,410.0,410.0,404.0,406.0,8479000
2026-04-21 02:20:00,408.0,410.0,406.0,410.0,569800
2026-04-21 02:25:00,408.0,408.0,406.0,408.0,689000
2026-04-21 02:30:00,410.0,410.0,406.0,408.0,242500
2026-04-21 02:35:00,408.0,410.0,406.0,410.0,1071600
2026-04-21 02:40:00,406.0,408.0,406.0,408.0,195000
2026-04-21 02:45:00,408.0,410.0,408.0,408.0,1262300
2026-04-21 02:50:00,408.0,410.0,408.0,410.0,239800
2026-04-21 02:55:00,408.0,410.0,408.0,410.0,68200
2026-04-21 03:00:00,408.0,410.0,408.0,408.0,255600
2026-04-21 03:05:00,410.0,410.0,408.0,408.0,23400
2026-04-21 03:10:00,410.0,410.0,408.0,410.0,145600
2026-04-21 03:15:00,408.0,408.0,406.0,408.0,1361400
2026-04-21 03:20:00,406.0,408.0,406.0,408.0,296400
2026-04-21 03:25:00,406.0,406.0,404.0,406.0,92400
2026-04-21 03:30:00,406.0,406.0,404.0,406.0,222500
2026-04-21 03:35:00,406.0,406.0,404.0,406.0,179200
2026-04-21 03:40:00,406.0,406.0,404.0,406.0,3700
2026-04-21 03:45:00,406.0,406.0,406.0,406.0,52700
2026-04-21 03:50:00,404.0,406.0,404.0,406.0,15000
2026-04-21 03:55:00,404.0,406.0,404.0,406.0,48300
2026-04-21 04:00:00,408.0,408.0,404.0,406.0,208000
2026-04-21 04:05:00,406.0,408.0,406.0,408.0,29300
2026-04-21 04:10:00,406.0,406.0,404.0,406.0,23200
2026-04-21 04:15:00,408.0,408.0,404.0,406.0,181300
2026-04-21 04:20:00,406.0,408.0,406.0,408.0,24500
2026-04-21 04:25:00,406.0,408.0,406.0,406.0,49700
2026-04-21 04:30:00,406.0,408.0,406.0,406.0,131600
2026-04-21 04:35:00,406.0,408.0,406.0,406.0,17200
2026-04-21 04:40:00,406.0,408.0,406.0,406.0,40400
2026-04-21 04:45:00,406.0,408.0,406.0,406.0,102400
2026-04-21 04:50:00,406.0,408.0,406.0,408.0,265000
2026-04-21 04:55:00,406.0,408.0,406.0,406.0,211600
2026-04-21 06:30:00,406.0,408.0,404.0,408.0,481900
2026-04-21 06:35:00,408.0,408.0,406.0,408.0,0
2026-04-21 06:40:00,406.0,408.0,406.0,408.0,313400
2026-04-21 06:45:00,406.0,408.0,406.0,406.0,64200
2026-04-21 06:50:00,406.0,408.0,406.0,406.0,347000
2026-04-21 06:55:00,406.0,408.0,406.0,406.0,216600
2026-04-21 07:00:00,406.0,408.0,406.0,406.0,362000
2026-04-21 07:05:00,406.0,408.0,406.0,406.0,222000
2026-04-21 07:10:00,404.0,408.0,404.0,406.0,151500
2026-04-21 07:15:00,406.0,408.0,404.0,406.0,1046600
2026-04-21 07:20:00,406.0,408.0,406.0,406.0,1400
2026-04-21 07:25:00,408.0,408.0,406.0,406.0,43700
2026-04-21 07:30:00,406.0,408.0,406.0,406.0,273000
2026-04-21 07:35:00,406.0,408.0,406.0,406.0,116400
2026-04-21 07:40:00,406.0,406.0,406.0,406.0,11200
2026-04-21 07:45:00,406.0,406.0,404.0,404.0,190300
2026-04-21 07:50:00,406.0,406.0,404.0,406.0,31400
2026-04-21 07:55:00,406.0,406.0,404.0,406.0,22000
2026-04-21 08:00:00,406.0,406.0,404.0,406.0,27500
2026-04-21 08:05:00,406.0,406.0,406.0,406.0,1017700
2026-04-21 08:10:00,408.0,408.0,406.0,406.0,14900
2026-04-21 08:15:00,406.0,408.0,404.0,406.0,286000
2026-04-21 08:20:00,406.0,406.0,404.0,406.0,86700
2026-04-21 08:25:00,406.0,406.0,404.0,406.0,188400
2026-04-21 08:30:00,406.0,406.0,404.0,406.0,319400
2026-04-21 08:35:00,406.0,406.0,404.0,406.0,89000
2026-04-21 08:40:00,406.0,406.0,404.0,406.0,359800
2026-04-21 08:45:00,406.0,406.0,404.0,406.0,532000
2026-04-21 09:00:00,406.0,406.0,406.0,406.0,2169300
2026-04-21 09:10:00,406.0,406.0,406.0,406.0,500
2026-04-22 02:00:00,410.0,412.0,408.0,408.0,0
2026-04-22 02:05:00,410.0,412.0,410.0,410.0,174900
2026-04-22 02:10:00,412.0,412.0,410.0,410.0,296100
2026-04-22 02:15:00,410.0,412.0,410.0,412.0,302500
2026-04-22 02:20:00,410.0,412.0,408.0,412.0,745900
2026-04-22 02:25:00,408.0,410.0,408.0,408.0,33900
2026-04-22 02:30:00,410.0,412.0,408.0,408.0,646300
2026-04-22 02:35:00,408.0,410.0,408.0,410.0,34800
2026-04-22 02:40:00,410.0,410.0,408.0,410.0,84900
2026-04-22 02:45:00,410.0,410.0,408.0,410.0,313500
2026-04-22 02:50:00,410.0,410.0,406.0,410.0,1197500
2026-04-22 02:55:00,410.0,410.0,408.0,410.0,60000
2026-04-22 03:00:00,408.0,410.0,408.0,408.0,131100
2026-04-22 03:05:00,408.0,410.0,408.0,410.0,238500
2026-04-22 03:10:00,410.0,410.0,408.0,408.0,109000
2026-04-22 03:15:00,410.0,410.0,408.0,410.0,24100
2026-04-22 03:20:00,408.0,410.0,408.0,410.0,7700
2026-04-22 03:25:00,408.0,410.0,408.0,410.0,140500
2026-04-22 03:30:00,408.0,410.0,408.0,408.0,44700
2026-04-22 03:35:00,410.0,410.0,408.0,408.0,31300
2026-04-22 03:40:00,410.0,410.0,408.0,410.0,9200
2026-04-22 03:45:00,410.0,410.0,408.0,408.0,225200
2026-04-22 03:50:00,410.0,410.0,410.0,410.0,1400
2026-04-22 03:55:00,410.0,410.0,408.0,408.0,390200
2026-04-22 04:00:00,410.0,410.0,408.0,410.0,24100
2026-04-22 04:05:00,410.0,410.0,410.0,410.0,23000
2026-04-22 04:10:00,410.0,410.0,408.0,410.0,24000
2026-04-22 04:15:00,408.0,410.0,408.0,410.0,260900
2026-04-22 04:20:00,408.0,410.0,408.0,410.0,229500
2026-04-22 04:25:00,410.0,410.0,408.0,408.0,0
2026-04-22 04:30:00,410.0,410.0,408.0,408.0,31900
2026-04-22 04:35:00,408.0,410.0,408.0,408.0,125900
2026-04-22 04:40:00,408.0,410.0,408.0,408.0,31900
2026-04-22 04:45:00,408.0,410.0,408.0,408.0,74700
2026-04-22 04:50:00,410.0,410.0,408.0,408.0,144800
2026-04-22 04:55:00,408.0,408.0,408.0,408.0,164200
2026-04-22 06:30:00,408.0,410.0,406.0,408.0,1856600
2026-04-22 06:35:00,408.0,410.0,408.0,408.0,70000
2026-04-22 06:40:00,410.0,410.0,408.0,408.0,39000
2026-04-22 06:45:00,410.0,410.0,408.0,408.0,77300
2026-04-22 06:50:00,408.0,410.0,408.0,408.0,3031100
2026-04-22 06:55:00,408.0,410.0,408.0,408.0,14800
2026-04-22 07:00:00,410.0,410.0,408.0,408.0,44500
2026-04-22 07:05:00,408.0,410.0,408.0,408.0,4026100
2026-04-22 07:10:00,408.0,410.0,408.0,408.0,481600
2026-04-22 07:15:00,408.0,410.0,408.0,408.0,80200
2026-04-22 07:20:00,410.0,410.0,408.0,408.0,33200
2026-04-22 07:25:00,408.0,410.0,408.0,408.0,169600
2026-04-22 07:30:00,408.0,410.0,408.0,408.0,226300
2026-04-22 07:35:00,408.0,410.0,408.0,408.0,81800
2026-04-22 07:40:00,408.0,410.0,408.0,408.0,161000
2026-04-22 07:45:00,408.0,408.0,408.0,408.0,905300
2026-04-22 07:50:00,408.0,410.0,408.0,408.0,133200
2026-04-22 07:55:00,408.0,410.0,408.0,408.0,233900
2026-04-22 08:00:00,408.0,410.0,408.0,408.0,209500
2026-04-22 08:05:00,408.0,410.0,408.0,408.0,127400
2026-04-22 08:10:00,410.0,410.0,408.0,408.0,3633100
2026-04-22 08:15:00,410.0,412.0,408.0,408.0,1217900
2026-04-22 08:20:00,410.0,410.0,408.0,408.0,534500
2026-04-22 08:25:00,410.0,410.0,408.0,410.0,36700
2026-04-22 08:30:00,412.0,412.0,408.0,410.0,1233400
2026-04-22 08:35:00,410.0,410.0,408.0,410.0,239300
2026-04-22 08:40:00,410.0,410.0,408.0,410.0,1627200
2026-04-22 08:45:00,408.0,410.0,408.0,408.0,1187900
2026-04-22 09:00:00,408.0,408.0,408.0,408.0,4237400
2026-04-22 09:05:00,408.0,408.0,408.0,408.0,107000
2026-04-22 09:10:00,408.0,408.0,408.0,408.0,3000
2026-04-23 02:00:00,414.0,414.0,410.0,410.0,0
2026-04-23 02:05:00,410.0,414.0,410.0,412.0,1179000
2026-04-23 02:10:00,410.0,412.0,410.0,412.0,108600
2026-04-23 02:15:00,410.0,412.0,410.0,412.0,29000
2026-04-23 02:20:00,412.0,412.0,410.0,410.0,147300
2026-04-23 02:25:00,412.0,412.0,410.0,410.0,93800
2026-04-23 02:30:00,410.0,412.0,410.0,410.0,435200
2026-04-23 02:35:00,410.0,412.0,410.0,410.0,76600
2026-04-23 02:40:00,410.0,412.0,410.0,412.0,161800
2026-04-23 02:45:00,410.0,410.0,408.0,410.0,3035100
2026-04-23 02:50:00,410.0,412.0,408.0,410.0,116500
2026-04-23 02:55:00,408.0,410.0,408.0,410.0,932900
2026-04-23 03:00:00,406.0,410.0,406.0,410.0,353500
2026-04-23 03:05:00,408.0,410.0,406.0,408.0,2289700
2026-04-23 03:10:00,408.0,408.0,406.0,408.0,352000
2026-04-23 03:15:00,408.0,408.0,406.0,408.0,95600
2026-04-23 03:20:00,406.0,408.0,406.0,408.0,919600
2026-04-23 03:25:00,408.0,408.0,406.0,406.0,1260100
2026-04-23 03:30:00,408.0,408.0,406.0,408.0,63000
2026-04-23 03:35:00,408.0,408.0,406.0,406.0,14500
2026-04-23 03:40:00,406.0,408.0,406.0,406.0,2284900
2026-04-23 03:45:00,406.0,408.0,406.0,406.0,830500
2026-04-23 03:50:00,408.0,408.0,406.0,406.0,139000
2026-04-23 03:55:00,408.0,408.0,406.0,408.0,55800
2026-04-23 04:00:00,406.0,408.0,406.0,408.0,219300
2026-04-23 04:05:00,408.0,408.0,406.0,408.0,15700
2026-04-23 04:10:00,406.0,408.0,406.0,406.0,104800
2026-04-23 04:15:00,408.0,408.0,406.0,406.0,13300
2026-04-23 04:20:00,408.0,408.0,404.0,408.0,3560500
2026-04-23 04:25:00,408.0,408.0,408.0,408.0,17800
2026-04-23 04:30:00,408.0,408.0,406.0,406.0,43500
2026-04-23 04:35:00,408.0,408.0,406.0,406.0,431700
2026-04-23 04:40:00,406.0,408.0,406.0,406.0,1384500
2026-04-23 04:45:00,408.0,408.0,406.0,406.0,192400
2026-04-23 04:50:00,406.0,408.0,406.0,408.0,10400
2026-04-23 04:55:00,406.0,408.0,406.0,406.0,22800
2026-04-23 06:30:00,406.0,408.0,406.0,406.0,358800
2026-04-23 06:35:00,408.0,408.0,406.0,406.0,67200
2026-04-23 06:40:00,406.0,408.0,406.0,408.0,175500
2026-04-23 06:45:00,408.0,408.0,406.0,406.0,97000
2026-04-23 06:50:00,408.0,408.0,406.0,406.0,146900
2026-04-23 06:55:00,406.0,408.0,406.0,408.0,26700
2026-04-23 07:00:00,408.0,408.0,406.0,408.0,49700
2026-04-23 07:05:00,406.0,408.0,406.0,406.0,250500
2026-04-23 07:10:00,406.0,408.0,406.0,408.0,8200
2026-04-23 07:15:00,406.0,408.0,406.0,408.0,70400
2026-04-23 07:20:00,406.0,408.0,406.0,406.0,818600
2026-04-23 07:25:00,406.0,406.0,406.0,406.0,211900
2026-04-23 07:30:00,406.0,406.0,404.0,406.0,237500
2026-04-23 07:35:00,406.0,406.0,406.0,406.0,0
2026-04-23 07:40:00,406.0,406.0,404.0,406.0,3400
2026-04-23 07:45:00,404.0,406.0,404.0,404.0,535100
2026-04-23 07:50:00,402.0,406.0,402.0,404.0,3766300
2026-04-23 07:55:00,402.0,404.0,402.0,404.0,3531000
2026-04-23 08:00:00,402.0,404.0,402.0,402.0,749200
2026-04-23 08:05:00,402.0,404.0,400.0,404.0,1386100
2026-04-23 08:10:00,402.0,402.0,400.0,402.0,115800
2026-04-23 08:15:00,402.0,402.0,400.0,402.0,221800
2026-04-23 08:20:00,402.0,402.0,400.0,402.0,266800
2026-04-23 08:25:00,402.0,402.0,400.0,402.0,118300
2026-04-23 08:30:00,404.0,404.0,400.0,400.0,3731900
2026-04-23 08:35:00,402.0,404.0,402.0,404.0,105600
2026-04-23 08:40:00,404.0,404.0,402.0,402.0,1331300
2026-04-23 08:45:00,402.0,404.0,402.0,404.0,380600
2026-04-23 09:00:00,404.0,404.0,404.0,404.0,8367800
2026-04-23 09:05:00,404.0,404.0,404.0,404.0,338300
2026-04-23 09:10:00,404.0,404.0,404.0,404.0,180900
2026-04-24 02:00:00,404.0,410.0,402.0,404.0,0
2026-04-24 02:05:00,402.0,404.0,402.0,404.0,1975400
2026-04-24 02:10:00,404.0,406.0,402.0,402.0,1293600
2026-04-24 02:15:00,404.0,406.0,402.0,404.0,651600
2026-04-24 02:20:00,404.0,406.0,402.0,404.0,592400
2026-04-24 02:25:00,404.0,404.0,402.0,404.0,484600
2026-04-24 02:30:00,404.0,404.0,400.0,402.0,1929800
2026-04-24 02:35:00,404.0,404.0,402.0,404.0,663200
2026-04-24 02:40:00,404.0,404.0,402.0,404.0,124900
2026-04-24 02:45:00,404.0,404.0,402.0,402.0,254100
2026-04-24 02:50:00,402.0,404.0,402.0,404.0,1077100
2026-04-24 02:55:00,400.0,402.0,400.0,402.0,1086600
2026-04-24 03:00:00,400.0,402.0,400.0,402.0,143200
2026-04-24 03:05:00,402.0,402.0,400.0,400.0,278600
2026-04-24 03:10:00,402.0,402.0,400.0,400.0,191800
2026-04-24 03:15:00,402.0,404.0,402.0,402.0,1371200
2026-04-24 03:20:00,402.0,404.0,402.0,402.0,1151600
2026-04-24 03:25:00,404.0,404.0,402.0,402.0,575500
2026-04-24 03:30:00,402.0,402.0,400.0,402.0,4049900
2026-04-24 03:35:00,402.0,402.0,402.0,402.0,655700
2026-04-24 03:40:00,400.0,402.0,396.0,402.0,5547400
2026-04-24 03:45:00,402.0,402.0,398.0,400.0,1003500
2026-04-24 03:50:00,402.0,402.0,400.0,402.0,106900
2026-04-24 03:55:00,404.0,404.0,400.0,400.0,1339000
2026-04-24 04:00:00,402.0,404.0,400.0,404.0,140200
2026-04-24 04:05:00,402.0,404.0,400.0,400.0,488900
2026-04-24 04:10:00,402.0,404.0,400.0,402.0,914700
2026-04-24 04:15:00,402.0,404.0,400.0,402.0,360100
2026-04-24 04:20:00,402.0,402.0,400.0,402.0,117500
2026-04-24 04:25:00,402.0,402.0,400.0,400.0,82400
2026-04-24 07:00:00,400.0,402.0,400.0,400.0,733300
2026-04-24 07:05:00,402.0,402.0,400.0,402.0,172700
2026-04-24 07:10:00,400.0,402.0,398.0,402.0,1363100
2026-04-24 07:15:00,400.0,400.0,398.0,400.0,150400
2026-04-24 07:20:00,400.0,402.0,400.0,400.0,543100
2026-04-24 07:25:00,400.0,402.0,398.0,398.0,674000
2026-04-24 07:30:00,402.0,402.0,398.0,400.0,644800
2026-04-24 07:35:00,402.0,402.0,400.0,402.0,41300
2026-04-24 07:40:00,402.0,402.0,400.0,402.0,264900
2026-04-24 07:45:00,402.0,402.0,400.0,402.0,75300
2026-04-24 07:50:00,400.0,402.0,400.0,402.0,1615600
2026-04-24 07:55:00,402.0,402.0,400.0,400.0,53900
2026-04-24 08:00:00,400.0,402.0,400.0,400.0,1376200
2026-04-24 08:05:00,402.0,402.0,398.0,398.0,1134500
2026-04-24 08:10:00,402.0,402.0,400.0,402.0,177900
2026-04-24 08:15:00,402.0,402.0,400.0,400.0,102800
2026-04-24 08:20:00,400.0,402.0,400.0,402.0,1107000
2026-04-24 08:25:00,402.0,402.0,400.0,402.0,155000
2026-04-24 08:30:00,402.0,404.0,402.0,402.0,1142000
2026-04-24 08:35:00,402.0,404.0,400.0,404.0,1743400
2026-04-24 08:40:00,402.0,404.0,400.0,402.0,460900
2026-04-24 08:45:00,402.0,404.0,400.0,402.0,1871900
2026-04-24 09:00:00,404.0,404.0,404.0,404.0,847600
2026-04-24 09:05:00,404.0,404.0,404.0,404.0,1300
2026-04-27 02:00:00,412.0,412.0,404.0,406.0,0
2026-04-27 02:05:00,410.0,414.0,408.0,414.0,2259800
2026-04-27 02:10:00,410.0,410.0,408.0,408.0,600500
2026-04-27 02:15:00,410.0,412.0,408.0,410.0,479500
2026-04-27 02:20:00,408.0,412.0,408.0,412.0,2307800
2026-04-27 02:25:00,408.0,410.0,408.0,408.0,432100
2026-04-27 02:30:00,408.0,410.0,408.0,410.0,28700
2026-04-27 02:35:00,408.0,410.0,408.0,410.0,305300
2026-04-27 02:40:00,408.0,410.0,406.0,410.0,1793900
2026-04-27 02:45:00,408.0,408.0,406.0,408.0,97200
2026-04-27 02:50:00,408.0,408.0,406.0,408.0,175000
2026-04-27 02:55:00,408.0,408.0,406.0,408.0,160800
2026-04-27 03:00:00,406.0,408.0,406.0,408.0,1522400
2026-04-27 03:05:00,406.0,408.0,406.0,408.0,0
2026-04-27 03:10:00,410.0,410.0,408.0,408.0,1232900
2026-04-27 03:15:00,408.0,410.0,408.0,410.0,379500
2026-04-27 03:20:00,408.0,410.0,408.0,408.0,49300
2026-04-27 03:25:00,408.0,410.0,408.0,408.0,189300
2026-04-27 03:30:00,410.0,410.0,408.0,408.0,42900
2026-04-27 03:35:00,410.0,410.0,408.0,410.0,8700
2026-04-27 03:40:00,408.0,410.0,408.0,410.0,33800
2026-04-27 03:45:00,408.0,408.0,408.0,408.0,2095600
2026-04-27 03:50:00,408.0,408.0,406.0,408.0,84300
2026-04-27 03:55:00,408.0,410.0,406.0,408.0,2382100
2026-04-27 04:00:00,408.0,410.0,408.0,410.0,224200
2026-04-27 04:05:00,408.0,408.0,408.0,408.0,0
2026-04-27 04:10:00,410.0,412.0,408.0,408.0,2989300
2026-04-27 04:15:00,410.0,410.0,410.0,410.0,567600
2026-04-27 04:20:00,410.0,412.0,410.0,410.0,13600
2026-04-27 04:25:00,414.0,414.0,410.0,410.0,1957700
2026-04-27 04:30:00,412.0,414.0,412.0,412.0,223200
2026-04-27 04:35:00,412.0,414.0,412.0,414.0,79200
2026-04-27 04:40:00,412.0,414.0,412.0,412.0,334900
2026-04-27 04:45:00,412.0,414.0,412.0,412.0,123100
2026-04-27 04:50:00,412.0,414.0,412.0,412.0,103700
2026-04-27 04:55:00,414.0,414.0,412.0,412.0,980000
2026-04-27 06:30:00,414.0,414.0,412.0,414.0,946900
2026-04-27 06:35:00,412.0,414.0,410.0,412.0,1220700
2026-04-27 06:40:00,414.0,414.0,412.0,412.0,45100
2026-04-27 06:45:00,412.0,416.0,412.0,414.0,4362100
2026-04-27 06:50:00,414.0,414.0,412.0,412.0,345200
2026-04-27 06:55:00,414.0,416.0,414.0,414.0,105700
2026-04-27 07:00:00,412.0,416.0,412.0,416.0,832800
2026-04-27 07:05:00,412.0,414.0,412.0,414.0,271400
2026-04-27 07:10:00,412.0,414.0,412.0,412.0,47100
2026-04-27 07:15:00,412.0,414.0,412.0,414.0,129900
2026-04-27 07:20:00,414.0,414.0,412.0,412.0,574500
2026-04-27 07:25:00,414.0,414.0,412.0,412.0,656800
2026-04-27 07:30:00,414.0,416.0,412.0,414.0,802100
2026-04-27 07:35:00,414.0,416.0,412.0,414.0,1243300
2026-04-27 07:40:00,412.0,414.0,412.0,414.0,594600
2026-04-27 07:45:00,412.0,412.0,412.0,412.0,124100
2026-04-27 07:50:00,412.0,414.0,412.0,414.0,57600
2026-04-27 07:55:00,412.0,412.0,412.0,412.0,208000
2026-04-27 08:00:00,414.0,414.0,412.0,414.0,511600
2026-04-27 08:05:00,412.0,414.0,412.0,414.0,404300
2026-04-27 08:10:00,412.0,414.0,412.0,412.0,182200
2026-04-27 08:15:00,412.0,414.0,412.0,414.0,559100
2026-04-27 08:20:00,412.0,414.0,412.0,412.0,143000
2026-04-27 08:25:00,412.0,414.0,412.0,412.0,370600
2026-04-27 08:30:00,414.0,414.0,412.0,412.0,4476500
2026-04-27 08:35:00,414.0,416.0,414.0,414.0,1070700
2026-04-27 08:40:00,416.0,416.0,414.0,414.0,285800
2026-04-27 08:45:00,416.0,416.0,414.0,414.0,4889400
2026-04-27 09:00:00,414.0,414.0,414.0,414.0,1483300
2026-04-27 09:05:00,414.0,414.0,414.0,414.0,859300
2026-04-27 09:10:00,414.0,414.0,414.0,414.0,102000
2026-04-28 02:00:00,412.0,418.0,412.0,418.0,0
2026-04-28 02:05:00,410.0,414.0,410.0,412.0,2570400
2026-04-28 02:10:00,410.0,412.0,406.0,410.0,2617100
2026-04-28 02:15:00,408.0,410.0,408.0,408.0,1180100
2026-04-28 02:20:00,408.0,410.0,408.0,408.0,143200
2026-04-28 02:25:00,408.0,410.0,406.0,408.0,1950100
2026-04-28 02:30:00,412.0,412.0,408.0,410.0,118300
2026-04-28 02:35:00,410.0,412.0,408.0,412.0,502400
2026-04-28 02:40:00,408.0,412.0,408.0,410.0,323600
2026-04-28 02:45:00,410.0,410.0,408.0,410.0,54600
2026-04-28 02:50:00,410.0,410.0,408.0,410.0,597900
2026-04-28 02:55:00,410.0,410.0,408.0,410.0,224900
2026-04-28 03:00:00,410.0,412.0,410.0,410.0,325000
2026-04-28 03:05:00,412.0,412.0,410.0,412.0,41200
2026-04-28 03:10:00,410.0,412.0,410.0,412.0,108000
2026-04-28 03:15:00,412.0,412.0,410.0,410.0,39400
2026-04-28 03:20:00,414.0,414.0,410.0,410.0,765800
2026-04-28 03:25:00,410.0,414.0,410.0,412.0,345400
2026-04-28 03:30:00,410.0,412.0,410.0,412.0,59800
2026-04-28 03:35:00,410.0,412.0,410.0,412.0,120600
2026-04-28 03:40:00,412.0,412.0,410.0,410.0,22100
2026-04-28 03:45:00,410.0,412.0,410.0,410.0,33500
2026-04-28 03:50:00,410.0,412.0,410.0,410.0,161700
2026-04-28 03:55:00,410.0,412.0,410.0,410.0,125500
2026-04-28 04:00:00,414.0,416.0,410.0,410.0,3125600
2026-04-28 04:05:00,416.0,416.0,414.0,416.0,253100
2026-04-28 04:10:00,414.0,416.0,414.0,416.0,600500
2026-04-28 04:15:00,414.0,414.0,412.0,414.0,19800
2026-04-28 04:20:00,414.0,414.0,414.0,414.0,16000
2026-04-28 04:25:00,414.0,414.0,414.0,414.0,12000
2026-04-28 04:30:00,414.0,414.0,412.0,414.0,30600
2026-04-28 04:35:00,412.0,414.0,412.0,414.0,15700
2026-04-28 04:40:00,412.0,414.0,412.0,412.0,70500
2026-04-28 04:45:00,414.0,414.0,412.0,414.0,40300
2026-04-28 04:50:00,412.0,414.0,412.0,414.0,40700
2026-04-28 04:55:00,412.0,412.0,412.0,412.0,31900
2026-04-28 06:30:00,412.0,414.0,412.0,414.0,1409300
2026-04-28 06:35:00,412.0,414.0,412.0,412.0,125100
2026-04-28 06:40:00,410.0,412.0,408.0,412.0,5144900
2026-04-28 06:45:00,410.0,410.0,408.0,410.0,1093400
2026-04-28 06:50:00,410.0,410.0,408.0,408.0,33800
2026-04-28 06:55:00,410.0,410.0,408.0,410.0,182800
2026-04-28 07:00:00,410.0,410.0,408.0,410.0,133300
2026-04-28 07:05:00,406.0,410.0,404.0,410.0,5498700
2026-04-28 07:10:00,406.0,406.0,404.0,406.0,900900
2026-04-28 07:15:00,404.0,408.0,404.0,406.0,1436100
2026-04-28 07:20:00,406.0,406.0,404.0,404.0,447500
2026-04-28 07:25:00,404.0,406.0,404.0,404.0,41300
2026-04-28 07:30:00,402.0,404.0,402.0,404.0,4096000
2026-04-28 07:35:00,400.0,404.0,398.0,402.0,4251200
2026-04-28 07:40:00,404.0,404.0,398.0,400.0,4619800
2026-04-28 07:45:00,404.0,404.0,402.0,404.0,9900
2026-04-28 07:50:00,404.0,404.0,402.0,404.0,118500
2026-04-28 07:55:00,406.0,406.0,402.0,404.0,753800
2026-04-28 08:00:00,404.0,404.0,402.0,404.0,234200
2026-04-28 08:05:00,406.0,406.0,402.0,404.0,1411300
2026-04-28 08:10:00,404.0,406.0,404.0,406.0,610000
2026-04-28 08:15:00,404.0,406.0,404.0,406.0,35800
2026-04-28 08:20:00,404.0,406.0,404.0,404.0,652800
2026-04-28 08:25:00,406.0,406.0,404.0,404.0,605800
2026-04-28 08:30:00,404.0,406.0,404.0,406.0,876800
2026-04-28 08:35:00,406.0,406.0,404.0,404.0,1974100
2026-04-28 08:40:00,404.0,406.0,404.0,406.0,208000
2026-04-28 08:45:00,406.0,406.0,404.0,404.0,1423500
2026-04-28 09:00:00,416.0,416.0,416.0,416.0,14016300
2026-04-28 09:05:00,416.0,416.0,416.0,416.0,157400
2026-04-28 09:10:00,416.0,416.0,416.0,416.0,147300
2026-04-29 02:00:00,410.0,414.0,408.0,414.0,0
2026-04-29 02:05:00,408.0,412.0,408.0,412.0,80700
2026-04-29 02:10:00,408.0,410.0,408.0,410.0,59600
2026-04-29 02:15:00,410.0,410.0,408.0,408.0,7500
2026-04-29 02:20:00,410.0,410.0,408.0,408.0,38500
2026-04-29 02:25:00,410.0,410.0,408.0,410.0,16800
2026-04-29 02:30:00,410.0,410.0,408.0,408.0,635100
2026-04-29 02:35:00,410.0,410.0,410.0,410.0,179100
2026-04-29 02:40:00,408.0,410.0,408.0,408.0,135600
2026-04-29 02:45:00,410.0,410.0,408.0,408.0,3800
2026-04-29 02:50:00,408.0,408.0,408.0,408.0,2800
2026-04-29 02:55:00,408.0,410.0,408.0,408.0,683700
2026-04-29 03:00:00,408.0,410.0,408.0,408.0,489900
2026-04-29 03:05:00,410.0,410.0,408.0,410.0,582400
2026-04-29 03:10:00,408.0,410.0,408.0,408.0,366500
2026-04-29 03:15:00,406.0,408.0,406.0,408.0,1826900
2026-04-29 03:20:00,406.0,408.0,406.0,408.0,82300
2026-04-29 03:25:00,406.0,408.0,406.0,406.0,10700
2026-04-29 03:30:00,406.0,408.0,406.0,406.0,616600
2026-04-29 03:35:00,406.0,408.0,406.0,406.0,82200
2026-04-29 03:40:00,406.0,408.0,406.0,408.0,138000
2026-04-29 03:45:00,406.0,408.0,406.0,406.0,40500
2026-04-29 03:50:00,406.0,408.0,404.0,408.0,749400
2026-04-29 03:55:00,404.0,406.0,404.0,406.0,226800
2026-04-29 04:00:00,406.0,406.0,404.0,404.0,69400
2026-04-29 04:05:00,404.0,406.0,404.0,404.0,1133000
2026-04-29 04:10:00,404.0,406.0,404.0,404.0,1542800
2026-04-29 04:15:00,404.0,406.0,404.0,404.0,749000
2026-04-29 04:20:00,404.0,406.0,404.0,404.0,54000
2026-04-29 04:25:00,404.0,406.0,404.0,404.0,525700
2026-04-29 04:30:00,404.0,406.0,404.0,406.0,348600
2026-04-29 04:35:00,404.0,406.0,402.0,406.0,1937200
2026-04-29 04:40:00,404.0,404.0,402.0,404.0,100900
2026-04-29 04:45:00,402.0,404.0,402.0,404.0,12800
2026-04-29 04:50:00,404.0,404.0,402.0,402.0,167400
2026-04-29 04:55:00,402.0,404.0,402.0,404.0,1176800
2026-04-29 06:30:00,404.0,404.0,402.0,404.0,2411000
2026-04-29 06:35:00,402.0,404.0,402.0,404.0,1598200
2026-04-29 06:40:00,402.0,402.0,402.0,402.0,62300
2026-04-29 06:45:00,402.0,404.0,402.0,402.0,79700
2026-04-29 06:50:00,402.0,404.0,402.0,402.0,86400
2026-04-29 06:55:00,402.0,404.0,402.0,404.0,46800
2026-04-29 07:00:00,402.0,404.0,402.0,402.0,189000
2026-04-29 07:05:00,402.0,404.0,402.0,402.0,98800
2026-04-29 07:10:00,402.0,404.0,402.0,402.0,131100
2026-04-29 07:15:00,402.0,404.0,402.0,402.0,121800
2026-04-29 07:20:00,402.0,404.0,402.0,402.0,622200
2026-04-29 07:25:00,404.0,404.0,402.0,404.0,1075400
2026-04-29 07:30:00,402.0,404.0,402.0,404.0,56000
2026-04-29 07:35:00,402.0,404.0,402.0,402.0,850200
2026-04-29 07:40:00,404.0,404.0,402.0,404.0,49400
2026-04-29 07:45:00,402.0,404.0,402.0,402.0,287500
2026-04-29 07:50:00,402.0,404.0,402.0,404.0,210300
2026-04-29 07:55:00,402.0,404.0,402.0,404.0,77900
2026-04-29 08:00:00,402.0,404.0,402.0,402.0,112100
2026-04-29 08:05:00,406.0,408.0,402.0,404.0,5926200
2026-04-29 08:10:00,406.0,406.0,404.0,406.0,3217000
2026-04-29 08:15:00,406.0,406.0,404.0,404.0,519500
2026-04-29 08:20:00,406.0,406.0,404.0,406.0,0
2026-04-29 08:25:00,402.0,406.0,402.0,406.0,2536200
2026-04-29 08:30:00,402.0,404.0,402.0,402.0,275400
2026-04-29 08:35:00,404.0,404.0,402.0,404.0,145700
2026-04-29 08:40:00,404.0,404.0,402.0,404.0,3174500
2026-04-29 08:45:00,404.0,404.0,402.0,402.0,846700
2026-04-29 09:00:00,416.0,416.0,416.0,416.0,45846500
2026-04-29 09:10:00,416.0,416.0,416.0,416.0,219000
2026-04-30 02:00:00,410.0,412.0,406.0,412.0,0
2026-04-30 02:05:00,408.0,410.0,408.0,410.0,535700
2026-04-30 02:10:00,408.0,410.0,408.0,408.0,69900
2026-04-30 02:15:00,408.0,410.0,408.0,408.0,16200
2026-04-30 02:20:00,406.0,410.0,406.0,410.0,1563300
2026-04-30 02:25:00,406.0,410.0,406.0,408.0,1051700
2026-04-30 02:30:00,408.0,408.0,404.0,408.0,2919900
2026-04-30 02:35:00,404.0,408.0,404.0,408.0,618800
2026-04-30 02:40:00,406.0,406.0,404.0,404.0,51400
2026-04-30 02:45:00,404.0,406.0,404.0,404.0,56000
2026-04-30 02:50:00,406.0,406.0,404.0,406.0,86600
2026-04-30 02:55:00,404.0,406.0,404.0,406.0,158500
2026-04-30 03:00:00,406.0,406.0,404.0,404.0,173400
2026-04-30 03:05:00,406.0,406.0,404.0,406.0,160800
2026-04-30 03:10:00,406.0,406.0,404.0,404.0,32000
2026-04-30 03:15:00,404.0,406.0,404.0,406.0,1757800
2026-04-30 03:20:00,404.0,406.0,404.0,404.0,1161700
2026-04-30 03:25:00,404.0,406.0,404.0,406.0,1287100
2026-04-30 03:30:00,404.0,406.0,402.0,404.0,2723100
2026-04-30 03:35:00,404.0,406.0,402.0,406.0,1328700
2026-04-30 03:40:00,404.0,406.0,404.0,404.0,180200
2026-04-30 03:45:00,404.0,406.0,402.0,406.0,0
2026-04-30 03:50:00,404.0,406.0,402.0,406.0,17892600
2026-04-30 03:55:00,406.0,406.0,404.0,404.0,92500
2026-04-30 04:00:00,404.0,406.0,402.0,406.0,487000
2026-04-30 04:05:00,406.0,406.0,404.0,406.0,71600
2026-04-30 04:10:00,406.0,406.0,404.0,404.0,132200
2026-04-30 04:15:00,406.0,406.0,404.0,404.0,284800
2026-04-30 04:20:00,404.0,406.0,402.0,406.0,209700
2026-04-30 04:25:00,408.0,408.0,402.0,402.0,1891100
2026-04-30 04:30:00,414.0,414.0,408.0,408.0,8279400
2026-04-30 04:35:00,412.0,414.0,408.0,412.0,7160300
2026-04-30 04:40:00,412.0,412.0,408.0,410.0,2650600
2026-04-30 04:45:00,414.0,414.0,410.0,412.0,2292900
2026-04-30 04:50:00,410.0,412.0,410.0,412.0,2803400
2026-04-30 04:55:00,410.0,412.0,410.0,410.0,1531600
2026-04-30 06:30:00,410.0,414.0,410.0,410.0,5435500
2026-04-30 06:35:00,410.0,410.0,408.0,410.0,1337800
2026-04-30 06:40:00,408.0,410.0,406.0,410.0,1514700
2026-04-30 06:45:00,408.0,408.0,406.0,406.0,559600
2026-04-30 06:50:00,406.0,408.0,404.0,408.0,1777200
2026-04-30 06:55:00,408.0,408.0,404.0,404.0,1627900
2026-04-30 07:00:00,406.0,408.0,406.0,408.0,1810100
2026-04-30 07:05:00,408.0,408.0,404.0,406.0,1983800
2026-04-30 07:10:00,406.0,408.0,404.0,406.0,634900
2026-04-30 07:15:00,406.0,406.0,404.0,406.0,301600
2026-04-30 07:20:00,408.0,408.0,406.0,406.0,928500
2026-04-30 07:25:00,410.0,412.0,408.0,408.0,4903400
2026-04-30 07:30:00,412.0,412.0,410.0,410.0,687900
2026-04-30 07:35:00,412.0,414.0,410.0,412.0,2164800
2026-04-30 07:40:00,412.0,412.0,410.0,412.0,36000
2026-04-30 07:45:00,412.0,412.0,410.0,410.0,390900
2026-04-30 07:50:00,412.0,412.0,410.0,412.0,1034700
2026-04-30 07:55:00,412.0,412.0,410.0,412.0,585400
2026-04-30 08:00:00,410.0,412.0,410.0,412.0,1011900
2026-04-30 08:05:00,412.0,412.0,410.0,412.0,162500
2026-04-30 08:10:00,410.0,410.0,408.0,410.0,1069600
2026-04-30 08:15:00,412.0,412.0,410.0,410.0,1264100
2026-04-30 08:20:00,410.0,412.0,408.0,412.0,1446800
2026-04-30 08:25:00,408.0,410.0,408.0,408.0,1191000
2026-04-30 08:30:00,410.0,410.0,408.0,410.0,823800
2026-04-30 08:35:00,410.0,412.0,408.0,410.0,1728000
2026-04-30 08:40:00,408.0,410.0,408.0,408.0,343600
2026-04-30 08:45:00,410.0,412.0,408.0,408.0,1247900
2026-04-30 09:00:00,410.0,410.0,410.0,410.0,1816700
2026-04-30 09:05:00,410.0,410.0,410.0,410.0,252100
