Datetime,Open,High,Low,Close,Volume
2026-02-03 09:00:00,8375.0,8400.0,8300.0,8325.0,0
2026-02-03 09:05:00,8300.0,8350.0,8225.0,8225.0,404000
2026-02-03 09:10:00,8225.0,8275.0,8225.0,8250.0,124800
2026-02-03 09:15:00,8250.0,8325.0,8250.0,8300.0,151500
2026-02-03 09:20:00,8325.0,8375.0,8300.0,8375.0,367300
2026-02-03 09:25:00,8375.0,8400.0,8325.0,8400.0,365000
2026-02-03 09:30:00,8400.0,8525.0,8375.0,8500.0,2314600
2026-02-03 09:35:00,8500.0,8525.0,8475.0,8475.0,300300
2026-02-03 09:40:00,8475.0,8500.0,8475.0,8475.0,299800
2026-02-03 09:45:00,8500.0,8550.0,8475.0,8525.0,755200
2026-02-03 09:50:00,8525.0,8550.0,8500.0,8500.0,298900
2026-02-03 09:55:00,8525.0,8525.0,8475.0,8475.0,52900
2026-02-03 10:00:00,8475.0,8500.0,8475.0,8475.0,67900
2026-02-03 10:05:00,8475.0,8500.0,8475.0,8475.0,390000
2026-02-03 10:10:00,8500.0,8500.0,8425.0,8450.0,809100
2026-02-03 10:15:00,8475.0,8500.0,8450.0,8475.0,188900
2026-02-03 10:20:00,8475.0,8500.0,8475.0,8500.0,119100
2026-02-03 10:25:00,8500.0,8500.0,8475.0,8475.0,98000
2026-02-03 10:30:00,8475.0,8500.0,8475.0,8475.0,444200
2026-02-03 10:35:00,8475.0,8500.0,8475.0,8475.0,77300
2026-02-03 10:40:00,8475.0,8500.0,8475.0,8500.0,51200
2026-02-03 10:45:00,8475.0,8500.0,8475.0,8500.0,50100
2026-02-03 10:50:00,8500.0,8500.0,8475.0,8475.0,47800
2026-02-03 10:55:00,8475.0,8500.0,8475.0,8475.0,201900
2026-02-03 11:00:00,8475.0,8500.0,8475.0,8500.0,37700
2026-02-03 11:05:00,8500.0,8500.0,8475.0,8475.0,216700
2026-02-03 11:10:00,8475.0,8500.0,8475.0,8500.0,18000
2026-02-03 11:15:00,8475.0,8500.0,8475.0,8475.0,116700
2026-02-03 11:20:00,8475.0,8500.0,8475.0,8500.0,159000
2026-02-03 11:25:00,8475.0,8500.0,8475.0,8475.0,38300
2026-02-03 11:30:00,8500.0,8500.0,8475.0,8500.0,96000
2026-02-03 11:35:00,8500.0,8500.0,8475.0,8500.0,258500
2026-02-03 11:40:00,8500.0,8500.0,8475.0,8500.0,65700
2026-02-03 11:45:00,8475.0,8500.0,8475.0,8500.0,168800
2026-02-03 11:50:00,8500.0,8525.0,8475.0,8500.0,142000
2026-02-03 11:55:00,8500.0,8525.0,8475.0,8475.0,89400
2026-02-03 13:30:00,8500.0,8525.0,8475.0,8500.0,366600
2026-02-03 13:35:00,8500.0,8550.0,8500.0,8525.0,434000
2026-02-03 13:40:00,8550.0,8550.0,8525.0,8525.0,455000
2026-02-03 13:45:00,8550.0,8550.0,8525.0,8550.0,54400
2026-02-03 13:50:00,8550.0,8550.0,8525.0,8550.0,79900
2026-02-03 13:55:00,8550.0,8550.0,8525.0,8525.0,135300
2026-02-03 14:00:00,8525.0,8550.0,8500.0,8550.0,461400
2026-02-03 14:05:00,8525.0,8550.0,8525.0,8550.0,46900
2026-02-03 14:10:00,8550.0,8550.0,8525.0,8550.0,175900
2026-02-03 14:15:00,8550.0,8550.0,8525.0,8550.0,114200
2026-02-03 14:20:00,8550.0,8550.0,8525.0,8550.0,145300
2026-02-03 14:25:00,8550.0,8550.0,8525.0,8525.0,122000
2026-02-03 14:30:00,8550.0,8550.0,8525.0,8550.0,169100
2026-02-03 14:35:00,8550.0,8550.0,8525.0,8550.0,83800
2026-02-03 14:40:00,8550.0,8550.0,8500.0,8525.0,1008700
2026-02-03 14:45:00,8525.0,8550.0,8500.0,8525.0,26000
2026-02-03 14:50:00,8550.0,8550.0,8525.0,8550.0,102200
2026-02-03 14:55:00,8550.0,8550.0,8525.0,8550.0,73300
2026-02-03 15:00:00,8525.0,8550.0,8525.0,8550.0,136900
2026-02-03 15:05:00,8525.0,8575.0,8525.0,8550.0,560800
2026-02-03 15:10:00,8550.0,8575.0,8525.0,8525.0,232500
2026-02-03 15:15:00,8550.0,8550.0,8525.0,8550.0,102100
2026-02-03 15:20:00,8550.0,8575.0,8525.0,8550.0,143200
2026-02-03 15:25:00,8575.0,8575.0,8550.0,8575.0,121000
2026-02-03 15:30:00,8550.0,8575.0,8550.0,8575.0,392600
2026-02-03 15:35:00,8550.0,8600.0,8550.0,8600.0,371600
2026-02-03 15:40:00,8600.0,8600.0,8550.0,8600.0,467000
2026-02-03 15:45:00,8600.0,8600.0,8550.0,8575.0,263900
2026-02-03 16:00:00,8575.0,8575.0,8575.0,8575.0,1006600
2026-02-03 16:05:00,8575.0,8575.0,8575.0,8575.0,41700
2026-02-03 16:10:00,8575.0,8575.0,8575.0,8575.0,0
2026-02-04 09:00:00,8550.0,8575.0,8475.0,8500.0,0
2026-02-04 09:05:00,8500.0,8500.0,8475.0,8500.0,164900
2026-02-04 09:10:00,8525.0,8525.0,8500.0,8525.0,110600
2026-02-04 09:15:00,8500.0,8525.0,8475.0,8500.0,403800
2026-02-04 09:20:00,8500.0,8500.0,8450.0,8450.0,151900
2026-02-04 09:25:00,8475.0,8475.0,8400.0,8425.0,593900
2026-02-04 09:30:00,8400.0,8450.0,8400.0,8425.0,124900
2026-02-04 09:35:00,8425.0,8450.0,8350.0,8375.0,550500
2026-02-04 09:40:00,8400.0,8400.0,8375.0,8400.0,79600
2026-02-04 09:45:00,8400.0,8400.0,8350.0,8375.0,191400
2026-02-04 09:50:00,8350.0,8400.0,8325.0,8375.0,343600
2026-02-04 09:55:00,8375.0,8375.0,8350.0,8350.0,3200
2026-02-04 10:00:00,8350.0,8375.0,8325.0,8350.0,300800
2026-02-04 10:05:00,8350.0,8400.0,8350.0,8375.0,117100
2026-02-04 10:10:00,8375.0,8400.0,8350.0,8375.0,63200
2026-02-04 10:15:00,8375.0,8400.0,8375.0,8375.0,28400
2026-02-04 10:20:00,8400.0,8400.0,8375.0,8375.0,245100
2026-02-04 10:25:00,8375.0,8375.0,8350.0,8375.0,100100
2026-02-04 10:30:00,8350.0,8375.0,8350.0,8375.0,31500
2026-02-04 10:35:00,8375.0,8375.0,8350.0,8350.0,18600
2026-02-04 10:40:00,8350.0,8400.0,8350.0,8375.0,188800
2026-02-04 10:45:00,8375.0,8400.0,8350.0,8375.0,131600
2026-02-04 10:50:00,8375.0,8375.0,8350.0,8350.0,24000
2026-02-04 10:55:00,8350.0,8375.0,8350.0,8350.0,20700
2026-02-04 11:00:00,8350.0,8375.0,8325.0,8325.0,344500
2026-02-04 11:05:00,8350.0,8350.0,8325.0,8325.0,33000
2026-02-04 11:10:00,8325.0,8350.0,8325.0,8325.0,17100
2026-02-04 11:15:00,8325.0,8350.0,8325.0,8350.0,50200
2026-02-04 11:20:00,8350.0,8350.0,8325.0,8350.0,128500
2026-02-04 11:25:00,8325.0,8375.0,8325.0,8350.0,55600
2026-02-04 11:30:00,8375.0,8375.0,8350.0,8350.0,41900
2026-02-04 11:35:00,8350.0,8375.0,8350.0,8375.0,27500
2026-02-04 11:40:00,8375.0,8375.0,8350.0,8350.0,17200
2026-02-04 11:45:00,8350.0,8375.0,8350.0,8375.0,11600
2026-02-04 11:50:00,8350.0,8375.0,8350.0,8350.0,67600
2026-02-04 11:55:00,8350.0,8375.0,8350.0,8350.0,44900
2026-02-04 13:30:00,8375.0,8375.0,8350.0,8350.0,45000
2026-02-04 13:35:00,8350.0,8375.0,8350.0,8375.0,16000
2026-02-04 13:40:00,8375.0,8375.0,8350.0,8375.0,30600
2026-02-04 13:45:00,8375.0,8375.0,8325.0,8350.0,295200
2026-02-04 13:50:00,8325.0,8350.0,8325.0,8350.0,33200
2026-02-04 13:55:00,8350.0,8375.0,8325.0,8350.0,27900
2026-02-04 14:00:00,8350.0,8375.0,8350.0,8350.0,17000
2026-02-04 14:05:00,8375.0,8375.0,8350.0,8350.0,14200
2026-02-04 14:10:00,8350.0,8375.0,8350.0,8375.0,18400
2026-02-04 14:15:00,8350.0,8375.0,8350.0,8375.0,52100
2026-02-04 14:20:00,8350.0,8400.0,8350.0,8350.0,425900
2026-02-04 14:25:00,8350.0,8375.0,8350.0,8350.0,54700
2026-02-04 14:30:00,8350.0,8375.0,8350.0,8350.0,198200
2026-02-04 14:35:00,8350.0,8400.0,8350.0,8375.0,44700
2026-02-04 14:40:00,8400.0,8400.0,8375.0,8375.0,15800
2026-02-04 14:45:00,8400.0,8400.0,8375.0,8375.0,27200
2026-02-04 14:50:00,8375.0,8400.0,8375.0,8400.0,76000
2026-02-04 14:55:00,8400.0,8425.0,8375.0,8375.0,415900
2026-02-04 15:00:00,8375.0,8400.0,8375.0,8375.0,97900
2026-02-04 15:05:00,8375.0,8400.0,8375.0,8375.0,9200
2026-02-04 15:10:00,8375.0,8375.0,8350.0,8350.0,173000
2026-02-04 15:15:00,8375.0,8375.0,8350.0,8350.0,51300
2026-02-04 15:20:00,8350.0,8375.0,8350.0,8350.0,74200
2026-02-04 15:25:00,8375.0,8375.0,8325.0,8325.0,311000
2026-02-04 15:30:00,8325.0,8375.0,8325.0,8375.0,287500
2026-02-04 15:35:00,8350.0,8375.0,8325.0,8350.0,72900
2026-02-04 15:40:00,8325.0,8375.0,8325.0,8375.0,260600
2026-02-04 15:45:00,8350.0,8375.0,8325.0,8325.0,578600
2026-02-04 16:00:00,8300.0,8300.0,8300.0,8300.0,834900
2026-02-04 16:05:00,8300.0,8300.0,8300.0,8300.0,23500
2026-02-04 16:10:00,8300.0,8300.0,8300.0,8300.0,205300
2026-02-05 09:00:00,8300.0,8325.0,8300.0,8300.0,0
2026-02-05 09:05:00,8300.0,8325.0,8300.0,8300.0,89900
2026-02-05 09:10:00,8325.0,8325.0,8300.0,8325.0,138800
2026-02-05 09:15:00,8325.0,8375.0,8300.0,8375.0,99200
2026-02-05 09:20:00,8375.0,8375.0,8325.0,8350.0,91500
2026-02-05 09:25:00,8350.0,8375.0,8325.0,8375.0,205600
2026-02-05 09:30:00,8375.0,8375.0,8350.0,8350.0,32700
2026-02-05 09:35:00,8375.0,8375.0,8325.0,8325.0,41500
2026-02-05 09:40:00,8350.0,8350.0,8325.0,8350.0,97600
2026-02-05 09:45:00,8350.0,8375.0,8350.0,8375.0,32200
2026-02-05 09:50:00,8375.0,8375.0,8325.0,8325.0,62900
2026-02-05 09:55:00,8325.0,8350.0,8325.0,8350.0,18200
2026-02-05 10:00:00,8325.0,8375.0,8325.0,8375.0,73900
2026-02-05 10:05:00,8350.0,8375.0,8350.0,8375.0,34000
2026-02-05 10:10:00,8375.0,8400.0,8350.0,8375.0,124300
2026-02-05 10:15:00,8375.0,8400.0,8350.0,8350.0,55700
2026-02-05 10:20:00,8375.0,8375.0,8350.0,8375.0,43800
2026-02-05 10:25:00,8375.0,8400.0,8350.0,8375.0,43300
2026-02-05 10:30:00,8400.0,8400.0,8375.0,8375.0,11400
2026-02-05 10:35:00,8375.0,8425.0,8375.0,8425.0,140200
2026-02-05 10:40:00,8425.0,8450.0,8400.0,8425.0,95900
2026-02-05 10:45:00,8425.0,8450.0,8400.0,8400.0,108900
2026-02-05 10:50:00,8400.0,8425.0,8400.0,8400.0,85800
2026-02-05 10:55:00,8400.0,8425.0,8400.0,8400.0,19100
2026-02-05 11:00:00,8400.0,8450.0,8400.0,8450.0,71400
2026-02-05 11:05:00,8425.0,8450.0,8425.0,8425.0,30700
2026-02-05 11:10:00,8425.0,8450.0,8425.0,8425.0,66400
2026-02-05 11:15:00,8425.0,8450.0,8425.0,8425.0,41200
2026-02-05 11:20:00,8425.0,8450.0,8425.0,8425.0,54300
2026-02-05 11:25:00,8425.0,8425.0,8400.0,8400.0,116400
2026-02-05 11:30:00,8400.0,8450.0,8400.0,8425.0,38900
2026-02-05 11:35:00,8425.0,8450.0,8425.0,8425.0,134200
2026-02-05 11:40:00,8425.0,8450.0,8400.0,8400.0,83300
2026-02-05 11:45:00,8400.0,8425.0,8375.0,8425.0,135500
2026-02-05 11:50:00,8400.0,8425.0,8400.0,8400.0,10200
2026-02-05 11:55:00,8425.0,8450.0,8400.0,8450.0,51300
2026-02-05 13:30:00,8450.0,8500.0,8400.0,8400.0,762900
2026-02-05 13:35:00,8400.0,8425.0,8400.0,8400.0,48500
2026-02-05 13:40:00,8400.0,8475.0,8400.0,8425.0,230500
2026-02-05 13:45:00,8450.0,8450.0,8400.0,8425.0,301100
2026-02-05 13:50:00,8450.0,8450.0,8425.0,8450.0,21000
2026-02-05 13:55:00,8450.0,8475.0,8425.0,8425.0,92300
2026-02-05 14:00:00,8425.0,8450.0,8425.0,8425.0,45000
2026-02-05 14:05:00,8450.0,8450.0,8400.0,8400.0,72900
2026-02-05 14:10:00,8400.0,8425.0,8400.0,8400.0,116900
2026-02-05 14:15:00,8400.0,8400.0,8375.0,8375.0,253600
2026-02-05 14:20:00,8375.0,8375.0,8375.0,8375.0,12800
2026-02-05 14:25:00,8375.0,8400.0,8375.0,8375.0,20300
2026-02-05 14:30:00,8375.0,8425.0,8375.0,8425.0,42900
2026-02-05 14:35:00,8400.0,8425.0,8400.0,8425.0,114200
2026-02-05 14:40:00,8400.0,8425.0,8400.0,8400.0,137200
2026-02-05 14:45:00,8400.0,8425.0,8375.0,8400.0,99200
2026-02-05 14:50:00,8375.0,8400.0,8375.0,8375.0,28700
2026-02-05 14:55:00,8375.0,8400.0,8375.0,8375.0,53300
2026-02-05 15:00:00,8400.0,8425.0,8400.0,8400.0,68100
2026-02-05 15:05:00,8400.0,8425.0,8375.0,8375.0,134400
2026-02-05 15:10:00,8375.0,8400.0,8375.0,8375.0,99400
2026-02-05 15:15:00,8375.0,8400.0,8375.0,8375.0,132800
2026-02-05 15:20:00,8375.0,8375.0,8350.0,8350.0,218900
2026-02-05 15:25:00,8350.0,8375.0,8350.0,8350.0,75800
2026-02-05 15:30:00,8375.0,8375.0,8350.0,8375.0,91400
2026-02-05 15:35:00,8375.0,8375.0,8350.0,8350.0,91800
2026-02-05 15:40:00,8350.0,8375.0,8325.0,8325.0,211800
2026-02-05 15:45:00,8325.0,8375.0,8325.0,8350.0,218900
2026-02-05 16:00:00,8300.0,8300.0,8300.0,8300.0,712000
2026-02-05 16:05:00,8300.0,8300.0,8300.0,8300.0,11300
2026-02-05 16:10:00,8300.0,8300.0,8300.0,8300.0,130100
2026-02-06 09:00:00,8250.0,8275.0,8125.0,8175.0,0
2026-02-06 09:05:00,8175.0,8225.0,8175.0,8200.0,119000
2026-02-06 09:10:00,8200.0,8225.0,8175.0,8225.0,137100
2026-02-06 09:15:00,8200.0,8225.0,8175.0,8175.0,100000
2026-02-06 09:20:00,8175.0,8225.0,8175.0,8200.0,322900
2026-02-06 09:25:00,8175.0,8225.0,8175.0,8200.0,257300
2026-02-06 09:30:00,8200.0,8225.0,8175.0,8175.0,61600
2026-02-06 09:35:00,8175.0,8200.0,8175.0,8200.0,12000
2026-02-06 09:40:00,8175.0,8200.0,8175.0,8175.0,15700
2026-02-06 09:45:00,8200.0,8200.0,8175.0,8175.0,203600
2026-02-06 09:50:00,8175.0,8175.0,8150.0,8150.0,175300
2026-02-06 09:55:00,8150.0,8175.0,8125.0,8125.0,586200
2026-02-06 10:00:00,8150.0,8150.0,8100.0,8150.0,410600
2026-02-06 10:05:00,8125.0,8150.0,8125.0,8125.0,61700
2026-02-06 10:10:00,8125.0,8150.0,8125.0,8125.0,22400
2026-02-06 10:15:00,8125.0,8150.0,8125.0,8150.0,100200
2026-02-06 10:20:00,8150.0,8175.0,8125.0,8125.0,58200
2026-02-06 10:25:00,8150.0,8150.0,8100.0,8100.0,279100
2026-02-06 10:30:00,8100.0,8125.0,8100.0,8100.0,94100
2026-02-06 10:35:00,8100.0,8125.0,8100.0,8100.0,124400
2026-02-06 10:40:00,8100.0,8125.0,8100.0,8100.0,34800
2026-02-06 10:45:00,8125.0,8125.0,8100.0,8100.0,55100
2026-02-06 10:50:00,8100.0,8100.0,8050.0,8050.0,591200
2026-02-06 10:55:00,8075.0,8100.0,8050.0,8100.0,77400
2026-02-06 11:00:00,8100.0,8100.0,8075.0,8075.0,38600
2026-02-06 11:05:00,8100.0,8125.0,8075.0,8100.0,116800
2026-02-06 11:10:00,8100.0,8125.0,8100.0,8125.0,42300
2026-02-06 11:15:00,8100.0,8125.0,8075.0,8100.0,65800
2026-02-06 11:20:00,8075.0,8100.0,8075.0,8075.0,21500
2026-02-06 11:25:00,8075.0,8100.0,8075.0,8100.0,20900
2026-02-06 14:00:00,8100.0,8125.0,8075.0,8075.0,421400
2026-02-06 14:05:00,8075.0,8125.0,8075.0,8100.0,150600
2026-02-06 14:10:00,8100.0,8125.0,8100.0,8100.0,28100
2026-02-06 14:15:00,8100.0,8125.0,8075.0,8100.0,75400
2026-02-06 14:20:00,8100.0,8125.0,8075.0,8100.0,41200
2026-02-06 14:25:00,8100.0,8100.0,8075.0,8075.0,67500
2026-02-06 14:30:00,8100.0,8100.0,8100.0,8100.0,0
2026-02-06 14:35:00,8100.0,8125.0,8075.0,8100.0,49000
2026-02-06 14:40:00,8075.0,8100.0,8075.0,8100.0,9200
2026-02-06 14:45:00,8100.0,8100.0,8100.0,8100.0,1500
2026-02-06 14:50:00,8075.0,8100.0,8075.0,8100.0,115700
2026-02-06 14:55:00,8075.0,8100.0,8075.0,8075.0,44400
2026-02-06 15:00:00,8100.0,8100.0,8075.0,8075.0,162200
2026-02-06 15:05:00,8100.0,8100.0,8075.0,8075.0,56600
2026-02-06 15:10:00,8075.0,8100.0,8050.0,8050.0,417600
2026-02-06 15:15:00,8075.0,8075.0,8050.0,8050.0,27300
2026-02-06 15:20:00,8050.0,8075.0,8050.0,8050.0,18800
2026-02-06 15:25:00,8075.0,8075.0,8050.0,8050.0,100200
2026-02-06 15:30:00,8075.0,8075.0,8050.0,8050.0,164800
2026-02-06 15:35:00,8050.0,8075.0,8025.0,8050.0,530500
2026-02-06 15:40:00,8050.0,8050.0,8000.0,8000.0,1209400
2026-02-06 15:45:00,8000.0,8025.0,8000.0,8000.0,234600
2026-02-06 16:00:00,8075.0,8075.0,8075.0,8075.0,955900
2026-02-06 16:05:00,8075.0,8075.0,8075.0,8075.0,67100
2026-02-06 16:10:00,8075.0,8075.0,8075.0,8075.0,7900
2026-02-09 09:00:00,8075.0,8075.0,7950.0,8000.0,0
2026-02-09 09:05:00,8025.0,8025.0,7975.0,7975.0,259800
2026-02-09 09:10:00,7975.0,8000.0,7925.0,7950.0,2145100
2026-02-09 09:15:00,7950.0,7950.0,7925.0,7925.0,81400
2026-02-09 09:20:00,7925.0,7950.0,7900.0,7925.0,754700
2026-02-09 09:25:00,7925.0,7950.0,7875.0,7950.0,1224900
2026-02-09 09:30:00,7950.0,8100.0,7950.0,8050.0,1437300
2026-02-09 09:35:00,8075.0,8075.0,8050.0,8075.0,23100
2026-02-09 09:40:00,8050.0,8100.0,8050.0,8100.0,187900
2026-02-09 09:45:00,8100.0,8125.0,8075.0,8125.0,710900
2026-02-09 09:50:00,8125.0,8125.0,8100.0,8125.0,27200
2026-02-09 09:55:00,8125.0,8125.0,8100.0,8125.0,24900
2026-02-09 10:00:00,8100.0,8125.0,8100.0,8100.0,20200
2026-02-09 10:05:00,8100.0,8125.0,8100.0,8125.0,215000
2026-02-09 10:10:00,8125.0,8125.0,8100.0,8125.0,99400
2026-02-09 10:15:00,8100.0,8125.0,8100.0,8125.0,78600
2026-02-09 10:20:00,8100.0,8125.0,8100.0,8125.0,46400
2026-02-09 10:25:00,8100.0,8125.0,8100.0,8100.0,37800
2026-02-09 10:30:00,8100.0,8125.0,8100.0,8100.0,20200
2026-02-09 10:35:00,8100.0,8175.0,8100.0,8150.0,747300
2026-02-09 10:40:00,8150.0,8150.0,8125.0,8125.0,49100
2026-02-09 10:45:00,8125.0,8125.0,8100.0,8125.0,10600
2026-02-09 10:50:00,8100.0,8125.0,8100.0,8100.0,15600
2026-02-09 10:55:00,8100.0,8125.0,8100.0,8100.0,8000
2026-02-09 11:00:00,8125.0,8125.0,8100.0,8125.0,12400
2026-02-09 11:05:00,8125.0,8125.0,8100.0,8125.0,22900
2026-02-09 11:10:00,8125.0,8125.0,8100.0,8125.0,41800
2026-02-09 11:15:00,8125.0,8125.0,8100.0,8125.0,36200
2026-02-09 11:20:00,8125.0,8150.0,8100.0,8150.0,228800
2026-02-09 11:25:00,8150.0,8150.0,8125.0,8150.0,21200
2026-02-09 11:30:00,8150.0,8150.0,8125.0,8150.0,56800
2026-02-09 11:35:00,8150.0,8150.0,8125.0,8150.0,1800
2026-02-09 11:40:00,8150.0,8150.0,8125.0,8150.0,1800
2026-02-09 11:45:00,8150.0,8150.0,8125.0,8150.0,20800
2026-02-09 11:50:00,8150.0,8150.0,8125.0,8150.0,17600
2026-02-09 11:55:00,8150.0,8150.0,8100.0,8125.0,235900
2026-02-09 13:30:00,8100.0,8150.0,8100.0,8125.0,151500
2026-02-09 13:35:00,8150.0,8150.0,8125.0,8125.0,224200
2026-02-09 13:40:00,8125.0,8125.0,8100.0,8125.0,17000
2026-02-09 13:45:00,8125.0,8125.0,8125.0,8125.0,13900
2026-02-09 13:50:00,8125.0,8125.0,8100.0,8125.0,30000
2026-02-09 13:55:00,8125.0,8125.0,8100.0,8125.0,14800
2026-02-09 14:00:00,8125.0,8125.0,8100.0,8125.0,51100
2026-02-09 14:05:00,8125.0,8125.0,8100.0,8125.0,16400
2026-02-09 14:10:00,8125.0,8125.0,8100.0,8125.0,20300
2026-02-09 14:15:00,8125.0,8125.0,8100.0,8125.0,56700
2026-02-09 14:20:00,8125.0,8150.0,8125.0,8150.0,350900
2026-02-09 14:25:00,8150.0,8150.0,8125.0,8150.0,14100
2026-02-09 14:30:00,8150.0,8150.0,8125.0,8125.0,124500
2026-02-09 14:35:00,8100.0,8125.0,8100.0,8100.0,221500
2026-02-09 14:40:00,8100.0,8125.0,8100.0,8100.0,41200
2026-02-09 14:45:00,8125.0,8125.0,8100.0,8100.0,31500
2026-02-09 14:50:00,8100.0,8125.0,8100.0,8100.0,9000
2026-02-09 14:55:00,8125.0,8125.0,8100.0,8125.0,57400
2026-02-09 15:00:00,8100.0,8125.0,8100.0,8125.0,11700
2026-02-09 15:05:00,8100.0,8125.0,8100.0,8100.0,168300
2026-02-09 15:10:00,8100.0,8125.0,8100.0,8100.0,72800
2026-02-09 15:15:00,8100.0,8125.0,8075.0,8075.0,111900
2026-02-09 15:20:00,8100.0,8100.0,8075.0,8075.0,14500
2026-02-09 15:25:00,8100.0,8100.0,8075.0,8100.0,31600
2026-02-09 15:30:00,8100.0,8100.0,8075.0,8075.0,43000
2026-02-09 15:35:00,8100.0,8100.0,8075.0,8075.0,56200
2026-02-09 15:40:00,8075.0,8100.0,8075.0,8075.0,108000
2026-02-09 15:45:00,8100.0,8100.0,8075.0,8100.0,470400
2026-02-09 16:00:00,8075.0,8075.0,8075.0,8075.0,436000
2026-02-09 16:05:00,8075.0,8075.0,8075.0,8075.0,4400
2026-02-09 16:10:00,8075.0,8075.0,8075.0,8075.0,100
2026-02-10 09:00:00,8125.0,8150.0,8100.0,8150.0,0
2026-02-10 09:05:00,8125.0,8150.0,8125.0,8125.0,9000
2026-02-10 09:10:00,8150.0,8150.0,8125.0,8150.0,9200
2026-02-10 09:15:00,8150.0,8150.0,8125.0,8125.0,13000
2026-02-10 09:20:00,8125.0,8150.0,8125.0,8125.0,48900
2026-02-10 09:25:00,8125.0,8150.0,8125.0,8125.0,27900
2026-02-10 09:30:00,8125.0,8150.0,8125.0,8150.0,85600
2026-02-10 09:35:00,8150.0,8150.0,8125.0,8125.0,134200
2026-02-10 09:40:00,8125.0,8150.0,8125.0,8150.0,12800
2026-02-10 09:45:00,8150.0,8150.0,8125.0,8125.0,17200
2026-02-10 09:50:00,8125.0,8150.0,8125.0,8125.0,10800
2026-02-10 09:55:00,8125.0,8150.0,8125.0,8150.0,5100
2026-02-10 10:00:00,8125.0,8150.0,8125.0,8150.0,11700
2026-02-10 10:05:00,8150.0,8150.0,8125.0,8125.0,40700
2026-02-10 10:10:00,8125.0,8150.0,8125.0,8150.0,19600
2026-02-10 10:15:00,8150.0,8175.0,8150.0,8175.0,308000
2026-02-10 10:20:00,8175.0,8200.0,8150.0,8175.0,158800
2026-02-10 10:25:00,8175.0,8200.0,8175.0,8175.0,205400
2026-02-10 10:30:00,8200.0,8200.0,8175.0,8175.0,9300
2026-02-10 10:35:00,8200.0,8200.0,8175.0,8175.0,59400
2026-02-10 10:40:00,8175.0,8175.0,8150.0,8150.0,117000
2026-02-10 10:45:00,8150.0,8175.0,8150.0,8175.0,46800
2026-02-10 10:50:00,8150.0,8175.0,8150.0,8150.0,7600
2026-02-10 10:55:00,8175.0,8175.0,8150.0,8150.0,12100
2026-02-10 11:00:00,8150.0,8175.0,8150.0,8150.0,18800
2026-02-10 11:05:00,8175.0,8175.0,8150.0,8150.0,50400
2026-02-10 11:10:00,8150.0,8175.0,8150.0,8175.0,27400
2026-02-10 11:15:00,8150.0,8175.0,8150.0,8150.0,21800
2026-02-10 11:20:00,8150.0,8175.0,8150.0,8150.0,40600
2026-02-10 11:25:00,8175.0,8175.0,8150.0,8150.0,93000
2026-02-10 11:30:00,8150.0,8150.0,8150.0,8150.0,16500
2026-02-10 11:35:00,8150.0,8175.0,8150.0,8150.0,13900
2026-02-10 11:40:00,8150.0,8175.0,8150.0,8150.0,46600
2026-02-10 11:45:00,8175.0,8175.0,8150.0,8150.0,19500
2026-02-10 11:50:00,8175.0,8175.0,8150.0,8150.0,9400
2026-02-10 11:55:00,8175.0,8175.0,8150.0,8150.0,32500
2026-02-10 13:30:00,8150.0,8175.0,8150.0,8150.0,56200
2026-02-10 13:35:00,8150.0,8175.0,8150.0,8150.0,18300
2026-02-10 13:40:00,8150.0,8175.0,8150.0,8150.0,19000
2026-02-10 13:45:00,8150.0,8175.0,8150.0,8150.0,27900
2026-02-10 13:50:00,8150.0,8175.0,8150.0,8150.0,16300
2026-02-10 13:55:00,8150.0,8175.0,8150.0,8150.0,15900
2026-02-10 14:00:00,8150.0,8175.0,8150.0,8150.0,56200
2026-02-10 14:05:00,8150.0,8175.0,8150.0,8150.0,31200
2026-02-10 14:10:00,8150.0,8175.0,8150.0,8150.0,19500
2026-02-10 14:15:00,8150.0,8175.0,8150.0,8150.0,29700
2026-02-10 14:20:00,8150.0,8175.0,8150.0,8150.0,31900
2026-02-10 14:25:00,8150.0,8175.0,8150.0,8150.0,72300
2026-02-10 14:30:00,8150.0,8200.0,8150.0,8175.0,163900
2026-02-10 14:35:00,8200.0,8200.0,8175.0,8175.0,29800
2026-02-10 14:40:00,8200.0,8200.0,8175.0,8175.0,225100
2026-02-10 14:45:00,8175.0,8200.0,8175.0,8175.0,23700
2026-02-10 14:50:00,8175.0,8200.0,8175.0,8200.0,43900
2026-02-10 14:55:00,8175.0,8200.0,8175.0,8175.0,47800
2026-02-10 15:00:00,8175.0,8200.0,8175.0,8175.0,89100
2026-02-10 15:05:00,8150.0,8200.0,8150.0,8175.0,104000
2026-02-10 15:10:00,8175.0,8175.0,8150.0,8150.0,28300
2026-02-10 15:15:00,8150.0,8200.0,8150.0,8175.0,42100
2026-02-10 15:20:00,8175.0,8200.0,8150.0,8150.0,20400
2026-02-10 15:25:00,8175.0,8175.0,8150.0,8175.0,17900
2026-02-10 15:30:00,8150.0,8175.0,8150.0,8150.0,37900
2026-02-10 15:35:00,8150.0,8175.0,8150.0,8150.0,32400
2026-02-10 15:40:00,8150.0,8175.0,8150.0,8150.0,252900
2026-02-10 15:45:00,8150.0,8200.0,8125.0,8125.0,152300
2026-02-10 16:00:00,8125.0,8125.0,8125.0,8125.0,503800
2026-02-10 16:05:00,8125.0,8125.0,8125.0,8125.0,60100
2026-02-11 09:00:00,8150.0,8200.0,8150.0,8175.0,0
2026-02-11 09:05:00,8175.0,8175.0,8150.0,8175.0,18300
2026-02-11 09:10:00,8175.0,8175.0,8150.0,8175.0,20800
2026-02-11 09:15:00,8175.0,8175.0,8125.0,8150.0,125700
2026-02-11 09:20:00,8150.0,8150.0,8125.0,8125.0,37000
2026-02-11 09:25:00,8125.0,8150.0,8125.0,8150.0,65000
2026-02-11 09:30:00,8150.0,8175.0,8125.0,8150.0,36600
2026-02-11 09:35:00,8150.0,8175.0,8150.0,8150.0,4600
2026-02-11 09:40:00,8150.0,8175.0,8150.0,8150.0,90800
2026-02-11 09:45:00,8150.0,8175.0,8150.0,8175.0,115600
2026-02-11 09:50:00,8150.0,8175.0,8150.0,8150.0,103300
2026-02-11 09:55:00,8175.0,8200.0,8175.0,8175.0,277700
2026-02-11 10:00:00,8200.0,8200.0,8175.0,8200.0,13500
2026-02-11 10:05:00,8200.0,8225.0,8175.0,8200.0,21700
2026-02-11 10:10:00,8225.0,8225.0,8200.0,8200.0,6700
2026-02-11 10:15:00,8200.0,8225.0,8200.0,8225.0,23200
2026-02-11 10:20:00,8225.0,8225.0,8200.0,8225.0,47700
2026-02-11 10:25:00,8200.0,8225.0,8200.0,8225.0,31300
2026-02-11 10:30:00,8225.0,8225.0,8200.0,8225.0,90900
2026-02-11 10:35:00,8225.0,8225.0,8225.0,8225.0,14600
2026-02-11 10:40:00,8225.0,8225.0,8200.0,8225.0,21100
2026-02-11 10:45:00,8225.0,8225.0,8200.0,8225.0,66000
2026-02-11 10:50:00,8225.0,8250.0,8200.0,8225.0,277700
2026-02-11 10:55:00,8225.0,8250.0,8200.0,8225.0,115800
2026-02-11 11:00:00,8225.0,8225.0,8175.0,8225.0,220300
2026-02-11 11:05:00,8225.0,8225.0,8200.0,8225.0,21200
2026-02-11 11:10:00,8225.0,8225.0,8200.0,8225.0,21500
2026-02-11 11:15:00,8225.0,8225.0,8200.0,8200.0,51300
2026-02-11 11:20:00,8200.0,8225.0,8175.0,8200.0,90000
2026-02-11 11:25:00,8175.0,8200.0,8150.0,8175.0,48000
2026-02-11 11:30:00,8200.0,8200.0,8175.0,8200.0,24600
2026-02-11 11:35:00,8175.0,8225.0,8175.0,8225.0,100800
2026-02-11 11:40:00,8200.0,8225.0,8200.0,8200.0,14400
2026-02-11 11:45:00,8225.0,8225.0,8200.0,8225.0,24400
2026-02-11 11:50:00,8225.0,8225.0,8200.0,8200.0,68000
2026-02-11 11:55:00,8200.0,8225.0,8200.0,8200.0,29100
2026-02-11 13:30:00,8200.0,8225.0,8200.0,8225.0,45700
2026-02-11 13:35:00,8225.0,8225.0,8200.0,8200.0,51400
2026-02-11 13:40:00,8200.0,8225.0,8175.0,8200.0,159200
2026-02-11 13:45:00,8200.0,8200.0,8175.0,8200.0,18500
2026-02-11 13:50:00,8175.0,8200.0,8175.0,8200.0,129100
2026-02-11 13:55:00,8200.0,8200.0,8175.0,8200.0,26000
2026-02-11 14:00:00,8200.0,8200.0,8175.0,8200.0,45500
2026-02-11 14:05:00,8200.0,8200.0,8175.0,8200.0,30300
2026-02-11 14:10:00,8200.0,8200.0,8175.0,8200.0,33000
2026-02-11 14:15:00,8200.0,8225.0,8200.0,8225.0,102700
2026-02-11 14:20:00,8225.0,8225.0,8175.0,8200.0,45600
2026-02-11 14:25:00,8200.0,8200.0,8175.0,8200.0,26500
2026-02-11 14:30:00,8200.0,8225.0,8175.0,8225.0,60200
2026-02-11 14:35:00,8225.0,8225.0,8200.0,8225.0,23400
2026-02-11 14:40:00,8225.0,8225.0,8200.0,8225.0,25400
2026-02-11 14:45:00,8225.0,8225.0,8175.0,8200.0,89400
2026-02-11 14:50:00,8200.0,8200.0,8175.0,8200.0,28000
2026-02-11 14:55:00,8200.0,8200.0,8175.0,8200.0,71800
2026-02-11 15:00:00,8200.0,8225.0,8175.0,8200.0,91200
2026-02-11 15:05:00,8200.0,8200.0,8200.0,8200.0,29400
2026-02-11 15:10:00,8200.0,8200.0,8175.0,8200.0,34800
2026-02-11 15:15:00,8200.0,8200.0,8175.0,8200.0,24600
2026-02-11 15:20:00,8200.0,8200.0,8175.0,8175.0,27100
2026-02-11 15:25:00,8200.0,8200.0,8175.0,8200.0,79500
2026-02-11 15:30:00,8200.0,8200.0,8175.0,8200.0,45200
2026-02-11 15:35:00,8200.0,8200.0,8175.0,8200.0,135200
2026-02-11 15:40:00,8200.0,8200.0,8175.0,8175.0,117500
2026-02-11 15:45:00,8175.0,8200.0,8175.0,8175.0,125200
2026-02-11 16:00:00,8175.0,8175.0,8175.0,8175.0,351600
2026-02-11 16:05:00,8175.0,8175.0,8175.0,8175.0,62000
2026-02-11 16:10:00,8175.0,8175.0,8175.0,8175.0,1000
2026-02-12 09:00:00,8200.0,8250.0,8175.0,8225.0,0
2026-02-12 09:05:00,8225.0,8225.0,8200.0,8200.0,53200
2026-02-12 09:10:00,8225.0,8250.0,8200.0,8225.0,45100
2026-02-12 09:15:00,8200.0,8250.0,8200.0,8225.0,24800
2026-02-12 09:20:00,8200.0,8225.0,8200.0,8200.0,57400
2026-02-12 09:25:00,8200.0,8225.0,8175.0,8200.0,16100
2026-02-12 09:30:00,8200.0,8225.0,8200.0,8200.0,8600
2026-02-12 09:35:00,8225.0,8225.0,8175.0,8175.0,29100
2026-02-12 09:40:00,8175.0,8200.0,8175.0,8200.0,13700
2026-02-12 09:45:00,8200.0,8200.0,8175.0,8200.0,9200
2026-02-12 09:50:00,8200.0,8200.0,8175.0,8175.0,38100
2026-02-12 09:55:00,8200.0,8200.0,8175.0,8200.0,63800
2026-02-12 10:00:00,8200.0,8200.0,8175.0,8200.0,98700
2026-02-12 10:05:00,8175.0,8200.0,8175.0,8175.0,28400
2026-02-12 10:10:00,8175.0,8200.0,8175.0,8200.0,17600
2026-02-12 10:15:00,8200.0,8200.0,8175.0,8175.0,186400
2026-02-12 10:20:00,8175.0,8200.0,8150.0,8200.0,43500
2026-02-12 10:25:00,8200.0,8200.0,8175.0,8200.0,26900
2026-02-12 10:30:00,8200.0,8200.0,8175.0,8200.0,19400
2026-02-12 10:35:00,8175.0,8200.0,8175.0,8200.0,17900
2026-02-12 10:40:00,8200.0,8200.0,8175.0,8200.0,15700
2026-02-12 10:45:00,8175.0,8200.0,8175.0,8200.0,25100
2026-02-12 10:50:00,8175.0,8200.0,8175.0,8175.0,20100
2026-02-12 10:55:00,8175.0,8200.0,8175.0,8175.0,16600
2026-02-12 11:00:00,8200.0,8200.0,8175.0,8200.0,102300
2026-02-12 11:05:00,8200.0,8200.0,8175.0,8175.0,17200
2026-02-12 11:10:00,8175.0,8200.0,8175.0,8175.0,72400
2026-02-12 11:15:00,8175.0,8200.0,8175.0,8200.0,15400
2026-02-12 11:20:00,8200.0,8200.0,8175.0,8200.0,66600
2026-02-12 11:25:00,8200.0,8200.0,8175.0,8200.0,14000
2026-02-12 11:30:00,8200.0,8200.0,8175.0,8175.0,10500
2026-02-12 11:35:00,8200.0,8225.0,8200.0,8200.0,37500
2026-02-12 11:40:00,8200.0,8200.0,8200.0,8200.0,1300
2026-02-12 11:45:00,8200.0,8200.0,8175.0,8175.0,78000
2026-02-12 11:50:00,8200.0,8200.0,8175.0,8200.0,2600
2026-02-12 11:55:00,8200.0,8200.0,8175.0,8175.0,21800
2026-02-12 13:30:00,8175.0,8200.0,8175.0,8200.0,39900
2026-02-12 13:35:00,8200.0,8200.0,8175.0,8200.0,2400
2026-02-12 13:40:00,8175.0,8200.0,8150.0,8175.0,139400
2026-02-12 13:45:00,8175.0,8200.0,8175.0,8200.0,10300
2026-02-12 13:50:00,8200.0,8200.0,8175.0,8200.0,9800
2026-02-12 13:55:00,8200.0,8200.0,8150.0,8175.0,18400
2026-02-12 14:00:00,8175.0,8175.0,8150.0,8175.0,23700
2026-02-12 14:05:00,8175.0,8200.0,8150.0,8200.0,49200
2026-02-12 14:10:00,8175.0,8175.0,8150.0,8150.0,17000
2026-02-12 14:15:00,8150.0,8175.0,8150.0,8175.0,27700
2026-02-12 14:20:00,8175.0,8200.0,8175.0,8175.0,51700
2026-02-12 14:25:00,8200.0,8200.0,8175.0,8200.0,500
2026-02-12 14:30:00,8175.0,8200.0,8175.0,8175.0,14000
2026-02-12 14:35:00,8175.0,8200.0,8175.0,8200.0,12200
2026-02-12 14:40:00,8175.0,8175.0,8150.0,8175.0,47000
2026-02-12 14:45:00,8175.0,8175.0,8150.0,8175.0,30300
2026-02-12 14:50:00,8175.0,8175.0,8150.0,8150.0,14500
2026-02-12 14:55:00,8175.0,8200.0,8150.0,8175.0,15400
2026-02-12 15:00:00,8175.0,8175.0,8150.0,8175.0,13100
2026-02-12 15:05:00,8175.0,8175.0,8150.0,8175.0,7800
2026-02-12 15:10:00,8150.0,8200.0,8150.0,8200.0,114200
2026-02-12 15:15:00,8200.0,8200.0,8175.0,8175.0,251700
2026-02-12 15:20:00,8200.0,8200.0,8175.0,8200.0,8200
2026-02-12 15:25:00,8175.0,8200.0,8175.0,8200.0,7400
2026-02-12 15:30:00,8175.0,8200.0,8150.0,8150.0,49100
2026-02-12 15:35:00,8175.0,8175.0,8150.0,8175.0,48000
2026-02-12 15:40:00,8150.0,8175.0,8125.0,8150.0,183100
2026-02-12 15:45:00,8150.0,8150.0,8125.0,8150.0,49400
2026-02-12 16:00:00,8200.0,8200.0,8200.0,8200.0,130200
2026-02-12 16:05:00,8200.0,8200.0,8200.0,8200.0,6800
2026-02-12 16:10:00,8200.0,8200.0,8200.0,8200.0,400
2026-02-13 09:00:00,8200.0,8200.0,8150.0,8175.0,0
2026-02-13 09:05:00,8150.0,8175.0,8150.0,8150.0,30800
2026-02-13 09:10:00,8150.0,8175.0,8100.0,8100.0,62700
2026-02-13 09:15:00,8125.0,8125.0,8100.0,8125.0,28400
2026-02-13 09:20:00,8125.0,8125.0,8100.0,8100.0,179000
2026-02-13 09:25:00,8100.0,8125.0,8100.0,8125.0,43900
2026-02-13 09:30:00,8125.0,8125.0,8075.0,8100.0,29300
2026-02-13 09:35:00,8100.0,8100.0,8075.0,8100.0,29800
2026-02-13 09:40:00,8100.0,8100.0,8075.0,8075.0,135200
2026-02-13 09:45:00,8100.0,8100.0,8075.0,8100.0,13300
2026-02-13 09:50:00,8100.0,8100.0,8075.0,8100.0,65600
2026-02-13 09:55:00,8100.0,8100.0,8075.0,8100.0,26100
2026-02-13 10:00:00,8100.0,8100.0,8075.0,8100.0,75300
2026-02-13 10:05:00,8100.0,8100.0,8075.0,8075.0,31100
2026-02-13 10:10:00,8075.0,8125.0,8075.0,8125.0,192900
2026-02-13 10:15:00,8125.0,8150.0,8125.0,8150.0,59800
2026-02-13 10:20:00,8150.0,8200.0,8150.0,8200.0,237600
2026-02-13 10:25:00,8200.0,8225.0,8200.0,8225.0,202300
2026-02-13 10:30:00,8200.0,8225.0,8200.0,8225.0,33500
2026-02-13 10:35:00,8225.0,8225.0,8175.0,8200.0,297800
2026-02-13 10:40:00,8200.0,8225.0,8200.0,8200.0,7200
2026-02-13 10:45:00,8200.0,8225.0,8200.0,8200.0,29500
2026-02-13 10:50:00,8225.0,8225.0,8200.0,8200.0,41900
2026-02-13 10:55:00,8200.0,8225.0,8200.0,8200.0,28600
2026-02-13 11:00:00,8200.0,8225.0,8200.0,8200.0,22000
2026-02-13 11:05:00,8200.0,8225.0,8200.0,8200.0,52300
2026-02-13 11:10:00,8200.0,8225.0,8200.0,8225.0,25400
2026-02-13 11:15:00,8200.0,8225.0,8200.0,8200.0,52800
2026-02-13 11:20:00,8200.0,8225.0,8200.0,8225.0,39100
2026-02-13 11:25:00,8225.0,8225.0,8200.0,8200.0,59500
2026-02-13 14:00:00,8225.0,8225.0,8200.0,8200.0,50000
2026-02-13 14:05:00,8225.0,8225.0,8200.0,8200.0,86400
2026-02-13 14:10:00,8225.0,8225.0,8200.0,8200.0,53500
2026-02-13 14:15:00,8200.0,8225.0,8200.0,8225.0,32400
2026-02-13 14:20:00,8200.0,8225.0,8200.0,8200.0,69400
2026-02-13 14:25:00,8225.0,8225.0,8200.0,8200.0,20400
2026-02-13 14:30:00,8200.0,8225.0,8200.0,8225.0,24700
2026-02-13 14:35:00,8200.0,8225.0,8200.0,8225.0,42200
2026-02-13 14:40:00,8200.0,8225.0,8200.0,8225.0,91900
2026-02-13 14:45:00,8200.0,8225.0,8200.0,8200.0,112200
2026-02-13 14:50:00,8225.0,8225.0,8200.0,8200.0,62200
2026-02-13 14:55:00,8200.0,8225.0,8200.0,8225.0,79800
2026-02-13 15:00:00,8225.0,8225.0,8200.0,8200.0,79700
2026-02-13 15:05:00,8200.0,8225.0,8200.0,8225.0,117200
2026-02-13 15:10:00,8200.0,8225.0,8200.0,8200.0,81500
2026-02-13 15:15:00,8200.0,8225.0,8200.0,8200.0,296100
2026-02-13 15:20:00,8200.0,8225.0,8200.0,8200.0,1473400
2026-02-13 15:25:00,8200.0,8225.0,8200.0,8200.0,28900
2026-02-13 15:30:00,8200.0,8225.0,8200.0,8225.0,40800
2026-02-13 15:35:00,8225.0,8225.0,8200.0,8200.0,77600
2026-02-13 15:40:00,8200.0,8225.0,8200.0,8200.0,92100
2026-02-13 15:45:00,8200.0,8225.0,8200.0,8200.0,2019500
2026-02-13 16:00:00,8200.0,8200.0,8200.0,8200.0,390900
2026-02-13 16:05:00,8200.0,8200.0,8200.0,8200.0,11000
2026-02-13 16:10:00,8200.0,8200.0,8200.0,8200.0,2500
2026-02-18 09:00:00,8225.0,8250.0,8200.0,8250.0,0
2026-02-18 09:05:00,8250.0,8250.0,8175.0,8175.0,243200
2026-02-18 09:10:00,8175.0,8175.0,8150.0,8175.0,53000
2026-02-18 09:15:00,8175.0,8200.0,8175.0,8200.0,22600
2026-02-18 09:20:00,8200.0,8200.0,8175.0,8200.0,49400
2026-02-18 09:25:00,8175.0,8225.0,8175.0,8225.0,106900
2026-02-18 09:30:00,8225.0,8225.0,8200.0,8200.0,76200
2026-02-18 09:35:00,8200.0,8225.0,8175.0,8175.0,90200
2026-02-18 09:40:00,8175.0,8200.0,8150.0,8200.0,47200
2026-02-18 09:45:00,8200.0,8225.0,8175.0,8175.0,253800
2026-02-18 09:50:00,8175.0,8225.0,8175.0,8175.0,62300
2026-02-18 09:55:00,8175.0,8225.0,8150.0,8175.0,258600
2026-02-18 10:00:00,8200.0,8225.0,8175.0,8200.0,24500
2026-02-18 10:05:00,8200.0,8225.0,8200.0,8200.0,62100
2026-02-18 10:10:00,8200.0,8200.0,8175.0,8200.0,74700
2026-02-18 10:15:00,8225.0,8225.0,8200.0,8200.0,19900
2026-02-18 10:20:00,8200.0,8225.0,8200.0,8225.0,37300
2026-02-18 10:25:00,8200.0,8225.0,8200.0,8200.0,59800
2026-02-18 10:30:00,8200.0,8200.0,8200.0,8200.0,37100
2026-02-18 10:35:00,8200.0,8225.0,8200.0,8200.0,28300
2026-02-18 10:40:00,8200.0,8200.0,8175.0,8175.0,153700
2026-02-18 10:45:00,8200.0,8225.0,8175.0,8225.0,28700
2026-02-18 10:50:00,8225.0,8225.0,8225.0,8225.0,1000
2026-02-18 10:55:00,8225.0,8225.0,8200.0,8200.0,12800
2026-02-18 11:00:00,8200.0,8225.0,8200.0,8200.0,19700
2026-02-18 11:05:00,8200.0,8225.0,8200.0,8225.0,17400
2026-02-18 11:10:00,8225.0,8225.0,8200.0,8225.0,14800
2026-02-18 11:15:00,8200.0,8225.0,8200.0,8200.0,14500
2026-02-18 11:20:00,8225.0,8225.0,8200.0,8225.0,16500
2026-02-18 11:25:00,8225.0,8225.0,8200.0,8225.0,26500
2026-02-18 11:30:00,8200.0,8225.0,8200.0,8225.0,14300
2026-02-18 11:35:00,8225.0,8225.0,8200.0,8200.0,20400
2026-02-18 11:40:00,8200.0,8225.0,8200.0,8200.0,17200
2026-02-18 11:45:00,8225.0,8225.0,8200.0,8200.0,12000
2026-02-18 11:50:00,8200.0,8225.0,8200.0,8200.0,54200
2026-02-18 11:55:00,8200.0,8225.0,8200.0,8200.0,18900
2026-02-18 13:30:00,8200.0,8225.0,8200.0,8200.0,84400
2026-02-18 13:35:00,8200.0,8225.0,8200.0,8225.0,10100
2026-02-18 13:40:00,8200.0,8225.0,8200.0,8225.0,11300
2026-02-18 13:45:00,8200.0,8225.0,8200.0,8200.0,14300
2026-02-18 13:50:00,8200.0,8225.0,8200.0,8200.0,49600
2026-02-18 13:55:00,8200.0,8225.0,8200.0,8200.0,93300
2026-02-18 14:00:00,8225.0,8225.0,8200.0,8200.0,25000
2026-02-18 14:05:00,8200.0,8225.0,8175.0,8175.0,250700
2026-02-18 14:10:00,8175.0,8200.0,8175.0,8200.0,141300
2026-02-18 14:15:00,8200.0,8225.0,8200.0,8200.0,28000
2026-02-18 14:20:00,8225.0,8225.0,8200.0,8200.0,8400
2026-02-18 14:25:00,8200.0,8225.0,8200.0,8200.0,12800
2026-02-18 14:30:00,8225.0,8225.0,8200.0,8225.0,21500
2026-02-18 14:35:00,8200.0,8225.0,8200.0,8200.0,90900
2026-02-18 14:40:00,8225.0,8225.0,8200.0,8225.0,42900
2026-02-18 14:45:00,8200.0,8225.0,8200.0,8200.0,116100
2026-02-18 14:50:00,8175.0,8200.0,8175.0,8200.0,12400
2026-02-18 14:55:00,8175.0,8200.0,8175.0,8175.0,14300
2026-02-18 15:00:00,8175.0,8200.0,8175.0,8175.0,17200
2026-02-18 15:05:00,8200.0,8200.0,8175.0,8175.0,34200
2026-02-18 15:10:00,8175.0,8200.0,8175.0,8200.0,9800
2026-02-18 15:15:00,8175.0,8200.0,8175.0,8200.0,26800
2026-02-18 15:20:00,8200.0,8200.0,8175.0,8175.0,20200
2026-02-18 15:25:00,8200.0,8200.0,8175.0,8200.0,384300
2026-02-18 15:30:00,8225.0,8225.0,8200.0,8225.0,0
2026-02-18 15:35:00,8200.0,8225.0,8200.0,8200.0,35100
2026-02-18 15:40:00,8200.0,8225.0,8200.0,8200.0,33400
2026-02-18 15:45:00,8200.0,8225.0,8200.0,8225.0,181900
2026-02-18 16:00:00,8200.0,8200.0,8200.0,8200.0,144600
2026-02-18 16:05:00,8200.0,8200.0,8200.0,8200.0,223900
2026-02-18 16:10:00,8200.0,8200.0,8200.0,8200.0,5000
2026-02-19 09:00:00,8225.0,8275.0,8200.0,8250.0,0
2026-02-19 09:05:00,8250.0,8250.0,8225.0,8250.0,69400
2026-02-19 09:10:00,8250.0,8275.0,8225.0,8275.0,76700
2026-02-19 09:15:00,8250.0,8275.0,8250.0,8250.0,23400
2026-02-19 09:20:00,8275.0,8275.0,8250.0,8250.0,29300
2026-02-19 09:25:00,8275.0,8275.0,8250.0,8250.0,77300
2026-02-19 09:30:00,8225.0,8250.0,8225.0,8225.0,61800
2026-02-19 09:35:00,8250.0,8250.0,8225.0,8225.0,90300
2026-02-19 09:40:00,8250.0,8250.0,8225.0,8225.0,68800
2026-02-19 09:45:00,8250.0,8250.0,8225.0,8225.0,24200
2026-02-19 09:50:00,8225.0,8250.0,8225.0,8250.0,14100
2026-02-19 09:55:00,8225.0,8250.0,8225.0,8225.0,19700
2026-02-19 10:00:00,8225.0,8250.0,8225.0,8225.0,13400
2026-02-19 10:05:00,8225.0,8250.0,8225.0,8225.0,17100
2026-02-19 10:10:00,8225.0,8225.0,8200.0,8225.0,176000
2026-02-19 10:15:00,8250.0,8250.0,8225.0,8225.0,16800
2026-02-19 10:20:00,8225.0,8250.0,8225.0,8225.0,57500
2026-02-19 10:25:00,8225.0,8250.0,8225.0,8250.0,13000
2026-02-19 10:30:00,8225.0,8250.0,8225.0,8225.0,25500
2026-02-19 10:35:00,8225.0,8250.0,8225.0,8225.0,15700
2026-02-19 10:40:00,8225.0,8250.0,8225.0,8225.0,24900
2026-02-19 10:45:00,8225.0,8250.0,8200.0,8225.0,333200
2026-02-19 10:50:00,8225.0,8225.0,8200.0,8200.0,37000
2026-02-19 10:55:00,8200.0,8225.0,8200.0,8225.0,17700
2026-02-19 11:00:00,8225.0,8225.0,8200.0,8200.0,70500
2026-02-19 11:05:00,8200.0,8225.0,8200.0,8225.0,31900
2026-02-19 11:10:00,8225.0,8225.0,8200.0,8225.0,15600
2026-02-19 11:15:00,8225.0,8225.0,8200.0,8225.0,13900
2026-02-19 11:20:00,8200.0,8225.0,8200.0,8225.0,45300
2026-02-19 11:25:00,8200.0,8250.0,8200.0,8250.0,742500
2026-02-19 11:30:00,8225.0,8250.0,8225.0,8225.0,64800
2026-02-19 11:35:00,8225.0,8250.0,8225.0,8225.0,44800
2026-02-19 11:40:00,8225.0,8250.0,8225.0,8225.0,39500
2026-02-19 11:45:00,8225.0,8250.0,8200.0,8200.0,301500
2026-02-19 11:50:00,8225.0,8225.0,8200.0,8225.0,51900
2026-02-19 11:55:00,8200.0,8225.0,8200.0,8200.0,19600
2026-02-19 13:30:00,8225.0,8225.0,8200.0,8200.0,169700
2026-02-19 13:35:00,8200.0,8225.0,8200.0,8225.0,10800
2026-02-19 13:40:00,8225.0,8225.0,8200.0,8200.0,21200
2026-02-19 13:45:00,8225.0,8225.0,8200.0,8225.0,58900
2026-02-19 13:50:00,8225.0,8225.0,8200.0,8225.0,18300
2026-02-19 13:55:00,8200.0,8225.0,8200.0,8200.0,219400
2026-02-19 14:00:00,8225.0,8225.0,8200.0,8200.0,22300
2026-02-19 14:05:00,8200.0,8225.0,8200.0,8225.0,38600
2026-02-19 14:10:00,8200.0,8225.0,8200.0,8200.0,194400
2026-02-19 14:15:00,8200.0,8225.0,8200.0,8225.0,78600
2026-02-19 14:20:00,8200.0,8225.0,8200.0,8225.0,112800
2026-02-19 14:25:00,8200.0,8225.0,8200.0,8200.0,64200
2026-02-19 14:30:00,8200.0,8225.0,8200.0,8200.0,90500
2026-02-19 14:35:00,8200.0,8225.0,8200.0,8200.0,66900
2026-02-19 14:40:00,8225.0,8225.0,8200.0,8225.0,76000
2026-02-19 14:45:00,8200.0,8225.0,8200.0,8200.0,67200
2026-02-19 14:50:00,8200.0,8225.0,8200.0,8200.0,52300
2026-02-19 14:55:00,8200.0,8225.0,8200.0,8200.0,94300
2026-02-19 15:00:00,8200.0,8225.0,8125.0,8125.0,1287300
2026-02-19 15:05:00,8125.0,8175.0,8100.0,8175.0,286300
2026-02-19 15:10:00,8175.0,8175.0,8150.0,8150.0,17100
2026-02-19 15:15:00,8150.0,8175.0,8125.0,8125.0,72500
2026-02-19 15:20:00,8125.0,8150.0,8125.0,8125.0,120900
2026-02-19 15:25:00,8125.0,8150.0,8100.0,8125.0,96300
2026-02-19 15:30:00,8100.0,8150.0,8100.0,8100.0,181200
2026-02-19 15:35:00,8100.0,8150.0,8100.0,8125.0,123900
2026-02-19 15:40:00,8125.0,8150.0,8100.0,8150.0,304100
2026-02-19 15:45:00,8150.0,8175.0,8125.0,8125.0,57400
2026-02-19 16:00:00,8125.0,8125.0,8125.0,8125.0,269500
2026-02-20 09:00:00,8200.0,8225.0,8150.0,8175.0,0
2026-02-20 09:05:00,8200.0,8200.0,8125.0,8150.0,50600
2026-02-20 09:10:00,8125.0,8225.0,8125.0,8175.0,412700
2026-02-20 09:15:00,8175.0,8200.0,8150.0,8150.0,273100
2026-02-20 09:20:00,8150.0,8175.0,8150.0,8150.0,39700
2026-02-20 09:25:00,8150.0,8150.0,8125.0,8150.0,21400
2026-02-20 09:30:00,8150.0,8150.0,8125.0,8150.0,40500
2026-02-20 09:35:00,8150.0,8150.0,8125.0,8150.0,7100
2026-02-20 09:40:00,8150.0,8150.0,8100.0,8100.0,865000
2026-02-20 09:45:00,8100.0,8100.0,8075.0,8075.0,39100
2026-02-20 09:50:00,8100.0,8100.0,8075.0,8100.0,37500
2026-02-20 09:55:00,8100.0,8100.0,8025.0,8050.0,582000
2026-02-20 10:00:00,8050.0,8050.0,8025.0,8050.0,83300
2026-02-20 10:05:00,8050.0,8050.0,8025.0,8050.0,362100
2026-02-20 10:10:00,8050.0,8050.0,8025.0,8025.0,276700
2026-02-20 10:15:00,8025.0,8050.0,8025.0,8050.0,70700
2026-02-20 10:20:00,8050.0,8050.0,8050.0,8050.0,90100
2026-02-20 10:25:00,8050.0,8050.0,8025.0,8050.0,10200
2026-02-20 10:30:00,8050.0,8050.0,8025.0,8025.0,23200
2026-02-20 10:35:00,8025.0,8050.0,8025.0,8050.0,35000
2026-02-20 10:40:00,8050.0,8050.0,8025.0,8050.0,10600
2026-02-20 10:45:00,8050.0,8050.0,8025.0,8025.0,91100
2026-02-20 10:50:00,8050.0,8050.0,8025.0,8025.0,120400
2026-02-20 10:55:00,8025.0,8050.0,8025.0,8050.0,33900
2026-02-20 11:00:00,8050.0,8050.0,8025.0,8050.0,340200
2026-02-20 11:05:00,8050.0,8050.0,8000.0,8025.0,249500
2026-02-20 11:10:00,8025.0,8025.0,8000.0,8025.0,25100
2026-02-20 11:15:00,8025.0,8050.0,8000.0,8025.0,104200
2026-02-20 11:20:00,8025.0,8075.0,8025.0,8050.0,130200
2026-02-20 11:25:00,8050.0,8050.0,8025.0,8050.0,58200
2026-02-20 14:00:00,8050.0,8075.0,8050.0,8075.0,205700
2026-02-20 14:05:00,8050.0,8075.0,8050.0,8075.0,388900
2026-02-20 14:10:00,8075.0,8075.0,8050.0,8075.0,116400
2026-02-20 14:15:00,8075.0,8075.0,8050.0,8075.0,485000
2026-02-20 14:20:00,8050.0,8075.0,8050.0,8050.0,124800
2026-02-20 14:25:00,8075.0,8075.0,8050.0,8050.0,327800
2026-02-20 14:30:00,8050.0,8050.0,8025.0,8025.0,951500
2026-02-20 14:35:00,8025.0,8050.0,8025.0,8025.0,508900
2026-02-20 14:40:00,8000.0,8025.0,8000.0,8025.0,226200
2026-02-20 14:45:00,8025.0,8050.0,8000.0,8025.0,343500
2026-02-20 14:50:00,8025.0,8025.0,8000.0,8025.0,76400
2026-02-20 14:55:00,8000.0,8025.0,8000.0,8025.0,115300
2026-02-20 15:00:00,8025.0,8050.0,8000.0,8025.0,468100
2026-02-20 15:05:00,8000.0,8025.0,8000.0,8025.0,342900
2026-02-20 15:10:00,8000.0,8050.0,8000.0,8050.0,181300
2026-02-20 15:15:00,8050.0,8050.0,8025.0,8050.0,131300
2026-02-20 15:20:00,8025.0,8050.0,8025.0,8050.0,256700
2026-02-20 15:25:00,8025.0,8050.0,8025.0,8050.0,90200
2026-02-20 15:30:00,8025.0,8050.0,8000.0,8000.0,681500
2026-02-20 15:35:00,8000.0,8025.0,8000.0,8000.0,97000
2026-02-20 15:40:00,8000.0,8025.0,8000.0,8000.0,317800
2026-02-20 15:45:00,8000.0,8050.0,8000.0,8050.0,688100
2026-02-20 16:00:00,8025.0,8025.0,8025.0,8025.0,464500
2026-02-20 16:05:00,8025.0,8025.0,8025.0,8025.0,63500
2026-02-20 16:10:00,8025.0,8025.0,8025.0,8025.0,4900
2026-02-23 09:00:00,8075.0,8150.0,8075.0,8075.0,0
2026-02-23 09:05:00,8100.0,8125.0,8075.0,8100.0,47400
2026-02-23 09:10:00,8100.0,8125.0,8075.0,8100.0,48900
2026-02-23 09:15:00,8100.0,8125.0,8100.0,8100.0,26100
2026-02-23 09:20:00,8100.0,8125.0,8100.0,8100.0,24200
2026-02-23 09:25:00,8125.0,8125.0,8100.0,8100.0,15600
2026-02-23 09:30:00,8100.0,8175.0,8100.0,8125.0,664100
2026-02-23 09:35:00,8100.0,8125.0,8075.0,8100.0,164100
2026-02-23 09:40:00,8100.0,8100.0,8075.0,8075.0,42100
2026-02-23 09:45:00,8075.0,8100.0,8075.0,8075.0,6000
2026-02-23 09:50:00,8075.0,8100.0,8075.0,8075.0,27600
2026-02-23 09:55:00,8075.0,8100.0,8075.0,8075.0,69000
2026-02-23 10:00:00,8100.0,8100.0,8075.0,8100.0,19300
2026-02-23 10:05:00,8075.0,8100.0,8050.0,8050.0,734700
2026-02-23 10:10:00,8075.0,8100.0,8050.0,8075.0,29500
2026-02-23 10:15:00,8100.0,8100.0,8075.0,8100.0,17000
2026-02-23 10:20:00,8100.0,8100.0,8075.0,8100.0,8500
2026-02-23 10:25:00,8100.0,8100.0,8075.0,8075.0,18900
2026-02-23 10:30:00,8100.0,8100.0,8075.0,8100.0,143800
2026-02-23 10:35:00,8100.0,8125.0,8075.0,8100.0,165700
2026-02-23 10:40:00,8125.0,8125.0,8100.0,8100.0,5200
2026-02-23 10:45:00,8125.0,8125.0,8100.0,8100.0,54000
2026-02-23 10:50:00,8100.0,8125.0,8100.0,8100.0,10100
2026-02-23 10:55:00,8100.0,8125.0,8100.0,8100.0,9700
2026-02-23 11:00:00,8100.0,8125.0,8100.0,8100.0,13200
2026-02-23 11:05:00,8100.0,8125.0,8100.0,8100.0,40000
2026-02-23 11:10:00,8100.0,8125.0,8100.0,8100.0,15500
2026-02-23 11:15:00,8125.0,8125.0,8100.0,8100.0,12300
2026-02-23 11:20:00,8100.0,8150.0,8100.0,8125.0,329200
2026-02-23 11:25:00,8125.0,8150.0,8100.0,8125.0,98900
2026-02-23 11:30:00,8100.0,8125.0,8100.0,8125.0,39900
2026-02-23 11:35:00,8125.0,8125.0,8100.0,8125.0,17000
2026-02-23 11:40:00,8100.0,8125.0,8100.0,8125.0,37600
2026-02-23 11:45:00,8100.0,8125.0,8100.0,8125.0,45400
2026-02-23 11:50:00,8100.0,8125.0,8100.0,8100.0,99700
2026-02-23 11:55:00,8125.0,8125.0,8100.0,8100.0,47900
2026-02-23 13:30:00,8125.0,8125.0,8100.0,8100.0,228400
2026-02-23 13:35:00,8100.0,8125.0,8100.0,8100.0,11000
2026-02-23 13:40:00,8100.0,8125.0,8100.0,8100.0,12300
2026-02-23 13:45:00,8100.0,8125.0,8100.0,8100.0,78100
2026-02-23 13:50:00,8100.0,8125.0,8100.0,8100.0,12300
2026-02-23 13:55:00,8100.0,8125.0,8100.0,8100.0,96500
2026-02-23 14:00:00,8100.0,8125.0,8100.0,8100.0,89000
2026-02-23 14:05:00,8125.0,8125.0,8075.0,8075.0,313100
2026-02-23 14:10:00,8075.0,8125.0,8075.0,8100.0,162600
2026-02-23 14:15:00,8100.0,8125.0,8100.0,8100.0,38300
2026-02-23 14:20:00,8100.0,8125.0,8100.0,8100.0,9500
2026-02-23 14:25:00,8125.0,8125.0,8075.0,8075.0,174700
2026-02-23 14:30:00,8075.0,8125.0,8075.0,8100.0,277300
2026-02-23 14:35:00,8125.0,8125.0,8100.0,8100.0,50700
2026-02-23 14:40:00,8125.0,8125.0,8100.0,8100.0,8900
2026-02-23 14:45:00,8100.0,8125.0,8100.0,8100.0,12100
2026-02-23 14:50:00,8125.0,8125.0,8100.0,8100.0,43000
2026-02-23 14:55:00,8100.0,8125.0,8100.0,8100.0,26200
2026-02-23 15:00:00,8125.0,8125.0,8100.0,8100.0,18700
2026-02-23 15:05:00,8100.0,8150.0,8100.0,8125.0,553600
2026-02-23 15:10:00,8100.0,8125.0,8100.0,8125.0,10300
2026-02-23 15:15:00,8125.0,8125.0,8100.0,8100.0,11700
2026-02-23 15:20:00,8125.0,8125.0,8100.0,8100.0,19700
2026-02-23 15:25:00,8100.0,8125.0,8100.0,8125.0,25200
2026-02-23 15:30:00,8100.0,8125.0,8100.0,8100.0,71900
2026-02-23 15:35:00,8100.0,8125.0,8100.0,8100.0,14300
2026-02-23 15:40:00,8100.0,8125.0,8100.0,8100.0,57300
2026-02-23 15:45:00,8125.0,8125.0,8100.0,8100.0,355100
2026-02-23 16:00:00,8150.0,8150.0,8150.0,8150.0,354700
2026-02-23 16:05:00,8150.0,8150.0,8150.0,8150.0,29500
2026-02-23 16:10:00,8150.0,8150.0,8150.0,8150.0,2300
2026-02-24 09:00:00,8150.0,8175.0,8150.0,8150.0,0
2026-02-24 09:05:00,8150.0,8175.0,8150.0,8175.0,81000
2026-02-24 09:10:00,8150.0,8175.0,8150.0,8150.0,33300
2026-02-24 09:15:00,8150.0,8175.0,8150.0,8150.0,195600
2026-02-24 09:20:00,8150.0,8175.0,8100.0,8100.0,450800
2026-02-24 09:25:00,8125.0,8125.0,8075.0,8100.0,56000
2026-02-24 09:30:00,8125.0,8125.0,8075.0,8075.0,98700
2026-02-24 09:35:00,8075.0,8100.0,8075.0,8100.0,77600
2026-02-24 09:40:00,8075.0,8100.0,8050.0,8050.0,127600
2026-02-24 09:45:00,8075.0,8100.0,8050.0,8050.0,327300
2026-02-24 09:50:00,8075.0,8075.0,8050.0,8075.0,48500
2026-02-24 09:55:00,8050.0,8075.0,8050.0,8050.0,49600
2026-02-24 10:00:00,8050.0,8075.0,8025.0,8050.0,546600
2026-02-24 10:05:00,8050.0,8075.0,8050.0,8050.0,115300
2026-02-24 10:10:00,8050.0,8050.0,8025.0,8025.0,123400
2026-02-24 10:15:00,8025.0,8050.0,8025.0,8025.0,120000
2026-02-24 10:20:00,8025.0,8050.0,8025.0,8025.0,106000
2026-02-24 10:25:00,8025.0,8050.0,8025.0,8025.0,66000
2026-02-24 10:30:00,8050.0,8050.0,8025.0,8025.0,116800
2026-02-24 10:35:00,8025.0,8050.0,8025.0,8025.0,100000
2026-02-24 10:40:00,8025.0,8075.0,8025.0,8050.0,388800
2026-02-24 10:45:00,8050.0,8075.0,8050.0,8050.0,132800
2026-02-24 10:50:00,8050.0,8075.0,8050.0,8050.0,148100
2026-02-24 10:55:00,8050.0,8075.0,8050.0,8050.0,76600
2026-02-24 11:00:00,8050.0,8075.0,8050.0,8050.0,179100
2026-02-24 11:05:00,8050.0,8075.0,8050.0,8050.0,56000
2026-02-24 11:10:00,8050.0,8075.0,8050.0,8050.0,134200
2026-02-24 11:15:00,8050.0,8050.0,8025.0,8025.0,264200
2026-02-24 11:20:00,8025.0,8050.0,8025.0,8025.0,83000
2026-02-24 11:25:00,8025.0,8050.0,8025.0,8025.0,410200
2026-02-24 11:30:00,8050.0,8050.0,8000.0,8000.0,364300
2026-02-24 11:35:00,8000.0,8050.0,8000.0,8025.0,311200
2026-02-24 11:40:00,8050.0,8050.0,8025.0,8025.0,218000
2026-02-24 11:45:00,8025.0,8050.0,8025.0,8025.0,52600
2026-02-24 11:50:00,8050.0,8050.0,8025.0,8025.0,139100
2026-02-24 11:55:00,8025.0,8050.0,8025.0,8025.0,37000
2026-02-24 13:30:00,8050.0,8050.0,8025.0,8025.0,181800
2026-02-24 13:35:00,8025.0,8050.0,8025.0,8025.0,130000
2026-02-24 13:40:00,8025.0,8050.0,8025.0,8025.0,285700
2026-02-24 13:45:00,8025.0,8050.0,8025.0,8025.0,194500
2026-02-24 13:50:00,8025.0,8025.0,8000.0,8025.0,479200
2026-02-24 13:55:00,8000.0,8025.0,8000.0,8000.0,342000
2026-02-24 14:00:00,8000.0,8025.0,8000.0,8000.0,270700
2026-02-24 14:05:00,8000.0,8025.0,8000.0,8025.0,117600
2026-02-24 14:10:00,8000.0,8025.0,8000.0,8000.0,67200
2026-02-24 14:15:00,8000.0,8025.0,8000.0,8000.0,316600
2026-02-24 14:20:00,8000.0,8025.0,8000.0,8000.0,71400
2026-02-24 14:25:00,8000.0,8025.0,8000.0,8000.0,189000
2026-02-24 14:30:00,8000.0,8025.0,8000.0,8000.0,99200
2026-02-24 14:35:00,8000.0,8025.0,8000.0,8000.0,151000
2026-02-24 14:40:00,8000.0,8025.0,7975.0,7975.0,716100
2026-02-24 14:45:00,7975.0,8000.0,7950.0,7950.0,256300
2026-02-24 14:50:00,7950.0,8000.0,7950.0,7975.0,197400
2026-02-24 14:55:00,7975.0,8000.0,7975.0,8000.0,241700
2026-02-24 15:00:00,7975.0,8000.0,7975.0,7975.0,177800
2026-02-24 15:05:00,7975.0,8000.0,7975.0,7975.0,121700
2026-02-24 15:10:00,7975.0,7975.0,7950.0,7950.0,247300
2026-02-24 15:15:00,7950.0,7975.0,7950.0,7950.0,182700
2026-02-24 15:20:00,7950.0,7975.0,7950.0,7975.0,156500
2026-02-24 15:25:00,7950.0,7975.0,7950.0,7950.0,201300
2026-02-24 15:30:00,7950.0,7975.0,7950.0,7975.0,111900
2026-02-24 15:35:00,7950.0,7975.0,7950.0,7950.0,160000
2026-02-24 15:40:00,7950.0,7975.0,7950.0,7950.0,439400
2026-02-24 15:45:00,7950.0,7975.0,7950.0,7950.0,378700
2026-02-24 16:00:00,7950.0,7950.0,7950.0,7950.0,802900
2026-02-24 16:05:00,7950.0,7950.0,7950.0,7950.0,100
2026-02-24 16:10:00,7950.0,7950.0,7950.0,7950.0,1100
2026-02-25 09:00:00,8000.0,8025.0,7975.0,8025.0,0
2026-02-25 09:05:00,8025.0,8075.0,8025.0,8025.0,427900
2026-02-25 09:10:00,8050.0,8050.0,8025.0,8050.0,173600
2026-02-25 09:15:00,8025.0,8050.0,8000.0,8050.0,167100
2026-02-25 09:20:00,8050.0,8050.0,8000.0,8025.0,41400
2026-02-25 09:25:00,8025.0,8050.0,8000.0,8050.0,61200
2026-02-25 09:30:00,8050.0,8075.0,8025.0,8025.0,65500
2026-02-25 09:35:00,8050.0,8075.0,8050.0,8050.0,53400
2026-02-25 09:40:00,8050.0,8050.0,8025.0,8050.0,9400
2026-02-25 09:45:00,8025.0,8050.0,8000.0,8050.0,319500
2026-02-25 09:50:00,8050.0,8050.0,8025.0,8025.0,79100
2026-02-25 09:55:00,8000.0,8050.0,8000.0,8025.0,29300
2026-02-25 10:00:00,8025.0,8050.0,8000.0,8000.0,111700
2026-02-25 10:05:00,8000.0,8025.0,8000.0,8025.0,30800
2026-02-25 10:10:00,8000.0,8025.0,8000.0,8025.0,93800
2026-02-25 10:15:00,8025.0,8025.0,8000.0,8000.0,6500
2026-02-25 10:20:00,8000.0,8025.0,8000.0,8000.0,6200
2026-02-25 10:25:00,8000.0,8025.0,8000.0,8000.0,60700
2026-02-25 10:30:00,8000.0,8025.0,8000.0,8000.0,39900
2026-02-25 10:35:00,8025.0,8025.0,8000.0,8025.0,6700
2026-02-25 10:40:00,8000.0,8025.0,8000.0,8025.0,36100
2026-02-25 10:45:00,8025.0,8025.0,8000.0,8000.0,72500
2026-02-25 10:50:00,8000.0,8025.0,7975.0,7975.0,515200
2026-02-25 10:55:00,7975.0,8000.0,7975.0,7975.0,23600
2026-02-25 11:00:00,7975.0,8000.0,7975.0,7975.0,15800
2026-02-25 11:05:00,8000.0,8000.0,7975.0,7975.0,52500
2026-02-25 11:10:00,7975.0,8000.0,7975.0,7975.0,53600
2026-02-25 11:15:00,7975.0,8000.0,7975.0,7975.0,23400
2026-02-25 11:20:00,8000.0,8000.0,7975.0,7975.0,24400
2026-02-25 11:25:00,7975.0,8000.0,7975.0,8000.0,48800
2026-02-25 11:30:00,7975.0,8000.0,7975.0,8000.0,27200
2026-02-25 11:35:00,8000.0,8000.0,7975.0,7975.0,78300
2026-02-25 11:40:00,8000.0,8000.0,7975.0,8000.0,79800
2026-02-25 11:45:00,8000.0,8025.0,8000.0,8025.0,82700
2026-02-25 11:50:00,8025.0,8025.0,8000.0,8000.0,9200
2026-02-25 11:55:00,8025.0,8025.0,8000.0,8000.0,28400
2026-02-25 13:30:00,8025.0,8025.0,8000.0,8025.0,41400
2026-02-25 13:35:00,8025.0,8050.0,8000.0,8025.0,147300
2026-02-25 13:40:00,8025.0,8025.0,8000.0,8000.0,20000
2026-02-25 13:45:00,8025.0,8025.0,8000.0,8025.0,18100
2026-02-25 13:50:00,8025.0,8025.0,8000.0,8025.0,14600
2026-02-25 13:55:00,8000.0,8025.0,8000.0,8000.0,20600
2026-02-25 14:00:00,8000.0,8025.0,8000.0,8025.0,44300
2026-02-25 14:05:00,8000.0,8025.0,8000.0,8025.0,44900
2026-02-25 14:10:00,8025.0,8025.0,8000.0,8025.0,15500
2026-02-25 14:15:00,8000.0,8025.0,8000.0,8000.0,12400
2026-02-25 14:20:00,8000.0,8025.0,8000.0,8000.0,36400
2026-02-25 14:25:00,8000.0,8025.0,8000.0,8025.0,231800
2026-02-25 14:30:00,8025.0,8025.0,8000.0,8000.0,113300
2026-02-25 14:35:00,8000.0,8025.0,8000.0,8025.0,11100
2026-02-25 14:40:00,8000.0,8025.0,8000.0,8000.0,25500
2026-02-25 14:45:00,8000.0,8025.0,8000.0,8025.0,22200
2026-02-25 14:50:00,8000.0,8025.0,8000.0,8025.0,50300
2026-02-25 14:55:00,8000.0,8050.0,8000.0,8000.0,63100
2026-02-25 15:00:00,8000.0,8025.0,8000.0,8000.0,8100
2026-02-25 15:05:00,8000.0,8025.0,8000.0,8000.0,16000
2026-02-25 15:10:00,8025.0,8025.0,8000.0,8000.0,17300
2026-02-25 15:15:00,8000.0,8025.0,8000.0,8000.0,31300
2026-02-25 15:20:00,8025.0,8025.0,8000.0,8000.0,22200
2026-02-25 15:25:00,8000.0,8025.0,8000.0,8000.0,21100
2026-02-25 15:30:00,8000.0,8025.0,8000.0,8025.0,13900
2026-02-25 15:35:00,8000.0,8025.0,8000.0,8025.0,279000
2026-02-25 15:40:00,8000.0,8025.0,8000.0,8000.0,67600
2026-02-25 15:45:00,8000.0,8025.0,8000.0,8025.0,32900
2026-02-25 16:00:00,8025.0,8025.0,8025.0,8025.0,209300
2026-02-25 16:05:00,8025.0,8025.0,8025.0,8025.0,1100
2026-02-25 16:10:00,8025.0,8025.0,8025.0,8025.0,20200
2026-02-26 09:00:00,8025.0,8050.0,8000.0,8050.0,0
2026-02-26 09:05:00,8025.0,8075.0,8025.0,8025.0,559400
2026-02-26 09:10:00,8025.0,8050.0,8025.0,8025.0,613100
2026-02-26 09:15:00,8025.0,8050.0,8000.0,8025.0,39300
2026-02-26 09:20:00,8050.0,8050.0,8025.0,8025.0,8700
2026-02-26 09:25:00,8025.0,8050.0,8000.0,8050.0,60300
2026-02-26 09:30:00,8050.0,8075.0,8050.0,8050.0,186800
2026-02-26 09:35:00,8050.0,8075.0,8050.0,8075.0,77500
2026-02-26 09:40:00,8050.0,8075.0,8050.0,8075.0,62200
2026-02-26 09:45:00,8050.0,8050.0,8025.0,8025.0,99000
2026-02-26 09:50:00,8025.0,8050.0,8025.0,8050.0,78700
2026-02-26 09:55:00,8050.0,8100.0,8050.0,8100.0,110400
2026-02-26 10:00:00,8075.0,8075.0,8050.0,8075.0,48500
2026-02-26 10:05:00,8075.0,8100.0,8050.0,8050.0,52400
2026-02-26 10:10:00,8050.0,8075.0,8050.0,8075.0,1700
2026-02-26 10:15:00,8050.0,8075.0,8050.0,8050.0,16800
2026-02-26 10:20:00,8050.0,8075.0,8050.0,8050.0,18200
2026-02-26 10:25:00,8050.0,8050.0,8025.0,8025.0,517300
2026-02-26 10:30:00,8025.0,8025.0,8000.0,8025.0,16600
2026-02-26 10:35:00,8000.0,8025.0,8000.0,8000.0,8300
2026-02-26 10:40:00,8000.0,8025.0,8000.0,8000.0,22300
2026-02-26 10:45:00,8025.0,8025.0,8025.0,8025.0,70200
2026-02-26 10:50:00,8025.0,8025.0,8000.0,8025.0,56300
2026-02-26 10:55:00,8025.0,8025.0,8000.0,8025.0,3200
2026-02-26 11:00:00,8000.0,8025.0,8000.0,8000.0,19000
2026-02-26 11:05:00,8000.0,8025.0,8000.0,8000.0,42500
2026-02-26 11:10:00,8025.0,8025.0,8000.0,8000.0,6900
2026-02-26 11:15:00,8000.0,8025.0,8000.0,8000.0,20200
2026-02-26 11:20:00,8000.0,8025.0,8000.0,8025.0,183200
2026-02-26 11:25:00,8000.0,8025.0,7975.0,7975.0,38500
2026-02-26 11:30:00,7975.0,8000.0,7975.0,8000.0,28600
2026-02-26 11:35:00,8000.0,8000.0,7975.0,7975.0,2000
2026-02-26 11:40:00,7975.0,8025.0,7975.0,8025.0,162000
2026-02-26 11:45:00,8025.0,8025.0,8000.0,8000.0,125400
2026-02-26 11:50:00,8000.0,8000.0,8000.0,8000.0,6600
2026-02-26 11:55:00,8000.0,8000.0,7975.0,7975.0,59800
2026-02-26 13:30:00,8000.0,8025.0,7975.0,8000.0,569600
2026-02-26 13:35:00,8000.0,8000.0,8000.0,8000.0,61500
2026-02-26 13:40:00,8000.0,8000.0,7975.0,7975.0,561800
2026-02-26 13:45:00,7975.0,8000.0,7975.0,7975.0,45900
2026-02-26 13:50:00,7975.0,8000.0,7975.0,7975.0,55200
2026-02-26 13:55:00,7975.0,8000.0,7975.0,7975.0,311500
2026-02-26 14:00:00,7975.0,8000.0,7975.0,7975.0,35900
2026-02-26 14:05:00,7975.0,8000.0,7950.0,7950.0,565500
2026-02-26 14:10:00,7950.0,7975.0,7925.0,7925.0,266100
2026-02-26 14:15:00,7925.0,7950.0,7925.0,7950.0,90000
2026-02-26 14:20:00,7925.0,7950.0,7925.0,7925.0,237800
2026-02-26 14:25:00,7950.0,7950.0,7900.0,7925.0,710700
2026-02-26 14:30:00,7900.0,7925.0,7900.0,7925.0,96300
2026-02-26 14:35:00,7925.0,7950.0,7900.0,7925.0,215000
2026-02-26 14:40:00,7925.0,7950.0,7900.0,7900.0,154900
2026-02-26 14:45:00,7925.0,7925.0,7900.0,7925.0,149000
2026-02-26 14:50:00,7950.0,7950.0,7950.0,7950.0,8200
2026-02-26 14:55:00,7950.0,7950.0,7925.0,7950.0,36100
2026-02-26 15:00:00,7925.0,7950.0,7925.0,7925.0,62800
2026-02-26 15:05:00,7925.0,7950.0,7925.0,7925.0,157200
2026-02-26 15:10:00,7925.0,7950.0,7925.0,7950.0,21600
2026-02-26 15:15:00,7925.0,7950.0,7900.0,7900.0,564800
2026-02-26 15:20:00,7925.0,7925.0,7900.0,7925.0,281300
2026-02-26 15:25:00,7925.0,7925.0,7900.0,7900.0,439800
2026-02-26 15:30:00,7900.0,7950.0,7900.0,7925.0,344100
2026-02-26 15:35:00,7925.0,7925.0,7900.0,7900.0,54800
2026-02-26 15:40:00,7900.0,7925.0,7875.0,7900.0,424200
2026-02-26 15:45:00,7900.0,7900.0,7875.0,7900.0,312000
2026-02-26 16:00:00,7900.0,7900.0,7900.0,7900.0,573100
2026-02-26 16:05:00,7900.0,7900.0,7900.0,7900.0,19800
2026-02-26 16:10:00,7900.0,7900.0,7900.0,7900.0,82200
2026-02-27 09:00:00,7950.0,7975.0,7900.0,7975.0,0
2026-02-27 09:05:00,7950.0,7975.0,7925.0,7950.0,44500
2026-02-27 09:10:00,7925.0,7975.0,7900.0,7950.0,95800
2026-02-27 09:15:00,7950.0,7950.0,7925.0,7925.0,12400
2026-02-27 09:20:00,7950.0,7950.0,7900.0,7925.0,134700
2026-02-27 09:25:00,7950.0,7975.0,7925.0,7975.0,208300
2026-02-27 09:30:00,7975.0,8000.0,7975.0,8000.0,54400
2026-02-27 09:35:00,7975.0,8000.0,7975.0,7975.0,29500
2026-02-27 09:40:00,8000.0,8000.0,7950.0,7950.0,168200
2026-02-27 09:45:00,7950.0,8000.0,7950.0,7975.0,19400
2026-02-27 09:50:00,7950.0,8000.0,7950.0,7975.0,52600
2026-02-27 09:55:00,7975.0,8000.0,7950.0,7950.0,49900
2026-02-27 10:00:00,7975.0,8000.0,7950.0,8000.0,31000
2026-02-27 10:05:00,8000.0,8000.0,7975.0,8000.0,39400
2026-02-27 10:10:00,7975.0,8000.0,7975.0,8000.0,14000
2026-02-27 10:15:00,8000.0,8000.0,7975.0,7975.0,27500
2026-02-27 10:20:00,7975.0,8000.0,7975.0,7975.0,65200
2026-02-27 10:25:00,7975.0,8000.0,7975.0,8000.0,8900
2026-02-27 10:30:00,8000.0,8000.0,7975.0,8000.0,67500
2026-02-27 10:35:00,7975.0,8025.0,7975.0,8000.0,163800
2026-02-27 10:40:00,8000.0,8025.0,7950.0,8000.0,395100
2026-02-27 10:45:00,7950.0,8000.0,7950.0,8000.0,1800
2026-02-27 10:50:00,7975.0,8000.0,7950.0,7950.0,143200
2026-02-27 10:55:00,8000.0,8000.0,7950.0,7950.0,38800
2026-02-27 11:00:00,7950.0,7975.0,7950.0,7950.0,46900
2026-02-27 11:05:00,7950.0,7975.0,7950.0,7975.0,8700
2026-02-27 11:10:00,7950.0,7975.0,7950.0,7950.0,38400
2026-02-27 11:15:00,7950.0,7975.0,7950.0,7950.0,50400
2026-02-27 11:20:00,7975.0,7975.0,7950.0,7975.0,60700
2026-02-27 11:25:00,7975.0,7975.0,7950.0,7950.0,16600
2026-02-27 14:00:00,7975.0,8000.0,7950.0,7975.0,412600
2026-02-27 14:05:00,7950.0,7975.0,7950.0,7950.0,130900
2026-02-27 14:10:00,7975.0,7975.0,7950.0,7950.0,35400
2026-02-27 14:15:00,7975.0,7975.0,7925.0,7925.0,750500
2026-02-27 14:20:00,7925.0,7950.0,7900.0,7925.0,690700
2026-02-27 14:25:00,7900.0,7925.0,7900.0,7925.0,26900
2026-02-27 14:30:00,7900.0,7925.0,7900.0,7900.0,38200
2026-02-27 14:35:00,7900.0,7925.0,7900.0,7900.0,31600
2026-02-27 14:40:00,7925.0,7925.0,7900.0,7900.0,70700
2026-02-27 14:45:00,7925.0,7925.0,7900.0,7925.0,36100
2026-02-27 14:50:00,7925.0,7925.0,7900.0,7900.0,42500
2026-02-27 14:55:00,7925.0,7925.0,7900.0,7900.0,30700
2026-02-27 15:00:00,7925.0,7925.0,7900.0,7900.0,29200
2026-02-27 15:05:00,7900.0,7925.0,7875.0,7875.0,469200
2026-02-27 15:10:00,7875.0,7900.0,7875.0,7875.0,141800
2026-02-27 15:15:00,7875.0,7900.0,7850.0,7900.0,506100
2026-02-27 15:20:00,7900.0,7925.0,7875.0,7900.0,175000
2026-02-27 15:25:00,7900.0,7925.0,7900.0,7925.0,163600
2026-02-27 15:30:00,7900.0,7925.0,7900.0,7925.0,139800
2026-02-27 15:35:00,7925.0,7925.0,7875.0,7925.0,236100
2026-02-27 15:40:00,7925.0,7925.0,7875.0,7925.0,382900
2026-02-27 15:45:00,7925.0,7950.0,7875.0,7900.0,127500
2026-02-27 16:00:00,7850.0,7850.0,7850.0,7850.0,1067500
2026-02-27 16:05:00,7850.0,7850.0,7850.0,7850.0,200
2026-03-02 09:00:00,7825.0,7825.0,7700.0,7775.0,0
2026-03-02 09:05:00,7750.0,7800.0,7750.0,7775.0,189500
2026-03-02 09:10:00,7775.0,7775.0,7750.0,7775.0,139200
2026-03-02 09:15:00,7750.0,7775.0,7725.0,7750.0,126100
2026-03-02 09:20:00,7725.0,7775.0,7725.0,7775.0,158200
2026-03-02 09:25:00,7775.0,7775.0,7725.0,7750.0,126800
2026-03-02 09:30:00,7750.0,7775.0,7725.0,7775.0,201900
2026-03-02 09:35:00,7750.0,7775.0,7750.0,7775.0,57700
2026-03-02 09:40:00,7775.0,7775.0,7750.0,7750.0,60600
2026-03-02 09:45:00,7775.0,7775.0,7750.0,7775.0,97100
2026-03-02 09:50:00,7750.0,7775.0,7725.0,7750.0,224800
2026-03-02 09:55:00,7750.0,7750.0,7725.0,7750.0,80000
2026-03-02 10:00:00,7750.0,7750.0,7725.0,7750.0,78000
2026-03-02 10:05:00,7750.0,7750.0,7725.0,7750.0,115700
2026-03-02 10:10:00,7750.0,7750.0,7725.0,7725.0,80800
2026-03-02 10:15:00,7750.0,7750.0,7725.0,7750.0,66300
2026-03-02 10:20:00,7750.0,7750.0,7700.0,7700.0,493100
2026-03-02 10:25:00,7725.0,7725.0,7700.0,7700.0,73400
2026-03-02 10:30:00,7725.0,7725.0,7700.0,7725.0,49800
2026-03-02 10:35:00,7700.0,7725.0,7700.0,7725.0,88600
2026-03-02 10:40:00,7725.0,7725.0,7700.0,7725.0,88400
2026-03-02 10:45:00,7700.0,7725.0,7700.0,7725.0,172100
2026-03-02 10:50:00,7725.0,7725.0,7700.0,7725.0,59400
2026-03-02 10:55:00,7725.0,7725.0,7700.0,7725.0,41900
2026-03-02 11:00:00,7700.0,7725.0,7700.0,7725.0,118200
2026-03-02 11:05:00,7725.0,7725.0,7700.0,7725.0,290200
2026-03-02 11:10:00,7725.0,7750.0,7725.0,7750.0,56600
2026-03-02 11:15:00,7750.0,7750.0,7725.0,7750.0,21500
2026-03-02 11:20:00,7750.0,7750.0,7725.0,7725.0,44400
2026-03-02 11:25:00,7750.0,7750.0,7725.0,7725.0,38400
2026-03-02 11:30:00,7725.0,7750.0,7725.0,7750.0,34900
2026-03-02 11:35:00,7750.0,7750.0,7725.0,7750.0,39200
2026-03-02 11:40:00,7750.0,7750.0,7725.0,7750.0,28400
2026-03-02 11:45:00,7750.0,7750.0,7725.0,7750.0,65800
2026-03-02 11:50:00,7750.0,7750.0,7725.0,7750.0,24600
2026-03-02 11:55:00,7750.0,7750.0,7725.0,7725.0,151100
2026-03-02 13:30:00,7750.0,7750.0,7725.0,7750.0,123100
2026-03-02 13:35:00,7750.0,7750.0,7725.0,7750.0,93600
2026-03-02 13:40:00,7725.0,7750.0,7700.0,7700.0,320200
2026-03-02 13:45:00,7700.0,7725.0,7675.0,7675.0,887400
2026-03-02 13:50:00,7700.0,7700.0,7650.0,7675.0,665700
2026-03-02 13:55:00,7650.0,7675.0,7625.0,7625.0,371100
2026-03-02 14:00:00,7625.0,7650.0,7600.0,7600.0,375200
2026-03-02 14:05:00,7625.0,7625.0,7600.0,7600.0,314100
2026-03-02 14:10:00,7625.0,7625.0,7600.0,7600.0,407100
2026-03-02 14:15:00,7600.0,7625.0,7575.0,7575.0,349600
2026-03-02 14:20:00,7575.0,7600.0,7550.0,7575.0,433700
2026-03-02 14:25:00,7575.0,7600.0,7550.0,7575.0,230800
2026-03-02 14:30:00,7600.0,7600.0,7575.0,7575.0,188700
2026-03-02 14:35:00,7600.0,7625.0,7550.0,7600.0,320100
2026-03-02 14:40:00,7600.0,7650.0,7600.0,7650.0,345200
2026-03-02 14:45:00,7625.0,7675.0,7600.0,7600.0,336700
2026-03-02 14:50:00,7600.0,7625.0,7600.0,7600.0,166700
2026-03-02 14:55:00,7600.0,7625.0,7600.0,7625.0,208700
2026-03-02 15:00:00,7625.0,7675.0,7600.0,7600.0,370800
2026-03-02 15:05:00,7625.0,7650.0,7600.0,7600.0,161200
2026-03-02 15:10:00,7600.0,7625.0,7575.0,7625.0,331300
2026-03-02 15:15:00,7600.0,7625.0,7575.0,7600.0,184000
2026-03-02 15:20:00,7600.0,7650.0,7600.0,7600.0,185600
2026-03-02 15:25:00,7600.0,7625.0,7600.0,7600.0,184400
2026-03-02 15:30:00,7600.0,7625.0,7575.0,7600.0,278500
2026-03-02 15:35:00,7600.0,7625.0,7575.0,7600.0,326100
2026-03-02 15:40:00,7600.0,7650.0,7575.0,7600.0,290600
2026-03-02 15:45:00,7625.0,7650.0,7600.0,7600.0,116400
2026-03-02 16:00:00,7600.0,7600.0,7600.0,7600.0,374500
2026-03-02 16:05:00,7600.0,7600.0,7600.0,7600.0,400
2026-03-02 16:10:00,7600.0,7600.0,7600.0,7600.0,700
2026-03-03 09:00:00,7650.0,7750.0,7650.0,7750.0,0
2026-03-03 09:05:00,7725.0,7750.0,7725.0,7725.0,95900
2026-03-03 09:10:00,7725.0,7800.0,7725.0,7750.0,389300
2026-03-03 09:15:00,7750.0,7775.0,7750.0,7775.0,49200
2026-03-03 09:20:00,7775.0,7775.0,7750.0,7775.0,19800
2026-03-03 09:25:00,7750.0,7775.0,7725.0,7725.0,116100
2026-03-03 09:30:00,7750.0,7750.0,7700.0,7725.0,103100
2026-03-03 09:35:00,7750.0,7800.0,7750.0,7750.0,321800
2026-03-03 09:40:00,7750.0,7750.0,7725.0,7750.0,27700
2026-03-03 09:45:00,7725.0,7750.0,7725.0,7750.0,14800
2026-03-03 09:50:00,7750.0,7750.0,7675.0,7700.0,238400
2026-03-03 09:55:00,7700.0,7725.0,7675.0,7725.0,95400
2026-03-03 10:00:00,7725.0,7725.0,7725.0,7725.0,2800
2026-03-03 10:05:00,7725.0,7725.0,7675.0,7700.0,61800
2026-03-03 10:10:00,7700.0,7725.0,7650.0,7675.0,29200
2026-03-03 10:15:00,7675.0,7675.0,7650.0,7650.0,82600
2026-03-03 10:20:00,7675.0,7675.0,7650.0,7650.0,21700
2026-03-03 10:25:00,7650.0,7675.0,7650.0,7650.0,10800
2026-03-03 10:30:00,7650.0,7675.0,7650.0,7650.0,30200
2026-03-03 10:35:00,7650.0,7650.0,7625.0,7650.0,50000
2026-03-03 10:40:00,7650.0,7650.0,7625.0,7625.0,7800
2026-03-03 10:45:00,7625.0,7650.0,7625.0,7650.0,171700
2026-03-03 10:50:00,7625.0,7650.0,7600.0,7600.0,259200
2026-03-03 10:55:00,7600.0,7650.0,7600.0,7625.0,70600
2026-03-03 11:00:00,7625.0,7650.0,7625.0,7625.0,6300
2026-03-03 11:05:00,7625.0,7675.0,7625.0,7650.0,41300
2026-03-03 11:10:00,7650.0,7700.0,7650.0,7675.0,61700
2026-03-03 11:15:00,7700.0,7700.0,7675.0,7700.0,8200
2026-03-03 11:20:00,7700.0,7700.0,7675.0,7675.0,7500
2026-03-03 11:25:00,7675.0,7700.0,7675.0,7675.0,51900
2026-03-03 11:30:00,7675.0,7725.0,7675.0,7700.0,94900
2026-03-03 11:35:00,7700.0,7700.0,7675.0,7700.0,23000
2026-03-03 11:40:00,7700.0,7725.0,7700.0,7725.0,22500
2026-03-03 11:45:00,7725.0,7725.0,7725.0,7725.0,24900
2026-03-03 11:50:00,7725.0,7725.0,7700.0,7725.0,21000
2026-03-03 11:55:00,7725.0,7725.0,7700.0,7725.0,27900
2026-03-03 13:30:00,7725.0,7725.0,7675.0,7675.0,221600
2026-03-03 13:35:00,7675.0,7700.0,7650.0,7675.0,65500
2026-03-03 13:40:00,7650.0,7700.0,7650.0,7700.0,60300
2026-03-03 13:45:00,7700.0,7700.0,7675.0,7700.0,12500
2026-03-03 13:50:00,7700.0,7700.0,7675.0,7675.0,14700
2026-03-03 13:55:00,7700.0,7700.0,7650.0,7675.0,91600
2026-03-03 14:00:00,7675.0,7675.0,7650.0,7650.0,78100
2026-03-03 14:05:00,7675.0,7675.0,7625.0,7650.0,66900
2026-03-03 14:10:00,7650.0,7650.0,7625.0,7650.0,18200
2026-03-03 14:15:00,7650.0,7675.0,7650.0,7650.0,125200
2026-03-03 14:20:00,7675.0,7675.0,7650.0,7675.0,6600
2026-03-03 14:25:00,7675.0,7750.0,7650.0,7700.0,411500
2026-03-03 14:30:00,7700.0,7700.0,7675.0,7675.0,9900
2026-03-03 14:35:00,7700.0,7700.0,7675.0,7675.0,21600
2026-03-03 14:40:00,7700.0,7725.0,7675.0,7725.0,76100
2026-03-03 14:45:00,7725.0,7750.0,7700.0,7725.0,25600
2026-03-03 14:50:00,7725.0,7750.0,7725.0,7750.0,39500
2026-03-03 14:55:00,7725.0,7750.0,7725.0,7725.0,55800
2026-03-03 15:00:00,7750.0,7750.0,7700.0,7725.0,140000
2026-03-03 15:05:00,7725.0,7725.0,7700.0,7725.0,42200
2026-03-03 15:10:00,7700.0,7725.0,7700.0,7725.0,18000
2026-03-03 15:15:00,7700.0,7725.0,7700.0,7725.0,68500
2026-03-03 15:20:00,7700.0,7725.0,7700.0,7725.0,17200
2026-03-03 15:25:00,7725.0,7750.0,7700.0,7700.0,163300
2026-03-03 15:30:00,7725.0,7725.0,7700.0,7725.0,53900
2026-03-03 15:35:00,7700.0,7725.0,7700.0,7725.0,34200
2026-03-03 15:40:00,7700.0,7725.0,7700.0,7700.0,247900
2026-03-03 15:45:00,7700.0,7725.0,7625.0,7700.0,538600
2026-03-03 16:00:00,7700.0,7700.0,7700.0,7700.0,223000
2026-03-03 16:05:00,7700.0,7700.0,7700.0,7700.0,1300
2026-03-04 09:00:00,7700.0,7800.0,7700.0,7725.0,0
2026-03-04 09:05:00,7725.0,7750.0,7700.0,7725.0,176400
2026-03-04 09:10:00,7700.0,7750.0,7675.0,7750.0,282100
2026-03-04 09:15:00,7750.0,7750.0,7675.0,7700.0,174700
2026-03-04 09:20:00,7700.0,7700.0,7650.0,7675.0,21600
2026-03-04 09:25:00,7675.0,7675.0,7650.0,7650.0,8900
2026-03-04 09:30:00,7675.0,7700.0,7650.0,7700.0,87500
2026-03-04 09:35:00,7700.0,7700.0,7675.0,7675.0,9700
2026-03-04 09:40:00,7700.0,7700.0,7675.0,7700.0,3700
2026-03-04 09:45:00,7700.0,7700.0,7675.0,7700.0,14300
2026-03-04 09:50:00,7700.0,7700.0,7675.0,7700.0,34600
2026-03-04 09:55:00,7675.0,7700.0,7575.0,7575.0,809600
2026-03-04 10:00:00,7575.0,7625.0,7575.0,7600.0,73700
2026-03-04 10:05:00,7625.0,7625.0,7575.0,7600.0,18200
2026-03-04 10:10:00,7600.0,7625.0,7575.0,7600.0,241000
2026-03-04 10:15:00,7600.0,7625.0,7575.0,7600.0,57500
2026-03-04 10:20:00,7600.0,7625.0,7575.0,7600.0,259200
2026-03-04 10:25:00,7600.0,7600.0,7550.0,7575.0,231500
2026-03-04 10:30:00,7600.0,7625.0,7575.0,7600.0,63100
2026-03-04 10:35:00,7600.0,7625.0,7600.0,7600.0,31100
2026-03-04 10:40:00,7600.0,7625.0,7575.0,7600.0,74200
2026-03-04 10:45:00,7625.0,7625.0,7600.0,7625.0,34500
2026-03-04 10:50:00,7625.0,7650.0,7600.0,7650.0,40000
2026-03-04 10:55:00,7650.0,7650.0,7625.0,7625.0,26300
2026-03-04 11:00:00,7625.0,7625.0,7550.0,7575.0,230200
2026-03-04 11:05:00,7575.0,7600.0,7575.0,7575.0,36000
2026-03-04 11:10:00,7600.0,7625.0,7600.0,7625.0,39400
2026-03-04 11:15:00,7625.0,7625.0,7600.0,7600.0,25900
2026-03-04 11:20:00,7600.0,7600.0,7525.0,7550.0,233800
2026-03-04 11:25:00,7525.0,7600.0,7525.0,7550.0,108800
2026-03-04 11:30:00,7575.0,7575.0,7525.0,7550.0,30300
2026-03-04 11:35:00,7525.0,7550.0,7525.0,7550.0,22700
2026-03-04 11:40:00,7550.0,7550.0,7550.0,7550.0,28900
2026-03-04 11:45:00,7550.0,7550.0,7525.0,7550.0,13600
2026-03-04 11:50:00,7550.0,7550.0,7525.0,7550.0,17600
2026-03-04 11:55:00,7525.0,7525.0,7500.0,7525.0,434400
2026-03-04 13:30:00,7525.0,7550.0,7525.0,7525.0,170100
2026-03-04 13:35:00,7550.0,7550.0,7525.0,7550.0,29800
2026-03-04 13:40:00,7550.0,7550.0,7525.0,7525.0,13200
2026-03-04 13:45:00,7525.0,7550.0,7500.0,7525.0,424400
2026-03-04 13:50:00,7525.0,7550.0,7500.0,7550.0,43500
2026-03-04 13:55:00,7550.0,7550.0,7500.0,7500.0,140800
2026-03-04 14:00:00,7500.0,7550.0,7500.0,7525.0,122200
2026-03-04 14:05:00,7500.0,7525.0,7500.0,7525.0,67300
2026-03-04 14:10:00,7525.0,7550.0,7500.0,7550.0,67100
2026-03-04 14:15:00,7525.0,7550.0,7525.0,7525.0,90400
2026-03-04 14:20:00,7525.0,7550.0,7525.0,7525.0,42700
2026-03-04 14:25:00,7550.0,7550.0,7525.0,7525.0,43300
2026-03-04 14:30:00,7525.0,7550.0,7525.0,7525.0,119800
2026-03-04 14:35:00,7525.0,7550.0,7525.0,7525.0,91600
2026-03-04 14:40:00,7525.0,7550.0,7525.0,7525.0,79700
2026-03-04 14:45:00,7525.0,7550.0,7525.0,7525.0,159000
2026-03-04 14:50:00,7525.0,7550.0,7525.0,7550.0,67800
2026-03-04 14:55:00,7525.0,7525.0,7500.0,7500.0,219700
2026-03-04 15:00:00,7525.0,7525.0,7500.0,7525.0,176700
2026-03-04 15:05:00,7525.0,7525.0,7500.0,7500.0,68000
2026-03-04 15:10:00,7525.0,7525.0,7500.0,7500.0,63000
2026-03-04 15:15:00,7525.0,7550.0,7500.0,7550.0,322000
2026-03-04 15:20:00,7550.0,7550.0,7525.0,7525.0,28700
2026-03-04 15:25:00,7525.0,7550.0,7525.0,7525.0,176200
2026-03-04 15:30:00,7525.0,7550.0,7500.0,7525.0,84800
2026-03-04 15:35:00,7500.0,7525.0,7400.0,7400.0,1797900
2026-03-04 15:40:00,7375.0,7425.0,7200.0,7275.0,2662700
2026-03-04 15:45:00,7275.0,7425.0,7200.0,7425.0,1694700
2026-03-04 16:00:00,7475.0,7475.0,7475.0,7475.0,606100
2026-03-04 16:05:00,7475.0,7475.0,7475.0,7475.0,5100
2026-03-04 16:10:00,7475.0,7475.0,7475.0,7475.0,9400
2026-03-05 09:00:00,7525.0,7650.0,7500.0,7625.0,0
2026-03-05 09:05:00,7625.0,7625.0,7550.0,7550.0,134300
2026-03-05 09:10:00,7550.0,7575.0,7550.0,7550.0,50600
2026-03-05 09:15:00,7550.0,7575.0,7550.0,7550.0,36500
2026-03-05 09:20:00,7550.0,7550.0,7475.0,7475.0,564000
2026-03-05 09:25:00,7500.0,7500.0,7475.0,7475.0,20300
2026-03-05 09:30:00,7475.0,7500.0,7425.0,7450.0,219200
2026-03-05 09:35:00,7450.0,7500.0,7450.0,7450.0,140900
2026-03-05 09:40:00,7525.0,7525.0,7475.0,7475.0,63400
2026-03-05 09:45:00,7500.0,7500.0,7450.0,7450.0,130100
2026-03-05 09:50:00,7475.0,7475.0,7450.0,7450.0,25900
2026-03-05 09:55:00,7450.0,7475.0,7450.0,7475.0,45400
2026-03-05 10:00:00,7475.0,7475.0,7450.0,7475.0,50600
2026-03-05 10:05:00,7475.0,7475.0,7450.0,7475.0,52500
2026-03-05 10:10:00,7450.0,7475.0,7450.0,7450.0,71800
2026-03-05 10:15:00,7475.0,7500.0,7450.0,7475.0,59000
2026-03-05 10:20:00,7500.0,7500.0,7450.0,7450.0,59800
2026-03-05 10:25:00,7475.0,7475.0,7425.0,7425.0,191400
2026-03-05 10:30:00,7425.0,7450.0,7425.0,7450.0,36900
2026-03-05 10:35:00,7425.0,7450.0,7425.0,7425.0,47800
2026-03-05 10:40:00,7425.0,7450.0,7425.0,7450.0,61000
2026-03-05 10:45:00,7450.0,7450.0,7425.0,7450.0,16000
2026-03-05 10:50:00,7425.0,7450.0,7425.0,7425.0,95600
2026-03-05 10:55:00,7450.0,7450.0,7425.0,7425.0,21800
2026-03-05 11:00:00,7450.0,7450.0,7425.0,7425.0,48300
2026-03-05 11:05:00,7450.0,7450.0,7400.0,7400.0,110500
2026-03-05 11:10:00,7425.0,7450.0,7400.0,7450.0,38400
2026-03-05 11:15:00,7425.0,7450.0,7400.0,7425.0,39800
2026-03-05 11:20:00,7400.0,7425.0,7400.0,7400.0,12000
2026-03-05 11:25:00,7425.0,7450.0,7425.0,7450.0,162500
2026-03-05 11:30:00,7450.0,7450.0,7425.0,7425.0,33400
2026-03-05 11:35:00,7450.0,7450.0,7425.0,7425.0,16800
2026-03-05 11:40:00,7450.0,7475.0,7425.0,7475.0,123000
2026-03-05 11:45:00,7475.0,7475.0,7450.0,7475.0,80500
2026-03-05 11:50:00,7450.0,7475.0,7450.0,7475.0,10000
2026-03-05 11:55:00,7475.0,7475.0,7450.0,7475.0,50900
2026-03-05 13:30:00,7475.0,7500.0,7450.0,7450.0,278500
2026-03-05 13:35:00,7450.0,7475.0,7450.0,7475.0,39700
2026-03-05 13:40:00,7450.0,7475.0,7450.0,7475.0,41500
2026-03-05 13:45:00,7450.0,7475.0,7450.0,7475.0,42800
2026-03-05 13:50:00,7450.0,7475.0,7450.0,7450.0,30100
2026-03-05 13:55:00,7450.0,7475.0,7450.0,7450.0,37200
2026-03-05 14:00:00,7475.0,7500.0,7450.0,7475.0,273200
2026-03-05 14:05:00,7475.0,7500.0,7450.0,7450.0,26200
2026-03-05 14:10:00,7450.0,7475.0,7450.0,7450.0,28700
2026-03-05 14:15:00,7475.0,7475.0,7450.0,7475.0,33400
2026-03-05 14:20:00,7450.0,7500.0,7450.0,7500.0,140700
2026-03-05 14:25:00,7475.0,7500.0,7475.0,7475.0,94400
2026-03-05 14:30:00,7475.0,7500.0,7475.0,7500.0,57600
2026-03-05 14:35:00,7500.0,7500.0,7475.0,7500.0,14600
2026-03-05 14:40:00,7475.0,7500.0,7475.0,7475.0,22000
2026-03-05 14:45:00,7475.0,7500.0,7475.0,7475.0,35500
2026-03-05 14:50:00,7475.0,7500.0,7450.0,7450.0,148400
2026-03-05 14:55:00,7450.0,7475.0,7450.0,7475.0,134300
2026-03-05 15:00:00,7475.0,7475.0,7450.0,7450.0,64300
2026-03-05 15:05:00,7450.0,7475.0,7425.0,7475.0,540500
2026-03-05 15:10:00,7475.0,7475.0,7450.0,7475.0,30200
2026-03-05 15:15:00,7475.0,7475.0,7450.0,7450.0,33200
2026-03-05 15:20:00,7475.0,7500.0,7475.0,7475.0,140800
2026-03-05 15:25:00,7475.0,7500.0,7475.0,7475.0,62000
2026-03-05 15:30:00,7475.0,7475.0,7450.0,7450.0,35300
2026-03-05 15:35:00,7450.0,7475.0,7450.0,7450.0,41400
2026-03-05 15:40:00,7450.0,7475.0,7450.0,7450.0,175600
2026-03-05 15:45:00,7450.0,7475.0,7425.0,7450.0,115200
2026-03-05 16:00:00,7475.0,7475.0,7475.0,7475.0,146000
2026-03-05 16:05:00,7475.0,7475.0,7475.0,7475.0,8900
2026-03-05 16:10:00,7475.0,7475.0,7475.0,7475.0,8900
2026-03-06 09:00:00,7500.0,7500.0,7450.0,7475.0,0
2026-03-06 09:05:00,7475.0,7475.0,7450.0,7450.0,12300
2026-03-06 09:10:00,7450.0,7475.0,7450.0,7475.0,47900
2026-03-06 09:15:00,7450.0,7475.0,7450.0,7475.0,17800
2026-03-06 09:20:00,7475.0,7500.0,7450.0,7500.0,112000
2026-03-06 09:25:00,7475.0,7500.0,7475.0,7475.0,29800
2026-03-06 09:30:00,7500.0,7500.0,7450.0,7500.0,123700
2026-03-06 09:35:00,7500.0,7525.0,7475.0,7475.0,18100
2026-03-06 09:40:00,7475.0,7475.0,7450.0,7475.0,13700
2026-03-06 09:45:00,7450.0,7475.0,7450.0,7475.0,24200
2026-03-06 09:50:00,7475.0,7475.0,7450.0,7450.0,33300
2026-03-06 09:55:00,7450.0,7500.0,7450.0,7475.0,33700
2026-03-06 10:00:00,7475.0,7475.0,7450.0,7450.0,14200
2026-03-06 10:05:00,7475.0,7475.0,7450.0,7450.0,2200
2026-03-06 10:10:00,7450.0,7475.0,7450.0,7450.0,31000
2026-03-06 10:15:00,7450.0,7475.0,7450.0,7475.0,8400
2026-03-06 10:20:00,7450.0,7475.0,7450.0,7450.0,12300
2026-03-06 10:25:00,7450.0,7475.0,7450.0,7450.0,116600
2026-03-06 10:30:00,7475.0,7475.0,7425.0,7425.0,71500
2026-03-06 10:35:00,7425.0,7450.0,7425.0,7425.0,27200
2026-03-06 10:40:00,7450.0,7450.0,7425.0,7450.0,29000
2026-03-06 10:45:00,7425.0,7450.0,7425.0,7425.0,30200
2026-03-06 10:50:00,7450.0,7450.0,7425.0,7425.0,40600
2026-03-06 10:55:00,7425.0,7450.0,7425.0,7425.0,39900
2026-03-06 11:00:00,7425.0,7475.0,7425.0,7475.0,174700
2026-03-06 11:05:00,7450.0,7475.0,7450.0,7475.0,12500
2026-03-06 11:10:00,7450.0,7475.0,7450.0,7450.0,19500
2026-03-06 11:15:00,7450.0,7475.0,7425.0,7425.0,118700
2026-03-06 11:20:00,7450.0,7450.0,7425.0,7450.0,52600
2026-03-06 11:25:00,7450.0,7475.0,7425.0,7425.0,27400
2026-03-06 14:00:00,7450.0,7475.0,7425.0,7450.0,114900
2026-03-06 14:05:00,7450.0,7475.0,7450.0,7450.0,37300
2026-03-06 14:10:00,7450.0,7475.0,7450.0,7450.0,64000
2026-03-06 14:15:00,7475.0,7475.0,7450.0,7450.0,45400
2026-03-06 14:20:00,7450.0,7475.0,7425.0,7450.0,44400
2026-03-06 14:25:00,7425.0,7450.0,7425.0,7450.0,77600
2026-03-06 14:30:00,7425.0,7450.0,7425.0,7425.0,47200
2026-03-06 14:35:00,7425.0,7450.0,7425.0,7425.0,29900
2026-03-06 14:40:00,7425.0,7450.0,7425.0,7425.0,37500
2026-03-06 14:45:00,7425.0,7450.0,7425.0,7425.0,50600
2026-03-06 14:50:00,7425.0,7450.0,7425.0,7425.0,23800
2026-03-06 14:55:00,7425.0,7450.0,7425.0,7425.0,42300
2026-03-06 15:00:00,7450.0,7450.0,7400.0,7425.0,221000
2026-03-06 15:05:00,7400.0,7425.0,7400.0,7425.0,32900
2026-03-06 15:10:00,7425.0,7425.0,7400.0,7400.0,131900
2026-03-06 15:15:00,7425.0,7450.0,7425.0,7425.0,36300
2026-03-06 15:20:00,7450.0,7450.0,7425.0,7450.0,52200
2026-03-06 15:25:00,7450.0,7450.0,7400.0,7400.0,66000
2026-03-06 15:30:00,7400.0,7425.0,7400.0,7425.0,103000
2026-03-06 15:35:00,7425.0,7450.0,7400.0,7425.0,120600
2026-03-06 15:40:00,7425.0,7425.0,7400.0,7425.0,112200
2026-03-06 15:45:00,7400.0,7450.0,7400.0,7425.0,226400
2026-03-06 16:00:00,7450.0,7450.0,7450.0,7450.0,158300
2026-03-06 16:05:00,7450.0,7450.0,7450.0,7450.0,10300
2026-03-06 16:10:00,7450.0,7450.0,7450.0,7450.0,0
2026-03-09 09:00:00,7325.0,7350.0,7175.0,7200.0,0
2026-03-09 09:05:00,7225.0,7225.0,7125.0,7175.0,501800
2026-03-09 09:10:00,7175.0,7175.0,7125.0,7150.0,374900
2026-03-09 09:15:00,7175.0,7200.0,7125.0,7175.0,626400
2026-03-09 09:20:00,7175.0,7200.0,7150.0,7200.0,181200
2026-03-09 09:25:00,7200.0,7200.0,7150.0,7175.0,252600
2026-03-09 09:30:00,7200.0,7200.0,7175.0,7175.0,45800
2026-03-09 09:35:00,7175.0,7225.0,7175.0,7225.0,101200
2026-03-09 09:40:00,7225.0,7225.0,7200.0,7200.0,44000
2026-03-09 09:45:00,7225.0,7225.0,7200.0,7225.0,104900
2026-03-09 09:50:00,7225.0,7250.0,7225.0,7250.0,43300
2026-03-09 09:55:00,7250.0,7250.0,7200.0,7200.0,227200
2026-03-09 10:00:00,7225.0,7250.0,7225.0,7250.0,134200
2026-03-09 10:05:00,7225.0,7250.0,7200.0,7225.0,132500
2026-03-09 10:10:00,7225.0,7225.0,7200.0,7200.0,18400
2026-03-09 10:15:00,7225.0,7225.0,7175.0,7200.0,273900
2026-03-09 10:20:00,7200.0,7200.0,7150.0,7175.0,206300
2026-03-09 10:25:00,7175.0,7200.0,7150.0,7175.0,111900
2026-03-09 10:30:00,7175.0,7200.0,7175.0,7175.0,12100
2026-03-09 10:35:00,7200.0,7200.0,7175.0,7175.0,121100
2026-03-09 10:40:00,7175.0,7175.0,7150.0,7150.0,71900
2026-03-09 10:45:00,7175.0,7175.0,7150.0,7150.0,30100
2026-03-09 10:50:00,7150.0,7175.0,7150.0,7150.0,24200
2026-03-09 10:55:00,7150.0,7175.0,7150.0,7150.0,52800
2026-03-09 11:00:00,7175.0,7175.0,7150.0,7175.0,44500
2026-03-09 11:05:00,7175.0,7175.0,7150.0,7175.0,195500
2026-03-09 11:10:00,7175.0,7175.0,7150.0,7150.0,91700
2026-03-09 11:15:00,7175.0,7200.0,7150.0,7200.0,93100
2026-03-09 11:20:00,7175.0,7200.0,7175.0,7200.0,16400
2026-03-09 11:25:00,7175.0,7200.0,7175.0,7175.0,12500
2026-03-09 11:30:00,7175.0,7200.0,7175.0,7175.0,16100
2026-03-09 11:35:00,7175.0,7200.0,7150.0,7175.0,127800
2026-03-09 11:40:00,7150.0,7200.0,7150.0,7175.0,156300
2026-03-09 11:45:00,7175.0,7200.0,7175.0,7175.0,104200
2026-03-09 11:50:00,7175.0,7200.0,7175.0,7200.0,59100
2026-03-09 11:55:00,7175.0,7225.0,7175.0,7200.0,110100
2026-03-09 13:30:00,7200.0,7225.0,7175.0,7175.0,243000
2026-03-09 13:35:00,7200.0,7225.0,7175.0,7200.0,431800
2026-03-09 13:40:00,7200.0,7225.0,7200.0,7200.0,21100
2026-03-09 13:45:00,7225.0,7225.0,7200.0,7200.0,6000
2026-03-09 13:50:00,7200.0,7225.0,7200.0,7225.0,30500
2026-03-09 13:55:00,7200.0,7225.0,7200.0,7225.0,25000
2026-03-09 14:00:00,7200.0,7225.0,7200.0,7200.0,10500
2026-03-09 14:05:00,7200.0,7225.0,7175.0,7175.0,266000
2026-03-09 14:10:00,7175.0,7200.0,7175.0,7175.0,39800
2026-03-09 14:15:00,7175.0,7200.0,7150.0,7150.0,36700
2026-03-09 14:20:00,7150.0,7175.0,7150.0,7175.0,34000
2026-03-09 14:25:00,7175.0,7200.0,7150.0,7175.0,300100
2026-03-09 14:30:00,7175.0,7175.0,7150.0,7150.0,30400
2026-03-09 14:35:00,7175.0,7175.0,7150.0,7150.0,45300
2026-03-09 14:40:00,7150.0,7175.0,7125.0,7125.0,868900
2026-03-09 14:45:00,7125.0,7150.0,7125.0,7150.0,464200
2026-03-09 14:50:00,7175.0,7175.0,7150.0,7150.0,70400
2026-03-09 14:55:00,7175.0,7175.0,7125.0,7150.0,110100
2026-03-09 15:00:00,7150.0,7175.0,7125.0,7175.0,26100
2026-03-09 15:05:00,7175.0,7175.0,7125.0,7150.0,29000
2026-03-09 15:10:00,7125.0,7150.0,7125.0,7125.0,46900
2026-03-09 15:15:00,7125.0,7150.0,7125.0,7150.0,448900
2026-03-09 15:20:00,7125.0,7150.0,7125.0,7150.0,208500
2026-03-09 15:25:00,7125.0,7150.0,7100.0,7125.0,463600
2026-03-09 15:30:00,7125.0,7150.0,7125.0,7125.0,260100
2026-03-09 15:35:00,7125.0,7150.0,7100.0,7125.0,51600
2026-03-09 15:40:00,7125.0,7150.0,7100.0,7125.0,138400
2026-03-09 15:45:00,7125.0,7175.0,7125.0,7150.0,575300
2026-03-09 16:00:00,7125.0,7125.0,7125.0,7125.0,536900
2026-03-09 16:05:00,7125.0,7125.0,7125.0,7125.0,90600
2026-03-09 16:10:00,7125.0,7125.0,7125.0,7125.0,0
2026-03-10 09:00:00,7250.0,7300.0,7200.0,7275.0,0
2026-03-10 09:05:00,7250.0,7275.0,7200.0,7225.0,77700
2026-03-10 09:10:00,7200.0,7250.0,7200.0,7200.0,33300
2026-03-10 09:15:00,7250.0,7275.0,7225.0,7250.0,68800
2026-03-10 09:20:00,7250.0,7275.0,7250.0,7275.0,43300
2026-03-10 09:25:00,7250.0,7275.0,7250.0,7250.0,61400
2026-03-10 09:30:00,7225.0,7250.0,7225.0,7250.0,66700
2026-03-10 09:35:00,7250.0,7275.0,7225.0,7250.0,45900
2026-03-10 09:40:00,7225.0,7250.0,7225.0,7250.0,6600
2026-03-10 09:45:00,7250.0,7250.0,7250.0,7250.0,68500
2026-03-10 09:50:00,7275.0,7275.0,7250.0,7275.0,7100
2026-03-10 09:55:00,7250.0,7275.0,7250.0,7275.0,65500
2026-03-10 10:00:00,7275.0,7275.0,7225.0,7250.0,101100
2026-03-10 10:05:00,7275.0,7300.0,7250.0,7275.0,68400
2026-03-10 10:10:00,7275.0,7275.0,7250.0,7250.0,24400
2026-03-10 10:15:00,7275.0,7275.0,7250.0,7250.0,29100
2026-03-10 10:20:00,7250.0,7275.0,7250.0,7250.0,41400
2026-03-10 10:25:00,7250.0,7275.0,7250.0,7275.0,12900
2026-03-10 10:30:00,7275.0,7275.0,7250.0,7250.0,38400
2026-03-10 10:35:00,7250.0,7275.0,7250.0,7250.0,19800
2026-03-10 10:40:00,7250.0,7300.0,7250.0,7300.0,67200
2026-03-10 10:45:00,7275.0,7275.0,7250.0,7250.0,31300
2026-03-10 10:50:00,7275.0,7275.0,7250.0,7275.0,15900
2026-03-10 10:55:00,7275.0,7275.0,7250.0,7250.0,14500
2026-03-10 11:00:00,7250.0,7275.0,7250.0,7275.0,38900
2026-03-10 11:05:00,7250.0,7275.0,7250.0,7250.0,20600
2026-03-10 11:10:00,7275.0,7275.0,7250.0,7275.0,21200
2026-03-10 11:15:00,7275.0,7275.0,7225.0,7225.0,33500
2026-03-10 11:20:00,7250.0,7250.0,7225.0,7225.0,20600
2026-03-10 11:25:00,7225.0,7275.0,7225.0,7250.0,29500
2026-03-10 11:30:00,7250.0,7250.0,7225.0,7225.0,31500
2026-03-10 11:35:00,7225.0,7225.0,7200.0,7200.0,27300
2026-03-10 11:40:00,7200.0,7225.0,7200.0,7225.0,13700
2026-03-10 11:45:00,7200.0,7225.0,7200.0,7200.0,42100
2026-03-10 11:50:00,7200.0,7250.0,7200.0,7250.0,18500
2026-03-10 11:55:00,7225.0,7250.0,7225.0,7250.0,14200
2026-03-10 13:30:00,7250.0,7275.0,7225.0,7225.0,35800
2026-03-10 13:35:00,7225.0,7250.0,7225.0,7225.0,51800
2026-03-10 13:40:00,7225.0,7225.0,7225.0,7225.0,12600
2026-03-10 13:45:00,7225.0,7250.0,7225.0,7250.0,26000
2026-03-10 13:50:00,7225.0,7250.0,7225.0,7225.0,8800
2026-03-10 13:55:00,7225.0,7250.0,7225.0,7225.0,31700
2026-03-10 14:00:00,7225.0,7250.0,7200.0,7200.0,38100
2026-03-10 14:05:00,7200.0,7225.0,7200.0,7225.0,15600
2026-03-10 14:10:00,7200.0,7225.0,7200.0,7200.0,19100
2026-03-10 14:15:00,7225.0,7225.0,7200.0,7225.0,27600
2026-03-10 14:20:00,7200.0,7250.0,7200.0,7200.0,26400
2026-03-10 14:25:00,7200.0,7225.0,7200.0,7200.0,28700
2026-03-10 14:30:00,7200.0,7250.0,7200.0,7200.0,24200
2026-03-10 14:35:00,7200.0,7225.0,7200.0,7200.0,14400
2026-03-10 14:40:00,7200.0,7225.0,7200.0,7200.0,18700
2026-03-10 14:45:00,7225.0,7225.0,7200.0,7200.0,33800
2026-03-10 14:50:00,7200.0,7250.0,7200.0,7200.0,23300
2026-03-10 14:55:00,7200.0,7250.0,7200.0,7225.0,123400
2026-03-10 15:00:00,7225.0,7275.0,7225.0,7225.0,98000
2026-03-10 15:05:00,7225.0,7250.0,7225.0,7225.0,10500
2026-03-10 15:10:00,7225.0,7250.0,7225.0,7225.0,38400
2026-03-10 15:15:00,7225.0,7250.0,7225.0,7225.0,14800
2026-03-10 15:20:00,7250.0,7250.0,7225.0,7225.0,28800
2026-03-10 15:25:00,7225.0,7250.0,7225.0,7225.0,41100
2026-03-10 15:30:00,7250.0,7250.0,7225.0,7225.0,18500
2026-03-10 15:35:00,7225.0,7250.0,7225.0,7225.0,27000
2026-03-10 15:40:00,7225.0,7225.0,7200.0,7225.0,50300
2026-03-10 15:45:00,7200.0,7250.0,7200.0,7225.0,44400
2026-03-10 16:00:00,7250.0,7250.0,7250.0,7250.0,50700
2026-03-10 16:05:00,7250.0,7250.0,7250.0,7250.0,9100
2026-03-11 09:00:00,7275.0,7275.0,7250.0,7275.0,8500
2026-03-11 09:05:00,7250.0,7325.0,7250.0,7300.0,47300
2026-03-11 09:10:00,7300.0,7300.0,7225.0,7250.0,155800
2026-03-11 09:15:00,7250.0,7250.0,7250.0,7250.0,23800
2026-03-11 09:20:00,7225.0,7275.0,7225.0,7250.0,33900
2026-03-11 09:25:00,7275.0,7275.0,7275.0,7275.0,9700
2026-03-11 09:30:00,7275.0,7300.0,7275.0,7300.0,25300
2026-03-11 09:35:00,7300.0,7300.0,7275.0,7300.0,46800
2026-03-11 09:40:00,7325.0,7325.0,7300.0,7325.0,82500
2026-03-11 09:45:00,7325.0,7325.0,7300.0,7300.0,27400
2026-03-11 09:50:00,7325.0,7325.0,7250.0,7250.0,542500
2026-03-11 09:55:00,7250.0,7275.0,7250.0,7275.0,130100
2026-03-11 10:00:00,7275.0,7275.0,7250.0,7275.0,12800
2026-03-11 10:05:00,7250.0,7275.0,7250.0,7275.0,1800
2026-03-11 10:10:00,7275.0,7275.0,7250.0,7275.0,10200
2026-03-11 10:15:00,7250.0,7275.0,7250.0,7250.0,5600
2026-03-11 10:20:00,7250.0,7275.0,7250.0,7275.0,20200
2026-03-11 10:25:00,7275.0,7300.0,7275.0,7275.0,2500
2026-03-11 10:30:00,7300.0,7300.0,7300.0,7300.0,6100
2026-03-11 10:35:00,7300.0,7300.0,7275.0,7275.0,13300
2026-03-11 10:40:00,7300.0,7300.0,7275.0,7275.0,4400
2026-03-11 10:45:00,7300.0,7300.0,7250.0,7275.0,51600
2026-03-11 10:50:00,7300.0,7300.0,7275.0,7300.0,2300
2026-03-11 10:55:00,7300.0,7300.0,7275.0,7275.0,6300
2026-03-11 11:00:00,7275.0,7300.0,7250.0,7275.0,44300
2026-03-11 11:05:00,7275.0,7275.0,7250.0,7250.0,16400
2026-03-11 11:10:00,7275.0,7275.0,7275.0,7275.0,11000
2026-03-11 11:15:00,7275.0,7300.0,7275.0,7275.0,10700
2026-03-11 11:20:00,7275.0,7300.0,7275.0,7300.0,3100
2026-03-11 11:25:00,7300.0,7300.0,7275.0,7275.0,4200
2026-03-11 11:30:00,7275.0,7300.0,7275.0,7275.0,11300
2026-03-11 11:35:00,7300.0,7300.0,7275.0,7275.0,37900
2026-03-11 11:40:00,7275.0,7300.0,7275.0,7300.0,4600
2026-03-11 11:45:00,7300.0,7300.0,7275.0,7275.0,5700
2026-03-11 11:50:00,7275.0,7300.0,7275.0,7300.0,5100
2026-03-11 11:55:00,7300.0,7300.0,7275.0,7275.0,72300
2026-03-11 13:30:00,7275.0,7300.0,7275.0,7275.0,48200
2026-03-11 13:35:00,7300.0,7300.0,7275.0,7275.0,9000
2026-03-11 13:40:00,7275.0,7300.0,7250.0,7250.0,124800
2026-03-11 13:45:00,7250.0,7275.0,7250.0,7275.0,34000
2026-03-11 13:50:00,7250.0,7300.0,7250.0,7250.0,607300
2026-03-11 13:55:00,7275.0,7275.0,7250.0,7250.0,29500
2026-03-11 14:00:00,7275.0,7275.0,7250.0,7250.0,1400
2026-03-11 14:05:00,7250.0,7275.0,7250.0,7275.0,18400
2026-03-11 14:10:00,7275.0,7275.0,7250.0,7250.0,6100
2026-03-11 14:15:00,7250.0,7275.0,7250.0,7275.0,8800
2026-03-11 14:20:00,7250.0,7275.0,7250.0,7250.0,5100
2026-03-11 14:25:00,7250.0,7275.0,7250.0,7250.0,6800
2026-03-11 14:30:00,7250.0,7275.0,7250.0,7275.0,107600
2026-03-11 14:35:00,7250.0,7275.0,7250.0,7275.0,20400
2026-03-11 14:40:00,7250.0,7275.0,7250.0,7275.0,19500
2026-03-11 14:45:00,7250.0,7275.0,7250.0,7275.0,22600
2026-03-11 14:50:00,7250.0,7275.0,7250.0,7275.0,44600
2026-03-11 14:55:00,7275.0,7275.0,7250.0,7275.0,15700
2026-03-11 15:00:00,7275.0,7275.0,7250.0,7250.0,16800
2026-03-11 15:05:00,7250.0,7275.0,7250.0,7250.0,35100
2026-03-11 15:10:00,7250.0,7275.0,7250.0,7250.0,10800
2026-03-11 15:15:00,7250.0,7275.0,7250.0,7250.0,10200
2026-03-11 15:20:00,7275.0,7275.0,7250.0,7250.0,169400
2026-03-11 15:25:00,7250.0,7275.0,7250.0,7250.0,20100
2026-03-11 15:30:00,7275.0,7275.0,7250.0,7250.0,19900
2026-03-11 15:35:00,7250.0,7275.0,7250.0,7275.0,15400
2026-03-11 15:40:00,7250.0,7275.0,7250.0,7275.0,21100
2026-03-11 15:45:00,7250.0,7275.0,7250.0,7250.0,108000
2026-03-11 16:00:00,7250.0,7250.0,7250.0,7250.0,414800
2026-03-11 16:05:00,7250.0,7250.0,7250.0,7250.0,1300
2026-03-11 16:10:00,7250.0,7250.0,7250.0,7250.0,1100
2026-03-12 09:00:00,7250.0,7300.0,7225.0,7275.0,0
2026-03-12 09:05:00,7300.0,7300.0,7225.0,7225.0,175500
2026-03-12 09:10:00,7250.0,7275.0,7225.0,7250.0,21600
2026-03-12 09:15:00,7275.0,7300.0,7250.0,7275.0,94900
2026-03-12 09:20:00,7275.0,7300.0,7275.0,7275.0,27900
2026-03-12 09:25:00,7300.0,7300.0,7275.0,7275.0,59800
2026-03-12 09:30:00,7300.0,7300.0,7275.0,7300.0,43300
2026-03-12 09:35:00,7300.0,7300.0,7275.0,7275.0,33200
2026-03-12 09:40:00,7300.0,7300.0,7225.0,7225.0,331000
2026-03-12 09:45:00,7225.0,7250.0,7225.0,7250.0,13100
2026-03-12 09:50:00,7250.0,7275.0,7225.0,7275.0,105700
2026-03-12 09:55:00,7275.0,7275.0,7275.0,7275.0,7200
2026-03-12 10:00:00,7275.0,7325.0,7275.0,7325.0,129600
2026-03-12 10:05:00,7325.0,7375.0,7300.0,7375.0,550100
2026-03-12 10:10:00,7375.0,7400.0,7350.0,7400.0,221600
2026-03-12 10:15:00,7400.0,7400.0,7375.0,7375.0,84300
2026-03-12 10:20:00,7375.0,7425.0,7375.0,7400.0,125700
2026-03-12 10:25:00,7400.0,7400.0,7350.0,7350.0,89300
2026-03-12 10:30:00,7350.0,7375.0,7350.0,7350.0,42000
2026-03-12 10:35:00,7350.0,7375.0,7350.0,7375.0,11600
2026-03-12 10:40:00,7375.0,7375.0,7350.0,7375.0,30200
2026-03-12 10:45:00,7375.0,7400.0,7375.0,7375.0,143700
2026-03-12 10:50:00,7375.0,7400.0,7350.0,7350.0,35000
2026-03-12 10:55:00,7350.0,7375.0,7350.0,7375.0,9600
2026-03-12 11:00:00,7375.0,7450.0,7350.0,7450.0,261600
2026-03-12 11:05:00,7450.0,7475.0,7425.0,7450.0,197000
2026-03-12 11:10:00,7425.0,7450.0,7425.0,7425.0,72700
2026-03-12 11:15:00,7425.0,7475.0,7425.0,7450.0,388300
2026-03-12 11:20:00,7450.0,7475.0,7450.0,7475.0,63200
2026-03-12 11:25:00,7450.0,7475.0,7450.0,7475.0,60300
2026-03-12 11:30:00,7450.0,7475.0,7450.0,7475.0,43800
2026-03-12 11:35:00,7450.0,7475.0,7450.0,7450.0,21400
2026-03-12 11:40:00,7450.0,7475.0,7450.0,7475.0,18600
2026-03-12 11:45:00,7475.0,7500.0,7450.0,7475.0,440100
2026-03-12 11:50:00,7500.0,7525.0,7475.0,7500.0,148300
2026-03-12 11:55:00,7500.0,7525.0,7500.0,7500.0,243700
2026-03-12 13:30:00,7475.0,7525.0,7475.0,7475.0,490600
2026-03-12 13:35:00,7475.0,7475.0,7425.0,7425.0,203400
2026-03-12 13:40:00,7425.0,7475.0,7425.0,7475.0,21400
2026-03-12 13:45:00,7450.0,7475.0,7425.0,7425.0,112200
2026-03-12 13:50:00,7450.0,7450.0,7450.0,7450.0,42100
2026-03-12 13:55:00,7450.0,7500.0,7450.0,7500.0,95900
2026-03-12 14:00:00,7500.0,7500.0,7475.0,7475.0,10300
2026-03-12 14:05:00,7475.0,7500.0,7450.0,7450.0,392600
2026-03-12 14:10:00,7475.0,7475.0,7450.0,7450.0,10300
2026-03-12 14:15:00,7450.0,7475.0,7425.0,7425.0,75300
2026-03-12 14:20:00,7425.0,7450.0,7425.0,7450.0,53300
2026-03-12 14:25:00,7450.0,7475.0,7450.0,7450.0,138400
2026-03-12 14:30:00,7450.0,7450.0,7450.0,7450.0,9700
2026-03-12 14:35:00,7450.0,7475.0,7450.0,7450.0,60100
2026-03-12 14:40:00,7475.0,7500.0,7450.0,7450.0,438100
2026-03-12 14:45:00,7450.0,7475.0,7450.0,7450.0,9100
2026-03-12 14:50:00,7450.0,7475.0,7450.0,7450.0,18900
2026-03-12 14:55:00,7450.0,7475.0,7450.0,7475.0,9100
2026-03-12 15:00:00,7450.0,7475.0,7450.0,7475.0,177400
2026-03-12 15:05:00,7475.0,7475.0,7450.0,7450.0,140400
2026-03-12 15:10:00,7450.0,7475.0,7450.0,7475.0,198400
2026-03-12 15:15:00,7500.0,7500.0,7475.0,7475.0,133800
2026-03-12 15:20:00,7475.0,7500.0,7475.0,7475.0,72500
2026-03-12 15:25:00,7475.0,7500.0,7475.0,7475.0,116200
2026-03-12 15:30:00,7500.0,7500.0,7450.0,7475.0,182500
2026-03-12 15:35:00,7475.0,7500.0,7450.0,7475.0,176000
2026-03-12 15:40:00,7500.0,7525.0,7475.0,7475.0,779700
2026-03-12 15:45:00,7500.0,7550.0,7475.0,7475.0,216200
2026-03-12 16:00:00,7575.0,7575.0,7575.0,7575.0,969000
2026-03-12 16:05:00,7575.0,7575.0,7575.0,7575.0,0
2026-03-12 16:10:00,7575.0,7575.0,7575.0,7575.0,800
2026-03-13 09:00:00,7500.0,7525.0,7350.0,7375.0,0
2026-03-13 09:05:00,7400.0,7400.0,7350.0,7400.0,15700
2026-03-13 09:10:00,7400.0,7400.0,7350.0,7375.0,59000
2026-03-13 09:15:00,7375.0,7375.0,7325.0,7350.0,149800
2026-03-13 09:20:00,7325.0,7350.0,7325.0,7350.0,6600
2026-03-13 09:25:00,7350.0,7350.0,7325.0,7350.0,18300
2026-03-13 09:30:00,7350.0,7350.0,7325.0,7350.0,6400
2026-03-13 09:35:00,7350.0,7350.0,7325.0,7350.0,36500
2026-03-13 09:40:00,7350.0,7350.0,7325.0,7350.0,28900
2026-03-13 09:45:00,7350.0,7375.0,7325.0,7375.0,70600
2026-03-13 09:50:00,7375.0,7375.0,7350.0,7375.0,48400
2026-03-13 09:55:00,7375.0,7375.0,7325.0,7350.0,35500
2026-03-13 10:00:00,7350.0,7375.0,7325.0,7325.0,68600
2026-03-13 10:05:00,7325.0,7325.0,7325.0,7325.0,54400
2026-03-13 10:10:00,7325.0,7325.0,7250.0,7275.0,362800
2026-03-13 10:15:00,7275.0,7275.0,7250.0,7250.0,15000
2026-03-13 10:20:00,7275.0,7325.0,7275.0,7300.0,92100
2026-03-13 10:25:00,7300.0,7350.0,7300.0,7350.0,143800
2026-03-13 10:30:00,7350.0,7400.0,7325.0,7375.0,141500
2026-03-13 10:35:00,7350.0,7375.0,7350.0,7350.0,36800
2026-03-13 10:40:00,7350.0,7350.0,7325.0,7350.0,4100
2026-03-13 10:45:00,7350.0,7350.0,7325.0,7325.0,1500
2026-03-13 10:50:00,7325.0,7350.0,7325.0,7350.0,39200
2026-03-13 10:55:00,7350.0,7350.0,7325.0,7325.0,43100
2026-03-13 11:00:00,7325.0,7375.0,7325.0,7375.0,47900
2026-03-13 11:05:00,7350.0,7375.0,7325.0,7325.0,8000
2026-03-13 11:10:00,7350.0,7375.0,7350.0,7375.0,68000
2026-03-13 11:15:00,7400.0,7400.0,7350.0,7375.0,100100
2026-03-13 11:20:00,7375.0,7400.0,7350.0,7375.0,96000
2026-03-13 11:25:00,7375.0,7425.0,7375.0,7375.0,75800
2026-03-13 14:00:00,7375.0,7425.0,7375.0,7400.0,126000
2026-03-13 14:05:00,7400.0,7425.0,7400.0,7400.0,40600
2026-03-13 14:10:00,7400.0,7425.0,7400.0,7400.0,50100
2026-03-13 14:15:00,7400.0,7450.0,7400.0,7425.0,113000
2026-03-13 14:20:00,7425.0,7425.0,7400.0,7425.0,31800
2026-03-13 14:25:00,7425.0,7425.0,7425.0,7425.0,68600
2026-03-13 14:30:00,7425.0,7450.0,7375.0,7400.0,121600
2026-03-13 14:35:00,7400.0,7400.0,7375.0,7375.0,6100
2026-03-13 14:40:00,7375.0,7400.0,7350.0,7350.0,46700
2026-03-13 14:45:00,7350.0,7375.0,7350.0,7375.0,10300
2026-03-13 14:50:00,7350.0,7375.0,7325.0,7325.0,85000
2026-03-13 14:55:00,7325.0,7350.0,7325.0,7325.0,18200
2026-03-13 15:00:00,7350.0,7350.0,7250.0,7275.0,336000
2026-03-13 15:05:00,7275.0,7325.0,7250.0,7300.0,92000
2026-03-13 15:10:00,7325.0,7325.0,7300.0,7300.0,11200
2026-03-13 15:15:00,7325.0,7325.0,7275.0,7275.0,70400
2026-03-13 15:20:00,7275.0,7275.0,7250.0,7250.0,71300
2026-03-13 15:25:00,7275.0,7275.0,7250.0,7250.0,58800
2026-03-13 15:30:00,7250.0,7300.0,7250.0,7300.0,73700
2026-03-13 15:35:00,7300.0,7300.0,7275.0,7300.0,46400
2026-03-13 15:40:00,7300.0,7300.0,7250.0,7250.0,166200
2026-03-13 15:45:00,7275.0,7300.0,7250.0,7275.0,299300
2026-03-13 16:00:00,7250.0,7250.0,7250.0,7250.0,168900
2026-03-13 16:10:00,7250.0,7250.0,7250.0,7250.0,6400
2026-03-16 09:00:00,7325.0,7350.0,7150.0,7150.0,0
2026-03-16 09:05:00,7175.0,7175.0,7125.0,7150.0,61900
2026-03-16 09:10:00,7150.0,7200.0,7125.0,7150.0,58900
2026-03-16 09:15:00,7150.0,7200.0,7150.0,7200.0,41700
2026-03-16 09:20:00,7175.0,7200.0,7150.0,7175.0,18700
2026-03-16 09:25:00,7150.0,7175.0,7150.0,7175.0,31600
2026-03-16 09:30:00,7150.0,7175.0,7150.0,7150.0,28600
2026-03-16 09:35:00,7150.0,7175.0,7150.0,7150.0,57400
2026-03-16 09:40:00,7150.0,7150.0,7125.0,7125.0,185500
2026-03-16 09:45:00,7150.0,7175.0,7125.0,7150.0,73200
2026-03-16 09:50:00,7175.0,7175.0,7150.0,7150.0,3000
2026-03-16 09:55:00,7150.0,7175.0,7150.0,7150.0,15200
2026-03-16 10:00:00,7150.0,7200.0,7150.0,7150.0,45300
2026-03-16 10:05:00,7175.0,7175.0,7150.0,7150.0,28500
2026-03-16 10:10:00,7150.0,7175.0,7150.0,7150.0,7000
2026-03-16 10:15:00,7150.0,7175.0,7150.0,7150.0,7600
2026-03-16 10:20:00,7175.0,7175.0,7150.0,7150.0,23500
2026-03-16 10:25:00,7150.0,7175.0,7150.0,7150.0,38000
2026-03-16 10:30:00,7150.0,7200.0,7150.0,7175.0,74700
2026-03-16 10:35:00,7175.0,7200.0,7175.0,7175.0,27200
2026-03-16 10:40:00,7200.0,7200.0,7175.0,7175.0,8100
2026-03-16 10:45:00,7175.0,7200.0,7175.0,7175.0,6000
2026-03-16 10:50:00,7200.0,7200.0,7175.0,7175.0,12400
2026-03-16 10:55:00,7175.0,7175.0,7175.0,7175.0,3200
2026-03-16 11:00:00,7175.0,7200.0,7150.0,7150.0,144500
2026-03-16 11:05:00,7150.0,7175.0,7150.0,7175.0,45900
2026-03-16 11:10:00,7150.0,7175.0,7150.0,7150.0,26700
2026-03-16 11:15:00,7150.0,7175.0,7150.0,7150.0,21500
2026-03-16 11:20:00,7150.0,7150.0,7150.0,7150.0,26000
2026-03-16 11:25:00,7175.0,7175.0,7150.0,7150.0,78200
2026-03-16 11:30:00,7150.0,7175.0,7150.0,7150.0,29900
2026-03-16 11:35:00,7150.0,7175.0,7150.0,7150.0,33100
2026-03-16 11:40:00,7175.0,7175.0,7150.0,7150.0,21100
2026-03-16 11:45:00,7150.0,7200.0,7150.0,7200.0,900
2026-03-16 11:50:00,7175.0,7175.0,7175.0,7175.0,100
2026-03-16 11:55:00,7200.0,7200.0,7150.0,7175.0,30900
2026-03-16 13:30:00,7175.0,7175.0,7150.0,7150.0,24600
2026-03-16 13:35:00,7175.0,7175.0,7150.0,7175.0,4800
2026-03-16 13:40:00,7175.0,7175.0,7150.0,7150.0,17600
2026-03-16 13:45:00,7175.0,7175.0,7150.0,7150.0,15200
2026-03-16 13:50:00,7150.0,7175.0,7125.0,7125.0,149600
2026-03-16 13:55:00,7125.0,7150.0,7125.0,7125.0,23600
2026-03-16 14:00:00,7150.0,7150.0,7125.0,7125.0,14700
2026-03-16 14:05:00,7125.0,7150.0,7125.0,7125.0,60900
2026-03-16 14:10:00,7150.0,7150.0,7125.0,7125.0,22400
2026-03-16 14:15:00,7125.0,7150.0,7125.0,7125.0,37000
2026-03-16 14:20:00,7125.0,7150.0,7125.0,7125.0,23400
2026-03-16 14:25:00,7125.0,7150.0,7125.0,7125.0,47100
2026-03-16 14:30:00,7125.0,7150.0,7125.0,7125.0,199100
2026-03-16 14:35:00,7125.0,7150.0,7100.0,7100.0,140700
2026-03-16 14:40:00,7125.0,7125.0,7100.0,7100.0,62600
2026-03-16 14:45:00,7100.0,7125.0,7100.0,7100.0,16900
2026-03-16 14:50:00,7100.0,7125.0,7100.0,7100.0,16000
2026-03-16 14:55:00,7100.0,7125.0,7100.0,7100.0,17300
2026-03-16 15:00:00,7100.0,7125.0,7100.0,7100.0,67200
2026-03-16 15:05:00,7100.0,7125.0,7100.0,7100.0,22700
2026-03-16 15:10:00,7100.0,7125.0,7100.0,7100.0,119900
2026-03-16 15:15:00,7100.0,7125.0,7100.0,7100.0,29300
2026-03-16 15:20:00,7100.0,7125.0,7100.0,7100.0,14700
2026-03-16 15:25:00,7100.0,7125.0,7100.0,7100.0,64500
2026-03-16 15:30:00,7100.0,7125.0,7100.0,7125.0,166100
2026-03-16 15:35:00,7100.0,7125.0,7100.0,7125.0,205400
2026-03-16 15:40:00,7100.0,7100.0,7075.0,7075.0,243600
2026-03-16 15:45:00,7075.0,7100.0,7075.0,7100.0,175300
2026-03-16 16:00:00,7075.0,7075.0,7075.0,7075.0,111100
2026-03-16 16:05:00,7075.0,7075.0,7075.0,7075.0,0
2026-03-16 16:10:00,7075.0,7075.0,7075.0,7075.0,100
2026-03-17 09:00:00,7125.0,7225.0,7100.0,7200.0,0
2026-03-17 09:05:00,7200.0,7225.0,7200.0,7225.0,28300
2026-03-17 09:10:00,7225.0,7225.0,7200.0,7225.0,13800
2026-03-17 09:15:00,7225.0,7225.0,7175.0,7175.0,36500
2026-03-17 09:20:00,7175.0,7200.0,7150.0,7150.0,49800
2026-03-17 09:25:00,7175.0,7200.0,7150.0,7175.0,39100
2026-03-17 09:30:00,7175.0,7175.0,7150.0,7175.0,8400
2026-03-17 09:35:00,7175.0,7200.0,7150.0,7175.0,133600
2026-03-17 09:40:00,7175.0,7175.0,7150.0,7150.0,21200
2026-03-17 09:45:00,7150.0,7175.0,7150.0,7150.0,9300
2026-03-17 09:50:00,7150.0,7175.0,7150.0,7150.0,4800
2026-03-17 09:55:00,7150.0,7175.0,7150.0,7175.0,6400
2026-03-17 10:00:00,7175.0,7175.0,7150.0,7175.0,20200
2026-03-17 10:05:00,7175.0,7175.0,7125.0,7150.0,79000
2026-03-17 10:10:00,7150.0,7200.0,7150.0,7200.0,66000
2026-03-17 10:15:00,7200.0,7200.0,7175.0,7175.0,7500
2026-03-17 10:20:00,7200.0,7200.0,7175.0,7200.0,5800
2026-03-17 10:25:00,7200.0,7225.0,7175.0,7225.0,99100
2026-03-17 10:30:00,7225.0,7250.0,7225.0,7250.0,66500
2026-03-17 10:35:00,7250.0,7275.0,7225.0,7275.0,72700
2026-03-17 10:40:00,7275.0,7275.0,7250.0,7275.0,12700
2026-03-17 10:45:00,7250.0,7250.0,7200.0,7225.0,54800
2026-03-17 10:50:00,7225.0,7225.0,7200.0,7200.0,11600
2026-03-17 10:55:00,7200.0,7300.0,7200.0,7275.0,194400
2026-03-17 11:00:00,7300.0,7300.0,7250.0,7300.0,130000
2026-03-17 11:05:00,7300.0,7300.0,7275.0,7275.0,48900
2026-03-17 11:10:00,7275.0,7300.0,7275.0,7300.0,23800
2026-03-17 11:15:00,7300.0,7325.0,7275.0,7325.0,94400
2026-03-17 11:20:00,7325.0,7325.0,7300.0,7325.0,50400
2026-03-17 11:25:00,7300.0,7325.0,7300.0,7325.0,1300
2026-03-17 11:30:00,7325.0,7325.0,7300.0,7325.0,20500
2026-03-17 11:35:00,7325.0,7325.0,7300.0,7300.0,3400
2026-03-17 11:40:00,7325.0,7325.0,7300.0,7325.0,9100
2026-03-17 11:45:00,7325.0,7325.0,7300.0,7325.0,23700
2026-03-17 11:50:00,7300.0,7325.0,7300.0,7300.0,156700
2026-03-17 11:55:00,7300.0,7325.0,7275.0,7300.0,77400
2026-03-17 13:30:00,7275.0,7325.0,7275.0,7300.0,263100
2026-03-17 13:35:00,7300.0,7325.0,7300.0,7300.0,79300
2026-03-17 13:40:00,7300.0,7325.0,7300.0,7300.0,85400
2026-03-17 13:45:00,7300.0,7325.0,7275.0,7275.0,196800
2026-03-17 13:50:00,7275.0,7325.0,7275.0,7300.0,115300
2026-03-17 13:55:00,7275.0,7300.0,7275.0,7275.0,26000
2026-03-17 14:00:00,7300.0,7300.0,7275.0,7275.0,31300
2026-03-17 14:05:00,7275.0,7300.0,7275.0,7275.0,39600
2026-03-17 14:10:00,7275.0,7300.0,7275.0,7275.0,76500
2026-03-17 14:15:00,7275.0,7300.0,7275.0,7275.0,49100
2026-03-17 14:20:00,7275.0,7300.0,7200.0,7200.0,181800
2026-03-17 14:25:00,7225.0,7225.0,7200.0,7200.0,37800
2026-03-17 14:30:00,7200.0,7225.0,7175.0,7175.0,127200
2026-03-17 14:35:00,7175.0,7200.0,7175.0,7175.0,30200
2026-03-17 14:40:00,7175.0,7200.0,7175.0,7175.0,51500
2026-03-17 14:45:00,7175.0,7200.0,7175.0,7200.0,41800
2026-03-17 14:50:00,7175.0,7200.0,7150.0,7150.0,83500
2026-03-17 14:55:00,7150.0,7175.0,7150.0,7150.0,59400
2026-03-17 15:00:00,7150.0,7175.0,7150.0,7150.0,36500
2026-03-17 15:05:00,7150.0,7175.0,7150.0,7150.0,83000
2026-03-17 15:10:00,7150.0,7175.0,7150.0,7150.0,46800
2026-03-17 15:15:00,7150.0,7175.0,7150.0,7150.0,136300
2026-03-17 15:20:00,7150.0,7175.0,7150.0,7150.0,64000
2026-03-17 15:25:00,7150.0,7175.0,7150.0,7150.0,33300
2026-03-17 15:30:00,7150.0,7175.0,7125.0,7125.0,139900
2026-03-17 15:35:00,7125.0,7175.0,7125.0,7175.0,134000
2026-03-17 15:40:00,7175.0,7175.0,7150.0,7175.0,27400
2026-03-17 15:45:00,7150.0,7175.0,7125.0,7150.0,205000
2026-03-17 16:00:00,7100.0,7100.0,7100.0,7100.0,1189200
2026-03-17 16:10:00,7100.0,7100.0,7100.0,7100.0,200
2026-03-25 09:00:00,7150.0,7300.0,7125.0,7225.0,0
2026-03-25 09:05:00,7250.0,7250.0,7200.0,7225.0,71300
2026-03-25 09:10:00,7200.0,7225.0,7175.0,7175.0,89900
2026-03-25 09:15:00,7175.0,7200.0,7175.0,7175.0,57600
2026-03-25 09:20:00,7175.0,7200.0,7175.0,7175.0,20100
2026-03-25 09:25:00,7175.0,7225.0,7175.0,7200.0,207800
2026-03-25 09:30:00,7200.0,7225.0,7200.0,7200.0,9100
2026-03-25 09:35:00,7175.0,7225.0,7175.0,7200.0,9300
2026-03-25 09:40:00,7225.0,7225.0,7175.0,7200.0,67000
2026-03-25 09:45:00,7225.0,7225.0,7175.0,7175.0,75900
2026-03-25 09:50:00,7200.0,7200.0,7175.0,7200.0,215500
2026-03-25 09:55:00,7175.0,7200.0,7175.0,7200.0,21900
2026-03-25 10:00:00,7200.0,7200.0,7150.0,7175.0,58200
2026-03-25 10:05:00,7175.0,7175.0,7150.0,7175.0,49000
2026-03-25 10:10:00,7175.0,7200.0,7150.0,7200.0,84700
2026-03-25 10:15:00,7200.0,7225.0,7175.0,7200.0,57900
2026-03-25 10:20:00,7200.0,7225.0,7200.0,7225.0,3900
2026-03-25 10:25:00,7225.0,7225.0,7200.0,7200.0,87800
2026-03-25 10:30:00,7225.0,7225.0,7200.0,7200.0,14300
2026-03-25 10:35:00,7225.0,7225.0,7200.0,7200.0,4700
2026-03-25 10:40:00,7200.0,7225.0,7200.0,7200.0,3100
2026-03-25 10:45:00,7200.0,7225.0,7200.0,7200.0,5600
2026-03-25 10:50:00,7200.0,7225.0,7200.0,7200.0,20300
2026-03-25 10:55:00,7200.0,7200.0,7200.0,7200.0,3900
2026-03-25 11:00:00,7200.0,7225.0,7200.0,7200.0,69700
2026-03-25 11:05:00,7200.0,7225.0,7200.0,7200.0,12700
2026-03-25 11:10:00,7200.0,7225.0,7200.0,7225.0,20800
2026-03-25 11:15:00,7200.0,7225.0,7200.0,7200.0,17900
2026-03-25 11:20:00,7200.0,7225.0,7200.0,7200.0,44600
2026-03-25 11:25:00,7200.0,7250.0,7200.0,7225.0,28200
2026-03-25 11:30:00,7225.0,7250.0,7225.0,7225.0,51700
2026-03-25 11:35:00,7250.0,7250.0,7250.0,7250.0,1100
2026-03-25 11:40:00,7250.0,7250.0,7225.0,7250.0,18100
2026-03-25 11:45:00,7250.0,7250.0,7225.0,7250.0,6700
2026-03-25 11:50:00,7225.0,7250.0,7225.0,7250.0,8100
2026-03-25 11:55:00,7250.0,7250.0,7225.0,7250.0,34400
2026-03-25 13:30:00,7250.0,7275.0,7250.0,7250.0,100900
2026-03-25 13:35:00,7250.0,7250.0,7225.0,7250.0,4900
2026-03-25 13:40:00,7225.0,7250.0,7225.0,7250.0,5200
2026-03-25 13:45:00,7225.0,7250.0,7225.0,7250.0,5800
2026-03-25 13:50:00,7250.0,7250.0,7225.0,7225.0,8300
2026-03-25 13:55:00,7250.0,7250.0,7225.0,7250.0,4800
2026-03-25 14:00:00,7250.0,7250.0,7225.0,7225.0,31400
2026-03-25 14:05:00,7250.0,7250.0,7225.0,7250.0,16800
2026-03-25 14:10:00,7250.0,7275.0,7225.0,7275.0,38300
2026-03-25 14:15:00,7250.0,7275.0,7250.0,7250.0,38500
2026-03-25 14:20:00,7250.0,7250.0,7225.0,7250.0,1200
2026-03-25 14:25:00,7250.0,7250.0,7225.0,7250.0,5700
2026-03-25 14:30:00,7225.0,7250.0,7225.0,7225.0,91100
2026-03-25 14:35:00,7225.0,7250.0,7225.0,7250.0,64900
2026-03-25 14:40:00,7250.0,7250.0,7225.0,7225.0,4300
2026-03-25 14:45:00,7225.0,7250.0,7200.0,7200.0,46600
2026-03-25 14:50:00,7225.0,7225.0,7200.0,7225.0,4900
2026-03-25 14:55:00,7225.0,7250.0,7200.0,7250.0,55900
2026-03-25 15:00:00,7250.0,7250.0,7225.0,7225.0,4700
2026-03-25 15:05:00,7225.0,7250.0,7225.0,7225.0,8400
2026-03-25 15:10:00,7225.0,7250.0,7225.0,7225.0,6300
2026-03-25 15:15:00,7225.0,7250.0,7225.0,7250.0,36300
2026-03-25 15:20:00,7225.0,7250.0,7225.0,7250.0,11100
2026-03-25 15:25:00,7225.0,7250.0,7225.0,7250.0,6400
2026-03-25 15:30:00,7250.0,7250.0,7225.0,7250.0,8900
2026-03-25 15:35:00,7250.0,7275.0,7225.0,7275.0,101600
2026-03-25 15:40:00,7275.0,7275.0,7250.0,7250.0,12600
2026-03-25 15:45:00,7250.0,7275.0,7250.0,7250.0,27000
2026-03-25 16:00:00,7250.0,7250.0,7250.0,7250.0,115800
2026-03-25 16:05:00,7250.0,7250.0,7250.0,7250.0,300
2026-03-25 16:10:00,7250.0,7250.0,7250.0,7250.0,6000
2026-03-26 09:00:00,7275.0,7300.0,7250.0,7300.0,0
2026-03-26 09:05:00,7300.0,7300.0,7275.0,7300.0,9800
2026-03-26 09:10:00,7300.0,7300.0,7225.0,7250.0,309700
2026-03-26 09:15:00,7275.0,7275.0,7250.0,7250.0,4500
2026-03-26 09:20:00,7275.0,7275.0,7250.0,7275.0,21200
2026-03-26 09:25:00,7250.0,7350.0,7250.0,7350.0,101800
2026-03-26 09:30:00,7325.0,7375.0,7325.0,7325.0,76000
2026-03-26 09:35:00,7325.0,7350.0,7325.0,7325.0,39300
2026-03-26 09:40:00,7325.0,7350.0,7300.0,7300.0,56100
2026-03-26 09:45:00,7300.0,7350.0,7300.0,7325.0,65100
2026-03-26 09:50:00,7350.0,7375.0,7325.0,7350.0,90500
2026-03-26 09:55:00,7350.0,7350.0,7325.0,7325.0,9700
2026-03-26 10:00:00,7325.0,7375.0,7300.0,7325.0,356100
2026-03-26 10:05:00,7350.0,7375.0,7325.0,7325.0,7800
2026-03-26 10:10:00,7350.0,7350.0,7325.0,7350.0,5200
2026-03-26 10:15:00,7325.0,7350.0,7325.0,7325.0,3400
2026-03-26 10:20:00,7325.0,7325.0,7300.0,7300.0,7700
2026-03-26 10:25:00,7300.0,7325.0,7300.0,7325.0,11500
2026-03-26 10:30:00,7325.0,7350.0,7325.0,7350.0,10200
2026-03-26 10:35:00,7325.0,7350.0,7325.0,7350.0,1300
2026-03-26 10:40:00,7325.0,7350.0,7325.0,7350.0,2000
2026-03-26 10:45:00,7325.0,7325.0,7325.0,7325.0,28700
2026-03-26 10:50:00,7325.0,7325.0,7325.0,7325.0,10200
2026-03-26 10:55:00,7325.0,7350.0,7325.0,7350.0,3700
2026-03-26 11:00:00,7325.0,7350.0,7325.0,7350.0,16100
2026-03-26 11:05:00,7325.0,7325.0,7300.0,7325.0,17300
2026-03-26 11:10:00,7300.0,7325.0,7300.0,7325.0,10400
2026-03-26 11:15:00,7325.0,7350.0,7325.0,7350.0,3100
2026-03-26 11:20:00,7350.0,7350.0,7325.0,7350.0,800
2026-03-26 11:25:00,7350.0,7350.0,7300.0,7300.0,31600
2026-03-26 11:30:00,7300.0,7325.0,7300.0,7300.0,1300
2026-03-26 11:35:00,7325.0,7325.0,7300.0,7300.0,1300
2026-03-26 11:40:00,7300.0,7300.0,7300.0,7300.0,4100
2026-03-26 11:45:00,7300.0,7325.0,7300.0,7300.0,3100
2026-03-26 11:50:00,7300.0,7325.0,7300.0,7325.0,300
2026-03-26 11:55:00,7325.0,7325.0,7300.0,7300.0,10900
2026-03-26 13:30:00,7300.0,7325.0,7300.0,7300.0,27700
2026-03-26 13:35:00,7300.0,7325.0,7300.0,7300.0,24500
2026-03-26 13:40:00,7300.0,7300.0,7275.0,7275.0,100500
2026-03-26 13:45:00,7250.0,7250.0,7225.0,7250.0,108100
2026-03-26 13:50:00,7225.0,7250.0,7225.0,7225.0,15100
2026-03-26 13:55:00,7225.0,7250.0,7225.0,7225.0,54400
2026-03-26 14:00:00,7225.0,7250.0,7225.0,7225.0,21600
2026-03-26 14:05:00,7225.0,7250.0,7225.0,7250.0,19900
2026-03-26 14:10:00,7250.0,7250.0,7225.0,7250.0,5600
2026-03-26 14:15:00,7225.0,7250.0,7225.0,7225.0,2800
2026-03-26 14:20:00,7225.0,7225.0,7225.0,7225.0,2300
2026-03-26 14:25:00,7225.0,7225.0,7225.0,7225.0,42800
2026-03-26 14:30:00,7225.0,7250.0,7225.0,7250.0,1600
2026-03-26 14:35:00,7250.0,7250.0,7225.0,7225.0,6400
2026-03-26 14:40:00,7225.0,7250.0,7225.0,7250.0,3900
2026-03-26 14:45:00,7250.0,7250.0,7225.0,7250.0,132000
2026-03-26 14:50:00,7275.0,7325.0,7250.0,7300.0,135100
2026-03-26 14:55:00,7275.0,7300.0,7275.0,7300.0,1600
2026-03-26 15:00:00,7300.0,7300.0,7275.0,7275.0,1800
2026-03-26 15:05:00,7275.0,7275.0,7250.0,7250.0,98300
2026-03-26 15:10:00,7250.0,7300.0,7250.0,7300.0,5700
2026-03-26 15:15:00,7300.0,7300.0,7275.0,7275.0,17900
2026-03-26 15:20:00,7275.0,7275.0,7250.0,7275.0,21400
2026-03-26 15:25:00,7275.0,7275.0,7250.0,7250.0,6100
2026-03-26 15:30:00,7275.0,7275.0,7250.0,7275.0,10000
2026-03-26 15:35:00,7275.0,7275.0,7250.0,7275.0,13400
2026-03-26 15:40:00,7250.0,7275.0,7250.0,7275.0,15000
2026-03-26 15:45:00,7275.0,7275.0,7250.0,7250.0,16100
2026-03-26 16:00:00,7275.0,7275.0,7275.0,7275.0,122600
2026-03-26 16:05:00,7275.0,7275.0,7275.0,7275.0,2400
2026-03-26 16:10:00,7275.0,7275.0,7275.0,7275.0,73900
2026-03-27 09:00:00,7300.0,7300.0,7225.0,7250.0,0
2026-03-27 09:05:00,7275.0,7275.0,7275.0,7275.0,600
2026-03-27 09:10:00,7250.0,7275.0,7250.0,7275.0,8700
2026-03-27 09:15:00,7250.0,7275.0,7250.0,7250.0,4000
2026-03-27 09:20:00,7250.0,7275.0,7250.0,7250.0,3400
2026-03-27 09:25:00,7250.0,7275.0,7200.0,7225.0,61000
2026-03-27 09:30:00,7225.0,7225.0,7175.0,7200.0,130300
2026-03-27 09:35:00,7225.0,7225.0,7175.0,7200.0,13700
2026-03-27 09:40:00,7200.0,7200.0,7150.0,7175.0,41500
2026-03-27 09:45:00,7175.0,7175.0,7150.0,7175.0,15000
2026-03-27 09:50:00,7175.0,7225.0,7150.0,7175.0,222600
2026-03-27 09:55:00,7200.0,7200.0,7175.0,7175.0,10700
2026-03-27 10:00:00,7175.0,7200.0,7175.0,7175.0,2700
2026-03-27 10:05:00,7200.0,7200.0,7175.0,7175.0,3700
2026-03-27 10:10:00,7200.0,7200.0,7175.0,7200.0,64100
2026-03-27 10:15:00,7200.0,7200.0,7175.0,7200.0,12300
2026-03-27 10:20:00,7200.0,7200.0,7175.0,7175.0,3400
2026-03-27 10:25:00,7200.0,7200.0,7175.0,7175.0,43600
2026-03-27 10:30:00,7175.0,7175.0,7125.0,7150.0,140400
2026-03-27 10:35:00,7150.0,7150.0,7125.0,7150.0,11700
2026-03-27 10:40:00,7150.0,7150.0,7100.0,7150.0,175200
2026-03-27 10:45:00,7150.0,7150.0,7125.0,7150.0,10100
2026-03-27 10:50:00,7150.0,7150.0,7125.0,7150.0,6400
2026-03-27 10:55:00,7125.0,7150.0,7125.0,7125.0,25900
2026-03-27 11:00:00,7125.0,7150.0,7125.0,7125.0,10900
2026-03-27 11:05:00,7125.0,7150.0,7125.0,7125.0,30400
2026-03-27 11:10:00,7125.0,7125.0,7125.0,7125.0,2600
2026-03-27 11:15:00,7150.0,7150.0,7100.0,7100.0,87500
2026-03-27 11:20:00,7100.0,7125.0,7100.0,7125.0,54400
2026-03-27 11:25:00,7100.0,7125.0,7100.0,7100.0,227400
2026-03-27 14:00:00,7125.0,7150.0,7100.0,7125.0,107700
2026-03-27 14:05:00,7150.0,7150.0,7125.0,7125.0,7000
2026-03-27 14:10:00,7125.0,7150.0,7125.0,7150.0,7200
2026-03-27 14:15:00,7125.0,7150.0,7125.0,7125.0,14300
2026-03-27 14:20:00,7125.0,7150.0,7125.0,7125.0,16600
2026-03-27 14:25:00,7150.0,7150.0,7100.0,7100.0,238800
2026-03-27 14:30:00,7100.0,7125.0,7100.0,7125.0,30600
2026-03-27 14:35:00,7125.0,7125.0,7100.0,7100.0,38900
2026-03-27 14:40:00,7100.0,7125.0,7100.0,7100.0,27600
2026-03-27 14:45:00,7100.0,7125.0,7100.0,7100.0,32600
2026-03-27 14:50:00,7100.0,7125.0,7100.0,7100.0,43500
2026-03-27 14:55:00,7100.0,7125.0,7100.0,7125.0,19500
2026-03-27 15:00:00,7100.0,7125.0,7100.0,7100.0,88400
2026-03-27 15:05:00,7125.0,7125.0,7100.0,7100.0,45500
2026-03-27 15:10:00,7125.0,7125.0,7100.0,7125.0,65700
2026-03-27 15:15:00,7100.0,7125.0,7100.0,7100.0,37400
2026-03-27 15:20:00,7125.0,7125.0,7100.0,7100.0,75500
2026-03-27 15:25:00,7100.0,7125.0,7100.0,7125.0,20200
2026-03-27 15:30:00,7100.0,7125.0,7100.0,7125.0,129600
2026-03-27 15:35:00,7100.0,7125.0,7100.0,7100.0,41900
2026-03-27 15:40:00,7100.0,7125.0,7100.0,7100.0,91500
2026-03-27 15:45:00,7100.0,7150.0,7100.0,7150.0,129500
2026-03-27 16:00:00,7100.0,7100.0,7100.0,7100.0,45400
2026-03-27 16:05:00,7100.0,7100.0,7100.0,7100.0,3400
2026-03-27 16:10:00,7100.0,7100.0,7100.0,7100.0,300
2026-03-30 09:00:00,7100.0,7125.0,7075.0,7100.0,0
2026-03-30 09:05:00,7100.0,7100.0,7075.0,7100.0,21600
2026-03-30 09:10:00,7075.0,7100.0,7075.0,7075.0,30500
2026-03-30 09:15:00,7075.0,7100.0,7075.0,7100.0,32500
2026-03-30 09:20:00,7100.0,7100.0,7075.0,7100.0,10900
2026-03-30 09:25:00,7100.0,7125.0,7075.0,7125.0,27400
2026-03-30 09:30:00,7100.0,7150.0,7100.0,7150.0,75300
2026-03-30 09:35:00,7150.0,7150.0,7100.0,7125.0,58500
2026-03-30 09:40:00,7125.0,7125.0,7100.0,7125.0,4500
2026-03-30 09:45:00,7125.0,7125.0,7100.0,7125.0,9100
2026-03-30 09:50:00,7100.0,7125.0,7100.0,7125.0,21300
2026-03-30 09:55:00,7125.0,7125.0,7075.0,7100.0,225000
2026-03-30 10:00:00,7125.0,7125.0,7100.0,7100.0,73500
2026-03-30 10:05:00,7100.0,7100.0,7075.0,7100.0,11100
2026-03-30 10:10:00,7100.0,7125.0,7075.0,7100.0,201100
2026-03-30 10:15:00,7100.0,7125.0,7075.0,7125.0,30900
2026-03-30 10:20:00,7125.0,7125.0,7125.0,7125.0,16300
2026-03-30 10:25:00,7125.0,7125.0,7100.0,7125.0,9600
2026-03-30 10:30:00,7125.0,7125.0,7125.0,7125.0,27700
2026-03-30 10:35:00,7125.0,7150.0,7125.0,7150.0,6800
2026-03-30 10:40:00,7150.0,7150.0,7125.0,7150.0,6600
2026-03-30 10:45:00,7150.0,7150.0,7125.0,7150.0,12600
2026-03-30 10:50:00,7150.0,7150.0,7125.0,7125.0,9300
2026-03-30 10:55:00,7150.0,7150.0,7125.0,7150.0,3800
2026-03-30 11:00:00,7150.0,7150.0,7125.0,7125.0,11100
2026-03-30 11:05:00,7125.0,7150.0,7100.0,7125.0,34700
2026-03-30 11:10:00,7125.0,7125.0,7125.0,7125.0,1700
2026-03-30 11:15:00,7100.0,7125.0,7100.0,7100.0,3300
2026-03-30 11:20:00,7125.0,7125.0,7100.0,7125.0,11000
2026-03-30 11:25:00,7125.0,7150.0,7125.0,7150.0,20800
2026-03-30 11:30:00,7150.0,7150.0,7125.0,7125.0,36700
2026-03-30 11:35:00,7125.0,7150.0,7100.0,7150.0,19300
2026-03-30 11:40:00,7150.0,7150.0,7125.0,7150.0,5900
2026-03-30 11:45:00,7150.0,7150.0,7125.0,7150.0,5600
2026-03-30 11:50:00,7125.0,7150.0,7125.0,7125.0,17200
2026-03-30 11:55:00,7150.0,7150.0,7125.0,7150.0,21500
2026-03-30 13:30:00,7150.0,7150.0,7125.0,7150.0,19900
2026-03-30 13:35:00,7150.0,7150.0,7125.0,7150.0,24500
2026-03-30 13:40:00,7150.0,7150.0,7125.0,7150.0,29800
2026-03-30 13:45:00,7150.0,7150.0,7100.0,7125.0,48100
2026-03-30 13:50:00,7125.0,7125.0,7100.0,7100.0,10800
2026-03-30 13:55:00,7125.0,7125.0,7100.0,7125.0,27400
2026-03-30 14:00:00,7125.0,7150.0,7100.0,7125.0,102500
2026-03-30 14:05:00,7125.0,7150.0,7125.0,7150.0,55000
2026-03-30 14:10:00,7150.0,7150.0,7125.0,7150.0,18300
2026-03-30 14:15:00,7150.0,7150.0,7125.0,7150.0,147500
2026-03-30 14:20:00,7175.0,7175.0,7150.0,7150.0,8500
2026-03-30 14:25:00,7175.0,7175.0,7150.0,7150.0,18800
2026-03-30 14:30:00,7175.0,7175.0,7150.0,7175.0,33000
2026-03-30 14:35:00,7175.0,7175.0,7150.0,7175.0,7000
2026-03-30 14:40:00,7175.0,7200.0,7175.0,7175.0,106400
2026-03-30 14:45:00,7175.0,7200.0,7150.0,7200.0,26000
2026-03-30 14:50:00,7200.0,7200.0,7175.0,7200.0,6800
2026-03-30 14:55:00,7200.0,7225.0,7175.0,7225.0,106100
2026-03-30 15:00:00,7225.0,7225.0,7175.0,7200.0,22800
2026-03-30 15:05:00,7200.0,7200.0,7175.0,7175.0,9900
2026-03-30 15:10:00,7200.0,7200.0,7175.0,7200.0,6700
2026-03-30 15:15:00,7200.0,7225.0,7175.0,7225.0,109300
2026-03-30 15:20:00,7225.0,7225.0,7200.0,7200.0,32500
2026-03-30 15:25:00,7225.0,7225.0,7175.0,7175.0,59700
2026-03-30 15:30:00,7150.0,7225.0,7150.0,7225.0,66800
2026-03-30 15:35:00,7225.0,7225.0,7200.0,7225.0,8400
2026-03-30 15:40:00,7225.0,7225.0,7200.0,7200.0,39600
2026-03-30 15:45:00,7225.0,7225.0,7200.0,7200.0,33800
2026-03-30 16:00:00,7225.0,7225.0,7225.0,7225.0,163200
2026-03-30 16:05:00,7225.0,7225.0,7225.0,7225.0,300
2026-03-30 16:10:00,7225.0,7225.0,7225.0,7225.0,4900
2026-03-31 09:00:00,7325.0,7400.0,7300.0,7400.0,0
2026-03-31 09:05:00,7400.0,7450.0,7375.0,7425.0,659800
2026-03-31 09:10:00,7400.0,7450.0,7400.0,7400.0,420100
2026-03-31 09:15:00,7400.0,7450.0,7400.0,7425.0,293200
2026-03-31 09:20:00,7425.0,7450.0,7375.0,7400.0,236200
2026-03-31 09:25:00,7375.0,7400.0,7350.0,7375.0,109900
2026-03-31 09:30:00,7375.0,7375.0,7350.0,7375.0,156500
2026-03-31 09:35:00,7350.0,7375.0,7350.0,7350.0,53400
2026-03-31 09:40:00,7350.0,7375.0,7350.0,7350.0,210100
2026-03-31 09:45:00,7350.0,7375.0,7350.0,7350.0,22600
2026-03-31 09:50:00,7350.0,7375.0,7350.0,7350.0,36000
2026-03-31 09:55:00,7350.0,7375.0,7350.0,7350.0,40900
2026-03-31 10:00:00,7375.0,7375.0,7350.0,7375.0,150700
2026-03-31 10:05:00,7350.0,7375.0,7350.0,7350.0,64200
2026-03-31 10:10:00,7375.0,7375.0,7350.0,7350.0,172100
2026-03-31 10:15:00,7375.0,7375.0,7350.0,7350.0,34300
2026-03-31 10:20:00,7350.0,7375.0,7350.0,7350.0,12700
2026-03-31 10:25:00,7350.0,7400.0,7350.0,7400.0,426900
2026-03-31 10:30:00,7375.0,7400.0,7375.0,7375.0,106600
2026-03-31 10:35:00,7375.0,7375.0,7175.0,7250.0,1389200
2026-03-31 10:40:00,7250.0,7275.0,7200.0,7225.0,106000
2026-03-31 10:45:00,7200.0,7225.0,7200.0,7225.0,22400
2026-03-31 10:50:00,7225.0,7225.0,7200.0,7225.0,107200
2026-03-31 10:55:00,7225.0,7225.0,7150.0,7175.0,247700
2026-03-31 11:00:00,7175.0,7200.0,7150.0,7200.0,183100
2026-03-31 11:05:00,7200.0,7225.0,7175.0,7200.0,48400
2026-03-31 11:10:00,7200.0,7200.0,7175.0,7200.0,35600
2026-03-31 11:15:00,7175.0,7200.0,7175.0,7200.0,14000
2026-03-31 11:20:00,7200.0,7200.0,7175.0,7175.0,40400
2026-03-31 11:25:00,7175.0,7200.0,7175.0,7200.0,64300
2026-03-31 11:30:00,7200.0,7200.0,7175.0,7175.0,36800
2026-03-31 11:35:00,7175.0,7200.0,7175.0,7175.0,66000
2026-03-31 11:40:00,7200.0,7200.0,7175.0,7200.0,22800
2026-03-31 11:45:00,7200.0,7250.0,7175.0,7250.0,147100
2026-03-31 11:50:00,7250.0,7250.0,7200.0,7200.0,51200
2026-03-31 11:55:00,7200.0,7225.0,7175.0,7200.0,127400
2026-03-31 13:30:00,7225.0,7225.0,7200.0,7200.0,56100
2026-03-31 13:35:00,7200.0,7200.0,7175.0,7200.0,117200
2026-03-31 13:40:00,7175.0,7200.0,7175.0,7200.0,59400
2026-03-31 13:45:00,7200.0,7200.0,7175.0,7175.0,86300
2026-03-31 13:50:00,7200.0,7225.0,7175.0,7200.0,144800
2026-03-31 13:55:00,7175.0,7200.0,7175.0,7175.0,22700
2026-03-31 14:00:00,7175.0,7200.0,7175.0,7175.0,28400
2026-03-31 14:05:00,7200.0,7200.0,7175.0,7200.0,15000
2026-03-31 14:10:00,7200.0,7225.0,7175.0,7200.0,91800
2026-03-31 14:15:00,7200.0,7225.0,7175.0,7200.0,262100
2026-03-31 14:20:00,7200.0,7225.0,7175.0,7200.0,100500
2026-03-31 14:25:00,7200.0,7200.0,7175.0,7200.0,53700
2026-03-31 14:30:00,7225.0,7225.0,7175.0,7225.0,99300
2026-03-31 14:35:00,7225.0,7225.0,7175.0,7200.0,79800
2026-03-31 14:40:00,7200.0,7200.0,7175.0,7175.0,91600
2026-03-31 14:45:00,7200.0,7200.0,7175.0,7200.0,22000
2026-03-31 14:50:00,7200.0,7200.0,7175.0,7200.0,47400
2026-03-31 14:55:00,7175.0,7200.0,7175.0,7200.0,67500
2026-03-31 15:00:00,7200.0,7225.0,7175.0,7200.0,65200
2026-03-31 15:05:00,7200.0,7200.0,7175.0,7175.0,19300
2026-03-31 15:10:00,7175.0,7200.0,7150.0,7175.0,396600
2026-03-31 15:15:00,7200.0,7225.0,7175.0,7225.0,416700
2026-03-31 15:20:00,7225.0,7225.0,7200.0,7225.0,146200
2026-03-31 15:25:00,7225.0,7225.0,7175.0,7175.0,124500
2026-03-31 15:30:00,7200.0,7225.0,7200.0,7225.0,69100
2026-03-31 15:35:00,7225.0,7275.0,7200.0,7225.0,158600
2026-03-31 15:40:00,7250.0,7275.0,7225.0,7250.0,254600
2026-03-31 15:45:00,7300.0,7325.0,7225.0,7300.0,324200
2026-03-31 16:00:00,7350.0,7350.0,7350.0,7350.0,762200
2026-03-31 16:05:00,7350.0,7350.0,7350.0,7350.0,0
2026-03-31 16:10:00,7350.0,7350.0,7350.0,7350.0,5200
2026-04-01 09:00:00,7375.0,7375.0,7275.0,7325.0,0
2026-04-01 09:05:00,7325.0,7350.0,7325.0,7350.0,29400
2026-04-01 09:10:00,7325.0,7350.0,7325.0,7325.0,25400
2026-04-01 09:15:00,7350.0,7350.0,7325.0,7350.0,4700
2026-04-01 09:20:00,7350.0,7350.0,7325.0,7325.0,20100
2026-04-01 09:25:00,7350.0,7350.0,7325.0,7350.0,98000
2026-04-01 09:30:00,7325.0,7350.0,7300.0,7325.0,89400
2026-04-01 09:35:00,7325.0,7325.0,7300.0,7325.0,20400
2026-04-01 09:40:00,7325.0,7325.0,7300.0,7300.0,11000
2026-04-01 09:45:00,7300.0,7325.0,7300.0,7325.0,18800
2026-04-01 09:50:00,7325.0,7325.0,7300.0,7300.0,16700
2026-04-01 09:55:00,7325.0,7325.0,7300.0,7300.0,2000
2026-04-01 10:00:00,7325.0,7325.0,7300.0,7325.0,42400
2026-04-01 10:05:00,7325.0,7325.0,7300.0,7325.0,6600
2026-04-01 10:10:00,7325.0,7350.0,7300.0,7325.0,24200
2026-04-01 10:15:00,7325.0,7350.0,7325.0,7325.0,9200
2026-04-01 10:20:00,7350.0,7350.0,7325.0,7350.0,8500
2026-04-01 10:25:00,7350.0,7350.0,7350.0,7350.0,15600
2026-04-01 10:30:00,7350.0,7375.0,7350.0,7350.0,141500
2026-04-01 10:35:00,7350.0,7375.0,7350.0,7375.0,7700
2026-04-01 10:40:00,7350.0,7375.0,7350.0,7350.0,5600
2026-04-01 10:45:00,7350.0,7375.0,7350.0,7375.0,5200
2026-04-01 10:50:00,7375.0,7375.0,7350.0,7350.0,5200
2026-04-01 10:55:00,7375.0,7375.0,7350.0,7375.0,46800
2026-04-01 11:00:00,7350.0,7350.0,7350.0,7350.0,4500
2026-04-01 11:05:00,7350.0,7375.0,7350.0,7350.0,13500
2026-04-01 11:10:00,7375.0,7375.0,7350.0,7350.0,34800
2026-04-01 11:15:00,7350.0,7375.0,7350.0,7375.0,0
2026-04-01 11:20:00,7375.0,7375.0,7350.0,7350.0,29200
2026-04-01 11:25:00,7350.0,7375.0,7350.0,7375.0,2200
2026-04-01 11:30:00,7350.0,7375.0,7350.0,7350.0,2000
2026-04-01 11:35:00,7350.0,7375.0,7350.0,7375.0,2000
2026-04-01 11:40:00,7375.0,7375.0,7350.0,7350.0,3800
2026-04-01 11:45:00,7350.0,7375.0,7300.0,7300.0,119900
2026-04-01 11:50:00,7325.0,7350.0,7325.0,7350.0,25700
2026-04-01 11:55:00,7350.0,7350.0,7325.0,7325.0,20100
2026-04-01 13:30:00,7350.0,7350.0,7325.0,7350.0,45800
2026-04-01 13:35:00,7350.0,7375.0,7350.0,7375.0,2900
2026-04-01 13:40:00,7375.0,7400.0,7375.0,7400.0,236200
2026-04-01 13:45:00,7400.0,7400.0,7375.0,7400.0,2300
2026-04-01 13:50:00,7400.0,7400.0,7375.0,7375.0,5700
2026-04-01 13:55:00,7400.0,7400.0,7375.0,7375.0,25800
2026-04-01 14:00:00,7350.0,7375.0,7350.0,7375.0,42500
2026-04-01 14:05:00,7400.0,7400.0,7400.0,7400.0,3200
2026-04-01 14:10:00,7375.0,7400.0,7375.0,7375.0,6700
2026-04-01 14:15:00,7400.0,7400.0,7375.0,7375.0,45600
2026-04-01 14:20:00,7375.0,7375.0,7375.0,7375.0,8900
2026-04-01 14:25:00,7375.0,7375.0,7350.0,7375.0,20500
2026-04-01 14:30:00,7350.0,7375.0,7350.0,7375.0,1700
2026-04-01 14:35:00,7375.0,7375.0,7350.0,7375.0,1200
2026-04-01 14:40:00,7350.0,7425.0,7350.0,7400.0,142800
2026-04-01 14:45:00,7400.0,7400.0,7375.0,7400.0,11200
2026-04-01 14:50:00,7375.0,7400.0,7375.0,7400.0,60200
2026-04-01 14:55:00,7400.0,7425.0,7400.0,7400.0,31500
2026-04-01 15:00:00,7400.0,7425.0,7375.0,7400.0,55300
2026-04-01 15:05:00,7400.0,7425.0,7400.0,7425.0,132200
2026-04-01 15:10:00,7425.0,7450.0,7425.0,7425.0,20700
2026-04-01 15:15:00,7425.0,7425.0,7400.0,7400.0,4000
2026-04-01 15:20:00,7425.0,7425.0,7400.0,7400.0,6300
2026-04-01 15:25:00,7425.0,7425.0,7400.0,7400.0,3300
2026-04-01 15:30:00,7425.0,7425.0,7375.0,7400.0,54500
2026-04-01 15:35:00,7375.0,7400.0,7375.0,7400.0,17700
2026-04-01 15:40:00,7375.0,7400.0,7350.0,7375.0,141600
2026-04-01 15:45:00,7375.0,7375.0,7325.0,7350.0,290900
2026-04-01 16:00:00,7400.0,7400.0,7400.0,7400.0,152600
2026-04-01 16:05:00,7400.0,7400.0,7400.0,7400.0,3300
2026-04-01 16:10:00,7400.0,7400.0,7400.0,7400.0,0
2026-04-02 09:00:00,7350.0,7425.0,7350.0,7375.0,0
2026-04-02 09:05:00,7375.0,7425.0,7375.0,7400.0,107300
2026-04-02 09:10:00,7400.0,7425.0,7400.0,7400.0,47900
2026-04-02 09:15:00,7400.0,7400.0,7375.0,7400.0,37200
2026-04-02 09:20:00,7400.0,7400.0,7375.0,7400.0,11800
2026-04-02 09:25:00,7400.0,7400.0,7375.0,7400.0,19800
2026-04-02 09:30:00,7400.0,7400.0,7375.0,7400.0,8500
2026-04-02 09:35:00,7375.0,7425.0,7375.0,7400.0,95300
2026-04-02 09:40:00,7425.0,7425.0,7375.0,7425.0,23900
2026-04-02 09:45:00,7425.0,7425.0,7400.0,7425.0,17300
2026-04-02 09:50:00,7425.0,7425.0,7400.0,7425.0,50500
2026-04-02 09:55:00,7400.0,7450.0,7375.0,7425.0,193300
2026-04-02 10:00:00,7425.0,7450.0,7400.0,7425.0,61100
2026-04-02 10:05:00,7450.0,7450.0,7425.0,7450.0,28200
2026-04-02 10:10:00,7450.0,7450.0,7425.0,7450.0,31800
2026-04-02 10:15:00,7450.0,7450.0,7400.0,7425.0,65800
2026-04-02 10:20:00,7425.0,7450.0,7425.0,7425.0,67000
2026-04-02 10:25:00,7450.0,7475.0,7425.0,7450.0,91600
2026-04-02 10:30:00,7450.0,7450.0,7425.0,7450.0,16000
2026-04-02 10:35:00,7425.0,7450.0,7425.0,7450.0,41500
2026-04-02 10:40:00,7450.0,7475.0,7425.0,7450.0,40900
2026-04-02 10:45:00,7450.0,7450.0,7425.0,7450.0,29100
2026-04-02 10:50:00,7450.0,7450.0,7425.0,7450.0,25500
2026-04-02 10:55:00,7450.0,7475.0,7425.0,7450.0,34400
2026-04-02 11:00:00,7425.0,7450.0,7400.0,7425.0,62500
2026-04-02 11:05:00,7425.0,7425.0,7400.0,7425.0,14900
2026-04-02 11:10:00,7400.0,7425.0,7400.0,7425.0,18000
2026-04-02 11:15:00,7400.0,7425.0,7400.0,7400.0,21000
2026-04-02 11:20:00,7425.0,7425.0,7400.0,7425.0,34300
2026-04-02 11:25:00,7425.0,7425.0,7400.0,7425.0,28300
2026-04-02 11:30:00,7400.0,7425.0,7400.0,7400.0,20400
2026-04-02 11:35:00,7425.0,7450.0,7400.0,7450.0,18800
2026-04-02 11:40:00,7450.0,7450.0,7425.0,7450.0,22400
2026-04-02 11:45:00,7450.0,7450.0,7400.0,7400.0,56800
2026-04-02 11:50:00,7400.0,7425.0,7400.0,7425.0,21600
2026-04-02 11:55:00,7425.0,7450.0,7400.0,7425.0,22000
2026-04-02 13:30:00,7425.0,7450.0,7425.0,7450.0,86200
2026-04-02 13:35:00,7425.0,7450.0,7400.0,7425.0,50200
2026-04-02 13:40:00,7425.0,7450.0,7425.0,7450.0,64300
2026-04-02 13:45:00,7425.0,7450.0,7425.0,7450.0,53400
2026-04-02 13:50:00,7450.0,7450.0,7425.0,7450.0,22500
2026-04-02 13:55:00,7425.0,7450.0,7425.0,7425.0,40100
2026-04-02 14:00:00,7450.0,7450.0,7400.0,7425.0,51700
2026-04-02 14:05:00,7450.0,7450.0,7375.0,7375.0,196100
2026-04-02 14:10:00,7400.0,7400.0,7350.0,7375.0,165800
2026-04-02 14:15:00,7350.0,7375.0,7350.0,7350.0,59800
2026-04-02 14:20:00,7350.0,7375.0,7350.0,7375.0,84400
2026-04-02 14:25:00,7375.0,7375.0,7350.0,7350.0,24000
2026-04-02 14:30:00,7375.0,7375.0,7350.0,7375.0,41700
2026-04-02 14:35:00,7375.0,7375.0,7350.0,7375.0,23900
2026-04-02 14:40:00,7375.0,7375.0,7350.0,7375.0,98700
2026-04-02 14:45:00,7375.0,7375.0,7350.0,7375.0,63200
2026-04-02 14:50:00,7375.0,7375.0,7350.0,7350.0,40500
2026-04-02 14:55:00,7375.0,7400.0,7350.0,7400.0,73200
2026-04-02 15:00:00,7400.0,7400.0,7400.0,7400.0,26400
2026-04-02 15:05:00,7400.0,7400.0,7375.0,7375.0,39400
2026-04-02 15:10:00,7400.0,7400.0,7375.0,7400.0,19400
2026-04-02 15:15:00,7400.0,7400.0,7400.0,7400.0,41200
2026-04-02 15:20:00,7400.0,7400.0,7350.0,7375.0,74200
2026-04-02 15:25:00,7375.0,7400.0,7375.0,7400.0,51500
2026-04-02 15:30:00,7400.0,7400.0,7375.0,7400.0,37300
2026-04-02 15:35:00,7400.0,7400.0,7350.0,7375.0,65300
2026-04-02 15:40:00,7350.0,7375.0,7350.0,7375.0,148100
2026-04-02 15:45:00,7375.0,7375.0,7350.0,7375.0,66300
2026-04-02 16:00:00,7375.0,7375.0,7375.0,7375.0,156200
2026-04-02 16:05:00,7375.0,7375.0,7375.0,7375.0,1300
2026-04-02 16:10:00,7375.0,7375.0,7375.0,7375.0,15500
2026-04-06 09:00:00,7375.0,7375.0,7325.0,7325.0,0
2026-04-06 09:05:00,7325.0,7350.0,7325.0,7350.0,7600
2026-04-06 09:10:00,7350.0,7350.0,7300.0,7350.0,16500
2026-04-06 09:15:00,7325.0,7350.0,7325.0,7350.0,12700
2026-04-06 09:20:00,7350.0,7350.0,7325.0,7325.0,58900
2026-04-06 09:25:00,7325.0,7350.0,7325.0,7325.0,14200
2026-04-06 09:30:00,7325.0,7325.0,7275.0,7300.0,139100
2026-04-06 09:35:00,7300.0,7325.0,7300.0,7325.0,8500
2026-04-06 09:40:00,7300.0,7325.0,7300.0,7300.0,29200
2026-04-06 09:45:00,7300.0,7300.0,7275.0,7275.0,69100
2026-04-06 09:50:00,7275.0,7300.0,7275.0,7275.0,93300
2026-04-06 09:55:00,7300.0,7300.0,7275.0,7275.0,4300
2026-04-06 10:00:00,7300.0,7300.0,7275.0,7275.0,37900
2026-04-06 10:05:00,7250.0,7275.0,7250.0,7250.0,51500
2026-04-06 10:10:00,7250.0,7275.0,7250.0,7250.0,36100
2026-04-06 10:15:00,7275.0,7275.0,7250.0,7250.0,8600
2026-04-06 10:20:00,7250.0,7250.0,7250.0,7250.0,1500
2026-04-06 10:25:00,7250.0,7300.0,7250.0,7300.0,33400
2026-04-06 10:30:00,7300.0,7300.0,7250.0,7250.0,47000
2026-04-06 10:35:00,7275.0,7275.0,7250.0,7275.0,6500
2026-04-06 10:40:00,7275.0,7275.0,7250.0,7275.0,6500
2026-04-06 10:45:00,7250.0,7275.0,7250.0,7250.0,9400
2026-04-06 10:50:00,7275.0,7300.0,7250.0,7300.0,47200
2026-04-06 10:55:00,7300.0,7300.0,7275.0,7275.0,8400
2026-04-06 11:00:00,7275.0,7300.0,7275.0,7300.0,8600
2026-04-06 11:05:00,7300.0,7300.0,7275.0,7300.0,10700
2026-04-06 11:10:00,7300.0,7300.0,7275.0,7300.0,9300
2026-04-06 11:15:00,7300.0,7300.0,7275.0,7275.0,5000
2026-04-06 11:20:00,7275.0,7300.0,7275.0,7300.0,41600
2026-04-06 11:25:00,7275.0,7275.0,7275.0,7275.0,9000
2026-04-06 11:30:00,7275.0,7300.0,7275.0,7275.0,6000
2026-04-06 11:35:00,7300.0,7300.0,7275.0,7275.0,5900
2026-04-06 11:40:00,7300.0,7300.0,7300.0,7300.0,4500
2026-04-06 11:45:00,7300.0,7300.0,7275.0,7300.0,6100
2026-04-06 11:50:00,7300.0,7300.0,7275.0,7275.0,26500
2026-04-06 11:55:00,7275.0,7300.0,7275.0,7300.0,2500
2026-04-06 13:30:00,7300.0,7350.0,7300.0,7350.0,183600
2026-04-06 13:35:00,7350.0,7375.0,7350.0,7350.0,29800
2026-04-06 13:40:00,7350.0,7375.0,7350.0,7375.0,1700
2026-04-06 13:45:00,7350.0,7350.0,7325.0,7325.0,43000
2026-04-06 13:50:00,7350.0,7350.0,7325.0,7350.0,12500
2026-04-06 13:55:00,7375.0,7375.0,7350.0,7350.0,15800
2026-04-06 14:00:00,7350.0,7350.0,7325.0,7350.0,16700
2026-04-06 14:05:00,7375.0,7375.0,7350.0,7350.0,2000
2026-04-06 14:10:00,7350.0,7375.0,7350.0,7350.0,5300
2026-04-06 14:15:00,7350.0,7350.0,7350.0,7350.0,3200
2026-04-06 14:20:00,7350.0,7375.0,7350.0,7375.0,28200
2026-04-06 14:25:00,7375.0,7425.0,7350.0,7400.0,97300
2026-04-06 14:30:00,7375.0,7400.0,7375.0,7400.0,4900
2026-04-06 14:35:00,7400.0,7425.0,7400.0,7400.0,17200
2026-04-06 14:40:00,7400.0,7400.0,7375.0,7400.0,6800
2026-04-06 14:45:00,7400.0,7425.0,7400.0,7425.0,6900
2026-04-06 14:50:00,7400.0,7400.0,7375.0,7400.0,67300
2026-04-06 14:55:00,7400.0,7425.0,7400.0,7425.0,51100
2026-04-06 15:00:00,7425.0,7425.0,7400.0,7425.0,400
2026-04-06 15:05:00,7425.0,7425.0,7425.0,7425.0,34600
2026-04-06 15:10:00,7425.0,7425.0,7400.0,7425.0,98000
2026-04-06 15:15:00,7425.0,7450.0,7425.0,7450.0,0
2026-04-06 15:20:00,7450.0,7450.0,7425.0,7450.0,35900
2026-04-06 15:25:00,7450.0,7450.0,7425.0,7450.0,7500
2026-04-06 15:30:00,7450.0,7450.0,7425.0,7425.0,40800
2026-04-06 15:35:00,7425.0,7425.0,7400.0,7400.0,165500
2026-04-06 15:40:00,7375.0,7425.0,7375.0,7425.0,7900
2026-04-06 15:45:00,7425.0,7450.0,7400.0,7425.0,30000
2026-04-06 16:00:00,7425.0,7425.0,7425.0,7425.0,65600
2026-04-06 16:05:00,7425.0,7425.0,7425.0,7425.0,0
2026-04-06 16:10:00,7425.0,7425.0,7425.0,7425.0,100
2026-04-07 09:00:00,7425.0,7425.0,7375.0,7375.0,0
2026-04-07 09:05:00,7375.0,7400.0,7375.0,7375.0,22500
2026-04-07 09:10:00,7400.0,7400.0,7375.0,7375.0,15200
2026-04-07 09:15:00,7375.0,7400.0,7350.0,7350.0,63700
2026-04-07 09:20:00,7350.0,7400.0,7325.0,7325.0,146700
2026-04-07 09:25:00,7375.0,7375.0,7350.0,7350.0,20700
2026-04-07 09:30:00,7375.0,7375.0,7375.0,7375.0,5900
2026-04-07 09:35:00,7350.0,7375.0,7350.0,7350.0,12200
2026-04-07 09:40:00,7375.0,7375.0,7325.0,7325.0,6000
2026-04-07 09:45:00,7325.0,7350.0,7300.0,7300.0,191500
2026-04-07 09:50:00,7325.0,7325.0,7300.0,7300.0,19100
2026-04-07 09:55:00,7300.0,7325.0,7300.0,7300.0,20400
2026-04-07 10:00:00,7325.0,7325.0,7300.0,7300.0,4400
2026-04-07 10:05:00,7300.0,7325.0,7300.0,7325.0,16800
2026-04-07 10:10:00,7325.0,7325.0,7325.0,7325.0,14700
2026-04-07 10:15:00,7300.0,7325.0,7300.0,7325.0,40000
2026-04-07 10:20:00,7325.0,7325.0,7300.0,7325.0,16000
2026-04-07 10:25:00,7300.0,7325.0,7300.0,7300.0,12900
2026-04-07 10:30:00,7325.0,7325.0,7300.0,7300.0,4500
2026-04-07 10:35:00,7325.0,7325.0,7325.0,7325.0,28300
2026-04-07 10:40:00,7350.0,7350.0,7325.0,7325.0,2000
2026-04-07 10:45:00,7325.0,7350.0,7325.0,7350.0,29500
2026-04-07 10:50:00,7325.0,7350.0,7325.0,7325.0,12700
2026-04-07 10:55:00,7300.0,7325.0,7300.0,7325.0,5400
2026-04-07 11:00:00,7300.0,7325.0,7300.0,7325.0,4700
2026-04-07 11:05:00,7300.0,7350.0,7300.0,7350.0,35000
2026-04-07 11:10:00,7350.0,7350.0,7350.0,7350.0,500
2026-04-07 11:15:00,7350.0,7350.0,7325.0,7325.0,2400
2026-04-07 11:20:00,7325.0,7350.0,7325.0,7325.0,5100
2026-04-07 11:25:00,7350.0,7350.0,7325.0,7325.0,4400
2026-04-07 11:30:00,7325.0,7350.0,7325.0,7350.0,600
2026-04-07 11:35:00,7325.0,7325.0,7325.0,7325.0,1500
2026-04-07 11:40:00,7350.0,7350.0,7325.0,7350.0,2300
2026-04-07 11:45:00,7350.0,7350.0,7325.0,7350.0,2800
2026-04-07 11:50:00,7350.0,7350.0,7325.0,7350.0,6900
2026-04-07 11:55:00,7325.0,7350.0,7325.0,7350.0,1500
2026-04-07 13:30:00,7350.0,7350.0,7325.0,7325.0,13800
2026-04-07 13:35:00,7325.0,7350.0,7325.0,7325.0,1400
2026-04-07 13:40:00,7350.0,7350.0,7325.0,7325.0,13100
2026-04-07 13:45:00,7350.0,7350.0,7325.0,7325.0,600
2026-04-07 13:50:00,7325.0,7350.0,7325.0,7325.0,3600
2026-04-07 13:55:00,7325.0,7350.0,7325.0,7325.0,2200
2026-04-07 14:00:00,7325.0,7350.0,7325.0,7325.0,8800
2026-04-07 14:05:00,7325.0,7350.0,7300.0,7350.0,47700
2026-04-07 14:10:00,7300.0,7325.0,7300.0,7325.0,2900
2026-04-07 14:15:00,7300.0,7325.0,7300.0,7300.0,5700
2026-04-07 14:20:00,7300.0,7325.0,7300.0,7325.0,700
2026-04-07 14:25:00,7300.0,7325.0,7300.0,7325.0,800
2026-04-07 14:30:00,7300.0,7325.0,7300.0,7325.0,7500
2026-04-07 14:35:00,7325.0,7350.0,7300.0,7350.0,39800
2026-04-07 14:40:00,7325.0,7350.0,7325.0,7325.0,2700
2026-04-07 14:45:00,7325.0,7350.0,7325.0,7350.0,5000
2026-04-07 14:50:00,7325.0,7350.0,7325.0,7325.0,2500
2026-04-07 14:55:00,7325.0,7350.0,7300.0,7350.0,23400
2026-04-07 15:00:00,7350.0,7350.0,7325.0,7325.0,14700
2026-04-07 15:05:00,7325.0,7350.0,7325.0,7350.0,6900
2026-04-07 15:10:00,7350.0,7350.0,7325.0,7325.0,1700
2026-04-07 15:15:00,7325.0,7350.0,7325.0,7325.0,19000
2026-04-07 15:20:00,7325.0,7350.0,7325.0,7325.0,2300
2026-04-07 15:25:00,7350.0,7350.0,7325.0,7350.0,14400
2026-04-07 15:30:00,7325.0,7350.0,7325.0,7350.0,9300
2026-04-07 15:35:00,7350.0,7350.0,7325.0,7350.0,8700
2026-04-07 15:40:00,7325.0,7350.0,7325.0,7350.0,28800
2026-04-07 15:45:00,7350.0,7375.0,7325.0,7325.0,23200
2026-04-07 16:00:00,7325.0,7325.0,7325.0,7325.0,191300
2026-04-07 16:05:00,7325.0,7325.0,7325.0,7325.0,200
2026-04-08 09:00:00,7450.0,7475.0,7375.0,7425.0,0
2026-04-08 09:05:00,7425.0,7425.0,7400.0,7425.0,13700
2026-04-08 09:10:00,7425.0,7425.0,7400.0,7425.0,15300
2026-04-08 09:15:00,7400.0,7425.0,7400.0,7425.0,7300
2026-04-08 09:20:00,7425.0,7450.0,7400.0,7450.0,50300
2026-04-08 09:25:00,7450.0,7450.0,7425.0,7425.0,9500
2026-04-08 09:30:00,7450.0,7450.0,7425.0,7450.0,23900
2026-04-08 09:35:00,7425.0,7450.0,7425.0,7450.0,2100
2026-04-08 09:40:00,7450.0,7450.0,7400.0,7400.0,137300
2026-04-08 09:45:00,7400.0,7450.0,7400.0,7425.0,26700
2026-04-08 09:50:00,7450.0,7450.0,7450.0,7450.0,4500
2026-04-08 09:55:00,7450.0,7450.0,7425.0,7450.0,5200
2026-04-08 10:00:00,7450.0,7450.0,7425.0,7425.0,3800
2026-04-08 10:05:00,7450.0,7450.0,7425.0,7450.0,5000
2026-04-08 10:10:00,7450.0,7450.0,7425.0,7450.0,4400
2026-04-08 10:15:00,7450.0,7450.0,7425.0,7425.0,3600
2026-04-08 10:20:00,7450.0,7475.0,7425.0,7450.0,170800
2026-04-08 10:25:00,7475.0,7475.0,7450.0,7450.0,24900
2026-04-08 10:30:00,7450.0,7475.0,7450.0,7475.0,16600
2026-04-08 10:35:00,7475.0,7475.0,7450.0,7475.0,1600
2026-04-08 10:40:00,7475.0,7475.0,7450.0,7475.0,16500
2026-04-08 10:45:00,7450.0,7475.0,7450.0,7475.0,19700
2026-04-08 10:50:00,7450.0,7475.0,7450.0,7475.0,4100
2026-04-08 10:55:00,7475.0,7475.0,7450.0,7475.0,21900
2026-04-08 11:00:00,7475.0,7475.0,7450.0,7450.0,15600
2026-04-08 11:05:00,7450.0,7475.0,7450.0,7450.0,8500
2026-04-08 11:10:00,7475.0,7475.0,7450.0,7450.0,16600
2026-04-08 11:15:00,7475.0,7475.0,7450.0,7475.0,8100
2026-04-08 11:20:00,7475.0,7475.0,7450.0,7450.0,4000
2026-04-08 11:25:00,7475.0,7475.0,7450.0,7450.0,12900
2026-04-08 11:30:00,7450.0,7475.0,7450.0,7450.0,36600
2026-04-08 11:35:00,7450.0,7475.0,7450.0,7475.0,69500
2026-04-08 11:40:00,7475.0,7475.0,7450.0,7475.0,4600
2026-04-08 11:45:00,7475.0,7475.0,7450.0,7450.0,7500
2026-04-08 11:50:00,7450.0,7475.0,7450.0,7450.0,3800
2026-04-08 11:55:00,7475.0,7475.0,7450.0,7475.0,13500
2026-04-08 13:30:00,7450.0,7475.0,7450.0,7450.0,28700
2026-04-08 13:35:00,7475.0,7500.0,7450.0,7500.0,120500
2026-04-08 13:40:00,7500.0,7500.0,7475.0,7475.0,8000
2026-04-08 13:45:00,7475.0,7500.0,7475.0,7500.0,1800
2026-04-08 13:50:00,7500.0,7500.0,7475.0,7500.0,7900
2026-04-08 13:55:00,7475.0,7500.0,7475.0,7475.0,50800
2026-04-08 14:00:00,7475.0,7475.0,7450.0,7475.0,2800
2026-04-08 14:05:00,7475.0,7475.0,7475.0,7475.0,19700
2026-04-08 14:10:00,7475.0,7500.0,7475.0,7475.0,11800
2026-04-08 14:15:00,7475.0,7500.0,7475.0,7475.0,38000
2026-04-08 14:20:00,7450.0,7475.0,7450.0,7475.0,4200
2026-04-08 14:25:00,7475.0,7500.0,7475.0,7475.0,6700
2026-04-08 14:30:00,7500.0,7500.0,7450.0,7475.0,41700
2026-04-08 14:35:00,7450.0,7475.0,7450.0,7475.0,6000
2026-04-08 14:40:00,7450.0,7475.0,7450.0,7475.0,4200
2026-04-08 14:45:00,7450.0,7475.0,7450.0,7450.0,22400
2026-04-08 14:50:00,7475.0,7475.0,7450.0,7475.0,1600
2026-04-08 14:55:00,7450.0,7500.0,7450.0,7475.0,37800
2026-04-08 15:00:00,7475.0,7500.0,7475.0,7500.0,14200
2026-04-08 15:05:00,7475.0,7500.0,7475.0,7475.0,16600
2026-04-08 15:10:00,7475.0,7500.0,7475.0,7475.0,20900
2026-04-08 15:15:00,7500.0,7525.0,7475.0,7525.0,440600
2026-04-08 15:20:00,7525.0,7550.0,7500.0,7550.0,130000
2026-04-08 15:25:00,7550.0,7550.0,7525.0,7525.0,27800
2026-04-08 15:30:00,7550.0,7550.0,7525.0,7525.0,21500
2026-04-08 15:35:00,7525.0,7550.0,7525.0,7525.0,33700
2026-04-08 15:40:00,7550.0,7550.0,7500.0,7500.0,108400
2026-04-08 15:45:00,7500.0,7525.0,7500.0,7525.0,73800
2026-04-08 16:00:00,7525.0,7525.0,7525.0,7525.0,140500
2026-04-08 16:05:00,7525.0,7525.0,7525.0,7525.0,600
2026-04-09 09:00:00,7500.0,7500.0,7425.0,7500.0,0
2026-04-09 09:05:00,7500.0,7525.0,7450.0,7450.0,29200
2026-04-09 09:10:00,7475.0,7475.0,7450.0,7450.0,11000
2026-04-09 09:15:00,7475.0,7475.0,7450.0,7450.0,9300
2026-04-09 09:20:00,7450.0,7475.0,7450.0,7450.0,5700
2026-04-09 09:25:00,7475.0,7475.0,7450.0,7475.0,1300
2026-04-09 09:30:00,7475.0,7475.0,7450.0,7475.0,62900
2026-04-09 09:35:00,7475.0,7475.0,7450.0,7475.0,4900
2026-04-09 09:40:00,7475.0,7475.0,7450.0,7450.0,13800
2026-04-09 09:45:00,7450.0,7450.0,7425.0,7425.0,79400
2026-04-09 09:50:00,7450.0,7450.0,7425.0,7450.0,16300
2026-04-09 09:55:00,7450.0,7450.0,7425.0,7425.0,10400
2026-04-09 10:00:00,7425.0,7475.0,7425.0,7425.0,21000
2026-04-09 10:05:00,7475.0,7475.0,7450.0,7475.0,2800
2026-04-09 10:10:00,7475.0,7475.0,7450.0,7475.0,17000
2026-04-09 10:15:00,7475.0,7475.0,7475.0,7475.0,1000
2026-04-09 10:20:00,7450.0,7475.0,7450.0,7450.0,16600
2026-04-09 10:25:00,7450.0,7475.0,7425.0,7425.0,72800
2026-04-09 10:30:00,7425.0,7475.0,7425.0,7475.0,82500
2026-04-09 10:35:00,7475.0,7475.0,7450.0,7450.0,1600
2026-04-09 10:40:00,7450.0,7450.0,7450.0,7450.0,30700
2026-04-09 10:45:00,7450.0,7475.0,7450.0,7450.0,48800
2026-04-09 10:50:00,7450.0,7450.0,7425.0,7425.0,5400
2026-04-09 10:55:00,7425.0,7450.0,7425.0,7450.0,15300
2026-04-09 11:00:00,7450.0,7500.0,7450.0,7500.0,21900
2026-04-09 11:05:00,7500.0,7500.0,7475.0,7475.0,28300
2026-04-09 11:10:00,7450.0,7475.0,7450.0,7475.0,300
2026-04-09 11:15:00,7475.0,7475.0,7450.0,7475.0,16000
2026-04-09 11:20:00,7475.0,7475.0,7475.0,7475.0,23500
2026-04-09 11:25:00,7450.0,7475.0,7450.0,7450.0,80600
2026-04-09 11:30:00,7450.0,7450.0,7450.0,7450.0,0
2026-04-09 11:35:00,7450.0,7475.0,7425.0,7450.0,63300
2026-04-09 11:40:00,7425.0,7450.0,7425.0,7450.0,700
2026-04-09 11:45:00,7425.0,7450.0,7425.0,7425.0,20400
2026-04-09 11:50:00,7425.0,7450.0,7425.0,7425.0,31100
2026-04-09 11:55:00,7425.0,7475.0,7425.0,7475.0,58100
2026-04-09 13:30:00,7450.0,7475.0,7425.0,7450.0,70500
2026-04-09 13:35:00,7425.0,7450.0,7425.0,7450.0,2400
2026-04-09 13:40:00,7450.0,7450.0,7425.0,7450.0,29000
2026-04-09 13:45:00,7450.0,7450.0,7425.0,7425.0,194500
2026-04-09 13:50:00,7425.0,7425.0,7425.0,7425.0,11500
2026-04-09 13:55:00,7400.0,7425.0,7400.0,7400.0,60100
2026-04-09 14:00:00,7400.0,7425.0,7400.0,7425.0,141800
2026-04-09 14:05:00,7425.0,7450.0,7425.0,7425.0,175100
2026-04-09 14:10:00,7425.0,7450.0,7400.0,7450.0,36500
2026-04-09 14:15:00,7450.0,7450.0,7425.0,7450.0,15800
2026-04-09 14:20:00,7450.0,7450.0,7425.0,7450.0,10600
2026-04-09 14:25:00,7450.0,7450.0,7425.0,7425.0,16900
2026-04-09 14:30:00,7425.0,7450.0,7425.0,7425.0,18100
2026-04-09 14:35:00,7425.0,7450.0,7425.0,7450.0,51400
2026-04-09 14:40:00,7450.0,7450.0,7425.0,7450.0,131500
2026-04-09 14:45:00,7450.0,7475.0,7450.0,7475.0,85600
2026-04-09 14:50:00,7475.0,7500.0,7450.0,7500.0,108600
2026-04-09 14:55:00,7500.0,7500.0,7475.0,7475.0,88700
2026-04-09 15:00:00,7500.0,7500.0,7475.0,7500.0,45200
2026-04-09 15:05:00,7500.0,7525.0,7475.0,7525.0,148400
2026-04-09 15:10:00,7525.0,7525.0,7475.0,7475.0,161700
2026-04-09 15:15:00,7500.0,7525.0,7500.0,7500.0,248300
2026-04-09 15:20:00,7500.0,7525.0,7500.0,7500.0,141700
2026-04-09 15:25:00,7500.0,7500.0,7500.0,7500.0,62000
2026-04-09 15:30:00,7500.0,7525.0,7475.0,7475.0,198700
2026-04-09 15:35:00,7500.0,7500.0,7475.0,7475.0,177300
2026-04-09 15:40:00,7475.0,7475.0,7450.0,7475.0,111300
2026-04-09 15:45:00,7450.0,7525.0,7450.0,7500.0,112500
2026-04-09 16:00:00,7450.0,7450.0,7450.0,7450.0,131400
2026-04-09 16:05:00,7450.0,7450.0,7450.0,7450.0,300
2026-04-10 09:00:00,7475.0,7475.0,7400.0,7400.0,0
2026-04-10 09:05:00,7450.0,7450.0,7400.0,7425.0,42700
2026-04-10 09:10:00,7425.0,7475.0,7400.0,7450.0,218900
2026-04-10 09:15:00,7475.0,7475.0,7425.0,7425.0,54800
2026-04-10 09:20:00,7425.0,7450.0,7425.0,7425.0,32600
2026-04-10 09:25:00,7425.0,7450.0,7425.0,7425.0,27500
2026-04-10 09:30:00,7425.0,7450.0,7425.0,7425.0,32500
2026-04-10 09:35:00,7450.0,7450.0,7425.0,7425.0,31900
2026-04-10 09:40:00,7425.0,7450.0,7400.0,7425.0,182300
2026-04-10 09:45:00,7425.0,7450.0,7425.0,7425.0,62600
2026-04-10 09:50:00,7425.0,7425.0,7400.0,7400.0,33300
2026-04-10 09:55:00,7400.0,7425.0,7400.0,7425.0,55100
2026-04-10 10:00:00,7425.0,7425.0,7400.0,7425.0,67400
2026-04-10 10:05:00,7425.0,7425.0,7400.0,7425.0,28800
2026-04-10 10:10:00,7425.0,7425.0,7400.0,7425.0,8600
2026-04-10 10:15:00,7400.0,7425.0,7400.0,7400.0,74700
2026-04-10 10:20:00,7400.0,7425.0,7400.0,7425.0,5700
2026-04-10 10:25:00,7425.0,7425.0,7400.0,7425.0,7200
2026-04-10 10:30:00,7400.0,7425.0,7400.0,7400.0,13600
2026-04-10 10:35:00,7425.0,7425.0,7400.0,7425.0,9200
2026-04-10 10:40:00,7425.0,7425.0,7400.0,7425.0,28800
2026-04-10 10:45:00,7425.0,7425.0,7400.0,7425.0,68800
2026-04-10 10:50:00,7400.0,7425.0,7400.0,7425.0,108800
2026-04-10 10:55:00,7425.0,7425.0,7400.0,7425.0,3500
2026-04-10 11:00:00,7425.0,7425.0,7400.0,7425.0,7900
2026-04-10 11:05:00,7425.0,7425.0,7400.0,7400.0,1200
2026-04-10 11:10:00,7425.0,7425.0,7400.0,7425.0,46800
2026-04-10 11:15:00,7425.0,7425.0,7400.0,7400.0,21100
2026-04-10 11:20:00,7425.0,7425.0,7400.0,7400.0,41200
2026-04-10 11:25:00,7400.0,7425.0,7375.0,7400.0,99400
2026-04-10 14:00:00,7400.0,7400.0,7375.0,7400.0,80600
2026-04-10 14:05:00,7400.0,7400.0,7375.0,7400.0,6200
2026-04-10 14:10:00,7400.0,7400.0,7375.0,7400.0,16000
2026-04-10 14:15:00,7375.0,7400.0,7375.0,7375.0,17800
2026-04-10 14:20:00,7400.0,7400.0,7375.0,7375.0,25300
2026-04-10 14:25:00,7400.0,7400.0,7375.0,7400.0,134900
2026-04-10 14:30:00,7375.0,7400.0,7375.0,7400.0,9200
2026-04-10 14:35:00,7375.0,7400.0,7375.0,7375.0,22800
2026-04-10 14:40:00,7400.0,7400.0,7375.0,7400.0,6800
2026-04-10 14:45:00,7400.0,7400.0,7375.0,7400.0,17900
2026-04-10 14:50:00,7400.0,7400.0,7375.0,7375.0,76600
2026-04-10 14:55:00,7375.0,7400.0,7375.0,7400.0,43400
2026-04-10 15:00:00,7375.0,7400.0,7375.0,7400.0,12400
2026-04-10 15:05:00,7400.0,7400.0,7375.0,7375.0,4100
2026-04-10 15:10:00,7375.0,7400.0,7350.0,7375.0,445100
2026-04-10 15:15:00,7350.0,7375.0,7350.0,7350.0,126400
2026-04-10 15:20:00,7350.0,7375.0,7350.0,7350.0,35100
2026-04-10 15:25:00,7350.0,7375.0,7350.0,7375.0,127500
2026-04-10 15:30:00,7375.0,7375.0,7350.0,7375.0,2100
2026-04-10 15:35:00,7375.0,7375.0,7350.0,7375.0,14900
2026-04-10 15:40:00,7350.0,7375.0,7350.0,7375.0,22300
2026-04-10 15:45:00,7375.0,7375.0,7350.0,7375.0,225000
2026-04-10 16:00:00,7375.0,7375.0,7375.0,7375.0,184600
2026-04-10 16:05:00,7375.0,7375.0,7375.0,7375.0,4900
2026-04-10 16:10:00,7375.0,7375.0,7375.0,7375.0,500
2026-04-13 09:00:00,7350.0,7375.0,7300.0,7325.0,0
2026-04-13 09:05:00,7325.0,7325.0,7300.0,7325.0,75000
2026-04-13 09:10:00,7325.0,7325.0,7300.0,7325.0,42100
2026-04-13 09:15:00,7325.0,7350.0,7325.0,7325.0,25200
2026-04-13 09:20:00,7325.0,7350.0,7300.0,7325.0,14400
2026-04-13 09:25:00,7325.0,7350.0,7325.0,7325.0,23700
2026-04-13 09:30:00,7325.0,7350.0,7325.0,7325.0,23500
2026-04-13 09:35:00,7325.0,7350.0,7300.0,7325.0,98200
2026-04-13 09:40:00,7325.0,7325.0,7300.0,7325.0,12000
2026-04-13 09:45:00,7300.0,7325.0,7300.0,7325.0,7600
2026-04-13 09:50:00,7325.0,7325.0,7300.0,7300.0,12900
2026-04-13 09:55:00,7300.0,7325.0,7300.0,7300.0,96600
2026-04-13 10:00:00,7300.0,7325.0,7300.0,7325.0,31300
2026-04-13 10:05:00,7325.0,7325.0,7300.0,7325.0,39800
2026-04-13 10:10:00,7325.0,7325.0,7300.0,7300.0,90700
2026-04-13 10:15:00,7325.0,7325.0,7300.0,7300.0,1400
2026-04-13 10:20:00,7325.0,7325.0,7300.0,7325.0,21000
2026-04-13 10:25:00,7325.0,7325.0,7300.0,7325.0,2400
2026-04-13 10:30:00,7300.0,7325.0,7300.0,7325.0,11100
2026-04-13 10:35:00,7325.0,7325.0,7300.0,7300.0,20600
2026-04-13 10:40:00,7300.0,7325.0,7300.0,7325.0,10000
2026-04-13 10:45:00,7325.0,7325.0,7300.0,7300.0,5700
2026-04-13 10:50:00,7325.0,7325.0,7300.0,7325.0,7300
2026-04-13 10:55:00,7300.0,7325.0,7300.0,7325.0,6100
2026-04-13 11:00:00,7300.0,7325.0,7300.0,7300.0,47000
2026-04-13 11:05:00,7300.0,7325.0,7300.0,7325.0,16100
2026-04-13 11:10:00,7325.0,7325.0,7300.0,7300.0,1400
2026-04-13 11:15:00,7300.0,7325.0,7300.0,7300.0,10200
2026-04-13 11:20:00,7300.0,7325.0,7300.0,7325.0,40600
2026-04-13 11:25:00,7325.0,7325.0,7300.0,7300.0,4900
2026-04-13 11:30:00,7325.0,7325.0,7300.0,7300.0,1000
2026-04-13 11:35:00,7325.0,7325.0,7300.0,7300.0,67500
2026-04-13 11:40:00,7300.0,7325.0,7300.0,7325.0,5000
2026-04-13 11:45:00,7325.0,7325.0,7300.0,7300.0,53300
2026-04-13 11:50:00,7300.0,7325.0,7300.0,7300.0,15800
2026-04-13 11:55:00,7300.0,7325.0,7300.0,7300.0,34000
2026-04-13 13:30:00,7300.0,7325.0,7275.0,7300.0,194500
2026-04-13 13:35:00,7275.0,7300.0,7275.0,7300.0,70000
2026-04-13 13:40:00,7275.0,7300.0,7225.0,7250.0,490500
2026-04-13 13:45:00,7250.0,7250.0,7225.0,7250.0,236600
2026-04-13 13:50:00,7250.0,7275.0,7250.0,7275.0,83800
2026-04-13 13:55:00,7250.0,7275.0,7225.0,7250.0,100500
2026-04-13 14:00:00,7250.0,7250.0,7225.0,7250.0,44300
2026-04-13 14:05:00,7250.0,7275.0,7250.0,7250.0,95400
2026-04-13 14:10:00,7250.0,7250.0,7225.0,7250.0,90600
2026-04-13 14:15:00,7250.0,7250.0,7225.0,7250.0,50500
2026-04-13 14:20:00,7250.0,7250.0,7225.0,7225.0,18700
2026-04-13 14:25:00,7225.0,7250.0,7225.0,7250.0,191200
2026-04-13 14:30:00,7250.0,7250.0,7225.0,7225.0,46700
2026-04-13 14:35:00,7250.0,7250.0,7225.0,7225.0,15900
2026-04-13 14:40:00,7250.0,7250.0,7225.0,7225.0,99100
2026-04-13 14:45:00,7225.0,7250.0,7225.0,7225.0,176100
2026-04-13 14:50:00,7225.0,7250.0,7225.0,7225.0,270000
2026-04-13 14:55:00,7225.0,7250.0,7225.0,7250.0,33500
2026-04-13 15:00:00,7225.0,7250.0,7225.0,7225.0,88900
2026-04-13 15:05:00,7225.0,7250.0,7200.0,7225.0,134600
2026-04-13 15:10:00,7225.0,7225.0,7225.0,7225.0,83900
2026-04-13 15:15:00,7225.0,7225.0,7200.0,7225.0,17200
2026-04-13 15:20:00,7225.0,7225.0,7200.0,7225.0,13800
2026-04-13 15:25:00,7225.0,7225.0,7200.0,7225.0,15600
2026-04-13 15:30:00,7225.0,7225.0,7200.0,7200.0,104200
2026-04-13 15:35:00,7225.0,7225.0,7200.0,7225.0,77100
2026-04-13 15:40:00,7225.0,7225.0,7200.0,7200.0,223800
2026-04-13 15:45:00,7200.0,7225.0,7200.0,7200.0,454200
2026-04-13 16:00:00,7225.0,7225.0,7225.0,7225.0,351700
2026-04-13 16:05:00,7225.0,7225.0,7225.0,7225.0,17500
2026-04-13 16:10:00,7225.0,7225.0,7225.0,7225.0,900
2026-04-14 09:00:00,7275.0,7300.0,7250.0,7250.0,0
2026-04-14 09:05:00,7275.0,7275.0,7250.0,7275.0,35300
2026-04-14 09:10:00,7250.0,7275.0,7250.0,7275.0,66300
2026-04-14 09:15:00,7275.0,7300.0,7250.0,7300.0,227000
2026-04-14 09:20:00,7275.0,7300.0,7275.0,7300.0,157800
2026-04-14 09:25:00,7300.0,7300.0,7275.0,7300.0,47100
2026-04-14 09:30:00,7300.0,7300.0,7275.0,7300.0,18800
2026-04-14 09:35:00,7300.0,7300.0,7300.0,7300.0,2400
2026-04-14 09:40:00,7300.0,7300.0,7275.0,7300.0,34800
2026-04-14 09:45:00,7300.0,7300.0,7275.0,7275.0,9800
2026-04-14 09:50:00,7275.0,7300.0,7275.0,7275.0,159400
2026-04-14 09:55:00,7275.0,7275.0,7275.0,7275.0,23500
2026-04-14 10:00:00,7275.0,7300.0,7275.0,7275.0,45800
2026-04-14 10:05:00,7275.0,7300.0,7250.0,7275.0,137000
2026-04-14 10:10:00,7250.0,7275.0,7250.0,7275.0,38900
2026-04-14 10:15:00,7250.0,7275.0,7250.0,7275.0,15200
2026-04-14 10:20:00,7250.0,7275.0,7250.0,7275.0,18900
2026-04-14 10:25:00,7275.0,7275.0,7250.0,7275.0,25300
2026-04-14 10:30:00,7250.0,7275.0,7250.0,7250.0,43100
2026-04-14 10:35:00,7250.0,7275.0,7250.0,7250.0,24400
2026-04-14 10:40:00,7275.0,7300.0,7250.0,7275.0,247200
2026-04-14 10:45:00,7275.0,7275.0,7275.0,7275.0,150400
2026-04-14 10:50:00,7275.0,7300.0,7275.0,7300.0,18900
2026-04-14 10:55:00,7300.0,7300.0,7275.0,7300.0,17400
2026-04-14 11:00:00,7300.0,7300.0,7275.0,7300.0,13400
2026-04-14 11:05:00,7300.0,7300.0,7300.0,7300.0,34600
2026-04-14 11:10:00,7300.0,7300.0,7275.0,7275.0,28200
2026-04-14 11:15:00,7300.0,7300.0,7275.0,7300.0,0
2026-04-14 11:20:00,7300.0,7300.0,7275.0,7300.0,9600
2026-04-14 11:25:00,7275.0,7300.0,7275.0,7300.0,4000
2026-04-14 11:30:00,7275.0,7300.0,7275.0,7275.0,1500
2026-04-14 11:35:00,7275.0,7300.0,7275.0,7300.0,11300
2026-04-14 11:40:00,7275.0,7300.0,7275.0,7300.0,24100
2026-04-14 11:45:00,7275.0,7300.0,7275.0,7275.0,79400
2026-04-14 11:50:00,7275.0,7275.0,7250.0,7250.0,110300
2026-04-14 11:55:00,7250.0,7275.0,7250.0,7275.0,44800
2026-04-14 13:30:00,7275.0,7300.0,7250.0,7250.0,90900
2026-04-14 13:35:00,7250.0,7275.0,7250.0,7250.0,29200
2026-04-14 13:40:00,7250.0,7250.0,7225.0,7250.0,549900
2026-04-14 13:45:00,7225.0,7250.0,7225.0,7250.0,44000
2026-04-14 13:50:00,7225.0,7250.0,7225.0,7250.0,20100
2026-04-14 13:55:00,7225.0,7250.0,7225.0,7225.0,48500
2026-04-14 14:00:00,7225.0,7250.0,7225.0,7250.0,149800
2026-04-14 14:05:00,7225.0,7250.0,7225.0,7225.0,50700
2026-04-14 14:10:00,7250.0,7250.0,7225.0,7225.0,58500
2026-04-14 14:15:00,7250.0,7250.0,7225.0,7250.0,13300
2026-04-14 14:20:00,7250.0,7250.0,7225.0,7250.0,14900
2026-04-14 14:25:00,7225.0,7250.0,7225.0,7250.0,40500
2026-04-14 14:30:00,7225.0,7250.0,7225.0,7225.0,50200
2026-04-14 14:35:00,7225.0,7250.0,7225.0,7250.0,58000
2026-04-14 14:40:00,7225.0,7250.0,7225.0,7250.0,75800
2026-04-14 14:45:00,7250.0,7250.0,7200.0,7225.0,150500
2026-04-14 14:50:00,7225.0,7225.0,7200.0,7225.0,19800
2026-04-14 14:55:00,7225.0,7225.0,7200.0,7225.0,55000
2026-04-14 15:00:00,7225.0,7225.0,7200.0,7200.0,18400
2026-04-14 15:05:00,7225.0,7225.0,7200.0,7225.0,51800
2026-04-14 15:10:00,7225.0,7225.0,7200.0,7225.0,4400
2026-04-14 15:15:00,7225.0,7225.0,7200.0,7200.0,48000
2026-04-14 15:20:00,7225.0,7225.0,7200.0,7225.0,49700
2026-04-14 15:25:00,7200.0,7225.0,7200.0,7200.0,90100
2026-04-14 15:30:00,7225.0,7225.0,7200.0,7225.0,252300
2026-04-14 15:35:00,7225.0,7225.0,7200.0,7225.0,47200
2026-04-14 15:40:00,7200.0,7225.0,7200.0,7200.0,82500
2026-04-14 15:45:00,7200.0,7225.0,7200.0,7225.0,115200
2026-04-14 16:00:00,7225.0,7225.0,7225.0,7225.0,165800
2026-04-14 16:05:00,7225.0,7225.0,7225.0,7225.0,38500
2026-04-14 16:10:00,7225.0,7225.0,7225.0,7225.0,29000
2026-04-15 09:00:00,7275.0,7300.0,7250.0,7250.0,0
2026-04-15 09:05:00,7250.0,7275.0,7250.0,7275.0,61000
2026-04-15 09:10:00,7275.0,7300.0,7250.0,7275.0,299900
2026-04-15 09:15:00,7300.0,7300.0,7275.0,7275.0,17400
2026-04-15 09:20:00,7300.0,7300.0,7250.0,7275.0,248900
2026-04-15 09:25:00,7250.0,7275.0,7250.0,7250.0,27400
2026-04-15 09:30:00,7250.0,7300.0,7250.0,7250.0,174800
2026-04-15 09:35:00,7275.0,7275.0,7250.0,7275.0,0
2026-04-15 09:40:00,7275.0,7275.0,7250.0,7250.0,48000
2026-04-15 09:45:00,7275.0,7275.0,7250.0,7275.0,12800
2026-04-15 09:50:00,7275.0,7275.0,7250.0,7275.0,52000
2026-04-15 09:55:00,7250.0,7300.0,7250.0,7275.0,316700
2026-04-15 10:00:00,7275.0,7300.0,7250.0,7300.0,134900
2026-04-15 10:05:00,7275.0,7275.0,7250.0,7275.0,260200
2026-04-15 10:10:00,7275.0,7275.0,7250.0,7275.0,28000
2026-04-15 10:15:00,7275.0,7275.0,7275.0,7275.0,5500
2026-04-15 10:20:00,7275.0,7275.0,7275.0,7275.0,1200
2026-04-15 10:25:00,7275.0,7275.0,7250.0,7275.0,189400
2026-04-15 10:30:00,7275.0,7300.0,7275.0,7275.0,6000
2026-04-15 10:35:00,7275.0,7300.0,7275.0,7300.0,59600
2026-04-15 10:40:00,7300.0,7300.0,7275.0,7275.0,21300
2026-04-15 10:45:00,7300.0,7300.0,7250.0,7250.0,70300
2026-04-15 10:50:00,7250.0,7275.0,7250.0,7275.0,60600
2026-04-15 10:55:00,7275.0,7275.0,7250.0,7275.0,48500
2026-04-15 11:00:00,7275.0,7275.0,7250.0,7250.0,38300
2026-04-15 11:05:00,7250.0,7300.0,7250.0,7275.0,230500
2026-04-15 11:10:00,7275.0,7300.0,7275.0,7300.0,8600
2026-04-15 11:15:00,7275.0,7275.0,7250.0,7250.0,180500
2026-04-15 11:20:00,7275.0,7275.0,7250.0,7275.0,2600
2026-04-15 11:25:00,7275.0,7275.0,7275.0,7275.0,4000
2026-04-15 11:30:00,7275.0,7275.0,7250.0,7250.0,7500
2026-04-15 11:35:00,7250.0,7275.0,7250.0,7275.0,16100
2026-04-15 11:40:00,7275.0,7275.0,7250.0,7250.0,8000
2026-04-15 11:45:00,7250.0,7275.0,7250.0,7250.0,23700
2026-04-15 11:50:00,7250.0,7275.0,7250.0,7250.0,7800
2026-04-15 11:55:00,7275.0,7275.0,7250.0,7250.0,16900
2026-04-15 13:30:00,7275.0,7275.0,7250.0,7275.0,55000
2026-04-15 13:35:00,7275.0,7275.0,7250.0,7250.0,4300
2026-04-15 13:40:00,7250.0,7275.0,7250.0,7275.0,30100
2026-04-15 13:45:00,7275.0,7275.0,7250.0,7275.0,8100
2026-04-15 13:50:00,7275.0,7275.0,7250.0,7275.0,46900
2026-04-15 13:55:00,7275.0,7275.0,7225.0,7250.0,735700
2026-04-15 14:00:00,7250.0,7275.0,7200.0,7225.0,394500
2026-04-15 14:05:00,7225.0,7250.0,7225.0,7250.0,35100
2026-04-15 14:10:00,7250.0,7250.0,7225.0,7225.0,13900
2026-04-15 14:15:00,7225.0,7250.0,7225.0,7250.0,2000
2026-04-15 14:20:00,7250.0,7250.0,7225.0,7250.0,18400
2026-04-15 14:25:00,7250.0,7250.0,7225.0,7250.0,85400
2026-04-15 14:30:00,7250.0,7250.0,7200.0,7225.0,267400
2026-04-15 14:35:00,7250.0,7250.0,7200.0,7225.0,115800
2026-04-15 14:40:00,7225.0,7250.0,7200.0,7250.0,126900
2026-04-15 14:45:00,7225.0,7225.0,7200.0,7225.0,14700
2026-04-15 14:50:00,7250.0,7250.0,7225.0,7225.0,17900
2026-04-15 14:55:00,7225.0,7225.0,7200.0,7225.0,196100
2026-04-15 15:00:00,7225.0,7225.0,7200.0,7225.0,28800
2026-04-15 15:05:00,7225.0,7225.0,7225.0,7225.0,17200
2026-04-15 15:10:00,7225.0,7225.0,7200.0,7225.0,158200
2026-04-15 15:15:00,7200.0,7225.0,7200.0,7225.0,115300
2026-04-15 15:20:00,7225.0,7225.0,7200.0,7225.0,40900
2026-04-15 15:25:00,7200.0,7225.0,7200.0,7200.0,11500
2026-04-15 15:30:00,7225.0,7225.0,7200.0,7200.0,14300
2026-04-15 15:35:00,7225.0,7225.0,7200.0,7200.0,81300
2026-04-15 15:40:00,7200.0,7225.0,7200.0,7200.0,134100
2026-04-15 15:45:00,7200.0,7225.0,7200.0,7200.0,393000
2026-04-15 16:00:00,7200.0,7200.0,7200.0,7200.0,426300
2026-04-15 16:05:00,7200.0,7200.0,7200.0,7200.0,10100
2026-04-15 16:10:00,7200.0,7200.0,7200.0,7200.0,46100
2026-04-16 09:00:00,7250.0,7325.0,7225.0,7275.0,0
2026-04-16 09:05:00,7275.0,7300.0,7250.0,7275.0,20500
2026-04-16 09:10:00,7275.0,7300.0,7275.0,7275.0,35800
2026-04-16 09:15:00,7275.0,7300.0,7275.0,7275.0,37800
2026-04-16 09:20:00,7275.0,7300.0,7250.0,7275.0,32900
2026-04-16 09:25:00,7275.0,7300.0,7275.0,7275.0,24500
2026-04-16 09:30:00,7275.0,7300.0,7275.0,7275.0,24200
2026-04-16 09:35:00,7275.0,7300.0,7275.0,7300.0,15800
2026-04-16 09:40:00,7300.0,7325.0,7275.0,7325.0,175700
2026-04-16 09:45:00,7325.0,7325.0,7275.0,7300.0,87000
2026-04-16 09:50:00,7275.0,7300.0,7275.0,7300.0,33600
2026-04-16 09:55:00,7275.0,7300.0,7275.0,7300.0,53100
2026-04-16 10:00:00,7275.0,7300.0,7275.0,7275.0,31000
2026-04-16 10:05:00,7300.0,7300.0,7275.0,7300.0,22400
2026-04-16 10:10:00,7300.0,7325.0,7275.0,7325.0,44400
2026-04-16 10:15:00,7300.0,7325.0,7275.0,7300.0,35300
2026-04-16 10:20:00,7300.0,7325.0,7275.0,7325.0,32500
2026-04-16 10:25:00,7325.0,7325.0,7300.0,7325.0,23900
2026-04-16 10:30:00,7300.0,7325.0,7300.0,7300.0,37300
2026-04-16 10:35:00,7325.0,7325.0,7300.0,7300.0,25100
2026-04-16 10:40:00,7325.0,7325.0,7300.0,7300.0,16900
2026-04-16 10:45:00,7300.0,7325.0,7275.0,7275.0,50800
2026-04-16 10:50:00,7275.0,7300.0,7275.0,7275.0,22800
2026-04-16 10:55:00,7300.0,7300.0,7275.0,7275.0,8300
2026-04-16 11:00:00,7275.0,7300.0,7250.0,7275.0,58100
2026-04-16 11:05:00,7275.0,7275.0,7250.0,7275.0,25700
2026-04-16 11:10:00,7275.0,7300.0,7250.0,7275.0,17300
2026-04-16 11:15:00,7275.0,7300.0,7275.0,7275.0,37000
2026-04-16 11:20:00,7250.0,7275.0,7250.0,7275.0,33200
2026-04-16 11:25:00,7275.0,7275.0,7275.0,7275.0,0
2026-04-16 11:30:00,7275.0,7275.0,7275.0,7275.0,1300
2026-04-16 11:35:00,7275.0,7275.0,7250.0,7250.0,5100
2026-04-16 11:40:00,7275.0,7275.0,7275.0,7275.0,1200
2026-04-16 11:45:00,7275.0,7275.0,7250.0,7250.0,800
2026-04-16 11:50:00,7275.0,7275.0,7250.0,7250.0,4000
2026-04-16 11:55:00,7275.0,7275.0,7250.0,7275.0,6700
2026-04-16 13:30:00,7275.0,7275.0,7250.0,7275.0,47700
2026-04-16 13:35:00,7275.0,7275.0,7250.0,7275.0,13700
2026-04-16 13:40:00,7275.0,7275.0,7275.0,7275.0,6100
2026-04-16 13:45:00,7275.0,7275.0,7275.0,7275.0,6300
2026-04-16 13:50:00,7275.0,7275.0,7275.0,7275.0,10000
2026-04-16 13:55:00,7275.0,7275.0,7250.0,7275.0,29200
2026-04-16 14:00:00,7275.0,7275.0,7250.0,7250.0,99700
2026-04-16 14:05:00,7275.0,7275.0,7275.0,7275.0,16200
2026-04-16 14:10:00,7275.0,7300.0,7275.0,7275.0,141800
2026-04-16 14:15:00,7275.0,7275.0,7250.0,7250.0,5200
2026-04-16 14:20:00,7250.0,7275.0,7250.0,7250.0,7200
2026-04-16 14:25:00,7250.0,7275.0,7250.0,7250.0,4000
2026-04-16 14:30:00,7250.0,7250.0,7225.0,7250.0,318500
2026-04-16 14:35:00,7250.0,7250.0,7225.0,7250.0,60000
2026-04-16 14:40:00,7250.0,7250.0,7225.0,7250.0,4200
2026-04-16 14:45:00,7225.0,7250.0,7225.0,7225.0,7200
2026-04-16 14:50:00,7225.0,7250.0,7225.0,7225.0,227800
2026-04-16 14:55:00,7225.0,7250.0,7225.0,7250.0,23800
2026-04-16 15:00:00,7250.0,7250.0,7225.0,7250.0,5600
2026-04-16 15:05:00,7225.0,7250.0,7225.0,7225.0,42900
2026-04-16 15:10:00,7250.0,7250.0,7225.0,7250.0,8400
2026-04-16 15:15:00,7250.0,7250.0,7225.0,7225.0,59200
2026-04-16 15:20:00,7250.0,7250.0,7225.0,7250.0,10600
2026-04-16 15:25:00,7250.0,7250.0,7250.0,7250.0,8600
2026-04-16 15:30:00,7225.0,7250.0,7225.0,7250.0,76700
2026-04-16 15:35:00,7225.0,7250.0,7225.0,7225.0,34000
2026-04-16 15:40:00,7225.0,7250.0,7225.0,7250.0,287300
2026-04-16 15:45:00,7250.0,7300.0,7250.0,7250.0,617500
2026-04-16 16:00:00,7275.0,7275.0,7275.0,7275.0,192500
2026-04-16 16:05:00,7275.0,7275.0,7275.0,7275.0,200
2026-04-16 16:10:00,7275.0,7275.0,7275.0,7275.0,200
2026-04-17 09:00:00,7275.0,7275.0,7250.0,7250.0,0
2026-04-17 09:05:00,7275.0,7275.0,7250.0,7250.0,18700
2026-04-17 09:10:00,7275.0,7275.0,7225.0,7225.0,108300
2026-04-17 09:15:00,7250.0,7250.0,7225.0,7250.0,52700
2026-04-17 09:20:00,7250.0,7275.0,7225.0,7250.0,28200
2026-04-17 09:25:00,7275.0,7275.0,7250.0,7275.0,6200
2026-04-17 09:30:00,7275.0,7275.0,7250.0,7275.0,19300
2026-04-17 09:35:00,7275.0,7275.0,7250.0,7275.0,5000
2026-04-17 09:40:00,7275.0,7275.0,7250.0,7275.0,15800
2026-04-17 09:45:00,7250.0,7275.0,7250.0,7275.0,4700
2026-04-17 09:50:00,7275.0,7275.0,7250.0,7250.0,4300
2026-04-17 09:55:00,7250.0,7275.0,7250.0,7250.0,7000
2026-04-17 10:00:00,7250.0,7275.0,7225.0,7250.0,346200
2026-04-17 10:05:00,7250.0,7250.0,7225.0,7250.0,11200
2026-04-17 10:10:00,7250.0,7250.0,7225.0,7250.0,10200
2026-04-17 10:15:00,7250.0,7250.0,7225.0,7250.0,50600
2026-04-17 10:20:00,7250.0,7275.0,7225.0,7250.0,15500
2026-04-17 10:25:00,7250.0,7300.0,7250.0,7275.0,118500
2026-04-17 10:30:00,7250.0,7250.0,7250.0,7250.0,11100
2026-04-17 10:35:00,7250.0,7275.0,7250.0,7250.0,34200
2026-04-17 10:40:00,7250.0,7275.0,7250.0,7275.0,1200
2026-04-17 10:45:00,7250.0,7275.0,7250.0,7250.0,2200
2026-04-17 10:50:00,7275.0,7275.0,7250.0,7275.0,18100
2026-04-17 10:55:00,7250.0,7275.0,7225.0,7225.0,108600
2026-04-17 11:00:00,7225.0,7250.0,7225.0,7250.0,31200
2026-04-17 11:05:00,7225.0,7250.0,7225.0,7250.0,96000
2026-04-17 11:10:00,7250.0,7250.0,7225.0,7250.0,26200
2026-04-17 11:15:00,7250.0,7275.0,7250.0,7275.0,51000
2026-04-17 11:20:00,7275.0,7275.0,7250.0,7250.0,1900
2026-04-17 11:25:00,7275.0,7275.0,7250.0,7250.0,10200
2026-04-17 14:00:00,7275.0,7275.0,7250.0,7275.0,149900
2026-04-17 14:05:00,7250.0,7275.0,7250.0,7275.0,25200
2026-04-17 14:10:00,7275.0,7275.0,7250.0,7250.0,14800
2026-04-17 14:15:00,7275.0,7275.0,7250.0,7275.0,6300
2026-04-17 14:20:00,7275.0,7275.0,7250.0,7250.0,70800
2026-04-17 14:25:00,7250.0,7275.0,7250.0,7250.0,14100
2026-04-17 14:30:00,7250.0,7300.0,7250.0,7300.0,53700
2026-04-17 14:35:00,7250.0,7275.0,7250.0,7250.0,22100
2026-04-17 14:40:00,7275.0,7275.0,7250.0,7250.0,66400
2026-04-17 14:45:00,7250.0,7275.0,7250.0,7250.0,6000
2026-04-17 14:50:00,7250.0,7275.0,7250.0,7250.0,13100
2026-04-17 14:55:00,7250.0,7275.0,7250.0,7275.0,29800
2026-04-17 15:00:00,7250.0,7275.0,7250.0,7250.0,47600
2026-04-17 15:05:00,7275.0,7275.0,7250.0,7250.0,27700
2026-04-17 15:10:00,7250.0,7275.0,7250.0,7250.0,30200
2026-04-17 15:15:00,7250.0,7275.0,7250.0,7275.0,40300
2026-04-17 15:20:00,7250.0,7275.0,7250.0,7250.0,37500
2026-04-17 15:25:00,7275.0,7275.0,7250.0,7250.0,78700
2026-04-17 15:30:00,7250.0,7275.0,7250.0,7275.0,55000
2026-04-17 15:35:00,7275.0,7275.0,7250.0,7250.0,57500
2026-04-17 15:40:00,7275.0,7275.0,7250.0,7250.0,66800
2026-04-17 15:45:00,7275.0,7300.0,7250.0,7250.0,178000
2026-04-17 16:00:00,7300.0,7300.0,7300.0,7300.0,177900
2026-04-17 16:05:00,7300.0,7300.0,7300.0,7300.0,8200
2026-04-17 16:10:00,7300.0,7300.0,7300.0,7300.0,16700
2026-04-20 09:00:00,7275.0,7300.0,7200.0,7225.0,0
2026-04-20 09:05:00,7250.0,7250.0,7225.0,7225.0,46600
2026-04-20 09:10:00,7250.0,7250.0,7200.0,7200.0,141300
2026-04-20 09:15:00,7200.0,7250.0,7200.0,7250.0,137500
2026-04-20 09:20:00,7250.0,7250.0,7200.0,7225.0,123500
2026-04-20 09:25:00,7225.0,7225.0,7200.0,7200.0,51900
2026-04-20 09:30:00,7225.0,7250.0,7200.0,7225.0,47900
2026-04-20 09:35:00,7250.0,7250.0,7200.0,7225.0,77300
2026-04-20 09:40:00,7225.0,7225.0,7200.0,7225.0,38500
2026-04-20 09:45:00,7225.0,7225.0,7200.0,7225.0,38600
2026-04-20 09:50:00,7225.0,7250.0,7200.0,7250.0,27700
2026-04-20 09:55:00,7250.0,7250.0,7225.0,7225.0,3100
2026-04-20 10:00:00,7250.0,7250.0,7225.0,7225.0,11000
2026-04-20 10:05:00,7250.0,7250.0,7225.0,7225.0,30700
2026-04-20 10:10:00,7250.0,7275.0,7225.0,7250.0,145900
2026-04-20 10:15:00,7250.0,7275.0,7250.0,7250.0,121800
2026-04-20 10:20:00,7250.0,7250.0,7250.0,7250.0,2600
2026-04-20 10:25:00,7275.0,7275.0,7250.0,7250.0,4300
2026-04-20 10:30:00,7275.0,7275.0,7250.0,7250.0,7200
2026-04-20 10:35:00,7275.0,7275.0,7250.0,7250.0,12300
2026-04-20 10:40:00,7275.0,7275.0,7250.0,7275.0,14600
2026-04-20 10:45:00,7275.0,7275.0,7250.0,7250.0,2600
2026-04-20 10:50:00,7250.0,7250.0,7250.0,7250.0,51200
2026-04-20 10:55:00,7275.0,7275.0,7250.0,7250.0,1300
2026-04-20 11:00:00,7250.0,7275.0,7225.0,7225.0,109300
2026-04-20 11:05:00,7250.0,7250.0,7225.0,7225.0,10800
2026-04-20 11:10:00,7225.0,7250.0,7225.0,7225.0,28300
2026-04-20 11:15:00,7250.0,7250.0,7225.0,7225.0,23700
2026-04-20 11:20:00,7225.0,7250.0,7225.0,7225.0,25800
2026-04-20 11:25:00,7250.0,7250.0,7225.0,7225.0,12700
2026-04-20 16:10:00,7175.0,7175.0,7175.0,7175.0,2189500
2026-04-21 09:00:00,7175.0,7175.0,7150.0,7175.0,0
2026-04-21 09:05:00,7150.0,7175.0,7150.0,7175.0,22500
2026-04-21 09:10:00,7150.0,7200.0,7150.0,7175.0,141900
2026-04-21 09:15:00,7200.0,7200.0,7175.0,7200.0,3100
2026-04-21 09:20:00,7200.0,7200.0,7175.0,7175.0,15800
2026-04-21 09:25:00,7175.0,7200.0,7175.0,7200.0,31800
2026-04-21 09:30:00,7200.0,7200.0,7175.0,7200.0,4600
2026-04-21 09:35:00,7200.0,7200.0,7175.0,7175.0,7900
2026-04-21 09:40:00,7175.0,7200.0,7175.0,7200.0,22200
2026-04-21 09:45:00,7200.0,7200.0,7175.0,7200.0,26100
2026-04-21 09:50:00,7200.0,7200.0,7175.0,7175.0,6600
2026-04-21 09:55:00,7175.0,7200.0,7175.0,7175.0,11500
2026-04-21 10:00:00,7175.0,7200.0,7175.0,7175.0,12700
2026-04-21 10:05:00,7200.0,7200.0,7150.0,7150.0,278200
2026-04-21 10:10:00,7150.0,7175.0,7150.0,7150.0,6200
2026-04-21 10:15:00,7150.0,7175.0,7150.0,7175.0,18000
2026-04-21 10:20:00,7150.0,7175.0,7125.0,7125.0,292700
2026-04-21 10:25:00,7150.0,7150.0,7125.0,7125.0,38400
2026-04-21 10:30:00,7150.0,7150.0,7125.0,7150.0,13300
2026-04-21 10:35:00,7150.0,7150.0,7125.0,7150.0,36400
2026-04-21 10:40:00,7150.0,7150.0,7125.0,7150.0,44000
2026-04-21 10:45:00,7125.0,7150.0,7125.0,7150.0,52700
2026-04-21 10:50:00,7150.0,7150.0,7125.0,7150.0,212700
2026-04-21 10:55:00,7150.0,7150.0,7125.0,7125.0,31700
2026-04-21 11:00:00,7125.0,7150.0,7125.0,7125.0,273100
2026-04-21 11:05:00,7125.0,7150.0,7125.0,7125.0,217700
2026-04-21 11:10:00,7150.0,7175.0,7125.0,7125.0,18200
2026-04-21 11:15:00,7150.0,7150.0,7125.0,7150.0,4900
2026-04-21 11:20:00,7150.0,7150.0,7125.0,7150.0,2800
2026-04-21 11:25:00,7125.0,7150.0,7125.0,7125.0,26600
2026-04-21 11:30:00,7150.0,7150.0,7125.0,7150.0,34800
2026-04-21 11:35:00,7150.0,7150.0,7125.0,7125.0,23200
2026-04-21 11:40:00,7150.0,7150.0,7125.0,7150.0,6100
2026-04-21 11:45:00,7150.0,7150.0,7125.0,7125.0,5900
2026-04-21 11:50:00,7150.0,7150.0,7125.0,7125.0,21100
2026-04-21 11:55:00,7125.0,7150.0,7125.0,7150.0,41100
2026-04-21 13:30:00,7125.0,7150.0,7125.0,7150.0,46300
2026-04-21 13:35:00,7150.0,7150.0,7150.0,7150.0,1800
2026-04-21 13:40:00,7150.0,7150.0,7125.0,7125.0,10200
2026-04-21 13:45:00,7125.0,7150.0,7125.0,7150.0,11900
2026-04-21 13:50:00,7150.0,7150.0,7125.0,7125.0,19100
2026-04-21 13:55:00,7150.0,7150.0,7125.0,7150.0,47500
2026-04-21 14:00:00,7150.0,7150.0,7125.0,7150.0,13600
2026-04-21 14:05:00,7150.0,7150.0,7125.0,7125.0,15300
2026-04-21 14:10:00,7150.0,7150.0,7125.0,7150.0,16400
2026-04-21 14:15:00,7125.0,7150.0,7125.0,7150.0,10300
2026-04-21 14:20:00,7125.0,7150.0,7125.0,7125.0,13700
2026-04-21 14:25:00,7150.0,7150.0,7125.0,7125.0,24100
2026-04-21 14:30:00,7150.0,7150.0,7125.0,7125.0,13400
2026-04-21 14:35:00,7125.0,7150.0,7125.0,7125.0,13900
2026-04-21 14:40:00,7125.0,7150.0,7125.0,7125.0,20700
2026-04-21 14:45:00,7150.0,7150.0,7125.0,7125.0,183900
2026-04-21 14:50:00,7150.0,7175.0,7125.0,7150.0,335800
2026-04-21 14:55:00,7150.0,7175.0,7150.0,7175.0,11100
2026-04-21 15:00:00,7175.0,7175.0,7125.0,7125.0,237800
2026-04-21 15:05:00,7150.0,7150.0,7150.0,7150.0,3200
2026-04-21 15:10:00,7150.0,7150.0,7125.0,7150.0,43200
2026-04-21 15:15:00,7150.0,7150.0,7150.0,7150.0,500
2026-04-21 15:20:00,7150.0,7150.0,7125.0,7125.0,15400
2026-04-21 15:25:00,7125.0,7150.0,7125.0,7125.0,21700
2026-04-21 15:30:00,7125.0,7150.0,7125.0,7125.0,131300
2026-04-21 15:35:00,7125.0,7150.0,7125.0,7150.0,28100
2026-04-21 15:40:00,7125.0,7150.0,7125.0,7125.0,126500
2026-04-21 15:45:00,7125.0,7150.0,7125.0,7150.0,80500
2026-04-21 16:00:00,7150.0,7150.0,7150.0,7150.0,156100
2026-04-21 16:05:00,7150.0,7150.0,7150.0,7150.0,300
2026-04-21 16:10:00,7150.0,7150.0,7150.0,7150.0,4800
2026-04-22 09:00:00,7175.0,7175.0,7150.0,7175.0,0
2026-04-22 09:05:00,7150.0,7175.0,7150.0,7175.0,30400
2026-04-22 09:10:00,7150.0,7175.0,7150.0,7175.0,47700
2026-04-22 09:15:00,7150.0,7175.0,7150.0,7150.0,108300
2026-04-22 09:20:00,7150.0,7175.0,7150.0,7150.0,22500
2026-04-22 09:25:00,7150.0,7175.0,7150.0,7175.0,28800
2026-04-22 09:30:00,7150.0,7175.0,7150.0,7175.0,23700
2026-04-22 09:35:00,7175.0,7175.0,7150.0,7150.0,28200
2026-04-22 09:40:00,7150.0,7175.0,7150.0,7150.0,32200
2026-04-22 09:45:00,7150.0,7175.0,7150.0,7150.0,7900
2026-04-22 09:50:00,7175.0,7175.0,7150.0,7175.0,36900
2026-04-22 09:55:00,7150.0,7175.0,7150.0,7150.0,11800
2026-04-22 10:00:00,7150.0,7175.0,7150.0,7150.0,31300
2026-04-22 10:05:00,7175.0,7175.0,7150.0,7150.0,11400
2026-04-22 10:10:00,7150.0,7175.0,7150.0,7150.0,24700
2026-04-22 10:15:00,7150.0,7175.0,7150.0,7150.0,100200
2026-04-22 10:20:00,7150.0,7175.0,7150.0,7150.0,42000
2026-04-22 10:25:00,7150.0,7175.0,7150.0,7150.0,16300
2026-04-22 10:30:00,7150.0,7175.0,7125.0,7125.0,285400
2026-04-22 10:35:00,7125.0,7150.0,7125.0,7150.0,103500
2026-04-22 10:40:00,7150.0,7150.0,7125.0,7125.0,17800
2026-04-22 10:45:00,7125.0,7150.0,7125.0,7125.0,13900
2026-04-22 10:50:00,7125.0,7150.0,7125.0,7125.0,14100
2026-04-22 10:55:00,7125.0,7150.0,7125.0,7125.0,35900
2026-04-22 11:00:00,7125.0,7150.0,7125.0,7150.0,74600
2026-04-22 11:05:00,7125.0,7150.0,7125.0,7150.0,0
2026-04-22 11:10:00,7125.0,7150.0,7125.0,7125.0,18200
2026-04-22 11:15:00,7125.0,7150.0,7125.0,7125.0,25400
2026-04-22 11:20:00,7125.0,7150.0,7125.0,7125.0,10200
2026-04-22 11:25:00,7125.0,7150.0,7125.0,7125.0,65000
2026-04-22 11:30:00,7125.0,7150.0,7125.0,7150.0,12800
2026-04-22 11:35:00,7125.0,7150.0,7100.0,7125.0,517900
2026-04-22 11:40:00,7125.0,7125.0,7100.0,7125.0,17700
2026-04-22 11:45:00,7125.0,7125.0,7100.0,7100.0,68700
2026-04-22 11:50:00,7125.0,7125.0,7100.0,7125.0,27000
2026-04-22 11:55:00,7125.0,7125.0,7100.0,7100.0,34500
2026-04-22 13:30:00,7125.0,7125.0,7100.0,7125.0,175400
2026-04-22 13:35:00,7125.0,7125.0,7100.0,7125.0,22700
2026-04-22 13:40:00,7125.0,7125.0,7100.0,7100.0,31100
2026-04-22 13:45:00,7100.0,7125.0,7100.0,7100.0,301500
2026-04-22 13:50:00,7100.0,7125.0,7100.0,7125.0,46100
2026-04-22 13:55:00,7100.0,7125.0,7100.0,7100.0,46300
2026-04-22 14:00:00,7125.0,7125.0,7100.0,7125.0,265400
2026-04-22 14:05:00,7125.0,7125.0,7100.0,7125.0,30700
2026-04-22 14:10:00,7100.0,7125.0,7100.0,7125.0,18300
2026-04-22 14:15:00,7125.0,7125.0,7100.0,7125.0,45800
2026-04-22 14:20:00,7100.0,7125.0,7100.0,7125.0,24700
2026-04-22 14:25:00,7100.0,7125.0,7100.0,7100.0,27300
2026-04-22 14:30:00,7100.0,7125.0,7100.0,7125.0,40400
2026-04-22 14:35:00,7125.0,7125.0,7100.0,7125.0,70800
2026-04-22 14:40:00,7100.0,7125.0,7100.0,7125.0,165000
2026-04-22 14:45:00,7100.0,7125.0,7100.0,7125.0,131400
2026-04-22 14:50:00,7125.0,7125.0,7100.0,7125.0,30200
2026-04-22 14:55:00,7100.0,7125.0,7100.0,7100.0,27700
2026-04-22 15:00:00,7125.0,7125.0,7100.0,7125.0,44200
2026-04-22 15:05:00,7100.0,7125.0,7100.0,7125.0,12300
2026-04-22 15:10:00,7100.0,7125.0,7100.0,7100.0,926500
2026-04-22 15:15:00,7125.0,7125.0,7100.0,7125.0,695800
2026-04-22 15:20:00,7100.0,7100.0,7075.0,7100.0,403300
2026-04-22 15:25:00,7075.0,7100.0,7075.0,7075.0,114300
2026-04-22 15:30:00,7100.0,7100.0,7075.0,7100.0,99400
2026-04-22 15:35:00,7075.0,7100.0,7075.0,7100.0,931900
2026-04-22 15:40:00,7075.0,7100.0,7050.0,7100.0,528700
2026-04-22 15:45:00,7100.0,7100.0,7075.0,7075.0,262700
2026-04-22 16:00:00,7100.0,7100.0,7100.0,7100.0,326100
2026-04-22 16:05:00,7100.0,7100.0,7100.0,7100.0,38400
2026-04-22 16:10:00,7100.0,7100.0,7100.0,7100.0,19700
2026-04-23 09:00:00,7125.0,7125.0,7100.0,7100.0,0
2026-04-23 09:05:00,7100.0,7125.0,7100.0,7125.0,37800
2026-04-23 09:10:00,7100.0,7125.0,7100.0,7100.0,91800
2026-04-23 09:15:00,7100.0,7125.0,7075.0,7100.0,396800
2026-04-23 09:20:00,7075.0,7125.0,7075.0,7100.0,51500
2026-04-23 09:25:00,7125.0,7150.0,7100.0,7100.0,252700
2026-04-23 09:30:00,7100.0,7125.0,7100.0,7125.0,15200
2026-04-23 09:35:00,7100.0,7125.0,7075.0,7100.0,158600
2026-04-23 09:40:00,7125.0,7125.0,7100.0,7100.0,76900
2026-04-23 09:45:00,7100.0,7125.0,7075.0,7075.0,73400
2026-04-23 09:50:00,7100.0,7125.0,7075.0,7100.0,129200
2026-04-23 09:55:00,7075.0,7100.0,7075.0,7100.0,16700
2026-04-23 10:00:00,7100.0,7100.0,7075.0,7075.0,31200
2026-04-23 10:05:00,7075.0,7100.0,7075.0,7100.0,10100
2026-04-23 10:10:00,7100.0,7100.0,7050.0,7075.0,628300
2026-04-23 10:15:00,7075.0,7075.0,7050.0,7050.0,38700
2026-04-23 10:20:00,7075.0,7075.0,7050.0,7075.0,41800
2026-04-23 10:25:00,7075.0,7075.0,7050.0,7075.0,13400
2026-04-23 10:30:00,7075.0,7075.0,7050.0,7075.0,9900
2026-04-23 10:35:00,7075.0,7075.0,7050.0,7050.0,22000
2026-04-23 10:40:00,7075.0,7075.0,7050.0,7050.0,46000
2026-04-23 10:45:00,7075.0,7075.0,7050.0,7075.0,27700
2026-04-23 10:50:00,7050.0,7075.0,7050.0,7075.0,9800
2026-04-23 10:55:00,7050.0,7075.0,7050.0,7075.0,272900
2026-04-23 11:00:00,7075.0,7075.0,7050.0,7075.0,24500
2026-04-23 11:05:00,7050.0,7075.0,7050.0,7075.0,14800
2026-04-23 11:10:00,7050.0,7075.0,7050.0,7075.0,6200
2026-04-23 11:15:00,7050.0,7075.0,7050.0,7075.0,37100
2026-04-23 11:20:00,7075.0,7075.0,7050.0,7050.0,17500
2026-04-23 11:25:00,7075.0,7075.0,7050.0,7075.0,18200
2026-04-23 11:30:00,7075.0,7075.0,7050.0,7050.0,62700
2026-04-23 11:35:00,7075.0,7075.0,7050.0,7050.0,62000
2026-04-23 11:40:00,7075.0,7075.0,7050.0,7075.0,12900
2026-04-23 11:45:00,7075.0,7075.0,7050.0,7075.0,34800
2026-04-23 11:50:00,7075.0,7075.0,7050.0,7050.0,26700
2026-04-23 11:55:00,7075.0,7075.0,7050.0,7050.0,24800
2026-04-23 13:30:00,7050.0,7075.0,7050.0,7050.0,76100
2026-04-23 13:35:00,7075.0,7075.0,7050.0,7050.0,18200
2026-04-23 13:40:00,7050.0,7075.0,7050.0,7050.0,4900
2026-04-23 13:45:00,7075.0,7075.0,7050.0,7050.0,9800
2026-04-23 13:50:00,7050.0,7075.0,7050.0,7050.0,7000
2026-04-23 13:55:00,7050.0,7075.0,7050.0,7050.0,107600
2026-04-23 14:00:00,7075.0,7075.0,7050.0,7050.0,132400
2026-04-23 14:05:00,7050.0,7075.0,7050.0,7075.0,14400
2026-04-23 14:10:00,7075.0,7075.0,7050.0,7050.0,21100
2026-04-23 14:15:00,7050.0,7075.0,7025.0,7050.0,1020700
2026-04-23 14:20:00,7050.0,7050.0,7025.0,7025.0,32100
2026-04-23 14:25:00,7050.0,7075.0,7025.0,7050.0,122600
2026-04-23 14:30:00,7050.0,7075.0,7025.0,7050.0,235700
2026-04-23 14:35:00,7025.0,7050.0,7025.0,7050.0,61900
2026-04-23 14:40:00,7050.0,7075.0,7050.0,7050.0,11500
2026-04-23 14:45:00,7050.0,7050.0,7050.0,7050.0,16700
2026-04-23 14:50:00,7075.0,7075.0,7025.0,7050.0,85000
2026-04-23 14:55:00,7050.0,7050.0,7025.0,7025.0,28600
2026-04-23 15:00:00,7050.0,7050.0,7025.0,7050.0,154700
2026-04-23 15:05:00,7050.0,7075.0,7050.0,7075.0,22500
2026-04-23 15:10:00,7050.0,7075.0,7025.0,7050.0,221900
2026-04-23 15:15:00,7050.0,7075.0,7025.0,7025.0,122100
2026-04-23 15:20:00,7050.0,7075.0,7050.0,7050.0,35500
2026-04-23 15:25:00,7050.0,7075.0,7050.0,7050.0,2900
2026-04-23 15:30:00,7075.0,7075.0,7050.0,7050.0,32100
2026-04-23 15:35:00,7050.0,7075.0,7050.0,7050.0,59500
2026-04-23 15:40:00,7050.0,7075.0,7050.0,7050.0,97100
2026-04-23 15:45:00,7050.0,7075.0,7050.0,7075.0,339000
2026-04-23 16:00:00,7075.0,7075.0,7075.0,7075.0,64100
2026-04-23 16:05:00,7075.0,7075.0,7075.0,7075.0,62800
2026-04-23 16:10:00,7075.0,7075.0,7075.0,7075.0,11600
2026-04-24 09:00:00,7100.0,7100.0,7075.0,7075.0,0
2026-04-24 09:05:00,7075.0,7100.0,7050.0,7075.0,102200
2026-04-24 09:10:00,7075.0,7075.0,7050.0,7075.0,26200
2026-04-24 09:15:00,7075.0,7075.0,7050.0,7075.0,14600
2026-04-24 09:20:00,7050.0,7075.0,7050.0,7075.0,143100
2026-04-24 09:25:00,7050.0,7050.0,7000.0,7025.0,296200
2026-04-24 09:30:00,7000.0,7000.0,6925.0,6925.0,1133600
2026-04-24 09:35:00,6950.0,6950.0,6925.0,6950.0,141200
2026-04-24 09:40:00,6925.0,6950.0,6925.0,6925.0,65100
2026-04-24 09:45:00,6925.0,6950.0,6900.0,6925.0,394500
2026-04-24 09:50:00,6900.0,6925.0,6900.0,6900.0,52100
2026-04-24 09:55:00,6900.0,6925.0,6900.0,6925.0,111400
2026-04-24 10:00:00,6925.0,6925.0,6900.0,6925.0,75500
2026-04-24 10:05:00,6925.0,6925.0,6900.0,6925.0,105900
2026-04-24 10:10:00,6925.0,6925.0,6900.0,6925.0,562000
2026-04-24 10:15:00,6900.0,6925.0,6900.0,6925.0,58400
2026-04-24 10:20:00,6925.0,6925.0,6850.0,6850.0,548100
2026-04-24 10:25:00,6875.0,6875.0,6825.0,6825.0,348800
2026-04-24 10:30:00,6825.0,6850.0,6825.0,6850.0,120000
2026-04-24 10:35:00,6850.0,6850.0,6825.0,6825.0,60500
2026-04-24 10:40:00,6850.0,6850.0,6825.0,6825.0,153300
2026-04-24 10:45:00,6850.0,6850.0,6825.0,6825.0,96400
2026-04-24 10:50:00,6850.0,6850.0,6825.0,6825.0,212700
2026-04-24 10:55:00,6825.0,6850.0,6825.0,6850.0,94000
2026-04-24 11:00:00,6850.0,6850.0,6825.0,6850.0,73200
2026-04-24 11:05:00,6850.0,6850.0,6850.0,6850.0,90200
2026-04-24 11:10:00,6850.0,6850.0,6825.0,6850.0,85800
2026-04-24 11:15:00,6825.0,6875.0,6825.0,6850.0,292300
2026-04-24 11:20:00,6850.0,6850.0,6825.0,6825.0,113000
2026-04-24 11:25:00,6850.0,6875.0,6850.0,6875.0,29700
2026-04-24 14:00:00,6875.0,6900.0,6850.0,6875.0,233400
2026-04-24 14:05:00,6900.0,6900.0,6875.0,6900.0,63300
2026-04-24 14:10:00,6875.0,6900.0,6875.0,6900.0,19900
2026-04-24 14:15:00,6875.0,6900.0,6875.0,6900.0,19300
2026-04-24 14:20:00,6900.0,6900.0,6875.0,6875.0,39300
2026-04-24 14:25:00,6875.0,6875.0,6850.0,6875.0,161900
2026-04-24 14:30:00,6875.0,6900.0,6850.0,6900.0,135100
2026-04-24 14:35:00,6900.0,6900.0,6875.0,6900.0,65800
2026-04-24 14:40:00,6900.0,6925.0,6900.0,6900.0,27200
2026-04-24 14:45:00,6925.0,6925.0,6900.0,6925.0,17000
2026-04-24 14:50:00,6925.0,6925.0,6900.0,6900.0,33200
2026-04-24 14:55:00,6900.0,6900.0,6875.0,6875.0,93900
2026-04-24 15:00:00,6900.0,6925.0,6875.0,6900.0,62300
2026-04-24 15:05:00,6900.0,6900.0,6875.0,6900.0,92900
2026-04-24 15:10:00,6875.0,6900.0,6875.0,6900.0,30200
2026-04-24 15:15:00,6900.0,6900.0,6875.0,6900.0,23400
2026-04-24 15:20:00,6900.0,6900.0,6875.0,6900.0,49200
2026-04-24 15:25:00,6900.0,6900.0,6875.0,6875.0,213600
2026-04-24 15:30:00,6875.0,6875.0,6825.0,6850.0,377000
2026-04-24 15:35:00,6850.0,6850.0,6825.0,6825.0,111400
2026-04-24 15:40:00,6850.0,6850.0,6825.0,6850.0,332900
2026-04-24 15:45:00,6850.0,6850.0,6825.0,6850.0,317400
2026-04-24 16:00:00,6825.0,6825.0,6825.0,6825.0,360300
2026-04-24 16:05:00,6825.0,6825.0,6825.0,6825.0,8900
2026-04-24 16:10:00,6825.0,6825.0,6825.0,6825.0,48100
2026-04-27 09:00:00,6825.0,6875.0,6750.0,6875.0,0
2026-04-27 09:05:00,6875.0,6875.0,6825.0,6825.0,104200
2026-04-27 09:10:00,6825.0,6850.0,6800.0,6800.0,248800
2026-04-27 09:15:00,6825.0,6850.0,6800.0,6850.0,148500
2026-04-27 09:20:00,6825.0,6875.0,6825.0,6875.0,234100
2026-04-27 09:25:00,6875.0,6875.0,6850.0,6875.0,19500
2026-04-27 09:30:00,6875.0,6900.0,6850.0,6875.0,41600
2026-04-27 09:35:00,6875.0,6900.0,6850.0,6875.0,47300
2026-04-27 09:40:00,6875.0,6875.0,6850.0,6875.0,16600
2026-04-27 09:45:00,6850.0,6875.0,6850.0,6875.0,34100
2026-04-27 09:50:00,6875.0,6875.0,6850.0,6875.0,17100
2026-04-27 09:55:00,6875.0,6875.0,6850.0,6875.0,111400
2026-04-27 10:00:00,6875.0,6900.0,6850.0,6900.0,79500
2026-04-27 10:05:00,6875.0,6900.0,6875.0,6875.0,18100
2026-04-27 10:10:00,6875.0,6875.0,6850.0,6875.0,4400
2026-04-27 10:15:00,6875.0,6900.0,6875.0,6900.0,110700
2026-04-27 10:20:00,6900.0,6900.0,6875.0,6900.0,12900
2026-04-27 10:25:00,6900.0,6900.0,6875.0,6875.0,28400
2026-04-27 10:30:00,6875.0,6900.0,6875.0,6900.0,21500
2026-04-27 10:35:00,6900.0,6900.0,6875.0,6875.0,14200
2026-04-27 10:40:00,6875.0,6900.0,6875.0,6900.0,23500
2026-04-27 10:45:00,6875.0,6900.0,6875.0,6875.0,41100
2026-04-27 10:50:00,6900.0,6900.0,6875.0,6875.0,6300
2026-04-27 10:55:00,6875.0,6900.0,6875.0,6875.0,5600
2026-04-27 11:00:00,6875.0,6900.0,6875.0,6875.0,30100
2026-04-27 11:05:00,6875.0,6900.0,6875.0,6875.0,37400
2026-04-27 11:10:00,6875.0,6900.0,6875.0,6875.0,13900
2026-04-27 11:15:00,6875.0,6900.0,6850.0,6875.0,44900
2026-04-27 11:20:00,6900.0,6900.0,6875.0,6875.0,1900
2026-04-27 11:25:00,6875.0,6900.0,6875.0,6875.0,14600
2026-04-27 11:30:00,6875.0,6900.0,6875.0,6875.0,4900
2026-04-27 11:35:00,6900.0,6900.0,6875.0,6875.0,5800
2026-04-27 11:40:00,6900.0,6900.0,6875.0,6875.0,21200
2026-04-27 11:45:00,6900.0,6900.0,6875.0,6875.0,12100
2026-04-27 11:50:00,6900.0,6900.0,6875.0,6900.0,30600
2026-04-27 11:55:00,6900.0,6900.0,6875.0,6875.0,2600
2026-04-27 13:30:00,6875.0,6900.0,6850.0,6875.0,195300
2026-04-27 13:35:00,6900.0,6900.0,6825.0,6875.0,663700
2026-04-27 13:40:00,6875.0,6875.0,6850.0,6875.0,27000
2026-04-27 13:45:00,6850.0,6875.0,6850.0,6875.0,6800
2026-04-27 13:50:00,6850.0,6875.0,6850.0,6875.0,4300
2026-04-27 13:55:00,6875.0,6900.0,6875.0,6900.0,12900
2026-04-27 14:00:00,6900.0,6925.0,6900.0,6900.0,184900
2026-04-27 14:05:00,6900.0,6900.0,6875.0,6875.0,18200
2026-04-27 14:10:00,6900.0,6900.0,6875.0,6900.0,6500
2026-04-27 14:15:00,6900.0,6900.0,6875.0,6900.0,21900
2026-04-27 14:20:00,6900.0,6900.0,6875.0,6900.0,28600
2026-04-27 14:25:00,6900.0,6900.0,6875.0,6875.0,11400
2026-04-27 14:30:00,6900.0,6900.0,6875.0,6900.0,26900
2026-04-27 14:35:00,6900.0,6900.0,6875.0,6900.0,9400
2026-04-27 14:40:00,6900.0,6900.0,6875.0,6875.0,5000
2026-04-27 14:45:00,6900.0,6900.0,6875.0,6900.0,57200
2026-04-27 14:50:00,6900.0,6900.0,6875.0,6875.0,7400
2026-04-27 14:55:00,6875.0,6900.0,6875.0,6900.0,12900
2026-04-27 15:00:00,6900.0,6900.0,6875.0,6900.0,12100
2026-04-27 15:05:00,6900.0,6900.0,6875.0,6900.0,12300
2026-04-27 15:10:00,6875.0,6900.0,6875.0,6900.0,47200
2026-04-27 15:15:00,6900.0,6900.0,6875.0,6900.0,56900
2026-04-27 15:20:00,6900.0,6900.0,6875.0,6900.0,22400
2026-04-27 15:25:00,6900.0,6900.0,6900.0,6900.0,36400
2026-04-27 15:30:00,6900.0,6900.0,6900.0,6900.0,13100
2026-04-27 15:35:00,6900.0,6925.0,6875.0,6900.0,44200
2026-04-27 15:40:00,6900.0,6900.0,6875.0,6900.0,11200
2026-04-27 15:45:00,6900.0,6900.0,6875.0,6900.0,53300
2026-04-27 16:00:00,6900.0,6900.0,6900.0,6900.0,108700
2026-04-27 16:05:00,6900.0,6900.0,6900.0,6900.0,1200
2026-04-27 16:10:00,6900.0,6900.0,6900.0,6900.0,5800
2026-04-28 09:00:00,6925.0,6950.0,6900.0,6950.0,0
2026-04-28 09:05:00,6950.0,6950.0,6875.0,6900.0,122700
2026-04-28 09:10:00,6875.0,6925.0,6850.0,6925.0,99700
2026-04-28 09:15:00,6925.0,6925.0,6875.0,6900.0,23000
2026-04-28 09:20:00,6875.0,6900.0,6875.0,6900.0,29900
2026-04-28 09:25:00,6900.0,6900.0,6875.0,6900.0,4200
2026-04-28 09:30:00,6900.0,6925.0,6875.0,6925.0,373100
2026-04-28 09:35:00,6900.0,6925.0,6900.0,6925.0,10500
2026-04-28 09:40:00,6925.0,6925.0,6900.0,6900.0,64500
2026-04-28 09:45:00,6900.0,6925.0,6875.0,6900.0,264600
2026-04-28 09:50:00,6875.0,6900.0,6875.0,6875.0,34900
2026-04-28 09:55:00,6900.0,6900.0,6875.0,6875.0,16400
2026-04-28 10:00:00,6875.0,6875.0,6850.0,6850.0,86900
2026-04-28 10:05:00,6850.0,6875.0,6850.0,6850.0,7500
2026-04-28 10:10:00,6850.0,6875.0,6850.0,6875.0,15000
2026-04-28 10:15:00,6875.0,6875.0,6850.0,6850.0,21800
2026-04-28 10:20:00,6850.0,6850.0,6825.0,6850.0,188700
2026-04-28 10:25:00,6850.0,6850.0,6825.0,6850.0,17900
2026-04-28 10:30:00,6850.0,6850.0,6825.0,6825.0,48500
2026-04-28 10:35:00,6850.0,6850.0,6825.0,6850.0,8400
2026-04-28 10:40:00,6825.0,6850.0,6825.0,6850.0,44100
2026-04-28 10:45:00,6850.0,6850.0,6825.0,6825.0,138600
2026-04-28 10:50:00,6825.0,6850.0,6800.0,6825.0,69500
2026-04-28 10:55:00,6825.0,6825.0,6800.0,6825.0,11900
2026-04-28 11:00:00,6825.0,6825.0,6800.0,6825.0,27900
2026-04-28 11:05:00,6825.0,6825.0,6800.0,6825.0,65700
2026-04-28 11:10:00,6825.0,6825.0,6800.0,6825.0,8600
2026-04-28 11:15:00,6825.0,6825.0,6800.0,6800.0,18500
2026-04-28 11:20:00,6800.0,6825.0,6800.0,6825.0,9400
2026-04-28 11:25:00,6800.0,6825.0,6800.0,6825.0,39600
2026-04-28 11:30:00,6825.0,6825.0,6825.0,6825.0,20000
2026-04-28 11:35:00,6825.0,6825.0,6800.0,6825.0,17700
2026-04-28 11:40:00,6800.0,6850.0,6800.0,6825.0,62800
2026-04-28 11:45:00,6825.0,6850.0,6825.0,6850.0,24200
2026-04-28 11:50:00,6850.0,6850.0,6825.0,6850.0,5400
2026-04-28 11:55:00,6850.0,6850.0,6825.0,6825.0,23300
2026-04-28 13:30:00,6825.0,6850.0,6800.0,6825.0,232300
2026-04-28 13:35:00,6825.0,6850.0,6800.0,6800.0,252300
2026-04-28 13:40:00,6800.0,6825.0,6800.0,6800.0,116800
2026-04-28 13:45:00,6800.0,6825.0,6775.0,6775.0,497500
2026-04-28 13:50:00,6775.0,6825.0,6775.0,6800.0,159200
2026-04-28 13:55:00,6800.0,6800.0,6775.0,6775.0,38700
2026-04-28 14:00:00,6775.0,6825.0,6775.0,6800.0,53300
2026-04-28 14:05:00,6800.0,6825.0,6800.0,6800.0,3700
2026-04-28 14:10:00,6825.0,6825.0,6775.0,6800.0,105100
2026-04-28 14:15:00,6800.0,6800.0,6775.0,6800.0,18100
2026-04-28 14:20:00,6800.0,6800.0,6775.0,6775.0,14200
2026-04-28 14:25:00,6800.0,6800.0,6775.0,6800.0,24000
2026-04-28 14:30:00,6775.0,6800.0,6775.0,6775.0,24500
2026-04-28 14:35:00,6775.0,6800.0,6775.0,6800.0,15500
2026-04-28 14:40:00,6775.0,6800.0,6775.0,6775.0,32300
2026-04-28 14:45:00,6775.0,6800.0,6775.0,6800.0,109300
2026-04-28 14:50:00,6800.0,6800.0,6775.0,6775.0,22900
2026-04-28 14:55:00,6775.0,6800.0,6750.0,6775.0,418100
2026-04-28 15:00:00,6775.0,6775.0,6750.0,6775.0,38300
2026-04-28 15:05:00,6775.0,6775.0,6750.0,6750.0,16700
2026-04-28 15:10:00,6775.0,6775.0,6750.0,6775.0,31200
2026-04-28 15:15:00,6750.0,6775.0,6750.0,6750.0,64100
2026-04-28 15:20:00,6750.0,6775.0,6750.0,6775.0,222700
2026-04-28 15:25:00,6775.0,6775.0,6750.0,6750.0,40000
2026-04-28 15:30:00,6750.0,6775.0,6750.0,6750.0,28600
2026-04-28 15:35:00,6750.0,6775.0,6750.0,6750.0,32700
2026-04-28 15:40:00,6750.0,6775.0,6750.0,6775.0,613500
2026-04-28 15:45:00,6750.0,6800.0,6750.0,6750.0,128400
2026-04-28 16:00:00,6775.0,6775.0,6775.0,6775.0,99600
2026-04-28 16:05:00,6775.0,6775.0,6775.0,6775.0,2500
2026-04-28 16:10:00,6775.0,6775.0,6775.0,6775.0,34100
2026-04-29 09:00:00,6800.0,6800.0,6775.0,6800.0,0
2026-04-29 09:05:00,6800.0,6825.0,6750.0,6800.0,178100
2026-04-29 09:10:00,6800.0,6800.0,6775.0,6800.0,39600
2026-04-29 09:15:00,6775.0,6825.0,6775.0,6825.0,75500
2026-04-29 09:20:00,6825.0,6825.0,6775.0,6800.0,24500
2026-04-29 09:25:00,6775.0,6825.0,6775.0,6800.0,105800
2026-04-29 09:30:00,6800.0,6825.0,6800.0,6800.0,28400
2026-04-29 09:35:00,6800.0,6825.0,6800.0,6800.0,138300
2026-04-29 09:40:00,6800.0,6800.0,6775.0,6775.0,171500
2026-04-29 09:45:00,6775.0,6775.0,6750.0,6775.0,5200
2026-04-29 09:50:00,6775.0,6775.0,6750.0,6750.0,24700
2026-04-29 09:55:00,6750.0,6775.0,6750.0,6775.0,35000
2026-04-29 10:00:00,6775.0,6775.0,6750.0,6775.0,37600
2026-04-29 10:05:00,6775.0,6775.0,6750.0,6775.0,22000
2026-04-29 10:10:00,6775.0,6775.0,6750.0,6775.0,41200
2026-04-29 10:15:00,6750.0,6775.0,6750.0,6750.0,24800
2026-04-29 10:20:00,6750.0,6775.0,6750.0,6775.0,22400
2026-04-29 10:25:00,6750.0,6775.0,6750.0,6775.0,16900
2026-04-29 10:30:00,6775.0,6800.0,6775.0,6800.0,140600
2026-04-29 10:35:00,6775.0,6800.0,6750.0,6775.0,55400
2026-04-29 10:40:00,6775.0,6775.0,6750.0,6775.0,15600
2026-04-29 10:45:00,6750.0,6775.0,6750.0,6775.0,36100
2026-04-29 10:50:00,6775.0,6775.0,6750.0,6775.0,28200
2026-04-29 10:55:00,6775.0,6775.0,6750.0,6750.0,25700
2026-04-29 11:00:00,6750.0,6775.0,6750.0,6775.0,40000
2026-04-29 11:05:00,6750.0,6775.0,6750.0,6775.0,42200
2026-04-29 11:10:00,6750.0,6775.0,6750.0,6750.0,42500
2026-04-29 11:15:00,6750.0,6775.0,6750.0,6775.0,48600
2026-04-29 11:20:00,6750.0,6775.0,6750.0,6775.0,22900
2026-04-29 11:25:00,6775.0,6775.0,6750.0,6750.0,48000
2026-04-29 11:30:00,6750.0,6775.0,6725.0,6750.0,369200
2026-04-29 11:35:00,6750.0,6750.0,6750.0,6750.0,12900
2026-04-29 11:40:00,6750.0,6775.0,6750.0,6750.0,1800
2026-04-29 11:45:00,6750.0,6775.0,6750.0,6775.0,39300
2026-04-29 11:50:00,6750.0,6775.0,6750.0,6750.0,37600
2026-04-29 11:55:00,6750.0,6775.0,6725.0,6725.0,75400
2026-04-29 13:30:00,6750.0,6750.0,6725.0,6750.0,579000
2026-04-29 13:35:00,6750.0,6750.0,6725.0,6750.0,20300
2026-04-29 13:40:00,6750.0,6750.0,6725.0,6725.0,21700
2026-04-29 13:45:00,6725.0,6750.0,6725.0,6750.0,23800
2026-04-29 13:50:00,6750.0,6750.0,6725.0,6725.0,94500
2026-04-29 13:55:00,6725.0,6750.0,6725.0,6750.0,51200
2026-04-29 14:00:00,6750.0,6750.0,6725.0,6750.0,291100
2026-04-29 14:05:00,6750.0,6750.0,6725.0,6725.0,17100
2026-04-29 14:10:00,6725.0,6750.0,6725.0,6750.0,22100
2026-04-29 14:15:00,6750.0,6750.0,6725.0,6750.0,50100
2026-04-29 14:20:00,6750.0,6750.0,6725.0,6750.0,30100
2026-04-29 14:25:00,6725.0,6750.0,6725.0,6750.0,63800
2026-04-29 14:30:00,6750.0,6750.0,6725.0,6750.0,48800
2026-04-29 14:35:00,6725.0,6750.0,6725.0,6725.0,43600
2026-04-29 14:40:00,6750.0,6750.0,6725.0,6725.0,84000
2026-04-29 14:45:00,6725.0,6750.0,6725.0,6750.0,76600
2026-04-29 14:50:00,6725.0,6750.0,6725.0,6725.0,116000
2026-04-29 14:55:00,6725.0,6750.0,6725.0,6725.0,69700
2026-04-29 15:00:00,6725.0,6750.0,6725.0,6725.0,510200
2026-04-29 15:05:00,6725.0,6725.0,6700.0,6725.0,56700
2026-04-29 15:10:00,6700.0,6725.0,6700.0,6725.0,199300
2026-04-29 15:15:00,6700.0,6725.0,6700.0,6725.0,93100
2026-04-29 15:20:00,6725.0,6725.0,6700.0,6725.0,69400
2026-04-29 15:25:00,6700.0,6725.0,6700.0,6725.0,70200
2026-04-29 15:30:00,6725.0,6725.0,6700.0,6700.0,44800
2026-04-29 15:35:00,6700.0,6725.0,6700.0,6725.0,44000
2026-04-29 15:40:00,6700.0,6725.0,6700.0,6725.0,162800
2026-04-29 15:45:00,6725.0,6725.0,6700.0,6700.0,457200
2026-04-29 16:00:00,6725.0,6725.0,6725.0,6725.0,558700
2026-04-29 16:05:00,6725.0,6725.0,6725.0,6725.0,9400
2026-04-29 16:10:00,6725.0,6725.0,6725.0,6725.0,8300
2026-04-30 09:00:00,6725.0,6750.0,6700.0,6750.0,0
2026-04-30 09:05:00,6750.0,6775.0,6725.0,6750.0,112700
2026-04-30 09:10:00,6750.0,6750.0,6725.0,6725.0,73600
2026-04-30 09:15:00,6725.0,6775.0,6700.0,6775.0,218800
2026-04-30 09:20:00,6775.0,6775.0,6725.0,6750.0,163900
2026-04-30 09:25:00,6750.0,6775.0,6750.0,6775.0,67600
2026-04-30 09:30:00,6775.0,6775.0,6750.0,6750.0,85400
2026-04-30 09:35:00,6725.0,6750.0,6725.0,6750.0,50700
2026-04-30 09:40:00,6750.0,6750.0,6725.0,6725.0,84100
2026-04-30 09:45:00,6750.0,6750.0,6725.0,6725.0,18700
2026-04-30 09:50:00,6725.0,6750.0,6725.0,6725.0,54600
2026-04-30 09:55:00,6725.0,6750.0,6700.0,6750.0,83000
2026-04-30 10:00:00,6750.0,6750.0,6725.0,6725.0,64600
2026-04-30 10:05:00,6700.0,6750.0,6700.0,6750.0,7300
2026-04-30 10:10:00,6725.0,6750.0,6725.0,6725.0,11500
2026-04-30 10:15:00,6725.0,6750.0,6725.0,6750.0,19800
2026-04-30 10:20:00,6725.0,6750.0,6725.0,6750.0,11700
2026-04-30 10:25:00,6750.0,6750.0,6725.0,6750.0,25800
2026-04-30 10:30:00,6725.0,6750.0,6725.0,6725.0,76900
2026-04-30 10:35:00,6725.0,6725.0,6700.0,6725.0,7400
2026-04-30 10:40:00,6700.0,6725.0,6700.0,6700.0,3200
2026-04-30 10:45:00,6700.0,6725.0,6700.0,6700.0,21600
2026-04-30 10:50:00,6725.0,6725.0,6700.0,6725.0,14000
2026-04-30 10:55:00,6700.0,6725.0,6700.0,6700.0,21500
2026-04-30 11:00:00,6700.0,6725.0,6700.0,6700.0,19200
2026-04-30 11:05:00,6725.0,6725.0,6700.0,6700.0,23800
2026-04-30 11:10:00,6700.0,6725.0,6700.0,6700.0,8400
2026-04-30 11:15:00,6725.0,6725.0,6700.0,6725.0,28400
2026-04-30 11:20:00,6700.0,6725.0,6700.0,6700.0,302000
2026-04-30 11:25:00,6725.0,6725.0,6675.0,6700.0,124900
2026-04-30 11:30:00,6700.0,6700.0,6675.0,6700.0,20900
2026-04-30 11:35:00,6700.0,6725.0,6675.0,6700.0,50900
2026-04-30 11:40:00,6700.0,6725.0,6675.0,6700.0,77400
2026-04-30 11:45:00,6675.0,6700.0,6675.0,6700.0,43600
2026-04-30 11:50:00,6675.0,6700.0,6675.0,6675.0,6700
2026-04-30 11:55:00,6700.0,6725.0,6700.0,6700.0,65800
2026-04-30 13:30:00,6700.0,6700.0,6650.0,6675.0,522600
2026-04-30 13:35:00,6650.0,6675.0,6650.0,6675.0,222200
2026-04-30 13:40:00,6650.0,6675.0,6650.0,6650.0,218500
2026-04-30 13:45:00,6675.0,6675.0,6650.0,6650.0,112100
2026-04-30 13:50:00,6650.0,6675.0,6650.0,6650.0,35500
2026-04-30 13:55:00,6675.0,6700.0,6650.0,6675.0,84200
2026-04-30 14:00:00,6675.0,6725.0,6675.0,6700.0,184800
2026-04-30 14:05:00,6725.0,6725.0,6675.0,6675.0,241500
2026-04-30 14:10:00,6675.0,6725.0,6675.0,6700.0,27700
2026-04-30 14:15:00,6700.0,6725.0,6700.0,6700.0,22400
2026-04-30 14:20:00,6700.0,6725.0,6700.0,6700.0,28100
2026-04-30 14:25:00,6700.0,6725.0,6700.0,6700.0,22100
2026-04-30 14:30:00,6700.0,6750.0,6700.0,6750.0,141300
2026-04-30 14:35:00,6725.0,6750.0,6700.0,6725.0,55000
2026-04-30 14:40:00,6725.0,6725.0,6700.0,6700.0,30100
2026-04-30 14:45:00,6725.0,6725.0,6700.0,6700.0,24000
2026-04-30 14:50:00,6700.0,6725.0,6700.0,6725.0,32300
2026-04-30 14:55:00,6725.0,6725.0,6700.0,6700.0,25200
2026-04-30 15:00:00,6700.0,6725.0,6700.0,6700.0,21100
2026-04-30 15:05:00,6725.0,6725.0,6700.0,6700.0,19000
2026-04-30 15:10:00,6725.0,6725.0,6700.0,6700.0,22100
2026-04-30 15:15:00,6700.0,6725.0,6700.0,6700.0,60400
2026-04-30 15:20:00,6725.0,6725.0,6700.0,6700.0,23700
2026-04-30 15:25:00,6700.0,6725.0,6700.0,6700.0,30500
2026-04-30 15:30:00,6725.0,6725.0,6700.0,6725.0,272400
2026-04-30 15:35:00,6725.0,6725.0,6700.0,6725.0,85500
2026-04-30 15:40:00,6700.0,6725.0,6700.0,6725.0,58000
2026-04-30 15:45:00,6725.0,6750.0,6700.0,6750.0,227600
2026-04-30 16:00:00,6775.0,6775.0,6775.0,6775.0,1453600
2026-04-30 16:05:00,6775.0,6775.0,6775.0,6775.0,1000
2026-04-30 16:10:00,6775.0,6775.0,6775.0,6775.0,200
2026-05-04 09:00:00,6800.0,6800.0,6725.0,6800.0,0
2026-05-04 09:05:00,6800.0,6825.0,6775.0,6800.0,86200
2026-05-04 09:10:00,6800.0,6825.0,6775.0,6825.0,38900
2026-05-04 09:15:00,6825.0,6850.0,6825.0,6850.0,150000
2026-05-04 09:20:00,6850.0,6875.0,6825.0,6875.0,37200
2026-05-04 09:25:00,6850.0,6850.0,6825.0,6850.0,20900
2026-05-04 09:30:00,6825.0,6850.0,6800.0,6825.0,112100
2026-05-04 09:35:00,6825.0,6825.0,6800.0,6825.0,90600
2026-05-04 09:40:00,6800.0,6825.0,6800.0,6825.0,14400
2026-05-04 09:45:00,6825.0,6825.0,6775.0,6800.0,186300
2026-05-04 09:50:00,6800.0,6800.0,6775.0,6800.0,29300
2026-05-04 09:55:00,6800.0,6800.0,6775.0,6800.0,9000
2026-05-04 10:00:00,6775.0,6800.0,6775.0,6800.0,42200
2026-05-04 10:05:00,6800.0,6800.0,6775.0,6800.0,93700
2026-05-04 10:10:00,6775.0,6800.0,6775.0,6800.0,23100
2026-05-04 10:15:00,6800.0,6800.0,6775.0,6775.0,48100
2026-05-04 10:20:00,6775.0,6800.0,6775.0,6775.0,95700
2026-05-04 10:25:00,6775.0,6800.0,6775.0,6800.0,4900
2026-05-04 10:30:00,6800.0,6800.0,6775.0,6800.0,1000
2026-05-04 10:35:00,6775.0,6800.0,6775.0,6800.0,22900
2026-05-04 10:40:00,6800.0,6800.0,6750.0,6775.0,299600
2026-05-04 10:45:00,6750.0,6775.0,6700.0,6725.0,163000
2026-05-04 10:50:00,6725.0,6725.0,6700.0,6725.0,145400
2026-05-04 10:55:00,6725.0,6725.0,6700.0,6725.0,17400
2026-05-04 11:00:00,6725.0,6725.0,6675.0,6725.0,417700
2026-05-04 11:05:00,6700.0,6750.0,6700.0,6750.0,22900
2026-05-04 11:10:00,6750.0,6750.0,6725.0,6725.0,26600
2026-05-04 11:15:00,6725.0,6750.0,6700.0,6725.0,19100
2026-05-04 11:20:00,6725.0,6750.0,6700.0,6700.0,10600
2026-05-04 11:25:00,6700.0,6725.0,6700.0,6725.0,66200
2026-05-04 11:30:00,6725.0,6750.0,6700.0,6750.0,7900
2026-05-04 11:35:00,6750.0,6750.0,6725.0,6750.0,6100
2026-05-04 11:40:00,6750.0,6775.0,6725.0,6750.0,430700
2026-05-04 11:45:00,6750.0,6775.0,6750.0,6775.0,17300
2026-05-04 11:50:00,6775.0,6775.0,6775.0,6775.0,17800
2026-05-04 11:55:00,6775.0,6775.0,6775.0,6775.0,1800
2026-05-04 13:30:00,6775.0,6775.0,6750.0,6775.0,148600
2026-05-04 13:35:00,6775.0,6775.0,6775.0,6775.0,11300
2026-05-04 13:40:00,6775.0,6775.0,6775.0,6775.0,10400
2026-05-04 13:45:00,6775.0,6775.0,6750.0,6775.0,6700
2026-05-04 13:50:00,6775.0,6775.0,6750.0,6775.0,15000
2026-05-04 13:55:00,6775.0,6775.0,6750.0,6775.0,11600
2026-05-04 14:00:00,6775.0,6775.0,6750.0,6775.0,128200
2026-05-04 14:05:00,6775.0,6775.0,6750.0,6750.0,41000
2026-05-04 14:10:00,6775.0,6775.0,6725.0,6750.0,121700
2026-05-04 14:15:00,6750.0,6775.0,6725.0,6775.0,6700
2026-05-04 14:20:00,6775.0,6775.0,6750.0,6775.0,15000
2026-05-04 14:25:00,6775.0,6775.0,6750.0,6775.0,41800
2026-05-04 14:30:00,6775.0,6775.0,6750.0,6775.0,7200
2026-05-04 14:35:00,6775.0,6775.0,6750.0,6775.0,14800
2026-05-04 14:40:00,6775.0,6775.0,6750.0,6750.0,36900
2026-05-04 14:45:00,6775.0,6775.0,6750.0,6775.0,61900
2026-05-04 14:50:00,6800.0,6800.0,6775.0,6800.0,842100
2026-05-04 14:55:00,6800.0,6800.0,6775.0,6775.0,37900
2026-05-04 15:00:00,6800.0,6800.0,6775.0,6775.0,90000
2026-05-04 15:05:00,6800.0,6800.0,6775.0,6775.0,48100
2026-05-04 15:10:00,6800.0,6800.0,6775.0,6775.0,81900
2026-05-04 15:15:00,6800.0,6800.0,6775.0,6775.0,57400
2026-05-04 15:20:00,6775.0,6800.0,6775.0,6800.0,49500
2026-05-04 15:25:00,6800.0,6800.0,6775.0,6800.0,49300
2026-05-04 15:30:00,6775.0,6800.0,6775.0,6775.0,104700
2026-05-04 15:35:00,6775.0,6800.0,6725.0,6725.0,699400
2026-05-04 15:40:00,6725.0,6750.0,6725.0,6725.0,161800
2026-05-04 15:45:00,6750.0,6750.0,6700.0,6725.0,358900
2026-05-04 16:00:00,6800.0,6800.0,6800.0,6800.0,250800
2026-05-04 16:05:00,6800.0,6800.0,6800.0,6800.0,8300
2026-05-04 16:10:00,6800.0,6800.0,6800.0,6800.0,800
2026-05-05 09:00:00,6775.0,6775.0,6700.0,6725.0,143100
2026-05-05 09:05:00,6750.0,6750.0,6725.0,6725.0,72500
2026-05-05 09:10:00,6725.0,6750.0,6725.0,6750.0,12200
2026-05-05 09:15:00,6750.0,6750.0,6725.0,6725.0,19600
2026-05-05 09:20:00,6725.0,6750.0,6725.0,6750.0,59300
2026-05-05 09:25:00,6775.0,6775.0,6750.0,6750.0,78600
2026-05-05 09:30:00,6775.0,6775.0,6750.0,6775.0,7100
2026-05-05 09:35:00,6775.0,6775.0,6750.0,6775.0,44400
2026-05-05 09:40:00,6775.0,6775.0,6750.0,6750.0,65800
2026-05-05 09:45:00,6775.0,6775.0,6750.0,6750.0,39900
2026-05-05 09:50:00,6750.0,6775.0,6750.0,6775.0,32500
2026-05-05 09:55:00,6750.0,6800.0,6750.0,6800.0,67000
2026-05-05 10:00:00,6775.0,6800.0,6775.0,6800.0,18700
2026-05-05 10:05:00,6775.0,6800.0,6750.0,6750.0,22400
2026-05-05 10:10:00,6775.0,6775.0,6750.0,6750.0,19200
2026-05-05 10:15:00,6775.0,6775.0,6750.0,6750.0,6900
2026-05-05 10:20:00,6775.0,6775.0,6750.0,6750.0,28100
2026-05-05 10:25:00,6775.0,6775.0,6750.0,6775.0,36500
2026-05-05 10:30:00,6775.0,6800.0,6775.0,6775.0,15700
2026-05-05 10:35:00,6800.0,6800.0,6775.0,6775.0,43300
2026-05-05 10:40:00,6775.0,6800.0,6775.0,6775.0,157900
2026-05-05 10:45:00,6800.0,6800.0,6750.0,6750.0,113200
2026-05-05 10:50:00,6775.0,6775.0,6750.0,6750.0,20200
2026-05-05 10:55:00,6750.0,6775.0,6750.0,6775.0,22600
2026-05-05 11:00:00,6750.0,6775.0,6750.0,6775.0,103500
2026-05-05 11:05:00,6775.0,6775.0,6750.0,6775.0,33200
2026-05-05 11:10:00,6775.0,6775.0,6700.0,6725.0,629600
2026-05-05 11:15:00,6725.0,6750.0,6725.0,6725.0,31200
2026-05-05 11:20:00,6725.0,6750.0,6725.0,6750.0,14200
2026-05-05 11:25:00,6725.0,6750.0,6725.0,6725.0,26900
2026-05-05 11:30:00,6725.0,6750.0,6725.0,6725.0,26300
2026-05-05 11:35:00,6725.0,6750.0,6725.0,6725.0,30200
2026-05-05 11:40:00,6725.0,6750.0,6725.0,6725.0,13100
2026-05-05 11:45:00,6725.0,6750.0,6725.0,6725.0,30300
2026-05-05 11:50:00,6725.0,6775.0,6725.0,6775.0,70300
2026-05-05 11:55:00,6775.0,6775.0,6725.0,6750.0,13700
