Datetime,Open,High,Low,Close,Volume
2026-02-03 09:00:00,6600.0,6650.0,6600.0,6650.0,0
2026-02-03 09:05:00,6650.0,6650.0,6625.0,6625.0,2900
2026-02-03 09:10:00,6600.0,6600.0,6575.0,6575.0,36100
2026-02-03 09:15:00,6575.0,6600.0,6575.0,6575.0,5600
2026-02-03 09:20:00,6575.0,6575.0,6550.0,6575.0,24700
2026-02-03 09:30:00,6575.0,6575.0,6575.0,6575.0,2000
2026-02-03 09:35:00,6575.0,6575.0,6575.0,6575.0,100
2026-02-03 09:40:00,6600.0,6600.0,6600.0,6600.0,400
2026-02-03 09:45:00,6600.0,6600.0,6575.0,6575.0,2400
2026-02-03 09:50:00,6600.0,6600.0,6600.0,6600.0,200
2026-02-03 09:55:00,6600.0,6600.0,6575.0,6600.0,99200
2026-02-03 10:00:00,6600.0,6625.0,6600.0,6625.0,0
2026-02-03 10:10:00,6625.0,6625.0,6625.0,6625.0,200
2026-02-03 10:15:00,6625.0,6625.0,6625.0,6625.0,200
2026-02-03 10:20:00,6600.0,6600.0,6600.0,6600.0,800
2026-02-03 10:30:00,6625.0,6625.0,6625.0,6625.0,10000
2026-02-03 10:35:00,6625.0,6625.0,6625.0,6625.0,3400
2026-02-03 10:40:00,6625.0,6625.0,6600.0,6600.0,10000
2026-02-03 10:50:00,6625.0,6650.0,6625.0,6650.0,20800
2026-02-03 10:55:00,6650.0,6675.0,6650.0,6650.0,16300
2026-02-03 11:05:00,6650.0,6650.0,6650.0,6650.0,200
2026-02-03 11:10:00,6650.0,6650.0,6650.0,6650.0,1000
2026-02-03 11:15:00,6650.0,6650.0,6650.0,6650.0,200
2026-02-03 11:20:00,6650.0,6650.0,6625.0,6650.0,101900
2026-02-03 11:25:00,6650.0,6650.0,6650.0,6650.0,35200
2026-02-03 11:30:00,6650.0,6675.0,6650.0,6675.0,27300
2026-02-03 11:35:00,6650.0,6675.0,6650.0,6675.0,129700
2026-02-03 11:50:00,6675.0,6675.0,6625.0,6650.0,4300
2026-02-03 11:55:00,6675.0,6675.0,6675.0,6675.0,100
2026-02-03 13:30:00,6625.0,6675.0,6625.0,6650.0,6000
2026-02-03 13:35:00,6650.0,6675.0,6650.0,6675.0,59000
2026-02-03 13:40:00,6675.0,6675.0,6675.0,6675.0,1500
2026-02-03 13:45:00,6675.0,6675.0,6675.0,6675.0,3300
2026-02-03 13:50:00,6700.0,6700.0,6675.0,6675.0,63300
2026-02-03 13:55:00,6675.0,6675.0,6650.0,6650.0,5700
2026-02-03 14:10:00,6675.0,6675.0,6675.0,6675.0,1700
2026-02-03 14:25:00,6625.0,6625.0,6625.0,6625.0,600
2026-02-03 14:30:00,6625.0,6625.0,6625.0,6625.0,300
2026-02-03 14:35:00,6625.0,6625.0,6625.0,6625.0,500
2026-02-03 14:40:00,6650.0,6650.0,6650.0,6650.0,9700
2026-02-03 14:55:00,6675.0,6675.0,6675.0,6675.0,900
2026-02-03 15:00:00,6675.0,6675.0,6675.0,6675.0,400
2026-02-03 15:05:00,6675.0,6675.0,6675.0,6675.0,400
2026-02-03 15:10:00,6650.0,6675.0,6650.0,6650.0,9800
2026-02-03 15:15:00,6650.0,6675.0,6650.0,6650.0,115500
2026-02-03 15:20:00,6650.0,6675.0,6625.0,6625.0,99600
2026-02-03 15:25:00,6625.0,6625.0,6600.0,6625.0,9400
2026-02-03 15:30:00,6600.0,6625.0,6600.0,6625.0,21800
2026-02-03 15:35:00,6625.0,6650.0,6625.0,6650.0,29500
2026-02-03 15:40:00,6625.0,6650.0,6625.0,6650.0,30000
2026-02-03 15:45:00,6625.0,6675.0,6625.0,6675.0,130500
2026-02-03 16:00:00,6575.0,6575.0,6575.0,6575.0,203500
2026-02-03 16:05:00,6575.0,6575.0,6575.0,6575.0,100
2026-02-04 09:00:00,6625.0,6650.0,6625.0,6625.0,0
2026-02-04 09:05:00,6625.0,6625.0,6600.0,6625.0,2300
2026-02-04 09:10:00,6625.0,6625.0,6600.0,6625.0,15000
2026-02-04 09:15:00,6625.0,6625.0,6600.0,6625.0,1700
2026-02-04 09:20:00,6625.0,6625.0,6625.0,6625.0,2600
2026-02-04 09:25:00,6650.0,6650.0,6625.0,6625.0,1500
2026-02-04 09:30:00,6625.0,6625.0,6625.0,6625.0,2800
2026-02-04 09:35:00,6625.0,6650.0,6625.0,6625.0,0
2026-02-04 09:40:00,6625.0,6625.0,6625.0,6625.0,200
2026-02-04 09:45:00,6625.0,6625.0,6625.0,6625.0,0
2026-02-04 09:50:00,6625.0,6625.0,6600.0,6600.0,600
2026-02-04 09:55:00,6600.0,6625.0,6600.0,6625.0,2600
2026-02-04 10:05:00,6625.0,6625.0,6625.0,6625.0,600
2026-02-04 10:10:00,6600.0,6600.0,6600.0,6600.0,0
2026-02-04 10:15:00,6600.0,6600.0,6600.0,6600.0,800
2026-02-04 10:20:00,6600.0,6600.0,6575.0,6575.0,38300
2026-02-04 10:25:00,6575.0,6600.0,6575.0,6575.0,14200
2026-02-04 10:30:00,6575.0,6575.0,6550.0,6550.0,14700
2026-02-04 10:35:00,6550.0,6575.0,6550.0,6550.0,6600
2026-02-04 10:40:00,6550.0,6575.0,6550.0,6550.0,1400
2026-02-04 10:45:00,6550.0,6575.0,6550.0,6550.0,3000
2026-02-04 10:50:00,6550.0,6550.0,6550.0,6550.0,8600
2026-02-04 10:55:00,6550.0,6550.0,6550.0,6550.0,2600
2026-02-04 11:00:00,6550.0,6550.0,6550.0,6550.0,3200
2026-02-04 11:05:00,6550.0,6575.0,6550.0,6550.0,2800
2026-02-04 11:10:00,6550.0,6575.0,6550.0,6550.0,2600
2026-02-04 11:15:00,6550.0,6550.0,6550.0,6550.0,1700
2026-02-04 11:20:00,6550.0,6550.0,6550.0,6550.0,1800
2026-02-04 11:25:00,6550.0,6550.0,6550.0,6550.0,100
2026-02-04 11:30:00,6575.0,6600.0,6550.0,6600.0,53700
2026-02-04 11:35:00,6625.0,6700.0,6600.0,6625.0,120100
2026-02-04 11:40:00,6625.0,6625.0,6625.0,6625.0,100
2026-02-04 11:45:00,6625.0,6625.0,6625.0,6625.0,400
2026-02-04 11:50:00,6625.0,6650.0,6625.0,6625.0,4000
2026-02-04 11:55:00,6625.0,6625.0,6625.0,6625.0,2500
2026-02-04 13:40:00,6625.0,6625.0,6600.0,6600.0,11500
2026-02-04 13:45:00,6600.0,6600.0,6600.0,6600.0,2200
2026-02-04 13:50:00,6600.0,6625.0,6600.0,6625.0,6900
2026-02-04 13:55:00,6600.0,6600.0,6575.0,6575.0,4300
2026-02-04 14:00:00,6575.0,6575.0,6575.0,6575.0,2200
2026-02-04 14:05:00,6575.0,6600.0,6575.0,6575.0,7400
2026-02-04 14:10:00,6575.0,6575.0,6575.0,6575.0,1900
2026-02-04 14:15:00,6575.0,6575.0,6550.0,6550.0,22000
2026-02-04 14:20:00,6575.0,6575.0,6550.0,6550.0,8300
2026-02-04 14:25:00,6550.0,6575.0,6550.0,6550.0,1900
2026-02-04 14:30:00,6550.0,6575.0,6525.0,6525.0,53800
2026-02-04 14:35:00,6525.0,6575.0,6525.0,6575.0,32400
2026-02-04 14:40:00,6550.0,6575.0,6550.0,6575.0,600
2026-02-04 14:50:00,6600.0,6600.0,6575.0,6575.0,7100
2026-02-04 14:55:00,6575.0,6575.0,6575.0,6575.0,6500
2026-02-04 15:00:00,6575.0,6575.0,6575.0,6575.0,3500
2026-02-04 15:05:00,6575.0,6600.0,6575.0,6575.0,3600
2026-02-04 15:10:00,6575.0,6600.0,6575.0,6575.0,8300
2026-02-04 15:15:00,6575.0,6600.0,6575.0,6575.0,33200
2026-02-04 15:20:00,6575.0,6575.0,6575.0,6575.0,8000
2026-02-04 15:25:00,6575.0,6600.0,6575.0,6600.0,158500
2026-02-04 15:30:00,6600.0,6600.0,6600.0,6600.0,0
2026-02-04 15:35:00,6600.0,6600.0,6600.0,6600.0,8400
2026-02-04 15:40:00,6575.0,6575.0,6575.0,6575.0,11100
2026-02-04 15:45:00,6575.0,6600.0,6575.0,6575.0,15700
2026-02-04 16:00:00,6575.0,6575.0,6575.0,6575.0,135600
2026-02-05 09:00:00,6600.0,6625.0,6600.0,6625.0,0
2026-02-05 09:05:00,6600.0,6600.0,6600.0,6600.0,300
2026-02-05 09:15:00,6600.0,6600.0,6600.0,6600.0,600
2026-02-05 09:20:00,6625.0,6625.0,6600.0,6600.0,2200
2026-02-05 09:25:00,6600.0,6600.0,6600.0,6600.0,0
2026-02-05 09:30:00,6600.0,6600.0,6575.0,6575.0,16400
2026-02-05 09:35:00,6575.0,6575.0,6575.0,6575.0,1900
2026-02-05 09:40:00,6575.0,6575.0,6525.0,6525.0,50600
2026-02-05 09:45:00,6525.0,6550.0,6525.0,6550.0,73900
2026-02-05 09:50:00,6525.0,6550.0,6525.0,6525.0,2900
2026-02-05 09:55:00,6525.0,6550.0,6525.0,6550.0,19300
2026-02-05 10:00:00,6525.0,6525.0,6500.0,6525.0,31100
2026-02-05 10:05:00,6500.0,6525.0,6500.0,6500.0,2000
2026-02-05 10:10:00,6500.0,6525.0,6500.0,6500.0,2000
2026-02-05 10:15:00,6500.0,6525.0,6500.0,6500.0,5700
2026-02-05 10:20:00,6500.0,6525.0,6500.0,6500.0,9700
2026-02-05 10:25:00,6500.0,6500.0,6475.0,6500.0,53100
2026-02-05 10:30:00,6475.0,6500.0,6450.0,6500.0,44600
2026-02-05 10:35:00,6500.0,6500.0,6475.0,6475.0,0
2026-02-05 10:40:00,6475.0,6500.0,6475.0,6500.0,700
2026-02-05 10:45:00,6475.0,6500.0,6475.0,6475.0,8300
2026-02-05 10:50:00,6475.0,6475.0,6450.0,6475.0,33100
2026-02-05 10:55:00,6450.0,6500.0,6450.0,6500.0,39200
2026-02-05 11:00:00,6500.0,6500.0,6500.0,6500.0,0
2026-02-05 11:05:00,6475.0,6475.0,6475.0,6475.0,1600
2026-02-05 11:10:00,6500.0,6500.0,6475.0,6475.0,2100
2026-02-05 11:15:00,6475.0,6500.0,6475.0,6500.0,22600
2026-02-05 11:20:00,6500.0,6500.0,6475.0,6500.0,0
2026-02-05 11:25:00,6500.0,6500.0,6450.0,6450.0,40700
2026-02-05 11:30:00,6475.0,6475.0,6450.0,6450.0,2500
2026-02-05 11:35:00,6450.0,6475.0,6450.0,6450.0,7200
2026-02-05 11:40:00,6450.0,6475.0,6450.0,6475.0,2300
2026-02-05 11:45:00,6450.0,6450.0,6450.0,6450.0,12700
2026-02-05 11:50:00,6450.0,6475.0,6450.0,6450.0,7100
2026-02-05 11:55:00,6450.0,6475.0,6425.0,6450.0,105100
2026-02-05 13:30:00,6450.0,6475.0,6450.0,6450.0,16300
2026-02-05 13:35:00,6450.0,6450.0,6425.0,6425.0,3000
2026-02-05 13:40:00,6450.0,6450.0,6450.0,6450.0,10400
2026-02-05 13:45:00,6450.0,6475.0,6450.0,6475.0,3300
2026-02-05 13:50:00,6475.0,6475.0,6450.0,6450.0,1300
2026-02-05 13:55:00,6450.0,6450.0,6450.0,6450.0,7900
2026-02-05 14:00:00,6450.0,6475.0,6450.0,6450.0,2900
2026-02-05 14:05:00,6450.0,6450.0,6450.0,6450.0,3900
2026-02-05 14:10:00,6450.0,6475.0,6450.0,6450.0,10300
2026-02-05 14:15:00,6450.0,6475.0,6450.0,6450.0,3900
2026-02-05 14:20:00,6450.0,6475.0,6450.0,6450.0,10900
2026-02-05 14:25:00,6450.0,6450.0,6450.0,6450.0,2600
2026-02-05 14:30:00,6450.0,6475.0,6450.0,6450.0,4400
2026-02-05 14:35:00,6450.0,6450.0,6450.0,6450.0,13400
2026-02-05 14:40:00,6450.0,6450.0,6425.0,6425.0,44600
2026-02-05 14:45:00,6425.0,6450.0,6425.0,6425.0,4000
2026-02-05 14:50:00,6425.0,6425.0,6425.0,6425.0,16000
2026-02-05 14:55:00,6425.0,6425.0,6425.0,6425.0,3600
2026-02-05 15:00:00,6425.0,6450.0,6425.0,6450.0,86500
2026-02-05 15:05:00,6450.0,6450.0,6425.0,6425.0,2200
2026-02-05 15:10:00,6425.0,6450.0,6425.0,6425.0,6300
2026-02-05 15:15:00,6425.0,6450.0,6425.0,6425.0,5000
2026-02-05 15:20:00,6425.0,6450.0,6425.0,6425.0,3800
2026-02-05 15:25:00,6425.0,6450.0,6425.0,6425.0,14900
2026-02-05 15:30:00,6425.0,6450.0,6425.0,6425.0,14200
2026-02-05 15:35:00,6425.0,6425.0,6425.0,6425.0,17200
2026-02-05 15:40:00,6425.0,6425.0,6425.0,6425.0,14200
2026-02-05 15:45:00,6425.0,6450.0,6400.0,6400.0,95300
2026-02-05 16:00:00,6400.0,6400.0,6400.0,6400.0,349800
2026-02-05 16:05:00,6400.0,6400.0,6400.0,6400.0,9800
2026-02-06 09:00:00,6375.0,6375.0,6250.0,6325.0,0
2026-02-06 09:05:00,6350.0,6350.0,6325.0,6325.0,0
2026-02-06 09:10:00,6350.0,6375.0,6350.0,6375.0,11200
2026-02-06 09:15:00,6375.0,6375.0,6375.0,6375.0,1000
2026-02-06 09:20:00,6375.0,6375.0,6375.0,6375.0,300
2026-02-06 09:25:00,6400.0,6400.0,6375.0,6400.0,1100
2026-02-06 09:30:00,6400.0,6400.0,6400.0,6400.0,600
2026-02-06 09:35:00,6400.0,6400.0,6375.0,6375.0,5900
2026-02-06 09:40:00,6375.0,6375.0,6350.0,6350.0,12100
2026-02-06 09:45:00,6400.0,6400.0,6400.0,6400.0,0
2026-02-06 09:50:00,6375.0,6375.0,6375.0,6375.0,2700
2026-02-06 10:00:00,6375.0,6375.0,6375.0,6375.0,4400
2026-02-06 10:05:00,6375.0,6400.0,6375.0,6375.0,0
2026-02-06 10:10:00,6375.0,6400.0,6375.0,6375.0,800
2026-02-06 10:15:00,6375.0,6400.0,6375.0,6375.0,800
2026-02-06 10:20:00,6375.0,6400.0,6375.0,6375.0,2100
2026-02-06 10:25:00,6375.0,6400.0,6375.0,6375.0,2400
2026-02-06 10:30:00,6375.0,6400.0,6375.0,6375.0,1700
2026-02-06 10:35:00,6375.0,6400.0,6375.0,6375.0,2500
2026-02-06 10:40:00,6375.0,6400.0,6375.0,6375.0,2600
2026-02-06 10:45:00,6375.0,6400.0,6375.0,6375.0,11200
2026-02-06 10:50:00,6400.0,6400.0,6375.0,6400.0,21500
2026-02-06 10:55:00,6375.0,6375.0,6375.0,6375.0,3500
2026-02-06 11:00:00,6400.0,6400.0,6350.0,6350.0,15800
2026-02-06 11:05:00,6350.0,6350.0,6325.0,6325.0,23200
2026-02-06 11:10:00,6325.0,6325.0,6300.0,6300.0,42400
2026-02-06 11:15:00,6325.0,6325.0,6300.0,6325.0,4800
2026-02-06 11:20:00,6300.0,6325.0,6300.0,6325.0,12400
2026-02-06 11:25:00,6325.0,6325.0,6300.0,6300.0,8200
2026-02-06 14:00:00,6300.0,6325.0,6300.0,6300.0,12100
2026-02-06 14:05:00,6300.0,6325.0,6300.0,6325.0,9300
2026-02-06 14:10:00,6300.0,6325.0,6300.0,6325.0,18200
2026-02-06 14:15:00,6350.0,6400.0,6325.0,6400.0,54000
2026-02-06 14:20:00,6425.0,6425.0,6400.0,6425.0,13600
2026-02-06 14:25:00,6425.0,6425.0,6400.0,6425.0,5400
2026-02-06 14:30:00,6425.0,6450.0,6400.0,6450.0,42800
2026-02-06 14:35:00,6450.0,6475.0,6450.0,6450.0,34700
2026-02-06 14:40:00,6475.0,6475.0,6450.0,6450.0,1800
2026-02-06 14:45:00,6475.0,6475.0,6475.0,6475.0,3300
2026-02-06 14:50:00,6450.0,6475.0,6450.0,6450.0,19700
2026-02-06 14:55:00,6450.0,6475.0,6450.0,6475.0,106000
2026-02-06 15:00:00,6450.0,6450.0,6400.0,6400.0,47500
2026-02-06 15:05:00,6400.0,6400.0,6375.0,6375.0,18100
2026-02-06 15:10:00,6375.0,6375.0,6350.0,6375.0,13700
2026-02-06 15:15:00,6375.0,6400.0,6375.0,6400.0,26900
2026-02-06 15:20:00,6375.0,6375.0,6350.0,6350.0,26400
2026-02-06 15:25:00,6350.0,6475.0,6350.0,6400.0,143900
2026-02-06 15:30:00,6400.0,6400.0,6400.0,6400.0,16200
2026-02-06 15:35:00,6400.0,6425.0,6400.0,6425.0,23000
2026-02-06 15:40:00,6400.0,6475.0,6400.0,6450.0,128400
2026-02-06 15:45:00,6450.0,6475.0,6425.0,6475.0,658000
2026-02-06 16:00:00,6450.0,6450.0,6450.0,6450.0,229200
2026-02-06 16:10:00,6450.0,6450.0,6450.0,6450.0,1100
2026-02-09 09:00:00,6500.0,6525.0,6475.0,6475.0,0
2026-02-09 09:05:00,6475.0,6475.0,6450.0,6475.0,1600
2026-02-09 09:10:00,6450.0,6450.0,6450.0,6450.0,2000
2026-02-09 09:15:00,6450.0,6475.0,6450.0,6475.0,6800
2026-02-09 09:20:00,6475.0,6500.0,6475.0,6500.0,1500
2026-02-09 09:25:00,6475.0,6500.0,6475.0,6500.0,12200
2026-02-09 09:30:00,6500.0,6500.0,6450.0,6450.0,3300
2026-02-09 09:35:00,6450.0,6475.0,6450.0,6475.0,3400
2026-02-09 09:40:00,6475.0,6475.0,6450.0,6450.0,2300
2026-02-09 09:45:00,6450.0,6475.0,6450.0,6450.0,1700
2026-02-09 09:50:00,6450.0,6475.0,6450.0,6475.0,4400
2026-02-09 09:55:00,6450.0,6475.0,6450.0,6475.0,2800
2026-02-09 10:10:00,6475.0,6475.0,6450.0,6450.0,2900
2026-02-09 10:15:00,6450.0,6450.0,6450.0,6450.0,0
2026-02-09 10:20:00,6450.0,6450.0,6450.0,6450.0,400
2026-02-09 10:25:00,6450.0,6475.0,6450.0,6450.0,1200
2026-02-09 10:30:00,6475.0,6475.0,6450.0,6450.0,1400
2026-02-09 10:35:00,6475.0,6500.0,6475.0,6475.0,9700
2026-02-09 10:40:00,6500.0,6500.0,6500.0,6500.0,2100
2026-02-09 10:45:00,6500.0,6500.0,6500.0,6500.0,5700
2026-02-09 10:50:00,6500.0,6500.0,6475.0,6500.0,10000
2026-02-09 10:55:00,6500.0,6500.0,6475.0,6500.0,8000
2026-02-09 11:00:00,6500.0,6525.0,6500.0,6525.0,4400
2026-02-09 11:05:00,6525.0,6525.0,6525.0,6525.0,1400
2026-02-09 11:10:00,6525.0,6525.0,6500.0,6500.0,8300
2026-02-09 11:15:00,6525.0,6525.0,6500.0,6525.0,2000
2026-02-09 11:20:00,6525.0,6525.0,6500.0,6500.0,4100
2026-02-09 11:25:00,6500.0,6525.0,6500.0,6525.0,7800
2026-02-09 11:30:00,6525.0,6525.0,6525.0,6525.0,21800
2026-02-09 11:35:00,6550.0,6550.0,6525.0,6525.0,18100
2026-02-09 11:40:00,6500.0,6500.0,6500.0,6500.0,1000
2026-02-09 11:45:00,6500.0,6525.0,6500.0,6500.0,1900
2026-02-09 11:50:00,6500.0,6550.0,6500.0,6500.0,2500
2026-02-09 11:55:00,6500.0,6550.0,6500.0,6550.0,7600
2026-02-09 13:30:00,6525.0,6550.0,6525.0,6525.0,14300
2026-02-09 13:35:00,6550.0,6550.0,6550.0,6550.0,3100
2026-02-09 13:40:00,6550.0,6550.0,6525.0,6550.0,3700
2026-02-09 13:45:00,6550.0,6550.0,6525.0,6550.0,5500
2026-02-09 13:50:00,6550.0,6550.0,6525.0,6525.0,4400
2026-02-09 13:55:00,6550.0,6550.0,6525.0,6550.0,6300
2026-02-09 14:00:00,6550.0,6550.0,6525.0,6525.0,5300
2026-02-09 14:05:00,6550.0,6550.0,6525.0,6550.0,7000
2026-02-09 14:10:00,6550.0,6550.0,6550.0,6550.0,5500
2026-02-09 14:15:00,6550.0,6575.0,6525.0,6575.0,29900
2026-02-09 14:20:00,6575.0,6575.0,6550.0,6575.0,7400
2026-02-09 14:25:00,6525.0,6575.0,6525.0,6575.0,23900
2026-02-09 14:30:00,6575.0,6625.0,6550.0,6625.0,72400
2026-02-09 14:35:00,6625.0,6625.0,6575.0,6575.0,44800
2026-02-09 14:40:00,6600.0,6600.0,6575.0,6575.0,1500
2026-02-09 14:45:00,6575.0,6600.0,6575.0,6600.0,8100
2026-02-09 14:50:00,6600.0,6600.0,6575.0,6575.0,13500
2026-02-09 14:55:00,6575.0,6600.0,6575.0,6575.0,20900
2026-02-09 15:00:00,6600.0,6600.0,6575.0,6600.0,6200
2026-02-09 15:05:00,6600.0,6600.0,6575.0,6600.0,12000
2026-02-09 15:10:00,6600.0,6600.0,6575.0,6575.0,49200
2026-02-09 15:15:00,6550.0,6575.0,6550.0,6575.0,23000
2026-02-09 15:20:00,6600.0,6600.0,6500.0,6525.0,56200
2026-02-09 15:25:00,6550.0,6550.0,6525.0,6525.0,4000
2026-02-09 15:30:00,6550.0,6600.0,6550.0,6600.0,54200
2026-02-09 15:35:00,6600.0,6625.0,6550.0,6625.0,38100
2026-02-09 15:40:00,6625.0,6625.0,6575.0,6600.0,76200
2026-02-09 15:45:00,6575.0,6650.0,6575.0,6600.0,51000
2026-02-09 16:00:00,6575.0,6575.0,6575.0,6575.0,284000
2026-02-10 09:00:00,6600.0,6600.0,6550.0,6550.0,0
2026-02-10 09:05:00,6575.0,6575.0,6575.0,6575.0,8100
2026-02-10 09:10:00,6575.0,6600.0,6575.0,6575.0,27200
2026-02-10 09:15:00,6575.0,6575.0,6575.0,6575.0,2600
2026-02-10 09:20:00,6575.0,6600.0,6575.0,6600.0,9100
2026-02-10 09:25:00,6600.0,6650.0,6550.0,6650.0,61500
2026-02-10 09:30:00,6625.0,6650.0,6575.0,6650.0,59100
2026-02-10 09:35:00,6650.0,6650.0,6575.0,6600.0,12900
2026-02-10 09:40:00,6600.0,6600.0,6600.0,6600.0,10700
2026-02-10 09:45:00,6600.0,6625.0,6575.0,6625.0,23300
2026-02-10 09:50:00,6625.0,6650.0,6625.0,6650.0,8200
2026-02-10 09:55:00,6650.0,6650.0,6625.0,6625.0,10800
2026-02-10 10:00:00,6650.0,6650.0,6600.0,6650.0,6400
2026-02-10 10:05:00,6650.0,6650.0,6600.0,6600.0,25000
2026-02-10 10:10:00,6625.0,6650.0,6625.0,6650.0,2600
2026-02-10 10:15:00,6625.0,6650.0,6625.0,6625.0,11500
2026-02-10 10:20:00,6625.0,6625.0,6625.0,6625.0,8000
2026-02-10 10:25:00,6625.0,6625.0,6625.0,6625.0,0
2026-02-10 10:30:00,6625.0,6625.0,6625.0,6625.0,4000
2026-02-10 10:35:00,6625.0,6625.0,6600.0,6625.0,6400
2026-02-10 10:40:00,6625.0,6625.0,6600.0,6625.0,10200
2026-02-10 10:45:00,6625.0,6625.0,6600.0,6600.0,6500
2026-02-10 10:50:00,6625.0,6625.0,6600.0,6625.0,9000
2026-02-10 10:55:00,6625.0,6625.0,6600.0,6600.0,11100
2026-02-10 11:00:00,6625.0,6650.0,6625.0,6625.0,30600
2026-02-10 11:05:00,6625.0,6675.0,6625.0,6675.0,32600
2026-02-10 11:10:00,6675.0,6675.0,6675.0,6675.0,13100
2026-02-10 11:15:00,6675.0,6700.0,6650.0,6700.0,84100
2026-02-10 11:20:00,6700.0,6725.0,6700.0,6725.0,19800
2026-02-10 11:25:00,6700.0,6725.0,6700.0,6725.0,39900
2026-02-10 11:30:00,6725.0,6750.0,6725.0,6750.0,15800
2026-02-10 11:35:00,6750.0,6750.0,6725.0,6750.0,6100
2026-02-10 11:40:00,6750.0,6750.0,6725.0,6750.0,6000
2026-02-10 11:45:00,6750.0,6750.0,6725.0,6750.0,10600
2026-02-10 11:50:00,6750.0,6750.0,6725.0,6750.0,9900
2026-02-10 11:55:00,6750.0,6750.0,6725.0,6725.0,18800
2026-02-10 13:30:00,6750.0,6750.0,6725.0,6750.0,2700
2026-02-10 13:35:00,6750.0,6750.0,6725.0,6725.0,9300
2026-02-10 13:40:00,6750.0,6750.0,6725.0,6750.0,8700
2026-02-10 13:45:00,6725.0,6725.0,6675.0,6675.0,67800
2026-02-10 13:50:00,6700.0,6775.0,6700.0,6775.0,52000
2026-02-10 13:55:00,6800.0,6800.0,6775.0,6775.0,4900
2026-02-10 14:00:00,6775.0,6800.0,6775.0,6800.0,8000
2026-02-10 14:05:00,6775.0,6800.0,6775.0,6775.0,29700
2026-02-10 14:10:00,6750.0,6775.0,6750.0,6775.0,17200
2026-02-10 14:15:00,6750.0,6775.0,6750.0,6750.0,10700
2026-02-10 14:20:00,6750.0,6775.0,6700.0,6700.0,53500
2026-02-10 14:25:00,6700.0,6700.0,6700.0,6700.0,10400
2026-02-10 14:30:00,6700.0,6750.0,6700.0,6725.0,10600
2026-02-10 14:35:00,6725.0,6750.0,6700.0,6700.0,42200
2026-02-10 14:40:00,6750.0,6750.0,6700.0,6725.0,8800
2026-02-10 14:45:00,6725.0,6725.0,6700.0,6700.0,30400
2026-02-10 14:50:00,6750.0,6750.0,6675.0,6675.0,76100
2026-02-10 14:55:00,6725.0,6725.0,6675.0,6675.0,18300
2026-02-10 15:00:00,6700.0,6725.0,6700.0,6700.0,48700
2026-02-10 15:05:00,6700.0,6725.0,6700.0,6725.0,9300
2026-02-10 15:10:00,6700.0,6725.0,6700.0,6725.0,18100
2026-02-10 15:15:00,6725.0,6725.0,6700.0,6725.0,14200
2026-02-10 15:20:00,6700.0,6725.0,6675.0,6675.0,106300
2026-02-10 15:25:00,6675.0,6700.0,6675.0,6700.0,136200
2026-02-10 15:30:00,6700.0,6700.0,6675.0,6675.0,73200
2026-02-10 15:35:00,6675.0,6675.0,6625.0,6650.0,140500
2026-02-10 15:40:00,6625.0,6675.0,6625.0,6675.0,43900
2026-02-10 15:45:00,6675.0,6675.0,6575.0,6675.0,80700
2026-02-10 16:00:00,6650.0,6650.0,6650.0,6650.0,162100
2026-02-10 16:05:00,6650.0,6650.0,6650.0,6650.0,1500
2026-02-10 16:10:00,6650.0,6650.0,6650.0,6650.0,100
2026-02-11 09:00:00,6675.0,6675.0,6600.0,6625.0,0
2026-02-11 09:10:00,6625.0,6675.0,6625.0,6625.0,4900
2026-02-11 09:15:00,6625.0,6625.0,6600.0,6600.0,7100
2026-02-11 09:20:00,6600.0,6600.0,6600.0,6600.0,2000
2026-02-11 09:25:00,6600.0,6600.0,6575.0,6600.0,36700
2026-02-11 09:30:00,6575.0,6600.0,6575.0,6575.0,15900
2026-02-11 09:35:00,6600.0,6600.0,6575.0,6575.0,400
2026-02-11 09:40:00,6600.0,6600.0,6575.0,6575.0,13600
2026-02-11 09:45:00,6600.0,6600.0,6600.0,6600.0,3200
2026-02-11 09:50:00,6600.0,6600.0,6600.0,6600.0,1200
2026-02-11 10:00:00,6600.0,6600.0,6575.0,6600.0,15500
2026-02-11 10:05:00,6600.0,6600.0,6575.0,6575.0,33100
2026-02-11 10:10:00,6600.0,6600.0,6600.0,6600.0,300
2026-02-11 10:20:00,6625.0,6625.0,6600.0,6600.0,4900
2026-02-11 10:25:00,6625.0,6625.0,6625.0,6625.0,15500
2026-02-11 10:30:00,6625.0,6625.0,6625.0,6625.0,200
2026-02-11 10:35:00,6625.0,6625.0,6625.0,6625.0,1500
2026-02-11 10:40:00,6625.0,6625.0,6625.0,6625.0,900
2026-02-11 10:45:00,6625.0,6625.0,6625.0,6625.0,1800
2026-02-11 10:55:00,6625.0,6625.0,6625.0,6625.0,6900
2026-02-11 11:00:00,6625.0,6625.0,6625.0,6625.0,0
2026-02-11 11:05:00,6625.0,6625.0,6575.0,6575.0,38600
2026-02-11 11:10:00,6600.0,6600.0,6575.0,6575.0,8600
2026-02-11 11:15:00,6600.0,6625.0,6600.0,6625.0,9300
2026-02-11 11:20:00,6625.0,6625.0,6575.0,6575.0,7500
2026-02-11 11:25:00,6600.0,6600.0,6575.0,6600.0,4600
2026-02-11 11:30:00,6600.0,6600.0,6600.0,6600.0,4100
2026-02-11 11:45:00,6625.0,6625.0,6600.0,6600.0,1300
2026-02-11 11:50:00,6625.0,6625.0,6625.0,6625.0,800
2026-02-11 11:55:00,6600.0,6600.0,6600.0,6600.0,2500
2026-02-11 13:30:00,6625.0,6625.0,6600.0,6600.0,1700
2026-02-11 13:35:00,6600.0,6625.0,6600.0,6625.0,3200
2026-02-11 13:40:00,6625.0,6625.0,6625.0,6625.0,14100
2026-02-11 13:45:00,6625.0,6625.0,6625.0,6625.0,2800
2026-02-11 13:50:00,6625.0,6625.0,6600.0,6600.0,9500
2026-02-11 13:55:00,6625.0,6625.0,6625.0,6625.0,500
2026-02-11 14:00:00,6625.0,6625.0,6600.0,6625.0,3600
2026-02-11 14:05:00,6650.0,6650.0,6650.0,6650.0,800
2026-02-11 14:10:00,6625.0,6625.0,6625.0,6625.0,12800
2026-02-11 14:15:00,6625.0,6650.0,6625.0,6650.0,700
2026-02-11 14:20:00,6650.0,6650.0,6650.0,6650.0,1100
2026-02-11 14:25:00,6625.0,6625.0,6625.0,6625.0,1500
2026-02-11 14:30:00,6625.0,6650.0,6625.0,6650.0,35300
2026-02-11 14:35:00,6650.0,6650.0,6650.0,6650.0,12900
2026-02-11 14:40:00,6650.0,6675.0,6650.0,6675.0,6200
2026-02-11 14:45:00,6650.0,6675.0,6650.0,6650.0,2700
2026-02-11 14:55:00,6675.0,6675.0,6650.0,6650.0,13200
2026-02-11 15:05:00,6675.0,6700.0,6650.0,6675.0,51000
2026-02-11 15:10:00,6675.0,6700.0,6675.0,6675.0,4000
2026-02-11 15:15:00,6675.0,6750.0,6675.0,6700.0,65000
2026-02-11 15:20:00,6675.0,6750.0,6675.0,6700.0,10000
2026-02-11 15:25:00,6700.0,6725.0,6700.0,6725.0,18400
2026-02-11 15:30:00,6750.0,6750.0,6700.0,6725.0,51800
2026-02-11 15:35:00,6725.0,6750.0,6700.0,6700.0,29400
2026-02-11 15:40:00,6700.0,6700.0,6650.0,6700.0,80900
2026-02-11 15:45:00,6675.0,6725.0,6650.0,6700.0,14700
2026-02-11 16:00:00,6675.0,6675.0,6675.0,6675.0,26200
2026-02-12 09:00:00,6700.0,6700.0,6700.0,6700.0,0
2026-02-12 09:05:00,6700.0,6725.0,6700.0,6700.0,4000
2026-02-12 09:10:00,6700.0,6700.0,6700.0,6700.0,1400
2026-02-12 09:15:00,6675.0,6700.0,6675.0,6700.0,1500
2026-02-12 09:20:00,6700.0,6700.0,6675.0,6675.0,5700
2026-02-12 09:25:00,6700.0,6700.0,6650.0,6650.0,0
2026-02-12 09:30:00,6650.0,6675.0,6650.0,6675.0,500
2026-02-12 09:40:00,6650.0,6675.0,6650.0,6675.0,2800
2026-02-12 09:45:00,6675.0,6675.0,6650.0,6650.0,7400
2026-02-12 09:50:00,6625.0,6625.0,6625.0,6625.0,10100
2026-02-12 09:55:00,6625.0,6625.0,6600.0,6600.0,13200
2026-02-12 10:00:00,6600.0,6625.0,6550.0,6625.0,37300
2026-02-12 10:05:00,6575.0,6575.0,6550.0,6550.0,43000
2026-02-12 10:10:00,6575.0,6575.0,6575.0,6575.0,11800
2026-02-12 10:15:00,6600.0,6600.0,6600.0,6600.0,1200
2026-02-12 10:20:00,6625.0,6625.0,6625.0,6625.0,1200
2026-02-12 10:30:00,6600.0,6600.0,6600.0,6600.0,400
2026-02-12 10:35:00,6600.0,6600.0,6600.0,6600.0,0
2026-02-12 10:40:00,6625.0,6625.0,6600.0,6600.0,3800
2026-02-12 10:45:00,6600.0,6600.0,6600.0,6600.0,1000
2026-02-12 10:50:00,6600.0,6625.0,6600.0,6625.0,1700
2026-02-12 10:55:00,6625.0,6625.0,6625.0,6625.0,700
2026-02-12 11:05:00,6625.0,6625.0,6625.0,6625.0,100
2026-02-12 11:10:00,6625.0,6650.0,6600.0,6650.0,7200
2026-02-12 11:25:00,6650.0,6650.0,6650.0,6650.0,2000
2026-02-12 11:30:00,6625.0,6625.0,6625.0,6625.0,0
2026-02-12 11:40:00,6650.0,6650.0,6625.0,6625.0,1700
2026-02-12 11:45:00,6650.0,6650.0,6650.0,6650.0,1000
2026-02-12 11:50:00,6650.0,6650.0,6625.0,6625.0,2100
2026-02-12 11:55:00,6650.0,6650.0,6625.0,6650.0,2700
2026-02-12 13:30:00,6650.0,6650.0,6650.0,6650.0,5300
2026-02-12 13:35:00,6675.0,6675.0,6675.0,6675.0,0
2026-02-12 13:45:00,6650.0,6675.0,6650.0,6675.0,700
2026-02-12 13:55:00,6675.0,6675.0,6675.0,6675.0,600
2026-02-12 14:00:00,6675.0,6675.0,6650.0,6650.0,2100
2026-02-12 14:05:00,6650.0,6650.0,6650.0,6650.0,1400
2026-02-12 14:10:00,6675.0,6675.0,6650.0,6650.0,4500
2026-02-12 14:15:00,6675.0,6675.0,6650.0,6650.0,500
2026-02-12 14:20:00,6650.0,6650.0,6650.0,6650.0,1200
2026-02-12 14:25:00,6650.0,6650.0,6650.0,6650.0,800
2026-02-12 14:30:00,6675.0,6675.0,6650.0,6675.0,3300
2026-02-12 14:35:00,6650.0,6650.0,6650.0,6650.0,300
2026-02-12 14:40:00,6650.0,6675.0,6650.0,6675.0,6500
2026-02-12 14:45:00,6650.0,6675.0,6650.0,6650.0,2200
2026-02-12 14:50:00,6650.0,6650.0,6650.0,6650.0,12700
2026-02-12 14:55:00,6625.0,6625.0,6625.0,6625.0,600
2026-02-12 15:00:00,6625.0,6650.0,6625.0,6650.0,14000
2026-02-12 15:05:00,6675.0,6700.0,6675.0,6675.0,40500
2026-02-12 15:10:00,6675.0,6675.0,6675.0,6675.0,1200
2026-02-12 15:15:00,6700.0,6775.0,6700.0,6775.0,134100
2026-02-12 15:20:00,6775.0,6900.0,6775.0,6875.0,230100
2026-02-12 15:25:00,6875.0,6975.0,6875.0,6975.0,139600
2026-02-12 15:30:00,6975.0,7000.0,6950.0,6975.0,140900
2026-02-12 15:35:00,6950.0,6975.0,6900.0,6975.0,79100
2026-02-12 15:40:00,6975.0,6975.0,6850.0,6850.0,70800
2026-02-12 15:45:00,6850.0,6925.0,6850.0,6900.0,24100
2026-02-12 16:00:00,6875.0,6875.0,6875.0,6875.0,71600
2026-02-12 16:05:00,6875.0,6875.0,6875.0,6875.0,0
2026-02-12 16:10:00,6875.0,6875.0,6875.0,6875.0,1700
2026-02-13 09:00:00,6875.0,6875.0,6775.0,6800.0,0
2026-02-13 09:05:00,6800.0,6825.0,6800.0,6825.0,1400
2026-02-13 09:10:00,6825.0,6825.0,6775.0,6775.0,4900
2026-02-13 09:15:00,6775.0,6775.0,6725.0,6725.0,70100
2026-02-13 09:20:00,6725.0,6800.0,6725.0,6800.0,25100
2026-02-13 09:25:00,6800.0,6800.0,6800.0,6800.0,9600
2026-02-13 09:30:00,6775.0,6775.0,6775.0,6775.0,13600
2026-02-13 09:35:00,6775.0,6775.0,6750.0,6750.0,6500
2026-02-13 09:40:00,6750.0,6775.0,6750.0,6775.0,8400
2026-02-13 09:45:00,6775.0,6775.0,6750.0,6775.0,0
2026-02-13 09:50:00,6750.0,6775.0,6750.0,6750.0,3400
2026-02-13 09:55:00,6750.0,6775.0,6675.0,6700.0,49000
2026-02-13 10:00:00,6700.0,6725.0,6675.0,6700.0,6000
2026-02-13 10:05:00,6675.0,6700.0,6675.0,6700.0,3600
2026-02-13 10:10:00,6700.0,6700.0,6675.0,6700.0,500
2026-02-13 10:15:00,6675.0,6700.0,6675.0,6700.0,7700
2026-02-13 10:20:00,6700.0,6700.0,6650.0,6650.0,23000
2026-02-13 10:25:00,6675.0,6675.0,6650.0,6650.0,13700
2026-02-13 10:30:00,6675.0,6700.0,6675.0,6700.0,5300
2026-02-13 10:35:00,6700.0,6700.0,6675.0,6675.0,2200
2026-02-13 10:40:00,6700.0,6700.0,6700.0,6700.0,6600
2026-02-13 10:45:00,6700.0,6700.0,6700.0,6700.0,1500
2026-02-13 10:50:00,6700.0,6700.0,6675.0,6675.0,14700
2026-02-13 10:55:00,6675.0,6700.0,6675.0,6675.0,11200
2026-02-13 11:00:00,6675.0,6700.0,6675.0,6700.0,6600
2026-02-13 11:05:00,6675.0,6675.0,6675.0,6675.0,11900
2026-02-13 11:10:00,6700.0,6700.0,6700.0,6700.0,1500
2026-02-13 11:15:00,6700.0,6700.0,6700.0,6700.0,2500
2026-02-13 11:20:00,6700.0,6700.0,6700.0,6700.0,0
2026-02-13 11:25:00,6700.0,6700.0,6700.0,6700.0,6700
2026-02-13 14:00:00,6700.0,6700.0,6675.0,6700.0,9600
2026-02-13 14:05:00,6700.0,6700.0,6675.0,6700.0,5200
2026-02-13 14:10:00,6675.0,6675.0,6675.0,6675.0,300
2026-02-13 14:15:00,6675.0,6700.0,6675.0,6700.0,4600
2026-02-13 14:20:00,6675.0,6675.0,6650.0,6675.0,27200
2026-02-13 14:25:00,6675.0,6700.0,6675.0,6700.0,2800
2026-02-13 14:30:00,6675.0,6675.0,6675.0,6675.0,300
2026-02-13 14:40:00,6700.0,6700.0,6650.0,6675.0,19000
2026-02-13 14:45:00,6675.0,6700.0,6650.0,6700.0,19700
2026-02-13 14:50:00,6700.0,6700.0,6650.0,6700.0,107200
2026-02-13 14:55:00,6700.0,6700.0,6700.0,6700.0,14200
2026-02-13 15:00:00,6700.0,6700.0,6700.0,6700.0,6500
2026-02-13 15:05:00,6700.0,6700.0,6700.0,6700.0,3200
2026-02-13 15:10:00,6700.0,6700.0,6675.0,6675.0,11600
2026-02-13 15:15:00,6675.0,6675.0,6650.0,6650.0,22400
2026-02-13 15:20:00,6650.0,6675.0,6650.0,6650.0,4100
2026-02-13 15:25:00,6675.0,6675.0,6650.0,6650.0,6400
2026-02-13 15:30:00,6650.0,6675.0,6650.0,6650.0,8400
2026-02-13 15:35:00,6650.0,6675.0,6650.0,6650.0,22500
2026-02-13 15:40:00,6650.0,6700.0,6650.0,6650.0,6500
2026-02-13 15:45:00,6675.0,6700.0,6650.0,6700.0,142500
2026-02-13 16:00:00,6700.0,6700.0,6700.0,6700.0,122300
2026-02-13 16:05:00,6700.0,6700.0,6700.0,6700.0,0
2026-02-13 16:10:00,6700.0,6700.0,6700.0,6700.0,200
2026-02-18 09:00:00,6675.0,6700.0,6650.0,6700.0,0
2026-02-18 09:05:00,6650.0,6700.0,6650.0,6700.0,4200
2026-02-18 09:10:00,6675.0,6675.0,6675.0,6675.0,600
2026-02-18 09:15:00,6675.0,6675.0,6675.0,6675.0,1200
2026-02-18 09:25:00,6700.0,6700.0,6700.0,6700.0,700
2026-02-18 09:30:00,6700.0,6750.0,6700.0,6750.0,6500
2026-02-18 09:35:00,6750.0,6750.0,6700.0,6700.0,1200
2026-02-18 09:40:00,6700.0,6700.0,6700.0,6700.0,1800
2026-02-18 09:45:00,6700.0,6700.0,6700.0,6700.0,100
2026-02-18 09:50:00,6700.0,6700.0,6700.0,6700.0,6500
2026-02-18 10:00:00,6725.0,6725.0,6700.0,6725.0,3800
2026-02-18 10:05:00,6725.0,6725.0,6725.0,6725.0,500
2026-02-18 10:10:00,6750.0,6750.0,6700.0,6750.0,28600
2026-02-18 10:15:00,6750.0,6750.0,6675.0,6675.0,18600
2026-02-18 10:20:00,6675.0,6675.0,6675.0,6675.0,5600
2026-02-18 10:25:00,6675.0,6675.0,6675.0,6675.0,5300
2026-02-18 10:30:00,6675.0,6700.0,6675.0,6675.0,3700
2026-02-18 10:35:00,6675.0,6675.0,6675.0,6675.0,2500
2026-02-18 10:40:00,6675.0,6675.0,6675.0,6675.0,2300
2026-02-18 10:45:00,6675.0,6675.0,6625.0,6650.0,8200
2026-02-18 10:50:00,6650.0,6650.0,6600.0,6625.0,15900
2026-02-18 10:55:00,6600.0,6625.0,6600.0,6600.0,5900
2026-02-18 11:00:00,6600.0,6625.0,6600.0,6600.0,5400
2026-02-18 11:05:00,6600.0,6625.0,6600.0,6600.0,3900
2026-02-18 11:10:00,6600.0,6600.0,6600.0,6600.0,100
2026-02-18 11:15:00,6600.0,6625.0,6600.0,6600.0,1200
2026-02-18 11:20:00,6600.0,6625.0,6600.0,6625.0,11500
2026-02-18 11:25:00,6625.0,6625.0,6600.0,6625.0,4500
2026-02-18 11:30:00,6600.0,6600.0,6600.0,6600.0,500
2026-02-18 11:35:00,6600.0,6600.0,6600.0,6600.0,8200
2026-02-18 11:40:00,6600.0,6600.0,6600.0,6600.0,5600
2026-02-18 11:45:00,6600.0,6625.0,6600.0,6600.0,2600
2026-02-18 11:50:00,6600.0,6625.0,6600.0,6600.0,3600
2026-02-18 11:55:00,6600.0,6625.0,6600.0,6600.0,3800
2026-02-18 13:30:00,6625.0,6625.0,6600.0,6625.0,69100
2026-02-18 13:35:00,6625.0,6625.0,6625.0,6625.0,0
2026-02-18 13:40:00,6625.0,6625.0,6600.0,6600.0,11000
2026-02-18 13:45:00,6625.0,6625.0,6600.0,6600.0,500
2026-02-18 13:50:00,6625.0,6625.0,6600.0,6600.0,12700
2026-02-18 13:55:00,6600.0,6625.0,6600.0,6600.0,7000
2026-02-18 14:00:00,6600.0,6625.0,6600.0,6600.0,3900
2026-02-18 14:05:00,6600.0,6600.0,6600.0,6600.0,42700
2026-02-18 14:10:00,6600.0,6600.0,6600.0,6600.0,9900
2026-02-18 14:15:00,6575.0,6600.0,6575.0,6575.0,17200
2026-02-18 14:20:00,6600.0,6625.0,6600.0,6625.0,49700
2026-02-18 14:25:00,6600.0,6625.0,6600.0,6600.0,1000
2026-02-18 14:30:00,6625.0,6625.0,6575.0,6575.0,6500
2026-02-18 14:35:00,6600.0,6600.0,6575.0,6600.0,33700
2026-02-18 14:40:00,6600.0,6625.0,6600.0,6625.0,2800
2026-02-18 14:45:00,6600.0,6600.0,6600.0,6600.0,1400
2026-02-18 14:50:00,6600.0,6625.0,6575.0,6575.0,35600
2026-02-18 14:55:00,6575.0,6600.0,6575.0,6600.0,900
2026-02-18 15:00:00,6575.0,6600.0,6575.0,6575.0,27600
2026-02-18 15:05:00,6575.0,6575.0,6575.0,6575.0,5200
2026-02-18 15:10:00,6575.0,6600.0,6575.0,6600.0,14700
2026-02-18 15:15:00,6575.0,6575.0,6575.0,6575.0,11500
2026-02-18 15:20:00,6575.0,6600.0,6575.0,6575.0,50200
2026-02-18 15:25:00,6600.0,6625.0,6575.0,6575.0,4100
2026-02-18 15:30:00,6575.0,6600.0,6575.0,6575.0,22300
2026-02-18 15:35:00,6575.0,6575.0,6575.0,6575.0,107300
2026-02-18 15:40:00,6575.0,6600.0,6575.0,6575.0,24900
2026-02-18 15:45:00,6575.0,6600.0,6575.0,6600.0,32600
2026-02-18 16:00:00,6600.0,6600.0,6600.0,6600.0,144800
2026-02-18 16:05:00,6600.0,6600.0,6600.0,6600.0,4800
2026-02-19 09:00:00,6650.0,6650.0,6650.0,6650.0,0
2026-02-19 09:05:00,6650.0,6650.0,6625.0,6625.0,500
2026-02-19 09:10:00,6650.0,6650.0,6625.0,6625.0,1900
2026-02-19 09:15:00,6625.0,6625.0,6600.0,6600.0,2300
2026-02-19 09:20:00,6600.0,6600.0,6600.0,6600.0,20400
2026-02-19 09:25:00,6600.0,6600.0,6600.0,6600.0,1200
2026-02-19 09:30:00,6625.0,6625.0,6625.0,6625.0,700
2026-02-19 09:35:00,6625.0,6625.0,6625.0,6625.0,10100
2026-02-19 09:40:00,6650.0,6650.0,6625.0,6625.0,600
2026-02-19 09:45:00,6625.0,6625.0,6625.0,6625.0,1800
2026-02-19 09:50:00,6625.0,6625.0,6625.0,6625.0,3200
2026-02-19 09:55:00,6600.0,6600.0,6600.0,6600.0,400
2026-02-19 10:00:00,6625.0,6625.0,6600.0,6600.0,4400
2026-02-19 10:10:00,6625.0,6625.0,6600.0,6625.0,1300
2026-02-19 10:15:00,6625.0,6625.0,6625.0,6625.0,200
2026-02-19 10:20:00,6625.0,6625.0,6625.0,6625.0,900
2026-02-19 10:25:00,6600.0,6600.0,6600.0,6600.0,200
2026-02-19 10:30:00,6625.0,6625.0,6625.0,6625.0,200
2026-02-19 10:35:00,6600.0,6625.0,6600.0,6625.0,500
2026-02-19 10:40:00,6625.0,6625.0,6625.0,6625.0,300
2026-02-19 10:45:00,6625.0,6625.0,6625.0,6625.0,200
2026-02-19 10:50:00,6625.0,6650.0,6600.0,6650.0,17200
2026-02-19 11:00:00,6650.0,6650.0,6625.0,6625.0,8500
2026-02-19 11:10:00,6625.0,6625.0,6625.0,6625.0,600
2026-02-19 11:15:00,6625.0,6625.0,6625.0,6625.0,3700
2026-02-19 11:25:00,6625.0,6625.0,6550.0,6550.0,63700
2026-02-19 11:30:00,6575.0,6575.0,6550.0,6575.0,11300
2026-02-19 11:35:00,6575.0,6575.0,6575.0,6575.0,3700
2026-02-19 11:40:00,6575.0,6575.0,6575.0,6575.0,1300
2026-02-19 11:45:00,6575.0,6600.0,6575.0,6600.0,1000
2026-02-19 11:50:00,6575.0,6575.0,6575.0,6575.0,6800
2026-02-19 11:55:00,6550.0,6575.0,6550.0,6550.0,0
2026-02-19 13:30:00,6575.0,6575.0,6575.0,6575.0,5300
2026-02-19 13:35:00,6550.0,6575.0,6550.0,6575.0,1700
2026-02-19 13:40:00,6575.0,6575.0,6550.0,6550.0,1300
2026-02-19 13:45:00,6575.0,6575.0,6550.0,6550.0,0
2026-02-19 13:50:00,6575.0,6575.0,6575.0,6575.0,100
2026-02-19 13:55:00,6575.0,6575.0,6575.0,6575.0,200
2026-02-19 14:00:00,6575.0,6575.0,6550.0,6550.0,20600
2026-02-19 14:05:00,6600.0,6600.0,6575.0,6575.0,500
2026-02-19 14:10:00,6600.0,6600.0,6600.0,6600.0,1300
2026-02-19 14:15:00,6600.0,6600.0,6550.0,6550.0,2400
2026-02-19 14:20:00,6575.0,6575.0,6550.0,6550.0,3200
2026-02-19 14:25:00,6575.0,6575.0,6575.0,6575.0,2800
2026-02-19 14:30:00,6575.0,6575.0,6575.0,6575.0,3200
2026-02-19 14:35:00,6575.0,6575.0,6550.0,6550.0,3800
2026-02-19 14:40:00,6575.0,6575.0,6550.0,6575.0,9900
2026-02-19 14:45:00,6550.0,6575.0,6550.0,6575.0,15800
2026-02-19 14:50:00,6575.0,6575.0,6550.0,6550.0,15000
2026-02-19 14:55:00,6575.0,6575.0,6550.0,6550.0,800
2026-02-19 15:00:00,6575.0,6575.0,6550.0,6575.0,900
2026-02-19 15:05:00,6575.0,6575.0,6550.0,6550.0,4200
2026-02-19 15:10:00,6575.0,6575.0,6550.0,6575.0,9900
2026-02-19 15:15:00,6575.0,6575.0,6550.0,6575.0,3300
2026-02-19 15:20:00,6550.0,6575.0,6550.0,6575.0,31500
2026-02-19 15:25:00,6575.0,6575.0,6550.0,6575.0,16400
2026-02-19 15:30:00,6575.0,6575.0,6550.0,6550.0,6900
2026-02-19 15:35:00,6575.0,6575.0,6550.0,6575.0,6000
2026-02-19 15:40:00,6550.0,6575.0,6550.0,6550.0,11200
2026-02-19 15:45:00,6575.0,6575.0,6525.0,6550.0,68300
2026-02-19 16:00:00,6550.0,6550.0,6550.0,6550.0,31400
2026-02-19 16:05:00,6550.0,6550.0,6550.0,6550.0,400
2026-02-19 16:10:00,6550.0,6550.0,6550.0,6550.0,200
2026-02-20 09:00:00,6575.0,6575.0,6550.0,6575.0,0
2026-02-20 09:05:00,6625.0,6625.0,6625.0,6625.0,4100
2026-02-20 09:10:00,6625.0,6650.0,6600.0,6650.0,12300
2026-02-20 09:15:00,6650.0,6650.0,6625.0,6625.0,14600
2026-02-20 09:20:00,6625.0,6625.0,6600.0,6625.0,13800
2026-02-20 09:25:00,6625.0,6700.0,6625.0,6700.0,55900
2026-02-20 09:30:00,6700.0,6700.0,6675.0,6675.0,2300
2026-02-20 09:35:00,6675.0,6675.0,6625.0,6625.0,3700
2026-02-20 09:40:00,6650.0,6675.0,6650.0,6650.0,6200
2026-02-20 09:45:00,6650.0,6650.0,6650.0,6650.0,4100
2026-02-20 09:50:00,6650.0,6650.0,6600.0,6600.0,26000
2026-02-20 09:55:00,6625.0,6625.0,6625.0,6625.0,900
2026-02-20 10:00:00,6600.0,6625.0,6600.0,6625.0,6900
2026-02-20 10:05:00,6600.0,6600.0,6575.0,6600.0,1900
2026-02-20 10:10:00,6575.0,6575.0,6575.0,6575.0,5000
2026-02-20 10:15:00,6575.0,6575.0,6575.0,6575.0,5600
2026-02-20 10:20:00,6575.0,6600.0,6550.0,6600.0,41700
2026-02-20 10:25:00,6625.0,6625.0,6625.0,6625.0,8300
2026-02-20 10:30:00,6600.0,6600.0,6600.0,6600.0,200
2026-02-20 10:35:00,6600.0,6600.0,6575.0,6575.0,12600
2026-02-20 10:40:00,6575.0,6575.0,6550.0,6550.0,12600
2026-02-20 10:45:00,6550.0,6575.0,6550.0,6575.0,11800
2026-02-20 10:50:00,6575.0,6575.0,6575.0,6575.0,1000
2026-02-20 10:55:00,6575.0,6575.0,6575.0,6575.0,4100
2026-02-20 11:00:00,6575.0,6575.0,6575.0,6575.0,5600
2026-02-20 11:05:00,6575.0,6575.0,6575.0,6575.0,5900
2026-02-20 11:10:00,6575.0,6575.0,6575.0,6575.0,6000
2026-02-20 11:15:00,6575.0,6575.0,6550.0,6550.0,9800
2026-02-20 11:20:00,6550.0,6575.0,6550.0,6550.0,7800
2026-02-20 11:25:00,6550.0,6575.0,6550.0,6550.0,12000
2026-02-20 14:00:00,6575.0,6575.0,6575.0,6575.0,5700
2026-02-20 14:05:00,6550.0,6550.0,6550.0,6550.0,6000
2026-02-20 14:10:00,6575.0,6575.0,6550.0,6550.0,1600
2026-02-20 14:15:00,6550.0,6550.0,6550.0,6550.0,5400
2026-02-20 14:20:00,6550.0,6550.0,6550.0,6550.0,8500
2026-02-20 14:25:00,6550.0,6575.0,6550.0,6550.0,800
2026-02-20 14:30:00,6550.0,6550.0,6550.0,6550.0,7500
2026-02-20 14:35:00,6550.0,6550.0,6550.0,6550.0,4500
2026-02-20 14:40:00,6550.0,6550.0,6550.0,6550.0,5300
2026-02-20 14:45:00,6550.0,6575.0,6550.0,6550.0,4600
2026-02-20 14:50:00,6550.0,6575.0,6550.0,6550.0,7700
2026-02-20 14:55:00,6550.0,6550.0,6550.0,6550.0,10200
2026-02-20 15:00:00,6575.0,6575.0,6525.0,6550.0,15400
2026-02-20 15:05:00,6525.0,6550.0,6525.0,6525.0,14500
2026-02-20 15:10:00,6525.0,6550.0,6525.0,6550.0,6800
2026-02-20 15:15:00,6550.0,6550.0,6525.0,6525.0,4500
2026-02-20 15:20:00,6525.0,6525.0,6525.0,6525.0,4000
2026-02-20 15:25:00,6550.0,6550.0,6525.0,6525.0,19300
2026-02-20 15:30:00,6525.0,6550.0,6525.0,6550.0,5600
2026-02-20 15:35:00,6525.0,6550.0,6525.0,6525.0,5400
2026-02-20 15:40:00,6525.0,6550.0,6525.0,6525.0,17100
2026-02-20 15:45:00,6525.0,6550.0,6525.0,6550.0,27000
2026-02-20 16:00:00,6550.0,6550.0,6550.0,6550.0,30000
2026-02-23 09:00:00,6575.0,6650.0,6575.0,6650.0,0
2026-02-23 09:05:00,6600.0,6600.0,6550.0,6575.0,6200
2026-02-23 09:10:00,6575.0,6575.0,6550.0,6575.0,3600
2026-02-23 09:15:00,6575.0,6575.0,6550.0,6575.0,6500
2026-02-23 09:20:00,6575.0,6575.0,6575.0,6575.0,18300
2026-02-23 09:25:00,6575.0,6600.0,6575.0,6600.0,25200
2026-02-23 09:30:00,6600.0,6650.0,6600.0,6650.0,19900
2026-02-23 09:35:00,6625.0,6625.0,6625.0,6625.0,2600
2026-02-23 09:40:00,6625.0,6625.0,6600.0,6625.0,6300
2026-02-23 09:45:00,6600.0,6600.0,6600.0,6600.0,24600
2026-02-23 09:50:00,6600.0,6625.0,6600.0,6625.0,300
2026-02-23 10:00:00,6600.0,6625.0,6600.0,6600.0,3200
2026-02-23 10:05:00,6625.0,6625.0,6600.0,6600.0,8600
2026-02-23 10:10:00,6600.0,6600.0,6575.0,6575.0,16000
2026-02-23 10:15:00,6575.0,6575.0,6575.0,6575.0,3200
2026-02-23 10:20:00,6575.0,6575.0,6575.0,6575.0,1900
2026-02-23 10:25:00,6575.0,6575.0,6575.0,6575.0,2300
2026-02-23 10:30:00,6575.0,6600.0,6575.0,6575.0,3700
2026-02-23 10:35:00,6575.0,6600.0,6575.0,6575.0,3400
2026-02-23 10:40:00,6600.0,6600.0,6575.0,6575.0,2700
2026-02-23 10:45:00,6575.0,6600.0,6575.0,6575.0,3900
2026-02-23 10:50:00,6600.0,6600.0,6550.0,6600.0,25600
2026-02-23 10:55:00,6600.0,6600.0,6600.0,6600.0,1300
2026-02-23 11:05:00,6575.0,6600.0,6575.0,6600.0,34000
2026-02-23 11:10:00,6625.0,6625.0,6600.0,6625.0,1700
2026-02-23 11:15:00,6600.0,6600.0,6600.0,6600.0,7000
2026-02-23 11:20:00,6600.0,6600.0,6600.0,6600.0,5300
2026-02-23 11:25:00,6600.0,6600.0,6575.0,6575.0,5800
2026-02-23 11:30:00,6575.0,6575.0,6575.0,6575.0,3700
2026-02-23 11:35:00,6575.0,6575.0,6575.0,6575.0,2600
2026-02-23 11:40:00,6575.0,6575.0,6575.0,6575.0,2000
2026-02-23 11:45:00,6575.0,6600.0,6575.0,6575.0,4000
2026-02-23 11:50:00,6575.0,6575.0,6575.0,6575.0,3200
2026-02-23 11:55:00,6575.0,6600.0,6575.0,6600.0,12800
2026-02-23 13:30:00,6600.0,6600.0,6575.0,6575.0,27500
2026-02-23 13:35:00,6575.0,6575.0,6575.0,6575.0,200
2026-02-23 13:40:00,6575.0,6600.0,6575.0,6600.0,3000
2026-02-23 13:45:00,6575.0,6575.0,6575.0,6575.0,1900
2026-02-23 13:50:00,6575.0,6575.0,6575.0,6575.0,2600
2026-02-23 13:55:00,6575.0,6575.0,6575.0,6575.0,2700
2026-02-23 14:00:00,6575.0,6575.0,6575.0,6575.0,3000
2026-02-23 14:05:00,6575.0,6600.0,6575.0,6575.0,3200
2026-02-23 14:10:00,6575.0,6575.0,6575.0,6575.0,3300
2026-02-23 14:15:00,6575.0,6575.0,6575.0,6575.0,3400
2026-02-23 14:20:00,6575.0,6575.0,6550.0,6575.0,109400
2026-02-23 14:30:00,6600.0,6600.0,6600.0,6600.0,25900
2026-02-23 14:35:00,6600.0,6600.0,6600.0,6600.0,300
2026-02-23 14:40:00,6600.0,6625.0,6600.0,6600.0,13300
2026-02-23 14:45:00,6575.0,6600.0,6575.0,6575.0,3600
2026-02-23 14:50:00,6575.0,6575.0,6550.0,6550.0,120200
2026-02-23 14:55:00,6575.0,6600.0,6550.0,6600.0,95000
2026-02-23 15:00:00,6575.0,6575.0,6550.0,6575.0,32600
2026-02-23 15:05:00,6550.0,6575.0,6550.0,6550.0,13200
2026-02-23 15:10:00,6550.0,6550.0,6525.0,6525.0,80700
2026-02-23 15:15:00,6525.0,6550.0,6525.0,6550.0,44200
2026-02-23 15:20:00,6550.0,6575.0,6500.0,6525.0,212100
2026-02-23 15:25:00,6525.0,6525.0,6500.0,6500.0,71000
2026-02-23 15:30:00,6500.0,6525.0,6500.0,6500.0,62900
2026-02-23 15:35:00,6500.0,6525.0,6475.0,6525.0,85000
2026-02-23 15:40:00,6500.0,6525.0,6500.0,6500.0,171200
2026-02-23 15:45:00,6500.0,6550.0,6500.0,6550.0,29100
2026-02-23 16:00:00,6600.0,6600.0,6600.0,6600.0,151000
2026-02-23 16:10:00,6600.0,6600.0,6600.0,6600.0,400
2026-02-24 09:00:00,6575.0,6575.0,6500.0,6550.0,0
2026-02-24 09:05:00,6550.0,6550.0,6500.0,6500.0,5400
2026-02-24 09:10:00,6500.0,6500.0,6500.0,6500.0,23200
2026-02-24 09:15:00,6500.0,6500.0,6500.0,6500.0,24500
2026-02-24 09:20:00,6500.0,6525.0,6500.0,6525.0,22100
2026-02-24 09:25:00,6525.0,6525.0,6500.0,6500.0,1900
2026-02-24 09:30:00,6500.0,6525.0,6500.0,6525.0,3200
2026-02-24 09:35:00,6525.0,6525.0,6475.0,6475.0,97500
2026-02-24 09:40:00,6500.0,6500.0,6475.0,6500.0,3500
2026-02-24 09:45:00,6500.0,6500.0,6500.0,6500.0,20800
2026-02-24 09:50:00,6475.0,6475.0,6475.0,6475.0,0
2026-02-24 09:55:00,6500.0,6500.0,6475.0,6475.0,1200
2026-02-24 10:00:00,6500.0,6500.0,6500.0,6500.0,33300
2026-02-24 10:05:00,6500.0,6525.0,6500.0,6525.0,16700
2026-02-24 10:10:00,6525.0,6525.0,6500.0,6500.0,0
2026-02-24 10:15:00,6500.0,6525.0,6500.0,6525.0,30400
2026-02-24 10:20:00,6500.0,6500.0,6500.0,6500.0,2500
2026-02-24 10:25:00,6525.0,6525.0,6500.0,6500.0,26500
2026-02-24 10:30:00,6500.0,6500.0,6500.0,6500.0,200
2026-02-24 10:35:00,6500.0,6525.0,6500.0,6525.0,40200
2026-02-24 10:40:00,6500.0,6500.0,6500.0,6500.0,0
2026-02-24 10:45:00,6500.0,6500.0,6500.0,6500.0,21600
2026-02-24 10:50:00,6500.0,6500.0,6475.0,6500.0,8400
2026-02-24 10:55:00,6475.0,6475.0,6475.0,6475.0,1100
2026-02-24 11:00:00,6500.0,6500.0,6500.0,6500.0,9000
2026-02-24 11:05:00,6475.0,6500.0,6475.0,6500.0,700
2026-02-24 11:10:00,6475.0,6500.0,6475.0,6500.0,14500
2026-02-24 11:15:00,6500.0,6500.0,6475.0,6475.0,7600
2026-02-24 11:20:00,6500.0,6500.0,6475.0,6500.0,14400
2026-02-24 11:25:00,6500.0,6525.0,6500.0,6525.0,4800
2026-02-24 11:30:00,6525.0,6525.0,6500.0,6500.0,22000
2026-02-24 11:35:00,6500.0,6500.0,6500.0,6500.0,17400
2026-02-24 11:40:00,6475.0,6475.0,6475.0,6475.0,0
2026-02-24 11:45:00,6500.0,6500.0,6475.0,6475.0,1200
2026-02-24 11:50:00,6500.0,6500.0,6475.0,6500.0,8200
2026-02-24 11:55:00,6475.0,6500.0,6475.0,6500.0,500
2026-02-24 13:30:00,6525.0,6550.0,6500.0,6500.0,1200
2026-02-24 13:35:00,6525.0,6525.0,6500.0,6500.0,5300
2026-02-24 13:40:00,6525.0,6525.0,6500.0,6500.0,1100
2026-02-24 13:45:00,6525.0,6525.0,6525.0,6525.0,200
2026-02-24 13:50:00,6500.0,6525.0,6500.0,6525.0,1700
2026-02-24 13:55:00,6525.0,6525.0,6500.0,6525.0,1200
2026-02-24 14:00:00,6525.0,6525.0,6500.0,6500.0,2400
2026-02-24 14:05:00,6525.0,6525.0,6500.0,6500.0,1700
2026-02-24 14:10:00,6525.0,6525.0,6525.0,6525.0,11500
2026-02-24 14:15:00,6500.0,6525.0,6500.0,6525.0,8500
2026-02-24 14:20:00,6525.0,6550.0,6525.0,6550.0,72100
2026-02-24 14:25:00,6525.0,6550.0,6500.0,6550.0,50900
2026-02-24 14:30:00,6525.0,6525.0,6525.0,6525.0,200
2026-02-24 14:35:00,6525.0,6525.0,6525.0,6525.0,2600
2026-02-24 14:40:00,6525.0,6525.0,6525.0,6525.0,18500
2026-02-24 14:45:00,6525.0,6525.0,6500.0,6525.0,159300
2026-02-24 14:50:00,6525.0,6525.0,6500.0,6500.0,47300
2026-02-24 14:55:00,6500.0,6500.0,6500.0,6500.0,7000
2026-02-24 15:00:00,6500.0,6500.0,6475.0,6475.0,110100
2026-02-24 15:05:00,6475.0,6500.0,6475.0,6500.0,16000
2026-02-24 15:10:00,6500.0,6500.0,6475.0,6475.0,92700
2026-02-24 15:15:00,6475.0,6475.0,6475.0,6475.0,25000
2026-02-24 15:20:00,6500.0,6500.0,6475.0,6475.0,104900
2026-02-24 15:25:00,6500.0,6500.0,6500.0,6500.0,23700
2026-02-24 15:30:00,6500.0,6500.0,6475.0,6475.0,301100
2026-02-24 15:35:00,6475.0,6475.0,6475.0,6475.0,69800
2026-02-24 15:40:00,6475.0,6475.0,6475.0,6475.0,2800
2026-02-24 15:45:00,6475.0,6500.0,6475.0,6475.0,75600
2026-02-24 16:00:00,6475.0,6475.0,6475.0,6475.0,146800
2026-02-24 16:10:00,6475.0,6475.0,6475.0,6475.0,1500
2026-02-25 09:00:00,6550.0,6550.0,6500.0,6550.0,0
2026-02-25 09:05:00,6525.0,6525.0,6500.0,6500.0,500
2026-02-25 09:10:00,6525.0,6525.0,6525.0,6525.0,3000
2026-02-25 09:15:00,6525.0,6550.0,6525.0,6550.0,54200
2026-02-25 09:20:00,6550.0,6550.0,6525.0,6525.0,31400
2026-02-25 09:25:00,6525.0,6525.0,6525.0,6525.0,2900
2026-02-25 09:30:00,6550.0,6550.0,6525.0,6525.0,1500
2026-02-25 09:35:00,6550.0,6550.0,6550.0,6550.0,6600
2026-02-25 09:40:00,6550.0,6550.0,6525.0,6525.0,600
2026-02-25 09:45:00,6525.0,6525.0,6525.0,6525.0,100
2026-02-25 09:50:00,6550.0,6550.0,6550.0,6550.0,400
2026-02-25 09:55:00,6525.0,6525.0,6525.0,6525.0,0
2026-02-25 10:00:00,6550.0,6550.0,6525.0,6525.0,1200
2026-02-25 10:10:00,6525.0,6525.0,6525.0,6525.0,900
2026-02-25 10:20:00,6550.0,6550.0,6525.0,6525.0,800
2026-02-25 10:25:00,6550.0,6550.0,6550.0,6550.0,11600
2026-02-25 10:30:00,6525.0,6525.0,6525.0,6525.0,0
2026-02-25 10:35:00,6525.0,6525.0,6525.0,6525.0,900
2026-02-25 10:40:00,6525.0,6525.0,6525.0,6525.0,200
2026-02-25 10:45:00,6525.0,6550.0,6525.0,6525.0,4400
2026-02-25 10:50:00,6525.0,6525.0,6525.0,6525.0,4300
2026-02-25 10:55:00,6525.0,6525.0,6500.0,6500.0,1100
2026-02-25 11:00:00,6500.0,6500.0,6475.0,6475.0,28400
2026-02-25 11:05:00,6475.0,6475.0,6450.0,6475.0,35400
2026-02-25 11:10:00,6475.0,6475.0,6450.0,6450.0,35500
2026-02-25 11:15:00,6425.0,6450.0,6425.0,6450.0,15400
2026-02-25 11:20:00,6425.0,6450.0,6425.0,6450.0,13500
2026-02-25 11:25:00,6450.0,6450.0,6425.0,6425.0,22100
2026-02-25 11:30:00,6425.0,6450.0,6425.0,6425.0,8900
2026-02-25 11:35:00,6425.0,6425.0,6425.0,6425.0,16600
2026-02-25 11:40:00,6425.0,6450.0,6425.0,6425.0,43700
2026-02-25 11:45:00,6450.0,6450.0,6425.0,6425.0,19100
2026-02-25 11:50:00,6450.0,6450.0,6425.0,6450.0,4800
2026-02-25 11:55:00,6425.0,6425.0,6425.0,6425.0,15600
2026-02-25 13:30:00,6450.0,6450.0,6450.0,6450.0,1800
2026-02-25 13:35:00,6450.0,6450.0,6425.0,6425.0,61600
2026-02-25 13:40:00,6425.0,6425.0,6400.0,6425.0,52400
2026-02-25 13:45:00,6425.0,6425.0,6425.0,6425.0,24800
2026-02-25 13:50:00,6450.0,6450.0,6425.0,6450.0,13600
2026-02-25 13:55:00,6425.0,6450.0,6425.0,6425.0,28100
2026-02-25 14:00:00,6425.0,6425.0,6400.0,6425.0,45900
2026-02-25 14:05:00,6450.0,6450.0,6425.0,6425.0,30100
2026-02-25 14:10:00,6400.0,6425.0,6400.0,6400.0,11800
2026-02-25 14:15:00,6400.0,6425.0,6400.0,6400.0,121600
2026-02-25 14:20:00,6400.0,6400.0,6375.0,6375.0,28200
2026-02-25 14:25:00,6375.0,6400.0,6375.0,6375.0,19400
2026-02-25 14:30:00,6375.0,6400.0,6375.0,6375.0,36100
2026-02-25 14:35:00,6400.0,6400.0,6375.0,6375.0,29600
2026-02-25 14:40:00,6375.0,6400.0,6375.0,6375.0,75100
2026-02-25 14:45:00,6375.0,6400.0,6375.0,6375.0,45600
2026-02-25 14:50:00,6400.0,6425.0,6375.0,6425.0,25500
2026-02-25 14:55:00,6400.0,6425.0,6400.0,6425.0,46800
2026-02-25 15:00:00,6400.0,6400.0,6400.0,6400.0,5500
2026-02-25 15:05:00,6400.0,6400.0,6400.0,6400.0,98100
2026-02-25 15:10:00,6375.0,6400.0,6375.0,6375.0,53300
2026-02-25 15:15:00,6375.0,6400.0,6375.0,6375.0,64200
2026-02-25 15:20:00,6375.0,6400.0,6375.0,6375.0,126200
2026-02-25 15:25:00,6375.0,6375.0,6350.0,6350.0,34300
2026-02-25 15:30:00,6375.0,6450.0,6350.0,6450.0,154100
2026-02-25 15:35:00,6475.0,6500.0,6475.0,6500.0,206400
2026-02-25 15:40:00,6525.0,6525.0,6500.0,6500.0,100900
2026-02-25 15:45:00,6525.0,6550.0,6500.0,6500.0,122300
2026-02-25 16:00:00,6500.0,6500.0,6500.0,6500.0,51600
2026-02-25 16:10:00,6500.0,6500.0,6500.0,6500.0,400
2026-02-26 09:05:00,6475.0,6500.0,6425.0,6450.0,11900
2026-02-26 09:10:00,6450.0,6450.0,6425.0,6450.0,4000
2026-02-26 09:15:00,6475.0,6475.0,6475.0,6475.0,200
2026-02-26 09:20:00,6475.0,6475.0,6450.0,6450.0,100
2026-02-26 09:30:00,6450.0,6450.0,6450.0,6450.0,3800
2026-02-26 09:35:00,6450.0,6450.0,6450.0,6450.0,0
2026-02-26 09:50:00,6450.0,6450.0,6450.0,6450.0,200
2026-02-26 09:55:00,6475.0,6475.0,6450.0,6450.0,400
2026-02-26 10:00:00,6450.0,6450.0,6425.0,6425.0,21900
2026-02-26 10:05:00,6425.0,6450.0,6425.0,6450.0,4200
2026-02-26 10:10:00,6425.0,6450.0,6400.0,6400.0,7900
2026-02-26 10:15:00,6400.0,6400.0,6400.0,6400.0,20300
2026-02-26 10:20:00,6425.0,6425.0,6400.0,6400.0,800
2026-02-26 10:25:00,6400.0,6400.0,6375.0,6400.0,47800
2026-02-26 10:30:00,6400.0,6400.0,6400.0,6400.0,10700
2026-02-26 10:35:00,6400.0,6400.0,6400.0,6400.0,18300
2026-02-26 10:40:00,6425.0,6425.0,6400.0,6400.0,5400
2026-02-26 10:45:00,6425.0,6425.0,6400.0,6425.0,11700
2026-02-26 10:50:00,6400.0,6425.0,6400.0,6425.0,9100
2026-02-26 10:55:00,6425.0,6425.0,6400.0,6425.0,4200
2026-02-26 11:00:00,6425.0,6425.0,6400.0,6425.0,3500
2026-02-26 11:05:00,6425.0,6425.0,6375.0,6375.0,25500
2026-02-26 11:10:00,6400.0,6400.0,6375.0,6375.0,2600
2026-02-26 11:15:00,6400.0,6400.0,6375.0,6400.0,15500
2026-02-26 11:20:00,6400.0,6400.0,6400.0,6400.0,3600
2026-02-26 11:25:00,6400.0,6400.0,6375.0,6400.0,9000
2026-02-26 11:30:00,6400.0,6400.0,6375.0,6400.0,10700
2026-02-26 11:35:00,6400.0,6400.0,6400.0,6400.0,2800
2026-02-26 11:40:00,6400.0,6400.0,6375.0,6400.0,5900
2026-02-26 11:45:00,6400.0,6400.0,6400.0,6400.0,2800
2026-02-26 11:50:00,6400.0,6400.0,6375.0,6400.0,14600
2026-02-26 11:55:00,6400.0,6400.0,6375.0,6400.0,4800
2026-02-26 13:30:00,6375.0,6400.0,6375.0,6400.0,22800
2026-02-26 13:35:00,6400.0,6400.0,6400.0,6400.0,8100
2026-02-26 13:40:00,6400.0,6400.0,6375.0,6375.0,12200
2026-02-26 13:45:00,6400.0,6400.0,6375.0,6400.0,10100
2026-02-26 13:50:00,6375.0,6400.0,6375.0,6400.0,16500
2026-02-26 13:55:00,6400.0,6425.0,6400.0,6400.0,29700
2026-02-26 14:00:00,6400.0,6400.0,6400.0,6400.0,0
2026-02-26 14:05:00,6400.0,6400.0,6400.0,6400.0,2500
2026-02-26 14:10:00,6400.0,6400.0,6375.0,6400.0,13900
2026-02-26 14:15:00,6400.0,6400.0,6375.0,6400.0,24700
2026-02-26 14:20:00,6400.0,6400.0,6375.0,6400.0,14000
2026-02-26 14:25:00,6400.0,6400.0,6375.0,6400.0,14600
2026-02-26 14:30:00,6400.0,6400.0,6375.0,6375.0,8000
2026-02-26 14:35:00,6400.0,6400.0,6375.0,6400.0,12300
2026-02-26 14:40:00,6400.0,6400.0,6375.0,6400.0,17000
2026-02-26 14:45:00,6375.0,6400.0,6375.0,6400.0,12200
2026-02-26 14:50:00,6400.0,6400.0,6400.0,6400.0,8500
2026-02-26 14:55:00,6400.0,6400.0,6375.0,6400.0,6700
2026-02-26 15:00:00,6400.0,6425.0,6375.0,6425.0,32400
2026-02-26 15:05:00,6425.0,6425.0,6425.0,6425.0,8200
2026-02-26 15:10:00,6425.0,6425.0,6425.0,6425.0,8200
2026-02-26 15:15:00,6425.0,6425.0,6425.0,6425.0,6200
2026-02-26 15:20:00,6425.0,6425.0,6425.0,6425.0,14000
2026-02-26 15:25:00,6425.0,6425.0,6375.0,6375.0,40500
2026-02-26 15:30:00,6400.0,6400.0,6350.0,6350.0,88800
2026-02-26 15:35:00,6375.0,6375.0,6350.0,6350.0,16100
2026-02-26 15:40:00,6375.0,6375.0,6350.0,6350.0,171900
2026-02-26 15:45:00,6350.0,6375.0,6350.0,6350.0,20700
2026-02-26 16:00:00,6325.0,6325.0,6325.0,6325.0,64100
2026-02-26 16:05:00,6325.0,6325.0,6325.0,6325.0,0
2026-02-27 09:00:00,6350.0,6350.0,6350.0,6350.0,0
2026-02-27 09:05:00,6375.0,6375.0,6325.0,6325.0,10000
2026-02-27 09:10:00,6325.0,6350.0,6250.0,6300.0,34300
2026-02-27 09:15:00,6300.0,6350.0,6300.0,6350.0,300
2026-02-27 09:20:00,6325.0,6350.0,6325.0,6350.0,3500
2026-02-27 09:25:00,6350.0,6375.0,6350.0,6375.0,11100
2026-02-27 09:30:00,6350.0,6375.0,6350.0,6350.0,1100
2026-02-27 09:35:00,6350.0,6350.0,6300.0,6300.0,21100
2026-02-27 09:40:00,6325.0,6325.0,6275.0,6275.0,4000
2026-02-27 09:45:00,6300.0,6325.0,6275.0,6300.0,4800
2026-02-27 09:50:00,6300.0,6300.0,6250.0,6275.0,22400
2026-02-27 09:55:00,6275.0,6325.0,6250.0,6250.0,4400
2026-02-27 10:00:00,6275.0,6275.0,6250.0,6275.0,5500
2026-02-27 10:05:00,6250.0,6275.0,6250.0,6250.0,15600
2026-02-27 10:10:00,6250.0,6275.0,6250.0,6250.0,15000
2026-02-27 10:15:00,6250.0,6275.0,6250.0,6275.0,31100
2026-02-27 10:20:00,6275.0,6300.0,6275.0,6300.0,4200
2026-02-27 10:25:00,6275.0,6275.0,6250.0,6250.0,33300
2026-02-27 10:30:00,6275.0,6275.0,6250.0,6275.0,6300
2026-02-27 10:35:00,6275.0,6275.0,6250.0,6250.0,8600
2026-02-27 10:40:00,6275.0,6275.0,6250.0,6250.0,7500
2026-02-27 10:45:00,6275.0,6275.0,6250.0,6275.0,20200
2026-02-27 10:50:00,6250.0,6275.0,6250.0,6250.0,11900
2026-02-27 10:55:00,6250.0,6275.0,6250.0,6250.0,14200
2026-02-27 11:00:00,6250.0,6275.0,6250.0,6250.0,11200
2026-02-27 11:05:00,6275.0,6300.0,6250.0,6300.0,5300
2026-02-27 11:10:00,6250.0,6275.0,6250.0,6250.0,4600
2026-02-27 11:15:00,6300.0,6300.0,6250.0,6250.0,5200
2026-02-27 11:20:00,6250.0,6275.0,6250.0,6250.0,5100
2026-02-27 11:25:00,6250.0,6275.0,6250.0,6250.0,6700
2026-02-27 14:00:00,6275.0,6275.0,6225.0,6225.0,135600
2026-02-27 14:05:00,6225.0,6300.0,6225.0,6300.0,63500
2026-02-27 14:10:00,6325.0,6350.0,6325.0,6325.0,35400
2026-02-27 14:15:00,6325.0,6325.0,6300.0,6300.0,68800
2026-02-27 14:20:00,6300.0,6325.0,6275.0,6275.0,87400
2026-02-27 14:25:00,6275.0,6300.0,6275.0,6275.0,12700
2026-02-27 14:30:00,6275.0,6300.0,6275.0,6275.0,18400
2026-02-27 14:35:00,6275.0,6300.0,6275.0,6275.0,19200
2026-02-27 14:40:00,6275.0,6325.0,6275.0,6300.0,51800
2026-02-27 14:45:00,6300.0,6300.0,6275.0,6300.0,8700
2026-02-27 14:50:00,6275.0,6300.0,6275.0,6275.0,39200
2026-02-27 14:55:00,6275.0,6275.0,6250.0,6250.0,77000
2026-02-27 15:00:00,6250.0,6275.0,6225.0,6225.0,81500
2026-02-27 15:05:00,6225.0,6250.0,6225.0,6225.0,10100
2026-02-27 15:10:00,6225.0,6275.0,6225.0,6275.0,79200
2026-02-27 15:15:00,6250.0,6275.0,6250.0,6250.0,7100
2026-02-27 15:20:00,6250.0,6250.0,6225.0,6225.0,64200
2026-02-27 15:25:00,6225.0,6250.0,6200.0,6225.0,147200
2026-02-27 15:30:00,6225.0,6275.0,6225.0,6250.0,44700
2026-02-27 15:35:00,6250.0,6250.0,6250.0,6250.0,8100
2026-02-27 15:40:00,6275.0,6275.0,6250.0,6250.0,141200
2026-02-27 15:45:00,6250.0,6250.0,6225.0,6250.0,258800
2026-02-27 16:00:00,6200.0,6200.0,6200.0,6200.0,346300
2026-02-27 16:05:00,6200.0,6200.0,6200.0,6200.0,4000
2026-02-27 16:10:00,6200.0,6200.0,6200.0,6200.0,46400
2026-03-02 09:00:00,6025.0,6100.0,6000.0,6000.0,0
2026-03-02 09:05:00,6000.0,6000.0,5975.0,6000.0,34400
2026-03-02 09:10:00,6000.0,6000.0,5975.0,5975.0,55300
2026-03-02 09:15:00,6000.0,6025.0,5975.0,6025.0,94900
2026-03-02 09:20:00,6025.0,6100.0,6025.0,6100.0,21400
2026-03-02 09:25:00,6100.0,6100.0,6025.0,6050.0,26200
2026-03-02 09:30:00,6050.0,6050.0,6050.0,6050.0,1700
2026-03-02 09:35:00,6050.0,6050.0,6025.0,6050.0,46000
2026-03-02 09:40:00,6050.0,6050.0,6050.0,6050.0,12700
2026-03-02 09:45:00,6050.0,6050.0,6050.0,6050.0,8400
2026-03-02 09:50:00,6075.0,6075.0,6050.0,6050.0,11100
2026-03-02 09:55:00,6050.0,6050.0,6050.0,6050.0,38400
2026-03-02 10:00:00,6075.0,6075.0,6050.0,6050.0,0
2026-03-02 10:05:00,6075.0,6075.0,6050.0,6050.0,3400
2026-03-02 10:10:00,6050.0,6075.0,6050.0,6050.0,71400
2026-03-02 10:15:00,6050.0,6050.0,6050.0,6050.0,0
2026-03-02 10:20:00,6075.0,6075.0,6050.0,6075.0,5100
2026-03-02 10:25:00,6050.0,6075.0,6050.0,6075.0,72600
2026-03-02 10:30:00,6100.0,6100.0,6100.0,6100.0,27100
2026-03-02 10:35:00,6100.0,6100.0,6100.0,6100.0,0
2026-03-02 10:40:00,6100.0,6100.0,6075.0,6075.0,28100
2026-03-02 10:45:00,6075.0,6075.0,6075.0,6075.0,2200
2026-03-02 10:50:00,6075.0,6075.0,6075.0,6075.0,3500
2026-03-02 10:55:00,6075.0,6125.0,6075.0,6125.0,59900
2026-03-02 11:00:00,6125.0,6125.0,6100.0,6100.0,2200
2026-03-02 11:05:00,6100.0,6100.0,6100.0,6100.0,4100
2026-03-02 11:10:00,6100.0,6125.0,6100.0,6125.0,900
2026-03-02 11:15:00,6125.0,6125.0,6100.0,6100.0,2200
2026-03-02 11:20:00,6100.0,6100.0,6100.0,6100.0,1800
2026-03-02 11:25:00,6100.0,6100.0,6100.0,6100.0,3600
2026-03-02 11:30:00,6100.0,6125.0,6100.0,6100.0,4700
2026-03-02 11:35:00,6100.0,6125.0,6100.0,6100.0,1400
2026-03-02 11:40:00,6100.0,6125.0,6100.0,6125.0,900
2026-03-02 11:45:00,6125.0,6125.0,6100.0,6100.0,1000
2026-03-02 11:50:00,6100.0,6100.0,6100.0,6100.0,500
2026-03-02 11:55:00,6125.0,6125.0,6100.0,6100.0,6900
2026-03-02 13:30:00,6100.0,6125.0,6100.0,6100.0,8500
2026-03-02 13:35:00,6100.0,6100.0,6100.0,6100.0,16300
2026-03-02 13:40:00,6100.0,6100.0,6100.0,6100.0,2100
2026-03-02 13:45:00,6100.0,6100.0,6100.0,6100.0,4600
2026-03-02 13:50:00,6100.0,6100.0,6075.0,6075.0,15800
2026-03-02 13:55:00,6075.0,6075.0,6075.0,6075.0,3500
2026-03-02 14:00:00,6075.0,6075.0,6025.0,6025.0,178200
2026-03-02 14:05:00,6025.0,6050.0,6025.0,6050.0,18400
2026-03-02 14:10:00,6050.0,6050.0,6025.0,6025.0,18700
2026-03-02 14:15:00,6025.0,6050.0,6000.0,6050.0,17900
2026-03-02 14:20:00,6050.0,6050.0,6025.0,6025.0,20500
2026-03-02 14:25:00,6025.0,6025.0,6025.0,6025.0,14000
2026-03-02 14:30:00,6025.0,6050.0,6025.0,6025.0,14100
2026-03-02 14:35:00,6000.0,6025.0,6000.0,6000.0,12300
2026-03-02 14:40:00,6025.0,6050.0,6000.0,6050.0,9400
2026-03-02 14:45:00,6025.0,6050.0,6025.0,6025.0,6300
2026-03-02 14:50:00,6025.0,6025.0,6000.0,6000.0,6900
2026-03-02 14:55:00,6025.0,6050.0,6000.0,6000.0,3200
2026-03-02 15:00:00,6025.0,6050.0,6025.0,6025.0,10600
2026-03-02 15:05:00,6050.0,6050.0,6000.0,6000.0,16100
2026-03-02 15:10:00,6000.0,6050.0,6000.0,6050.0,11100
2026-03-02 15:15:00,6025.0,6050.0,5975.0,5975.0,127400
2026-03-02 15:20:00,6000.0,6025.0,5975.0,6000.0,86800
2026-03-02 15:25:00,6000.0,6025.0,6000.0,6000.0,20500
2026-03-02 15:30:00,5975.0,6000.0,5975.0,5975.0,19900
2026-03-02 15:35:00,6000.0,6000.0,5975.0,6000.0,7800
2026-03-02 15:40:00,6000.0,6000.0,5975.0,6000.0,20300
2026-03-02 15:45:00,5975.0,6000.0,5950.0,5950.0,115400
2026-03-02 16:00:00,5950.0,5950.0,5950.0,5950.0,88200
2026-03-03 09:00:00,5950.0,6025.0,5950.0,6000.0,0
2026-03-03 09:05:00,6000.0,6050.0,6000.0,6000.0,2300
2026-03-03 09:10:00,6000.0,6025.0,6000.0,6000.0,2000
2026-03-03 09:15:00,6000.0,6000.0,6000.0,6000.0,700
2026-03-03 09:20:00,6025.0,6025.0,6025.0,6025.0,4700
2026-03-03 09:25:00,6025.0,6025.0,6025.0,6025.0,700
2026-03-03 09:30:00,6050.0,6050.0,6050.0,6050.0,200
2026-03-03 09:35:00,6025.0,6025.0,6025.0,6025.0,17300
2026-03-03 09:40:00,6025.0,6025.0,5975.0,5975.0,15500
2026-03-03 09:45:00,6000.0,6000.0,5975.0,5975.0,11100
2026-03-03 09:50:00,5975.0,5975.0,5925.0,5950.0,47600
2026-03-03 09:55:00,5950.0,5950.0,5925.0,5950.0,0
2026-03-03 10:00:00,5950.0,5950.0,5925.0,5950.0,16400
2026-03-03 10:05:00,5950.0,5950.0,5925.0,5925.0,6900
2026-03-03 10:10:00,5925.0,5950.0,5925.0,5925.0,21000
2026-03-03 10:15:00,5925.0,5950.0,5925.0,5925.0,2300
2026-03-03 10:20:00,5925.0,5925.0,5925.0,5925.0,2700
2026-03-03 10:25:00,5925.0,5950.0,5900.0,5950.0,67900
2026-03-03 10:30:00,5925.0,5925.0,5900.0,5900.0,9800
2026-03-03 10:35:00,5900.0,5925.0,5900.0,5900.0,7500
2026-03-03 10:40:00,5900.0,5900.0,5875.0,5875.0,83600
2026-03-03 10:45:00,5875.0,5875.0,5850.0,5850.0,6800
2026-03-03 10:50:00,5850.0,5875.0,5850.0,5850.0,6500
2026-03-03 10:55:00,5850.0,5850.0,5850.0,5850.0,7600
2026-03-03 11:00:00,5850.0,5875.0,5850.0,5850.0,4200
2026-03-03 11:05:00,5850.0,5900.0,5850.0,5900.0,15100
2026-03-03 11:10:00,5850.0,5875.0,5850.0,5875.0,1400
2026-03-03 11:15:00,5875.0,5875.0,5875.0,5875.0,6200
2026-03-03 11:20:00,5875.0,5900.0,5875.0,5875.0,38600
2026-03-03 11:25:00,5875.0,5875.0,5875.0,5875.0,10100
2026-03-03 11:30:00,5875.0,5875.0,5850.0,5850.0,25200
2026-03-03 11:35:00,5850.0,5900.0,5850.0,5875.0,17500
2026-03-03 11:40:00,5875.0,5875.0,5875.0,5875.0,6300
2026-03-03 11:45:00,5875.0,5900.0,5875.0,5900.0,17300
2026-03-03 11:50:00,5925.0,5925.0,5925.0,5925.0,0
2026-03-03 11:55:00,5900.0,5900.0,5875.0,5900.0,11700
2026-03-03 13:30:00,5900.0,5900.0,5875.0,5900.0,20800
2026-03-03 13:35:00,5900.0,5900.0,5875.0,5875.0,11400
2026-03-03 13:40:00,5875.0,5900.0,5850.0,5900.0,120200
2026-03-03 13:45:00,5900.0,5925.0,5875.0,5900.0,44200
2026-03-03 13:50:00,5900.0,5925.0,5900.0,5900.0,8200
2026-03-03 13:55:00,5900.0,5900.0,5900.0,5900.0,7400
2026-03-03 14:00:00,5900.0,5925.0,5900.0,5900.0,40900
2026-03-03 14:05:00,5900.0,5900.0,5900.0,5900.0,24000
2026-03-03 14:10:00,5900.0,5900.0,5900.0,5900.0,8100
2026-03-03 14:15:00,5900.0,5900.0,5900.0,5900.0,8300
2026-03-03 14:20:00,5900.0,5900.0,5900.0,5900.0,12400
2026-03-03 14:25:00,5900.0,5900.0,5900.0,5900.0,28800
2026-03-03 14:30:00,5900.0,5900.0,5900.0,5900.0,110700
2026-03-03 14:35:00,5900.0,5900.0,5900.0,5900.0,8300
2026-03-03 14:40:00,5900.0,5900.0,5900.0,5900.0,23800
2026-03-03 14:45:00,5900.0,5925.0,5900.0,5900.0,76600
2026-03-03 14:50:00,5900.0,5950.0,5875.0,5950.0,161200
2026-03-03 14:55:00,5950.0,5975.0,5900.0,5900.0,117800
2026-03-03 15:00:00,5900.0,5900.0,5900.0,5900.0,25600
2026-03-03 15:05:00,5900.0,5900.0,5900.0,5900.0,12600
2026-03-03 15:10:00,5900.0,5900.0,5875.0,5875.0,600
2026-03-03 15:15:00,5875.0,5875.0,5875.0,5875.0,1000
2026-03-03 15:20:00,5875.0,5900.0,5875.0,5875.0,13300
2026-03-03 15:25:00,5875.0,5900.0,5875.0,5875.0,2600
2026-03-03 15:30:00,5875.0,5900.0,5875.0,5875.0,6900
2026-03-03 15:35:00,5875.0,5875.0,5875.0,5875.0,7000
2026-03-03 15:40:00,5875.0,5875.0,5875.0,5875.0,47700
2026-03-03 15:45:00,5850.0,5875.0,5850.0,5875.0,53600
2026-03-03 16:00:00,5875.0,5875.0,5875.0,5875.0,54100
2026-03-04 09:00:00,5850.0,5850.0,5750.0,5775.0,0
2026-03-04 09:05:00,5825.0,5825.0,5750.0,5750.0,10700
2026-03-04 09:10:00,5750.0,5775.0,5725.0,5750.0,30500
2026-03-04 09:15:00,5775.0,5775.0,5750.0,5750.0,16900
2026-03-04 09:20:00,5750.0,5750.0,5725.0,5725.0,48400
2026-03-04 09:25:00,5725.0,5750.0,5725.0,5725.0,1000
2026-03-04 09:30:00,5750.0,5775.0,5725.0,5775.0,15200
2026-03-04 09:35:00,5775.0,5775.0,5750.0,5775.0,19000
2026-03-04 09:40:00,5750.0,5775.0,5750.0,5775.0,0
2026-03-04 09:45:00,5775.0,5775.0,5750.0,5750.0,2500
2026-03-04 09:50:00,5750.0,5750.0,5750.0,5750.0,49600
2026-03-04 09:55:00,5775.0,5775.0,5750.0,5750.0,17800
2026-03-04 10:00:00,5750.0,5750.0,5700.0,5700.0,53200
2026-03-04 10:05:00,5725.0,5725.0,5700.0,5700.0,3800
2026-03-04 10:10:00,5725.0,5725.0,5700.0,5725.0,50200
2026-03-04 10:15:00,5750.0,5750.0,5725.0,5725.0,2600
2026-03-04 10:20:00,5725.0,5725.0,5700.0,5700.0,118600
2026-03-04 10:25:00,5700.0,5700.0,5675.0,5675.0,28100
2026-03-04 10:30:00,5675.0,5725.0,5675.0,5725.0,2400
2026-03-04 10:35:00,5700.0,5725.0,5700.0,5700.0,1500
2026-03-04 10:40:00,5725.0,5775.0,5700.0,5750.0,40500
2026-03-04 10:45:00,5725.0,5750.0,5725.0,5725.0,51600
2026-03-04 10:50:00,5750.0,5750.0,5725.0,5750.0,1600
2026-03-04 10:55:00,5725.0,5750.0,5725.0,5725.0,1100
2026-03-04 11:00:00,5725.0,5725.0,5700.0,5700.0,33900
2026-03-04 11:05:00,5700.0,5700.0,5700.0,5700.0,2000
2026-03-04 11:10:00,5700.0,5725.0,5700.0,5700.0,12700
2026-03-04 11:15:00,5725.0,5725.0,5700.0,5700.0,4000
2026-03-04 11:20:00,5700.0,5725.0,5700.0,5700.0,52100
2026-03-04 11:25:00,5700.0,5725.0,5700.0,5700.0,0
2026-03-04 11:30:00,5700.0,5700.0,5700.0,5700.0,9300
2026-03-04 11:35:00,5675.0,5700.0,5675.0,5675.0,10600
2026-03-04 11:45:00,5675.0,5675.0,5675.0,5675.0,57100
2026-03-04 11:50:00,5675.0,5675.0,5650.0,5650.0,33300
2026-03-04 11:55:00,5675.0,5675.0,5675.0,5675.0,3400
2026-03-04 13:30:00,5675.0,5700.0,5650.0,5650.0,31600
2026-03-04 13:35:00,5675.0,5725.0,5675.0,5675.0,1600
2026-03-04 13:40:00,5725.0,5725.0,5725.0,5725.0,200
2026-03-04 13:45:00,5700.0,5700.0,5700.0,5700.0,9000
2026-03-04 13:50:00,5725.0,5725.0,5675.0,5675.0,0
2026-03-04 13:55:00,5675.0,5700.0,5675.0,5700.0,800
2026-03-04 14:00:00,5700.0,5700.0,5675.0,5675.0,4200
2026-03-04 14:05:00,5675.0,5700.0,5675.0,5700.0,3100
2026-03-04 14:10:00,5675.0,5675.0,5675.0,5675.0,7100
2026-03-04 14:15:00,5700.0,5700.0,5650.0,5650.0,26600
2026-03-04 14:20:00,5700.0,5800.0,5700.0,5800.0,129700
2026-03-04 14:25:00,5800.0,5800.0,5800.0,5800.0,0
2026-03-04 14:30:00,5800.0,5800.0,5800.0,5800.0,1500
2026-03-04 14:35:00,5800.0,5825.0,5800.0,5800.0,47900
2026-03-04 14:40:00,5800.0,5800.0,5750.0,5750.0,12000
2026-03-04 14:45:00,5750.0,5750.0,5750.0,5750.0,16400
2026-03-04 14:50:00,5750.0,5775.0,5750.0,5775.0,7400
2026-03-04 14:55:00,5775.0,5775.0,5750.0,5775.0,3100
2026-03-04 15:00:00,5775.0,5775.0,5750.0,5750.0,8900
2026-03-04 15:05:00,5750.0,5775.0,5750.0,5775.0,1500
2026-03-04 15:10:00,5775.0,5800.0,5775.0,5800.0,11000
2026-03-04 15:15:00,5775.0,5775.0,5750.0,5775.0,16700
2026-03-04 15:20:00,5750.0,5800.0,5750.0,5800.0,12400
2026-03-04 15:25:00,5800.0,5800.0,5750.0,5775.0,1200
2026-03-04 15:30:00,5775.0,5800.0,5750.0,5775.0,24500
2026-03-04 15:35:00,5800.0,5800.0,5775.0,5775.0,9800
2026-03-04 15:40:00,5750.0,5800.0,5725.0,5725.0,14200
2026-03-04 15:45:00,5750.0,5750.0,5700.0,5750.0,23900
2026-03-04 16:00:00,5825.0,5825.0,5825.0,5825.0,59500
2026-03-04 16:05:00,5825.0,5825.0,5825.0,5825.0,100
2026-03-05 09:00:00,5825.0,5850.0,5825.0,5850.0,0
2026-03-05 09:05:00,5850.0,5850.0,5800.0,5800.0,12800
2026-03-05 09:10:00,5775.0,5800.0,5750.0,5750.0,11200
2026-03-05 09:15:00,5750.0,5800.0,5750.0,5800.0,23600
2026-03-05 09:20:00,5800.0,5825.0,5800.0,5800.0,12600
2026-03-05 09:25:00,5800.0,5800.0,5750.0,5750.0,12200
2026-03-05 09:30:00,5750.0,5775.0,5750.0,5775.0,9700
2026-03-05 09:35:00,5775.0,5825.0,5750.0,5800.0,15600
2026-03-05 09:40:00,5750.0,5800.0,5750.0,5800.0,300
2026-03-05 09:45:00,5800.0,5800.0,5800.0,5800.0,1000
2026-03-05 09:50:00,5825.0,5825.0,5750.0,5750.0,7900
2026-03-05 09:55:00,5775.0,5800.0,5775.0,5775.0,1800
2026-03-05 10:00:00,5800.0,5800.0,5800.0,5800.0,3200
2026-03-05 10:05:00,5800.0,5825.0,5800.0,5825.0,9100
2026-03-05 10:10:00,5800.0,5825.0,5800.0,5825.0,2200
2026-03-05 10:20:00,5775.0,5775.0,5775.0,5775.0,400
2026-03-05 10:25:00,5825.0,5825.0,5800.0,5800.0,800
2026-03-05 10:30:00,5825.0,5825.0,5800.0,5800.0,4200
2026-03-05 10:35:00,5800.0,5800.0,5800.0,5800.0,600
2026-03-05 10:40:00,5800.0,5800.0,5800.0,5800.0,200
2026-03-05 10:45:00,5825.0,5825.0,5825.0,5825.0,0
2026-03-05 10:55:00,5800.0,5800.0,5800.0,5800.0,200
2026-03-05 11:05:00,5800.0,5800.0,5800.0,5800.0,2400
2026-03-05 11:10:00,5825.0,5825.0,5800.0,5800.0,1600
2026-03-05 11:15:00,5800.0,5800.0,5800.0,5800.0,1000
2026-03-05 11:20:00,5800.0,5800.0,5800.0,5800.0,0
2026-03-05 11:25:00,5800.0,5825.0,5800.0,5800.0,2800
2026-03-05 11:30:00,5800.0,5800.0,5800.0,5800.0,200
2026-03-05 11:35:00,5800.0,5800.0,5800.0,5800.0,500
2026-03-05 11:45:00,5800.0,5900.0,5800.0,5900.0,41100
2026-03-05 11:50:00,5900.0,5925.0,5900.0,5925.0,27700
2026-03-05 11:55:00,5950.0,5950.0,5900.0,5900.0,6100
2026-03-05 13:30:00,5925.0,5950.0,5900.0,5925.0,9600
2026-03-05 13:40:00,5900.0,5925.0,5875.0,5875.0,16100
2026-03-05 13:45:00,5875.0,5875.0,5875.0,5875.0,1400
2026-03-05 13:50:00,5900.0,5950.0,5900.0,5950.0,12100
2026-03-05 13:55:00,5950.0,5950.0,5950.0,5950.0,6400
2026-03-05 14:10:00,5950.0,5950.0,5950.0,5950.0,500
2026-03-05 14:15:00,5925.0,5925.0,5925.0,5925.0,400
2026-03-05 14:20:00,5950.0,5950.0,5925.0,5925.0,9400
2026-03-05 14:30:00,5900.0,5925.0,5900.0,5900.0,4400
2026-03-05 14:35:00,5900.0,5900.0,5900.0,5900.0,4000
2026-03-05 14:40:00,5900.0,5900.0,5900.0,5900.0,2100
2026-03-05 14:45:00,5900.0,5900.0,5900.0,5900.0,0
2026-03-05 14:50:00,5900.0,5900.0,5875.0,5875.0,7200
2026-03-05 14:55:00,5875.0,5875.0,5875.0,5875.0,11300
2026-03-05 15:05:00,5875.0,5875.0,5875.0,5875.0,500
2026-03-05 15:10:00,5875.0,5925.0,5875.0,5875.0,6700
2026-03-05 15:15:00,5900.0,5900.0,5875.0,5875.0,400
2026-03-05 15:20:00,5875.0,5875.0,5850.0,5875.0,11600
2026-03-05 15:25:00,5875.0,5900.0,5875.0,5900.0,1500
2026-03-05 15:30:00,5900.0,5900.0,5875.0,5900.0,11300
2026-03-05 15:35:00,5900.0,5900.0,5900.0,5900.0,1000
2026-03-05 15:40:00,5900.0,5900.0,5900.0,5900.0,5200
2026-03-05 15:45:00,5875.0,5900.0,5875.0,5875.0,4900
2026-03-05 16:00:00,5850.0,5850.0,5850.0,5850.0,14900
2026-03-05 16:10:00,5850.0,5850.0,5850.0,5850.0,500
2026-03-06 09:00:00,5875.0,5925.0,5875.0,5925.0,0
2026-03-06 09:05:00,5925.0,5950.0,5925.0,5950.0,2200
2026-03-06 09:10:00,5950.0,5950.0,5925.0,5925.0,1900
2026-03-06 09:15:00,5925.0,5925.0,5900.0,5925.0,2900
2026-03-06 09:20:00,5900.0,5900.0,5875.0,5900.0,6600
2026-03-06 09:25:00,5875.0,5875.0,5875.0,5875.0,4200
2026-03-06 09:30:00,5875.0,5875.0,5875.0,5875.0,2000
2026-03-06 09:35:00,5900.0,5900.0,5850.0,5850.0,39600
2026-03-06 09:40:00,5850.0,5875.0,5850.0,5875.0,3900
2026-03-06 09:45:00,5850.0,5875.0,5850.0,5875.0,12700
2026-03-06 09:50:00,5900.0,5900.0,5900.0,5900.0,16600
2026-03-06 09:55:00,5950.0,5950.0,5950.0,5950.0,19900
2026-03-06 10:00:00,5950.0,6000.0,5950.0,5950.0,61800
2026-03-06 10:05:00,6000.0,6025.0,6000.0,6000.0,25400
2026-03-06 10:10:00,6000.0,6025.0,6000.0,6025.0,5300
2026-03-06 10:15:00,6000.0,6050.0,6000.0,6050.0,13800
2026-03-06 10:20:00,6025.0,6075.0,6000.0,6000.0,42700
2026-03-06 10:25:00,6025.0,6025.0,6000.0,6000.0,100
2026-03-06 10:30:00,6000.0,6000.0,5975.0,6000.0,36200
2026-03-06 10:35:00,6025.0,6025.0,5975.0,5975.0,23500
2026-03-06 10:40:00,5975.0,6000.0,5975.0,6000.0,7200
2026-03-06 10:45:00,6000.0,6000.0,6000.0,6000.0,1100
2026-03-06 10:55:00,6025.0,6025.0,6025.0,6025.0,100
2026-03-06 11:00:00,6000.0,6000.0,6000.0,6000.0,9700
2026-03-06 11:05:00,6000.0,6000.0,5975.0,5975.0,1400
2026-03-06 11:15:00,6000.0,6000.0,6000.0,6000.0,2800
2026-03-06 11:20:00,6000.0,6000.0,5975.0,5975.0,5900
2026-03-06 11:25:00,5975.0,5975.0,5900.0,5900.0,35500
2026-03-06 14:00:00,5900.0,5900.0,5850.0,5850.0,23500
2026-03-06 14:05:00,5825.0,5825.0,5825.0,5825.0,24100
2026-03-06 14:10:00,5850.0,5850.0,5825.0,5825.0,6900
2026-03-06 14:15:00,5825.0,5825.0,5825.0,5825.0,3800
2026-03-06 14:20:00,5825.0,5825.0,5800.0,5825.0,8400
2026-03-06 14:25:00,5825.0,5850.0,5800.0,5850.0,25900
2026-03-06 14:30:00,5850.0,5850.0,5850.0,5850.0,4400
2026-03-06 14:35:00,5850.0,5850.0,5825.0,5850.0,2700
2026-03-06 14:40:00,5850.0,5850.0,5825.0,5825.0,51800
2026-03-06 14:45:00,5850.0,5850.0,5800.0,5800.0,67100
2026-03-06 14:50:00,5825.0,5825.0,5825.0,5825.0,0
2026-03-06 14:55:00,5800.0,5800.0,5800.0,5800.0,16500
2026-03-06 15:00:00,5800.0,5800.0,5800.0,5800.0,4700
2026-03-06 15:05:00,5800.0,5800.0,5775.0,5800.0,11400
2026-03-06 15:10:00,5775.0,5800.0,5775.0,5800.0,7700
2026-03-06 15:15:00,5800.0,5800.0,5775.0,5775.0,3000
2026-03-06 15:20:00,5800.0,5800.0,5800.0,5800.0,12500
2026-03-06 15:25:00,5800.0,5800.0,5775.0,5775.0,3100
2026-03-06 15:35:00,5775.0,5800.0,5775.0,5775.0,14400
2026-03-06 15:40:00,5775.0,5800.0,5775.0,5800.0,4000
2026-03-06 15:45:00,5800.0,5800.0,5775.0,5800.0,12600
2026-03-06 16:00:00,5800.0,5800.0,5800.0,5800.0,93500
2026-03-06 16:05:00,5800.0,5800.0,5800.0,5800.0,0
2026-03-06 16:10:00,5800.0,5800.0,5800.0,5800.0,800
2026-03-09 09:00:00,5600.0,5625.0,5575.0,5575.0,0
2026-03-09 09:05:00,5650.0,5650.0,5550.0,5550.0,10400
2026-03-09 09:10:00,5575.0,5575.0,5500.0,5525.0,34600
2026-03-09 09:15:00,5525.0,5575.0,5500.0,5550.0,109700
2026-03-09 09:20:00,5550.0,5575.0,5500.0,5550.0,13700
2026-03-09 09:25:00,5550.0,5550.0,5450.0,5450.0,59800
2026-03-09 09:30:00,5450.0,5475.0,5425.0,5450.0,33600
2026-03-09 09:35:00,5450.0,5525.0,5450.0,5525.0,14600
2026-03-09 09:40:00,5525.0,5600.0,5525.0,5600.0,14000
2026-03-09 09:45:00,5600.0,5600.0,5550.0,5575.0,800
2026-03-09 09:50:00,5575.0,5575.0,5550.0,5575.0,500
2026-03-09 09:55:00,5575.0,5575.0,5550.0,5550.0,27100
2026-03-09 10:00:00,5550.0,5550.0,5525.0,5550.0,2400
2026-03-09 10:05:00,5525.0,5550.0,5500.0,5525.0,10300
2026-03-09 10:10:00,5500.0,5525.0,5500.0,5500.0,7000
2026-03-09 10:15:00,5525.0,5525.0,5500.0,5500.0,3800
2026-03-09 10:20:00,5525.0,5525.0,5500.0,5500.0,1500
2026-03-09 10:25:00,5525.0,5525.0,5500.0,5500.0,1600
2026-03-09 10:30:00,5500.0,5525.0,5500.0,5525.0,4000
2026-03-09 10:35:00,5500.0,5525.0,5500.0,5500.0,6700
2026-03-09 10:40:00,5500.0,5500.0,5500.0,5500.0,400
2026-03-09 10:45:00,5500.0,5525.0,5500.0,5525.0,2000
2026-03-09 10:50:00,5525.0,5525.0,5525.0,5525.0,2000
2026-03-09 10:55:00,5525.0,5525.0,5500.0,5525.0,14700
2026-03-09 11:00:00,5525.0,5550.0,5500.0,5525.0,19100
2026-03-09 11:05:00,5525.0,5550.0,5525.0,5550.0,500
2026-03-09 11:10:00,5550.0,5550.0,5550.0,5550.0,3900
2026-03-09 11:15:00,5550.0,5550.0,5550.0,5550.0,2200
2026-03-09 11:25:00,5550.0,5550.0,5525.0,5525.0,300
2026-03-09 11:35:00,5525.0,5525.0,5525.0,5525.0,1900
2026-03-09 11:40:00,5525.0,5575.0,5525.0,5550.0,11400
2026-03-09 11:45:00,5575.0,5600.0,5575.0,5575.0,2000
2026-03-09 11:50:00,5600.0,5600.0,5575.0,5575.0,2900
2026-03-09 11:55:00,5575.0,5625.0,5575.0,5575.0,15500
2026-03-09 13:30:00,5575.0,5600.0,5575.0,5600.0,1100
2026-03-09 13:35:00,5625.0,5625.0,5625.0,5625.0,2400
2026-03-09 13:40:00,5625.0,5625.0,5625.0,5625.0,200
2026-03-09 13:45:00,5625.0,5675.0,5625.0,5650.0,13900
2026-03-09 13:50:00,5625.0,5625.0,5625.0,5625.0,5100
2026-03-09 13:55:00,5600.0,5600.0,5600.0,5600.0,400
2026-03-09 14:00:00,5625.0,5625.0,5625.0,5625.0,3200
2026-03-09 14:05:00,5600.0,5625.0,5600.0,5600.0,1100
2026-03-09 14:10:00,5600.0,5625.0,5600.0,5625.0,8900
2026-03-09 14:15:00,5600.0,5600.0,5575.0,5575.0,4700
2026-03-09 14:20:00,5550.0,5550.0,5525.0,5525.0,23400
2026-03-09 14:25:00,5550.0,5550.0,5550.0,5550.0,8200
2026-03-09 14:30:00,5575.0,5575.0,5575.0,5575.0,200
2026-03-09 14:35:00,5575.0,5575.0,5575.0,5575.0,200
2026-03-09 14:40:00,5575.0,5575.0,5550.0,5550.0,12700
2026-03-09 14:45:00,5550.0,5550.0,5550.0,5550.0,2200
2026-03-09 14:50:00,5575.0,5625.0,5575.0,5625.0,61400
2026-03-09 15:00:00,5600.0,5600.0,5600.0,5600.0,2600
2026-03-09 15:05:00,5600.0,5600.0,5600.0,5600.0,0
2026-03-09 15:10:00,5600.0,5625.0,5600.0,5600.0,2900
2026-03-09 15:15:00,5600.0,5625.0,5600.0,5600.0,5400
2026-03-09 15:20:00,5600.0,5625.0,5600.0,5625.0,5200
2026-03-09 15:25:00,5625.0,5625.0,5600.0,5600.0,1200
2026-03-09 15:30:00,5625.0,5625.0,5575.0,5575.0,102300
2026-03-09 15:35:00,5575.0,5600.0,5550.0,5550.0,4800
2026-03-09 15:40:00,5575.0,5575.0,5550.0,5575.0,12500
2026-03-09 15:45:00,5575.0,5575.0,5550.0,5550.0,11800
2026-03-09 16:00:00,5550.0,5550.0,5550.0,5550.0,15800
2026-03-09 16:05:00,5550.0,5550.0,5550.0,5550.0,8100
2026-03-10 09:00:00,5575.0,5675.0,5575.0,5650.0,0
2026-03-10 09:05:00,5675.0,5675.0,5600.0,5600.0,31400
2026-03-10 09:10:00,5575.0,5600.0,5550.0,5600.0,5400
2026-03-10 09:15:00,5600.0,5650.0,5600.0,5600.0,18500
2026-03-10 09:20:00,5600.0,5600.0,5575.0,5600.0,3300
2026-03-10 09:25:00,5600.0,5600.0,5600.0,5600.0,8500
2026-03-10 09:30:00,5600.0,5625.0,5575.0,5575.0,600
2026-03-10 09:35:00,5575.0,5600.0,5575.0,5600.0,5100
2026-03-10 09:40:00,5575.0,5575.0,5575.0,5575.0,400
2026-03-10 09:45:00,5575.0,5575.0,5550.0,5550.0,3500
2026-03-10 09:50:00,5600.0,5625.0,5600.0,5625.0,7000
2026-03-10 09:55:00,5625.0,5625.0,5625.0,5625.0,3900
2026-03-10 10:05:00,5625.0,5625.0,5625.0,5625.0,2300
2026-03-10 10:10:00,5625.0,5650.0,5625.0,5650.0,7200
2026-03-10 10:15:00,5650.0,5650.0,5650.0,5650.0,0
2026-03-10 10:20:00,5650.0,5650.0,5650.0,5650.0,300
2026-03-10 10:25:00,5625.0,5625.0,5625.0,5625.0,200
2026-03-10 10:30:00,5625.0,5625.0,5625.0,5625.0,4300
2026-03-10 10:35:00,5625.0,5625.0,5625.0,5625.0,1000
2026-03-10 11:00:00,5600.0,5600.0,5600.0,5600.0,700
2026-03-10 11:10:00,5625.0,5625.0,5625.0,5625.0,100
2026-03-10 11:15:00,5600.0,5600.0,5600.0,5600.0,300
2026-03-10 11:25:00,5600.0,5600.0,5600.0,5600.0,100
2026-03-10 11:35:00,5625.0,5625.0,5625.0,5625.0,600
2026-03-10 11:40:00,5625.0,5625.0,5600.0,5600.0,3900
2026-03-10 11:50:00,5600.0,5625.0,5600.0,5625.0,2300
2026-03-10 11:55:00,5600.0,5600.0,5600.0,5600.0,100
2026-03-10 13:45:00,5600.0,5625.0,5600.0,5625.0,2700
2026-03-10 13:55:00,5600.0,5600.0,5600.0,5600.0,300
2026-03-10 14:05:00,5625.0,5625.0,5625.0,5625.0,6900
2026-03-10 14:15:00,5650.0,5650.0,5625.0,5625.0,3100
2026-03-10 14:20:00,5650.0,5650.0,5650.0,5650.0,9500
2026-03-10 14:25:00,5625.0,5625.0,5625.0,5625.0,12200
2026-03-10 14:30:00,5600.0,5600.0,5550.0,5550.0,198700
2026-03-10 14:35:00,5550.0,5575.0,5525.0,5550.0,83500
2026-03-10 14:40:00,5550.0,5550.0,5550.0,5550.0,33300
2026-03-10 14:45:00,5550.0,5550.0,5550.0,5550.0,14000
2026-03-10 14:55:00,5550.0,5550.0,5550.0,5550.0,4900
2026-03-10 15:00:00,5550.0,5550.0,5550.0,5550.0,0
2026-03-10 15:05:00,5550.0,5550.0,5525.0,5550.0,5400
2026-03-10 15:10:00,5550.0,5550.0,5525.0,5525.0,2100
2026-03-10 15:15:00,5550.0,5550.0,5525.0,5525.0,14400
2026-03-10 15:20:00,5550.0,5550.0,5525.0,5525.0,4600
2026-03-10 15:25:00,5550.0,5550.0,5525.0,5525.0,3600
2026-03-10 15:30:00,5550.0,5550.0,5525.0,5525.0,9400
2026-03-10 15:35:00,5525.0,5550.0,5525.0,5550.0,9600
2026-03-10 15:40:00,5525.0,5525.0,5525.0,5525.0,5700
2026-03-10 15:45:00,5525.0,5550.0,5525.0,5525.0,38500
2026-03-10 16:00:00,5550.0,5550.0,5550.0,5550.0,37900
2026-03-10 16:05:00,5550.0,5550.0,5550.0,5550.0,200
2026-03-10 16:10:00,5550.0,5550.0,5550.0,5550.0,1700
2026-03-11 09:00:00,5600.0,5600.0,5475.0,5500.0,0
2026-03-11 09:05:00,5550.0,5600.0,5550.0,5600.0,8900
2026-03-11 09:10:00,5600.0,5600.0,5600.0,5600.0,2800
2026-03-11 09:15:00,5625.0,5625.0,5600.0,5625.0,4600
2026-03-11 09:20:00,5625.0,5625.0,5625.0,5625.0,500
2026-03-11 09:25:00,5625.0,5625.0,5625.0,5625.0,1400
2026-03-11 09:30:00,5625.0,5650.0,5625.0,5650.0,2000
2026-03-11 09:35:00,5625.0,5650.0,5625.0,5625.0,6800
2026-03-11 09:40:00,5625.0,5625.0,5625.0,5625.0,5500
2026-03-11 09:45:00,5625.0,5625.0,5625.0,5625.0,2000
2026-03-11 09:50:00,5600.0,5600.0,5600.0,5600.0,100
2026-03-11 10:00:00,5600.0,5625.0,5600.0,5625.0,5500
2026-03-11 10:05:00,5625.0,5650.0,5625.0,5650.0,4500
2026-03-11 10:10:00,5650.0,5675.0,5650.0,5650.0,20800
2026-03-11 10:15:00,5650.0,5675.0,5650.0,5650.0,7200
2026-03-11 10:25:00,5650.0,5650.0,5650.0,5650.0,700
2026-03-11 10:30:00,5675.0,5675.0,5675.0,5675.0,400
2026-03-11 10:35:00,5675.0,5675.0,5675.0,5675.0,400
2026-03-11 10:40:00,5675.0,5675.0,5675.0,5675.0,1400
2026-03-11 10:45:00,5675.0,5675.0,5650.0,5675.0,600
2026-03-11 10:50:00,5675.0,5675.0,5650.0,5650.0,800
2026-03-11 10:55:00,5675.0,5675.0,5650.0,5650.0,3000
2026-03-11 11:00:00,5675.0,5675.0,5675.0,5675.0,900
2026-03-11 11:05:00,5675.0,5700.0,5675.0,5700.0,11400
2026-03-11 11:10:00,5700.0,5775.0,5700.0,5750.0,42500
2026-03-11 11:15:00,5750.0,5775.0,5750.0,5775.0,900
2026-03-11 11:20:00,5750.0,5750.0,5725.0,5750.0,13600
2026-03-11 11:25:00,5750.0,5750.0,5750.0,5750.0,3700
2026-03-11 11:30:00,5750.0,5750.0,5750.0,5750.0,2900
2026-03-11 11:35:00,5725.0,5725.0,5725.0,5725.0,500
2026-03-11 11:40:00,5750.0,5750.0,5750.0,5750.0,1500
2026-03-11 11:45:00,5750.0,5775.0,5750.0,5750.0,12000
2026-03-11 11:50:00,5775.0,5775.0,5775.0,5775.0,700
2026-03-11 11:55:00,5750.0,5775.0,5750.0,5775.0,3900
2026-03-11 13:30:00,5775.0,5775.0,5750.0,5775.0,28200
2026-03-11 13:35:00,5775.0,5775.0,5775.0,5775.0,13500
2026-03-11 13:40:00,5775.0,5775.0,5775.0,5775.0,9800
2026-03-11 13:45:00,5775.0,5775.0,5725.0,5750.0,8800
2026-03-11 13:50:00,5750.0,5750.0,5750.0,5750.0,4300
2026-03-11 13:55:00,5750.0,5775.0,5750.0,5775.0,4500
2026-03-11 14:00:00,5800.0,5800.0,5800.0,5800.0,400
2026-03-11 14:05:00,5800.0,5800.0,5800.0,5800.0,700
2026-03-11 14:10:00,5800.0,5800.0,5800.0,5800.0,900
2026-03-11 14:15:00,5800.0,5800.0,5800.0,5800.0,600
2026-03-11 14:20:00,5800.0,5800.0,5800.0,5800.0,2600
2026-03-11 14:25:00,5800.0,5800.0,5800.0,5800.0,100
2026-03-11 14:30:00,5800.0,5800.0,5750.0,5750.0,16300
2026-03-11 14:35:00,5750.0,5750.0,5750.0,5750.0,11700
2026-03-11 14:40:00,5750.0,5750.0,5750.0,5750.0,1700
2026-03-11 14:45:00,5750.0,5775.0,5750.0,5750.0,76000
2026-03-11 14:50:00,5750.0,5750.0,5750.0,5750.0,29900
2026-03-11 14:55:00,5750.0,5750.0,5750.0,5750.0,40100
2026-03-11 15:00:00,5750.0,5750.0,5750.0,5750.0,36900
2026-03-11 15:05:00,5750.0,5775.0,5750.0,5750.0,31700
2026-03-11 15:10:00,5750.0,5750.0,5750.0,5750.0,32300
2026-03-11 15:15:00,5775.0,5775.0,5750.0,5750.0,30200
2026-03-11 15:20:00,5750.0,5750.0,5750.0,5750.0,36200
2026-03-11 15:25:00,5750.0,5775.0,5750.0,5750.0,34900
2026-03-11 15:30:00,5750.0,5750.0,5750.0,5750.0,65700
2026-03-11 15:35:00,5750.0,5750.0,5750.0,5750.0,25400
2026-03-11 15:40:00,5750.0,5775.0,5750.0,5750.0,49900
2026-03-11 15:45:00,5750.0,5775.0,5750.0,5750.0,25000
2026-03-11 16:00:00,5750.0,5750.0,5750.0,5750.0,20500
2026-03-11 16:05:00,5750.0,5750.0,5750.0,5750.0,2000
2026-03-12 09:00:00,5725.0,5750.0,5650.0,5650.0,0
2026-03-12 09:05:00,5650.0,5675.0,5650.0,5650.0,7100
2026-03-12 09:10:00,5650.0,5675.0,5650.0,5650.0,5700
2026-03-12 09:15:00,5650.0,5675.0,5600.0,5600.0,58000
2026-03-12 09:20:00,5575.0,5575.0,5575.0,5575.0,9300
2026-03-12 09:25:00,5575.0,5575.0,5550.0,5550.0,30000
2026-03-12 09:30:00,5550.0,5625.0,5550.0,5550.0,6500
2026-03-12 09:35:00,5550.0,5625.0,5550.0,5550.0,4700
2026-03-12 09:40:00,5600.0,5600.0,5550.0,5550.0,4700
2026-03-12 09:45:00,5550.0,5550.0,5550.0,5550.0,3800
2026-03-12 09:50:00,5550.0,5550.0,5550.0,5550.0,4300
2026-03-12 09:55:00,5550.0,5600.0,5550.0,5550.0,4800
2026-03-12 10:00:00,5550.0,5575.0,5550.0,5550.0,5800
2026-03-12 10:05:00,5575.0,5575.0,5550.0,5575.0,11900
2026-03-12 10:10:00,5550.0,5575.0,5550.0,5575.0,8700
2026-03-12 10:15:00,5575.0,5625.0,5575.0,5625.0,10500
2026-03-12 10:20:00,5600.0,5600.0,5575.0,5600.0,5900
2026-03-12 10:25:00,5575.0,5575.0,5575.0,5575.0,4900
2026-03-12 10:30:00,5575.0,5625.0,5575.0,5625.0,3300
2026-03-12 10:35:00,5600.0,5600.0,5600.0,5600.0,3500
2026-03-12 10:40:00,5600.0,5600.0,5600.0,5600.0,4600
2026-03-12 10:45:00,5600.0,5600.0,5600.0,5600.0,2200
2026-03-12 10:50:00,5600.0,5600.0,5600.0,5600.0,4000
2026-03-12 10:55:00,5625.0,5625.0,5600.0,5600.0,3500
2026-03-12 11:00:00,5600.0,5600.0,5600.0,5600.0,2000
2026-03-12 11:05:00,5600.0,5600.0,5600.0,5600.0,9100
2026-03-12 11:10:00,5600.0,5600.0,5600.0,5600.0,3100
2026-03-12 11:15:00,5600.0,5625.0,5600.0,5600.0,6900
2026-03-12 11:20:00,5625.0,5625.0,5600.0,5625.0,5100
2026-03-12 11:25:00,5625.0,5625.0,5600.0,5600.0,5000
2026-03-12 11:30:00,5600.0,5625.0,5600.0,5600.0,5700
2026-03-12 11:35:00,5600.0,5625.0,5600.0,5600.0,1400
2026-03-12 11:40:00,5600.0,5650.0,5600.0,5650.0,3800
2026-03-12 11:45:00,5600.0,5625.0,5600.0,5625.0,3800
2026-03-12 11:50:00,5625.0,5625.0,5625.0,5625.0,2100
2026-03-12 11:55:00,5650.0,5650.0,5600.0,5600.0,6300
2026-03-12 13:30:00,5625.0,5625.0,5625.0,5625.0,1500
2026-03-12 13:35:00,5650.0,5650.0,5625.0,5625.0,11300
2026-03-12 13:40:00,5625.0,5625.0,5625.0,5625.0,2200
2026-03-12 13:45:00,5650.0,5675.0,5650.0,5650.0,1600
2026-03-12 13:50:00,5625.0,5675.0,5625.0,5625.0,2800
2026-03-12 13:55:00,5625.0,5625.0,5600.0,5600.0,1200
2026-03-12 14:00:00,5625.0,5625.0,5600.0,5625.0,4600
2026-03-12 14:05:00,5600.0,5625.0,5600.0,5600.0,4700
2026-03-12 14:10:00,5625.0,5625.0,5600.0,5600.0,2700
2026-03-12 14:15:00,5600.0,5650.0,5600.0,5600.0,12400
2026-03-12 14:20:00,5600.0,5600.0,5600.0,5600.0,6600
2026-03-12 14:25:00,5600.0,5650.0,5600.0,5600.0,3400
2026-03-12 14:30:00,5600.0,5650.0,5600.0,5600.0,4600
2026-03-12 14:35:00,5600.0,5650.0,5600.0,5600.0,5900
2026-03-12 14:40:00,5600.0,5650.0,5600.0,5600.0,4900
2026-03-12 14:45:00,5600.0,5625.0,5575.0,5575.0,5500
2026-03-12 14:50:00,5625.0,5625.0,5575.0,5575.0,6300
2026-03-12 14:55:00,5575.0,5600.0,5575.0,5575.0,5700
2026-03-12 15:00:00,5575.0,5575.0,5575.0,5575.0,4400
2026-03-12 15:05:00,5575.0,5575.0,5575.0,5575.0,7600
2026-03-12 15:10:00,5575.0,5575.0,5575.0,5575.0,6300
2026-03-12 15:15:00,5575.0,5575.0,5550.0,5550.0,32300
2026-03-12 15:20:00,5550.0,5575.0,5550.0,5575.0,9200
2026-03-12 15:25:00,5550.0,5575.0,5550.0,5550.0,10800
2026-03-12 15:30:00,5550.0,5575.0,5550.0,5550.0,12600
2026-03-12 15:35:00,5550.0,5575.0,5550.0,5550.0,9300
2026-03-12 15:40:00,5550.0,5575.0,5525.0,5525.0,40700
2026-03-12 15:45:00,5525.0,5600.0,5525.0,5525.0,42000
2026-03-12 16:00:00,5550.0,5550.0,5550.0,5550.0,7800
2026-03-12 16:05:00,5550.0,5550.0,5550.0,5550.0,9100
2026-03-12 16:10:00,5550.0,5550.0,5550.0,5550.0,5500
2026-03-13 09:00:00,5500.0,5500.0,5475.0,5475.0,0
2026-03-13 09:05:00,5475.0,5475.0,5450.0,5450.0,11200
2026-03-13 09:10:00,5450.0,5475.0,5425.0,5475.0,14400
2026-03-13 09:15:00,5450.0,5450.0,5425.0,5425.0,16900
2026-03-13 09:20:00,5425.0,5450.0,5400.0,5400.0,25700
2026-03-13 09:25:00,5400.0,5400.0,5400.0,5400.0,11600
2026-03-13 09:30:00,5400.0,5475.0,5400.0,5425.0,25800
2026-03-13 09:35:00,5425.0,5450.0,5425.0,5450.0,8600
2026-03-13 09:40:00,5450.0,5450.0,5425.0,5450.0,12600
2026-03-13 09:45:00,5450.0,5475.0,5450.0,5450.0,10400
2026-03-13 09:50:00,5450.0,5475.0,5450.0,5450.0,14700
2026-03-13 09:55:00,5450.0,5450.0,5425.0,5425.0,22600
2026-03-13 10:00:00,5425.0,5425.0,5425.0,5425.0,7800
2026-03-13 10:05:00,5425.0,5425.0,5425.0,5425.0,9300
2026-03-13 10:10:00,5425.0,5425.0,5425.0,5425.0,9100
2026-03-13 10:15:00,5425.0,5450.0,5425.0,5425.0,10600
2026-03-13 10:20:00,5425.0,5425.0,5400.0,5400.0,7200
2026-03-13 10:25:00,5400.0,5425.0,5400.0,5400.0,12100
2026-03-13 10:30:00,5400.0,5425.0,5400.0,5400.0,6300
2026-03-13 10:35:00,5425.0,5425.0,5400.0,5400.0,6700
2026-03-13 10:40:00,5425.0,5425.0,5400.0,5400.0,7200
2026-03-13 10:45:00,5425.0,5450.0,5400.0,5450.0,18600
2026-03-13 10:50:00,5425.0,5425.0,5425.0,5425.0,4300
2026-03-13 10:55:00,5400.0,5425.0,5400.0,5425.0,26600
2026-03-13 11:00:00,5425.0,5425.0,5400.0,5400.0,6200
2026-03-13 11:05:00,5425.0,5425.0,5400.0,5400.0,10300
2026-03-13 11:10:00,5400.0,5425.0,5400.0,5425.0,17200
2026-03-13 11:15:00,5400.0,5425.0,5400.0,5425.0,17900
2026-03-13 11:20:00,5425.0,5425.0,5400.0,5400.0,15600
2026-03-13 11:25:00,5400.0,5425.0,5400.0,5400.0,20000
2026-03-13 14:00:00,5425.0,5450.0,5400.0,5400.0,30700
2026-03-13 14:05:00,5400.0,5450.0,5400.0,5425.0,27700
2026-03-13 14:10:00,5425.0,5450.0,5425.0,5425.0,12000
2026-03-13 14:15:00,5425.0,5425.0,5425.0,5425.0,9200
2026-03-13 14:20:00,5425.0,5450.0,5425.0,5425.0,11000
2026-03-13 14:25:00,5425.0,5425.0,5425.0,5425.0,8500
2026-03-13 14:30:00,5425.0,5450.0,5400.0,5400.0,11600
2026-03-13 14:35:00,5400.0,5450.0,5400.0,5425.0,9500
2026-03-13 14:40:00,5425.0,5425.0,5400.0,5400.0,8000
2026-03-13 14:45:00,5400.0,5450.0,5400.0,5425.0,21700
2026-03-13 14:50:00,5450.0,5475.0,5450.0,5450.0,13800
2026-03-13 14:55:00,5450.0,5450.0,5425.0,5425.0,10200
2026-03-13 15:00:00,5425.0,5450.0,5425.0,5425.0,13200
2026-03-13 15:05:00,5425.0,5425.0,5425.0,5425.0,11700
2026-03-13 15:10:00,5425.0,5425.0,5425.0,5425.0,16400
2026-03-13 15:15:00,5425.0,5450.0,5425.0,5425.0,14500
2026-03-13 15:20:00,5425.0,5450.0,5425.0,5425.0,16700
2026-03-13 15:25:00,5425.0,5450.0,5425.0,5425.0,37200
2026-03-13 15:30:00,5425.0,5450.0,5425.0,5425.0,16300
2026-03-13 15:35:00,5425.0,5450.0,5400.0,5400.0,18600
2026-03-13 15:40:00,5400.0,5425.0,5400.0,5400.0,25400
2026-03-13 15:45:00,5400.0,5450.0,5400.0,5450.0,34100
2026-03-13 16:00:00,5400.0,5400.0,5400.0,5400.0,54900
2026-03-13 16:05:00,5400.0,5400.0,5400.0,5400.0,300
2026-03-13 16:10:00,5400.0,5400.0,5400.0,5400.0,600
2026-03-16 09:00:00,5400.0,5425.0,5375.0,5400.0,0
2026-03-16 09:05:00,5400.0,5400.0,5300.0,5300.0,46100
2026-03-16 09:10:00,5300.0,5350.0,5275.0,5300.0,19600
2026-03-16 09:15:00,5300.0,5300.0,5250.0,5250.0,28300
2026-03-16 09:20:00,5250.0,5300.0,5250.0,5250.0,17900
2026-03-16 09:25:00,5275.0,5275.0,5250.0,5250.0,3600
2026-03-16 09:30:00,5250.0,5275.0,5200.0,5200.0,79500
2026-03-16 09:35:00,5225.0,5250.0,5200.0,5200.0,35000
2026-03-16 09:40:00,5200.0,5225.0,5200.0,5200.0,6300
2026-03-16 09:45:00,5200.0,5250.0,5200.0,5225.0,27200
2026-03-16 09:50:00,5225.0,5250.0,5225.0,5225.0,10600
2026-03-16 09:55:00,5225.0,5225.0,5200.0,5200.0,23000
2026-03-16 10:00:00,5200.0,5225.0,5200.0,5200.0,5600
2026-03-16 10:05:00,5200.0,5225.0,5200.0,5200.0,5400
2026-03-16 10:10:00,5200.0,5250.0,5200.0,5250.0,45100
2026-03-16 10:15:00,5250.0,5300.0,5250.0,5275.0,28700
2026-03-16 10:20:00,5275.0,5275.0,5275.0,5275.0,3800
2026-03-16 10:25:00,5275.0,5275.0,5275.0,5275.0,1600
2026-03-16 10:30:00,5275.0,5325.0,5275.0,5325.0,18200
2026-03-16 10:35:00,5325.0,5325.0,5325.0,5325.0,13300
2026-03-16 10:40:00,5325.0,5350.0,5325.0,5350.0,13200
2026-03-16 10:45:00,5325.0,5325.0,5325.0,5325.0,0
2026-03-16 10:50:00,5325.0,5375.0,5325.0,5350.0,17300
2026-03-16 10:55:00,5350.0,5375.0,5350.0,5350.0,2700
2026-03-16 11:00:00,5350.0,5375.0,5350.0,5375.0,40700
2026-03-16 11:05:00,5350.0,5350.0,5325.0,5325.0,3700
2026-03-16 11:10:00,5325.0,5350.0,5325.0,5350.0,12000
2026-03-16 11:15:00,5375.0,5400.0,5375.0,5375.0,31200
2026-03-16 11:20:00,5375.0,5400.0,5375.0,5375.0,10100
2026-03-16 11:25:00,5375.0,5425.0,5375.0,5425.0,15600
2026-03-16 11:30:00,5400.0,5400.0,5375.0,5400.0,39000
2026-03-16 11:35:00,5375.0,5375.0,5325.0,5375.0,12200
2026-03-16 11:40:00,5375.0,5400.0,5375.0,5400.0,8900
2026-03-16 11:45:00,5400.0,5400.0,5400.0,5400.0,4500
2026-03-16 11:50:00,5400.0,5400.0,5350.0,5350.0,40700
2026-03-16 11:55:00,5375.0,5400.0,5350.0,5375.0,6600
2026-03-16 13:30:00,5375.0,5450.0,5375.0,5425.0,53700
2026-03-16 13:40:00,5425.0,5425.0,5425.0,5425.0,6100
2026-03-16 13:45:00,5425.0,5425.0,5425.0,5425.0,6000
2026-03-16 13:50:00,5450.0,5450.0,5425.0,5425.0,72200
2026-03-16 13:55:00,5425.0,5425.0,5400.0,5425.0,6000
2026-03-16 14:00:00,5425.0,5425.0,5425.0,5425.0,4600
2026-03-16 14:05:00,5400.0,5425.0,5400.0,5425.0,22300
2026-03-16 14:10:00,5425.0,5425.0,5425.0,5425.0,4100
2026-03-16 14:15:00,5425.0,5425.0,5425.0,5425.0,7600
2026-03-16 14:20:00,5425.0,5425.0,5425.0,5425.0,6200
2026-03-16 14:25:00,5425.0,5425.0,5425.0,5425.0,8200
2026-03-16 14:30:00,5425.0,5425.0,5425.0,5425.0,43300
2026-03-16 14:35:00,5425.0,5425.0,5425.0,5425.0,13300
2026-03-16 14:40:00,5425.0,5450.0,5425.0,5425.0,10300
2026-03-16 14:45:00,5425.0,5425.0,5425.0,5425.0,13900
2026-03-16 14:50:00,5425.0,5425.0,5425.0,5425.0,10700
2026-03-16 14:55:00,5425.0,5425.0,5425.0,5425.0,13800
2026-03-16 15:00:00,5425.0,5425.0,5425.0,5425.0,9200
2026-03-16 15:05:00,5425.0,5450.0,5425.0,5425.0,9400
2026-03-16 15:10:00,5425.0,5425.0,5425.0,5425.0,36000
2026-03-16 15:15:00,5425.0,5425.0,5425.0,5425.0,12800
2026-03-16 15:20:00,5450.0,5450.0,5425.0,5425.0,24900
2026-03-16 15:25:00,5425.0,5425.0,5425.0,5425.0,20400
2026-03-16 15:30:00,5425.0,5450.0,5425.0,5425.0,23500
2026-03-16 15:35:00,5425.0,5425.0,5425.0,5425.0,17000
2026-03-16 15:40:00,5450.0,5450.0,5400.0,5400.0,63200
2026-03-16 15:45:00,5400.0,5450.0,5375.0,5425.0,36200
2026-03-16 16:00:00,5425.0,5425.0,5425.0,5425.0,45100
2026-03-17 09:00:00,5475.0,5500.0,5450.0,5450.0,0
2026-03-17 09:05:00,5450.0,5475.0,5450.0,5475.0,4500
2026-03-17 09:10:00,5450.0,5500.0,5450.0,5475.0,7000
2026-03-17 09:15:00,5475.0,5500.0,5475.0,5500.0,11300
2026-03-17 09:20:00,5475.0,5475.0,5450.0,5450.0,3000
2026-03-17 09:25:00,5450.0,5450.0,5450.0,5450.0,5600
2026-03-17 09:30:00,5450.0,5475.0,5450.0,5450.0,1800
2026-03-17 09:35:00,5450.0,5475.0,5450.0,5450.0,1400
2026-03-17 09:40:00,5450.0,5450.0,5450.0,5450.0,4000
2026-03-17 09:45:00,5450.0,5450.0,5450.0,5450.0,2600
2026-03-17 09:50:00,5450.0,5450.0,5450.0,5450.0,2400
2026-03-17 09:55:00,5450.0,5450.0,5450.0,5450.0,900
2026-03-17 10:00:00,5450.0,5450.0,5450.0,5450.0,2700
2026-03-17 10:05:00,5450.0,5475.0,5450.0,5450.0,6700
2026-03-17 10:10:00,5450.0,5475.0,5425.0,5425.0,3200
2026-03-17 10:15:00,5425.0,5450.0,5425.0,5450.0,1500
2026-03-17 10:20:00,5450.0,5450.0,5450.0,5450.0,1400
2026-03-17 10:25:00,5450.0,5450.0,5450.0,5450.0,2200
2026-03-17 10:30:00,5450.0,5450.0,5450.0,5450.0,8100
2026-03-17 10:35:00,5425.0,5450.0,5425.0,5450.0,13700
2026-03-17 10:40:00,5475.0,5475.0,5450.0,5475.0,3700
2026-03-17 10:45:00,5450.0,5475.0,5450.0,5450.0,1600
2026-03-17 10:50:00,5450.0,5475.0,5450.0,5450.0,1500
2026-03-17 10:55:00,5450.0,5450.0,5450.0,5450.0,1300
2026-03-17 11:00:00,5450.0,5450.0,5450.0,5450.0,1500
2026-03-17 11:05:00,5450.0,5475.0,5450.0,5450.0,1600
2026-03-17 11:10:00,5450.0,5450.0,5450.0,5450.0,1700
2026-03-17 11:15:00,5450.0,5450.0,5425.0,5425.0,7400
2026-03-17 11:20:00,5425.0,5425.0,5425.0,5425.0,2100
2026-03-17 11:25:00,5425.0,5450.0,5425.0,5450.0,3000
2026-03-17 11:30:00,5425.0,5425.0,5425.0,5425.0,2300
2026-03-17 11:35:00,5425.0,5450.0,5425.0,5450.0,2200
2026-03-17 11:40:00,5425.0,5450.0,5425.0,5450.0,1400
2026-03-17 11:45:00,5425.0,5450.0,5425.0,5450.0,3100
2026-03-17 11:50:00,5425.0,5450.0,5425.0,5450.0,5300
2026-03-17 11:55:00,5425.0,5450.0,5400.0,5425.0,22200
2026-03-17 13:30:00,5400.0,5450.0,5400.0,5450.0,700
2026-03-17 13:35:00,5425.0,5425.0,5425.0,5425.0,3500
2026-03-17 13:40:00,5425.0,5425.0,5400.0,5400.0,11100
2026-03-17 13:45:00,5400.0,5425.0,5400.0,5400.0,13700
2026-03-17 13:50:00,5400.0,5400.0,5400.0,5400.0,1100
2026-03-17 13:55:00,5400.0,5450.0,5400.0,5450.0,19800
2026-03-17 14:00:00,5425.0,5475.0,5425.0,5475.0,12500
2026-03-17 14:05:00,5450.0,5475.0,5450.0,5475.0,3100
2026-03-17 14:10:00,5450.0,5475.0,5450.0,5450.0,2400
2026-03-17 14:15:00,5450.0,5450.0,5450.0,5450.0,11700
2026-03-17 14:20:00,5425.0,5425.0,5425.0,5425.0,2000
2026-03-17 14:25:00,5425.0,5425.0,5425.0,5425.0,2000
2026-03-17 14:30:00,5425.0,5425.0,5425.0,5425.0,5900
2026-03-17 14:35:00,5425.0,5425.0,5425.0,5425.0,3700
2026-03-17 14:40:00,5425.0,5475.0,5425.0,5425.0,4700
2026-03-17 14:45:00,5425.0,5425.0,5425.0,5425.0,5400
2026-03-17 14:50:00,5425.0,5425.0,5425.0,5425.0,4100
2026-03-17 14:55:00,5425.0,5425.0,5425.0,5425.0,3500
2026-03-17 15:00:00,5425.0,5450.0,5425.0,5450.0,3000
2026-03-17 15:05:00,5425.0,5450.0,5425.0,5425.0,3200
2026-03-17 15:10:00,5425.0,5425.0,5425.0,5425.0,9000
2026-03-17 15:15:00,5425.0,5425.0,5425.0,5425.0,5500
2026-03-17 15:20:00,5425.0,5425.0,5400.0,5400.0,7600
2026-03-17 15:25:00,5400.0,5425.0,5400.0,5425.0,3900
2026-03-17 15:30:00,5425.0,5425.0,5425.0,5425.0,6200
2026-03-17 15:35:00,5425.0,5450.0,5425.0,5450.0,6400
2026-03-17 15:40:00,5425.0,5425.0,5425.0,5425.0,5200
2026-03-17 15:45:00,5400.0,5475.0,5400.0,5475.0,15700
2026-03-17 16:00:00,5500.0,5500.0,5500.0,5500.0,160600
2026-03-25 09:00:00,5475.0,5475.0,5300.0,5325.0,0
2026-03-25 09:05:00,5325.0,5425.0,5325.0,5400.0,24500
2026-03-25 09:10:00,5400.0,5400.0,5350.0,5350.0,21000
2026-03-25 09:15:00,5375.0,5400.0,5350.0,5400.0,14700
2026-03-25 09:20:00,5400.0,5425.0,5375.0,5400.0,20400
2026-03-25 09:25:00,5400.0,5425.0,5375.0,5375.0,11800
2026-03-25 09:30:00,5400.0,5400.0,5375.0,5375.0,5900
2026-03-25 09:35:00,5375.0,5400.0,5375.0,5375.0,9900
2026-03-25 09:40:00,5375.0,5400.0,5375.0,5375.0,6200
2026-03-25 09:45:00,5375.0,5400.0,5350.0,5400.0,17700
2026-03-25 09:50:00,5400.0,5400.0,5375.0,5375.0,5900
2026-03-25 09:55:00,5375.0,5400.0,5375.0,5375.0,4200
2026-03-25 10:00:00,5375.0,5375.0,5350.0,5350.0,38300
2026-03-25 10:05:00,5350.0,5425.0,5350.0,5425.0,72800
2026-03-25 10:10:00,5425.0,5425.0,5375.0,5375.0,10600
2026-03-25 10:15:00,5375.0,5375.0,5375.0,5375.0,2300
2026-03-25 10:20:00,5400.0,5400.0,5375.0,5375.0,14600
2026-03-25 10:25:00,5375.0,5400.0,5375.0,5375.0,3300
2026-03-25 10:30:00,5375.0,5425.0,5375.0,5375.0,19500
2026-03-25 10:35:00,5375.0,5375.0,5375.0,5375.0,3200
2026-03-25 10:40:00,5375.0,5375.0,5375.0,5375.0,4200
2026-03-25 10:45:00,5375.0,5400.0,5375.0,5375.0,2300
2026-03-25 10:50:00,5375.0,5400.0,5375.0,5375.0,1900
2026-03-25 10:55:00,5375.0,5400.0,5375.0,5375.0,2200
2026-03-25 11:00:00,5375.0,5375.0,5375.0,5375.0,20900
2026-03-25 11:05:00,5375.0,5400.0,5375.0,5375.0,3800
2026-03-25 11:10:00,5375.0,5375.0,5375.0,5375.0,2400
2026-03-25 11:15:00,5375.0,5375.0,5375.0,5375.0,2800
2026-03-25 11:20:00,5400.0,5400.0,5375.0,5375.0,6800
2026-03-25 11:25:00,5375.0,5375.0,5375.0,5375.0,3500
2026-03-25 11:30:00,5375.0,5400.0,5375.0,5375.0,3300
2026-03-25 11:35:00,5375.0,5375.0,5375.0,5375.0,3800
2026-03-25 11:40:00,5375.0,5375.0,5375.0,5375.0,3300
2026-03-25 11:45:00,5375.0,5400.0,5375.0,5375.0,3100
2026-03-25 11:50:00,5375.0,5375.0,5375.0,5375.0,3300
2026-03-25 11:55:00,5375.0,5375.0,5375.0,5375.0,2700
2026-03-25 13:30:00,5400.0,5400.0,5375.0,5400.0,24100
2026-03-25 13:35:00,5400.0,5400.0,5400.0,5400.0,1600
2026-03-25 13:40:00,5400.0,5400.0,5400.0,5400.0,4100
2026-03-25 13:45:00,5400.0,5400.0,5400.0,5400.0,4400
2026-03-25 13:50:00,5400.0,5425.0,5400.0,5425.0,1800
2026-03-25 13:55:00,5400.0,5475.0,5400.0,5475.0,61200
2026-03-25 14:00:00,5475.0,5475.0,5450.0,5450.0,15100
2026-03-25 14:05:00,5425.0,5425.0,5425.0,5425.0,6200
2026-03-25 14:10:00,5425.0,5425.0,5375.0,5375.0,75600
2026-03-25 14:15:00,5400.0,5425.0,5400.0,5400.0,22900
2026-03-25 14:20:00,5400.0,5425.0,5400.0,5425.0,63800
2026-03-25 14:25:00,5425.0,5425.0,5425.0,5425.0,2500
2026-03-25 14:30:00,5425.0,5425.0,5425.0,5425.0,9900
2026-03-25 14:35:00,5425.0,5450.0,5425.0,5425.0,6200
2026-03-25 14:40:00,5425.0,5425.0,5400.0,5400.0,11100
2026-03-25 14:45:00,5400.0,5400.0,5400.0,5400.0,7100
2026-03-25 14:50:00,5400.0,5425.0,5400.0,5400.0,7000
2026-03-25 14:55:00,5400.0,5400.0,5400.0,5400.0,8100
2026-03-25 15:00:00,5400.0,5400.0,5400.0,5400.0,7400
2026-03-25 15:05:00,5400.0,5425.0,5400.0,5425.0,12100
2026-03-25 15:10:00,5400.0,5425.0,5400.0,5400.0,10700
2026-03-25 15:15:00,5400.0,5425.0,5400.0,5400.0,11800
2026-03-25 15:20:00,5400.0,5425.0,5375.0,5400.0,170900
2026-03-25 15:25:00,5400.0,5400.0,5375.0,5375.0,29000
2026-03-25 15:30:00,5400.0,5400.0,5375.0,5375.0,16100
2026-03-25 15:35:00,5400.0,5400.0,5375.0,5400.0,26700
2026-03-25 15:40:00,5375.0,5400.0,5375.0,5375.0,18500
2026-03-25 15:45:00,5375.0,5400.0,5375.0,5375.0,40600
2026-03-25 16:00:00,5375.0,5375.0,5375.0,5375.0,55700
2026-03-26 09:00:00,5400.0,5425.0,5375.0,5400.0,0
2026-03-26 09:05:00,5400.0,5425.0,5300.0,5400.0,52100
2026-03-26 09:10:00,5400.0,5425.0,5375.0,5375.0,12500
2026-03-26 09:15:00,5400.0,5425.0,5400.0,5400.0,9100
2026-03-26 09:20:00,5400.0,5400.0,5375.0,5375.0,4700
2026-03-26 09:25:00,5400.0,5400.0,5375.0,5400.0,6200
2026-03-26 09:30:00,5400.0,5425.0,5400.0,5400.0,2500
2026-03-26 09:35:00,5400.0,5400.0,5375.0,5375.0,7000
2026-03-26 09:40:00,5375.0,5400.0,5300.0,5350.0,46800
2026-03-26 09:45:00,5350.0,5375.0,5350.0,5350.0,3300
2026-03-26 09:50:00,5350.0,5375.0,5350.0,5375.0,3600
2026-03-26 09:55:00,5375.0,5375.0,5350.0,5350.0,7800
2026-03-26 10:00:00,5350.0,5350.0,5350.0,5350.0,2800
2026-03-26 10:05:00,5350.0,5350.0,5350.0,5350.0,2500
2026-03-26 10:10:00,5350.0,5375.0,5350.0,5350.0,4900
2026-03-26 10:15:00,5350.0,5375.0,5350.0,5375.0,14000
2026-03-26 10:20:00,5375.0,5450.0,5350.0,5425.0,58500
2026-03-26 10:25:00,5425.0,5425.0,5400.0,5425.0,13600
2026-03-26 10:30:00,5425.0,5425.0,5425.0,5425.0,3100
2026-03-26 10:35:00,5400.0,5425.0,5375.0,5425.0,11000
2026-03-26 10:40:00,5425.0,5425.0,5400.0,5400.0,23700
2026-03-26 10:45:00,5400.0,5425.0,5400.0,5425.0,4600
2026-03-26 10:50:00,5425.0,5425.0,5400.0,5425.0,3400
2026-03-26 10:55:00,5400.0,5400.0,5400.0,5400.0,2700
2026-03-26 11:00:00,5425.0,5425.0,5400.0,5425.0,3100
2026-03-26 11:05:00,5400.0,5400.0,5400.0,5400.0,6300
2026-03-26 11:10:00,5400.0,5425.0,5400.0,5400.0,9900
2026-03-26 11:15:00,5400.0,5450.0,5375.0,5425.0,28600
2026-03-26 11:20:00,5400.0,5425.0,5375.0,5375.0,20900
2026-03-26 11:25:00,5375.0,5375.0,5350.0,5350.0,8400
2026-03-26 11:30:00,5400.0,5425.0,5400.0,5425.0,18600
2026-03-26 11:35:00,5400.0,5425.0,5400.0,5425.0,18000
2026-03-26 11:40:00,5425.0,5425.0,5400.0,5400.0,1500
2026-03-26 11:45:00,5400.0,5400.0,5400.0,5400.0,2000
2026-03-26 11:50:00,5425.0,5425.0,5400.0,5400.0,2900
2026-03-26 11:55:00,5400.0,5425.0,5400.0,5400.0,3500
2026-03-26 13:30:00,5425.0,5425.0,5400.0,5425.0,16400
2026-03-26 13:35:00,5450.0,5450.0,5400.0,5450.0,17700
2026-03-26 13:40:00,5425.0,5425.0,5400.0,5400.0,12200
2026-03-26 13:45:00,5400.0,5450.0,5400.0,5400.0,29300
2026-03-26 13:50:00,5400.0,5400.0,5350.0,5350.0,64800
2026-03-26 13:55:00,5350.0,5375.0,5350.0,5350.0,42400
2026-03-26 14:00:00,5350.0,5350.0,5350.0,5350.0,23900
2026-03-26 14:05:00,5350.0,5400.0,5325.0,5375.0,53800
2026-03-26 14:10:00,5375.0,5375.0,5375.0,5375.0,2600
2026-03-26 14:15:00,5375.0,5400.0,5350.0,5375.0,25800
2026-03-26 14:20:00,5375.0,5375.0,5350.0,5350.0,26700
2026-03-26 14:25:00,5350.0,5375.0,5350.0,5350.0,12600
2026-03-26 14:30:00,5350.0,5400.0,5350.0,5375.0,51600
2026-03-26 14:35:00,5375.0,5400.0,5350.0,5400.0,42700
2026-03-26 14:40:00,5400.0,5400.0,5375.0,5375.0,4700
2026-03-26 14:45:00,5375.0,5400.0,5375.0,5400.0,45400
2026-03-26 14:50:00,5375.0,5400.0,5375.0,5375.0,4100
2026-03-26 14:55:00,5400.0,5400.0,5375.0,5375.0,42700
2026-03-26 15:00:00,5375.0,5400.0,5375.0,5375.0,10600
2026-03-26 15:05:00,5375.0,5400.0,5375.0,5375.0,33400
2026-03-26 15:10:00,5375.0,5400.0,5375.0,5400.0,10300
2026-03-26 15:15:00,5375.0,5425.0,5375.0,5375.0,74600
2026-03-26 15:20:00,5375.0,5400.0,5350.0,5375.0,60700
2026-03-26 15:25:00,5375.0,5400.0,5350.0,5350.0,34200
2026-03-26 15:30:00,5350.0,5425.0,5350.0,5375.0,60300
2026-03-26 15:35:00,5375.0,5375.0,5350.0,5350.0,34000
2026-03-26 15:40:00,5375.0,5400.0,5350.0,5375.0,69400
2026-03-26 15:45:00,5350.0,5375.0,5350.0,5375.0,37500
2026-03-26 16:00:00,5375.0,5375.0,5375.0,5375.0,89500
2026-03-26 16:05:00,5375.0,5375.0,5375.0,5375.0,400
2026-03-27 09:00:00,5375.0,5375.0,5275.0,5300.0,0
2026-03-27 09:05:00,5300.0,5325.0,5300.0,5300.0,8900
2026-03-27 09:10:00,5275.0,5300.0,5275.0,5275.0,13200
2026-03-27 09:15:00,5275.0,5300.0,5275.0,5275.0,6700
2026-03-27 09:20:00,5300.0,5300.0,5275.0,5275.0,12700
2026-03-27 09:25:00,5300.0,5300.0,5275.0,5275.0,9900
2026-03-27 09:30:00,5275.0,5325.0,5275.0,5275.0,8600
2026-03-27 09:35:00,5300.0,5300.0,5250.0,5250.0,32900
2026-03-27 09:40:00,5250.0,5300.0,5250.0,5275.0,12700
2026-03-27 09:45:00,5275.0,5300.0,5250.0,5300.0,18100
2026-03-27 09:50:00,5250.0,5300.0,5250.0,5250.0,15000
2026-03-27 09:55:00,5275.0,5300.0,5275.0,5300.0,7200
2026-03-27 10:00:00,5300.0,5300.0,5275.0,5275.0,7700
2026-03-27 10:05:00,5275.0,5275.0,5275.0,5275.0,5800
2026-03-27 10:10:00,5275.0,5275.0,5275.0,5275.0,1700
2026-03-27 10:15:00,5275.0,5300.0,5275.0,5300.0,12100
2026-03-27 10:20:00,5300.0,5300.0,5300.0,5300.0,3700
2026-03-27 10:25:00,5300.0,5325.0,5275.0,5275.0,14700
2026-03-27 10:30:00,5300.0,5300.0,5275.0,5275.0,3500
2026-03-27 10:35:00,5275.0,5275.0,5275.0,5275.0,2400
2026-03-27 10:40:00,5300.0,5300.0,5300.0,5300.0,9000
2026-03-27 10:45:00,5300.0,5300.0,5300.0,5300.0,2400
2026-03-27 10:50:00,5300.0,5300.0,5275.0,5275.0,6300
2026-03-27 10:55:00,5275.0,5275.0,5275.0,5275.0,2300
2026-03-27 11:00:00,5275.0,5275.0,5275.0,5275.0,4300
2026-03-27 11:05:00,5275.0,5300.0,5275.0,5275.0,2500
2026-03-27 11:10:00,5275.0,5275.0,5275.0,5275.0,3200
2026-03-27 11:15:00,5275.0,5275.0,5275.0,5275.0,2300
2026-03-27 11:20:00,5275.0,5275.0,5275.0,5275.0,6000
2026-03-27 11:25:00,5275.0,5275.0,5275.0,5275.0,1000
2026-03-27 14:00:00,5275.0,5300.0,5275.0,5300.0,26100
2026-03-27 14:05:00,5275.0,5300.0,5275.0,5275.0,5300
2026-03-27 14:10:00,5275.0,5300.0,5275.0,5300.0,5300
2026-03-27 14:15:00,5275.0,5275.0,5275.0,5275.0,4500
2026-03-27 14:20:00,5275.0,5275.0,5275.0,5275.0,4800
2026-03-27 14:25:00,5275.0,5300.0,5250.0,5275.0,22500
2026-03-27 14:30:00,5275.0,5300.0,5250.0,5250.0,22500
2026-03-27 14:35:00,5250.0,5275.0,5250.0,5275.0,26600
2026-03-27 14:40:00,5250.0,5275.0,5225.0,5275.0,14800
2026-03-27 14:45:00,5250.0,5275.0,5250.0,5275.0,4300
2026-03-27 14:50:00,5250.0,5275.0,5250.0,5250.0,6500
2026-03-27 14:55:00,5250.0,5275.0,5250.0,5275.0,5300
2026-03-27 15:00:00,5275.0,5300.0,5250.0,5250.0,18600
2026-03-27 15:05:00,5275.0,5275.0,5250.0,5275.0,6500
2026-03-27 15:10:00,5250.0,5275.0,5250.0,5250.0,6200
2026-03-27 15:15:00,5250.0,5250.0,5250.0,5250.0,6300
2026-03-27 15:20:00,5250.0,5250.0,5250.0,5250.0,4500
2026-03-27 15:25:00,5250.0,5275.0,5250.0,5250.0,4800
2026-03-27 15:30:00,5250.0,5275.0,5250.0,5275.0,9800
2026-03-27 15:35:00,5250.0,5275.0,5250.0,5275.0,10600
2026-03-27 15:40:00,5250.0,5275.0,5250.0,5275.0,7400
2026-03-27 15:45:00,5250.0,5300.0,5250.0,5250.0,16700
2026-03-27 16:00:00,5250.0,5250.0,5250.0,5250.0,30600
2026-03-27 16:05:00,5250.0,5250.0,5250.0,5250.0,300
2026-03-30 09:00:00,5200.0,5250.0,5150.0,5175.0,0
2026-03-30 09:05:00,5150.0,5200.0,5150.0,5150.0,15400
2026-03-30 09:10:00,5150.0,5175.0,5150.0,5150.0,10100
2026-03-30 09:15:00,5150.0,5175.0,5150.0,5150.0,5900
2026-03-30 09:20:00,5150.0,5175.0,5150.0,5150.0,9700
2026-03-30 09:25:00,5175.0,5175.0,5150.0,5175.0,3800
2026-03-30 09:30:00,5150.0,5175.0,5150.0,5150.0,3100
2026-03-30 09:35:00,5150.0,5150.0,5125.0,5150.0,11100
2026-03-30 09:40:00,5125.0,5150.0,5125.0,5125.0,3300
2026-03-30 09:45:00,5125.0,5150.0,5125.0,5125.0,2700
2026-03-30 09:50:00,5125.0,5150.0,5125.0,5125.0,2900
2026-03-30 09:55:00,5150.0,5150.0,5125.0,5150.0,34300
2026-03-30 10:00:00,5125.0,5150.0,5125.0,5125.0,0
2026-03-30 10:05:00,5125.0,5150.0,5125.0,5125.0,22900
2026-03-30 10:10:00,5125.0,5150.0,5125.0,5125.0,4400
2026-03-30 10:15:00,5125.0,5150.0,5125.0,5150.0,10000
2026-03-30 10:20:00,5150.0,5150.0,5125.0,5125.0,3100
2026-03-30 10:25:00,5150.0,5150.0,5125.0,5125.0,8800
2026-03-30 10:30:00,5125.0,5150.0,5125.0,5125.0,2400
2026-03-30 10:35:00,5125.0,5150.0,5125.0,5150.0,16900
2026-03-30 10:40:00,5125.0,5125.0,5100.0,5125.0,104300
2026-03-30 10:45:00,5125.0,5125.0,5125.0,5125.0,0
2026-03-30 10:50:00,5150.0,5150.0,5125.0,5125.0,2100
2026-03-30 10:55:00,5125.0,5125.0,5125.0,5125.0,1800
2026-03-30 11:00:00,5125.0,5150.0,5125.0,5125.0,4800
2026-03-30 11:05:00,5125.0,5150.0,5125.0,5125.0,14500
2026-03-30 11:10:00,5125.0,5150.0,5125.0,5125.0,2300
2026-03-30 11:15:00,5125.0,5125.0,5125.0,5125.0,13400
2026-03-30 11:20:00,5125.0,5150.0,5125.0,5125.0,5100
2026-03-30 11:25:00,5125.0,5150.0,5125.0,5125.0,5600
2026-03-30 11:30:00,5125.0,5150.0,5125.0,5125.0,4400
2026-03-30 11:35:00,5125.0,5150.0,5125.0,5125.0,5100
2026-03-30 11:40:00,5125.0,5150.0,5125.0,5150.0,48100
2026-03-30 11:45:00,5150.0,5175.0,5150.0,5150.0,19900
2026-03-30 11:50:00,5150.0,5150.0,5150.0,5150.0,7400
2026-03-30 11:55:00,5150.0,5175.0,5150.0,5150.0,7400
2026-03-30 13:30:00,5175.0,5200.0,5175.0,5200.0,32300
2026-03-30 13:35:00,5175.0,5175.0,5150.0,5175.0,5600
2026-03-30 13:40:00,5150.0,5175.0,5150.0,5150.0,2700
2026-03-30 13:45:00,5150.0,5200.0,5150.0,5200.0,52000
2026-03-30 13:50:00,5200.0,5200.0,5175.0,5175.0,1500
2026-03-30 13:55:00,5175.0,5200.0,5175.0,5175.0,11800
2026-03-30 14:00:00,5150.0,5150.0,5150.0,5150.0,2700
2026-03-30 14:05:00,5150.0,5200.0,5150.0,5150.0,31300
2026-03-30 14:10:00,5150.0,5150.0,5150.0,5150.0,2400
2026-03-30 14:15:00,5150.0,5150.0,5150.0,5150.0,3000
2026-03-30 14:20:00,5150.0,5175.0,5150.0,5175.0,8000
2026-03-30 14:25:00,5175.0,5175.0,5150.0,5175.0,38500
2026-03-30 14:30:00,5175.0,5175.0,5150.0,5150.0,12000
2026-03-30 14:35:00,5150.0,5150.0,5150.0,5150.0,10600
2026-03-30 14:40:00,5150.0,5175.0,5150.0,5150.0,10200
2026-03-30 14:45:00,5150.0,5175.0,5150.0,5150.0,11800
2026-03-30 14:50:00,5150.0,5175.0,5150.0,5150.0,12200
2026-03-30 14:55:00,5150.0,5150.0,5150.0,5150.0,9600
2026-03-30 15:00:00,5150.0,5150.0,5150.0,5150.0,12600
2026-03-30 15:05:00,5150.0,5175.0,5150.0,5150.0,8700
2026-03-30 15:10:00,5150.0,5175.0,5150.0,5150.0,12800
2026-03-30 15:15:00,5150.0,5175.0,5150.0,5150.0,16800
2026-03-30 15:20:00,5150.0,5150.0,5125.0,5150.0,13800
2026-03-30 15:25:00,5150.0,5150.0,5125.0,5125.0,18500
2026-03-30 15:30:00,5125.0,5150.0,5125.0,5125.0,38200
2026-03-30 15:35:00,5150.0,5150.0,5125.0,5125.0,38400
2026-03-30 15:40:00,5125.0,5150.0,5125.0,5150.0,28300
2026-03-30 15:45:00,5125.0,5175.0,5125.0,5175.0,140900
2026-03-30 16:00:00,5175.0,5175.0,5175.0,5175.0,129100
2026-03-30 16:05:00,5175.0,5175.0,5175.0,5175.0,11800
2026-03-30 16:10:00,5175.0,5175.0,5175.0,5175.0,17000
2026-03-31 09:00:00,5150.0,5150.0,5125.0,5125.0,0
2026-03-31 09:05:00,5125.0,5150.0,5125.0,5150.0,40200
2026-03-31 09:10:00,5150.0,5150.0,5125.0,5125.0,27600
2026-03-31 09:15:00,5125.0,5125.0,5125.0,5125.0,6400
2026-03-31 09:20:00,5125.0,5125.0,5125.0,5125.0,5400
2026-03-31 09:25:00,5125.0,5125.0,5125.0,5125.0,5000
2026-03-31 09:30:00,5125.0,5125.0,5125.0,5125.0,2400
2026-03-31 09:35:00,5125.0,5125.0,5125.0,5125.0,4100
2026-03-31 09:40:00,5150.0,5150.0,5100.0,5100.0,65600
2026-03-31 09:45:00,5125.0,5125.0,5100.0,5100.0,3500
2026-03-31 09:50:00,5100.0,5100.0,5100.0,5100.0,22200
2026-03-31 09:55:00,5100.0,5125.0,5100.0,5100.0,4100
2026-03-31 10:00:00,5100.0,5100.0,5075.0,5075.0,29600
2026-03-31 10:05:00,5100.0,5100.0,5075.0,5100.0,7500
2026-03-31 10:10:00,5100.0,5125.0,5100.0,5100.0,14200
2026-03-31 10:15:00,5100.0,5125.0,5100.0,5100.0,61200
2026-03-31 10:20:00,5100.0,5100.0,5100.0,5100.0,3200
2026-03-31 10:25:00,5100.0,5100.0,5075.0,5075.0,69400
2026-03-31 10:30:00,5075.0,5100.0,5075.0,5075.0,2500
2026-03-31 10:35:00,5075.0,5100.0,5050.0,5100.0,85400
2026-03-31 10:40:00,5050.0,5075.0,5050.0,5075.0,3100
2026-03-31 10:45:00,5050.0,5075.0,5050.0,5050.0,4400
2026-03-31 10:50:00,5050.0,5075.0,5050.0,5050.0,30800
2026-03-31 10:55:00,5075.0,5075.0,5050.0,5050.0,3200
2026-03-31 11:00:00,5050.0,5075.0,5050.0,5050.0,38800
2026-03-31 11:05:00,5050.0,5075.0,5050.0,5050.0,13100
2026-03-31 11:10:00,5050.0,5075.0,5050.0,5050.0,38400
2026-03-31 11:15:00,5050.0,5075.0,5050.0,5050.0,600
2026-03-31 11:20:00,5050.0,5075.0,5050.0,5050.0,8200
2026-03-31 11:25:00,5050.0,5075.0,5025.0,5025.0,65500
2026-03-31 11:30:00,5025.0,5050.0,5025.0,5025.0,27200
2026-03-31 11:35:00,5050.0,5050.0,5025.0,5050.0,4900
2026-03-31 11:40:00,5025.0,5025.0,5025.0,5025.0,72900
2026-03-31 11:45:00,5025.0,5050.0,5025.0,5050.0,3300
2026-03-31 11:50:00,5025.0,5050.0,5025.0,5025.0,14700
2026-03-31 11:55:00,5025.0,5050.0,5025.0,5025.0,25700
2026-03-31 13:30:00,5025.0,5050.0,5000.0,5000.0,228700
2026-03-31 13:35:00,5000.0,5025.0,5000.0,5000.0,47300
2026-03-31 13:40:00,5000.0,5025.0,5000.0,5000.0,15800
2026-03-31 13:45:00,5000.0,5025.0,5000.0,5000.0,4600
2026-03-31 13:50:00,5000.0,5025.0,5000.0,5025.0,50100
2026-03-31 13:55:00,5000.0,5025.0,5000.0,5000.0,28300
2026-03-31 14:00:00,5000.0,5025.0,5000.0,5025.0,16700
2026-03-31 14:05:00,5000.0,5025.0,5000.0,5025.0,72600
2026-03-31 14:10:00,5050.0,5050.0,5050.0,5050.0,39100
2026-03-31 14:15:00,5050.0,5075.0,5025.0,5050.0,50900
2026-03-31 14:20:00,5050.0,5050.0,5050.0,5050.0,4300
2026-03-31 14:25:00,5050.0,5075.0,5050.0,5050.0,18800
2026-03-31 14:30:00,5050.0,5050.0,5050.0,5050.0,18600
2026-03-31 14:35:00,5050.0,5075.0,5050.0,5050.0,76200
2026-03-31 14:40:00,5025.0,5050.0,5025.0,5050.0,14700
2026-03-31 14:45:00,5050.0,5075.0,5050.0,5050.0,14500
2026-03-31 14:50:00,5050.0,5075.0,5050.0,5050.0,16900
2026-03-31 14:55:00,5050.0,5100.0,5050.0,5075.0,117200
2026-03-31 15:00:00,5075.0,5100.0,5050.0,5050.0,127400
2026-03-31 15:05:00,5050.0,5075.0,5050.0,5050.0,10300
2026-03-31 15:10:00,5050.0,5050.0,5050.0,5050.0,4400
2026-03-31 15:15:00,5050.0,5075.0,5050.0,5050.0,16400
2026-03-31 15:20:00,5050.0,5050.0,5050.0,5050.0,19800
2026-03-31 15:25:00,5050.0,5050.0,5050.0,5050.0,16100
2026-03-31 15:30:00,5050.0,5075.0,5050.0,5050.0,19900
2026-03-31 15:35:00,5050.0,5050.0,5050.0,5050.0,18500
2026-03-31 15:40:00,5050.0,5075.0,5050.0,5050.0,24400
2026-03-31 15:45:00,5075.0,5075.0,5025.0,5025.0,110300
2026-03-31 16:00:00,5050.0,5050.0,5050.0,5050.0,119300
2026-04-01 09:00:00,5250.0,5325.0,5225.0,5225.0,0
2026-04-01 09:05:00,5225.0,5275.0,5225.0,5250.0,31800
2026-04-01 09:10:00,5250.0,5275.0,5250.0,5275.0,47600
2026-04-01 09:15:00,5275.0,5325.0,5275.0,5325.0,78200
2026-04-01 09:20:00,5325.0,5325.0,5300.0,5325.0,10100
2026-04-01 09:25:00,5300.0,5300.0,5275.0,5275.0,35300
2026-04-01 09:30:00,5275.0,5300.0,5275.0,5300.0,16800
2026-04-01 09:35:00,5300.0,5325.0,5275.0,5275.0,9700
2026-04-01 09:40:00,5275.0,5300.0,5275.0,5275.0,7400
2026-04-01 09:45:00,5275.0,5275.0,5250.0,5250.0,30600
2026-04-01 09:50:00,5250.0,5325.0,5250.0,5275.0,66800
2026-04-01 09:55:00,5300.0,5300.0,5300.0,5300.0,18100
2026-04-01 10:00:00,5300.0,5325.0,5300.0,5325.0,16200
2026-04-01 10:05:00,5300.0,5425.0,5300.0,5400.0,147400
2026-04-01 10:10:00,5400.0,5425.0,5400.0,5400.0,17600
2026-04-01 10:15:00,5425.0,5425.0,5400.0,5400.0,19600
2026-04-01 10:20:00,5400.0,5425.0,5400.0,5400.0,19300
2026-04-01 10:25:00,5400.0,5425.0,5375.0,5400.0,33400
2026-04-01 10:30:00,5400.0,5425.0,5400.0,5400.0,23200
2026-04-01 10:35:00,5425.0,5425.0,5400.0,5400.0,36600
2026-04-01 10:40:00,5400.0,5425.0,5400.0,5400.0,5700
2026-04-01 10:45:00,5400.0,5425.0,5400.0,5400.0,7300
2026-04-01 10:50:00,5400.0,5425.0,5400.0,5400.0,2300
2026-04-01 10:55:00,5425.0,5425.0,5400.0,5400.0,62500
2026-04-01 11:00:00,5400.0,5425.0,5400.0,5400.0,11500
2026-04-01 11:05:00,5400.0,5425.0,5400.0,5400.0,5200
2026-04-01 11:10:00,5400.0,5425.0,5400.0,5400.0,5400
2026-04-01 11:15:00,5400.0,5425.0,5400.0,5400.0,5300
2026-04-01 11:20:00,5400.0,5425.0,5400.0,5425.0,5400
2026-04-01 11:25:00,5400.0,5425.0,5400.0,5400.0,6600
2026-04-01 11:30:00,5425.0,5425.0,5400.0,5425.0,53300
2026-04-01 11:35:00,5425.0,5425.0,5400.0,5425.0,4900
2026-04-01 11:40:00,5400.0,5425.0,5400.0,5400.0,3800
2026-04-01 11:45:00,5400.0,5425.0,5400.0,5425.0,12800
2026-04-01 11:50:00,5400.0,5425.0,5400.0,5400.0,4800
2026-04-01 11:55:00,5425.0,5425.0,5400.0,5425.0,6300
2026-04-01 13:30:00,5400.0,5425.0,5400.0,5425.0,54700
2026-04-01 13:35:00,5400.0,5425.0,5400.0,5400.0,3100
2026-04-01 13:40:00,5425.0,5425.0,5400.0,5400.0,9400
2026-04-01 13:45:00,5400.0,5425.0,5400.0,5400.0,5500
2026-04-01 13:50:00,5400.0,5425.0,5400.0,5400.0,21500
2026-04-01 13:55:00,5400.0,5425.0,5400.0,5400.0,5100
2026-04-01 14:00:00,5400.0,5425.0,5400.0,5400.0,5900
2026-04-01 14:05:00,5400.0,5425.0,5400.0,5400.0,28500
2026-04-01 14:10:00,5400.0,5425.0,5400.0,5400.0,3600
2026-04-01 14:15:00,5400.0,5425.0,5400.0,5425.0,5900
2026-04-01 14:20:00,5400.0,5425.0,5400.0,5425.0,31500
2026-04-01 14:25:00,5400.0,5425.0,5400.0,5400.0,26200
2026-04-01 14:30:00,5400.0,5425.0,5400.0,5400.0,28700
2026-04-01 14:35:00,5425.0,5425.0,5400.0,5400.0,6000
2026-04-01 14:40:00,5400.0,5425.0,5400.0,5400.0,18600
2026-04-01 14:45:00,5400.0,5425.0,5400.0,5400.0,7400
2026-04-01 14:50:00,5400.0,5425.0,5400.0,5400.0,7900
2026-04-01 14:55:00,5400.0,5425.0,5400.0,5400.0,11600
2026-04-01 15:00:00,5425.0,5425.0,5400.0,5400.0,8000
2026-04-01 15:05:00,5400.0,5425.0,5400.0,5400.0,5900
2026-04-01 15:10:00,5400.0,5425.0,5400.0,5425.0,34500
2026-04-01 15:15:00,5400.0,5425.0,5400.0,5400.0,69000
2026-04-01 15:20:00,5400.0,5425.0,5400.0,5400.0,31400
2026-04-01 15:25:00,5400.0,5425.0,5400.0,5400.0,12200
2026-04-01 15:30:00,5400.0,5425.0,5400.0,5400.0,139900
2026-04-01 15:35:00,5400.0,5400.0,5375.0,5375.0,19500
2026-04-01 15:40:00,5375.0,5400.0,5350.0,5350.0,21400
2026-04-01 15:45:00,5350.0,5350.0,5325.0,5325.0,19600
2026-04-01 16:00:00,5325.0,5325.0,5325.0,5325.0,58100
2026-04-01 16:05:00,5325.0,5325.0,5325.0,5325.0,0
2026-04-01 16:10:00,5325.0,5325.0,5325.0,5325.0,100
2026-04-02 09:00:00,5300.0,5300.0,5200.0,5200.0,0
2026-04-02 09:05:00,5200.0,5250.0,5200.0,5225.0,23400
2026-04-02 09:10:00,5250.0,5250.0,5200.0,5200.0,17900
2026-04-02 09:15:00,5200.0,5250.0,5200.0,5200.0,4800
2026-04-02 09:20:00,5200.0,5225.0,5175.0,5175.0,35700
2026-04-02 09:25:00,5175.0,5225.0,5175.0,5175.0,9100
2026-04-02 09:30:00,5200.0,5225.0,5175.0,5175.0,6100
2026-04-02 09:35:00,5175.0,5200.0,5175.0,5175.0,33600
2026-04-02 09:40:00,5175.0,5175.0,5150.0,5175.0,24700
2026-04-02 09:45:00,5150.0,5200.0,5150.0,5175.0,15000
2026-04-02 09:50:00,5175.0,5175.0,5175.0,5175.0,2400
2026-04-02 09:55:00,5175.0,5200.0,5175.0,5175.0,13700
2026-04-02 10:00:00,5175.0,5175.0,5175.0,5175.0,2700
2026-04-02 10:05:00,5175.0,5175.0,5175.0,5175.0,2000
2026-04-02 10:10:00,5200.0,5200.0,5175.0,5175.0,4100
2026-04-02 10:15:00,5200.0,5200.0,5175.0,5175.0,2600
2026-04-02 10:20:00,5175.0,5200.0,5175.0,5175.0,7000
2026-04-02 10:25:00,5175.0,5200.0,5175.0,5175.0,4000
2026-04-02 10:30:00,5200.0,5200.0,5175.0,5200.0,3200
2026-04-02 10:35:00,5175.0,5200.0,5175.0,5175.0,4500
2026-04-02 10:40:00,5175.0,5200.0,5175.0,5175.0,3900
2026-04-02 10:45:00,5175.0,5200.0,5175.0,5175.0,13500
2026-04-02 10:50:00,5175.0,5200.0,5150.0,5150.0,42200
2026-04-02 10:55:00,5150.0,5175.0,5150.0,5150.0,4000
2026-04-02 11:00:00,5150.0,5175.0,5150.0,5150.0,4400
2026-04-02 11:05:00,5150.0,5175.0,5150.0,5150.0,4900
2026-04-02 11:10:00,5150.0,5150.0,5150.0,5150.0,3400
2026-04-02 11:15:00,5150.0,5150.0,5125.0,5125.0,146700
2026-04-02 11:20:00,5125.0,5150.0,5125.0,5125.0,5100
2026-04-02 11:25:00,5125.0,5150.0,5125.0,5125.0,6700
2026-04-02 11:30:00,5150.0,5150.0,5125.0,5125.0,5300
2026-04-02 11:35:00,5125.0,5150.0,5125.0,5125.0,3700
2026-04-02 11:40:00,5125.0,5150.0,5125.0,5150.0,4300
2026-04-02 11:45:00,5125.0,5150.0,5125.0,5150.0,5800
2026-04-02 11:50:00,5125.0,5150.0,5125.0,5125.0,3500
2026-04-02 11:55:00,5125.0,5150.0,5125.0,5125.0,3400
2026-04-02 13:30:00,5150.0,5150.0,5125.0,5150.0,36300
2026-04-02 13:35:00,5125.0,5150.0,5125.0,5125.0,3000
2026-04-02 13:40:00,5150.0,5150.0,5125.0,5125.0,5800
2026-04-02 13:45:00,5125.0,5150.0,5125.0,5150.0,5000
2026-04-02 13:50:00,5125.0,5150.0,5125.0,5125.0,5200
2026-04-02 13:55:00,5125.0,5175.0,5125.0,5150.0,28200
2026-04-02 14:00:00,5150.0,5150.0,5150.0,5150.0,14500
2026-04-02 14:05:00,5150.0,5150.0,5125.0,5125.0,29500
2026-04-02 14:10:00,5125.0,5150.0,5125.0,5125.0,5400
2026-04-02 14:15:00,5125.0,5125.0,5125.0,5125.0,5400
2026-04-02 14:20:00,5125.0,5175.0,5125.0,5150.0,51400
2026-04-02 14:25:00,5150.0,5175.0,5150.0,5175.0,4600
2026-04-02 14:30:00,5150.0,5150.0,5125.0,5125.0,17700
2026-04-02 14:35:00,5125.0,5125.0,5125.0,5125.0,4200
2026-04-02 14:40:00,5125.0,5150.0,5125.0,5125.0,11100
2026-04-02 14:45:00,5125.0,5150.0,5125.0,5150.0,28800
2026-04-02 14:50:00,5125.0,5150.0,5125.0,5125.0,4000
2026-04-02 14:55:00,5125.0,5150.0,5125.0,5125.0,10300
2026-04-02 15:00:00,5150.0,5150.0,5125.0,5125.0,9000
2026-04-02 15:05:00,5125.0,5150.0,5125.0,5125.0,3800
2026-04-02 15:10:00,5125.0,5150.0,5125.0,5125.0,9500
2026-04-02 15:15:00,5150.0,5150.0,5125.0,5125.0,24000
2026-04-02 15:20:00,5150.0,5150.0,5125.0,5125.0,11800
2026-04-02 15:25:00,5125.0,5150.0,5125.0,5125.0,35400
2026-04-02 15:30:00,5125.0,5150.0,5125.0,5150.0,17700
2026-04-02 15:35:00,5125.0,5150.0,5125.0,5125.0,18400
2026-04-02 15:40:00,5125.0,5150.0,5125.0,5125.0,9200
2026-04-02 15:45:00,5125.0,5150.0,5125.0,5125.0,16900
2026-04-02 16:00:00,5125.0,5125.0,5125.0,5125.0,38700
2026-04-06 09:00:00,5100.0,5100.0,5025.0,5050.0,0
2026-04-06 09:05:00,5050.0,5075.0,5050.0,5075.0,38500
2026-04-06 09:10:00,5075.0,5075.0,5050.0,5050.0,13700
2026-04-06 09:15:00,5050.0,5075.0,5050.0,5050.0,3200
2026-04-06 09:20:00,5075.0,5075.0,5050.0,5050.0,30300
2026-04-06 09:25:00,5050.0,5075.0,5050.0,5050.0,4500
2026-04-06 09:30:00,5050.0,5050.0,5050.0,5050.0,4400
2026-04-06 09:35:00,5050.0,5050.0,5050.0,5050.0,2900
2026-04-06 09:40:00,5050.0,5075.0,5050.0,5075.0,14600
2026-04-06 09:45:00,5075.0,5075.0,5075.0,5075.0,1200
2026-04-06 09:50:00,5075.0,5075.0,5050.0,5050.0,2700
2026-04-06 09:55:00,5075.0,5075.0,5050.0,5050.0,6600
2026-04-06 10:00:00,5050.0,5050.0,5050.0,5050.0,2700
2026-04-06 10:05:00,5050.0,5050.0,5050.0,5050.0,2800
2026-04-06 10:10:00,5050.0,5100.0,5050.0,5100.0,2600
2026-04-06 10:15:00,5050.0,5050.0,5050.0,5050.0,2600
2026-04-06 10:20:00,5050.0,5100.0,5050.0,5050.0,4600
2026-04-06 10:25:00,5050.0,5075.0,5050.0,5075.0,11000
2026-04-06 10:30:00,5075.0,5125.0,5075.0,5125.0,13700
2026-04-06 10:35:00,5100.0,5100.0,5075.0,5075.0,2800
2026-04-06 10:40:00,5075.0,5100.0,5075.0,5075.0,2600
2026-04-06 10:45:00,5075.0,5100.0,5075.0,5075.0,2700
2026-04-06 10:50:00,5075.0,5100.0,5075.0,5075.0,4400
2026-04-06 10:55:00,5075.0,5075.0,5075.0,5075.0,2000
2026-04-06 11:00:00,5125.0,5125.0,5075.0,5075.0,3700
2026-04-06 11:05:00,5125.0,5125.0,5075.0,5075.0,1900
2026-04-06 11:10:00,5075.0,5075.0,5075.0,5075.0,1600
2026-04-06 11:15:00,5075.0,5100.0,5075.0,5100.0,2600
2026-04-06 11:20:00,5075.0,5125.0,5075.0,5100.0,9100
2026-04-06 11:25:00,5100.0,5100.0,5075.0,5075.0,10500
2026-04-06 11:30:00,5075.0,5075.0,5075.0,5075.0,2800
2026-04-06 11:35:00,5075.0,5100.0,5075.0,5100.0,3300
2026-04-06 11:40:00,5100.0,5125.0,5075.0,5100.0,3200
2026-04-06 11:45:00,5100.0,5125.0,5075.0,5075.0,3500
2026-04-06 11:50:00,5075.0,5125.0,5075.0,5075.0,4300
2026-04-06 11:55:00,5075.0,5125.0,5075.0,5075.0,3000
2026-04-06 13:30:00,5075.0,5125.0,5075.0,5125.0,3500
2026-04-06 13:35:00,5075.0,5125.0,5075.0,5100.0,3900
2026-04-06 13:40:00,5100.0,5125.0,5075.0,5125.0,48400
2026-04-06 13:45:00,5100.0,5150.0,5075.0,5150.0,28500
2026-04-06 13:50:00,5100.0,5100.0,5100.0,5100.0,2600
2026-04-06 13:55:00,5100.0,5125.0,5100.0,5100.0,12600
2026-04-06 14:00:00,5100.0,5100.0,5100.0,5100.0,8800
2026-04-06 14:05:00,5100.0,5100.0,5100.0,5100.0,4200
2026-04-06 14:10:00,5100.0,5100.0,5075.0,5075.0,4200
2026-04-06 14:15:00,5075.0,5125.0,5075.0,5075.0,16800
2026-04-06 14:20:00,5075.0,5100.0,5075.0,5100.0,4000
2026-04-06 14:25:00,5075.0,5100.0,5075.0,5075.0,3600
2026-04-06 14:30:00,5075.0,5125.0,5075.0,5100.0,11200
2026-04-06 14:35:00,5100.0,5100.0,5075.0,5075.0,7400
2026-04-06 14:40:00,5075.0,5100.0,5075.0,5075.0,4800
2026-04-06 14:45:00,5100.0,5125.0,5075.0,5075.0,8700
2026-04-06 14:50:00,5100.0,5100.0,5075.0,5100.0,4400
2026-04-06 14:55:00,5100.0,5100.0,5075.0,5075.0,10500
2026-04-06 15:00:00,5075.0,5100.0,5075.0,5100.0,12200
2026-04-06 15:05:00,5075.0,5075.0,5075.0,5075.0,3900
2026-04-06 15:10:00,5125.0,5125.0,5075.0,5075.0,6900
2026-04-06 15:15:00,5075.0,5125.0,5075.0,5075.0,8200
2026-04-06 15:20:00,5075.0,5100.0,5075.0,5075.0,6200
2026-04-06 15:25:00,5075.0,5125.0,5075.0,5100.0,35000
2026-04-06 15:30:00,5100.0,5125.0,5100.0,5100.0,7000
2026-04-06 15:35:00,5100.0,5125.0,5100.0,5100.0,28300
2026-04-06 15:40:00,5100.0,5125.0,5100.0,5125.0,8400
2026-04-06 15:45:00,5100.0,5125.0,5100.0,5125.0,12700
2026-04-06 16:00:00,5125.0,5125.0,5125.0,5125.0,49500
2026-04-06 16:10:00,5125.0,5125.0,5125.0,5125.0,2000
2026-04-07 09:00:00,5100.0,5100.0,5050.0,5075.0,0
2026-04-07 09:05:00,5100.0,5100.0,5050.0,5050.0,25700
2026-04-07 09:10:00,5050.0,5075.0,5050.0,5050.0,9100
2026-04-07 09:15:00,5050.0,5050.0,5025.0,5050.0,13500
2026-04-07 09:20:00,5025.0,5050.0,5025.0,5050.0,6700
2026-04-07 09:25:00,5050.0,5050.0,5025.0,5025.0,6100
2026-04-07 09:30:00,5025.0,5050.0,5025.0,5025.0,3400
2026-04-07 09:35:00,5025.0,5050.0,5025.0,5025.0,12400
2026-04-07 09:40:00,5025.0,5050.0,5025.0,5050.0,128300
2026-04-07 09:45:00,5050.0,5050.0,5025.0,5025.0,0
2026-04-07 09:50:00,5025.0,5050.0,5025.0,5025.0,2400
2026-04-07 09:55:00,5025.0,5050.0,5025.0,5025.0,3800
2026-04-07 10:00:00,5025.0,5025.0,5025.0,5025.0,2100
2026-04-07 10:05:00,5025.0,5050.0,5025.0,5025.0,6100
2026-04-07 10:10:00,5025.0,5025.0,5025.0,5025.0,21400
2026-04-07 10:15:00,5025.0,5050.0,5000.0,5050.0,13700
2026-04-07 10:20:00,5025.0,5025.0,5000.0,5025.0,13400
2026-04-07 10:25:00,5025.0,5025.0,5000.0,5025.0,6200
2026-04-07 10:30:00,5025.0,5025.0,5025.0,5025.0,2000
2026-04-07 10:35:00,5025.0,5050.0,5000.0,5025.0,16200
2026-04-07 10:40:00,5025.0,5025.0,5000.0,5000.0,3100
2026-04-07 10:45:00,5025.0,5025.0,5000.0,5000.0,8300
2026-04-07 10:50:00,5000.0,5050.0,5000.0,5025.0,15000
2026-04-07 10:55:00,5025.0,5025.0,5025.0,5025.0,1900
2026-04-07 11:00:00,5025.0,5050.0,5025.0,5025.0,2200
2026-04-07 11:05:00,5050.0,5050.0,5025.0,5025.0,21800
2026-04-07 11:10:00,5025.0,5050.0,5025.0,5025.0,2800
2026-04-07 11:15:00,5025.0,5025.0,5025.0,5025.0,2300
2026-04-07 11:20:00,5025.0,5025.0,5000.0,5000.0,3600
2026-04-07 11:25:00,5025.0,5025.0,5000.0,5025.0,2200
2026-04-07 11:30:00,5000.0,5000.0,5000.0,5000.0,2800
2026-04-07 11:35:00,5000.0,5025.0,5000.0,5025.0,15400
2026-04-07 11:40:00,5025.0,5050.0,5025.0,5050.0,1000
2026-04-07 11:45:00,5025.0,5025.0,5025.0,5025.0,2400
2026-04-07 11:50:00,5025.0,5050.0,5025.0,5025.0,8900
2026-04-07 11:55:00,5025.0,5050.0,5025.0,5025.0,2500
2026-04-07 13:30:00,5025.0,5050.0,5025.0,5025.0,12700
2026-04-07 13:35:00,5025.0,5050.0,5025.0,5025.0,3500
2026-04-07 13:40:00,5025.0,5050.0,5025.0,5050.0,4700
2026-04-07 13:45:00,5025.0,5050.0,5025.0,5025.0,2500
2026-04-07 13:50:00,5025.0,5050.0,5025.0,5025.0,2800
2026-04-07 13:55:00,5025.0,5050.0,5025.0,5025.0,33300
2026-04-07 14:00:00,5025.0,5075.0,5025.0,5050.0,45100
2026-04-07 14:05:00,5050.0,5075.0,5025.0,5025.0,29000
2026-04-07 14:10:00,5025.0,5050.0,5025.0,5025.0,17900
2026-04-07 14:15:00,5025.0,5050.0,5025.0,5025.0,3800
2026-04-07 14:20:00,5025.0,5075.0,5025.0,5050.0,27100
2026-04-07 14:25:00,5050.0,5050.0,5025.0,5050.0,23700
2026-04-07 14:30:00,5050.0,5075.0,5025.0,5025.0,12100
2026-04-07 14:35:00,5025.0,5025.0,5025.0,5025.0,2800
2026-04-07 14:40:00,5025.0,5025.0,5025.0,5025.0,3500
2026-04-07 14:45:00,5025.0,5025.0,5025.0,5025.0,3500
2026-04-07 14:50:00,5025.0,5075.0,5025.0,5025.0,11000
2026-04-07 14:55:00,5025.0,5075.0,5025.0,5025.0,4500
2026-04-07 15:00:00,5025.0,5025.0,5025.0,5025.0,3000
2026-04-07 15:05:00,5025.0,5050.0,5025.0,5025.0,7500
2026-04-07 15:10:00,5025.0,5050.0,5025.0,5025.0,4800
2026-04-07 15:15:00,5025.0,5025.0,5025.0,5025.0,4700
2026-04-07 15:20:00,5025.0,5050.0,5025.0,5025.0,5200
2026-04-07 15:25:00,5025.0,5050.0,5025.0,5050.0,7000
2026-04-07 15:30:00,5025.0,5050.0,5025.0,5050.0,6800
2026-04-07 15:35:00,5025.0,5025.0,5025.0,5025.0,9700
2026-04-07 15:40:00,5025.0,5025.0,5025.0,5025.0,7700
2026-04-07 15:45:00,5025.0,5050.0,5025.0,5025.0,31000
2026-04-07 16:00:00,5025.0,5025.0,5025.0,5025.0,35500
2026-04-07 16:05:00,5025.0,5025.0,5025.0,5025.0,0
2026-04-08 09:00:00,5125.0,5150.0,5100.0,5125.0,0
2026-04-08 09:05:00,5125.0,5150.0,5125.0,5125.0,11800
2026-04-08 09:10:00,5125.0,5150.0,5125.0,5125.0,7800
2026-04-08 09:15:00,5125.0,5150.0,5125.0,5125.0,5100
2026-04-08 09:20:00,5125.0,5150.0,5100.0,5100.0,33300
2026-04-08 09:25:00,5100.0,5175.0,5100.0,5150.0,30800
2026-04-08 09:30:00,5175.0,5175.0,5125.0,5175.0,12600
2026-04-08 09:35:00,5150.0,5150.0,5125.0,5125.0,10500
2026-04-08 09:40:00,5125.0,5150.0,5125.0,5150.0,6100
2026-04-08 09:45:00,5150.0,5150.0,5125.0,5125.0,12900
2026-04-08 09:50:00,5175.0,5175.0,5125.0,5125.0,10000
2026-04-08 09:55:00,5150.0,5200.0,5150.0,5150.0,40300
2026-04-08 10:00:00,5150.0,5200.0,5150.0,5175.0,7400
2026-04-08 10:05:00,5175.0,5200.0,5175.0,5175.0,17100
2026-04-08 10:10:00,5175.0,5175.0,5175.0,5175.0,5000
2026-04-08 10:15:00,5175.0,5175.0,5175.0,5175.0,3000
2026-04-08 10:20:00,5175.0,5200.0,5175.0,5175.0,12600
2026-04-08 10:25:00,5200.0,5200.0,5175.0,5175.0,3200
2026-04-08 10:30:00,5175.0,5200.0,5175.0,5175.0,8100
2026-04-08 10:35:00,5175.0,5200.0,5175.0,5175.0,2500
2026-04-08 10:40:00,5175.0,5200.0,5175.0,5175.0,3100
2026-04-08 10:45:00,5175.0,5250.0,5175.0,5225.0,69900
2026-04-08 10:50:00,5225.0,5225.0,5200.0,5200.0,4300
2026-04-08 10:55:00,5200.0,5225.0,5200.0,5200.0,2000
2026-04-08 11:00:00,5225.0,5225.0,5200.0,5225.0,16300
2026-04-08 11:05:00,5200.0,5225.0,5200.0,5200.0,8700
2026-04-08 11:10:00,5200.0,5200.0,5200.0,5200.0,6800
2026-04-08 11:15:00,5200.0,5225.0,5175.0,5175.0,15300
2026-04-08 11:20:00,5175.0,5200.0,5175.0,5200.0,50200
2026-04-08 11:25:00,5200.0,5200.0,5200.0,5200.0,8600
2026-04-08 11:30:00,5200.0,5200.0,5200.0,5200.0,1900
2026-04-08 11:35:00,5200.0,5200.0,5200.0,5200.0,4900
2026-04-08 11:40:00,5200.0,5200.0,5175.0,5200.0,4900
2026-04-08 11:45:00,5225.0,5225.0,5200.0,5200.0,1700
2026-04-08 11:50:00,5200.0,5200.0,5200.0,5200.0,3400
2026-04-08 11:55:00,5200.0,5200.0,5175.0,5175.0,2000
2026-04-08 13:30:00,5200.0,5200.0,5200.0,5200.0,200
2026-04-08 13:35:00,5175.0,5200.0,5175.0,5175.0,3300
2026-04-08 13:40:00,5175.0,5200.0,5175.0,5200.0,6400
2026-04-08 13:45:00,5200.0,5200.0,5175.0,5200.0,58100
2026-04-08 13:50:00,5200.0,5225.0,5200.0,5225.0,36600
2026-04-08 13:55:00,5200.0,5200.0,5200.0,5200.0,3100
2026-04-08 14:00:00,5200.0,5200.0,5200.0,5200.0,4500
2026-04-08 14:05:00,5200.0,5225.0,5200.0,5200.0,9900
2026-04-08 14:10:00,5200.0,5225.0,5200.0,5200.0,78500
2026-04-08 14:15:00,5200.0,5225.0,5200.0,5200.0,27700
2026-04-08 14:20:00,5200.0,5225.0,5200.0,5200.0,6500
2026-04-08 14:25:00,5200.0,5275.0,5200.0,5275.0,173100
2026-04-08 14:30:00,5250.0,5250.0,5200.0,5200.0,14800
2026-04-08 14:35:00,5200.0,5225.0,5200.0,5200.0,4300
2026-04-08 14:40:00,5200.0,5225.0,5200.0,5200.0,3400
2026-04-08 14:45:00,5200.0,5225.0,5200.0,5225.0,73400
2026-04-08 14:50:00,5225.0,5225.0,5225.0,5225.0,23600
2026-04-08 14:55:00,5225.0,5225.0,5200.0,5225.0,14900
2026-04-08 15:00:00,5225.0,5225.0,5200.0,5200.0,5100
2026-04-08 15:05:00,5200.0,5200.0,5200.0,5200.0,2800
2026-04-08 15:10:00,5200.0,5225.0,5200.0,5225.0,42400
2026-04-08 15:15:00,5225.0,5225.0,5200.0,5200.0,17000
2026-04-08 15:20:00,5200.0,5225.0,5200.0,5225.0,4100
2026-04-08 15:25:00,5200.0,5225.0,5200.0,5200.0,5800
2026-04-08 15:30:00,5200.0,5225.0,5200.0,5200.0,5600
2026-04-08 15:35:00,5200.0,5225.0,5200.0,5225.0,16700
2026-04-08 15:40:00,5200.0,5225.0,5200.0,5200.0,10000
2026-04-08 15:45:00,5225.0,5225.0,5175.0,5225.0,65700
2026-04-08 16:00:00,5200.0,5200.0,5200.0,5200.0,47100
2026-04-08 16:10:00,5200.0,5200.0,5200.0,5200.0,2000
2026-04-09 09:00:00,5225.0,5225.0,5200.0,5225.0,0
2026-04-09 09:05:00,5225.0,5225.0,5200.0,5225.0,83500
2026-04-09 09:10:00,5200.0,5275.0,5200.0,5225.0,45600
2026-04-09 09:15:00,5200.0,5250.0,5200.0,5200.0,22400
2026-04-09 09:20:00,5200.0,5225.0,5200.0,5200.0,3900
2026-04-09 09:25:00,5200.0,5200.0,5175.0,5175.0,36000
2026-04-09 09:30:00,5175.0,5200.0,5175.0,5175.0,22700
2026-04-09 09:35:00,5175.0,5175.0,5175.0,5175.0,5600
2026-04-09 09:40:00,5200.0,5200.0,5175.0,5175.0,28300
2026-04-09 09:45:00,5175.0,5200.0,5175.0,5175.0,16800
2026-04-09 09:50:00,5175.0,5200.0,5175.0,5175.0,5800
2026-04-09 09:55:00,5175.0,5200.0,5175.0,5200.0,24200
2026-04-09 10:00:00,5200.0,5250.0,5200.0,5250.0,10100
2026-04-09 10:05:00,5225.0,5250.0,5225.0,5225.0,3200
2026-04-09 10:10:00,5225.0,5250.0,5225.0,5250.0,9800
2026-04-09 10:15:00,5250.0,5250.0,5225.0,5225.0,7000
2026-04-09 10:20:00,5225.0,5250.0,5225.0,5225.0,7700
2026-04-09 10:25:00,5225.0,5250.0,5225.0,5225.0,2900
2026-04-09 10:30:00,5225.0,5250.0,5225.0,5225.0,4900
2026-04-09 10:35:00,5225.0,5250.0,5225.0,5250.0,19900
2026-04-09 10:40:00,5275.0,5275.0,5250.0,5250.0,6200
2026-04-09 10:45:00,5275.0,5275.0,5225.0,5225.0,17300
2026-04-09 10:50:00,5225.0,5225.0,5225.0,5225.0,19300
2026-04-09 10:55:00,5200.0,5225.0,5200.0,5200.0,8700
2026-04-09 11:00:00,5200.0,5250.0,5200.0,5250.0,35100
2026-04-09 11:05:00,5250.0,5275.0,5250.0,5250.0,3300
2026-04-09 11:10:00,5250.0,5250.0,5250.0,5250.0,5900
2026-04-09 11:15:00,5250.0,5250.0,5225.0,5225.0,4700
2026-04-09 11:20:00,5225.0,5250.0,5225.0,5250.0,16800
2026-04-09 11:25:00,5250.0,5250.0,5250.0,5250.0,0
2026-04-09 11:30:00,5250.0,5275.0,5250.0,5250.0,2300
2026-04-09 11:35:00,5250.0,5250.0,5250.0,5250.0,5800
2026-04-09 11:40:00,5250.0,5275.0,5250.0,5275.0,22500
2026-04-09 11:45:00,5250.0,5275.0,5250.0,5250.0,19200
2026-04-09 11:50:00,5250.0,5275.0,5250.0,5250.0,7000
2026-04-09 11:55:00,5250.0,5250.0,5225.0,5225.0,2800
2026-04-09 13:30:00,5275.0,5275.0,5225.0,5275.0,11600
2026-04-09 13:35:00,5250.0,5250.0,5250.0,5250.0,2300
2026-04-09 13:40:00,5250.0,5300.0,5250.0,5275.0,29400
2026-04-09 13:45:00,5275.0,5275.0,5275.0,5275.0,7500
2026-04-09 13:50:00,5275.0,5275.0,5250.0,5250.0,2300
2026-04-09 13:55:00,5250.0,5275.0,5250.0,5250.0,2300
2026-04-09 14:00:00,5250.0,5275.0,5250.0,5250.0,3700
2026-04-09 14:05:00,5250.0,5275.0,5250.0,5275.0,20600
2026-04-09 14:10:00,5275.0,5300.0,5275.0,5300.0,25800
2026-04-09 14:15:00,5275.0,5325.0,5275.0,5300.0,51800
2026-04-09 14:20:00,5300.0,5300.0,5300.0,5300.0,5400
2026-04-09 14:25:00,5300.0,5325.0,5300.0,5300.0,8800
2026-04-09 14:30:00,5300.0,5325.0,5300.0,5325.0,10100
2026-04-09 14:35:00,5325.0,5350.0,5325.0,5325.0,39900
2026-04-09 14:40:00,5350.0,5350.0,5300.0,5300.0,43200
2026-04-09 14:45:00,5300.0,5325.0,5300.0,5325.0,4200
2026-04-09 14:50:00,5300.0,5300.0,5300.0,5300.0,5400
2026-04-09 14:55:00,5300.0,5325.0,5300.0,5325.0,20900
2026-04-09 15:00:00,5325.0,5350.0,5325.0,5325.0,400
2026-04-09 15:05:00,5325.0,5350.0,5325.0,5325.0,9400
2026-04-09 15:10:00,5325.0,5325.0,5325.0,5325.0,15900
2026-04-09 15:15:00,5325.0,5325.0,5300.0,5300.0,41600
2026-04-09 15:20:00,5300.0,5300.0,5300.0,5300.0,6600
2026-04-09 15:25:00,5300.0,5300.0,5275.0,5275.0,36500
2026-04-09 15:30:00,5275.0,5300.0,5275.0,5300.0,22000
2026-04-09 15:35:00,5300.0,5300.0,5275.0,5275.0,18300
2026-04-09 15:40:00,5275.0,5300.0,5275.0,5300.0,19400
2026-04-09 15:45:00,5300.0,5325.0,5300.0,5300.0,14300
2026-04-09 16:00:00,5350.0,5350.0,5350.0,5350.0,83400
2026-04-09 16:05:00,5350.0,5350.0,5350.0,5350.0,0
2026-04-09 16:10:00,5350.0,5350.0,5350.0,5350.0,8200
2026-04-10 09:00:00,5350.0,5375.0,5325.0,5325.0,0
2026-04-10 09:05:00,5325.0,5325.0,5325.0,5325.0,400
2026-04-10 09:10:00,5325.0,5375.0,5325.0,5375.0,5100
2026-04-10 09:15:00,5375.0,5375.0,5375.0,5375.0,3400
2026-04-10 09:20:00,5375.0,5400.0,5375.0,5400.0,6600
2026-04-10 09:25:00,5400.0,5400.0,5350.0,5350.0,36900
2026-04-10 09:30:00,5350.0,5350.0,5350.0,5350.0,2700
2026-04-10 09:35:00,5350.0,5350.0,5300.0,5325.0,223100
2026-04-10 09:40:00,5325.0,5325.0,5300.0,5325.0,500
2026-04-10 09:45:00,5325.0,5325.0,5275.0,5275.0,24600
2026-04-10 09:50:00,5300.0,5300.0,5300.0,5300.0,13400
2026-04-10 09:55:00,5300.0,5300.0,5300.0,5300.0,5100
2026-04-10 10:00:00,5300.0,5300.0,5300.0,5300.0,18400
2026-04-10 10:05:00,5300.0,5325.0,5275.0,5325.0,10600
2026-04-10 10:10:00,5300.0,5300.0,5300.0,5300.0,0
2026-04-10 10:15:00,5300.0,5300.0,5275.0,5275.0,500
2026-04-10 10:20:00,5300.0,5300.0,5300.0,5300.0,5600
2026-04-10 10:25:00,5275.0,5300.0,5275.0,5300.0,6600
2026-04-10 10:30:00,5325.0,5325.0,5325.0,5325.0,600
2026-04-10 10:35:00,5325.0,5325.0,5325.0,5325.0,400
2026-04-10 10:45:00,5300.0,5300.0,5300.0,5300.0,400
2026-04-10 10:50:00,5300.0,5300.0,5300.0,5300.0,1000
2026-04-10 10:55:00,5300.0,5300.0,5300.0,5300.0,4100
2026-04-10 11:00:00,5275.0,5325.0,5275.0,5325.0,3700
2026-04-10 11:05:00,5325.0,5325.0,5300.0,5300.0,400
2026-04-10 11:10:00,5300.0,5300.0,5300.0,5300.0,400
2026-04-10 11:15:00,5325.0,5325.0,5300.0,5325.0,4900
2026-04-10 11:20:00,5325.0,5325.0,5300.0,5300.0,600
2026-04-10 11:25:00,5300.0,5325.0,5300.0,5325.0,900
2026-04-10 14:00:00,5325.0,5350.0,5300.0,5300.0,235600
2026-04-10 14:05:00,5325.0,5325.0,5325.0,5325.0,2200
2026-04-10 14:10:00,5325.0,5325.0,5325.0,5325.0,1300
2026-04-10 14:15:00,5325.0,5350.0,5325.0,5350.0,900
2026-04-10 14:20:00,5350.0,5350.0,5350.0,5350.0,4900
2026-04-10 14:25:00,5325.0,5350.0,5325.0,5325.0,1400
2026-04-10 14:30:00,5350.0,5350.0,5325.0,5325.0,1300
2026-04-10 14:35:00,5350.0,5350.0,5325.0,5325.0,600
2026-04-10 14:40:00,5325.0,5350.0,5325.0,5325.0,5100
2026-04-10 14:45:00,5350.0,5350.0,5300.0,5300.0,38400
2026-04-10 14:50:00,5300.0,5350.0,5300.0,5350.0,0
2026-04-10 14:55:00,5325.0,5325.0,5300.0,5300.0,1000
2026-04-10 15:05:00,5300.0,5300.0,5300.0,5300.0,6200
2026-04-10 15:10:00,5325.0,5325.0,5300.0,5300.0,2600
2026-04-10 15:15:00,5325.0,5325.0,5300.0,5300.0,800
2026-04-10 15:20:00,5325.0,5325.0,5300.0,5300.0,2000
2026-04-10 15:25:00,5325.0,5325.0,5300.0,5300.0,49500
2026-04-10 15:30:00,5325.0,5325.0,5300.0,5300.0,10300
2026-04-10 15:35:00,5325.0,5325.0,5300.0,5325.0,1200
2026-04-10 15:40:00,5325.0,5325.0,5300.0,5300.0,2700
2026-04-10 15:45:00,5325.0,5350.0,5300.0,5300.0,40500
2026-04-10 16:00:00,5300.0,5300.0,5300.0,5300.0,141300
2026-04-10 16:05:00,5300.0,5300.0,5300.0,5300.0,0
2026-04-10 16:10:00,5300.0,5300.0,5300.0,5300.0,1500
2026-04-13 09:00:00,5250.0,5275.0,5250.0,5250.0,0
2026-04-13 09:05:00,5250.0,5275.0,5250.0,5275.0,25800
2026-04-13 09:10:00,5275.0,5275.0,5250.0,5275.0,3700
2026-04-13 09:15:00,5275.0,5300.0,5275.0,5300.0,9100
2026-04-13 09:20:00,5300.0,5325.0,5300.0,5325.0,40400
2026-04-13 09:25:00,5350.0,5425.0,5350.0,5425.0,157000
2026-04-13 09:30:00,5400.0,5450.0,5400.0,5425.0,43800
2026-04-13 09:35:00,5425.0,5450.0,5425.0,5450.0,18700
2026-04-13 09:40:00,5450.0,5500.0,5400.0,5425.0,124100
2026-04-13 09:45:00,5400.0,5450.0,5400.0,5450.0,1200
2026-04-13 09:50:00,5425.0,5425.0,5425.0,5425.0,7700
2026-04-13 09:55:00,5400.0,5400.0,5400.0,5400.0,13700
2026-04-13 10:00:00,5400.0,5425.0,5400.0,5400.0,12800
2026-04-13 10:05:00,5400.0,5400.0,5350.0,5350.0,20000
2026-04-13 10:10:00,5350.0,5425.0,5350.0,5400.0,9000
2026-04-13 10:20:00,5400.0,5400.0,5375.0,5375.0,3600
2026-04-13 10:25:00,5350.0,5375.0,5350.0,5375.0,2500
2026-04-13 10:30:00,5350.0,5375.0,5350.0,5350.0,73100
2026-04-13 10:35:00,5375.0,5375.0,5350.0,5350.0,3800
2026-04-13 10:40:00,5325.0,5350.0,5300.0,5350.0,95400
2026-04-13 10:45:00,5350.0,5350.0,5300.0,5325.0,66400
2026-04-13 10:50:00,5325.0,5325.0,5325.0,5325.0,0
2026-04-13 10:55:00,5325.0,5325.0,5300.0,5300.0,9000
2026-04-13 11:00:00,5300.0,5300.0,5300.0,5300.0,0
2026-04-13 11:05:00,5300.0,5300.0,5300.0,5300.0,400
2026-04-13 11:10:00,5300.0,5325.0,5300.0,5325.0,900
2026-04-13 11:15:00,5325.0,5350.0,5325.0,5350.0,23300
2026-04-13 11:20:00,5350.0,5350.0,5325.0,5325.0,4500
2026-04-13 11:25:00,5325.0,5325.0,5300.0,5325.0,1600
2026-04-13 11:30:00,5325.0,5325.0,5300.0,5300.0,1500
2026-04-13 11:35:00,5325.0,5325.0,5300.0,5325.0,2600
2026-04-13 11:40:00,5325.0,5325.0,5325.0,5325.0,600
2026-04-13 11:45:00,5350.0,5350.0,5325.0,5325.0,4300
2026-04-13 11:50:00,5325.0,5325.0,5300.0,5325.0,41600
2026-04-13 11:55:00,5325.0,5325.0,5325.0,5325.0,4000
2026-04-13 13:30:00,5325.0,5325.0,5300.0,5300.0,3800
2026-04-13 13:35:00,5300.0,5300.0,5300.0,5300.0,600
2026-04-13 13:40:00,5300.0,5300.0,5300.0,5300.0,1100
2026-04-13 13:45:00,5300.0,5325.0,5300.0,5325.0,2500
2026-04-13 13:50:00,5325.0,5325.0,5325.0,5325.0,2500
2026-04-13 13:55:00,5325.0,5325.0,5275.0,5300.0,42200
2026-04-13 14:00:00,5275.0,5300.0,5275.0,5300.0,15700
2026-04-13 14:05:00,5325.0,5350.0,5300.0,5300.0,27900
2026-04-13 14:10:00,5300.0,5300.0,5275.0,5275.0,400
2026-04-13 14:15:00,5300.0,5300.0,5275.0,5300.0,8900
2026-04-13 14:20:00,5275.0,5350.0,5275.0,5350.0,452100
2026-04-13 14:25:00,5350.0,5350.0,5350.0,5350.0,18700
2026-04-13 14:30:00,5350.0,5350.0,5325.0,5325.0,1200
2026-04-13 14:35:00,5325.0,5350.0,5325.0,5325.0,8300
2026-04-13 14:40:00,5325.0,5350.0,5325.0,5350.0,2100
2026-04-13 14:45:00,5325.0,5350.0,5325.0,5350.0,1900
2026-04-13 14:50:00,5325.0,5375.0,5325.0,5350.0,174900
2026-04-13 14:55:00,5350.0,5350.0,5350.0,5350.0,5000
2026-04-13 15:00:00,5350.0,5350.0,5325.0,5325.0,100
2026-04-13 15:05:00,5325.0,5350.0,5325.0,5325.0,17500
2026-04-13 15:10:00,5325.0,5350.0,5325.0,5325.0,86100
2026-04-13 15:15:00,5300.0,5300.0,5275.0,5300.0,153900
2026-04-13 15:20:00,5300.0,5325.0,5275.0,5325.0,52300
2026-04-13 15:25:00,5325.0,5325.0,5300.0,5300.0,20600
2026-04-13 15:30:00,5300.0,5300.0,5275.0,5300.0,2300
2026-04-13 15:35:00,5300.0,5300.0,5300.0,5300.0,27300
2026-04-13 15:40:00,5275.0,5275.0,5275.0,5275.0,1200
2026-04-13 15:45:00,5275.0,5325.0,5275.0,5325.0,81500
2026-04-13 16:00:00,5300.0,5300.0,5300.0,5300.0,151600
2026-04-13 16:05:00,5300.0,5300.0,5300.0,5300.0,1400
2026-04-13 16:10:00,5300.0,5300.0,5300.0,5300.0,467700
2026-04-14 09:00:00,5400.0,5475.0,5375.0,5450.0,0
2026-04-14 09:05:00,5450.0,5475.0,5450.0,5450.0,49200
2026-04-14 09:10:00,5450.0,5450.0,5425.0,5450.0,17000
2026-04-14 09:15:00,5425.0,5425.0,5425.0,5425.0,10000
2026-04-14 09:20:00,5400.0,5400.0,5400.0,5400.0,4100
2026-04-14 09:25:00,5400.0,5450.0,5375.0,5400.0,15800
2026-04-14 09:30:00,5400.0,5400.0,5400.0,5400.0,1200
2026-04-14 09:35:00,5375.0,5400.0,5375.0,5400.0,500
2026-04-14 09:40:00,5400.0,5400.0,5400.0,5400.0,200
2026-04-14 09:45:00,5400.0,5400.0,5400.0,5400.0,3300
2026-04-14 09:50:00,5400.0,5400.0,5375.0,5375.0,25700
2026-04-14 09:55:00,5375.0,5400.0,5375.0,5400.0,2700
2026-04-14 10:00:00,5375.0,5375.0,5375.0,5375.0,4000
2026-04-14 10:05:00,5375.0,5375.0,5375.0,5375.0,600
2026-04-14 10:10:00,5375.0,5400.0,5375.0,5375.0,48700
2026-04-14 10:15:00,5375.0,5375.0,5350.0,5350.0,18500
2026-04-14 10:20:00,5350.0,5375.0,5350.0,5375.0,10500
2026-04-14 10:25:00,5400.0,5425.0,5400.0,5425.0,2300
2026-04-14 10:30:00,5400.0,5400.0,5400.0,5400.0,300
2026-04-14 10:35:00,5400.0,5425.0,5400.0,5400.0,1900
2026-04-14 10:40:00,5400.0,5425.0,5375.0,5375.0,19400
2026-04-14 10:45:00,5375.0,5375.0,5375.0,5375.0,1500
2026-04-14 10:50:00,5375.0,5375.0,5350.0,5350.0,2400
2026-04-14 10:55:00,5350.0,5375.0,5350.0,5350.0,34000
2026-04-14 11:00:00,5350.0,5400.0,5350.0,5375.0,4700
2026-04-14 11:05:00,5375.0,5400.0,5375.0,5375.0,2600
2026-04-14 11:10:00,5400.0,5400.0,5375.0,5375.0,700
2026-04-14 11:15:00,5375.0,5400.0,5375.0,5375.0,600
2026-04-14 11:20:00,5375.0,5375.0,5375.0,5375.0,200
2026-04-14 11:25:00,5375.0,5400.0,5375.0,5375.0,1100
2026-04-14 11:30:00,5375.0,5375.0,5375.0,5375.0,6200
2026-04-14 11:35:00,5375.0,5375.0,5375.0,5375.0,900
2026-04-14 11:40:00,5375.0,5400.0,5325.0,5325.0,51000
2026-04-14 11:45:00,5325.0,5375.0,5325.0,5325.0,15700
2026-04-14 11:50:00,5325.0,5350.0,5300.0,5300.0,31600
2026-04-14 11:55:00,5300.0,5325.0,5300.0,5300.0,16000
2026-04-14 13:30:00,5300.0,5350.0,5300.0,5325.0,246000
2026-04-14 13:35:00,5300.0,5300.0,5300.0,5300.0,0
2026-04-14 13:40:00,5300.0,5300.0,5300.0,5300.0,1900
2026-04-14 13:45:00,5300.0,5300.0,5300.0,5300.0,51500
2026-04-14 13:50:00,5300.0,5325.0,5300.0,5325.0,81300
2026-04-14 13:55:00,5325.0,5350.0,5300.0,5325.0,44900
2026-04-14 14:00:00,5325.0,5325.0,5325.0,5325.0,500
2026-04-14 14:05:00,5325.0,5325.0,5325.0,5325.0,100
2026-04-14 14:10:00,5300.0,5300.0,5300.0,5300.0,1000
2026-04-14 14:15:00,5300.0,5325.0,5300.0,5300.0,4500
2026-04-14 14:20:00,5300.0,5300.0,5300.0,5300.0,0
2026-04-14 14:25:00,5325.0,5325.0,5300.0,5300.0,28300
2026-04-14 14:30:00,5300.0,5325.0,5300.0,5300.0,4800
2026-04-14 14:35:00,5300.0,5300.0,5300.0,5300.0,2200
2026-04-14 14:40:00,5300.0,5325.0,5300.0,5325.0,30100
2026-04-14 14:45:00,5325.0,5325.0,5300.0,5325.0,67200
2026-04-14 14:50:00,5325.0,5325.0,5300.0,5325.0,2200
2026-04-14 14:55:00,5300.0,5325.0,5300.0,5300.0,47700
2026-04-14 15:00:00,5300.0,5325.0,5300.0,5300.0,40300
2026-04-14 15:05:00,5300.0,5325.0,5300.0,5325.0,51200
2026-04-14 15:10:00,5300.0,5325.0,5300.0,5300.0,5000
2026-04-14 15:15:00,5300.0,5300.0,5300.0,5300.0,18400
2026-04-14 15:20:00,5300.0,5325.0,5300.0,5300.0,43600
2026-04-14 15:25:00,5300.0,5325.0,5300.0,5325.0,14700
2026-04-14 15:30:00,5300.0,5325.0,5300.0,5300.0,50900
2026-04-14 15:35:00,5300.0,5325.0,5275.0,5300.0,109800
2026-04-14 15:40:00,5300.0,5325.0,5300.0,5300.0,20400
2026-04-14 15:45:00,5300.0,5325.0,5300.0,5325.0,39600
2026-04-14 16:00:00,5325.0,5325.0,5325.0,5325.0,51400
2026-04-14 16:10:00,5325.0,5325.0,5325.0,5325.0,28400
2026-04-15 09:00:00,5375.0,5375.0,5325.0,5350.0,0
2026-04-15 09:05:00,5350.0,5350.0,5325.0,5325.0,29400
2026-04-15 09:10:00,5325.0,5350.0,5300.0,5325.0,100200
2026-04-15 09:15:00,5325.0,5325.0,5300.0,5325.0,7300
2026-04-15 09:20:00,5300.0,5325.0,5275.0,5300.0,71700
2026-04-15 09:25:00,5300.0,5300.0,5300.0,5300.0,4200
2026-04-15 09:30:00,5300.0,5300.0,5275.0,5300.0,48000
2026-04-15 09:35:00,5300.0,5300.0,5300.0,5300.0,13100
2026-04-15 09:40:00,5300.0,5300.0,5275.0,5300.0,28700
2026-04-15 09:45:00,5300.0,5300.0,5275.0,5300.0,8900
2026-04-15 09:50:00,5300.0,5300.0,5250.0,5250.0,132400
2026-04-15 09:55:00,5250.0,5275.0,5250.0,5275.0,31400
2026-04-15 10:00:00,5275.0,5275.0,5250.0,5275.0,62200
2026-04-15 10:05:00,5275.0,5275.0,5250.0,5275.0,49100
2026-04-15 10:10:00,5275.0,5300.0,5275.0,5275.0,7000
2026-04-15 10:15:00,5275.0,5275.0,5275.0,5275.0,5600
2026-04-15 10:20:00,5275.0,5275.0,5275.0,5275.0,2100
2026-04-15 10:25:00,5275.0,5275.0,5275.0,5275.0,35300
2026-04-15 10:30:00,5300.0,5300.0,5275.0,5300.0,5300
2026-04-15 10:35:00,5275.0,5300.0,5250.0,5300.0,74000
2026-04-15 10:40:00,5275.0,5300.0,5275.0,5300.0,1500
2026-04-15 10:45:00,5300.0,5300.0,5275.0,5275.0,2900
2026-04-15 10:50:00,5300.0,5300.0,5275.0,5300.0,2700
2026-04-15 10:55:00,5275.0,5300.0,5275.0,5300.0,7500
2026-04-15 11:00:00,5275.0,5300.0,5275.0,5300.0,19900
2026-04-15 11:05:00,5300.0,5300.0,5275.0,5300.0,7200
2026-04-15 11:10:00,5300.0,5300.0,5275.0,5300.0,55000
2026-04-15 11:15:00,5300.0,5300.0,5275.0,5300.0,11100
2026-04-15 11:20:00,5300.0,5300.0,5275.0,5300.0,3900
2026-04-15 11:25:00,5300.0,5300.0,5275.0,5300.0,55400
2026-04-15 11:30:00,5300.0,5300.0,5300.0,5300.0,1400
2026-04-15 11:35:00,5300.0,5300.0,5300.0,5300.0,1100
2026-04-15 11:40:00,5275.0,5300.0,5275.0,5300.0,12200
2026-04-15 11:45:00,5300.0,5300.0,5275.0,5275.0,4400
2026-04-15 11:50:00,5275.0,5300.0,5275.0,5275.0,4500
2026-04-15 11:55:00,5275.0,5300.0,5275.0,5300.0,6900
2026-04-15 13:30:00,5300.0,5325.0,5300.0,5300.0,252700
2026-04-15 13:35:00,5300.0,5325.0,5300.0,5300.0,109700
2026-04-15 13:40:00,5300.0,5350.0,5300.0,5325.0,149600
2026-04-15 13:45:00,5325.0,5400.0,5325.0,5375.0,185200
2026-04-15 13:50:00,5350.0,5375.0,5325.0,5350.0,155000
2026-04-15 13:55:00,5375.0,5375.0,5350.0,5375.0,8700
2026-04-15 14:00:00,5350.0,5375.0,5350.0,5350.0,10100
2026-04-15 14:05:00,5375.0,5375.0,5350.0,5350.0,16200
2026-04-15 14:10:00,5350.0,5375.0,5350.0,5350.0,10000
2026-04-15 14:15:00,5350.0,5375.0,5350.0,5350.0,32900
2026-04-15 14:20:00,5350.0,5350.0,5325.0,5325.0,33500
2026-04-15 14:25:00,5325.0,5350.0,5325.0,5325.0,8800
2026-04-15 14:30:00,5325.0,5350.0,5325.0,5350.0,3500
2026-04-15 14:35:00,5350.0,5350.0,5325.0,5350.0,1700
2026-04-15 14:40:00,5350.0,5350.0,5325.0,5325.0,20300
2026-04-15 14:45:00,5350.0,5350.0,5325.0,5350.0,2700
2026-04-15 14:50:00,5325.0,5350.0,5325.0,5325.0,26400
2026-04-15 14:55:00,5350.0,5350.0,5325.0,5350.0,3000
2026-04-15 15:00:00,5325.0,5325.0,5325.0,5325.0,29500
2026-04-15 15:05:00,5350.0,5350.0,5325.0,5325.0,10700
2026-04-15 15:10:00,5325.0,5325.0,5300.0,5300.0,43100
2026-04-15 15:15:00,5300.0,5325.0,5300.0,5300.0,110900
2026-04-15 15:20:00,5300.0,5300.0,5300.0,5300.0,2100
2026-04-15 15:25:00,5300.0,5300.0,5300.0,5300.0,76700
2026-04-15 15:30:00,5300.0,5300.0,5300.0,5300.0,4500
2026-04-15 15:35:00,5300.0,5300.0,5275.0,5275.0,5600
2026-04-15 15:40:00,5300.0,5300.0,5275.0,5275.0,3900
2026-04-15 15:45:00,5275.0,5325.0,5275.0,5325.0,397200
2026-04-15 16:00:00,5275.0,5275.0,5275.0,5275.0,78900
2026-04-16 09:00:00,5325.0,5425.0,5325.0,5425.0,0
2026-04-16 09:05:00,5400.0,5425.0,5350.0,5350.0,48000
2026-04-16 09:10:00,5375.0,5375.0,5375.0,5375.0,27400
2026-04-16 09:15:00,5375.0,5400.0,5375.0,5375.0,16700
2026-04-16 09:20:00,5400.0,5400.0,5375.0,5375.0,15600
2026-04-16 09:25:00,5375.0,5400.0,5375.0,5400.0,11100
2026-04-16 09:30:00,5375.0,5400.0,5375.0,5400.0,35200
2026-04-16 09:35:00,5375.0,5375.0,5375.0,5375.0,4000
2026-04-16 09:40:00,5400.0,5400.0,5375.0,5375.0,6700
2026-04-16 09:45:00,5375.0,5375.0,5350.0,5350.0,12600
2026-04-16 09:50:00,5350.0,5375.0,5350.0,5350.0,46400
2026-04-16 09:55:00,5350.0,5350.0,5350.0,5350.0,1400
2026-04-16 10:00:00,5375.0,5400.0,5375.0,5400.0,140200
2026-04-16 10:05:00,5400.0,5425.0,5400.0,5400.0,38200
2026-04-16 10:10:00,5400.0,5425.0,5400.0,5400.0,20200
2026-04-16 10:15:00,5400.0,5400.0,5400.0,5400.0,14100
2026-04-16 10:20:00,5400.0,5425.0,5400.0,5425.0,3800
2026-04-16 10:25:00,5400.0,5425.0,5400.0,5400.0,14200
2026-04-16 10:30:00,5400.0,5425.0,5400.0,5400.0,8300
2026-04-16 10:35:00,5400.0,5400.0,5400.0,5400.0,3600
2026-04-16 10:40:00,5400.0,5425.0,5350.0,5400.0,105700
2026-04-16 10:45:00,5400.0,5400.0,5350.0,5375.0,51000
2026-04-16 10:50:00,5350.0,5400.0,5350.0,5350.0,8600
2026-04-16 10:55:00,5400.0,5400.0,5350.0,5350.0,4800
2026-04-16 11:00:00,5350.0,5350.0,5350.0,5350.0,1000
2026-04-16 11:05:00,5350.0,5350.0,5350.0,5350.0,900
2026-04-16 11:10:00,5375.0,5375.0,5350.0,5350.0,2500
2026-04-16 11:15:00,5350.0,5350.0,5300.0,5325.0,57200
2026-04-16 11:20:00,5325.0,5350.0,5325.0,5325.0,19000
2026-04-16 11:25:00,5325.0,5325.0,5325.0,5325.0,1300
2026-04-16 11:30:00,5350.0,5350.0,5325.0,5325.0,900
2026-04-16 11:40:00,5350.0,5350.0,5350.0,5350.0,100
2026-04-16 11:45:00,5350.0,5350.0,5325.0,5325.0,4600
2026-04-16 11:50:00,5350.0,5350.0,5325.0,5350.0,32100
2026-04-16 11:55:00,5350.0,5350.0,5325.0,5325.0,5700
2026-04-16 13:30:00,5350.0,5350.0,5300.0,5350.0,38200
2026-04-16 13:35:00,5350.0,5375.0,5300.0,5375.0,64300
2026-04-16 13:40:00,5375.0,5400.0,5375.0,5375.0,77400
2026-04-16 13:45:00,5350.0,5350.0,5325.0,5350.0,62700
2026-04-16 13:50:00,5325.0,5375.0,5325.0,5375.0,20000
2026-04-16 13:55:00,5375.0,5375.0,5375.0,5375.0,12300
2026-04-16 14:00:00,5375.0,5375.0,5350.0,5375.0,5600
2026-04-16 14:05:00,5375.0,5375.0,5375.0,5375.0,5300
2026-04-16 14:10:00,5375.0,5375.0,5375.0,5375.0,6400
2026-04-16 14:15:00,5375.0,5375.0,5350.0,5350.0,31500
2026-04-16 14:20:00,5350.0,5350.0,5325.0,5325.0,8000
2026-04-16 14:25:00,5325.0,5400.0,5325.0,5375.0,111400
2026-04-16 14:30:00,5375.0,5400.0,5350.0,5350.0,136500
2026-04-16 14:35:00,5375.0,5375.0,5375.0,5375.0,9800
2026-04-16 14:40:00,5350.0,5375.0,5350.0,5375.0,18200
2026-04-16 14:45:00,5350.0,5375.0,5350.0,5375.0,5100
2026-04-16 14:50:00,5350.0,5350.0,5350.0,5350.0,75300
2026-04-16 14:55:00,5350.0,5350.0,5325.0,5350.0,50300
2026-04-16 15:00:00,5350.0,5350.0,5350.0,5350.0,10900
2026-04-16 15:05:00,5375.0,5400.0,5375.0,5400.0,33100
2026-04-16 15:10:00,5375.0,5400.0,5375.0,5375.0,59200
2026-04-16 15:15:00,5350.0,5400.0,5350.0,5375.0,7000
2026-04-16 15:20:00,5375.0,5375.0,5375.0,5375.0,2700
2026-04-16 15:25:00,5350.0,5375.0,5350.0,5375.0,600
2026-04-16 15:30:00,5375.0,5375.0,5350.0,5375.0,2300
2026-04-16 15:35:00,5350.0,5375.0,5350.0,5350.0,29800
2026-04-16 15:40:00,5350.0,5375.0,5350.0,5350.0,69700
2026-04-16 15:45:00,5350.0,5400.0,5350.0,5375.0,39500
2026-04-16 16:00:00,5375.0,5375.0,5375.0,5375.0,21500
2026-04-16 16:05:00,5375.0,5375.0,5375.0,5375.0,20500
2026-04-17 09:00:00,5400.0,5425.0,5375.0,5425.0,0
2026-04-17 09:05:00,5425.0,5425.0,5400.0,5425.0,7000
2026-04-17 09:10:00,5400.0,5400.0,5375.0,5400.0,12700
2026-04-17 09:15:00,5400.0,5400.0,5375.0,5400.0,7700
2026-04-17 09:20:00,5400.0,5425.0,5400.0,5400.0,15500
2026-04-17 09:25:00,5400.0,5425.0,5375.0,5400.0,5100
2026-04-17 09:30:00,5400.0,5400.0,5400.0,5400.0,5400
2026-04-17 09:35:00,5400.0,5400.0,5400.0,5400.0,1900
2026-04-17 09:40:00,5400.0,5400.0,5375.0,5400.0,5900
2026-04-17 09:45:00,5400.0,5400.0,5400.0,5400.0,7400
2026-04-17 09:50:00,5400.0,5425.0,5375.0,5400.0,2100
2026-04-17 09:55:00,5425.0,5425.0,5400.0,5400.0,2700
2026-04-17 10:00:00,5425.0,5425.0,5400.0,5400.0,48400
2026-04-17 10:05:00,5425.0,5425.0,5400.0,5400.0,10400
2026-04-17 10:10:00,5425.0,5425.0,5400.0,5400.0,4000
2026-04-17 10:15:00,5425.0,5425.0,5425.0,5425.0,5800
2026-04-17 10:20:00,5425.0,5425.0,5400.0,5425.0,30600
2026-04-17 10:25:00,5450.0,5450.0,5400.0,5425.0,19400
2026-04-17 10:30:00,5425.0,5450.0,5425.0,5425.0,61300
2026-04-17 10:35:00,5425.0,5450.0,5425.0,5450.0,21700
2026-04-17 10:40:00,5450.0,5450.0,5425.0,5425.0,29300
2026-04-17 10:45:00,5425.0,5450.0,5425.0,5450.0,3100
2026-04-17 10:50:00,5450.0,5475.0,5450.0,5450.0,19100
2026-04-17 10:55:00,5450.0,5450.0,5450.0,5450.0,4300
2026-04-17 11:00:00,5450.0,5450.0,5450.0,5450.0,200
2026-04-17 11:05:00,5450.0,5450.0,5425.0,5450.0,17300
2026-04-17 11:15:00,5450.0,5450.0,5450.0,5450.0,400
2026-04-17 11:20:00,5450.0,5450.0,5400.0,5400.0,40000
2026-04-17 11:25:00,5425.0,5450.0,5425.0,5450.0,17100
2026-04-17 14:00:00,5450.0,5500.0,5450.0,5500.0,160200
2026-04-17 14:05:00,5475.0,5475.0,5475.0,5475.0,600
2026-04-17 14:10:00,5500.0,5500.0,5450.0,5450.0,18000
2026-04-17 14:15:00,5450.0,5450.0,5450.0,5450.0,900
2026-04-17 14:20:00,5475.0,5475.0,5450.0,5475.0,7800
2026-04-17 14:25:00,5475.0,5475.0,5475.0,5475.0,0
2026-04-17 14:30:00,5475.0,5475.0,5450.0,5450.0,5400
2026-04-17 14:35:00,5450.0,5475.0,5450.0,5475.0,10600
2026-04-17 14:40:00,5475.0,5475.0,5475.0,5475.0,2100
2026-04-17 14:45:00,5475.0,5475.0,5475.0,5475.0,6600
2026-04-17 14:50:00,5475.0,5500.0,5450.0,5500.0,31700
2026-04-17 14:55:00,5500.0,5500.0,5475.0,5475.0,38000
2026-04-17 15:00:00,5500.0,5500.0,5475.0,5475.0,2300
2026-04-17 15:05:00,5475.0,5475.0,5475.0,5475.0,18400
2026-04-17 15:10:00,5475.0,5550.0,5475.0,5550.0,72800
2026-04-17 15:15:00,5550.0,5550.0,5500.0,5500.0,27800
2026-04-17 15:20:00,5500.0,5525.0,5500.0,5525.0,7800
2026-04-17 15:25:00,5525.0,5525.0,5500.0,5500.0,1800
2026-04-17 15:30:00,5500.0,5525.0,5500.0,5525.0,10500
2026-04-17 15:35:00,5525.0,5525.0,5500.0,5525.0,15700
2026-04-17 15:40:00,5500.0,5525.0,5500.0,5500.0,3600
2026-04-17 15:45:00,5500.0,5525.0,5500.0,5500.0,39500
2026-04-17 16:00:00,5500.0,5500.0,5500.0,5500.0,59900
2026-04-17 16:05:00,5500.0,5500.0,5500.0,5500.0,4900
2026-04-17 16:10:00,5500.0,5500.0,5500.0,5500.0,400
2026-04-20 09:00:00,5575.0,5600.0,5500.0,5550.0,0
2026-04-20 09:05:00,5525.0,5525.0,5475.0,5475.0,55700
2026-04-20 09:10:00,5450.0,5475.0,5450.0,5475.0,28100
2026-04-20 09:15:00,5500.0,5500.0,5500.0,5500.0,8600
2026-04-20 09:20:00,5475.0,5500.0,5475.0,5500.0,800
2026-04-20 09:25:00,5500.0,5500.0,5500.0,5500.0,16600
2026-04-20 09:30:00,5475.0,5500.0,5475.0,5475.0,6300
2026-04-20 09:35:00,5500.0,5500.0,5500.0,5500.0,2300
2026-04-20 09:40:00,5500.0,5525.0,5500.0,5525.0,10400
2026-04-20 09:45:00,5500.0,5500.0,5475.0,5475.0,19100
2026-04-20 09:50:00,5500.0,5500.0,5500.0,5500.0,58100
2026-04-20 10:00:00,5500.0,5500.0,5475.0,5475.0,56400
2026-04-20 10:05:00,5475.0,5500.0,5475.0,5500.0,5600
2026-04-20 10:10:00,5475.0,5475.0,5475.0,5475.0,3000
2026-04-20 10:15:00,5475.0,5475.0,5475.0,5475.0,27100
2026-04-20 10:20:00,5475.0,5475.0,5450.0,5475.0,0
2026-04-20 10:25:00,5450.0,5475.0,5450.0,5450.0,4600
2026-04-20 10:30:00,5475.0,5475.0,5475.0,5475.0,68200
2026-04-20 10:35:00,5500.0,5500.0,5500.0,5500.0,0
2026-04-20 10:40:00,5475.0,5475.0,5475.0,5475.0,50000
2026-04-20 10:45:00,5475.0,5475.0,5450.0,5475.0,0
2026-04-20 10:50:00,5475.0,5475.0,5475.0,5475.0,1400
2026-04-20 10:55:00,5475.0,5475.0,5450.0,5450.0,200
2026-04-20 11:00:00,5475.0,5475.0,5450.0,5475.0,3400
2026-04-20 11:05:00,5475.0,5475.0,5475.0,5475.0,300
2026-04-20 11:10:00,5475.0,5475.0,5450.0,5475.0,1300
2026-04-20 11:15:00,5475.0,5475.0,5475.0,5475.0,1800
2026-04-20 11:20:00,5475.0,5475.0,5450.0,5450.0,300
2026-04-20 11:25:00,5450.0,5450.0,5450.0,5450.0,100
2026-04-20 16:10:00,5425.0,5425.0,5425.0,5425.0,402800
2026-04-21 09:00:00,5375.0,5400.0,5375.0,5375.0,0
2026-04-21 09:05:00,5400.0,5400.0,5375.0,5400.0,21100
2026-04-21 09:10:00,5400.0,5400.0,5400.0,5400.0,400
2026-04-21 09:15:00,5400.0,5400.0,5400.0,5400.0,9400
2026-04-21 09:20:00,5400.0,5425.0,5400.0,5425.0,1700
2026-04-21 09:25:00,5400.0,5400.0,5400.0,5400.0,1800
2026-04-21 09:30:00,5400.0,5400.0,5400.0,5400.0,4100
2026-04-21 09:35:00,5400.0,5400.0,5400.0,5400.0,400
2026-04-21 09:40:00,5400.0,5425.0,5400.0,5425.0,1200
2026-04-21 09:45:00,5425.0,5425.0,5400.0,5425.0,7800
2026-04-21 09:50:00,5425.0,5425.0,5375.0,5425.0,3000
2026-04-21 09:55:00,5425.0,5425.0,5400.0,5425.0,3400
2026-04-21 10:00:00,5425.0,5425.0,5400.0,5425.0,5600
2026-04-21 10:05:00,5425.0,5425.0,5400.0,5425.0,11800
2026-04-21 10:10:00,5425.0,5425.0,5400.0,5425.0,8400
2026-04-21 10:15:00,5425.0,5425.0,5400.0,5425.0,10000
2026-04-21 10:20:00,5425.0,5425.0,5400.0,5425.0,25500
2026-04-21 10:25:00,5425.0,5425.0,5400.0,5425.0,1000
2026-04-21 10:30:00,5425.0,5425.0,5400.0,5400.0,7600
2026-04-21 10:35:00,5400.0,5400.0,5400.0,5400.0,2700
2026-04-21 10:40:00,5400.0,5400.0,5400.0,5400.0,2400
2026-04-21 10:45:00,5400.0,5400.0,5350.0,5350.0,103500
2026-04-21 10:50:00,5350.0,5375.0,5350.0,5375.0,4500
2026-04-21 10:55:00,5375.0,5400.0,5375.0,5400.0,700
2026-04-21 11:00:00,5400.0,5400.0,5375.0,5400.0,1900
2026-04-21 11:05:00,5400.0,5400.0,5400.0,5400.0,500
2026-04-21 11:10:00,5375.0,5400.0,5375.0,5400.0,3700
2026-04-21 11:15:00,5400.0,5400.0,5400.0,5400.0,3300
2026-04-21 11:20:00,5400.0,5400.0,5400.0,5400.0,1800
2026-04-21 11:25:00,5400.0,5400.0,5400.0,5400.0,4100
2026-04-21 11:30:00,5400.0,5400.0,5400.0,5400.0,1400
2026-04-21 11:35:00,5400.0,5400.0,5400.0,5400.0,1800
2026-04-21 11:40:00,5400.0,5400.0,5400.0,5400.0,1500
2026-04-21 11:45:00,5400.0,5400.0,5400.0,5400.0,1300
2026-04-21 11:50:00,5375.0,5400.0,5375.0,5375.0,63100
2026-04-21 11:55:00,5375.0,5375.0,5375.0,5375.0,500
2026-04-21 13:30:00,5400.0,5450.0,5400.0,5450.0,39200
2026-04-21 13:35:00,5450.0,5450.0,5450.0,5450.0,32200
2026-04-21 13:40:00,5450.0,5450.0,5425.0,5425.0,6000
2026-04-21 13:45:00,5450.0,5475.0,5425.0,5475.0,7900
2026-04-21 13:50:00,5475.0,5475.0,5475.0,5475.0,2100
2026-04-21 13:55:00,5475.0,5475.0,5475.0,5475.0,1600
2026-04-21 14:00:00,5475.0,5475.0,5450.0,5475.0,7500
2026-04-21 14:05:00,5475.0,5475.0,5450.0,5475.0,2800
2026-04-21 14:10:00,5475.0,5475.0,5450.0,5475.0,2000
2026-04-21 14:15:00,5475.0,5475.0,5475.0,5475.0,2300
2026-04-21 14:20:00,5475.0,5475.0,5450.0,5475.0,5700
2026-04-21 14:25:00,5475.0,5475.0,5450.0,5450.0,13000
2026-04-21 14:30:00,5450.0,5450.0,5425.0,5450.0,6100
2026-04-21 14:35:00,5450.0,5475.0,5450.0,5475.0,11500
2026-04-21 14:40:00,5475.0,5475.0,5475.0,5475.0,6300
2026-04-21 14:45:00,5475.0,5475.0,5475.0,5475.0,7200
2026-04-21 14:50:00,5475.0,5500.0,5475.0,5500.0,7200
2026-04-21 14:55:00,5500.0,5500.0,5500.0,5500.0,3500
2026-04-21 15:00:00,5500.0,5500.0,5475.0,5475.0,25500
2026-04-21 15:05:00,5475.0,5475.0,5450.0,5450.0,4100
2026-04-21 15:10:00,5450.0,5475.0,5450.0,5475.0,0
2026-04-21 15:15:00,5475.0,5475.0,5475.0,5475.0,3200
2026-04-21 15:20:00,5450.0,5475.0,5450.0,5475.0,5500
2026-04-21 15:25:00,5475.0,5475.0,5450.0,5475.0,6100
2026-04-21 15:30:00,5475.0,5475.0,5450.0,5475.0,20800
2026-04-21 15:35:00,5475.0,5475.0,5450.0,5450.0,11500
2026-04-21 15:40:00,5475.0,5475.0,5450.0,5475.0,13100
2026-04-21 15:45:00,5475.0,5475.0,5450.0,5475.0,11300
2026-04-21 16:00:00,5500.0,5500.0,5500.0,5500.0,44700
2026-04-21 16:10:00,5500.0,5500.0,5500.0,5500.0,11300
2026-04-22 09:00:00,5500.0,5525.0,5500.0,5500.0,0
2026-04-22 09:05:00,5500.0,5525.0,5475.0,5525.0,48300
2026-04-22 09:10:00,5500.0,5550.0,5500.0,5525.0,11700
2026-04-22 09:15:00,5525.0,5550.0,5525.0,5550.0,15900
2026-04-22 09:20:00,5550.0,5600.0,5550.0,5575.0,62900
2026-04-22 09:25:00,5575.0,5600.0,5550.0,5600.0,10300
2026-04-22 09:30:00,5600.0,5600.0,5575.0,5575.0,7300
2026-04-22 09:35:00,5575.0,5625.0,5550.0,5625.0,11800
2026-04-22 09:40:00,5600.0,5600.0,5575.0,5575.0,8400
2026-04-22 09:45:00,5575.0,5575.0,5575.0,5575.0,1600
2026-04-22 09:50:00,5575.0,5575.0,5550.0,5550.0,18800
2026-04-22 09:55:00,5600.0,5600.0,5575.0,5600.0,12000
2026-04-22 10:00:00,5600.0,5600.0,5600.0,5600.0,2500
2026-04-22 10:05:00,5600.0,5600.0,5550.0,5600.0,3000
2026-04-22 10:10:00,5600.0,5600.0,5575.0,5575.0,500
2026-04-22 10:15:00,5575.0,5600.0,5575.0,5600.0,7300
2026-04-22 10:20:00,5575.0,5575.0,5550.0,5550.0,92800
2026-04-22 10:25:00,5550.0,5550.0,5525.0,5525.0,4300
2026-04-22 10:30:00,5525.0,5525.0,5525.0,5525.0,44300
2026-04-22 10:35:00,5525.0,5525.0,5525.0,5525.0,1200
2026-04-22 10:40:00,5525.0,5525.0,5525.0,5525.0,800
2026-04-22 10:45:00,5550.0,5550.0,5500.0,5500.0,5400
2026-04-22 10:50:00,5525.0,5525.0,5500.0,5525.0,2700
2026-04-22 10:55:00,5525.0,5525.0,5525.0,5525.0,400
2026-04-22 11:00:00,5525.0,5525.0,5525.0,5525.0,1100
2026-04-22 11:05:00,5550.0,5550.0,5550.0,5550.0,200
2026-04-22 11:10:00,5550.0,5550.0,5550.0,5550.0,23700
2026-04-22 11:15:00,5550.0,5550.0,5525.0,5525.0,3200
2026-04-22 11:20:00,5550.0,5600.0,5550.0,5575.0,64300
2026-04-22 11:25:00,5575.0,5575.0,5575.0,5575.0,0
2026-04-22 11:30:00,5550.0,5550.0,5550.0,5550.0,4000
2026-04-22 11:35:00,5550.0,5550.0,5550.0,5550.0,0
2026-04-22 11:40:00,5575.0,5575.0,5575.0,5575.0,10800
2026-04-22 11:45:00,5550.0,5575.0,5550.0,5575.0,2700
2026-04-22 11:50:00,5575.0,5575.0,5550.0,5550.0,0
2026-04-22 11:55:00,5575.0,5575.0,5550.0,5550.0,600
2026-04-22 13:30:00,5575.0,5575.0,5550.0,5575.0,29700
2026-04-22 13:35:00,5575.0,5575.0,5550.0,5575.0,4700
2026-04-22 13:40:00,5550.0,5550.0,5550.0,5550.0,21000
2026-04-22 13:45:00,5550.0,5575.0,5550.0,5575.0,6000
2026-04-22 13:50:00,5575.0,5575.0,5575.0,5575.0,5000
2026-04-22 14:00:00,5550.0,5550.0,5550.0,5550.0,2300
2026-04-22 14:05:00,5575.0,5575.0,5575.0,5575.0,49100
2026-04-22 14:10:00,5575.0,5575.0,5575.0,5575.0,30800
2026-04-22 14:15:00,5575.0,5575.0,5575.0,5575.0,400
2026-04-22 14:20:00,5550.0,5575.0,5550.0,5575.0,4800
2026-04-22 14:25:00,5550.0,5550.0,5550.0,5550.0,500
2026-04-22 14:30:00,5550.0,5550.0,5550.0,5550.0,11200
2026-04-22 14:35:00,5550.0,5550.0,5550.0,5550.0,41000
2026-04-22 14:40:00,5550.0,5550.0,5550.0,5550.0,9600
2026-04-22 14:45:00,5550.0,5550.0,5525.0,5525.0,18600
2026-04-22 14:50:00,5525.0,5550.0,5525.0,5550.0,14200
2026-04-22 14:55:00,5550.0,5550.0,5550.0,5550.0,2900
2026-04-22 15:00:00,5550.0,5575.0,5550.0,5575.0,1800
2026-04-22 15:05:00,5550.0,5550.0,5550.0,5550.0,8100
2026-04-22 15:10:00,5575.0,5575.0,5550.0,5550.0,3000
2026-04-22 15:15:00,5550.0,5575.0,5550.0,5575.0,3400
2026-04-22 15:20:00,5575.0,5575.0,5550.0,5575.0,7600
2026-04-22 15:25:00,5575.0,5575.0,5575.0,5575.0,8000
2026-04-22 15:30:00,5575.0,5575.0,5550.0,5575.0,34400
2026-04-22 15:35:00,5575.0,5575.0,5575.0,5575.0,0
2026-04-22 15:40:00,5575.0,5575.0,5550.0,5575.0,15400
2026-04-22 15:45:00,5575.0,5575.0,5550.0,5575.0,17300
2026-04-22 16:00:00,5575.0,5575.0,5575.0,5575.0,20500
2026-04-22 16:05:00,5575.0,5575.0,5575.0,5575.0,19800
2026-04-23 09:00:00,5575.0,5600.0,5500.0,5500.0,0
2026-04-23 09:05:00,5550.0,5550.0,5525.0,5525.0,1800
2026-04-23 09:10:00,5525.0,5525.0,5500.0,5500.0,13000
2026-04-23 09:15:00,5500.0,5500.0,5475.0,5475.0,44300
2026-04-23 09:20:00,5475.0,5500.0,5475.0,5475.0,4800
2026-04-23 09:25:00,5475.0,5525.0,5475.0,5525.0,15600
2026-04-23 09:30:00,5525.0,5525.0,5525.0,5525.0,4100
2026-04-23 09:35:00,5525.0,5525.0,5500.0,5500.0,1900
2026-04-23 09:40:00,5525.0,5525.0,5525.0,5525.0,1400
2026-04-23 09:45:00,5525.0,5525.0,5500.0,5500.0,2600
2026-04-23 09:50:00,5500.0,5500.0,5475.0,5475.0,7300
2026-04-23 09:55:00,5475.0,5500.0,5475.0,5500.0,600
2026-04-23 10:00:00,5475.0,5500.0,5475.0,5475.0,2900
2026-04-23 10:05:00,5475.0,5500.0,5475.0,5475.0,10000
2026-04-23 10:10:00,5475.0,5475.0,5475.0,5475.0,500
2026-04-23 10:15:00,5500.0,5500.0,5450.0,5450.0,46000
2026-04-23 10:20:00,5450.0,5475.0,5425.0,5425.0,48500
2026-04-23 10:25:00,5425.0,5425.0,5400.0,5425.0,13200
2026-04-23 10:30:00,5425.0,5425.0,5425.0,5425.0,1200
2026-04-23 10:35:00,5425.0,5450.0,5425.0,5425.0,3100
2026-04-23 10:40:00,5425.0,5475.0,5400.0,5475.0,60400
2026-04-23 10:45:00,5475.0,5475.0,5450.0,5450.0,2500
2026-04-23 10:50:00,5450.0,5450.0,5450.0,5450.0,2600
2026-04-23 10:55:00,5450.0,5450.0,5450.0,5450.0,1700
2026-04-23 11:00:00,5450.0,5475.0,5450.0,5475.0,1600
2026-04-23 11:05:00,5475.0,5475.0,5450.0,5450.0,3400
2026-04-23 11:20:00,5450.0,5450.0,5400.0,5400.0,35300
2026-04-23 11:25:00,5450.0,5450.0,5400.0,5425.0,2500
2026-04-23 11:30:00,5425.0,5425.0,5400.0,5425.0,3700
2026-04-23 11:35:00,5425.0,5450.0,5425.0,5450.0,2600
2026-04-23 11:40:00,5425.0,5425.0,5425.0,5425.0,1500
2026-04-23 11:45:00,5425.0,5425.0,5400.0,5400.0,15500
2026-04-23 11:50:00,5400.0,5425.0,5400.0,5400.0,5900
2026-04-23 11:55:00,5425.0,5425.0,5400.0,5400.0,7700
2026-04-23 13:30:00,5425.0,5425.0,5400.0,5400.0,31000
2026-04-23 13:35:00,5425.0,5425.0,5375.0,5375.0,49200
2026-04-23 13:40:00,5375.0,5400.0,5350.0,5350.0,121200
2026-04-23 13:45:00,5375.0,5375.0,5350.0,5375.0,11200
2026-04-23 13:50:00,5375.0,5400.0,5350.0,5375.0,7100
2026-04-23 13:55:00,5375.0,5375.0,5375.0,5375.0,2500
2026-04-23 14:00:00,5375.0,5400.0,5350.0,5375.0,16400
2026-04-23 14:05:00,5350.0,5350.0,5350.0,5350.0,8700
2026-04-23 14:10:00,5350.0,5375.0,5350.0,5350.0,10100
2026-04-23 14:15:00,5350.0,5375.0,5350.0,5375.0,16300
2026-04-23 14:20:00,5350.0,5350.0,5325.0,5350.0,28400
2026-04-23 14:25:00,5350.0,5375.0,5350.0,5350.0,7300
2026-04-23 14:30:00,5350.0,5350.0,5350.0,5350.0,7000
2026-04-23 14:35:00,5350.0,5375.0,5350.0,5375.0,10100
2026-04-23 14:40:00,5350.0,5375.0,5350.0,5375.0,7000
2026-04-23 14:50:00,5375.0,5375.0,5350.0,5350.0,1500
2026-04-23 14:55:00,5375.0,5375.0,5350.0,5350.0,2400
2026-04-23 15:00:00,5350.0,5350.0,5350.0,5350.0,100
2026-04-23 15:10:00,5375.0,5400.0,5350.0,5350.0,26600
2026-04-23 15:15:00,5350.0,5400.0,5350.0,5350.0,600
2026-04-23 15:20:00,5350.0,5350.0,5350.0,5350.0,1800
2026-04-23 15:25:00,5350.0,5375.0,5350.0,5350.0,15000
2026-04-23 15:30:00,5375.0,5375.0,5350.0,5350.0,57800
2026-04-23 15:35:00,5350.0,5400.0,5350.0,5375.0,45000
2026-04-23 15:40:00,5375.0,5400.0,5350.0,5375.0,31500
2026-04-23 15:45:00,5375.0,5375.0,5350.0,5375.0,80200
2026-04-23 16:00:00,5375.0,5375.0,5375.0,5375.0,30900
2026-04-23 16:05:00,5375.0,5375.0,5375.0,5375.0,0
2026-04-23 16:10:00,5375.0,5375.0,5375.0,5375.0,1700
2026-04-24 09:00:00,5375.0,5400.0,5350.0,5400.0,0
2026-04-24 09:05:00,5375.0,5375.0,5325.0,5325.0,13200
2026-04-24 09:10:00,5350.0,5425.0,5325.0,5350.0,33900
2026-04-24 09:15:00,5350.0,5350.0,5350.0,5350.0,1200
2026-04-24 09:20:00,5350.0,5375.0,5300.0,5375.0,49700
2026-04-24 09:25:00,5325.0,5325.0,5300.0,5300.0,4000
2026-04-24 09:30:00,5300.0,5375.0,5300.0,5375.0,3500
2026-04-24 09:35:00,5325.0,5325.0,5325.0,5325.0,1000
2026-04-24 09:40:00,5325.0,5325.0,5300.0,5300.0,8300
2026-04-24 09:45:00,5300.0,5325.0,5300.0,5300.0,3800
2026-04-24 09:50:00,5300.0,5325.0,5300.0,5300.0,4500
2026-04-24 09:55:00,5300.0,5300.0,5275.0,5275.0,92000
2026-04-24 10:00:00,5300.0,5325.0,5275.0,5275.0,43000
2026-04-24 10:05:00,5325.0,5325.0,5275.0,5300.0,4600
2026-04-24 10:10:00,5300.0,5300.0,5300.0,5300.0,1300
2026-04-24 10:15:00,5300.0,5325.0,5300.0,5300.0,3000
2026-04-24 10:20:00,5300.0,5300.0,5250.0,5250.0,113400
2026-04-24 10:25:00,5250.0,5275.0,5225.0,5225.0,44700
2026-04-24 10:30:00,5250.0,5275.0,5225.0,5250.0,5800
2026-04-24 10:35:00,5250.0,5250.0,5225.0,5250.0,2900
2026-04-24 10:40:00,5250.0,5250.0,5225.0,5225.0,4000
2026-04-24 10:45:00,5225.0,5250.0,5225.0,5225.0,2000
2026-04-24 10:50:00,5250.0,5250.0,5225.0,5225.0,4100
2026-04-24 10:55:00,5225.0,5250.0,5225.0,5225.0,2500
2026-04-24 11:00:00,5250.0,5275.0,5225.0,5275.0,46900
2026-04-24 11:05:00,5275.0,5300.0,5250.0,5250.0,7700
2026-04-24 11:10:00,5300.0,5300.0,5250.0,5250.0,17700
2026-04-24 11:20:00,5275.0,5275.0,5225.0,5225.0,14300
2026-04-24 11:25:00,5225.0,5225.0,5225.0,5225.0,1800
2026-04-24 14:00:00,5250.0,5300.0,5225.0,5250.0,68400
2026-04-24 14:05:00,5300.0,5300.0,5250.0,5250.0,1900
2026-04-24 14:10:00,5275.0,5275.0,5250.0,5250.0,18800
2026-04-24 14:15:00,5250.0,5275.0,5250.0,5275.0,15800
2026-04-24 14:20:00,5300.0,5300.0,5250.0,5250.0,9100
2026-04-24 14:25:00,5250.0,5250.0,5250.0,5250.0,56800
2026-04-24 14:30:00,5250.0,5275.0,5250.0,5250.0,12000
2026-04-24 14:35:00,5250.0,5275.0,5250.0,5250.0,3200
2026-04-24 14:40:00,5250.0,5275.0,5250.0,5250.0,11200
2026-04-24 14:45:00,5250.0,5250.0,5250.0,5250.0,23600
2026-04-24 14:50:00,5250.0,5275.0,5250.0,5250.0,22500
2026-04-24 14:55:00,5250.0,5275.0,5250.0,5275.0,28700
2026-04-24 15:00:00,5250.0,5275.0,5250.0,5275.0,100
2026-04-24 15:05:00,5250.0,5275.0,5250.0,5275.0,6900
2026-04-24 15:10:00,5275.0,5275.0,5250.0,5275.0,6000
2026-04-24 15:15:00,5250.0,5275.0,5250.0,5250.0,87800
2026-04-24 15:20:00,5250.0,5250.0,5250.0,5250.0,14100
2026-04-24 15:25:00,5250.0,5250.0,5250.0,5250.0,7000
2026-04-24 15:30:00,5250.0,5275.0,5250.0,5250.0,49800
2026-04-24 15:35:00,5250.0,5275.0,5225.0,5275.0,78000
2026-04-24 15:40:00,5250.0,5275.0,5250.0,5250.0,30000
2026-04-24 15:45:00,5250.0,5275.0,5250.0,5250.0,42200
2026-04-24 16:00:00,5300.0,5300.0,5300.0,5300.0,111800
2026-04-27 09:00:00,5275.0,5275.0,5275.0,5275.0,0
2026-04-27 09:05:00,5275.0,5275.0,5250.0,5250.0,22700
2026-04-27 09:10:00,5250.0,5250.0,5200.0,5200.0,51200
2026-04-27 09:15:00,5200.0,5275.0,5175.0,5250.0,58600
2026-04-27 09:20:00,5275.0,5275.0,5200.0,5200.0,19400
2026-04-27 09:25:00,5225.0,5225.0,5225.0,5225.0,7200
2026-04-27 09:30:00,5250.0,5250.0,5225.0,5225.0,7000
2026-04-27 09:35:00,5225.0,5225.0,5225.0,5225.0,6400
2026-04-27 09:40:00,5200.0,5225.0,5200.0,5200.0,26400
2026-04-27 09:45:00,5200.0,5225.0,5125.0,5200.0,209500
2026-04-27 09:50:00,5200.0,5200.0,5175.0,5175.0,13800
2026-04-27 09:55:00,5175.0,5175.0,5175.0,5175.0,9700
2026-04-27 10:00:00,5200.0,5200.0,5175.0,5200.0,5000
2026-04-27 10:05:00,5200.0,5200.0,5200.0,5200.0,2000
2026-04-27 10:10:00,5200.0,5200.0,5200.0,5200.0,1000
2026-04-27 10:15:00,5200.0,5200.0,5200.0,5200.0,800
2026-04-27 10:20:00,5200.0,5200.0,5200.0,5200.0,600
2026-04-27 10:25:00,5200.0,5200.0,5175.0,5200.0,4500
2026-04-27 10:30:00,5175.0,5175.0,5175.0,5175.0,3000
2026-04-27 10:35:00,5200.0,5200.0,5175.0,5200.0,900
2026-04-27 10:40:00,5200.0,5200.0,5175.0,5200.0,4100
2026-04-27 10:45:00,5200.0,5200.0,5175.0,5200.0,4600
2026-04-27 10:50:00,5175.0,5175.0,5175.0,5175.0,200
2026-04-27 10:55:00,5200.0,5200.0,5175.0,5175.0,2300
2026-04-27 11:00:00,5200.0,5200.0,5200.0,5200.0,700
2026-04-27 11:05:00,5200.0,5225.0,5200.0,5225.0,8700
2026-04-27 11:10:00,5225.0,5225.0,5225.0,5225.0,800
2026-04-27 11:15:00,5225.0,5225.0,5225.0,5225.0,25600
2026-04-27 11:20:00,5250.0,5250.0,5250.0,5250.0,0
2026-04-27 11:25:00,5250.0,5250.0,5225.0,5225.0,9200
2026-04-27 11:30:00,5250.0,5250.0,5250.0,5250.0,400
2026-04-27 11:35:00,5250.0,5250.0,5225.0,5225.0,6400
2026-04-27 11:40:00,5225.0,5225.0,5225.0,5225.0,2000
2026-04-27 11:45:00,5225.0,5225.0,5225.0,5225.0,3300
2026-04-27 11:55:00,5225.0,5225.0,5175.0,5175.0,26200
2026-04-27 13:30:00,5175.0,5225.0,5175.0,5200.0,106500
2026-04-27 13:35:00,5225.0,5225.0,5225.0,5225.0,11000
2026-04-27 13:40:00,5225.0,5225.0,5225.0,5225.0,400
2026-04-27 13:45:00,5225.0,5225.0,5225.0,5225.0,19100
2026-04-27 13:55:00,5225.0,5250.0,5225.0,5250.0,500
2026-04-27 14:00:00,5225.0,5250.0,5200.0,5250.0,30900
2026-04-27 14:05:00,5250.0,5250.0,5250.0,5250.0,5000
2026-04-27 14:10:00,5250.0,5250.0,5250.0,5250.0,0
2026-04-27 14:20:00,5250.0,5250.0,5225.0,5250.0,36600
2026-04-27 14:25:00,5275.0,5300.0,5250.0,5250.0,43600
2026-04-27 14:30:00,5225.0,5225.0,5225.0,5225.0,7100
2026-04-27 14:35:00,5225.0,5225.0,5225.0,5225.0,34700
2026-04-27 14:40:00,5225.0,5225.0,5200.0,5200.0,28700
2026-04-27 14:45:00,5225.0,5225.0,5225.0,5225.0,22500
2026-04-27 14:50:00,5225.0,5225.0,5225.0,5225.0,15700
2026-04-27 14:55:00,5225.0,5225.0,5225.0,5225.0,5300
2026-04-27 15:00:00,5225.0,5225.0,5225.0,5225.0,14500
2026-04-27 15:05:00,5250.0,5250.0,5250.0,5250.0,4200
2026-04-27 15:10:00,5225.0,5225.0,5225.0,5225.0,21100
2026-04-27 15:15:00,5225.0,5225.0,5225.0,5225.0,6000
2026-04-27 15:20:00,5200.0,5225.0,5200.0,5200.0,75900
2026-04-27 15:25:00,5225.0,5225.0,5225.0,5225.0,200
2026-04-27 15:30:00,5200.0,5225.0,5200.0,5200.0,11900
2026-04-27 15:35:00,5200.0,5225.0,5200.0,5200.0,38400
2026-04-27 15:40:00,5200.0,5225.0,5200.0,5200.0,36800
2026-04-27 15:45:00,5200.0,5225.0,5200.0,5200.0,36300
2026-04-27 16:00:00,5250.0,5250.0,5250.0,5250.0,39800
2026-04-27 16:05:00,5250.0,5250.0,5250.0,5250.0,0
2026-04-27 16:10:00,5250.0,5250.0,5250.0,5250.0,200
2026-04-28 09:00:00,5225.0,5225.0,5150.0,5150.0,0
2026-04-28 09:05:00,5200.0,5200.0,5150.0,5150.0,6400
2026-04-28 09:10:00,5150.0,5200.0,5125.0,5125.0,26000
2026-04-28 09:15:00,5150.0,5150.0,5150.0,5150.0,2100
2026-04-28 09:20:00,5200.0,5200.0,5150.0,5200.0,3000
2026-04-28 09:30:00,5200.0,5250.0,5125.0,5200.0,61600
2026-04-28 09:35:00,5225.0,5275.0,5200.0,5200.0,85900
2026-04-28 09:40:00,5275.0,5275.0,5200.0,5200.0,900
2026-04-28 09:45:00,5200.0,5200.0,5125.0,5125.0,23000
2026-04-28 09:55:00,5175.0,5175.0,5150.0,5150.0,600
2026-04-28 10:00:00,5150.0,5150.0,5150.0,5150.0,3600
2026-04-28 10:10:00,5175.0,5175.0,5100.0,5125.0,55400
2026-04-28 10:15:00,5100.0,5125.0,5100.0,5100.0,61200
2026-04-28 10:20:00,5100.0,5150.0,5100.0,5150.0,4800
2026-04-28 10:25:00,5150.0,5150.0,5125.0,5125.0,1900
2026-04-28 10:35:00,5125.0,5125.0,5125.0,5125.0,1600
2026-04-28 10:40:00,5125.0,5125.0,5075.0,5075.0,133000
2026-04-28 10:45:00,5100.0,5100.0,5075.0,5100.0,2100
2026-04-28 10:50:00,5100.0,5100.0,5075.0,5100.0,3600
2026-04-28 10:55:00,5100.0,5100.0,5075.0,5075.0,7000
2026-04-28 11:00:00,5100.0,5100.0,5075.0,5075.0,25000
2026-04-28 11:05:00,5100.0,5100.0,5075.0,5100.0,11600
2026-04-28 11:10:00,5100.0,5100.0,5075.0,5100.0,3700
2026-04-28 11:15:00,5100.0,5100.0,5075.0,5075.0,17100
2026-04-28 11:20:00,5100.0,5100.0,5100.0,5100.0,200
2026-04-28 11:25:00,5125.0,5125.0,5100.0,5100.0,2500
2026-04-28 11:30:00,5125.0,5125.0,5100.0,5100.0,1000
2026-04-28 11:35:00,5125.0,5125.0,5100.0,5100.0,4400
2026-04-28 11:40:00,5125.0,5125.0,5100.0,5100.0,3900
2026-04-28 11:45:00,5125.0,5125.0,5100.0,5125.0,42000
2026-04-28 11:50:00,5150.0,5150.0,5150.0,5150.0,300
2026-04-28 11:55:00,5150.0,5150.0,5125.0,5150.0,700
2026-04-28 13:30:00,5150.0,5150.0,5125.0,5150.0,48100
2026-04-28 13:40:00,5150.0,5175.0,5150.0,5150.0,1600
2026-04-28 13:45:00,5150.0,5150.0,5150.0,5150.0,6500
2026-04-28 13:50:00,5150.0,5150.0,5150.0,5150.0,300
2026-04-28 14:00:00,5150.0,5150.0,5150.0,5150.0,400
2026-04-28 14:05:00,5150.0,5150.0,5150.0,5150.0,41600
2026-04-28 14:15:00,5175.0,5175.0,5150.0,5175.0,300
2026-04-28 14:20:00,5175.0,5175.0,5175.0,5175.0,100
2026-04-28 14:30:00,5150.0,5150.0,5125.0,5150.0,19600
2026-04-28 14:40:00,5175.0,5175.0,5150.0,5150.0,200
2026-04-28 14:55:00,5150.0,5150.0,5150.0,5150.0,100
2026-04-28 15:00:00,5175.0,5175.0,5175.0,5175.0,600
2026-04-28 15:05:00,5150.0,5150.0,5150.0,5150.0,1200
2026-04-28 15:10:00,5150.0,5150.0,5150.0,5150.0,300
2026-04-28 15:15:00,5175.0,5175.0,5150.0,5150.0,800
2026-04-28 15:25:00,5175.0,5175.0,5150.0,5150.0,3100
2026-04-28 15:30:00,5175.0,5175.0,5175.0,5175.0,300
2026-04-28 15:35:00,5150.0,5175.0,5150.0,5175.0,2300
2026-04-28 15:40:00,5150.0,5175.0,5150.0,5150.0,6500
2026-04-28 15:45:00,5150.0,5175.0,5150.0,5150.0,4400
2026-04-28 16:00:00,5150.0,5150.0,5150.0,5150.0,14400
2026-04-29 09:00:00,5150.0,5225.0,5150.0,5200.0,16300
2026-04-29 09:05:00,5200.0,5200.0,5175.0,5200.0,6000
2026-04-29 09:10:00,5200.0,5200.0,5175.0,5175.0,12500
2026-04-29 09:20:00,5200.0,5200.0,5175.0,5175.0,2400
2026-04-29 09:25:00,5200.0,5200.0,5175.0,5175.0,200
2026-04-29 09:30:00,5200.0,5225.0,5175.0,5175.0,10800
2026-04-29 09:35:00,5200.0,5200.0,5175.0,5175.0,500
2026-04-29 09:40:00,5175.0,5200.0,5125.0,5125.0,154300
2026-04-29 09:45:00,5175.0,5175.0,5175.0,5175.0,1500
2026-04-29 09:50:00,5175.0,5175.0,5175.0,5175.0,2500
2026-04-29 09:55:00,5175.0,5175.0,5175.0,5175.0,9000
2026-04-29 10:00:00,5175.0,5175.0,5175.0,5175.0,1100
2026-04-29 10:15:00,5175.0,5200.0,5175.0,5175.0,3500
2026-04-29 10:20:00,5200.0,5200.0,5175.0,5175.0,21300
2026-04-29 10:25:00,5200.0,5200.0,5175.0,5175.0,1700
2026-04-29 10:30:00,5200.0,5200.0,5175.0,5175.0,10000
2026-04-29 10:35:00,5175.0,5175.0,5150.0,5150.0,33300
2026-04-29 10:40:00,5175.0,5175.0,5175.0,5175.0,500
2026-04-29 10:45:00,5150.0,5150.0,5150.0,5150.0,12900
2026-04-29 10:50:00,5150.0,5150.0,5100.0,5125.0,83100
2026-04-29 11:00:00,5150.0,5175.0,5125.0,5125.0,15000
2026-04-29 11:05:00,5175.0,5175.0,5125.0,5125.0,2500
2026-04-29 11:15:00,5175.0,5175.0,5150.0,5150.0,2900
2026-04-29 11:20:00,5150.0,5150.0,5150.0,5150.0,1500
2026-04-29 11:25:00,5175.0,5175.0,5175.0,5175.0,100
2026-04-29 11:35:00,5175.0,5175.0,5150.0,5150.0,6700
2026-04-29 11:40:00,5175.0,5175.0,5150.0,5150.0,6500
2026-04-29 11:45:00,5150.0,5150.0,5150.0,5150.0,2700
2026-04-29 11:50:00,5175.0,5175.0,5150.0,5150.0,900
2026-04-29 11:55:00,5150.0,5150.0,5150.0,5150.0,400
2026-04-29 13:30:00,5150.0,5175.0,5125.0,5125.0,84800
2026-04-29 13:45:00,5150.0,5150.0,5150.0,5150.0,3500
2026-04-29 13:50:00,5150.0,5175.0,5125.0,5150.0,59500
2026-04-29 13:55:00,5175.0,5175.0,5175.0,5175.0,0
2026-04-29 14:00:00,5175.0,5175.0,5150.0,5150.0,200
2026-04-29 14:10:00,5175.0,5175.0,5150.0,5150.0,19500
2026-04-29 14:15:00,5200.0,5200.0,5175.0,5175.0,500
2026-04-29 14:20:00,5200.0,5200.0,5175.0,5175.0,2500
2026-04-29 14:25:00,5200.0,5200.0,5175.0,5175.0,900
2026-04-29 14:30:00,5200.0,5200.0,5175.0,5175.0,800
2026-04-29 14:35:00,5200.0,5200.0,5175.0,5175.0,1100
2026-04-29 14:40:00,5175.0,5200.0,5175.0,5200.0,8300
2026-04-29 14:45:00,5200.0,5200.0,5175.0,5175.0,18800
2026-04-29 14:50:00,5175.0,5200.0,5150.0,5150.0,23200
2026-04-29 14:55:00,5150.0,5150.0,5150.0,5150.0,400
2026-04-29 15:00:00,5150.0,5175.0,5150.0,5150.0,3900
2026-04-29 15:10:00,5150.0,5175.0,5150.0,5150.0,25300
2026-04-29 15:15:00,5175.0,5200.0,5150.0,5200.0,30800
2026-04-29 15:20:00,5200.0,5200.0,5150.0,5150.0,25700
2026-04-29 15:30:00,5150.0,5175.0,5150.0,5175.0,1800
2026-04-29 15:35:00,5175.0,5175.0,5150.0,5150.0,66100
2026-04-29 15:40:00,5150.0,5175.0,5150.0,5175.0,89900
2026-04-29 15:45:00,5175.0,5225.0,5150.0,5225.0,255600
2026-04-29 16:00:00,5200.0,5200.0,5200.0,5200.0,33800
2026-04-30 09:00:00,5225.0,5225.0,5175.0,5200.0,0
2026-04-30 09:05:00,5225.0,5225.0,5200.0,5200.0,3500
2026-04-30 09:10:00,5200.0,5225.0,5200.0,5225.0,9100
2026-04-30 09:15:00,5225.0,5225.0,5225.0,5225.0,200
2026-04-30 09:20:00,5225.0,5225.0,5200.0,5200.0,3900
2026-04-30 09:25:00,5225.0,5225.0,5200.0,5200.0,4800
2026-04-30 09:30:00,5225.0,5225.0,5200.0,5200.0,7900
2026-04-30 09:35:00,5200.0,5225.0,5200.0,5225.0,7900
2026-04-30 09:40:00,5200.0,5225.0,5200.0,5200.0,36500
2026-04-30 09:45:00,5200.0,5225.0,5200.0,5225.0,32200
2026-04-30 09:50:00,5200.0,5225.0,5200.0,5200.0,42300
2026-04-30 09:55:00,5200.0,5225.0,5200.0,5200.0,13300
2026-04-30 10:00:00,5225.0,5225.0,5200.0,5200.0,17300
2026-04-30 10:05:00,5200.0,5200.0,5200.0,5200.0,2400
2026-04-30 10:10:00,5200.0,5200.0,5200.0,5200.0,2900
2026-04-30 10:15:00,5225.0,5225.0,5200.0,5200.0,3200
2026-04-30 10:20:00,5225.0,5225.0,5200.0,5225.0,25200
2026-04-30 10:25:00,5200.0,5225.0,5200.0,5200.0,5100
2026-04-30 10:30:00,5225.0,5225.0,5200.0,5225.0,4800
2026-04-30 10:35:00,5225.0,5225.0,5200.0,5200.0,1800
2026-04-30 10:40:00,5200.0,5225.0,5200.0,5200.0,13100
2026-04-30 10:45:00,5225.0,5225.0,5200.0,5200.0,59000
2026-04-30 10:50:00,5200.0,5225.0,5200.0,5200.0,19600
2026-04-30 10:55:00,5225.0,5225.0,5200.0,5200.0,9500
2026-04-30 11:00:00,5200.0,5225.0,5200.0,5200.0,6000
2026-04-30 11:05:00,5225.0,5225.0,5200.0,5225.0,2400
2026-04-30 11:10:00,5200.0,5225.0,5200.0,5200.0,9800
2026-04-30 11:15:00,5225.0,5225.0,5200.0,5200.0,6900
2026-04-30 11:20:00,5200.0,5225.0,5200.0,5200.0,18500
2026-04-30 11:25:00,5225.0,5225.0,5200.0,5225.0,5500
2026-04-30 11:30:00,5200.0,5225.0,5200.0,5200.0,464000
2026-04-30 11:35:00,5200.0,5225.0,5200.0,5200.0,16400
2026-04-30 11:40:00,5200.0,5225.0,5200.0,5200.0,4500
2026-04-30 11:45:00,5200.0,5200.0,5200.0,5200.0,3000
2026-04-30 11:50:00,5200.0,5200.0,5200.0,5200.0,5800
2026-04-30 11:55:00,5200.0,5200.0,5200.0,5200.0,2100
2026-04-30 13:30:00,5200.0,5225.0,5200.0,5200.0,79400
2026-04-30 13:35:00,5200.0,5225.0,5200.0,5200.0,53000
2026-04-30 13:40:00,5225.0,5225.0,5200.0,5200.0,8300
2026-04-30 13:45:00,5225.0,5225.0,5200.0,5200.0,31400
2026-04-30 13:50:00,5225.0,5225.0,5200.0,5200.0,53300
2026-04-30 13:55:00,5200.0,5225.0,5200.0,5200.0,7300
2026-04-30 14:00:00,5200.0,5225.0,5200.0,5200.0,14500
2026-04-30 14:05:00,5225.0,5225.0,5200.0,5200.0,12400
2026-04-30 14:10:00,5225.0,5225.0,5200.0,5200.0,11700
2026-04-30 14:15:00,5200.0,5225.0,5200.0,5200.0,86300
2026-04-30 14:20:00,5225.0,5225.0,5200.0,5225.0,9000
2026-04-30 14:25:00,5200.0,5225.0,5200.0,5200.0,11000
2026-04-30 14:30:00,5225.0,5225.0,5200.0,5225.0,12300
2026-04-30 14:35:00,5225.0,5225.0,5200.0,5200.0,10400
2026-04-30 14:40:00,5225.0,5225.0,5200.0,5225.0,6500
2026-04-30 14:45:00,5200.0,5225.0,5200.0,5200.0,33400
2026-04-30 14:50:00,5225.0,5225.0,5200.0,5225.0,11000
2026-04-30 14:55:00,5200.0,5225.0,5200.0,5200.0,10200
2026-04-30 15:00:00,5225.0,5225.0,5200.0,5200.0,12200
2026-04-30 15:05:00,5200.0,5225.0,5200.0,5200.0,20900
2026-04-30 15:10:00,5200.0,5225.0,5200.0,5200.0,13200
2026-04-30 15:15:00,5200.0,5225.0,5200.0,5200.0,43000
2026-04-30 15:20:00,5200.0,5225.0,5200.0,5200.0,33900
2026-04-30 15:25:00,5200.0,5225.0,5200.0,5200.0,56500
2026-04-30 15:30:00,5200.0,5225.0,5200.0,5200.0,60500
2026-04-30 15:35:00,5200.0,5225.0,5200.0,5200.0,60800
2026-04-30 15:40:00,5200.0,5225.0,5200.0,5200.0,128400
2026-04-30 15:45:00,5225.0,5225.0,5200.0,5225.0,760600
2026-04-30 16:00:00,5200.0,5200.0,5200.0,5200.0,373600
2026-04-30 16:05:00,5200.0,5200.0,5200.0,5200.0,14900
2026-04-30 16:10:00,5200.0,5200.0,5200.0,5200.0,6600
2026-05-04 09:00:00,5225.0,5225.0,5125.0,5175.0,0
2026-05-04 09:05:00,5150.0,5175.0,5150.0,5150.0,22900
2026-05-04 09:10:00,5200.0,5200.0,5175.0,5175.0,1900
2026-05-04 09:15:00,5150.0,5150.0,5150.0,5150.0,1200
2026-05-04 09:20:00,5175.0,5175.0,5150.0,5150.0,4600
2026-05-04 09:25:00,5175.0,5175.0,5150.0,5150.0,16600
2026-05-04 09:30:00,5150.0,5150.0,5125.0,5125.0,3200
2026-05-04 09:35:00,5150.0,5150.0,5125.0,5125.0,8800
2026-05-04 09:40:00,5125.0,5150.0,5100.0,5150.0,10600
2026-05-04 09:45:00,5150.0,5150.0,5125.0,5150.0,2500
2026-05-04 09:50:00,5125.0,5125.0,5125.0,5125.0,3600
2026-05-04 09:55:00,5125.0,5125.0,5100.0,5100.0,8200
2026-05-04 10:00:00,5100.0,5125.0,5100.0,5125.0,3600
2026-05-04 10:05:00,5100.0,5125.0,5100.0,5100.0,11000
2026-05-04 10:10:00,5125.0,5125.0,5100.0,5125.0,3900
2026-05-04 10:15:00,5100.0,5125.0,5100.0,5125.0,14300
2026-05-04 10:20:00,5125.0,5125.0,5100.0,5100.0,82100
2026-05-04 10:25:00,5075.0,5125.0,5075.0,5125.0,1400
2026-05-04 10:30:00,5125.0,5125.0,5125.0,5125.0,1700
2026-05-04 10:35:00,5100.0,5100.0,5075.0,5100.0,46200
2026-05-04 10:40:00,5100.0,5100.0,5100.0,5100.0,14200
2026-05-04 10:45:00,5125.0,5125.0,5100.0,5100.0,23800
2026-05-04 10:50:00,5125.0,5125.0,5125.0,5125.0,0
2026-05-04 10:55:00,5100.0,5125.0,5100.0,5100.0,35500
2026-05-04 11:00:00,5100.0,5100.0,5100.0,5100.0,0
2026-05-04 11:05:00,5125.0,5125.0,5125.0,5125.0,41600
2026-05-04 11:15:00,5125.0,5125.0,5125.0,5125.0,200
2026-05-04 11:25:00,5150.0,5150.0,5150.0,5150.0,400
2026-05-04 11:30:00,5125.0,5125.0,5125.0,5125.0,3200
2026-05-04 11:35:00,5150.0,5150.0,5125.0,5125.0,7600
2026-05-04 11:40:00,5125.0,5150.0,5125.0,5150.0,2000
2026-05-04 11:45:00,5125.0,5150.0,5125.0,5125.0,2900
2026-05-04 11:50:00,5150.0,5150.0,5125.0,5125.0,1700
2026-05-04 11:55:00,5150.0,5150.0,5125.0,5150.0,2500
2026-05-04 13:30:00,5150.0,5150.0,5125.0,5125.0,10200
2026-05-04 13:35:00,5150.0,5150.0,5125.0,5150.0,11000
2026-05-04 13:40:00,5150.0,5150.0,5150.0,5150.0,900
2026-05-04 13:45:00,5150.0,5150.0,5150.0,5150.0,1100
2026-05-04 13:50:00,5150.0,5150.0,5150.0,5150.0,1200
2026-05-04 13:55:00,5150.0,5150.0,5125.0,5125.0,1600
2026-05-04 14:00:00,5150.0,5150.0,5125.0,5150.0,2900
2026-05-04 14:05:00,5125.0,5150.0,5125.0,5150.0,2700
2026-05-04 14:10:00,5125.0,5175.0,5125.0,5150.0,27600
2026-05-04 14:15:00,5150.0,5150.0,5150.0,5150.0,900
2026-05-04 14:20:00,5150.0,5150.0,5150.0,5150.0,3500
2026-05-04 14:30:00,5150.0,5175.0,5150.0,5175.0,2200
2026-05-04 14:35:00,5175.0,5175.0,5150.0,5150.0,11100
2026-05-04 14:40:00,5150.0,5150.0,5150.0,5150.0,400
2026-05-04 14:45:00,5150.0,5175.0,5150.0,5150.0,3100
2026-05-04 14:50:00,5150.0,5175.0,5150.0,5150.0,7600
2026-05-04 14:55:00,5150.0,5175.0,5150.0,5150.0,4100
2026-05-04 15:00:00,5175.0,5175.0,5150.0,5150.0,4900
2026-05-04 15:05:00,5150.0,5175.0,5150.0,5150.0,2500
2026-05-04 15:10:00,5150.0,5175.0,5125.0,5125.0,43800
2026-05-04 15:15:00,5125.0,5150.0,5125.0,5125.0,6200
2026-05-04 15:20:00,5125.0,5150.0,5125.0,5125.0,4500
2026-05-04 15:25:00,5125.0,5150.0,5125.0,5125.0,2600
2026-05-04 15:30:00,5125.0,5150.0,5125.0,5125.0,9700
2026-05-04 15:35:00,5125.0,5150.0,5125.0,5125.0,9700
2026-05-04 15:40:00,5125.0,5150.0,5125.0,5125.0,4900
2026-05-04 15:45:00,5125.0,5150.0,5125.0,5125.0,36400
2026-05-04 16:00:00,5125.0,5125.0,5125.0,5125.0,75000
2026-05-04 16:05:00,5125.0,5125.0,5125.0,5125.0,1100
2026-05-05 09:00:00,5125.0,5125.0,5075.0,5100.0,25100
2026-05-05 09:05:00,5075.0,5100.0,5075.0,5100.0,29800
2026-05-05 09:10:00,5100.0,5100.0,5100.0,5100.0,2700
2026-05-05 09:15:00,5100.0,5100.0,5075.0,5100.0,21500
2026-05-05 09:20:00,5100.0,5125.0,5100.0,5125.0,8600
2026-05-05 09:25:00,5125.0,5125.0,5100.0,5100.0,1700
2026-05-05 09:30:00,5100.0,5125.0,5100.0,5125.0,1100
2026-05-05 09:35:00,5125.0,5125.0,5100.0,5125.0,4200
2026-05-05 09:40:00,5125.0,5125.0,5100.0,5100.0,5900
2026-05-05 09:45:00,5100.0,5125.0,5100.0,5125.0,4100
2026-05-05 09:50:00,5100.0,5150.0,5100.0,5150.0,190000
2026-05-05 09:55:00,5175.0,5175.0,5150.0,5150.0,7900
2026-05-05 10:00:00,5150.0,5150.0,5150.0,5150.0,5000
2026-05-05 10:05:00,5150.0,5150.0,5150.0,5150.0,100
2026-05-05 10:10:00,5150.0,5150.0,5150.0,5150.0,1000
2026-05-05 10:15:00,5150.0,5150.0,5150.0,5150.0,600
2026-05-05 10:20:00,5150.0,5150.0,5150.0,5150.0,100
2026-05-05 10:25:00,5150.0,5150.0,5150.0,5150.0,500
2026-05-05 10:30:00,5125.0,5125.0,5125.0,5125.0,1600
2026-05-05 10:35:00,5150.0,5150.0,5125.0,5125.0,700
2026-05-05 10:40:00,5125.0,5150.0,5125.0,5150.0,1400
2026-05-05 10:45:00,5150.0,5150.0,5125.0,5125.0,2600
2026-05-05 10:50:00,5150.0,5150.0,5125.0,5125.0,2000
2026-05-05 10:55:00,5150.0,5150.0,5125.0,5125.0,2900
2026-05-05 11:00:00,5125.0,5125.0,5125.0,5125.0,15500
2026-05-05 11:05:00,5125.0,5150.0,5125.0,5125.0,2800
2026-05-05 11:10:00,5125.0,5150.0,5125.0,5150.0,2100
2026-05-05 11:15:00,5125.0,5150.0,5125.0,5150.0,5300
2026-05-05 11:20:00,5125.0,5150.0,5125.0,5125.0,2900
2026-05-05 11:25:00,5125.0,5150.0,5125.0,5125.0,1600
2026-05-05 11:30:00,5125.0,5125.0,5125.0,5125.0,2000
2026-05-05 11:35:00,5150.0,5150.0,5125.0,5150.0,5700
2026-05-05 11:40:00,5150.0,5150.0,5150.0,5150.0,300
2026-05-05 11:45:00,5150.0,5150.0,5125.0,5125.0,1900
2026-05-05 11:50:00,5150.0,5150.0,5125.0,5125.0,3000
2026-05-05 11:55:00,5125.0,5150.0,5125.0,5125.0,7800
