Datetime,Open,High,Low,Close,Volume
2026-02-03 09:00:00,22050.0,22075.0,22000.0,22000.0,0
2026-02-03 09:05:00,22000.0,22025.0,21850.0,21850.0,47900
2026-02-03 09:10:00,21850.0,21950.0,21825.0,21950.0,41800
2026-02-03 09:15:00,21950.0,22025.0,21925.0,22025.0,98800
2026-02-03 09:20:00,22000.0,22000.0,21950.0,21975.0,17800
2026-02-03 09:25:00,21975.0,21975.0,21950.0,21975.0,29700
2026-02-03 09:30:00,21975.0,21975.0,21950.0,21975.0,1100
2026-02-03 09:35:00,21975.0,22000.0,21950.0,22000.0,33000
2026-02-03 09:40:00,22000.0,22000.0,22000.0,22000.0,8800
2026-02-03 09:45:00,21975.0,22000.0,21950.0,21950.0,23600
2026-02-03 09:50:00,21975.0,22000.0,21950.0,22000.0,7900
2026-02-03 09:55:00,22000.0,22000.0,21975.0,21975.0,10400
2026-02-03 10:00:00,22000.0,22000.0,21950.0,21975.0,13200
2026-02-03 10:05:00,21975.0,22000.0,21975.0,22000.0,12900
2026-02-03 10:10:00,21975.0,22000.0,21950.0,21950.0,26800
2026-02-03 10:15:00,21950.0,21975.0,21950.0,21975.0,3800
2026-02-03 10:20:00,21975.0,22050.0,21975.0,22050.0,47200
2026-02-03 10:25:00,22050.0,22075.0,22025.0,22050.0,19300
2026-02-03 10:30:00,22025.0,22050.0,22025.0,22050.0,10800
2026-02-03 10:35:00,22025.0,22075.0,22025.0,22050.0,12400
2026-02-03 10:40:00,22025.0,22025.0,22025.0,22025.0,500
2026-02-03 10:45:00,22025.0,22050.0,21975.0,22000.0,41500
2026-02-03 10:50:00,21975.0,22000.0,21975.0,21975.0,2400
2026-02-03 10:55:00,21975.0,22000.0,21975.0,22000.0,3300
2026-02-03 11:00:00,22000.0,22000.0,21975.0,22000.0,4400
2026-02-03 11:05:00,22000.0,22050.0,22000.0,22025.0,31900
2026-02-03 11:10:00,22025.0,22050.0,22025.0,22025.0,9800
2026-02-03 11:15:00,22025.0,22050.0,22025.0,22050.0,0
2026-02-03 11:20:00,22025.0,22050.0,22025.0,22050.0,2400
2026-02-03 11:25:00,22050.0,22075.0,22025.0,22025.0,23200
2026-02-03 11:30:00,22050.0,22050.0,22025.0,22050.0,3100
2026-02-03 11:35:00,22025.0,22050.0,22025.0,22050.0,15200
2026-02-03 11:40:00,22025.0,22050.0,22025.0,22025.0,1800
2026-02-03 11:45:00,22025.0,22050.0,22025.0,22025.0,9500
2026-02-03 11:50:00,22025.0,22025.0,22000.0,22000.0,21100
2026-02-03 11:55:00,22000.0,22025.0,22000.0,22000.0,5000
2026-02-03 13:30:00,22025.0,22025.0,22000.0,22025.0,20500
2026-02-03 13:35:00,22025.0,22050.0,22000.0,22050.0,7300
2026-02-03 13:40:00,22050.0,22050.0,22025.0,22025.0,7600
2026-02-03 13:45:00,22050.0,22050.0,22025.0,22050.0,28100
2026-02-03 13:50:00,22050.0,22075.0,22025.0,22075.0,40300
2026-02-03 13:55:00,22075.0,22075.0,22050.0,22075.0,2000
2026-02-03 14:00:00,22075.0,22075.0,22025.0,22050.0,12500
2026-02-03 14:05:00,22050.0,22050.0,22025.0,22025.0,1500
2026-02-03 14:10:00,22050.0,22050.0,22025.0,22025.0,10400
2026-02-03 14:15:00,22050.0,22050.0,22025.0,22050.0,3700
2026-02-03 14:20:00,22050.0,22050.0,22025.0,22050.0,1600
2026-02-03 14:25:00,22050.0,22075.0,22025.0,22075.0,12900
2026-02-03 14:30:00,22075.0,22075.0,22025.0,22025.0,13500
2026-02-03 14:35:00,22025.0,22050.0,22025.0,22025.0,14500
2026-02-03 14:40:00,22025.0,22050.0,22025.0,22050.0,13900
2026-02-03 14:45:00,22075.0,22075.0,22050.0,22050.0,12400
2026-02-03 14:50:00,22050.0,22075.0,22050.0,22050.0,17500
2026-02-03 14:55:00,22075.0,22075.0,22025.0,22025.0,27200
2026-02-03 15:00:00,22025.0,22050.0,22025.0,22025.0,2100
2026-02-03 15:05:00,22050.0,22050.0,22025.0,22025.0,27100
2026-02-03 15:10:00,22025.0,22050.0,22025.0,22050.0,7900
2026-02-03 15:15:00,22025.0,22050.0,22025.0,22025.0,8100
2026-02-03 15:20:00,22050.0,22075.0,22025.0,22075.0,51600
2026-02-03 15:25:00,22075.0,22125.0,22050.0,22075.0,47800
2026-02-03 15:30:00,22075.0,22100.0,22075.0,22075.0,12500
2026-02-03 15:35:00,22075.0,22100.0,22050.0,22100.0,41700
2026-02-03 15:40:00,22075.0,22100.0,22000.0,22025.0,44800
2026-02-03 15:45:00,22000.0,22100.0,22000.0,22025.0,70800
2026-02-03 16:00:00,22025.0,22025.0,22025.0,22025.0,70700
2026-02-03 16:05:00,22025.0,22025.0,22025.0,22025.0,0
2026-02-04 09:00:00,22050.0,22125.0,22050.0,22100.0,0
2026-02-04 09:05:00,22125.0,22200.0,22100.0,22200.0,46600
2026-02-04 09:10:00,22175.0,22200.0,22100.0,22125.0,31900
2026-02-04 09:15:00,22125.0,22150.0,22125.0,22150.0,9100
2026-02-04 09:20:00,22150.0,22175.0,22125.0,22175.0,30500
2026-02-04 09:25:00,22150.0,22150.0,22125.0,22125.0,11700
2026-02-04 09:30:00,22125.0,22150.0,22125.0,22150.0,13800
2026-02-04 09:35:00,22125.0,22150.0,22100.0,22100.0,18500
2026-02-04 09:40:00,22125.0,22125.0,22050.0,22075.0,17100
2026-02-04 09:45:00,22050.0,22100.0,22050.0,22075.0,14000
2026-02-04 09:50:00,22075.0,22100.0,22075.0,22100.0,17500
2026-02-04 09:55:00,22100.0,22125.0,22100.0,22125.0,7600
2026-02-04 10:00:00,22100.0,22125.0,22100.0,22100.0,13700
2026-02-04 10:05:00,22100.0,22125.0,22075.0,22075.0,14900
2026-02-04 10:10:00,22075.0,22075.0,22075.0,22075.0,1800
2026-02-04 10:15:00,22100.0,22125.0,22075.0,22100.0,32000
2026-02-04 10:20:00,22100.0,22125.0,22075.0,22075.0,25500
2026-02-04 10:25:00,22075.0,22075.0,22025.0,22075.0,39900
2026-02-04 10:30:00,22075.0,22075.0,22025.0,22050.0,15800
2026-02-04 10:35:00,22050.0,22075.0,22050.0,22050.0,6200
2026-02-04 10:40:00,22050.0,22075.0,22050.0,22050.0,2200
2026-02-04 10:45:00,22050.0,22100.0,22050.0,22075.0,15300
2026-02-04 10:50:00,22075.0,22100.0,22050.0,22050.0,8400
2026-02-04 10:55:00,22050.0,22050.0,22025.0,22025.0,18100
2026-02-04 11:00:00,22025.0,22050.0,22025.0,22025.0,2600
2026-02-04 11:05:00,22025.0,22050.0,22025.0,22025.0,3600
2026-02-04 11:10:00,22025.0,22075.0,22025.0,22050.0,4400
2026-02-04 11:15:00,22075.0,22075.0,22050.0,22050.0,900
2026-02-04 11:20:00,22050.0,22050.0,22050.0,22050.0,3200
2026-02-04 11:25:00,22050.0,22075.0,22050.0,22050.0,2600
2026-02-04 11:30:00,22050.0,22075.0,22050.0,22050.0,6400
2026-02-04 11:35:00,22075.0,22075.0,22025.0,22025.0,52100
2026-02-04 11:40:00,22025.0,22050.0,22025.0,22025.0,700
2026-02-04 11:45:00,22050.0,22075.0,22025.0,22050.0,3400
2026-02-04 11:50:00,22050.0,22050.0,22050.0,22050.0,6800
2026-02-04 11:55:00,22050.0,22075.0,22050.0,22075.0,12100
2026-02-04 13:30:00,22075.0,22100.0,22075.0,22100.0,12100
2026-02-04 13:35:00,22100.0,22100.0,22075.0,22100.0,2500
2026-02-04 13:40:00,22100.0,22100.0,22075.0,22100.0,34500
2026-02-04 13:45:00,22100.0,22125.0,22075.0,22125.0,2600
2026-02-04 13:50:00,22100.0,22100.0,22100.0,22100.0,800
2026-02-04 13:55:00,22100.0,22100.0,22100.0,22100.0,10300
2026-02-04 14:00:00,22075.0,22075.0,22075.0,22075.0,0
2026-02-04 14:05:00,22100.0,22125.0,22100.0,22100.0,2800
2026-02-04 14:10:00,22125.0,22150.0,22100.0,22150.0,26400
2026-02-04 14:15:00,22150.0,22150.0,22125.0,22125.0,9400
2026-02-04 14:20:00,22125.0,22150.0,22100.0,22125.0,4300
2026-02-04 14:25:00,22125.0,22150.0,22100.0,22100.0,9800
2026-02-04 14:30:00,22100.0,22100.0,22075.0,22075.0,8500
2026-02-04 14:35:00,22075.0,22100.0,22075.0,22075.0,13400
2026-02-04 14:40:00,22075.0,22150.0,22075.0,22150.0,12000
2026-02-04 14:45:00,22150.0,22150.0,22125.0,22150.0,8200
2026-02-04 14:50:00,22150.0,22150.0,22075.0,22100.0,23900
2026-02-04 14:55:00,22100.0,22150.0,22100.0,22100.0,1800
2026-02-04 15:00:00,22150.0,22150.0,22125.0,22150.0,6100
2026-02-04 15:05:00,22150.0,22150.0,22125.0,22125.0,3900
2026-02-04 15:10:00,22150.0,22150.0,22075.0,22075.0,27200
2026-02-04 15:15:00,22075.0,22100.0,22075.0,22075.0,5000
2026-02-04 15:20:00,22075.0,22125.0,22075.0,22100.0,3600
2026-02-04 15:25:00,22125.0,22125.0,22100.0,22100.0,15500
2026-02-04 15:30:00,22100.0,22125.0,22100.0,22125.0,2400
2026-02-04 15:35:00,22125.0,22150.0,22100.0,22100.0,22400
2026-02-04 15:40:00,22100.0,22125.0,22100.0,22100.0,16000
2026-02-04 15:45:00,22125.0,22125.0,22075.0,22075.0,28000
2026-02-04 16:00:00,22050.0,22050.0,22050.0,22050.0,145900
2026-02-05 09:00:00,22100.0,22200.0,22100.0,22175.0,0
2026-02-05 09:05:00,22175.0,22200.0,22175.0,22200.0,17800
2026-02-05 09:10:00,22200.0,22200.0,22175.0,22200.0,37500
2026-02-05 09:15:00,22175.0,22200.0,22150.0,22175.0,14800
2026-02-05 09:20:00,22150.0,22175.0,22150.0,22150.0,13500
2026-02-05 09:25:00,22125.0,22125.0,22100.0,22125.0,17000
2026-02-05 09:30:00,22100.0,22125.0,22100.0,22125.0,15600
2026-02-05 09:35:00,22125.0,22150.0,22125.0,22150.0,4900
2026-02-05 09:40:00,22150.0,22150.0,22100.0,22125.0,11700
2026-02-05 09:45:00,22100.0,22125.0,22100.0,22125.0,11100
2026-02-05 09:50:00,22125.0,22125.0,22125.0,22125.0,700
2026-02-05 09:55:00,22125.0,22150.0,22100.0,22125.0,11000
2026-02-05 10:00:00,22125.0,22125.0,22100.0,22100.0,11000
2026-02-05 10:05:00,22100.0,22125.0,22100.0,22100.0,9500
2026-02-05 10:10:00,22125.0,22150.0,22050.0,22100.0,45200
2026-02-05 10:15:00,22075.0,22100.0,22075.0,22075.0,15500
2026-02-05 10:20:00,22075.0,22100.0,22075.0,22100.0,1000
2026-02-05 10:25:00,22100.0,22125.0,22075.0,22125.0,26900
2026-02-05 10:30:00,22100.0,22125.0,22100.0,22100.0,47800
2026-02-05 10:35:00,22125.0,22150.0,22125.0,22150.0,28000
2026-02-05 10:40:00,22150.0,22150.0,22150.0,22150.0,5500
2026-02-05 10:45:00,22150.0,22175.0,22150.0,22175.0,23900
2026-02-05 10:50:00,22150.0,22150.0,22125.0,22150.0,1100
2026-02-05 10:55:00,22150.0,22150.0,22150.0,22150.0,9700
2026-02-05 11:00:00,22150.0,22150.0,22125.0,22125.0,3200
2026-02-05 11:05:00,22150.0,22150.0,22125.0,22150.0,0
2026-02-05 11:10:00,22150.0,22150.0,22125.0,22150.0,18200
2026-02-05 11:15:00,22175.0,22175.0,22175.0,22175.0,9800
2026-02-05 11:20:00,22125.0,22150.0,22125.0,22150.0,2300
2026-02-05 11:25:00,22150.0,22175.0,22125.0,22175.0,23700
2026-02-05 11:30:00,22175.0,22200.0,22150.0,22200.0,60800
2026-02-05 11:35:00,22150.0,22150.0,22125.0,22125.0,10900
2026-02-05 11:40:00,22125.0,22150.0,22125.0,22150.0,22600
2026-02-05 11:45:00,22150.0,22150.0,22125.0,22125.0,12500
2026-02-05 11:50:00,22150.0,22150.0,22125.0,22125.0,8000
2026-02-05 11:55:00,22125.0,22150.0,22125.0,22150.0,11800
2026-02-05 13:30:00,22150.0,22150.0,22100.0,22150.0,62600
2026-02-05 13:35:00,22125.0,22175.0,22125.0,22150.0,18300
2026-02-05 13:40:00,22175.0,22175.0,22150.0,22150.0,24600
2026-02-05 13:45:00,22175.0,22175.0,22150.0,22175.0,3900
2026-02-05 13:50:00,22150.0,22150.0,22125.0,22150.0,14600
2026-02-05 13:55:00,22125.0,22150.0,22125.0,22150.0,6200
2026-02-05 14:00:00,22150.0,22175.0,22125.0,22175.0,13200
2026-02-05 14:05:00,22125.0,22125.0,22125.0,22125.0,0
2026-02-05 14:10:00,22125.0,22150.0,22125.0,22150.0,4100
2026-02-05 14:15:00,22150.0,22150.0,22100.0,22100.0,32000
2026-02-05 14:20:00,22100.0,22125.0,22100.0,22125.0,4800
2026-02-05 14:25:00,22125.0,22150.0,22125.0,22150.0,400
2026-02-05 14:30:00,22150.0,22175.0,22150.0,22150.0,10900
2026-02-05 14:35:00,22150.0,22175.0,22150.0,22175.0,200
2026-02-05 14:40:00,22150.0,22150.0,22150.0,22150.0,5300
2026-02-05 14:45:00,22125.0,22150.0,22125.0,22125.0,2500
2026-02-05 14:50:00,22150.0,22150.0,22125.0,22125.0,4200
2026-02-05 14:55:00,22150.0,22150.0,22150.0,22150.0,3400
2026-02-05 15:00:00,22125.0,22150.0,22125.0,22150.0,1100
2026-02-05 15:05:00,22125.0,22150.0,22125.0,22125.0,6300
2026-02-05 15:10:00,22125.0,22150.0,22125.0,22150.0,11800
2026-02-05 15:15:00,22150.0,22150.0,22125.0,22150.0,3600
2026-02-05 15:20:00,22150.0,22150.0,22125.0,22150.0,2800
2026-02-05 15:25:00,22150.0,22150.0,22125.0,22150.0,21000
2026-02-05 15:30:00,22150.0,22175.0,22125.0,22150.0,14300
2026-02-05 15:35:00,22150.0,22150.0,22125.0,22150.0,5000
2026-02-05 15:40:00,22150.0,22150.0,22125.0,22150.0,9300
2026-02-05 15:45:00,22150.0,22150.0,22125.0,22125.0,19200
2026-02-05 16:00:00,22125.0,22125.0,22125.0,22125.0,54200
2026-02-05 16:05:00,22125.0,22125.0,22125.0,22125.0,300
2026-02-05 16:10:00,22125.0,22125.0,22125.0,22125.0,200
2026-02-06 09:00:00,22050.0,22050.0,21900.0,21900.0,0
2026-02-06 09:05:00,21900.0,22000.0,21900.0,22000.0,17500
2026-02-06 09:10:00,22000.0,22050.0,22000.0,22050.0,43400
2026-02-06 09:15:00,22050.0,22050.0,22025.0,22025.0,3600
2026-02-06 09:20:00,22050.0,22050.0,22025.0,22050.0,14100
2026-02-06 09:25:00,22050.0,22050.0,22000.0,22000.0,16100
2026-02-06 09:30:00,22025.0,22025.0,22000.0,22000.0,82200
2026-02-06 09:35:00,22000.0,22025.0,21975.0,22000.0,16300
2026-02-06 09:40:00,22000.0,22000.0,22000.0,22000.0,13800
2026-02-06 09:45:00,22000.0,22025.0,22000.0,22000.0,3600
2026-02-06 09:50:00,22025.0,22025.0,21975.0,22025.0,72200
2026-02-06 09:55:00,22025.0,22025.0,21975.0,22000.0,62700
2026-02-06 10:00:00,22025.0,22025.0,22000.0,22000.0,0
2026-02-06 10:05:00,22000.0,22025.0,21975.0,22000.0,46700
2026-02-06 10:10:00,22000.0,22000.0,22000.0,22000.0,0
2026-02-06 10:15:00,22000.0,22000.0,21975.0,22000.0,75200
2026-02-06 10:20:00,22025.0,22025.0,22000.0,22000.0,39900
2026-02-06 10:25:00,22000.0,22025.0,22000.0,22000.0,0
2026-02-06 10:30:00,22025.0,22025.0,22000.0,22000.0,6000
2026-02-06 10:35:00,22000.0,22025.0,22000.0,22025.0,5100
2026-02-06 10:40:00,22025.0,22025.0,22000.0,22025.0,7800
2026-02-06 10:45:00,22000.0,22025.0,21975.0,21975.0,47400
2026-02-06 10:50:00,22000.0,22000.0,21975.0,21975.0,4300
2026-02-06 10:55:00,22000.0,22000.0,21950.0,21975.0,36100
2026-02-06 11:00:00,21950.0,21975.0,21950.0,21975.0,8300
2026-02-06 11:05:00,21975.0,21975.0,21950.0,21950.0,43800
2026-02-06 11:10:00,21975.0,21975.0,21925.0,21925.0,11100
2026-02-06 11:15:00,21925.0,21950.0,21900.0,21925.0,207500
2026-02-06 11:20:00,21925.0,21925.0,21900.0,21925.0,3900
2026-02-06 11:25:00,21925.0,21925.0,21900.0,21900.0,5900
2026-02-06 14:00:00,21925.0,21950.0,21800.0,21925.0,353000
2026-02-06 14:05:00,21925.0,21975.0,21900.0,21950.0,131400
2026-02-06 14:10:00,21925.0,21950.0,21925.0,21950.0,24300
2026-02-06 14:15:00,21950.0,21975.0,21925.0,21950.0,27500
2026-02-06 14:20:00,21925.0,21925.0,21900.0,21900.0,70100
2026-02-06 14:25:00,21900.0,21900.0,21875.0,21900.0,20100
2026-02-06 14:30:00,21900.0,21900.0,21900.0,21900.0,14600
2026-02-06 14:35:00,21900.0,21950.0,21875.0,21950.0,43100
2026-02-06 14:40:00,21950.0,22000.0,21925.0,22000.0,36100
2026-02-06 14:50:00,21925.0,21925.0,21900.0,21900.0,160200
2026-02-06 14:55:00,21925.0,21925.0,21925.0,21925.0,2800
2026-02-06 15:00:00,21925.0,21925.0,21900.0,21900.0,10800
2026-02-06 15:05:00,21925.0,22000.0,21900.0,22000.0,57400
2026-02-06 15:10:00,21975.0,21975.0,21950.0,21975.0,2400
2026-02-06 15:15:00,21975.0,21975.0,21975.0,21975.0,2600
2026-02-06 15:20:00,21975.0,22000.0,21950.0,22000.0,18600
2026-02-06 15:25:00,22000.0,22025.0,22000.0,22000.0,5700
2026-02-06 15:30:00,22025.0,22025.0,22000.0,22000.0,10900
2026-02-06 15:35:00,22025.0,22025.0,21975.0,21975.0,48300
2026-02-06 15:40:00,22000.0,22025.0,21975.0,22000.0,16300
2026-02-06 15:45:00,22025.0,22025.0,22000.0,22000.0,14400
2026-02-06 16:00:00,21950.0,21950.0,21950.0,21950.0,46300
2026-02-06 16:05:00,21950.0,21950.0,21950.0,21950.0,41200
2026-02-06 16:10:00,21950.0,21950.0,21950.0,21950.0,2200
2026-02-09 09:00:00,22000.0,22000.0,21850.0,21900.0,0
2026-02-09 09:05:00,21950.0,21975.0,21875.0,21900.0,31800
2026-02-09 09:10:00,21900.0,21900.0,21825.0,21875.0,35000
2026-02-09 09:15:00,21875.0,21900.0,21850.0,21875.0,60300
2026-02-09 09:20:00,21850.0,21875.0,21850.0,21875.0,28300
2026-02-09 09:25:00,21875.0,21875.0,21850.0,21875.0,12100
2026-02-09 09:30:00,21875.0,21900.0,21850.0,21875.0,16300
2026-02-09 09:35:00,21875.0,21900.0,21850.0,21900.0,38900
2026-02-09 09:40:00,21900.0,21900.0,21875.0,21900.0,3600
2026-02-09 09:45:00,21900.0,21925.0,21900.0,21925.0,8800
2026-02-09 09:50:00,21925.0,21950.0,21925.0,21925.0,7400
2026-02-09 09:55:00,21925.0,21975.0,21925.0,21975.0,7400
2026-02-09 10:00:00,21975.0,21975.0,21975.0,21975.0,3400
2026-02-09 10:05:00,21975.0,21975.0,21950.0,21975.0,8900
2026-02-09 10:10:00,22000.0,22000.0,22000.0,22000.0,100
2026-02-09 10:15:00,21950.0,22000.0,21950.0,21975.0,3900
2026-02-09 10:20:00,21975.0,22000.0,21950.0,21950.0,9200
2026-02-09 10:25:00,21950.0,21975.0,21950.0,21950.0,1800
2026-02-09 10:30:00,21975.0,22000.0,21950.0,22000.0,10500
2026-02-09 10:35:00,21975.0,22000.0,21975.0,22000.0,4400
2026-02-09 10:40:00,22000.0,22025.0,22000.0,22025.0,7400
2026-02-09 10:45:00,22025.0,22025.0,22000.0,22000.0,10200
2026-02-09 10:50:00,22000.0,22025.0,21975.0,22025.0,5200
2026-02-09 10:55:00,22025.0,22050.0,22000.0,22050.0,5200
2026-02-09 11:00:00,22050.0,22050.0,22025.0,22025.0,4800
2026-02-09 11:05:00,22050.0,22050.0,22025.0,22025.0,700
2026-02-09 11:10:00,22050.0,22050.0,22025.0,22025.0,3500
2026-02-09 11:15:00,22025.0,22050.0,22025.0,22025.0,6700
2026-02-09 11:20:00,22025.0,22025.0,22000.0,22000.0,8600
2026-02-09 11:25:00,22000.0,22000.0,22000.0,22000.0,6300
2026-02-09 11:30:00,22000.0,22025.0,22000.0,22000.0,2300
2026-02-09 11:35:00,22000.0,22050.0,22000.0,22050.0,3000
2026-02-09 11:40:00,22025.0,22025.0,22000.0,22025.0,4900
2026-02-09 11:45:00,22025.0,22025.0,22000.0,22025.0,9300
2026-02-09 11:50:00,22025.0,22025.0,22000.0,22025.0,2800
2026-02-09 11:55:00,22000.0,22050.0,22000.0,22050.0,10500
2026-02-09 13:30:00,22050.0,22050.0,22025.0,22025.0,28800
2026-02-09 13:35:00,22000.0,22025.0,22000.0,22025.0,3500
2026-02-09 13:40:00,22000.0,22025.0,22000.0,22000.0,1300
2026-02-09 13:45:00,22000.0,22025.0,22000.0,22000.0,2100
2026-02-09 13:50:00,22025.0,22025.0,21975.0,21975.0,27000
2026-02-09 13:55:00,21975.0,22000.0,21975.0,21975.0,6100
2026-02-09 14:00:00,21975.0,22000.0,21925.0,22000.0,76300
2026-02-09 14:05:00,21925.0,22000.0,21925.0,22000.0,69200
2026-02-09 14:10:00,22000.0,22000.0,22000.0,22000.0,0
2026-02-09 14:15:00,22000.0,22025.0,21975.0,22025.0,54500
2026-02-09 14:20:00,22025.0,22025.0,22000.0,22025.0,5200
2026-02-09 14:25:00,22000.0,22000.0,22000.0,22000.0,11100
2026-02-09 14:30:00,22025.0,22025.0,22000.0,22000.0,2600
2026-02-09 14:35:00,22025.0,22025.0,22025.0,22025.0,900
2026-02-09 14:40:00,22025.0,22025.0,22000.0,22025.0,3600
2026-02-09 14:45:00,22000.0,22025.0,22000.0,22025.0,5200
2026-02-09 14:50:00,22025.0,22025.0,22000.0,22000.0,5400
2026-02-09 14:55:00,22025.0,22025.0,22000.0,22025.0,7500
2026-02-09 15:00:00,22000.0,22025.0,22000.0,22025.0,3300
2026-02-09 15:05:00,22000.0,22025.0,22000.0,22025.0,3500
2026-02-09 15:10:00,22025.0,22025.0,22000.0,22025.0,9000
2026-02-09 15:15:00,22025.0,22025.0,22000.0,22000.0,10100
2026-02-09 15:20:00,22025.0,22025.0,22000.0,22000.0,5100
2026-02-09 15:25:00,22025.0,22025.0,22000.0,22000.0,10700
2026-02-09 15:30:00,22000.0,22025.0,22000.0,22000.0,7600
2026-02-09 15:35:00,22000.0,22025.0,22000.0,22000.0,19600
2026-02-09 15:40:00,22000.0,22025.0,21975.0,21975.0,18600
2026-02-09 15:45:00,22000.0,22025.0,21975.0,22025.0,11400
2026-02-09 16:00:00,22025.0,22025.0,22025.0,22025.0,45800
2026-02-09 16:05:00,22025.0,22025.0,22025.0,22025.0,4600
2026-02-09 16:10:00,22025.0,22025.0,22025.0,22025.0,200
2026-02-10 09:00:00,22050.0,22050.0,22025.0,22050.0,0
2026-02-10 09:05:00,22025.0,22050.0,22025.0,22025.0,4000
2026-02-10 09:10:00,22050.0,22050.0,22025.0,22025.0,2400
2026-02-10 09:15:00,22025.0,22025.0,21975.0,22000.0,164400
2026-02-10 09:20:00,22000.0,22025.0,21975.0,22000.0,20900
2026-02-10 09:25:00,22000.0,22000.0,21975.0,22000.0,6700
2026-02-10 09:30:00,21975.0,22000.0,21975.0,22000.0,7200
2026-02-10 09:35:00,22000.0,22000.0,21975.0,22000.0,7400
2026-02-10 09:40:00,21975.0,21975.0,21950.0,21975.0,62200
2026-02-10 09:45:00,21975.0,21975.0,21950.0,21975.0,25600
2026-02-10 09:50:00,21975.0,21975.0,21950.0,21950.0,10000
2026-02-10 09:55:00,21975.0,22000.0,21975.0,21975.0,44500
2026-02-10 10:00:00,22000.0,22000.0,21950.0,21975.0,70500
2026-02-10 10:05:00,22000.0,22000.0,22000.0,22000.0,3300
2026-02-10 10:10:00,22000.0,22000.0,22000.0,22000.0,4000
2026-02-10 10:15:00,22000.0,22000.0,21975.0,21975.0,3200
2026-02-10 10:20:00,22000.0,22000.0,21975.0,21975.0,7700
2026-02-10 10:25:00,21975.0,22000.0,21975.0,22000.0,5100
2026-02-10 10:30:00,22000.0,22025.0,21975.0,22025.0,51200
2026-02-10 10:35:00,22000.0,22025.0,21975.0,22025.0,30100
2026-02-10 10:40:00,21975.0,22025.0,21975.0,22025.0,3900
2026-02-10 10:45:00,22000.0,22000.0,21975.0,22000.0,2700
2026-02-10 10:50:00,22000.0,22025.0,21975.0,22025.0,26000
2026-02-10 10:55:00,22025.0,22025.0,22000.0,22000.0,1000
2026-02-10 11:00:00,22000.0,22000.0,21975.0,22000.0,8500
2026-02-10 11:05:00,22000.0,22025.0,21975.0,22025.0,33700
2026-02-10 11:10:00,22025.0,22025.0,22000.0,22000.0,0
2026-02-10 11:15:00,22000.0,22000.0,22000.0,22000.0,1700
2026-02-10 11:20:00,22000.0,22025.0,22000.0,22025.0,9000
2026-02-10 11:25:00,22025.0,22025.0,22000.0,22025.0,0
2026-02-10 11:30:00,22025.0,22025.0,22000.0,22000.0,5000
2026-02-10 11:35:00,22000.0,22025.0,22000.0,22000.0,12500
2026-02-10 11:40:00,22025.0,22025.0,22000.0,22000.0,5100
2026-02-10 11:45:00,22025.0,22025.0,22000.0,22025.0,4800
2026-02-10 11:50:00,22025.0,22025.0,22000.0,22000.0,3100
2026-02-10 11:55:00,22000.0,22000.0,22000.0,22000.0,31500
2026-02-10 13:30:00,22000.0,22000.0,21975.0,22000.0,15500
2026-02-10 13:35:00,22000.0,22000.0,21975.0,22000.0,42200
2026-02-10 13:40:00,22000.0,22000.0,21975.0,22000.0,9900
2026-02-10 13:45:00,21975.0,22000.0,21975.0,22000.0,700
2026-02-10 13:50:00,21975.0,22000.0,21975.0,22000.0,9900
2026-02-10 13:55:00,22000.0,22000.0,22000.0,22000.0,42700
2026-02-10 14:00:00,22000.0,22000.0,22000.0,22000.0,5900
2026-02-10 14:05:00,22000.0,22000.0,21975.0,21975.0,6700
2026-02-10 14:10:00,21975.0,22000.0,21975.0,22000.0,600
2026-02-10 14:15:00,22000.0,22000.0,21975.0,22000.0,6400
2026-02-10 14:20:00,21975.0,22000.0,21975.0,22000.0,27400
2026-02-10 14:25:00,22025.0,22025.0,22025.0,22025.0,1300
2026-02-10 14:30:00,22000.0,22025.0,22000.0,22000.0,4800
2026-02-10 14:35:00,22025.0,22025.0,22000.0,22025.0,7400
2026-02-10 14:40:00,22025.0,22025.0,22000.0,22025.0,7600
2026-02-10 14:45:00,22025.0,22025.0,22025.0,22025.0,1200
2026-02-10 14:50:00,22025.0,22050.0,22000.0,22050.0,18600
2026-02-10 14:55:00,22025.0,22050.0,22025.0,22025.0,9300
2026-02-10 15:00:00,22050.0,22050.0,22025.0,22025.0,6600
2026-02-10 15:05:00,22025.0,22050.0,22025.0,22050.0,2900
2026-02-10 15:10:00,22050.0,22050.0,22025.0,22025.0,2100
2026-02-10 15:15:00,22050.0,22050.0,22025.0,22050.0,9300
2026-02-10 15:20:00,22050.0,22050.0,22025.0,22025.0,500
2026-02-10 15:25:00,22050.0,22050.0,22025.0,22050.0,12900
2026-02-10 15:30:00,22050.0,22050.0,22025.0,22025.0,14900
2026-02-10 15:35:00,22050.0,22075.0,22025.0,22075.0,10900
2026-02-10 15:40:00,22050.0,22075.0,22025.0,22050.0,13600
2026-02-10 15:45:00,22050.0,22050.0,22000.0,22000.0,7900
2026-02-10 16:00:00,22100.0,22100.0,22100.0,22100.0,38800
2026-02-10 16:05:00,22100.0,22100.0,22100.0,22100.0,3500
2026-02-10 16:10:00,22100.0,22100.0,22100.0,22100.0,5100
2026-02-11 09:00:00,22075.0,22125.0,22075.0,22075.0,0
2026-02-11 09:05:00,22100.0,22100.0,22100.0,22100.0,3200
2026-02-11 09:10:00,22100.0,22125.0,22075.0,22125.0,16300
2026-02-11 09:15:00,22100.0,22100.0,22075.0,22100.0,16600
2026-02-11 09:20:00,22100.0,22100.0,22075.0,22075.0,9900
2026-02-11 09:25:00,22100.0,22100.0,22100.0,22100.0,2900
2026-02-11 09:30:00,22075.0,22100.0,22075.0,22075.0,9300
2026-02-11 09:35:00,22075.0,22100.0,22075.0,22100.0,7100
2026-02-11 09:40:00,22100.0,22100.0,22075.0,22075.0,39600
2026-02-11 09:45:00,22075.0,22075.0,22050.0,22050.0,1700
2026-02-11 09:50:00,22075.0,22075.0,22050.0,22075.0,7700
2026-02-11 09:55:00,22075.0,22075.0,22075.0,22075.0,1700
2026-02-11 10:00:00,22075.0,22075.0,22050.0,22075.0,12700
2026-02-11 10:05:00,22075.0,22100.0,22075.0,22100.0,13700
2026-02-11 10:10:00,22100.0,22100.0,22075.0,22100.0,12500
2026-02-11 10:15:00,22075.0,22100.0,22075.0,22075.0,13600
2026-02-11 10:20:00,22075.0,22075.0,22025.0,22025.0,44700
2026-02-11 10:25:00,22025.0,22025.0,22000.0,22025.0,37600
2026-02-11 10:30:00,22025.0,22050.0,22000.0,22025.0,18700
2026-02-11 10:35:00,22000.0,22050.0,22000.0,22025.0,5000
2026-02-11 10:40:00,22050.0,22050.0,22025.0,22025.0,900
2026-02-11 10:45:00,22025.0,22075.0,22025.0,22075.0,4400
2026-02-11 10:50:00,22050.0,22075.0,22050.0,22075.0,1300
2026-02-11 10:55:00,22075.0,22075.0,22050.0,22075.0,8000
2026-02-11 11:00:00,22050.0,22100.0,22050.0,22075.0,11300
2026-02-11 11:05:00,22100.0,22100.0,22075.0,22075.0,1100
2026-02-11 11:10:00,22075.0,22075.0,22050.0,22050.0,6600
2026-02-11 11:15:00,22050.0,22050.0,22050.0,22050.0,10300
2026-02-11 11:20:00,22050.0,22050.0,22025.0,22025.0,3800
2026-02-11 11:25:00,22050.0,22050.0,22025.0,22050.0,21400
2026-02-11 11:30:00,22075.0,22075.0,22050.0,22075.0,6100
2026-02-11 11:35:00,22075.0,22075.0,22050.0,22050.0,13000
2026-02-11 11:40:00,22050.0,22075.0,22050.0,22050.0,25400
2026-02-11 11:45:00,22050.0,22100.0,22025.0,22075.0,87300
2026-02-11 11:50:00,22050.0,22075.0,22050.0,22075.0,19200
2026-02-11 11:55:00,22100.0,22100.0,22050.0,22050.0,4500
2026-02-11 13:30:00,22075.0,22075.0,22050.0,22075.0,22200
2026-02-11 13:35:00,22075.0,22125.0,22075.0,22075.0,22000
2026-02-11 13:40:00,22075.0,22100.0,22075.0,22100.0,2500
2026-02-11 13:45:00,22100.0,22100.0,22075.0,22075.0,5800
2026-02-11 13:50:00,22100.0,22100.0,22075.0,22100.0,5800
2026-02-11 13:55:00,22075.0,22100.0,22075.0,22100.0,1700
2026-02-11 14:00:00,22100.0,22100.0,22075.0,22100.0,11600
2026-02-11 14:05:00,22075.0,22100.0,22075.0,22100.0,14100
2026-02-11 14:10:00,22100.0,22150.0,22100.0,22125.0,48600
2026-02-11 14:15:00,22150.0,22225.0,22150.0,22175.0,52700
2026-02-11 14:20:00,22175.0,22175.0,22150.0,22150.0,4500
2026-02-11 14:25:00,22150.0,22175.0,22150.0,22175.0,1000
2026-02-11 14:30:00,22175.0,22175.0,22150.0,22175.0,2500
2026-02-11 14:35:00,22175.0,22200.0,22150.0,22200.0,10200
2026-02-11 14:40:00,22200.0,22200.0,22175.0,22175.0,5000
2026-02-11 14:45:00,22175.0,22225.0,22175.0,22225.0,98500
2026-02-11 14:50:00,22225.0,22275.0,22225.0,22275.0,46800
2026-02-11 14:55:00,22275.0,22300.0,22250.0,22250.0,18600
2026-02-11 15:00:00,22250.0,22275.0,22250.0,22275.0,3200
2026-02-11 15:05:00,22275.0,22275.0,22250.0,22250.0,7800
2026-02-11 15:10:00,22225.0,22225.0,22225.0,22225.0,2900
2026-02-11 15:15:00,22250.0,22250.0,22225.0,22225.0,8200
2026-02-11 15:20:00,22250.0,22250.0,22225.0,22225.0,10700
2026-02-11 15:25:00,22200.0,22200.0,22200.0,22200.0,7100
2026-02-11 15:30:00,22200.0,22225.0,22200.0,22225.0,2100
2026-02-11 15:35:00,22225.0,22225.0,22200.0,22225.0,7700
2026-02-11 15:40:00,22200.0,22225.0,22200.0,22225.0,6500
2026-02-11 15:45:00,22200.0,22250.0,22200.0,22200.0,25200
2026-02-11 16:00:00,22250.0,22250.0,22250.0,22250.0,53000
2026-02-11 16:05:00,22250.0,22250.0,22250.0,22250.0,0
2026-02-11 16:10:00,22250.0,22250.0,22250.0,22250.0,2900
2026-02-12 09:00:00,22250.0,22300.0,22250.0,22275.0,0
2026-02-12 09:05:00,22275.0,22300.0,22250.0,22275.0,11700
2026-02-12 09:10:00,22275.0,22300.0,22250.0,22250.0,11400
2026-02-12 09:15:00,22275.0,22275.0,22250.0,22250.0,13900
2026-02-12 09:20:00,22250.0,22250.0,22225.0,22225.0,14200
2026-02-12 09:25:00,22225.0,22225.0,22200.0,22200.0,14900
2026-02-12 09:30:00,22200.0,22225.0,22175.0,22175.0,18300
2026-02-12 09:35:00,22175.0,22200.0,22175.0,22200.0,4600
2026-02-12 09:40:00,22175.0,22200.0,22175.0,22175.0,3400
2026-02-12 09:45:00,22175.0,22200.0,22150.0,22150.0,151500
2026-02-12 09:50:00,22150.0,22175.0,22125.0,22175.0,6700
2026-02-12 09:55:00,22125.0,22150.0,22100.0,22100.0,36700
2026-02-12 10:00:00,22100.0,22150.0,22100.0,22100.0,14900
2026-02-12 10:05:00,22075.0,22175.0,22075.0,22175.0,15800
2026-02-12 10:10:00,22175.0,22175.0,22075.0,22175.0,3000
2026-02-12 10:15:00,22175.0,22175.0,22150.0,22150.0,4700
2026-02-12 10:20:00,22150.0,22175.0,22150.0,22150.0,3300
2026-02-12 10:25:00,22150.0,22175.0,22125.0,22150.0,6000
2026-02-12 10:30:00,22125.0,22150.0,22100.0,22100.0,24600
2026-02-12 10:35:00,22100.0,22125.0,22100.0,22100.0,0
2026-02-12 10:40:00,22100.0,22150.0,22100.0,22125.0,4500
2026-02-12 10:45:00,22150.0,22150.0,22125.0,22150.0,1600
2026-02-12 10:50:00,22125.0,22125.0,22125.0,22125.0,4300
2026-02-12 10:55:00,22125.0,22125.0,22100.0,22100.0,3800
2026-02-12 11:00:00,22100.0,22125.0,22100.0,22125.0,3100
2026-02-12 11:05:00,22100.0,22125.0,22100.0,22100.0,8400
2026-02-12 11:10:00,22100.0,22100.0,22100.0,22100.0,900
2026-02-12 11:15:00,22100.0,22125.0,22100.0,22125.0,13700
2026-02-12 11:20:00,22150.0,22150.0,22125.0,22125.0,400
2026-02-12 11:25:00,22125.0,22150.0,22125.0,22150.0,9700
2026-02-12 11:30:00,22150.0,22175.0,22150.0,22175.0,1400
2026-02-12 11:35:00,22150.0,22150.0,22150.0,22150.0,400
2026-02-12 11:40:00,22150.0,22150.0,22150.0,22150.0,300
2026-02-12 11:45:00,22150.0,22175.0,22150.0,22175.0,2500
2026-02-12 11:50:00,22150.0,22175.0,22150.0,22175.0,3000
2026-02-12 11:55:00,22175.0,22175.0,22150.0,22150.0,1600
2026-02-12 13:30:00,22150.0,22175.0,22150.0,22150.0,7900
2026-02-12 13:35:00,22150.0,22150.0,22125.0,22125.0,7500
2026-02-12 13:40:00,22125.0,22150.0,22125.0,22125.0,1200
2026-02-12 13:45:00,22125.0,22125.0,22125.0,22125.0,8900
2026-02-12 13:50:00,22125.0,22150.0,22100.0,22125.0,13300
2026-02-12 13:55:00,22125.0,22125.0,22075.0,22075.0,13900
2026-02-12 14:00:00,22075.0,22100.0,22075.0,22075.0,24400
2026-02-12 14:05:00,22100.0,22100.0,22100.0,22100.0,14000
2026-02-12 14:10:00,22100.0,22100.0,22075.0,22075.0,3600
2026-02-12 14:15:00,22075.0,22100.0,22075.0,22100.0,6000
2026-02-12 14:20:00,22100.0,22100.0,22075.0,22075.0,2700
2026-02-12 14:25:00,22100.0,22100.0,22075.0,22075.0,3600
2026-02-12 14:30:00,22075.0,22100.0,22075.0,22100.0,6100
2026-02-12 14:35:00,22075.0,22075.0,22050.0,22050.0,50800
2026-02-12 14:40:00,22075.0,22075.0,22050.0,22050.0,2700
2026-02-12 14:45:00,22075.0,22075.0,22075.0,22075.0,8900
2026-02-12 14:50:00,22075.0,22075.0,22075.0,22075.0,2800
2026-02-12 14:55:00,22050.0,22050.0,22050.0,22050.0,4000
2026-02-12 15:00:00,22050.0,22075.0,22050.0,22075.0,41000
2026-02-12 15:05:00,22075.0,22075.0,22050.0,22050.0,4500
2026-02-12 15:10:00,22050.0,22075.0,22050.0,22075.0,1100
2026-02-12 15:15:00,22050.0,22050.0,22050.0,22050.0,4500
2026-02-12 15:20:00,22050.0,22050.0,22025.0,22025.0,66000
2026-02-12 15:25:00,22050.0,22075.0,22025.0,22075.0,19500
2026-02-12 15:30:00,22075.0,22075.0,22050.0,22050.0,5800
2026-02-12 15:35:00,22050.0,22075.0,22050.0,22050.0,2900
2026-02-12 15:40:00,22050.0,22075.0,22050.0,22050.0,6000
2026-02-12 15:45:00,22050.0,22075.0,22050.0,22075.0,12900
2026-02-12 16:00:00,22025.0,22025.0,22025.0,22025.0,139500
2026-02-12 16:05:00,22025.0,22025.0,22025.0,22025.0,11100
2026-02-12 16:10:00,22025.0,22025.0,22025.0,22025.0,12600
2026-02-13 09:00:00,22025.0,22075.0,22025.0,22050.0,0
2026-02-13 09:05:00,22050.0,22075.0,22025.0,22025.0,12400
2026-02-13 09:10:00,22050.0,22075.0,22025.0,22050.0,27000
2026-02-13 09:15:00,22050.0,22075.0,22050.0,22075.0,11000
2026-02-13 09:20:00,22050.0,22075.0,22050.0,22050.0,59000
2026-02-13 09:25:00,22075.0,22100.0,22075.0,22075.0,1200
2026-02-13 09:30:00,22100.0,22100.0,22075.0,22100.0,9600
2026-02-13 09:35:00,22075.0,22175.0,22075.0,22175.0,9500
2026-02-13 09:40:00,22150.0,22200.0,22150.0,22200.0,37100
2026-02-13 09:45:00,22200.0,22225.0,22150.0,22225.0,34800
2026-02-13 09:50:00,22225.0,22250.0,22150.0,22200.0,25300
2026-02-13 09:55:00,22200.0,22200.0,22150.0,22200.0,30500
2026-02-13 10:00:00,22200.0,22225.0,22200.0,22200.0,9700
2026-02-13 10:05:00,22225.0,22225.0,22200.0,22225.0,2900
2026-02-13 10:10:00,22200.0,22200.0,22150.0,22150.0,30600
2026-02-13 10:15:00,22150.0,22175.0,22150.0,22150.0,1300
2026-02-13 10:20:00,22175.0,22200.0,22175.0,22175.0,10600
2026-02-13 10:25:00,22175.0,22175.0,22150.0,22175.0,3600
2026-02-13 10:30:00,22175.0,22175.0,22150.0,22150.0,2700
2026-02-13 10:35:00,22150.0,22150.0,22150.0,22150.0,800
2026-02-13 10:40:00,22150.0,22150.0,22150.0,22150.0,400
2026-02-13 10:45:00,22150.0,22150.0,22150.0,22150.0,1700
2026-02-13 10:50:00,22175.0,22175.0,22150.0,22150.0,7800
2026-02-13 10:55:00,22150.0,22200.0,22150.0,22200.0,9500
2026-02-13 11:00:00,22175.0,22200.0,22175.0,22200.0,2000
2026-02-13 11:05:00,22175.0,22200.0,22175.0,22200.0,2000
2026-02-13 11:10:00,22175.0,22200.0,22175.0,22200.0,2400
2026-02-13 11:15:00,22175.0,22200.0,22175.0,22200.0,3800
2026-02-13 11:20:00,22200.0,22200.0,22175.0,22200.0,2100
2026-02-13 11:25:00,22200.0,22200.0,22175.0,22200.0,1300
2026-02-13 14:00:00,22200.0,22225.0,22175.0,22225.0,34300
2026-02-13 14:05:00,22200.0,22250.0,22200.0,22225.0,36600
2026-02-13 14:10:00,22200.0,22250.0,22175.0,22225.0,27200
2026-02-13 14:15:00,22225.0,22250.0,22225.0,22225.0,6500
2026-02-13 14:20:00,22225.0,22250.0,22200.0,22225.0,17500
2026-02-13 14:25:00,22200.0,22200.0,22175.0,22175.0,42900
2026-02-13 14:30:00,22175.0,22175.0,22150.0,22150.0,10200
2026-02-13 14:35:00,22150.0,22175.0,22150.0,22175.0,200
2026-02-13 14:40:00,22175.0,22200.0,22150.0,22175.0,14700
2026-02-13 14:45:00,22175.0,22175.0,22175.0,22175.0,2900
2026-02-13 14:50:00,22175.0,22200.0,22175.0,22175.0,1900
2026-02-13 14:55:00,22175.0,22200.0,22175.0,22175.0,8500
2026-02-13 15:00:00,22175.0,22175.0,22175.0,22175.0,4900
2026-02-13 15:05:00,22175.0,22200.0,22175.0,22200.0,8000
2026-02-13 15:10:00,22175.0,22200.0,22175.0,22200.0,7500
2026-02-13 15:15:00,22200.0,22225.0,22150.0,22150.0,9900
2026-02-13 15:20:00,22175.0,22200.0,22175.0,22175.0,5400
2026-02-13 15:25:00,22200.0,22200.0,22200.0,22200.0,5100
2026-02-13 15:30:00,22175.0,22200.0,22175.0,22200.0,1500
2026-02-13 15:35:00,22200.0,22225.0,22200.0,22200.0,29400
2026-02-13 15:40:00,22175.0,22200.0,22175.0,22200.0,6900
2026-02-13 15:45:00,22200.0,22225.0,22175.0,22175.0,12200
2026-02-13 16:00:00,22200.0,22200.0,22200.0,22200.0,24600
2026-02-13 16:05:00,22200.0,22200.0,22200.0,22200.0,2500
2026-02-13 16:10:00,22200.0,22200.0,22200.0,22200.0,1200
2026-02-18 09:00:00,22275.0,22325.0,22250.0,22250.0,0
2026-02-18 09:05:00,22275.0,22300.0,22250.0,22300.0,10300
2026-02-18 09:10:00,22250.0,22300.0,22250.0,22300.0,7700
2026-02-18 09:15:00,22300.0,22300.0,22275.0,22275.0,14300
2026-02-18 09:20:00,22275.0,22300.0,22250.0,22300.0,19100
2026-02-18 09:25:00,22300.0,22300.0,22275.0,22300.0,6900
2026-02-18 09:30:00,22300.0,22300.0,22275.0,22275.0,8600
2026-02-18 09:35:00,22275.0,22275.0,22250.0,22275.0,10200
2026-02-18 09:40:00,22275.0,22300.0,22275.0,22275.0,6400
2026-02-18 09:45:00,22275.0,22275.0,22250.0,22250.0,24400
2026-02-18 09:50:00,22250.0,22300.0,22250.0,22275.0,13800
2026-02-18 09:55:00,22275.0,22300.0,22275.0,22300.0,33300
2026-02-18 10:00:00,22300.0,22300.0,22275.0,22275.0,14600
2026-02-18 10:05:00,22275.0,22300.0,22275.0,22300.0,12700
2026-02-18 10:10:00,22275.0,22325.0,22275.0,22300.0,27000
2026-02-18 10:15:00,22325.0,22325.0,22300.0,22300.0,10500
2026-02-18 10:20:00,22300.0,22325.0,22300.0,22300.0,6600
2026-02-18 10:25:00,22300.0,22325.0,22300.0,22325.0,4700
2026-02-18 10:30:00,22325.0,22325.0,22300.0,22325.0,8700
2026-02-18 10:35:00,22300.0,22325.0,22300.0,22300.0,12600
2026-02-18 10:40:00,22300.0,22300.0,22275.0,22300.0,9400
2026-02-18 10:45:00,22300.0,22300.0,22275.0,22300.0,7800
2026-02-18 10:50:00,22300.0,22300.0,22275.0,22275.0,8700
2026-02-18 10:55:00,22300.0,22300.0,22275.0,22300.0,16400
2026-02-18 11:00:00,22300.0,22325.0,22275.0,22275.0,22100
2026-02-18 11:05:00,22300.0,22300.0,22275.0,22275.0,3000
2026-02-18 11:10:00,22275.0,22300.0,22275.0,22300.0,8600
2026-02-18 11:15:00,22275.0,22300.0,22275.0,22300.0,4100
2026-02-18 11:20:00,22275.0,22300.0,22275.0,22300.0,3600
2026-02-18 11:25:00,22300.0,22325.0,22275.0,22300.0,21000
2026-02-18 11:30:00,22300.0,22325.0,22300.0,22325.0,6800
2026-02-18 11:35:00,22300.0,22300.0,22275.0,22275.0,4500
2026-02-18 11:40:00,22275.0,22300.0,22275.0,22275.0,1800
2026-02-18 11:45:00,22300.0,22300.0,22275.0,22300.0,3500
2026-02-18 11:50:00,22300.0,22300.0,22275.0,22300.0,8100
2026-02-18 11:55:00,22300.0,22300.0,22300.0,22300.0,5300
2026-02-18 13:30:00,22300.0,22325.0,22275.0,22300.0,30400
2026-02-18 13:35:00,22275.0,22300.0,22275.0,22275.0,3800
2026-02-18 13:40:00,22275.0,22300.0,22275.0,22275.0,6500
2026-02-18 13:45:00,22300.0,22325.0,22300.0,22325.0,9200
2026-02-18 13:50:00,22300.0,22325.0,22300.0,22325.0,3100
2026-02-18 13:55:00,22300.0,22325.0,22300.0,22300.0,14200
2026-02-18 14:00:00,22300.0,22325.0,22300.0,22325.0,7800
2026-02-18 14:05:00,22300.0,22325.0,22300.0,22300.0,21000
2026-02-18 14:10:00,22300.0,22325.0,22300.0,22325.0,9700
2026-02-18 14:15:00,22325.0,22325.0,22300.0,22300.0,9300
2026-02-18 14:20:00,22325.0,22325.0,22300.0,22325.0,4100
2026-02-18 14:25:00,22300.0,22325.0,22300.0,22300.0,5200
2026-02-18 14:30:00,22300.0,22325.0,22300.0,22300.0,3400
2026-02-18 14:35:00,22325.0,22325.0,22300.0,22300.0,16200
2026-02-18 14:40:00,22275.0,22300.0,22275.0,22300.0,2500
2026-02-18 14:45:00,22275.0,22300.0,22275.0,22300.0,22000
2026-02-18 14:50:00,22300.0,22325.0,22300.0,22325.0,3900
2026-02-18 14:55:00,22325.0,22325.0,22300.0,22325.0,4000
2026-02-18 15:00:00,22325.0,22325.0,22300.0,22300.0,26300
2026-02-18 15:05:00,22300.0,22325.0,22300.0,22300.0,1600
2026-02-18 15:10:00,22325.0,22325.0,22300.0,22325.0,21500
2026-02-18 15:15:00,22300.0,22325.0,22300.0,22300.0,3900
2026-02-18 15:20:00,22325.0,22325.0,22300.0,22300.0,16200
2026-02-18 15:25:00,22300.0,22325.0,22300.0,22325.0,4200
2026-02-18 15:30:00,22325.0,22325.0,22300.0,22325.0,13600
2026-02-18 15:35:00,22325.0,22350.0,22325.0,22350.0,37100
2026-02-18 15:40:00,22350.0,22350.0,22325.0,22350.0,11700
2026-02-18 15:45:00,22325.0,22350.0,22325.0,22350.0,19500
2026-02-18 16:00:00,22350.0,22350.0,22350.0,22350.0,75900
2026-02-18 16:05:00,22350.0,22350.0,22350.0,22350.0,0
2026-02-18 16:10:00,22350.0,22350.0,22350.0,22350.0,4000
2026-02-19 09:00:00,22375.0,22475.0,22375.0,22450.0,0
2026-02-19 09:05:00,22475.0,22575.0,22450.0,22575.0,79700
2026-02-19 09:10:00,22575.0,22625.0,22550.0,22625.0,59300
2026-02-19 09:15:00,22625.0,22650.0,22600.0,22650.0,38500
2026-02-19 09:20:00,22625.0,22625.0,22575.0,22575.0,39000
2026-02-19 09:25:00,22600.0,22650.0,22575.0,22625.0,44200
2026-02-19 09:30:00,22625.0,22650.0,22575.0,22625.0,32600
2026-02-19 09:35:00,22650.0,22650.0,22600.0,22600.0,28600
2026-02-19 09:40:00,22625.0,22625.0,22600.0,22625.0,10000
2026-02-19 09:45:00,22625.0,22650.0,22600.0,22625.0,19600
2026-02-19 09:50:00,22625.0,22650.0,22600.0,22625.0,15500
2026-02-19 09:55:00,22625.0,22625.0,22600.0,22625.0,9300
2026-02-19 10:00:00,22625.0,22625.0,22600.0,22625.0,12800
2026-02-19 10:05:00,22625.0,22650.0,22625.0,22625.0,7800
2026-02-19 10:10:00,22625.0,22650.0,22625.0,22650.0,4300
2026-02-19 10:15:00,22650.0,22650.0,22625.0,22650.0,13200
2026-02-19 10:20:00,22650.0,22650.0,22650.0,22650.0,1600
2026-02-19 10:25:00,22650.0,22650.0,22625.0,22650.0,5400
2026-02-19 10:30:00,22625.0,22650.0,22625.0,22650.0,12600
2026-02-19 10:35:00,22650.0,22675.0,22650.0,22675.0,55300
2026-02-19 10:40:00,22675.0,22675.0,22650.0,22675.0,35800
2026-02-19 10:45:00,22675.0,22675.0,22650.0,22650.0,12400
2026-02-19 10:50:00,22650.0,22675.0,22650.0,22650.0,8000
2026-02-19 10:55:00,22675.0,22675.0,22650.0,22650.0,16200
2026-02-19 11:00:00,22650.0,22675.0,22625.0,22650.0,18300
2026-02-19 11:05:00,22625.0,22650.0,22625.0,22625.0,36600
2026-02-19 11:10:00,22600.0,22625.0,22600.0,22600.0,27500
2026-02-19 11:15:00,22625.0,22625.0,22575.0,22575.0,35500
2026-02-19 11:20:00,22550.0,22575.0,22525.0,22550.0,32500
2026-02-19 11:25:00,22525.0,22550.0,22450.0,22475.0,47200
2026-02-19 11:30:00,22475.0,22500.0,22450.0,22450.0,5700
2026-02-19 11:35:00,22500.0,22550.0,22475.0,22550.0,27500
2026-02-19 11:40:00,22525.0,22550.0,22525.0,22550.0,11800
2026-02-19 11:45:00,22550.0,22550.0,22525.0,22525.0,500
2026-02-19 11:50:00,22525.0,22550.0,22525.0,22550.0,900
2026-02-19 11:55:00,22525.0,22550.0,22525.0,22525.0,13400
2026-02-19 13:30:00,22525.0,22575.0,22525.0,22575.0,29400
2026-02-19 13:35:00,22550.0,22575.0,22550.0,22550.0,6500
2026-02-19 13:40:00,22575.0,22575.0,22550.0,22550.0,10600
2026-02-19 13:45:00,22575.0,22575.0,22550.0,22575.0,1600
2026-02-19 13:50:00,22575.0,22575.0,22550.0,22575.0,2500
2026-02-19 13:55:00,22550.0,22575.0,22550.0,22575.0,6800
2026-02-19 14:00:00,22550.0,22550.0,22525.0,22525.0,32900
2026-02-19 14:05:00,22550.0,22550.0,22525.0,22550.0,2100
2026-02-19 14:10:00,22550.0,22550.0,22525.0,22525.0,8400
2026-02-19 14:15:00,22525.0,22550.0,22500.0,22500.0,17100
2026-02-19 14:20:00,22525.0,22550.0,22525.0,22525.0,5000
2026-02-19 14:25:00,22525.0,22550.0,22525.0,22550.0,8800
2026-02-19 14:30:00,22525.0,22550.0,22500.0,22500.0,14600
2026-02-19 14:35:00,22500.0,22525.0,22500.0,22500.0,5600
2026-02-19 14:40:00,22500.0,22525.0,22500.0,22525.0,7000
2026-02-19 14:45:00,22525.0,22525.0,22500.0,22525.0,3200
2026-02-19 14:50:00,22525.0,22525.0,22500.0,22500.0,7000
2026-02-19 14:55:00,22525.0,22525.0,22500.0,22525.0,7700
2026-02-19 15:00:00,22525.0,22575.0,22525.0,22575.0,19300
2026-02-19 15:05:00,22550.0,22575.0,22550.0,22575.0,5500
2026-02-19 15:10:00,22575.0,22575.0,22550.0,22550.0,6300
2026-02-19 15:15:00,22575.0,22600.0,22550.0,22550.0,37800
2026-02-19 15:20:00,22575.0,22575.0,22550.0,22550.0,3300
2026-02-19 15:25:00,22575.0,22575.0,22550.0,22550.0,1200
2026-02-19 15:30:00,22550.0,22575.0,22550.0,22575.0,5800
2026-02-19 15:35:00,22575.0,22575.0,22550.0,22575.0,6900
2026-02-19 15:40:00,22575.0,22575.0,22550.0,22575.0,54000
2026-02-19 15:45:00,22575.0,22625.0,22575.0,22600.0,100900
2026-02-19 16:00:00,22600.0,22600.0,22600.0,22600.0,71600
2026-02-19 16:05:00,22600.0,22600.0,22600.0,22600.0,6100
2026-02-19 16:10:00,22600.0,22600.0,22600.0,22600.0,200
2026-02-20 09:00:00,22675.0,22700.0,22625.0,22650.0,0
2026-02-20 09:05:00,22700.0,22750.0,22700.0,22725.0,104800
2026-02-20 09:10:00,22700.0,22725.0,22700.0,22700.0,19900
2026-02-20 09:15:00,22700.0,22700.0,22650.0,22675.0,36600
2026-02-20 09:20:00,22675.0,22700.0,22675.0,22675.0,21400
2026-02-20 09:25:00,22675.0,22700.0,22650.0,22650.0,18700
2026-02-20 09:30:00,22650.0,22675.0,22650.0,22650.0,5500
2026-02-20 09:35:00,22675.0,22700.0,22650.0,22675.0,27000
2026-02-20 09:40:00,22675.0,22675.0,22650.0,22675.0,17500
2026-02-20 09:45:00,22675.0,22675.0,22650.0,22675.0,2300
2026-02-20 09:50:00,22650.0,22675.0,22650.0,22675.0,4700
2026-02-20 09:55:00,22675.0,22675.0,22650.0,22675.0,8500
2026-02-20 10:00:00,22675.0,22700.0,22650.0,22700.0,19000
2026-02-20 10:05:00,22700.0,22700.0,22650.0,22700.0,23800
2026-02-20 10:10:00,22700.0,22700.0,22675.0,22675.0,4100
2026-02-20 10:15:00,22700.0,22700.0,22675.0,22700.0,5200
2026-02-20 10:20:00,22700.0,22700.0,22650.0,22650.0,46300
2026-02-20 10:25:00,22650.0,22675.0,22650.0,22675.0,2800
2026-02-20 10:30:00,22650.0,22675.0,22650.0,22650.0,5600
2026-02-20 10:35:00,22675.0,22675.0,22650.0,22650.0,89100
2026-02-20 10:40:00,22650.0,22675.0,22650.0,22650.0,11700
2026-02-20 10:45:00,22650.0,22650.0,22650.0,22650.0,4500
2026-02-20 10:50:00,22650.0,22675.0,22650.0,22650.0,11200
2026-02-20 10:55:00,22625.0,22650.0,22625.0,22650.0,14300
2026-02-20 11:00:00,22625.0,22650.0,22625.0,22625.0,2600
2026-02-20 11:05:00,22650.0,22650.0,22625.0,22625.0,8200
2026-02-20 11:10:00,22650.0,22650.0,22625.0,22625.0,47800
2026-02-20 11:15:00,22650.0,22650.0,22625.0,22650.0,7400
2026-02-20 11:20:00,22650.0,22650.0,22625.0,22625.0,3500
2026-02-20 11:25:00,22650.0,22650.0,22625.0,22650.0,1000
2026-02-20 14:00:00,22650.0,22650.0,22600.0,22600.0,87800
2026-02-20 14:05:00,22600.0,22625.0,22575.0,22600.0,160900
2026-02-20 14:10:00,22575.0,22600.0,22550.0,22575.0,124200
2026-02-20 14:15:00,22575.0,22575.0,22550.0,22550.0,17200
2026-02-20 14:20:00,22575.0,22575.0,22550.0,22550.0,10000
2026-02-20 14:25:00,22550.0,22575.0,22550.0,22550.0,13800
2026-02-20 14:30:00,22550.0,22600.0,22550.0,22550.0,31800
2026-02-20 14:35:00,22550.0,22575.0,22525.0,22550.0,14500
2026-02-20 14:40:00,22550.0,22575.0,22550.0,22575.0,17600
2026-02-20 14:45:00,22575.0,22575.0,22550.0,22575.0,10800
2026-02-20 14:50:00,22575.0,22575.0,22550.0,22575.0,9500
2026-02-20 14:55:00,22575.0,22575.0,22550.0,22550.0,14400
2026-02-20 15:00:00,22550.0,22575.0,22550.0,22575.0,15500
2026-02-20 15:05:00,22550.0,22575.0,22525.0,22550.0,30100
2026-02-20 15:10:00,22550.0,22575.0,22525.0,22575.0,15300
2026-02-20 15:15:00,22525.0,22575.0,22525.0,22525.0,14000
2026-02-20 15:20:00,22525.0,22550.0,22525.0,22550.0,21400
2026-02-20 15:25:00,22525.0,22550.0,22475.0,22475.0,109800
2026-02-20 15:30:00,22475.0,22500.0,22450.0,22475.0,10600
2026-02-20 15:35:00,22450.0,22475.0,22450.0,22450.0,25700
2026-02-20 15:40:00,22450.0,22475.0,22425.0,22450.0,26800
2026-02-20 15:45:00,22450.0,22475.0,22450.0,22475.0,4900
2026-02-20 16:00:00,22475.0,22475.0,22475.0,22475.0,63000
2026-02-20 16:05:00,22475.0,22475.0,22475.0,22475.0,2800
2026-02-20 16:10:00,22475.0,22475.0,22475.0,22475.0,100
2026-02-23 09:00:00,22500.0,22600.0,22500.0,22600.0,0
2026-02-23 09:05:00,22625.0,22650.0,22600.0,22625.0,18100
2026-02-23 09:10:00,22625.0,22625.0,22600.0,22600.0,16100
2026-02-23 09:15:00,22625.0,22625.0,22600.0,22625.0,8300
2026-02-23 09:20:00,22625.0,22625.0,22575.0,22575.0,26600
2026-02-23 09:25:00,22575.0,22575.0,22575.0,22575.0,3100
2026-02-23 09:30:00,22600.0,22600.0,22575.0,22600.0,1400
2026-02-23 09:35:00,22575.0,22600.0,22575.0,22575.0,9200
2026-02-23 09:40:00,22600.0,22600.0,22575.0,22600.0,6300
2026-02-23 09:45:00,22600.0,22625.0,22575.0,22625.0,23300
2026-02-23 09:50:00,22625.0,22625.0,22600.0,22600.0,5500
2026-02-23 09:55:00,22625.0,22625.0,22600.0,22600.0,13000
2026-02-23 10:00:00,22600.0,22625.0,22600.0,22600.0,19300
2026-02-23 10:05:00,22600.0,22625.0,22600.0,22600.0,2500
2026-02-23 10:10:00,22600.0,22600.0,22575.0,22575.0,10900
2026-02-23 10:15:00,22575.0,22600.0,22575.0,22600.0,2800
2026-02-23 10:20:00,22600.0,22600.0,22575.0,22600.0,4100
2026-02-23 10:25:00,22600.0,22625.0,22600.0,22625.0,23600
2026-02-23 10:30:00,22625.0,22625.0,22600.0,22625.0,6600
2026-02-23 10:35:00,22625.0,22625.0,22600.0,22600.0,6900
2026-02-23 10:40:00,22600.0,22625.0,22600.0,22625.0,3500
2026-02-23 10:45:00,22625.0,22625.0,22575.0,22575.0,32400
2026-02-23 10:50:00,22600.0,22625.0,22575.0,22575.0,8100
2026-02-23 10:55:00,22600.0,22625.0,22600.0,22600.0,12000
2026-02-23 11:00:00,22600.0,22600.0,22600.0,22600.0,15100
2026-02-23 11:05:00,22600.0,22600.0,22600.0,22600.0,1700
2026-02-23 11:10:00,22625.0,22625.0,22600.0,22600.0,10500
2026-02-23 11:15:00,22600.0,22625.0,22600.0,22600.0,19900
2026-02-23 11:20:00,22625.0,22625.0,22600.0,22600.0,13100
2026-02-23 11:25:00,22600.0,22625.0,22600.0,22600.0,13900
2026-02-23 11:30:00,22600.0,22600.0,22575.0,22575.0,8900
2026-02-23 11:35:00,22575.0,22600.0,22575.0,22600.0,3900
2026-02-23 11:40:00,22600.0,22600.0,22575.0,22575.0,2400
2026-02-23 11:45:00,22600.0,22600.0,22600.0,22600.0,1600
2026-02-23 11:50:00,22600.0,22600.0,22600.0,22600.0,12300
2026-02-23 11:55:00,22575.0,22600.0,22575.0,22575.0,4200
2026-02-23 13:30:00,22575.0,22600.0,22575.0,22600.0,12800
2026-02-23 13:35:00,22600.0,22600.0,22575.0,22600.0,14100
2026-02-23 13:40:00,22600.0,22600.0,22600.0,22600.0,1700
2026-02-23 13:45:00,22575.0,22600.0,22575.0,22600.0,2100
2026-02-23 13:50:00,22600.0,22600.0,22575.0,22600.0,13800
2026-02-23 13:55:00,22600.0,22600.0,22575.0,22600.0,8600
2026-02-23 14:00:00,22600.0,22600.0,22575.0,22600.0,5500
2026-02-23 14:05:00,22600.0,22600.0,22575.0,22600.0,4300
2026-02-23 14:10:00,22600.0,22600.0,22575.0,22600.0,10400
2026-02-23 14:15:00,22600.0,22600.0,22575.0,22575.0,4300
2026-02-23 14:20:00,22600.0,22600.0,22575.0,22600.0,5000
2026-02-23 14:25:00,22600.0,22600.0,22575.0,22600.0,14700
2026-02-23 14:30:00,22575.0,22600.0,22575.0,22600.0,26800
2026-02-23 14:35:00,22600.0,22625.0,22600.0,22625.0,16600
2026-02-23 14:40:00,22600.0,22625.0,22600.0,22625.0,3200
2026-02-23 14:45:00,22625.0,22625.0,22600.0,22625.0,3600
2026-02-23 14:50:00,22625.0,22625.0,22600.0,22625.0,8200
2026-02-23 14:55:00,22625.0,22625.0,22600.0,22625.0,5100
2026-02-23 15:00:00,22625.0,22625.0,22600.0,22625.0,4000
2026-02-23 15:05:00,22625.0,22625.0,22600.0,22600.0,21100
2026-02-23 15:10:00,22600.0,22625.0,22600.0,22600.0,3600
2026-02-23 15:15:00,22600.0,22625.0,22600.0,22600.0,12300
2026-02-23 15:20:00,22600.0,22625.0,22600.0,22600.0,42900
2026-02-23 15:25:00,22600.0,22625.0,22600.0,22600.0,2500
2026-02-23 15:30:00,22600.0,22625.0,22600.0,22625.0,17200
2026-02-23 15:35:00,22625.0,22625.0,22600.0,22600.0,10200
2026-02-23 15:40:00,22600.0,22625.0,22600.0,22625.0,14800
2026-02-23 15:45:00,22625.0,22625.0,22600.0,22625.0,12800
2026-02-23 16:00:00,22625.0,22625.0,22625.0,22625.0,30000
2026-02-24 09:00:00,22600.0,22650.0,22600.0,22625.0,0
2026-02-24 09:05:00,22625.0,22650.0,22625.0,22650.0,14800
2026-02-24 09:10:00,22625.0,22650.0,22600.0,22600.0,11000
2026-02-24 09:15:00,22600.0,22600.0,22575.0,22575.0,23900
2026-02-24 09:20:00,22550.0,22600.0,22550.0,22575.0,9700
2026-02-24 09:25:00,22575.0,22600.0,22550.0,22550.0,9500
2026-02-24 09:30:00,22550.0,22600.0,22550.0,22600.0,6700
2026-02-24 09:35:00,22575.0,22575.0,22550.0,22575.0,7100
2026-02-24 09:40:00,22575.0,22575.0,22550.0,22550.0,36800
2026-02-24 09:45:00,22550.0,22575.0,22550.0,22575.0,9400
2026-02-24 09:50:00,22550.0,22575.0,22525.0,22525.0,28900
2026-02-24 09:55:00,22550.0,22550.0,22525.0,22550.0,5900
2026-02-24 10:00:00,22550.0,22575.0,22525.0,22525.0,14500
2026-02-24 10:05:00,22525.0,22550.0,22525.0,22525.0,17500
2026-02-24 10:10:00,22525.0,22550.0,22500.0,22525.0,22400
2026-02-24 10:15:00,22550.0,22550.0,22525.0,22525.0,17500
2026-02-24 10:20:00,22550.0,22575.0,22550.0,22575.0,9900
2026-02-24 10:25:00,22525.0,22575.0,22525.0,22575.0,8000
2026-02-24 10:30:00,22575.0,22575.0,22575.0,22575.0,3800
2026-02-24 10:35:00,22550.0,22600.0,22550.0,22600.0,27300
2026-02-24 10:40:00,22600.0,22600.0,22575.0,22575.0,4000
2026-02-24 10:45:00,22575.0,22600.0,22575.0,22575.0,9200
2026-02-24 10:50:00,22600.0,22600.0,22575.0,22575.0,1900
2026-02-24 10:55:00,22600.0,22600.0,22575.0,22600.0,4800
2026-02-24 11:00:00,22575.0,22600.0,22575.0,22575.0,15200
2026-02-24 11:05:00,22600.0,22600.0,22575.0,22600.0,4700
2026-02-24 11:10:00,22575.0,22600.0,22575.0,22600.0,3200
2026-02-24 11:15:00,22600.0,22625.0,22600.0,22625.0,36500
2026-02-24 11:20:00,22600.0,22625.0,22600.0,22600.0,25700
2026-02-24 11:25:00,22600.0,22625.0,22600.0,22625.0,15400
2026-02-24 11:30:00,22600.0,22625.0,22600.0,22625.0,9500
2026-02-24 11:35:00,22600.0,22625.0,22600.0,22600.0,3200
2026-02-24 11:40:00,22600.0,22625.0,22600.0,22625.0,12400
2026-02-24 11:45:00,22600.0,22600.0,22600.0,22600.0,6800
2026-02-24 11:50:00,22575.0,22625.0,22575.0,22600.0,4500
2026-02-24 11:55:00,22600.0,22625.0,22600.0,22625.0,8000
2026-02-24 13:30:00,22625.0,22625.0,22600.0,22625.0,21700
2026-02-24 13:35:00,22625.0,22650.0,22625.0,22650.0,51200
2026-02-24 13:40:00,22650.0,22650.0,22625.0,22625.0,21100
2026-02-24 13:45:00,22625.0,22625.0,22625.0,22625.0,21300
2026-02-24 13:50:00,22625.0,22650.0,22625.0,22650.0,2900
2026-02-24 13:55:00,22650.0,22650.0,22625.0,22625.0,2300
2026-02-24 14:00:00,22625.0,22650.0,22625.0,22625.0,5800
2026-02-24 14:05:00,22625.0,22650.0,22625.0,22650.0,13200
2026-02-24 14:10:00,22650.0,22650.0,22625.0,22650.0,21500
2026-02-24 14:15:00,22650.0,22650.0,22600.0,22600.0,21200
2026-02-24 14:20:00,22600.0,22600.0,22575.0,22575.0,9300
2026-02-24 14:25:00,22575.0,22600.0,22550.0,22575.0,19300
2026-02-24 14:30:00,22550.0,22600.0,22550.0,22600.0,13100
2026-02-24 14:35:00,22600.0,22600.0,22575.0,22600.0,3000
2026-02-24 14:40:00,22600.0,22600.0,22575.0,22575.0,23500
2026-02-24 14:45:00,22550.0,22575.0,22550.0,22575.0,2500
2026-02-24 14:50:00,22575.0,22575.0,22550.0,22575.0,27400
2026-02-24 14:55:00,22575.0,22575.0,22550.0,22575.0,2800
2026-02-24 15:00:00,22575.0,22600.0,22550.0,22600.0,35300
2026-02-24 15:05:00,22600.0,22600.0,22575.0,22600.0,6500
2026-02-24 15:10:00,22600.0,22650.0,22575.0,22650.0,85800
2026-02-24 15:15:00,22650.0,22650.0,22600.0,22625.0,6300
2026-02-24 15:20:00,22650.0,22650.0,22625.0,22650.0,21900
2026-02-24 15:25:00,22625.0,22650.0,22600.0,22625.0,27300
2026-02-24 15:30:00,22600.0,22625.0,22600.0,22600.0,26200
2026-02-24 15:35:00,22625.0,22625.0,22600.0,22600.0,16800
2026-02-24 15:40:00,22600.0,22625.0,22600.0,22625.0,6700
2026-02-24 15:45:00,22625.0,22625.0,22600.0,22625.0,14800
2026-02-24 16:00:00,22650.0,22650.0,22650.0,22650.0,77100
2026-02-24 16:10:00,22650.0,22650.0,22650.0,22650.0,100
2026-02-25 09:00:00,22625.0,22650.0,22600.0,22600.0,0
2026-02-25 09:05:00,22600.0,22600.0,22575.0,22575.0,3700
2026-02-25 09:10:00,22600.0,22600.0,22575.0,22600.0,6600
2026-02-25 09:15:00,22600.0,22625.0,22600.0,22600.0,9200
2026-02-25 09:20:00,22625.0,22650.0,22600.0,22600.0,9900
2026-02-25 09:25:00,22600.0,22625.0,22600.0,22625.0,8500
2026-02-25 09:30:00,22625.0,22650.0,22625.0,22650.0,7500
2026-02-25 09:35:00,22625.0,22625.0,22600.0,22600.0,8600
2026-02-25 09:40:00,22625.0,22625.0,22600.0,22625.0,4400
2026-02-25 09:45:00,22625.0,22625.0,22600.0,22625.0,2500
2026-02-25 09:50:00,22625.0,22625.0,22600.0,22625.0,4400
2026-02-25 09:55:00,22625.0,22625.0,22600.0,22600.0,11800
2026-02-25 10:00:00,22625.0,22625.0,22625.0,22625.0,2600
2026-02-25 10:05:00,22625.0,22625.0,22600.0,22625.0,23300
2026-02-25 10:10:00,22600.0,22625.0,22600.0,22600.0,800
2026-02-25 10:15:00,22625.0,22625.0,22600.0,22600.0,1200
2026-02-25 10:20:00,22600.0,22625.0,22600.0,22600.0,1800
2026-02-25 10:25:00,22625.0,22625.0,22600.0,22600.0,4700
2026-02-25 10:30:00,22600.0,22625.0,22600.0,22625.0,8400
2026-02-25 10:35:00,22625.0,22625.0,22600.0,22600.0,3400
2026-02-25 10:40:00,22600.0,22625.0,22600.0,22600.0,2400
2026-02-25 10:45:00,22625.0,22625.0,22600.0,22600.0,32100
2026-02-25 10:50:00,22625.0,22625.0,22600.0,22600.0,8900
2026-02-25 10:55:00,22600.0,22625.0,22575.0,22575.0,70800
2026-02-25 11:00:00,22575.0,22600.0,22575.0,22575.0,1500
2026-02-25 11:05:00,22575.0,22575.0,22550.0,22550.0,7200
2026-02-25 11:10:00,22550.0,22550.0,22550.0,22550.0,1500
2026-02-25 11:15:00,22550.0,22550.0,22550.0,22550.0,36400
2026-02-25 11:20:00,22575.0,22575.0,22550.0,22550.0,2400
2026-02-25 11:25:00,22525.0,22550.0,22500.0,22500.0,119600
2026-02-25 11:30:00,22525.0,22525.0,22500.0,22500.0,3100
2026-02-25 11:35:00,22500.0,22550.0,22500.0,22525.0,20500
2026-02-25 11:40:00,22525.0,22525.0,22500.0,22525.0,3300
2026-02-25 11:45:00,22525.0,22525.0,22500.0,22500.0,2600
2026-02-25 11:50:00,22525.0,22550.0,22525.0,22550.0,9200
2026-02-25 11:55:00,22550.0,22550.0,22550.0,22550.0,2800
2026-02-25 13:30:00,22550.0,22550.0,22525.0,22550.0,43200
2026-02-25 13:35:00,22550.0,22575.0,22550.0,22575.0,7300
2026-02-25 13:40:00,22550.0,22575.0,22550.0,22575.0,2900
2026-02-25 13:45:00,22575.0,22575.0,22550.0,22575.0,61700
2026-02-25 13:50:00,22575.0,22600.0,22575.0,22600.0,8300
2026-02-25 13:55:00,22600.0,22600.0,22575.0,22600.0,2200
2026-02-25 14:00:00,22600.0,22600.0,22575.0,22600.0,12900
2026-02-25 14:05:00,22575.0,22600.0,22575.0,22575.0,6500
2026-02-25 14:10:00,22600.0,22600.0,22575.0,22575.0,3800
2026-02-25 14:15:00,22600.0,22600.0,22575.0,22600.0,4100
2026-02-25 14:20:00,22575.0,22600.0,22575.0,22600.0,3700
2026-02-25 14:25:00,22600.0,22600.0,22575.0,22575.0,3100
2026-02-25 14:30:00,22600.0,22600.0,22575.0,22600.0,3000
2026-02-25 14:35:00,22575.0,22600.0,22575.0,22575.0,4400
2026-02-25 14:40:00,22575.0,22575.0,22575.0,22575.0,9200
2026-02-25 14:45:00,22575.0,22600.0,22575.0,22600.0,53000
2026-02-25 14:50:00,22625.0,22625.0,22625.0,22625.0,78600
2026-02-25 14:55:00,22625.0,22625.0,22600.0,22625.0,0
2026-02-25 15:00:00,22600.0,22600.0,22575.0,22600.0,16700
2026-02-25 15:05:00,22600.0,22600.0,22575.0,22600.0,8200
2026-02-25 15:10:00,22575.0,22600.0,22575.0,22575.0,22500
2026-02-25 15:15:00,22575.0,22575.0,22550.0,22575.0,7100
2026-02-25 15:20:00,22550.0,22575.0,22550.0,22550.0,6700
2026-02-25 15:25:00,22575.0,22600.0,22550.0,22600.0,6700
2026-02-25 15:30:00,22600.0,22600.0,22600.0,22600.0,1800
2026-02-25 15:35:00,22600.0,22600.0,22575.0,22575.0,6500
2026-02-25 15:40:00,22575.0,22600.0,22550.0,22575.0,16600
2026-02-25 15:45:00,22575.0,22600.0,22575.0,22575.0,8000
2026-02-25 16:00:00,22575.0,22575.0,22575.0,22575.0,44500
2026-02-25 16:10:00,22575.0,22575.0,22575.0,22575.0,2600
2026-02-26 09:00:00,22525.0,22550.0,22425.0,22525.0,0
2026-02-26 09:05:00,22525.0,22550.0,22500.0,22525.0,35100
2026-02-26 09:10:00,22550.0,22650.0,22550.0,22650.0,50300
2026-02-26 09:15:00,22625.0,22675.0,22625.0,22675.0,43700
2026-02-26 09:20:00,22675.0,22675.0,22650.0,22650.0,15200
2026-02-26 09:25:00,22675.0,22675.0,22650.0,22675.0,14400
2026-02-26 09:30:00,22675.0,22675.0,22650.0,22675.0,12700
2026-02-26 09:35:00,22675.0,22675.0,22575.0,22575.0,65300
2026-02-26 09:40:00,22575.0,22600.0,22575.0,22600.0,4100
2026-02-26 09:45:00,22600.0,22600.0,22575.0,22600.0,10900
2026-02-26 09:50:00,22575.0,22600.0,22575.0,22600.0,11300
2026-02-26 09:55:00,22600.0,22600.0,22575.0,22600.0,18700
2026-02-26 10:00:00,22600.0,22625.0,22600.0,22600.0,34500
2026-02-26 10:05:00,22625.0,22625.0,22575.0,22575.0,17900
2026-02-26 10:10:00,22575.0,22600.0,22575.0,22600.0,2300
2026-02-26 10:15:00,22575.0,22575.0,22550.0,22550.0,22500
2026-02-26 10:20:00,22550.0,22575.0,22500.0,22500.0,26400
2026-02-26 10:25:00,22500.0,22575.0,22500.0,22575.0,53700
2026-02-26 10:30:00,22600.0,22625.0,22575.0,22575.0,140700
2026-02-26 10:35:00,22550.0,22575.0,22525.0,22575.0,8200
2026-02-26 10:40:00,22550.0,22575.0,22550.0,22575.0,2800
2026-02-26 10:45:00,22575.0,22600.0,22550.0,22600.0,16200
2026-02-26 10:50:00,22600.0,22600.0,22575.0,22600.0,2700
2026-02-26 10:55:00,22600.0,22600.0,22575.0,22575.0,6600
2026-02-26 11:00:00,22600.0,22600.0,22575.0,22600.0,17100
2026-02-26 11:05:00,22600.0,22600.0,22575.0,22600.0,51500
2026-02-26 11:10:00,22600.0,22600.0,22575.0,22600.0,4700
2026-02-26 11:15:00,22600.0,22600.0,22600.0,22600.0,6000
2026-02-26 11:20:00,22600.0,22625.0,22600.0,22625.0,9200
2026-02-26 11:25:00,22625.0,22625.0,22600.0,22625.0,12700
2026-02-26 11:30:00,22625.0,22625.0,22600.0,22625.0,15000
2026-02-26 11:35:00,22625.0,22625.0,22600.0,22625.0,7900
2026-02-26 11:40:00,22625.0,22625.0,22575.0,22575.0,49200
2026-02-26 11:45:00,22600.0,22600.0,22575.0,22575.0,9700
2026-02-26 11:50:00,22575.0,22600.0,22575.0,22600.0,1200
2026-02-26 11:55:00,22575.0,22600.0,22575.0,22575.0,2100
2026-02-26 13:30:00,22575.0,22575.0,22550.0,22550.0,38500
2026-02-26 13:35:00,22550.0,22550.0,22550.0,22550.0,4000
2026-02-26 13:40:00,22550.0,22550.0,22550.0,22550.0,9200
2026-02-26 13:45:00,22575.0,22575.0,22525.0,22525.0,30900
2026-02-26 13:50:00,22550.0,22550.0,22525.0,22550.0,26400
2026-02-26 13:55:00,22550.0,22550.0,22525.0,22550.0,1500
2026-02-26 14:00:00,22550.0,22575.0,22550.0,22575.0,37200
2026-02-26 14:05:00,22575.0,22575.0,22550.0,22575.0,15100
2026-02-26 14:10:00,22550.0,22575.0,22550.0,22575.0,6500
2026-02-26 14:15:00,22550.0,22550.0,22500.0,22500.0,81300
2026-02-26 14:20:00,22500.0,22500.0,22425.0,22425.0,64900
2026-02-26 14:25:00,22425.0,22450.0,22375.0,22400.0,107800
2026-02-26 14:30:00,22425.0,22475.0,22400.0,22450.0,16800
2026-02-26 14:35:00,22450.0,22450.0,22425.0,22450.0,30700
2026-02-26 14:40:00,22450.0,22450.0,22425.0,22450.0,15000
2026-02-26 14:45:00,22450.0,22450.0,22425.0,22425.0,10100
2026-02-26 14:50:00,22425.0,22450.0,22425.0,22425.0,12200
2026-02-26 14:55:00,22425.0,22425.0,22400.0,22400.0,55600
2026-02-26 15:00:00,22400.0,22450.0,22400.0,22400.0,7100
2026-02-26 15:05:00,22400.0,22400.0,22375.0,22400.0,27200
2026-02-26 15:10:00,22400.0,22425.0,22375.0,22425.0,33100
2026-02-26 15:15:00,22425.0,22425.0,22425.0,22425.0,3300
2026-02-26 15:20:00,22425.0,22425.0,22400.0,22425.0,6100
2026-02-26 15:25:00,22400.0,22425.0,22400.0,22425.0,17500
2026-02-26 15:30:00,22425.0,22425.0,22400.0,22400.0,20600
2026-02-26 15:35:00,22400.0,22425.0,22400.0,22425.0,5800
2026-02-26 15:40:00,22425.0,22425.0,22400.0,22400.0,31100
2026-02-26 15:45:00,22400.0,22400.0,22325.0,22325.0,79100
2026-02-26 16:00:00,22450.0,22450.0,22450.0,22450.0,68200
2026-02-26 16:05:00,22450.0,22450.0,22450.0,22450.0,1100
2026-02-26 16:10:00,22450.0,22450.0,22450.0,22450.0,2900
2026-02-27 09:00:00,22450.0,22450.0,22275.0,22350.0,0
2026-02-27 09:05:00,22350.0,22400.0,22275.0,22275.0,33700
2026-02-27 09:10:00,22275.0,22375.0,22250.0,22350.0,37500
2026-02-27 09:15:00,22300.0,22350.0,22300.0,22325.0,15600
2026-02-27 09:20:00,22300.0,22400.0,22300.0,22400.0,12900
2026-02-27 09:25:00,22400.0,22400.0,22375.0,22375.0,27400
2026-02-27 09:30:00,22375.0,22375.0,22350.0,22350.0,21500
2026-02-27 09:35:00,22350.0,22375.0,22325.0,22350.0,14100
2026-02-27 09:40:00,22350.0,22450.0,22350.0,22425.0,29200
2026-02-27 09:45:00,22450.0,22450.0,22425.0,22450.0,3400
2026-02-27 09:50:00,22450.0,22450.0,22425.0,22425.0,4700
2026-02-27 09:55:00,22425.0,22450.0,22425.0,22425.0,15700
2026-02-27 10:00:00,22400.0,22450.0,22400.0,22425.0,7000
2026-02-27 10:05:00,22450.0,22450.0,22450.0,22450.0,1000
2026-02-27 10:10:00,22450.0,22475.0,22450.0,22475.0,18200
2026-02-27 10:15:00,22475.0,22500.0,22475.0,22500.0,5500
2026-02-27 10:20:00,22500.0,22500.0,22500.0,22500.0,5700
2026-02-27 10:25:00,22500.0,22500.0,22475.0,22500.0,9300
2026-02-27 10:30:00,22500.0,22500.0,22475.0,22500.0,12500
2026-02-27 10:35:00,22500.0,22575.0,22475.0,22550.0,137900
2026-02-27 10:40:00,22575.0,22600.0,22575.0,22600.0,12200
2026-02-27 10:45:00,22600.0,22600.0,22575.0,22600.0,17500
2026-02-27 10:50:00,22600.0,22600.0,22575.0,22600.0,16900
2026-02-27 10:55:00,22575.0,22600.0,22575.0,22575.0,18600
2026-02-27 11:00:00,22575.0,22600.0,22575.0,22600.0,7700
2026-02-27 11:05:00,22600.0,22600.0,22575.0,22575.0,10800
2026-02-27 11:10:00,22600.0,22600.0,22575.0,22600.0,9600
2026-02-27 11:15:00,22600.0,22600.0,22575.0,22575.0,36200
2026-02-27 11:20:00,22575.0,22600.0,22575.0,22600.0,8800
2026-02-27 11:25:00,22575.0,22600.0,22575.0,22600.0,33300
2026-02-27 14:00:00,22600.0,22600.0,22525.0,22550.0,98000
2026-02-27 14:05:00,22550.0,22550.0,22525.0,22550.0,13800
2026-02-27 14:10:00,22550.0,22550.0,22525.0,22550.0,10900
2026-02-27 14:15:00,22550.0,22575.0,22475.0,22475.0,70800
2026-02-27 14:20:00,22475.0,22525.0,22450.0,22475.0,46600
2026-02-27 14:25:00,22475.0,22550.0,22450.0,22525.0,41700
2026-02-27 14:30:00,22525.0,22525.0,22475.0,22525.0,27300
2026-02-27 14:35:00,22525.0,22525.0,22500.0,22525.0,12100
2026-02-27 14:40:00,22525.0,22550.0,22525.0,22550.0,15500
2026-02-27 14:45:00,22550.0,22550.0,22500.0,22550.0,28000
2026-02-27 14:50:00,22550.0,22550.0,22500.0,22550.0,11700
2026-02-27 14:55:00,22550.0,22575.0,22550.0,22550.0,25400
2026-02-27 15:00:00,22575.0,22575.0,22550.0,22575.0,11500
2026-02-27 15:05:00,22575.0,22575.0,22550.0,22550.0,8700
2026-02-27 15:10:00,22575.0,22575.0,22550.0,22575.0,54000
2026-02-27 15:15:00,22575.0,22600.0,22525.0,22575.0,67000
2026-02-27 15:20:00,22575.0,22625.0,22575.0,22625.0,88500
2026-02-27 15:25:00,22625.0,22625.0,22600.0,22625.0,53500
2026-02-27 15:30:00,22625.0,22625.0,22600.0,22625.0,23200
2026-02-27 15:35:00,22600.0,22650.0,22600.0,22650.0,50000
2026-02-27 15:40:00,22625.0,22650.0,22625.0,22650.0,48400
2026-02-27 15:45:00,22625.0,22700.0,22575.0,22675.0,192300
2026-02-27 16:00:00,22775.0,22775.0,22775.0,22775.0,215600
2026-02-27 16:05:00,22775.0,22775.0,22775.0,22775.0,3000
2026-03-02 09:00:00,22775.0,23075.0,22725.0,23050.0,0
2026-03-02 09:05:00,23025.0,23275.0,23025.0,23250.0,228600
2026-03-02 09:10:00,23275.0,23275.0,23000.0,23000.0,200200
2026-03-02 09:15:00,23000.0,23000.0,22925.0,22975.0,109900
2026-03-02 09:20:00,22975.0,23075.0,22950.0,22975.0,84900
2026-03-02 09:25:00,22950.0,23000.0,22900.0,22975.0,64800
2026-03-02 09:30:00,22950.0,23000.0,22950.0,23000.0,96600
2026-03-02 09:35:00,22975.0,23025.0,22975.0,23000.0,51300
2026-03-02 09:40:00,23000.0,23025.0,23000.0,23025.0,36200
2026-03-02 09:45:00,23000.0,23050.0,23000.0,23050.0,91500
2026-03-02 09:50:00,23025.0,23075.0,23025.0,23075.0,111500
2026-03-02 09:55:00,23075.0,23100.0,23050.0,23075.0,86800
2026-03-02 10:00:00,23100.0,23100.0,23050.0,23075.0,59600
2026-03-02 10:05:00,23075.0,23075.0,23000.0,23000.0,33500
2026-03-02 10:10:00,23000.0,23025.0,22975.0,22975.0,79700
2026-03-02 10:15:00,22975.0,22975.0,22925.0,22925.0,20700
2026-03-02 10:20:00,22925.0,22950.0,22925.0,22925.0,6600
2026-03-02 10:25:00,22925.0,22950.0,22875.0,22875.0,77000
2026-03-02 10:30:00,22925.0,23000.0,22900.0,23000.0,26100
2026-03-02 10:35:00,23000.0,23025.0,22975.0,23025.0,19500
2026-03-02 10:40:00,23000.0,23025.0,23000.0,23000.0,6300
2026-03-02 10:45:00,23000.0,23050.0,23000.0,23025.0,23100
2026-03-02 10:50:00,23050.0,23050.0,23025.0,23025.0,21700
2026-03-02 10:55:00,23050.0,23050.0,23000.0,23000.0,67300
2026-03-02 11:00:00,22975.0,22975.0,22975.0,22975.0,7600
2026-03-02 11:05:00,23000.0,23000.0,22950.0,22950.0,19300
2026-03-02 11:10:00,22950.0,22975.0,22925.0,22925.0,128900
2026-03-02 11:15:00,22950.0,22950.0,22925.0,22925.0,1500
2026-03-02 11:20:00,22925.0,22950.0,22925.0,22925.0,24400
2026-03-02 11:25:00,22925.0,22950.0,22900.0,22900.0,42000
2026-03-02 11:30:00,22900.0,22925.0,22900.0,22925.0,56600
2026-03-02 11:35:00,22900.0,22950.0,22900.0,22925.0,19800
2026-03-02 11:40:00,22950.0,22950.0,22925.0,22950.0,4500
2026-03-02 11:45:00,22950.0,22950.0,22925.0,22950.0,2900
2026-03-02 11:50:00,22950.0,22950.0,22925.0,22925.0,6700
2026-03-02 11:55:00,22925.0,22950.0,22925.0,22925.0,4300
2026-03-02 13:30:00,22925.0,22950.0,22925.0,22950.0,23800
2026-03-02 13:35:00,22925.0,22950.0,22925.0,22925.0,50400
2026-03-02 13:40:00,22925.0,22950.0,22925.0,22925.0,14100
2026-03-02 13:45:00,22925.0,22925.0,22900.0,22900.0,7200
2026-03-02 13:50:00,22925.0,22925.0,22900.0,22900.0,6300
2026-03-02 13:55:00,22900.0,22925.0,22900.0,22900.0,4400
2026-03-02 14:00:00,22925.0,22925.0,22900.0,22925.0,21200
2026-03-02 14:05:00,22900.0,22925.0,22900.0,22925.0,8700
2026-03-02 14:10:00,22900.0,22925.0,22900.0,22925.0,31800
2026-03-02 14:15:00,22925.0,22925.0,22900.0,22900.0,25500
2026-03-02 14:20:00,22900.0,22925.0,22900.0,22925.0,29100
2026-03-02 14:25:00,22925.0,22925.0,22900.0,22900.0,6300
2026-03-02 14:30:00,22900.0,22950.0,22900.0,22925.0,48600
2026-03-02 14:35:00,22925.0,22950.0,22925.0,22950.0,29700
2026-03-02 14:40:00,22950.0,22950.0,22925.0,22950.0,19700
2026-03-02 14:45:00,22925.0,22975.0,22925.0,22975.0,44900
2026-03-02 14:50:00,22975.0,22975.0,22950.0,22950.0,23000
2026-03-02 14:55:00,22975.0,22975.0,22950.0,22975.0,15800
2026-03-02 15:00:00,22950.0,22975.0,22950.0,22950.0,22400
2026-03-02 15:05:00,22975.0,22975.0,22950.0,22975.0,14900
2026-03-02 15:10:00,22950.0,23000.0,22950.0,23000.0,79100
2026-03-02 15:15:00,22975.0,23100.0,22975.0,23100.0,195300
2026-03-02 15:20:00,23075.0,23125.0,23075.0,23125.0,34000
2026-03-02 15:25:00,23125.0,23200.0,23100.0,23200.0,93800
2026-03-02 15:30:00,23200.0,23250.0,23200.0,23250.0,117000
2026-03-02 15:35:00,23225.0,23250.0,23225.0,23250.0,86200
2026-03-02 15:40:00,23275.0,23300.0,23250.0,23275.0,347100
2026-03-02 15:45:00,23275.0,23300.0,23225.0,23250.0,89100
2026-03-02 16:00:00,23500.0,23500.0,23500.0,23500.0,1081800
2026-03-02 16:05:00,23500.0,23500.0,23500.0,23500.0,34200
2026-03-02 16:10:00,23500.0,23500.0,23500.0,23500.0,39900
2026-03-03 09:00:00,24050.0,24300.0,24050.0,24200.0,0
2026-03-03 09:05:00,24200.0,24300.0,24175.0,24250.0,338900
2026-03-03 09:10:00,24250.0,24250.0,24175.0,24250.0,268100
2026-03-03 09:15:00,24250.0,24300.0,24225.0,24250.0,266900
2026-03-03 09:20:00,24250.0,24275.0,24250.0,24250.0,80600
2026-03-03 09:25:00,24250.0,24300.0,24250.0,24300.0,82400
2026-03-03 09:30:00,24300.0,24300.0,24250.0,24275.0,233300
2026-03-03 09:35:00,24250.0,24275.0,24225.0,24225.0,135600
2026-03-03 09:40:00,24225.0,24250.0,24200.0,24200.0,154100
2026-03-03 09:45:00,24200.0,24225.0,24100.0,24100.0,157200
2026-03-03 09:50:00,24125.0,24150.0,24100.0,24150.0,86900
2026-03-03 09:55:00,24125.0,24150.0,24075.0,24075.0,70400
2026-03-03 10:00:00,24075.0,24125.0,24050.0,24125.0,63000
2026-03-03 10:05:00,24150.0,24175.0,24100.0,24150.0,91700
2026-03-03 10:10:00,24150.0,24200.0,24150.0,24150.0,112200
2026-03-03 10:15:00,24175.0,24225.0,24150.0,24200.0,36800
2026-03-03 10:20:00,24200.0,24225.0,24150.0,24150.0,66800
2026-03-03 10:25:00,24150.0,24225.0,24150.0,24175.0,26000
2026-03-03 10:30:00,24175.0,24200.0,24150.0,24150.0,47900
2026-03-03 10:35:00,24150.0,24150.0,24025.0,24025.0,100500
2026-03-03 10:40:00,24000.0,24025.0,23850.0,23900.0,130300
2026-03-03 10:45:00,23900.0,23975.0,23900.0,23950.0,42800
2026-03-03 10:50:00,23925.0,23925.0,23800.0,23800.0,78000
2026-03-03 10:55:00,23800.0,23850.0,23800.0,23825.0,51300
2026-03-03 11:00:00,23850.0,23875.0,23825.0,23875.0,37700
2026-03-03 11:05:00,23875.0,23925.0,23875.0,23925.0,19400
2026-03-03 11:10:00,23925.0,23925.0,23875.0,23900.0,27000
2026-03-03 11:15:00,23900.0,23950.0,23900.0,23925.0,40200
2026-03-03 11:20:00,23925.0,24000.0,23925.0,23975.0,24500
2026-03-03 11:25:00,23975.0,24000.0,23975.0,23975.0,22500
2026-03-03 11:30:00,23975.0,24000.0,23975.0,24000.0,11000
2026-03-03 11:35:00,24000.0,24075.0,24000.0,24075.0,78600
2026-03-03 11:40:00,24075.0,24075.0,24050.0,24050.0,45200
2026-03-03 11:45:00,24025.0,24050.0,24025.0,24050.0,6300
2026-03-03 11:50:00,24050.0,24100.0,24050.0,24075.0,14600
2026-03-03 11:55:00,24100.0,24150.0,24100.0,24125.0,72000
2026-03-03 13:30:00,24150.0,24175.0,23950.0,24000.0,252000
2026-03-03 13:35:00,24000.0,24050.0,23950.0,23975.0,58800
2026-03-03 13:40:00,23925.0,24000.0,23925.0,23950.0,32000
2026-03-03 13:45:00,23950.0,24025.0,23900.0,23950.0,46000
2026-03-03 13:50:00,23950.0,23950.0,23925.0,23950.0,23900
2026-03-03 13:55:00,23925.0,23925.0,23875.0,23900.0,23600
2026-03-03 14:00:00,23875.0,23900.0,23800.0,23825.0,105800
2026-03-03 14:05:00,23825.0,23825.0,23750.0,23775.0,47600
2026-03-03 14:10:00,23750.0,23775.0,23750.0,23750.0,104400
2026-03-03 14:15:00,23750.0,23750.0,23725.0,23750.0,22000
2026-03-03 14:20:00,23750.0,23800.0,23750.0,23800.0,52000
2026-03-03 14:25:00,23800.0,23825.0,23775.0,23800.0,40400
2026-03-03 14:30:00,23800.0,23825.0,23800.0,23800.0,10800
2026-03-03 14:35:00,23825.0,23850.0,23800.0,23850.0,8300
2026-03-03 14:40:00,23850.0,23925.0,23825.0,23925.0,102600
2026-03-03 14:45:00,23925.0,23950.0,23900.0,23950.0,10100
2026-03-03 14:50:00,23950.0,24025.0,23925.0,24000.0,146800
2026-03-03 14:55:00,23950.0,24000.0,23925.0,23925.0,7800
2026-03-03 15:00:00,23950.0,23975.0,23875.0,23875.0,54900
2026-03-03 15:05:00,23875.0,23900.0,23875.0,23900.0,23200
2026-03-03 15:10:00,23900.0,24000.0,23900.0,24000.0,55200
2026-03-03 15:15:00,24000.0,24050.0,23950.0,24025.0,96300
2026-03-03 15:20:00,24025.0,24050.0,24000.0,24000.0,31900
2026-03-03 15:25:00,24000.0,24050.0,24000.0,24050.0,45900
2026-03-03 15:30:00,24050.0,24125.0,24025.0,24125.0,125600
2026-03-03 15:35:00,24125.0,24550.0,24125.0,24375.0,1427800
2026-03-03 15:40:00,24350.0,24525.0,24275.0,24500.0,144500
2026-03-03 15:45:00,24500.0,24750.0,24500.0,24750.0,556600
2026-03-03 16:00:00,25000.0,25000.0,25000.0,25000.0,962200
2026-03-03 16:05:00,25000.0,25000.0,25000.0,25000.0,43100
2026-03-03 16:10:00,25000.0,25000.0,25000.0,25000.0,28800
2026-03-04 09:00:00,25125.0,25625.0,24675.0,25525.0,1516000
2026-03-04 09:05:00,25525.0,25650.0,25250.0,25625.0,587800
2026-03-04 09:10:00,25625.0,25875.0,25400.0,25750.0,629200
2026-03-04 09:15:00,25725.0,25800.0,25525.0,25550.0,332400
2026-03-04 09:20:00,25550.0,25600.0,25350.0,25500.0,323500
2026-03-04 09:25:00,25500.0,25675.0,25475.0,25650.0,219400
2026-03-04 09:30:00,25675.0,25875.0,25650.0,25875.0,526800
2026-03-04 09:35:00,25875.0,25875.0,25650.0,25650.0,198400
2026-03-04 09:40:00,25650.0,25650.0,25275.0,25325.0,254400
2026-03-04 09:45:00,25300.0,25350.0,25125.0,25150.0,213400
2026-03-04 09:50:00,25125.0,25200.0,25000.0,25050.0,168600
2026-03-04 09:55:00,25050.0,25050.0,24775.0,24775.0,383900
2026-03-04 10:00:00,24775.0,25050.0,24600.0,24950.0,399000
2026-03-04 10:05:00,24950.0,24950.0,24825.0,24825.0,171800
2026-03-04 10:10:00,24825.0,24875.0,24775.0,24800.0,194800
2026-03-04 10:15:00,24800.0,24825.0,24500.0,24725.0,196000
2026-03-04 10:20:00,24700.0,24750.0,24525.0,24525.0,140800
2026-03-04 10:25:00,24525.0,24800.0,24450.0,24800.0,334100
2026-03-04 10:30:00,24775.0,25025.0,24775.0,25025.0,196400
2026-03-04 10:35:00,25000.0,25050.0,24975.0,25000.0,61500
2026-03-04 10:40:00,25025.0,25200.0,24975.0,25075.0,171500
2026-03-04 10:45:00,25125.0,25200.0,25100.0,25200.0,116700
2026-03-04 10:50:00,25175.0,25325.0,25100.0,25300.0,82500
2026-03-04 10:55:00,25300.0,25375.0,25200.0,25350.0,176700
2026-03-04 11:00:00,25350.0,25350.0,25075.0,25125.0,127500
2026-03-04 11:05:00,25125.0,25225.0,25100.0,25225.0,35500
2026-03-04 11:10:00,25225.0,25225.0,25100.0,25150.0,32900
2026-03-04 11:15:00,25125.0,25175.0,25100.0,25125.0,60600
2026-03-04 11:20:00,25125.0,25150.0,25100.0,25125.0,32700
2026-03-04 11:25:00,25125.0,25125.0,24975.0,25000.0,157500
2026-03-04 11:30:00,24950.0,24950.0,24725.0,24750.0,70900
2026-03-04 11:35:00,24750.0,24950.0,24750.0,24875.0,51600
2026-03-04 11:40:00,24875.0,24875.0,24750.0,24750.0,48100
2026-03-04 11:45:00,24725.0,24900.0,24700.0,24750.0,96600
2026-03-04 11:50:00,24750.0,24900.0,24700.0,24875.0,82700
2026-03-04 11:55:00,24850.0,24850.0,24650.0,24675.0,94700
2026-03-04 13:30:00,24675.0,24850.0,24650.0,24675.0,319900
2026-03-04 13:35:00,24650.0,24850.0,24650.0,24850.0,126600
2026-03-04 13:40:00,24825.0,24850.0,24800.0,24825.0,35600
2026-03-04 13:45:00,24800.0,24800.0,24650.0,24725.0,113200
2026-03-04 13:50:00,24725.0,24800.0,24725.0,24775.0,21100
2026-03-04 13:55:00,24800.0,24800.0,24725.0,24775.0,84800
2026-03-04 14:00:00,24750.0,24800.0,24750.0,24750.0,44200
2026-03-04 14:05:00,24750.0,24750.0,24700.0,24725.0,42500
2026-03-04 14:10:00,24725.0,24725.0,24650.0,24675.0,80100
2026-03-04 14:15:00,24650.0,24675.0,24575.0,24600.0,132000
2026-03-04 14:20:00,24600.0,24750.0,24575.0,24725.0,108800
2026-03-04 14:25:00,24750.0,24800.0,24675.0,24800.0,78200
2026-03-04 14:30:00,24775.0,24875.0,24775.0,24875.0,83400
2026-03-04 14:35:00,24825.0,24875.0,24825.0,24850.0,73900
2026-03-04 14:40:00,24850.0,24850.0,24800.0,24850.0,23900
2026-03-04 14:45:00,24825.0,24875.0,24825.0,24850.0,84300
2026-03-04 14:50:00,24875.0,24900.0,24850.0,24875.0,53800
2026-03-04 14:55:00,24875.0,24900.0,24850.0,24850.0,58700
2026-03-04 15:00:00,24875.0,24900.0,24750.0,24775.0,139300
2026-03-04 15:05:00,24775.0,24850.0,24775.0,24850.0,19400
2026-03-04 15:10:00,24825.0,24850.0,24750.0,24750.0,75800
2026-03-04 15:15:00,24750.0,24750.0,24700.0,24700.0,30100
2026-03-04 15:20:00,24725.0,24750.0,24700.0,24750.0,25900
2026-03-04 15:25:00,24725.0,24750.0,24700.0,24700.0,40500
2026-03-04 15:30:00,24700.0,24725.0,24625.0,24650.0,92400
2026-03-04 15:35:00,24650.0,24700.0,24650.0,24675.0,74000
2026-03-04 15:40:00,24675.0,24675.0,24600.0,24675.0,95600
2026-03-04 15:45:00,24650.0,24700.0,24625.0,24675.0,74100
2026-03-04 16:00:00,25000.0,25000.0,25000.0,25000.0,695700
2026-03-04 16:05:00,25000.0,25000.0,25000.0,25000.0,29900
2026-03-04 16:10:00,25000.0,25000.0,25000.0,25000.0,4600
2026-03-05 09:00:00,24925.0,25100.0,24900.0,24950.0,0
2026-03-05 09:05:00,24975.0,25000.0,24675.0,24825.0,263200
2026-03-05 09:10:00,24825.0,24850.0,24650.0,24675.0,126100
2026-03-05 09:15:00,24675.0,24800.0,24650.0,24800.0,219900
2026-03-05 09:20:00,24775.0,24825.0,24725.0,24800.0,103100
2026-03-05 09:25:00,24775.0,24800.0,24775.0,24775.0,34400
2026-03-05 09:30:00,24775.0,25000.0,24775.0,24950.0,194000
2026-03-05 09:35:00,24950.0,25000.0,24950.0,24975.0,35800
2026-03-05 09:40:00,24975.0,25000.0,24975.0,24975.0,49300
2026-03-05 09:45:00,25000.0,25000.0,24950.0,24950.0,36600
2026-03-05 09:50:00,24950.0,24950.0,24925.0,24950.0,35700
2026-03-05 09:55:00,24950.0,25275.0,24950.0,25275.0,406800
2026-03-05 10:00:00,25275.0,25275.0,25175.0,25200.0,71400
2026-03-05 10:05:00,25200.0,25225.0,25175.0,25200.0,41600
2026-03-05 10:10:00,25250.0,25350.0,25200.0,25300.0,160300
2026-03-05 10:15:00,25300.0,25300.0,25225.0,25250.0,44200
2026-03-05 10:20:00,25250.0,25275.0,25200.0,25225.0,84700
2026-03-05 10:25:00,25200.0,25225.0,25200.0,25225.0,33900
2026-03-05 10:30:00,25200.0,25250.0,25200.0,25225.0,30900
2026-03-05 10:35:00,25225.0,25275.0,25150.0,25225.0,98600
2026-03-05 10:40:00,25225.0,25225.0,25075.0,25100.0,45400
2026-03-05 10:45:00,25100.0,25150.0,25100.0,25150.0,14500
2026-03-05 10:50:00,25125.0,25150.0,25125.0,25125.0,19000
2026-03-05 10:55:00,25125.0,25175.0,25125.0,25150.0,40400
2026-03-05 11:00:00,25150.0,25200.0,25150.0,25175.0,16500
2026-03-05 11:05:00,25175.0,25200.0,25150.0,25150.0,23700
2026-03-05 11:10:00,25175.0,25175.0,25150.0,25150.0,15500
2026-03-05 11:15:00,25150.0,25150.0,25150.0,25150.0,5400
2026-03-05 11:20:00,25125.0,25175.0,25125.0,25175.0,33800
2026-03-05 11:25:00,25175.0,25175.0,25125.0,25150.0,16400
2026-03-05 11:30:00,25150.0,25150.0,25125.0,25125.0,25400
2026-03-05 11:35:00,25125.0,25150.0,25125.0,25125.0,15000
2026-03-05 11:40:00,25150.0,25200.0,25125.0,25175.0,52800
2026-03-05 11:45:00,25175.0,25200.0,25175.0,25175.0,26700
2026-03-05 11:50:00,25150.0,25200.0,25150.0,25150.0,19200
2026-03-05 11:55:00,25150.0,25200.0,25150.0,25200.0,17900
2026-03-05 13:30:00,25200.0,25200.0,25100.0,25125.0,93900
2026-03-05 13:35:00,25150.0,25250.0,25150.0,25250.0,246400
2026-03-05 13:40:00,25250.0,25275.0,25225.0,25275.0,109700
2026-03-05 13:45:00,25275.0,25275.0,25250.0,25250.0,64100
2026-03-05 13:50:00,25275.0,25450.0,25275.0,25375.0,365400
2026-03-05 13:55:00,25325.0,25400.0,25250.0,25400.0,44100
2026-03-05 14:00:00,25400.0,25450.0,25400.0,25450.0,83200
2026-03-05 14:05:00,25450.0,25450.0,25425.0,25425.0,55500
2026-03-05 14:10:00,25425.0,25450.0,25400.0,25450.0,61800
2026-03-05 14:15:00,25450.0,25500.0,25425.0,25425.0,185800
2026-03-05 14:20:00,25450.0,25475.0,25400.0,25450.0,42400
2026-03-05 14:25:00,25450.0,25475.0,25450.0,25450.0,16600
2026-03-05 14:30:00,25475.0,25475.0,25450.0,25450.0,56100
2026-03-05 14:35:00,25450.0,25475.0,25450.0,25475.0,29600
2026-03-05 14:40:00,25450.0,25500.0,25450.0,25475.0,97700
2026-03-05 14:45:00,25500.0,25500.0,25475.0,25475.0,67400
2026-03-05 14:50:00,25500.0,25575.0,25475.0,25550.0,167400
2026-03-05 14:55:00,25550.0,25575.0,25525.0,25550.0,99700
2026-03-05 15:00:00,25550.0,25700.0,25550.0,25675.0,197000
2026-03-05 15:05:00,25675.0,25700.0,25675.0,25700.0,119300
2026-03-05 15:10:00,25675.0,25725.0,25650.0,25725.0,74300
2026-03-05 15:15:00,25700.0,25725.0,25675.0,25725.0,91600
2026-03-05 15:20:00,25725.0,25725.0,25675.0,25700.0,112500
2026-03-05 15:25:00,25700.0,25725.0,25675.0,25675.0,50100
2026-03-05 15:30:00,25675.0,25725.0,25675.0,25700.0,76000
2026-03-05 15:35:00,25700.0,25725.0,25700.0,25700.0,102200
2026-03-05 15:40:00,25700.0,25750.0,25700.0,25750.0,91900
2026-03-05 15:45:00,25750.0,25750.0,25675.0,25675.0,97900
2026-03-05 16:00:00,25975.0,25975.0,25975.0,25975.0,929400
2026-03-05 16:05:00,25975.0,25975.0,25975.0,25975.0,400
2026-03-05 16:10:00,25975.0,25975.0,25975.0,25975.0,14100
2026-03-06 09:00:00,26125.0,26325.0,26050.0,26175.0,0
2026-03-06 09:05:00,26175.0,26200.0,25875.0,25875.0,247700
2026-03-06 09:10:00,25875.0,25975.0,25850.0,25850.0,119000
2026-03-06 09:15:00,25850.0,25950.0,25850.0,25950.0,149500
2026-03-06 09:20:00,25950.0,25950.0,25900.0,25900.0,42500
2026-03-06 09:25:00,25900.0,26075.0,25900.0,25925.0,129700
2026-03-06 09:30:00,25950.0,26000.0,25900.0,25975.0,54400
2026-03-06 09:35:00,25975.0,26000.0,25950.0,25950.0,47000
2026-03-06 09:40:00,25925.0,25925.0,25775.0,25775.0,163700
2026-03-06 09:45:00,25750.0,25975.0,25750.0,25975.0,85300
2026-03-06 09:50:00,25975.0,26000.0,25950.0,25975.0,43200
2026-03-06 09:55:00,25975.0,26100.0,25975.0,26075.0,181400
2026-03-06 10:00:00,26075.0,26100.0,26075.0,26100.0,54200
2026-03-06 10:05:00,26100.0,26250.0,26075.0,26250.0,337900
2026-03-06 10:10:00,26250.0,26400.0,26200.0,26400.0,492800
2026-03-06 10:15:00,26375.0,26475.0,26275.0,26275.0,175800
2026-03-06 10:20:00,26275.0,26400.0,26250.0,26275.0,123700
2026-03-06 10:25:00,26275.0,26400.0,26275.0,26375.0,149000
2026-03-06 10:30:00,26400.0,26400.0,26325.0,26350.0,114100
2026-03-06 10:35:00,26350.0,26400.0,26350.0,26375.0,61700
2026-03-06 10:40:00,26375.0,26625.0,26375.0,26625.0,604900
2026-03-06 10:45:00,26625.0,26700.0,26625.0,26700.0,182900
2026-03-06 10:50:00,26700.0,26750.0,26675.0,26750.0,122900
2026-03-06 10:55:00,26750.0,26925.0,26750.0,26875.0,215500
2026-03-06 11:00:00,26875.0,26925.0,26775.0,26875.0,235500
2026-03-06 11:05:00,26875.0,26925.0,26875.0,26925.0,103700
2026-03-06 11:10:00,26900.0,26950.0,26700.0,26750.0,283900
2026-03-06 11:15:00,26750.0,26750.0,26625.0,26725.0,108300
2026-03-06 11:20:00,26700.0,26850.0,26700.0,26825.0,153200
2026-03-06 11:25:00,26800.0,26800.0,26725.0,26725.0,45100
2026-03-06 14:00:00,26750.0,26750.0,26650.0,26650.0,353300
2026-03-06 14:05:00,26650.0,26750.0,26650.0,26750.0,124000
2026-03-06 14:10:00,26725.0,26800.0,26725.0,26800.0,94800
2026-03-06 14:15:00,26825.0,26875.0,26825.0,26850.0,58100
2026-03-06 14:20:00,26850.0,26900.0,26850.0,26900.0,106500
2026-03-06 14:25:00,26875.0,26900.0,26875.0,26875.0,107100
2026-03-06 14:30:00,26875.0,26900.0,26875.0,26875.0,27500
2026-03-06 14:35:00,26875.0,26900.0,26875.0,26900.0,48200
2026-03-06 14:40:00,26875.0,26925.0,26875.0,26900.0,164700
2026-03-06 14:45:00,26925.0,26975.0,26900.0,26975.0,192700
2026-03-06 14:50:00,26950.0,27000.0,26950.0,26975.0,158900
2026-03-06 14:55:00,27000.0,27175.0,26975.0,27175.0,477900
2026-03-06 15:00:00,27150.0,27175.0,27075.0,27175.0,177400
2026-03-06 15:05:00,27150.0,27175.0,27025.0,27050.0,118200
2026-03-06 15:10:00,27050.0,27075.0,26925.0,26950.0,110600
2026-03-06 15:15:00,26925.0,26950.0,26925.0,26950.0,39400
2026-03-06 15:20:00,26950.0,26950.0,26750.0,26800.0,190200
2026-03-06 15:25:00,26800.0,26925.0,26775.0,26850.0,77100
2026-03-06 15:30:00,26850.0,26975.0,26850.0,26975.0,68700
2026-03-06 15:35:00,26975.0,26975.0,26950.0,26975.0,30900
2026-03-06 15:40:00,26950.0,26975.0,26925.0,26925.0,105900
2026-03-06 15:45:00,26950.0,26975.0,26925.0,26950.0,87200
2026-03-06 16:00:00,26975.0,26975.0,26975.0,26975.0,197900
2026-03-06 16:05:00,26975.0,26975.0,26975.0,26975.0,25300
2026-03-06 16:10:00,26975.0,26975.0,26975.0,26975.0,3700
2026-03-09 09:00:00,27025.0,27700.0,27000.0,27400.0,0
2026-03-09 09:05:00,27400.0,27400.0,26975.0,27025.0,554800
2026-03-09 09:10:00,27025.0,27025.0,26575.0,26950.0,629200
2026-03-09 09:15:00,26950.0,27400.0,26925.0,27350.0,304600
2026-03-09 09:20:00,27400.0,27425.0,27075.0,27225.0,226500
2026-03-09 09:25:00,27225.0,27300.0,27050.0,27100.0,246100
2026-03-09 09:30:00,27100.0,27100.0,26900.0,26975.0,151500
2026-03-09 09:35:00,27000.0,27125.0,26950.0,27100.0,122000
2026-03-09 09:40:00,27100.0,27200.0,27100.0,27175.0,155800
2026-03-09 09:45:00,27200.0,27200.0,27150.0,27200.0,137200
2026-03-09 09:50:00,27225.0,27250.0,27200.0,27225.0,46500
2026-03-09 09:55:00,27200.0,27275.0,27150.0,27275.0,156200
2026-03-09 10:00:00,27275.0,27375.0,27250.0,27375.0,172300
2026-03-09 10:05:00,27375.0,27425.0,27350.0,27425.0,116700
2026-03-09 10:10:00,27425.0,27650.0,27400.0,27500.0,858200
2026-03-09 10:15:00,27500.0,27525.0,27450.0,27525.0,189200
2026-03-09 10:20:00,27525.0,27600.0,27525.0,27550.0,113400
2026-03-09 10:25:00,27550.0,27600.0,27500.0,27550.0,134800
2026-03-09 10:30:00,27525.0,27550.0,27475.0,27500.0,67500
2026-03-09 10:35:00,27475.0,27525.0,27425.0,27475.0,122000
2026-03-09 10:40:00,27450.0,27500.0,27450.0,27500.0,55400
2026-03-09 10:45:00,27475.0,27500.0,27475.0,27500.0,54600
2026-03-09 10:50:00,27475.0,27500.0,27475.0,27500.0,56600
2026-03-09 10:55:00,27500.0,27550.0,27475.0,27550.0,159300
2026-03-09 11:00:00,27525.0,27550.0,27500.0,27525.0,186500
2026-03-09 11:05:00,27525.0,27675.0,27525.0,27675.0,441100
2026-03-09 11:10:00,27675.0,27700.0,27650.0,27700.0,73300
2026-03-09 11:15:00,27675.0,27775.0,27675.0,27750.0,268300
2026-03-09 11:20:00,27750.0,27800.0,27675.0,27675.0,205800
2026-03-09 11:25:00,27675.0,27725.0,27675.0,27675.0,37100
2026-03-09 11:30:00,27675.0,27675.0,27600.0,27650.0,52300
2026-03-09 11:35:00,27625.0,27700.0,27625.0,27700.0,66600
2026-03-09 11:40:00,27700.0,27725.0,27675.0,27675.0,123600
2026-03-09 11:45:00,27675.0,27700.0,27650.0,27700.0,13000
2026-03-09 11:50:00,27700.0,27700.0,27675.0,27700.0,47000
2026-03-09 11:55:00,27700.0,27725.0,27700.0,27700.0,40500
2026-03-09 13:30:00,27700.0,27725.0,27650.0,27700.0,229700
2026-03-09 13:35:00,27700.0,27725.0,27700.0,27700.0,21100
2026-03-09 13:40:00,27725.0,27725.0,27600.0,27650.0,194300
2026-03-09 13:45:00,27625.0,27675.0,27625.0,27675.0,20200
2026-03-09 13:50:00,27650.0,27800.0,27650.0,27800.0,254400
2026-03-09 13:55:00,27775.0,27800.0,27750.0,27800.0,49400
2026-03-09 14:00:00,27800.0,27850.0,27775.0,27850.0,202000
2026-03-09 14:05:00,27850.0,27975.0,27825.0,27975.0,259100
2026-03-09 14:10:00,27950.0,27975.0,27900.0,27925.0,236000
2026-03-09 14:15:00,27925.0,27975.0,27925.0,27975.0,128300
2026-03-09 14:20:00,27975.0,28000.0,27875.0,27900.0,481300
2026-03-09 14:25:00,27900.0,27900.0,27825.0,27850.0,32800
2026-03-09 14:30:00,27875.0,27900.0,27825.0,27875.0,122300
2026-03-09 14:35:00,27875.0,27925.0,27775.0,27875.0,69500
2026-03-09 14:40:00,27850.0,27875.0,27850.0,27875.0,31000
2026-03-09 14:45:00,27875.0,27900.0,27850.0,27875.0,32500
2026-03-09 14:50:00,27875.0,27900.0,27775.0,27825.0,86400
2026-03-09 14:55:00,27800.0,27825.0,27700.0,27725.0,116800
2026-03-09 15:00:00,27750.0,27775.0,27625.0,27650.0,110300
2026-03-09 15:05:00,27700.0,27750.0,27675.0,27725.0,49500
2026-03-09 15:10:00,27725.0,27725.0,27625.0,27650.0,94900
2026-03-09 15:15:00,27650.0,27875.0,27625.0,27825.0,77800
2026-03-09 15:20:00,27825.0,27825.0,27775.0,27775.0,75600
2026-03-09 15:25:00,27800.0,27900.0,27800.0,27875.0,134900
2026-03-09 15:30:00,27900.0,28000.0,27875.0,28000.0,172400
2026-03-09 15:35:00,28000.0,28000.0,27975.0,28000.0,401400
2026-03-09 15:40:00,28000.0,28000.0,27975.0,28000.0,152300
2026-03-09 15:45:00,28000.0,28000.0,27675.0,27750.0,219900
2026-03-09 16:00:00,28300.0,28300.0,28300.0,28300.0,1357400
2026-03-09 16:05:00,28300.0,28300.0,28300.0,28300.0,16500
2026-03-09 16:10:00,28300.0,28300.0,28300.0,28300.0,4600
2026-03-10 09:00:00,27800.0,27800.0,27000.0,27750.0,0
2026-03-10 09:05:00,27775.0,27850.0,27650.0,27850.0,309700
2026-03-10 09:10:00,27825.0,28000.0,27775.0,27875.0,248200
2026-03-10 09:15:00,27875.0,27900.0,27725.0,27825.0,161800
2026-03-10 09:20:00,27825.0,27825.0,27725.0,27725.0,85100
2026-03-10 09:25:00,27725.0,27750.0,27650.0,27700.0,82500
2026-03-10 09:30:00,27675.0,27675.0,27525.0,27525.0,238100
2026-03-10 09:35:00,27500.0,27550.0,27300.0,27375.0,250600
2026-03-10 09:40:00,27375.0,27500.0,27350.0,27350.0,109100
2026-03-10 09:45:00,27350.0,27400.0,27225.0,27375.0,265800
2026-03-10 09:50:00,27400.0,27450.0,27350.0,27350.0,50700
2026-03-10 09:55:00,27325.0,27325.0,27275.0,27275.0,130700
2026-03-10 10:00:00,27275.0,27275.0,27075.0,27075.0,132700
2026-03-10 10:05:00,27075.0,27275.0,27025.0,27225.0,248400
2026-03-10 10:10:00,27225.0,27350.0,27225.0,27300.0,103800
2026-03-10 10:15:00,27300.0,27375.0,27250.0,27350.0,66500
2026-03-10 10:20:00,27375.0,27500.0,27350.0,27475.0,145100
2026-03-10 10:25:00,27500.0,27550.0,27475.0,27525.0,27700
2026-03-10 10:30:00,27550.0,27650.0,27525.0,27650.0,70400
2026-03-10 10:35:00,27625.0,27650.0,27600.0,27600.0,60200
2026-03-10 10:40:00,27575.0,27575.0,27450.0,27450.0,152500
2026-03-10 10:45:00,27450.0,27500.0,27450.0,27500.0,23500
2026-03-10 10:50:00,27500.0,27550.0,27450.0,27525.0,60600
2026-03-10 10:55:00,27550.0,27575.0,27550.0,27575.0,17500
2026-03-10 11:00:00,27550.0,27575.0,27400.0,27425.0,163500
2026-03-10 11:05:00,27425.0,27450.0,27425.0,27425.0,2200
2026-03-10 11:10:00,27425.0,27475.0,27425.0,27450.0,19800
2026-03-10 11:15:00,27475.0,27475.0,27425.0,27425.0,22300
2026-03-10 11:20:00,27450.0,27450.0,27375.0,27375.0,91400
2026-03-10 11:25:00,27375.0,27400.0,27325.0,27350.0,76600
2026-03-10 11:30:00,27325.0,27350.0,27225.0,27225.0,73900
2026-03-10 11:35:00,27225.0,27225.0,27175.0,27200.0,61400
2026-03-10 11:40:00,27175.0,27300.0,27150.0,27200.0,82500
2026-03-10 11:45:00,27200.0,27225.0,27125.0,27175.0,105700
2026-03-10 11:50:00,27200.0,27250.0,27125.0,27125.0,102900
2026-03-10 11:55:00,27150.0,27225.0,27075.0,27225.0,123300
2026-03-10 13:30:00,27250.0,27400.0,27225.0,27400.0,211200
2026-03-10 13:35:00,27375.0,27425.0,27375.0,27375.0,44700
2026-03-10 13:40:00,27400.0,27400.0,27325.0,27375.0,21600
2026-03-10 13:45:00,27375.0,27450.0,27375.0,27450.0,49800
2026-03-10 13:50:00,27450.0,27475.0,27425.0,27425.0,65400
2026-03-10 13:55:00,27450.0,27475.0,27425.0,27475.0,24900
2026-03-10 14:00:00,27475.0,27550.0,27450.0,27525.0,136900
2026-03-10 14:05:00,27525.0,27600.0,27525.0,27600.0,24600
2026-03-10 14:10:00,27600.0,27700.0,27575.0,27675.0,86100
2026-03-10 14:15:00,27700.0,27700.0,27650.0,27700.0,62400
2026-03-10 14:20:00,27675.0,27725.0,27675.0,27725.0,91100
2026-03-10 14:25:00,27725.0,27825.0,27725.0,27825.0,79500
2026-03-10 14:30:00,27825.0,27825.0,27775.0,27800.0,84000
2026-03-10 14:35:00,27800.0,27900.0,27775.0,27900.0,67800
2026-03-10 14:40:00,27925.0,27975.0,27925.0,27975.0,121700
2026-03-10 14:45:00,27975.0,28000.0,27950.0,27950.0,74900
2026-03-10 14:50:00,27975.0,27975.0,27925.0,27950.0,65500
2026-03-10 14:55:00,27950.0,27950.0,27925.0,27925.0,50300
2026-03-10 15:00:00,27925.0,27950.0,27900.0,27900.0,49000
2026-03-10 15:05:00,27875.0,27875.0,27800.0,27800.0,90100
2026-03-10 15:10:00,27800.0,27925.0,27800.0,27925.0,22700
2026-03-10 15:15:00,27875.0,27925.0,27875.0,27925.0,73400
2026-03-10 15:20:00,27900.0,27950.0,27900.0,27925.0,20200
2026-03-10 15:25:00,27925.0,28150.0,27925.0,28100.0,517400
2026-03-10 15:30:00,28100.0,28125.0,28050.0,28050.0,67800
2026-03-10 15:35:00,28050.0,28100.0,28025.0,28050.0,90500
2026-03-10 15:40:00,28050.0,28075.0,27875.0,27975.0,344100
2026-03-10 15:45:00,27975.0,28050.0,27950.0,28000.0,146500
2026-03-10 16:00:00,28025.0,28025.0,28025.0,28025.0,816900
2026-03-10 16:05:00,28025.0,28025.0,28025.0,28025.0,0
2026-03-10 16:10:00,28025.0,28025.0,28025.0,28025.0,400
2026-03-11 09:00:00,27200.0,27500.0,27100.0,27400.0,0
2026-03-11 09:05:00,27425.0,27600.0,27400.0,27525.0,223000
2026-03-11 09:10:00,27525.0,27625.0,27450.0,27600.0,126000
2026-03-11 09:15:00,27575.0,27625.0,27575.0,27600.0,69700
2026-03-11 09:20:00,27600.0,27625.0,27550.0,27575.0,37700
2026-03-11 09:25:00,27575.0,27625.0,27550.0,27575.0,92200
2026-03-11 09:30:00,27575.0,27575.0,27500.0,27500.0,83700
2026-03-11 09:35:00,27500.0,27700.0,27500.0,27600.0,117800
2026-03-11 09:40:00,27625.0,27750.0,27600.0,27600.0,58000
2026-03-11 09:45:00,27575.0,27625.0,27550.0,27600.0,39500
2026-03-11 09:50:00,27625.0,27625.0,27575.0,27575.0,13000
2026-03-11 09:55:00,27600.0,27600.0,27525.0,27525.0,33200
2026-03-11 10:00:00,27525.0,27750.0,27525.0,27725.0,142800
2026-03-11 10:05:00,27750.0,27750.0,27675.0,27675.0,43100
2026-03-11 10:10:00,27675.0,27725.0,27650.0,27725.0,46000
2026-03-11 10:15:00,27725.0,27725.0,27625.0,27650.0,39300
2026-03-11 10:20:00,27650.0,27650.0,27625.0,27650.0,19400
2026-03-11 10:25:00,27650.0,27675.0,27625.0,27675.0,34300
2026-03-11 10:30:00,27675.0,27675.0,27675.0,27675.0,6000
2026-03-11 10:35:00,27675.0,27675.0,27650.0,27650.0,15000
2026-03-11 10:40:00,27650.0,27700.0,27650.0,27700.0,13800
2026-03-11 10:45:00,27675.0,27675.0,27550.0,27550.0,77300
2026-03-11 10:50:00,27550.0,27575.0,27525.0,27550.0,23700
2026-03-11 10:55:00,27525.0,27550.0,27500.0,27500.0,44800
2026-03-11 11:00:00,27500.0,27500.0,27325.0,27375.0,93700
2026-03-11 11:05:00,27375.0,27450.0,27375.0,27425.0,19600
2026-03-11 11:10:00,27450.0,27475.0,27400.0,27425.0,18200
2026-03-11 11:15:00,27425.0,27450.0,27375.0,27400.0,34900
2026-03-11 11:20:00,27425.0,27425.0,27325.0,27325.0,38200
2026-03-11 11:25:00,27325.0,27350.0,27275.0,27300.0,46100
2026-03-11 11:30:00,27325.0,27325.0,27300.0,27325.0,16600
2026-03-11 11:35:00,27325.0,27325.0,27250.0,27275.0,34600
2026-03-11 11:40:00,27275.0,27300.0,27250.0,27250.0,16100
2026-03-11 11:45:00,27250.0,27250.0,27175.0,27200.0,145300
2026-03-11 11:50:00,27200.0,27250.0,27175.0,27200.0,21200
2026-03-11 11:55:00,27250.0,27250.0,27175.0,27175.0,25500
2026-03-11 13:30:00,27200.0,27200.0,26525.0,26625.0,521100
2026-03-11 13:35:00,26650.0,26650.0,26000.0,26350.0,631700
2026-03-11 13:40:00,26300.0,26300.0,26000.0,26175.0,290900
2026-03-11 13:45:00,26175.0,26500.0,26075.0,26350.0,194900
2026-03-11 13:50:00,26350.0,26675.0,26350.0,26650.0,170600
2026-03-11 13:55:00,26625.0,26650.0,26425.0,26425.0,159600
2026-03-11 14:00:00,26425.0,26500.0,26400.0,26400.0,107000
2026-03-11 14:05:00,26375.0,26450.0,26275.0,26400.0,107800
2026-03-11 14:10:00,26400.0,26400.0,26225.0,26275.0,99300
2026-03-11 14:15:00,26275.0,26300.0,26000.0,26175.0,232500
2026-03-11 14:20:00,26175.0,26250.0,26175.0,26200.0,136300
2026-03-11 14:25:00,26200.0,26225.0,26150.0,26200.0,57800
2026-03-11 14:30:00,26225.0,26350.0,26200.0,26325.0,74900
2026-03-11 14:35:00,26350.0,26475.0,26325.0,26475.0,62200
2026-03-11 14:40:00,26450.0,26450.0,26200.0,26325.0,122100
2026-03-11 14:45:00,26350.0,26375.0,26250.0,26275.0,53700
2026-03-11 14:50:00,26250.0,26275.0,26200.0,26200.0,43200
2026-03-11 14:55:00,26200.0,26300.0,26200.0,26275.0,96700
2026-03-11 15:00:00,26300.0,26375.0,26275.0,26350.0,48900
2026-03-11 15:05:00,26350.0,26400.0,26325.0,26375.0,71300
2026-03-11 15:10:00,26375.0,26500.0,26375.0,26475.0,144100
2026-03-11 15:15:00,26450.0,26450.0,26300.0,26325.0,36000
2026-03-11 15:20:00,26300.0,26325.0,26300.0,26300.0,47700
2026-03-11 15:25:00,26300.0,26375.0,26275.0,26375.0,77900
2026-03-11 15:30:00,26350.0,26400.0,26300.0,26300.0,78800
2026-03-11 15:35:00,26325.0,26325.0,26200.0,26200.0,148400
2026-03-11 15:40:00,26200.0,26225.0,26150.0,26150.0,108900
2026-03-11 15:45:00,26150.0,26300.0,26125.0,26250.0,135600
2026-03-11 16:00:00,26250.0,26250.0,26250.0,26250.0,260500
2026-03-11 16:05:00,26250.0,26250.0,26250.0,26250.0,11300
2026-03-11 16:10:00,26250.0,26250.0,26250.0,26250.0,18000
2026-03-12 09:00:00,26575.0,27325.0,26550.0,27300.0,0
2026-03-12 09:05:00,27300.0,27325.0,27025.0,27175.0,161700
2026-03-12 09:10:00,27175.0,27350.0,27175.0,27275.0,259500
2026-03-12 09:15:00,27275.0,27375.0,27275.0,27325.0,118200
2026-03-12 09:20:00,27325.0,27500.0,27300.0,27475.0,266900
2026-03-12 09:25:00,27500.0,27500.0,27375.0,27400.0,66500
2026-03-12 09:30:00,27425.0,27425.0,27300.0,27375.0,139500
2026-03-12 09:35:00,27325.0,27375.0,27300.0,27350.0,94000
2026-03-12 09:40:00,27350.0,27350.0,27225.0,27325.0,108500
2026-03-12 09:45:00,27325.0,27350.0,27300.0,27325.0,24400
2026-03-12 09:50:00,27325.0,27400.0,27325.0,27400.0,114700
2026-03-12 09:55:00,27425.0,27475.0,27425.0,27450.0,121800
2026-03-12 10:00:00,27450.0,27475.0,27425.0,27425.0,28300
2026-03-12 10:05:00,27450.0,27500.0,27425.0,27475.0,208800
2026-03-12 10:10:00,27475.0,27550.0,27425.0,27550.0,241600
2026-03-12 10:15:00,27500.0,27575.0,27500.0,27550.0,29800
2026-03-12 10:20:00,27550.0,27575.0,27550.0,27575.0,42700
2026-03-12 10:25:00,27575.0,27600.0,27550.0,27575.0,41900
2026-03-12 10:30:00,27575.0,27600.0,27575.0,27575.0,70000
2026-03-12 10:35:00,27575.0,27650.0,27575.0,27600.0,138900
2026-03-12 10:40:00,27625.0,27625.0,27575.0,27600.0,54600
2026-03-12 10:45:00,27575.0,27625.0,27525.0,27550.0,79200
2026-03-12 10:50:00,27550.0,27550.0,27525.0,27550.0,26200
2026-03-12 10:55:00,27550.0,27575.0,27525.0,27525.0,48100
2026-03-12 11:00:00,27525.0,27550.0,27425.0,27425.0,168600
2026-03-12 11:05:00,27400.0,27425.0,27375.0,27375.0,29100
2026-03-12 11:10:00,27375.0,27375.0,27225.0,27350.0,68000
2026-03-12 11:15:00,27325.0,27375.0,27325.0,27375.0,35700
2026-03-12 11:20:00,27350.0,27400.0,27350.0,27400.0,26800
2026-03-12 11:25:00,27400.0,27475.0,27375.0,27450.0,69300
2026-03-12 11:30:00,27425.0,27475.0,27425.0,27450.0,22100
2026-03-12 11:35:00,27475.0,27475.0,27450.0,27475.0,17200
2026-03-12 11:40:00,27475.0,27525.0,27450.0,27525.0,117500
2026-03-12 11:45:00,27525.0,27525.0,27500.0,27525.0,17700
2026-03-12 11:50:00,27525.0,27525.0,27500.0,27500.0,13500
2026-03-12 11:55:00,27500.0,27525.0,27475.0,27475.0,38100
2026-03-12 13:30:00,27475.0,27700.0,27450.0,27700.0,295400
2026-03-12 13:35:00,27675.0,27725.0,27675.0,27725.0,60000
2026-03-12 13:40:00,27700.0,27725.0,27700.0,27725.0,34800
2026-03-12 13:45:00,27725.0,27725.0,27625.0,27625.0,113700
2026-03-12 13:50:00,27650.0,27700.0,27625.0,27700.0,25000
2026-03-12 13:55:00,27675.0,27725.0,27675.0,27725.0,102500
2026-03-12 14:00:00,27725.0,27750.0,27725.0,27750.0,62300
2026-03-12 14:05:00,27750.0,27750.0,27725.0,27725.0,63200
2026-03-12 14:10:00,27750.0,27750.0,27600.0,27600.0,168900
2026-03-12 14:15:00,27625.0,27650.0,27575.0,27650.0,200000
2026-03-12 14:20:00,27625.0,27625.0,27550.0,27550.0,66300
2026-03-12 14:25:00,27575.0,27600.0,27550.0,27575.0,28500
2026-03-12 14:30:00,27575.0,27600.0,27575.0,27575.0,40800
2026-03-12 14:35:00,27575.0,27700.0,27575.0,27700.0,129900
2026-03-12 14:40:00,27700.0,27700.0,27675.0,27700.0,45400
2026-03-12 14:45:00,27700.0,27725.0,27675.0,27700.0,117300
2026-03-12 14:50:00,27700.0,27700.0,27650.0,27650.0,77900
2026-03-12 14:55:00,27650.0,27650.0,27650.0,27650.0,33100
2026-03-12 15:00:00,27650.0,27675.0,27625.0,27625.0,100300
2026-03-12 15:05:00,27625.0,27675.0,27625.0,27675.0,58600
2026-03-12 15:10:00,27650.0,27675.0,27650.0,27650.0,104600
2026-03-12 15:15:00,27650.0,27700.0,27625.0,27675.0,111500
2026-03-12 15:20:00,27700.0,27700.0,27675.0,27700.0,74000
2026-03-12 15:25:00,27700.0,27775.0,27675.0,27750.0,296400
2026-03-12 15:30:00,27775.0,27775.0,27750.0,27775.0,72300
2026-03-12 15:35:00,27775.0,27775.0,27750.0,27775.0,132500
2026-03-12 15:40:00,27750.0,27775.0,27725.0,27725.0,161900
2026-03-12 15:45:00,27750.0,27750.0,27700.0,27725.0,145800
2026-03-12 16:00:00,27725.0,27725.0,27725.0,27725.0,374500
2026-03-12 16:05:00,27725.0,27725.0,27725.0,27725.0,300
2026-03-12 16:10:00,27725.0,27725.0,27725.0,27725.0,1400
2026-03-13 09:00:00,27675.0,27700.0,27400.0,27425.0,0
2026-03-13 09:05:00,27375.0,27650.0,27325.0,27550.0,151800
2026-03-13 09:10:00,27550.0,27600.0,27475.0,27525.0,76000
2026-03-13 09:15:00,27525.0,27575.0,27500.0,27525.0,42200
2026-03-13 09:20:00,27525.0,27650.0,27525.0,27650.0,43400
2026-03-13 09:25:00,27650.0,27675.0,27600.0,27625.0,61600
2026-03-13 09:30:00,27675.0,27875.0,27650.0,27875.0,379900
2026-03-13 09:35:00,27875.0,28000.0,27875.0,27900.0,282800
2026-03-13 09:40:00,27900.0,27975.0,27875.0,27950.0,78600
2026-03-13 09:45:00,27950.0,27950.0,27600.0,27675.0,152500
2026-03-13 09:50:00,27700.0,27750.0,27600.0,27750.0,104400
2026-03-13 09:55:00,27725.0,27725.0,27650.0,27675.0,93000
2026-03-13 10:00:00,27725.0,27750.0,27700.0,27725.0,23200
2026-03-13 10:05:00,27700.0,27725.0,27700.0,27725.0,12700
2026-03-13 10:10:00,27725.0,27750.0,27675.0,27675.0,40900
2026-03-13 10:15:00,27675.0,27675.0,27625.0,27650.0,38200
2026-03-13 10:20:00,27650.0,27675.0,27600.0,27625.0,34000
2026-03-13 10:25:00,27625.0,27650.0,27600.0,27625.0,8800
2026-03-13 10:30:00,27600.0,27675.0,27600.0,27625.0,43400
2026-03-13 10:35:00,27625.0,27625.0,27600.0,27625.0,14700
2026-03-13 10:40:00,27600.0,27600.0,27500.0,27525.0,34700
2026-03-13 10:45:00,27500.0,27525.0,27500.0,27500.0,10900
2026-03-13 10:50:00,27500.0,27525.0,27400.0,27450.0,127300
2026-03-13 10:55:00,27450.0,27575.0,27425.0,27575.0,60700
2026-03-13 11:00:00,27600.0,27600.0,27525.0,27575.0,102200
2026-03-13 11:05:00,27575.0,27625.0,27575.0,27600.0,42900
2026-03-13 11:10:00,27600.0,27625.0,27600.0,27625.0,26500
2026-03-13 11:15:00,27600.0,27625.0,27600.0,27600.0,15600
2026-03-13 11:20:00,27600.0,27625.0,27600.0,27625.0,9600
2026-03-13 11:25:00,27600.0,27625.0,27600.0,27625.0,43800
2026-03-13 14:00:00,27625.0,27800.0,27600.0,27725.0,364500
2026-03-13 14:05:00,27725.0,27775.0,27725.0,27750.0,37900
2026-03-13 14:10:00,27775.0,27775.0,27725.0,27725.0,64400
2026-03-13 14:15:00,27725.0,27725.0,27700.0,27725.0,56200
2026-03-13 14:20:00,27700.0,27750.0,27700.0,27725.0,31400
2026-03-13 14:25:00,27725.0,27750.0,27725.0,27725.0,43300
2026-03-13 14:30:00,27725.0,27725.0,27675.0,27700.0,127400
2026-03-13 14:35:00,27700.0,27700.0,27600.0,27625.0,50500
2026-03-13 14:40:00,27625.0,27650.0,27625.0,27650.0,46800
2026-03-13 14:45:00,27675.0,27675.0,27650.0,27650.0,1100
2026-03-13 14:50:00,27675.0,27725.0,27650.0,27725.0,28200
2026-03-13 14:55:00,27725.0,27750.0,27700.0,27725.0,31100
2026-03-13 15:00:00,27725.0,27750.0,27725.0,27750.0,56700
2026-03-13 15:05:00,27750.0,27775.0,27725.0,27750.0,89700
2026-03-13 15:10:00,27750.0,27775.0,27725.0,27750.0,148100
2026-03-13 15:15:00,27750.0,27750.0,27725.0,27750.0,42200
2026-03-13 15:20:00,27750.0,27775.0,27725.0,27725.0,113200
2026-03-13 15:25:00,27750.0,27750.0,27725.0,27725.0,60200
2026-03-13 15:30:00,27725.0,27750.0,27725.0,27750.0,28200
2026-03-13 15:35:00,27725.0,27750.0,27725.0,27725.0,46000
2026-03-13 15:40:00,27725.0,27750.0,27725.0,27725.0,46200
2026-03-13 15:45:00,27725.0,27750.0,27700.0,27700.0,138600
2026-03-13 16:00:00,27725.0,27725.0,27725.0,27725.0,164500
2026-03-13 16:10:00,27725.0,27725.0,27725.0,27725.0,3200
2026-03-16 09:00:00,27625.0,27650.0,27200.0,27250.0,0
2026-03-16 09:05:00,27250.0,27300.0,27175.0,27300.0,117400
2026-03-16 09:10:00,27275.0,27325.0,27125.0,27275.0,150200
2026-03-16 09:15:00,27275.0,27300.0,27100.0,27300.0,98300
2026-03-16 09:20:00,27300.0,27400.0,27275.0,27375.0,108100
2026-03-16 09:25:00,27350.0,27350.0,27250.0,27250.0,26400
2026-03-16 09:30:00,27250.0,27325.0,27175.0,27300.0,57400
2026-03-16 09:35:00,27325.0,27325.0,27275.0,27300.0,36700
2026-03-16 09:40:00,27275.0,27300.0,27000.0,27175.0,174500
2026-03-16 09:45:00,27175.0,27400.0,27175.0,27375.0,77800
2026-03-16 09:50:00,27375.0,27425.0,27350.0,27400.0,24400
2026-03-16 09:55:00,27400.0,27400.0,27275.0,27275.0,38500
2026-03-16 10:00:00,27275.0,27375.0,27250.0,27250.0,33700
2026-03-16 10:05:00,27225.0,27250.0,27200.0,27225.0,44500
2026-03-16 10:10:00,27275.0,27350.0,27200.0,27350.0,77400
2026-03-16 10:15:00,27350.0,27350.0,27200.0,27225.0,30700
2026-03-16 10:20:00,27200.0,27300.0,27200.0,27275.0,23800
2026-03-16 10:25:00,27300.0,27325.0,27200.0,27275.0,64300
2026-03-16 10:30:00,27250.0,27350.0,27175.0,27325.0,40700
2026-03-16 10:35:00,27325.0,27350.0,27200.0,27300.0,25900
2026-03-16 10:40:00,27300.0,27300.0,27250.0,27275.0,9100
2026-03-16 10:45:00,27300.0,27300.0,27250.0,27250.0,11500
2026-03-16 10:50:00,27275.0,27475.0,27200.0,27400.0,161500
2026-03-16 10:55:00,27375.0,27450.0,27200.0,27350.0,50800
2026-03-16 11:00:00,27275.0,27400.0,27275.0,27400.0,17100
2026-03-16 11:05:00,27400.0,27400.0,27375.0,27375.0,17700
2026-03-16 11:10:00,27375.0,27400.0,27250.0,27375.0,39200
2026-03-16 11:15:00,27400.0,27400.0,27350.0,27375.0,9800
2026-03-16 11:20:00,27375.0,27375.0,27250.0,27325.0,29400
2026-03-16 11:25:00,27325.0,27375.0,27275.0,27350.0,20300
2026-03-16 11:30:00,27375.0,27400.0,27350.0,27375.0,14200
2026-03-16 11:35:00,27375.0,27375.0,27350.0,27350.0,4400
2026-03-16 11:40:00,27375.0,27375.0,27350.0,27375.0,15800
2026-03-16 11:45:00,27375.0,27375.0,27350.0,27350.0,12500
2026-03-16 11:50:00,27375.0,27375.0,27300.0,27350.0,17800
2026-03-16 11:55:00,27350.0,27350.0,27275.0,27300.0,8400
2026-03-16 13:30:00,27300.0,27450.0,27275.0,27450.0,159000
2026-03-16 13:35:00,27475.0,27650.0,27450.0,27575.0,219300
2026-03-16 13:40:00,27575.0,27575.0,27500.0,27500.0,29700
2026-03-16 13:45:00,27500.0,27525.0,27500.0,27500.0,27500
2026-03-16 13:50:00,27550.0,27550.0,27475.0,27475.0,36800
2026-03-16 13:55:00,27475.0,27475.0,27450.0,27475.0,17000
2026-03-16 14:00:00,27475.0,27625.0,27475.0,27625.0,49200
2026-03-16 14:05:00,27625.0,27675.0,27600.0,27650.0,125300
2026-03-16 14:10:00,27650.0,27700.0,27625.0,27700.0,34600
2026-03-16 14:15:00,27675.0,27750.0,27675.0,27725.0,106200
2026-03-16 14:20:00,27700.0,27750.0,27700.0,27725.0,74400
2026-03-16 14:25:00,27725.0,27725.0,27700.0,27725.0,22900
2026-03-16 14:30:00,27700.0,27750.0,27675.0,27750.0,18900
2026-03-16 14:35:00,27750.0,27750.0,27725.0,27750.0,33500
2026-03-16 14:40:00,27750.0,27750.0,27725.0,27750.0,41600
2026-03-16 14:45:00,27750.0,27800.0,27725.0,27800.0,162700
2026-03-16 14:50:00,27800.0,27850.0,27775.0,27850.0,146400
2026-03-16 14:55:00,27850.0,27850.0,27825.0,27850.0,39500
2026-03-16 15:00:00,27850.0,27875.0,27825.0,27850.0,152000
2026-03-16 15:05:00,27850.0,27875.0,27825.0,27850.0,31900
2026-03-16 15:10:00,27825.0,27875.0,27825.0,27850.0,97900
2026-03-16 15:15:00,27850.0,27875.0,27775.0,27825.0,54400
2026-03-16 15:20:00,27825.0,27825.0,27800.0,27800.0,45200
2026-03-16 15:25:00,27825.0,27850.0,27800.0,27825.0,60500
2026-03-16 15:30:00,27800.0,27850.0,27775.0,27775.0,67800
2026-03-16 15:35:00,27775.0,27825.0,27750.0,27800.0,73600
2026-03-16 15:40:00,27800.0,27800.0,27725.0,27750.0,63800
2026-03-16 15:45:00,27750.0,27775.0,27725.0,27725.0,68600
2026-03-16 16:00:00,27825.0,27825.0,27825.0,27825.0,131400
2026-03-16 16:10:00,27825.0,27825.0,27825.0,27825.0,300
2026-03-17 09:00:00,27725.0,28000.0,27625.0,27975.0,0
2026-03-17 09:05:00,27975.0,27975.0,27850.0,27925.0,54500
2026-03-17 09:10:00,27950.0,27950.0,27800.0,27850.0,35400
2026-03-17 09:15:00,27925.0,28050.0,27925.0,28000.0,243600
2026-03-17 09:20:00,27975.0,28075.0,27975.0,28050.0,158100
2026-03-17 09:25:00,28050.0,28100.0,28050.0,28050.0,58600
2026-03-17 09:30:00,28050.0,28050.0,27975.0,27975.0,54000
2026-03-17 09:35:00,27975.0,28000.0,27950.0,28000.0,55900
2026-03-17 09:40:00,28000.0,28000.0,27875.0,27875.0,35700
2026-03-17 09:45:00,27850.0,27925.0,27850.0,27925.0,18400
2026-03-17 09:50:00,27900.0,27900.0,27700.0,27700.0,67500
2026-03-17 09:55:00,27725.0,27900.0,27725.0,27875.0,26200
2026-03-17 10:00:00,27875.0,27925.0,27875.0,27900.0,20800
2026-03-17 10:05:00,27925.0,28000.0,27925.0,27975.0,59200
2026-03-17 10:10:00,27975.0,27975.0,27950.0,27950.0,32500
2026-03-17 10:15:00,27975.0,27975.0,27950.0,27975.0,11900
2026-03-17 10:20:00,28000.0,28000.0,27975.0,28000.0,37300
2026-03-17 10:25:00,28000.0,28000.0,27975.0,27975.0,12500
2026-03-17 10:30:00,27975.0,28000.0,27975.0,27975.0,15000
2026-03-17 10:35:00,27975.0,28000.0,27975.0,27975.0,20800
2026-03-17 10:40:00,27975.0,28000.0,27975.0,27975.0,38500
2026-03-17 10:45:00,28000.0,28000.0,27975.0,27975.0,5200
2026-03-17 10:50:00,28000.0,28000.0,27975.0,27975.0,14500
2026-03-17 10:55:00,28000.0,28000.0,27975.0,27975.0,11800
2026-03-17 11:00:00,27975.0,27975.0,27900.0,27900.0,91600
2026-03-17 11:05:00,27925.0,27925.0,27900.0,27925.0,9100
2026-03-17 11:10:00,27925.0,27925.0,27900.0,27900.0,4700
2026-03-17 11:15:00,27900.0,27925.0,27900.0,27925.0,28800
2026-03-17 11:20:00,27925.0,27975.0,27925.0,27975.0,7200
2026-03-17 11:25:00,27975.0,27975.0,27925.0,27950.0,40000
2026-03-17 11:30:00,27950.0,27975.0,27925.0,27950.0,8500
2026-03-17 11:35:00,27950.0,27975.0,27925.0,27950.0,13000
2026-03-17 11:40:00,27950.0,27975.0,27950.0,27950.0,15400
2026-03-17 11:45:00,27950.0,27975.0,27950.0,27975.0,14100
2026-03-17 11:50:00,27950.0,27950.0,27900.0,27925.0,12100
2026-03-17 11:55:00,27925.0,27925.0,27900.0,27925.0,13000
2026-03-17 13:30:00,27900.0,27925.0,27875.0,27900.0,35900
2026-03-17 13:35:00,27875.0,27875.0,27850.0,27850.0,34700
2026-03-17 13:40:00,27850.0,27875.0,27825.0,27825.0,46300
2026-03-17 13:45:00,27825.0,27850.0,27825.0,27825.0,13300
2026-03-17 13:50:00,27825.0,27850.0,27825.0,27825.0,42800
2026-03-17 13:55:00,27825.0,27850.0,27825.0,27825.0,11300
2026-03-17 14:00:00,27825.0,27875.0,27825.0,27875.0,27900
2026-03-17 14:05:00,27875.0,27900.0,27875.0,27900.0,15800
2026-03-17 14:10:00,27900.0,27900.0,27875.0,27900.0,9400
2026-03-17 14:15:00,27900.0,27900.0,27875.0,27900.0,21700
2026-03-17 14:20:00,27900.0,27900.0,27875.0,27900.0,17500
2026-03-17 14:25:00,27900.0,27900.0,27875.0,27900.0,29200
2026-03-17 14:30:00,27875.0,27925.0,27825.0,27825.0,121100
2026-03-17 14:35:00,27850.0,27850.0,27800.0,27825.0,59200
2026-03-17 14:40:00,27800.0,27825.0,27775.0,27775.0,56600
2026-03-17 14:45:00,27775.0,27775.0,27775.0,27775.0,14100
2026-03-17 14:50:00,27775.0,27800.0,27775.0,27775.0,13900
2026-03-17 14:55:00,27775.0,27800.0,27750.0,27750.0,89700
2026-03-17 15:00:00,27750.0,27750.0,27725.0,27725.0,20300
2026-03-17 15:05:00,27725.0,27750.0,27725.0,27750.0,43200
2026-03-17 15:10:00,27750.0,27800.0,27750.0,27775.0,23500
2026-03-17 15:15:00,27800.0,27825.0,27775.0,27825.0,45100
2026-03-17 15:20:00,27800.0,27825.0,27800.0,27800.0,21700
2026-03-17 15:25:00,27800.0,27825.0,27750.0,27800.0,191800
2026-03-17 15:30:00,27800.0,27800.0,27650.0,27650.0,152600
2026-03-17 15:35:00,27650.0,27725.0,27625.0,27725.0,76100
2026-03-17 15:40:00,27725.0,27750.0,27550.0,27575.0,126500
2026-03-17 15:45:00,27550.0,27600.0,27525.0,27550.0,103300
2026-03-17 16:00:00,28000.0,28000.0,28000.0,28000.0,3737700
2026-03-17 16:10:00,28000.0,28000.0,28000.0,28000.0,2000
2026-03-25 09:00:00,28000.0,29250.0,27950.0,28850.0,885100
2026-03-25 09:05:00,28850.0,29475.0,28800.0,29425.0,568000
2026-03-25 09:10:00,29400.0,29650.0,29300.0,29650.0,508800
2026-03-25 09:15:00,29625.0,30000.0,29600.0,29925.0,715000
2026-03-25 09:20:00,29925.0,29950.0,29725.0,29750.0,232800
2026-03-25 09:25:00,29725.0,29725.0,29550.0,29550.0,412900
2026-03-25 09:30:00,29550.0,29850.0,29525.0,29850.0,179100
2026-03-25 09:35:00,29800.0,30150.0,29775.0,30150.0,1029100
2026-03-25 09:40:00,30100.0,30150.0,30000.0,30075.0,176800
2026-03-25 09:45:00,30075.0,30150.0,30050.0,30075.0,185700
2026-03-25 09:50:00,30050.0,30075.0,30000.0,30025.0,124500
2026-03-25 09:55:00,30000.0,30075.0,29950.0,29975.0,165500
2026-03-25 10:00:00,29975.0,29975.0,29875.0,29950.0,105800
2026-03-25 10:05:00,29925.0,29950.0,29875.0,29950.0,55100
2026-03-25 10:10:00,29925.0,29975.0,29925.0,29950.0,61900
2026-03-25 10:15:00,29950.0,29975.0,29825.0,29825.0,49400
2026-03-25 10:20:00,29825.0,29850.0,29800.0,29850.0,33500
2026-03-25 10:25:00,29850.0,29850.0,29825.0,29850.0,32200
2026-03-25 10:30:00,29850.0,29850.0,29800.0,29800.0,57000
2026-03-25 10:35:00,29775.0,29850.0,29775.0,29775.0,63400
2026-03-25 10:40:00,29775.0,29800.0,29750.0,29775.0,64000
2026-03-25 10:45:00,29775.0,29775.0,29675.0,29700.0,38600
2026-03-25 10:50:00,29675.0,29725.0,29650.0,29725.0,67700
2026-03-25 10:55:00,29725.0,29775.0,29725.0,29750.0,61000
2026-03-25 11:00:00,29750.0,29775.0,29750.0,29775.0,17700
2026-03-25 11:05:00,29775.0,29800.0,29750.0,29800.0,22600
2026-03-25 11:10:00,29775.0,29800.0,29775.0,29800.0,18900
2026-03-25 11:15:00,29775.0,29850.0,29750.0,29775.0,63700
2026-03-25 11:20:00,29750.0,29850.0,29725.0,29800.0,69000
2026-03-25 11:25:00,29775.0,29800.0,29775.0,29775.0,22400
2026-03-25 11:30:00,29775.0,29800.0,29775.0,29800.0,21100
2026-03-25 11:35:00,29800.0,29825.0,29775.0,29800.0,45200
2026-03-25 11:40:00,29825.0,29850.0,29800.0,29850.0,23700
2026-03-25 11:45:00,29825.0,29900.0,29825.0,29875.0,18800
2026-03-25 11:50:00,29900.0,29900.0,29850.0,29875.0,37200
2026-03-25 11:55:00,29850.0,29875.0,29850.0,29850.0,10600
2026-03-25 13:30:00,29850.0,29900.0,29825.0,29900.0,206400
2026-03-25 13:35:00,29900.0,29975.0,29900.0,29975.0,88800
2026-03-25 13:40:00,29950.0,29975.0,29925.0,29975.0,20600
2026-03-25 13:45:00,29950.0,29975.0,29950.0,29950.0,13200
2026-03-25 13:50:00,29975.0,30000.0,29950.0,30000.0,123800
2026-03-25 13:55:00,30000.0,30000.0,29950.0,29975.0,99100
2026-03-25 14:00:00,29950.0,29975.0,29925.0,29975.0,48100
2026-03-25 14:05:00,29975.0,30125.0,29975.0,30100.0,770500
2026-03-25 14:10:00,30100.0,30125.0,30050.0,30050.0,68800
2026-03-25 14:15:00,30050.0,30100.0,30050.0,30100.0,47900
2026-03-25 14:20:00,30100.0,30100.0,30050.0,30050.0,41800
2026-03-25 14:25:00,30075.0,30075.0,30050.0,30075.0,16500
2026-03-25 14:30:00,30075.0,30075.0,30050.0,30075.0,19500
2026-03-25 14:35:00,30075.0,30100.0,30050.0,30100.0,30200
2026-03-25 14:40:00,30075.0,30100.0,30075.0,30075.0,39600
2026-03-25 14:45:00,30075.0,30100.0,30050.0,30100.0,37300
2026-03-25 14:50:00,30075.0,30100.0,30075.0,30100.0,35200
2026-03-25 14:55:00,30100.0,30100.0,30050.0,30050.0,97700
2026-03-25 15:00:00,30050.0,30075.0,30025.0,30050.0,54400
2026-03-25 15:05:00,30075.0,30100.0,30050.0,30075.0,41700
2026-03-25 15:10:00,30100.0,30100.0,30075.0,30075.0,112200
2026-03-25 15:15:00,30100.0,30125.0,30075.0,30125.0,88100
2026-03-25 15:20:00,30100.0,30125.0,30100.0,30100.0,45800
2026-03-25 15:25:00,30100.0,30125.0,30100.0,30100.0,28400
2026-03-25 15:30:00,30100.0,30125.0,30100.0,30100.0,70800
2026-03-25 15:35:00,30100.0,30150.0,30100.0,30125.0,164300
2026-03-25 15:40:00,30100.0,30100.0,30075.0,30075.0,60500
2026-03-25 15:45:00,30100.0,30100.0,29975.0,30050.0,113500
2026-03-25 16:00:00,30050.0,30050.0,30050.0,30050.0,353800
2026-03-25 16:05:00,30050.0,30050.0,30050.0,30050.0,3800
2026-03-25 16:10:00,30050.0,30050.0,30050.0,30050.0,81800
2026-03-26 09:00:00,30075.0,30500.0,29900.0,30375.0,0
2026-03-26 09:05:00,30375.0,30700.0,30375.0,30400.0,322200
2026-03-26 09:10:00,30400.0,30400.0,30050.0,30250.0,238800
2026-03-26 09:15:00,30250.0,30325.0,30225.0,30325.0,76000
2026-03-26 09:20:00,30300.0,30300.0,30000.0,30050.0,145300
2026-03-26 09:25:00,30025.0,30100.0,29900.0,29900.0,144300
2026-03-26 09:30:00,29900.0,29925.0,29800.0,29800.0,131800
2026-03-26 09:35:00,29825.0,29825.0,29625.0,29650.0,189000
2026-03-26 09:40:00,29650.0,29675.0,29500.0,29525.0,191000
2026-03-26 09:45:00,29525.0,29825.0,29525.0,29750.0,196400
2026-03-26 09:50:00,29750.0,29775.0,29575.0,29600.0,67300
2026-03-26 09:55:00,29625.0,29650.0,29500.0,29525.0,101300
2026-03-26 10:00:00,29500.0,29575.0,29400.0,29575.0,178800
2026-03-26 10:05:00,29600.0,29775.0,29600.0,29700.0,87800
2026-03-26 10:10:00,29650.0,29675.0,29575.0,29625.0,37300
2026-03-26 10:15:00,29650.0,29650.0,29575.0,29600.0,24900
2026-03-26 10:20:00,29575.0,29600.0,29525.0,29550.0,32900
2026-03-26 10:25:00,29550.0,29600.0,29525.0,29525.0,39700
2026-03-26 10:30:00,29550.0,29550.0,29400.0,29425.0,117800
2026-03-26 10:35:00,29425.0,29425.0,29375.0,29400.0,51900
2026-03-26 10:40:00,29400.0,29500.0,29375.0,29475.0,72300
2026-03-26 10:45:00,29500.0,29600.0,29500.0,29575.0,23100
2026-03-26 10:50:00,29575.0,29575.0,29450.0,29500.0,35800
2026-03-26 10:55:00,29525.0,29600.0,29525.0,29600.0,40400
2026-03-26 11:00:00,29600.0,29600.0,29525.0,29550.0,32400
2026-03-26 11:05:00,29575.0,29600.0,29525.0,29550.0,33800
2026-03-26 11:10:00,29550.0,29600.0,29550.0,29600.0,27400
2026-03-26 11:15:00,29575.0,29600.0,29575.0,29600.0,34900
2026-03-26 11:20:00,29600.0,29600.0,29400.0,29425.0,118700
2026-03-26 11:25:00,29425.0,29525.0,29425.0,29500.0,20100
2026-03-26 11:30:00,29575.0,29575.0,29425.0,29450.0,27800
2026-03-26 11:35:00,29425.0,29500.0,29425.0,29500.0,9000
2026-03-26 11:40:00,29500.0,29525.0,29425.0,29425.0,26800
2026-03-26 11:45:00,29425.0,29500.0,29425.0,29425.0,10100
2026-03-26 11:50:00,29425.0,29500.0,29425.0,29475.0,20300
2026-03-26 11:55:00,29450.0,29500.0,29425.0,29450.0,16700
2026-03-26 13:30:00,29450.0,29550.0,29400.0,29475.0,153100
2026-03-26 13:35:00,29500.0,29500.0,29350.0,29350.0,126600
2026-03-26 13:40:00,29375.0,29450.0,29350.0,29375.0,76600
2026-03-26 13:45:00,29400.0,29525.0,29400.0,29500.0,92600
2026-03-26 13:50:00,29500.0,29500.0,29350.0,29375.0,74900
2026-03-26 13:55:00,29375.0,29400.0,29325.0,29325.0,75400
2026-03-26 14:00:00,29325.0,29350.0,29300.0,29325.0,52200
2026-03-26 14:05:00,29300.0,29325.0,29300.0,29325.0,27500
2026-03-26 14:10:00,29325.0,29375.0,29300.0,29300.0,62000
2026-03-26 14:15:00,29300.0,29400.0,29300.0,29375.0,41500
2026-03-26 14:20:00,29350.0,29375.0,29325.0,29325.0,23500
2026-03-26 14:25:00,29325.0,29375.0,29325.0,29375.0,28600
2026-03-26 14:30:00,29375.0,29400.0,29350.0,29350.0,39500
2026-03-26 14:35:00,29350.0,29400.0,29350.0,29400.0,32200
2026-03-26 14:40:00,29400.0,29425.0,29325.0,29350.0,58800
2026-03-26 14:45:00,29350.0,29350.0,29325.0,29350.0,18500
2026-03-26 14:50:00,29350.0,29350.0,29275.0,29275.0,74500
2026-03-26 14:55:00,29250.0,29325.0,29250.0,29300.0,34500
2026-03-26 15:00:00,29300.0,29325.0,29250.0,29275.0,35300
2026-03-26 15:05:00,29275.0,29300.0,29275.0,29275.0,36600
2026-03-26 15:10:00,29275.0,29475.0,29275.0,29475.0,71200
2026-03-26 15:15:00,29475.0,29500.0,29475.0,29475.0,29900
2026-03-26 15:20:00,29500.0,29500.0,29475.0,29500.0,40400
2026-03-26 15:25:00,29500.0,29500.0,29475.0,29500.0,33800
2026-03-26 15:30:00,29475.0,29500.0,29375.0,29400.0,75400
2026-03-26 15:35:00,29400.0,29500.0,29375.0,29475.0,65000
2026-03-26 15:40:00,29450.0,29475.0,29325.0,29450.0,91600
2026-03-26 15:45:00,29425.0,29600.0,29325.0,29600.0,116500
2026-03-26 16:00:00,29500.0,29500.0,29500.0,29500.0,173000
2026-03-26 16:05:00,29500.0,29500.0,29500.0,29500.0,56000
2026-03-26 16:10:00,29500.0,29500.0,29500.0,29500.0,200
2026-03-27 09:00:00,29650.0,29725.0,29275.0,29450.0,0
2026-03-27 09:05:00,29500.0,29525.0,28900.0,28900.0,197300
2026-03-27 09:10:00,28900.0,28975.0,28775.0,28775.0,224700
2026-03-27 09:15:00,28825.0,28825.0,28750.0,28750.0,89500
2026-03-27 09:20:00,28750.0,28750.0,28625.0,28725.0,111600
2026-03-27 09:25:00,28725.0,28800.0,28675.0,28750.0,24800
2026-03-27 09:30:00,28750.0,28750.0,28700.0,28725.0,28500
2026-03-27 09:35:00,28750.0,28750.0,28350.0,28350.0,275500
2026-03-27 09:40:00,28350.0,28700.0,28325.0,28625.0,153700
2026-03-27 09:45:00,28625.0,28625.0,28575.0,28600.0,11600
2026-03-27 09:50:00,28575.0,28575.0,28525.0,28525.0,30900
2026-03-27 09:55:00,28525.0,28550.0,28475.0,28500.0,59000
2026-03-27 10:00:00,28525.0,28650.0,28500.0,28650.0,52300
2026-03-27 10:05:00,28700.0,28800.0,28700.0,28800.0,82400
2026-03-27 10:10:00,28800.0,28825.0,28700.0,28700.0,79500
2026-03-27 10:15:00,28675.0,28800.0,28550.0,28800.0,68800
2026-03-27 10:20:00,28800.0,28850.0,28775.0,28850.0,30400
2026-03-27 10:25:00,28850.0,28875.0,28750.0,28775.0,34100
2026-03-27 10:30:00,28750.0,28750.0,28525.0,28575.0,70400
2026-03-27 10:35:00,28575.0,28725.0,28575.0,28725.0,35600
2026-03-27 10:40:00,28725.0,28775.0,28725.0,28775.0,6100
2026-03-27 10:45:00,28775.0,28775.0,28675.0,28675.0,33900
2026-03-27 10:50:00,28675.0,28800.0,28675.0,28725.0,23600
2026-03-27 10:55:00,28725.0,28750.0,28700.0,28725.0,21200
2026-03-27 11:00:00,28750.0,28750.0,28725.0,28725.0,18900
2026-03-27 11:05:00,28725.0,28775.0,28700.0,28775.0,18700
2026-03-27 11:10:00,28775.0,28775.0,28725.0,28725.0,21000
2026-03-27 11:15:00,28750.0,28775.0,28725.0,28775.0,14600
2026-03-27 11:20:00,28800.0,28800.0,28725.0,28725.0,39400
2026-03-27 11:25:00,28725.0,28750.0,28700.0,28750.0,30000
2026-03-27 14:00:00,28750.0,28850.0,28675.0,28800.0,131800
2026-03-27 14:05:00,28800.0,28850.0,28725.0,28825.0,64300
2026-03-27 14:10:00,28825.0,28850.0,28775.0,28850.0,46100
2026-03-27 14:15:00,28850.0,28900.0,28850.0,28900.0,35100
2026-03-27 14:20:00,28900.0,28950.0,28875.0,28875.0,61000
2026-03-27 14:25:00,28850.0,28900.0,28800.0,28850.0,73000
2026-03-27 14:30:00,28825.0,28850.0,28825.0,28825.0,4100
2026-03-27 14:35:00,28850.0,28850.0,28700.0,28725.0,123100
2026-03-27 14:40:00,28725.0,28750.0,28700.0,28725.0,14700
2026-03-27 14:45:00,28700.0,28825.0,28650.0,28650.0,65700
2026-03-27 14:50:00,28725.0,28725.0,28600.0,28675.0,28000
2026-03-27 14:55:00,28675.0,28700.0,28650.0,28675.0,12600
2026-03-27 15:00:00,28675.0,28675.0,28550.0,28575.0,74000
2026-03-27 15:05:00,28575.0,28625.0,28525.0,28625.0,46800
2026-03-27 15:10:00,28625.0,28625.0,28600.0,28600.0,16000
2026-03-27 15:15:00,28625.0,28675.0,28625.0,28675.0,22500
2026-03-27 15:20:00,28675.0,28675.0,28600.0,28625.0,56000
2026-03-27 15:25:00,28625.0,28825.0,28525.0,28825.0,602300
2026-03-27 15:30:00,28825.0,28850.0,28775.0,28850.0,62500
2026-03-27 15:35:00,28850.0,28850.0,28800.0,28825.0,47500
2026-03-27 15:40:00,28800.0,28850.0,28775.0,28800.0,118600
2026-03-27 15:45:00,28800.0,28875.0,28775.0,28850.0,84100
2026-03-27 16:00:00,28825.0,28825.0,28825.0,28825.0,189300
2026-03-27 16:05:00,28825.0,28825.0,28825.0,28825.0,1300
2026-03-27 16:10:00,28825.0,28825.0,28825.0,28825.0,1200
2026-03-30 09:00:00,29500.0,29650.0,29400.0,29650.0,0
2026-03-30 09:05:00,29650.0,29850.0,29550.0,29700.0,173100
2026-03-30 09:10:00,29725.0,29775.0,29650.0,29650.0,126700
2026-03-30 09:15:00,29675.0,29725.0,29650.0,29700.0,56900
2026-03-30 09:20:00,29700.0,29725.0,29625.0,29700.0,125800
2026-03-30 09:25:00,29700.0,29875.0,29700.0,29850.0,148600
2026-03-30 09:30:00,29850.0,30100.0,29850.0,30000.0,461200
2026-03-30 09:35:00,30000.0,30050.0,29975.0,30025.0,122100
2026-03-30 09:40:00,30025.0,30050.0,29975.0,30000.0,91200
2026-03-30 09:45:00,30000.0,30050.0,29975.0,30000.0,92600
2026-03-30 09:50:00,30000.0,30025.0,30000.0,30025.0,37400
2026-03-30 09:55:00,30000.0,30050.0,30000.0,30050.0,90800
2026-03-30 10:00:00,30050.0,30050.0,30025.0,30025.0,43400
2026-03-30 10:05:00,30050.0,30050.0,30025.0,30025.0,51200
2026-03-30 10:10:00,30025.0,30050.0,30025.0,30050.0,40100
2026-03-30 10:15:00,30025.0,30300.0,30025.0,30150.0,656800
2026-03-30 10:20:00,30150.0,30225.0,30150.0,30200.0,112900
2026-03-30 10:25:00,30175.0,30200.0,30150.0,30200.0,63700
2026-03-30 10:30:00,30200.0,30225.0,30175.0,30225.0,33500
2026-03-30 10:35:00,30225.0,30275.0,30200.0,30225.0,66000
2026-03-30 10:40:00,30225.0,30250.0,30200.0,30225.0,31700
2026-03-30 10:45:00,30225.0,30250.0,30200.0,30200.0,36900
2026-03-30 10:50:00,30200.0,30225.0,30200.0,30200.0,11600
2026-03-30 10:55:00,30200.0,30225.0,30175.0,30200.0,42600
2026-03-30 11:00:00,30200.0,30225.0,30125.0,30125.0,48600
2026-03-30 11:05:00,30125.0,30125.0,30000.0,30025.0,91200
2026-03-30 11:10:00,30025.0,30025.0,29800.0,29900.0,192300
2026-03-30 11:15:00,29900.0,29975.0,29875.0,29975.0,60800
2026-03-30 11:20:00,29975.0,30000.0,29925.0,29925.0,49900
2026-03-30 11:25:00,29925.0,29950.0,29875.0,29925.0,61600
2026-03-30 11:30:00,29875.0,29925.0,29875.0,29875.0,37400
2026-03-30 11:35:00,29875.0,29925.0,29875.0,29925.0,63500
2026-03-30 11:40:00,29925.0,29950.0,29925.0,29925.0,4000
2026-03-30 11:45:00,29925.0,29950.0,29900.0,29900.0,51800
2026-03-30 11:50:00,29875.0,29900.0,29850.0,29850.0,47900
2026-03-30 11:55:00,29850.0,29850.0,29825.0,29825.0,44200
2026-03-30 13:30:00,29850.0,29900.0,29800.0,29875.0,228700
2026-03-30 13:35:00,29850.0,29900.0,29850.0,29900.0,90100
2026-03-30 13:40:00,29900.0,29925.0,29900.0,29900.0,44700
2026-03-30 13:45:00,29900.0,29925.0,29875.0,29925.0,74400
2026-03-30 13:50:00,29950.0,30000.0,29925.0,30000.0,119200
2026-03-30 13:55:00,30000.0,30000.0,29950.0,29950.0,76500
2026-03-30 14:00:00,29950.0,30000.0,29950.0,30000.0,49000
2026-03-30 14:05:00,30000.0,30000.0,29975.0,30000.0,106300
2026-03-30 14:10:00,29975.0,30050.0,29975.0,30050.0,112900
2026-03-30 14:15:00,30050.0,30050.0,30025.0,30050.0,48200
2026-03-30 14:20:00,30025.0,30050.0,30025.0,30050.0,49900
2026-03-30 14:25:00,30025.0,30075.0,30025.0,30075.0,162600
2026-03-30 14:30:00,30100.0,30200.0,30100.0,30125.0,172700
2026-03-30 14:35:00,30125.0,30150.0,30100.0,30150.0,106400
2026-03-30 14:40:00,30150.0,30175.0,30125.0,30150.0,48800
2026-03-30 14:45:00,30150.0,30150.0,30125.0,30150.0,66100
2026-03-30 14:50:00,30125.0,30150.0,30125.0,30125.0,63000
2026-03-30 14:55:00,30125.0,30125.0,30000.0,30050.0,134800
2026-03-30 15:00:00,30075.0,30075.0,30050.0,30075.0,35000
2026-03-30 15:05:00,30050.0,30125.0,30050.0,30125.0,105300
2026-03-30 15:10:00,30100.0,30125.0,30100.0,30100.0,27000
2026-03-30 15:15:00,30075.0,30100.0,30075.0,30100.0,57600
2026-03-30 15:20:00,30075.0,30100.0,30075.0,30075.0,47800
2026-03-30 15:25:00,30100.0,30100.0,30075.0,30075.0,75800
2026-03-30 15:30:00,30050.0,30100.0,30050.0,30050.0,94100
2026-03-30 15:35:00,30050.0,30125.0,30050.0,30100.0,114300
2026-03-30 15:40:00,30100.0,30150.0,30075.0,30125.0,196800
2026-03-30 15:45:00,30150.0,30200.0,30075.0,30075.0,230100
2026-03-30 16:00:00,30075.0,30075.0,30075.0,30075.0,211100
2026-03-30 16:05:00,30075.0,30075.0,30075.0,30075.0,2000
2026-03-30 16:10:00,30075.0,30075.0,30075.0,30075.0,8200
2026-03-31 09:00:00,30150.0,30250.0,29775.0,30125.0,0
2026-03-31 09:05:00,30125.0,30175.0,30000.0,30125.0,123300
2026-03-31 09:10:00,30125.0,30150.0,30075.0,30075.0,57900
2026-03-31 09:15:00,30100.0,30150.0,30075.0,30150.0,47000
2026-03-31 09:20:00,30150.0,30150.0,30125.0,30150.0,30300
2026-03-31 09:25:00,30125.0,30150.0,30125.0,30150.0,15000
2026-03-31 09:30:00,30150.0,30150.0,30075.0,30100.0,97400
2026-03-31 09:35:00,30100.0,30150.0,30075.0,30125.0,60600
2026-03-31 09:40:00,30100.0,30150.0,30100.0,30150.0,28200
2026-03-31 09:45:00,30150.0,30150.0,30125.0,30125.0,18700
2026-03-31 09:50:00,30150.0,30150.0,30100.0,30125.0,48300
2026-03-31 09:55:00,30125.0,30150.0,29950.0,29950.0,183500
2026-03-31 10:00:00,29975.0,30100.0,29925.0,30000.0,106800
2026-03-31 10:05:00,30000.0,30025.0,29950.0,30000.0,87600
2026-03-31 10:10:00,30000.0,30100.0,29975.0,30050.0,66600
2026-03-31 10:15:00,30025.0,30050.0,29950.0,30050.0,80200
2026-03-31 10:20:00,30050.0,30050.0,29975.0,30000.0,40700
2026-03-31 10:25:00,30000.0,30000.0,29975.0,30000.0,12800
2026-03-31 10:30:00,30000.0,30000.0,29900.0,29950.0,94600
2026-03-31 10:35:00,29950.0,29975.0,29925.0,29950.0,25000
2026-03-31 10:40:00,29950.0,30000.0,29925.0,30000.0,39600
2026-03-31 10:45:00,29975.0,30000.0,29925.0,29975.0,12800
2026-03-31 10:50:00,29950.0,30000.0,29900.0,29925.0,51800
2026-03-31 10:55:00,29925.0,29925.0,29800.0,29825.0,51300
2026-03-31 11:00:00,29875.0,29900.0,29850.0,29875.0,25800
2026-03-31 11:05:00,29850.0,29900.0,29850.0,29900.0,17000
2026-03-31 11:10:00,29900.0,29925.0,29850.0,29875.0,28000
2026-03-31 11:15:00,29850.0,29900.0,29850.0,29875.0,40300
2026-03-31 11:20:00,29850.0,29875.0,29825.0,29850.0,39000
2026-03-31 11:25:00,29875.0,29925.0,29825.0,29925.0,58400
2026-03-31 11:30:00,29900.0,30000.0,29900.0,29925.0,62400
2026-03-31 11:35:00,29950.0,29950.0,29875.0,29900.0,27500
2026-03-31 11:40:00,29850.0,29925.0,29850.0,29925.0,8500
2026-03-31 11:45:00,29900.0,29950.0,29900.0,29900.0,28200
2026-03-31 11:50:00,29925.0,29925.0,29825.0,29875.0,27500
2026-03-31 11:55:00,29875.0,29875.0,29800.0,29825.0,59500
2026-03-31 13:30:00,29825.0,29875.0,29775.0,29800.0,123900
2026-03-31 13:35:00,29825.0,29875.0,29725.0,29725.0,67800
2026-03-31 13:40:00,29750.0,29750.0,29450.0,29500.0,119100
2026-03-31 13:45:00,29500.0,29600.0,29425.0,29450.0,55700
2026-03-31 13:50:00,29450.0,29450.0,29125.0,29300.0,150700
2026-03-31 13:55:00,29300.0,29400.0,29100.0,29250.0,89000
2026-03-31 14:00:00,29250.0,29450.0,29225.0,29425.0,44300
2026-03-31 14:05:00,29500.0,29625.0,29475.0,29475.0,74100
2026-03-31 14:10:00,29500.0,29625.0,29475.0,29600.0,34900
2026-03-31 14:15:00,29575.0,29650.0,29500.0,29525.0,80400
2026-03-31 14:20:00,29525.0,29600.0,29500.0,29550.0,41400
2026-03-31 14:25:00,29550.0,29550.0,29325.0,29350.0,124200
2026-03-31 14:30:00,29350.0,29525.0,29350.0,29475.0,36000
2026-03-31 14:35:00,29475.0,29500.0,29400.0,29400.0,57600
2026-03-31 14:40:00,29450.0,29525.0,29425.0,29525.0,42900
2026-03-31 14:45:00,29525.0,29575.0,29500.0,29525.0,41600
2026-03-31 14:50:00,29525.0,29525.0,29500.0,29500.0,26800
2026-03-31 14:55:00,29500.0,29500.0,29375.0,29375.0,78700
2026-03-31 15:00:00,29400.0,29400.0,29350.0,29375.0,66200
2026-03-31 15:05:00,29375.0,29425.0,29375.0,29400.0,51500
2026-03-31 15:10:00,29400.0,29425.0,29400.0,29400.0,31600
2026-03-31 15:15:00,29400.0,29500.0,29400.0,29450.0,87200
2026-03-31 15:20:00,29450.0,29450.0,29400.0,29425.0,37900
2026-03-31 15:25:00,29425.0,29475.0,29400.0,29475.0,86800
2026-03-31 15:30:00,29450.0,29475.0,29450.0,29450.0,27000
2026-03-31 15:35:00,29450.0,29550.0,29450.0,29450.0,122500
2026-03-31 15:40:00,29450.0,29475.0,29400.0,29425.0,101900
2026-03-31 15:45:00,29425.0,29500.0,29375.0,29500.0,79100
2026-03-31 16:00:00,29725.0,29725.0,29725.0,29725.0,410600
2026-03-31 16:05:00,29725.0,29725.0,29725.0,29725.0,1300
2026-03-31 16:10:00,29725.0,29725.0,29725.0,29725.0,1900
2026-04-01 09:00:00,29150.0,29225.0,28675.0,28700.0,0
2026-04-01 09:05:00,28700.0,28900.0,28600.0,28750.0,347600
2026-04-01 09:10:00,28750.0,28800.0,28700.0,28725.0,93900
2026-04-01 09:15:00,28725.0,29400.0,28725.0,29100.0,287000
2026-04-01 09:20:00,29100.0,29125.0,28800.0,28875.0,186000
2026-04-01 09:25:00,28875.0,28950.0,28800.0,28850.0,85100
2026-04-01 09:30:00,28850.0,28900.0,28750.0,28800.0,132400
2026-04-01 09:35:00,28775.0,28825.0,28675.0,28700.0,260700
2026-04-01 09:40:00,28700.0,28725.0,28600.0,28650.0,192700
2026-04-01 09:45:00,28625.0,28700.0,28625.0,28675.0,33500
2026-04-01 09:50:00,28650.0,28675.0,28600.0,28600.0,102700
2026-04-01 09:55:00,28600.0,28675.0,28600.0,28650.0,95000
2026-04-01 10:00:00,28650.0,28725.0,28625.0,28725.0,75600
2026-04-01 10:05:00,28700.0,28750.0,28600.0,28625.0,159800
2026-04-01 10:10:00,28600.0,28650.0,28550.0,28600.0,109400
2026-04-01 10:15:00,28600.0,28625.0,28600.0,28625.0,39800
2026-04-01 10:20:00,28625.0,28625.0,28600.0,28600.0,21600
2026-04-01 10:25:00,28600.0,28650.0,28600.0,28650.0,44600
2026-04-01 10:30:00,28650.0,28650.0,28575.0,28575.0,101000
2026-04-01 10:35:00,28575.0,28575.0,28300.0,28325.0,360900
2026-04-01 10:40:00,28300.0,28450.0,28175.0,28200.0,185800
2026-04-01 10:45:00,28200.0,28325.0,28175.0,28225.0,70900
2026-04-01 10:50:00,28250.0,28275.0,28175.0,28175.0,102300
2026-04-01 10:55:00,28175.0,28175.0,28100.0,28150.0,112300
2026-04-01 11:00:00,28125.0,28175.0,28125.0,28150.0,56900
2026-04-01 11:05:00,28150.0,28150.0,28075.0,28125.0,76400
2026-04-01 11:10:00,28125.0,28200.0,28125.0,28175.0,68300
2026-04-01 11:15:00,28150.0,28175.0,28125.0,28150.0,24300
2026-04-01 11:20:00,28150.0,28250.0,28125.0,28250.0,57600
2026-04-01 11:25:00,28250.0,28275.0,28250.0,28275.0,20500
2026-04-01 11:30:00,28275.0,28350.0,28250.0,28350.0,52200
2026-04-01 11:35:00,28350.0,28375.0,28300.0,28300.0,41000
2026-04-01 11:40:00,28275.0,28325.0,28275.0,28275.0,26100
2026-04-01 11:45:00,28275.0,28300.0,28275.0,28300.0,15600
2026-04-01 11:50:00,28275.0,28300.0,28275.0,28300.0,19600
2026-04-01 11:55:00,28300.0,28300.0,28275.0,28275.0,13600
2026-04-01 13:30:00,28275.0,28300.0,28225.0,28250.0,125300
2026-04-01 13:35:00,28250.0,28275.0,28225.0,28250.0,24100
2026-04-01 13:40:00,28250.0,28275.0,28250.0,28250.0,15000
2026-04-01 13:45:00,28250.0,28275.0,28250.0,28250.0,15900
2026-04-01 13:50:00,28250.0,28275.0,28125.0,28125.0,139700
2026-04-01 13:55:00,28125.0,28150.0,28100.0,28150.0,82400
2026-04-01 14:00:00,28150.0,28150.0,28100.0,28100.0,50100
2026-04-01 14:05:00,28100.0,28125.0,28100.0,28125.0,40800
2026-04-01 14:10:00,28100.0,28100.0,28050.0,28075.0,108800
2026-04-01 14:15:00,28050.0,28075.0,28025.0,28025.0,115500
2026-04-01 14:20:00,28025.0,28050.0,27650.0,27700.0,691200
2026-04-01 14:25:00,27725.0,27850.0,27700.0,27800.0,181900
2026-04-01 14:30:00,27800.0,27875.0,27775.0,27800.0,147100
2026-04-01 14:35:00,27800.0,27850.0,27725.0,27800.0,167700
2026-04-01 14:40:00,27800.0,27875.0,27775.0,27875.0,82100
2026-04-01 14:45:00,27875.0,27950.0,27875.0,27900.0,109700
2026-04-01 14:50:00,27850.0,27900.0,27825.0,27850.0,67800
2026-04-01 14:55:00,27875.0,27900.0,27825.0,27875.0,129200
2026-04-01 15:00:00,27875.0,27900.0,27825.0,27825.0,57800
2026-04-01 15:05:00,27825.0,27900.0,27825.0,27900.0,43000
2026-04-01 15:10:00,27875.0,28000.0,27850.0,27975.0,91300
2026-04-01 15:15:00,27975.0,28000.0,27900.0,27900.0,164100
2026-04-01 15:20:00,27900.0,27925.0,27875.0,27875.0,20400
2026-04-01 15:25:00,27900.0,27950.0,27875.0,27900.0,54900
2026-04-01 15:30:00,27900.0,27925.0,27800.0,27850.0,96200
2026-04-01 15:35:00,27825.0,27875.0,27800.0,27850.0,94600
2026-04-01 15:40:00,27875.0,27900.0,27800.0,27825.0,142400
2026-04-01 15:45:00,27800.0,27825.0,27750.0,27800.0,123300
2026-04-01 16:00:00,27775.0,27775.0,27775.0,27775.0,224900
2026-04-01 16:05:00,27775.0,27775.0,27775.0,27775.0,45000
2026-04-01 16:10:00,27775.0,27775.0,27775.0,27775.0,32700
2026-04-02 09:00:00,27500.0,28175.0,27350.0,27925.0,0
2026-04-02 09:05:00,27950.0,28075.0,27875.0,28075.0,156600
2026-04-02 09:10:00,28075.0,28200.0,28025.0,28050.0,244500
2026-04-02 09:15:00,28075.0,28075.0,27800.0,27875.0,173100
2026-04-02 09:20:00,27875.0,27925.0,27750.0,27750.0,162300
2026-04-02 09:25:00,27750.0,27800.0,27575.0,27575.0,182800
2026-04-02 09:30:00,27575.0,27900.0,27575.0,27775.0,150700
2026-04-02 09:35:00,27775.0,27800.0,27500.0,27575.0,348400
2026-04-02 09:40:00,27575.0,27575.0,27525.0,27550.0,106800
2026-04-02 09:45:00,27550.0,27650.0,27525.0,27625.0,77400
2026-04-02 09:50:00,27625.0,27625.0,27525.0,27525.0,49200
2026-04-02 09:55:00,27550.0,27550.0,27350.0,27425.0,333000
2026-04-02 10:00:00,27425.0,27425.0,27375.0,27425.0,133100
2026-04-02 10:05:00,27450.0,27650.0,27425.0,27575.0,150200
2026-04-02 10:10:00,27525.0,27525.0,27450.0,27525.0,63200
2026-04-02 10:15:00,27525.0,27525.0,27500.0,27500.0,35200
2026-04-02 10:20:00,27500.0,27525.0,27425.0,27425.0,87300
2026-04-02 10:25:00,27450.0,27450.0,27400.0,27425.0,111700
2026-04-02 10:30:00,27450.0,27450.0,27400.0,27425.0,52500
2026-04-02 10:35:00,27450.0,27450.0,27400.0,27400.0,50300
2026-04-02 10:40:00,27400.0,27400.0,27300.0,27350.0,212100
2026-04-02 10:45:00,27350.0,27350.0,27300.0,27300.0,64000
2026-04-02 10:50:00,27325.0,27325.0,27125.0,27150.0,356900
2026-04-02 10:55:00,27175.0,27250.0,27100.0,27125.0,73600
2026-04-02 11:00:00,27125.0,27225.0,27050.0,27225.0,188100
2026-04-02 11:05:00,27225.0,27400.0,27150.0,27325.0,114300
2026-04-02 11:10:00,27325.0,27550.0,27275.0,27525.0,52300
2026-04-02 11:15:00,27525.0,27675.0,27500.0,27525.0,119800
2026-04-02 11:20:00,27500.0,27500.0,27400.0,27475.0,51200
2026-04-02 11:25:00,27450.0,27475.0,27425.0,27450.0,20000
2026-04-02 11:30:00,27425.0,27575.0,27425.0,27575.0,70400
2026-04-02 11:35:00,27600.0,27625.0,27575.0,27575.0,56800
2026-04-02 11:40:00,27575.0,27600.0,27525.0,27575.0,54100
2026-04-02 11:45:00,27600.0,27600.0,27525.0,27550.0,41400
2026-04-02 11:50:00,27550.0,27575.0,27525.0,27550.0,14800
2026-04-02 11:55:00,27550.0,27575.0,27525.0,27525.0,25000
2026-04-02 13:30:00,27525.0,27750.0,27525.0,27575.0,263500
2026-04-02 13:35:00,27575.0,27600.0,27550.0,27600.0,81600
2026-04-02 13:40:00,27600.0,27775.0,27575.0,27725.0,98000
2026-04-02 13:45:00,27700.0,27750.0,27700.0,27725.0,70700
2026-04-02 13:50:00,27700.0,27725.0,27600.0,27600.0,64900
2026-04-02 13:55:00,27600.0,27625.0,27575.0,27575.0,17800
2026-04-02 14:00:00,27575.0,27600.0,27575.0,27600.0,37100
2026-04-02 14:05:00,27575.0,27700.0,27575.0,27650.0,66600
2026-04-02 14:10:00,27650.0,27675.0,27625.0,27625.0,17000
2026-04-02 14:15:00,27625.0,27650.0,27625.0,27625.0,11400
2026-04-02 14:20:00,27650.0,27650.0,27600.0,27600.0,71000
2026-04-02 14:25:00,27600.0,27600.0,27575.0,27575.0,20500
2026-04-02 14:30:00,27575.0,27600.0,27575.0,27600.0,14900
2026-04-02 14:35:00,27600.0,27600.0,27575.0,27600.0,11300
2026-04-02 14:40:00,27600.0,27600.0,27550.0,27550.0,44800
2026-04-02 14:45:00,27550.0,27575.0,27550.0,27550.0,54200
2026-04-02 14:50:00,27575.0,27575.0,27550.0,27550.0,30000
2026-04-02 14:55:00,27550.0,27550.0,27525.0,27525.0,61400
2026-04-02 15:00:00,27525.0,27550.0,27525.0,27525.0,21400
2026-04-02 15:05:00,27525.0,27550.0,27525.0,27525.0,26000
2026-04-02 15:10:00,27525.0,27550.0,27475.0,27475.0,174300
2026-04-02 15:15:00,27475.0,27475.0,27400.0,27425.0,49300
2026-04-02 15:20:00,27425.0,27450.0,27400.0,27425.0,35900
2026-04-02 15:25:00,27400.0,27400.0,27325.0,27325.0,69900
2026-04-02 15:30:00,27325.0,27400.0,27325.0,27325.0,58300
2026-04-02 15:35:00,27350.0,27400.0,27300.0,27300.0,76000
2026-04-02 15:40:00,27325.0,27325.0,27225.0,27250.0,82600
2026-04-02 15:45:00,27250.0,27325.0,27200.0,27325.0,129200
2026-04-02 16:00:00,27325.0,27325.0,27325.0,27325.0,120900
2026-04-02 16:05:00,27325.0,27325.0,27325.0,27325.0,19800
2026-04-02 16:10:00,27325.0,27325.0,27325.0,27325.0,2600
2026-04-06 09:00:00,27775.0,27850.0,27325.0,27550.0,0
2026-04-06 09:05:00,27575.0,27700.0,27475.0,27525.0,37800
2026-04-06 09:10:00,27550.0,27550.0,27400.0,27475.0,67500
2026-04-06 09:15:00,27475.0,27475.0,27325.0,27400.0,158900
2026-04-06 09:20:00,27400.0,27675.0,27400.0,27650.0,81100
2026-04-06 09:25:00,27650.0,27675.0,27550.0,27550.0,16400
2026-04-06 09:30:00,27575.0,27575.0,27500.0,27500.0,35700
2026-04-06 09:35:00,27500.0,27575.0,27500.0,27550.0,4300
2026-04-06 09:40:00,27575.0,27675.0,27575.0,27650.0,22600
2026-04-06 09:45:00,27650.0,27650.0,27575.0,27575.0,25700
2026-04-06 09:50:00,27550.0,27575.0,27500.0,27550.0,8700
2026-04-06 09:55:00,27500.0,27550.0,27400.0,27450.0,31800
2026-04-06 10:00:00,27450.0,27500.0,27350.0,27400.0,52400
2026-04-06 10:05:00,27400.0,27450.0,27400.0,27400.0,9800
2026-04-06 10:10:00,27400.0,27425.0,27350.0,27375.0,12400
2026-04-06 10:15:00,27400.0,27400.0,27350.0,27350.0,22100
2026-04-06 10:20:00,27350.0,27375.0,27350.0,27350.0,15300
2026-04-06 10:25:00,27325.0,27350.0,27275.0,27300.0,81600
2026-04-06 10:30:00,27325.0,27325.0,27250.0,27275.0,30300
2026-04-06 10:35:00,27275.0,27350.0,27275.0,27325.0,29100
2026-04-06 10:40:00,27325.0,27375.0,27300.0,27350.0,29900
2026-04-06 10:45:00,27350.0,27375.0,27350.0,27375.0,11900
2026-04-06 10:50:00,27375.0,27400.0,27375.0,27375.0,17800
2026-04-06 10:55:00,27400.0,27400.0,27375.0,27375.0,2700
2026-04-06 11:00:00,27375.0,27400.0,27375.0,27400.0,6000
2026-04-06 11:05:00,27400.0,27400.0,27375.0,27400.0,9400
2026-04-06 11:10:00,27375.0,27425.0,27375.0,27425.0,23500
2026-04-06 11:15:00,27425.0,27450.0,27400.0,27425.0,10700
2026-04-06 11:20:00,27450.0,27450.0,27425.0,27425.0,10900
2026-04-06 11:25:00,27425.0,27450.0,27350.0,27375.0,32700
2026-04-06 11:30:00,27375.0,27375.0,27350.0,27350.0,20800
2026-04-06 11:35:00,27325.0,27350.0,27325.0,27350.0,3700
2026-04-06 11:40:00,27350.0,27350.0,27350.0,27350.0,300
2026-04-06 11:45:00,27350.0,27375.0,27350.0,27350.0,9400
2026-04-06 11:50:00,27325.0,27350.0,27325.0,27350.0,100
2026-04-06 11:55:00,27325.0,27350.0,27300.0,27350.0,18100
2026-04-06 13:30:00,27350.0,27400.0,27275.0,27400.0,105200
2026-04-06 13:35:00,27400.0,27425.0,27400.0,27425.0,26800
2026-04-06 13:40:00,27425.0,27450.0,27400.0,27400.0,34400
2026-04-06 13:45:00,27400.0,27400.0,27350.0,27400.0,25500
2026-04-06 13:50:00,27400.0,27400.0,27375.0,27375.0,10600
2026-04-06 13:55:00,27375.0,27400.0,27325.0,27350.0,16000
2026-04-06 14:00:00,27350.0,27350.0,27325.0,27350.0,3000
2026-04-06 14:05:00,27350.0,27350.0,27325.0,27350.0,30300
2026-04-06 14:10:00,27350.0,27400.0,27350.0,27400.0,7000
2026-04-06 14:15:00,27350.0,27375.0,27325.0,27375.0,13500
2026-04-06 14:20:00,27375.0,27375.0,27325.0,27350.0,7700
2026-04-06 14:25:00,27350.0,27350.0,27350.0,27350.0,6700
2026-04-06 14:30:00,27375.0,27375.0,27325.0,27325.0,36400
2026-04-06 14:35:00,27350.0,27375.0,27350.0,27375.0,19700
2026-04-06 14:40:00,27375.0,27375.0,27325.0,27325.0,21300
2026-04-06 14:45:00,27325.0,27325.0,27300.0,27325.0,79000
2026-04-06 14:50:00,27325.0,27325.0,27125.0,27150.0,168400
2026-04-06 14:55:00,27125.0,27175.0,27125.0,27175.0,39800
2026-04-06 15:00:00,27175.0,27200.0,27175.0,27200.0,37500
2026-04-06 15:05:00,27175.0,27175.0,27025.0,27025.0,167600
2026-04-06 15:10:00,27025.0,27050.0,26875.0,26875.0,174200
2026-04-06 15:15:00,26850.0,26900.0,26725.0,26825.0,260900
2026-04-06 15:20:00,26825.0,26825.0,26600.0,26675.0,211300
2026-04-06 15:25:00,26725.0,26825.0,26650.0,26825.0,70400
2026-04-06 15:30:00,26825.0,26875.0,26775.0,26800.0,79400
2026-04-06 15:35:00,26775.0,26825.0,26700.0,26800.0,92500
2026-04-06 15:40:00,26800.0,26825.0,26725.0,26775.0,81900
2026-04-06 15:45:00,26775.0,26850.0,26775.0,26850.0,45100
2026-04-06 16:00:00,26650.0,26650.0,26650.0,26650.0,290000
2026-04-06 16:05:00,26650.0,26650.0,26650.0,26650.0,13200
2026-04-06 16:10:00,26650.0,26650.0,26650.0,26650.0,200
2026-04-07 09:00:00,27250.0,27250.0,26900.0,26975.0,0
2026-04-07 09:05:00,26975.0,27075.0,26850.0,27075.0,73600
2026-04-07 09:10:00,27075.0,27100.0,27050.0,27050.0,70500
2026-04-07 09:15:00,27050.0,27050.0,26850.0,26900.0,79500
2026-04-07 09:20:00,26875.0,26900.0,26775.0,26850.0,68000
2026-04-07 09:25:00,26875.0,26925.0,26800.0,26800.0,36300
2026-04-07 09:30:00,26800.0,26825.0,26750.0,26775.0,30000
2026-04-07 09:35:00,26775.0,26825.0,26750.0,26800.0,31200
2026-04-07 09:40:00,26800.0,26800.0,26750.0,26750.0,25200
2026-04-07 09:45:00,26750.0,26800.0,26750.0,26750.0,14000
2026-04-07 09:50:00,26775.0,26800.0,26750.0,26750.0,17300
2026-04-07 09:55:00,26800.0,26825.0,26800.0,26825.0,16000
2026-04-07 10:00:00,26825.0,26825.0,26750.0,26750.0,26600
2026-04-07 10:05:00,26750.0,26775.0,26650.0,26650.0,83500
2026-04-07 10:10:00,26650.0,26675.0,26525.0,26525.0,83100
2026-04-07 10:15:00,26550.0,26575.0,26475.0,26500.0,135500
2026-04-07 10:20:00,26500.0,26500.0,26400.0,26400.0,97900
2026-04-07 10:25:00,26425.0,26425.0,26300.0,26300.0,68800
2026-04-07 10:30:00,26275.0,26350.0,26275.0,26325.0,61300
2026-04-07 10:35:00,26325.0,26325.0,26300.0,26325.0,22500
2026-04-07 10:40:00,26325.0,26325.0,26275.0,26300.0,29900
2026-04-07 10:45:00,26275.0,26325.0,26275.0,26325.0,45900
2026-04-07 10:50:00,26325.0,26375.0,26325.0,26350.0,14600
2026-04-07 10:55:00,26350.0,26350.0,26275.0,26300.0,47600
2026-04-07 11:00:00,26325.0,26325.0,26225.0,26250.0,49000
2026-04-07 11:05:00,26225.0,26250.0,26150.0,26175.0,88300
2026-04-07 11:10:00,26225.0,26275.0,26175.0,26250.0,54200
2026-04-07 11:15:00,26300.0,26400.0,26275.0,26375.0,18700
2026-04-07 11:20:00,26375.0,26450.0,26350.0,26425.0,43300
2026-04-07 11:25:00,26450.0,26525.0,26425.0,26500.0,34600
2026-04-07 11:30:00,26525.0,26525.0,26450.0,26500.0,31600
2026-04-07 11:35:00,26500.0,26525.0,26450.0,26475.0,31800
2026-04-07 11:40:00,26475.0,26500.0,26475.0,26475.0,16200
2026-04-07 11:45:00,26475.0,26475.0,26450.0,26475.0,38400
2026-04-07 11:50:00,26475.0,26500.0,26450.0,26500.0,22000
2026-04-07 11:55:00,26475.0,26500.0,26450.0,26450.0,19400
2026-04-07 13:30:00,26500.0,26775.0,26450.0,26675.0,104100
2026-04-07 13:35:00,26700.0,26775.0,26700.0,26700.0,11900
2026-04-07 13:40:00,26750.0,26775.0,26675.0,26675.0,40500
2026-04-07 13:45:00,26675.0,26675.0,26650.0,26675.0,11100
2026-04-07 13:50:00,26625.0,26625.0,26625.0,26625.0,2000
2026-04-07 13:55:00,26625.0,26675.0,26600.0,26600.0,27200
2026-04-07 14:00:00,26600.0,26625.0,26600.0,26600.0,7300
2026-04-07 14:05:00,26600.0,26725.0,26600.0,26700.0,20300
2026-04-07 14:10:00,26725.0,26725.0,26625.0,26650.0,24500
2026-04-07 14:15:00,26625.0,26650.0,26625.0,26650.0,600
2026-04-07 14:20:00,26650.0,26700.0,26625.0,26700.0,30700
2026-04-07 14:25:00,26700.0,26775.0,26700.0,26750.0,32600
2026-04-07 14:30:00,26750.0,26775.0,26750.0,26750.0,11300
2026-04-07 14:35:00,26750.0,26775.0,26700.0,26700.0,31700
2026-04-07 14:40:00,26725.0,26725.0,26650.0,26650.0,23100
2026-04-07 14:45:00,26650.0,26700.0,26650.0,26675.0,18000
2026-04-07 14:50:00,26675.0,26700.0,26675.0,26700.0,16800
2026-04-07 14:55:00,26700.0,26725.0,26675.0,26700.0,14700
2026-04-07 15:00:00,26700.0,26750.0,26650.0,26650.0,28000
2026-04-07 15:05:00,26650.0,26700.0,26650.0,26650.0,21000
2026-04-07 15:10:00,26700.0,26700.0,26625.0,26625.0,11100
2026-04-07 15:15:00,26625.0,26625.0,26550.0,26550.0,13400
2026-04-07 15:20:00,26550.0,26550.0,26475.0,26475.0,52300
2026-04-07 15:25:00,26475.0,26475.0,26375.0,26400.0,84100
2026-04-07 15:30:00,26400.0,26450.0,26350.0,26400.0,33200
2026-04-07 15:35:00,26400.0,26425.0,26350.0,26375.0,46400
2026-04-07 15:40:00,26375.0,26400.0,26350.0,26400.0,36800
2026-04-07 15:45:00,26375.0,26400.0,26325.0,26325.0,49900
2026-04-07 16:00:00,26650.0,26650.0,26650.0,26650.0,134700
2026-04-07 16:05:00,26650.0,26650.0,26650.0,26650.0,3700
2026-04-07 16:10:00,26650.0,26650.0,26650.0,26650.0,1800
2026-04-08 09:00:00,26075.0,26125.0,25025.0,26000.0,0
2026-04-08 09:05:00,26000.0,26275.0,25925.0,26050.0,331700
2026-04-08 09:10:00,26050.0,26200.0,25950.0,26050.0,226800
2026-04-08 09:15:00,26050.0,26225.0,26050.0,26100.0,163500
2026-04-08 09:20:00,26125.0,26225.0,26125.0,26225.0,35500
2026-04-08 09:25:00,26250.0,26350.0,26200.0,26200.0,84000
2026-04-08 09:30:00,26225.0,26350.0,26125.0,26350.0,93900
2026-04-08 09:35:00,26300.0,26425.0,26300.0,26425.0,40400
2026-04-08 09:40:00,26450.0,26450.0,26350.0,26350.0,68000
2026-04-08 09:45:00,26350.0,26350.0,26175.0,26175.0,55800
2026-04-08 09:50:00,26175.0,26300.0,26175.0,26300.0,38400
2026-04-08 09:55:00,26225.0,26300.0,26200.0,26225.0,53100
2026-04-08 10:00:00,26200.0,26300.0,26200.0,26300.0,30300
2026-04-08 10:05:00,26300.0,26325.0,26250.0,26250.0,47600
2026-04-08 10:10:00,26275.0,26275.0,26175.0,26175.0,53000
2026-04-08 10:15:00,26175.0,26275.0,26175.0,26225.0,26500
2026-04-08 10:20:00,26225.0,26250.0,26200.0,26225.0,20100
2026-04-08 10:25:00,26225.0,26250.0,26200.0,26250.0,35900
2026-04-08 10:30:00,26250.0,26275.0,26225.0,26275.0,23900
2026-04-08 10:35:00,26275.0,26275.0,26250.0,26275.0,13100
2026-04-08 10:40:00,26275.0,26275.0,26200.0,26200.0,43900
2026-04-08 10:45:00,26200.0,26200.0,25950.0,25950.0,196200
2026-04-08 10:50:00,25950.0,25950.0,25775.0,25800.0,104500
2026-04-08 10:55:00,25775.0,25800.0,25750.0,25800.0,78400
2026-04-08 11:00:00,25800.0,25800.0,25725.0,25750.0,75500
2026-04-08 11:05:00,25750.0,25800.0,25750.0,25775.0,26400
2026-04-08 11:10:00,25750.0,25800.0,25750.0,25800.0,9500
2026-04-08 11:15:00,25800.0,25800.0,25775.0,25775.0,45900
2026-04-08 11:20:00,25775.0,25950.0,25775.0,25900.0,58100
2026-04-08 11:25:00,25950.0,25950.0,25875.0,25925.0,14800
2026-04-08 11:30:00,25900.0,25925.0,25850.0,25850.0,29200
2026-04-08 11:35:00,25875.0,25875.0,25850.0,25875.0,22000
2026-04-08 11:40:00,25875.0,25875.0,25800.0,25825.0,72600
2026-04-08 11:45:00,25825.0,25850.0,25775.0,25850.0,52500
2026-04-08 11:50:00,25850.0,25850.0,25800.0,25825.0,12400
2026-04-08 11:55:00,25800.0,25850.0,25800.0,25825.0,15100
2026-04-08 13:30:00,25825.0,26000.0,25800.0,26000.0,226600
2026-04-08 13:35:00,26000.0,26050.0,25950.0,25975.0,60900
2026-04-08 13:40:00,25975.0,26050.0,25950.0,26050.0,24700
2026-04-08 13:45:00,26050.0,26050.0,25975.0,25975.0,39900
2026-04-08 13:50:00,25975.0,25975.0,25950.0,25950.0,37600
2026-04-08 13:55:00,25975.0,25975.0,25950.0,25950.0,24600
2026-04-08 14:00:00,25950.0,25950.0,25875.0,25900.0,32400
2026-04-08 14:05:00,25900.0,25975.0,25850.0,25950.0,106600
2026-04-08 14:10:00,25975.0,26000.0,25950.0,26000.0,19300
2026-04-08 14:15:00,26000.0,26000.0,25925.0,25950.0,55600
2026-04-08 14:20:00,25925.0,25925.0,25875.0,25875.0,49600
2026-04-08 14:25:00,25900.0,25925.0,25875.0,25925.0,30100
2026-04-08 14:30:00,25900.0,26000.0,25900.0,25975.0,42000
2026-04-08 14:35:00,25950.0,26000.0,25950.0,26000.0,38700
2026-04-08 14:40:00,26000.0,26025.0,26000.0,26025.0,21900
2026-04-08 14:45:00,26025.0,26050.0,26000.0,26025.0,31700
2026-04-08 14:50:00,26025.0,26050.0,26025.0,26050.0,6500
2026-04-08 14:55:00,26050.0,26050.0,26025.0,26050.0,30600
2026-04-08 15:00:00,26050.0,26075.0,26025.0,26075.0,42700
2026-04-08 15:05:00,26050.0,26075.0,26000.0,26025.0,52800
2026-04-08 15:10:00,26025.0,26075.0,26025.0,26075.0,34700
2026-04-08 15:15:00,26075.0,26075.0,26000.0,26025.0,100600
2026-04-08 15:20:00,26075.0,26075.0,26025.0,26050.0,14600
2026-04-08 15:25:00,26075.0,26075.0,26050.0,26075.0,13500
2026-04-08 15:30:00,26075.0,26100.0,26050.0,26100.0,34700
2026-04-08 15:35:00,26100.0,26100.0,26075.0,26075.0,23600
2026-04-08 15:40:00,26100.0,26125.0,26075.0,26100.0,77400
2026-04-08 15:45:00,26125.0,26250.0,26100.0,26225.0,78900
2026-04-08 16:00:00,26175.0,26175.0,26175.0,26175.0,160400
2026-04-08 16:05:00,26175.0,26175.0,26175.0,26175.0,7500
2026-04-08 16:10:00,26175.0,26175.0,26175.0,26175.0,6400
2026-04-09 09:00:00,26375.0,27175.0,26300.0,26775.0,0
2026-04-09 09:05:00,26775.0,27000.0,26725.0,27000.0,273700
2026-04-09 09:10:00,27000.0,27000.0,26700.0,26750.0,145400
2026-04-09 09:15:00,26750.0,27050.0,26750.0,26925.0,188100
2026-04-09 09:20:00,26900.0,26975.0,26850.0,26925.0,109100
2026-04-09 09:25:00,26950.0,26950.0,26800.0,26825.0,59000
2026-04-09 09:30:00,26825.0,26925.0,26800.0,26850.0,93200
2026-04-09 09:35:00,26825.0,26975.0,26800.0,26925.0,74000
2026-04-09 09:40:00,26925.0,26975.0,26900.0,26950.0,27800
2026-04-09 09:45:00,26950.0,26975.0,26875.0,26975.0,59000
2026-04-09 09:50:00,26950.0,27175.0,26950.0,27125.0,256500
2026-04-09 09:55:00,27125.0,27150.0,27100.0,27150.0,65300
2026-04-09 10:00:00,27150.0,27150.0,27050.0,27075.0,48800
2026-04-09 10:05:00,27050.0,27125.0,27050.0,27125.0,19400
2026-04-09 10:10:00,27125.0,27150.0,27125.0,27125.0,27700
2026-04-09 10:15:00,27125.0,27150.0,27100.0,27150.0,31000
2026-04-09 10:20:00,27150.0,27150.0,27075.0,27100.0,73700
2026-04-09 10:25:00,27075.0,27075.0,27050.0,27075.0,10900
2026-04-09 10:30:00,27050.0,27100.0,27050.0,27075.0,17100
2026-04-09 10:35:00,27075.0,27125.0,27075.0,27125.0,18300
2026-04-09 10:40:00,27125.0,27150.0,27100.0,27150.0,13900
2026-04-09 10:45:00,27125.0,27150.0,27100.0,27125.0,49900
2026-04-09 10:50:00,27100.0,27125.0,27100.0,27100.0,10200
2026-04-09 10:55:00,27100.0,27125.0,27100.0,27125.0,18000
2026-04-09 11:00:00,27125.0,27150.0,27100.0,27125.0,50000
2026-04-09 11:05:00,27100.0,27125.0,27075.0,27100.0,10700
2026-04-09 11:10:00,27075.0,27100.0,27075.0,27075.0,7000
2026-04-09 11:15:00,27100.0,27100.0,27025.0,27075.0,50100
2026-04-09 11:20:00,27050.0,27075.0,27025.0,27025.0,22300
2026-04-09 11:25:00,27075.0,27075.0,26900.0,26900.0,86200
2026-04-09 11:30:00,26875.0,26925.0,26800.0,26925.0,67900
2026-04-09 11:35:00,26925.0,26975.0,26925.0,26925.0,33100
2026-04-09 11:40:00,26925.0,26975.0,26900.0,26900.0,34800
2026-04-09 11:45:00,26950.0,26975.0,26950.0,26975.0,13700
2026-04-09 11:50:00,26975.0,26975.0,26925.0,26975.0,15500
2026-04-09 11:55:00,26975.0,27000.0,26975.0,27000.0,4700
2026-04-09 13:30:00,26975.0,27100.0,26975.0,27075.0,65200
2026-04-09 13:35:00,27075.0,27075.0,27025.0,27050.0,38700
2026-04-09 13:40:00,27050.0,27050.0,27025.0,27050.0,13800
2026-04-09 13:45:00,27025.0,27050.0,26975.0,26975.0,35900
2026-04-09 13:50:00,27000.0,27025.0,26975.0,27025.0,25900
2026-04-09 13:55:00,27025.0,27150.0,27025.0,27150.0,103100
2026-04-09 14:00:00,27150.0,27175.0,27125.0,27125.0,82900
2026-04-09 14:05:00,27125.0,27125.0,27100.0,27125.0,22900
2026-04-09 14:10:00,27125.0,27150.0,27125.0,27125.0,21400
2026-04-09 14:15:00,27125.0,27150.0,27125.0,27125.0,17800
2026-04-09 14:20:00,27125.0,27150.0,27125.0,27150.0,18600
2026-04-09 14:25:00,27150.0,27150.0,27100.0,27100.0,67100
2026-04-09 14:30:00,27100.0,27125.0,27075.0,27075.0,69400
2026-04-09 14:35:00,27075.0,27100.0,27075.0,27100.0,18100
2026-04-09 14:40:00,27100.0,27125.0,27100.0,27125.0,32200
2026-04-09 14:45:00,27125.0,27125.0,27100.0,27100.0,30900
2026-04-09 14:50:00,27125.0,27125.0,27100.0,27125.0,46300
2026-04-09 14:55:00,27100.0,27150.0,27100.0,27150.0,22300
2026-04-09 15:00:00,27125.0,27175.0,27125.0,27125.0,73900
2026-04-09 15:05:00,27150.0,27150.0,27125.0,27150.0,26300
2026-04-09 15:10:00,27150.0,27150.0,27100.0,27100.0,47000
2026-04-09 15:15:00,27100.0,27100.0,27075.0,27100.0,28000
2026-04-09 15:20:00,27100.0,27125.0,27075.0,27100.0,45700
2026-04-09 15:25:00,27100.0,27125.0,27050.0,27075.0,106700
2026-04-09 15:30:00,27075.0,27125.0,27050.0,27100.0,127800
2026-04-09 15:35:00,27100.0,27125.0,27075.0,27100.0,122800
2026-04-09 15:40:00,27100.0,27100.0,27025.0,27100.0,64400
2026-04-09 15:45:00,27100.0,27100.0,27050.0,27075.0,52900
2026-04-09 16:00:00,27125.0,27125.0,27125.0,27125.0,112300
2026-04-09 16:05:00,27125.0,27125.0,27125.0,27125.0,1000
2026-04-09 16:10:00,27125.0,27125.0,27125.0,27125.0,4100
2026-04-10 09:00:00,27150.0,27150.0,26875.0,26900.0,0
2026-04-10 09:05:00,26875.0,26950.0,26775.0,26900.0,134600
2026-04-10 09:10:00,26900.0,26925.0,26850.0,26900.0,37600
2026-04-10 09:15:00,26925.0,27000.0,26900.0,26975.0,44900
2026-04-10 09:20:00,26975.0,27000.0,26900.0,26900.0,47000
2026-04-10 09:25:00,26950.0,27075.0,26925.0,27075.0,24200
2026-04-10 09:30:00,27050.0,27100.0,27000.0,27025.0,48300
2026-04-10 09:35:00,27025.0,27050.0,26975.0,26975.0,19700
2026-04-10 09:40:00,26975.0,27000.0,26950.0,26975.0,22300
2026-04-10 09:45:00,26975.0,27000.0,26925.0,26925.0,49200
2026-04-10 09:50:00,26925.0,27000.0,26925.0,27000.0,29300
2026-04-10 09:55:00,27000.0,27000.0,26975.0,27000.0,20500
2026-04-10 10:00:00,27000.0,27000.0,26975.0,27000.0,8000
2026-04-10 10:05:00,26975.0,26975.0,26925.0,26950.0,34200
2026-04-10 10:10:00,26925.0,27000.0,26925.0,27000.0,17700
2026-04-10 10:15:00,27000.0,27000.0,26975.0,26975.0,8300
2026-04-10 10:20:00,26975.0,27025.0,26975.0,27000.0,21500
2026-04-10 10:25:00,27000.0,27000.0,26925.0,26925.0,16700
2026-04-10 10:30:00,26950.0,26950.0,26925.0,26925.0,20800
2026-04-10 10:35:00,26925.0,26950.0,26925.0,26950.0,9200
2026-04-10 10:40:00,26925.0,27000.0,26925.0,27000.0,26600
2026-04-10 10:45:00,27000.0,27000.0,26975.0,27000.0,10000
2026-04-10 10:50:00,27000.0,27000.0,26975.0,26975.0,13200
2026-04-10 10:55:00,26975.0,27000.0,26975.0,26975.0,7100
2026-04-10 11:00:00,26975.0,27000.0,26975.0,27000.0,26600
2026-04-10 11:05:00,27000.0,27000.0,26950.0,26950.0,18000
2026-04-10 11:10:00,26950.0,26950.0,26925.0,26925.0,13000
2026-04-10 11:15:00,26950.0,26950.0,26925.0,26925.0,5300
2026-04-10 11:20:00,26925.0,26950.0,26925.0,26950.0,8500
2026-04-10 11:25:00,26950.0,26950.0,26925.0,26925.0,13500
2026-04-10 14:00:00,26950.0,26950.0,26925.0,26950.0,32700
2026-04-10 14:05:00,26950.0,27000.0,26950.0,27000.0,39900
2026-04-10 14:10:00,26975.0,27050.0,26975.0,26975.0,72700
2026-04-10 14:15:00,26975.0,27000.0,26975.0,26975.0,1300
2026-04-10 14:20:00,26975.0,27000.0,26975.0,27000.0,10800
2026-04-10 14:25:00,27000.0,27000.0,26975.0,27000.0,28600
2026-04-10 14:30:00,26975.0,27000.0,26975.0,27000.0,9200
2026-04-10 14:35:00,27000.0,27000.0,26975.0,26975.0,14300
2026-04-10 14:40:00,26975.0,26975.0,26950.0,26950.0,16600
2026-04-10 14:45:00,26950.0,26975.0,26950.0,26975.0,4800
2026-04-10 14:50:00,26975.0,26975.0,26950.0,26975.0,26100
2026-04-10 14:55:00,26950.0,27025.0,26950.0,27025.0,55600
2026-04-10 15:00:00,27025.0,27025.0,27000.0,27000.0,15900
2026-04-10 15:05:00,27025.0,27050.0,27000.0,27025.0,32500
2026-04-10 15:10:00,27025.0,27025.0,27000.0,27000.0,20600
2026-04-10 15:15:00,27000.0,27025.0,26925.0,26950.0,101900
2026-04-10 15:20:00,26925.0,26950.0,26925.0,26950.0,9600
2026-04-10 15:25:00,26950.0,27050.0,26925.0,27000.0,90500
2026-04-10 15:30:00,27000.0,27025.0,27000.0,27000.0,11200
2026-04-10 15:35:00,27000.0,27025.0,27000.0,27000.0,9500
2026-04-10 15:40:00,27025.0,27025.0,26950.0,26975.0,36700
2026-04-10 15:45:00,26950.0,27000.0,26950.0,27000.0,52300
2026-04-10 16:00:00,27000.0,27000.0,27000.0,27000.0,136500
2026-04-10 16:05:00,27000.0,27000.0,27000.0,27000.0,300
2026-04-10 16:10:00,27000.0,27000.0,27000.0,27000.0,100
2026-04-13 09:00:00,27300.0,27500.0,27300.0,27400.0,0
2026-04-13 09:05:00,27400.0,27450.0,27275.0,27275.0,86800
2026-04-13 09:10:00,27300.0,27375.0,27250.0,27250.0,80200
2026-04-13 09:15:00,27275.0,27275.0,27000.0,27100.0,106100
2026-04-13 09:20:00,27100.0,27150.0,27075.0,27100.0,38700
2026-04-13 09:25:00,27125.0,27125.0,27100.0,27100.0,17100
2026-04-13 09:30:00,27100.0,27125.0,27075.0,27100.0,25400
2026-04-13 09:35:00,27100.0,27150.0,27100.0,27150.0,19200
2026-04-13 09:40:00,27150.0,27225.0,27125.0,27200.0,28200
2026-04-13 09:45:00,27175.0,27275.0,27150.0,27250.0,26200
2026-04-13 09:50:00,27225.0,27250.0,27175.0,27200.0,36900
2026-04-13 09:55:00,27225.0,27275.0,27225.0,27250.0,14900
2026-04-13 10:00:00,27225.0,27275.0,27225.0,27275.0,12300
2026-04-13 10:05:00,27275.0,27375.0,27250.0,27275.0,66200
2026-04-13 10:10:00,27275.0,27275.0,27200.0,27200.0,11100
2026-04-13 10:15:00,27225.0,27275.0,27200.0,27275.0,15700
2026-04-13 10:20:00,27300.0,27300.0,27200.0,27250.0,45900
2026-04-13 10:25:00,27250.0,27250.0,27225.0,27225.0,7600
2026-04-13 10:30:00,27250.0,27275.0,27225.0,27225.0,10700
2026-04-13 10:35:00,27225.0,27225.0,27175.0,27175.0,14200
2026-04-13 10:40:00,27175.0,27175.0,27100.0,27100.0,22400
2026-04-13 10:45:00,27125.0,27125.0,27100.0,27125.0,1400
2026-04-13 10:50:00,27125.0,27150.0,27100.0,27150.0,12200
2026-04-13 10:55:00,27150.0,27200.0,27150.0,27175.0,15900
2026-04-13 11:00:00,27150.0,27175.0,27125.0,27150.0,10100
2026-04-13 11:05:00,27150.0,27150.0,27125.0,27125.0,20100
2026-04-13 11:10:00,27125.0,27150.0,27125.0,27150.0,5400
2026-04-13 11:15:00,27150.0,27150.0,27125.0,27125.0,6900
2026-04-13 11:20:00,27125.0,27125.0,27100.0,27125.0,12800
2026-04-13 11:25:00,27125.0,27125.0,27100.0,27100.0,22800
2026-04-13 11:30:00,27100.0,27100.0,27075.0,27075.0,16200
2026-04-13 11:35:00,27100.0,27100.0,27050.0,27075.0,31700
2026-04-13 11:40:00,27075.0,27100.0,27075.0,27100.0,2700
2026-04-13 11:45:00,27075.0,27100.0,27075.0,27100.0,4400
2026-04-13 11:50:00,27100.0,27100.0,27050.0,27075.0,32300
2026-04-13 11:55:00,27075.0,27100.0,27050.0,27100.0,5500
2026-04-13 13:30:00,27100.0,27100.0,27025.0,27050.0,44000
2026-04-13 13:35:00,27050.0,27050.0,27000.0,27000.0,59400
2026-04-13 13:40:00,27000.0,27025.0,26825.0,26875.0,174900
2026-04-13 13:45:00,26875.0,26950.0,26875.0,26925.0,13100
2026-04-13 13:50:00,26925.0,26975.0,26925.0,26975.0,12000
2026-04-13 13:55:00,26975.0,26975.0,26925.0,26950.0,33300
2026-04-13 14:00:00,26975.0,26975.0,26900.0,26900.0,14700
2026-04-13 14:05:00,26925.0,26950.0,26925.0,26950.0,30400
2026-04-13 14:10:00,26950.0,27000.0,26925.0,27000.0,12300
2026-04-13 14:15:00,27000.0,27000.0,26975.0,27000.0,4800
2026-04-13 14:20:00,27000.0,27000.0,26950.0,26950.0,15200
2026-04-13 14:25:00,26975.0,26975.0,26950.0,26975.0,7900
2026-04-13 14:30:00,26950.0,26975.0,26950.0,26950.0,15500
2026-04-13 14:35:00,26950.0,27000.0,26950.0,26975.0,9200
2026-04-13 14:40:00,26975.0,27000.0,26950.0,27000.0,5500
2026-04-13 14:45:00,27000.0,27000.0,26975.0,27000.0,16600
2026-04-13 14:50:00,27000.0,27000.0,26950.0,26950.0,32900
2026-04-13 14:55:00,26975.0,27000.0,26975.0,26975.0,10800
2026-04-13 15:00:00,27000.0,27000.0,27000.0,27000.0,4100
2026-04-13 15:05:00,27000.0,27000.0,26975.0,27000.0,15600
2026-04-13 15:10:00,27000.0,27000.0,26975.0,27000.0,14900
2026-04-13 15:15:00,27000.0,27000.0,26975.0,27000.0,19300
2026-04-13 15:20:00,27000.0,27000.0,26850.0,26875.0,180500
2026-04-13 15:25:00,26875.0,26875.0,26825.0,26850.0,44900
2026-04-13 15:30:00,26850.0,26850.0,26825.0,26850.0,28800
2026-04-13 15:35:00,26850.0,26875.0,26825.0,26850.0,27100
2026-04-13 15:40:00,26850.0,26875.0,26850.0,26875.0,27500
2026-04-13 15:45:00,26875.0,26975.0,26850.0,26975.0,28100
2026-04-13 16:00:00,26650.0,26650.0,26650.0,26650.0,1131200
2026-04-13 16:05:00,26650.0,26650.0,26650.0,26650.0,0
2026-04-13 16:10:00,26650.0,26650.0,26650.0,26650.0,100
2026-04-14 09:00:00,26900.0,26925.0,26675.0,26725.0,0
2026-04-14 09:05:00,26750.0,26825.0,26750.0,26775.0,52900
2026-04-14 09:10:00,26775.0,26825.0,26750.0,26750.0,50400
2026-04-14 09:15:00,26775.0,26800.0,26750.0,26800.0,53500
2026-04-14 09:20:00,26800.0,26875.0,26775.0,26800.0,46300
2026-04-14 09:25:00,26825.0,27000.0,26825.0,26975.0,77800
2026-04-14 09:30:00,26975.0,27000.0,26975.0,26975.0,12900
2026-04-14 09:35:00,26975.0,27000.0,26825.0,26875.0,83500
2026-04-14 09:40:00,26850.0,26875.0,26825.0,26875.0,14000
2026-04-14 09:45:00,26875.0,26875.0,26825.0,26825.0,13100
2026-04-14 09:50:00,26875.0,26875.0,26850.0,26875.0,5000
2026-04-14 09:55:00,26850.0,26875.0,26850.0,26875.0,2800
2026-04-14 10:00:00,26850.0,27000.0,26850.0,26950.0,120500
2026-04-14 10:05:00,26975.0,27000.0,26950.0,26950.0,10600
2026-04-14 10:10:00,26975.0,27000.0,26950.0,27000.0,7600
2026-04-14 10:15:00,27000.0,27000.0,26975.0,26975.0,16700
2026-04-14 10:20:00,26975.0,27000.0,26975.0,26975.0,6300
2026-04-14 10:25:00,27000.0,27000.0,26975.0,26975.0,20800
2026-04-14 10:30:00,26950.0,26975.0,26950.0,26950.0,11600
2026-04-14 10:35:00,26950.0,26975.0,26950.0,26950.0,4100
2026-04-14 10:40:00,26950.0,26975.0,26950.0,26950.0,7700
2026-04-14 10:45:00,26975.0,27000.0,26975.0,26975.0,22600
2026-04-14 10:50:00,26975.0,27025.0,26975.0,27025.0,28900
2026-04-14 10:55:00,27025.0,27050.0,27000.0,27050.0,9500
2026-04-14 11:00:00,27025.0,27075.0,27025.0,27050.0,22400
2026-04-14 11:05:00,27050.0,27075.0,26950.0,27025.0,13200
2026-04-14 11:10:00,27025.0,27050.0,27025.0,27025.0,1900
2026-04-14 11:15:00,27025.0,27025.0,27025.0,27025.0,1200
2026-04-14 11:20:00,27025.0,27075.0,27025.0,27050.0,11000
2026-04-14 11:25:00,27075.0,27075.0,27025.0,27050.0,10900
2026-04-14 11:30:00,27025.0,27050.0,27000.0,27050.0,7200
2026-04-14 11:35:00,27050.0,27050.0,27050.0,27050.0,8200
2026-04-14 11:40:00,27050.0,27075.0,27050.0,27075.0,9300
2026-04-14 11:45:00,27075.0,27075.0,27025.0,27050.0,3700
2026-04-14 11:50:00,27050.0,27075.0,27025.0,27050.0,15800
2026-04-14 11:55:00,27050.0,27075.0,27050.0,27075.0,12600
2026-04-14 13:30:00,27075.0,27375.0,27050.0,27300.0,326800
2026-04-14 13:35:00,27325.0,27325.0,27175.0,27250.0,32600
2026-04-14 13:40:00,27250.0,27275.0,27250.0,27250.0,24600
2026-04-14 13:45:00,27225.0,27225.0,27150.0,27150.0,40800
2026-04-14 13:50:00,27175.0,27175.0,27125.0,27150.0,46900
2026-04-14 13:55:00,27150.0,27225.0,27150.0,27225.0,10800
2026-04-14 14:00:00,27225.0,27225.0,27175.0,27175.0,15500
2026-04-14 14:05:00,27225.0,27250.0,27200.0,27250.0,17500
2026-04-14 14:10:00,27275.0,27325.0,27250.0,27250.0,58700
2026-04-14 14:15:00,27275.0,27275.0,27250.0,27250.0,17900
2026-04-14 14:20:00,27250.0,27250.0,27225.0,27225.0,17400
2026-04-14 14:25:00,27225.0,27225.0,27200.0,27200.0,9600
2026-04-14 14:30:00,27200.0,27200.0,27175.0,27200.0,16400
2026-04-14 14:35:00,27200.0,27200.0,27175.0,27200.0,16500
2026-04-14 14:40:00,27175.0,27200.0,27175.0,27175.0,25500
2026-04-14 14:45:00,27175.0,27200.0,27175.0,27200.0,3500
2026-04-14 14:50:00,27200.0,27250.0,27200.0,27225.0,23400
2026-04-14 14:55:00,27225.0,27250.0,27225.0,27225.0,15000
2026-04-14 15:00:00,27250.0,27275.0,27225.0,27275.0,23800
2026-04-14 15:05:00,27250.0,27275.0,27200.0,27200.0,31600
2026-04-14 15:10:00,27200.0,27300.0,27175.0,27300.0,53400
2026-04-14 15:15:00,27325.0,27350.0,27300.0,27300.0,21100
2026-04-14 15:20:00,27300.0,27300.0,27275.0,27275.0,37900
2026-04-14 15:25:00,27300.0,27325.0,27275.0,27300.0,25600
2026-04-14 15:30:00,27325.0,27325.0,27275.0,27300.0,15100
2026-04-14 15:35:00,27300.0,27300.0,27275.0,27275.0,23000
2026-04-14 15:40:00,27275.0,27275.0,27250.0,27275.0,10600
2026-04-14 15:45:00,27275.0,27275.0,27200.0,27250.0,16200
2026-04-14 16:00:00,27250.0,27250.0,27250.0,27250.0,82700
2026-04-14 16:05:00,27250.0,27250.0,27250.0,27250.0,2800
2026-04-14 16:10:00,27250.0,27250.0,27250.0,27250.0,7800
2026-04-15 09:00:00,27250.0,27375.0,27100.0,27275.0,0
2026-04-15 09:05:00,27275.0,27300.0,27125.0,27175.0,108000
2026-04-15 09:10:00,27175.0,27200.0,27150.0,27175.0,32400
2026-04-15 09:15:00,27200.0,27225.0,27150.0,27175.0,62000
2026-04-15 09:20:00,27175.0,27225.0,27125.0,27225.0,50800
2026-04-15 09:25:00,27225.0,27225.0,27150.0,27175.0,22600
2026-04-15 09:30:00,27200.0,27200.0,27175.0,27175.0,24200
2026-04-15 09:35:00,27200.0,27275.0,27175.0,27275.0,54600
2026-04-15 09:40:00,27250.0,27700.0,27250.0,27425.0,216600
2026-04-15 09:45:00,27450.0,27475.0,27375.0,27400.0,43000
2026-04-15 09:50:00,27400.0,27400.0,27225.0,27300.0,39600
2026-04-15 09:55:00,27275.0,27275.0,27225.0,27250.0,18100
2026-04-15 10:00:00,27275.0,27275.0,27250.0,27275.0,9800
2026-04-15 10:05:00,27275.0,27350.0,27275.0,27275.0,87700
2026-04-15 10:10:00,27275.0,27300.0,27275.0,27275.0,17200
2026-04-15 10:15:00,27275.0,27275.0,27250.0,27275.0,19700
2026-04-15 10:20:00,27250.0,27275.0,27225.0,27250.0,14600
2026-04-15 10:25:00,27250.0,27550.0,27250.0,27525.0,95200
2026-04-15 10:30:00,27525.0,27525.0,27425.0,27450.0,14900
2026-04-15 10:35:00,27450.0,27450.0,27425.0,27425.0,14200
2026-04-15 10:40:00,27425.0,27475.0,27425.0,27450.0,24000
2026-04-15 10:45:00,27450.0,27450.0,27425.0,27450.0,7700
2026-04-15 10:50:00,27450.0,27475.0,27450.0,27450.0,13600
2026-04-15 10:55:00,27450.0,27500.0,27450.0,27500.0,30700
2026-04-15 11:00:00,27500.0,27525.0,27475.0,27525.0,29400
2026-04-15 11:05:00,27525.0,27550.0,27525.0,27550.0,8000
2026-04-15 11:10:00,27550.0,27550.0,27525.0,27525.0,11100
2026-04-15 11:15:00,27525.0,27550.0,27500.0,27550.0,15500
2026-04-15 11:20:00,27525.0,27550.0,27525.0,27525.0,7700
2026-04-15 11:25:00,27550.0,27550.0,27525.0,27550.0,8900
2026-04-15 11:30:00,27525.0,27550.0,27525.0,27525.0,10100
2026-04-15 11:35:00,27525.0,27550.0,27525.0,27550.0,4000
2026-04-15 11:40:00,27525.0,27550.0,27525.0,27550.0,13800
2026-04-15 11:45:00,27550.0,27550.0,27525.0,27550.0,10000
2026-04-15 11:50:00,27525.0,27525.0,27500.0,27525.0,29900
2026-04-15 11:55:00,27525.0,27525.0,27500.0,27500.0,10500
2026-04-15 13:30:00,27500.0,27525.0,27375.0,27400.0,204500
2026-04-15 13:35:00,27425.0,27450.0,27425.0,27450.0,14200
2026-04-15 13:40:00,27425.0,27450.0,27425.0,27450.0,7300
2026-04-15 13:45:00,27450.0,27450.0,27400.0,27425.0,29400
2026-04-15 13:50:00,27400.0,27425.0,27400.0,27400.0,13400
2026-04-15 13:55:00,27425.0,27450.0,27400.0,27450.0,18800
2026-04-15 14:00:00,27425.0,27475.0,27425.0,27450.0,14500
2026-04-15 14:05:00,27450.0,27475.0,27450.0,27450.0,12500
2026-04-15 14:10:00,27450.0,27475.0,27450.0,27475.0,11800
2026-04-15 14:15:00,27475.0,27475.0,27450.0,27475.0,12200
2026-04-15 14:20:00,27475.0,27475.0,27450.0,27475.0,13300
2026-04-15 14:25:00,27450.0,27475.0,27450.0,27450.0,25000
2026-04-15 14:30:00,27425.0,27450.0,27400.0,27425.0,28800
2026-04-15 14:35:00,27400.0,27400.0,27400.0,27400.0,9200
2026-04-15 14:40:00,27425.0,27425.0,27350.0,27350.0,109900
2026-04-15 14:45:00,27350.0,27350.0,27325.0,27325.0,19200
2026-04-15 14:50:00,27300.0,27325.0,27300.0,27300.0,43100
2026-04-15 14:55:00,27275.0,27300.0,27275.0,27300.0,11600
2026-04-15 15:00:00,27275.0,27300.0,27275.0,27300.0,8700
2026-04-15 15:05:00,27275.0,27300.0,27275.0,27300.0,38100
2026-04-15 15:10:00,27275.0,27275.0,27250.0,27250.0,38900
2026-04-15 15:15:00,27250.0,27250.0,27200.0,27225.0,40300
2026-04-15 15:20:00,27225.0,27250.0,27200.0,27200.0,43400
2026-04-15 15:25:00,27225.0,27225.0,27200.0,27225.0,13000
2026-04-15 15:30:00,27225.0,27275.0,27225.0,27275.0,24100
2026-04-15 15:35:00,27300.0,27400.0,27300.0,27375.0,110600
2026-04-15 15:40:00,27375.0,27400.0,27275.0,27275.0,63800
2026-04-15 15:45:00,27275.0,27450.0,27275.0,27300.0,37900
2026-04-15 16:00:00,27425.0,27425.0,27425.0,27425.0,83700
2026-04-15 16:05:00,27425.0,27425.0,27425.0,27425.0,12300
2026-04-15 16:10:00,27425.0,27425.0,27425.0,27425.0,9800
2026-04-16 09:00:00,27575.0,27575.0,27100.0,27100.0,0
2026-04-16 09:05:00,27125.0,27250.0,27100.0,27200.0,92200
2026-04-16 09:10:00,27200.0,27350.0,27050.0,27075.0,349400
2026-04-16 09:15:00,27075.0,27150.0,27075.0,27125.0,62900
2026-04-16 09:20:00,27125.0,27150.0,27125.0,27125.0,23200
2026-04-16 09:25:00,27125.0,27150.0,27100.0,27125.0,26700
2026-04-16 09:30:00,27100.0,27125.0,27050.0,27100.0,88400
2026-04-16 09:35:00,27050.0,27150.0,27050.0,27075.0,58200
2026-04-16 09:40:00,27075.0,27100.0,27025.0,27050.0,78200
2026-04-16 09:45:00,27075.0,27125.0,27050.0,27100.0,29000
2026-04-16 09:50:00,27100.0,27125.0,27050.0,27125.0,38000
2026-04-16 09:55:00,27125.0,27125.0,27075.0,27075.0,18500
2026-04-16 10:00:00,27100.0,27100.0,27050.0,27075.0,33600
2026-04-16 10:05:00,27075.0,27125.0,27075.0,27100.0,37000
2026-04-16 10:10:00,27125.0,27125.0,27075.0,27100.0,24300
2026-04-16 10:15:00,27100.0,27100.0,27050.0,27100.0,39400
2026-04-16 10:20:00,27100.0,27125.0,27050.0,27050.0,29300
2026-04-16 10:25:00,27050.0,27075.0,27025.0,27075.0,77500
2026-04-16 10:30:00,27075.0,27100.0,27050.0,27075.0,22100
2026-04-16 10:35:00,27100.0,27100.0,26950.0,26950.0,232700
2026-04-16 10:40:00,26950.0,26975.0,26850.0,26875.0,91700
2026-04-16 10:45:00,26850.0,26925.0,26850.0,26900.0,34700
2026-04-16 10:50:00,26925.0,26925.0,26875.0,26900.0,13900
2026-04-16 10:55:00,26875.0,26900.0,26875.0,26900.0,39500
2026-04-16 11:00:00,26875.0,26900.0,26850.0,26850.0,32300
2026-04-16 11:05:00,26850.0,26900.0,26825.0,26875.0,70600
2026-04-16 11:10:00,26900.0,26925.0,26900.0,26925.0,18100
2026-04-16 11:15:00,26900.0,26925.0,26900.0,26925.0,9800
2026-04-16 11:20:00,26900.0,26925.0,26875.0,26875.0,31800
2026-04-16 11:25:00,26875.0,26900.0,26875.0,26875.0,15200
2026-04-16 11:30:00,26875.0,26900.0,26850.0,26850.0,19800
2026-04-16 11:35:00,26850.0,26875.0,26850.0,26850.0,14700
2026-04-16 11:40:00,26850.0,26875.0,26850.0,26850.0,9700
2026-04-16 11:45:00,26850.0,26850.0,26800.0,26825.0,75800
2026-04-16 11:50:00,26825.0,26875.0,26825.0,26875.0,22800
2026-04-16 11:55:00,26875.0,26875.0,26825.0,26850.0,10400
2026-04-16 13:30:00,26850.0,26875.0,26825.0,26825.0,80300
2026-04-16 13:35:00,26850.0,26850.0,26825.0,26825.0,24400
2026-04-16 13:40:00,26825.0,26850.0,26800.0,26800.0,34200
2026-04-16 13:45:00,26800.0,26850.0,26800.0,26825.0,65300
2026-04-16 13:50:00,26825.0,26850.0,26800.0,26800.0,21900
2026-04-16 13:55:00,26850.0,26850.0,26800.0,26825.0,37100
2026-04-16 14:00:00,26825.0,26875.0,26825.0,26875.0,21500
2026-04-16 14:05:00,26850.0,26875.0,26850.0,26875.0,21500
2026-04-16 14:10:00,26875.0,26900.0,26850.0,26875.0,27000
2026-04-16 14:15:00,26900.0,26900.0,26850.0,26850.0,20600
2026-04-16 14:20:00,26875.0,26900.0,26850.0,26900.0,33300
2026-04-16 14:25:00,26875.0,26900.0,26850.0,26850.0,35500
2026-04-16 14:30:00,26850.0,26875.0,26850.0,26850.0,21700
2026-04-16 14:35:00,26850.0,26875.0,26850.0,26850.0,15600
2026-04-16 14:40:00,26875.0,26875.0,26850.0,26875.0,19700
2026-04-16 14:45:00,26875.0,26875.0,26850.0,26850.0,18200
2026-04-16 14:50:00,26850.0,26875.0,26850.0,26850.0,17900
2026-04-16 14:55:00,26850.0,26875.0,26825.0,26825.0,45700
2026-04-16 15:00:00,26850.0,26850.0,26825.0,26825.0,30600
2026-04-16 15:05:00,26825.0,26875.0,26825.0,26850.0,51200
2026-04-16 15:10:00,26825.0,26875.0,26825.0,26825.0,30600
2026-04-16 15:15:00,26850.0,26850.0,26800.0,26800.0,71100
2026-04-16 15:20:00,26850.0,26850.0,26800.0,26825.0,25000
2026-04-16 15:25:00,26850.0,26850.0,26825.0,26850.0,11200
2026-04-16 15:30:00,26825.0,26875.0,26825.0,26850.0,46800
2026-04-16 15:35:00,26875.0,26875.0,26850.0,26850.0,31200
2026-04-16 15:40:00,26850.0,26875.0,26800.0,26825.0,56600
2026-04-16 15:45:00,26800.0,26850.0,26800.0,26800.0,48500
2026-04-16 16:00:00,26825.0,26825.0,26825.0,26825.0,77800
2026-04-16 16:05:00,26825.0,26825.0,26825.0,26825.0,100
2026-04-16 16:10:00,26825.0,26825.0,26825.0,26825.0,800
2026-04-17 09:00:00,26875.0,27100.0,26825.0,27025.0,0
2026-04-17 09:05:00,27025.0,27125.0,27000.0,27100.0,35100
2026-04-17 09:10:00,27125.0,27175.0,27075.0,27075.0,34700
2026-04-17 09:15:00,27050.0,27150.0,27025.0,27125.0,30800
2026-04-17 09:20:00,27100.0,27175.0,27100.0,27125.0,60900
2026-04-17 09:25:00,27150.0,27150.0,27125.0,27150.0,21900
2026-04-17 09:30:00,27150.0,27150.0,27125.0,27125.0,15400
2026-04-17 09:35:00,27125.0,27150.0,27125.0,27125.0,4300
2026-04-17 09:40:00,27125.0,27150.0,27100.0,27100.0,40100
2026-04-17 09:45:00,27150.0,27150.0,26975.0,26975.0,104300
2026-04-17 09:50:00,26975.0,27000.0,26825.0,26850.0,128100
2026-04-17 09:55:00,26850.0,26875.0,26825.0,26875.0,74100
2026-04-17 10:00:00,26850.0,26900.0,26850.0,26900.0,24200
2026-04-17 10:05:00,26900.0,26900.0,26825.0,26875.0,29200
2026-04-17 10:10:00,26850.0,26900.0,26850.0,26900.0,21100
2026-04-17 10:15:00,26875.0,26900.0,26875.0,26900.0,17900
2026-04-17 10:20:00,26900.0,26925.0,26875.0,26925.0,24000
2026-04-17 10:25:00,26925.0,26950.0,26925.0,26925.0,4600
2026-04-17 10:30:00,26925.0,26950.0,26925.0,26950.0,3000
2026-04-17 10:35:00,26950.0,26950.0,26900.0,26925.0,8400
2026-04-17 10:40:00,26900.0,26950.0,26900.0,26925.0,40400
2026-04-17 10:45:00,26950.0,26950.0,26900.0,26900.0,8500
2026-04-17 10:50:00,26900.0,26900.0,26825.0,26850.0,47000
2026-04-17 10:55:00,26875.0,26900.0,26875.0,26875.0,3000
2026-04-17 11:00:00,26875.0,26875.0,26850.0,26850.0,11100
2026-04-17 11:05:00,26850.0,26875.0,26825.0,26850.0,33900
2026-04-17 11:10:00,26825.0,26850.0,26825.0,26825.0,13400
2026-04-17 11:15:00,26850.0,26850.0,26800.0,26825.0,25100
2026-04-17 11:20:00,26825.0,26850.0,26825.0,26825.0,10400
2026-04-17 11:25:00,26825.0,26850.0,26825.0,26850.0,28700
2026-04-17 14:00:00,26850.0,26875.0,26800.0,26825.0,184000
2026-04-17 14:05:00,26825.0,26825.0,26750.0,26800.0,118900
2026-04-17 14:10:00,26750.0,26750.0,26650.0,26650.0,61900
2026-04-17 14:15:00,26650.0,26650.0,26525.0,26575.0,122400
2026-04-17 14:20:00,26575.0,26600.0,26550.0,26600.0,28900
2026-04-17 14:25:00,26600.0,26650.0,26575.0,26625.0,31300
2026-04-17 14:30:00,26625.0,26625.0,26575.0,26575.0,29500
2026-04-17 14:35:00,26550.0,26600.0,26525.0,26525.0,73900
2026-04-17 14:40:00,26525.0,26525.0,26500.0,26500.0,73500
2026-04-17 14:45:00,26500.0,26550.0,26500.0,26525.0,79500
2026-04-17 14:50:00,26525.0,26550.0,26500.0,26550.0,23300
2026-04-17 14:55:00,26550.0,26550.0,26525.0,26525.0,6800
2026-04-17 15:00:00,26550.0,26550.0,26525.0,26525.0,36500
2026-04-17 15:05:00,26550.0,26600.0,26525.0,26525.0,85800
2026-04-17 15:10:00,26525.0,26550.0,26500.0,26525.0,32700
2026-04-17 15:15:00,26525.0,26575.0,26525.0,26525.0,20400
2026-04-17 15:20:00,26525.0,26550.0,26500.0,26550.0,58500
2026-04-17 15:25:00,26550.0,26550.0,26525.0,26550.0,12500
2026-04-17 15:30:00,26550.0,26550.0,26525.0,26525.0,28200
2026-04-17 15:35:00,26550.0,26575.0,26525.0,26575.0,42400
2026-04-17 15:40:00,26575.0,26600.0,26575.0,26600.0,21100
2026-04-17 15:45:00,26600.0,26625.0,26550.0,26575.0,45900
2026-04-17 16:00:00,26575.0,26575.0,26575.0,26575.0,101500
2026-04-17 16:05:00,26575.0,26575.0,26575.0,26575.0,3700
2026-04-17 16:10:00,26575.0,26575.0,26575.0,26575.0,2600
2026-04-20 09:00:00,26525.0,26550.0,26025.0,26100.0,0
2026-04-20 09:05:00,26100.0,26125.0,25975.0,26100.0,265500
2026-04-20 09:10:00,26075.0,26125.0,26050.0,26100.0,84500
2026-04-20 09:15:00,26100.0,26175.0,26100.0,26150.0,57300
2026-04-20 09:20:00,26150.0,26175.0,26050.0,26050.0,96300
2026-04-20 09:25:00,26050.0,26125.0,26050.0,26100.0,33200
2026-04-20 09:30:00,26100.0,26125.0,26050.0,26100.0,82800
2026-04-20 09:35:00,26100.0,26100.0,26025.0,26025.0,115600
2026-04-20 09:40:00,26050.0,26100.0,26025.0,26075.0,47700
2026-04-20 09:45:00,26075.0,26125.0,26050.0,26100.0,43200
2026-04-20 09:50:00,26125.0,26125.0,26075.0,26075.0,18800
2026-04-20 09:55:00,26075.0,26075.0,26025.0,26050.0,65600
2026-04-20 10:00:00,26050.0,26075.0,26025.0,26050.0,51400
2026-04-20 10:05:00,26075.0,26075.0,26025.0,26050.0,46500
2026-04-20 10:10:00,26025.0,26050.0,26025.0,26050.0,60600
2026-04-20 10:15:00,26050.0,26075.0,26025.0,26025.0,124300
2026-04-20 10:20:00,26000.0,26050.0,26000.0,26025.0,58000
2026-04-20 10:25:00,26025.0,26050.0,25875.0,25875.0,348800
2026-04-20 10:30:00,25900.0,26000.0,25850.0,26000.0,112600
2026-04-20 10:35:00,26000.0,26075.0,25950.0,26050.0,56400
2026-04-20 10:40:00,26050.0,26050.0,26000.0,26025.0,20400
2026-04-20 10:45:00,26050.0,26075.0,26025.0,26075.0,22800
2026-04-20 10:50:00,26075.0,26150.0,25975.0,26075.0,270200
2026-04-20 10:55:00,26075.0,26075.0,26050.0,26050.0,7100
2026-04-20 11:00:00,26075.0,26075.0,25975.0,26000.0,95100
2026-04-20 11:05:00,25975.0,26100.0,25975.0,26100.0,177000
2026-04-20 11:10:00,26100.0,26100.0,26075.0,26075.0,7700
2026-04-20 11:15:00,26075.0,26100.0,26075.0,26100.0,5500
2026-04-20 11:20:00,26100.0,26125.0,26075.0,26125.0,14400
2026-04-20 11:25:00,26125.0,26125.0,26075.0,26075.0,16100
2026-04-20 16:10:00,26075.0,26075.0,26075.0,26075.0,1036000
2026-04-21 09:00:00,26075.0,26100.0,25850.0,25875.0,0
2026-04-21 09:05:00,25875.0,25875.0,25775.0,25825.0,140900
2026-04-21 09:10:00,25825.0,25825.0,25775.0,25800.0,43800
2026-04-21 09:15:00,25800.0,25850.0,25775.0,25850.0,22500
2026-04-21 09:20:00,25825.0,25850.0,25800.0,25800.0,17500
2026-04-21 09:25:00,25825.0,25975.0,25825.0,25950.0,103400
2026-04-21 09:30:00,25950.0,25975.0,25950.0,25975.0,15400
2026-04-21 09:35:00,26000.0,26050.0,25975.0,26050.0,30700
2026-04-21 09:40:00,26050.0,26100.0,26000.0,26100.0,26900
2026-04-21 09:45:00,26100.0,26250.0,26100.0,26150.0,59300
2026-04-21 09:50:00,26125.0,26150.0,26125.0,26150.0,18100
2026-04-21 09:55:00,26125.0,26150.0,26075.0,26125.0,64600
2026-04-21 10:00:00,26100.0,26150.0,26100.0,26100.0,45600
2026-04-21 10:05:00,26100.0,26175.0,26075.0,26175.0,51700
2026-04-21 10:10:00,26175.0,26200.0,26175.0,26175.0,4800
2026-04-21 10:15:00,26175.0,26200.0,26150.0,26175.0,13600
2026-04-21 10:20:00,26150.0,26175.0,26150.0,26175.0,25500
2026-04-21 10:25:00,26150.0,26200.0,26150.0,26200.0,30300
2026-04-21 10:30:00,26175.0,26200.0,26175.0,26200.0,5900
2026-04-21 10:35:00,26175.0,26200.0,26175.0,26175.0,8400
2026-04-21 10:40:00,26200.0,26225.0,26175.0,26225.0,19000
2026-04-21 10:45:00,26225.0,26275.0,26225.0,26275.0,48300
2026-04-21 10:50:00,26275.0,26325.0,26275.0,26275.0,56900
2026-04-21 10:55:00,26275.0,26275.0,26275.0,26275.0,7100
2026-04-21 11:00:00,26250.0,26300.0,26250.0,26250.0,23300
2026-04-21 11:05:00,26250.0,26250.0,26225.0,26250.0,12000
2026-04-21 11:10:00,26250.0,26250.0,26225.0,26250.0,2700
2026-04-21 11:15:00,26250.0,26250.0,26225.0,26225.0,7200
2026-04-21 11:20:00,26250.0,26250.0,26250.0,26250.0,15600
2026-04-21 11:25:00,26250.0,26275.0,26225.0,26250.0,22700
2026-04-21 11:30:00,26225.0,26250.0,26225.0,26225.0,2400
2026-04-21 11:35:00,26225.0,26225.0,26175.0,26200.0,7000
2026-04-21 11:40:00,26200.0,26200.0,26175.0,26175.0,5600
2026-04-21 11:45:00,26200.0,26200.0,26175.0,26200.0,5200
2026-04-21 11:50:00,26200.0,26200.0,26175.0,26200.0,6800
2026-04-21 11:55:00,26200.0,26200.0,26175.0,26200.0,4700
2026-04-21 13:30:00,26200.0,26350.0,26200.0,26350.0,129500
2026-04-21 13:35:00,26350.0,26375.0,26350.0,26375.0,107200
2026-04-21 13:40:00,26400.0,26475.0,26400.0,26450.0,47200
2026-04-21 13:45:00,26450.0,26450.0,26400.0,26400.0,15300
2026-04-21 13:50:00,26400.0,26450.0,26400.0,26425.0,14600
2026-04-21 13:55:00,26425.0,26450.0,26400.0,26400.0,14500
2026-04-21 14:00:00,26425.0,26450.0,26400.0,26450.0,21300
2026-04-21 14:05:00,26400.0,26450.0,26400.0,26450.0,15900
2026-04-21 14:10:00,26450.0,26450.0,26425.0,26450.0,13100
2026-04-21 14:15:00,26425.0,26450.0,26425.0,26450.0,12300
2026-04-21 14:20:00,26450.0,26450.0,26425.0,26450.0,10800
2026-04-21 14:25:00,26425.0,26450.0,26425.0,26425.0,15400
2026-04-21 14:30:00,26425.0,26425.0,26425.0,26425.0,5900
2026-04-21 14:35:00,26425.0,26450.0,26425.0,26450.0,18600
2026-04-21 14:40:00,26450.0,26475.0,26425.0,26475.0,39000
2026-04-21 14:45:00,26475.0,26475.0,26450.0,26450.0,2900
2026-04-21 14:50:00,26475.0,26525.0,26450.0,26525.0,72500
2026-04-21 14:55:00,26500.0,26550.0,26500.0,26550.0,39600
2026-04-21 15:00:00,26550.0,26550.0,26500.0,26525.0,47600
2026-04-21 15:05:00,26500.0,26525.0,26450.0,26450.0,30700
2026-04-21 15:10:00,26475.0,26475.0,26450.0,26475.0,9200
2026-04-21 15:15:00,26450.0,26525.0,26450.0,26500.0,45800
2026-04-21 15:20:00,26525.0,26525.0,26475.0,26500.0,6700
2026-04-21 15:25:00,26500.0,26500.0,26425.0,26425.0,31500
2026-04-21 15:30:00,26450.0,26475.0,26425.0,26425.0,13900
2026-04-21 15:35:00,26450.0,26475.0,26400.0,26400.0,55400
2026-04-21 15:40:00,26400.0,26425.0,26400.0,26400.0,12700
2026-04-21 15:45:00,26400.0,26500.0,26350.0,26375.0,31300
2026-04-21 16:00:00,26250.0,26250.0,26250.0,26250.0,176200
2026-04-21 16:05:00,26250.0,26250.0,26250.0,26250.0,1300
2026-04-21 16:10:00,26250.0,26250.0,26250.0,26250.0,200
2026-04-22 09:00:00,26450.0,26700.0,26425.0,26700.0,0
2026-04-22 09:05:00,26675.0,26750.0,26625.0,26625.0,69400
2026-04-22 09:10:00,26650.0,26700.0,26625.0,26700.0,23200
2026-04-22 09:15:00,26700.0,26700.0,26625.0,26675.0,25000
2026-04-22 09:20:00,26675.0,26725.0,26650.0,26725.0,21300
2026-04-22 09:25:00,26700.0,26775.0,26700.0,26700.0,37400
2026-04-22 09:30:00,26700.0,26750.0,26700.0,26750.0,18500
2026-04-22 09:35:00,26750.0,26775.0,26725.0,26725.0,20500
2026-04-22 09:40:00,26725.0,26750.0,26675.0,26700.0,26800
2026-04-22 09:45:00,26700.0,26900.0,26700.0,26900.0,103200
2026-04-22 09:50:00,26900.0,26900.0,26800.0,26825.0,15100
2026-04-22 09:55:00,26800.0,26825.0,26800.0,26800.0,6500
2026-04-22 10:00:00,26825.0,26900.0,26800.0,26875.0,33600
2026-04-22 10:05:00,26875.0,26875.0,26825.0,26850.0,10300
2026-04-22 10:10:00,26850.0,26875.0,26850.0,26875.0,3400
2026-04-22 10:15:00,26850.0,26875.0,26850.0,26850.0,11700
2026-04-22 10:20:00,26850.0,26875.0,26850.0,26875.0,3300
2026-04-22 10:25:00,26875.0,26875.0,26850.0,26850.0,2100
2026-04-22 10:30:00,26850.0,26875.0,26850.0,26850.0,10500
2026-04-22 10:35:00,26850.0,26875.0,26825.0,26875.0,6300
2026-04-22 10:40:00,26875.0,26875.0,26850.0,26850.0,8100
2026-04-22 10:45:00,26850.0,26850.0,26825.0,26825.0,12500
2026-04-22 10:50:00,26825.0,26850.0,26825.0,26825.0,10300
2026-04-22 10:55:00,26850.0,26850.0,26800.0,26850.0,18200
2026-04-22 11:00:00,26825.0,26850.0,26825.0,26825.0,14700
2026-04-22 11:05:00,26850.0,26850.0,26825.0,26850.0,7200
2026-04-22 11:10:00,26800.0,26850.0,26750.0,26800.0,36600
2026-04-22 11:15:00,26800.0,26950.0,26800.0,26850.0,101300
2026-04-22 11:20:00,26850.0,26900.0,26850.0,26875.0,3300
2026-04-22 11:25:00,26875.0,26925.0,26875.0,26925.0,17800
2026-04-22 11:30:00,26900.0,27125.0,26900.0,27100.0,262900
2026-04-22 11:35:00,27100.0,27125.0,26975.0,27000.0,17700
2026-04-22 11:40:00,27000.0,27100.0,27000.0,27100.0,21400
2026-04-22 11:45:00,27050.0,27150.0,27025.0,27050.0,82500
2026-04-22 11:50:00,27100.0,27100.0,27075.0,27100.0,17700
2026-04-22 11:55:00,27075.0,27100.0,27050.0,27075.0,6300
2026-04-22 13:30:00,27100.0,27100.0,26950.0,27000.0,58200
2026-04-22 13:35:00,27000.0,27000.0,26900.0,26975.0,20800
2026-04-22 13:40:00,26950.0,26975.0,26875.0,26950.0,11500
2026-04-22 13:45:00,26950.0,26950.0,26950.0,26950.0,5400
2026-04-22 13:50:00,26950.0,26975.0,26925.0,26950.0,20700
2026-04-22 13:55:00,26950.0,26975.0,26950.0,26975.0,16700
2026-04-22 14:00:00,26975.0,26975.0,26950.0,26975.0,5400
2026-04-22 14:05:00,26950.0,27000.0,26925.0,26950.0,33100
2026-04-22 14:10:00,27000.0,27000.0,26925.0,26950.0,8100
2026-04-22 14:15:00,26925.0,27000.0,26925.0,26975.0,8100
2026-04-22 14:20:00,26975.0,27000.0,26975.0,27000.0,12700
2026-04-22 14:25:00,26975.0,26975.0,26950.0,26950.0,18700
2026-04-22 14:30:00,26950.0,26975.0,26950.0,26975.0,2900
2026-04-22 14:35:00,26975.0,26975.0,26950.0,26975.0,1000
2026-04-22 14:40:00,26975.0,27000.0,26925.0,26950.0,39100
2026-04-22 14:45:00,26925.0,26975.0,26925.0,26950.0,13500
2026-04-22 14:50:00,26950.0,26975.0,26900.0,26900.0,10600
2026-04-22 14:55:00,26900.0,26925.0,26875.0,26900.0,23900
2026-04-22 15:00:00,26900.0,26925.0,26900.0,26925.0,50200
2026-04-22 15:05:00,26900.0,26925.0,26900.0,26925.0,22000
2026-04-22 15:10:00,26900.0,26925.0,26900.0,26925.0,10400
2026-04-22 15:15:00,26900.0,26925.0,26900.0,26900.0,26700
2026-04-22 15:20:00,26900.0,26900.0,26850.0,26875.0,23100
2026-04-22 15:25:00,26875.0,26875.0,26675.0,26775.0,72700
2026-04-22 15:30:00,26750.0,26775.0,26750.0,26775.0,5500
2026-04-22 15:35:00,26875.0,26875.0,26775.0,26850.0,1700
2026-04-22 15:40:00,26800.0,26850.0,26800.0,26825.0,9300
2026-04-22 15:45:00,26825.0,26850.0,26800.0,26850.0,5500
2026-04-22 16:00:00,26800.0,26800.0,26800.0,26800.0,58300
2026-04-22 16:05:00,26800.0,26800.0,26800.0,26800.0,100
2026-04-22 16:10:00,26800.0,26800.0,26800.0,26800.0,100
2026-04-23 09:00:00,27025.0,27050.0,26800.0,26800.0,0
2026-04-23 09:05:00,26800.0,26800.0,26700.0,26750.0,21700
2026-04-23 09:10:00,26725.0,26750.0,26675.0,26750.0,44900
2026-04-23 09:15:00,26750.0,26750.0,26675.0,26700.0,10100
2026-04-23 09:20:00,26700.0,26700.0,26625.0,26675.0,44500
2026-04-23 09:25:00,26700.0,26825.0,26675.0,26825.0,25900
2026-04-23 09:30:00,26825.0,26925.0,26800.0,26900.0,27500
2026-04-23 09:35:00,26850.0,26925.0,26850.0,26925.0,10300
2026-04-23 09:40:00,26925.0,26950.0,26850.0,26850.0,15500
2026-04-23 09:45:00,26925.0,26925.0,26850.0,26850.0,9100
2026-04-23 09:50:00,26825.0,26875.0,26800.0,26850.0,18600
2026-04-23 09:55:00,26825.0,26850.0,26750.0,26775.0,7000
2026-04-23 10:00:00,26775.0,26775.0,26700.0,26750.0,45400
2026-04-23 10:05:00,26725.0,26775.0,26725.0,26750.0,6700
2026-04-23 10:10:00,26750.0,26775.0,26700.0,26750.0,11600
2026-04-23 10:15:00,26725.0,26725.0,26700.0,26700.0,11800
2026-04-23 10:20:00,26700.0,26725.0,26700.0,26725.0,11000
2026-04-23 10:25:00,26725.0,26750.0,26725.0,26750.0,3200
2026-04-23 10:30:00,26725.0,26725.0,26700.0,26700.0,11200
2026-04-23 10:35:00,26700.0,26700.0,26700.0,26700.0,0
2026-04-23 10:40:00,26700.0,26725.0,26675.0,26700.0,13200
2026-04-23 10:45:00,26700.0,26700.0,26675.0,26700.0,1600
2026-04-23 10:50:00,26675.0,26675.0,26625.0,26625.0,66500
2026-04-23 10:55:00,26600.0,26675.0,26575.0,26650.0,54400
2026-04-23 11:00:00,26675.0,26800.0,26675.0,26775.0,38000
2026-04-23 11:05:00,26800.0,26875.0,26800.0,26825.0,33600
2026-04-23 11:10:00,26875.0,26875.0,26825.0,26825.0,11300
2026-04-23 11:15:00,26825.0,26825.0,26800.0,26800.0,3400
2026-04-23 11:20:00,26825.0,26825.0,26800.0,26825.0,0
2026-04-23 11:25:00,26800.0,26800.0,26800.0,26800.0,2600
2026-04-23 11:30:00,26800.0,26800.0,26775.0,26800.0,19900
2026-04-23 11:35:00,26750.0,26800.0,26750.0,26775.0,2900
2026-04-23 11:40:00,26775.0,26800.0,26750.0,26800.0,9600
2026-04-23 11:45:00,26800.0,26800.0,26775.0,26800.0,7100
2026-04-23 11:50:00,26800.0,26800.0,26800.0,26800.0,2100
2026-04-23 11:55:00,26800.0,26825.0,26725.0,26725.0,9600
2026-04-23 13:30:00,26775.0,26775.0,26725.0,26750.0,47300
2026-04-23 13:35:00,26725.0,26750.0,26725.0,26750.0,5400
2026-04-23 13:40:00,26750.0,26775.0,26725.0,26725.0,21500
2026-04-23 13:45:00,26725.0,26725.0,26700.0,26700.0,9100
2026-04-23 13:50:00,26700.0,26725.0,26700.0,26700.0,0
2026-04-23 13:55:00,26700.0,26750.0,26700.0,26750.0,12000
2026-04-23 14:00:00,26775.0,26825.0,26750.0,26750.0,24300
2026-04-23 14:05:00,26750.0,26775.0,26750.0,26750.0,27600
2026-04-23 14:10:00,26750.0,26800.0,26750.0,26800.0,100
2026-04-23 14:15:00,26800.0,26800.0,26775.0,26800.0,7100
2026-04-23 14:20:00,26825.0,26825.0,26775.0,26775.0,4400
2026-04-23 14:25:00,26775.0,26800.0,26750.0,26750.0,16500
2026-04-23 14:30:00,26750.0,26775.0,26700.0,26775.0,36900
2026-04-23 14:35:00,26775.0,26775.0,26775.0,26775.0,400
2026-04-23 14:40:00,26750.0,26775.0,26750.0,26775.0,8500
2026-04-23 14:45:00,26775.0,26775.0,26725.0,26725.0,18300
2026-04-23 14:50:00,26725.0,26725.0,26725.0,26725.0,5500
2026-04-23 14:55:00,26725.0,26750.0,26700.0,26750.0,25200
2026-04-23 15:00:00,26750.0,26775.0,26725.0,26725.0,42900
2026-04-23 15:05:00,26725.0,26750.0,26700.0,26725.0,20000
2026-04-23 15:10:00,26725.0,26725.0,26700.0,26700.0,15700
2026-04-23 15:15:00,26675.0,26700.0,26675.0,26675.0,1100
2026-04-23 15:20:00,26675.0,26700.0,26675.0,26700.0,24500
2026-04-23 15:25:00,26700.0,26750.0,26675.0,26675.0,57100
2026-04-23 15:30:00,26700.0,26750.0,26700.0,26750.0,48500
2026-04-23 15:35:00,26750.0,26750.0,26725.0,26750.0,71700
2026-04-23 15:40:00,26750.0,26750.0,26700.0,26700.0,45700
2026-04-23 15:45:00,26725.0,26750.0,26700.0,26700.0,55600
2026-04-23 16:00:00,26750.0,26750.0,26750.0,26750.0,66100
2026-04-23 16:05:00,26750.0,26750.0,26750.0,26750.0,0
2026-04-24 09:00:00,26825.0,26850.0,26675.0,26700.0,0
2026-04-24 09:05:00,26675.0,26700.0,26550.0,26625.0,27600
2026-04-24 09:10:00,26600.0,26625.0,26575.0,26625.0,17000
2026-04-24 09:15:00,26600.0,26625.0,26575.0,26575.0,23300
2026-04-24 09:20:00,26600.0,26650.0,26575.0,26600.0,36000
2026-04-24 09:25:00,26600.0,26700.0,26600.0,26650.0,28200
2026-04-24 09:30:00,26650.0,26675.0,26650.0,26650.0,9900
2026-04-24 09:35:00,26650.0,26650.0,26525.0,26525.0,79200
2026-04-24 09:40:00,26525.0,26525.0,26425.0,26425.0,46900
2026-04-24 09:45:00,26425.0,26450.0,26425.0,26450.0,22600
2026-04-24 09:50:00,26450.0,26475.0,26425.0,26450.0,29500
2026-04-24 09:55:00,26400.0,26475.0,26400.0,26450.0,47000
2026-04-24 10:00:00,26450.0,26500.0,26450.0,26475.0,2100
2026-04-24 10:05:00,26475.0,26475.0,26425.0,26450.0,18300
2026-04-24 10:10:00,26450.0,26475.0,26450.0,26475.0,4900
2026-04-24 10:15:00,26475.0,26475.0,26450.0,26450.0,7200
2026-04-24 10:20:00,26425.0,26425.0,26350.0,26350.0,60400
2026-04-24 10:25:00,26350.0,26350.0,26325.0,26325.0,34600
2026-04-24 10:30:00,26350.0,26450.0,26325.0,26375.0,37800
2026-04-24 10:35:00,26350.0,26375.0,26350.0,26350.0,20600
2026-04-24 10:40:00,26350.0,26425.0,26325.0,26425.0,59700
2026-04-24 10:45:00,26400.0,26425.0,26400.0,26400.0,18500
2026-04-24 10:50:00,26400.0,26450.0,26400.0,26425.0,16600
2026-04-24 10:55:00,26400.0,26500.0,26400.0,26500.0,66500
2026-04-24 11:00:00,26450.0,26575.0,26450.0,26575.0,25200
2026-04-24 11:05:00,26550.0,26550.0,26550.0,26550.0,16200
2026-04-24 11:10:00,26575.0,26775.0,26575.0,26725.0,83200
2026-04-24 11:15:00,26700.0,26700.0,26525.0,26525.0,23500
2026-04-24 11:20:00,26525.0,26575.0,26525.0,26550.0,17300
2026-04-24 11:25:00,26550.0,26550.0,26400.0,26500.0,29700
2026-04-24 14:00:00,26475.0,26625.0,26450.0,26550.0,78600
2026-04-24 14:05:00,26550.0,26600.0,26425.0,26475.0,65000
2026-04-24 14:10:00,26475.0,26500.0,26425.0,26475.0,42800
2026-04-24 14:15:00,26450.0,26475.0,26425.0,26425.0,34100
2026-04-24 14:20:00,26450.0,26475.0,26450.0,26475.0,6700
2026-04-24 14:25:00,26475.0,26500.0,26425.0,26450.0,38900
2026-04-24 14:30:00,26425.0,26525.0,26425.0,26450.0,150200
2026-04-24 14:35:00,26450.0,26475.0,26450.0,26475.0,18500
2026-04-24 14:40:00,26475.0,26500.0,26475.0,26500.0,37700
2026-04-24 14:45:00,26500.0,26525.0,26475.0,26525.0,50600
2026-04-24 14:50:00,26500.0,26500.0,26475.0,26500.0,17600
2026-04-24 14:55:00,26500.0,26525.0,26500.0,26500.0,33100
2026-04-24 15:00:00,26500.0,26500.0,26425.0,26425.0,63500
2026-04-24 15:05:00,26425.0,26450.0,26425.0,26425.0,19000
2026-04-24 15:10:00,26425.0,26450.0,26425.0,26425.0,9400
2026-04-24 15:15:00,26450.0,26450.0,26425.0,26425.0,9200
2026-04-24 15:20:00,26425.0,26425.0,26400.0,26425.0,89900
2026-04-24 15:25:00,26425.0,26425.0,26375.0,26400.0,36700
2026-04-24 15:30:00,26400.0,26425.0,26375.0,26400.0,37800
2026-04-24 15:35:00,26400.0,26425.0,26375.0,26400.0,16300
2026-04-24 15:40:00,26425.0,26425.0,26375.0,26425.0,55800
2026-04-24 15:45:00,26400.0,26425.0,26325.0,26350.0,53800
2026-04-24 16:00:00,26400.0,26400.0,26400.0,26400.0,79200
2026-04-24 16:05:00,26400.0,26400.0,26400.0,26400.0,5400
2026-04-24 16:10:00,26400.0,26400.0,26400.0,26400.0,3600
2026-04-27 09:00:00,26450.0,26525.0,26100.0,26350.0,0
2026-04-27 09:05:00,26350.0,26350.0,26150.0,26250.0,86900
2026-04-27 09:10:00,26200.0,26250.0,26175.0,26225.0,20600
2026-04-27 09:15:00,26225.0,26350.0,26225.0,26350.0,47900
2026-04-27 09:20:00,26350.0,26375.0,26300.0,26300.0,32700
2026-04-27 09:25:00,26300.0,26350.0,26300.0,26325.0,10300
2026-04-27 09:30:00,26350.0,26350.0,26300.0,26300.0,20300
2026-04-27 09:35:00,26300.0,26325.0,26250.0,26275.0,74200
2026-04-27 09:40:00,26250.0,26300.0,26225.0,26250.0,28500
2026-04-27 09:45:00,26250.0,26250.0,26200.0,26250.0,25500
2026-04-27 09:50:00,26225.0,26250.0,26200.0,26200.0,45000
2026-04-27 09:55:00,26200.0,26200.0,26125.0,26175.0,49500
2026-04-27 10:00:00,26125.0,26125.0,25975.0,26000.0,108700
2026-04-27 10:05:00,25975.0,26000.0,25900.0,25950.0,30200
2026-04-27 10:10:00,25925.0,25925.0,25850.0,25875.0,138900
2026-04-27 10:15:00,25875.0,25925.0,25875.0,25925.0,40900
2026-04-27 10:20:00,25925.0,25950.0,25900.0,25950.0,23500
2026-04-27 10:25:00,25950.0,25950.0,25925.0,25925.0,17400
2026-04-27 10:30:00,25925.0,25950.0,25900.0,25900.0,31600
2026-04-27 10:35:00,25900.0,25925.0,25850.0,25850.0,41200
2026-04-27 10:40:00,25850.0,25900.0,25825.0,25850.0,29500
2026-04-27 10:45:00,25850.0,25850.0,25800.0,25850.0,51200
2026-04-27 10:50:00,25850.0,25875.0,25825.0,25850.0,32500
2026-04-27 10:55:00,25850.0,25900.0,25850.0,25900.0,11800
2026-04-27 11:00:00,25900.0,25925.0,25875.0,25875.0,26300
2026-04-27 11:05:00,25900.0,25925.0,25875.0,25900.0,28100
2026-04-27 11:10:00,25900.0,25925.0,25900.0,25925.0,6800
2026-04-27 11:15:00,25950.0,25950.0,25875.0,25875.0,33100
2026-04-27 11:20:00,25900.0,25925.0,25900.0,25900.0,6700
2026-04-27 11:25:00,25900.0,25925.0,25900.0,25900.0,7800
2026-04-27 11:30:00,25900.0,25925.0,25900.0,25900.0,6600
2026-04-27 11:35:00,25925.0,25925.0,25875.0,25900.0,34400
2026-04-27 11:40:00,25900.0,26000.0,25875.0,25975.0,97100
2026-04-27 11:45:00,25975.0,25975.0,25950.0,25975.0,24000
2026-04-27 11:50:00,25975.0,25975.0,25925.0,25925.0,15300
2026-04-27 11:55:00,25925.0,25950.0,25925.0,25950.0,53300
2026-04-27 13:30:00,25950.0,25975.0,25925.0,25975.0,39900
2026-04-27 13:35:00,25975.0,25975.0,25925.0,25925.0,46000
2026-04-27 13:40:00,25925.0,25925.0,25900.0,25900.0,6600
2026-04-27 13:45:00,25925.0,25925.0,25875.0,25900.0,64600
2026-04-27 13:50:00,25875.0,25925.0,25875.0,25900.0,14800
2026-04-27 13:55:00,25925.0,25925.0,25875.0,25900.0,24700
2026-04-27 14:00:00,25900.0,25900.0,25875.0,25900.0,13700
2026-04-27 14:05:00,25900.0,25900.0,25825.0,25850.0,134000
2026-04-27 14:10:00,25850.0,25875.0,25800.0,25800.0,37800
2026-04-27 14:15:00,25825.0,25850.0,25800.0,25800.0,28900
2026-04-27 14:20:00,25800.0,25825.0,25675.0,25700.0,202700
2026-04-27 14:25:00,25675.0,25700.0,25650.0,25675.0,45000
2026-04-27 14:30:00,25700.0,25700.0,25625.0,25650.0,63600
2026-04-27 14:35:00,25650.0,25675.0,25575.0,25575.0,57100
2026-04-27 14:40:00,25575.0,25600.0,25500.0,25500.0,131600
2026-04-27 14:45:00,25525.0,25525.0,25400.0,25425.0,86000
2026-04-27 14:50:00,25400.0,25425.0,25350.0,25400.0,86400
2026-04-27 14:55:00,25400.0,25425.0,25350.0,25375.0,69600
2026-04-27 15:00:00,25400.0,25475.0,25375.0,25450.0,38500
2026-04-27 15:05:00,25425.0,25575.0,25425.0,25575.0,25600
2026-04-27 15:10:00,25575.0,25600.0,25525.0,25525.0,47000
2026-04-27 15:15:00,25525.0,25525.0,25450.0,25475.0,39600
2026-04-27 15:20:00,25450.0,25525.0,25450.0,25500.0,50000
2026-04-27 15:25:00,25500.0,25550.0,25475.0,25525.0,33200
2026-04-27 15:30:00,25525.0,25550.0,25450.0,25475.0,113300
2026-04-27 15:35:00,25475.0,25525.0,25450.0,25475.0,53200
2026-04-27 15:40:00,25475.0,25500.0,25400.0,25400.0,104800
2026-04-27 15:45:00,25425.0,25425.0,25350.0,25425.0,165200
2026-04-27 16:00:00,25450.0,25450.0,25450.0,25450.0,246800
2026-04-27 16:05:00,25450.0,25450.0,25450.0,25450.0,70800
2026-04-27 16:10:00,25450.0,25450.0,25450.0,25450.0,14000
2026-04-28 09:00:00,24900.0,25300.0,24600.0,25125.0,0
2026-04-28 09:05:00,25150.0,25325.0,25125.0,25275.0,137100
2026-04-28 09:10:00,25250.0,25250.0,25175.0,25200.0,47200
2026-04-28 09:15:00,25200.0,25225.0,25175.0,25175.0,40900
2026-04-28 09:20:00,25175.0,25300.0,25175.0,25275.0,106100
2026-04-28 09:25:00,25300.0,25300.0,25225.0,25225.0,38100
2026-04-28 09:30:00,25250.0,25325.0,25250.0,25275.0,59500
2026-04-28 09:35:00,25250.0,25300.0,25250.0,25250.0,17700
2026-04-28 09:40:00,25250.0,25275.0,25225.0,25225.0,20100
2026-04-28 09:45:00,25225.0,25250.0,25225.0,25250.0,6200
2026-04-28 09:50:00,25250.0,25250.0,25200.0,25250.0,11000
2026-04-28 09:55:00,25225.0,25275.0,25225.0,25250.0,57300
2026-04-28 10:00:00,25250.0,25275.0,25225.0,25250.0,23500
2026-04-28 10:05:00,25225.0,25300.0,25225.0,25300.0,43700
2026-04-28 10:10:00,25275.0,25300.0,25250.0,25250.0,33500
2026-04-28 10:15:00,25250.0,25275.0,25225.0,25250.0,26300
2026-04-28 10:20:00,25250.0,25325.0,25250.0,25275.0,44800
2026-04-28 10:25:00,25275.0,25325.0,25275.0,25325.0,2300
2026-04-28 10:30:00,25325.0,25350.0,25300.0,25350.0,31000
2026-04-28 10:35:00,25350.0,25375.0,25325.0,25325.0,10600
2026-04-28 10:40:00,25300.0,25350.0,25300.0,25325.0,3500
2026-04-28 10:45:00,25325.0,25350.0,25325.0,25325.0,17300
2026-04-28 10:50:00,25325.0,25350.0,25325.0,25350.0,5100
2026-04-28 10:55:00,25350.0,25350.0,25300.0,25325.0,20600
2026-04-28 11:00:00,25325.0,25350.0,25300.0,25350.0,17900
2026-04-28 11:05:00,25375.0,25375.0,25350.0,25350.0,25700
2026-04-28 11:10:00,25375.0,25375.0,25350.0,25350.0,800
2026-04-28 11:15:00,25325.0,25375.0,25325.0,25375.0,1900
2026-04-28 11:20:00,25375.0,25375.0,25350.0,25350.0,3500
2026-04-28 11:25:00,25325.0,25325.0,25300.0,25300.0,12400
2026-04-28 11:30:00,25325.0,25375.0,25300.0,25350.0,45400
2026-04-28 11:35:00,25375.0,25375.0,25350.0,25350.0,8600
2026-04-28 11:40:00,25325.0,25350.0,25325.0,25325.0,1600
2026-04-28 11:45:00,25325.0,25325.0,25325.0,25325.0,6000
2026-04-28 11:50:00,25325.0,25325.0,25300.0,25325.0,3700
2026-04-28 11:55:00,25300.0,25325.0,25300.0,25325.0,28900
2026-04-28 13:30:00,25350.0,25525.0,25325.0,25475.0,232700
2026-04-28 13:35:00,25475.0,25575.0,25475.0,25575.0,31200
2026-04-28 13:40:00,25550.0,25575.0,25525.0,25575.0,35700
2026-04-28 13:45:00,25575.0,25600.0,25525.0,25525.0,45900
2026-04-28 13:50:00,25525.0,25525.0,25500.0,25500.0,19900
2026-04-28 13:55:00,25475.0,25500.0,25450.0,25450.0,28900
2026-04-28 14:00:00,25450.0,25450.0,25400.0,25400.0,11500
2026-04-28 14:05:00,25400.0,25450.0,25400.0,25450.0,11600
2026-04-28 14:10:00,25450.0,25450.0,25425.0,25425.0,4800
2026-04-28 14:15:00,25425.0,25450.0,25425.0,25425.0,6000
2026-04-28 14:20:00,25425.0,25450.0,25425.0,25425.0,3800
2026-04-28 14:25:00,25425.0,25500.0,25425.0,25475.0,29200
2026-04-28 14:30:00,25475.0,25475.0,25450.0,25475.0,9500
2026-04-28 14:35:00,25475.0,25500.0,25450.0,25475.0,17600
2026-04-28 14:40:00,25450.0,25500.0,25450.0,25500.0,11000
2026-04-28 14:45:00,25475.0,25500.0,25450.0,25500.0,14500
2026-04-28 14:50:00,25500.0,25500.0,25475.0,25475.0,10700
2026-04-28 14:55:00,25500.0,25500.0,25475.0,25475.0,4500
2026-04-28 15:00:00,25475.0,25500.0,25450.0,25500.0,20100
2026-04-28 15:05:00,25500.0,25500.0,25450.0,25450.0,17400
2026-04-28 15:10:00,25425.0,25450.0,25425.0,25450.0,9300
2026-04-28 15:15:00,25425.0,25450.0,25425.0,25425.0,9400
2026-04-28 15:20:00,25425.0,25450.0,25425.0,25450.0,24900
2026-04-28 15:25:00,25425.0,25450.0,25425.0,25425.0,13700
2026-04-28 15:30:00,25425.0,25450.0,25425.0,25425.0,15800
2026-04-28 15:35:00,25425.0,25450.0,25425.0,25450.0,24900
2026-04-28 15:40:00,25425.0,25450.0,25425.0,25425.0,8300
2026-04-28 15:45:00,25425.0,25450.0,25425.0,25450.0,24700
2026-04-28 16:00:00,25475.0,25475.0,25475.0,25475.0,122900
2026-04-28 16:05:00,25475.0,25475.0,25475.0,25475.0,1100
2026-04-28 16:10:00,25475.0,25475.0,25475.0,25475.0,2600
2026-04-29 09:00:00,25475.0,25975.0,25475.0,25925.0,0
2026-04-29 09:05:00,25925.0,26100.0,25925.0,26100.0,141600
2026-04-29 09:10:00,26075.0,26150.0,26075.0,26100.0,45800
2026-04-29 09:15:00,26125.0,26200.0,26075.0,26175.0,118800
2026-04-29 09:20:00,26175.0,26175.0,26075.0,26100.0,29300
2026-04-29 09:25:00,26100.0,26175.0,26075.0,26150.0,48200
2026-04-29 09:30:00,26150.0,26150.0,26125.0,26125.0,28300
2026-04-29 09:35:00,26125.0,26150.0,26100.0,26125.0,21400
2026-04-29 09:40:00,26150.0,26150.0,26050.0,26075.0,28800
2026-04-29 09:45:00,26050.0,26175.0,26050.0,26150.0,46700
2026-04-29 09:50:00,26150.0,26175.0,26125.0,26125.0,52400
2026-04-29 09:55:00,26125.0,26175.0,26125.0,26175.0,23100
2026-04-29 10:00:00,26150.0,26175.0,26125.0,26175.0,19100
2026-04-29 10:05:00,26150.0,26175.0,26150.0,26150.0,17900
2026-04-29 10:10:00,26150.0,26175.0,26150.0,26150.0,19600
2026-04-29 10:15:00,26150.0,26175.0,26125.0,26175.0,11000
2026-04-29 10:20:00,26150.0,26175.0,26125.0,26150.0,13700
2026-04-29 10:25:00,26150.0,26175.0,26075.0,26075.0,48400
2026-04-29 10:30:00,26075.0,26075.0,26025.0,26050.0,33800
2026-04-29 10:35:00,26025.0,26075.0,26000.0,26000.0,93300
2026-04-29 10:40:00,26025.0,26075.0,26025.0,26075.0,7800
2026-04-29 10:45:00,26075.0,26075.0,26050.0,26075.0,9900
2026-04-29 10:50:00,26075.0,26075.0,26050.0,26075.0,21000
2026-04-29 10:55:00,26075.0,26075.0,26050.0,26075.0,6700
2026-04-29 11:00:00,26075.0,26075.0,26025.0,26025.0,23700
2026-04-29 11:05:00,26025.0,26075.0,26025.0,26075.0,7800
2026-04-29 11:10:00,26075.0,26075.0,26025.0,26075.0,17300
2026-04-29 11:15:00,26050.0,26075.0,26050.0,26075.0,4400
2026-04-29 11:20:00,26075.0,26075.0,26075.0,26075.0,4900
2026-04-29 11:25:00,26075.0,26075.0,26050.0,26050.0,7300
2026-04-29 11:30:00,26075.0,26075.0,26050.0,26050.0,14300
2026-04-29 11:35:00,26075.0,26075.0,26050.0,26075.0,4300
2026-04-29 11:40:00,26075.0,26075.0,26050.0,26075.0,11200
2026-04-29 11:45:00,26075.0,26075.0,26050.0,26050.0,18600
2026-04-29 11:50:00,26075.0,26075.0,26025.0,26025.0,11400
2026-04-29 11:55:00,26025.0,26025.0,26000.0,26000.0,12800
2026-04-29 13:30:00,26025.0,26100.0,26000.0,26075.0,44700
2026-04-29 13:35:00,26075.0,26100.0,26075.0,26075.0,65500
2026-04-29 13:40:00,26100.0,26175.0,26100.0,26125.0,58100
2026-04-29 13:45:00,26125.0,26150.0,26100.0,26100.0,14700
2026-04-29 13:50:00,26075.0,26150.0,26075.0,26150.0,21900
2026-04-29 13:55:00,26150.0,26150.0,26125.0,26125.0,20400
2026-04-29 14:00:00,26100.0,26150.0,26100.0,26150.0,15000
2026-04-29 14:05:00,26150.0,26150.0,26125.0,26150.0,32600
2026-04-29 14:10:00,26150.0,26150.0,26125.0,26150.0,10700
2026-04-29 14:15:00,26150.0,26150.0,26125.0,26150.0,11900
2026-04-29 14:20:00,26150.0,26150.0,26125.0,26150.0,12100
2026-04-29 14:25:00,26150.0,26150.0,26125.0,26150.0,17100
2026-04-29 14:30:00,26150.0,26150.0,26100.0,26125.0,51000
2026-04-29 14:35:00,26125.0,26150.0,26100.0,26150.0,14700
2026-04-29 14:40:00,26150.0,26150.0,26125.0,26150.0,12800
2026-04-29 14:45:00,26150.0,26150.0,26125.0,26150.0,11200
2026-04-29 14:50:00,26150.0,26150.0,26125.0,26150.0,19500
2026-04-29 14:55:00,26150.0,26200.0,26150.0,26200.0,55400
2026-04-29 15:00:00,26200.0,26200.0,26175.0,26200.0,47100
2026-04-29 15:05:00,26175.0,26225.0,26175.0,26225.0,65600
2026-04-29 15:10:00,26225.0,26225.0,26200.0,26225.0,15600
2026-04-29 15:15:00,26225.0,26225.0,26200.0,26200.0,38800
2026-04-29 15:20:00,26200.0,26225.0,26125.0,26125.0,28600
2026-04-29 15:25:00,26150.0,26200.0,26125.0,26200.0,20900
2026-04-29 15:30:00,26200.0,26200.0,26150.0,26175.0,26000
2026-04-29 15:35:00,26200.0,26200.0,26150.0,26175.0,37000
2026-04-29 15:40:00,26175.0,26200.0,26150.0,26200.0,39000
2026-04-29 15:45:00,26200.0,26200.0,26175.0,26200.0,24500
2026-04-29 16:00:00,26200.0,26200.0,26200.0,26200.0,128300
2026-04-29 16:05:00,26200.0,26200.0,26200.0,26200.0,4500
2026-04-29 16:10:00,26200.0,26200.0,26200.0,26200.0,8300
2026-04-30 09:00:00,26175.0,26450.0,26025.0,26200.0,0
2026-04-30 09:05:00,26200.0,26200.0,26000.0,26025.0,45600
2026-04-30 09:10:00,26025.0,26025.0,25825.0,25825.0,95800
2026-04-30 09:15:00,25825.0,25875.0,25800.0,25825.0,83100
2026-04-30 09:20:00,25825.0,25825.0,25700.0,25700.0,79200
2026-04-30 09:25:00,25725.0,25925.0,25650.0,25925.0,90100
2026-04-30 09:30:00,25925.0,25925.0,25750.0,25825.0,94300
2026-04-30 09:35:00,25825.0,25825.0,25800.0,25800.0,15300
2026-04-30 09:40:00,25800.0,25900.0,25800.0,25900.0,29600
2026-04-30 09:45:00,25900.0,25900.0,25875.0,25900.0,20400
2026-04-30 09:50:00,25900.0,25925.0,25875.0,25925.0,16900
2026-04-30 09:55:00,25925.0,26025.0,25925.0,25975.0,86800
2026-04-30 10:00:00,25950.0,26000.0,25950.0,26000.0,26300
2026-04-30 10:05:00,26000.0,26000.0,25950.0,25975.0,23700
2026-04-30 10:10:00,25975.0,25975.0,25950.0,25975.0,18000
2026-04-30 10:15:00,25975.0,26000.0,25950.0,26000.0,15700
2026-04-30 10:20:00,26000.0,26100.0,25975.0,26100.0,36100
2026-04-30 10:25:00,26100.0,26175.0,26075.0,26100.0,104800
2026-04-30 10:30:00,26075.0,26075.0,26025.0,26075.0,45900
2026-04-30 10:35:00,26075.0,26075.0,26025.0,26050.0,16500
2026-04-30 10:40:00,26025.0,26100.0,26025.0,26075.0,17300
2026-04-30 10:45:00,26075.0,26075.0,26050.0,26075.0,23300
2026-04-30 10:50:00,26075.0,26100.0,26025.0,26100.0,24800
2026-04-30 10:55:00,26100.0,26200.0,26050.0,26200.0,71100
2026-04-30 11:00:00,26175.0,26200.0,26125.0,26150.0,27900
2026-04-30 11:05:00,26150.0,26200.0,26150.0,26200.0,13800
2026-04-30 11:10:00,26200.0,26200.0,26175.0,26175.0,27900
2026-04-30 11:15:00,26175.0,26175.0,26125.0,26150.0,20500
2026-04-30 11:20:00,26150.0,26175.0,26125.0,26175.0,30300
2026-04-30 11:25:00,26150.0,26200.0,26150.0,26200.0,32100
2026-04-30 11:30:00,26175.0,26200.0,26175.0,26200.0,19700
2026-04-30 11:35:00,26200.0,26200.0,26175.0,26200.0,13600
2026-04-30 11:40:00,26175.0,26200.0,26175.0,26200.0,5200
2026-04-30 11:45:00,26175.0,26200.0,26175.0,26200.0,19500
2026-04-30 11:50:00,26150.0,26200.0,26150.0,26175.0,14300
2026-04-30 11:55:00,26150.0,26175.0,26125.0,26125.0,22500
2026-04-30 13:30:00,26125.0,26200.0,26075.0,26175.0,44200
2026-04-30 13:35:00,26175.0,26200.0,26100.0,26150.0,91800
2026-04-30 13:40:00,26150.0,26175.0,26075.0,26100.0,34200
2026-04-30 13:45:00,26100.0,26150.0,26050.0,26150.0,35700
2026-04-30 13:50:00,26100.0,26150.0,26100.0,26150.0,21100
2026-04-30 13:55:00,26150.0,26225.0,26150.0,26225.0,44000
2026-04-30 14:00:00,26225.0,26325.0,26225.0,26325.0,146000
2026-04-30 14:05:00,26300.0,26350.0,26300.0,26350.0,38600
2026-04-30 14:10:00,26325.0,26375.0,26325.0,26375.0,43500
2026-04-30 14:15:00,26375.0,26375.0,26350.0,26350.0,56400
2026-04-30 14:20:00,26375.0,26375.0,26350.0,26375.0,14900
2026-04-30 14:25:00,26375.0,26500.0,26375.0,26500.0,186300
2026-04-30 14:30:00,26500.0,26525.0,26475.0,26500.0,153600
2026-04-30 14:35:00,26500.0,26500.0,26450.0,26450.0,38300
2026-04-30 14:40:00,26475.0,26525.0,26475.0,26500.0,28200
2026-04-30 14:45:00,26500.0,26525.0,26450.0,26450.0,48900
2026-04-30 14:50:00,26475.0,26475.0,26450.0,26475.0,24200
2026-04-30 14:55:00,26475.0,26500.0,26450.0,26500.0,39800
2026-04-30 15:00:00,26500.0,26500.0,26475.0,26500.0,36400
2026-04-30 15:05:00,26500.0,26525.0,26500.0,26525.0,65400
2026-04-30 15:10:00,26525.0,26525.0,26500.0,26525.0,29100
2026-04-30 15:15:00,26525.0,26550.0,26500.0,26525.0,63900
2026-04-30 15:20:00,26525.0,26550.0,26525.0,26525.0,58800
2026-04-30 15:25:00,26550.0,26550.0,26525.0,26550.0,34800
2026-04-30 15:30:00,26550.0,26575.0,26550.0,26550.0,78600
2026-04-30 15:35:00,26575.0,26600.0,26550.0,26600.0,133900
2026-04-30 15:40:00,26600.0,26600.0,26575.0,26600.0,70700
2026-04-30 15:45:00,26600.0,26675.0,26575.0,26650.0,86800
2026-04-30 16:00:00,26650.0,26650.0,26650.0,26650.0,421400
2026-04-30 16:05:00,26650.0,26650.0,26650.0,26650.0,5600
2026-04-30 16:10:00,26650.0,26650.0,26650.0,26650.0,2800
2026-05-04 09:00:00,26650.0,26675.0,26325.0,26400.0,0
2026-05-04 09:05:00,26400.0,26450.0,26375.0,26375.0,68400
2026-05-04 09:10:00,26375.0,26400.0,26375.0,26375.0,10700
2026-05-04 09:15:00,26375.0,26400.0,26375.0,26400.0,39200
2026-05-04 09:20:00,26425.0,26600.0,26425.0,26600.0,59900
2026-05-04 09:25:00,26600.0,26600.0,26575.0,26600.0,34200
2026-05-04 09:30:00,26600.0,26650.0,26500.0,26650.0,111300
2026-05-04 09:35:00,26600.0,26625.0,26600.0,26625.0,9500
2026-05-04 09:40:00,26625.0,26650.0,26600.0,26650.0,38300
2026-05-04 09:45:00,26650.0,26675.0,26625.0,26650.0,15300
2026-05-04 09:50:00,26675.0,26700.0,26675.0,26700.0,30200
2026-05-04 09:55:00,26675.0,26750.0,26675.0,26750.0,73400
2026-05-04 10:00:00,26750.0,26750.0,26675.0,26675.0,29900
2026-05-04 10:05:00,26700.0,26700.0,26675.0,26700.0,17700
2026-05-04 10:10:00,26675.0,26700.0,26675.0,26700.0,7400
2026-05-04 10:15:00,26675.0,26675.0,26650.0,26650.0,15200
2026-05-04 10:20:00,26650.0,26675.0,26650.0,26675.0,11200
2026-05-04 10:25:00,26650.0,26650.0,26600.0,26600.0,47200
2026-05-04 10:30:00,26575.0,26575.0,26450.0,26450.0,33000
2026-05-04 10:35:00,26450.0,26475.0,26450.0,26450.0,15300
2026-05-04 10:40:00,26450.0,26675.0,26450.0,26675.0,52800
2026-05-04 10:45:00,26675.0,26675.0,26650.0,26650.0,6300
2026-05-04 10:50:00,26650.0,26700.0,26650.0,26700.0,15900
2026-05-04 10:55:00,26700.0,26700.0,26675.0,26675.0,5500
2026-05-04 11:00:00,26700.0,26700.0,26650.0,26675.0,30200
2026-05-04 11:05:00,26650.0,26675.0,26650.0,26675.0,7500
2026-05-04 11:10:00,26675.0,26675.0,26650.0,26675.0,9200
2026-05-04 11:15:00,26675.0,26675.0,26675.0,26675.0,9300
2026-05-04 11:20:00,26675.0,26675.0,26650.0,26650.0,7100
2026-05-04 11:25:00,26675.0,26675.0,26625.0,26650.0,40400
2026-05-04 11:30:00,26650.0,26675.0,26625.0,26675.0,31000
2026-05-04 11:35:00,26650.0,26675.0,26625.0,26625.0,14800
2026-05-04 11:40:00,26625.0,26650.0,26625.0,26650.0,7800
2026-05-04 11:45:00,26650.0,26650.0,26625.0,26625.0,11500
2026-05-04 11:50:00,26650.0,26675.0,26625.0,26650.0,11800
2026-05-04 11:55:00,26675.0,26675.0,26650.0,26675.0,14800
2026-05-04 13:30:00,26650.0,26675.0,26650.0,26675.0,23600
2026-05-04 13:35:00,26650.0,26700.0,26650.0,26675.0,32400
2026-05-04 13:40:00,26675.0,26700.0,26650.0,26700.0,18500
2026-05-04 13:45:00,26675.0,26700.0,26675.0,26700.0,64200
2026-05-04 13:50:00,26700.0,26700.0,26675.0,26700.0,26800
2026-05-04 13:55:00,26675.0,26675.0,26650.0,26675.0,20000
2026-05-04 14:00:00,26675.0,26675.0,26575.0,26600.0,49600
2026-05-04 14:05:00,26600.0,26625.0,26575.0,26625.0,20100
2026-05-04 14:10:00,26625.0,26650.0,26575.0,26600.0,25900
2026-05-04 14:15:00,26575.0,26625.0,26575.0,26625.0,5000
2026-05-04 14:20:00,26625.0,26650.0,26600.0,26625.0,20000
2026-05-04 14:25:00,26650.0,26650.0,26625.0,26650.0,19800
2026-05-04 14:30:00,26625.0,26650.0,26625.0,26625.0,13800
2026-05-04 14:35:00,26650.0,26700.0,26625.0,26675.0,48300
2026-05-04 14:40:00,26675.0,26675.0,26650.0,26675.0,17200
2026-05-04 14:45:00,26675.0,26700.0,26675.0,26700.0,21100
2026-05-04 14:50:00,26675.0,26700.0,26650.0,26675.0,18200
2026-05-04 14:55:00,26675.0,26700.0,26675.0,26700.0,20500
2026-05-04 15:00:00,26700.0,26700.0,26675.0,26700.0,21100
2026-05-04 15:05:00,26700.0,26700.0,26675.0,26700.0,25400
2026-05-04 15:10:00,26700.0,26725.0,26675.0,26725.0,31900
2026-05-04 15:15:00,26725.0,26750.0,26700.0,26725.0,46500
2026-05-04 15:20:00,26725.0,26725.0,26700.0,26725.0,22600
2026-05-04 15:25:00,26725.0,26750.0,26725.0,26750.0,44300
2026-05-04 15:30:00,26750.0,26750.0,26725.0,26750.0,31700
2026-05-04 15:35:00,26750.0,26800.0,26725.0,26800.0,39300
2026-05-04 15:40:00,26800.0,26800.0,26725.0,26775.0,50200
2026-05-04 15:45:00,26775.0,26800.0,26750.0,26775.0,61100
2026-05-04 16:00:00,26800.0,26800.0,26800.0,26800.0,91800
2026-05-04 16:05:00,26800.0,26800.0,26800.0,26800.0,6200
2026-05-04 16:10:00,26800.0,26800.0,26800.0,26800.0,200
2026-05-05 09:00:00,27000.0,27050.0,26900.0,26950.0,74300
2026-05-05 09:05:00,26975.0,26975.0,26800.0,26850.0,80700
2026-05-05 09:10:00,26900.0,27000.0,26850.0,26975.0,329800
2026-05-05 09:15:00,27000.0,27000.0,26975.0,26975.0,34700
2026-05-05 09:20:00,26975.0,27000.0,26975.0,27000.0,27200
2026-05-05 09:25:00,27000.0,27000.0,26975.0,26975.0,34100
2026-05-05 09:30:00,27000.0,27000.0,26975.0,27000.0,31200
2026-05-05 09:35:00,26975.0,27000.0,26975.0,27000.0,28200
2026-05-05 09:40:00,26975.0,26975.0,26925.0,26925.0,69900
2026-05-05 09:45:00,26950.0,26950.0,26925.0,26925.0,8200
2026-05-05 09:50:00,26950.0,26950.0,26925.0,26950.0,23400
2026-05-05 09:55:00,26950.0,26950.0,26925.0,26950.0,19200
2026-05-05 10:00:00,26950.0,27000.0,26925.0,27000.0,40700
2026-05-05 10:05:00,26975.0,27000.0,26975.0,26975.0,17700
2026-05-05 10:10:00,27000.0,27000.0,26975.0,26975.0,26300
2026-05-05 10:15:00,26975.0,27000.0,26975.0,26975.0,18100
2026-05-05 10:20:00,26975.0,27000.0,26975.0,27000.0,13100
2026-05-05 10:25:00,27000.0,27000.0,26950.0,26950.0,42400
2026-05-05 10:30:00,26975.0,26975.0,26925.0,26925.0,25600
2026-05-05 10:35:00,26925.0,26925.0,26875.0,26900.0,26000
2026-05-05 10:40:00,26900.0,26950.0,26875.0,26950.0,12800
2026-05-05 10:45:00,26950.0,26950.0,26900.0,26900.0,49500
2026-05-05 10:50:00,26825.0,26875.0,26825.0,26850.0,890900
2026-05-05 10:55:00,26875.0,26875.0,26850.0,26875.0,13400
2026-05-05 11:00:00,26875.0,26925.0,26875.0,26925.0,13000
2026-05-05 11:05:00,26925.0,26925.0,26900.0,26925.0,11500
2026-05-05 11:10:00,26925.0,26925.0,26900.0,26900.0,21400
2026-05-05 11:15:00,26925.0,26925.0,26875.0,26875.0,14000
2026-05-05 11:20:00,26900.0,26900.0,26875.0,26900.0,10000
2026-05-05 11:25:00,26900.0,26900.0,26875.0,26900.0,14400
2026-05-05 11:30:00,26900.0,26925.0,26875.0,26900.0,20700
2026-05-05 11:35:00,26900.0,26925.0,26875.0,26925.0,11100
2026-05-05 11:40:00,26925.0,26925.0,26900.0,26900.0,43100
2026-05-05 11:45:00,26875.0,26900.0,26875.0,26900.0,3300
2026-05-05 11:50:00,26900.0,26925.0,26875.0,26875.0,69000
2026-05-05 11:55:00,26875.0,26875.0,26850.0,26850.0,1800
