Datetime,Close,High,Low,Open,Volume
2026-01-27 02:00:00,690.0,695.0,685.0,690.0,0
2026-01-27 02:05:00,695.0,695.0,685.0,690.0,732900
2026-01-27 02:10:00,690.0,695.0,685.0,690.0,859900
2026-01-27 02:15:00,690.0,695.0,685.0,690.0,2374000
2026-01-27 02:20:00,690.0,695.0,685.0,690.0,2321000
2026-01-27 02:25:00,690.0,690.0,685.0,690.0,244900
2026-01-27 02:30:00,680.0,690.0,680.0,690.0,298900
2026-01-27 02:35:00,680.0,685.0,680.0,680.0,731000
2026-01-27 02:40:00,680.0,685.0,680.0,685.0,135900
2026-01-27 02:45:00,690.0,690.0,680.0,685.0,812400
2026-01-27 02:50:00,685.0,690.0,685.0,690.0,112600
2026-01-27 02:55:00,690.0,690.0,685.0,690.0,190900
2026-01-27 03:00:00,695.0,695.0,690.0,690.0,306100
2026-01-27 03:05:00,685.0,695.0,685.0,695.0,1416300
2026-01-27 03:10:00,690.0,690.0,685.0,685.0,192600
2026-01-27 03:15:00,690.0,690.0,685.0,690.0,246300
2026-01-27 03:20:00,690.0,690.0,685.0,690.0,164700
2026-01-27 03:25:00,690.0,690.0,685.0,690.0,212100
2026-01-27 03:30:00,690.0,690.0,685.0,690.0,304500
2026-01-27 03:35:00,690.0,690.0,685.0,690.0,265700
2026-01-27 03:40:00,690.0,690.0,685.0,690.0,254300
2026-01-27 03:45:00,680.0,690.0,680.0,685.0,725400
2026-01-27 03:50:00,685.0,685.0,680.0,680.0,231300
2026-01-27 03:55:00,685.0,685.0,680.0,685.0,304900
2026-01-27 04:00:00,685.0,685.0,680.0,685.0,261500
2026-01-27 04:05:00,685.0,690.0,680.0,685.0,1407600
2026-01-27 04:10:00,685.0,685.0,680.0,685.0,254700
2026-01-27 04:15:00,685.0,685.0,680.0,685.0,308200
2026-01-27 04:20:00,685.0,685.0,680.0,685.0,335500
2026-01-27 04:25:00,685.0,685.0,680.0,685.0,209100
2026-01-27 04:30:00,685.0,685.0,680.0,685.0,256400
2026-01-27 04:35:00,685.0,685.0,680.0,685.0,235100
2026-01-27 04:40:00,685.0,685.0,680.0,685.0,271300
2026-01-27 04:45:00,690.0,690.0,685.0,685.0,443000
2026-01-27 04:50:00,685.0,690.0,680.0,690.0,643100
2026-01-27 04:55:00,685.0,685.0,680.0,685.0,184000
2026-01-27 06:30:00,685.0,685.0,680.0,685.0,219500
2026-01-27 06:35:00,685.0,685.0,680.0,685.0,184800
2026-01-27 06:40:00,685.0,685.0,680.0,685.0,238500
2026-01-27 06:45:00,680.0,685.0,680.0,685.0,207500
2026-01-27 06:50:00,690.0,690.0,680.0,685.0,1186600
2026-01-27 06:55:00,685.0,690.0,685.0,685.0,1004200
2026-01-27 07:00:00,680.0,685.0,680.0,685.0,448900
2026-01-27 07:05:00,685.0,685.0,680.0,685.0,227500
2026-01-27 07:10:00,685.0,685.0,680.0,685.0,149000
2026-01-27 07:15:00,685.0,685.0,680.0,685.0,160500
2026-01-27 07:20:00,685.0,685.0,680.0,685.0,174900
2026-01-27 07:25:00,685.0,685.0,680.0,685.0,169400
2026-01-27 07:30:00,685.0,685.0,680.0,685.0,204500
2026-01-27 07:35:00,685.0,685.0,680.0,680.0,164800
2026-01-27 07:40:00,685.0,685.0,680.0,685.0,1148600
2026-01-27 07:45:00,685.0,685.0,680.0,680.0,130100
2026-01-27 07:50:00,685.0,685.0,680.0,685.0,370200
2026-01-27 07:55:00,685.0,685.0,680.0,685.0,114900
2026-01-27 08:00:00,685.0,685.0,675.0,680.0,2721100
2026-01-27 08:05:00,685.0,685.0,680.0,685.0,100100
2026-01-27 08:10:00,685.0,685.0,680.0,685.0,136000
2026-01-27 08:15:00,685.0,685.0,680.0,685.0,960900
2026-01-27 08:20:00,685.0,685.0,680.0,685.0,180100
2026-01-27 08:25:00,685.0,685.0,680.0,685.0,177100
2026-01-27 08:30:00,685.0,685.0,680.0,680.0,1115700
2026-01-27 08:35:00,685.0,685.0,680.0,685.0,283200
2026-01-27 08:40:00,680.0,685.0,680.0,680.0,3624400
2026-01-27 08:45:00,680.0,685.0,680.0,680.0,104200
2026-01-27 09:00:00,680.0,680.0,680.0,680.0,196500
2026-01-27 09:05:00,680.0,680.0,680.0,680.0,100
2026-01-28 02:00:00,660.0,670.0,660.0,660.0,0
2026-01-28 02:05:00,670.0,675.0,660.0,660.0,1416900
2026-01-28 02:10:00,675.0,680.0,665.0,670.0,1449700
2026-01-28 02:15:00,675.0,680.0,675.0,675.0,128100
2026-01-28 02:20:00,670.0,680.0,670.0,675.0,777800
2026-01-28 02:25:00,675.0,675.0,670.0,675.0,406200
2026-01-28 02:30:00,670.0,675.0,670.0,670.0,1311600
2026-01-28 02:35:00,665.0,670.0,665.0,670.0,1089800
2026-01-28 02:40:00,670.0,670.0,665.0,665.0,964800
2026-01-28 02:45:00,675.0,675.0,670.0,670.0,32800
2026-01-28 02:50:00,685.0,685.0,670.0,670.0,2643600
2026-01-28 02:55:00,685.0,685.0,680.0,685.0,308900
2026-01-28 03:00:00,680.0,685.0,680.0,680.0,191100
2026-01-28 03:05:00,680.0,685.0,680.0,680.0,80300
2026-01-28 03:10:00,675.0,685.0,675.0,680.0,1601400
2026-01-28 03:15:00,675.0,680.0,675.0,675.0,520400
2026-01-28 03:20:00,680.0,680.0,670.0,675.0,1237700
2026-01-28 03:25:00,675.0,680.0,675.0,675.0,145300
2026-01-28 03:30:00,670.0,680.0,670.0,675.0,432300
2026-01-28 03:35:00,675.0,675.0,670.0,670.0,498600
2026-01-28 03:40:00,670.0,675.0,670.0,675.0,1417400
2026-01-28 03:45:00,670.0,675.0,670.0,670.0,727900
2026-01-28 03:50:00,670.0,675.0,670.0,670.0,102400
2026-01-28 03:55:00,670.0,675.0,670.0,670.0,1585300
2026-01-28 04:00:00,670.0,675.0,670.0,670.0,923600
2026-01-28 04:05:00,675.0,675.0,670.0,670.0,1068500
2026-01-28 04:10:00,670.0,675.0,670.0,670.0,519100
2026-01-28 04:15:00,675.0,675.0,670.0,670.0,1222800
2026-01-28 04:20:00,670.0,675.0,670.0,670.0,295200
2026-01-28 04:25:00,670.0,675.0,670.0,675.0,1629800
2026-01-28 04:30:00,670.0,670.0,670.0,670.0,146100
2026-01-28 04:35:00,670.0,670.0,670.0,670.0,104800
2026-01-28 04:40:00,665.0,675.0,665.0,670.0,3846600
2026-01-28 04:45:00,665.0,670.0,665.0,670.0,185500
2026-01-28 04:50:00,655.0,670.0,655.0,670.0,2948200
2026-01-28 04:55:00,660.0,665.0,650.0,655.0,1320600
2026-01-28 06:30:00,660.0,670.0,660.0,660.0,1603400
2026-01-28 06:35:00,660.0,665.0,660.0,660.0,419500
2026-01-28 06:40:00,660.0,665.0,660.0,660.0,165100
2026-01-28 07:10:00,655.0,665.0,655.0,660.0,1517700
2026-01-28 07:15:00,660.0,660.0,655.0,655.0,726300
2026-01-28 07:20:00,650.0,660.0,645.0,660.0,2370400
2026-01-28 07:25:00,650.0,655.0,645.0,645.0,418300
2026-01-28 07:30:00,660.0,665.0,650.0,650.0,1323700
2026-01-28 07:35:00,660.0,660.0,655.0,655.0,148800
2026-01-28 07:40:00,660.0,660.0,655.0,660.0,560500
2026-01-28 07:45:00,660.0,660.0,655.0,660.0,231600
2026-01-28 07:50:00,655.0,660.0,655.0,655.0,218200
2026-01-28 07:55:00,660.0,670.0,660.0,660.0,1336900
2026-01-28 08:00:00,660.0,665.0,660.0,665.0,278000
2026-01-28 08:05:00,660.0,665.0,660.0,665.0,1083600
2026-01-28 08:10:00,660.0,665.0,660.0,665.0,1177300
2026-01-28 08:15:00,660.0,665.0,660.0,665.0,317900
2026-01-28 08:20:00,670.0,670.0,660.0,665.0,1042100
2026-01-28 08:25:00,665.0,675.0,665.0,670.0,2189600
2026-01-28 08:30:00,670.0,670.0,665.0,670.0,724100
2026-01-28 08:35:00,670.0,675.0,670.0,670.0,189300
2026-01-28 08:40:00,665.0,675.0,665.0,670.0,3731100
2026-01-28 08:45:00,660.0,670.0,660.0,665.0,315600
2026-01-28 09:00:00,665.0,665.0,665.0,665.0,797100
2026-01-28 09:05:00,665.0,665.0,665.0,665.0,0
2026-01-28 09:10:00,665.0,665.0,665.0,665.0,1200
2026-01-29 02:00:00,640.0,655.0,635.0,655.0,0
2026-01-29 02:05:00,635.0,640.0,635.0,635.0,301400
2026-01-29 02:10:00,625.0,640.0,610.0,635.0,2829400
2026-01-29 02:15:00,620.0,630.0,615.0,615.0,869600
2026-01-29 02:20:00,605.0,625.0,605.0,620.0,1350100
2026-01-29 02:25:00,605.0,620.0,605.0,620.0,83600
2026-01-29 02:55:00,600.0,620.0,600.0,620.0,1545200
2026-01-29 03:00:00,600.0,610.0,590.0,605.0,1805600
2026-01-29 03:05:00,600.0,620.0,595.0,600.0,1505500
2026-01-29 03:10:00,600.0,605.0,595.0,595.0,566900
2026-01-29 03:15:00,615.0,620.0,600.0,600.0,559100
2026-01-29 03:20:00,620.0,630.0,620.0,620.0,725000
2026-01-29 03:25:00,605.0,620.0,605.0,620.0,808600
2026-01-29 03:30:00,605.0,615.0,605.0,610.0,867200
2026-01-29 03:35:00,610.0,615.0,605.0,610.0,377100
2026-01-29 03:40:00,615.0,615.0,610.0,615.0,409700
2026-01-29 03:45:00,615.0,620.0,615.0,620.0,230000
2026-01-29 03:50:00,620.0,620.0,615.0,615.0,210400
2026-01-29 03:55:00,615.0,625.0,615.0,620.0,690500
2026-01-29 04:00:00,615.0,620.0,615.0,615.0,149000
2026-01-29 04:05:00,620.0,620.0,615.0,620.0,751700
2026-01-29 04:10:00,620.0,620.0,615.0,620.0,251800
2026-01-29 04:15:00,610.0,620.0,610.0,615.0,450500
2026-01-29 04:20:00,615.0,625.0,610.0,610.0,867200
2026-01-29 04:25:00,615.0,620.0,615.0,620.0,32800
2026-01-29 04:30:00,610.0,620.0,610.0,615.0,2217200
2026-01-29 04:35:00,610.0,620.0,610.0,615.0,500500
2026-01-29 04:40:00,615.0,620.0,610.0,610.0,307200
2026-01-29 04:45:00,610.0,620.0,610.0,615.0,653300
2026-01-29 04:50:00,620.0,620.0,610.0,615.0,160200
2026-01-29 04:55:00,615.0,620.0,615.0,615.0,121700
2026-01-29 06:30:00,630.0,630.0,615.0,620.0,2019900
2026-01-29 06:35:00,615.0,630.0,615.0,620.0,265200
2026-01-29 06:40:00,625.0,630.0,615.0,615.0,1150300
2026-01-29 06:45:00,630.0,635.0,625.0,630.0,1894000
2026-01-29 06:50:00,620.0,635.0,620.0,630.0,1582000
2026-01-29 06:55:00,630.0,635.0,615.0,625.0,3064700
2026-01-29 07:00:00,640.0,640.0,630.0,635.0,965500
2026-01-29 07:05:00,635.0,640.0,630.0,640.0,646300
2026-01-29 07:10:00,645.0,645.0,635.0,640.0,288100
2026-01-29 07:15:00,635.0,645.0,635.0,645.0,735500
2026-01-29 07:20:00,640.0,645.0,635.0,640.0,860700
2026-01-29 07:25:00,645.0,655.0,640.0,645.0,1882300
2026-01-29 07:30:00,640.0,650.0,640.0,650.0,1160700
2026-01-29 07:35:00,650.0,650.0,640.0,640.0,432600
2026-01-29 07:40:00,655.0,655.0,650.0,650.0,844400
2026-01-29 07:45:00,660.0,660.0,650.0,650.0,66700
2026-01-29 07:50:00,665.0,665.0,655.0,660.0,1296100
2026-01-29 07:55:00,655.0,665.0,655.0,665.0,430200
2026-01-29 08:00:00,650.0,660.0,650.0,660.0,1476100
2026-01-29 08:05:00,660.0,665.0,655.0,655.0,996800
2026-01-29 08:10:00,660.0,660.0,655.0,655.0,152900
2026-01-29 08:15:00,670.0,675.0,655.0,660.0,2718100
2026-01-29 08:20:00,670.0,675.0,665.0,670.0,354400
2026-01-29 08:25:00,675.0,680.0,665.0,670.0,988500
2026-01-29 08:30:00,680.0,680.0,675.0,675.0,643100
2026-01-29 08:35:00,680.0,680.0,675.0,680.0,565100
2026-01-29 08:40:00,680.0,685.0,675.0,680.0,1230200
2026-01-29 08:45:00,680.0,685.0,675.0,680.0,210000
2026-01-29 09:00:00,680.0,680.0,680.0,680.0,1371900
2026-01-29 09:05:00,680.0,680.0,680.0,680.0,2800
2026-01-29 09:10:00,680.0,680.0,680.0,680.0,28000
2026-01-30 02:00:00,700.0,700.0,690.0,695.0,0
2026-01-30 02:05:00,700.0,705.0,695.0,700.0,2470700
2026-01-30 02:10:00,705.0,705.0,695.0,705.0,958800
2026-01-30 02:15:00,690.0,705.0,685.0,700.0,2387300
2026-01-30 02:20:00,695.0,695.0,685.0,690.0,579200
2026-01-30 02:25:00,695.0,695.0,690.0,695.0,608700
2026-01-30 02:30:00,695.0,695.0,680.0,695.0,1992900
2026-01-30 02:35:00,695.0,695.0,690.0,690.0,403300
2026-01-30 02:40:00,695.0,695.0,690.0,695.0,668400
2026-01-30 02:45:00,695.0,695.0,690.0,695.0,731600
2026-01-30 02:50:00,690.0,695.0,685.0,695.0,1302000
2026-01-30 02:55:00,685.0,690.0,685.0,690.0,537300
2026-01-30 03:00:00,695.0,695.0,685.0,690.0,1113100
2026-01-30 03:05:00,695.0,695.0,690.0,695.0,418600
2026-01-30 03:10:00,700.0,700.0,690.0,695.0,1184200
2026-01-30 03:15:00,700.0,700.0,695.0,700.0,880900
2026-01-30 03:20:00,700.0,700.0,695.0,700.0,1001100
2026-01-30 03:25:00,700.0,700.0,695.0,700.0,747500
2026-01-30 03:30:00,700.0,705.0,695.0,700.0,1381900
2026-01-30 03:35:00,705.0,705.0,700.0,705.0,909800
2026-01-30 03:40:00,700.0,705.0,695.0,705.0,1513000
2026-01-30 03:45:00,710.0,710.0,700.0,700.0,2732600
2026-01-30 03:50:00,710.0,715.0,705.0,710.0,1590200
2026-01-30 03:55:00,715.0,720.0,710.0,715.0,1094800
2026-01-30 04:00:00,715.0,720.0,710.0,720.0,1603000
2026-01-30 04:05:00,720.0,720.0,710.0,715.0,862900
2026-01-30 04:10:00,715.0,725.0,715.0,720.0,1846800
2026-01-30 04:15:00,715.0,720.0,715.0,715.0,680000
2026-01-30 04:20:00,720.0,720.0,715.0,720.0,649800
2026-01-30 04:25:00,715.0,720.0,715.0,720.0,1615800
2026-01-30 07:00:00,725.0,725.0,715.0,715.0,6073500
2026-01-30 07:05:00,725.0,725.0,720.0,720.0,990300
2026-01-30 07:10:00,725.0,730.0,720.0,725.0,1379800
2026-01-30 07:15:00,730.0,730.0,725.0,730.0,1111800
2026-01-30 07:20:00,730.0,730.0,725.0,730.0,940200
2026-01-30 07:25:00,730.0,730.0,725.0,730.0,1262300
2026-01-30 07:30:00,730.0,735.0,720.0,725.0,3493400
2026-01-30 07:35:00,740.0,745.0,730.0,730.0,3796300
2026-01-30 07:40:00,725.0,740.0,715.0,735.0,4190900
2026-01-30 07:45:00,730.0,730.0,720.0,725.0,1983800
2026-01-30 07:50:00,725.0,730.0,725.0,730.0,921500
2026-01-30 07:55:00,720.0,730.0,720.0,730.0,1259900
2026-01-30 08:00:00,720.0,725.0,715.0,725.0,2016000
2026-01-30 08:05:00,710.0,720.0,710.0,720.0,1502500
2026-01-30 08:10:00,720.0,720.0,710.0,715.0,1585800
2026-01-30 08:15:00,725.0,725.0,715.0,720.0,1276700
2026-01-30 08:20:00,725.0,725.0,725.0,725.0,1913400
2026-01-30 08:25:00,725.0,725.0,720.0,725.0,1302500
2026-01-30 08:30:00,730.0,730.0,720.0,725.0,2109400
2026-01-30 08:35:00,720.0,725.0,715.0,720.0,1615900
2026-01-30 08:40:00,720.0,720.0,715.0,715.0,1582700
2026-01-30 08:45:00,705.0,720.0,705.0,720.0,2488800
2026-01-30 09:00:00,700.0,700.0,700.0,700.0,3999000
2026-01-30 09:05:00,700.0,700.0,700.0,700.0,20300
2026-01-30 09:10:00,700.0,700.0,700.0,700.0,31400
2026-02-02 09:10:00,700.0,700.0,700.0,700.0,0
2026-02-03 02:00:00,695.0,700.0,690.0,700.0,0
2026-02-03 02:05:00,680.0,700.0,680.0,695.0,488900
2026-02-03 02:10:00,690.0,695.0,680.0,680.0,693200
2026-02-03 02:15:00,695.0,695.0,685.0,695.0,1420400
2026-02-03 02:20:00,695.0,700.0,695.0,695.0,630600
2026-02-03 02:25:00,700.0,700.0,695.0,700.0,800300
2026-02-03 02:30:00,695.0,700.0,695.0,695.0,92700
2026-02-03 02:35:00,695.0,700.0,695.0,695.0,122300
2026-02-03 02:40:00,695.0,700.0,695.0,695.0,39800
2026-02-03 02:45:00,695.0,700.0,695.0,700.0,404000
2026-02-03 02:50:00,695.0,700.0,695.0,700.0,21700
2026-02-03 02:55:00,705.0,705.0,695.0,695.0,1697500
2026-02-03 03:00:00,700.0,705.0,700.0,705.0,70500
2026-02-03 03:05:00,700.0,705.0,700.0,700.0,199900
2026-02-03 03:10:00,700.0,705.0,700.0,700.0,159300
2026-02-03 03:15:00,705.0,705.0,700.0,700.0,136600
2026-02-03 03:20:00,705.0,705.0,700.0,705.0,118900
2026-02-03 03:25:00,705.0,705.0,700.0,705.0,66000
2026-02-03 03:30:00,710.0,710.0,700.0,705.0,1543800
2026-02-03 03:35:00,710.0,710.0,705.0,710.0,286900
2026-02-03 03:40:00,715.0,715.0,705.0,710.0,486800
2026-02-03 03:45:00,715.0,715.0,710.0,715.0,592900
2026-02-03 03:50:00,715.0,715.0,710.0,710.0,219400
2026-02-03 03:55:00,710.0,715.0,710.0,715.0,195600
2026-02-03 04:00:00,710.0,715.0,710.0,715.0,113400
2026-02-03 04:05:00,715.0,715.0,710.0,715.0,82300
2026-02-03 04:10:00,720.0,720.0,710.0,710.0,859600
2026-02-03 04:15:00,720.0,720.0,715.0,720.0,72100
2026-02-03 04:20:00,715.0,720.0,715.0,715.0,120900
2026-02-03 04:25:00,720.0,720.0,715.0,715.0,155700
2026-02-03 04:30:00,720.0,720.0,715.0,720.0,132000
2026-02-03 04:35:00,715.0,720.0,715.0,720.0,428400
2026-02-03 04:40:00,715.0,720.0,715.0,720.0,174900
2026-02-03 04:45:00,710.0,720.0,705.0,720.0,1077000
2026-02-03 04:50:00,705.0,710.0,705.0,710.0,90800
2026-02-03 04:55:00,710.0,710.0,705.0,705.0,133000
2026-02-03 06:30:00,710.0,710.0,705.0,710.0,392700
2026-02-03 06:35:00,715.0,715.0,705.0,705.0,1247600
2026-02-03 06:40:00,715.0,715.0,710.0,710.0,241900
2026-02-03 06:45:00,715.0,715.0,710.0,710.0,132800
2026-02-03 06:50:00,715.0,715.0,710.0,715.0,219400
2026-02-03 06:55:00,710.0,715.0,710.0,715.0,91700
2026-02-03 07:00:00,710.0,715.0,710.0,710.0,204500
2026-02-03 07:05:00,710.0,715.0,710.0,710.0,134800
2026-02-03 07:10:00,720.0,720.0,710.0,710.0,1192600
2026-02-03 07:15:00,710.0,720.0,710.0,715.0,137300
2026-02-03 07:20:00,715.0,715.0,710.0,715.0,82800
2026-02-03 07:25:00,710.0,715.0,710.0,710.0,309300
2026-02-03 07:30:00,705.0,715.0,705.0,715.0,462300
2026-02-03 07:35:00,710.0,710.0,705.0,710.0,153200
2026-02-03 07:40:00,705.0,710.0,705.0,705.0,145800
2026-02-03 07:45:00,715.0,715.0,705.0,710.0,955300
2026-02-03 07:50:00,710.0,715.0,710.0,710.0,106500
2026-02-03 07:55:00,715.0,715.0,710.0,710.0,400100
2026-02-03 08:00:00,720.0,720.0,710.0,715.0,1124800
2026-02-03 08:05:00,715.0,715.0,710.0,715.0,268700
2026-02-03 08:10:00,710.0,715.0,710.0,710.0,279000
2026-02-03 08:15:00,710.0,715.0,710.0,710.0,303100
2026-02-03 08:20:00,710.0,715.0,710.0,715.0,309100
2026-02-03 08:25:00,710.0,715.0,710.0,710.0,366600
2026-02-03 08:30:00,720.0,720.0,710.0,710.0,1179500
2026-02-03 08:35:00,720.0,720.0,715.0,715.0,491900
2026-02-03 08:40:00,730.0,730.0,715.0,715.0,2380600
2026-02-03 08:45:00,730.0,730.0,725.0,730.0,801500
2026-02-03 09:00:00,730.0,730.0,730.0,730.0,1393300
2026-02-03 09:05:00,730.0,730.0,730.0,730.0,3900
2026-02-03 09:10:00,730.0,730.0,730.0,730.0,20800
2026-02-04 02:00:00,725.0,735.0,720.0,730.0,0
2026-02-04 02:05:00,730.0,730.0,720.0,725.0,222400
2026-02-04 02:10:00,730.0,730.0,725.0,725.0,33500
2026-02-04 02:15:00,730.0,735.0,725.0,730.0,351700
2026-02-04 02:20:00,735.0,740.0,730.0,730.0,739800
2026-02-04 02:25:00,735.0,740.0,730.0,735.0,986600
2026-02-04 02:30:00,735.0,740.0,730.0,735.0,371100
2026-02-04 02:35:00,730.0,735.0,730.0,730.0,21800
2026-02-04 02:40:00,735.0,735.0,730.0,730.0,287900
2026-02-04 02:45:00,735.0,735.0,730.0,730.0,224500
2026-02-04 02:50:00,735.0,740.0,735.0,740.0,78700
2026-02-04 02:55:00,740.0,740.0,735.0,740.0,250600
2026-02-04 03:00:00,735.0,740.0,735.0,735.0,19900
2026-02-04 03:05:00,730.0,740.0,730.0,735.0,397600
2026-02-04 03:10:00,730.0,735.0,730.0,735.0,250300
2026-02-04 03:15:00,730.0,735.0,730.0,730.0,42900
2026-02-04 03:20:00,730.0,735.0,725.0,735.0,425200
2026-02-04 03:25:00,735.0,735.0,730.0,730.0,75900
2026-02-04 03:30:00,725.0,735.0,725.0,730.0,255000
2026-02-04 03:35:00,735.0,735.0,725.0,725.0,655200
2026-02-04 03:40:00,730.0,735.0,725.0,725.0,63500
2026-02-04 03:45:00,730.0,735.0,730.0,730.0,98200
2026-02-04 03:50:00,730.0,735.0,730.0,730.0,215000
2026-02-04 03:55:00,735.0,735.0,725.0,730.0,149200
2026-02-04 04:00:00,735.0,735.0,725.0,730.0,471000
2026-02-04 04:05:00,730.0,735.0,730.0,735.0,142700
2026-02-04 04:10:00,735.0,735.0,730.0,730.0,79700
2026-02-04 04:15:00,730.0,730.0,725.0,730.0,324200
2026-02-04 04:20:00,730.0,735.0,725.0,730.0,1017000
2026-02-04 04:25:00,735.0,735.0,725.0,730.0,121500
2026-02-04 04:30:00,730.0,735.0,730.0,730.0,167600
2026-02-04 04:35:00,730.0,735.0,725.0,730.0,299600
2026-02-04 04:40:00,730.0,735.0,725.0,730.0,182000
2026-02-04 04:45:00,735.0,735.0,725.0,730.0,176800
2026-02-04 04:50:00,730.0,735.0,725.0,730.0,229300
2026-02-04 04:55:00,725.0,735.0,725.0,730.0,110900
2026-02-04 06:30:00,725.0,735.0,725.0,735.0,2041300
2026-02-04 06:35:00,725.0,735.0,725.0,725.0,796700
2026-02-04 06:40:00,725.0,735.0,725.0,735.0,980900
2026-02-04 06:45:00,725.0,735.0,725.0,730.0,520000
2026-02-04 06:50:00,730.0,730.0,725.0,725.0,140600
2026-02-04 06:55:00,725.0,730.0,725.0,725.0,117300
2026-02-04 07:00:00,725.0,730.0,720.0,730.0,1093500
2026-02-04 07:05:00,725.0,730.0,725.0,725.0,307400
2026-02-04 07:10:00,725.0,725.0,680.0,720.0,5183000
2026-02-04 07:15:00,725.0,725.0,720.0,725.0,285500
2026-02-04 07:20:00,725.0,725.0,720.0,725.0,237100
2026-02-04 07:25:00,725.0,725.0,720.0,725.0,314900
2026-02-04 07:30:00,720.0,730.0,720.0,725.0,722800
2026-02-04 07:35:00,720.0,725.0,720.0,725.0,353400
2026-02-04 07:40:00,725.0,730.0,720.0,725.0,1323500
2026-02-04 07:45:00,715.0,725.0,715.0,725.0,526100
2026-02-04 07:50:00,720.0,720.0,710.0,715.0,161100
2026-02-04 07:55:00,715.0,720.0,715.0,715.0,134800
2026-02-04 08:00:00,715.0,715.0,705.0,715.0,315800
2026-02-04 08:05:00,710.0,710.0,705.0,710.0,130200
2026-02-04 08:10:00,705.0,710.0,700.0,710.0,600200
2026-02-04 08:15:00,700.0,705.0,700.0,700.0,150300
2026-02-04 08:20:00,705.0,705.0,700.0,705.0,208200
2026-02-04 08:25:00,705.0,705.0,700.0,700.0,100000
2026-02-04 08:30:00,700.0,705.0,700.0,705.0,77200
2026-02-04 08:35:00,700.0,705.0,700.0,700.0,103300
2026-02-04 08:40:00,705.0,705.0,700.0,700.0,893100
2026-02-04 08:45:00,700.0,705.0,700.0,700.0,84300
2026-02-04 09:00:00,705.0,705.0,705.0,705.0,155500
2026-02-04 09:05:00,705.0,705.0,705.0,705.0,0
2026-02-04 09:10:00,705.0,705.0,705.0,705.0,195300
2026-02-05 02:00:00,715.0,715.0,710.0,710.0,0
2026-02-05 02:05:00,715.0,715.0,710.0,715.0,292700
2026-02-05 02:10:00,710.0,720.0,710.0,715.0,412700
2026-02-05 02:15:00,715.0,715.0,710.0,710.0,43200
2026-02-05 02:20:00,710.0,715.0,710.0,715.0,31300
2026-02-05 02:25:00,710.0,715.0,710.0,710.0,92300
2026-02-05 02:30:00,715.0,715.0,710.0,710.0,59700
2026-02-05 02:35:00,715.0,715.0,710.0,710.0,18100
2026-02-05 02:40:00,715.0,715.0,710.0,715.0,34900
2026-02-05 02:45:00,710.0,715.0,705.0,715.0,502500
2026-02-05 02:50:00,710.0,710.0,705.0,705.0,30400
2026-02-05 02:55:00,700.0,710.0,700.0,705.0,275800
2026-02-05 03:00:00,710.0,710.0,700.0,700.0,561700
2026-02-05 03:05:00,705.0,710.0,705.0,705.0,1200
2026-02-05 03:10:00,705.0,710.0,705.0,710.0,23100
2026-02-05 03:15:00,705.0,710.0,705.0,705.0,38100
2026-02-05 03:20:00,710.0,710.0,705.0,705.0,6300
2026-02-05 03:25:00,705.0,710.0,705.0,710.0,17300
2026-02-05 03:30:00,705.0,710.0,705.0,710.0,221500
2026-02-05 03:35:00,705.0,710.0,705.0,705.0,0
2026-02-05 03:40:00,710.0,710.0,705.0,705.0,179500
2026-02-05 03:45:00,705.0,710.0,705.0,710.0,224200
2026-02-05 03:50:00,715.0,715.0,705.0,705.0,0
2026-02-05 03:55:00,705.0,715.0,705.0,710.0,98300
2026-02-05 04:00:00,710.0,710.0,705.0,705.0,190700
2026-02-05 04:05:00,710.0,715.0,710.0,715.0,0
2026-02-05 04:10:00,710.0,715.0,710.0,710.0,23400
2026-02-05 04:15:00,710.0,715.0,710.0,715.0,2100
2026-02-05 04:20:00,710.0,715.0,710.0,710.0,61900
2026-02-05 04:25:00,710.0,715.0,710.0,715.0,0
2026-02-05 04:30:00,715.0,715.0,710.0,715.0,41300
2026-02-05 04:35:00,710.0,715.0,710.0,715.0,5200
2026-02-05 04:40:00,715.0,715.0,710.0,715.0,46500
2026-02-05 04:45:00,715.0,715.0,710.0,710.0,38100
2026-02-05 04:50:00,710.0,710.0,705.0,710.0,81300
2026-02-05 04:55:00,710.0,710.0,710.0,710.0,105900
2026-02-05 06:30:00,710.0,710.0,705.0,705.0,98500
2026-02-05 06:35:00,705.0,710.0,705.0,710.0,50600
2026-02-05 06:40:00,710.0,710.0,710.0,710.0,30200
2026-02-05 06:45:00,710.0,710.0,705.0,710.0,36600
2026-02-05 06:50:00,710.0,710.0,705.0,710.0,35200
2026-02-05 06:55:00,710.0,710.0,710.0,710.0,27600
2026-02-05 07:00:00,715.0,715.0,705.0,705.0,64400
2026-02-05 07:05:00,710.0,715.0,710.0,715.0,35200
2026-02-05 07:10:00,710.0,715.0,710.0,715.0,110400
2026-02-05 07:15:00,715.0,715.0,710.0,715.0,60800
2026-02-05 07:20:00,715.0,715.0,710.0,715.0,82900
2026-02-05 07:25:00,715.0,715.0,710.0,715.0,37900
2026-02-05 07:30:00,715.0,715.0,710.0,715.0,87300
2026-02-05 07:35:00,710.0,715.0,710.0,710.0,33000
2026-02-05 07:40:00,710.0,715.0,710.0,710.0,32500
2026-02-05 07:45:00,710.0,720.0,710.0,715.0,554900
2026-02-05 07:50:00,715.0,715.0,710.0,710.0,286100
2026-02-05 07:55:00,720.0,720.0,715.0,715.0,18400
2026-02-05 08:00:00,720.0,720.0,715.0,720.0,58800
2026-02-05 08:05:00,720.0,720.0,715.0,720.0,81500
2026-02-05 08:10:00,715.0,720.0,715.0,720.0,416100
2026-02-05 08:15:00,720.0,720.0,715.0,720.0,132800
2026-02-05 08:20:00,720.0,720.0,715.0,715.0,32400
2026-02-05 08:25:00,720.0,720.0,715.0,720.0,107500
2026-02-05 08:30:00,715.0,720.0,715.0,720.0,190900
2026-02-05 08:35:00,720.0,720.0,715.0,720.0,144400
2026-02-05 08:40:00,710.0,720.0,705.0,720.0,564500
2026-02-05 08:45:00,705.0,715.0,705.0,705.0,369400
2026-02-05 09:00:00,705.0,705.0,705.0,705.0,421600
2026-02-05 09:05:00,705.0,705.0,705.0,705.0,3900
2026-02-06 02:00:00,690.0,690.0,675.0,680.0,0
2026-02-06 02:05:00,685.0,690.0,685.0,685.0,447400
2026-02-06 02:10:00,690.0,690.0,680.0,690.0,862500
2026-02-06 02:15:00,685.0,690.0,685.0,690.0,79700
2026-02-06 02:20:00,690.0,690.0,685.0,685.0,238000
2026-02-06 02:25:00,695.0,695.0,690.0,690.0,122300
2026-02-06 02:30:00,685.0,690.0,685.0,690.0,592800
2026-02-06 02:35:00,690.0,690.0,685.0,690.0,53100
2026-02-06 02:40:00,690.0,690.0,685.0,690.0,380700
2026-02-06 02:45:00,695.0,695.0,690.0,690.0,270300
2026-02-06 02:50:00,690.0,695.0,685.0,695.0,457100
2026-02-06 02:55:00,690.0,690.0,685.0,690.0,4200
2026-02-06 03:00:00,685.0,690.0,685.0,690.0,454100
2026-02-06 03:05:00,690.0,690.0,685.0,685.0,472900
2026-02-06 03:10:00,690.0,690.0,685.0,690.0,23400
2026-02-06 03:15:00,690.0,690.0,685.0,690.0,528200
2026-02-06 03:20:00,695.0,695.0,690.0,695.0,10400
2026-02-06 03:25:00,695.0,695.0,690.0,690.0,26300
2026-02-06 03:30:00,690.0,695.0,685.0,695.0,874300
2026-02-06 03:35:00,695.0,695.0,690.0,690.0,0
2026-02-06 03:40:00,685.0,695.0,685.0,695.0,329200
2026-02-06 03:45:00,690.0,690.0,685.0,690.0,2800
2026-02-06 03:50:00,690.0,690.0,685.0,685.0,93700
2026-02-06 03:55:00,690.0,690.0,685.0,685.0,55500
2026-02-06 04:00:00,680.0,690.0,680.0,685.0,987700
2026-02-06 04:05:00,685.0,685.0,680.0,680.0,67900
2026-02-06 04:10:00,680.0,685.0,680.0,685.0,239100
2026-02-06 04:15:00,685.0,685.0,680.0,680.0,338900
2026-02-06 04:20:00,685.0,685.0,680.0,680.0,325900
2026-02-06 04:25:00,675.0,685.0,675.0,680.0,551200
2026-02-06 07:00:00,675.0,685.0,675.0,675.0,501700
2026-02-06 07:05:00,680.0,680.0,675.0,680.0,169600
2026-02-06 07:10:00,680.0,680.0,675.0,675.0,21000
2026-02-06 07:15:00,680.0,680.0,680.0,680.0,754300
2026-02-06 07:20:00,685.0,685.0,680.0,680.0,619400
2026-02-06 07:25:00,680.0,685.0,680.0,685.0,156300
2026-02-06 07:30:00,685.0,685.0,675.0,680.0,260800
2026-02-06 07:35:00,680.0,685.0,680.0,685.0,612900
2026-02-06 07:40:00,685.0,685.0,675.0,675.0,565000
2026-02-06 07:50:00,685.0,685.0,680.0,680.0,77400
2026-02-06 07:55:00,690.0,690.0,680.0,685.0,574600
2026-02-06 08:00:00,685.0,690.0,685.0,690.0,55700
2026-02-06 08:05:00,685.0,690.0,685.0,690.0,16900
2026-02-06 08:10:00,685.0,690.0,685.0,685.0,87100
2026-02-06 08:15:00,685.0,690.0,685.0,685.0,191300
2026-02-06 08:20:00,690.0,690.0,690.0,690.0,857300
2026-02-06 08:25:00,685.0,690.0,685.0,690.0,40100
2026-02-06 08:30:00,690.0,695.0,685.0,685.0,667300
2026-02-06 08:35:00,690.0,695.0,685.0,695.0,157900
2026-02-06 08:40:00,695.0,695.0,690.0,690.0,635300
2026-02-06 08:45:00,700.0,705.0,690.0,695.0,855200
2026-02-06 09:00:00,700.0,700.0,700.0,700.0,384100
2026-02-09 02:00:00,690.0,690.0,690.0,690.0,6600
2026-02-09 02:05:00,690.0,690.0,690.0,690.0,33600
2026-02-09 02:10:00,690.0,695.0,685.0,695.0,60000
2026-02-09 02:15:00,690.0,690.0,685.0,685.0,136000
2026-02-09 02:20:00,695.0,695.0,690.0,690.0,10000
2026-02-09 02:25:00,690.0,690.0,685.0,690.0,142800
2026-02-09 02:30:00,690.0,690.0,685.0,685.0,16500
2026-02-09 02:35:00,690.0,690.0,685.0,685.0,38100
2026-02-09 02:40:00,690.0,690.0,685.0,690.0,14600
2026-02-09 02:45:00,685.0,685.0,685.0,685.0,48900
2026-02-09 02:50:00,690.0,690.0,685.0,690.0,4200
2026-02-09 02:55:00,690.0,690.0,685.0,690.0,65600
2026-02-09 03:00:00,700.0,700.0,690.0,690.0,186500
2026-02-09 03:05:00,700.0,700.0,695.0,700.0,217700
2026-02-09 03:10:00,700.0,700.0,700.0,700.0,43300
2026-02-09 03:15:00,705.0,705.0,695.0,700.0,60000
2026-02-09 03:20:00,705.0,705.0,700.0,700.0,158600
2026-02-09 03:25:00,700.0,705.0,700.0,700.0,67500
2026-02-09 03:30:00,695.0,705.0,695.0,705.0,647600
2026-02-09 03:35:00,695.0,700.0,690.0,700.0,31100
2026-02-09 03:40:00,695.0,695.0,690.0,695.0,81900
2026-02-09 03:45:00,680.0,695.0,670.0,695.0,2152400
2026-02-09 03:50:00,680.0,685.0,680.0,680.0,256400
2026-02-09 03:55:00,685.0,690.0,685.0,685.0,99100
2026-02-09 04:00:00,680.0,690.0,680.0,685.0,141800
2026-02-09 04:05:00,680.0,680.0,680.0,680.0,65000
2026-02-09 04:10:00,685.0,685.0,680.0,680.0,1100
2026-02-09 04:15:00,680.0,685.0,680.0,685.0,346100
2026-02-09 04:20:00,680.0,680.0,675.0,680.0,138500
2026-02-09 04:25:00,685.0,685.0,680.0,680.0,5600
2026-02-09 04:30:00,680.0,685.0,680.0,685.0,28200
2026-02-09 04:35:00,685.0,685.0,685.0,685.0,0
2026-02-09 04:40:00,690.0,690.0,680.0,685.0,143500
2026-02-09 04:45:00,690.0,690.0,685.0,690.0,104500
2026-02-09 04:50:00,690.0,690.0,685.0,690.0,85100
2026-02-09 04:55:00,690.0,690.0,690.0,690.0,74600
2026-02-09 06:30:00,685.0,690.0,685.0,690.0,72900
2026-02-09 06:35:00,675.0,685.0,670.0,685.0,3145100
2026-02-09 06:40:00,675.0,675.0,670.0,675.0,381900
2026-02-09 06:45:00,675.0,680.0,675.0,680.0,67100
2026-02-09 06:50:00,675.0,680.0,675.0,675.0,173900
2026-02-09 06:55:00,680.0,680.0,680.0,680.0,0
2026-02-09 07:00:00,680.0,680.0,680.0,680.0,600
2026-02-09 07:05:00,680.0,680.0,675.0,680.0,6200
2026-02-09 07:10:00,675.0,680.0,675.0,680.0,4800
2026-02-09 07:15:00,675.0,675.0,675.0,675.0,300
2026-02-09 07:20:00,675.0,680.0,675.0,675.0,61400
2026-02-09 07:25:00,685.0,685.0,675.0,680.0,290400
2026-02-09 07:30:00,685.0,685.0,680.0,680.0,30200
2026-02-09 07:35:00,685.0,685.0,685.0,685.0,64600
2026-02-09 07:40:00,680.0,685.0,680.0,685.0,76900
2026-02-09 07:45:00,685.0,685.0,685.0,685.0,42100
2026-02-09 07:50:00,685.0,685.0,680.0,685.0,74200
2026-02-09 07:55:00,680.0,685.0,680.0,685.0,45000
2026-02-09 08:00:00,680.0,685.0,680.0,685.0,111100
2026-02-09 08:05:00,690.0,690.0,680.0,685.0,79300
2026-02-09 08:10:00,680.0,685.0,680.0,685.0,598100
2026-02-09 08:15:00,685.0,685.0,680.0,680.0,7500
2026-02-09 08:20:00,685.0,685.0,680.0,685.0,272900
2026-02-09 08:25:00,685.0,685.0,685.0,685.0,3500
2026-02-09 08:30:00,690.0,690.0,680.0,685.0,163600
2026-02-09 08:35:00,690.0,690.0,685.0,690.0,159000
2026-02-09 08:40:00,690.0,690.0,685.0,690.0,177100
2026-02-09 08:45:00,695.0,695.0,690.0,690.0,243100
2026-02-09 09:00:00,685.0,685.0,685.0,685.0,303200
2026-02-09 09:05:00,685.0,685.0,685.0,685.0,0
2026-02-09 09:10:00,685.0,685.0,685.0,685.0,1000
2026-02-10 02:00:00,680.0,685.0,675.0,685.0,0
2026-02-10 02:05:00,690.0,690.0,680.0,685.0,55300
2026-02-10 02:10:00,690.0,690.0,685.0,690.0,38500
2026-02-10 02:15:00,685.0,690.0,685.0,690.0,23200
2026-02-10 02:20:00,685.0,690.0,685.0,685.0,108700
2026-02-10 02:25:00,690.0,690.0,685.0,685.0,2300
2026-02-10 02:30:00,685.0,690.0,685.0,690.0,12500
2026-02-10 02:35:00,685.0,685.0,680.0,685.0,262400
2026-02-10 02:40:00,685.0,685.0,680.0,685.0,65800
2026-02-10 02:45:00,685.0,690.0,685.0,685.0,85000
2026-02-10 02:50:00,690.0,690.0,685.0,690.0,57900
2026-02-10 02:55:00,685.0,685.0,685.0,685.0,142600
2026-02-10 03:00:00,690.0,695.0,685.0,685.0,381000
2026-02-10 03:05:00,690.0,695.0,685.0,695.0,132600
2026-02-10 03:15:00,690.0,690.0,690.0,690.0,47400
2026-02-10 03:20:00,690.0,690.0,685.0,690.0,18400
2026-02-10 03:25:00,690.0,690.0,690.0,690.0,14000
2026-02-10 03:30:00,690.0,690.0,690.0,690.0,56100
2026-02-10 03:35:00,685.0,690.0,685.0,690.0,102400
2026-02-10 03:40:00,690.0,690.0,690.0,690.0,0
2026-02-10 03:45:00,685.0,690.0,685.0,690.0,400
2026-02-10 03:50:00,685.0,685.0,685.0,685.0,11600
2026-02-10 03:55:00,685.0,685.0,685.0,685.0,0
2026-02-10 04:00:00,685.0,690.0,685.0,685.0,7500
2026-02-10 04:05:00,685.0,690.0,685.0,690.0,148700
2026-02-10 04:10:00,685.0,690.0,685.0,690.0,13900
2026-02-10 04:15:00,690.0,690.0,685.0,690.0,9200
2026-02-10 04:20:00,685.0,690.0,685.0,690.0,51300
2026-02-10 04:25:00,685.0,690.0,685.0,690.0,4200
2026-02-10 04:30:00,685.0,690.0,685.0,690.0,6700
2026-02-10 04:35:00,690.0,690.0,685.0,685.0,10800
2026-02-10 04:40:00,690.0,690.0,685.0,690.0,4300
2026-02-10 04:45:00,690.0,690.0,685.0,690.0,17700
2026-02-10 04:50:00,690.0,690.0,685.0,690.0,6100
2026-02-10 06:30:00,685.0,690.0,685.0,685.0,30000
2026-02-10 06:35:00,685.0,690.0,685.0,690.0,292200
2026-02-10 06:40:00,690.0,690.0,685.0,685.0,54800
2026-02-10 06:45:00,685.0,690.0,685.0,685.0,9500
2026-02-10 06:50:00,690.0,690.0,685.0,685.0,14100
2026-02-10 06:55:00,685.0,690.0,685.0,690.0,97700
2026-02-10 07:05:00,685.0,690.0,685.0,685.0,8700
2026-02-10 07:10:00,685.0,685.0,685.0,685.0,28700
2026-02-10 07:15:00,685.0,690.0,680.0,685.0,172100
2026-02-10 07:20:00,690.0,690.0,685.0,685.0,18100
2026-02-10 07:25:00,685.0,685.0,685.0,685.0,3600
2026-02-10 07:30:00,685.0,690.0,685.0,685.0,7000
2026-02-10 07:35:00,685.0,685.0,685.0,685.0,14000
2026-02-10 07:40:00,685.0,685.0,685.0,685.0,200
2026-02-10 07:45:00,685.0,685.0,685.0,685.0,1600
2026-02-10 07:50:00,685.0,690.0,685.0,685.0,86100
2026-02-10 07:55:00,685.0,685.0,685.0,685.0,9600
2026-02-10 08:05:00,685.0,685.0,685.0,685.0,7800
2026-02-10 08:10:00,690.0,690.0,685.0,690.0,83600
2026-02-10 08:15:00,685.0,690.0,685.0,690.0,90200
2026-02-10 08:20:00,690.0,690.0,685.0,685.0,62300
2026-02-10 08:25:00,685.0,690.0,685.0,690.0,27000
2026-02-10 08:30:00,690.0,690.0,685.0,685.0,28800
2026-02-10 08:35:00,690.0,690.0,685.0,690.0,5600
2026-02-10 08:40:00,690.0,690.0,685.0,685.0,36400
2026-02-10 08:45:00,690.0,690.0,685.0,690.0,293300
2026-02-10 09:00:00,685.0,685.0,685.0,685.0,131300
2026-02-10 09:05:00,685.0,685.0,685.0,685.0,28000
2026-02-10 09:10:00,685.0,685.0,685.0,685.0,600
2026-02-11 02:00:00,685.0,690.0,680.0,690.0,0
2026-02-11 02:05:00,680.0,685.0,680.0,685.0,76900
2026-02-11 02:10:00,680.0,685.0,675.0,680.0,342400
2026-02-11 02:15:00,680.0,680.0,675.0,680.0,241700
2026-02-11 02:20:00,675.0,680.0,675.0,680.0,76500
2026-02-11 02:25:00,675.0,680.0,675.0,680.0,30400
2026-02-11 02:30:00,680.0,680.0,675.0,680.0,200300
2026-02-11 02:35:00,675.0,680.0,675.0,680.0,108700
2026-02-11 02:40:00,675.0,680.0,675.0,680.0,164500
2026-02-11 02:45:00,675.0,680.0,675.0,680.0,30600
2026-02-11 02:50:00,675.0,680.0,675.0,675.0,15400
2026-02-11 02:55:00,675.0,680.0,675.0,675.0,27600
2026-02-11 03:00:00,680.0,680.0,675.0,680.0,29700
2026-02-11 03:05:00,680.0,685.0,675.0,675.0,198600
2026-02-11 03:10:00,680.0,685.0,680.0,680.0,12700
2026-02-11 03:15:00,680.0,685.0,680.0,680.0,17600
2026-02-11 03:20:00,680.0,685.0,680.0,680.0,54600
2026-02-11 03:25:00,680.0,685.0,680.0,680.0,0
2026-02-11 03:30:00,680.0,685.0,680.0,680.0,11300
2026-02-11 03:35:00,680.0,685.0,680.0,680.0,23400
2026-02-11 03:40:00,680.0,685.0,680.0,680.0,43300
2026-02-11 03:45:00,685.0,685.0,680.0,680.0,15200
2026-02-11 03:50:00,685.0,685.0,680.0,685.0,27800
2026-02-11 03:55:00,675.0,685.0,675.0,680.0,559100
2026-02-11 04:00:00,675.0,680.0,675.0,675.0,462400
2026-02-11 04:05:00,680.0,680.0,675.0,675.0,54500
2026-02-11 04:10:00,675.0,680.0,675.0,675.0,45500
2026-02-11 04:15:00,680.0,680.0,675.0,675.0,43300
2026-02-11 04:20:00,675.0,680.0,675.0,680.0,138700
2026-02-11 04:25:00,680.0,680.0,675.0,675.0,23500
2026-02-11 04:30:00,675.0,680.0,675.0,675.0,26800
2026-02-11 04:35:00,680.0,680.0,675.0,680.0,22300
2026-02-11 04:40:00,680.0,680.0,675.0,680.0,23100
2026-02-11 04:45:00,675.0,680.0,675.0,680.0,84100
2026-02-11 04:50:00,680.0,680.0,675.0,675.0,15500
2026-02-11 04:55:00,680.0,680.0,675.0,675.0,119700
2026-02-11 06:30:00,685.0,690.0,675.0,680.0,1195500
2026-02-11 06:35:00,690.0,690.0,685.0,690.0,619500
2026-02-11 06:40:00,685.0,695.0,685.0,690.0,1823300
2026-02-11 06:45:00,695.0,695.0,690.0,690.0,658000
2026-02-11 06:50:00,690.0,695.0,690.0,695.0,446500
2026-02-11 06:55:00,690.0,695.0,685.0,695.0,1008700
2026-02-11 07:00:00,690.0,695.0,690.0,695.0,457900
2026-02-11 07:05:00,690.0,695.0,690.0,695.0,148200
2026-02-11 07:10:00,690.0,695.0,690.0,690.0,122300
2026-02-11 07:15:00,695.0,695.0,690.0,690.0,136500
2026-02-11 07:20:00,695.0,695.0,690.0,695.0,74200
2026-02-11 07:25:00,685.0,695.0,685.0,690.0,490000
2026-02-11 07:30:00,685.0,690.0,685.0,685.0,997900
2026-02-11 07:35:00,685.0,690.0,685.0,685.0,125100
2026-02-11 07:40:00,680.0,690.0,680.0,685.0,505400
2026-02-11 07:45:00,680.0,685.0,680.0,680.0,512300
2026-02-11 07:50:00,680.0,685.0,680.0,685.0,287500
2026-02-11 07:55:00,685.0,685.0,680.0,680.0,224700
2026-02-11 08:00:00,680.0,685.0,680.0,680.0,138100
2026-02-11 08:05:00,690.0,690.0,680.0,685.0,1068100
2026-02-11 08:10:00,680.0,690.0,680.0,690.0,884100
2026-02-11 08:15:00,680.0,685.0,680.0,680.0,464500
2026-02-11 08:20:00,680.0,685.0,680.0,680.0,415700
2026-02-11 08:25:00,680.0,680.0,675.0,680.0,1147600
2026-02-11 08:30:00,675.0,680.0,675.0,680.0,887600
2026-02-11 08:35:00,675.0,680.0,675.0,675.0,418500
2026-02-11 08:40:00,675.0,680.0,675.0,675.0,1709600
2026-02-11 08:45:00,675.0,680.0,670.0,675.0,1556900
2026-02-11 09:00:00,675.0,675.0,675.0,675.0,1440900
2026-02-11 09:05:00,675.0,675.0,675.0,675.0,220000
2026-02-12 02:00:00,675.0,685.0,675.0,680.0,0
2026-02-12 02:05:00,665.0,680.0,665.0,675.0,3148900
2026-02-12 02:10:00,680.0,680.0,665.0,665.0,1610200
2026-02-12 02:15:00,685.0,685.0,675.0,675.0,911600
2026-02-12 02:20:00,680.0,685.0,680.0,680.0,41800
2026-02-12 02:25:00,675.0,680.0,675.0,680.0,574900
2026-02-12 02:30:00,675.0,680.0,675.0,675.0,165600
2026-02-12 02:35:00,670.0,680.0,670.0,680.0,1733700
2026-02-12 02:40:00,670.0,675.0,670.0,670.0,547800
2026-02-12 02:45:00,670.0,675.0,670.0,670.0,325500
2026-02-12 02:50:00,670.0,675.0,670.0,670.0,432300
2026-02-12 02:55:00,670.0,675.0,670.0,670.0,340100
2026-02-12 03:00:00,665.0,675.0,665.0,670.0,1142100
2026-02-12 03:05:00,665.0,670.0,665.0,670.0,1509800
2026-02-12 03:10:00,670.0,675.0,665.0,665.0,807300
2026-02-12 03:15:00,665.0,670.0,665.0,670.0,258000
2026-02-12 03:20:00,670.0,670.0,665.0,665.0,610900
2026-02-12 03:25:00,665.0,670.0,665.0,670.0,661100
2026-02-12 03:30:00,665.0,670.0,665.0,670.0,517100
2026-02-12 03:35:00,665.0,670.0,665.0,665.0,244200
2026-02-12 03:40:00,665.0,670.0,665.0,665.0,219600
2026-02-12 03:45:00,665.0,670.0,665.0,665.0,302900
2026-02-12 03:50:00,665.0,670.0,665.0,665.0,260400
2026-02-12 03:55:00,665.0,670.0,665.0,665.0,239400
2026-02-12 04:00:00,665.0,670.0,665.0,665.0,758700
2026-02-12 04:05:00,665.0,670.0,665.0,665.0,228900
2026-02-12 04:10:00,665.0,670.0,665.0,665.0,236300
2026-02-12 04:15:00,665.0,670.0,665.0,670.0,315700
2026-02-12 04:20:00,665.0,670.0,665.0,665.0,340500
2026-02-12 04:25:00,665.0,670.0,665.0,665.0,272900
2026-02-12 04:30:00,665.0,670.0,665.0,665.0,179900
2026-02-12 04:35:00,665.0,670.0,665.0,665.0,216700
2026-02-12 04:40:00,665.0,670.0,665.0,665.0,245700
2026-02-12 04:45:00,665.0,670.0,665.0,665.0,229000
2026-02-12 04:50:00,665.0,670.0,665.0,665.0,1107100
2026-02-12 04:55:00,665.0,670.0,665.0,665.0,146000
2026-02-12 06:30:00,665.0,670.0,665.0,665.0,413000
2026-02-12 06:35:00,665.0,670.0,665.0,665.0,223000
2026-02-12 06:40:00,665.0,670.0,665.0,665.0,673600
2026-02-12 06:45:00,665.0,670.0,665.0,665.0,291600
2026-02-12 06:50:00,665.0,665.0,665.0,665.0,351600
2026-02-12 06:55:00,665.0,665.0,665.0,665.0,195400
2026-02-12 07:00:00,665.0,665.0,665.0,665.0,291800
2026-02-12 07:05:00,665.0,665.0,660.0,665.0,1143500
2026-02-12 07:10:00,660.0,665.0,660.0,665.0,204600
2026-02-12 07:15:00,660.0,665.0,660.0,665.0,448200
2026-02-12 07:20:00,660.0,665.0,660.0,660.0,690500
2026-02-12 07:25:00,660.0,665.0,660.0,660.0,1451700
2026-02-12 07:30:00,660.0,665.0,660.0,660.0,1363100
2026-02-12 07:35:00,660.0,665.0,660.0,660.0,577200
2026-02-12 07:40:00,660.0,665.0,660.0,660.0,656000
2026-02-12 07:45:00,650.0,660.0,650.0,660.0,1691200
2026-02-12 07:50:00,655.0,660.0,650.0,655.0,692700
2026-02-12 07:55:00,660.0,665.0,655.0,655.0,630700
2026-02-12 08:00:00,655.0,660.0,655.0,660.0,415300
2026-02-12 08:05:00,655.0,660.0,655.0,655.0,437600
2026-02-12 08:10:00,655.0,660.0,655.0,655.0,496100
2026-02-12 08:15:00,655.0,660.0,655.0,655.0,474900
2026-02-12 08:20:00,655.0,660.0,655.0,660.0,324600
2026-02-12 08:25:00,655.0,660.0,650.0,655.0,559100
2026-02-12 08:30:00,655.0,660.0,650.0,650.0,580600
2026-02-12 08:35:00,655.0,660.0,655.0,655.0,251100
2026-02-12 08:40:00,660.0,660.0,655.0,655.0,339800
2026-02-12 08:45:00,655.0,660.0,655.0,660.0,55700
2026-02-12 09:00:00,660.0,660.0,660.0,660.0,1751500
2026-02-13 02:00:00,660.0,670.0,655.0,665.0,0
2026-02-13 02:05:00,660.0,660.0,655.0,660.0,141600
2026-02-13 02:10:00,655.0,660.0,655.0,660.0,146000
2026-02-13 02:15:00,660.0,660.0,660.0,660.0,40500
2026-02-13 02:20:00,655.0,665.0,655.0,660.0,178800
2026-02-13 02:25:00,660.0,660.0,655.0,660.0,250000
2026-02-13 02:30:00,660.0,660.0,655.0,660.0,334500
2026-02-13 02:35:00,660.0,665.0,660.0,660.0,160600
2026-02-13 02:40:00,660.0,665.0,655.0,660.0,326700
2026-02-13 02:45:00,660.0,660.0,660.0,660.0,136200
2026-02-13 02:50:00,665.0,665.0,655.0,660.0,393900
2026-02-13 02:55:00,660.0,665.0,660.0,660.0,161200
2026-02-13 03:00:00,655.0,660.0,655.0,660.0,194700
2026-02-13 03:05:00,660.0,660.0,655.0,655.0,173600
2026-02-13 03:10:00,655.0,660.0,655.0,660.0,165100
2026-02-13 03:15:00,655.0,660.0,655.0,655.0,205500
2026-02-13 03:20:00,660.0,660.0,655.0,660.0,233800
2026-02-13 03:25:00,660.0,665.0,655.0,655.0,416600
2026-02-13 03:30:00,660.0,665.0,660.0,660.0,251400
2026-02-13 03:35:00,655.0,660.0,655.0,660.0,169800
2026-02-13 03:40:00,655.0,660.0,655.0,655.0,215500
2026-02-13 03:45:00,660.0,665.0,655.0,660.0,351400
2026-02-13 03:50:00,655.0,660.0,655.0,655.0,109700
2026-02-13 03:55:00,655.0,660.0,655.0,655.0,403300
2026-02-13 04:00:00,655.0,660.0,655.0,655.0,132800
2026-02-13 04:05:00,655.0,655.0,655.0,655.0,231700
2026-02-13 04:10:00,655.0,655.0,655.0,655.0,138600
2026-02-13 04:15:00,655.0,660.0,655.0,655.0,268000
2026-02-13 04:20:00,650.0,660.0,650.0,655.0,365000
2026-02-13 04:25:00,650.0,655.0,650.0,655.0,153600
2026-02-13 07:00:00,665.0,665.0,650.0,655.0,3035900
2026-02-13 07:05:00,660.0,665.0,660.0,665.0,364600
2026-02-13 07:10:00,660.0,665.0,660.0,660.0,341200
2026-02-13 07:15:00,660.0,665.0,660.0,660.0,174400
2026-02-13 07:20:00,660.0,665.0,660.0,660.0,687800
2026-02-13 07:25:00,660.0,665.0,660.0,660.0,322200
2026-02-13 07:30:00,670.0,670.0,660.0,660.0,930800
2026-02-13 07:35:00,675.0,675.0,670.0,675.0,1821900
2026-02-13 07:40:00,665.0,680.0,665.0,680.0,800800
2026-02-13 07:45:00,665.0,670.0,665.0,665.0,187800
2026-02-13 07:50:00,665.0,670.0,665.0,665.0,204300
2026-02-13 07:55:00,665.0,675.0,665.0,665.0,561900
2026-02-13 08:00:00,665.0,670.0,660.0,665.0,851300
2026-02-13 08:05:00,665.0,665.0,660.0,660.0,339900
2026-02-13 08:10:00,660.0,665.0,660.0,660.0,488800
2026-02-13 08:15:00,660.0,665.0,660.0,660.0,165200
2026-02-13 08:20:00,660.0,665.0,660.0,665.0,432800
2026-02-13 08:25:00,660.0,665.0,660.0,660.0,168400
2026-02-13 08:30:00,660.0,665.0,660.0,660.0,205700
2026-02-13 08:35:00,665.0,670.0,660.0,660.0,574400
2026-02-13 08:40:00,670.0,670.0,665.0,665.0,241400
2026-02-13 08:45:00,665.0,670.0,665.0,665.0,589600
2026-02-13 09:00:00,665.0,665.0,665.0,665.0,695300
2026-02-13 09:05:00,665.0,665.0,665.0,665.0,0
2026-02-13 09:10:00,665.0,665.0,665.0,665.0,1500
2026-02-18 02:00:00,660.0,665.0,660.0,665.0,0
2026-02-18 02:05:00,665.0,670.0,660.0,665.0,212500
2026-02-18 02:10:00,660.0,670.0,660.0,665.0,150600
2026-02-18 02:15:00,665.0,665.0,660.0,665.0,536800
2026-02-18 02:20:00,660.0,665.0,655.0,665.0,630800
2026-02-18 02:25:00,665.0,665.0,660.0,660.0,37600
2026-02-18 02:30:00,660.0,665.0,655.0,665.0,179600
2026-02-18 02:35:00,660.0,660.0,655.0,655.0,88300
2026-02-18 02:40:00,660.0,660.0,655.0,660.0,124300
2026-02-18 02:45:00,655.0,660.0,655.0,660.0,1017200
2026-02-18 02:50:00,650.0,655.0,650.0,655.0,633100
2026-02-18 02:55:00,650.0,655.0,640.0,655.0,1953800
2026-02-18 03:00:00,645.0,650.0,645.0,645.0,197700
2026-02-18 03:05:00,645.0,650.0,640.0,645.0,1541200
2026-02-18 03:10:00,645.0,650.0,640.0,645.0,391700
2026-02-18 03:15:00,645.0,650.0,645.0,645.0,264500
2026-02-18 03:20:00,640.0,650.0,640.0,650.0,516800
2026-02-18 03:25:00,645.0,645.0,640.0,645.0,420400
2026-02-18 03:30:00,645.0,645.0,640.0,645.0,412200
2026-02-18 03:35:00,645.0,650.0,645.0,645.0,102300
2026-02-18 03:40:00,655.0,655.0,645.0,645.0,503600
2026-02-18 03:45:00,650.0,655.0,650.0,655.0,203800
2026-02-18 03:50:00,655.0,655.0,650.0,655.0,214600
2026-02-18 03:55:00,655.0,655.0,650.0,655.0,202500
2026-02-18 04:00:00,655.0,655.0,650.0,655.0,180100
2026-02-18 04:05:00,650.0,655.0,650.0,655.0,104600
2026-02-18 04:10:00,650.0,655.0,650.0,650.0,78200
2026-02-18 04:15:00,655.0,655.0,650.0,650.0,223900
2026-02-18 04:20:00,655.0,655.0,650.0,650.0,79000
2026-02-18 04:25:00,655.0,655.0,650.0,650.0,233700
2026-02-18 04:30:00,650.0,655.0,650.0,655.0,905800
2026-02-18 04:35:00,650.0,650.0,650.0,650.0,106600
2026-02-18 04:40:00,655.0,655.0,650.0,650.0,321700
2026-02-18 04:45:00,655.0,655.0,650.0,655.0,36500
2026-02-18 04:50:00,650.0,655.0,650.0,655.0,173500
2026-02-18 04:55:00,650.0,655.0,650.0,650.0,62800
2026-02-18 06:30:00,650.0,655.0,650.0,650.0,133200
2026-02-18 06:35:00,650.0,655.0,650.0,655.0,220400
2026-02-18 06:40:00,650.0,655.0,650.0,650.0,121700
2026-02-18 06:45:00,650.0,655.0,650.0,650.0,233800
2026-02-18 06:50:00,655.0,660.0,650.0,655.0,558500
2026-02-18 06:55:00,655.0,660.0,655.0,655.0,45700
2026-02-18 07:00:00,655.0,660.0,655.0,655.0,130300
2026-02-18 07:05:00,655.0,660.0,655.0,660.0,79100
2026-02-18 07:10:00,655.0,660.0,655.0,655.0,123100
2026-02-18 07:15:00,655.0,660.0,655.0,655.0,150500
2026-02-18 07:20:00,655.0,655.0,655.0,655.0,97500
2026-02-18 07:25:00,655.0,660.0,655.0,655.0,145900
2026-02-18 07:30:00,655.0,660.0,655.0,655.0,97700
2026-02-18 07:35:00,660.0,660.0,655.0,655.0,100200
2026-02-18 07:40:00,660.0,660.0,655.0,655.0,142600
2026-02-18 07:45:00,655.0,660.0,655.0,655.0,189500
2026-02-18 07:50:00,655.0,660.0,655.0,655.0,157700
2026-02-18 07:55:00,655.0,655.0,650.0,655.0,898600
2026-02-18 08:00:00,655.0,660.0,655.0,655.0,110200
2026-02-18 08:05:00,655.0,660.0,655.0,655.0,342500
2026-02-18 08:10:00,655.0,660.0,655.0,655.0,69100
2026-02-18 08:15:00,665.0,665.0,655.0,655.0,983700
2026-02-18 08:20:00,660.0,665.0,655.0,665.0,614000
2026-02-18 08:25:00,660.0,660.0,660.0,660.0,174600
2026-02-18 08:30:00,660.0,665.0,660.0,660.0,89000
2026-02-18 08:35:00,665.0,670.0,660.0,660.0,1152500
2026-02-18 08:40:00,665.0,670.0,665.0,670.0,81300
2026-02-18 08:45:00,670.0,670.0,665.0,670.0,1004900
2026-02-18 09:00:00,665.0,665.0,665.0,665.0,1332700
2026-02-18 09:05:00,665.0,665.0,665.0,665.0,309400
2026-02-18 09:10:00,665.0,665.0,665.0,665.0,0
2026-02-19 02:00:00,660.0,665.0,660.0,665.0,0
2026-02-19 02:05:00,670.0,675.0,660.0,665.0,727300
2026-02-19 02:10:00,675.0,680.0,670.0,670.0,2339000
2026-02-19 02:15:00,670.0,685.0,670.0,675.0,2078300
2026-02-19 02:20:00,670.0,675.0,670.0,670.0,109600
2026-02-19 02:25:00,675.0,675.0,670.0,670.0,26900
2026-02-19 02:30:00,665.0,675.0,665.0,675.0,190700
2026-02-19 02:35:00,665.0,670.0,665.0,665.0,149200
2026-02-19 02:40:00,670.0,670.0,665.0,665.0,178700
2026-02-19 02:45:00,670.0,670.0,670.0,670.0,15600
2026-02-19 02:50:00,665.0,670.0,665.0,670.0,151200
2026-02-19 02:55:00,670.0,670.0,665.0,665.0,24600
2026-02-19 03:00:00,665.0,670.0,665.0,665.0,26800
2026-02-19 03:05:00,670.0,670.0,665.0,665.0,294000
2026-02-19 03:10:00,665.0,670.0,665.0,670.0,25200
2026-02-19 03:15:00,670.0,670.0,665.0,665.0,196000
2026-02-19 03:20:00,665.0,670.0,665.0,670.0,29300
2026-02-19 03:25:00,665.0,670.0,665.0,665.0,164100
2026-02-19 03:30:00,670.0,670.0,665.0,665.0,1300
2026-02-19 03:35:00,670.0,670.0,665.0,665.0,97100
2026-02-19 03:40:00,670.0,670.0,665.0,670.0,151700
2026-02-19 03:45:00,670.0,670.0,665.0,670.0,200600
2026-02-19 03:50:00,670.0,670.0,665.0,670.0,156500
2026-02-19 03:55:00,670.0,670.0,665.0,670.0,125900
2026-02-19 04:00:00,670.0,670.0,660.0,665.0,460700
2026-02-19 04:05:00,665.0,670.0,665.0,670.0,128100
2026-02-19 04:10:00,670.0,670.0,670.0,670.0,85700
2026-02-19 04:15:00,670.0,670.0,665.0,670.0,103000
2026-02-19 04:20:00,670.0,670.0,665.0,670.0,145500
2026-02-19 04:25:00,670.0,670.0,665.0,670.0,145300
2026-02-19 04:30:00,670.0,670.0,660.0,665.0,867600
2026-02-19 04:35:00,665.0,670.0,665.0,670.0,12500
2026-02-19 04:40:00,665.0,670.0,665.0,670.0,21200
2026-02-19 04:45:00,665.0,670.0,665.0,670.0,101900
2026-02-19 04:50:00,670.0,670.0,665.0,665.0,33300
2026-02-19 04:55:00,670.0,670.0,665.0,670.0,84600
2026-02-19 06:30:00,665.0,670.0,665.0,670.0,341500
2026-02-19 06:35:00,665.0,670.0,665.0,665.0,23900
2026-02-19 06:40:00,670.0,670.0,665.0,670.0,76100
2026-02-19 06:45:00,670.0,670.0,665.0,665.0,162600
2026-02-19 06:50:00,665.0,670.0,665.0,670.0,114700
2026-02-19 06:55:00,670.0,670.0,665.0,665.0,21100
2026-02-19 07:00:00,670.0,675.0,665.0,670.0,484100
2026-02-19 07:05:00,675.0,675.0,670.0,670.0,139000
2026-02-19 07:10:00,665.0,675.0,665.0,670.0,288600
2026-02-19 07:15:00,665.0,665.0,665.0,665.0,7500
2026-02-19 07:20:00,665.0,670.0,665.0,665.0,11700
2026-02-19 07:25:00,670.0,670.0,665.0,670.0,53900
2026-02-19 07:30:00,670.0,670.0,665.0,670.0,55300
2026-02-19 07:35:00,670.0,670.0,665.0,665.0,39400
2026-02-19 07:40:00,670.0,670.0,665.0,665.0,21100
2026-02-19 07:45:00,665.0,670.0,665.0,670.0,43200
2026-02-19 07:50:00,675.0,680.0,665.0,670.0,1686700
2026-02-19 07:55:00,670.0,675.0,670.0,675.0,33100
2026-02-19 08:00:00,670.0,675.0,665.0,670.0,123100
2026-02-19 08:05:00,670.0,675.0,665.0,665.0,119300
2026-02-19 08:10:00,670.0,675.0,670.0,675.0,151900
2026-02-19 08:15:00,675.0,675.0,670.0,675.0,177600
2026-02-19 08:20:00,675.0,675.0,670.0,675.0,176800
2026-02-19 08:25:00,675.0,675.0,670.0,675.0,3380900
2026-02-19 08:30:00,670.0,675.0,670.0,675.0,291700
2026-02-19 08:35:00,670.0,675.0,670.0,675.0,374400
2026-02-19 08:40:00,665.0,675.0,665.0,675.0,266800
2026-02-19 08:45:00,670.0,670.0,665.0,670.0,702000
2026-02-19 09:00:00,670.0,670.0,670.0,670.0,279400
2026-02-19 09:05:00,670.0,670.0,670.0,670.0,0
2026-02-19 09:10:00,670.0,670.0,670.0,670.0,13100
2026-02-20 02:00:00,675.0,680.0,670.0,675.0,0
2026-02-20 02:05:00,675.0,675.0,670.0,675.0,427700
2026-02-20 02:10:00,670.0,670.0,665.0,670.0,323700
2026-02-20 02:15:00,670.0,670.0,665.0,670.0,108000
2026-02-20 02:20:00,670.0,670.0,665.0,670.0,220200
2026-02-20 02:25:00,665.0,670.0,660.0,670.0,1351200
2026-02-20 02:30:00,670.0,670.0,665.0,670.0,213500
2026-02-20 02:35:00,675.0,675.0,665.0,670.0,434300
2026-02-20 02:40:00,675.0,675.0,670.0,675.0,389100
2026-02-20 02:45:00,675.0,675.0,670.0,675.0,228100
2026-02-20 02:50:00,670.0,675.0,670.0,675.0,261600
2026-02-20 02:55:00,670.0,675.0,670.0,675.0,177600
2026-02-20 03:00:00,675.0,675.0,670.0,675.0,72800
2026-02-20 03:05:00,670.0,675.0,665.0,675.0,308300
2026-02-20 03:10:00,670.0,675.0,670.0,675.0,112100
2026-02-20 03:15:00,670.0,675.0,665.0,675.0,926300
2026-02-20 03:20:00,670.0,675.0,670.0,675.0,74500
2026-02-20 03:25:00,675.0,675.0,665.0,675.0,178600
2026-02-20 03:30:00,670.0,675.0,665.0,675.0,99500
2026-02-20 03:35:00,675.0,675.0,670.0,670.0,109900
2026-02-20 03:40:00,675.0,675.0,670.0,675.0,72900
2026-02-20 03:45:00,675.0,675.0,670.0,675.0,115100
2026-02-20 03:50:00,675.0,675.0,670.0,675.0,148500
2026-02-20 03:55:00,675.0,675.0,670.0,675.0,92500
2026-02-20 04:00:00,670.0,675.0,665.0,675.0,211500
2026-02-20 04:05:00,670.0,670.0,665.0,670.0,160600
2026-02-20 04:10:00,670.0,675.0,670.0,670.0,229900
2026-02-20 04:15:00,675.0,675.0,670.0,675.0,77200
2026-02-20 04:20:00,670.0,675.0,665.0,675.0,157200
2026-02-20 04:25:00,675.0,675.0,675.0,675.0,72100
2026-02-20 07:00:00,675.0,675.0,670.0,675.0,75200
2026-02-20 07:05:00,670.0,670.0,665.0,670.0,250300
2026-02-20 07:10:00,665.0,670.0,665.0,670.0,3800
2026-02-20 07:15:00,670.0,670.0,665.0,665.0,39300
2026-02-20 07:20:00,670.0,670.0,665.0,665.0,106500
2026-02-20 07:25:00,665.0,665.0,660.0,665.0,2593200
2026-02-20 07:30:00,665.0,665.0,665.0,665.0,7300
2026-02-20 07:35:00,665.0,665.0,660.0,665.0,82200
2026-02-20 07:40:00,665.0,665.0,660.0,665.0,220200
2026-02-20 07:45:00,665.0,670.0,665.0,665.0,217300
2026-02-20 07:50:00,670.0,670.0,665.0,665.0,15200
2026-02-20 07:55:00,670.0,670.0,665.0,665.0,27300
2026-02-20 08:00:00,670.0,670.0,670.0,670.0,0
2026-02-20 08:05:00,670.0,670.0,665.0,670.0,87700
2026-02-20 08:10:00,670.0,670.0,665.0,670.0,188700
2026-02-20 08:15:00,670.0,670.0,665.0,670.0,212300
2026-02-20 08:20:00,675.0,675.0,665.0,670.0,628400
2026-02-20 08:25:00,675.0,675.0,665.0,670.0,214600
2026-02-20 08:30:00,675.0,675.0,670.0,670.0,541600
2026-02-20 08:35:00,670.0,675.0,670.0,675.0,512800
2026-02-20 08:40:00,680.0,680.0,670.0,675.0,1203100
2026-02-20 08:45:00,680.0,685.0,670.0,680.0,997300
2026-02-20 09:00:00,680.0,680.0,680.0,680.0,1087500
2026-02-20 09:05:00,680.0,680.0,680.0,680.0,0
2026-02-20 09:10:00,680.0,680.0,680.0,680.0,35700
2026-02-23 02:00:00,680.0,690.0,680.0,680.0,0
2026-02-23 02:05:00,680.0,685.0,680.0,685.0,85000
2026-02-23 02:10:00,685.0,690.0,680.0,680.0,362000
2026-02-23 02:15:00,690.0,700.0,685.0,685.0,1265500
2026-02-23 02:20:00,695.0,695.0,690.0,690.0,496700
2026-02-23 02:25:00,690.0,695.0,690.0,690.0,380400
2026-02-23 02:30:00,695.0,695.0,685.0,690.0,415200
2026-02-23 02:35:00,690.0,695.0,690.0,690.0,198400
2026-02-23 02:40:00,700.0,705.0,690.0,695.0,2518000
2026-02-23 02:45:00,700.0,705.0,700.0,700.0,743000
2026-02-23 02:50:00,700.0,710.0,700.0,700.0,2901700
2026-02-23 02:55:00,705.0,705.0,700.0,700.0,187700
2026-02-23 03:00:00,710.0,710.0,700.0,700.0,4622700
2026-02-23 03:05:00,710.0,710.0,705.0,705.0,478000
2026-02-23 03:10:00,705.0,710.0,705.0,705.0,176200
2026-02-23 03:15:00,705.0,710.0,705.0,705.0,89000
2026-02-23 03:20:00,705.0,710.0,705.0,710.0,1156700
2026-02-23 03:25:00,705.0,705.0,700.0,700.0,136000
2026-02-23 03:30:00,705.0,705.0,700.0,700.0,67800
2026-02-23 03:35:00,720.0,720.0,700.0,705.0,4888100
2026-02-23 03:40:00,715.0,720.0,710.0,715.0,577900
2026-02-23 03:45:00,710.0,720.0,710.0,715.0,1507300
2026-02-23 03:50:00,710.0,715.0,705.0,715.0,1426500
2026-02-23 03:55:00,710.0,715.0,705.0,715.0,366400
2026-02-23 04:00:00,710.0,710.0,705.0,710.0,163100
2026-02-23 04:05:00,710.0,710.0,705.0,710.0,173500
2026-02-23 04:10:00,710.0,710.0,705.0,710.0,168900
2026-02-23 04:15:00,715.0,715.0,710.0,710.0,532400
2026-02-23 04:20:00,710.0,715.0,710.0,715.0,663000
2026-02-23 04:25:00,710.0,715.0,710.0,715.0,212500
2026-02-23 04:30:00,710.0,715.0,710.0,715.0,302500
2026-02-23 04:35:00,715.0,715.0,710.0,715.0,130000
2026-02-23 04:40:00,715.0,715.0,710.0,715.0,93100
2026-02-23 04:45:00,715.0,715.0,710.0,715.0,79600
2026-02-23 04:50:00,715.0,715.0,710.0,710.0,243700
2026-02-23 04:55:00,715.0,715.0,710.0,715.0,279500
2026-02-23 06:30:00,715.0,715.0,710.0,710.0,538900
2026-02-23 06:35:00,715.0,715.0,710.0,715.0,240700
2026-02-23 06:40:00,715.0,715.0,710.0,710.0,52600
2026-02-23 06:45:00,705.0,715.0,705.0,710.0,567100
2026-02-23 06:50:00,710.0,710.0,705.0,705.0,75900
2026-02-23 06:55:00,710.0,710.0,705.0,710.0,26900
2026-02-23 07:00:00,705.0,710.0,705.0,705.0,44000
2026-02-23 07:05:00,705.0,710.0,705.0,710.0,61500
2026-02-23 07:10:00,710.0,710.0,705.0,710.0,78400
2026-02-23 07:15:00,705.0,710.0,705.0,710.0,14900
2026-02-23 07:20:00,705.0,710.0,705.0,710.0,337100
2026-02-23 07:25:00,705.0,710.0,705.0,705.0,209600
2026-02-23 07:30:00,710.0,710.0,705.0,705.0,109200
2026-02-23 07:35:00,705.0,710.0,700.0,705.0,553500
2026-02-23 07:40:00,710.0,710.0,705.0,705.0,6500
2026-02-23 07:45:00,715.0,715.0,705.0,710.0,969100
2026-02-23 07:50:00,715.0,715.0,705.0,710.0,407700
2026-02-23 07:55:00,715.0,715.0,710.0,710.0,62200
2026-02-23 08:00:00,720.0,720.0,710.0,715.0,2980000
2026-02-23 08:05:00,715.0,720.0,715.0,715.0,398300
2026-02-23 08:10:00,720.0,720.0,715.0,715.0,515200
2026-02-23 08:15:00,715.0,720.0,715.0,715.0,229100
2026-02-23 08:20:00,720.0,720.0,715.0,715.0,66600
2026-02-23 08:25:00,720.0,720.0,715.0,720.0,41000
2026-02-23 08:30:00,720.0,720.0,715.0,715.0,17300
2026-02-23 08:35:00,715.0,720.0,715.0,720.0,621300
2026-02-23 08:40:00,720.0,720.0,715.0,720.0,153900
2026-02-23 08:45:00,720.0,720.0,715.0,715.0,1472800
2026-02-23 09:00:00,720.0,720.0,720.0,720.0,3376700
2026-02-23 09:05:00,720.0,720.0,720.0,720.0,263800
2026-02-23 09:10:00,720.0,720.0,720.0,720.0,402600
2026-02-24 02:00:00,715.0,720.0,710.0,720.0,0
2026-02-24 02:05:00,715.0,720.0,710.0,715.0,207000
2026-02-24 02:10:00,710.0,715.0,705.0,715.0,1980600
2026-02-24 02:15:00,700.0,710.0,700.0,705.0,1463900
2026-02-24 02:20:00,705.0,705.0,695.0,705.0,1853500
2026-02-24 02:25:00,705.0,710.0,700.0,705.0,706800
2026-02-24 02:30:00,695.0,705.0,695.0,700.0,1277800
2026-02-24 02:35:00,700.0,705.0,695.0,695.0,1160400
2026-02-24 02:40:00,700.0,700.0,695.0,700.0,282400
2026-02-24 02:45:00,695.0,700.0,695.0,700.0,514400
2026-02-24 02:50:00,700.0,700.0,695.0,695.0,563800
2026-02-24 02:55:00,700.0,700.0,695.0,695.0,595200
2026-02-24 03:00:00,700.0,700.0,695.0,695.0,719300
2026-02-24 03:05:00,695.0,700.0,695.0,700.0,629100
2026-02-24 03:10:00,700.0,700.0,695.0,700.0,358600
2026-02-24 03:15:00,695.0,700.0,695.0,700.0,667500
2026-02-24 03:20:00,700.0,700.0,695.0,695.0,348500
2026-02-24 03:25:00,695.0,700.0,695.0,700.0,477500
2026-02-24 03:30:00,700.0,700.0,695.0,700.0,511400
2026-02-24 03:35:00,700.0,700.0,695.0,700.0,562500
2026-02-24 03:40:00,700.0,700.0,695.0,700.0,359000
2026-02-24 03:45:00,690.0,700.0,690.0,695.0,1349300
2026-02-24 03:50:00,690.0,695.0,690.0,690.0,501800
2026-02-24 03:55:00,695.0,695.0,690.0,695.0,397700
2026-02-24 04:00:00,695.0,695.0,690.0,695.0,668700
2026-02-24 04:05:00,700.0,700.0,690.0,690.0,941900
2026-02-24 04:10:00,700.0,700.0,695.0,700.0,237700
2026-02-24 04:15:00,690.0,700.0,690.0,700.0,1083000
2026-02-24 04:20:00,695.0,695.0,690.0,695.0,345100
2026-02-24 04:25:00,690.0,695.0,690.0,690.0,1136700
2026-02-24 04:30:00,695.0,695.0,690.0,695.0,412700
2026-02-24 04:35:00,690.0,695.0,690.0,695.0,534000
2026-02-24 04:40:00,695.0,695.0,690.0,690.0,464300
2026-02-24 04:45:00,690.0,695.0,690.0,690.0,504600
2026-02-24 04:50:00,690.0,695.0,690.0,695.0,755800
2026-02-24 04:55:00,690.0,690.0,685.0,690.0,722600
2026-02-24 06:30:00,690.0,695.0,685.0,685.0,1228900
2026-02-24 06:35:00,695.0,695.0,690.0,695.0,523800
2026-02-24 06:40:00,690.0,700.0,690.0,695.0,1250700
2026-02-24 06:45:00,690.0,695.0,690.0,690.0,197300
2026-02-24 06:50:00,700.0,700.0,690.0,695.0,1383300
2026-02-24 06:55:00,695.0,700.0,695.0,695.0,1014800
2026-02-24 07:00:00,695.0,700.0,695.0,700.0,454000
2026-02-24 07:05:00,700.0,700.0,695.0,700.0,584900
2026-02-24 07:10:00,705.0,705.0,695.0,700.0,1854700
2026-02-24 07:15:00,695.0,705.0,695.0,705.0,2072200
2026-02-24 07:20:00,690.0,700.0,690.0,695.0,1294500
2026-02-24 07:25:00,695.0,695.0,690.0,690.0,572900
2026-02-24 07:30:00,700.0,700.0,690.0,690.0,1481100
2026-02-24 07:35:00,700.0,700.0,695.0,700.0,250400
2026-02-24 07:40:00,700.0,700.0,695.0,695.0,309500
2026-02-24 07:45:00,700.0,700.0,695.0,700.0,367400
2026-02-24 07:50:00,700.0,700.0,695.0,695.0,419600
2026-02-24 07:55:00,700.0,700.0,695.0,700.0,534100
2026-02-24 08:00:00,700.0,700.0,695.0,700.0,585000
2026-02-24 08:05:00,695.0,700.0,695.0,700.0,425900
2026-02-24 08:10:00,700.0,700.0,695.0,700.0,576000
2026-02-24 08:15:00,700.0,700.0,695.0,700.0,563600
2026-02-24 08:20:00,690.0,700.0,690.0,700.0,1323100
2026-02-24 08:25:00,695.0,695.0,690.0,690.0,506200
2026-02-24 08:30:00,700.0,700.0,690.0,690.0,1000000
2026-02-24 08:35:00,695.0,700.0,695.0,700.0,751700
2026-02-24 08:40:00,695.0,700.0,690.0,695.0,1339100
2026-02-24 08:45:00,695.0,700.0,690.0,690.0,1640200
2026-02-24 09:00:00,695.0,695.0,695.0,695.0,2136500
2026-02-24 09:05:00,695.0,695.0,695.0,695.0,81900
2026-02-24 09:10:00,695.0,695.0,695.0,695.0,27900
2026-02-25 02:00:00,715.0,715.0,700.0,710.0,0
2026-02-25 02:05:00,710.0,715.0,705.0,715.0,1299200
2026-02-25 02:10:00,710.0,715.0,710.0,715.0,475000
2026-02-25 02:15:00,715.0,715.0,705.0,710.0,3257800
2026-02-25 02:20:00,710.0,715.0,710.0,715.0,1649300
2026-02-25 02:25:00,710.0,715.0,710.0,710.0,5678800
2026-02-25 02:30:00,720.0,725.0,710.0,715.0,8962900
2026-02-25 02:35:00,720.0,730.0,720.0,725.0,5152700
2026-02-25 02:40:00,720.0,725.0,715.0,720.0,1648600
2026-02-25 02:45:00,715.0,725.0,715.0,720.0,489400
2026-02-25 02:50:00,720.0,725.0,720.0,720.0,938600
2026-02-25 02:55:00,715.0,725.0,715.0,720.0,515800
2026-02-25 03:00:00,715.0,720.0,715.0,720.0,727400
2026-02-25 03:05:00,715.0,720.0,715.0,715.0,632600
2026-02-25 03:10:00,720.0,720.0,715.0,720.0,237900
2026-02-25 03:15:00,710.0,720.0,705.0,715.0,6742300
2026-02-25 03:20:00,710.0,710.0,705.0,710.0,1058800
2026-02-25 03:25:00,710.0,710.0,705.0,710.0,116700
2026-02-25 03:30:00,705.0,710.0,705.0,710.0,44300
2026-02-25 03:35:00,710.0,710.0,705.0,705.0,325000
2026-02-25 03:40:00,705.0,710.0,705.0,710.0,148600
2026-02-25 03:45:00,705.0,710.0,705.0,705.0,37000
2026-02-25 03:50:00,710.0,710.0,705.0,710.0,423700
2026-02-25 03:55:00,705.0,710.0,705.0,705.0,234700
2026-02-25 04:00:00,705.0,715.0,705.0,705.0,792600
2026-02-25 04:05:00,710.0,710.0,705.0,710.0,568400
2026-02-25 04:10:00,710.0,710.0,705.0,710.0,320200
2026-02-25 04:15:00,705.0,710.0,705.0,710.0,4200
2026-02-25 04:20:00,710.0,710.0,705.0,705.0,304300
2026-02-25 04:25:00,705.0,710.0,705.0,710.0,385800
2026-02-25 04:30:00,715.0,715.0,710.0,710.0,493400
2026-02-25 04:35:00,715.0,715.0,710.0,715.0,337300
2026-02-25 04:40:00,715.0,715.0,710.0,710.0,246900
2026-02-25 04:45:00,710.0,715.0,710.0,715.0,352500
2026-02-25 04:50:00,710.0,715.0,710.0,715.0,129300
2026-02-25 04:55:00,710.0,715.0,710.0,710.0,892900
2026-02-25 06:30:00,705.0,715.0,705.0,710.0,3750000
2026-02-25 06:35:00,705.0,710.0,705.0,705.0,109300
2026-02-25 06:40:00,710.0,710.0,705.0,705.0,9900
2026-02-25 06:45:00,705.0,710.0,705.0,705.0,207400
2026-02-25 06:50:00,705.0,710.0,705.0,705.0,301500
2026-02-25 06:55:00,705.0,710.0,705.0,705.0,291700
2026-02-25 07:00:00,705.0,710.0,705.0,705.0,285100
2026-02-25 07:05:00,705.0,710.0,705.0,705.0,301500
2026-02-25 07:10:00,710.0,710.0,705.0,710.0,99600
2026-02-25 07:15:00,705.0,710.0,705.0,710.0,130500
2026-02-25 07:20:00,705.0,710.0,700.0,710.0,2284100
2026-02-25 07:25:00,705.0,705.0,700.0,705.0,1033100
2026-02-25 07:30:00,700.0,705.0,700.0,700.0,355500
2026-02-25 07:35:00,700.0,705.0,700.0,700.0,60200
2026-02-25 07:40:00,700.0,705.0,700.0,700.0,370400
2026-02-25 07:45:00,705.0,705.0,700.0,700.0,306400
2026-02-25 07:50:00,700.0,705.0,700.0,700.0,288600
2026-02-25 07:55:00,700.0,705.0,700.0,705.0,81600
2026-02-25 08:00:00,705.0,705.0,700.0,700.0,638100
2026-02-25 08:05:00,705.0,705.0,700.0,705.0,190000
2026-02-25 08:10:00,705.0,705.0,700.0,700.0,129800
2026-02-25 08:15:00,700.0,705.0,700.0,705.0,150800
2026-02-25 08:20:00,705.0,705.0,700.0,705.0,1556300
2026-02-25 08:25:00,705.0,705.0,700.0,700.0,395000
2026-02-25 08:30:00,700.0,705.0,700.0,705.0,680800
2026-02-25 08:35:00,705.0,705.0,700.0,705.0,85900
2026-02-25 08:40:00,700.0,705.0,700.0,700.0,611900
2026-02-25 08:45:00,705.0,710.0,700.0,705.0,947900
2026-02-25 08:50:00,710.0,710.0,710.0,710.0,152000
2026-02-25 09:00:00,710.0,710.0,710.0,710.0,413200
2026-02-25 09:05:00,710.0,710.0,710.0,710.0,60400
2026-02-25 09:10:00,710.0,710.0,710.0,710.0,9900
2026-02-26 02:00:00,675.0,695.0,670.0,680.0,0
2026-02-26 02:05:00,680.0,680.0,675.0,675.0,894700
2026-02-26 02:10:00,680.0,680.0,675.0,680.0,391900
2026-02-26 02:15:00,685.0,685.0,675.0,680.0,1332400
2026-02-26 02:20:00,685.0,685.0,680.0,685.0,351200
2026-02-26 02:25:00,685.0,685.0,680.0,680.0,405800
2026-02-26 02:30:00,685.0,685.0,680.0,680.0,582500
2026-02-26 02:35:00,685.0,685.0,680.0,685.0,375000
2026-02-26 02:40:00,685.0,685.0,680.0,685.0,828200
2026-02-26 02:45:00,675.0,685.0,675.0,685.0,1302100
2026-02-26 02:50:00,685.0,685.0,675.0,680.0,1320300
2026-02-26 02:55:00,690.0,690.0,680.0,685.0,1383400
2026-02-26 03:00:00,680.0,690.0,675.0,690.0,1663700
2026-02-26 03:05:00,680.0,685.0,675.0,680.0,784600
2026-02-26 03:10:00,675.0,680.0,675.0,680.0,154900
2026-02-26 03:15:00,680.0,680.0,675.0,680.0,1019600
2026-02-26 03:20:00,670.0,680.0,670.0,680.0,2554200
2026-02-26 03:25:00,675.0,680.0,670.0,670.0,249100
2026-02-26 03:30:00,675.0,680.0,670.0,670.0,970700
2026-02-26 03:35:00,680.0,680.0,675.0,680.0,237200
2026-02-26 03:40:00,685.0,685.0,680.0,680.0,543600
2026-02-26 03:45:00,675.0,685.0,675.0,685.0,922000
2026-02-26 03:50:00,680.0,680.0,675.0,675.0,587900
2026-02-26 03:55:00,680.0,680.0,675.0,680.0,179000
2026-02-26 04:00:00,685.0,685.0,675.0,680.0,356900
2026-02-26 04:05:00,680.0,685.0,680.0,685.0,228300
2026-02-26 04:10:00,685.0,685.0,680.0,685.0,183700
2026-02-26 04:15:00,680.0,685.0,680.0,685.0,244200
2026-02-26 04:20:00,685.0,685.0,680.0,685.0,216100
2026-02-26 04:25:00,685.0,685.0,680.0,680.0,244400
2026-02-26 04:30:00,680.0,685.0,680.0,685.0,180700
2026-02-26 04:35:00,680.0,685.0,680.0,680.0,138100
2026-02-26 04:40:00,680.0,685.0,680.0,685.0,1810600
2026-02-26 04:45:00,685.0,685.0,680.0,680.0,64700
2026-02-26 04:50:00,685.0,685.0,680.0,685.0,49100
2026-02-26 04:55:00,680.0,685.0,680.0,685.0,4400
2026-02-26 06:30:00,685.0,685.0,680.0,680.0,2157700
2026-02-26 06:35:00,685.0,685.0,680.0,685.0,301000
2026-02-26 06:40:00,685.0,685.0,680.0,685.0,253900
2026-02-26 06:45:00,685.0,685.0,680.0,685.0,277800
2026-02-26 06:50:00,685.0,685.0,680.0,685.0,345000
2026-02-26 06:55:00,685.0,685.0,680.0,680.0,534500
2026-02-26 07:00:00,685.0,685.0,680.0,685.0,395300
2026-02-26 07:05:00,685.0,685.0,680.0,685.0,331000
2026-02-26 07:10:00,685.0,685.0,680.0,685.0,359700
2026-02-26 07:15:00,675.0,685.0,675.0,680.0,2418900
2026-02-26 07:20:00,675.0,680.0,675.0,675.0,660500
2026-02-26 07:25:00,670.0,680.0,670.0,680.0,1780700
2026-02-26 07:30:00,675.0,675.0,670.0,670.0,2240000
2026-02-26 07:35:00,680.0,680.0,670.0,675.0,2183800
2026-02-26 07:40:00,675.0,685.0,675.0,680.0,1481800
2026-02-26 07:45:00,685.0,685.0,675.0,675.0,354300
2026-02-26 07:50:00,680.0,685.0,680.0,685.0,249200
2026-02-26 07:55:00,685.0,685.0,680.0,680.0,227500
2026-02-26 08:00:00,685.0,685.0,680.0,685.0,249200
2026-02-26 08:05:00,685.0,685.0,680.0,685.0,214100
2026-02-26 08:10:00,685.0,685.0,680.0,685.0,246300
2026-02-26 08:15:00,680.0,685.0,680.0,680.0,269400
2026-02-26 08:20:00,690.0,690.0,680.0,685.0,1723900
2026-02-26 08:25:00,685.0,690.0,680.0,690.0,416200
2026-02-26 08:30:00,680.0,685.0,680.0,685.0,771000
2026-02-26 08:35:00,685.0,685.0,680.0,685.0,955500
2026-02-26 08:40:00,680.0,685.0,680.0,685.0,308800
2026-02-26 08:45:00,685.0,685.0,675.0,680.0,1288500
2026-02-26 09:00:00,680.0,680.0,680.0,680.0,830000
2026-02-26 09:05:00,680.0,680.0,680.0,680.0,73400
2026-02-27 02:00:00,670.0,670.0,655.0,665.0,0
2026-02-27 02:05:00,665.0,670.0,660.0,670.0,2459700
2026-02-27 02:10:00,665.0,670.0,660.0,665.0,412600
2026-02-27 02:15:00,675.0,675.0,665.0,665.0,6165200
2026-02-27 02:20:00,680.0,680.0,670.0,670.0,1112000
2026-02-27 02:25:00,685.0,690.0,675.0,680.0,1275500
2026-02-27 02:30:00,685.0,690.0,685.0,685.0,583800
2026-02-27 02:35:00,690.0,690.0,685.0,690.0,1614000
2026-02-27 02:40:00,695.0,700.0,690.0,690.0,589400
2026-02-27 02:45:00,695.0,695.0,690.0,695.0,806000
2026-02-27 02:50:00,690.0,700.0,690.0,695.0,1497200
2026-02-27 02:55:00,690.0,695.0,690.0,690.0,1386400
2026-02-27 03:00:00,695.0,700.0,690.0,690.0,2014200
2026-02-27 03:05:00,690.0,695.0,685.0,695.0,816100
2026-02-27 03:10:00,695.0,695.0,690.0,695.0,2600
2026-02-27 03:15:00,685.0,695.0,685.0,695.0,1828200
2026-02-27 03:20:00,690.0,690.0,680.0,685.0,528300
2026-02-27 03:25:00,695.0,695.0,685.0,690.0,1708400
2026-02-27 03:30:00,695.0,695.0,690.0,695.0,51500
2026-02-27 03:35:00,695.0,695.0,690.0,695.0,33200
2026-02-27 03:40:00,690.0,695.0,690.0,695.0,28200
2026-02-27 03:45:00,690.0,695.0,690.0,695.0,19900
2026-02-27 03:50:00,690.0,695.0,690.0,695.0,696800
2026-02-27 03:55:00,695.0,695.0,690.0,690.0,0
2026-02-27 04:00:00,695.0,695.0,690.0,695.0,164900
2026-02-27 04:05:00,695.0,695.0,690.0,695.0,7000
2026-02-27 04:10:00,690.0,695.0,690.0,690.0,141600
2026-02-27 04:15:00,695.0,695.0,695.0,695.0,4800
2026-02-27 04:20:00,695.0,695.0,690.0,695.0,17400
2026-02-27 04:25:00,690.0,695.0,690.0,695.0,8700
2026-02-27 07:00:00,700.0,700.0,690.0,690.0,1111400
2026-02-27 07:05:00,695.0,700.0,695.0,695.0,59700
2026-02-27 07:10:00,700.0,700.0,695.0,695.0,137300
2026-02-27 07:15:00,695.0,700.0,695.0,695.0,53200
2026-02-27 07:20:00,700.0,700.0,695.0,695.0,34000
2026-02-27 07:25:00,695.0,700.0,695.0,700.0,59800
2026-02-27 07:30:00,695.0,700.0,695.0,695.0,22500
2026-02-27 07:35:00,695.0,700.0,695.0,700.0,62000
2026-02-27 07:40:00,700.0,700.0,695.0,695.0,311200
2026-02-27 07:45:00,700.0,700.0,695.0,700.0,29300
2026-02-27 07:50:00,695.0,700.0,695.0,700.0,53700
2026-02-27 07:55:00,695.0,700.0,695.0,700.0,45900
2026-02-27 08:00:00,695.0,700.0,695.0,695.0,749400
2026-02-27 08:05:00,690.0,700.0,690.0,695.0,656900
2026-02-27 08:10:00,690.0,700.0,690.0,695.0,461200
2026-02-27 08:15:00,700.0,700.0,690.0,695.0,31700
2026-02-27 08:20:00,700.0,700.0,695.0,695.0,35000
2026-02-27 08:25:00,695.0,700.0,695.0,700.0,128200
2026-02-27 08:30:00,695.0,700.0,695.0,695.0,1035000
2026-02-27 08:35:00,695.0,700.0,695.0,700.0,216500
2026-02-27 08:40:00,695.0,700.0,695.0,695.0,32300
2026-02-27 08:45:00,695.0,700.0,695.0,695.0,87800
2026-02-27 09:00:00,700.0,700.0,700.0,700.0,2266600
2026-02-27 09:05:00,700.0,700.0,700.0,700.0,3600
2026-02-27 09:10:00,700.0,700.0,700.0,700.0,9100
2026-03-02 02:00:00,680.0,685.0,670.0,670.0,0
2026-03-02 02:05:00,680.0,685.0,680.0,680.0,687600
2026-03-02 02:10:00,680.0,685.0,680.0,680.0,164200
2026-03-02 02:15:00,675.0,680.0,675.0,680.0,529200
2026-03-02 02:20:00,675.0,680.0,675.0,675.0,1308700
2026-03-02 02:25:00,670.0,680.0,670.0,680.0,1931400
2026-03-02 02:30:00,680.0,680.0,670.0,680.0,922200
2026-03-02 02:35:00,680.0,680.0,680.0,680.0,161200
2026-03-02 02:40:00,675.0,680.0,675.0,675.0,26300
2026-03-02 02:45:00,680.0,680.0,675.0,675.0,961000
2026-03-02 02:50:00,680.0,685.0,680.0,680.0,150200
2026-03-02 02:55:00,680.0,680.0,675.0,680.0,87400
2026-03-02 03:00:00,680.0,680.0,675.0,675.0,541900
2026-03-02 03:05:00,685.0,685.0,680.0,680.0,299100
2026-03-02 03:10:00,680.0,680.0,680.0,680.0,87700
2026-03-02 03:15:00,680.0,685.0,680.0,685.0,26700
2026-03-02 03:25:00,680.0,685.0,680.0,680.0,95000
2026-03-02 03:30:00,675.0,685.0,675.0,680.0,604500
2026-03-02 03:35:00,680.0,680.0,675.0,675.0,2000
2026-03-02 03:40:00,680.0,680.0,675.0,675.0,15000
2026-03-02 03:45:00,680.0,680.0,675.0,680.0,87100
2026-03-02 03:50:00,680.0,680.0,675.0,680.0,336200
2026-03-02 03:55:00,675.0,680.0,675.0,680.0,83800
2026-03-02 04:00:00,680.0,680.0,675.0,675.0,190200
2026-03-02 04:05:00,680.0,680.0,675.0,675.0,0
2026-03-02 04:10:00,675.0,680.0,675.0,675.0,39400
2026-03-02 04:15:00,675.0,675.0,675.0,675.0,27900
2026-03-02 04:20:00,680.0,680.0,675.0,675.0,0
2026-03-02 04:25:00,680.0,680.0,675.0,680.0,25500
2026-03-02 04:30:00,680.0,680.0,675.0,675.0,20200
2026-03-02 04:35:00,680.0,680.0,675.0,675.0,86100
2026-03-02 04:40:00,675.0,680.0,675.0,680.0,30900
2026-03-02 04:45:00,675.0,680.0,675.0,680.0,39500
2026-03-02 04:50:00,675.0,680.0,675.0,680.0,20100
2026-03-02 04:55:00,675.0,680.0,675.0,680.0,256900
2026-03-02 06:30:00,680.0,685.0,675.0,680.0,309100
2026-03-02 06:35:00,680.0,680.0,680.0,680.0,57900
2026-03-02 06:40:00,670.0,675.0,670.0,675.0,1169900
2026-03-02 06:45:00,675.0,675.0,670.0,675.0,17900
2026-03-02 06:50:00,665.0,675.0,665.0,675.0,893100
2026-03-02 06:55:00,660.0,670.0,660.0,665.0,655700
2026-03-02 07:00:00,660.0,665.0,660.0,660.0,451000
2026-03-02 07:05:00,665.0,665.0,660.0,660.0,588800
2026-03-02 07:10:00,665.0,670.0,660.0,665.0,117300
2026-03-02 07:15:00,660.0,665.0,660.0,660.0,375000
2026-03-02 07:20:00,665.0,665.0,660.0,660.0,150600
2026-03-02 07:25:00,655.0,665.0,655.0,660.0,921100
2026-03-02 07:30:00,655.0,660.0,655.0,655.0,132400
2026-03-02 07:35:00,660.0,660.0,655.0,655.0,465800
2026-03-02 07:40:00,665.0,665.0,660.0,660.0,69300
2026-03-02 07:45:00,660.0,665.0,660.0,660.0,54800
2026-03-02 07:50:00,660.0,665.0,660.0,660.0,707100
2026-03-02 07:55:00,660.0,660.0,655.0,655.0,224800
2026-03-02 08:00:00,660.0,665.0,655.0,660.0,395900
2026-03-02 08:05:00,660.0,660.0,655.0,660.0,196800
2026-03-02 08:10:00,660.0,660.0,655.0,660.0,276500
2026-03-02 08:15:00,660.0,660.0,655.0,655.0,504700
2026-03-02 08:20:00,660.0,660.0,655.0,660.0,80700
2026-03-02 08:25:00,655.0,660.0,655.0,660.0,75400
2026-03-02 08:30:00,660.0,660.0,655.0,655.0,181700
2026-03-02 08:35:00,660.0,660.0,655.0,660.0,152400
2026-03-02 08:40:00,660.0,660.0,655.0,655.0,414200
2026-03-02 08:45:00,655.0,660.0,655.0,660.0,736700
2026-03-02 09:00:00,655.0,655.0,655.0,655.0,892500
2026-03-02 09:05:00,655.0,655.0,655.0,655.0,2900
2026-03-02 09:10:00,655.0,655.0,655.0,655.0,0
2026-03-03 02:00:00,655.0,660.0,655.0,655.0,0
2026-03-03 02:05:00,660.0,660.0,650.0,655.0,735500
2026-03-03 02:10:00,660.0,660.0,655.0,655.0,8300
2026-03-03 02:15:00,660.0,660.0,655.0,655.0,93600
2026-03-03 02:20:00,665.0,665.0,655.0,655.0,189900
2026-03-03 02:25:00,670.0,670.0,665.0,665.0,191900
2026-03-03 02:30:00,670.0,670.0,665.0,670.0,24300
2026-03-03 02:35:00,665.0,670.0,665.0,665.0,71000
2026-03-03 02:40:00,665.0,670.0,660.0,665.0,1082200
2026-03-03 02:45:00,670.0,670.0,665.0,665.0,163300
2026-03-03 02:50:00,665.0,670.0,660.0,670.0,594500
2026-03-03 02:55:00,670.0,670.0,660.0,665.0,363300
2026-03-03 03:00:00,670.0,670.0,665.0,665.0,446800
2026-03-03 03:05:00,670.0,670.0,665.0,670.0,84600
2026-03-03 03:10:00,670.0,670.0,665.0,670.0,129500
2026-03-03 03:15:00,675.0,680.0,670.0,670.0,996300
2026-03-03 03:20:00,670.0,675.0,670.0,675.0,337900
2026-03-03 03:25:00,670.0,675.0,670.0,670.0,96400
2026-03-03 03:30:00,675.0,675.0,670.0,670.0,190300
2026-03-03 03:35:00,675.0,675.0,670.0,675.0,183700
2026-03-03 03:40:00,670.0,675.0,670.0,675.0,132700
2026-03-03 03:45:00,675.0,675.0,670.0,675.0,81400
2026-03-03 03:50:00,665.0,675.0,665.0,670.0,1283100
2026-03-03 03:55:00,665.0,670.0,665.0,670.0,63800
2026-03-03 04:00:00,670.0,670.0,665.0,670.0,98600
2026-03-03 04:05:00,670.0,670.0,665.0,670.0,68700
2026-03-03 04:10:00,665.0,670.0,665.0,670.0,267600
2026-03-03 04:15:00,670.0,670.0,665.0,670.0,97400
2026-03-03 04:20:00,665.0,670.0,665.0,670.0,294300
2026-03-03 04:25:00,665.0,670.0,665.0,670.0,270100
2026-03-03 04:30:00,670.0,670.0,665.0,665.0,120500
2026-03-03 04:35:00,670.0,670.0,665.0,670.0,56000
2026-03-03 04:40:00,665.0,670.0,665.0,670.0,80400
2026-03-03 04:45:00,670.0,670.0,665.0,670.0,386400
2026-03-03 04:50:00,665.0,670.0,665.0,665.0,178100
2026-03-03 04:55:00,670.0,670.0,665.0,670.0,131500
2026-03-03 06:30:00,670.0,670.0,665.0,670.0,717800
2026-03-03 06:35:00,670.0,670.0,660.0,665.0,1393200
2026-03-03 06:40:00,665.0,665.0,660.0,665.0,124900
2026-03-03 06:45:00,665.0,670.0,665.0,665.0,356500
2026-03-03 06:50:00,675.0,675.0,665.0,670.0,298100
2026-03-03 06:55:00,670.0,670.0,665.0,665.0,63400
2026-03-03 07:00:00,670.0,675.0,665.0,670.0,177800
2026-03-03 07:05:00,665.0,670.0,665.0,665.0,427000
2026-03-03 07:10:00,670.0,670.0,665.0,665.0,260000
2026-03-03 07:15:00,675.0,675.0,665.0,670.0,549400
2026-03-03 07:20:00,670.0,675.0,670.0,670.0,186000
2026-03-03 07:25:00,675.0,680.0,670.0,670.0,1029600
2026-03-03 07:30:00,680.0,685.0,675.0,680.0,832200
2026-03-03 07:35:00,685.0,685.0,675.0,680.0,984000
2026-03-03 07:40:00,680.0,685.0,680.0,685.0,334100
2026-03-03 07:45:00,685.0,685.0,680.0,680.0,326000
2026-03-03 07:50:00,685.0,685.0,680.0,680.0,152000
2026-03-03 07:55:00,675.0,685.0,675.0,685.0,1173700
2026-03-03 08:00:00,675.0,685.0,675.0,680.0,1065100
2026-03-03 08:05:00,680.0,680.0,675.0,680.0,41800
2026-03-03 08:10:00,680.0,680.0,675.0,675.0,64500
2026-03-03 08:15:00,680.0,685.0,675.0,680.0,649900
2026-03-03 08:20:00,680.0,685.0,680.0,685.0,666500
2026-03-03 08:25:00,680.0,685.0,675.0,680.0,378100
2026-03-03 08:30:00,680.0,680.0,675.0,680.0,767800
2026-03-03 08:35:00,680.0,680.0,670.0,675.0,707300
2026-03-03 08:40:00,670.0,675.0,670.0,670.0,530000
2026-03-03 08:45:00,670.0,675.0,670.0,675.0,210100
2026-03-03 09:00:00,675.0,675.0,675.0,675.0,1966800
2026-03-03 09:05:00,675.0,675.0,675.0,675.0,0
2026-03-04 02:00:00,660.0,685.0,660.0,680.0,0
2026-03-04 02:05:00,660.0,665.0,660.0,665.0,42500
2026-03-04 02:10:00,655.0,660.0,655.0,660.0,308500
2026-03-04 02:15:00,660.0,660.0,655.0,655.0,145200
2026-03-04 02:20:00,655.0,655.0,650.0,655.0,293900
2026-03-04 02:25:00,655.0,655.0,655.0,655.0,20500
2026-03-04 02:30:00,660.0,660.0,655.0,655.0,11200
2026-03-04 02:35:00,660.0,660.0,655.0,660.0,6000
2026-03-04 02:40:00,655.0,660.0,655.0,655.0,27600
2026-03-04 02:45:00,655.0,655.0,655.0,655.0,60200
2026-03-04 02:50:00,650.0,650.0,650.0,650.0,9700
2026-03-04 02:55:00,650.0,655.0,645.0,655.0,1594300
2026-03-04 03:00:00,650.0,650.0,645.0,650.0,64000
2026-03-04 03:05:00,645.0,645.0,635.0,645.0,1384500
2026-03-04 03:10:00,645.0,645.0,640.0,640.0,143500
2026-03-04 03:15:00,640.0,640.0,640.0,640.0,164900
2026-03-04 03:20:00,635.0,645.0,635.0,640.0,378100
2026-03-04 03:25:00,630.0,635.0,625.0,635.0,401900
2026-03-04 03:30:00,635.0,640.0,630.0,630.0,164100
2026-03-04 03:35:00,635.0,645.0,635.0,640.0,158800
2026-03-04 03:40:00,635.0,640.0,635.0,640.0,79700
2026-03-04 03:45:00,635.0,640.0,630.0,640.0,1043400
2026-03-04 03:50:00,635.0,640.0,635.0,635.0,76600
2026-03-04 03:55:00,635.0,640.0,635.0,640.0,46800
2026-03-04 04:00:00,630.0,640.0,630.0,635.0,352000
2026-03-04 04:05:00,630.0,635.0,630.0,635.0,20300
2026-03-04 04:10:00,635.0,635.0,630.0,635.0,327200
2026-03-04 04:15:00,635.0,640.0,630.0,635.0,117100
2026-03-04 04:20:00,630.0,640.0,630.0,640.0,37900
2026-03-04 04:25:00,630.0,635.0,630.0,635.0,24100
2026-03-04 04:30:00,625.0,635.0,625.0,630.0,619100
2026-03-04 04:35:00,625.0,630.0,620.0,630.0,839600
2026-03-04 04:40:00,625.0,630.0,625.0,625.0,1800
2026-03-04 04:45:00,625.0,630.0,625.0,625.0,454200
2026-03-04 04:50:00,625.0,630.0,625.0,625.0,40500
2026-03-04 04:55:00,625.0,630.0,625.0,625.0,278900
2026-03-04 06:30:00,625.0,630.0,625.0,625.0,495900
2026-03-04 06:35:00,630.0,630.0,625.0,625.0,44700
2026-03-04 06:40:00,630.0,635.0,625.0,625.0,313000
2026-03-04 06:45:00,625.0,630.0,625.0,630.0,119900
2026-03-04 06:50:00,630.0,630.0,625.0,625.0,4200
2026-03-04 06:55:00,630.0,630.0,620.0,625.0,232000
2026-03-04 07:00:00,625.0,630.0,625.0,630.0,42800
2026-03-04 07:05:00,620.0,625.0,615.0,625.0,845400
2026-03-04 07:10:00,625.0,625.0,615.0,620.0,287000
2026-03-04 07:15:00,620.0,625.0,620.0,625.0,0
2026-03-04 07:20:00,620.0,630.0,620.0,620.0,235500
2026-03-04 07:25:00,620.0,630.0,620.0,625.0,195100
2026-03-04 07:30:00,630.0,635.0,620.0,620.0,150200
2026-03-04 07:35:00,630.0,630.0,630.0,630.0,570600
2026-03-04 07:40:00,630.0,630.0,630.0,630.0,171500
2026-03-04 07:45:00,630.0,635.0,630.0,630.0,72500
2026-03-04 07:50:00,630.0,635.0,630.0,635.0,179200
2026-03-04 07:55:00,630.0,635.0,630.0,630.0,22600
2026-03-04 08:00:00,635.0,635.0,630.0,630.0,34000
2026-03-04 08:05:00,630.0,635.0,630.0,635.0,0
2026-03-04 08:10:00,630.0,635.0,630.0,630.0,398800
2026-03-04 08:15:00,630.0,635.0,630.0,635.0,97000
2026-03-04 08:20:00,630.0,635.0,630.0,630.0,49800
2026-03-04 08:25:00,630.0,635.0,630.0,630.0,284200
2026-03-04 08:30:00,630.0,635.0,630.0,630.0,451300
2026-03-04 08:35:00,630.0,635.0,630.0,630.0,349500
2026-03-04 08:40:00,630.0,635.0,630.0,630.0,619400
2026-03-04 08:45:00,635.0,635.0,630.0,630.0,609800
2026-03-04 09:00:00,635.0,635.0,635.0,635.0,794200
2026-03-04 09:05:00,635.0,635.0,635.0,635.0,5500
2026-03-04 09:10:00,635.0,635.0,635.0,635.0,500
2026-03-05 02:00:00,650.0,655.0,645.0,645.0,0
2026-03-05 02:05:00,655.0,655.0,645.0,650.0,317300
2026-03-05 02:10:00,640.0,655.0,635.0,655.0,1335500
2026-03-05 02:15:00,640.0,645.0,640.0,645.0,17800
2026-03-05 02:20:00,645.0,650.0,640.0,645.0,485900
2026-03-05 02:25:00,645.0,645.0,640.0,645.0,12000
2026-03-05 02:30:00,645.0,645.0,640.0,645.0,6400
2026-03-05 02:35:00,635.0,645.0,635.0,645.0,619600
2026-03-05 02:40:00,640.0,640.0,635.0,635.0,48400
2026-03-05 02:45:00,640.0,640.0,635.0,640.0,21000
2026-03-05 02:50:00,640.0,640.0,635.0,635.0,8500
2026-03-05 02:55:00,635.0,640.0,630.0,640.0,494400
2026-03-05 03:00:00,635.0,635.0,630.0,630.0,33400
2026-03-05 03:05:00,635.0,640.0,635.0,635.0,175500
2026-03-05 03:10:00,635.0,635.0,635.0,635.0,0
2026-03-05 03:15:00,635.0,635.0,635.0,635.0,48000
2026-03-05 03:20:00,635.0,635.0,630.0,635.0,203900
2026-03-05 03:25:00,635.0,635.0,635.0,635.0,200
2026-03-05 03:30:00,635.0,635.0,635.0,635.0,108000
2026-03-05 03:35:00,635.0,635.0,635.0,635.0,53400
2026-03-05 03:40:00,640.0,640.0,630.0,635.0,335800
2026-03-05 03:45:00,645.0,645.0,635.0,640.0,865800
2026-03-05 03:50:00,645.0,645.0,640.0,645.0,107100
2026-03-05 03:55:00,640.0,645.0,640.0,645.0,298700
2026-03-05 04:00:00,635.0,645.0,630.0,645.0,2323600
2026-03-05 04:05:00,635.0,635.0,635.0,635.0,7500
2026-03-05 04:10:00,635.0,640.0,635.0,635.0,462400
2026-03-05 04:15:00,635.0,640.0,635.0,640.0,73800
2026-03-05 04:20:00,635.0,635.0,630.0,635.0,31200
2026-03-05 04:25:00,635.0,635.0,630.0,635.0,65000
2026-03-05 04:30:00,635.0,635.0,630.0,635.0,1900
2026-03-05 04:35:00,630.0,635.0,630.0,635.0,55700
2026-03-05 04:40:00,635.0,635.0,630.0,635.0,30100
2026-03-05 04:45:00,635.0,635.0,630.0,635.0,35300
2026-03-05 04:50:00,630.0,635.0,630.0,635.0,33300
2026-03-05 04:55:00,630.0,635.0,630.0,635.0,576800
2026-03-05 06:30:00,635.0,635.0,630.0,635.0,705300
2026-03-05 06:35:00,635.0,635.0,635.0,635.0,3900
2026-03-05 06:40:00,635.0,635.0,630.0,635.0,30900
2026-03-05 06:45:00,630.0,635.0,630.0,635.0,139300
2026-03-05 06:50:00,635.0,640.0,630.0,635.0,2048200
2026-03-05 06:55:00,635.0,640.0,630.0,640.0,3554000
2026-03-05 07:00:00,640.0,640.0,635.0,635.0,3812500
2026-03-05 07:05:00,640.0,640.0,635.0,640.0,36100
2026-03-05 07:10:00,640.0,640.0,635.0,640.0,482300
2026-03-05 07:15:00,640.0,640.0,640.0,640.0,89800
2026-03-05 07:20:00,635.0,640.0,635.0,640.0,43600
2026-03-05 07:25:00,640.0,640.0,635.0,635.0,202100
2026-03-05 07:30:00,635.0,640.0,635.0,635.0,83200
2026-03-05 07:35:00,635.0,640.0,635.0,640.0,59100
2026-03-05 07:40:00,640.0,640.0,635.0,640.0,453200
2026-03-05 07:45:00,640.0,640.0,635.0,635.0,255000
2026-03-05 07:50:00,640.0,645.0,635.0,640.0,724900
2026-03-05 07:55:00,640.0,645.0,640.0,645.0,463400
2026-03-05 08:00:00,640.0,640.0,635.0,640.0,110800
2026-03-05 08:05:00,640.0,640.0,635.0,640.0,312900
2026-03-05 08:10:00,635.0,640.0,635.0,640.0,0
2026-03-05 08:15:00,635.0,640.0,635.0,640.0,43800
2026-03-05 08:20:00,635.0,640.0,635.0,640.0,207000
2026-03-05 08:25:00,640.0,640.0,635.0,640.0,26200
2026-03-05 08:30:00,635.0,640.0,635.0,640.0,181700
2026-03-05 08:35:00,640.0,640.0,635.0,640.0,112500
2026-03-05 08:40:00,635.0,640.0,635.0,640.0,227200
2026-03-05 08:45:00,630.0,640.0,630.0,640.0,1248600
2026-03-05 09:00:00,640.0,640.0,640.0,640.0,611400
2026-03-05 09:05:00,640.0,640.0,640.0,640.0,20100
2026-03-06 02:00:00,635.0,635.0,625.0,630.0,0
2026-03-06 02:05:00,635.0,635.0,630.0,630.0,27000
2026-03-06 02:10:00,625.0,635.0,625.0,635.0,413200
2026-03-06 02:15:00,625.0,635.0,625.0,625.0,108200
2026-03-06 02:20:00,625.0,630.0,625.0,630.0,2500
2026-03-06 02:25:00,625.0,630.0,625.0,630.0,4500
2026-03-06 02:30:00,625.0,630.0,620.0,630.0,254300
2026-03-06 02:35:00,625.0,630.0,625.0,625.0,1800
2026-03-06 02:40:00,620.0,630.0,620.0,625.0,173700
2026-03-06 02:45:00,625.0,630.0,620.0,630.0,114100
2026-03-06 02:50:00,620.0,625.0,620.0,620.0,37200
2026-03-06 02:55:00,625.0,625.0,620.0,620.0,3200
2026-03-06 03:00:00,625.0,625.0,620.0,625.0,24700
2026-03-06 03:05:00,620.0,630.0,620.0,620.0,93700
2026-03-06 03:10:00,620.0,630.0,620.0,620.0,83400
2026-03-06 03:15:00,625.0,625.0,620.0,625.0,314300
2026-03-06 03:20:00,620.0,625.0,620.0,620.0,152900
2026-03-06 03:25:00,625.0,625.0,620.0,620.0,818400
2026-03-06 03:30:00,620.0,620.0,620.0,620.0,10100
2026-03-06 03:35:00,625.0,625.0,620.0,620.0,113100
2026-03-06 03:40:00,615.0,625.0,615.0,625.0,1672800
2026-03-06 03:45:00,615.0,620.0,615.0,615.0,227000
2026-03-06 03:50:00,610.0,620.0,610.0,615.0,634500
2026-03-06 03:55:00,610.0,615.0,610.0,610.0,147500
2026-03-06 04:00:00,610.0,615.0,610.0,610.0,266500
2026-03-06 04:05:00,610.0,615.0,610.0,610.0,217100
2026-03-06 04:10:00,605.0,615.0,605.0,610.0,460800
2026-03-06 04:15:00,605.0,610.0,605.0,605.0,295000
2026-03-06 04:20:00,605.0,610.0,605.0,605.0,371100
2026-03-06 04:25:00,605.0,610.0,605.0,605.0,296800
2026-03-06 07:00:00,615.0,615.0,605.0,610.0,1622000
2026-03-06 07:05:00,605.0,615.0,605.0,615.0,785300
2026-03-06 07:10:00,610.0,610.0,605.0,610.0,214800
2026-03-06 07:15:00,605.0,610.0,605.0,610.0,625100
2026-03-06 07:20:00,600.0,610.0,600.0,605.0,846800
2026-03-06 07:25:00,605.0,610.0,600.0,600.0,2067500
2026-03-06 07:30:00,605.0,615.0,605.0,605.0,255400
2026-03-06 07:35:00,610.0,615.0,605.0,610.0,742200
2026-03-06 07:40:00,610.0,610.0,610.0,610.0,309000
2026-03-06 07:45:00,610.0,610.0,610.0,610.0,176600
2026-03-06 07:50:00,610.0,615.0,610.0,610.0,214600
2026-03-06 07:55:00,615.0,620.0,610.0,610.0,1277900
2026-03-06 08:00:00,615.0,620.0,615.0,620.0,301600
2026-03-06 08:05:00,615.0,620.0,615.0,615.0,578000
2026-03-06 08:10:00,615.0,615.0,615.0,615.0,265600
2026-03-06 08:15:00,615.0,615.0,615.0,615.0,614700
2026-03-06 08:20:00,615.0,615.0,615.0,615.0,516800
2026-03-06 08:25:00,615.0,620.0,615.0,615.0,422100
2026-03-06 08:30:00,620.0,620.0,615.0,615.0,552200
2026-03-06 08:35:00,615.0,620.0,615.0,615.0,927000
2026-03-06 08:40:00,615.0,620.0,615.0,615.0,780400
2026-03-06 08:45:00,615.0,620.0,615.0,615.0,1386300
2026-03-06 09:00:00,620.0,620.0,620.0,620.0,338400
2026-03-06 09:05:00,620.0,620.0,620.0,620.0,498100
2026-03-06 09:10:00,620.0,620.0,620.0,620.0,100
2026-03-09 02:00:00,590.0,600.0,580.0,595.0,0
2026-03-09 02:05:00,575.0,590.0,570.0,585.0,1282300
2026-03-09 02:10:00,575.0,580.0,570.0,575.0,728600
2026-03-09 02:15:00,605.0,610.0,575.0,575.0,1502100
2026-03-09 02:20:00,600.0,605.0,600.0,605.0,130700
2026-03-09 02:25:00,590.0,600.0,590.0,600.0,1046200
2026-03-09 02:30:00,590.0,595.0,590.0,595.0,181600
2026-03-09 02:35:00,595.0,595.0,590.0,590.0,220400
2026-03-09 02:40:00,600.0,600.0,595.0,595.0,297400
2026-03-09 02:45:00,600.0,605.0,600.0,600.0,87000
2026-03-09 02:50:00,600.0,600.0,600.0,600.0,308600
2026-03-09 02:55:00,595.0,600.0,590.0,600.0,293200
2026-03-09 03:00:00,590.0,595.0,590.0,595.0,164800
2026-03-09 03:05:00,590.0,595.0,590.0,590.0,192400
2026-03-09 03:10:00,590.0,595.0,590.0,590.0,65600
2026-03-09 03:15:00,595.0,595.0,590.0,590.0,141900
2026-03-09 03:20:00,595.0,595.0,590.0,590.0,153000
2026-03-09 03:25:00,600.0,600.0,600.0,600.0,43200
2026-03-09 03:30:00,600.0,600.0,600.0,600.0,0
2026-03-09 03:35:00,595.0,600.0,595.0,600.0,572600
2026-03-09 03:40:00,600.0,605.0,595.0,595.0,141700
2026-03-09 03:45:00,605.0,605.0,600.0,600.0,162000
2026-03-09 03:50:00,610.0,610.0,605.0,610.0,38700
2026-03-09 03:55:00,605.0,610.0,605.0,605.0,33400
2026-03-09 04:00:00,605.0,605.0,605.0,605.0,594100
2026-03-09 04:05:00,605.0,605.0,605.0,605.0,44600
2026-03-09 04:10:00,605.0,610.0,605.0,605.0,8900
2026-03-09 04:25:00,610.0,610.0,605.0,605.0,25500
2026-03-09 04:30:00,610.0,610.0,610.0,610.0,0
2026-03-09 04:35:00,610.0,615.0,605.0,605.0,393000
2026-03-09 04:40:00,610.0,610.0,605.0,610.0,326900
2026-03-09 04:45:00,600.0,610.0,600.0,610.0,683400
2026-03-09 04:50:00,605.0,605.0,600.0,600.0,43200
2026-03-09 04:55:00,600.0,605.0,600.0,605.0,32200
2026-03-09 06:30:00,595.0,605.0,595.0,600.0,553700
2026-03-09 06:35:00,600.0,600.0,600.0,600.0,167400
2026-03-09 06:40:00,600.0,605.0,600.0,605.0,1299700
2026-03-09 06:45:00,605.0,610.0,605.0,605.0,1295300
2026-03-09 06:50:00,605.0,610.0,605.0,610.0,495300
2026-03-09 06:55:00,605.0,605.0,605.0,605.0,173000
2026-03-09 07:00:00,600.0,605.0,600.0,605.0,798300
2026-03-09 07:05:00,600.0,605.0,600.0,600.0,220000
2026-03-09 07:10:00,600.0,605.0,600.0,600.0,279500
2026-03-09 07:15:00,595.0,605.0,595.0,600.0,300900
2026-03-09 07:20:00,605.0,605.0,595.0,595.0,499900
2026-03-09 07:25:00,600.0,605.0,600.0,600.0,246000
2026-03-09 07:30:00,600.0,600.0,600.0,600.0,103900
2026-03-09 07:35:00,600.0,600.0,600.0,600.0,118400
2026-03-09 07:40:00,600.0,605.0,600.0,605.0,1268200
2026-03-09 07:45:00,600.0,605.0,600.0,600.0,139300
2026-03-09 07:50:00,600.0,605.0,595.0,600.0,1232400
2026-03-09 07:55:00,595.0,600.0,595.0,600.0,201700
2026-03-09 08:00:00,605.0,605.0,595.0,595.0,959900
2026-03-09 08:05:00,605.0,605.0,600.0,605.0,369600
2026-03-09 08:10:00,595.0,610.0,595.0,610.0,1572600
2026-03-09 08:15:00,595.0,595.0,595.0,595.0,308000
2026-03-09 08:20:00,595.0,600.0,595.0,595.0,290900
2026-03-09 08:25:00,590.0,600.0,590.0,595.0,2567100
2026-03-09 08:30:00,595.0,600.0,590.0,590.0,1273200
2026-03-09 08:35:00,600.0,600.0,595.0,595.0,499500
2026-03-09 08:40:00,595.0,600.0,595.0,595.0,289600
2026-03-09 08:45:00,590.0,600.0,590.0,600.0,1352200
2026-03-09 09:00:00,585.0,585.0,585.0,585.0,1121600
2026-03-10 02:00:00,610.0,615.0,600.0,600.0,0
2026-03-10 02:05:00,615.0,620.0,610.0,610.0,615300
2026-03-10 02:10:00,615.0,615.0,610.0,615.0,553400
2026-03-10 02:15:00,620.0,620.0,610.0,615.0,391100
2026-03-10 02:20:00,610.0,620.0,610.0,620.0,930600
2026-03-10 02:25:00,610.0,610.0,610.0,610.0,66000
2026-03-10 02:30:00,605.0,610.0,605.0,610.0,1369000
2026-03-10 02:35:00,605.0,605.0,605.0,605.0,388900
2026-03-10 02:40:00,605.0,610.0,605.0,605.0,102100
2026-03-10 02:45:00,610.0,610.0,605.0,610.0,389200
2026-03-10 02:50:00,610.0,610.0,605.0,610.0,529000
2026-03-10 02:55:00,620.0,620.0,610.0,610.0,1092700
2026-03-10 03:00:00,615.0,620.0,615.0,620.0,115300
2026-03-10 03:05:00,620.0,620.0,615.0,620.0,1033700
2026-03-10 03:10:00,620.0,620.0,620.0,620.0,148800
2026-03-10 03:15:00,625.0,625.0,620.0,620.0,436800
2026-03-10 03:20:00,625.0,625.0,620.0,625.0,223900
2026-03-10 03:25:00,625.0,630.0,620.0,625.0,1158000
2026-03-10 03:30:00,625.0,630.0,625.0,625.0,245500
2026-03-10 03:35:00,625.0,625.0,625.0,625.0,280300
2026-03-10 03:40:00,620.0,625.0,620.0,625.0,479400
2026-03-10 03:45:00,620.0,625.0,620.0,625.0,26800
2026-03-10 03:50:00,620.0,625.0,615.0,620.0,543500
2026-03-10 03:55:00,625.0,625.0,620.0,620.0,514400
2026-03-10 04:00:00,625.0,625.0,620.0,625.0,444000
2026-03-10 04:05:00,620.0,625.0,620.0,620.0,127300
2026-03-10 04:10:00,625.0,625.0,620.0,620.0,173900
2026-03-10 04:15:00,615.0,625.0,615.0,625.0,682400
2026-03-10 04:20:00,630.0,630.0,620.0,620.0,2106500
2026-03-10 04:25:00,630.0,635.0,630.0,635.0,992900
2026-03-10 04:30:00,630.0,635.0,625.0,630.0,1578700
2026-03-10 04:35:00,640.0,640.0,630.0,635.0,1804700
2026-03-10 04:40:00,625.0,640.0,625.0,640.0,756100
2026-03-10 04:45:00,630.0,630.0,625.0,625.0,483600
2026-03-10 04:50:00,635.0,635.0,630.0,630.0,508400
2026-03-10 04:55:00,640.0,640.0,630.0,635.0,453400
2026-03-10 06:30:00,635.0,640.0,635.0,635.0,277800
2026-03-10 06:35:00,640.0,640.0,635.0,640.0,899900
2026-03-10 06:40:00,640.0,640.0,635.0,635.0,234200
2026-03-10 06:45:00,635.0,640.0,630.0,640.0,879300
2026-03-10 06:50:00,640.0,640.0,635.0,635.0,273700
2026-03-10 06:55:00,640.0,640.0,635.0,640.0,430400
2026-03-10 07:00:00,640.0,640.0,635.0,640.0,260300
2026-03-10 07:05:00,640.0,640.0,635.0,640.0,977200
2026-03-10 07:10:00,640.0,645.0,640.0,645.0,479000
2026-03-10 07:15:00,645.0,645.0,640.0,640.0,283500
2026-03-10 07:20:00,645.0,645.0,640.0,645.0,981200
2026-03-10 07:25:00,645.0,645.0,640.0,640.0,783800
2026-03-10 07:30:00,645.0,650.0,640.0,645.0,704400
2026-03-10 07:35:00,645.0,645.0,645.0,645.0,522600
2026-03-10 07:40:00,640.0,650.0,640.0,645.0,340200
2026-03-10 07:45:00,640.0,650.0,640.0,645.0,748900
2026-03-10 07:50:00,650.0,650.0,645.0,645.0,686800
2026-03-10 07:55:00,645.0,655.0,645.0,645.0,4114300
2026-03-10 08:00:00,645.0,650.0,645.0,645.0,457500
2026-03-10 08:05:00,645.0,650.0,645.0,650.0,914900
2026-03-10 08:10:00,640.0,650.0,640.0,645.0,1528100
2026-03-10 08:15:00,645.0,645.0,640.0,640.0,1539500
2026-03-10 08:20:00,650.0,650.0,645.0,645.0,1646900
2026-03-10 08:25:00,645.0,650.0,640.0,645.0,560200
2026-03-10 08:30:00,640.0,645.0,640.0,640.0,297700
2026-03-10 08:35:00,645.0,645.0,640.0,640.0,254400
2026-03-10 08:40:00,645.0,645.0,640.0,640.0,616900
2026-03-10 08:45:00,640.0,645.0,640.0,645.0,1785300
2026-03-10 09:00:00,640.0,640.0,640.0,640.0,632300
2026-03-10 09:05:00,640.0,640.0,640.0,640.0,72700
2026-03-11 02:00:00,635.0,640.0,625.0,635.0,0
2026-03-11 02:05:00,635.0,635.0,630.0,630.0,145800
2026-03-11 02:10:00,630.0,635.0,625.0,635.0,187700
2026-03-11 02:15:00,625.0,630.0,620.0,625.0,341300
2026-03-11 02:20:00,630.0,630.0,625.0,625.0,110200
2026-03-11 02:25:00,625.0,630.0,625.0,630.0,45900
2026-03-11 02:30:00,625.0,625.0,625.0,625.0,495600
2026-03-11 02:35:00,630.0,630.0,625.0,625.0,509700
2026-03-11 02:40:00,625.0,630.0,625.0,625.0,5400
2026-03-11 02:45:00,630.0,630.0,625.0,625.0,139200
2026-03-11 02:50:00,620.0,630.0,615.0,630.0,709800
2026-03-11 02:55:00,620.0,620.0,615.0,620.0,504400
2026-03-11 03:00:00,620.0,620.0,620.0,620.0,225900
2026-03-11 03:05:00,625.0,625.0,620.0,620.0,17100
2026-03-11 03:10:00,620.0,625.0,620.0,625.0,232000
2026-03-11 03:15:00,620.0,620.0,620.0,620.0,0
2026-03-11 03:20:00,620.0,620.0,615.0,620.0,96700
2026-03-11 03:25:00,620.0,620.0,615.0,620.0,119500
2026-03-11 03:30:00,615.0,620.0,615.0,620.0,33800
2026-03-11 03:35:00,615.0,620.0,615.0,620.0,29600
2026-03-11 03:40:00,615.0,620.0,615.0,620.0,83100
2026-03-11 03:45:00,615.0,620.0,610.0,615.0,2061600
2026-03-11 03:50:00,620.0,620.0,615.0,620.0,37000
2026-03-11 03:55:00,615.0,615.0,615.0,615.0,0
2026-03-11 04:00:00,615.0,615.0,615.0,615.0,13000
2026-03-11 04:05:00,615.0,620.0,615.0,620.0,23400
2026-03-11 04:10:00,620.0,620.0,615.0,615.0,73100
2026-03-11 04:15:00,615.0,620.0,615.0,620.0,11500
2026-03-11 04:20:00,620.0,620.0,615.0,615.0,135900
2026-03-11 04:25:00,620.0,620.0,615.0,615.0,573100
2026-03-11 04:30:00,620.0,620.0,615.0,620.0,215500
2026-03-11 04:35:00,620.0,620.0,615.0,615.0,44900
2026-03-11 04:40:00,615.0,620.0,615.0,615.0,19000
2026-03-11 04:45:00,615.0,620.0,615.0,620.0,493400
2026-03-11 04:50:00,620.0,620.0,620.0,620.0,7600
2026-03-11 04:55:00,620.0,620.0,615.0,615.0,248100
2026-03-11 06:30:00,615.0,620.0,615.0,615.0,776700
2026-03-11 06:35:00,615.0,615.0,615.0,615.0,9200
2026-03-11 06:40:00,620.0,620.0,615.0,620.0,322500
2026-03-11 06:45:00,615.0,620.0,615.0,620.0,252200
2026-03-11 06:50:00,620.0,620.0,615.0,620.0,10600
2026-03-11 06:55:00,615.0,620.0,615.0,615.0,802500
2026-03-11 07:00:00,615.0,620.0,615.0,615.0,819000
2026-03-11 07:05:00,610.0,615.0,610.0,615.0,1104800
2026-03-11 07:10:00,610.0,615.0,610.0,610.0,126300
2026-03-11 07:15:00,615.0,615.0,610.0,610.0,28200
2026-03-11 07:20:00,615.0,615.0,610.0,610.0,27100
2026-03-11 07:25:00,610.0,615.0,610.0,610.0,34000
2026-03-11 07:30:00,610.0,615.0,610.0,610.0,2357300
2026-03-11 07:35:00,610.0,610.0,610.0,610.0,28500
2026-03-11 07:40:00,610.0,615.0,610.0,615.0,15800
2026-03-11 07:45:00,615.0,615.0,610.0,610.0,531900
2026-03-11 07:50:00,615.0,615.0,615.0,615.0,1088900
2026-03-11 07:55:00,620.0,620.0,620.0,620.0,153100
2026-03-11 08:00:00,615.0,615.0,615.0,615.0,44100
2026-03-11 08:05:00,620.0,620.0,615.0,615.0,9200
2026-03-11 08:10:00,615.0,620.0,615.0,615.0,29000
2026-03-11 08:15:00,620.0,620.0,615.0,620.0,58600
2026-03-11 08:20:00,615.0,620.0,615.0,620.0,419000
2026-03-11 08:25:00,615.0,615.0,610.0,610.0,269100
2026-03-11 08:30:00,610.0,615.0,610.0,615.0,21600
2026-03-11 08:35:00,610.0,615.0,610.0,615.0,68300
2026-03-11 08:40:00,610.0,615.0,610.0,610.0,232900
2026-03-11 08:45:00,615.0,615.0,610.0,615.0,2547100
2026-03-11 09:00:00,610.0,610.0,610.0,610.0,631800
2026-03-11 09:05:00,610.0,610.0,610.0,610.0,15100
2026-03-11 09:10:00,610.0,610.0,610.0,610.0,293500
2026-03-12 02:00:00,610.0,615.0,605.0,605.0,0
2026-03-12 02:05:00,610.0,615.0,605.0,610.0,47100
2026-03-12 02:10:00,605.0,605.0,605.0,605.0,5500
2026-03-12 02:15:00,610.0,610.0,605.0,605.0,6600
2026-03-12 02:20:00,610.0,610.0,610.0,610.0,300
2026-03-12 02:25:00,610.0,610.0,605.0,610.0,149400
2026-03-12 02:30:00,610.0,610.0,605.0,605.0,225500
2026-03-12 02:35:00,605.0,605.0,605.0,605.0,195200
2026-03-12 02:40:00,605.0,610.0,605.0,605.0,64900
2026-03-12 02:45:00,610.0,610.0,605.0,605.0,77900
2026-03-12 02:50:00,605.0,605.0,605.0,605.0,65600
2026-03-12 02:55:00,605.0,610.0,605.0,605.0,96300
2026-03-12 03:00:00,605.0,610.0,605.0,605.0,58400
2026-03-12 03:05:00,610.0,610.0,605.0,605.0,45000
2026-03-12 03:10:00,605.0,605.0,605.0,605.0,1500
2026-03-12 03:15:00,605.0,610.0,605.0,610.0,29700
2026-03-12 03:20:00,605.0,610.0,605.0,605.0,26200
2026-03-12 03:25:00,610.0,610.0,605.0,605.0,90700
2026-03-12 03:30:00,610.0,610.0,605.0,610.0,5900
2026-03-12 03:35:00,610.0,610.0,610.0,610.0,90200
2026-03-12 03:40:00,615.0,615.0,615.0,615.0,690200
2026-03-12 03:45:00,610.0,615.0,610.0,615.0,45200
2026-03-12 03:50:00,610.0,610.0,610.0,610.0,162700
2026-03-12 04:00:00,610.0,610.0,610.0,610.0,172000
2026-03-12 04:05:00,610.0,610.0,610.0,610.0,5200
2026-03-12 04:10:00,610.0,615.0,610.0,615.0,69700
2026-03-12 04:15:00,610.0,610.0,610.0,610.0,2000
2026-03-12 04:20:00,610.0,610.0,610.0,610.0,0
2026-03-12 04:30:00,610.0,610.0,610.0,610.0,29800
2026-03-12 04:45:00,610.0,610.0,610.0,610.0,16100
2026-03-12 04:50:00,610.0,610.0,610.0,610.0,4700
2026-03-12 06:30:00,610.0,615.0,610.0,610.0,515800
2026-03-12 06:35:00,610.0,610.0,610.0,610.0,400
2026-03-12 06:40:00,610.0,610.0,610.0,610.0,149700
2026-03-12 06:50:00,610.0,610.0,610.0,610.0,252000
2026-03-12 06:55:00,610.0,610.0,610.0,610.0,64800
2026-03-12 07:00:00,610.0,610.0,610.0,610.0,6800
2026-03-12 07:05:00,610.0,615.0,610.0,615.0,190700
2026-03-12 07:10:00,615.0,615.0,615.0,615.0,0
2026-03-12 07:15:00,610.0,615.0,610.0,615.0,109800
2026-03-12 07:20:00,610.0,610.0,610.0,610.0,313300
2026-03-12 07:25:00,610.0,615.0,610.0,615.0,0
2026-03-12 07:30:00,615.0,615.0,610.0,610.0,82700
2026-03-12 07:35:00,615.0,615.0,610.0,610.0,261700
2026-03-12 07:40:00,610.0,610.0,610.0,610.0,260000
2026-03-12 07:45:00,610.0,610.0,610.0,610.0,331600
2026-03-12 07:50:00,610.0,610.0,610.0,610.0,369200
2026-03-12 07:55:00,605.0,610.0,605.0,610.0,699600
2026-03-12 08:10:00,605.0,610.0,605.0,605.0,61500
2026-03-12 08:15:00,605.0,605.0,605.0,605.0,800
2026-03-12 08:20:00,605.0,610.0,605.0,605.0,81700
2026-03-12 08:30:00,610.0,610.0,605.0,605.0,35400
2026-03-12 08:35:00,605.0,610.0,605.0,610.0,16200
2026-03-12 08:40:00,605.0,610.0,605.0,610.0,4400
2026-03-12 08:45:00,605.0,605.0,605.0,605.0,1000
2026-03-12 09:00:00,605.0,605.0,605.0,605.0,263900
2026-03-12 09:05:00,605.0,605.0,605.0,605.0,9900
2026-03-13 02:00:00,605.0,610.0,605.0,605.0,0
2026-03-13 02:05:00,605.0,605.0,605.0,605.0,101300
2026-03-13 02:10:00,605.0,610.0,605.0,605.0,3200
2026-03-13 02:15:00,605.0,605.0,605.0,605.0,1000
2026-03-13 02:20:00,605.0,610.0,605.0,605.0,104700
2026-03-13 02:25:00,605.0,605.0,605.0,605.0,114900
2026-03-13 02:30:00,605.0,610.0,605.0,610.0,27000
2026-03-13 02:35:00,605.0,605.0,605.0,605.0,80500
2026-03-13 02:40:00,605.0,605.0,605.0,605.0,36000
2026-03-13 02:45:00,605.0,605.0,605.0,605.0,41200
2026-03-13 02:50:00,605.0,605.0,605.0,605.0,108000
2026-03-13 02:55:00,605.0,605.0,605.0,605.0,11200
2026-03-13 03:00:00,605.0,605.0,605.0,605.0,4400
2026-03-13 03:05:00,605.0,610.0,605.0,610.0,159400
2026-03-13 03:10:00,600.0,605.0,600.0,600.0,13000
2026-03-13 03:15:00,600.0,600.0,600.0,600.0,0
2026-03-13 03:20:00,600.0,605.0,600.0,600.0,153000
2026-03-13 03:25:00,600.0,600.0,600.0,600.0,0
2026-03-13 03:30:00,605.0,605.0,600.0,600.0,8000
2026-03-13 03:35:00,605.0,605.0,600.0,600.0,5600
2026-03-13 03:40:00,600.0,605.0,600.0,600.0,835600
2026-03-13 03:45:00,600.0,600.0,600.0,600.0,200000
2026-03-13 03:50:00,600.0,605.0,600.0,600.0,307000
2026-03-13 03:55:00,600.0,600.0,600.0,600.0,404400
2026-03-13 04:00:00,600.0,600.0,600.0,600.0,103900
2026-03-13 04:05:00,595.0,600.0,595.0,600.0,147500
2026-03-13 04:10:00,595.0,600.0,595.0,600.0,38200
2026-03-13 04:15:00,595.0,600.0,595.0,595.0,293200
2026-03-13 04:20:00,595.0,600.0,595.0,595.0,150700
2026-03-13 04:25:00,595.0,600.0,595.0,595.0,183200
2026-03-13 07:00:00,600.0,600.0,590.0,595.0,578200
2026-03-13 07:05:00,595.0,595.0,595.0,595.0,55100
2026-03-13 07:10:00,595.0,595.0,595.0,595.0,172100
2026-03-13 07:15:00,595.0,595.0,595.0,595.0,59400
2026-03-13 07:20:00,595.0,600.0,595.0,600.0,269200
2026-03-13 07:25:00,595.0,595.0,595.0,595.0,20700
2026-03-13 07:30:00,595.0,600.0,595.0,595.0,225100
2026-03-13 07:35:00,595.0,600.0,595.0,595.0,153000
2026-03-13 07:40:00,595.0,595.0,595.0,595.0,28900
2026-03-13 07:45:00,595.0,595.0,595.0,595.0,256800
2026-03-13 07:50:00,590.0,600.0,590.0,595.0,632100
2026-03-13 07:55:00,590.0,595.0,590.0,590.0,40400
2026-03-13 08:00:00,590.0,595.0,590.0,595.0,52800
2026-03-13 08:05:00,590.0,590.0,590.0,590.0,130100
2026-03-13 08:10:00,590.0,595.0,590.0,590.0,45600
2026-03-13 08:15:00,590.0,590.0,590.0,590.0,46100
2026-03-13 08:20:00,590.0,590.0,590.0,590.0,83400
2026-03-13 08:25:00,590.0,595.0,590.0,590.0,50900
2026-03-13 08:30:00,590.0,595.0,590.0,590.0,59900
2026-03-13 08:35:00,590.0,595.0,590.0,590.0,86900
2026-03-13 08:40:00,590.0,595.0,590.0,590.0,405500
2026-03-13 08:45:00,590.0,595.0,590.0,590.0,476200
2026-03-13 09:00:00,595.0,595.0,595.0,595.0,778200
2026-03-16 02:00:00,595.0,600.0,595.0,595.0,0
2026-03-16 02:05:00,595.0,595.0,595.0,595.0,20800
2026-03-16 02:10:00,590.0,595.0,590.0,590.0,165600
2026-03-16 02:15:00,595.0,595.0,590.0,590.0,41300
2026-03-16 02:20:00,595.0,595.0,590.0,595.0,3200
2026-03-16 02:25:00,595.0,595.0,590.0,590.0,63000
2026-03-16 02:30:00,590.0,590.0,590.0,590.0,228200
2026-03-16 02:35:00,590.0,595.0,590.0,590.0,27500
2026-03-16 02:40:00,590.0,590.0,590.0,590.0,1200
2026-03-16 02:45:00,590.0,595.0,590.0,595.0,5500
2026-03-16 02:50:00,595.0,600.0,595.0,595.0,211000
2026-03-16 02:55:00,595.0,595.0,595.0,595.0,1300
2026-03-16 03:00:00,595.0,595.0,595.0,595.0,100
2026-03-16 03:05:00,595.0,595.0,595.0,595.0,1200
2026-03-16 03:10:00,590.0,595.0,590.0,595.0,6700
2026-03-16 03:15:00,590.0,590.0,590.0,590.0,100000
2026-03-16 03:20:00,590.0,590.0,590.0,590.0,69800
2026-03-16 03:25:00,590.0,595.0,590.0,590.0,137700
2026-03-16 03:30:00,590.0,590.0,590.0,590.0,206400
2026-03-16 03:35:00,590.0,595.0,590.0,590.0,800
2026-03-16 03:40:00,595.0,595.0,590.0,590.0,137600
2026-03-16 03:45:00,590.0,595.0,590.0,590.0,0
2026-03-16 03:50:00,590.0,595.0,590.0,590.0,45700
2026-03-16 03:55:00,590.0,595.0,590.0,590.0,49900
2026-03-16 04:00:00,590.0,590.0,590.0,590.0,20900
2026-03-16 04:05:00,590.0,590.0,590.0,590.0,48100
2026-03-16 04:10:00,590.0,590.0,590.0,590.0,11200
2026-03-16 04:15:00,590.0,590.0,590.0,590.0,7300
2026-03-16 04:20:00,590.0,595.0,590.0,595.0,79700
2026-03-16 04:25:00,590.0,590.0,590.0,590.0,92700
2026-03-16 04:30:00,595.0,595.0,590.0,590.0,81700
2026-03-16 04:35:00,595.0,595.0,595.0,595.0,1800
2026-03-16 04:45:00,590.0,590.0,590.0,590.0,16500
2026-03-16 04:50:00,590.0,595.0,590.0,590.0,162700
2026-03-16 04:55:00,590.0,590.0,590.0,590.0,187000
2026-03-16 06:30:00,590.0,595.0,590.0,595.0,40900
2026-03-16 06:35:00,600.0,600.0,590.0,590.0,349400
2026-03-16 06:40:00,595.0,595.0,595.0,595.0,26400
2026-03-16 06:45:00,595.0,595.0,595.0,595.0,800
2026-03-16 06:50:00,595.0,600.0,595.0,595.0,35600
2026-03-16 06:55:00,595.0,600.0,595.0,595.0,67900
2026-03-16 07:00:00,595.0,595.0,595.0,595.0,21000
2026-03-16 07:05:00,595.0,600.0,595.0,595.0,106400
2026-03-16 07:10:00,595.0,600.0,595.0,595.0,85000
2026-03-16 07:15:00,595.0,595.0,595.0,595.0,37400
2026-03-16 07:20:00,595.0,595.0,595.0,595.0,172700
2026-03-16 07:25:00,595.0,595.0,595.0,595.0,81800
2026-03-16 07:30:00,595.0,595.0,595.0,595.0,50000
2026-03-16 07:35:00,595.0,595.0,595.0,595.0,53400
2026-03-16 07:40:00,595.0,595.0,595.0,595.0,107800
2026-03-16 07:45:00,595.0,595.0,595.0,595.0,44900
2026-03-16 07:50:00,595.0,595.0,595.0,595.0,130700
2026-03-16 07:55:00,595.0,600.0,595.0,595.0,63500
2026-03-16 08:00:00,595.0,595.0,595.0,595.0,73900
2026-03-16 08:05:00,595.0,595.0,595.0,595.0,36200
2026-03-16 08:10:00,595.0,595.0,595.0,595.0,99000
2026-03-16 08:15:00,595.0,595.0,595.0,595.0,103100
2026-03-16 08:20:00,595.0,595.0,595.0,595.0,37000
2026-03-16 08:25:00,595.0,595.0,595.0,595.0,109000
2026-03-16 08:30:00,595.0,600.0,595.0,595.0,305200
2026-03-16 08:35:00,595.0,595.0,595.0,595.0,126700
2026-03-16 08:40:00,590.0,590.0,590.0,590.0,210200
2026-03-16 08:45:00,600.0,600.0,595.0,595.0,252000
2026-03-16 09:00:00,600.0,600.0,600.0,600.0,112400
2026-03-16 09:05:00,600.0,600.0,600.0,600.0,0
2026-03-16 09:10:00,600.0,600.0,600.0,600.0,1600
2026-03-17 02:00:00,600.0,605.0,595.0,595.0,0
2026-03-17 02:05:00,605.0,605.0,600.0,600.0,61600
2026-03-17 02:10:00,600.0,605.0,600.0,605.0,86200
2026-03-17 02:15:00,600.0,610.0,600.0,610.0,0
2026-03-17 02:20:00,605.0,605.0,600.0,600.0,103700
2026-03-17 02:30:00,605.0,605.0,605.0,605.0,8300
2026-03-17 02:35:00,605.0,605.0,600.0,600.0,235500
2026-03-17 02:40:00,605.0,605.0,600.0,600.0,231500
2026-03-17 02:45:00,605.0,605.0,605.0,605.0,2500
2026-03-17 02:50:00,605.0,605.0,605.0,605.0,200
2026-03-17 02:55:00,610.0,610.0,605.0,605.0,3900
2026-03-17 03:00:00,605.0,610.0,605.0,605.0,600100
2026-03-17 03:05:00,605.0,605.0,605.0,605.0,171500
2026-03-17 03:10:00,605.0,605.0,605.0,605.0,11400
2026-03-17 03:15:00,605.0,605.0,605.0,605.0,40200
2026-03-17 03:20:00,605.0,605.0,605.0,605.0,253700
2026-03-17 03:25:00,605.0,605.0,605.0,605.0,61500
2026-03-17 03:30:00,610.0,610.0,610.0,610.0,554500
2026-03-17 03:35:00,610.0,610.0,605.0,610.0,246400
2026-03-17 03:40:00,620.0,625.0,610.0,610.0,768800
2026-03-17 03:45:00,625.0,625.0,620.0,620.0,82100
2026-03-17 03:50:00,625.0,630.0,625.0,625.0,88700
2026-03-17 03:55:00,625.0,630.0,625.0,625.0,34600
2026-03-17 04:00:00,620.0,620.0,620.0,620.0,92300
2026-03-17 04:05:00,620.0,620.0,620.0,620.0,0
2026-03-17 04:10:00,620.0,620.0,620.0,620.0,73700
2026-03-17 04:15:00,620.0,620.0,620.0,620.0,293800
2026-03-17 04:20:00,625.0,625.0,620.0,620.0,3500
2026-03-17 04:30:00,620.0,620.0,620.0,620.0,8600
2026-03-17 04:35:00,620.0,620.0,620.0,620.0,16000
2026-03-17 04:40:00,620.0,620.0,620.0,620.0,132500
2026-03-17 04:45:00,615.0,615.0,615.0,615.0,6900
2026-03-17 04:50:00,615.0,615.0,615.0,615.0,1900
2026-03-17 04:55:00,615.0,620.0,615.0,620.0,159500
2026-03-17 06:30:00,615.0,620.0,615.0,615.0,175700
2026-03-17 06:35:00,615.0,620.0,615.0,615.0,23000
2026-03-17 06:40:00,615.0,620.0,615.0,615.0,18500
2026-03-17 06:45:00,615.0,620.0,615.0,615.0,250400
2026-03-17 06:50:00,620.0,620.0,615.0,615.0,2112900
2026-03-17 06:55:00,615.0,620.0,615.0,620.0,4000
2026-03-17 07:00:00,615.0,615.0,615.0,615.0,13500
2026-03-17 07:05:00,620.0,620.0,615.0,615.0,11300
2026-03-17 07:10:00,615.0,620.0,615.0,615.0,64700
2026-03-17 07:15:00,620.0,620.0,615.0,615.0,114800
2026-03-17 07:20:00,620.0,620.0,615.0,615.0,60300
2026-03-17 07:25:00,615.0,620.0,615.0,615.0,138500
2026-03-17 07:30:00,630.0,630.0,615.0,615.0,1306200
2026-03-17 07:35:00,625.0,625.0,625.0,625.0,77600
2026-03-17 07:40:00,625.0,630.0,625.0,630.0,188300
2026-03-17 07:45:00,625.0,630.0,625.0,625.0,245500
2026-03-17 07:50:00,620.0,625.0,620.0,620.0,62800
2026-03-17 07:55:00,625.0,625.0,620.0,620.0,136600
2026-03-17 08:00:00,620.0,625.0,620.0,625.0,158900
2026-03-17 08:05:00,620.0,625.0,620.0,625.0,117600
2026-03-17 08:10:00,620.0,625.0,615.0,620.0,823900
2026-03-17 08:15:00,620.0,625.0,615.0,620.0,464300
2026-03-17 08:20:00,620.0,625.0,620.0,625.0,142500
2026-03-17 08:25:00,625.0,630.0,625.0,625.0,176100
2026-03-17 08:30:00,625.0,630.0,620.0,625.0,297700
2026-03-17 08:35:00,630.0,630.0,625.0,625.0,15800
2026-03-17 08:40:00,625.0,630.0,625.0,625.0,70000
2026-03-17 08:45:00,625.0,625.0,620.0,625.0,788900
2026-03-17 09:00:00,620.0,620.0,620.0,620.0,2014100
2026-03-17 09:05:00,620.0,620.0,620.0,620.0,8600
2026-03-25 02:00:00,620.0,625.0,615.0,615.0,0
2026-03-25 02:05:00,615.0,620.0,615.0,615.0,659000
2026-03-25 02:10:00,625.0,625.0,615.0,615.0,1030000
2026-03-25 02:15:00,620.0,625.0,620.0,625.0,79900
2026-03-25 02:20:00,620.0,625.0,620.0,620.0,142600
2026-03-25 02:25:00,620.0,620.0,620.0,620.0,106700
2026-03-25 02:30:00,615.0,620.0,615.0,620.0,336800
2026-03-25 02:35:00,615.0,615.0,615.0,615.0,17100
2026-03-25 02:40:00,620.0,620.0,615.0,615.0,99600
2026-03-25 02:45:00,615.0,620.0,615.0,615.0,86400
2026-03-25 02:50:00,620.0,620.0,615.0,620.0,153900
2026-03-25 02:55:00,620.0,620.0,615.0,615.0,51700
2026-03-25 03:00:00,615.0,620.0,615.0,620.0,37900
2026-03-25 03:05:00,615.0,620.0,615.0,615.0,26300
2026-03-25 03:10:00,615.0,615.0,615.0,615.0,1200
2026-03-25 03:15:00,620.0,620.0,615.0,615.0,61300
2026-03-25 03:20:00,620.0,620.0,615.0,615.0,191200
2026-03-25 03:25:00,615.0,615.0,615.0,615.0,20600
2026-03-25 03:30:00,615.0,620.0,615.0,615.0,19100
2026-03-25 03:35:00,615.0,620.0,615.0,615.0,32200
2026-03-25 03:40:00,615.0,620.0,615.0,615.0,49400
2026-03-25 03:45:00,615.0,620.0,615.0,615.0,91600
2026-03-25 03:50:00,615.0,620.0,615.0,615.0,34800
2026-03-25 03:55:00,620.0,620.0,615.0,615.0,245800
2026-03-25 04:00:00,615.0,620.0,615.0,620.0,23700
2026-03-25 04:05:00,615.0,620.0,615.0,615.0,3256200
2026-03-25 04:10:00,615.0,615.0,615.0,615.0,21300
2026-03-25 04:15:00,620.0,620.0,615.0,615.0,10800
2026-03-25 04:20:00,615.0,620.0,615.0,620.0,3900
2026-03-25 04:25:00,615.0,615.0,615.0,615.0,5800
2026-03-25 04:30:00,615.0,620.0,615.0,615.0,19300
2026-03-25 04:35:00,620.0,620.0,615.0,615.0,24200
2026-03-25 04:40:00,615.0,620.0,615.0,615.0,13500
2026-03-25 04:45:00,615.0,620.0,615.0,615.0,5400
2026-03-25 04:50:00,620.0,620.0,615.0,615.0,6600
2026-03-25 04:55:00,615.0,615.0,615.0,615.0,0
2026-03-25 06:30:00,625.0,640.0,615.0,620.0,4799700
2026-03-25 06:35:00,630.0,635.0,625.0,625.0,2386000
2026-03-25 06:40:00,630.0,635.0,630.0,635.0,346700
2026-03-25 06:45:00,635.0,640.0,630.0,635.0,2852100
2026-03-25 06:50:00,635.0,640.0,635.0,640.0,399300
2026-03-25 06:55:00,635.0,640.0,635.0,635.0,477700
2026-03-25 07:00:00,630.0,640.0,630.0,635.0,647300
2026-03-25 07:05:00,635.0,635.0,630.0,630.0,432100
2026-03-25 07:10:00,635.0,635.0,630.0,635.0,580700
2026-03-25 07:15:00,630.0,640.0,630.0,635.0,326500
2026-03-25 07:20:00,635.0,640.0,635.0,640.0,0
2026-03-25 07:25:00,635.0,635.0,630.0,630.0,15200
2026-03-25 07:30:00,635.0,640.0,630.0,630.0,1172500
2026-03-25 07:35:00,640.0,640.0,635.0,635.0,1656500
2026-03-25 07:40:00,635.0,635.0,635.0,635.0,242100
2026-03-25 07:45:00,635.0,635.0,630.0,630.0,108500
2026-03-25 07:50:00,630.0,630.0,625.0,630.0,3250700
2026-03-25 07:55:00,630.0,635.0,630.0,630.0,299500
2026-03-25 08:00:00,635.0,635.0,635.0,635.0,44600
2026-03-25 08:05:00,630.0,635.0,630.0,635.0,93000
2026-03-25 08:10:00,635.0,640.0,630.0,635.0,934100
2026-03-25 08:15:00,640.0,640.0,635.0,635.0,32000
2026-03-25 08:20:00,640.0,640.0,635.0,635.0,83300
2026-03-25 08:25:00,630.0,640.0,630.0,640.0,3086500
2026-03-25 08:30:00,630.0,635.0,630.0,630.0,200500
2026-03-25 08:35:00,635.0,635.0,630.0,630.0,1099900
2026-03-25 08:40:00,635.0,640.0,635.0,635.0,397100
2026-03-25 08:45:00,635.0,640.0,635.0,635.0,1769600
2026-03-25 09:00:00,635.0,635.0,635.0,635.0,1273200
2026-03-25 09:05:00,635.0,635.0,635.0,635.0,12200
2026-03-25 09:10:00,635.0,635.0,635.0,635.0,7700
2026-03-26 02:00:00,640.0,645.0,630.0,630.0,0
2026-03-26 02:05:00,645.0,655.0,640.0,650.0,1552500
2026-03-26 02:10:00,640.0,645.0,635.0,645.0,1503400
2026-03-26 02:15:00,645.0,645.0,640.0,640.0,347300
2026-03-26 02:20:00,640.0,645.0,640.0,640.0,42300
2026-03-26 02:25:00,645.0,645.0,640.0,645.0,1042100
2026-03-26 02:30:00,640.0,645.0,635.0,645.0,1232400
2026-03-26 02:35:00,640.0,640.0,630.0,635.0,531600
2026-03-26 02:40:00,635.0,640.0,635.0,640.0,79900
2026-03-26 02:45:00,635.0,640.0,630.0,640.0,5938100
2026-03-26 02:50:00,635.0,635.0,635.0,635.0,331200
2026-03-26 02:55:00,635.0,640.0,635.0,635.0,0
2026-03-26 03:00:00,635.0,640.0,635.0,640.0,75600
2026-03-26 03:05:00,635.0,635.0,630.0,635.0,160100
2026-03-26 03:10:00,630.0,635.0,630.0,630.0,86500
2026-03-26 03:15:00,635.0,635.0,630.0,635.0,32900
2026-03-26 03:20:00,635.0,635.0,630.0,635.0,160700
2026-03-26 03:25:00,630.0,635.0,630.0,635.0,109500
2026-03-26 03:30:00,635.0,635.0,630.0,635.0,63800
2026-03-26 03:35:00,625.0,635.0,625.0,630.0,677100
2026-03-26 03:40:00,630.0,630.0,630.0,630.0,17300
2026-03-26 03:45:00,630.0,630.0,625.0,630.0,88900
2026-03-26 03:50:00,630.0,630.0,625.0,625.0,173700
2026-03-26 03:55:00,630.0,630.0,630.0,630.0,136300
2026-03-26 04:00:00,630.0,635.0,625.0,630.0,211400
2026-03-26 04:05:00,630.0,630.0,625.0,625.0,23000
2026-03-26 04:10:00,630.0,630.0,625.0,630.0,48900
2026-03-26 04:15:00,630.0,630.0,625.0,625.0,29300
2026-03-26 04:20:00,630.0,630.0,625.0,630.0,71200
2026-03-26 04:25:00,625.0,625.0,620.0,625.0,356000
2026-03-26 04:30:00,625.0,625.0,625.0,625.0,32400
2026-03-26 04:35:00,630.0,630.0,625.0,625.0,7000
2026-03-26 04:40:00,625.0,630.0,625.0,630.0,15500
2026-03-26 04:45:00,625.0,630.0,625.0,630.0,17200
2026-03-26 04:50:00,625.0,630.0,625.0,630.0,266200
2026-03-26 04:55:00,625.0,630.0,620.0,625.0,152800
2026-03-26 06:30:00,625.0,630.0,625.0,625.0,65200
2026-03-26 06:35:00,625.0,625.0,620.0,625.0,37700
2026-03-26 06:40:00,620.0,625.0,620.0,620.0,47900
2026-03-26 06:45:00,620.0,625.0,620.0,625.0,12400
2026-03-26 06:50:00,615.0,620.0,615.0,620.0,534400
2026-03-26 06:55:00,620.0,620.0,615.0,620.0,162400
2026-03-26 07:00:00,620.0,620.0,615.0,620.0,15700
2026-03-26 07:05:00,620.0,620.0,615.0,620.0,39900
2026-03-26 07:10:00,615.0,620.0,615.0,620.0,123000
2026-03-26 07:15:00,615.0,620.0,615.0,615.0,293600
2026-03-26 07:20:00,615.0,620.0,615.0,615.0,215300
2026-03-26 07:25:00,615.0,620.0,615.0,615.0,35900
2026-03-26 07:30:00,620.0,620.0,615.0,615.0,151400
2026-03-26 07:35:00,620.0,620.0,615.0,615.0,141500
2026-03-26 07:40:00,620.0,620.0,615.0,615.0,178600
2026-03-26 07:45:00,620.0,620.0,615.0,620.0,120100
2026-03-26 07:50:00,620.0,620.0,615.0,620.0,349100
2026-03-26 07:55:00,615.0,620.0,615.0,620.0,147700
2026-03-26 08:00:00,615.0,615.0,615.0,615.0,8500
2026-03-26 08:05:00,620.0,620.0,615.0,615.0,3165000
2026-03-26 08:10:00,620.0,620.0,615.0,620.0,177800
2026-03-26 08:15:00,620.0,620.0,620.0,620.0,70600
2026-03-26 08:20:00,620.0,620.0,615.0,620.0,163000
2026-03-26 08:25:00,620.0,620.0,615.0,620.0,45200
2026-03-26 08:30:00,620.0,620.0,615.0,615.0,249400
2026-03-26 08:35:00,620.0,620.0,615.0,620.0,850500
2026-03-26 08:40:00,620.0,620.0,615.0,620.0,162000
2026-03-26 08:45:00,620.0,620.0,615.0,620.0,334900
2026-03-26 09:00:00,615.0,615.0,615.0,615.0,941100
2026-03-26 09:05:00,615.0,615.0,615.0,615.0,0
2026-03-27 02:00:00,615.0,620.0,615.0,620.0,0
2026-03-27 02:05:00,615.0,615.0,615.0,615.0,400
2026-03-27 02:10:00,615.0,620.0,615.0,615.0,303000
2026-03-27 02:15:00,615.0,615.0,615.0,615.0,16200
2026-03-27 02:20:00,615.0,615.0,615.0,615.0,7200
2026-03-27 02:25:00,615.0,620.0,615.0,615.0,275300
2026-03-27 02:30:00,615.0,615.0,615.0,615.0,500
2026-03-27 02:35:00,615.0,620.0,615.0,620.0,1396000
2026-03-27 02:40:00,615.0,620.0,615.0,615.0,617800
2026-03-27 02:45:00,615.0,620.0,615.0,615.0,16300
2026-03-27 02:50:00,615.0,620.0,615.0,615.0,828900
2026-03-27 02:55:00,615.0,620.0,615.0,620.0,795100
2026-03-27 03:00:00,620.0,620.0,615.0,615.0,0
2026-03-27 03:05:00,620.0,620.0,615.0,615.0,1200
2026-03-27 03:10:00,615.0,615.0,615.0,615.0,400
2026-03-27 03:15:00,620.0,620.0,615.0,615.0,110600
2026-03-27 03:20:00,620.0,620.0,615.0,615.0,642100
2026-03-27 03:25:00,620.0,620.0,615.0,620.0,45200
2026-03-27 03:30:00,615.0,615.0,615.0,615.0,5100
2026-03-27 03:35:00,620.0,620.0,615.0,615.0,13500
2026-03-27 03:40:00,615.0,620.0,615.0,620.0,1157600
2026-03-27 03:45:00,615.0,620.0,615.0,615.0,860100
2026-03-27 03:50:00,615.0,620.0,615.0,615.0,140500
2026-03-27 03:55:00,615.0,615.0,615.0,615.0,41700
2026-03-27 04:00:00,615.0,615.0,615.0,615.0,25500
2026-03-27 04:05:00,615.0,620.0,615.0,615.0,722100
2026-03-27 04:10:00,615.0,620.0,615.0,615.0,303900
2026-03-27 04:15:00,615.0,620.0,615.0,615.0,139100
2026-03-27 04:20:00,615.0,620.0,615.0,615.0,594800
2026-03-27 04:25:00,615.0,620.0,615.0,615.0,31800
2026-03-27 07:00:00,615.0,620.0,615.0,620.0,4797100
2026-03-27 07:05:00,615.0,615.0,615.0,615.0,314200
2026-03-27 07:10:00,615.0,615.0,615.0,615.0,411800
2026-03-27 07:15:00,615.0,620.0,615.0,615.0,234300
2026-03-27 07:20:00,615.0,620.0,615.0,615.0,1018400
2026-03-27 07:25:00,610.0,615.0,610.0,615.0,3673400
2026-03-27 07:30:00,610.0,610.0,610.0,610.0,289200
2026-03-27 07:35:00,610.0,615.0,610.0,610.0,380000
2026-03-27 07:40:00,610.0,610.0,610.0,610.0,200200
2026-03-27 07:45:00,610.0,610.0,610.0,610.0,66700
2026-03-27 07:50:00,615.0,615.0,610.0,615.0,1009500
2026-03-27 07:55:00,615.0,615.0,615.0,615.0,211300
2026-03-27 08:00:00,610.0,615.0,610.0,615.0,1539200
2026-03-27 08:05:00,610.0,610.0,610.0,610.0,1705600
2026-03-27 08:10:00,615.0,615.0,610.0,610.0,1360900
2026-03-27 08:15:00,615.0,615.0,615.0,615.0,357300
2026-03-27 08:20:00,615.0,620.0,615.0,615.0,506400
2026-03-27 08:25:00,615.0,615.0,615.0,615.0,287900
2026-03-27 08:30:00,615.0,620.0,615.0,615.0,425300
2026-03-27 08:35:00,615.0,615.0,615.0,615.0,479500
2026-03-27 08:40:00,615.0,615.0,615.0,615.0,271700
2026-03-27 08:45:00,615.0,620.0,615.0,615.0,578000
2026-03-27 09:00:00,615.0,615.0,615.0,615.0,1200100
2026-03-27 09:05:00,615.0,615.0,615.0,615.0,300
2026-03-27 09:10:00,615.0,615.0,615.0,615.0,300
2026-03-30 02:00:00,600.0,605.0,600.0,605.0,0
2026-03-30 02:05:00,605.0,605.0,600.0,600.0,121100
2026-03-30 02:10:00,610.0,610.0,600.0,600.0,297000
2026-03-30 02:15:00,610.0,615.0,605.0,610.0,477600
2026-03-30 02:20:00,610.0,620.0,610.0,610.0,373100
2026-03-30 02:25:00,615.0,615.0,610.0,615.0,410200
2026-03-30 02:30:00,620.0,620.0,615.0,615.0,361900
2026-03-30 02:35:00,615.0,615.0,615.0,615.0,75700
2026-03-30 02:40:00,610.0,615.0,610.0,615.0,605900
2026-03-30 02:45:00,605.0,610.0,605.0,610.0,178500
2026-03-30 02:50:00,605.0,605.0,605.0,605.0,314200
2026-03-30 02:55:00,605.0,605.0,605.0,605.0,40900
2026-03-30 03:00:00,610.0,610.0,605.0,605.0,4400
2026-03-30 03:05:00,605.0,610.0,605.0,610.0,14700
2026-03-30 03:10:00,610.0,610.0,610.0,610.0,812900
2026-03-30 03:15:00,615.0,615.0,610.0,610.0,1330200
2026-03-30 03:20:00,615.0,615.0,615.0,615.0,44000
2026-03-30 03:25:00,615.0,615.0,610.0,615.0,469500
2026-03-30 03:30:00,610.0,615.0,610.0,615.0,70900
2026-03-30 03:35:00,615.0,615.0,610.0,610.0,1068500
2026-03-30 03:40:00,620.0,620.0,615.0,620.0,593100
2026-03-30 03:45:00,620.0,620.0,615.0,615.0,174200
2026-03-30 03:50:00,615.0,620.0,615.0,620.0,216200
2026-03-30 03:55:00,620.0,620.0,615.0,620.0,120900
2026-03-30 04:00:00,620.0,625.0,615.0,620.0,2824000
2026-03-30 04:05:00,620.0,630.0,620.0,625.0,3132500
2026-03-30 04:10:00,625.0,630.0,620.0,620.0,1466600
2026-03-30 04:15:00,635.0,635.0,620.0,630.0,6250400
2026-03-30 04:20:00,640.0,650.0,635.0,635.0,9983500
2026-03-30 04:25:00,640.0,645.0,635.0,640.0,2079600
2026-03-30 04:30:00,650.0,650.0,640.0,640.0,5161000
2026-03-30 04:35:00,645.0,655.0,640.0,650.0,4015400
2026-03-30 04:40:00,635.0,650.0,635.0,645.0,1166500
2026-03-30 04:45:00,635.0,640.0,635.0,635.0,1494900
2026-03-30 04:50:00,635.0,640.0,635.0,635.0,130000
2026-03-30 04:55:00,640.0,640.0,635.0,635.0,243100
2026-03-30 06:30:00,635.0,640.0,635.0,635.0,717200
2026-03-30 06:35:00,635.0,640.0,635.0,635.0,2497800
2026-03-30 06:40:00,635.0,640.0,635.0,635.0,2260200
2026-03-30 06:45:00,640.0,640.0,635.0,635.0,48000
2026-03-30 06:50:00,640.0,645.0,635.0,635.0,1720200
2026-03-30 06:55:00,635.0,640.0,635.0,640.0,1633100
2026-03-30 07:00:00,635.0,640.0,635.0,635.0,75100
2026-03-30 07:05:00,635.0,640.0,635.0,635.0,549100
2026-03-30 07:10:00,635.0,640.0,635.0,640.0,8068900
2026-03-30 07:15:00,630.0,640.0,630.0,635.0,827800
2026-03-30 07:20:00,630.0,635.0,630.0,630.0,1261500
2026-03-30 07:25:00,630.0,635.0,630.0,635.0,738500
2026-03-30 07:30:00,630.0,630.0,625.0,630.0,2386100
2026-03-30 07:35:00,635.0,635.0,630.0,635.0,807100
2026-03-30 07:40:00,630.0,640.0,630.0,635.0,1418100
2026-03-30 07:45:00,635.0,645.0,635.0,640.0,4553200
2026-03-30 07:50:00,635.0,640.0,635.0,640.0,43300
2026-03-30 07:55:00,635.0,640.0,635.0,640.0,200400
2026-03-30 08:00:00,635.0,640.0,635.0,640.0,3786500
2026-03-30 08:05:00,640.0,645.0,635.0,640.0,2928500
2026-03-30 08:10:00,635.0,640.0,635.0,640.0,133700
2026-03-30 08:15:00,640.0,640.0,635.0,640.0,172700
2026-03-30 08:20:00,635.0,640.0,635.0,635.0,2213400
2026-03-30 08:25:00,635.0,645.0,635.0,640.0,5017200
2026-03-30 08:30:00,635.0,640.0,635.0,640.0,143700
2026-03-30 08:35:00,635.0,640.0,630.0,640.0,2496400
2026-03-30 08:40:00,625.0,635.0,625.0,630.0,1494100
2026-03-30 08:45:00,625.0,635.0,620.0,625.0,1486500
2026-03-30 09:00:00,625.0,625.0,625.0,625.0,503800
2026-03-30 09:10:00,625.0,625.0,625.0,625.0,5000
2026-03-31 02:00:00,660.0,670.0,655.0,665.0,0
2026-03-31 02:05:00,670.0,675.0,660.0,660.0,1877900
2026-03-31 02:10:00,670.0,675.0,665.0,670.0,1173200
2026-03-31 02:15:00,670.0,675.0,665.0,665.0,4149500
2026-03-31 02:20:00,675.0,675.0,670.0,675.0,1299500
2026-03-31 02:25:00,675.0,675.0,670.0,675.0,443400
2026-03-31 02:30:00,675.0,675.0,670.0,670.0,832200
2026-03-31 02:35:00,675.0,675.0,670.0,670.0,374900
2026-03-31 02:40:00,655.0,675.0,655.0,670.0,10358300
2026-03-31 02:45:00,655.0,660.0,650.0,660.0,1831300
2026-03-31 02:50:00,655.0,665.0,655.0,660.0,4136400
2026-03-31 02:55:00,660.0,660.0,655.0,660.0,125300
2026-03-31 03:00:00,660.0,660.0,655.0,655.0,86300
2026-03-31 03:05:00,660.0,660.0,655.0,660.0,36800
2026-03-31 03:10:00,655.0,660.0,655.0,660.0,915200
2026-03-31 03:15:00,665.0,670.0,655.0,655.0,1174000
2026-03-31 03:20:00,660.0,670.0,660.0,665.0,484100
2026-03-31 03:25:00,650.0,660.0,650.0,660.0,2677700
2026-03-31 03:30:00,655.0,655.0,650.0,655.0,10900
2026-03-31 03:35:00,655.0,655.0,650.0,655.0,23700
2026-03-31 03:40:00,655.0,655.0,650.0,655.0,9200
2026-03-31 03:45:00,650.0,655.0,650.0,650.0,507400
2026-03-31 03:50:00,645.0,655.0,645.0,650.0,689000
2026-03-31 03:55:00,645.0,650.0,645.0,650.0,99200
2026-03-31 04:00:00,650.0,650.0,645.0,650.0,219100
2026-03-31 04:05:00,650.0,650.0,645.0,650.0,53200
2026-03-31 04:10:00,650.0,655.0,645.0,650.0,1031100
2026-03-31 04:15:00,645.0,655.0,645.0,655.0,647900
2026-03-31 04:20:00,650.0,650.0,645.0,650.0,511400
2026-03-31 04:25:00,650.0,650.0,645.0,645.0,27700
2026-03-31 04:30:00,645.0,650.0,640.0,650.0,1280400
2026-03-31 04:35:00,645.0,650.0,640.0,640.0,68500
2026-03-31 04:40:00,650.0,650.0,640.0,640.0,433300
2026-03-31 04:45:00,650.0,650.0,645.0,650.0,6300
2026-03-31 04:50:00,645.0,650.0,635.0,650.0,1175000
2026-03-31 04:55:00,645.0,650.0,640.0,640.0,223300
2026-03-31 06:30:00,635.0,645.0,630.0,645.0,1764900
2026-03-31 06:35:00,635.0,640.0,625.0,635.0,2093900
2026-03-31 06:40:00,640.0,640.0,635.0,640.0,76400
2026-03-31 06:45:00,635.0,645.0,635.0,640.0,1198600
2026-03-31 06:50:00,640.0,645.0,635.0,635.0,708000
2026-03-31 06:55:00,645.0,645.0,640.0,640.0,21500
2026-03-31 07:00:00,645.0,645.0,640.0,640.0,6500
2026-03-31 07:05:00,640.0,645.0,640.0,645.0,18500
2026-03-31 07:10:00,645.0,645.0,640.0,645.0,1562800
2026-03-31 07:15:00,635.0,645.0,635.0,645.0,0
2026-03-31 07:20:00,640.0,640.0,635.0,635.0,13400
2026-03-31 07:25:00,635.0,640.0,635.0,635.0,86500
2026-03-31 07:30:00,640.0,640.0,635.0,640.0,11300
2026-03-31 07:35:00,630.0,640.0,630.0,635.0,2434000
2026-03-31 07:40:00,630.0,635.0,630.0,635.0,177000
2026-03-31 07:45:00,630.0,635.0,630.0,630.0,946400
2026-03-31 07:50:00,640.0,640.0,635.0,635.0,262900
2026-03-31 07:55:00,630.0,640.0,630.0,640.0,230300
2026-03-31 08:00:00,635.0,640.0,630.0,640.0,181300
2026-03-31 08:05:00,635.0,640.0,630.0,635.0,1572100
2026-03-31 08:10:00,635.0,640.0,635.0,635.0,80400
2026-03-31 08:15:00,635.0,640.0,635.0,640.0,16500
2026-03-31 08:20:00,635.0,640.0,635.0,640.0,193000
2026-03-31 08:25:00,635.0,640.0,635.0,640.0,9000
2026-03-31 08:30:00,635.0,640.0,635.0,640.0,358000
2026-03-31 08:35:00,635.0,640.0,635.0,640.0,683600
2026-03-31 08:40:00,635.0,640.0,635.0,640.0,2008800
2026-03-31 08:45:00,640.0,645.0,635.0,635.0,1482000
2026-03-31 09:00:00,625.0,625.0,625.0,625.0,10374400
2026-04-01 02:00:00,640.0,645.0,635.0,645.0,0
2026-04-01 02:05:00,650.0,650.0,645.0,645.0,336700
2026-04-01 02:10:00,650.0,650.0,645.0,650.0,107300
2026-04-01 02:15:00,645.0,650.0,640.0,650.0,658500
2026-04-01 02:20:00,660.0,660.0,640.0,650.0,1543800
2026-04-01 02:25:00,655.0,660.0,650.0,655.0,176600
2026-04-01 02:30:00,660.0,660.0,655.0,660.0,248800
2026-04-01 02:35:00,655.0,660.0,650.0,660.0,246800
2026-04-01 02:40:00,655.0,655.0,650.0,655.0,360300
2026-04-01 02:45:00,655.0,655.0,650.0,655.0,140400
2026-04-01 02:50:00,655.0,655.0,650.0,655.0,54400
2026-04-01 02:55:00,655.0,655.0,650.0,655.0,179300
2026-04-01 03:00:00,655.0,655.0,655.0,655.0,60000
2026-04-01 03:05:00,660.0,660.0,650.0,655.0,1489800
2026-04-01 03:10:00,660.0,665.0,660.0,660.0,466100
2026-04-01 03:15:00,670.0,670.0,665.0,665.0,1150000
2026-04-01 03:20:00,665.0,670.0,665.0,670.0,751300
2026-04-01 03:25:00,670.0,670.0,665.0,670.0,743300
2026-04-01 03:30:00,670.0,670.0,665.0,665.0,466100
2026-04-01 03:35:00,670.0,675.0,665.0,670.0,1100900
2026-04-01 03:40:00,670.0,670.0,665.0,670.0,366900
2026-04-01 03:45:00,660.0,670.0,660.0,670.0,313300
2026-04-01 03:50:00,670.0,670.0,660.0,665.0,281100
2026-04-01 03:55:00,670.0,670.0,665.0,670.0,297800
2026-04-01 04:00:00,675.0,675.0,665.0,670.0,825900
2026-04-01 04:05:00,670.0,675.0,670.0,670.0,564800
2026-04-01 04:10:00,670.0,675.0,665.0,675.0,346300
2026-04-01 04:15:00,670.0,670.0,665.0,670.0,114400
2026-04-01 04:20:00,670.0,670.0,665.0,670.0,49000
2026-04-01 04:25:00,670.0,670.0,665.0,670.0,60600
2026-04-01 04:30:00,670.0,670.0,665.0,670.0,822300
2026-04-01 04:35:00,670.0,675.0,665.0,670.0,587800
2026-04-01 04:40:00,675.0,675.0,670.0,675.0,77500
2026-04-01 04:45:00,670.0,675.0,665.0,670.0,916500
2026-04-01 04:50:00,670.0,670.0,665.0,670.0,75000
2026-04-01 04:55:00,670.0,675.0,665.0,670.0,837900
2026-04-01 06:30:00,670.0,675.0,670.0,670.0,522400
2026-04-01 06:35:00,670.0,675.0,665.0,675.0,547000
2026-04-01 06:40:00,665.0,670.0,665.0,670.0,477600
2026-04-01 06:45:00,665.0,665.0,660.0,665.0,80100
2026-04-01 06:50:00,665.0,665.0,660.0,665.0,206800
2026-04-01 06:55:00,665.0,665.0,660.0,665.0,222000
2026-04-01 07:00:00,655.0,665.0,655.0,665.0,1528200
2026-04-01 07:05:00,665.0,665.0,655.0,660.0,1242800
2026-04-01 07:10:00,665.0,665.0,660.0,665.0,168600
2026-04-01 07:15:00,665.0,665.0,660.0,665.0,136100
2026-04-01 07:20:00,660.0,665.0,655.0,665.0,1146000
2026-04-01 07:25:00,660.0,660.0,655.0,660.0,498500
2026-04-01 07:30:00,665.0,665.0,655.0,660.0,1436600
2026-04-01 07:35:00,665.0,665.0,660.0,665.0,160300
2026-04-01 07:40:00,665.0,665.0,660.0,665.0,706500
2026-04-01 07:45:00,665.0,665.0,660.0,660.0,142500
2026-04-01 07:50:00,675.0,675.0,660.0,665.0,3246800
2026-04-01 07:55:00,675.0,675.0,670.0,675.0,979800
2026-04-01 08:00:00,675.0,680.0,665.0,670.0,8168100
2026-04-01 08:05:00,670.0,675.0,670.0,675.0,258000
2026-04-01 08:10:00,670.0,675.0,670.0,670.0,829700
2026-04-01 08:15:00,675.0,675.0,665.0,670.0,505100
2026-04-01 08:20:00,670.0,675.0,670.0,675.0,575200
2026-04-01 08:25:00,670.0,675.0,670.0,675.0,304000
2026-04-01 08:30:00,670.0,675.0,665.0,670.0,1439800
2026-04-01 08:35:00,670.0,670.0,665.0,670.0,414700
2026-04-01 08:40:00,665.0,670.0,665.0,665.0,540000
2026-04-01 08:45:00,670.0,670.0,660.0,670.0,1384200
2026-04-01 09:00:00,665.0,665.0,665.0,665.0,735100
2026-04-01 09:05:00,665.0,665.0,665.0,665.0,49400
2026-04-02 02:00:00,665.0,670.0,655.0,670.0,0
2026-04-02 02:05:00,655.0,660.0,655.0,660.0,91000
2026-04-02 02:10:00,665.0,665.0,655.0,655.0,341100
2026-04-02 02:15:00,665.0,665.0,660.0,665.0,3100
2026-04-02 02:20:00,660.0,665.0,660.0,665.0,53300
2026-04-02 02:25:00,665.0,665.0,650.0,660.0,10710200
2026-04-02 02:30:00,645.0,665.0,645.0,665.0,2292900
2026-04-02 02:35:00,650.0,655.0,645.0,645.0,719600
2026-04-02 02:40:00,645.0,655.0,645.0,650.0,2330400
2026-04-02 02:45:00,650.0,655.0,645.0,650.0,1904100
2026-04-02 02:50:00,650.0,655.0,650.0,650.0,914700
2026-04-02 02:55:00,655.0,655.0,650.0,650.0,803000
2026-04-02 03:00:00,660.0,665.0,650.0,655.0,1243900
2026-04-02 03:05:00,665.0,670.0,660.0,665.0,170600
2026-04-02 03:10:00,670.0,680.0,665.0,665.0,4245800
2026-04-02 03:15:00,680.0,680.0,670.0,675.0,4607700
2026-04-02 03:20:00,680.0,680.0,675.0,680.0,100800
2026-04-02 03:25:00,680.0,680.0,675.0,680.0,101200
2026-04-02 03:30:00,685.0,685.0,675.0,680.0,1569600
2026-04-02 03:35:00,685.0,685.0,680.0,680.0,79900
2026-04-02 03:40:00,675.0,685.0,675.0,685.0,1763500
2026-04-02 03:45:00,670.0,680.0,670.0,680.0,1333500
2026-04-02 03:50:00,670.0,675.0,670.0,670.0,132400
2026-04-02 03:55:00,670.0,675.0,670.0,670.0,153200
2026-04-02 04:00:00,675.0,675.0,670.0,670.0,480800
2026-04-02 04:05:00,675.0,680.0,670.0,675.0,484100
2026-04-02 04:10:00,675.0,680.0,675.0,680.0,353000
2026-04-02 04:15:00,680.0,680.0,675.0,675.0,227500
2026-04-02 04:20:00,675.0,680.0,675.0,675.0,112100
2026-04-02 04:25:00,675.0,680.0,675.0,680.0,393100
2026-04-02 04:30:00,675.0,680.0,675.0,680.0,300900
2026-04-02 04:35:00,675.0,680.0,675.0,680.0,250100
2026-04-02 04:40:00,680.0,680.0,675.0,680.0,145700
2026-04-02 04:45:00,670.0,685.0,665.0,680.0,4900400
2026-04-02 04:50:00,675.0,675.0,670.0,675.0,267900
2026-04-02 04:55:00,670.0,675.0,670.0,675.0,945100
2026-04-02 06:30:00,670.0,680.0,665.0,670.0,1547800
2026-04-02 06:35:00,675.0,675.0,670.0,670.0,476000
2026-04-02 06:40:00,670.0,680.0,670.0,675.0,771400
2026-04-02 06:45:00,670.0,675.0,670.0,675.0,731100
2026-04-02 06:50:00,670.0,675.0,670.0,670.0,298400
2026-04-02 06:55:00,675.0,675.0,670.0,670.0,172400
2026-04-02 07:00:00,675.0,675.0,670.0,675.0,137800
2026-04-02 07:05:00,675.0,675.0,670.0,670.0,382400
2026-04-02 07:10:00,670.0,675.0,670.0,670.0,408900
2026-04-02 07:15:00,670.0,675.0,670.0,675.0,223500
2026-04-02 07:20:00,670.0,675.0,670.0,670.0,393900
2026-04-02 07:25:00,670.0,675.0,670.0,670.0,367800
2026-04-02 07:30:00,675.0,680.0,670.0,675.0,1348200
2026-04-02 07:35:00,675.0,680.0,670.0,680.0,3985700
2026-04-02 07:40:00,670.0,680.0,670.0,680.0,1285400
2026-04-02 07:45:00,675.0,675.0,670.0,675.0,279900
2026-04-02 07:50:00,670.0,675.0,670.0,675.0,198600
2026-04-02 07:55:00,670.0,675.0,670.0,670.0,369000
2026-04-02 08:00:00,675.0,675.0,670.0,670.0,211600
2026-04-02 08:05:00,675.0,680.0,670.0,670.0,1456300
2026-04-02 08:10:00,670.0,680.0,670.0,675.0,2869800
2026-04-02 08:15:00,680.0,680.0,670.0,675.0,679900
2026-04-02 08:20:00,670.0,680.0,670.0,675.0,1151200
2026-04-02 08:25:00,670.0,675.0,670.0,670.0,110800
2026-04-02 08:30:00,675.0,675.0,670.0,670.0,553800
2026-04-02 08:35:00,675.0,675.0,670.0,675.0,220000
2026-04-02 08:40:00,685.0,690.0,670.0,675.0,3791100
2026-04-02 08:45:00,685.0,690.0,685.0,690.0,2081300
2026-04-02 09:00:00,675.0,675.0,675.0,675.0,372600
2026-04-02 09:05:00,675.0,675.0,675.0,675.0,13900
2026-04-02 09:10:00,675.0,675.0,675.0,675.0,4000
2026-04-06 02:00:00,660.0,675.0,660.0,675.0,0
2026-04-06 02:05:00,665.0,670.0,660.0,660.0,69700
2026-04-06 02:10:00,670.0,670.0,660.0,660.0,269200
2026-04-06 02:15:00,670.0,670.0,665.0,665.0,500
2026-04-06 02:20:00,675.0,675.0,670.0,670.0,125400
2026-04-06 02:25:00,670.0,675.0,665.0,675.0,50200
2026-04-06 02:30:00,670.0,670.0,665.0,670.0,6000
2026-04-06 02:35:00,670.0,670.0,665.0,670.0,13400
2026-04-06 02:40:00,665.0,670.0,665.0,670.0,5200
2026-04-06 02:45:00,670.0,670.0,665.0,665.0,32200
2026-04-06 02:50:00,670.0,670.0,670.0,670.0,100
2026-04-06 02:55:00,670.0,670.0,665.0,670.0,54300
2026-04-06 03:00:00,670.0,670.0,665.0,670.0,0
2026-04-06 03:05:00,670.0,670.0,665.0,670.0,12300
2026-04-06 03:10:00,665.0,665.0,660.0,665.0,106000
2026-04-06 03:15:00,665.0,670.0,665.0,665.0,90900
2026-04-06 03:20:00,665.0,665.0,660.0,665.0,19400
2026-04-06 03:25:00,665.0,665.0,660.0,660.0,21100
2026-04-06 03:30:00,660.0,665.0,660.0,665.0,48000
2026-04-06 03:35:00,665.0,665.0,660.0,660.0,17500
2026-04-06 03:40:00,665.0,665.0,665.0,665.0,11200
2026-04-06 03:45:00,670.0,670.0,660.0,665.0,611100
2026-04-06 03:50:00,670.0,675.0,665.0,665.0,535000
2026-04-06 03:55:00,670.0,670.0,665.0,670.0,10900
2026-04-06 04:00:00,670.0,670.0,665.0,665.0,75700
2026-04-06 04:05:00,665.0,670.0,665.0,665.0,0
2026-04-06 04:10:00,665.0,665.0,665.0,665.0,1000
2026-04-06 04:15:00,670.0,670.0,660.0,665.0,172000
2026-04-06 04:20:00,670.0,670.0,670.0,670.0,3600
2026-04-06 04:25:00,665.0,665.0,665.0,665.0,20100
2026-04-06 04:30:00,665.0,665.0,665.0,665.0,0
2026-04-06 04:35:00,670.0,670.0,665.0,665.0,9200
2026-04-06 04:40:00,665.0,670.0,665.0,670.0,23200
2026-04-06 04:50:00,670.0,670.0,670.0,670.0,500
2026-04-06 04:55:00,670.0,670.0,660.0,660.0,900
2026-04-06 06:30:00,665.0,670.0,665.0,665.0,27800
2026-04-06 06:35:00,665.0,670.0,665.0,665.0,13400
2026-04-06 06:40:00,665.0,670.0,665.0,665.0,6500
2026-04-06 06:45:00,665.0,670.0,665.0,670.0,0
2026-04-06 06:50:00,670.0,670.0,670.0,670.0,200
2026-04-06 07:00:00,660.0,670.0,660.0,665.0,27900
2026-04-06 07:05:00,665.0,665.0,665.0,665.0,8800
2026-04-06 07:10:00,665.0,665.0,665.0,665.0,3100
2026-04-06 07:15:00,665.0,665.0,660.0,660.0,11900
2026-04-06 07:20:00,660.0,665.0,660.0,665.0,0
2026-04-06 07:25:00,665.0,665.0,660.0,660.0,182600
2026-04-06 07:35:00,670.0,670.0,660.0,660.0,643800
2026-04-06 07:40:00,665.0,665.0,665.0,665.0,12400
2026-04-06 07:45:00,665.0,665.0,660.0,660.0,6600
2026-04-06 07:50:00,665.0,670.0,660.0,665.0,123700
2026-04-06 07:55:00,670.0,670.0,660.0,665.0,353000
2026-04-06 08:00:00,665.0,670.0,665.0,665.0,601800
2026-04-06 08:05:00,665.0,670.0,665.0,670.0,17500
2026-04-06 08:10:00,665.0,665.0,660.0,665.0,42900
2026-04-06 08:15:00,665.0,665.0,665.0,665.0,40700
2026-04-06 08:20:00,670.0,675.0,665.0,665.0,702900
2026-04-06 08:25:00,670.0,675.0,665.0,670.0,910400
2026-04-06 08:30:00,670.0,670.0,665.0,665.0,1500
2026-04-06 08:35:00,665.0,670.0,665.0,670.0,48500
2026-04-06 08:40:00,670.0,670.0,665.0,665.0,19800
2026-04-06 08:45:00,675.0,675.0,665.0,670.0,351000
2026-04-06 09:00:00,655.0,655.0,655.0,655.0,2772500
2026-04-07 02:00:00,670.0,670.0,660.0,665.0,0
2026-04-07 02:05:00,665.0,670.0,660.0,665.0,39900
2026-04-07 02:10:00,660.0,665.0,655.0,660.0,827400
2026-04-07 02:15:00,665.0,665.0,660.0,665.0,6200
2026-04-07 02:20:00,665.0,665.0,665.0,665.0,3200
2026-04-07 02:25:00,665.0,665.0,660.0,665.0,9900
2026-04-07 02:30:00,665.0,670.0,660.0,665.0,306000
2026-04-07 02:35:00,665.0,665.0,660.0,665.0,22500
2026-04-07 02:40:00,670.0,670.0,660.0,665.0,379300
2026-04-07 02:45:00,670.0,670.0,665.0,670.0,11500
2026-04-07 02:50:00,670.0,670.0,665.0,670.0,9800
2026-04-07 02:55:00,670.0,670.0,665.0,670.0,76200
2026-04-07 03:00:00,675.0,675.0,665.0,670.0,480200
2026-04-07 03:05:00,675.0,675.0,670.0,675.0,78000
2026-04-07 03:10:00,675.0,675.0,670.0,675.0,10500
2026-04-07 03:15:00,670.0,675.0,665.0,675.0,459200
2026-04-07 03:20:00,670.0,670.0,665.0,670.0,3300
2026-04-07 03:25:00,665.0,675.0,665.0,670.0,603500
2026-04-07 03:30:00,675.0,675.0,670.0,675.0,30800
2026-04-07 03:35:00,675.0,675.0,670.0,675.0,3800
2026-04-07 03:40:00,675.0,675.0,670.0,675.0,72800
2026-04-07 03:45:00,670.0,675.0,665.0,675.0,165900
2026-04-07 03:50:00,665.0,670.0,665.0,670.0,3600
2026-04-07 03:55:00,665.0,670.0,665.0,665.0,32200
2026-04-07 04:00:00,675.0,675.0,665.0,665.0,599900
2026-04-07 04:05:00,675.0,675.0,670.0,675.0,17800
2026-04-07 04:10:00,675.0,675.0,670.0,675.0,85600
2026-04-07 04:15:00,675.0,675.0,670.0,675.0,11100
2026-04-07 04:20:00,675.0,675.0,670.0,675.0,21400
2026-04-07 04:25:00,675.0,675.0,670.0,670.0,31000
2026-04-07 04:30:00,670.0,675.0,665.0,675.0,547800
2026-04-07 04:35:00,665.0,675.0,665.0,670.0,374800
2026-04-07 04:40:00,670.0,670.0,665.0,670.0,33600
2026-04-07 04:45:00,670.0,670.0,665.0,670.0,57800
2026-04-07 04:50:00,670.0,670.0,665.0,670.0,29400
2026-04-07 04:55:00,670.0,670.0,665.0,670.0,62400
2026-04-07 06:30:00,670.0,675.0,665.0,670.0,127500
2026-04-07 06:35:00,670.0,675.0,665.0,670.0,271100
2026-04-07 06:45:00,670.0,670.0,670.0,670.0,24100
2026-04-07 06:50:00,665.0,670.0,665.0,670.0,49400
2026-04-07 06:55:00,665.0,670.0,665.0,665.0,18300
2026-04-07 07:00:00,670.0,675.0,665.0,670.0,261700
2026-04-07 07:05:00,670.0,670.0,670.0,670.0,6800
2026-04-07 07:10:00,670.0,670.0,670.0,670.0,0
2026-04-07 07:15:00,675.0,675.0,665.0,665.0,299300
2026-04-07 07:20:00,675.0,675.0,665.0,675.0,860300
2026-04-07 07:25:00,675.0,675.0,675.0,675.0,26000
2026-04-07 07:30:00,675.0,675.0,660.0,675.0,5497400
2026-04-07 07:35:00,665.0,675.0,665.0,670.0,1143300
2026-04-07 07:40:00,665.0,665.0,665.0,665.0,39300
2026-04-07 07:45:00,670.0,670.0,665.0,665.0,181900
2026-04-07 07:50:00,670.0,675.0,660.0,670.0,18584800
2026-04-07 07:55:00,675.0,675.0,670.0,670.0,4000
2026-04-07 08:00:00,670.0,675.0,670.0,670.0,233900
2026-04-07 08:05:00,670.0,675.0,670.0,670.0,207200
2026-04-07 08:10:00,670.0,675.0,670.0,670.0,175100
2026-04-07 08:15:00,670.0,675.0,670.0,670.0,148700
2026-04-07 08:20:00,665.0,670.0,665.0,670.0,171600
2026-04-07 08:25:00,665.0,670.0,665.0,665.0,205700
2026-04-07 08:30:00,670.0,675.0,665.0,670.0,374600
2026-04-07 08:35:00,670.0,675.0,665.0,670.0,158400
2026-04-07 08:40:00,670.0,675.0,670.0,670.0,126900
2026-04-07 08:45:00,670.0,675.0,665.0,670.0,365500
2026-04-07 09:00:00,665.0,665.0,665.0,665.0,282200
2026-04-08 02:00:00,690.0,700.0,685.0,690.0,0
2026-04-08 02:05:00,695.0,695.0,690.0,690.0,305200
2026-04-08 02:10:00,700.0,700.0,690.0,690.0,4090600
2026-04-08 02:15:00,700.0,705.0,695.0,700.0,8076900
2026-04-08 02:20:00,695.0,700.0,695.0,695.0,890900
2026-04-08 02:25:00,695.0,700.0,690.0,695.0,2009900
2026-04-08 02:30:00,695.0,700.0,695.0,695.0,182800
2026-04-08 02:35:00,690.0,695.0,685.0,695.0,3213100
2026-04-08 02:40:00,690.0,695.0,690.0,690.0,24600
2026-04-08 02:45:00,690.0,695.0,690.0,690.0,216400
2026-04-08 02:50:00,690.0,695.0,690.0,690.0,199400
2026-04-08 02:55:00,690.0,695.0,690.0,690.0,135000
2026-04-08 03:00:00,695.0,695.0,690.0,695.0,121500
2026-04-08 03:05:00,695.0,695.0,690.0,695.0,399300
2026-04-08 03:10:00,695.0,695.0,690.0,695.0,619600
2026-04-08 03:15:00,700.0,700.0,690.0,695.0,4657600
2026-04-08 03:20:00,700.0,700.0,695.0,695.0,496100
2026-04-08 03:25:00,695.0,700.0,695.0,700.0,53200
2026-04-08 03:30:00,695.0,700.0,695.0,695.0,103800
2026-04-08 03:35:00,700.0,700.0,695.0,700.0,136800
2026-04-08 03:40:00,700.0,700.0,695.0,695.0,31300
2026-04-08 03:45:00,705.0,705.0,695.0,695.0,3664100
2026-04-08 03:50:00,700.0,705.0,700.0,705.0,2786200
2026-04-08 03:55:00,695.0,705.0,695.0,700.0,1150300
2026-04-08 04:00:00,695.0,700.0,695.0,695.0,107600
2026-04-08 04:05:00,695.0,695.0,695.0,695.0,6600
2026-04-08 04:10:00,695.0,700.0,695.0,695.0,77800
2026-04-08 04:15:00,695.0,700.0,695.0,695.0,191800
2026-04-08 04:20:00,700.0,700.0,695.0,695.0,13400
2026-04-08 04:25:00,695.0,705.0,695.0,700.0,2349300
2026-04-08 04:30:00,695.0,700.0,695.0,695.0,25400
2026-04-08 04:35:00,700.0,705.0,695.0,695.0,1779400
2026-04-08 04:40:00,695.0,700.0,695.0,700.0,553500
2026-04-08 04:45:00,700.0,705.0,695.0,695.0,1399500
2026-04-08 04:50:00,700.0,705.0,695.0,700.0,815700
2026-04-08 04:55:00,700.0,705.0,700.0,700.0,472000
2026-04-08 06:30:00,695.0,705.0,695.0,700.0,1136900
2026-04-08 06:35:00,695.0,700.0,695.0,700.0,146100
2026-04-08 06:40:00,695.0,700.0,695.0,700.0,102800
2026-04-08 06:45:00,700.0,700.0,695.0,695.0,236100
2026-04-08 06:50:00,700.0,700.0,695.0,695.0,1450900
2026-04-08 06:55:00,700.0,705.0,700.0,700.0,619600
2026-04-08 07:00:00,700.0,700.0,700.0,700.0,78900
2026-04-08 07:05:00,700.0,705.0,700.0,700.0,598200
2026-04-08 07:10:00,700.0,705.0,700.0,700.0,441500
2026-04-08 07:15:00,705.0,710.0,700.0,700.0,2314100
2026-04-08 07:20:00,705.0,710.0,705.0,705.0,144400
2026-04-08 07:25:00,705.0,710.0,700.0,705.0,1349700
2026-04-08 07:30:00,710.0,710.0,705.0,705.0,5099600
2026-04-08 07:35:00,705.0,710.0,705.0,705.0,231100
2026-04-08 07:40:00,710.0,710.0,705.0,705.0,486600
2026-04-08 07:45:00,705.0,710.0,705.0,705.0,221800
2026-04-08 07:50:00,710.0,710.0,705.0,705.0,700400
2026-04-08 07:55:00,710.0,715.0,705.0,710.0,1112000
2026-04-08 08:00:00,715.0,715.0,705.0,710.0,2556000
2026-04-08 08:05:00,720.0,720.0,710.0,710.0,1966100
2026-04-08 08:10:00,720.0,725.0,715.0,715.0,2244400
2026-04-08 08:15:00,725.0,725.0,720.0,725.0,1295300
2026-04-08 08:20:00,710.0,725.0,705.0,725.0,3502400
2026-04-08 08:25:00,710.0,715.0,710.0,710.0,343300
2026-04-08 08:30:00,710.0,715.0,705.0,710.0,585200
2026-04-08 08:35:00,715.0,715.0,710.0,715.0,1142300
2026-04-08 08:40:00,710.0,715.0,710.0,715.0,1662900
2026-04-08 08:45:00,710.0,710.0,705.0,705.0,1166300
2026-04-08 09:00:00,710.0,710.0,710.0,710.0,1305300
2026-04-08 09:05:00,710.0,710.0,710.0,710.0,100000
2026-04-08 09:10:00,710.0,710.0,710.0,710.0,15600
2026-04-09 02:00:00,695.0,700.0,690.0,700.0,0
2026-04-09 02:05:00,690.0,700.0,690.0,695.0,145500
2026-04-09 02:10:00,695.0,695.0,690.0,690.0,70600
2026-04-09 02:15:00,695.0,695.0,690.0,695.0,264300
2026-04-09 02:20:00,695.0,695.0,690.0,695.0,19600
2026-04-09 02:25:00,695.0,695.0,690.0,695.0,37900
2026-04-09 02:30:00,695.0,700.0,695.0,695.0,301600
2026-04-09 02:35:00,695.0,700.0,690.0,690.0,105000
2026-04-09 02:40:00,700.0,700.0,695.0,700.0,528800
2026-04-09 02:45:00,690.0,695.0,680.0,695.0,1496300
2026-04-09 02:50:00,690.0,690.0,690.0,690.0,21600
2026-04-09 02:55:00,685.0,690.0,685.0,690.0,117500
2026-04-09 03:00:00,685.0,685.0,685.0,685.0,49500
2026-04-09 03:05:00,690.0,690.0,685.0,685.0,2600
2026-04-09 03:10:00,685.0,690.0,685.0,685.0,383600
2026-04-09 03:15:00,685.0,690.0,685.0,690.0,241100
2026-04-09 03:20:00,690.0,690.0,685.0,685.0,154700
2026-04-09 03:25:00,685.0,690.0,685.0,690.0,192000
2026-04-09 03:30:00,690.0,695.0,690.0,690.0,322900
2026-04-09 03:35:00,690.0,700.0,690.0,690.0,459300
2026-04-09 03:40:00,690.0,700.0,690.0,695.0,595100
2026-04-09 03:45:00,695.0,700.0,690.0,695.0,456400
2026-04-09 03:50:00,700.0,700.0,695.0,695.0,78200
2026-04-09 03:55:00,695.0,700.0,695.0,700.0,300600
2026-04-09 04:00:00,700.0,700.0,695.0,700.0,135500
2026-04-09 04:05:00,695.0,700.0,695.0,700.0,117600
2026-04-09 04:10:00,695.0,700.0,695.0,700.0,341100
2026-04-09 04:15:00,695.0,700.0,695.0,700.0,299200
2026-04-09 04:20:00,695.0,700.0,695.0,700.0,217500
2026-04-09 04:25:00,700.0,700.0,695.0,700.0,441100
2026-04-09 04:30:00,695.0,700.0,695.0,700.0,101200
2026-04-09 04:35:00,695.0,700.0,695.0,700.0,187400
2026-04-09 04:40:00,695.0,700.0,695.0,695.0,242200
2026-04-09 04:45:00,700.0,700.0,695.0,700.0,216300
2026-04-09 04:50:00,695.0,700.0,695.0,700.0,328100
2026-04-09 04:55:00,695.0,700.0,695.0,700.0,297300
2026-04-09 06:30:00,695.0,700.0,690.0,695.0,1122100
2026-04-09 06:35:00,685.0,695.0,685.0,695.0,382600
2026-04-09 06:40:00,685.0,690.0,685.0,690.0,550500
2026-04-09 06:45:00,685.0,690.0,685.0,690.0,64300
2026-04-09 06:50:00,685.0,690.0,685.0,685.0,27500
2026-04-09 06:55:00,685.0,690.0,685.0,690.0,3500
2026-04-09 07:00:00,685.0,690.0,685.0,690.0,1090900
2026-04-09 07:05:00,685.0,690.0,685.0,685.0,66100
2026-04-09 07:10:00,690.0,690.0,685.0,685.0,37200
2026-04-09 07:15:00,685.0,690.0,685.0,685.0,628900
2026-04-09 07:20:00,685.0,690.0,685.0,685.0,92600
2026-04-09 07:25:00,685.0,690.0,685.0,690.0,153200
2026-04-09 07:30:00,685.0,690.0,685.0,685.0,264200
2026-04-09 07:35:00,685.0,690.0,685.0,690.0,495500
2026-04-09 07:40:00,680.0,690.0,680.0,685.0,2085500
2026-04-09 07:45:00,685.0,685.0,680.0,680.0,208300
2026-04-09 07:50:00,680.0,685.0,680.0,680.0,48800
2026-04-09 07:55:00,680.0,685.0,680.0,680.0,82500
2026-04-09 08:00:00,680.0,685.0,680.0,685.0,406900
2026-04-09 08:05:00,680.0,685.0,680.0,685.0,234300
2026-04-09 08:10:00,680.0,685.0,680.0,685.0,397500
2026-04-09 08:15:00,680.0,685.0,680.0,680.0,147400
2026-04-09 08:20:00,680.0,685.0,680.0,680.0,336200
2026-04-09 08:25:00,675.0,685.0,670.0,680.0,2427900
2026-04-09 08:30:00,675.0,680.0,670.0,675.0,548100
2026-04-09 08:35:00,670.0,680.0,670.0,680.0,418100
2026-04-09 08:40:00,675.0,680.0,670.0,670.0,1376000
2026-04-09 08:45:00,680.0,680.0,675.0,680.0,1129700
2026-04-09 09:00:00,680.0,680.0,680.0,680.0,655400
2026-04-09 09:05:00,680.0,680.0,680.0,680.0,2400
2026-04-09 09:10:00,680.0,680.0,680.0,680.0,1000
2026-04-10 02:00:00,675.0,680.0,675.0,680.0,0
2026-04-10 02:05:00,680.0,680.0,675.0,675.0,491100
2026-04-10 02:10:00,675.0,675.0,675.0,675.0,0
2026-04-10 02:15:00,680.0,680.0,675.0,680.0,900
2026-04-10 02:20:00,675.0,680.0,670.0,680.0,800700
2026-04-10 02:25:00,680.0,680.0,670.0,670.0,1660800
2026-04-10 02:30:00,680.0,680.0,675.0,675.0,184200
2026-04-10 02:35:00,680.0,680.0,675.0,680.0,56500
2026-04-10 02:40:00,680.0,680.0,675.0,680.0,66100
2026-04-10 02:45:00,680.0,680.0,675.0,680.0,104700
2026-04-10 02:50:00,680.0,680.0,680.0,680.0,0
2026-04-10 02:55:00,675.0,680.0,675.0,675.0,312500
2026-04-10 03:00:00,670.0,675.0,670.0,675.0,3000
2026-04-10 03:05:00,670.0,675.0,670.0,675.0,131300
2026-04-10 03:10:00,675.0,675.0,670.0,670.0,22000
2026-04-10 03:15:00,670.0,675.0,670.0,675.0,165600
2026-04-10 03:20:00,675.0,675.0,665.0,670.0,262300
2026-04-10 03:25:00,670.0,675.0,665.0,665.0,85300
2026-04-10 03:30:00,670.0,675.0,670.0,670.0,295700
2026-04-10 03:35:00,670.0,675.0,670.0,670.0,52600
2026-04-10 03:40:00,670.0,670.0,670.0,670.0,4300
2026-04-10 03:45:00,670.0,675.0,670.0,670.0,41200
2026-04-10 03:50:00,670.0,675.0,665.0,670.0,358100
2026-04-10 03:55:00,670.0,670.0,665.0,665.0,34300
2026-04-10 04:00:00,670.0,670.0,665.0,665.0,103200
2026-04-10 04:05:00,665.0,670.0,665.0,670.0,60900
2026-04-10 04:10:00,665.0,665.0,665.0,665.0,34900
2026-04-10 04:15:00,670.0,670.0,665.0,665.0,98600
2026-04-10 04:20:00,665.0,670.0,665.0,665.0,81700
2026-04-10 04:25:00,670.0,675.0,665.0,665.0,1079500
2026-04-10 07:00:00,670.0,675.0,670.0,670.0,579600
2026-04-10 07:05:00,670.0,675.0,670.0,670.0,3800
2026-04-10 07:10:00,670.0,675.0,670.0,675.0,62300
2026-04-10 07:15:00,670.0,675.0,670.0,670.0,30200
2026-04-10 07:20:00,670.0,670.0,665.0,670.0,467100
2026-04-10 07:25:00,665.0,675.0,665.0,670.0,170100
2026-04-10 07:30:00,675.0,675.0,665.0,670.0,319400
2026-04-10 07:35:00,670.0,670.0,665.0,670.0,22100
2026-04-10 07:40:00,670.0,670.0,670.0,670.0,123700
2026-04-10 07:45:00,665.0,670.0,665.0,670.0,56900
2026-04-10 07:50:00,665.0,670.0,665.0,670.0,41100
2026-04-10 07:55:00,670.0,670.0,665.0,670.0,128200
2026-04-10 08:00:00,670.0,670.0,665.0,665.0,92800
2026-04-10 08:05:00,670.0,670.0,665.0,670.0,39400
2026-04-10 08:10:00,670.0,670.0,665.0,665.0,7200
2026-04-10 08:15:00,665.0,670.0,665.0,665.0,149600
2026-04-10 08:20:00,670.0,670.0,665.0,665.0,124300
2026-04-10 08:25:00,665.0,670.0,665.0,665.0,99800
2026-04-10 08:30:00,670.0,670.0,665.0,665.0,164300
2026-04-10 08:35:00,665.0,670.0,665.0,665.0,95800
2026-04-10 08:40:00,665.0,670.0,665.0,665.0,335400
2026-04-10 08:45:00,670.0,670.0,665.0,665.0,592300
2026-04-10 09:00:00,670.0,670.0,670.0,670.0,395000
2026-04-10 09:05:00,670.0,670.0,670.0,670.0,72200
2026-04-10 09:10:00,670.0,670.0,670.0,670.0,8300
2026-04-13 02:00:00,670.0,670.0,660.0,660.0,0
2026-04-13 02:05:00,675.0,685.0,670.0,670.0,512400
2026-04-13 02:10:00,670.0,675.0,670.0,675.0,7800
2026-04-13 02:15:00,675.0,675.0,670.0,670.0,43100
2026-04-13 02:20:00,670.0,675.0,670.0,675.0,4500
2026-04-13 02:25:00,670.0,675.0,670.0,670.0,4900
2026-04-13 02:30:00,680.0,685.0,670.0,670.0,645900
2026-04-13 02:35:00,670.0,680.0,670.0,670.0,76400
2026-04-13 02:40:00,670.0,675.0,670.0,675.0,700
2026-04-13 02:45:00,670.0,675.0,670.0,675.0,12900
2026-04-13 02:50:00,670.0,675.0,670.0,670.0,16600
2026-04-13 02:55:00,665.0,675.0,660.0,675.0,1683800
2026-04-13 03:00:00,670.0,670.0,670.0,670.0,2500
2026-04-13 03:05:00,670.0,675.0,665.0,670.0,55700
2026-04-13 03:10:00,665.0,665.0,665.0,665.0,1700
2026-04-13 03:15:00,670.0,670.0,665.0,665.0,34700
2026-04-13 03:20:00,670.0,675.0,665.0,665.0,106500
2026-04-13 03:25:00,665.0,670.0,665.0,670.0,2400
2026-04-13 03:30:00,670.0,670.0,665.0,665.0,134700
2026-04-13 03:35:00,670.0,675.0,670.0,675.0,0
2026-04-13 03:40:00,665.0,670.0,665.0,670.0,96800
2026-04-13 03:45:00,670.0,670.0,665.0,670.0,600
2026-04-13 03:50:00,665.0,670.0,665.0,670.0,0
2026-04-13 03:55:00,665.0,670.0,665.0,670.0,18600
2026-04-13 04:00:00,665.0,665.0,665.0,665.0,4000
2026-04-13 04:10:00,665.0,675.0,665.0,675.0,7200
2026-04-13 04:15:00,665.0,665.0,665.0,665.0,1000
2026-04-13 04:25:00,665.0,670.0,665.0,670.0,600
2026-04-13 04:30:00,665.0,670.0,665.0,670.0,72400
2026-04-13 04:35:00,665.0,665.0,665.0,665.0,0
2026-04-13 04:40:00,665.0,670.0,665.0,670.0,28400
2026-04-13 04:50:00,665.0,670.0,665.0,665.0,400
2026-04-13 04:55:00,665.0,675.0,665.0,670.0,22400
2026-04-13 06:30:00,665.0,670.0,665.0,670.0,66600
2026-04-13 06:35:00,665.0,670.0,665.0,670.0,0
2026-04-13 06:40:00,665.0,665.0,665.0,665.0,900
2026-04-13 06:45:00,665.0,670.0,665.0,670.0,4300
2026-04-13 06:55:00,665.0,665.0,665.0,665.0,4500
2026-04-13 07:00:00,665.0,665.0,665.0,665.0,177300
2026-04-13 07:05:00,665.0,670.0,665.0,670.0,0
2026-04-13 07:10:00,665.0,665.0,665.0,665.0,2900
2026-04-13 07:15:00,665.0,670.0,665.0,665.0,274100
2026-04-13 07:20:00,665.0,670.0,665.0,670.0,8700
2026-04-13 07:25:00,660.0,670.0,660.0,665.0,640600
2026-04-13 07:30:00,665.0,670.0,665.0,665.0,5600
2026-04-13 07:35:00,670.0,670.0,665.0,665.0,254700
2026-04-13 07:45:00,670.0,675.0,670.0,670.0,66600
2026-04-13 07:55:00,670.0,675.0,670.0,675.0,400
2026-04-13 08:00:00,675.0,675.0,670.0,670.0,577500
2026-04-13 08:05:00,670.0,675.0,670.0,675.0,95300
2026-04-13 08:10:00,670.0,675.0,670.0,670.0,8900
2026-04-13 08:15:00,675.0,675.0,670.0,670.0,43300
2026-04-13 08:20:00,670.0,675.0,665.0,670.0,519800
2026-04-13 08:25:00,670.0,670.0,665.0,665.0,49200
2026-04-13 08:30:00,665.0,670.0,665.0,665.0,6700
2026-04-13 08:35:00,670.0,670.0,665.0,670.0,182800
2026-04-13 08:40:00,670.0,670.0,660.0,670.0,269000
2026-04-13 08:45:00,665.0,670.0,660.0,660.0,198300
2026-04-13 09:00:00,670.0,670.0,670.0,670.0,107300
2026-04-13 09:05:00,670.0,670.0,670.0,670.0,600
2026-04-14 02:00:00,670.0,675.0,665.0,675.0,0
2026-04-14 02:05:00,670.0,680.0,665.0,675.0,617500
2026-04-14 02:10:00,670.0,675.0,670.0,670.0,331500
2026-04-14 02:15:00,675.0,680.0,670.0,675.0,356600
2026-04-14 02:20:00,680.0,680.0,675.0,675.0,28200
2026-04-14 02:25:00,685.0,685.0,675.0,675.0,658300
2026-04-14 02:30:00,680.0,685.0,680.0,685.0,51700
2026-04-14 02:35:00,680.0,685.0,680.0,685.0,148200
2026-04-14 02:40:00,680.0,690.0,680.0,680.0,424400
2026-04-14 02:45:00,680.0,690.0,680.0,680.0,35000
2026-04-14 02:50:00,680.0,685.0,680.0,680.0,180300
2026-04-14 02:55:00,685.0,690.0,680.0,685.0,106000
2026-04-14 03:00:00,690.0,690.0,680.0,685.0,345800
2026-04-14 03:05:00,680.0,690.0,680.0,680.0,70700
2026-04-14 03:10:00,685.0,690.0,680.0,680.0,105000
2026-04-14 03:15:00,690.0,690.0,685.0,685.0,155400
2026-04-14 03:20:00,690.0,690.0,685.0,685.0,132600
2026-04-14 03:25:00,690.0,695.0,685.0,690.0,678900
2026-04-14 03:30:00,690.0,695.0,685.0,690.0,56300
2026-04-14 03:35:00,685.0,695.0,685.0,690.0,144900
2026-04-14 03:40:00,690.0,695.0,685.0,690.0,248600
2026-04-14 03:45:00,695.0,695.0,690.0,690.0,56100
2026-04-14 03:50:00,690.0,695.0,690.0,695.0,231400
2026-04-14 03:55:00,690.0,695.0,690.0,695.0,166700
2026-04-14 04:00:00,695.0,695.0,690.0,695.0,3300
2026-04-14 04:05:00,690.0,695.0,690.0,695.0,340900
2026-04-14 04:10:00,690.0,695.0,690.0,690.0,261900
2026-04-14 04:15:00,690.0,695.0,690.0,695.0,34600
2026-04-14 04:20:00,690.0,695.0,690.0,690.0,172600
2026-04-14 04:25:00,690.0,695.0,690.0,695.0,203800
2026-04-14 04:30:00,690.0,695.0,690.0,695.0,29000
2026-04-14 04:35:00,690.0,695.0,690.0,695.0,262600
2026-04-14 04:40:00,690.0,695.0,690.0,695.0,188000
2026-04-14 04:45:00,695.0,695.0,690.0,690.0,30400
2026-04-14 04:50:00,695.0,695.0,690.0,695.0,165500
2026-04-14 04:55:00,685.0,695.0,685.0,695.0,436900
2026-04-14 06:30:00,675.0,690.0,675.0,690.0,318400
2026-04-14 06:35:00,675.0,680.0,675.0,680.0,17800
2026-04-14 06:40:00,685.0,685.0,680.0,680.0,201600
2026-04-14 06:45:00,685.0,685.0,680.0,680.0,12300
2026-04-14 06:50:00,690.0,690.0,680.0,680.0,208000
2026-04-14 06:55:00,685.0,685.0,685.0,685.0,0
2026-04-14 07:00:00,685.0,690.0,685.0,690.0,300
2026-04-14 07:05:00,690.0,690.0,685.0,690.0,45800
2026-04-14 07:10:00,690.0,690.0,685.0,685.0,63800
2026-04-14 07:15:00,685.0,690.0,685.0,685.0,6600
2026-04-14 07:20:00,690.0,695.0,680.0,685.0,766800
2026-04-14 07:25:00,685.0,690.0,685.0,690.0,26200
2026-04-14 07:30:00,685.0,690.0,685.0,690.0,6100
2026-04-14 07:35:00,685.0,690.0,680.0,685.0,63600
2026-04-14 07:40:00,680.0,685.0,680.0,680.0,4600
2026-04-14 07:45:00,685.0,685.0,680.0,680.0,1900
2026-04-14 07:50:00,680.0,685.0,680.0,680.0,7800
2026-04-14 07:55:00,680.0,685.0,680.0,685.0,26100
2026-04-14 08:00:00,685.0,685.0,675.0,680.0,556800
2026-04-14 08:05:00,680.0,685.0,680.0,680.0,126800
2026-04-14 08:10:00,680.0,685.0,680.0,685.0,11000
2026-04-14 08:15:00,685.0,685.0,680.0,680.0,79400
2026-04-14 08:20:00,685.0,685.0,680.0,680.0,83000
2026-04-14 08:25:00,680.0,685.0,680.0,685.0,112900
2026-04-14 08:30:00,680.0,685.0,675.0,680.0,755400
2026-04-14 08:35:00,675.0,680.0,670.0,675.0,348300
2026-04-14 08:40:00,675.0,680.0,670.0,675.0,524400
2026-04-14 08:45:00,675.0,680.0,670.0,675.0,1353900
2026-04-14 09:00:00,675.0,675.0,675.0,675.0,504700
2026-04-14 09:05:00,675.0,675.0,675.0,675.0,6000
2026-04-15 02:00:00,675.0,675.0,665.0,670.0,0
2026-04-15 02:05:00,670.0,675.0,665.0,670.0,409900
2026-04-15 02:10:00,665.0,670.0,665.0,670.0,108200
2026-04-15 02:15:00,670.0,670.0,665.0,665.0,158200
2026-04-15 02:20:00,670.0,670.0,670.0,670.0,29000
2026-04-15 02:25:00,665.0,670.0,665.0,665.0,356900
2026-04-15 02:30:00,665.0,670.0,665.0,665.0,133800
2026-04-15 02:35:00,665.0,670.0,660.0,670.0,2623800
2026-04-15 02:40:00,675.0,675.0,665.0,665.0,3058000
2026-04-15 02:45:00,670.0,675.0,670.0,675.0,62900
2026-04-15 02:50:00,670.0,675.0,670.0,670.0,600
2026-04-15 02:55:00,670.0,675.0,670.0,670.0,444900
2026-04-15 03:00:00,665.0,665.0,665.0,665.0,307300
2026-04-15 03:05:00,665.0,670.0,665.0,665.0,86400
2026-04-15 03:10:00,665.0,665.0,665.0,665.0,1400
2026-04-15 03:15:00,670.0,670.0,665.0,665.0,198700
2026-04-15 03:20:00,665.0,670.0,665.0,670.0,8900
2026-04-15 03:25:00,665.0,665.0,665.0,665.0,40400
2026-04-15 03:30:00,670.0,670.0,665.0,665.0,201000
2026-04-15 03:35:00,670.0,670.0,665.0,665.0,48500
2026-04-15 03:40:00,670.0,670.0,665.0,665.0,2288900
2026-04-15 03:45:00,670.0,670.0,670.0,670.0,11100
2026-04-15 03:50:00,670.0,670.0,665.0,665.0,128700
2026-04-15 03:55:00,670.0,670.0,665.0,670.0,18600
2026-04-15 04:00:00,665.0,665.0,665.0,665.0,2800
2026-04-15 04:05:00,670.0,670.0,665.0,665.0,20800
2026-04-15 04:10:00,665.0,670.0,665.0,670.0,3700
2026-04-15 04:15:00,670.0,670.0,665.0,665.0,29100
2026-04-15 04:20:00,665.0,665.0,665.0,665.0,500
2026-04-15 04:25:00,665.0,670.0,665.0,665.0,44000
2026-04-15 04:30:00,670.0,670.0,665.0,665.0,178400
2026-04-15 04:35:00,665.0,665.0,665.0,665.0,2000
2026-04-15 04:40:00,665.0,670.0,665.0,665.0,76200
2026-04-15 04:45:00,670.0,670.0,665.0,665.0,107900
2026-04-15 04:50:00,665.0,670.0,665.0,665.0,206900
2026-04-15 04:55:00,665.0,670.0,665.0,665.0,131600
2026-04-15 06:30:00,660.0,670.0,660.0,665.0,2019500
2026-04-15 06:35:00,665.0,665.0,660.0,660.0,46700
2026-04-15 06:40:00,660.0,665.0,660.0,660.0,32200
2026-04-15 06:45:00,665.0,665.0,660.0,660.0,10500
2026-04-15 06:50:00,665.0,665.0,660.0,660.0,538800
2026-04-15 06:55:00,665.0,665.0,655.0,660.0,1338000
2026-04-15 07:00:00,660.0,665.0,660.0,660.0,57200
2026-04-15 07:05:00,660.0,665.0,660.0,660.0,38700
2026-04-15 07:10:00,660.0,660.0,660.0,660.0,114100
2026-04-15 07:15:00,655.0,665.0,655.0,660.0,499600
2026-04-15 07:20:00,655.0,660.0,655.0,655.0,189100
2026-04-15 07:25:00,660.0,660.0,655.0,655.0,274800
2026-04-15 07:30:00,660.0,660.0,655.0,655.0,237200
2026-04-15 07:35:00,655.0,660.0,655.0,660.0,69000
2026-04-15 07:40:00,655.0,660.0,655.0,660.0,185000
2026-04-15 07:45:00,655.0,660.0,655.0,655.0,161500
2026-04-15 07:50:00,660.0,660.0,655.0,655.0,259300
2026-04-15 07:55:00,660.0,660.0,655.0,655.0,261900
2026-04-15 08:00:00,650.0,660.0,650.0,660.0,3784700
2026-04-15 08:05:00,655.0,655.0,650.0,655.0,150200
2026-04-15 08:10:00,655.0,655.0,650.0,655.0,357200
2026-04-15 08:15:00,650.0,655.0,650.0,650.0,490300
2026-04-15 08:20:00,650.0,655.0,650.0,650.0,232400
2026-04-15 08:25:00,650.0,655.0,650.0,650.0,546300
2026-04-15 08:30:00,650.0,655.0,650.0,650.0,515200
2026-04-15 08:35:00,660.0,660.0,655.0,655.0,1101100
2026-04-15 08:40:00,655.0,660.0,655.0,655.0,103100
2026-04-15 08:45:00,660.0,660.0,655.0,655.0,445400
2026-04-15 09:00:00,655.0,655.0,655.0,655.0,655600
2026-04-15 09:10:00,655.0,655.0,655.0,655.0,56900
2026-04-16 02:00:00,650.0,655.0,650.0,655.0,0
2026-04-16 02:05:00,655.0,655.0,650.0,655.0,25600
2026-04-16 02:10:00,650.0,660.0,650.0,655.0,1844600
2026-04-16 02:15:00,660.0,660.0,650.0,650.0,967300
2026-04-16 02:20:00,660.0,660.0,655.0,660.0,132500
2026-04-16 02:25:00,655.0,660.0,650.0,660.0,1084600
2026-04-16 02:30:00,655.0,655.0,650.0,650.0,93600
2026-04-16 02:35:00,655.0,655.0,650.0,655.0,267700
2026-04-16 02:40:00,655.0,655.0,650.0,655.0,65700
2026-04-16 02:45:00,655.0,655.0,650.0,650.0,78500
2026-04-16 02:50:00,650.0,655.0,650.0,650.0,97700
2026-04-16 02:55:00,650.0,655.0,650.0,655.0,162500
2026-04-16 03:00:00,650.0,655.0,650.0,655.0,62800
2026-04-16 03:05:00,655.0,655.0,650.0,655.0,27900
2026-04-16 03:10:00,655.0,655.0,650.0,655.0,215500
2026-04-16 03:15:00,650.0,655.0,650.0,655.0,105100
2026-04-16 03:20:00,655.0,655.0,650.0,655.0,435700
2026-04-16 03:25:00,655.0,655.0,650.0,650.0,161100
2026-04-16 03:30:00,650.0,655.0,650.0,650.0,267900
2026-04-16 03:35:00,655.0,655.0,650.0,650.0,62100
2026-04-16 03:40:00,655.0,655.0,650.0,655.0,90500
2026-04-16 03:45:00,650.0,655.0,650.0,650.0,176300
2026-04-16 03:50:00,650.0,655.0,650.0,655.0,122600
2026-04-16 03:55:00,655.0,655.0,650.0,655.0,137300
2026-04-16 04:00:00,650.0,655.0,650.0,655.0,424000
2026-04-16 04:05:00,650.0,650.0,645.0,645.0,224000
2026-04-16 04:10:00,645.0,650.0,645.0,650.0,134300
2026-04-16 04:15:00,645.0,650.0,645.0,645.0,397600
2026-04-16 04:20:00,650.0,650.0,645.0,650.0,97300
2026-04-16 04:25:00,650.0,650.0,645.0,650.0,91800
2026-04-16 04:30:00,645.0,650.0,645.0,650.0,132400
2026-04-16 04:35:00,645.0,650.0,645.0,650.0,269800
2026-04-16 04:40:00,645.0,650.0,645.0,650.0,344600
2026-04-16 04:45:00,645.0,650.0,645.0,650.0,921300
2026-04-16 04:50:00,650.0,650.0,645.0,645.0,8100
2026-04-16 04:55:00,650.0,650.0,645.0,645.0,225200
2026-04-16 06:30:00,650.0,655.0,645.0,650.0,1003500
2026-04-16 06:35:00,650.0,655.0,650.0,650.0,289000
2026-04-16 06:40:00,655.0,655.0,650.0,650.0,722900
2026-04-16 06:45:00,650.0,655.0,650.0,655.0,55400
2026-04-16 06:50:00,650.0,655.0,650.0,650.0,124600
2026-04-16 06:55:00,650.0,655.0,650.0,650.0,114900
2026-04-16 07:00:00,655.0,655.0,650.0,655.0,105900
2026-04-16 07:05:00,655.0,655.0,650.0,655.0,44800
2026-04-16 07:10:00,655.0,655.0,655.0,655.0,36100
2026-04-16 07:15:00,655.0,655.0,650.0,655.0,34700
2026-04-16 07:20:00,650.0,655.0,650.0,655.0,74800
2026-04-16 07:25:00,650.0,655.0,650.0,655.0,89500
2026-04-16 07:30:00,655.0,655.0,650.0,650.0,276200
2026-04-16 07:35:00,655.0,655.0,650.0,655.0,82200
2026-04-16 07:40:00,650.0,655.0,645.0,650.0,1425900
2026-04-16 07:45:00,650.0,650.0,645.0,650.0,236300
2026-04-16 07:50:00,645.0,645.0,645.0,645.0,95800
2026-04-16 07:55:00,645.0,650.0,645.0,645.0,83800
2026-04-16 08:00:00,645.0,650.0,645.0,645.0,264400
2026-04-16 08:05:00,645.0,650.0,645.0,645.0,352100
2026-04-16 08:10:00,645.0,650.0,645.0,650.0,100900
2026-04-16 08:15:00,650.0,650.0,640.0,645.0,1614700
2026-04-16 08:20:00,645.0,650.0,645.0,650.0,34300
2026-04-16 08:25:00,650.0,650.0,645.0,645.0,159800
2026-04-16 08:30:00,645.0,650.0,645.0,650.0,130300
2026-04-16 08:35:00,645.0,645.0,645.0,645.0,335600
2026-04-16 08:40:00,645.0,650.0,645.0,645.0,613100
2026-04-16 08:45:00,655.0,655.0,640.0,645.0,1060500
2026-04-16 09:00:00,660.0,660.0,660.0,660.0,1315900
2026-04-16 09:05:00,660.0,660.0,660.0,660.0,0
2026-04-16 09:10:00,660.0,660.0,660.0,660.0,3100
2026-04-17 02:00:00,665.0,665.0,660.0,665.0,0
2026-04-17 02:05:00,665.0,665.0,660.0,665.0,58600
2026-04-17 02:10:00,660.0,665.0,660.0,665.0,22600
2026-04-17 02:15:00,665.0,665.0,660.0,660.0,179700
2026-04-17 02:20:00,665.0,665.0,660.0,665.0,69200
2026-04-17 02:25:00,665.0,665.0,660.0,660.0,22100
2026-04-17 02:30:00,660.0,665.0,660.0,665.0,45400
2026-04-17 02:35:00,665.0,665.0,660.0,665.0,5300
2026-04-17 02:40:00,665.0,665.0,660.0,665.0,43700
2026-04-17 02:45:00,665.0,665.0,660.0,665.0,24700
2026-04-17 02:50:00,665.0,665.0,660.0,665.0,49300
2026-04-17 02:55:00,665.0,665.0,660.0,665.0,65100
2026-04-17 03:00:00,670.0,670.0,660.0,665.0,876900
2026-04-17 03:05:00,665.0,670.0,660.0,670.0,881600
2026-04-17 03:10:00,670.0,670.0,665.0,670.0,15200
2026-04-17 03:15:00,670.0,670.0,665.0,665.0,98500
2026-04-17 03:20:00,670.0,670.0,665.0,670.0,190100
2026-04-17 03:25:00,670.0,670.0,665.0,670.0,61600
2026-04-17 03:30:00,665.0,670.0,660.0,670.0,32000
2026-04-17 03:35:00,670.0,670.0,665.0,665.0,131900
2026-04-17 03:40:00,670.0,670.0,665.0,670.0,75300
2026-04-17 03:45:00,665.0,670.0,660.0,670.0,504300
2026-04-17 03:50:00,665.0,670.0,660.0,670.0,280800
2026-04-17 03:55:00,660.0,665.0,660.0,665.0,102300
2026-04-17 04:00:00,665.0,665.0,655.0,660.0,505100
2026-04-17 04:05:00,665.0,665.0,660.0,665.0,5300
2026-04-17 04:10:00,665.0,665.0,660.0,665.0,27200
2026-04-17 04:15:00,665.0,665.0,660.0,665.0,25300
2026-04-17 04:20:00,665.0,665.0,660.0,665.0,63300
2026-04-17 04:25:00,665.0,665.0,665.0,665.0,303400
2026-04-17 07:00:00,660.0,665.0,660.0,665.0,177800
2026-04-17 07:05:00,660.0,665.0,660.0,660.0,109300
2026-04-17 07:10:00,660.0,665.0,660.0,660.0,56400
2026-04-17 07:15:00,660.0,665.0,660.0,665.0,299200
2026-04-17 07:20:00,660.0,665.0,660.0,660.0,82600
2026-04-17 07:25:00,660.0,665.0,660.0,660.0,78500
2026-04-17 07:30:00,665.0,665.0,660.0,660.0,37100
2026-04-17 07:35:00,665.0,665.0,660.0,660.0,129700
2026-04-17 07:40:00,665.0,665.0,660.0,665.0,15700
2026-04-17 07:45:00,665.0,665.0,660.0,665.0,330900
2026-04-17 07:50:00,665.0,665.0,660.0,660.0,707100
2026-04-17 07:55:00,660.0,665.0,655.0,665.0,352300
2026-04-17 08:00:00,660.0,660.0,655.0,660.0,76400
2026-04-17 08:05:00,660.0,660.0,655.0,660.0,90800
2026-04-17 08:10:00,660.0,660.0,655.0,660.0,169100
2026-04-17 08:15:00,660.0,660.0,655.0,660.0,439000
2026-04-17 08:20:00,655.0,660.0,655.0,655.0,153600
2026-04-17 08:25:00,655.0,660.0,655.0,655.0,144600
2026-04-17 08:30:00,655.0,660.0,655.0,655.0,98900
2026-04-17 08:35:00,655.0,660.0,655.0,655.0,171900
2026-04-17 08:40:00,660.0,660.0,655.0,655.0,245900
2026-04-17 08:45:00,670.0,670.0,655.0,660.0,1155100
2026-04-17 09:00:00,660.0,660.0,660.0,660.0,769900
2026-04-17 09:05:00,660.0,660.0,660.0,660.0,0
2026-04-20 02:00:00,665.0,670.0,660.0,665.0,0
2026-04-20 02:05:00,660.0,665.0,660.0,665.0,9800
2026-04-20 02:10:00,665.0,665.0,660.0,660.0,31200
2026-04-20 02:15:00,665.0,665.0,665.0,665.0,0
2026-04-20 02:20:00,665.0,665.0,660.0,660.0,0
2026-04-20 02:25:00,665.0,665.0,660.0,660.0,27000
2026-04-20 02:30:00,660.0,665.0,660.0,665.0,3500
2026-04-20 02:35:00,665.0,665.0,660.0,665.0,81300
2026-04-20 02:40:00,660.0,665.0,660.0,665.0,6800
2026-04-20 02:45:00,660.0,660.0,660.0,660.0,500
2026-04-20 02:50:00,655.0,665.0,655.0,660.0,1063800
2026-04-20 02:55:00,655.0,655.0,655.0,655.0,56000
2026-04-20 03:00:00,655.0,655.0,655.0,655.0,18900
2026-04-20 03:05:00,660.0,660.0,660.0,660.0,14400
2026-04-20 03:10:00,655.0,655.0,655.0,655.0,44400
2026-04-20 03:20:00,655.0,660.0,655.0,660.0,29000
2026-04-20 03:25:00,660.0,660.0,655.0,655.0,36500
2026-04-20 03:30:00,655.0,660.0,655.0,660.0,29000
2026-04-20 03:35:00,650.0,655.0,650.0,655.0,284000
2026-04-20 03:40:00,655.0,655.0,650.0,655.0,3200
2026-04-20 03:45:00,655.0,660.0,655.0,655.0,198200
2026-04-20 03:50:00,650.0,660.0,645.0,650.0,1839300
2026-04-20 03:55:00,650.0,650.0,645.0,650.0,800
2026-04-20 04:00:00,645.0,650.0,640.0,650.0,1508200
2026-04-20 04:05:00,645.0,650.0,640.0,645.0,1259500
2026-04-20 04:10:00,645.0,645.0,640.0,645.0,51400
2026-04-20 04:15:00,640.0,645.0,640.0,640.0,400900
2026-04-20 04:20:00,645.0,645.0,645.0,645.0,85200
2026-04-20 04:25:00,645.0,645.0,645.0,645.0,22100
2026-04-20 09:10:00,635.0,635.0,635.0,635.0,6606400
2026-04-21 02:00:00,635.0,650.0,635.0,645.0,0
2026-04-21 02:05:00,635.0,635.0,635.0,635.0,33000
2026-04-21 02:10:00,635.0,640.0,635.0,635.0,92100
2026-04-21 02:15:00,635.0,640.0,635.0,635.0,325200
2026-04-21 02:20:00,650.0,650.0,630.0,635.0,4114900
2026-04-21 02:25:00,645.0,650.0,645.0,650.0,74700
2026-04-21 02:30:00,650.0,655.0,650.0,650.0,719500
2026-04-21 02:35:00,650.0,655.0,650.0,650.0,71200
2026-04-21 02:40:00,655.0,655.0,650.0,655.0,25100
2026-04-21 02:45:00,655.0,655.0,650.0,655.0,30600
2026-04-21 02:50:00,650.0,655.0,650.0,655.0,211700
2026-04-21 02:55:00,650.0,655.0,650.0,650.0,57200
2026-04-21 03:00:00,650.0,655.0,650.0,650.0,99700
2026-04-21 03:05:00,650.0,655.0,650.0,650.0,113600
2026-04-21 03:10:00,650.0,655.0,650.0,650.0,114400
2026-04-21 03:15:00,655.0,655.0,650.0,655.0,88700
2026-04-21 03:20:00,650.0,655.0,650.0,650.0,86500
2026-04-21 03:25:00,655.0,655.0,650.0,655.0,78100
2026-04-21 03:30:00,655.0,655.0,650.0,650.0,151700
2026-04-21 03:35:00,655.0,655.0,650.0,650.0,93000
2026-04-21 03:40:00,650.0,655.0,650.0,655.0,127800
2026-04-21 03:45:00,655.0,655.0,650.0,655.0,233500
2026-04-21 03:50:00,650.0,655.0,650.0,655.0,147300
2026-04-21 03:55:00,655.0,655.0,650.0,650.0,111900
2026-04-21 04:00:00,650.0,655.0,650.0,655.0,104400
2026-04-21 04:05:00,650.0,655.0,650.0,650.0,78400
2026-04-21 04:10:00,650.0,655.0,650.0,655.0,151300
2026-04-21 04:15:00,655.0,655.0,650.0,650.0,92800
2026-04-21 04:20:00,650.0,655.0,650.0,655.0,90000
2026-04-21 04:25:00,650.0,655.0,650.0,650.0,159200
2026-04-21 04:30:00,655.0,655.0,650.0,655.0,125800
2026-04-21 04:35:00,650.0,655.0,650.0,655.0,103500
2026-04-21 04:40:00,655.0,655.0,650.0,650.0,154000
2026-04-21 04:45:00,655.0,660.0,650.0,655.0,1094500
2026-04-21 04:50:00,655.0,660.0,655.0,660.0,166000
2026-04-21 04:55:00,660.0,660.0,655.0,660.0,223200
2026-04-21 06:30:00,655.0,660.0,655.0,655.0,509700
2026-04-21 06:35:00,650.0,655.0,650.0,655.0,116800
2026-04-21 06:40:00,655.0,655.0,655.0,655.0,125700
2026-04-21 06:45:00,655.0,655.0,655.0,655.0,14300
2026-04-21 06:50:00,655.0,655.0,650.0,655.0,195700
2026-04-21 06:55:00,650.0,655.0,650.0,655.0,17700
2026-04-21 07:00:00,655.0,655.0,655.0,655.0,122400
2026-04-21 07:05:00,655.0,655.0,655.0,655.0,24000
2026-04-21 07:10:00,650.0,655.0,650.0,655.0,74300
2026-04-21 07:15:00,655.0,655.0,650.0,655.0,253200
2026-04-21 07:20:00,655.0,655.0,650.0,650.0,97400
2026-04-21 07:25:00,655.0,655.0,650.0,650.0,91800
2026-04-21 07:30:00,655.0,655.0,650.0,655.0,294000
2026-04-21 07:35:00,655.0,655.0,650.0,655.0,147900
2026-04-21 07:40:00,655.0,655.0,650.0,650.0,132100
2026-04-21 07:45:00,650.0,655.0,650.0,655.0,423000
2026-04-21 07:50:00,655.0,655.0,650.0,655.0,169900
2026-04-21 07:55:00,655.0,655.0,650.0,655.0,246200
2026-04-21 08:00:00,655.0,655.0,650.0,655.0,433600
2026-04-21 08:05:00,655.0,655.0,650.0,650.0,165700
2026-04-21 08:10:00,655.0,655.0,655.0,655.0,256100
2026-04-21 08:15:00,655.0,655.0,650.0,655.0,99200
2026-04-21 08:20:00,655.0,655.0,655.0,655.0,176800
2026-04-21 08:25:00,660.0,660.0,660.0,660.0,111700
2026-04-21 08:30:00,655.0,660.0,655.0,655.0,235600
2026-04-21 08:35:00,660.0,660.0,655.0,660.0,139700
2026-04-21 08:40:00,655.0,660.0,655.0,655.0,336400
2026-04-21 08:45:00,660.0,660.0,655.0,660.0,616400
2026-04-21 09:00:00,660.0,660.0,660.0,660.0,926600
2026-04-21 09:05:00,660.0,660.0,660.0,660.0,0
2026-04-22 02:00:00,660.0,660.0,655.0,660.0,0
2026-04-22 02:05:00,655.0,660.0,655.0,660.0,380100
2026-04-22 02:10:00,650.0,660.0,650.0,660.0,520900
2026-04-22 02:15:00,655.0,655.0,650.0,655.0,600
2026-04-22 02:20:00,655.0,655.0,650.0,655.0,29900
2026-04-22 02:25:00,650.0,655.0,650.0,655.0,142600
2026-04-22 02:30:00,655.0,655.0,650.0,655.0,14900
2026-04-22 02:35:00,655.0,655.0,650.0,655.0,388800
2026-04-22 02:40:00,650.0,655.0,650.0,650.0,11200
2026-04-22 02:45:00,650.0,655.0,650.0,655.0,102000
2026-04-22 02:50:00,650.0,655.0,650.0,650.0,189500
2026-04-22 02:55:00,650.0,655.0,650.0,655.0,336300
2026-04-22 03:00:00,655.0,660.0,650.0,655.0,340800
2026-04-22 03:05:00,655.0,660.0,655.0,660.0,0
2026-04-22 03:10:00,655.0,660.0,655.0,655.0,45000
2026-04-22 03:15:00,655.0,660.0,655.0,660.0,600
2026-04-22 03:20:00,655.0,660.0,655.0,655.0,120300
2026-04-22 03:25:00,650.0,660.0,650.0,655.0,811900
2026-04-22 03:30:00,655.0,655.0,650.0,650.0,300
2026-04-22 03:35:00,650.0,655.0,650.0,655.0,66800
2026-04-22 03:40:00,650.0,655.0,650.0,650.0,173000
2026-04-22 03:45:00,650.0,655.0,650.0,650.0,52600
2026-04-22 03:50:00,650.0,655.0,650.0,650.0,100300
2026-04-22 03:55:00,650.0,655.0,650.0,650.0,44100
2026-04-22 04:00:00,650.0,655.0,650.0,650.0,63100
2026-04-22 04:05:00,650.0,655.0,650.0,655.0,55000
2026-04-22 04:10:00,650.0,655.0,650.0,655.0,17500
2026-04-22 04:15:00,650.0,655.0,650.0,650.0,65100
2026-04-22 04:20:00,655.0,655.0,650.0,655.0,21800
2026-04-22 04:25:00,655.0,655.0,650.0,650.0,235600
2026-04-22 04:30:00,650.0,655.0,650.0,650.0,200000
2026-04-22 04:35:00,650.0,655.0,650.0,655.0,19200
2026-04-22 04:40:00,650.0,655.0,650.0,655.0,119500
2026-04-22 04:45:00,650.0,660.0,650.0,655.0,521100
2026-04-22 04:50:00,650.0,655.0,650.0,655.0,97000
2026-04-22 04:55:00,660.0,660.0,650.0,655.0,100000
2026-04-22 06:30:00,655.0,660.0,650.0,655.0,196800
2026-04-22 06:35:00,660.0,660.0,655.0,660.0,0
2026-04-22 06:40:00,655.0,660.0,655.0,655.0,38100
2026-04-22 06:45:00,655.0,655.0,655.0,655.0,0
2026-04-22 06:50:00,655.0,660.0,655.0,655.0,276200
2026-04-22 06:55:00,655.0,660.0,655.0,660.0,27000
2026-04-22 07:00:00,655.0,660.0,655.0,655.0,98600
2026-04-22 07:05:00,655.0,660.0,655.0,655.0,65900
2026-04-22 07:10:00,655.0,660.0,655.0,660.0,51900
2026-04-22 07:15:00,660.0,660.0,655.0,660.0,110700
2026-04-22 07:20:00,655.0,660.0,655.0,655.0,27200
2026-04-22 07:25:00,655.0,660.0,655.0,660.0,117800
2026-04-22 07:30:00,655.0,660.0,655.0,660.0,69100
2026-04-22 07:35:00,660.0,660.0,655.0,660.0,15300
2026-04-22 07:40:00,655.0,660.0,655.0,655.0,105100
2026-04-22 07:45:00,655.0,660.0,655.0,655.0,52400
2026-04-22 07:50:00,660.0,660.0,655.0,660.0,61700
2026-04-22 07:55:00,660.0,660.0,655.0,655.0,63500
2026-04-22 08:00:00,660.0,660.0,655.0,660.0,209000
2026-04-22 08:05:00,660.0,660.0,655.0,660.0,70500
2026-04-22 08:10:00,655.0,660.0,655.0,655.0,494500
2026-04-22 08:15:00,655.0,660.0,655.0,655.0,798900
2026-04-22 08:20:00,655.0,660.0,655.0,655.0,271300
2026-04-22 08:25:00,655.0,660.0,655.0,660.0,207200
2026-04-22 08:30:00,655.0,660.0,655.0,660.0,80800
2026-04-22 08:35:00,660.0,660.0,655.0,660.0,298700
2026-04-22 08:40:00,660.0,660.0,655.0,655.0,579100
2026-04-22 08:45:00,660.0,665.0,655.0,655.0,124600
2026-04-22 09:00:00,650.0,650.0,650.0,650.0,3877200
2026-04-22 09:05:00,650.0,650.0,650.0,650.0,0
2026-04-23 02:00:00,650.0,655.0,650.0,650.0,0
2026-04-23 02:05:00,645.0,650.0,645.0,650.0,3169800
2026-04-23 02:10:00,645.0,650.0,645.0,645.0,110000
2026-04-23 02:15:00,645.0,645.0,645.0,645.0,11700
2026-04-23 02:20:00,645.0,650.0,645.0,645.0,25900
2026-04-23 02:25:00,645.0,645.0,645.0,645.0,0
2026-04-23 02:30:00,645.0,650.0,645.0,645.0,25700
2026-04-23 02:35:00,645.0,650.0,645.0,645.0,83700
2026-04-23 02:40:00,645.0,650.0,645.0,645.0,26100
2026-04-23 02:45:00,645.0,645.0,645.0,645.0,86400
2026-04-23 02:50:00,645.0,645.0,645.0,645.0,49500
2026-04-23 02:55:00,640.0,650.0,635.0,645.0,1198000
2026-04-23 03:00:00,635.0,640.0,630.0,635.0,853600
2026-04-23 03:05:00,635.0,640.0,635.0,635.0,114100
2026-04-23 03:10:00,635.0,640.0,635.0,635.0,36900
2026-04-23 03:15:00,635.0,640.0,635.0,640.0,22000
2026-04-23 03:20:00,640.0,640.0,635.0,640.0,802200
2026-04-23 03:25:00,645.0,645.0,640.0,645.0,2300
2026-04-23 03:30:00,640.0,645.0,640.0,645.0,17700
2026-04-23 03:35:00,640.0,645.0,640.0,640.0,45500
2026-04-23 03:40:00,640.0,645.0,640.0,645.0,62700
2026-04-23 03:45:00,640.0,645.0,640.0,640.0,76100
2026-04-23 03:50:00,640.0,645.0,640.0,640.0,16900
2026-04-23 03:55:00,640.0,645.0,640.0,645.0,481100
2026-04-23 04:00:00,645.0,645.0,640.0,640.0,1400
2026-04-23 04:05:00,640.0,645.0,640.0,645.0,43700
2026-04-23 04:10:00,640.0,640.0,640.0,640.0,5000
2026-04-23 04:15:00,640.0,645.0,640.0,640.0,78200
2026-04-23 04:20:00,640.0,645.0,640.0,640.0,392500
2026-04-23 04:25:00,640.0,645.0,640.0,645.0,31400
2026-04-23 04:30:00,640.0,645.0,640.0,645.0,179600
2026-04-23 04:35:00,645.0,650.0,640.0,645.0,303300
2026-04-23 04:40:00,645.0,650.0,645.0,650.0,30000
2026-04-23 04:45:00,645.0,650.0,645.0,650.0,33500
2026-04-23 04:50:00,645.0,650.0,645.0,650.0,0
2026-04-23 04:55:00,650.0,650.0,645.0,650.0,36300
2026-04-23 06:30:00,645.0,650.0,645.0,645.0,4077500
2026-04-23 06:35:00,645.0,650.0,645.0,650.0,65300
2026-04-23 06:40:00,645.0,650.0,645.0,650.0,320100
2026-04-23 06:45:00,655.0,655.0,645.0,645.0,49000
2026-04-23 06:50:00,650.0,655.0,650.0,650.0,498200
2026-04-23 06:55:00,645.0,650.0,645.0,650.0,54000
2026-04-23 07:00:00,645.0,650.0,645.0,645.0,49700
2026-04-23 07:05:00,645.0,650.0,645.0,650.0,635900
2026-04-23 07:10:00,650.0,650.0,645.0,645.0,16800
2026-04-23 07:15:00,650.0,650.0,650.0,650.0,27400
2026-04-23 07:20:00,650.0,650.0,650.0,650.0,0
2026-04-23 07:25:00,645.0,650.0,645.0,650.0,1663300
2026-04-23 07:30:00,650.0,650.0,645.0,645.0,125800
2026-04-23 07:35:00,650.0,650.0,650.0,650.0,24100
2026-04-23 07:40:00,650.0,650.0,645.0,650.0,55100
2026-04-23 07:45:00,645.0,650.0,645.0,645.0,27600
2026-04-23 07:50:00,645.0,650.0,645.0,650.0,45200
2026-04-23 07:55:00,645.0,650.0,645.0,650.0,52100
2026-04-23 08:00:00,650.0,650.0,645.0,650.0,278700
2026-04-23 08:05:00,650.0,650.0,645.0,645.0,1755000
2026-04-23 08:10:00,645.0,650.0,645.0,645.0,5530700
2026-04-23 08:15:00,650.0,655.0,650.0,650.0,275600
2026-04-23 08:20:00,655.0,655.0,650.0,650.0,14600
2026-04-23 08:25:00,655.0,655.0,650.0,650.0,77800
2026-04-23 08:30:00,645.0,655.0,645.0,655.0,364600
2026-04-23 08:35:00,650.0,650.0,645.0,650.0,103300
2026-04-23 08:40:00,650.0,650.0,645.0,650.0,124500
2026-04-23 08:45:00,640.0,650.0,640.0,645.0,7353200
2026-04-23 09:00:00,650.0,650.0,650.0,650.0,167800
2026-04-23 09:05:00,650.0,650.0,650.0,650.0,15600
2026-04-23 09:10:00,650.0,650.0,650.0,650.0,3500
2026-04-24 02:00:00,635.0,645.0,635.0,645.0,0
2026-04-24 02:05:00,635.0,640.0,635.0,635.0,70300
2026-04-24 02:10:00,640.0,640.0,640.0,640.0,39200
2026-04-24 02:15:00,640.0,640.0,635.0,640.0,89400
2026-04-24 02:20:00,640.0,640.0,635.0,640.0,0
2026-04-24 02:25:00,640.0,640.0,640.0,640.0,8100
2026-04-24 02:30:00,640.0,640.0,635.0,635.0,402200
2026-04-24 02:35:00,640.0,640.0,635.0,635.0,12800
2026-04-24 02:40:00,635.0,640.0,635.0,635.0,795800
2026-04-24 02:45:00,630.0,635.0,630.0,635.0,3108400
2026-04-24 02:50:00,635.0,635.0,630.0,630.0,759500
2026-04-24 02:55:00,635.0,635.0,630.0,630.0,0
2026-04-24 03:00:00,630.0,635.0,630.0,635.0,389100
2026-04-24 03:05:00,630.0,635.0,630.0,630.0,452700
2026-04-24 03:10:00,630.0,635.0,630.0,635.0,1378700
2026-04-24 03:15:00,630.0,630.0,630.0,630.0,65700
2026-04-24 03:20:00,630.0,630.0,625.0,630.0,650700
2026-04-24 03:25:00,630.0,630.0,630.0,630.0,254500
2026-04-24 03:30:00,630.0,630.0,630.0,630.0,42000
2026-04-24 03:35:00,625.0,630.0,625.0,625.0,497800
2026-04-24 03:40:00,625.0,630.0,625.0,630.0,33200
2026-04-24 03:45:00,625.0,625.0,625.0,625.0,54500
2026-04-24 03:50:00,630.0,630.0,625.0,630.0,14500
2026-04-24 03:55:00,630.0,630.0,625.0,625.0,362800
2026-04-24 04:00:00,625.0,630.0,625.0,630.0,127500
2026-04-24 04:05:00,630.0,630.0,625.0,630.0,184600
2026-04-24 04:10:00,630.0,635.0,630.0,635.0,133400
2026-04-24 04:15:00,625.0,635.0,625.0,635.0,830300
2026-04-24 04:20:00,630.0,630.0,625.0,625.0,492700
2026-04-24 07:00:00,630.0,630.0,625.0,625.0,609200
2026-04-24 07:05:00,630.0,630.0,625.0,630.0,846700
2026-04-24 07:10:00,625.0,630.0,620.0,625.0,1084600
2026-04-24 07:15:00,630.0,630.0,625.0,625.0,0
2026-04-24 07:20:00,630.0,630.0,630.0,630.0,87500
2026-04-24 07:25:00,630.0,630.0,625.0,625.0,31400
2026-04-24 07:30:00,630.0,630.0,625.0,630.0,495200
2026-04-24 07:35:00,630.0,630.0,625.0,625.0,239800
2026-04-24 07:40:00,630.0,630.0,625.0,630.0,367600
2026-04-24 07:45:00,625.0,630.0,625.0,630.0,128000
2026-04-24 07:50:00,630.0,630.0,625.0,630.0,42900
2026-04-24 07:55:00,630.0,630.0,625.0,630.0,63600
2026-04-24 08:00:00,630.0,630.0,625.0,630.0,285900
2026-04-24 08:05:00,630.0,630.0,625.0,630.0,90200
2026-04-24 08:10:00,630.0,630.0,630.0,630.0,417600
2026-04-24 08:15:00,630.0,630.0,625.0,630.0,152600
2026-04-24 08:20:00,630.0,630.0,625.0,630.0,88100
2026-04-24 08:25:00,630.0,630.0,625.0,630.0,428400
2026-04-24 08:30:00,620.0,630.0,620.0,625.0,1497700
2026-04-24 08:35:00,630.0,630.0,625.0,630.0,1660100
2026-04-24 08:40:00,640.0,640.0,625.0,625.0,5523600
2026-04-24 08:45:00,630.0,640.0,630.0,635.0,485100
2026-04-24 09:00:00,640.0,640.0,640.0,640.0,717700
2026-04-27 02:00:00,625.0,630.0,625.0,630.0,0
2026-04-27 02:05:00,630.0,630.0,625.0,625.0,328900
2026-04-27 02:10:00,630.0,635.0,625.0,630.0,705100
2026-04-27 02:15:00,630.0,630.0,630.0,630.0,28400
2026-04-27 02:20:00,630.0,635.0,630.0,635.0,41900
2026-04-27 02:25:00,630.0,635.0,630.0,630.0,19700
2026-04-27 02:30:00,625.0,635.0,625.0,630.0,504900
2026-04-27 02:35:00,630.0,630.0,625.0,625.0,39800
2026-04-27 02:40:00,630.0,630.0,630.0,630.0,2500
2026-04-27 02:45:00,625.0,630.0,625.0,630.0,15700
2026-04-27 02:50:00,630.0,630.0,625.0,630.0,66200
2026-04-27 02:55:00,625.0,630.0,625.0,630.0,10900
2026-04-27 03:00:00,630.0,630.0,625.0,625.0,125200
2026-04-27 03:05:00,630.0,630.0,625.0,625.0,129300
2026-04-27 03:10:00,630.0,630.0,625.0,625.0,26400
2026-04-27 03:15:00,625.0,630.0,625.0,630.0,32900
2026-04-27 03:20:00,625.0,630.0,625.0,625.0,17400
2026-04-27 03:25:00,630.0,630.0,630.0,630.0,7400
2026-04-27 03:30:00,625.0,625.0,625.0,625.0,14500
2026-04-27 03:35:00,625.0,630.0,625.0,625.0,7300
2026-04-27 03:40:00,630.0,630.0,625.0,625.0,26300
2026-04-27 03:45:00,630.0,630.0,630.0,630.0,1800
2026-04-27 03:50:00,630.0,630.0,625.0,625.0,28500
2026-04-27 03:55:00,630.0,630.0,625.0,630.0,124000
2026-04-27 04:00:00,630.0,630.0,625.0,625.0,14600
2026-04-27 04:05:00,630.0,630.0,630.0,630.0,11000
2026-04-27 04:10:00,630.0,630.0,630.0,630.0,7800
2026-04-27 04:15:00,630.0,630.0,630.0,630.0,5400
2026-04-27 04:20:00,630.0,630.0,630.0,630.0,50700
2026-04-27 04:25:00,630.0,630.0,625.0,630.0,51900
2026-04-27 04:30:00,630.0,630.0,630.0,630.0,4100
2026-04-27 04:35:00,630.0,630.0,630.0,630.0,8600
2026-04-27 04:40:00,630.0,630.0,630.0,630.0,5500
2026-04-27 04:45:00,630.0,630.0,630.0,630.0,9500
2026-04-27 04:50:00,630.0,630.0,625.0,630.0,23700
2026-04-27 04:55:00,630.0,630.0,630.0,630.0,19100
2026-04-27 06:30:00,630.0,635.0,625.0,625.0,2449400
2026-04-27 06:35:00,630.0,630.0,625.0,630.0,141000
2026-04-27 06:40:00,630.0,630.0,625.0,630.0,53900
2026-04-27 06:45:00,630.0,635.0,630.0,635.0,3100
2026-04-27 06:50:00,630.0,630.0,630.0,630.0,109500
2026-04-27 06:55:00,635.0,635.0,630.0,630.0,24900
2026-04-27 07:00:00,630.0,630.0,630.0,630.0,173700
2026-04-27 07:10:00,635.0,635.0,630.0,630.0,16800
2026-04-27 07:20:00,635.0,635.0,630.0,630.0,19000
2026-04-27 07:25:00,630.0,635.0,630.0,630.0,9400
2026-04-27 07:30:00,630.0,635.0,630.0,630.0,18800
2026-04-27 07:35:00,630.0,635.0,630.0,635.0,6600
2026-04-27 07:40:00,635.0,635.0,630.0,630.0,218300
2026-04-27 07:45:00,630.0,635.0,630.0,635.0,2800
2026-04-27 07:50:00,630.0,635.0,630.0,630.0,40600
2026-04-27 08:00:00,630.0,630.0,630.0,630.0,16600
2026-04-27 08:10:00,630.0,635.0,630.0,630.0,34800
2026-04-27 08:15:00,630.0,635.0,630.0,635.0,367300
2026-04-27 08:20:00,635.0,645.0,630.0,630.0,2216600
2026-04-27 08:25:00,635.0,640.0,635.0,635.0,62000
2026-04-27 08:30:00,640.0,640.0,635.0,640.0,28000
2026-04-27 08:35:00,635.0,640.0,635.0,635.0,29600
2026-04-27 08:40:00,635.0,640.0,635.0,635.0,121000
2026-04-27 08:45:00,645.0,645.0,635.0,640.0,62600
2026-04-27 09:00:00,630.0,630.0,630.0,630.0,859800
2026-04-27 09:05:00,630.0,630.0,630.0,630.0,300
2026-04-28 02:00:00,640.0,645.0,635.0,635.0,0
2026-04-28 02:05:00,640.0,645.0,640.0,645.0,219400
2026-04-28 02:10:00,635.0,635.0,635.0,635.0,1700
2026-04-28 02:15:00,640.0,640.0,635.0,635.0,7600
2026-04-28 02:20:00,640.0,640.0,635.0,640.0,161800
2026-04-28 02:25:00,640.0,645.0,640.0,640.0,329800
2026-04-28 02:30:00,645.0,645.0,640.0,645.0,2257800
2026-04-28 02:35:00,645.0,650.0,645.0,645.0,543700
2026-04-28 02:40:00,655.0,660.0,645.0,650.0,2604400
2026-04-28 02:45:00,650.0,655.0,650.0,655.0,58100
2026-04-28 02:50:00,650.0,655.0,650.0,650.0,124900
2026-04-28 02:55:00,650.0,650.0,645.0,650.0,1224900
2026-04-28 03:00:00,650.0,650.0,645.0,650.0,33400
2026-04-28 03:05:00,645.0,650.0,645.0,650.0,59500
2026-04-28 03:10:00,645.0,645.0,645.0,645.0,11700
2026-04-28 03:15:00,645.0,645.0,640.0,645.0,848700
2026-04-28 03:20:00,650.0,650.0,645.0,645.0,10500
2026-04-28 03:25:00,645.0,650.0,645.0,650.0,419500
2026-04-28 03:30:00,635.0,645.0,635.0,640.0,960400
2026-04-28 03:35:00,635.0,640.0,635.0,635.0,93200
2026-04-28 03:40:00,640.0,640.0,635.0,640.0,200
2026-04-28 03:45:00,640.0,640.0,640.0,640.0,200
2026-04-28 03:50:00,640.0,640.0,640.0,640.0,11900
2026-04-28 03:55:00,640.0,640.0,640.0,640.0,202600
2026-04-28 04:00:00,635.0,635.0,635.0,635.0,122100
2026-04-28 04:05:00,640.0,640.0,635.0,640.0,60900
2026-04-28 04:10:00,635.0,635.0,635.0,635.0,0
2026-04-28 04:15:00,630.0,635.0,630.0,635.0,786200
2026-04-28 04:20:00,635.0,635.0,630.0,630.0,146000
2026-04-28 04:25:00,630.0,635.0,630.0,630.0,20300
2026-04-28 04:30:00,635.0,635.0,630.0,635.0,9200
2026-04-28 04:35:00,630.0,630.0,630.0,630.0,114500
2026-04-28 04:40:00,630.0,630.0,630.0,630.0,20200
2026-04-28 04:45:00,635.0,635.0,635.0,635.0,200100
2026-04-28 04:50:00,635.0,635.0,635.0,635.0,5500
2026-04-28 04:55:00,635.0,635.0,630.0,630.0,161100
2026-04-28 06:30:00,630.0,635.0,630.0,635.0,56900
2026-04-28 06:35:00,635.0,635.0,630.0,635.0,28800
2026-04-28 06:40:00,630.0,630.0,630.0,630.0,2000
2026-04-28 06:45:00,630.0,635.0,630.0,630.0,239400
2026-04-28 06:50:00,630.0,630.0,630.0,630.0,120700
2026-04-28 06:55:00,625.0,630.0,625.0,630.0,2149800
2026-04-28 07:00:00,625.0,625.0,625.0,625.0,1642500
2026-04-28 07:05:00,630.0,630.0,620.0,625.0,1599400
2026-04-28 07:10:00,630.0,630.0,630.0,630.0,136500
2026-04-28 07:15:00,630.0,630.0,630.0,630.0,100
2026-04-28 07:20:00,630.0,630.0,625.0,625.0,15300
2026-04-28 07:25:00,630.0,630.0,630.0,630.0,2900
2026-04-28 07:30:00,625.0,625.0,625.0,625.0,15100
2026-04-28 07:35:00,625.0,625.0,625.0,625.0,6600
2026-04-28 07:40:00,630.0,630.0,625.0,625.0,13000
2026-04-28 07:45:00,625.0,630.0,625.0,630.0,27500
2026-04-28 07:50:00,625.0,630.0,625.0,630.0,53700
2026-04-28 07:55:00,625.0,630.0,625.0,625.0,14600
2026-04-28 08:00:00,625.0,625.0,625.0,625.0,104400
2026-04-28 08:05:00,630.0,630.0,625.0,625.0,9100
2026-04-28 08:10:00,625.0,630.0,625.0,630.0,1033200
2026-04-28 08:15:00,625.0,625.0,620.0,625.0,2844200
2026-04-28 08:20:00,625.0,630.0,620.0,625.0,1115300
2026-04-28 08:25:00,630.0,630.0,630.0,630.0,0
2026-04-28 08:30:00,625.0,630.0,625.0,630.0,970900
2026-04-28 08:35:00,630.0,630.0,625.0,625.0,43000
2026-04-28 08:40:00,625.0,625.0,625.0,625.0,356700
2026-04-28 08:45:00,630.0,630.0,620.0,625.0,922500
2026-04-28 09:00:00,625.0,625.0,625.0,625.0,456100
2026-04-29 02:00:00,625.0,630.0,625.0,630.0,0
2026-04-29 02:05:00,630.0,630.0,630.0,630.0,174600
2026-04-29 02:10:00,625.0,630.0,625.0,630.0,102300
2026-04-29 02:15:00,625.0,630.0,625.0,625.0,57700
2026-04-29 02:20:00,630.0,630.0,625.0,625.0,91300
2026-04-29 02:25:00,630.0,630.0,625.0,625.0,155500
2026-04-29 02:30:00,630.0,635.0,630.0,635.0,1200
2026-04-29 02:35:00,625.0,630.0,625.0,630.0,320300
2026-04-29 02:40:00,625.0,625.0,625.0,625.0,18500
2026-04-29 02:45:00,625.0,630.0,625.0,630.0,21500
2026-04-29 02:50:00,630.0,630.0,625.0,625.0,38000
2026-04-29 02:55:00,630.0,630.0,625.0,630.0,37900
2026-04-29 03:00:00,630.0,630.0,625.0,630.0,228100
2026-04-29 03:05:00,630.0,630.0,625.0,630.0,33000
2026-04-29 03:10:00,630.0,630.0,625.0,630.0,43400
2026-04-29 03:15:00,630.0,630.0,630.0,630.0,37500
2026-04-29 03:20:00,630.0,630.0,625.0,630.0,44300
2026-04-29 03:25:00,625.0,630.0,625.0,630.0,39300
2026-04-29 03:30:00,630.0,630.0,625.0,630.0,51800
2026-04-29 03:35:00,630.0,630.0,630.0,630.0,137300
2026-04-29 03:40:00,630.0,630.0,630.0,630.0,34700
2026-04-29 03:45:00,630.0,630.0,630.0,630.0,41800
2026-04-29 03:50:00,620.0,630.0,620.0,625.0,942200
2026-04-29 03:55:00,620.0,620.0,620.0,620.0,15600
2026-04-29 04:00:00,620.0,625.0,620.0,620.0,142600
2026-04-29 04:05:00,620.0,625.0,620.0,625.0,298200
2026-04-29 04:10:00,625.0,625.0,625.0,625.0,0
2026-04-29 04:15:00,620.0,625.0,615.0,625.0,633600
2026-04-29 04:20:00,615.0,615.0,615.0,615.0,416500
2026-04-29 04:25:00,615.0,615.0,615.0,615.0,146400
2026-04-29 04:30:00,620.0,620.0,620.0,620.0,25600
2026-04-29 04:35:00,620.0,620.0,615.0,620.0,35900
2026-04-29 04:40:00,615.0,620.0,615.0,615.0,177900
2026-04-29 04:45:00,625.0,625.0,620.0,620.0,188500
2026-04-29 04:50:00,625.0,625.0,625.0,625.0,400
2026-04-29 04:55:00,625.0,625.0,620.0,620.0,218300
2026-04-29 06:30:00,620.0,625.0,620.0,620.0,45500
2026-04-29 06:35:00,625.0,625.0,620.0,620.0,18700
2026-04-29 06:40:00,625.0,625.0,620.0,620.0,6500
2026-04-29 06:45:00,620.0,620.0,620.0,620.0,116800
2026-04-29 06:50:00,620.0,620.0,620.0,620.0,31100
2026-04-29 06:55:00,620.0,620.0,620.0,620.0,3200
2026-04-29 07:00:00,620.0,625.0,620.0,625.0,69400
2026-04-29 07:05:00,620.0,625.0,620.0,620.0,0
2026-04-29 07:10:00,625.0,625.0,620.0,620.0,67900
2026-04-29 07:15:00,625.0,625.0,620.0,625.0,18100
2026-04-29 07:20:00,620.0,625.0,620.0,625.0,12500
2026-04-29 07:25:00,625.0,625.0,620.0,625.0,79700
2026-04-29 07:30:00,625.0,625.0,625.0,625.0,20500
2026-04-29 07:35:00,620.0,625.0,620.0,625.0,8600
2026-04-29 07:40:00,625.0,625.0,620.0,625.0,10200
2026-04-29 07:45:00,625.0,625.0,620.0,620.0,15700
2026-04-29 07:50:00,620.0,625.0,620.0,620.0,10700
2026-04-29 07:55:00,625.0,625.0,620.0,625.0,272700
2026-04-29 08:00:00,625.0,630.0,625.0,630.0,108700
2026-04-29 08:05:00,620.0,625.0,620.0,625.0,179600
2026-04-29 08:10:00,630.0,630.0,625.0,625.0,131200
2026-04-29 08:15:00,630.0,630.0,625.0,625.0,158000
2026-04-29 08:20:00,630.0,630.0,625.0,625.0,1600
2026-04-29 08:25:00,625.0,625.0,625.0,625.0,28100
2026-04-29 08:30:00,625.0,630.0,625.0,630.0,305700
2026-04-29 08:35:00,630.0,630.0,625.0,625.0,0
2026-04-29 08:40:00,625.0,625.0,620.0,625.0,486100
2026-04-29 08:45:00,635.0,635.0,620.0,630.0,1007200
2026-04-29 09:00:00,630.0,630.0,630.0,630.0,430900
2026-04-29 09:05:00,630.0,630.0,630.0,630.0,0
2026-04-30 02:00:00,635.0,640.0,630.0,640.0,0
2026-04-30 02:05:00,630.0,635.0,630.0,630.0,167200
2026-04-30 02:10:00,625.0,630.0,625.0,630.0,635200
2026-04-30 02:15:00,625.0,625.0,625.0,625.0,183100
2026-04-30 02:20:00,625.0,630.0,625.0,630.0,44400
2026-04-30 02:25:00,630.0,630.0,625.0,625.0,48400
2026-04-30 02:30:00,625.0,630.0,620.0,625.0,27500
2026-04-30 02:35:00,625.0,625.0,620.0,625.0,74600
2026-04-30 02:40:00,625.0,625.0,620.0,620.0,127400
2026-04-30 02:45:00,620.0,625.0,620.0,625.0,16700
2026-04-30 02:50:00,620.0,625.0,620.0,620.0,20200
2026-04-30 02:55:00,620.0,620.0,620.0,620.0,15900
2026-04-30 03:00:00,620.0,625.0,620.0,620.0,23200
2026-04-30 03:05:00,620.0,620.0,620.0,620.0,25300
2026-04-30 03:10:00,620.0,620.0,620.0,620.0,30900
2026-04-30 03:15:00,625.0,625.0,620.0,620.0,45200
2026-04-30 03:20:00,620.0,620.0,620.0,620.0,575500
2026-04-30 03:25:00,625.0,625.0,620.0,620.0,76500
2026-04-30 03:30:00,620.0,625.0,620.0,625.0,352700
2026-04-30 03:35:00,620.0,625.0,620.0,620.0,803200
2026-04-30 03:40:00,620.0,625.0,620.0,625.0,130100
2026-04-30 03:45:00,625.0,625.0,620.0,625.0,1574700
2026-04-30 03:50:00,625.0,625.0,620.0,620.0,27100
2026-04-30 03:55:00,620.0,625.0,620.0,625.0,5800
2026-04-30 04:00:00,620.0,625.0,620.0,620.0,35500
2026-04-30 04:05:00,610.0,625.0,610.0,620.0,2676300
2026-04-30 04:10:00,615.0,615.0,610.0,610.0,699600
2026-04-30 04:15:00,610.0,610.0,605.0,610.0,567400
2026-04-30 04:20:00,610.0,610.0,610.0,610.0,246700
2026-04-30 04:25:00,610.0,610.0,605.0,610.0,137000
2026-04-30 04:30:00,610.0,610.0,610.0,610.0,0
2026-04-30 04:35:00,610.0,615.0,610.0,615.0,138100
2026-04-30 04:40:00,610.0,610.0,610.0,610.0,0
2026-04-30 04:45:00,610.0,610.0,610.0,610.0,36600
2026-04-30 04:50:00,615.0,615.0,610.0,610.0,44800
2026-04-30 04:55:00,610.0,615.0,610.0,615.0,59100
2026-04-30 06:30:00,610.0,615.0,610.0,615.0,435300
2026-04-30 06:35:00,605.0,610.0,605.0,605.0,34100
2026-04-30 06:40:00,610.0,610.0,605.0,605.0,13800
2026-04-30 06:45:00,605.0,610.0,605.0,605.0,41800
2026-04-30 06:50:00,605.0,610.0,605.0,605.0,2400
2026-04-30 06:55:00,605.0,605.0,605.0,605.0,99700
2026-04-30 07:00:00,610.0,610.0,605.0,610.0,280500
2026-04-30 07:05:00,610.0,610.0,610.0,610.0,2500
2026-04-30 07:10:00,615.0,615.0,610.0,610.0,39100
2026-04-30 07:15:00,605.0,615.0,605.0,610.0,398600
2026-04-30 07:20:00,605.0,610.0,605.0,605.0,70000
2026-04-30 07:25:00,605.0,610.0,605.0,605.0,203600
2026-04-30 07:30:00,610.0,610.0,605.0,605.0,393400
2026-04-30 07:35:00,615.0,615.0,610.0,615.0,174500
2026-04-30 07:40:00,615.0,615.0,610.0,615.0,187300
2026-04-30 07:45:00,615.0,615.0,610.0,615.0,28800
2026-04-30 07:50:00,610.0,615.0,610.0,610.0,315900
2026-04-30 07:55:00,620.0,620.0,610.0,610.0,413900
2026-04-30 08:00:00,615.0,620.0,615.0,615.0,18300
2026-04-30 08:05:00,620.0,620.0,615.0,615.0,39200
2026-04-30 08:10:00,620.0,620.0,615.0,615.0,57700
2026-04-30 08:15:00,620.0,620.0,615.0,615.0,22400
2026-04-30 08:20:00,620.0,620.0,615.0,615.0,46100
2026-04-30 08:25:00,615.0,620.0,615.0,615.0,100700
2026-04-30 08:30:00,615.0,620.0,615.0,620.0,248300
2026-04-30 08:35:00,615.0,615.0,615.0,615.0,229600
2026-04-30 08:40:00,610.0,620.0,610.0,615.0,291400
2026-04-30 08:45:00,610.0,615.0,610.0,615.0,107800
2026-04-30 09:00:00,610.0,610.0,610.0,610.0,508900
2026-04-30 09:10:00,610.0,610.0,610.0,610.0,4500
