Datetime,Open,High,Low,Close,Volume
2026-02-03 09:00:00,2540.0,2550.0,2490.0,2510.0,0
2026-02-03 09:05:00,2510.0,2520.0,2490.0,2500.0,582900
2026-02-03 09:10:00,2500.0,2510.0,2490.0,2500.0,427200
2026-02-03 09:15:00,2510.0,2520.0,2500.0,2500.0,572700
2026-02-03 09:20:00,2500.0,2530.0,2500.0,2510.0,449800
2026-02-03 09:25:00,2510.0,2520.0,2500.0,2510.0,156900
2026-02-03 09:30:00,2510.0,2510.0,2500.0,2500.0,72100
2026-02-03 09:35:00,2510.0,2530.0,2500.0,2530.0,1426300
2026-02-03 09:40:00,2520.0,2520.0,2510.0,2520.0,164800
2026-02-03 09:45:00,2520.0,2520.0,2510.0,2520.0,396400
2026-02-03 09:50:00,2520.0,2520.0,2510.0,2510.0,87600
2026-02-03 09:55:00,2510.0,2520.0,2510.0,2520.0,187200
2026-02-03 10:00:00,2520.0,2530.0,2510.0,2520.0,203500
2026-02-03 10:05:00,2530.0,2530.0,2520.0,2530.0,68700
2026-02-03 10:10:00,2530.0,2530.0,2510.0,2510.0,445800
2026-02-03 10:15:00,2510.0,2520.0,2510.0,2510.0,153400
2026-02-03 10:20:00,2510.0,2540.0,2510.0,2530.0,628600
2026-02-03 10:25:00,2530.0,2540.0,2530.0,2530.0,238700
2026-02-03 10:30:00,2530.0,2530.0,2520.0,2530.0,182700
2026-02-03 10:35:00,2530.0,2530.0,2510.0,2520.0,335100
2026-02-03 10:40:00,2520.0,2520.0,2510.0,2520.0,65900
2026-02-03 10:45:00,2520.0,2520.0,2510.0,2510.0,230700
2026-02-03 10:50:00,2510.0,2520.0,2510.0,2520.0,82900
2026-02-03 10:55:00,2510.0,2530.0,2510.0,2530.0,252200
2026-02-03 11:00:00,2520.0,2530.0,2520.0,2530.0,265700
2026-02-03 11:05:00,2530.0,2530.0,2520.0,2530.0,18300
2026-02-03 11:10:00,2530.0,2530.0,2520.0,2520.0,83000
2026-02-03 11:15:00,2530.0,2530.0,2520.0,2530.0,229400
2026-02-03 11:20:00,2530.0,2530.0,2520.0,2530.0,225000
2026-02-03 11:25:00,2530.0,2530.0,2520.0,2530.0,179000
2026-02-03 11:30:00,2520.0,2530.0,2520.0,2520.0,77800
2026-02-03 11:35:00,2520.0,2530.0,2520.0,2520.0,132600
2026-02-03 11:40:00,2520.0,2530.0,2510.0,2510.0,264200
2026-02-03 11:45:00,2510.0,2520.0,2510.0,2520.0,142000
2026-02-03 11:50:00,2510.0,2520.0,2510.0,2520.0,479500
2026-02-03 11:55:00,2520.0,2530.0,2520.0,2520.0,33100
2026-02-03 13:30:00,2530.0,2530.0,2520.0,2520.0,223800
2026-02-03 13:35:00,2530.0,2530.0,2520.0,2520.0,81300
2026-02-03 13:40:00,2520.0,2530.0,2520.0,2530.0,82900
2026-02-03 13:45:00,2530.0,2530.0,2520.0,2520.0,231100
2026-02-03 13:50:00,2520.0,2530.0,2520.0,2520.0,43500
2026-02-03 13:55:00,2520.0,2530.0,2510.0,2520.0,205300
2026-02-03 14:00:00,2510.0,2520.0,2510.0,2510.0,154500
2026-02-03 14:05:00,2520.0,2520.0,2510.0,2520.0,122800
2026-02-03 14:10:00,2520.0,2520.0,2510.0,2520.0,66300
2026-02-03 14:15:00,2510.0,2520.0,2510.0,2520.0,51800
2026-02-03 14:20:00,2520.0,2520.0,2510.0,2520.0,30100
2026-02-03 14:25:00,2520.0,2520.0,2510.0,2520.0,163100
2026-02-03 14:30:00,2510.0,2520.0,2510.0,2510.0,131100
2026-02-03 14:35:00,2520.0,2520.0,2510.0,2520.0,83600
2026-02-03 14:40:00,2510.0,2520.0,2510.0,2520.0,222300
2026-02-03 14:45:00,2510.0,2520.0,2510.0,2520.0,54000
2026-02-03 14:50:00,2510.0,2520.0,2510.0,2510.0,583100
2026-02-03 14:55:00,2520.0,2520.0,2510.0,2510.0,76300
2026-02-03 15:00:00,2510.0,2520.0,2510.0,2520.0,110400
2026-02-03 15:05:00,2510.0,2520.0,2510.0,2520.0,180200
2026-02-03 15:10:00,2520.0,2520.0,2510.0,2520.0,98000
2026-02-03 15:15:00,2510.0,2520.0,2510.0,2520.0,374800
2026-02-03 15:20:00,2510.0,2520.0,2510.0,2510.0,193900
2026-02-03 15:25:00,2510.0,2520.0,2510.0,2510.0,216000
2026-02-03 15:30:00,2510.0,2520.0,2510.0,2520.0,188300
2026-02-03 15:35:00,2510.0,2520.0,2510.0,2520.0,191800
2026-02-03 15:40:00,2510.0,2520.0,2510.0,2520.0,555900
2026-02-03 15:45:00,2520.0,2520.0,2510.0,2510.0,279000
2026-02-03 16:00:00,2520.0,2520.0,2520.0,2520.0,955700
2026-02-03 16:05:00,2520.0,2520.0,2520.0,2520.0,0
2026-02-03 16:10:00,2520.0,2520.0,2520.0,2520.0,5400
2026-02-04 09:00:00,2520.0,2550.0,2520.0,2530.0,0
2026-02-04 09:05:00,2530.0,2560.0,2530.0,2560.0,1771800
2026-02-04 09:10:00,2560.0,2560.0,2540.0,2540.0,625800
2026-02-04 09:15:00,2540.0,2550.0,2540.0,2540.0,301700
2026-02-04 09:20:00,2540.0,2560.0,2540.0,2550.0,1020800
2026-02-04 09:25:00,2550.0,2560.0,2530.0,2530.0,1316000
2026-02-04 09:30:00,2540.0,2550.0,2530.0,2540.0,195000
2026-02-04 09:35:00,2540.0,2540.0,2530.0,2540.0,189800
2026-02-04 09:40:00,2530.0,2540.0,2530.0,2540.0,87900
2026-02-04 09:45:00,2540.0,2540.0,2530.0,2530.0,123500
2026-02-04 09:50:00,2540.0,2550.0,2530.0,2540.0,597700
2026-02-04 09:55:00,2540.0,2550.0,2530.0,2550.0,260500
2026-02-04 10:00:00,2550.0,2550.0,2530.0,2540.0,322700
2026-02-04 10:05:00,2540.0,2540.0,2530.0,2540.0,91100
2026-02-04 10:10:00,2530.0,2540.0,2530.0,2540.0,133700
2026-02-04 10:15:00,2540.0,2550.0,2530.0,2550.0,217800
2026-02-04 10:20:00,2550.0,2550.0,2540.0,2550.0,229700
2026-02-04 10:25:00,2550.0,2550.0,2540.0,2540.0,130600
2026-02-04 10:30:00,2540.0,2550.0,2540.0,2540.0,165000
2026-02-04 10:35:00,2540.0,2550.0,2540.0,2540.0,96000
2026-02-04 10:40:00,2550.0,2550.0,2540.0,2550.0,91800
2026-02-04 10:45:00,2550.0,2550.0,2540.0,2550.0,716100
2026-02-04 10:50:00,2540.0,2550.0,2540.0,2550.0,188700
2026-02-04 10:55:00,2540.0,2560.0,2540.0,2540.0,241500
2026-02-04 11:00:00,2550.0,2550.0,2540.0,2540.0,1102900
2026-02-04 11:05:00,2540.0,2550.0,2530.0,2550.0,281400
2026-02-04 11:10:00,2550.0,2550.0,2530.0,2530.0,123900
2026-02-04 11:15:00,2540.0,2540.0,2530.0,2530.0,51600
2026-02-04 11:20:00,2540.0,2540.0,2530.0,2530.0,131700
2026-02-04 11:25:00,2530.0,2540.0,2530.0,2530.0,575600
2026-02-04 11:30:00,2530.0,2540.0,2530.0,2530.0,55000
2026-02-04 11:35:00,2540.0,2540.0,2530.0,2540.0,128600
2026-02-04 11:40:00,2530.0,2540.0,2530.0,2530.0,33900
2026-02-04 11:45:00,2540.0,2550.0,2540.0,2540.0,58500
2026-02-04 11:50:00,2540.0,2550.0,2540.0,2540.0,172800
2026-02-04 11:55:00,2550.0,2550.0,2540.0,2550.0,84500
2026-02-04 13:30:00,2550.0,2550.0,2540.0,2540.0,185200
2026-02-04 13:35:00,2540.0,2550.0,2540.0,2550.0,111400
2026-02-04 13:40:00,2550.0,2550.0,2530.0,2530.0,886400
2026-02-04 13:45:00,2540.0,2540.0,2530.0,2540.0,40200
2026-02-04 13:50:00,2530.0,2540.0,2530.0,2530.0,132600
2026-02-04 13:55:00,2540.0,2550.0,2530.0,2540.0,143600
2026-02-04 14:00:00,2540.0,2550.0,2540.0,2540.0,57500
2026-02-04 14:05:00,2550.0,2550.0,2540.0,2540.0,72000
2026-02-04 14:10:00,2550.0,2550.0,2540.0,2540.0,49500
2026-02-04 14:15:00,2540.0,2550.0,2540.0,2540.0,207800
2026-02-04 14:20:00,2540.0,2550.0,2540.0,2540.0,36000
2026-02-04 14:25:00,2550.0,2550.0,2540.0,2550.0,135000
2026-02-04 14:30:00,2550.0,2550.0,2540.0,2550.0,141100
2026-02-04 14:35:00,2540.0,2550.0,2540.0,2540.0,746700
2026-02-04 14:40:00,2550.0,2550.0,2540.0,2550.0,72900
2026-02-04 14:45:00,2540.0,2550.0,2540.0,2550.0,108400
2026-02-04 14:50:00,2550.0,2550.0,2540.0,2550.0,98800
2026-02-04 14:55:00,2540.0,2550.0,2540.0,2540.0,118700
2026-02-04 15:00:00,2550.0,2550.0,2540.0,2550.0,156300
2026-02-04 15:05:00,2550.0,2550.0,2540.0,2550.0,151700
2026-02-04 15:10:00,2550.0,2550.0,2540.0,2550.0,90600
2026-02-04 15:15:00,2550.0,2550.0,2540.0,2550.0,134800
2026-02-04 15:20:00,2550.0,2560.0,2540.0,2560.0,871300
2026-02-04 15:25:00,2560.0,2560.0,2540.0,2540.0,716800
2026-02-04 15:30:00,2540.0,2550.0,2540.0,2550.0,192000
2026-02-04 15:35:00,2550.0,2560.0,2540.0,2560.0,649500
2026-02-04 15:40:00,2560.0,2560.0,2540.0,2560.0,643700
2026-02-04 15:45:00,2550.0,2560.0,2540.0,2550.0,490300
2026-02-04 16:00:00,2550.0,2550.0,2550.0,2550.0,1107000
2026-02-04 16:05:00,2550.0,2550.0,2550.0,2550.0,8600
2026-02-04 16:10:00,2550.0,2550.0,2550.0,2550.0,34300
2026-02-05 09:00:00,2580.0,2590.0,2560.0,2580.0,0
2026-02-05 09:05:00,2580.0,2600.0,2580.0,2590.0,2657800
2026-02-05 09:10:00,2600.0,2600.0,2580.0,2580.0,557400
2026-02-05 09:15:00,2590.0,2590.0,2580.0,2590.0,470200
2026-02-05 09:20:00,2590.0,2590.0,2580.0,2580.0,292200
2026-02-05 09:25:00,2590.0,2590.0,2580.0,2590.0,1758300
2026-02-05 09:30:00,2600.0,2640.0,2590.0,2640.0,8568500
2026-02-05 09:35:00,2640.0,2640.0,2620.0,2640.0,1410500
2026-02-05 09:40:00,2630.0,2640.0,2620.0,2620.0,964000
2026-02-05 09:45:00,2630.0,2630.0,2620.0,2630.0,263300
2026-02-05 09:50:00,2620.0,2630.0,2610.0,2610.0,1163600
2026-02-05 09:55:00,2620.0,2620.0,2600.0,2610.0,1321900
2026-02-05 10:00:00,2610.0,2620.0,2610.0,2620.0,219400
2026-02-05 10:05:00,2620.0,2620.0,2610.0,2610.0,325600
2026-02-05 10:10:00,2610.0,2620.0,2610.0,2610.0,256500
2026-02-05 10:15:00,2610.0,2620.0,2610.0,2610.0,171900
2026-02-05 10:20:00,2610.0,2620.0,2610.0,2620.0,466600
2026-02-05 10:25:00,2620.0,2640.0,2610.0,2640.0,2861000
2026-02-05 10:30:00,2640.0,2640.0,2630.0,2630.0,796400
2026-02-05 10:35:00,2630.0,2640.0,2630.0,2630.0,393000
2026-02-05 10:40:00,2640.0,2650.0,2630.0,2640.0,2815300
2026-02-05 10:45:00,2650.0,2650.0,2630.0,2630.0,1452400
2026-02-05 10:50:00,2640.0,2640.0,2630.0,2640.0,388600
2026-02-05 10:55:00,2640.0,2640.0,2630.0,2630.0,561900
2026-02-05 11:00:00,2640.0,2640.0,2630.0,2640.0,196200
2026-02-05 11:05:00,2640.0,2640.0,2630.0,2630.0,220900
2026-02-05 11:10:00,2640.0,2640.0,2630.0,2630.0,62900
2026-02-05 11:15:00,2630.0,2640.0,2630.0,2630.0,690000
2026-02-05 11:20:00,2640.0,2640.0,2630.0,2630.0,272400
2026-02-05 11:25:00,2630.0,2640.0,2630.0,2630.0,100600
2026-02-05 11:30:00,2640.0,2640.0,2630.0,2630.0,236900
2026-02-05 11:35:00,2630.0,2640.0,2630.0,2640.0,400600
2026-02-05 11:40:00,2640.0,2640.0,2630.0,2630.0,68200
2026-02-05 11:45:00,2630.0,2640.0,2630.0,2640.0,315000
2026-02-05 11:50:00,2630.0,2640.0,2630.0,2640.0,136100
2026-02-05 11:55:00,2630.0,2640.0,2630.0,2630.0,78700
2026-02-05 13:30:00,2630.0,2640.0,2620.0,2620.0,1427900
2026-02-05 13:35:00,2630.0,2630.0,2620.0,2620.0,153900
2026-02-05 13:40:00,2620.0,2630.0,2620.0,2620.0,90700
2026-02-05 13:45:00,2620.0,2630.0,2610.0,2620.0,2744100
2026-02-05 13:50:00,2620.0,2630.0,2610.0,2620.0,367100
2026-02-05 13:55:00,2620.0,2630.0,2610.0,2610.0,799100
2026-02-05 14:00:00,2610.0,2610.0,2590.0,2600.0,2220800
2026-02-05 14:05:00,2600.0,2600.0,2590.0,2600.0,329200
2026-02-05 14:10:00,2600.0,2600.0,2590.0,2590.0,228700
2026-02-05 14:15:00,2600.0,2600.0,2590.0,2600.0,78100
2026-02-05 14:20:00,2600.0,2600.0,2590.0,2590.0,483300
2026-02-05 14:25:00,2590.0,2600.0,2590.0,2590.0,152400
2026-02-05 14:30:00,2600.0,2600.0,2590.0,2600.0,105100
2026-02-05 14:35:00,2600.0,2600.0,2590.0,2590.0,290500
2026-02-05 14:40:00,2600.0,2600.0,2590.0,2600.0,66400
2026-02-05 14:45:00,2590.0,2600.0,2590.0,2600.0,215400
2026-02-05 14:50:00,2600.0,2600.0,2590.0,2600.0,227800
2026-02-05 14:55:00,2600.0,2600.0,2590.0,2600.0,224100
2026-02-05 15:00:00,2600.0,2600.0,2590.0,2600.0,55200
2026-02-05 15:05:00,2590.0,2600.0,2590.0,2600.0,130700
2026-02-05 15:10:00,2600.0,2600.0,2590.0,2590.0,172600
2026-02-05 15:15:00,2590.0,2600.0,2590.0,2590.0,561900
2026-02-05 15:20:00,2590.0,2600.0,2590.0,2590.0,364900
2026-02-05 15:25:00,2600.0,2610.0,2590.0,2600.0,851300
2026-02-05 15:30:00,2600.0,2600.0,2590.0,2600.0,233400
2026-02-05 15:35:00,2600.0,2600.0,2590.0,2600.0,1675900
2026-02-05 15:40:00,2600.0,2600.0,2590.0,2590.0,664100
2026-02-05 15:45:00,2600.0,2600.0,2580.0,2590.0,1536600
2026-02-05 16:00:00,2590.0,2590.0,2590.0,2590.0,1304700
2026-02-05 16:05:00,2590.0,2590.0,2590.0,2590.0,60600
2026-02-05 16:10:00,2590.0,2590.0,2590.0,2590.0,22300
2026-02-06 09:00:00,2570.0,2580.0,2530.0,2550.0,0
2026-02-06 09:05:00,2550.0,2570.0,2540.0,2570.0,776400
2026-02-06 09:10:00,2570.0,2590.0,2560.0,2580.0,1123100
2026-02-06 09:15:00,2580.0,2590.0,2570.0,2590.0,542000
2026-02-06 09:20:00,2580.0,2590.0,2570.0,2590.0,298000
2026-02-06 09:25:00,2590.0,2590.0,2570.0,2580.0,466500
2026-02-06 09:30:00,2580.0,2580.0,2560.0,2560.0,619800
2026-02-06 09:35:00,2560.0,2570.0,2550.0,2560.0,463700
2026-02-06 09:40:00,2570.0,2570.0,2560.0,2570.0,95700
2026-02-06 09:45:00,2560.0,2570.0,2560.0,2560.0,138600
2026-02-06 09:50:00,2570.0,2570.0,2550.0,2560.0,249000
2026-02-06 09:55:00,2570.0,2570.0,2540.0,2540.0,870100
2026-02-06 10:00:00,2540.0,2550.0,2540.0,2550.0,240000
2026-02-06 10:05:00,2540.0,2550.0,2540.0,2550.0,80600
2026-02-06 10:10:00,2540.0,2550.0,2540.0,2550.0,320600
2026-02-06 10:15:00,2550.0,2560.0,2540.0,2550.0,64700
2026-02-06 10:20:00,2560.0,2560.0,2550.0,2560.0,97800
2026-02-06 10:25:00,2550.0,2560.0,2540.0,2540.0,316100
2026-02-06 10:30:00,2550.0,2560.0,2540.0,2550.0,166100
2026-02-06 10:35:00,2560.0,2560.0,2550.0,2550.0,222600
2026-02-06 10:40:00,2550.0,2560.0,2550.0,2550.0,98900
2026-02-06 10:45:00,2560.0,2560.0,2540.0,2540.0,344400
2026-02-06 10:50:00,2540.0,2550.0,2530.0,2540.0,1225000
2026-02-06 10:55:00,2540.0,2550.0,2530.0,2540.0,387500
2026-02-06 11:00:00,2540.0,2550.0,2540.0,2550.0,221800
2026-02-06 11:05:00,2540.0,2550.0,2540.0,2540.0,150300
2026-02-06 11:10:00,2540.0,2550.0,2530.0,2530.0,404900
2026-02-06 11:15:00,2540.0,2540.0,2530.0,2540.0,119300
2026-02-06 11:20:00,2540.0,2540.0,2530.0,2530.0,993400
2026-02-06 11:25:00,2530.0,2540.0,2530.0,2530.0,182200
2026-02-06 14:00:00,2530.0,2540.0,2520.0,2530.0,936300
2026-02-06 14:05:00,2530.0,2540.0,2520.0,2520.0,261400
2026-02-06 14:10:00,2520.0,2550.0,2520.0,2540.0,511500
2026-02-06 14:15:00,2540.0,2550.0,2540.0,2550.0,97300
2026-02-06 14:20:00,2540.0,2550.0,2540.0,2540.0,76200
2026-02-06 14:25:00,2540.0,2550.0,2540.0,2540.0,147900
2026-02-06 14:30:00,2540.0,2550.0,2540.0,2540.0,59900
2026-02-06 14:35:00,2540.0,2550.0,2540.0,2540.0,106800
2026-02-06 14:40:00,2540.0,2550.0,2540.0,2540.0,45900
2026-02-06 14:45:00,2540.0,2550.0,2540.0,2540.0,79800
2026-02-06 14:50:00,2540.0,2550.0,2540.0,2540.0,179600
2026-02-06 14:55:00,2540.0,2550.0,2540.0,2540.0,95500
2026-02-06 15:00:00,2540.0,2550.0,2540.0,2540.0,63000
2026-02-06 15:05:00,2540.0,2550.0,2540.0,2550.0,155000
2026-02-06 15:10:00,2540.0,2550.0,2540.0,2550.0,125700
2026-02-06 15:15:00,2540.0,2550.0,2540.0,2550.0,144500
2026-02-06 15:20:00,2540.0,2550.0,2540.0,2550.0,149200
2026-02-06 15:25:00,2540.0,2550.0,2540.0,2550.0,365600
2026-02-06 15:30:00,2540.0,2550.0,2540.0,2550.0,402200
2026-02-06 15:35:00,2550.0,2550.0,2540.0,2550.0,1497700
2026-02-06 15:40:00,2550.0,2550.0,2540.0,2550.0,474800
2026-02-06 15:45:00,2540.0,2550.0,2540.0,2540.0,328600
2026-02-06 16:00:00,2550.0,2550.0,2550.0,2550.0,915600
2026-02-06 16:05:00,2550.0,2550.0,2550.0,2550.0,367700
2026-02-06 16:10:00,2550.0,2550.0,2550.0,2550.0,4700
2026-02-09 09:00:00,2550.0,2550.0,2520.0,2530.0,0
2026-02-09 09:05:00,2530.0,2550.0,2530.0,2530.0,413400
2026-02-09 09:10:00,2540.0,2540.0,2520.0,2520.0,467600
2026-02-09 09:15:00,2520.0,2530.0,2520.0,2530.0,312900
2026-02-09 09:20:00,2530.0,2530.0,2520.0,2530.0,196100
2026-02-09 09:25:00,2530.0,2530.0,2520.0,2530.0,158600
2026-02-09 09:30:00,2530.0,2530.0,2520.0,2530.0,386000
2026-02-09 09:35:00,2530.0,2530.0,2520.0,2530.0,148500
2026-02-09 09:40:00,2520.0,2530.0,2520.0,2520.0,150400
2026-02-09 09:45:00,2520.0,2530.0,2520.0,2520.0,238100
2026-02-09 09:50:00,2520.0,2530.0,2520.0,2530.0,284700
2026-02-09 09:55:00,2530.0,2530.0,2520.0,2530.0,163900
2026-02-09 10:00:00,2520.0,2530.0,2520.0,2530.0,95700
2026-02-09 10:05:00,2530.0,2540.0,2520.0,2540.0,754400
2026-02-09 10:10:00,2540.0,2550.0,2530.0,2540.0,323000
2026-02-09 10:15:00,2540.0,2540.0,2530.0,2540.0,144700
2026-02-09 10:20:00,2530.0,2540.0,2530.0,2540.0,45200
2026-02-09 10:25:00,2540.0,2540.0,2530.0,2540.0,109300
2026-02-09 10:30:00,2540.0,2540.0,2530.0,2540.0,89300
2026-02-09 10:35:00,2540.0,2540.0,2530.0,2540.0,93400
2026-02-09 10:40:00,2540.0,2550.0,2530.0,2540.0,289000
2026-02-09 10:45:00,2540.0,2540.0,2530.0,2540.0,18500
2026-02-09 10:50:00,2540.0,2540.0,2530.0,2530.0,46300
2026-02-09 10:55:00,2530.0,2540.0,2530.0,2540.0,147600
2026-02-09 11:00:00,2540.0,2550.0,2530.0,2540.0,172400
2026-02-09 11:05:00,2530.0,2540.0,2530.0,2540.0,76900
2026-02-09 11:10:00,2530.0,2540.0,2530.0,2540.0,71800
2026-02-09 11:15:00,2540.0,2540.0,2530.0,2540.0,88400
2026-02-09 11:20:00,2540.0,2540.0,2530.0,2540.0,259800
2026-02-09 11:25:00,2540.0,2550.0,2540.0,2540.0,234200
2026-02-09 11:30:00,2540.0,2550.0,2540.0,2550.0,93300
2026-02-09 11:35:00,2550.0,2550.0,2540.0,2550.0,104200
2026-02-09 11:40:00,2540.0,2550.0,2540.0,2540.0,73700
2026-02-09 11:45:00,2540.0,2550.0,2540.0,2550.0,72100
2026-02-09 11:50:00,2540.0,2560.0,2540.0,2560.0,117200
2026-02-09 11:55:00,2550.0,2560.0,2550.0,2550.0,26400
2026-02-09 13:30:00,2550.0,2560.0,2550.0,2550.0,194700
2026-02-09 13:35:00,2560.0,2560.0,2550.0,2550.0,24700
2026-02-09 13:40:00,2550.0,2560.0,2540.0,2550.0,534900
2026-02-09 13:45:00,2560.0,2560.0,2540.0,2550.0,105600
2026-02-09 13:50:00,2550.0,2550.0,2540.0,2550.0,25800
2026-02-09 13:55:00,2540.0,2550.0,2540.0,2540.0,74300
2026-02-09 14:00:00,2540.0,2550.0,2540.0,2550.0,75000
2026-02-09 14:05:00,2550.0,2550.0,2540.0,2550.0,53000
2026-02-09 14:10:00,2550.0,2550.0,2540.0,2550.0,95100
2026-02-09 14:15:00,2550.0,2550.0,2540.0,2550.0,140900
2026-02-09 14:20:00,2550.0,2550.0,2540.0,2550.0,106300
2026-02-09 14:25:00,2550.0,2560.0,2540.0,2560.0,270900
2026-02-09 14:30:00,2560.0,2560.0,2550.0,2550.0,51700
2026-02-09 14:35:00,2550.0,2560.0,2540.0,2550.0,425600
2026-02-09 14:40:00,2540.0,2560.0,2540.0,2550.0,219000
2026-02-09 14:45:00,2550.0,2550.0,2540.0,2540.0,220100
2026-02-09 14:50:00,2540.0,2560.0,2540.0,2550.0,194200
2026-02-09 14:55:00,2550.0,2560.0,2550.0,2560.0,50100
2026-02-09 15:00:00,2560.0,2560.0,2550.0,2550.0,27500
2026-02-09 15:05:00,2560.0,2560.0,2550.0,2550.0,39300
2026-02-09 15:10:00,2560.0,2560.0,2550.0,2550.0,129500
2026-02-09 15:15:00,2550.0,2560.0,2550.0,2550.0,181900
2026-02-09 15:20:00,2550.0,2560.0,2550.0,2550.0,126700
2026-02-09 15:25:00,2550.0,2560.0,2550.0,2550.0,127600
2026-02-09 15:30:00,2550.0,2560.0,2550.0,2550.0,149800
2026-02-09 15:35:00,2550.0,2560.0,2550.0,2560.0,208100
2026-02-09 15:40:00,2550.0,2560.0,2550.0,2560.0,831300
2026-02-09 15:45:00,2550.0,2570.0,2550.0,2570.0,571400
2026-02-09 16:00:00,2580.0,2580.0,2580.0,2580.0,1279300
2026-02-09 16:05:00,2580.0,2580.0,2580.0,2580.0,5600
2026-02-09 16:10:00,2580.0,2580.0,2580.0,2580.0,5000
2026-02-10 09:00:00,2580.0,2580.0,2550.0,2570.0,0
2026-02-10 09:05:00,2570.0,2570.0,2560.0,2570.0,102200
2026-02-10 09:10:00,2570.0,2570.0,2560.0,2560.0,388000
2026-02-10 09:15:00,2570.0,2570.0,2560.0,2560.0,139800
2026-02-10 09:20:00,2570.0,2570.0,2550.0,2560.0,399700
2026-02-10 09:25:00,2560.0,2560.0,2550.0,2560.0,139500
2026-02-10 09:30:00,2560.0,2570.0,2550.0,2570.0,235900
2026-02-10 09:35:00,2570.0,2570.0,2560.0,2570.0,61400
2026-02-10 09:40:00,2560.0,2570.0,2550.0,2560.0,367500
2026-02-10 09:45:00,2560.0,2560.0,2550.0,2560.0,52300
2026-02-10 09:50:00,2560.0,2570.0,2550.0,2550.0,267600
2026-02-10 09:55:00,2560.0,2560.0,2550.0,2560.0,120300
2026-02-10 10:00:00,2550.0,2570.0,2550.0,2570.0,118200
2026-02-10 10:05:00,2570.0,2570.0,2560.0,2570.0,168800
2026-02-10 10:10:00,2570.0,2570.0,2560.0,2560.0,53200
2026-02-10 10:15:00,2570.0,2570.0,2560.0,2560.0,196100
2026-02-10 10:20:00,2560.0,2570.0,2560.0,2560.0,707700
2026-02-10 10:25:00,2560.0,2560.0,2550.0,2560.0,203900
2026-02-10 10:30:00,2550.0,2560.0,2550.0,2560.0,43400
2026-02-10 10:35:00,2560.0,2560.0,2550.0,2560.0,93000
2026-02-10 10:40:00,2560.0,2560.0,2550.0,2550.0,86100
2026-02-10 10:45:00,2560.0,2570.0,2560.0,2560.0,324300
2026-02-10 10:50:00,2570.0,2570.0,2560.0,2570.0,39600
2026-02-10 10:55:00,2570.0,2570.0,2560.0,2570.0,7200
2026-02-10 11:00:00,2570.0,2570.0,2560.0,2570.0,195200
2026-02-10 11:05:00,2560.0,2570.0,2560.0,2560.0,77100
2026-02-10 11:10:00,2560.0,2570.0,2560.0,2570.0,154000
2026-02-10 11:15:00,2570.0,2570.0,2560.0,2560.0,121300
2026-02-10 11:20:00,2560.0,2570.0,2560.0,2570.0,51700
2026-02-10 11:25:00,2570.0,2570.0,2560.0,2570.0,57900
2026-02-10 11:30:00,2560.0,2570.0,2560.0,2570.0,43900
2026-02-10 11:35:00,2570.0,2570.0,2560.0,2570.0,159900
2026-02-10 11:40:00,2560.0,2570.0,2560.0,2570.0,312000
2026-02-10 11:45:00,2570.0,2570.0,2560.0,2570.0,128800
2026-02-10 11:50:00,2570.0,2570.0,2560.0,2570.0,33100
2026-02-10 11:55:00,2570.0,2570.0,2560.0,2570.0,105700
2026-02-10 13:30:00,2570.0,2570.0,2560.0,2570.0,470900
2026-02-10 13:35:00,2560.0,2570.0,2560.0,2570.0,17500
2026-02-10 13:40:00,2570.0,2570.0,2560.0,2570.0,79800
2026-02-10 13:45:00,2560.0,2570.0,2550.0,2550.0,984000
2026-02-10 13:50:00,2550.0,2560.0,2550.0,2560.0,647300
2026-02-10 13:55:00,2560.0,2560.0,2550.0,2560.0,24600
2026-02-10 14:00:00,2550.0,2560.0,2550.0,2560.0,55300
2026-02-10 14:05:00,2550.0,2560.0,2550.0,2560.0,196400
2026-02-10 14:10:00,2560.0,2560.0,2550.0,2560.0,58100
2026-02-10 14:15:00,2560.0,2560.0,2550.0,2550.0,120600
2026-02-10 14:20:00,2560.0,2560.0,2550.0,2550.0,88000
2026-02-10 14:25:00,2560.0,2560.0,2550.0,2560.0,65400
2026-02-10 14:30:00,2560.0,2560.0,2550.0,2560.0,162800
2026-02-10 14:35:00,2560.0,2570.0,2550.0,2560.0,198000
2026-02-10 14:40:00,2560.0,2570.0,2560.0,2570.0,51600
2026-02-10 14:45:00,2570.0,2570.0,2560.0,2570.0,113600
2026-02-10 14:50:00,2570.0,2570.0,2560.0,2570.0,71800
2026-02-10 14:55:00,2570.0,2570.0,2560.0,2570.0,144600
2026-02-10 15:00:00,2560.0,2570.0,2560.0,2560.0,19600
2026-02-10 15:05:00,2570.0,2570.0,2560.0,2570.0,60600
2026-02-10 15:10:00,2560.0,2570.0,2560.0,2560.0,583700
2026-02-10 15:15:00,2560.0,2570.0,2560.0,2570.0,253800
2026-02-10 15:20:00,2570.0,2570.0,2560.0,2570.0,103800
2026-02-10 15:25:00,2570.0,2570.0,2560.0,2560.0,164300
2026-02-10 15:30:00,2560.0,2570.0,2560.0,2570.0,83000
2026-02-10 15:35:00,2570.0,2570.0,2560.0,2570.0,278600
2026-02-10 15:40:00,2570.0,2570.0,2560.0,2560.0,761400
2026-02-10 15:45:00,2560.0,2580.0,2560.0,2580.0,411400
2026-02-10 16:00:00,2580.0,2580.0,2580.0,2580.0,752000
2026-02-10 16:05:00,2580.0,2580.0,2580.0,2580.0,22100
2026-02-10 16:10:00,2580.0,2580.0,2580.0,2580.0,4500
2026-02-11 09:00:00,2590.0,2590.0,2570.0,2580.0,0
2026-02-11 09:05:00,2570.0,2580.0,2570.0,2580.0,305000
2026-02-11 09:10:00,2580.0,2580.0,2560.0,2570.0,142500
2026-02-11 09:15:00,2570.0,2570.0,2560.0,2560.0,153300
2026-02-11 09:20:00,2560.0,2580.0,2560.0,2580.0,190300
2026-02-11 09:25:00,2570.0,2580.0,2560.0,2560.0,377100
2026-02-11 09:30:00,2560.0,2570.0,2560.0,2570.0,28500
2026-02-11 09:35:00,2570.0,2570.0,2560.0,2560.0,57700
2026-02-11 09:40:00,2560.0,2570.0,2560.0,2570.0,141900
2026-02-11 09:45:00,2570.0,2570.0,2560.0,2560.0,373100
2026-02-11 09:50:00,2560.0,2570.0,2560.0,2560.0,107000
2026-02-11 09:55:00,2560.0,2570.0,2560.0,2560.0,164600
2026-02-11 10:00:00,2560.0,2570.0,2560.0,2570.0,67100
2026-02-11 10:05:00,2560.0,2580.0,2560.0,2560.0,804900
2026-02-11 10:10:00,2560.0,2570.0,2560.0,2570.0,168800
2026-02-11 10:15:00,2570.0,2580.0,2560.0,2570.0,164600
2026-02-11 10:20:00,2580.0,2580.0,2560.0,2580.0,286700
2026-02-11 10:25:00,2570.0,2580.0,2570.0,2570.0,213700
2026-02-11 10:30:00,2570.0,2580.0,2570.0,2570.0,31800
2026-02-11 10:35:00,2570.0,2580.0,2550.0,2550.0,1327300
2026-02-11 10:40:00,2560.0,2560.0,2550.0,2560.0,240800
2026-02-11 10:45:00,2560.0,2560.0,2550.0,2560.0,799800
2026-02-11 10:50:00,2560.0,2560.0,2550.0,2560.0,1045300
2026-02-11 10:55:00,2560.0,2560.0,2550.0,2560.0,97700
2026-02-11 11:00:00,2550.0,2560.0,2550.0,2550.0,43600
2026-02-11 11:05:00,2550.0,2560.0,2550.0,2550.0,106300
2026-02-11 11:10:00,2550.0,2560.0,2550.0,2560.0,62100
2026-02-11 11:15:00,2550.0,2560.0,2550.0,2560.0,45500
2026-02-11 11:20:00,2550.0,2570.0,2550.0,2560.0,532600
2026-02-11 11:25:00,2560.0,2570.0,2560.0,2570.0,32000
2026-02-11 11:30:00,2570.0,2570.0,2560.0,2560.0,77200
2026-02-11 11:35:00,2560.0,2570.0,2560.0,2570.0,81600
2026-02-11 11:40:00,2560.0,2570.0,2550.0,2550.0,409300
2026-02-11 11:45:00,2560.0,2580.0,2560.0,2580.0,620600
2026-02-11 11:50:00,2580.0,2580.0,2560.0,2570.0,146700
2026-02-11 11:55:00,2570.0,2570.0,2560.0,2560.0,50800
2026-02-11 13:30:00,2560.0,2570.0,2550.0,2560.0,1259600
2026-02-11 13:35:00,2560.0,2560.0,2550.0,2560.0,73300
2026-02-11 13:40:00,2560.0,2560.0,2550.0,2550.0,34700
2026-02-11 13:45:00,2550.0,2560.0,2550.0,2550.0,88400
2026-02-11 13:50:00,2560.0,2560.0,2550.0,2560.0,99900
2026-02-11 13:55:00,2560.0,2560.0,2550.0,2560.0,125500
2026-02-11 14:00:00,2550.0,2560.0,2550.0,2560.0,146400
2026-02-11 14:05:00,2560.0,2560.0,2550.0,2550.0,44400
2026-02-11 14:10:00,2560.0,2560.0,2550.0,2550.0,54200
2026-02-11 14:15:00,2550.0,2560.0,2550.0,2560.0,67600
2026-02-11 14:20:00,2550.0,2570.0,2550.0,2570.0,498200
2026-02-11 14:25:00,2570.0,2570.0,2560.0,2560.0,94500
2026-02-11 14:30:00,2570.0,2570.0,2560.0,2570.0,63100
2026-02-11 14:35:00,2570.0,2570.0,2560.0,2560.0,69300
2026-02-11 14:40:00,2560.0,2570.0,2560.0,2560.0,129100
2026-02-11 14:45:00,2570.0,2570.0,2560.0,2560.0,54700
2026-02-11 14:50:00,2560.0,2570.0,2560.0,2570.0,133500
2026-02-11 14:55:00,2570.0,2570.0,2560.0,2560.0,103800
2026-02-11 15:00:00,2560.0,2570.0,2560.0,2570.0,62700
2026-02-11 15:05:00,2570.0,2570.0,2560.0,2570.0,81100
2026-02-11 15:10:00,2570.0,2570.0,2560.0,2560.0,35200
2026-02-11 15:15:00,2560.0,2570.0,2560.0,2560.0,127000
2026-02-11 15:20:00,2560.0,2570.0,2560.0,2560.0,52200
2026-02-11 15:25:00,2570.0,2570.0,2560.0,2560.0,93800
2026-02-11 15:30:00,2560.0,2570.0,2560.0,2570.0,125300
2026-02-11 15:35:00,2570.0,2570.0,2560.0,2570.0,81800
2026-02-11 15:40:00,2570.0,2570.0,2560.0,2570.0,264600
2026-02-11 15:45:00,2560.0,2570.0,2560.0,2560.0,415800
2026-02-11 16:00:00,2550.0,2550.0,2550.0,2550.0,2721700
2026-02-11 16:05:00,2550.0,2550.0,2550.0,2550.0,4600
2026-02-11 16:10:00,2550.0,2550.0,2550.0,2550.0,16200
2026-02-12 09:00:00,2560.0,2580.0,2550.0,2560.0,0
2026-02-12 09:05:00,2570.0,2570.0,2550.0,2560.0,720700
2026-02-12 09:10:00,2560.0,2570.0,2550.0,2560.0,417600
2026-02-12 09:15:00,2570.0,2570.0,2550.0,2560.0,209000
2026-02-12 09:20:00,2560.0,2560.0,2550.0,2550.0,105700
2026-02-12 09:25:00,2560.0,2560.0,2550.0,2560.0,88000
2026-02-12 09:30:00,2560.0,2560.0,2550.0,2560.0,186000
2026-02-12 09:35:00,2550.0,2560.0,2550.0,2560.0,550600
2026-02-12 09:40:00,2560.0,2560.0,2550.0,2550.0,68600
2026-02-12 09:45:00,2550.0,2560.0,2540.0,2550.0,577000
2026-02-12 09:50:00,2550.0,2550.0,2540.0,2540.0,56500
2026-02-12 09:55:00,2540.0,2550.0,2540.0,2540.0,41700
2026-02-12 10:00:00,2550.0,2550.0,2540.0,2550.0,222400
2026-02-12 10:05:00,2550.0,2550.0,2540.0,2540.0,83900
2026-02-12 10:10:00,2550.0,2550.0,2540.0,2550.0,155400
2026-02-12 10:15:00,2550.0,2550.0,2540.0,2540.0,156000
2026-02-12 10:20:00,2550.0,2550.0,2540.0,2540.0,78500
2026-02-12 10:25:00,2540.0,2550.0,2540.0,2540.0,76300
2026-02-12 10:30:00,2540.0,2550.0,2540.0,2550.0,169600
2026-02-12 10:35:00,2540.0,2550.0,2540.0,2540.0,46700
2026-02-12 10:40:00,2540.0,2550.0,2540.0,2550.0,13600
2026-02-12 10:45:00,2540.0,2550.0,2540.0,2540.0,171400
2026-02-12 10:50:00,2540.0,2550.0,2530.0,2540.0,358500
2026-02-12 10:55:00,2530.0,2540.0,2530.0,2530.0,48400
2026-02-12 11:00:00,2530.0,2550.0,2530.0,2530.0,424800
2026-02-12 11:05:00,2530.0,2550.0,2530.0,2540.0,107700
2026-02-12 11:10:00,2540.0,2550.0,2540.0,2540.0,30400
2026-02-12 11:15:00,2540.0,2550.0,2540.0,2540.0,30100
2026-02-12 11:20:00,2540.0,2550.0,2540.0,2550.0,14300
2026-02-12 11:25:00,2540.0,2550.0,2540.0,2540.0,95500
2026-02-12 11:30:00,2540.0,2550.0,2540.0,2540.0,214200
2026-02-12 11:35:00,2540.0,2550.0,2540.0,2540.0,45800
2026-02-12 11:40:00,2540.0,2550.0,2530.0,2530.0,135300
2026-02-12 11:45:00,2530.0,2540.0,2530.0,2540.0,245200
2026-02-12 11:50:00,2530.0,2540.0,2530.0,2540.0,58000
2026-02-12 11:55:00,2530.0,2540.0,2530.0,2530.0,99700
2026-02-12 13:30:00,2540.0,2540.0,2530.0,2540.0,448700
2026-02-12 13:35:00,2540.0,2540.0,2530.0,2540.0,121400
2026-02-12 13:40:00,2540.0,2550.0,2530.0,2540.0,398100
2026-02-12 13:45:00,2540.0,2550.0,2540.0,2550.0,158900
2026-02-12 13:50:00,2550.0,2550.0,2540.0,2550.0,30700
2026-02-12 13:55:00,2540.0,2540.0,2530.0,2540.0,134000
2026-02-12 14:00:00,2540.0,2540.0,2530.0,2530.0,96500
2026-02-12 14:05:00,2540.0,2550.0,2530.0,2550.0,469400
2026-02-12 14:10:00,2550.0,2550.0,2540.0,2550.0,16700
2026-02-12 14:15:00,2540.0,2550.0,2530.0,2530.0,226500
2026-02-12 14:20:00,2540.0,2550.0,2530.0,2530.0,416700
2026-02-12 14:25:00,2530.0,2540.0,2530.0,2540.0,29900
2026-02-12 14:30:00,2530.0,2540.0,2530.0,2530.0,223100
2026-02-12 14:35:00,2530.0,2540.0,2530.0,2540.0,44100
2026-02-12 14:40:00,2540.0,2540.0,2530.0,2540.0,96700
2026-02-12 14:45:00,2540.0,2540.0,2530.0,2540.0,116400
2026-02-12 14:50:00,2530.0,2540.0,2530.0,2540.0,248100
2026-02-12 14:55:00,2540.0,2550.0,2530.0,2550.0,1118100
2026-02-12 15:00:00,2550.0,2550.0,2540.0,2550.0,269200
2026-02-12 15:05:00,2550.0,2550.0,2540.0,2550.0,192300
2026-02-12 15:10:00,2540.0,2550.0,2540.0,2540.0,209100
2026-02-12 15:15:00,2540.0,2550.0,2540.0,2550.0,446100
2026-02-12 15:20:00,2550.0,2550.0,2540.0,2550.0,272900
2026-02-12 15:25:00,2550.0,2550.0,2540.0,2550.0,296500
2026-02-12 15:30:00,2540.0,2550.0,2540.0,2550.0,267100
2026-02-12 15:35:00,2550.0,2550.0,2540.0,2550.0,464500
2026-02-12 15:40:00,2550.0,2550.0,2540.0,2550.0,591600
2026-02-12 15:45:00,2550.0,2550.0,2540.0,2540.0,409700
2026-02-12 16:00:00,2550.0,2550.0,2550.0,2550.0,389600
2026-02-12 16:05:00,2550.0,2550.0,2550.0,2550.0,22400
2026-02-12 16:10:00,2550.0,2550.0,2550.0,2550.0,46600
2026-02-13 09:00:00,2560.0,2560.0,2540.0,2550.0,0
2026-02-13 09:05:00,2550.0,2550.0,2540.0,2550.0,50300
2026-02-13 09:10:00,2540.0,2550.0,2540.0,2540.0,107800
2026-02-13 09:15:00,2550.0,2550.0,2540.0,2540.0,98200
2026-02-13 09:20:00,2540.0,2550.0,2540.0,2550.0,49200
2026-02-13 09:25:00,2550.0,2550.0,2540.0,2550.0,120500
2026-02-13 09:30:00,2540.0,2550.0,2540.0,2550.0,211000
2026-02-13 09:35:00,2550.0,2550.0,2540.0,2550.0,59800
2026-02-13 09:40:00,2540.0,2550.0,2540.0,2540.0,211800
2026-02-13 09:45:00,2540.0,2550.0,2540.0,2550.0,310500
2026-02-13 09:50:00,2550.0,2550.0,2540.0,2550.0,58200
2026-02-13 09:55:00,2550.0,2550.0,2540.0,2540.0,34800
2026-02-13 10:00:00,2540.0,2560.0,2540.0,2560.0,302500
2026-02-13 10:05:00,2550.0,2560.0,2540.0,2550.0,262200
2026-02-13 10:10:00,2550.0,2550.0,2540.0,2550.0,21800
2026-02-13 10:15:00,2550.0,2550.0,2540.0,2550.0,59200
2026-02-13 10:20:00,2550.0,2550.0,2540.0,2540.0,20400
2026-02-13 10:25:00,2550.0,2550.0,2540.0,2550.0,24300
2026-02-13 10:30:00,2550.0,2550.0,2540.0,2550.0,42700
2026-02-13 10:35:00,2540.0,2560.0,2540.0,2560.0,108600
2026-02-13 10:40:00,2550.0,2560.0,2550.0,2550.0,17100
2026-02-13 10:45:00,2560.0,2560.0,2550.0,2560.0,56800
2026-02-13 10:50:00,2560.0,2560.0,2550.0,2550.0,29900
2026-02-13 10:55:00,2550.0,2560.0,2550.0,2550.0,72700
2026-02-13 11:00:00,2550.0,2560.0,2550.0,2550.0,10000
2026-02-13 11:05:00,2550.0,2560.0,2550.0,2550.0,78400
2026-02-13 11:10:00,2550.0,2560.0,2540.0,2550.0,86900
2026-02-13 11:15:00,2550.0,2560.0,2550.0,2550.0,37700
2026-02-13 11:20:00,2560.0,2560.0,2550.0,2550.0,25400
2026-02-13 11:25:00,2550.0,2560.0,2550.0,2550.0,14600
2026-02-13 14:00:00,2550.0,2560.0,2550.0,2560.0,392900
2026-02-13 14:05:00,2550.0,2560.0,2550.0,2550.0,383100
2026-02-13 14:10:00,2550.0,2550.0,2540.0,2540.0,44000
2026-02-13 14:15:00,2540.0,2550.0,2540.0,2540.0,80800
2026-02-13 14:20:00,2550.0,2550.0,2540.0,2550.0,272700
2026-02-13 14:25:00,2540.0,2550.0,2540.0,2540.0,103400
2026-02-13 14:30:00,2550.0,2550.0,2540.0,2550.0,26200
2026-02-13 14:35:00,2550.0,2550.0,2540.0,2550.0,37400
2026-02-13 14:40:00,2550.0,2550.0,2540.0,2550.0,47700
2026-02-13 14:45:00,2540.0,2550.0,2540.0,2550.0,587700
2026-02-13 14:50:00,2550.0,2560.0,2540.0,2550.0,356900
2026-02-13 14:55:00,2550.0,2560.0,2550.0,2560.0,54500
2026-02-13 15:00:00,2560.0,2560.0,2550.0,2550.0,155400
2026-02-13 15:05:00,2550.0,2560.0,2550.0,2550.0,33000
2026-02-13 15:10:00,2550.0,2560.0,2550.0,2550.0,70400
2026-02-13 15:15:00,2550.0,2560.0,2550.0,2550.0,436300
2026-02-13 15:20:00,2550.0,2550.0,2540.0,2550.0,45900
2026-02-13 15:25:00,2550.0,2560.0,2540.0,2550.0,296600
2026-02-13 15:30:00,2550.0,2560.0,2550.0,2550.0,115900
2026-02-13 15:35:00,2550.0,2560.0,2550.0,2550.0,56100
2026-02-13 15:40:00,2550.0,2560.0,2550.0,2550.0,264900
2026-02-13 15:45:00,2560.0,2560.0,2550.0,2550.0,369800
2026-02-13 16:00:00,2550.0,2550.0,2550.0,2550.0,392200
2026-02-13 16:05:00,2550.0,2550.0,2550.0,2550.0,233800
2026-02-13 16:10:00,2550.0,2550.0,2550.0,2550.0,54200
2026-02-18 09:00:00,2560.0,2570.0,2550.0,2570.0,0
2026-02-18 09:05:00,2560.0,2570.0,2560.0,2570.0,231300
2026-02-18 09:10:00,2560.0,2570.0,2560.0,2560.0,129400
2026-02-18 09:15:00,2570.0,2570.0,2560.0,2570.0,682000
2026-02-18 09:20:00,2560.0,2570.0,2560.0,2570.0,201600
2026-02-18 09:25:00,2570.0,2570.0,2560.0,2570.0,149700
2026-02-18 09:30:00,2560.0,2570.0,2550.0,2550.0,547900
2026-02-18 09:35:00,2550.0,2560.0,2550.0,2560.0,194900
2026-02-18 09:40:00,2560.0,2560.0,2550.0,2560.0,176600
2026-02-18 09:45:00,2560.0,2560.0,2550.0,2550.0,213100
2026-02-18 09:50:00,2560.0,2560.0,2550.0,2560.0,575100
2026-02-18 09:55:00,2550.0,2560.0,2550.0,2560.0,366100
2026-02-18 10:00:00,2550.0,2560.0,2550.0,2550.0,137300
2026-02-18 10:05:00,2550.0,2560.0,2550.0,2560.0,273500
2026-02-18 10:10:00,2550.0,2560.0,2550.0,2550.0,133000
2026-02-18 10:15:00,2560.0,2570.0,2550.0,2570.0,141300
2026-02-18 10:20:00,2560.0,2570.0,2560.0,2560.0,102900
2026-02-18 10:25:00,2560.0,2570.0,2560.0,2560.0,195900
2026-02-18 10:30:00,2570.0,2570.0,2560.0,2560.0,152300
2026-02-18 10:35:00,2560.0,2570.0,2560.0,2560.0,132500
2026-02-18 10:40:00,2560.0,2570.0,2560.0,2570.0,65000
2026-02-18 10:45:00,2560.0,2570.0,2560.0,2570.0,97000
2026-02-18 10:50:00,2570.0,2570.0,2560.0,2560.0,65500
2026-02-18 10:55:00,2560.0,2570.0,2560.0,2570.0,198700
2026-02-18 11:00:00,2570.0,2570.0,2560.0,2570.0,265000
2026-02-18 11:05:00,2560.0,2570.0,2560.0,2560.0,455400
2026-02-18 11:10:00,2560.0,2570.0,2560.0,2560.0,91000
2026-02-18 11:15:00,2560.0,2570.0,2560.0,2560.0,108600
2026-02-18 11:20:00,2560.0,2570.0,2560.0,2570.0,98100
2026-02-18 11:25:00,2560.0,2570.0,2560.0,2570.0,76400
2026-02-18 11:30:00,2570.0,2570.0,2560.0,2560.0,109900
2026-02-18 11:35:00,2560.0,2570.0,2560.0,2560.0,79300
2026-02-18 11:40:00,2570.0,2570.0,2560.0,2570.0,70700
2026-02-18 11:45:00,2560.0,2570.0,2560.0,2570.0,55400
2026-02-18 11:50:00,2570.0,2570.0,2560.0,2560.0,78500
2026-02-18 11:55:00,2570.0,2570.0,2560.0,2560.0,139300
2026-02-18 13:30:00,2560.0,2570.0,2560.0,2570.0,168900
2026-02-18 13:35:00,2560.0,2570.0,2560.0,2570.0,192400
2026-02-18 13:40:00,2570.0,2580.0,2560.0,2580.0,862000
2026-02-18 13:45:00,2570.0,2600.0,2570.0,2600.0,3028900
2026-02-18 13:50:00,2600.0,2610.0,2590.0,2610.0,1342900
2026-02-18 13:55:00,2610.0,2620.0,2600.0,2610.0,1050300
2026-02-18 14:00:00,2610.0,2620.0,2610.0,2610.0,646300
2026-02-18 14:05:00,2610.0,2620.0,2610.0,2620.0,194500
2026-02-18 14:10:00,2610.0,2620.0,2610.0,2620.0,729800
2026-02-18 14:15:00,2610.0,2620.0,2610.0,2620.0,423100
2026-02-18 14:20:00,2620.0,2620.0,2610.0,2620.0,667300
2026-02-18 14:25:00,2610.0,2620.0,2610.0,2620.0,237000
2026-02-18 14:30:00,2620.0,2620.0,2610.0,2620.0,253100
2026-02-18 14:35:00,2620.0,2620.0,2600.0,2610.0,1234900
2026-02-18 14:40:00,2610.0,2620.0,2600.0,2610.0,559400
2026-02-18 14:45:00,2610.0,2610.0,2600.0,2610.0,112600
2026-02-18 14:50:00,2610.0,2610.0,2600.0,2610.0,260600
2026-02-18 14:55:00,2610.0,2620.0,2600.0,2610.0,353000
2026-02-18 15:00:00,2610.0,2620.0,2600.0,2620.0,574200
2026-02-18 15:05:00,2610.0,2620.0,2610.0,2610.0,594100
2026-02-18 15:10:00,2610.0,2610.0,2600.0,2610.0,393000
2026-02-18 15:15:00,2610.0,2610.0,2600.0,2610.0,153000
2026-02-18 15:20:00,2610.0,2610.0,2600.0,2600.0,194600
2026-02-18 15:25:00,2600.0,2610.0,2600.0,2600.0,220300
2026-02-18 15:30:00,2610.0,2610.0,2600.0,2610.0,337300
2026-02-18 15:35:00,2610.0,2610.0,2600.0,2610.0,340900
2026-02-18 15:40:00,2610.0,2610.0,2600.0,2610.0,708500
2026-02-18 15:45:00,2610.0,2620.0,2600.0,2610.0,1025500
2026-02-18 16:00:00,2620.0,2620.0,2620.0,2620.0,1502400
2026-02-18 16:05:00,2620.0,2620.0,2620.0,2620.0,274400
2026-02-18 16:10:00,2620.0,2620.0,2620.0,2620.0,195500
2026-02-19 09:00:00,2630.0,2630.0,2620.0,2630.0,0
2026-02-19 09:05:00,2620.0,2630.0,2620.0,2630.0,889400
2026-02-19 09:10:00,2630.0,2650.0,2620.0,2650.0,1716700
2026-02-19 09:15:00,2650.0,2650.0,2640.0,2640.0,926500
2026-02-19 09:20:00,2650.0,2660.0,2640.0,2650.0,1491000
2026-02-19 09:25:00,2650.0,2660.0,2640.0,2650.0,3035600
2026-02-19 09:30:00,2640.0,2660.0,2640.0,2660.0,669500
2026-02-19 09:35:00,2660.0,2660.0,2640.0,2650.0,669800
2026-02-19 09:40:00,2650.0,2650.0,2640.0,2640.0,310000
2026-02-19 09:45:00,2650.0,2650.0,2640.0,2650.0,122600
2026-02-19 09:50:00,2640.0,2650.0,2640.0,2650.0,230200
2026-02-19 09:55:00,2650.0,2650.0,2640.0,2650.0,268600
2026-02-19 10:00:00,2650.0,2660.0,2640.0,2660.0,804200
2026-02-19 10:05:00,2660.0,2660.0,2650.0,2650.0,449500
2026-02-19 10:10:00,2650.0,2660.0,2640.0,2650.0,746500
2026-02-19 10:15:00,2650.0,2660.0,2650.0,2650.0,281000
2026-02-19 10:20:00,2650.0,2660.0,2650.0,2650.0,266800
2026-02-19 10:25:00,2650.0,2660.0,2640.0,2650.0,227800
2026-02-19 10:30:00,2650.0,2660.0,2650.0,2660.0,237400
2026-02-19 10:35:00,2650.0,2660.0,2650.0,2650.0,173000
2026-02-19 10:40:00,2650.0,2660.0,2650.0,2660.0,141000
2026-02-19 10:45:00,2660.0,2660.0,2650.0,2650.0,498200
2026-02-19 10:50:00,2660.0,2660.0,2650.0,2650.0,144000
2026-02-19 10:55:00,2650.0,2660.0,2650.0,2660.0,130300
2026-02-19 11:00:00,2650.0,2660.0,2650.0,2660.0,735700
2026-02-19 11:05:00,2650.0,2660.0,2650.0,2660.0,88800
2026-02-19 11:10:00,2660.0,2660.0,2650.0,2650.0,204100
2026-02-19 11:15:00,2650.0,2660.0,2650.0,2660.0,960400
2026-02-19 11:20:00,2650.0,2660.0,2640.0,2640.0,1254500
2026-02-19 11:25:00,2640.0,2650.0,2640.0,2650.0,79000
2026-02-19 11:30:00,2650.0,2650.0,2640.0,2650.0,1441900
2026-02-19 11:35:00,2650.0,2660.0,2640.0,2650.0,1028600
2026-02-19 11:40:00,2640.0,2660.0,2640.0,2650.0,413900
2026-02-19 11:45:00,2650.0,2650.0,2640.0,2650.0,23800
2026-02-19 11:50:00,2650.0,2650.0,2640.0,2650.0,92200
2026-02-19 11:55:00,2650.0,2650.0,2640.0,2650.0,244400
2026-02-19 13:30:00,2640.0,2650.0,2640.0,2650.0,464600
2026-02-19 13:35:00,2650.0,2650.0,2640.0,2650.0,66900
2026-02-19 13:40:00,2650.0,2650.0,2640.0,2650.0,92900
2026-02-19 13:45:00,2650.0,2650.0,2640.0,2650.0,35200
2026-02-19 13:50:00,2650.0,2650.0,2640.0,2640.0,108600
2026-02-19 13:55:00,2640.0,2650.0,2640.0,2640.0,268200
2026-02-19 14:00:00,2650.0,2650.0,2640.0,2650.0,222500
2026-02-19 14:05:00,2650.0,2650.0,2640.0,2640.0,721100
2026-02-19 14:10:00,2650.0,2650.0,2640.0,2640.0,329400
2026-02-19 14:15:00,2640.0,2650.0,2630.0,2640.0,977800
2026-02-19 14:20:00,2640.0,2640.0,2630.0,2630.0,229200
2026-02-19 14:25:00,2630.0,2640.0,2630.0,2640.0,185800
2026-02-19 14:30:00,2640.0,2640.0,2630.0,2630.0,200800
2026-02-19 14:35:00,2640.0,2640.0,2630.0,2630.0,28500
2026-02-19 14:40:00,2640.0,2640.0,2630.0,2630.0,85900
2026-02-19 14:45:00,2640.0,2650.0,2630.0,2640.0,554500
2026-02-19 14:50:00,2640.0,2650.0,2640.0,2650.0,136900
2026-02-19 14:55:00,2650.0,2650.0,2640.0,2640.0,196300
2026-02-19 15:00:00,2650.0,2650.0,2640.0,2650.0,86800
2026-02-19 15:05:00,2650.0,2650.0,2640.0,2640.0,161400
2026-02-19 15:10:00,2640.0,2650.0,2640.0,2650.0,513800
2026-02-19 15:15:00,2650.0,2660.0,2640.0,2650.0,1610900
2026-02-19 15:20:00,2650.0,2660.0,2650.0,2650.0,332000
2026-02-19 15:25:00,2650.0,2660.0,2650.0,2650.0,117700
2026-02-19 15:30:00,2650.0,2660.0,2650.0,2660.0,118200
2026-02-19 15:35:00,2660.0,2660.0,2640.0,2640.0,1032000
2026-02-19 15:40:00,2650.0,2650.0,2610.0,2640.0,3787600
2026-02-19 15:45:00,2630.0,2640.0,2630.0,2630.0,178000
2026-02-19 16:00:00,2640.0,2640.0,2640.0,2640.0,1401500
2026-02-19 16:05:00,2640.0,2640.0,2640.0,2640.0,28600
2026-02-19 16:10:00,2640.0,2640.0,2640.0,2640.0,6900
2026-02-20 09:00:00,2640.0,2660.0,2640.0,2650.0,0
2026-02-20 09:05:00,2660.0,2660.0,2650.0,2660.0,655200
2026-02-20 09:10:00,2660.0,2660.0,2640.0,2650.0,295100
2026-02-20 09:15:00,2650.0,2650.0,2640.0,2640.0,636200
2026-02-20 09:20:00,2640.0,2650.0,2640.0,2640.0,302200
2026-02-20 09:25:00,2640.0,2640.0,2630.0,2630.0,223700
2026-02-20 09:30:00,2630.0,2640.0,2630.0,2640.0,178800
2026-02-20 09:35:00,2640.0,2640.0,2630.0,2630.0,343600
2026-02-20 09:40:00,2630.0,2640.0,2630.0,2640.0,111700
2026-02-20 09:45:00,2630.0,2640.0,2630.0,2640.0,156000
2026-02-20 09:50:00,2640.0,2640.0,2630.0,2630.0,115800
2026-02-20 09:55:00,2640.0,2640.0,2630.0,2640.0,211400
2026-02-20 10:00:00,2640.0,2650.0,2630.0,2650.0,317600
2026-02-20 10:05:00,2650.0,2650.0,2640.0,2650.0,88800
2026-02-20 10:10:00,2640.0,2650.0,2640.0,2640.0,221000
2026-02-20 10:15:00,2640.0,2650.0,2620.0,2630.0,870800
2026-02-20 10:20:00,2620.0,2630.0,2620.0,2630.0,167200
2026-02-20 10:25:00,2630.0,2640.0,2620.0,2630.0,151800
2026-02-20 10:30:00,2630.0,2640.0,2630.0,2640.0,44500
2026-02-20 10:35:00,2640.0,2640.0,2630.0,2640.0,44500
2026-02-20 10:40:00,2640.0,2640.0,2630.0,2640.0,56300
2026-02-20 10:45:00,2640.0,2640.0,2630.0,2640.0,40100
2026-02-20 10:50:00,2640.0,2640.0,2630.0,2640.0,66200
2026-02-20 10:55:00,2640.0,2640.0,2630.0,2640.0,81000
2026-02-20 11:00:00,2630.0,2640.0,2630.0,2640.0,82000
2026-02-20 11:05:00,2640.0,2640.0,2630.0,2630.0,41100
2026-02-20 11:10:00,2630.0,2640.0,2630.0,2630.0,75900
2026-02-20 11:15:00,2640.0,2640.0,2630.0,2630.0,132700
2026-02-20 11:20:00,2640.0,2640.0,2630.0,2640.0,21600
2026-02-20 11:25:00,2640.0,2640.0,2630.0,2640.0,76200
2026-02-20 14:00:00,2640.0,2640.0,2630.0,2640.0,542600
2026-02-20 14:05:00,2640.0,2640.0,2630.0,2640.0,110300
2026-02-20 14:10:00,2640.0,2640.0,2630.0,2640.0,111100
2026-02-20 14:15:00,2640.0,2640.0,2630.0,2640.0,120800
2026-02-20 14:20:00,2640.0,2640.0,2630.0,2640.0,478200
2026-02-20 14:25:00,2640.0,2640.0,2630.0,2630.0,362600
2026-02-20 14:30:00,2630.0,2640.0,2620.0,2630.0,191700
2026-02-20 14:35:00,2630.0,2630.0,2620.0,2620.0,102700
2026-02-20 14:40:00,2620.0,2640.0,2620.0,2640.0,204100
2026-02-20 14:45:00,2630.0,2640.0,2630.0,2640.0,22600
2026-02-20 14:50:00,2630.0,2640.0,2630.0,2640.0,174800
2026-02-20 14:55:00,2630.0,2640.0,2620.0,2620.0,562900
2026-02-20 15:00:00,2630.0,2630.0,2620.0,2620.0,34900
2026-02-20 15:05:00,2630.0,2630.0,2620.0,2620.0,50200
2026-02-20 15:10:00,2630.0,2630.0,2620.0,2620.0,105500
2026-02-20 15:15:00,2630.0,2630.0,2620.0,2620.0,158600
2026-02-20 15:20:00,2630.0,2630.0,2620.0,2630.0,98800
2026-02-20 15:25:00,2630.0,2630.0,2620.0,2630.0,74200
2026-02-20 15:30:00,2630.0,2630.0,2610.0,2610.0,1245600
2026-02-20 15:35:00,2620.0,2630.0,2610.0,2630.0,321300
2026-02-20 15:40:00,2630.0,2630.0,2620.0,2630.0,198600
2026-02-20 15:45:00,2620.0,2630.0,2610.0,2610.0,739500
2026-02-20 16:00:00,2620.0,2620.0,2620.0,2620.0,1055100
2026-02-20 16:05:00,2620.0,2620.0,2620.0,2620.0,160700
2026-02-20 16:10:00,2620.0,2620.0,2620.0,2620.0,0
2026-02-23 09:00:00,2640.0,2640.0,2600.0,2610.0,0
2026-02-23 09:05:00,2610.0,2610.0,2600.0,2610.0,1134000
2026-02-23 09:10:00,2610.0,2620.0,2600.0,2620.0,118700
2026-02-23 09:15:00,2610.0,2620.0,2610.0,2610.0,143900
2026-02-23 09:20:00,2620.0,2620.0,2610.0,2620.0,414100
2026-02-23 09:25:00,2620.0,2630.0,2610.0,2610.0,294400
2026-02-23 09:30:00,2620.0,2630.0,2610.0,2610.0,215500
2026-02-23 09:35:00,2620.0,2620.0,2610.0,2620.0,78200
2026-02-23 09:40:00,2620.0,2620.0,2610.0,2620.0,105600
2026-02-23 09:45:00,2610.0,2620.0,2610.0,2620.0,86900
2026-02-23 09:50:00,2620.0,2630.0,2610.0,2620.0,263500
2026-02-23 09:55:00,2620.0,2630.0,2620.0,2630.0,62500
2026-02-23 10:00:00,2620.0,2630.0,2620.0,2620.0,55800
2026-02-23 10:05:00,2620.0,2630.0,2620.0,2630.0,77800
2026-02-23 10:10:00,2620.0,2630.0,2620.0,2620.0,101500
2026-02-23 10:15:00,2630.0,2630.0,2620.0,2630.0,67400
2026-02-23 10:20:00,2630.0,2630.0,2620.0,2620.0,102500
2026-02-23 10:25:00,2620.0,2630.0,2620.0,2630.0,21000
2026-02-23 10:30:00,2630.0,2630.0,2620.0,2630.0,38900
2026-02-23 10:35:00,2630.0,2630.0,2620.0,2630.0,112000
2026-02-23 10:40:00,2620.0,2630.0,2620.0,2630.0,124000
2026-02-23 10:45:00,2620.0,2630.0,2620.0,2620.0,30000
2026-02-23 10:50:00,2630.0,2630.0,2620.0,2630.0,132600
2026-02-23 10:55:00,2630.0,2630.0,2620.0,2630.0,42000
2026-02-23 11:00:00,2620.0,2630.0,2620.0,2630.0,66200
2026-02-23 11:05:00,2620.0,2630.0,2620.0,2630.0,226600
2026-02-23 11:10:00,2630.0,2630.0,2620.0,2630.0,53600
2026-02-23 11:15:00,2630.0,2630.0,2620.0,2630.0,43800
2026-02-23 11:20:00,2630.0,2630.0,2620.0,2630.0,113800
2026-02-23 11:25:00,2620.0,2630.0,2620.0,2630.0,220600
2026-02-23 11:30:00,2630.0,2630.0,2620.0,2620.0,38600
2026-02-23 11:35:00,2630.0,2630.0,2620.0,2620.0,43600
2026-02-23 11:40:00,2620.0,2630.0,2620.0,2630.0,49100
2026-02-23 11:45:00,2620.0,2630.0,2620.0,2620.0,133300
2026-02-23 11:50:00,2620.0,2630.0,2620.0,2620.0,51700
2026-02-23 11:55:00,2620.0,2630.0,2620.0,2630.0,78600
2026-02-23 13:30:00,2630.0,2630.0,2620.0,2620.0,582200
2026-02-23 13:35:00,2620.0,2630.0,2620.0,2630.0,75700
2026-02-23 13:40:00,2630.0,2630.0,2620.0,2620.0,79300
2026-02-23 13:45:00,2630.0,2630.0,2620.0,2620.0,28800
2026-02-23 13:50:00,2620.0,2630.0,2620.0,2620.0,64100
2026-02-23 13:55:00,2620.0,2630.0,2620.0,2620.0,39100
2026-02-23 14:00:00,2630.0,2630.0,2620.0,2630.0,30100
2026-02-23 14:05:00,2620.0,2630.0,2620.0,2630.0,45900
2026-02-23 14:10:00,2630.0,2630.0,2620.0,2620.0,68500
2026-02-23 14:15:00,2630.0,2630.0,2620.0,2630.0,56900
2026-02-23 14:20:00,2630.0,2630.0,2620.0,2620.0,55200
2026-02-23 14:25:00,2630.0,2630.0,2620.0,2630.0,69600
2026-02-23 14:30:00,2630.0,2630.0,2620.0,2630.0,82900
2026-02-23 14:35:00,2630.0,2630.0,2620.0,2630.0,87300
2026-02-23 14:40:00,2630.0,2630.0,2620.0,2620.0,29000
2026-02-23 14:45:00,2630.0,2630.0,2620.0,2630.0,54300
2026-02-23 14:50:00,2630.0,2630.0,2620.0,2630.0,109700
2026-02-23 14:55:00,2630.0,2630.0,2620.0,2630.0,98200
2026-02-23 15:00:00,2630.0,2630.0,2620.0,2630.0,19200
2026-02-23 15:05:00,2630.0,2630.0,2620.0,2630.0,72100
2026-02-23 15:10:00,2630.0,2630.0,2620.0,2620.0,177100
2026-02-23 15:15:00,2630.0,2630.0,2620.0,2630.0,129600
2026-02-23 15:20:00,2630.0,2630.0,2620.0,2630.0,36900
2026-02-23 15:25:00,2630.0,2630.0,2620.0,2630.0,74400
2026-02-23 15:30:00,2630.0,2630.0,2620.0,2630.0,192400
2026-02-23 15:35:00,2620.0,2630.0,2620.0,2630.0,274000
2026-02-23 15:40:00,2630.0,2630.0,2620.0,2630.0,196300
2026-02-23 15:45:00,2630.0,2630.0,2620.0,2630.0,289000
2026-02-23 16:00:00,2630.0,2630.0,2630.0,2630.0,361800
2026-02-23 16:05:00,2630.0,2630.0,2630.0,2630.0,14300
2026-02-23 16:10:00,2630.0,2630.0,2630.0,2630.0,4400
2026-02-24 09:00:00,2630.0,2630.0,2620.0,2630.0,0
2026-02-24 09:05:00,2630.0,2630.0,2620.0,2630.0,55200
2026-02-24 09:10:00,2630.0,2630.0,2620.0,2620.0,475800
2026-02-24 09:15:00,2620.0,2630.0,2610.0,2620.0,140600
2026-02-24 09:20:00,2620.0,2630.0,2620.0,2630.0,332700
2026-02-24 09:25:00,2620.0,2630.0,2620.0,2620.0,53600
2026-02-24 09:30:00,2620.0,2630.0,2620.0,2630.0,282800
2026-02-24 09:35:00,2630.0,2630.0,2610.0,2610.0,173300
2026-02-24 09:40:00,2620.0,2620.0,2610.0,2610.0,102300
2026-02-24 09:45:00,2620.0,2620.0,2610.0,2620.0,87100
2026-02-24 09:50:00,2620.0,2620.0,2610.0,2620.0,58800
2026-02-24 09:55:00,2620.0,2620.0,2610.0,2620.0,29000
2026-02-24 10:00:00,2620.0,2630.0,2620.0,2630.0,374300
2026-02-24 10:05:00,2620.0,2630.0,2620.0,2630.0,51300
2026-02-24 10:10:00,2630.0,2630.0,2620.0,2630.0,75900
2026-02-24 10:15:00,2620.0,2630.0,2620.0,2620.0,243600
2026-02-24 10:20:00,2620.0,2630.0,2620.0,2620.0,75500
2026-02-24 10:25:00,2630.0,2630.0,2620.0,2620.0,72000
2026-02-24 10:30:00,2620.0,2630.0,2620.0,2630.0,50800
2026-02-24 10:35:00,2620.0,2630.0,2620.0,2630.0,83000
2026-02-24 10:40:00,2630.0,2630.0,2620.0,2630.0,55400
2026-02-24 10:45:00,2620.0,2630.0,2620.0,2630.0,120100
2026-02-24 10:50:00,2620.0,2630.0,2620.0,2630.0,64000
2026-02-24 10:55:00,2630.0,2630.0,2620.0,2630.0,67000
2026-02-24 11:00:00,2630.0,2630.0,2620.0,2630.0,151500
2026-02-24 11:05:00,2630.0,2630.0,2620.0,2620.0,86200
2026-02-24 11:10:00,2620.0,2630.0,2620.0,2620.0,43400
2026-02-24 11:15:00,2620.0,2630.0,2620.0,2620.0,56400
2026-02-24 11:20:00,2620.0,2630.0,2620.0,2620.0,79900
2026-02-24 11:25:00,2620.0,2630.0,2620.0,2630.0,279400
2026-02-24 11:30:00,2630.0,2630.0,2620.0,2620.0,156600
2026-02-24 11:35:00,2620.0,2630.0,2620.0,2630.0,33600
2026-02-24 11:40:00,2630.0,2630.0,2620.0,2620.0,33300
2026-02-24 11:45:00,2620.0,2630.0,2620.0,2620.0,26000
2026-02-24 11:50:00,2630.0,2630.0,2620.0,2620.0,152700
2026-02-24 11:55:00,2620.0,2630.0,2620.0,2630.0,47000
2026-02-24 13:30:00,2630.0,2630.0,2620.0,2620.0,612000
2026-02-24 13:35:00,2620.0,2630.0,2610.0,2620.0,208700
2026-02-24 13:40:00,2620.0,2620.0,2610.0,2620.0,92200
2026-02-24 13:45:00,2620.0,2620.0,2610.0,2620.0,92600
2026-02-24 13:50:00,2620.0,2620.0,2610.0,2620.0,24900
2026-02-24 13:55:00,2620.0,2620.0,2610.0,2620.0,38500
2026-02-24 14:00:00,2620.0,2630.0,2610.0,2620.0,404700
2026-02-24 14:05:00,2630.0,2630.0,2620.0,2620.0,29700
2026-02-24 14:10:00,2620.0,2630.0,2620.0,2630.0,17200
2026-02-24 14:15:00,2620.0,2630.0,2610.0,2610.0,331800
2026-02-24 14:20:00,2610.0,2620.0,2610.0,2610.0,140300
2026-02-24 14:25:00,2620.0,2630.0,2610.0,2610.0,1018500
2026-02-24 14:30:00,2610.0,2620.0,2610.0,2610.0,144500
2026-02-24 14:35:00,2610.0,2620.0,2610.0,2620.0,38800
2026-02-24 14:40:00,2610.0,2620.0,2610.0,2610.0,45000
2026-02-24 14:45:00,2620.0,2620.0,2610.0,2620.0,23400
2026-02-24 14:50:00,2610.0,2620.0,2610.0,2620.0,58500
2026-02-24 14:55:00,2620.0,2620.0,2610.0,2610.0,31300
2026-02-24 15:00:00,2610.0,2620.0,2610.0,2610.0,132700
2026-02-24 15:05:00,2620.0,2620.0,2600.0,2600.0,606600
2026-02-24 15:10:00,2600.0,2610.0,2600.0,2600.0,346800
2026-02-24 15:15:00,2600.0,2610.0,2600.0,2600.0,99000
2026-02-24 15:20:00,2600.0,2610.0,2600.0,2600.0,52900
2026-02-24 15:25:00,2600.0,2610.0,2600.0,2610.0,488000
2026-02-24 15:30:00,2600.0,2610.0,2600.0,2600.0,1798700
2026-02-24 15:35:00,2600.0,2610.0,2590.0,2590.0,773300
2026-02-24 15:40:00,2600.0,2600.0,2590.0,2590.0,451400
2026-02-24 15:45:00,2590.0,2600.0,2590.0,2590.0,388800
2026-02-24 16:00:00,2590.0,2590.0,2590.0,2590.0,2024200
2026-02-24 16:05:00,2590.0,2590.0,2590.0,2590.0,85100
2026-02-24 16:10:00,2590.0,2590.0,2590.0,2590.0,1600
2026-02-25 09:00:00,2610.0,2620.0,2600.0,2620.0,0
2026-02-25 09:05:00,2620.0,2620.0,2610.0,2620.0,246100
2026-02-25 09:10:00,2610.0,2620.0,2610.0,2620.0,96600
2026-02-25 09:15:00,2620.0,2620.0,2610.0,2610.0,227600
2026-02-25 09:20:00,2600.0,2620.0,2600.0,2610.0,278600
2026-02-25 09:25:00,2600.0,2620.0,2600.0,2620.0,471000
2026-02-25 09:30:00,2610.0,2620.0,2610.0,2620.0,33700
2026-02-25 09:35:00,2610.0,2620.0,2610.0,2620.0,42200
2026-02-25 09:40:00,2620.0,2620.0,2610.0,2610.0,49000
2026-02-25 09:45:00,2610.0,2620.0,2610.0,2620.0,126000
2026-02-25 09:50:00,2610.0,2620.0,2610.0,2620.0,63000
2026-02-25 09:55:00,2610.0,2630.0,2610.0,2630.0,1266200
2026-02-25 10:00:00,2630.0,2630.0,2610.0,2610.0,317400
2026-02-25 10:05:00,2610.0,2630.0,2610.0,2610.0,674500
2026-02-25 10:10:00,2610.0,2630.0,2610.0,2620.0,105400
2026-02-25 10:15:00,2620.0,2630.0,2610.0,2620.0,125900
2026-02-25 10:20:00,2620.0,2630.0,2620.0,2620.0,81100
2026-02-25 10:25:00,2620.0,2630.0,2610.0,2620.0,82700
2026-02-25 10:30:00,2620.0,2630.0,2620.0,2620.0,130500
2026-02-25 10:35:00,2620.0,2630.0,2620.0,2620.0,22200
2026-02-25 10:40:00,2620.0,2630.0,2620.0,2620.0,71500
2026-02-25 10:45:00,2620.0,2630.0,2620.0,2630.0,22800
2026-02-25 10:50:00,2620.0,2630.0,2620.0,2620.0,46100
2026-02-25 10:55:00,2620.0,2620.0,2620.0,2620.0,38600
2026-02-25 11:00:00,2620.0,2630.0,2620.0,2620.0,59400
2026-02-25 11:05:00,2630.0,2630.0,2620.0,2620.0,103500
2026-02-25 11:10:00,2630.0,2630.0,2620.0,2620.0,118900
2026-02-25 11:15:00,2620.0,2630.0,2620.0,2620.0,22000
2026-02-25 11:20:00,2620.0,2630.0,2620.0,2620.0,31000
2026-02-25 11:25:00,2620.0,2630.0,2620.0,2630.0,35300
2026-02-25 11:30:00,2620.0,2630.0,2620.0,2620.0,105600
2026-02-25 11:35:00,2630.0,2630.0,2620.0,2620.0,40900
2026-02-25 11:40:00,2620.0,2630.0,2620.0,2620.0,214700
2026-02-25 11:45:00,2620.0,2630.0,2620.0,2620.0,15100
2026-02-25 11:50:00,2620.0,2630.0,2620.0,2630.0,35800
2026-02-25 11:55:00,2620.0,2630.0,2620.0,2630.0,48400
2026-02-25 13:30:00,2620.0,2630.0,2620.0,2620.0,265800
2026-02-25 13:35:00,2620.0,2630.0,2620.0,2630.0,783100
2026-02-25 13:40:00,2630.0,2630.0,2620.0,2630.0,306600
2026-02-25 13:45:00,2630.0,2630.0,2620.0,2630.0,36800
2026-02-25 13:50:00,2620.0,2630.0,2620.0,2620.0,87700
2026-02-25 13:55:00,2620.0,2630.0,2620.0,2620.0,134400
2026-02-25 14:00:00,2620.0,2630.0,2620.0,2620.0,204700
2026-02-25 14:05:00,2630.0,2630.0,2620.0,2620.0,40700
2026-02-25 14:10:00,2630.0,2630.0,2620.0,2620.0,269200
2026-02-25 14:15:00,2620.0,2630.0,2620.0,2630.0,18400
2026-02-25 14:20:00,2620.0,2630.0,2620.0,2630.0,172300
2026-02-25 14:25:00,2630.0,2630.0,2620.0,2620.0,132000
2026-02-25 14:30:00,2630.0,2630.0,2620.0,2620.0,75600
2026-02-25 14:35:00,2630.0,2630.0,2620.0,2620.0,49700
2026-02-25 14:40:00,2620.0,2630.0,2620.0,2630.0,202800
2026-02-25 14:45:00,2630.0,2630.0,2620.0,2620.0,121000
2026-02-25 14:50:00,2630.0,2630.0,2620.0,2630.0,28300
2026-02-25 14:55:00,2630.0,2630.0,2620.0,2630.0,73300
2026-02-25 15:00:00,2630.0,2630.0,2620.0,2620.0,56700
2026-02-25 15:05:00,2630.0,2630.0,2620.0,2620.0,51900
2026-02-25 15:10:00,2620.0,2630.0,2620.0,2630.0,66000
2026-02-25 15:15:00,2630.0,2630.0,2620.0,2630.0,157100
2026-02-25 15:20:00,2630.0,2630.0,2610.0,2610.0,914500
2026-02-25 15:25:00,2620.0,2620.0,2610.0,2610.0,115100
2026-02-25 15:30:00,2620.0,2620.0,2610.0,2610.0,59900
2026-02-25 15:35:00,2610.0,2630.0,2610.0,2630.0,572200
2026-02-25 15:40:00,2620.0,2630.0,2620.0,2630.0,161900
2026-02-25 15:45:00,2630.0,2630.0,2620.0,2630.0,218300
2026-02-25 16:00:00,2630.0,2630.0,2630.0,2630.0,667700
2026-02-25 16:05:00,2630.0,2630.0,2630.0,2630.0,2000
2026-02-25 16:10:00,2630.0,2630.0,2630.0,2630.0,15800
2026-02-26 09:00:00,2620.0,2640.0,2620.0,2630.0,0
2026-02-26 09:05:00,2620.0,2630.0,2610.0,2610.0,170900
2026-02-26 09:10:00,2620.0,2630.0,2610.0,2620.0,384300
2026-02-26 09:15:00,2620.0,2630.0,2620.0,2620.0,77100
2026-02-26 09:20:00,2630.0,2630.0,2620.0,2620.0,206300
2026-02-26 09:25:00,2630.0,2630.0,2620.0,2620.0,96900
2026-02-26 09:30:00,2620.0,2630.0,2610.0,2610.0,533900
2026-02-26 09:35:00,2620.0,2620.0,2610.0,2620.0,652100
2026-02-26 09:40:00,2620.0,2620.0,2610.0,2620.0,32000
2026-02-26 09:45:00,2610.0,2630.0,2610.0,2620.0,405300
2026-02-26 09:50:00,2620.0,2630.0,2610.0,2620.0,309900
2026-02-26 09:55:00,2620.0,2620.0,2610.0,2620.0,0
2026-02-26 10:00:00,2620.0,2620.0,2610.0,2620.0,24700
2026-02-26 10:05:00,2620.0,2620.0,2610.0,2610.0,208800
2026-02-26 10:10:00,2620.0,2620.0,2610.0,2610.0,41100
2026-02-26 10:15:00,2620.0,2620.0,2610.0,2620.0,17100
2026-02-26 10:20:00,2620.0,2620.0,2600.0,2610.0,515400
2026-02-26 10:25:00,2600.0,2610.0,2600.0,2610.0,82000
2026-02-26 10:30:00,2600.0,2610.0,2600.0,2600.0,293700
2026-02-26 10:35:00,2600.0,2610.0,2600.0,2600.0,52800
2026-02-26 10:40:00,2610.0,2610.0,2600.0,2610.0,190600
2026-02-26 10:45:00,2610.0,2620.0,2600.0,2610.0,154800
2026-02-26 10:50:00,2610.0,2620.0,2610.0,2620.0,19100
2026-02-26 10:55:00,2610.0,2620.0,2610.0,2610.0,57400
2026-02-26 11:00:00,2610.0,2620.0,2610.0,2610.0,57400
2026-02-26 11:05:00,2610.0,2620.0,2610.0,2610.0,24200
2026-02-26 11:10:00,2610.0,2620.0,2600.0,2600.0,564100
2026-02-26 11:15:00,2610.0,2610.0,2600.0,2610.0,13500
2026-02-26 11:20:00,2610.0,2610.0,2600.0,2600.0,40000
2026-02-26 11:25:00,2600.0,2610.0,2600.0,2610.0,35500
2026-02-26 11:30:00,2600.0,2610.0,2600.0,2610.0,27500
2026-02-26 11:35:00,2610.0,2610.0,2600.0,2600.0,44500
2026-02-26 11:40:00,2610.0,2610.0,2600.0,2600.0,70400
2026-02-26 11:45:00,2610.0,2610.0,2600.0,2610.0,65600
2026-02-26 11:50:00,2610.0,2610.0,2600.0,2610.0,61100
2026-02-26 11:55:00,2610.0,2610.0,2600.0,2610.0,59500
2026-02-26 13:30:00,2600.0,2610.0,2600.0,2600.0,153000
2026-02-26 13:35:00,2610.0,2610.0,2600.0,2610.0,93500
2026-02-26 13:40:00,2610.0,2610.0,2600.0,2600.0,67600
2026-02-26 13:45:00,2610.0,2610.0,2600.0,2610.0,90700
2026-02-26 13:50:00,2600.0,2610.0,2600.0,2600.0,63800
2026-02-26 13:55:00,2600.0,2610.0,2600.0,2600.0,108000
2026-02-26 14:00:00,2600.0,2610.0,2600.0,2600.0,58100
2026-02-26 14:05:00,2600.0,2610.0,2580.0,2590.0,2015700
2026-02-26 14:10:00,2580.0,2590.0,2580.0,2590.0,166200
2026-02-26 14:15:00,2590.0,2590.0,2580.0,2590.0,79900
2026-02-26 14:20:00,2590.0,2600.0,2580.0,2590.0,652600
2026-02-26 14:25:00,2590.0,2590.0,2580.0,2580.0,214700
2026-02-26 14:30:00,2590.0,2590.0,2580.0,2580.0,323500
2026-02-26 14:35:00,2580.0,2600.0,2580.0,2590.0,498200
2026-02-26 14:40:00,2600.0,2600.0,2590.0,2600.0,77900
2026-02-26 14:45:00,2600.0,2600.0,2590.0,2600.0,24200
2026-02-26 14:50:00,2600.0,2600.0,2590.0,2600.0,102200
2026-02-26 14:55:00,2600.0,2600.0,2590.0,2600.0,85900
2026-02-26 15:00:00,2600.0,2600.0,2590.0,2600.0,22000
2026-02-26 15:05:00,2600.0,2600.0,2590.0,2600.0,79500
2026-02-26 15:10:00,2600.0,2610.0,2590.0,2610.0,403500
2026-02-26 15:15:00,2610.0,2610.0,2600.0,2610.0,70000
2026-02-26 15:20:00,2610.0,2610.0,2600.0,2610.0,79200
2026-02-26 15:25:00,2610.0,2610.0,2600.0,2600.0,53100
2026-02-26 15:30:00,2600.0,2610.0,2600.0,2610.0,77000
2026-02-26 15:35:00,2600.0,2610.0,2600.0,2610.0,117900
2026-02-26 15:40:00,2600.0,2610.0,2600.0,2600.0,282500
2026-02-26 15:45:00,2600.0,2610.0,2600.0,2610.0,274700
2026-02-26 16:00:00,2610.0,2610.0,2610.0,2610.0,666000
2026-02-26 16:05:00,2610.0,2610.0,2610.0,2610.0,33900
2026-02-26 16:10:00,2610.0,2610.0,2610.0,2610.0,1200
2026-02-27 09:00:00,2610.0,2620.0,2590.0,2590.0,0
2026-02-27 09:05:00,2600.0,2600.0,2570.0,2570.0,847900
2026-02-27 09:10:00,2570.0,2590.0,2570.0,2590.0,403300
2026-02-27 09:15:00,2590.0,2600.0,2580.0,2600.0,263400
2026-02-27 09:20:00,2590.0,2600.0,2590.0,2600.0,80700
2026-02-27 09:25:00,2600.0,2600.0,2590.0,2600.0,115000
2026-02-27 09:30:00,2590.0,2610.0,2590.0,2610.0,150100
2026-02-27 09:35:00,2600.0,2610.0,2590.0,2600.0,174100
2026-02-27 09:40:00,2600.0,2610.0,2590.0,2590.0,36100
2026-02-27 09:45:00,2590.0,2600.0,2590.0,2600.0,42300
2026-02-27 09:50:00,2600.0,2610.0,2590.0,2600.0,81400
2026-02-27 09:55:00,2610.0,2610.0,2590.0,2600.0,9500
2026-02-27 10:00:00,2600.0,2600.0,2590.0,2600.0,59900
2026-02-27 10:05:00,2600.0,2600.0,2590.0,2600.0,24000
2026-02-27 10:10:00,2590.0,2600.0,2590.0,2590.0,50300
2026-02-27 10:15:00,2600.0,2600.0,2590.0,2600.0,15400
2026-02-27 10:20:00,2600.0,2600.0,2590.0,2590.0,242600
2026-02-27 10:25:00,2600.0,2600.0,2590.0,2600.0,201900
2026-02-27 10:30:00,2600.0,2610.0,2590.0,2610.0,198300
2026-02-27 10:35:00,2600.0,2610.0,2600.0,2600.0,22100
2026-02-27 10:40:00,2610.0,2610.0,2600.0,2610.0,208800
2026-02-27 10:45:00,2600.0,2610.0,2600.0,2610.0,195400
2026-02-27 10:50:00,2600.0,2610.0,2600.0,2610.0,41400
2026-02-27 10:55:00,2610.0,2610.0,2600.0,2600.0,58400
2026-02-27 11:00:00,2600.0,2610.0,2590.0,2600.0,154200
2026-02-27 11:05:00,2600.0,2600.0,2590.0,2600.0,23600
2026-02-27 11:10:00,2600.0,2610.0,2600.0,2600.0,273300
2026-02-27 11:15:00,2590.0,2600.0,2590.0,2600.0,138200
2026-02-27 11:20:00,2600.0,2600.0,2590.0,2600.0,27400
2026-02-27 11:25:00,2600.0,2600.0,2590.0,2600.0,23200
2026-02-27 14:00:00,2590.0,2600.0,2590.0,2590.0,165100
2026-02-27 14:05:00,2600.0,2600.0,2590.0,2600.0,58100
2026-02-27 14:10:00,2590.0,2600.0,2590.0,2590.0,84400
2026-02-27 14:15:00,2590.0,2600.0,2590.0,2600.0,50100
2026-02-27 14:20:00,2600.0,2600.0,2590.0,2600.0,117700
2026-02-27 14:25:00,2600.0,2600.0,2590.0,2600.0,48700
2026-02-27 14:30:00,2600.0,2600.0,2590.0,2600.0,45100
2026-02-27 14:35:00,2600.0,2600.0,2590.0,2590.0,34300
2026-02-27 14:40:00,2600.0,2600.0,2590.0,2600.0,155600
2026-02-27 14:45:00,2590.0,2600.0,2590.0,2600.0,66200
2026-02-27 14:50:00,2600.0,2610.0,2590.0,2600.0,255900
2026-02-27 14:55:00,2610.0,2610.0,2600.0,2610.0,20900
2026-02-27 15:00:00,2610.0,2610.0,2600.0,2600.0,61400
2026-02-27 15:05:00,2600.0,2610.0,2600.0,2600.0,41700
2026-02-27 15:10:00,2610.0,2610.0,2600.0,2610.0,21400
2026-02-27 15:15:00,2610.0,2610.0,2600.0,2600.0,83100
2026-02-27 15:20:00,2610.0,2610.0,2600.0,2610.0,54100
2026-02-27 15:25:00,2610.0,2610.0,2600.0,2600.0,93700
2026-02-27 15:30:00,2600.0,2610.0,2600.0,2610.0,68000
2026-02-27 15:35:00,2600.0,2610.0,2600.0,2610.0,216700
2026-02-27 15:40:00,2610.0,2610.0,2600.0,2600.0,220000
2026-02-27 15:45:00,2610.0,2610.0,2600.0,2600.0,476300
2026-02-27 16:00:00,2600.0,2600.0,2600.0,2600.0,2193300
2026-02-27 16:05:00,2600.0,2600.0,2600.0,2600.0,7700
2026-02-27 16:10:00,2600.0,2600.0,2600.0,2600.0,100
2026-03-02 09:00:00,2630.0,2640.0,2610.0,2630.0,0
2026-03-02 09:05:00,2620.0,2650.0,2620.0,2650.0,2877400
2026-03-02 09:10:00,2650.0,2660.0,2630.0,2630.0,2774700
2026-03-02 09:15:00,2640.0,2640.0,2620.0,2630.0,860100
2026-03-02 09:20:00,2620.0,2640.0,2620.0,2640.0,442400
2026-03-02 09:25:00,2640.0,2650.0,2630.0,2640.0,685800
2026-03-02 09:30:00,2650.0,2650.0,2640.0,2640.0,774900
2026-03-02 09:35:00,2650.0,2650.0,2640.0,2640.0,448800
2026-03-02 09:40:00,2640.0,2650.0,2640.0,2640.0,533200
2026-03-02 09:45:00,2650.0,2650.0,2640.0,2640.0,295500
2026-03-02 09:50:00,2650.0,2650.0,2640.0,2650.0,288500
2026-03-02 09:55:00,2640.0,2650.0,2640.0,2640.0,137400
2026-03-02 10:00:00,2640.0,2650.0,2640.0,2650.0,173100
2026-03-02 10:05:00,2650.0,2650.0,2640.0,2650.0,223400
2026-03-02 10:10:00,2650.0,2650.0,2640.0,2640.0,221800
2026-03-02 10:15:00,2640.0,2650.0,2630.0,2640.0,1274000
2026-03-02 10:20:00,2640.0,2640.0,2630.0,2630.0,245500
2026-03-02 10:25:00,2640.0,2660.0,2630.0,2660.0,2240100
2026-03-02 10:30:00,2660.0,2680.0,2650.0,2660.0,4039200
2026-03-02 10:35:00,2680.0,2680.0,2660.0,2670.0,274900
2026-03-02 10:40:00,2670.0,2680.0,2660.0,2680.0,976000
2026-03-02 10:45:00,2670.0,2680.0,2660.0,2670.0,1270100
2026-03-02 10:50:00,2670.0,2680.0,2660.0,2670.0,790100
2026-03-02 10:55:00,2670.0,2690.0,2670.0,2680.0,2420700
2026-03-02 11:00:00,2680.0,2690.0,2670.0,2680.0,891700
2026-03-02 11:05:00,2680.0,2690.0,2670.0,2680.0,1393300
2026-03-02 11:10:00,2680.0,2690.0,2670.0,2680.0,1248500
2026-03-02 11:15:00,2680.0,2690.0,2670.0,2680.0,1158400
2026-03-02 11:20:00,2680.0,2680.0,2670.0,2670.0,667900
2026-03-02 11:25:00,2670.0,2680.0,2670.0,2670.0,72100
2026-03-02 11:30:00,2680.0,2680.0,2670.0,2680.0,168200
2026-03-02 11:35:00,2670.0,2680.0,2670.0,2680.0,127800
2026-03-02 11:40:00,2670.0,2680.0,2670.0,2670.0,224900
2026-03-02 11:45:00,2670.0,2680.0,2670.0,2680.0,215300
2026-03-02 11:50:00,2680.0,2680.0,2670.0,2680.0,241100
2026-03-02 11:55:00,2670.0,2680.0,2670.0,2680.0,1433500
2026-03-02 13:30:00,2680.0,2710.0,2680.0,2700.0,7684000
2026-03-02 13:35:00,2700.0,2700.0,2690.0,2700.0,362800
2026-03-02 13:40:00,2690.0,2700.0,2690.0,2700.0,918800
2026-03-02 13:45:00,2700.0,2710.0,2690.0,2700.0,549800
2026-03-02 13:50:00,2700.0,2710.0,2690.0,2690.0,914400
2026-03-02 13:55:00,2690.0,2700.0,2690.0,2690.0,286100
2026-03-02 14:00:00,2690.0,2700.0,2690.0,2690.0,281300
2026-03-02 14:05:00,2700.0,2700.0,2690.0,2690.0,478800
2026-03-02 14:10:00,2700.0,2700.0,2690.0,2690.0,782900
2026-03-02 14:15:00,2700.0,2700.0,2690.0,2700.0,452200
2026-03-02 14:20:00,2690.0,2700.0,2690.0,2700.0,1634100
2026-03-02 14:25:00,2700.0,2700.0,2680.0,2700.0,230900
2026-03-02 14:30:00,2690.0,2700.0,2690.0,2690.0,298000
2026-03-02 14:35:00,2690.0,2700.0,2690.0,2690.0,279900
2026-03-02 14:40:00,2690.0,2700.0,2690.0,2700.0,228700
2026-03-02 14:45:00,2690.0,2700.0,2690.0,2700.0,201400
2026-03-02 14:50:00,2700.0,2700.0,2690.0,2700.0,456800
2026-03-02 14:55:00,2700.0,2700.0,2690.0,2690.0,466500
2026-03-02 15:00:00,2690.0,2700.0,2690.0,2690.0,434800
2026-03-02 15:05:00,2700.0,2720.0,2690.0,2710.0,4868800
2026-03-02 15:10:00,2710.0,2720.0,2710.0,2720.0,632300
2026-03-02 15:15:00,2720.0,2730.0,2710.0,2720.0,2628000
2026-03-02 15:20:00,2730.0,2730.0,2720.0,2730.0,492200
2026-03-02 15:25:00,2720.0,2730.0,2720.0,2720.0,414600
2026-03-02 15:30:00,2720.0,2730.0,2720.0,2720.0,1024400
2026-03-02 15:35:00,2730.0,2740.0,2720.0,2720.0,1208200
2026-03-02 15:40:00,2720.0,2730.0,2720.0,2720.0,362600
2026-03-02 15:45:00,2720.0,2740.0,2720.0,2730.0,1607800
2026-03-02 16:00:00,2750.0,2750.0,2750.0,2750.0,8372600
2026-03-02 16:05:00,2750.0,2750.0,2750.0,2750.0,98900
2026-03-02 16:10:00,2750.0,2750.0,2750.0,2750.0,320500
2026-03-03 09:00:00,2830.0,2920.0,2830.0,2870.0,0
2026-03-03 09:05:00,2870.0,2880.0,2870.0,2880.0,2146900
2026-03-03 09:10:00,2880.0,2880.0,2860.0,2870.0,4861700
2026-03-03 09:15:00,2870.0,2880.0,2860.0,2870.0,4245700
2026-03-03 09:20:00,2870.0,2880.0,2860.0,2880.0,2558800
2026-03-03 09:25:00,2880.0,2880.0,2860.0,2860.0,1293700
2026-03-03 09:30:00,2860.0,2870.0,2860.0,2870.0,824900
2026-03-03 09:35:00,2870.0,2870.0,2810.0,2830.0,6719800
2026-03-03 09:40:00,2840.0,2850.0,2820.0,2840.0,2352700
2026-03-03 09:45:00,2840.0,2850.0,2840.0,2840.0,436200
2026-03-03 09:50:00,2840.0,2850.0,2840.0,2840.0,783800
2026-03-03 09:55:00,2840.0,2850.0,2840.0,2840.0,432500
2026-03-03 10:00:00,2840.0,2870.0,2840.0,2860.0,3013200
2026-03-03 10:05:00,2870.0,2880.0,2860.0,2870.0,3065600
2026-03-03 10:10:00,2870.0,2870.0,2850.0,2870.0,2089900
2026-03-03 10:15:00,2860.0,2870.0,2860.0,2870.0,175600
2026-03-03 10:20:00,2870.0,2870.0,2860.0,2860.0,363300
2026-03-03 10:25:00,2870.0,2870.0,2860.0,2860.0,164100
2026-03-03 10:30:00,2870.0,2870.0,2860.0,2870.0,269600
2026-03-03 10:35:00,2860.0,2870.0,2850.0,2850.0,2352900
2026-03-03 10:40:00,2850.0,2860.0,2850.0,2850.0,876700
2026-03-03 10:45:00,2860.0,2860.0,2850.0,2860.0,812400
2026-03-03 10:50:00,2850.0,2860.0,2850.0,2850.0,1325700
2026-03-03 10:55:00,2850.0,2860.0,2850.0,2850.0,373800
2026-03-03 11:00:00,2850.0,2870.0,2850.0,2860.0,1299700
2026-03-03 11:05:00,2860.0,2870.0,2860.0,2860.0,108600
2026-03-03 11:10:00,2860.0,2870.0,2860.0,2860.0,474000
2026-03-03 11:15:00,2860.0,2870.0,2860.0,2860.0,465000
2026-03-03 11:20:00,2870.0,2880.0,2870.0,2880.0,4440400
2026-03-03 11:25:00,2880.0,2890.0,2870.0,2890.0,3619100
2026-03-03 11:30:00,2890.0,2900.0,2880.0,2880.0,3776200
2026-03-03 11:35:00,2890.0,2920.0,2880.0,2910.0,8378100
2026-03-03 11:40:00,2910.0,2920.0,2900.0,2910.0,2605200
2026-03-03 11:45:00,2910.0,2920.0,2900.0,2910.0,1376600
2026-03-03 11:50:00,2910.0,2940.0,2900.0,2940.0,5130900
2026-03-03 11:55:00,2930.0,2940.0,2930.0,2940.0,1197200
2026-03-03 13:30:00,2940.0,2940.0,2910.0,2910.0,5269700
2026-03-03 13:35:00,2910.0,2920.0,2880.0,2880.0,3173900
2026-03-03 13:40:00,2880.0,2910.0,2880.0,2900.0,2084600
2026-03-03 13:45:00,2900.0,2910.0,2890.0,2890.0,1137200
2026-03-03 13:50:00,2890.0,2910.0,2890.0,2900.0,1571000
2026-03-03 13:55:00,2910.0,2910.0,2900.0,2900.0,473900
2026-03-03 14:00:00,2910.0,2910.0,2900.0,2900.0,732500
2026-03-03 14:05:00,2900.0,2910.0,2870.0,2870.0,2625200
2026-03-03 14:10:00,2880.0,2890.0,2850.0,2880.0,2800900
2026-03-03 14:15:00,2880.0,2890.0,2870.0,2880.0,782900
2026-03-03 14:20:00,2890.0,2890.0,2880.0,2880.0,608700
2026-03-03 14:25:00,2890.0,2890.0,2880.0,2880.0,221800
2026-03-03 14:30:00,2880.0,2890.0,2880.0,2890.0,556400
2026-03-03 14:35:00,2880.0,2890.0,2880.0,2880.0,444200
2026-03-03 14:40:00,2890.0,2910.0,2880.0,2910.0,2718600
2026-03-03 14:45:00,2910.0,2910.0,2900.0,2900.0,210600
2026-03-03 14:50:00,2910.0,2910.0,2900.0,2900.0,616500
2026-03-03 14:55:00,2910.0,2910.0,2900.0,2900.0,480700
2026-03-03 15:00:00,2900.0,2910.0,2900.0,2900.0,2130800
2026-03-03 15:05:00,2900.0,2910.0,2890.0,2900.0,1089000
2026-03-03 15:10:00,2910.0,2910.0,2900.0,2910.0,292400
2026-03-03 15:15:00,2910.0,2920.0,2900.0,2920.0,2952800
2026-03-03 15:20:00,2920.0,2930.0,2910.0,2920.0,3832000
2026-03-03 15:25:00,2920.0,2920.0,2910.0,2910.0,2351400
2026-03-03 15:30:00,2910.0,2920.0,2900.0,2910.0,899100
2026-03-03 15:35:00,2910.0,2910.0,2900.0,2910.0,532100
2026-03-03 15:40:00,2900.0,2920.0,2900.0,2910.0,2821600
2026-03-03 15:45:00,2910.0,2920.0,2900.0,2910.0,1975200
2026-03-03 16:00:00,2920.0,2920.0,2920.0,2920.0,10701400
2026-03-03 16:05:00,2920.0,2920.0,2920.0,2920.0,561900
2026-03-03 16:10:00,2920.0,2920.0,2920.0,2920.0,20800
2026-03-04 09:00:00,2930.0,2950.0,2890.0,2930.0,0
2026-03-04 09:05:00,2930.0,2970.0,2930.0,2950.0,9590700
2026-03-04 09:10:00,2940.0,2950.0,2910.0,2940.0,3625400
2026-03-04 09:15:00,2950.0,2950.0,2910.0,2910.0,3139300
2026-03-04 09:20:00,2920.0,2940.0,2910.0,2910.0,3239200
2026-03-04 09:25:00,2910.0,2930.0,2900.0,2900.0,1566900
2026-03-04 09:30:00,2900.0,2950.0,2900.0,2950.0,4388100
2026-03-04 09:35:00,2940.0,2950.0,2940.0,2940.0,2011500
2026-03-04 09:40:00,2940.0,2940.0,2910.0,2920.0,1990300
2026-03-04 09:45:00,2920.0,2920.0,2900.0,2900.0,1418700
2026-03-04 09:50:00,2910.0,2910.0,2880.0,2900.0,2366100
2026-03-04 09:55:00,2890.0,2890.0,2850.0,2850.0,3124600
2026-03-04 10:00:00,2850.0,2900.0,2840.0,2870.0,3355500
2026-03-04 10:05:00,2880.0,2880.0,2850.0,2860.0,1218700
2026-03-04 10:10:00,2850.0,2890.0,2850.0,2880.0,1718200
2026-03-04 10:15:00,2880.0,2900.0,2860.0,2860.0,1088800
2026-03-04 10:20:00,2860.0,2870.0,2850.0,2850.0,1405000
2026-03-04 10:25:00,2850.0,2880.0,2830.0,2870.0,3461800
2026-03-04 10:30:00,2870.0,2900.0,2870.0,2900.0,1115400
2026-03-04 10:35:00,2890.0,2900.0,2880.0,2890.0,995700
2026-03-04 10:40:00,2900.0,2920.0,2890.0,2920.0,2188200
2026-03-04 10:45:00,2920.0,2920.0,2910.0,2910.0,443500
2026-03-04 10:50:00,2910.0,2920.0,2900.0,2910.0,799300
2026-03-04 10:55:00,2910.0,2920.0,2910.0,2910.0,380300
2026-03-04 11:00:00,2910.0,2920.0,2900.0,2900.0,760800
2026-03-04 11:05:00,2900.0,2910.0,2900.0,2900.0,379200
2026-03-04 11:10:00,2900.0,2910.0,2900.0,2910.0,238800
2026-03-04 11:15:00,2910.0,2910.0,2900.0,2910.0,536900
2026-03-04 11:20:00,2910.0,2910.0,2900.0,2900.0,221300
2026-03-04 11:25:00,2900.0,2910.0,2880.0,2880.0,1811700
2026-03-04 11:30:00,2890.0,2890.0,2870.0,2870.0,852900
2026-03-04 11:35:00,2880.0,2880.0,2870.0,2870.0,201300
2026-03-04 11:40:00,2870.0,2880.0,2860.0,2860.0,573500
2026-03-04 11:45:00,2870.0,2870.0,2860.0,2860.0,617700
2026-03-04 11:50:00,2850.0,2860.0,2830.0,2840.0,2198400
2026-03-04 11:55:00,2840.0,2850.0,2830.0,2840.0,712400
2026-03-04 13:30:00,2840.0,2850.0,2790.0,2800.0,6419700
2026-03-04 13:35:00,2800.0,2850.0,2800.0,2840.0,1777100
2026-03-04 13:40:00,2840.0,2860.0,2840.0,2860.0,911000
2026-03-04 13:45:00,2850.0,2860.0,2810.0,2820.0,1671500
2026-03-04 13:50:00,2820.0,2840.0,2820.0,2840.0,940900
2026-03-04 13:55:00,2830.0,2840.0,2830.0,2830.0,401800
2026-03-04 14:00:00,2830.0,2840.0,2830.0,2830.0,615200
2026-03-04 14:05:00,2840.0,2840.0,2820.0,2820.0,931400
2026-03-04 14:10:00,2820.0,2830.0,2810.0,2810.0,1181100
2026-03-04 14:15:00,2810.0,2810.0,2790.0,2810.0,2375600
2026-03-04 14:20:00,2810.0,2830.0,2800.0,2830.0,2683000
2026-03-04 14:25:00,2830.0,2840.0,2820.0,2830.0,1275000
2026-03-04 14:30:00,2830.0,2850.0,2830.0,2850.0,1066000
2026-03-04 14:35:00,2850.0,2850.0,2830.0,2840.0,665100
2026-03-04 14:40:00,2840.0,2860.0,2840.0,2840.0,921000
2026-03-04 14:45:00,2840.0,2860.0,2840.0,2850.0,908100
2026-03-04 14:50:00,2850.0,2860.0,2850.0,2850.0,1312000
2026-03-04 14:55:00,2850.0,2850.0,2840.0,2850.0,515400
2026-03-04 15:00:00,2850.0,2870.0,2850.0,2850.0,1120500
2026-03-04 15:05:00,2840.0,2860.0,2840.0,2860.0,751500
2026-03-04 15:10:00,2850.0,2860.0,2850.0,2850.0,766900
2026-03-04 15:15:00,2850.0,2860.0,2850.0,2860.0,706400
2026-03-04 15:20:00,2860.0,2860.0,2850.0,2850.0,564700
2026-03-04 15:25:00,2860.0,2870.0,2850.0,2860.0,1355600
2026-03-04 15:30:00,2860.0,2860.0,2850.0,2850.0,408800
2026-03-04 15:35:00,2860.0,2860.0,2850.0,2860.0,895900
2026-03-04 15:40:00,2860.0,2860.0,2830.0,2850.0,1635400
2026-03-04 15:45:00,2840.0,2850.0,2840.0,2840.0,784900
2026-03-04 16:00:00,2860.0,2860.0,2860.0,2860.0,8139800
2026-03-04 16:05:00,2860.0,2860.0,2860.0,2860.0,228000
2026-03-04 16:10:00,2860.0,2860.0,2860.0,2860.0,61400
2026-03-05 09:00:00,2870.0,2930.0,2860.0,2910.0,0
2026-03-05 09:05:00,2910.0,2910.0,2880.0,2890.0,2526800
2026-03-05 09:10:00,2880.0,2910.0,2880.0,2910.0,1850500
2026-03-05 09:15:00,2910.0,2920.0,2900.0,2910.0,1782600
2026-03-05 09:20:00,2910.0,2910.0,2880.0,2890.0,1523600
2026-03-05 09:25:00,2890.0,2910.0,2890.0,2890.0,954200
2026-03-05 09:30:00,2890.0,2910.0,2890.0,2910.0,1049000
2026-03-05 09:35:00,2910.0,2910.0,2900.0,2910.0,382800
2026-03-05 09:40:00,2910.0,2910.0,2900.0,2900.0,1024400
2026-03-05 09:45:00,2900.0,2900.0,2880.0,2880.0,849300
2026-03-05 09:50:00,2880.0,2890.0,2870.0,2890.0,1250300
2026-03-05 09:55:00,2890.0,2910.0,2880.0,2900.0,1610500
2026-03-05 10:00:00,2890.0,2900.0,2890.0,2900.0,199900
2026-03-05 10:05:00,2890.0,2900.0,2890.0,2900.0,674000
2026-03-05 10:10:00,2910.0,2910.0,2900.0,2900.0,483000
2026-03-05 10:15:00,2910.0,2910.0,2900.0,2910.0,414200
2026-03-05 10:20:00,2910.0,2910.0,2900.0,2900.0,304800
2026-03-05 10:25:00,2900.0,2910.0,2900.0,2900.0,152600
2026-03-05 10:30:00,2900.0,2900.0,2890.0,2890.0,1159400
2026-03-05 10:35:00,2900.0,2900.0,2890.0,2900.0,107100
2026-03-05 10:40:00,2890.0,2900.0,2890.0,2890.0,439700
2026-03-05 10:45:00,2890.0,2900.0,2890.0,2890.0,132800
2026-03-05 10:50:00,2890.0,2900.0,2890.0,2900.0,543600
2026-03-05 10:55:00,2890.0,2900.0,2890.0,2890.0,147500
2026-03-05 11:00:00,2890.0,2900.0,2890.0,2900.0,821200
2026-03-05 11:05:00,2890.0,2900.0,2890.0,2900.0,101800
2026-03-05 11:10:00,2890.0,2900.0,2890.0,2890.0,293000
2026-03-05 11:15:00,2890.0,2900.0,2890.0,2890.0,295200
2026-03-05 11:20:00,2890.0,2900.0,2890.0,2900.0,135100
2026-03-05 11:25:00,2900.0,2900.0,2890.0,2900.0,531800
2026-03-05 11:30:00,2890.0,2900.0,2890.0,2900.0,372300
2026-03-05 11:35:00,2890.0,2900.0,2890.0,2900.0,429600
2026-03-05 11:40:00,2900.0,2900.0,2890.0,2900.0,78200
2026-03-05 11:45:00,2890.0,2900.0,2890.0,2900.0,588600
2026-03-05 11:50:00,2900.0,2910.0,2890.0,2910.0,1291700
2026-03-05 11:55:00,2910.0,2920.0,2900.0,2910.0,2327200
2026-03-05 13:30:00,2910.0,2920.0,2890.0,2900.0,3921700
2026-03-05 13:35:00,2900.0,2920.0,2900.0,2910.0,362400
2026-03-05 13:40:00,2910.0,2920.0,2910.0,2910.0,975600
2026-03-05 13:45:00,2910.0,2940.0,2910.0,2930.0,6366600
2026-03-05 13:50:00,2940.0,2950.0,2930.0,2940.0,5798500
2026-03-05 13:55:00,2950.0,2960.0,2940.0,2960.0,4093900
2026-03-05 14:00:00,2960.0,2970.0,2950.0,2960.0,3657100
2026-03-05 14:05:00,2960.0,2970.0,2950.0,2960.0,1525800
2026-03-05 14:10:00,2960.0,2960.0,2930.0,2940.0,1599500
2026-03-05 14:15:00,2940.0,2950.0,2940.0,2940.0,334100
2026-03-05 14:20:00,2940.0,2950.0,2940.0,2940.0,790600
2026-03-05 14:25:00,2950.0,2950.0,2940.0,2940.0,452400
2026-03-05 14:30:00,2950.0,2960.0,2940.0,2950.0,2007200
2026-03-05 14:35:00,2950.0,2960.0,2940.0,2940.0,287800
2026-03-05 14:40:00,2950.0,2960.0,2940.0,2960.0,568000
2026-03-05 14:45:00,2960.0,2960.0,2940.0,2940.0,2074200
2026-03-05 14:50:00,2940.0,2950.0,2930.0,2940.0,532100
2026-03-05 14:55:00,2940.0,2940.0,2930.0,2940.0,511400
2026-03-05 15:00:00,2940.0,2940.0,2930.0,2940.0,320000
2026-03-05 15:05:00,2930.0,2950.0,2930.0,2940.0,629900
2026-03-05 15:10:00,2940.0,2950.0,2930.0,2930.0,876000
2026-03-05 15:15:00,2930.0,2940.0,2920.0,2920.0,1253100
2026-03-05 15:20:00,2930.0,2940.0,2920.0,2930.0,309600
2026-03-05 15:25:00,2940.0,2940.0,2930.0,2930.0,507100
2026-03-05 15:30:00,2940.0,2950.0,2930.0,2940.0,925800
2026-03-05 15:35:00,2940.0,2950.0,2930.0,2940.0,1316900
2026-03-05 15:40:00,2930.0,2940.0,2930.0,2930.0,1029300
2026-03-05 15:45:00,2930.0,2940.0,2930.0,2930.0,681300
2026-03-05 16:00:00,2970.0,2970.0,2970.0,2970.0,10975600
2026-03-05 16:05:00,2970.0,2970.0,2970.0,2970.0,218500
2026-03-05 16:10:00,2970.0,2970.0,2970.0,2970.0,4300
2026-03-06 09:00:00,2970.0,2980.0,2940.0,2950.0,0
2026-03-06 09:05:00,2940.0,2960.0,2930.0,2930.0,1671900
2026-03-06 09:10:00,2930.0,2930.0,2910.0,2920.0,932700
2026-03-06 09:15:00,2920.0,2930.0,2910.0,2920.0,365000
2026-03-06 09:20:00,2930.0,2930.0,2920.0,2930.0,172200
2026-03-06 09:25:00,2930.0,2940.0,2930.0,2940.0,864300
2026-03-06 09:30:00,2940.0,2950.0,2930.0,2950.0,517100
2026-03-06 09:35:00,2950.0,2950.0,2930.0,2930.0,1363000
2026-03-06 09:40:00,2930.0,2940.0,2920.0,2930.0,1569300
2026-03-06 09:45:00,2940.0,2970.0,2930.0,2960.0,3869700
2026-03-06 09:50:00,2960.0,2980.0,2960.0,2970.0,2968700
2026-03-06 09:55:00,2970.0,2980.0,2960.0,2960.0,1395100
2026-03-06 10:00:00,2970.0,2970.0,2960.0,2960.0,974700
2026-03-06 10:05:00,2960.0,2980.0,2960.0,2980.0,855500
2026-03-06 10:10:00,2980.0,2990.0,2970.0,2990.0,3355300
2026-03-06 10:15:00,2990.0,2990.0,2960.0,2970.0,5369600
2026-03-06 10:20:00,2970.0,2970.0,2960.0,2960.0,192900
2026-03-06 10:25:00,2960.0,2970.0,2950.0,2950.0,1790800
2026-03-06 10:30:00,2960.0,2960.0,2940.0,2950.0,1200100
2026-03-06 10:35:00,2950.0,2960.0,2950.0,2950.0,280000
2026-03-06 10:40:00,2950.0,2970.0,2950.0,2960.0,828000
2026-03-06 10:45:00,2960.0,2970.0,2960.0,2970.0,117900
2026-03-06 10:50:00,2970.0,2980.0,2960.0,2970.0,845900
2026-03-06 10:55:00,2970.0,2980.0,2970.0,2980.0,443800
2026-03-06 11:00:00,2980.0,2980.0,2970.0,2980.0,616500
2026-03-06 11:05:00,2980.0,2980.0,2970.0,2970.0,479300
2026-03-06 11:10:00,2980.0,2980.0,2960.0,2960.0,2609000
2026-03-06 11:15:00,2970.0,2970.0,2960.0,2970.0,434000
2026-03-06 11:20:00,2970.0,2970.0,2960.0,2960.0,299500
2026-03-06 11:25:00,2960.0,2970.0,2960.0,2960.0,267100
2026-03-06 14:00:00,2970.0,2970.0,2960.0,2960.0,2653600
2026-03-06 14:05:00,2960.0,2970.0,2960.0,2970.0,1306500
2026-03-06 14:10:00,2970.0,2970.0,2960.0,2970.0,235200
2026-03-06 14:15:00,2970.0,2970.0,2960.0,2970.0,619600
2026-03-06 14:20:00,2970.0,2970.0,2960.0,2970.0,1091200
2026-03-06 14:25:00,2970.0,2980.0,2960.0,2970.0,1551100
2026-03-06 14:30:00,2980.0,2980.0,2970.0,2980.0,1710100
2026-03-06 14:35:00,2980.0,2980.0,2970.0,2980.0,684600
2026-03-06 14:40:00,2970.0,2990.0,2970.0,2980.0,2037900
2026-03-06 14:45:00,2980.0,2990.0,2980.0,2990.0,1313100
2026-03-06 14:50:00,2990.0,3000.0,2980.0,2990.0,19861000
2026-03-06 14:55:00,3000.0,3000.0,2990.0,3000.0,1357200
2026-03-06 15:00:00,3000.0,3010.0,2980.0,2990.0,3040900
2026-03-06 15:05:00,2980.0,2990.0,2960.0,2970.0,2984900
2026-03-06 15:10:00,2970.0,2970.0,2960.0,2970.0,432200
2026-03-06 15:15:00,2970.0,2970.0,2960.0,2960.0,719600
2026-03-06 15:20:00,2970.0,2970.0,2960.0,2970.0,353600
2026-03-06 15:25:00,2970.0,2970.0,2960.0,2960.0,843000
2026-03-06 15:30:00,2970.0,2980.0,2960.0,2980.0,534500
2026-03-06 15:35:00,2980.0,2980.0,2970.0,2980.0,728300
2026-03-06 15:40:00,2980.0,2980.0,2970.0,2980.0,745300
2026-03-06 15:45:00,2980.0,2990.0,2970.0,2980.0,2493600
2026-03-06 16:00:00,2980.0,2980.0,2980.0,2980.0,6303200
2026-03-06 16:05:00,2980.0,2980.0,2980.0,2980.0,239600
2026-03-06 16:10:00,2980.0,2980.0,2980.0,2980.0,20900
2026-03-09 09:00:00,2990.0,2990.0,2910.0,2950.0,0
2026-03-09 09:05:00,2940.0,2950.0,2850.0,2880.0,9180900
2026-03-09 09:10:00,2880.0,2910.0,2860.0,2900.0,3842400
2026-03-09 09:15:00,2900.0,2940.0,2900.0,2930.0,1975200
2026-03-09 09:20:00,2930.0,2940.0,2880.0,2900.0,2111000
2026-03-09 09:25:00,2900.0,2910.0,2870.0,2880.0,1343200
2026-03-09 09:30:00,2890.0,2890.0,2850.0,2860.0,3755100
2026-03-09 09:35:00,2850.0,2890.0,2840.0,2880.0,4155700
2026-03-09 09:40:00,2880.0,2910.0,2880.0,2900.0,1356000
2026-03-09 09:45:00,2910.0,2930.0,2900.0,2930.0,2105200
2026-03-09 09:50:00,2920.0,2930.0,2910.0,2910.0,2398600
2026-03-09 09:55:00,2910.0,2920.0,2900.0,2910.0,530300
2026-03-09 10:00:00,2910.0,2920.0,2900.0,2920.0,400200
2026-03-09 10:05:00,2910.0,2920.0,2900.0,2900.0,270300
2026-03-09 10:10:00,2900.0,2910.0,2890.0,2900.0,947900
2026-03-09 10:15:00,2900.0,2900.0,2890.0,2890.0,127800
2026-03-09 10:20:00,2900.0,2900.0,2890.0,2900.0,260400
2026-03-09 10:25:00,2900.0,2900.0,2890.0,2890.0,598800
2026-03-09 10:30:00,2890.0,2900.0,2890.0,2890.0,225500
2026-03-09 10:35:00,2890.0,2900.0,2890.0,2890.0,290000
2026-03-09 10:40:00,2890.0,2910.0,2890.0,2910.0,480600
2026-03-09 10:45:00,2900.0,2910.0,2900.0,2910.0,365100
2026-03-09 10:50:00,2910.0,2910.0,2900.0,2900.0,389400
2026-03-09 10:55:00,2910.0,2910.0,2890.0,2900.0,468100
2026-03-09 11:00:00,2890.0,2900.0,2890.0,2900.0,622200
2026-03-09 11:05:00,2890.0,2900.0,2890.0,2890.0,184200
2026-03-09 11:10:00,2900.0,2910.0,2890.0,2910.0,310700
2026-03-09 11:15:00,2910.0,2910.0,2890.0,2910.0,626600
2026-03-09 11:20:00,2900.0,2910.0,2900.0,2900.0,423100
2026-03-09 11:25:00,2900.0,2910.0,2900.0,2910.0,267400
2026-03-09 11:30:00,2910.0,2920.0,2900.0,2910.0,354500
2026-03-09 11:35:00,2910.0,2920.0,2910.0,2910.0,235800
2026-03-09 11:40:00,2910.0,2920.0,2910.0,2920.0,339900
2026-03-09 11:45:00,2920.0,2920.0,2910.0,2920.0,77300
2026-03-09 11:50:00,2910.0,2920.0,2910.0,2910.0,331900
2026-03-09 11:55:00,2920.0,2930.0,2920.0,2930.0,206500
2026-03-09 13:30:00,2930.0,2930.0,2910.0,2930.0,1032700
2026-03-09 13:35:00,2920.0,2930.0,2920.0,2920.0,83600
2026-03-09 13:40:00,2920.0,2930.0,2920.0,2920.0,107200
2026-03-09 13:45:00,2920.0,2930.0,2920.0,2930.0,911500
2026-03-09 13:50:00,2930.0,2940.0,2920.0,2940.0,368800
2026-03-09 13:55:00,2940.0,2940.0,2930.0,2940.0,147900
2026-03-09 14:00:00,2930.0,2940.0,2920.0,2920.0,1064600
2026-03-09 14:05:00,2920.0,2930.0,2920.0,2930.0,215200
2026-03-09 14:10:00,2930.0,2940.0,2920.0,2930.0,1135300
2026-03-09 14:15:00,2930.0,2940.0,2930.0,2930.0,677900
2026-03-09 14:20:00,2940.0,2940.0,2930.0,2930.0,297700
2026-03-09 14:25:00,2930.0,2940.0,2930.0,2940.0,180500
2026-03-09 14:30:00,2940.0,2940.0,2930.0,2930.0,122400
2026-03-09 14:35:00,2930.0,2940.0,2930.0,2930.0,252000
2026-03-09 14:40:00,2940.0,2940.0,2930.0,2930.0,593700
2026-03-09 14:45:00,2930.0,2940.0,2930.0,2930.0,169700
2026-03-09 14:50:00,2930.0,2940.0,2930.0,2930.0,558300
2026-03-09 14:55:00,2930.0,2940.0,2930.0,2930.0,234000
2026-03-09 15:00:00,2940.0,2940.0,2920.0,2930.0,1018100
2026-03-09 15:05:00,2920.0,2930.0,2920.0,2920.0,324100
2026-03-09 15:10:00,2920.0,2930.0,2920.0,2930.0,373400
2026-03-09 15:15:00,2920.0,2930.0,2920.0,2920.0,419800
2026-03-09 15:20:00,2920.0,2930.0,2920.0,2930.0,308300
2026-03-09 15:25:00,2930.0,2930.0,2920.0,2930.0,304800
2026-03-09 15:30:00,2920.0,2930.0,2920.0,2920.0,1394600
2026-03-09 15:35:00,2930.0,2940.0,2920.0,2930.0,635900
2026-03-09 15:40:00,2940.0,2940.0,2930.0,2930.0,2217300
2026-03-09 15:45:00,2920.0,2940.0,2920.0,2940.0,725400
2026-03-09 16:00:00,2950.0,2950.0,2950.0,2950.0,9627200
2026-03-09 16:05:00,2950.0,2950.0,2950.0,2950.0,77300
2026-03-09 16:10:00,2950.0,2950.0,2950.0,2950.0,41600
2026-03-10 09:00:00,2930.0,2950.0,2910.0,2940.0,0
2026-03-10 09:05:00,2940.0,2940.0,2890.0,2900.0,1359100
2026-03-10 09:10:00,2900.0,2930.0,2890.0,2920.0,1015800
2026-03-10 09:15:00,2910.0,2930.0,2910.0,2930.0,402900
2026-03-10 09:20:00,2930.0,2930.0,2900.0,2910.0,500600
2026-03-10 09:25:00,2910.0,2910.0,2900.0,2900.0,180300
2026-03-10 09:30:00,2900.0,2910.0,2890.0,2900.0,1087400
2026-03-10 09:35:00,2890.0,2910.0,2890.0,2910.0,444600
2026-03-10 09:40:00,2900.0,2910.0,2890.0,2900.0,413500
2026-03-10 09:45:00,2910.0,2910.0,2900.0,2900.0,351100
2026-03-10 09:50:00,2900.0,2910.0,2900.0,2910.0,201200
2026-03-10 09:55:00,2910.0,2910.0,2900.0,2900.0,110500
2026-03-10 10:00:00,2900.0,2910.0,2900.0,2910.0,132300
2026-03-10 10:05:00,2900.0,2910.0,2900.0,2900.0,186600
2026-03-10 10:10:00,2900.0,2920.0,2900.0,2910.0,1044500
2026-03-10 10:15:00,2920.0,2920.0,2910.0,2920.0,163400
2026-03-10 10:20:00,2920.0,2930.0,2910.0,2930.0,553100
2026-03-10 10:25:00,2920.0,2930.0,2920.0,2920.0,159200
2026-03-10 10:30:00,2920.0,2930.0,2920.0,2920.0,24100
2026-03-10 10:35:00,2930.0,2930.0,2920.0,2930.0,1008200
2026-03-10 10:40:00,2930.0,2930.0,2920.0,2920.0,122500
2026-03-10 10:45:00,2920.0,2930.0,2920.0,2930.0,48800
2026-03-10 10:50:00,2930.0,2930.0,2920.0,2930.0,160700
2026-03-10 10:55:00,2930.0,2930.0,2920.0,2920.0,34800
2026-03-10 11:00:00,2920.0,2930.0,2920.0,2920.0,153600
2026-03-10 11:05:00,2920.0,2930.0,2920.0,2920.0,34600
2026-03-10 11:10:00,2930.0,2930.0,2920.0,2930.0,31300
2026-03-10 11:15:00,2930.0,2930.0,2920.0,2920.0,193800
2026-03-10 11:20:00,2930.0,2930.0,2920.0,2920.0,22500
2026-03-10 11:25:00,2930.0,2930.0,2910.0,2910.0,1012600
2026-03-10 11:30:00,2910.0,2920.0,2910.0,2910.0,237400
2026-03-10 11:35:00,2910.0,2920.0,2900.0,2900.0,392900
2026-03-10 11:40:00,2910.0,2910.0,2900.0,2910.0,57700
2026-03-10 11:45:00,2910.0,2910.0,2900.0,2910.0,38800
2026-03-10 11:50:00,2910.0,2920.0,2910.0,2920.0,125200
2026-03-10 11:55:00,2910.0,2920.0,2900.0,2910.0,146900
2026-03-10 13:30:00,2910.0,2920.0,2900.0,2900.0,512400
2026-03-10 13:35:00,2900.0,2920.0,2900.0,2910.0,498600
2026-03-10 13:40:00,2910.0,2920.0,2910.0,2920.0,38500
2026-03-10 13:45:00,2920.0,2920.0,2910.0,2920.0,45500
2026-03-10 13:50:00,2910.0,2920.0,2910.0,2910.0,48600
2026-03-10 13:55:00,2910.0,2920.0,2910.0,2910.0,173200
2026-03-10 14:00:00,2920.0,2920.0,2910.0,2920.0,129500
2026-03-10 14:05:00,2910.0,2920.0,2910.0,2920.0,192400
2026-03-10 14:10:00,2910.0,2920.0,2910.0,2920.0,125000
2026-03-10 14:15:00,2920.0,2940.0,2910.0,2930.0,1603500
2026-03-10 14:20:00,2940.0,2940.0,2930.0,2940.0,52100
2026-03-10 14:25:00,2940.0,2940.0,2930.0,2940.0,93400
2026-03-10 14:30:00,2930.0,2940.0,2930.0,2940.0,96500
2026-03-10 14:35:00,2930.0,2940.0,2930.0,2940.0,160700
2026-03-10 14:40:00,2930.0,2940.0,2930.0,2940.0,26100
2026-03-10 14:45:00,2940.0,2940.0,2930.0,2940.0,310200
2026-03-10 14:50:00,2940.0,2940.0,2930.0,2940.0,383500
2026-03-10 14:55:00,2940.0,2940.0,2930.0,2940.0,124000
2026-03-10 15:00:00,2940.0,2940.0,2930.0,2930.0,221900
2026-03-10 15:05:00,2940.0,2940.0,2930.0,2940.0,117300
2026-03-10 15:10:00,2940.0,2940.0,2930.0,2940.0,122300
2026-03-10 15:15:00,2940.0,2940.0,2930.0,2940.0,231700
2026-03-10 15:20:00,2940.0,2940.0,2930.0,2940.0,149400
2026-03-10 15:25:00,2940.0,2940.0,2930.0,2940.0,104300
2026-03-10 15:30:00,2940.0,2940.0,2930.0,2940.0,175300
2026-03-10 15:35:00,2940.0,2940.0,2930.0,2940.0,116900
2026-03-10 15:40:00,2930.0,2950.0,2930.0,2940.0,1234200
2026-03-10 15:45:00,2930.0,2940.0,2930.0,2930.0,361000
2026-03-10 16:00:00,2950.0,2950.0,2950.0,2950.0,5235000
2026-03-10 16:05:00,2950.0,2950.0,2950.0,2950.0,34700
2026-03-10 16:10:00,2950.0,2950.0,2950.0,2950.0,26600
2026-03-11 09:00:00,2930.0,2940.0,2910.0,2920.0,0
2026-03-11 09:05:00,2930.0,2950.0,2920.0,2940.0,338300
2026-03-11 09:10:00,2940.0,2950.0,2930.0,2940.0,435200
2026-03-11 09:15:00,2940.0,2950.0,2930.0,2940.0,135100
2026-03-11 09:20:00,2930.0,2950.0,2930.0,2940.0,984100
2026-03-11 09:25:00,2940.0,2950.0,2940.0,2940.0,132200
2026-03-11 09:30:00,2950.0,2950.0,2930.0,2950.0,232800
2026-03-11 09:35:00,2950.0,2950.0,2930.0,2940.0,44400
2026-03-11 09:40:00,2940.0,2940.0,2930.0,2940.0,119200
2026-03-11 09:45:00,2930.0,2940.0,2930.0,2930.0,329400
2026-03-11 09:50:00,2930.0,2940.0,2920.0,2930.0,122300
2026-03-11 09:55:00,2930.0,2930.0,2920.0,2930.0,213100
2026-03-11 10:00:00,2920.0,2940.0,2920.0,2930.0,755700
2026-03-11 10:05:00,2930.0,2940.0,2930.0,2940.0,87400
2026-03-11 10:10:00,2930.0,2940.0,2930.0,2940.0,256400
2026-03-11 10:15:00,2940.0,2940.0,2930.0,2940.0,147300
2026-03-11 10:20:00,2940.0,2940.0,2930.0,2930.0,217200
2026-03-11 10:25:00,2940.0,2940.0,2930.0,2930.0,177200
2026-03-11 10:30:00,2940.0,2940.0,2930.0,2940.0,54500
2026-03-11 10:35:00,2940.0,2940.0,2930.0,2930.0,64600
2026-03-11 10:40:00,2930.0,2940.0,2930.0,2930.0,49800
2026-03-11 10:45:00,2930.0,2940.0,2930.0,2940.0,151700
2026-03-11 10:50:00,2940.0,2940.0,2930.0,2940.0,132000
2026-03-11 10:55:00,2940.0,2940.0,2920.0,2920.0,433900
2026-03-11 11:00:00,2920.0,2920.0,2910.0,2920.0,670500
2026-03-11 11:05:00,2920.0,2920.0,2910.0,2910.0,59900
2026-03-11 11:10:00,2910.0,2920.0,2910.0,2910.0,19800
2026-03-11 11:15:00,2920.0,2920.0,2910.0,2910.0,35000
2026-03-11 11:20:00,2910.0,2920.0,2910.0,2910.0,129800
2026-03-11 11:25:00,2910.0,2920.0,2910.0,2910.0,109500
2026-03-11 11:30:00,2910.0,2920.0,2910.0,2910.0,203000
2026-03-11 11:35:00,2910.0,2910.0,2900.0,2910.0,122000
2026-03-11 11:40:00,2910.0,2910.0,2900.0,2900.0,30400
2026-03-11 11:45:00,2900.0,2910.0,2900.0,2910.0,1504000
2026-03-11 11:50:00,2900.0,2910.0,2890.0,2910.0,1133900
2026-03-11 11:55:00,2910.0,2910.0,2890.0,2900.0,172800
2026-03-11 13:30:00,2900.0,2900.0,2890.0,2900.0,306100
2026-03-11 13:35:00,2890.0,2900.0,2880.0,2890.0,3217700
2026-03-11 13:40:00,2880.0,2890.0,2850.0,2860.0,2324000
2026-03-11 13:45:00,2870.0,2880.0,2860.0,2870.0,721800
2026-03-11 13:50:00,2880.0,2880.0,2870.0,2870.0,377500
2026-03-11 13:55:00,2870.0,2880.0,2870.0,2870.0,186200
2026-03-11 14:00:00,2880.0,2880.0,2870.0,2880.0,145300
2026-03-11 14:05:00,2880.0,2880.0,2870.0,2870.0,110900
2026-03-11 14:10:00,2880.0,2880.0,2860.0,2880.0,828100
2026-03-11 14:15:00,2880.0,2880.0,2860.0,2860.0,1637700
2026-03-11 14:20:00,2870.0,2870.0,2860.0,2870.0,143100
2026-03-11 14:25:00,2860.0,2870.0,2860.0,2870.0,105500
2026-03-11 14:30:00,2870.0,2880.0,2860.0,2870.0,398700
2026-03-11 14:35:00,2870.0,2880.0,2870.0,2880.0,263300
2026-03-11 14:40:00,2880.0,2880.0,2870.0,2880.0,282000
2026-03-11 14:45:00,2880.0,2890.0,2880.0,2890.0,39800
2026-03-11 14:50:00,2890.0,2890.0,2880.0,2890.0,174100
2026-03-11 14:55:00,2890.0,2890.0,2880.0,2880.0,49800
2026-03-11 15:00:00,2880.0,2890.0,2880.0,2880.0,165500
2026-03-11 15:05:00,2880.0,2890.0,2880.0,2880.0,80400
2026-03-11 15:10:00,2890.0,2890.0,2880.0,2880.0,26400
2026-03-11 15:15:00,2880.0,2890.0,2880.0,2890.0,215300
2026-03-11 15:20:00,2890.0,2890.0,2880.0,2880.0,55800
2026-03-11 15:25:00,2880.0,2890.0,2880.0,2890.0,183700
2026-03-11 15:30:00,2890.0,2890.0,2880.0,2880.0,91400
2026-03-11 15:35:00,2880.0,2890.0,2880.0,2890.0,364800
2026-03-11 15:40:00,2890.0,2890.0,2870.0,2880.0,913900
2026-03-11 15:45:00,2880.0,2880.0,2870.0,2880.0,452100
2026-03-11 16:00:00,2870.0,2870.0,2870.0,2870.0,723000
2026-03-11 16:05:00,2870.0,2870.0,2870.0,2870.0,20600
2026-03-11 16:10:00,2870.0,2870.0,2870.0,2870.0,10500
2026-03-12 09:00:00,2870.0,2920.0,2870.0,2910.0,0
2026-03-12 09:05:00,2910.0,2920.0,2880.0,2910.0,1073300
2026-03-12 09:10:00,2900.0,2910.0,2900.0,2900.0,378000
2026-03-12 09:15:00,2900.0,2900.0,2890.0,2900.0,247800
2026-03-12 09:20:00,2890.0,2910.0,2890.0,2900.0,867900
2026-03-12 09:25:00,2900.0,2910.0,2890.0,2900.0,623200
2026-03-12 09:30:00,2900.0,2900.0,2890.0,2890.0,131700
2026-03-12 09:35:00,2900.0,2900.0,2890.0,2890.0,97400
2026-03-12 09:40:00,2900.0,2900.0,2890.0,2890.0,85000
2026-03-12 09:45:00,2890.0,2910.0,2890.0,2900.0,609100
2026-03-12 09:50:00,2910.0,2910.0,2900.0,2900.0,213400
2026-03-12 09:55:00,2910.0,2930.0,2910.0,2930.0,2374000
2026-03-12 10:00:00,2930.0,2930.0,2900.0,2930.0,765600
2026-03-12 10:05:00,2930.0,2930.0,2910.0,2920.0,251700
2026-03-12 10:10:00,2920.0,2930.0,2920.0,2930.0,58700
2026-03-12 10:15:00,2930.0,2930.0,2920.0,2920.0,504000
2026-03-12 10:20:00,2920.0,2930.0,2920.0,2920.0,210000
2026-03-12 10:25:00,2920.0,2930.0,2920.0,2920.0,50600
2026-03-12 10:30:00,2920.0,2930.0,2920.0,2920.0,162500
2026-03-12 10:35:00,2920.0,2930.0,2920.0,2920.0,33600
2026-03-12 10:40:00,2920.0,2930.0,2920.0,2920.0,337900
2026-03-12 10:45:00,2920.0,2920.0,2910.0,2910.0,97500
2026-03-12 10:50:00,2910.0,2920.0,2910.0,2910.0,92700
2026-03-12 10:55:00,2910.0,2920.0,2910.0,2910.0,40900
2026-03-12 11:00:00,2910.0,2920.0,2910.0,2910.0,262700
2026-03-12 11:05:00,2920.0,2920.0,2910.0,2910.0,67900
2026-03-12 11:10:00,2920.0,2920.0,2910.0,2910.0,36000
2026-03-12 11:15:00,2920.0,2920.0,2910.0,2920.0,196200
2026-03-12 11:20:00,2920.0,2920.0,2910.0,2920.0,99700
2026-03-12 11:25:00,2920.0,2920.0,2910.0,2920.0,229000
2026-03-12 11:30:00,2920.0,2920.0,2910.0,2920.0,195500
2026-03-12 11:35:00,2920.0,2920.0,2910.0,2920.0,104900
2026-03-12 11:40:00,2910.0,2920.0,2910.0,2910.0,63900
2026-03-12 11:45:00,2910.0,2920.0,2910.0,2920.0,242800
2026-03-12 11:50:00,2920.0,2920.0,2910.0,2920.0,462500
2026-03-12 11:55:00,2920.0,2920.0,2900.0,2910.0,280800
2026-03-12 13:30:00,2900.0,2920.0,2900.0,2920.0,258400
2026-03-12 13:35:00,2910.0,2920.0,2910.0,2910.0,122500
2026-03-12 13:40:00,2920.0,2920.0,2910.0,2920.0,75900
2026-03-12 13:45:00,2920.0,2920.0,2910.0,2920.0,226400
2026-03-12 13:50:00,2920.0,2920.0,2910.0,2910.0,175800
2026-03-12 13:55:00,2910.0,2920.0,2910.0,2920.0,153800
2026-03-12 14:00:00,2910.0,2920.0,2910.0,2920.0,146900
2026-03-12 14:05:00,2920.0,2920.0,2910.0,2910.0,118300
2026-03-12 14:10:00,2920.0,2920.0,2910.0,2910.0,259000
2026-03-12 14:15:00,2920.0,2920.0,2910.0,2920.0,106800
2026-03-12 14:20:00,2920.0,2920.0,2910.0,2920.0,108400
2026-03-12 14:25:00,2920.0,2920.0,2910.0,2910.0,291400
2026-03-12 14:30:00,2920.0,2920.0,2910.0,2920.0,155100
2026-03-12 14:35:00,2910.0,2920.0,2910.0,2920.0,128900
2026-03-12 14:40:00,2920.0,2920.0,2910.0,2920.0,131000
2026-03-12 14:45:00,2910.0,2920.0,2910.0,2920.0,178200
2026-03-12 14:50:00,2920.0,2920.0,2910.0,2920.0,102300
2026-03-12 14:55:00,2910.0,2920.0,2910.0,2920.0,265200
2026-03-12 15:00:00,2910.0,2920.0,2910.0,2920.0,90700
2026-03-12 15:05:00,2920.0,2920.0,2910.0,2920.0,153900
2026-03-12 15:10:00,2920.0,2920.0,2910.0,2910.0,297700
2026-03-12 15:15:00,2910.0,2920.0,2910.0,2920.0,402600
2026-03-12 15:20:00,2910.0,2920.0,2910.0,2910.0,210900
2026-03-12 15:25:00,2910.0,2920.0,2910.0,2910.0,215100
2026-03-12 15:30:00,2920.0,2920.0,2890.0,2900.0,1704100
2026-03-12 15:35:00,2910.0,2910.0,2900.0,2900.0,865400
2026-03-12 15:40:00,2900.0,2910.0,2890.0,2900.0,1260600
2026-03-12 15:45:00,2890.0,2900.0,2890.0,2900.0,957600
2026-03-12 16:00:00,2910.0,2910.0,2910.0,2910.0,3831500
2026-03-12 16:05:00,2910.0,2910.0,2910.0,2910.0,36600
2026-03-12 16:10:00,2910.0,2910.0,2910.0,2910.0,102300
2026-03-13 09:00:00,2930.0,2940.0,2910.0,2920.0,0
2026-03-13 09:05:00,2920.0,2930.0,2910.0,2930.0,1286600
2026-03-13 09:10:00,2930.0,2930.0,2920.0,2920.0,893800
2026-03-13 09:15:00,2920.0,2920.0,2910.0,2920.0,110100
2026-03-13 09:20:00,2910.0,2920.0,2910.0,2920.0,97700
2026-03-13 09:25:00,2920.0,2920.0,2900.0,2910.0,357200
2026-03-13 09:30:00,2900.0,2920.0,2900.0,2910.0,428700
2026-03-13 09:35:00,2910.0,2920.0,2910.0,2910.0,87600
2026-03-13 09:40:00,2920.0,2920.0,2910.0,2920.0,82400
2026-03-13 09:45:00,2920.0,2920.0,2910.0,2920.0,193600
2026-03-13 09:50:00,2920.0,2920.0,2910.0,2910.0,92000
2026-03-13 09:55:00,2920.0,2920.0,2910.0,2920.0,170100
2026-03-13 10:00:00,2920.0,2920.0,2910.0,2920.0,1600
2026-03-13 10:05:00,2920.0,2920.0,2910.0,2920.0,44600
2026-03-13 10:10:00,2920.0,2920.0,2910.0,2920.0,44600
2026-03-13 10:15:00,2910.0,2920.0,2910.0,2920.0,61300
2026-03-13 10:20:00,2910.0,2920.0,2900.0,2910.0,631200
2026-03-13 10:25:00,2900.0,2910.0,2900.0,2910.0,244800
2026-03-13 10:30:00,2910.0,2910.0,2900.0,2910.0,309700
2026-03-13 10:35:00,2910.0,2910.0,2900.0,2900.0,57000
2026-03-13 10:40:00,2900.0,2910.0,2900.0,2900.0,140100
2026-03-13 10:45:00,2900.0,2910.0,2890.0,2890.0,225000
2026-03-13 10:50:00,2900.0,2900.0,2890.0,2900.0,110600
2026-03-13 10:55:00,2900.0,2900.0,2890.0,2890.0,162800
2026-03-13 11:00:00,2890.0,2900.0,2880.0,2890.0,289600
2026-03-13 11:05:00,2890.0,2900.0,2890.0,2890.0,90300
2026-03-13 11:10:00,2890.0,2900.0,2880.0,2890.0,123300
2026-03-13 11:15:00,2900.0,2900.0,2890.0,2900.0,427900
2026-03-13 11:20:00,2890.0,2910.0,2890.0,2910.0,455200
2026-03-13 11:25:00,2900.0,2910.0,2900.0,2910.0,41700
2026-03-13 14:00:00,2900.0,2910.0,2900.0,2910.0,259000
2026-03-13 14:05:00,2900.0,2910.0,2900.0,2910.0,136600
2026-03-13 14:10:00,2900.0,2910.0,2890.0,2890.0,786100
2026-03-13 14:15:00,2900.0,2900.0,2890.0,2890.0,121800
2026-03-13 14:20:00,2890.0,2910.0,2890.0,2910.0,360500
2026-03-13 14:25:00,2900.0,2910.0,2900.0,2900.0,420400
2026-03-13 14:30:00,2890.0,2910.0,2890.0,2910.0,387300
2026-03-13 14:35:00,2900.0,2910.0,2900.0,2910.0,96300
2026-03-13 14:40:00,2910.0,2910.0,2890.0,2910.0,288500
2026-03-13 14:45:00,2910.0,2910.0,2890.0,2900.0,87700
2026-03-13 14:50:00,2890.0,2910.0,2890.0,2910.0,328400
2026-03-13 14:55:00,2910.0,2910.0,2890.0,2890.0,508600
2026-03-13 15:00:00,2900.0,2910.0,2890.0,2900.0,126500
2026-03-13 15:05:00,2910.0,2910.0,2900.0,2900.0,372800
2026-03-13 15:10:00,2900.0,2910.0,2900.0,2910.0,123300
2026-03-13 15:15:00,2910.0,2910.0,2900.0,2900.0,225700
2026-03-13 15:20:00,2900.0,2910.0,2900.0,2910.0,244300
2026-03-13 15:25:00,2910.0,2910.0,2900.0,2900.0,178600
2026-03-13 15:30:00,2900.0,2910.0,2900.0,2900.0,360200
2026-03-13 15:35:00,2900.0,2910.0,2900.0,2900.0,195500
2026-03-13 15:40:00,2910.0,2910.0,2900.0,2900.0,230200
2026-03-13 15:45:00,2900.0,2910.0,2900.0,2910.0,582800
2026-03-13 16:00:00,2910.0,2910.0,2910.0,2910.0,1259500
2026-03-13 16:05:00,2910.0,2910.0,2910.0,2910.0,76000
2026-03-13 16:10:00,2910.0,2910.0,2910.0,2910.0,6700
2026-03-16 09:00:00,2920.0,2920.0,2850.0,2870.0,0
2026-03-16 09:05:00,2860.0,2880.0,2840.0,2850.0,1024400
2026-03-16 09:10:00,2860.0,2870.0,2840.0,2860.0,1092100
2026-03-16 09:15:00,2870.0,2890.0,2860.0,2890.0,674600
2026-03-16 09:20:00,2890.0,2900.0,2870.0,2890.0,588400
2026-03-16 09:25:00,2890.0,2900.0,2880.0,2880.0,678600
2026-03-16 09:30:00,2880.0,2890.0,2870.0,2890.0,361500
2026-03-16 09:35:00,2890.0,2890.0,2880.0,2890.0,233300
2026-03-16 09:40:00,2880.0,2890.0,2870.0,2870.0,924000
2026-03-16 09:45:00,2870.0,2910.0,2870.0,2910.0,2443500
2026-03-16 09:50:00,2910.0,2910.0,2900.0,2910.0,224100
2026-03-16 09:55:00,2910.0,2910.0,2900.0,2910.0,92600
2026-03-16 10:00:00,2910.0,2910.0,2900.0,2910.0,91400
2026-03-16 10:05:00,2900.0,2910.0,2890.0,2900.0,801400
2026-03-16 10:10:00,2890.0,2900.0,2890.0,2900.0,110500
2026-03-16 10:15:00,2900.0,2900.0,2890.0,2900.0,216100
2026-03-16 10:20:00,2900.0,2900.0,2890.0,2900.0,72100
2026-03-16 10:25:00,2900.0,2900.0,2880.0,2890.0,959900
2026-03-16 10:30:00,2890.0,2900.0,2880.0,2900.0,383200
2026-03-16 10:35:00,2890.0,2900.0,2890.0,2900.0,62400
2026-03-16 10:40:00,2900.0,2900.0,2890.0,2900.0,50100
2026-03-16 10:45:00,2900.0,2910.0,2890.0,2910.0,237800
2026-03-16 10:50:00,2910.0,2910.0,2890.0,2890.0,664400
2026-03-16 10:55:00,2890.0,2900.0,2890.0,2900.0,35800
2026-03-16 11:00:00,2900.0,2900.0,2890.0,2890.0,299700
2026-03-16 11:05:00,2890.0,2900.0,2880.0,2890.0,255800
2026-03-16 11:10:00,2890.0,2890.0,2880.0,2880.0,88500
2026-03-16 11:15:00,2890.0,2890.0,2880.0,2890.0,80200
2026-03-16 11:20:00,2890.0,2890.0,2880.0,2890.0,66900
2026-03-16 11:25:00,2890.0,2890.0,2880.0,2890.0,107300
2026-03-16 11:30:00,2880.0,2890.0,2880.0,2890.0,170100
2026-03-16 11:35:00,2890.0,2890.0,2880.0,2890.0,100600
2026-03-16 11:40:00,2890.0,2890.0,2880.0,2890.0,41400
2026-03-16 11:45:00,2890.0,2890.0,2880.0,2890.0,42200
2026-03-16 11:50:00,2890.0,2890.0,2880.0,2880.0,249800
2026-03-16 11:55:00,2880.0,2890.0,2880.0,2880.0,143000
2026-03-16 13:30:00,2880.0,2890.0,2880.0,2890.0,447900
2026-03-16 13:35:00,2890.0,2900.0,2880.0,2900.0,604800
2026-03-16 13:40:00,2900.0,2900.0,2890.0,2900.0,163000
2026-03-16 13:45:00,2900.0,2900.0,2890.0,2900.0,458200
2026-03-16 13:50:00,2900.0,2900.0,2880.0,2890.0,693800
2026-03-16 13:55:00,2880.0,2890.0,2880.0,2890.0,33100
2026-03-16 14:00:00,2890.0,2890.0,2880.0,2890.0,92500
2026-03-16 14:05:00,2890.0,2900.0,2880.0,2900.0,251700
2026-03-16 14:10:00,2900.0,2900.0,2880.0,2900.0,619800
2026-03-16 14:15:00,2880.0,2900.0,2880.0,2900.0,171000
2026-03-16 14:20:00,2890.0,2900.0,2890.0,2900.0,122800
2026-03-16 14:25:00,2900.0,2900.0,2880.0,2880.0,855000
2026-03-16 14:30:00,2890.0,2890.0,2880.0,2890.0,157000
2026-03-16 14:35:00,2890.0,2890.0,2880.0,2890.0,190800
2026-03-16 14:40:00,2890.0,2890.0,2880.0,2890.0,134900
2026-03-16 14:45:00,2890.0,2900.0,2880.0,2900.0,683300
2026-03-16 14:50:00,2900.0,2900.0,2890.0,2890.0,174400
2026-03-16 14:55:00,2900.0,2900.0,2890.0,2900.0,201600
2026-03-16 15:00:00,2900.0,2900.0,2890.0,2890.0,284300
2026-03-16 15:05:00,2900.0,2900.0,2890.0,2900.0,166900
2026-03-16 15:10:00,2890.0,2900.0,2890.0,2900.0,146600
2026-03-16 15:15:00,2900.0,2900.0,2890.0,2900.0,193800
2026-03-16 15:20:00,2900.0,2910.0,2900.0,2900.0,1032700
2026-03-16 15:25:00,2900.0,2900.0,2890.0,2900.0,40900
2026-03-16 15:30:00,2900.0,2900.0,2890.0,2890.0,183000
2026-03-16 15:35:00,2900.0,2910.0,2890.0,2910.0,667900
2026-03-16 15:40:00,2910.0,2910.0,2900.0,2910.0,684600
2026-03-16 15:45:00,2910.0,2920.0,2900.0,2910.0,1434800
2026-03-16 16:00:00,2920.0,2920.0,2920.0,2920.0,1357300
2026-03-16 16:05:00,2920.0,2920.0,2920.0,2920.0,12800
2026-03-16 16:10:00,2920.0,2920.0,2920.0,2920.0,29700
2026-03-17 09:00:00,2900.0,2920.0,2900.0,2920.0,0
2026-03-17 09:05:00,2920.0,2920.0,2900.0,2920.0,522300
2026-03-17 09:10:00,2920.0,2920.0,2910.0,2910.0,69900
2026-03-17 09:15:00,2910.0,2930.0,2910.0,2920.0,1041400
2026-03-17 09:20:00,2910.0,2920.0,2910.0,2920.0,153200
2026-03-17 09:25:00,2910.0,2920.0,2910.0,2920.0,76400
2026-03-17 09:30:00,2920.0,2920.0,2910.0,2920.0,78100
2026-03-17 09:35:00,2920.0,2920.0,2910.0,2910.0,38000
2026-03-17 09:40:00,2910.0,2920.0,2910.0,2910.0,293500
2026-03-17 09:45:00,2910.0,2920.0,2900.0,2900.0,140000
2026-03-17 09:50:00,2910.0,2920.0,2910.0,2910.0,144100
2026-03-17 09:55:00,2910.0,2920.0,2900.0,2910.0,46000
2026-03-17 10:00:00,2900.0,2910.0,2900.0,2900.0,38000
2026-03-17 10:05:00,2900.0,2910.0,2900.0,2900.0,22600
2026-03-17 10:10:00,2900.0,2910.0,2900.0,2900.0,46600
2026-03-17 10:15:00,2900.0,2910.0,2900.0,2910.0,125000
2026-03-17 10:20:00,2900.0,2910.0,2900.0,2910.0,153000
2026-03-17 10:25:00,2910.0,2910.0,2900.0,2910.0,22400
2026-03-17 10:30:00,2910.0,2910.0,2900.0,2910.0,300400
2026-03-17 10:35:00,2900.0,2910.0,2900.0,2910.0,48500
2026-03-17 10:40:00,2900.0,2910.0,2900.0,2910.0,213000
2026-03-17 10:45:00,2910.0,2910.0,2900.0,2910.0,594700
2026-03-17 10:50:00,2900.0,2910.0,2900.0,2900.0,338100
2026-03-17 10:55:00,2900.0,2900.0,2890.0,2890.0,129600
2026-03-17 11:00:00,2890.0,2900.0,2880.0,2890.0,391600
2026-03-17 11:05:00,2890.0,2900.0,2890.0,2900.0,77400
2026-03-17 11:10:00,2890.0,2900.0,2890.0,2900.0,68900
2026-03-17 11:15:00,2900.0,2900.0,2890.0,2890.0,143400
2026-03-17 11:20:00,2900.0,2900.0,2890.0,2890.0,13800
2026-03-17 11:25:00,2900.0,2900.0,2890.0,2890.0,6100
2026-03-17 11:30:00,2890.0,2900.0,2890.0,2890.0,41600
2026-03-17 11:35:00,2900.0,2900.0,2890.0,2890.0,44000
2026-03-17 11:40:00,2900.0,2900.0,2890.0,2900.0,107500
2026-03-17 11:45:00,2890.0,2900.0,2890.0,2890.0,58700
2026-03-17 11:50:00,2900.0,2900.0,2890.0,2900.0,32800
2026-03-17 11:55:00,2890.0,2900.0,2890.0,2890.0,24600
2026-03-17 13:30:00,2890.0,2900.0,2880.0,2890.0,353200
2026-03-17 13:35:00,2890.0,2890.0,2880.0,2890.0,203800
2026-03-17 13:40:00,2890.0,2900.0,2890.0,2890.0,61100
2026-03-17 13:45:00,2890.0,2900.0,2890.0,2890.0,16900
2026-03-17 13:50:00,2900.0,2900.0,2890.0,2890.0,48700
2026-03-17 13:55:00,2890.0,2900.0,2890.0,2890.0,65100
2026-03-17 14:00:00,2890.0,2900.0,2890.0,2890.0,77000
2026-03-17 14:05:00,2900.0,2900.0,2890.0,2890.0,61400
2026-03-17 14:10:00,2890.0,2900.0,2890.0,2900.0,62000
2026-03-17 14:15:00,2890.0,2900.0,2890.0,2890.0,148500
2026-03-17 14:20:00,2890.0,2900.0,2880.0,2890.0,1554700
2026-03-17 14:25:00,2880.0,2900.0,2880.0,2900.0,374900
2026-03-17 14:30:00,2900.0,2900.0,2890.0,2890.0,171700
2026-03-17 14:35:00,2900.0,2900.0,2880.0,2890.0,173400
2026-03-17 14:40:00,2900.0,2900.0,2890.0,2900.0,75900
2026-03-17 14:45:00,2900.0,2900.0,2880.0,2890.0,200200
2026-03-17 14:50:00,2890.0,2900.0,2880.0,2890.0,646900
2026-03-17 14:55:00,2880.0,2890.0,2880.0,2890.0,111300
2026-03-17 15:00:00,2890.0,2890.0,2880.0,2890.0,50500
2026-03-17 15:05:00,2890.0,2890.0,2880.0,2890.0,456300
2026-03-17 15:10:00,2890.0,2890.0,2880.0,2890.0,194100
2026-03-17 15:15:00,2890.0,2890.0,2880.0,2890.0,85900
2026-03-17 15:20:00,2880.0,2890.0,2880.0,2890.0,255600
2026-03-17 15:25:00,2890.0,2900.0,2880.0,2890.0,1699000
2026-03-17 15:30:00,2900.0,2900.0,2880.0,2890.0,289900
2026-03-17 15:35:00,2890.0,2900.0,2880.0,2900.0,186000
2026-03-17 15:40:00,2890.0,2900.0,2890.0,2900.0,353900
2026-03-17 15:45:00,2890.0,2920.0,2890.0,2910.0,940400
2026-03-17 16:00:00,2910.0,2910.0,2910.0,2910.0,3228400
2026-03-17 16:05:00,2910.0,2910.0,2910.0,2910.0,30100
2026-03-17 16:10:00,2910.0,2910.0,2910.0,2910.0,11900
2026-03-25 09:00:00,2910.0,2980.0,2890.0,2970.0,0
2026-03-25 09:05:00,2980.0,2980.0,2960.0,2970.0,1604800
2026-03-25 09:10:00,2980.0,3030.0,2970.0,3020.0,8045700
2026-03-25 09:15:00,3020.0,3070.0,3010.0,3070.0,8918100
2026-03-25 09:20:00,3070.0,3070.0,3020.0,3030.0,4259700
2026-03-25 09:25:00,3030.0,3040.0,3020.0,3030.0,1914200
2026-03-25 09:30:00,3030.0,3040.0,3020.0,3020.0,1595200
2026-03-25 09:35:00,3020.0,3040.0,3010.0,3030.0,4714400
2026-03-25 09:40:00,3030.0,3040.0,3010.0,3030.0,2949600
2026-03-25 09:45:00,3030.0,3080.0,3030.0,3070.0,5979600
2026-03-25 09:50:00,3070.0,3150.0,3070.0,3130.0,11661400
2026-03-25 09:55:00,3130.0,3140.0,3120.0,3120.0,2017300
2026-03-25 10:00:00,3120.0,3130.0,3080.0,3090.0,2969500
2026-03-25 10:05:00,3090.0,3140.0,3080.0,3130.0,7033100
2026-03-25 10:10:00,3130.0,3140.0,3120.0,3120.0,2218000
2026-03-25 10:15:00,3120.0,3130.0,3120.0,3120.0,710200
2026-03-25 10:20:00,3120.0,3130.0,3110.0,3110.0,446100
2026-03-25 10:25:00,3120.0,3120.0,3110.0,3110.0,408300
2026-03-25 10:30:00,3110.0,3120.0,3080.0,3080.0,1357500
2026-03-25 10:35:00,3080.0,3100.0,3080.0,3090.0,1992900
2026-03-25 10:40:00,3090.0,3100.0,3070.0,3070.0,1569400
2026-03-25 10:45:00,3080.0,3090.0,3060.0,3060.0,1099200
2026-03-25 10:50:00,3060.0,3090.0,3040.0,3080.0,2718700
2026-03-25 10:55:00,3090.0,3090.0,3070.0,3080.0,272400
2026-03-25 11:00:00,3080.0,3090.0,3070.0,3070.0,781400
2026-03-25 11:05:00,3080.0,3090.0,3070.0,3080.0,520900
2026-03-25 11:10:00,3080.0,3090.0,3080.0,3080.0,683300
2026-03-25 11:15:00,3080.0,3100.0,3080.0,3100.0,1303300
2026-03-25 11:20:00,3090.0,3100.0,3090.0,3090.0,530200
2026-03-25 11:25:00,3090.0,3100.0,3090.0,3090.0,1240100
2026-03-25 11:30:00,3090.0,3100.0,3090.0,3090.0,200900
2026-03-25 11:35:00,3090.0,3100.0,3080.0,3100.0,164400
2026-03-25 11:40:00,3100.0,3100.0,3090.0,3090.0,401600
2026-03-25 11:45:00,3090.0,3100.0,3090.0,3090.0,163800
2026-03-25 11:50:00,3090.0,3100.0,3090.0,3090.0,233100
2026-03-25 11:55:00,3100.0,3110.0,3090.0,3100.0,1477100
2026-03-25 13:30:00,3110.0,3110.0,3090.0,3100.0,556500
2026-03-25 13:35:00,3100.0,3110.0,3090.0,3110.0,1355900
2026-03-25 13:40:00,3110.0,3110.0,3100.0,3100.0,96400
2026-03-25 13:45:00,3110.0,3110.0,3100.0,3110.0,609000
2026-03-25 13:50:00,3110.0,3140.0,3100.0,3140.0,6049500
2026-03-25 13:55:00,3130.0,3150.0,3130.0,3140.0,3585200
2026-03-25 14:00:00,3140.0,3140.0,3130.0,3130.0,528700
2026-03-25 14:05:00,3130.0,3150.0,3120.0,3140.0,2647700
2026-03-25 14:10:00,3150.0,3150.0,3130.0,3130.0,1057800
2026-03-25 14:15:00,3130.0,3140.0,3130.0,3130.0,570700
2026-03-25 14:20:00,3130.0,3140.0,3130.0,3140.0,281300
2026-03-25 14:25:00,3130.0,3140.0,3120.0,3130.0,1011600
2026-03-25 14:30:00,3130.0,3140.0,3120.0,3120.0,341800
2026-03-25 14:35:00,3130.0,3130.0,3120.0,3130.0,183500
2026-03-25 14:40:00,3120.0,3130.0,3120.0,3130.0,309800
2026-03-25 14:45:00,3130.0,3130.0,3120.0,3130.0,569900
2026-03-25 14:50:00,3120.0,3140.0,3120.0,3140.0,1880200
2026-03-25 14:55:00,3130.0,3140.0,3130.0,3130.0,731700
2026-03-25 15:00:00,3140.0,3150.0,3130.0,3150.0,1892400
2026-03-25 15:05:00,3140.0,3150.0,3140.0,3140.0,424600
2026-03-25 15:10:00,3140.0,3150.0,3140.0,3150.0,1570000
2026-03-25 15:15:00,3150.0,3150.0,3140.0,3140.0,577500
2026-03-25 15:20:00,3140.0,3150.0,3140.0,3140.0,523500
2026-03-25 15:25:00,3140.0,3150.0,3130.0,3140.0,1154100
2026-03-25 15:30:00,3140.0,3150.0,3140.0,3150.0,340400
2026-03-25 15:35:00,3150.0,3160.0,3140.0,3160.0,5387300
2026-03-25 15:40:00,3160.0,3160.0,3150.0,3150.0,925700
2026-03-25 15:45:00,3150.0,3170.0,3150.0,3160.0,3368400
2026-03-25 16:00:00,3160.0,3160.0,3160.0,3160.0,3982500
2026-03-25 16:05:00,3160.0,3160.0,3160.0,3160.0,66200
2026-03-25 16:10:00,3160.0,3160.0,3160.0,3160.0,140500
2026-03-26 09:00:00,3160.0,3180.0,3120.0,3160.0,0
2026-03-26 09:05:00,3160.0,3170.0,3160.0,3160.0,1090400
2026-03-26 09:10:00,3160.0,3160.0,3140.0,3140.0,1476100
2026-03-26 09:15:00,3140.0,3160.0,3140.0,3150.0,1112300
2026-03-26 09:20:00,3150.0,3150.0,3130.0,3130.0,797300
2026-03-26 09:25:00,3130.0,3140.0,3130.0,3140.0,492800
2026-03-26 09:30:00,3130.0,3140.0,3120.0,3120.0,582200
2026-03-26 09:35:00,3120.0,3130.0,3100.0,3110.0,1768300
2026-03-26 09:40:00,3110.0,3120.0,3100.0,3100.0,1285100
2026-03-26 09:45:00,3110.0,3110.0,3090.0,3110.0,1025900
2026-03-26 09:50:00,3100.0,3120.0,3100.0,3110.0,443000
2026-03-26 09:55:00,3110.0,3120.0,3100.0,3110.0,336900
2026-03-26 10:00:00,3100.0,3110.0,3100.0,3100.0,196700
2026-03-26 10:05:00,3110.0,3120.0,3100.0,3110.0,313100
2026-03-26 10:10:00,3110.0,3120.0,3090.0,3090.0,1096900
2026-03-26 10:15:00,3090.0,3100.0,3090.0,3090.0,212300
2026-03-26 10:20:00,3100.0,3100.0,3090.0,3100.0,211600
2026-03-26 10:25:00,3090.0,3100.0,3080.0,3090.0,570800
2026-03-26 10:30:00,3090.0,3090.0,3080.0,3090.0,251200
2026-03-26 10:35:00,3090.0,3090.0,3080.0,3090.0,127700
2026-03-26 10:40:00,3090.0,3100.0,3080.0,3100.0,497200
2026-03-26 10:45:00,3090.0,3110.0,3090.0,3100.0,908500
2026-03-26 10:50:00,3100.0,3100.0,3080.0,3100.0,425400
2026-03-26 10:55:00,3090.0,3100.0,3090.0,3100.0,87300
2026-03-26 11:00:00,3100.0,3100.0,3090.0,3100.0,49400
2026-03-26 11:05:00,3100.0,3100.0,3080.0,3080.0,447700
2026-03-26 11:10:00,3080.0,3100.0,3080.0,3090.0,373900
2026-03-26 11:15:00,3100.0,3100.0,3090.0,3100.0,78000
2026-03-26 11:20:00,3100.0,3100.0,3080.0,3090.0,233000
2026-03-26 11:25:00,3090.0,3090.0,3080.0,3090.0,206100
2026-03-26 11:30:00,3080.0,3090.0,3080.0,3090.0,81100
2026-03-26 11:35:00,3090.0,3090.0,3080.0,3090.0,103400
2026-03-26 11:40:00,3090.0,3090.0,3080.0,3090.0,244400
2026-03-26 11:45:00,3080.0,3100.0,3080.0,3090.0,272600
2026-03-26 11:50:00,3100.0,3100.0,3090.0,3090.0,257400
2026-03-26 11:55:00,3090.0,3100.0,3080.0,3090.0,436000
2026-03-26 13:30:00,3090.0,3100.0,3060.0,3070.0,2153500
2026-03-26 13:35:00,3070.0,3080.0,3060.0,3060.0,409900
2026-03-26 13:40:00,3060.0,3070.0,3060.0,3070.0,503100
2026-03-26 13:45:00,3080.0,3080.0,3070.0,3080.0,334400
2026-03-26 13:50:00,3080.0,3080.0,3060.0,3070.0,350000
2026-03-26 13:55:00,3070.0,3070.0,3040.0,3060.0,2385500
2026-03-26 14:00:00,3060.0,3060.0,3050.0,3060.0,60600
2026-03-26 14:05:00,3050.0,3060.0,3050.0,3050.0,385800
2026-03-26 14:10:00,3050.0,3060.0,3050.0,3050.0,82600
2026-03-26 14:15:00,3050.0,3080.0,3050.0,3080.0,797500
2026-03-26 14:20:00,3080.0,3090.0,3070.0,3080.0,412400
2026-03-26 14:25:00,3090.0,3090.0,3080.0,3090.0,39000
2026-03-26 14:30:00,3090.0,3100.0,3080.0,3100.0,533400
2026-03-26 14:35:00,3100.0,3100.0,3090.0,3100.0,61200
2026-03-26 14:40:00,3090.0,3100.0,3090.0,3100.0,86700
2026-03-26 14:45:00,3100.0,3100.0,3090.0,3100.0,145700
2026-03-26 14:50:00,3090.0,3100.0,3090.0,3090.0,59800
2026-03-26 14:55:00,3090.0,3100.0,3090.0,3100.0,73200
2026-03-26 15:00:00,3100.0,3110.0,3090.0,3110.0,2083900
2026-03-26 15:05:00,3100.0,3110.0,3100.0,3100.0,174800
2026-03-26 15:10:00,3110.0,3110.0,3100.0,3110.0,193100
2026-03-26 15:15:00,3110.0,3120.0,3100.0,3120.0,772500
2026-03-26 15:20:00,3120.0,3120.0,3110.0,3110.0,188500
2026-03-26 15:25:00,3110.0,3120.0,3100.0,3100.0,460700
2026-03-26 15:30:00,3110.0,3110.0,3100.0,3110.0,382700
2026-03-26 15:35:00,3100.0,3120.0,3100.0,3120.0,561800
2026-03-26 15:40:00,3120.0,3120.0,3100.0,3110.0,424500
2026-03-26 15:45:00,3110.0,3120.0,3100.0,3120.0,292100
2026-03-26 16:00:00,3130.0,3130.0,3130.0,3130.0,1266300
2026-03-26 16:05:00,3130.0,3130.0,3130.0,3130.0,0
2026-03-26 16:10:00,3130.0,3130.0,3130.0,3130.0,18400
2026-03-27 09:00:00,3140.0,3150.0,3110.0,3130.0,0
2026-03-27 09:05:00,3130.0,3140.0,3100.0,3110.0,1118800
2026-03-27 09:10:00,3100.0,3110.0,3100.0,3110.0,162100
2026-03-27 09:15:00,3100.0,3110.0,3070.0,3090.0,1282700
2026-03-27 09:20:00,3090.0,3100.0,3080.0,3090.0,353300
2026-03-27 09:25:00,3090.0,3100.0,3080.0,3080.0,537400
2026-03-27 09:30:00,3080.0,3090.0,3070.0,3080.0,181200
2026-03-27 09:35:00,3080.0,3090.0,3070.0,3070.0,596600
2026-03-27 09:40:00,3070.0,3090.0,3070.0,3080.0,818600
2026-03-27 09:45:00,3080.0,3090.0,3080.0,3090.0,331900
2026-03-27 09:50:00,3080.0,3090.0,3080.0,3080.0,311900
2026-03-27 09:55:00,3080.0,3100.0,3080.0,3100.0,280100
2026-03-27 10:00:00,3100.0,3100.0,3090.0,3090.0,81300
2026-03-27 10:05:00,3100.0,3100.0,3090.0,3100.0,177900
2026-03-27 10:10:00,3100.0,3100.0,3090.0,3100.0,58100
2026-03-27 10:15:00,3090.0,3110.0,3090.0,3110.0,797600
2026-03-27 10:20:00,3110.0,3110.0,3100.0,3110.0,181500
2026-03-27 10:25:00,3100.0,3120.0,3100.0,3120.0,583300
2026-03-27 10:30:00,3120.0,3120.0,3090.0,3100.0,825000
2026-03-27 10:35:00,3100.0,3110.0,3090.0,3100.0,197600
2026-03-27 10:40:00,3110.0,3120.0,3100.0,3110.0,673000
2026-03-27 10:45:00,3110.0,3110.0,3100.0,3100.0,87600
2026-03-27 10:50:00,3110.0,3110.0,3100.0,3100.0,73700
2026-03-27 10:55:00,3110.0,3110.0,3100.0,3100.0,94600
2026-03-27 11:00:00,3110.0,3120.0,3100.0,3110.0,698200
2026-03-27 11:05:00,3110.0,3110.0,3100.0,3110.0,533300
2026-03-27 11:10:00,3100.0,3110.0,3100.0,3110.0,100000
2026-03-27 11:15:00,3100.0,3110.0,3100.0,3100.0,672000
2026-03-27 11:20:00,3110.0,3110.0,3100.0,3110.0,88800
2026-03-27 11:25:00,3110.0,3110.0,3100.0,3100.0,77300
2026-03-27 14:00:00,3110.0,3110.0,3090.0,3100.0,863100
2026-03-27 14:05:00,3100.0,3100.0,3090.0,3100.0,411000
2026-03-27 14:10:00,3090.0,3100.0,3090.0,3090.0,84600
2026-03-27 14:15:00,3090.0,3100.0,3080.0,3100.0,1435200
2026-03-27 14:20:00,3100.0,3110.0,3090.0,3090.0,960300
2026-03-27 14:25:00,3090.0,3100.0,3090.0,3090.0,57400
2026-03-27 14:30:00,3100.0,3100.0,3090.0,3100.0,92400
2026-03-27 14:35:00,3100.0,3100.0,3090.0,3090.0,171900
2026-03-27 14:40:00,3100.0,3100.0,3080.0,3090.0,777500
2026-03-27 14:45:00,3090.0,3090.0,3070.0,3080.0,891600
2026-03-27 14:50:00,3080.0,3080.0,3070.0,3080.0,557800
2026-03-27 14:55:00,3070.0,3080.0,3070.0,3070.0,785800
2026-03-27 15:00:00,3070.0,3080.0,3060.0,3080.0,597400
2026-03-27 15:05:00,3080.0,3090.0,3080.0,3080.0,418700
2026-03-27 15:10:00,3090.0,3090.0,3080.0,3080.0,194900
2026-03-27 15:15:00,3090.0,3090.0,3080.0,3090.0,123000
2026-03-27 15:20:00,3090.0,3090.0,3080.0,3090.0,161200
2026-03-27 15:25:00,3080.0,3090.0,3080.0,3090.0,222600
2026-03-27 15:30:00,3090.0,3090.0,3080.0,3090.0,211200
2026-03-27 15:35:00,3090.0,3090.0,3080.0,3090.0,280000
2026-03-27 15:40:00,3080.0,3090.0,3080.0,3090.0,904800
2026-03-27 15:45:00,3090.0,3100.0,3080.0,3100.0,1256800
2026-03-27 16:00:00,3100.0,3100.0,3100.0,3100.0,1209100
2026-03-27 16:05:00,3100.0,3100.0,3100.0,3100.0,32000
2026-03-27 16:10:00,3100.0,3100.0,3100.0,3100.0,28900
2026-03-30 09:00:00,3140.0,3150.0,3110.0,3150.0,0
2026-03-30 09:05:00,3140.0,3150.0,3100.0,3120.0,2350300
2026-03-30 09:10:00,3130.0,3150.0,3120.0,3150.0,2251400
2026-03-30 09:15:00,3150.0,3160.0,3140.0,3150.0,2440900
2026-03-30 09:20:00,3150.0,3160.0,3120.0,3130.0,2073500
2026-03-30 09:25:00,3140.0,3140.0,3120.0,3140.0,655100
2026-03-30 09:30:00,3140.0,3140.0,3130.0,3130.0,239700
2026-03-30 09:35:00,3140.0,3140.0,3110.0,3130.0,1339900
2026-03-30 09:40:00,3130.0,3140.0,3130.0,3140.0,434100
2026-03-30 09:45:00,3140.0,3150.0,3130.0,3140.0,712300
2026-03-30 09:50:00,3140.0,3150.0,3140.0,3150.0,548300
2026-03-30 09:55:00,3150.0,3160.0,3140.0,3150.0,1191300
2026-03-30 10:00:00,3150.0,3160.0,3140.0,3150.0,1025300
2026-03-30 10:05:00,3150.0,3160.0,3140.0,3150.0,471300
2026-03-30 10:10:00,3150.0,3160.0,3150.0,3150.0,817900
2026-03-30 10:15:00,3160.0,3160.0,3150.0,3160.0,870000
2026-03-30 10:20:00,3150.0,3150.0,3140.0,3150.0,535200
2026-03-30 10:25:00,3150.0,3150.0,3140.0,3150.0,98900
2026-03-30 10:30:00,3150.0,3150.0,3140.0,3150.0,184400
2026-03-30 10:35:00,3140.0,3150.0,3130.0,3140.0,1064600
2026-03-30 10:40:00,3140.0,3140.0,3130.0,3140.0,116200
2026-03-30 10:45:00,3130.0,3140.0,3130.0,3140.0,165900
2026-03-30 10:50:00,3130.0,3140.0,3130.0,3130.0,181200
2026-03-30 10:55:00,3140.0,3140.0,3130.0,3140.0,178900
2026-03-30 11:00:00,3140.0,3140.0,3130.0,3140.0,293600
2026-03-30 11:05:00,3140.0,3140.0,3130.0,3130.0,283800
2026-03-30 11:10:00,3140.0,3140.0,3130.0,3130.0,72500
2026-03-30 11:15:00,3130.0,3140.0,3130.0,3140.0,169100
2026-03-30 11:20:00,3140.0,3140.0,3130.0,3130.0,141400
2026-03-30 11:25:00,3140.0,3140.0,3130.0,3130.0,211800
2026-03-30 11:30:00,3140.0,3140.0,3130.0,3140.0,383100
2026-03-30 11:35:00,3140.0,3140.0,3130.0,3140.0,331100
2026-03-30 11:40:00,3140.0,3140.0,3130.0,3140.0,211900
2026-03-30 11:45:00,3140.0,3140.0,3130.0,3140.0,163400
2026-03-30 11:50:00,3140.0,3140.0,3130.0,3140.0,543700
2026-03-30 11:55:00,3140.0,3140.0,3130.0,3140.0,131500
2026-03-30 13:30:00,3130.0,3140.0,3130.0,3140.0,461300
2026-03-30 13:35:00,3130.0,3140.0,3130.0,3140.0,316500
2026-03-30 13:40:00,3130.0,3140.0,3130.0,3140.0,106500
2026-03-30 13:45:00,3140.0,3140.0,3130.0,3140.0,192300
2026-03-30 13:50:00,3130.0,3140.0,3130.0,3140.0,390600
2026-03-30 13:55:00,3140.0,3150.0,3140.0,3150.0,301000
2026-03-30 14:00:00,3150.0,3150.0,3140.0,3150.0,674000
2026-03-30 14:05:00,3140.0,3160.0,3140.0,3160.0,1154700
2026-03-30 14:10:00,3160.0,3160.0,3150.0,3160.0,232900
2026-03-30 14:15:00,3160.0,3160.0,3150.0,3150.0,357700
2026-03-30 14:20:00,3160.0,3160.0,3150.0,3150.0,604400
2026-03-30 14:25:00,3150.0,3160.0,3150.0,3160.0,100700
2026-03-30 14:30:00,3150.0,3160.0,3140.0,3150.0,1037900
2026-03-30 14:35:00,3150.0,3160.0,3140.0,3150.0,184300
2026-03-30 14:40:00,3150.0,3150.0,3140.0,3150.0,119700
2026-03-30 14:45:00,3150.0,3150.0,3140.0,3150.0,81500
2026-03-30 14:50:00,3140.0,3150.0,3140.0,3150.0,245900
2026-03-30 14:55:00,3150.0,3150.0,3140.0,3150.0,154800
2026-03-30 15:00:00,3150.0,3150.0,3140.0,3150.0,125800
2026-03-30 15:05:00,3150.0,3150.0,3140.0,3150.0,170800
2026-03-30 15:10:00,3150.0,3150.0,3140.0,3150.0,151200
2026-03-30 15:15:00,3140.0,3150.0,3140.0,3150.0,254400
2026-03-30 15:20:00,3150.0,3150.0,3140.0,3150.0,233900
2026-03-30 15:25:00,3150.0,3150.0,3140.0,3150.0,290300
2026-03-30 15:30:00,3150.0,3150.0,3140.0,3150.0,193200
2026-03-30 15:35:00,3150.0,3150.0,3140.0,3140.0,301600
2026-03-30 15:40:00,3140.0,3150.0,3140.0,3150.0,373500
2026-03-30 15:45:00,3140.0,3150.0,3130.0,3140.0,1229500
2026-03-30 16:00:00,3150.0,3150.0,3150.0,3150.0,613900
2026-03-30 16:05:00,3150.0,3150.0,3150.0,3150.0,1458500
2026-03-30 16:10:00,3150.0,3150.0,3150.0,3150.0,277100
2026-03-31 09:00:00,3160.0,3180.0,3150.0,3170.0,0
2026-03-31 09:05:00,3180.0,3180.0,3160.0,3170.0,1091200
2026-03-31 09:10:00,3170.0,3220.0,3170.0,3210.0,6223500
2026-03-31 09:15:00,3210.0,3220.0,3200.0,3210.0,1665500
2026-03-31 09:20:00,3220.0,3220.0,3190.0,3210.0,1633000
2026-03-31 09:25:00,3200.0,3210.0,3200.0,3200.0,603300
2026-03-31 09:30:00,3210.0,3210.0,3180.0,3190.0,2030600
2026-03-31 09:35:00,3190.0,3200.0,3180.0,3180.0,754900
2026-03-31 09:40:00,3170.0,3180.0,3170.0,3180.0,225300
2026-03-31 09:45:00,3180.0,3190.0,3170.0,3180.0,514700
2026-03-31 09:50:00,3180.0,3180.0,3160.0,3170.0,902800
2026-03-31 09:55:00,3170.0,3170.0,3160.0,3160.0,690400
2026-03-31 10:00:00,3160.0,3170.0,3150.0,3150.0,507700
2026-03-31 10:05:00,3150.0,3160.0,3140.0,3140.0,1505200
2026-03-31 10:10:00,3150.0,3150.0,3140.0,3150.0,164500
2026-03-31 10:15:00,3150.0,3150.0,3140.0,3150.0,319400
2026-03-31 10:20:00,3150.0,3160.0,3150.0,3160.0,45300
2026-03-31 10:25:00,3160.0,3160.0,3150.0,3160.0,180800
2026-03-31 10:30:00,3160.0,3160.0,3150.0,3150.0,147500
2026-03-31 10:35:00,3160.0,3160.0,3150.0,3150.0,237500
2026-03-31 10:40:00,3160.0,3170.0,3150.0,3170.0,668300
2026-03-31 10:45:00,3170.0,3180.0,3160.0,3170.0,420800
2026-03-31 10:50:00,3170.0,3170.0,3150.0,3160.0,1285600
2026-03-31 10:55:00,3150.0,3160.0,3150.0,3150.0,185500
2026-03-31 11:00:00,3150.0,3160.0,3130.0,3130.0,1684400
2026-03-31 11:05:00,3140.0,3150.0,3130.0,3140.0,182700
2026-03-31 11:10:00,3150.0,3160.0,3140.0,3160.0,251900
2026-03-31 11:15:00,3160.0,3170.0,3150.0,3170.0,276400
2026-03-31 11:20:00,3170.0,3170.0,3160.0,3170.0,92300
2026-03-31 11:25:00,3170.0,3170.0,3160.0,3160.0,83400
2026-03-31 11:30:00,3170.0,3170.0,3160.0,3160.0,140800
2026-03-31 11:35:00,3160.0,3170.0,3160.0,3170.0,272600
2026-03-31 11:40:00,3170.0,3170.0,3160.0,3170.0,142900
2026-03-31 11:45:00,3170.0,3170.0,3160.0,3170.0,199900
2026-03-31 11:50:00,3170.0,3170.0,3160.0,3160.0,161200
2026-03-31 11:55:00,3160.0,3170.0,3160.0,3170.0,296900
2026-03-31 13:30:00,3170.0,3170.0,3150.0,3160.0,790400
2026-03-31 13:35:00,3160.0,3160.0,3150.0,3160.0,68500
2026-03-31 13:40:00,3160.0,3160.0,3150.0,3160.0,129800
2026-03-31 13:45:00,3150.0,3170.0,3150.0,3160.0,534000
2026-03-31 13:50:00,3160.0,3160.0,3140.0,3140.0,696800
2026-03-31 13:55:00,3150.0,3150.0,3140.0,3140.0,98300
2026-03-31 14:00:00,3150.0,3150.0,3140.0,3140.0,103500
2026-03-31 14:05:00,3140.0,3160.0,3140.0,3150.0,401500
2026-03-31 14:10:00,3160.0,3160.0,3150.0,3150.0,103700
2026-03-31 14:15:00,3150.0,3160.0,3150.0,3150.0,181600
2026-03-31 14:20:00,3160.0,3170.0,3150.0,3170.0,588100
2026-03-31 14:25:00,3170.0,3170.0,3160.0,3170.0,615900
2026-03-31 14:30:00,3170.0,3180.0,3160.0,3180.0,618500
2026-03-31 14:35:00,3180.0,3190.0,3170.0,3190.0,1222300
2026-03-31 14:40:00,3190.0,3190.0,3180.0,3190.0,836100
2026-03-31 14:45:00,3190.0,3200.0,3180.0,3200.0,1001300
2026-03-31 14:50:00,3190.0,3200.0,3180.0,3200.0,1385600
2026-03-31 14:55:00,3200.0,3200.0,3190.0,3200.0,727700
2026-03-31 15:00:00,3200.0,3200.0,3190.0,3200.0,688600
2026-03-31 15:05:00,3200.0,3200.0,3190.0,3190.0,633300
2026-03-31 15:10:00,3190.0,3200.0,3180.0,3190.0,1200400
2026-03-31 15:15:00,3190.0,3200.0,3190.0,3190.0,700000
2026-03-31 15:20:00,3200.0,3200.0,3190.0,3200.0,879500
2026-03-31 15:25:00,3200.0,3200.0,3190.0,3200.0,739600
2026-03-31 15:30:00,3190.0,3200.0,3190.0,3190.0,1344000
2026-03-31 15:35:00,3190.0,3190.0,3180.0,3190.0,583900
2026-03-31 15:40:00,3180.0,3190.0,3170.0,3180.0,1083000
2026-03-31 15:45:00,3180.0,3190.0,3170.0,3180.0,863800
2026-03-31 16:00:00,3180.0,3180.0,3180.0,3180.0,1391900
2026-03-31 16:05:00,3180.0,3180.0,3180.0,3180.0,25000
2026-03-31 16:10:00,3180.0,3180.0,3180.0,3180.0,39900
2026-04-01 09:00:00,3190.0,3190.0,3060.0,3070.0,0
2026-04-01 09:05:00,3080.0,3100.0,3060.0,3090.0,3889300
2026-04-01 09:10:00,3090.0,3110.0,3090.0,3100.0,759800
2026-04-01 09:15:00,3100.0,3120.0,3100.0,3100.0,576800
2026-04-01 09:20:00,3110.0,3120.0,3100.0,3120.0,622800
2026-04-01 09:25:00,3120.0,3120.0,3100.0,3120.0,632900
2026-04-01 09:30:00,3110.0,3120.0,3100.0,3110.0,334000
2026-04-01 09:35:00,3110.0,3110.0,3070.0,3070.0,3152900
2026-04-01 09:40:00,3080.0,3100.0,3070.0,3090.0,1629200
2026-04-01 09:45:00,3100.0,3100.0,3080.0,3080.0,138900
2026-04-01 09:50:00,3080.0,3090.0,3080.0,3090.0,554500
2026-04-01 09:55:00,3090.0,3100.0,3090.0,3090.0,145000
2026-04-01 10:00:00,3090.0,3100.0,3080.0,3090.0,565500
2026-04-01 10:05:00,3090.0,3100.0,3080.0,3090.0,227800
2026-04-01 10:10:00,3090.0,3100.0,3080.0,3080.0,481900
2026-04-01 10:15:00,3090.0,3090.0,3080.0,3090.0,105500
2026-04-01 10:20:00,3090.0,3090.0,3080.0,3080.0,476400
2026-04-01 10:25:00,3080.0,3090.0,3070.0,3080.0,396800
2026-04-01 10:30:00,3080.0,3090.0,3080.0,3080.0,112300
2026-04-01 10:35:00,3080.0,3090.0,3070.0,3070.0,571100
2026-04-01 10:40:00,3070.0,3080.0,3050.0,3050.0,3417700
2026-04-01 10:45:00,3050.0,3050.0,3030.0,3040.0,1847900
2026-04-01 10:50:00,3040.0,3040.0,3030.0,3030.0,819500
2026-04-01 10:55:00,3040.0,3040.0,3020.0,3020.0,1606800
2026-04-01 11:00:00,3020.0,3040.0,3020.0,3030.0,1269300
2026-04-01 11:05:00,3030.0,3050.0,3020.0,3050.0,372400
2026-04-01 11:10:00,3050.0,3060.0,3040.0,3050.0,699200
2026-04-01 11:15:00,3040.0,3050.0,3040.0,3050.0,492500
2026-04-01 11:20:00,3040.0,3050.0,3040.0,3040.0,201400
2026-04-01 11:25:00,3040.0,3050.0,3040.0,3050.0,139200
2026-04-01 11:30:00,3050.0,3060.0,3040.0,3060.0,514700
2026-04-01 11:35:00,3050.0,3060.0,3050.0,3050.0,139000
2026-04-01 11:40:00,3050.0,3060.0,3050.0,3060.0,189000
2026-04-01 11:45:00,3050.0,3060.0,3050.0,3060.0,69100
2026-04-01 11:50:00,3050.0,3060.0,3050.0,3060.0,268800
2026-04-01 11:55:00,3060.0,3060.0,3050.0,3060.0,175000
2026-04-01 13:30:00,3060.0,3070.0,3050.0,3050.0,833500
2026-04-01 13:35:00,3050.0,3050.0,3030.0,3030.0,1532600
2026-04-01 13:40:00,3040.0,3040.0,3030.0,3040.0,866200
2026-04-01 13:45:00,3030.0,3040.0,3030.0,3030.0,736400
2026-04-01 13:50:00,3030.0,3030.0,3020.0,3030.0,436600
2026-04-01 13:55:00,3020.0,3030.0,3020.0,3030.0,167700
2026-04-01 14:00:00,3030.0,3030.0,3020.0,3020.0,1332900
2026-04-01 14:05:00,3010.0,3020.0,3010.0,3010.0,1496500
2026-04-01 14:10:00,3020.0,3030.0,3010.0,3010.0,1109500
2026-04-01 14:15:00,3010.0,3020.0,3000.0,3010.0,1467600
2026-04-01 14:20:00,3010.0,3010.0,3000.0,3010.0,428500
2026-04-01 14:25:00,3010.0,3010.0,3000.0,3000.0,1201900
2026-04-01 14:30:00,3000.0,3010.0,3000.0,3000.0,624300
2026-04-01 14:35:00,3000.0,3010.0,3000.0,3010.0,215000
2026-04-01 14:40:00,3010.0,3010.0,3000.0,3000.0,640800
2026-04-01 14:45:00,3010.0,3010.0,3000.0,3010.0,134400
2026-04-01 14:50:00,3010.0,3010.0,2980.0,2980.0,5022200
2026-04-01 14:55:00,2980.0,2990.0,2980.0,2980.0,1284100
2026-04-01 15:00:00,2980.0,2990.0,2970.0,2980.0,1241800
2026-04-01 15:05:00,2980.0,2990.0,2980.0,2990.0,497000
2026-04-01 15:10:00,2990.0,2990.0,2980.0,2980.0,385600
2026-04-01 15:15:00,2990.0,2990.0,2980.0,2980.0,147300
2026-04-01 15:20:00,2980.0,2990.0,2980.0,2990.0,150500
2026-04-01 15:25:00,2990.0,2990.0,2980.0,2980.0,230900
2026-04-01 15:30:00,2980.0,2990.0,2980.0,2980.0,766600
2026-04-01 15:35:00,2990.0,2990.0,2980.0,2990.0,301500
2026-04-01 15:40:00,2980.0,2990.0,2980.0,2980.0,848400
2026-04-01 15:45:00,2980.0,2990.0,2980.0,2980.0,871000
2026-04-01 16:00:00,2980.0,2980.0,2980.0,2980.0,1964200
2026-04-01 16:05:00,2980.0,2980.0,2980.0,2980.0,65700
2026-04-01 16:10:00,2980.0,2980.0,2980.0,2980.0,546000
2026-04-02 09:00:00,3000.0,3030.0,2990.0,3020.0,0
2026-04-02 09:05:00,3020.0,3020.0,3000.0,3000.0,1386700
2026-04-02 09:10:00,3000.0,3030.0,3000.0,3010.0,1468700
2026-04-02 09:15:00,3020.0,3020.0,3010.0,3020.0,667800
2026-04-02 09:20:00,3020.0,3020.0,2990.0,2990.0,1113400
2026-04-02 09:25:00,2990.0,3000.0,2980.0,2980.0,729900
2026-04-02 09:30:00,2980.0,2990.0,2970.0,2990.0,1388200
2026-04-02 09:35:00,2980.0,2990.0,2970.0,2980.0,761700
2026-04-02 09:40:00,2980.0,2990.0,2970.0,2990.0,509600
2026-04-02 09:45:00,2990.0,2990.0,2980.0,2990.0,45200
2026-04-02 09:50:00,2990.0,2990.0,2980.0,2980.0,22500
2026-04-02 09:55:00,2990.0,2990.0,2980.0,2980.0,257700
2026-04-02 10:00:00,2990.0,3000.0,2980.0,2990.0,1142100
2026-04-02 10:05:00,2990.0,3000.0,2990.0,2990.0,168400
2026-04-02 10:10:00,2990.0,2990.0,2980.0,2980.0,60500
2026-04-02 10:15:00,2980.0,2990.0,2980.0,2990.0,90900
2026-04-02 10:20:00,2990.0,2990.0,2980.0,2990.0,247400
2026-04-02 10:25:00,2990.0,2990.0,2980.0,2980.0,396400
2026-04-02 10:30:00,2990.0,3000.0,2980.0,2990.0,455700
2026-04-02 10:35:00,3000.0,3000.0,2980.0,2980.0,436100
2026-04-02 10:40:00,2980.0,2990.0,2960.0,2970.0,3337600
2026-04-02 10:45:00,2970.0,2970.0,2950.0,2950.0,1152400
2026-04-02 10:50:00,2950.0,2960.0,2940.0,2940.0,1231900
2026-04-02 10:55:00,2950.0,2950.0,2930.0,2930.0,959400
2026-04-02 11:00:00,2930.0,2940.0,2920.0,2940.0,2284800
2026-04-02 11:05:00,2940.0,2940.0,2930.0,2930.0,616500
2026-04-02 11:10:00,2930.0,2960.0,2930.0,2960.0,1387400
2026-04-02 11:15:00,2960.0,2960.0,2950.0,2950.0,153200
2026-04-02 11:20:00,2960.0,2960.0,2940.0,2940.0,254400
2026-04-02 11:25:00,2950.0,2950.0,2940.0,2950.0,321900
2026-04-02 11:30:00,2950.0,2960.0,2940.0,2960.0,761200
2026-04-02 11:35:00,2960.0,2960.0,2950.0,2950.0,177300
2026-04-02 11:40:00,2950.0,2960.0,2940.0,2950.0,147200
2026-04-02 11:45:00,2940.0,2960.0,2940.0,2950.0,256500
2026-04-02 11:50:00,2950.0,2960.0,2950.0,2950.0,77600
2026-04-02 11:55:00,2950.0,2960.0,2950.0,2950.0,58900
2026-04-02 13:30:00,2960.0,2980.0,2950.0,2970.0,1267000
2026-04-02 13:35:00,2960.0,2970.0,2960.0,2970.0,147400
2026-04-02 13:40:00,2970.0,2990.0,2960.0,2990.0,677200
2026-04-02 13:45:00,2980.0,2990.0,2970.0,2990.0,619400
2026-04-02 13:50:00,2990.0,2990.0,2970.0,2980.0,179200
2026-04-02 13:55:00,2970.0,2980.0,2970.0,2980.0,79400
2026-04-02 14:00:00,2980.0,2980.0,2960.0,2960.0,391500
2026-04-02 14:05:00,2960.0,2970.0,2960.0,2960.0,195600
2026-04-02 14:10:00,2960.0,2970.0,2960.0,2970.0,73300
2026-04-02 14:15:00,2970.0,2970.0,2960.0,2970.0,160600
2026-04-02 14:20:00,2970.0,2980.0,2960.0,2960.0,186400
2026-04-02 14:25:00,2960.0,2960.0,2940.0,2950.0,681600
2026-04-02 14:30:00,2940.0,2950.0,2940.0,2950.0,203000
2026-04-02 14:35:00,2950.0,2950.0,2940.0,2940.0,88900
2026-04-02 14:40:00,2950.0,2950.0,2940.0,2950.0,54900
2026-04-02 14:45:00,2950.0,2950.0,2940.0,2950.0,118100
2026-04-02 14:50:00,2950.0,2950.0,2940.0,2950.0,212400
2026-04-02 14:55:00,2940.0,2950.0,2940.0,2950.0,171800
2026-04-02 15:00:00,2950.0,2960.0,2940.0,2960.0,206800
2026-04-02 15:05:00,2960.0,2960.0,2950.0,2960.0,131000
2026-04-02 15:10:00,2960.0,2960.0,2950.0,2960.0,71900
2026-04-02 15:15:00,2950.0,2960.0,2950.0,2960.0,207500
2026-04-02 15:20:00,2950.0,2960.0,2940.0,2940.0,317300
2026-04-02 15:25:00,2940.0,2950.0,2930.0,2930.0,520400
2026-04-02 15:30:00,2930.0,2940.0,2930.0,2940.0,127600
2026-04-02 15:35:00,2930.0,2940.0,2930.0,2940.0,515900
2026-04-02 15:40:00,2930.0,2940.0,2920.0,2930.0,954100
2026-04-02 15:45:00,2930.0,2930.0,2920.0,2920.0,1483100
2026-04-02 16:00:00,2910.0,2910.0,2910.0,2910.0,2485200
2026-04-02 16:05:00,2910.0,2910.0,2910.0,2910.0,216200
2026-04-02 16:10:00,2910.0,2910.0,2910.0,2910.0,214400
2026-04-06 09:00:00,2930.0,2960.0,2930.0,2950.0,0
2026-04-06 09:05:00,2950.0,2960.0,2930.0,2950.0,945400
2026-04-06 09:10:00,2950.0,2950.0,2940.0,2940.0,294100
2026-04-06 09:15:00,2940.0,2950.0,2940.0,2940.0,392000
2026-04-06 09:20:00,2940.0,2970.0,2940.0,2970.0,730700
2026-04-06 09:25:00,2970.0,2980.0,2960.0,2970.0,545900
2026-04-06 09:30:00,2970.0,2970.0,2950.0,2960.0,185100
2026-04-06 09:35:00,2950.0,2960.0,2950.0,2960.0,74200
2026-04-06 09:40:00,2960.0,2980.0,2950.0,2980.0,342500
2026-04-06 09:45:00,2980.0,2980.0,2970.0,2980.0,550200
2026-04-06 09:50:00,2980.0,2980.0,2970.0,2970.0,237600
2026-04-06 09:55:00,2970.0,2980.0,2970.0,2970.0,160800
2026-04-06 10:00:00,2980.0,2980.0,2960.0,2980.0,774500
2026-04-06 10:05:00,2980.0,2980.0,2970.0,2970.0,111800
2026-04-06 10:10:00,2970.0,2980.0,2970.0,2980.0,125800
2026-04-06 10:15:00,2980.0,2980.0,2970.0,2970.0,198900
2026-04-06 10:20:00,2970.0,2980.0,2970.0,2970.0,25500
2026-04-06 10:25:00,2970.0,2990.0,2970.0,2990.0,924000
2026-04-06 10:30:00,2980.0,2990.0,2980.0,2990.0,106600
2026-04-06 10:35:00,2990.0,2990.0,2980.0,2990.0,366000
2026-04-06 10:40:00,2980.0,3000.0,2980.0,2990.0,929700
2026-04-06 10:45:00,2990.0,3000.0,2990.0,2990.0,551300
2026-04-06 10:50:00,3000.0,3000.0,2990.0,3000.0,349400
2026-04-06 10:55:00,3000.0,3000.0,2990.0,3000.0,158800
2026-04-06 11:00:00,3000.0,3000.0,2990.0,3000.0,237900
2026-04-06 11:05:00,3000.0,3010.0,2990.0,3010.0,308400
2026-04-06 11:10:00,3010.0,3010.0,3000.0,3010.0,184600
2026-04-06 11:15:00,3010.0,3010.0,3000.0,3000.0,141900
2026-04-06 11:20:00,3000.0,3010.0,3000.0,3000.0,1045200
2026-04-06 11:25:00,3000.0,3000.0,2990.0,2990.0,73800
2026-04-06 11:30:00,2990.0,3000.0,2980.0,2990.0,537700
2026-04-06 11:35:00,2980.0,3000.0,2980.0,3000.0,228300
2026-04-06 11:40:00,2990.0,3000.0,2990.0,3000.0,89400
2026-04-06 11:45:00,2990.0,3000.0,2990.0,3000.0,136000
2026-04-06 11:50:00,3000.0,3000.0,2990.0,3000.0,224600
2026-04-06 11:55:00,3000.0,3000.0,2990.0,2990.0,448600
2026-04-06 13:30:00,3000.0,3000.0,2980.0,2990.0,172200
2026-04-06 13:35:00,3000.0,3000.0,2990.0,2990.0,226100
2026-04-06 13:40:00,2990.0,3000.0,2990.0,2990.0,24300
2026-04-06 13:45:00,3000.0,3000.0,2990.0,3000.0,46500
2026-04-06 13:50:00,2990.0,3000.0,2990.0,2990.0,711100
2026-04-06 13:55:00,2990.0,3000.0,2990.0,3000.0,154700
2026-04-06 14:00:00,2990.0,3000.0,2990.0,3000.0,86700
2026-04-06 14:05:00,2990.0,3000.0,2990.0,3000.0,177000
2026-04-06 14:10:00,2990.0,3000.0,2990.0,2990.0,47600
2026-04-06 14:15:00,2990.0,3000.0,2990.0,2990.0,127200
2026-04-06 14:20:00,2990.0,3000.0,2990.0,3000.0,184800
2026-04-06 14:25:00,2990.0,3000.0,2990.0,2990.0,219800
2026-04-06 14:30:00,3000.0,3000.0,2990.0,3000.0,33200
2026-04-06 14:35:00,2990.0,3000.0,2990.0,3000.0,123600
2026-04-06 14:40:00,2990.0,3000.0,2990.0,3000.0,42900
2026-04-06 14:45:00,2990.0,3000.0,2990.0,2990.0,45700
2026-04-06 14:50:00,2990.0,3000.0,2990.0,2990.0,213400
2026-04-06 14:55:00,2990.0,3000.0,2990.0,3000.0,787000
2026-04-06 15:00:00,2990.0,3000.0,2990.0,2990.0,160000
2026-04-06 15:05:00,2990.0,3000.0,2990.0,2990.0,332400
2026-04-06 15:10:00,2990.0,3000.0,2990.0,2990.0,286100
2026-04-06 15:15:00,3000.0,3000.0,2990.0,2990.0,284000
2026-04-06 15:20:00,2990.0,3000.0,2990.0,2990.0,366100
2026-04-06 15:25:00,2990.0,3000.0,2990.0,2990.0,168700
2026-04-06 15:30:00,2990.0,3000.0,2990.0,3000.0,118600
2026-04-06 15:35:00,2990.0,3000.0,2990.0,3000.0,284600
2026-04-06 15:40:00,2990.0,3000.0,2990.0,3000.0,319900
2026-04-06 15:45:00,2990.0,3000.0,2980.0,3000.0,1315500
2026-04-06 16:00:00,2980.0,2980.0,2980.0,2980.0,712300
2026-04-06 16:05:00,2980.0,2980.0,2980.0,2980.0,1300
2026-04-06 16:10:00,2980.0,2980.0,2980.0,2980.0,10900
2026-04-07 09:00:00,3000.0,3010.0,2970.0,2980.0,0
2026-04-07 09:05:00,2980.0,3000.0,2960.0,3000.0,1132700
2026-04-07 09:10:00,3000.0,3000.0,2990.0,3000.0,78600
2026-04-07 09:15:00,3000.0,3000.0,2990.0,3000.0,104800
2026-04-07 09:20:00,3000.0,3000.0,2980.0,2980.0,556300
2026-04-07 09:25:00,2990.0,3000.0,2990.0,3000.0,431300
2026-04-07 09:30:00,2990.0,3000.0,2980.0,2980.0,406700
2026-04-07 09:35:00,2990.0,2990.0,2980.0,2980.0,48600
2026-04-07 09:40:00,2980.0,2990.0,2980.0,2990.0,289700
2026-04-07 09:45:00,2990.0,2990.0,2980.0,2990.0,43100
2026-04-07 09:50:00,2980.0,2990.0,2980.0,2990.0,231900
2026-04-07 09:55:00,2980.0,2990.0,2980.0,2980.0,48600
2026-04-07 10:00:00,2990.0,2990.0,2980.0,2980.0,254200
2026-04-07 10:05:00,2980.0,2990.0,2970.0,2980.0,988800
2026-04-07 10:10:00,2980.0,2990.0,2960.0,2960.0,647400
2026-04-07 10:15:00,2960.0,2970.0,2960.0,2960.0,265300
2026-04-07 10:20:00,2960.0,2970.0,2960.0,2970.0,119100
2026-04-07 10:25:00,2960.0,2970.0,2960.0,2970.0,31800
2026-04-07 10:30:00,2960.0,2970.0,2960.0,2960.0,71200
2026-04-07 10:35:00,2960.0,2970.0,2960.0,2970.0,80400
2026-04-07 10:40:00,2960.0,2980.0,2960.0,2980.0,882100
2026-04-07 10:45:00,2970.0,2980.0,2940.0,2940.0,1827200
2026-04-07 10:50:00,2940.0,2950.0,2940.0,2940.0,75000
2026-04-07 10:55:00,2940.0,2950.0,2940.0,2940.0,80800
2026-04-07 11:00:00,2950.0,2950.0,2940.0,2940.0,176400
2026-04-07 11:05:00,2940.0,2940.0,2920.0,2930.0,1004300
2026-04-07 11:10:00,2930.0,2940.0,2930.0,2930.0,38200
2026-04-07 11:15:00,2930.0,2940.0,2930.0,2940.0,105500
2026-04-07 11:20:00,2940.0,2940.0,2930.0,2930.0,56500
2026-04-07 11:25:00,2930.0,2940.0,2930.0,2930.0,336300
2026-04-07 11:30:00,2930.0,2940.0,2930.0,2930.0,101600
2026-04-07 11:35:00,2930.0,2940.0,2930.0,2940.0,162900
2026-04-07 11:40:00,2930.0,2940.0,2930.0,2930.0,62800
2026-04-07 11:45:00,2930.0,2940.0,2930.0,2940.0,129400
2026-04-07 11:50:00,2930.0,2940.0,2930.0,2940.0,142500
2026-04-07 11:55:00,2940.0,2940.0,2930.0,2940.0,247200
2026-04-07 13:30:00,2940.0,2950.0,2930.0,2940.0,860400
2026-04-07 13:35:00,2940.0,2950.0,2930.0,2940.0,535000
2026-04-07 13:40:00,2940.0,2940.0,2930.0,2940.0,130000
2026-04-07 13:45:00,2930.0,2930.0,2920.0,2920.0,350300
2026-04-07 13:50:00,2920.0,2930.0,2920.0,2930.0,75100
2026-04-07 13:55:00,2930.0,2930.0,2920.0,2920.0,85000
2026-04-07 14:00:00,2920.0,2930.0,2920.0,2930.0,246900
2026-04-07 14:05:00,2930.0,2940.0,2920.0,2920.0,929100
2026-04-07 14:10:00,2920.0,2930.0,2920.0,2930.0,82700
2026-04-07 14:15:00,2920.0,2930.0,2920.0,2920.0,695500
2026-04-07 14:20:00,2920.0,2920.0,2910.0,2910.0,554600
2026-04-07 14:25:00,2920.0,2930.0,2910.0,2930.0,328400
2026-04-07 14:30:00,2930.0,2930.0,2920.0,2920.0,141000
2026-04-07 14:35:00,2930.0,2930.0,2920.0,2920.0,416700
2026-04-07 14:40:00,2920.0,2930.0,2920.0,2920.0,182400
2026-04-07 14:45:00,2920.0,2930.0,2920.0,2920.0,608700
2026-04-07 14:50:00,2920.0,2920.0,2910.0,2920.0,195700
2026-04-07 14:55:00,2920.0,2920.0,2910.0,2910.0,81200
2026-04-07 15:00:00,2910.0,2920.0,2900.0,2910.0,1762300
2026-04-07 15:05:00,2910.0,2910.0,2900.0,2910.0,69000
2026-04-07 15:10:00,2900.0,2910.0,2890.0,2890.0,2484400
2026-04-07 15:15:00,2890.0,2900.0,2890.0,2890.0,322000
2026-04-07 15:20:00,2890.0,2900.0,2870.0,2880.0,1770800
2026-04-07 15:25:00,2890.0,2890.0,2870.0,2880.0,687700
2026-04-07 15:30:00,2880.0,2920.0,2880.0,2920.0,1601800
2026-04-07 15:35:00,2910.0,2920.0,2900.0,2920.0,1688800
2026-04-07 15:40:00,2910.0,2930.0,2910.0,2910.0,1220500
2026-04-07 15:45:00,2920.0,2930.0,2910.0,2920.0,1525500
2026-04-07 16:00:00,2930.0,2930.0,2930.0,2930.0,1131100
2026-04-07 16:05:00,2930.0,2930.0,2930.0,2930.0,9900
2026-04-07 16:10:00,2930.0,2930.0,2930.0,2930.0,33900
2026-04-08 09:00:00,2870.0,2900.0,2860.0,2890.0,0
2026-04-08 09:05:00,2890.0,2900.0,2890.0,2890.0,611500
2026-04-08 09:10:00,2890.0,2900.0,2880.0,2900.0,522800
2026-04-08 09:15:00,2900.0,2910.0,2890.0,2910.0,1081900
2026-04-08 09:20:00,2900.0,2930.0,2900.0,2920.0,784400
2026-04-08 09:25:00,2920.0,2920.0,2900.0,2910.0,587000
2026-04-08 09:30:00,2910.0,2910.0,2900.0,2910.0,94700
2026-04-08 09:35:00,2910.0,2910.0,2900.0,2900.0,1104100
2026-04-08 09:40:00,2910.0,2910.0,2880.0,2890.0,804300
2026-04-08 09:45:00,2890.0,2890.0,2860.0,2860.0,1895000
2026-04-08 09:50:00,2870.0,2870.0,2860.0,2860.0,565400
2026-04-08 09:55:00,2870.0,2870.0,2860.0,2870.0,1047200
2026-04-08 10:00:00,2870.0,2880.0,2870.0,2870.0,904900
2026-04-08 10:05:00,2880.0,2880.0,2870.0,2880.0,232700
2026-04-08 10:10:00,2880.0,2880.0,2870.0,2880.0,225600
2026-04-08 10:15:00,2880.0,2880.0,2870.0,2880.0,103500
2026-04-08 10:20:00,2870.0,2880.0,2870.0,2870.0,228100
2026-04-08 10:25:00,2880.0,2880.0,2870.0,2870.0,154400
2026-04-08 10:30:00,2880.0,2880.0,2870.0,2880.0,160200
2026-04-08 10:35:00,2880.0,2880.0,2860.0,2870.0,1467500
2026-04-08 10:40:00,2860.0,2870.0,2860.0,2870.0,645700
2026-04-08 10:45:00,2870.0,2870.0,2850.0,2860.0,2140000
2026-04-08 10:50:00,2860.0,2860.0,2820.0,2820.0,2720000
2026-04-08 10:55:00,2820.0,2820.0,2810.0,2820.0,720700
2026-04-08 11:00:00,2820.0,2820.0,2810.0,2820.0,1099900
2026-04-08 11:05:00,2820.0,2820.0,2810.0,2810.0,818500
2026-04-08 11:10:00,2820.0,2820.0,2810.0,2810.0,597500
2026-04-08 11:15:00,2810.0,2840.0,2810.0,2840.0,1311100
2026-04-08 11:20:00,2840.0,2840.0,2830.0,2830.0,395300
2026-04-08 11:25:00,2830.0,2840.0,2820.0,2830.0,260400
2026-04-08 11:30:00,2820.0,2830.0,2820.0,2830.0,291000
2026-04-08 11:35:00,2820.0,2830.0,2820.0,2830.0,321900
2026-04-08 11:40:00,2820.0,2830.0,2810.0,2820.0,427400
2026-04-08 11:45:00,2830.0,2830.0,2820.0,2830.0,272700
2026-04-08 11:50:00,2830.0,2830.0,2820.0,2830.0,328900
2026-04-08 11:55:00,2830.0,2840.0,2820.0,2830.0,1622500
2026-04-08 13:30:00,2820.0,2840.0,2820.0,2840.0,1880300
2026-04-08 13:35:00,2840.0,2840.0,2830.0,2830.0,665000
2026-04-08 13:40:00,2830.0,2840.0,2830.0,2840.0,518200
2026-04-08 13:45:00,2840.0,2840.0,2830.0,2840.0,369800
2026-04-08 13:50:00,2840.0,2840.0,2830.0,2840.0,375500
2026-04-08 13:55:00,2830.0,2840.0,2830.0,2830.0,87100
2026-04-08 14:00:00,2840.0,2850.0,2830.0,2850.0,2159500
2026-04-08 14:05:00,2840.0,2860.0,2840.0,2850.0,943000
2026-04-08 14:10:00,2860.0,2860.0,2850.0,2850.0,460000
2026-04-08 14:15:00,2860.0,2860.0,2840.0,2850.0,966200
2026-04-08 14:20:00,2850.0,2850.0,2840.0,2850.0,536600
2026-04-08 14:25:00,2850.0,2850.0,2840.0,2850.0,59300
2026-04-08 14:30:00,2850.0,2850.0,2840.0,2850.0,598000
2026-04-08 14:35:00,2850.0,2850.0,2840.0,2840.0,343000
2026-04-08 14:40:00,2850.0,2860.0,2840.0,2860.0,2032400
2026-04-08 14:45:00,2850.0,2860.0,2850.0,2860.0,112600
2026-04-08 14:50:00,2850.0,2860.0,2850.0,2850.0,593100
2026-04-08 14:55:00,2850.0,2850.0,2840.0,2850.0,653800
2026-04-08 15:00:00,2850.0,2860.0,2850.0,2860.0,163000
2026-04-08 15:05:00,2860.0,2860.0,2840.0,2860.0,725300
2026-04-08 15:10:00,2850.0,2860.0,2840.0,2850.0,437100
2026-04-08 15:15:00,2860.0,2860.0,2840.0,2860.0,467200
2026-04-08 15:20:00,2860.0,2860.0,2840.0,2850.0,732200
2026-04-08 15:25:00,2850.0,2860.0,2840.0,2850.0,863600
2026-04-08 15:30:00,2860.0,2860.0,2840.0,2850.0,1277200
2026-04-08 15:35:00,2850.0,2860.0,2850.0,2850.0,961100
2026-04-08 15:40:00,2850.0,2860.0,2840.0,2850.0,1125500
2026-04-08 15:45:00,2840.0,2850.0,2830.0,2850.0,2202900
2026-04-08 16:00:00,2860.0,2860.0,2860.0,2860.0,2285200
2026-04-08 16:05:00,2860.0,2860.0,2860.0,2860.0,121500
2026-04-08 16:10:00,2860.0,2860.0,2860.0,2860.0,0
2026-04-09 09:00:00,2870.0,2920.0,2860.0,2890.0,0
2026-04-09 09:05:00,2890.0,2900.0,2880.0,2900.0,725000
2026-04-09 09:10:00,2900.0,2900.0,2890.0,2890.0,346900
2026-04-09 09:15:00,2890.0,2900.0,2870.0,2880.0,1439700
2026-04-09 09:20:00,2880.0,2880.0,2860.0,2880.0,1371000
2026-04-09 09:25:00,2880.0,2880.0,2860.0,2870.0,90100
2026-04-09 09:30:00,2870.0,2880.0,2860.0,2870.0,621600
2026-04-09 09:35:00,2870.0,2870.0,2850.0,2870.0,445300
2026-04-09 09:40:00,2870.0,2870.0,2860.0,2870.0,136900
2026-04-09 09:45:00,2860.0,2880.0,2860.0,2870.0,350800
2026-04-09 09:50:00,2870.0,2880.0,2870.0,2880.0,68300
2026-04-09 09:55:00,2870.0,2890.0,2870.0,2890.0,696300
2026-04-09 10:00:00,2890.0,2890.0,2880.0,2890.0,234200
2026-04-09 10:05:00,2880.0,2890.0,2880.0,2880.0,69500
2026-04-09 10:10:00,2880.0,2890.0,2880.0,2880.0,267600
2026-04-09 10:15:00,2880.0,2890.0,2880.0,2880.0,112200
2026-04-09 10:20:00,2880.0,2890.0,2870.0,2870.0,266900
2026-04-09 10:25:00,2870.0,2890.0,2870.0,2880.0,522400
2026-04-09 10:30:00,2890.0,2890.0,2880.0,2880.0,181000
2026-04-09 10:35:00,2890.0,2890.0,2880.0,2880.0,83000
2026-04-09 10:40:00,2890.0,2890.0,2880.0,2890.0,42200
2026-04-09 10:45:00,2880.0,2890.0,2870.0,2870.0,542800
2026-04-09 10:50:00,2880.0,2880.0,2860.0,2860.0,191700
2026-04-09 10:55:00,2870.0,2880.0,2860.0,2870.0,349600
2026-04-09 11:00:00,2880.0,2880.0,2870.0,2880.0,89700
2026-04-09 11:05:00,2880.0,2880.0,2870.0,2880.0,254600
2026-04-09 11:10:00,2870.0,2880.0,2870.0,2880.0,121200
2026-04-09 11:15:00,2880.0,2880.0,2870.0,2880.0,205900
2026-04-09 11:20:00,2880.0,2880.0,2870.0,2880.0,66000
2026-04-09 11:25:00,2880.0,2890.0,2870.0,2880.0,163900
2026-04-09 11:30:00,2880.0,2880.0,2870.0,2880.0,33200
2026-04-09 11:35:00,2880.0,2880.0,2870.0,2880.0,56100
2026-04-09 11:40:00,2870.0,2880.0,2870.0,2870.0,48100
2026-04-09 11:45:00,2880.0,2880.0,2870.0,2880.0,164700
2026-04-09 11:50:00,2880.0,2880.0,2870.0,2880.0,150800
2026-04-09 11:55:00,2880.0,2880.0,2870.0,2880.0,109200
2026-04-09 13:30:00,2880.0,2880.0,2870.0,2870.0,126400
2026-04-09 13:35:00,2870.0,2880.0,2870.0,2880.0,462400
2026-04-09 13:40:00,2880.0,2880.0,2870.0,2880.0,53700
2026-04-09 13:45:00,2870.0,2880.0,2860.0,2860.0,476500
2026-04-09 13:50:00,2870.0,2870.0,2860.0,2860.0,153000
2026-04-09 13:55:00,2860.0,2870.0,2860.0,2860.0,33500
2026-04-09 14:00:00,2870.0,2880.0,2860.0,2880.0,453600
2026-04-09 14:05:00,2880.0,2880.0,2870.0,2880.0,89000
2026-04-09 14:10:00,2870.0,2880.0,2870.0,2870.0,83700
2026-04-09 14:15:00,2880.0,2880.0,2870.0,2880.0,40400
2026-04-09 14:20:00,2880.0,2880.0,2870.0,2870.0,41600
2026-04-09 14:25:00,2880.0,2880.0,2870.0,2870.0,61300
2026-04-09 14:30:00,2870.0,2880.0,2870.0,2880.0,65500
2026-04-09 14:35:00,2880.0,2880.0,2870.0,2880.0,68400
2026-04-09 14:40:00,2870.0,2880.0,2870.0,2880.0,89500
2026-04-09 14:45:00,2880.0,2880.0,2870.0,2870.0,125300
2026-04-09 14:50:00,2880.0,2880.0,2870.0,2880.0,205300
2026-04-09 14:55:00,2880.0,2880.0,2870.0,2870.0,74300
2026-04-09 15:00:00,2880.0,2880.0,2870.0,2880.0,116400
2026-04-09 15:05:00,2880.0,2880.0,2870.0,2870.0,92100
2026-04-09 15:10:00,2880.0,2880.0,2870.0,2880.0,300700
2026-04-09 15:15:00,2880.0,2880.0,2860.0,2860.0,792900
2026-04-09 15:20:00,2860.0,2870.0,2860.0,2870.0,111600
2026-04-09 15:25:00,2870.0,2870.0,2860.0,2860.0,104400
2026-04-09 15:30:00,2860.0,2870.0,2860.0,2870.0,67500
2026-04-09 15:35:00,2860.0,2870.0,2860.0,2870.0,107500
2026-04-09 15:40:00,2860.0,2870.0,2860.0,2870.0,317300
2026-04-09 15:45:00,2870.0,2880.0,2860.0,2880.0,625100
2026-04-09 16:00:00,2880.0,2880.0,2880.0,2880.0,744600
2026-04-09 16:05:00,2880.0,2880.0,2880.0,2880.0,49200
2026-04-09 16:10:00,2880.0,2880.0,2880.0,2880.0,25800
2026-04-10 09:00:00,2890.0,2900.0,2860.0,2870.0,0
2026-04-10 09:05:00,2870.0,2870.0,2860.0,2860.0,536500
2026-04-10 09:10:00,2870.0,2870.0,2860.0,2870.0,119000
2026-04-10 09:15:00,2870.0,2880.0,2860.0,2880.0,452200
2026-04-10 09:20:00,2880.0,2890.0,2870.0,2880.0,417700
2026-04-10 09:25:00,2890.0,2890.0,2880.0,2890.0,75400
2026-04-10 09:30:00,2890.0,2890.0,2880.0,2890.0,164200
2026-04-10 09:35:00,2890.0,2890.0,2870.0,2880.0,750800
2026-04-10 09:40:00,2880.0,2880.0,2870.0,2880.0,141500
2026-04-10 09:45:00,2880.0,2880.0,2870.0,2880.0,106700
2026-04-10 09:50:00,2880.0,2880.0,2870.0,2870.0,389600
2026-04-10 09:55:00,2870.0,2880.0,2870.0,2880.0,102300
2026-04-10 10:00:00,2870.0,2880.0,2870.0,2880.0,257600
2026-04-10 10:05:00,2880.0,2880.0,2870.0,2880.0,135200
2026-04-10 10:10:00,2870.0,2880.0,2870.0,2880.0,77300
2026-04-10 10:15:00,2880.0,2880.0,2870.0,2880.0,45300
2026-04-10 10:20:00,2880.0,2880.0,2870.0,2870.0,84400
2026-04-10 10:25:00,2880.0,2880.0,2870.0,2880.0,66700
2026-04-10 10:30:00,2880.0,2880.0,2870.0,2870.0,140300
2026-04-10 10:35:00,2880.0,2880.0,2870.0,2870.0,62400
2026-04-10 10:40:00,2870.0,2880.0,2870.0,2870.0,46000
2026-04-10 10:45:00,2880.0,2880.0,2870.0,2870.0,208600
2026-04-10 10:50:00,2870.0,2880.0,2870.0,2870.0,105700
2026-04-10 10:55:00,2880.0,2880.0,2870.0,2870.0,51400
2026-04-10 11:00:00,2880.0,2880.0,2870.0,2880.0,257200
2026-04-10 11:05:00,2880.0,2880.0,2870.0,2880.0,122900
2026-04-10 11:10:00,2880.0,2880.0,2870.0,2880.0,144900
2026-04-10 11:15:00,2880.0,2880.0,2870.0,2870.0,87600
2026-04-10 11:20:00,2870.0,2880.0,2870.0,2880.0,62100
2026-04-10 11:25:00,2880.0,2880.0,2870.0,2870.0,179600
2026-04-10 14:00:00,2880.0,2880.0,2870.0,2870.0,1194400
2026-04-10 14:05:00,2870.0,2870.0,2860.0,2870.0,115500
2026-04-10 14:10:00,2870.0,2870.0,2860.0,2860.0,251700
2026-04-10 14:15:00,2870.0,2870.0,2860.0,2870.0,84600
2026-04-10 14:20:00,2870.0,2880.0,2870.0,2880.0,210400
2026-04-10 14:25:00,2880.0,2880.0,2870.0,2870.0,71000
2026-04-10 14:30:00,2880.0,2880.0,2870.0,2880.0,125900
2026-04-10 14:35:00,2870.0,2880.0,2870.0,2880.0,71600
2026-04-10 14:40:00,2880.0,2880.0,2870.0,2870.0,155800
2026-04-10 14:45:00,2870.0,2880.0,2870.0,2880.0,48400
2026-04-10 14:50:00,2880.0,2880.0,2870.0,2870.0,271300
2026-04-10 14:55:00,2880.0,2880.0,2870.0,2870.0,64400
2026-04-10 15:00:00,2880.0,2880.0,2870.0,2870.0,76400
2026-04-10 15:05:00,2870.0,2880.0,2870.0,2880.0,62400
2026-04-10 15:10:00,2880.0,2880.0,2870.0,2880.0,211000
2026-04-10 15:15:00,2870.0,2880.0,2870.0,2880.0,538000
2026-04-10 15:20:00,2880.0,2880.0,2870.0,2880.0,142100
2026-04-10 15:25:00,2880.0,2880.0,2870.0,2880.0,196700
2026-04-10 15:30:00,2870.0,2880.0,2870.0,2880.0,332200
2026-04-10 15:35:00,2880.0,2880.0,2870.0,2880.0,365900
2026-04-10 15:40:00,2870.0,2880.0,2870.0,2880.0,400400
2026-04-10 15:45:00,2880.0,2890.0,2870.0,2880.0,2112600
2026-04-10 16:00:00,2890.0,2890.0,2890.0,2890.0,1219600
2026-04-10 16:05:00,2890.0,2890.0,2890.0,2890.0,14200
2026-04-10 16:10:00,2890.0,2890.0,2890.0,2890.0,3900
2026-04-13 09:00:00,2900.0,2950.0,2890.0,2940.0,0
2026-04-13 09:05:00,2930.0,2940.0,2920.0,2920.0,1262200
2026-04-13 09:10:00,2930.0,2930.0,2920.0,2930.0,389300
2026-04-13 09:15:00,2930.0,2930.0,2910.0,2920.0,1194400
2026-04-13 09:20:00,2930.0,2930.0,2920.0,2930.0,198800
2026-04-13 09:25:00,2930.0,2930.0,2920.0,2920.0,147300
2026-04-13 09:30:00,2930.0,2930.0,2920.0,2920.0,30100
2026-04-13 09:35:00,2930.0,2930.0,2920.0,2920.0,42200
2026-04-13 09:40:00,2920.0,2930.0,2920.0,2920.0,775800
2026-04-13 09:45:00,2920.0,2930.0,2920.0,2920.0,507500
2026-04-13 09:50:00,2920.0,2930.0,2920.0,2930.0,55000
2026-04-13 09:55:00,2930.0,2930.0,2920.0,2930.0,114300
2026-04-13 10:00:00,2930.0,2950.0,2930.0,2940.0,1349200
2026-04-13 10:05:00,2940.0,2950.0,2930.0,2940.0,1038500
2026-04-13 10:10:00,2940.0,2950.0,2930.0,2950.0,437500
2026-04-13 10:15:00,2950.0,2950.0,2940.0,2950.0,676200
2026-04-13 10:20:00,2940.0,2950.0,2930.0,2940.0,258100
2026-04-13 10:25:00,2940.0,2940.0,2930.0,2940.0,258000
2026-04-13 10:30:00,2940.0,2940.0,2930.0,2930.0,63900
2026-04-13 10:35:00,2930.0,2940.0,2930.0,2940.0,37400
2026-04-13 10:40:00,2940.0,2940.0,2930.0,2930.0,77200
2026-04-13 10:45:00,2940.0,2940.0,2930.0,2940.0,111000
2026-04-13 10:50:00,2940.0,2940.0,2930.0,2940.0,100800
2026-04-13 10:55:00,2940.0,2940.0,2930.0,2940.0,54300
2026-04-13 11:00:00,2940.0,2940.0,2930.0,2940.0,73800
2026-04-13 11:05:00,2940.0,2940.0,2930.0,2940.0,85600
2026-04-13 11:10:00,2940.0,2940.0,2930.0,2940.0,53700
2026-04-13 11:15:00,2940.0,2940.0,2930.0,2940.0,31900
2026-04-13 11:20:00,2940.0,2940.0,2930.0,2940.0,259400
2026-04-13 11:25:00,2940.0,2940.0,2930.0,2940.0,37200
2026-04-13 11:30:00,2930.0,2940.0,2930.0,2940.0,35600
2026-04-13 11:35:00,2930.0,2940.0,2930.0,2930.0,37400
2026-04-13 11:40:00,2940.0,2940.0,2930.0,2940.0,89000
2026-04-13 11:45:00,2930.0,2940.0,2930.0,2930.0,96100
2026-04-13 11:50:00,2940.0,2940.0,2930.0,2930.0,66300
2026-04-13 11:55:00,2930.0,2940.0,2930.0,2930.0,59500
2026-04-13 13:30:00,2930.0,2940.0,2930.0,2940.0,240900
2026-04-13 13:35:00,2940.0,2940.0,2930.0,2940.0,79100
2026-04-13 13:40:00,2930.0,2940.0,2930.0,2940.0,290200
2026-04-13 13:45:00,2930.0,2940.0,2930.0,2930.0,841100
2026-04-13 13:50:00,2930.0,2940.0,2930.0,2930.0,540600
2026-04-13 13:55:00,2930.0,2930.0,2920.0,2930.0,194100
2026-04-13 14:00:00,2930.0,2940.0,2930.0,2940.0,11200
2026-04-13 14:05:00,2930.0,2940.0,2930.0,2940.0,87600
2026-04-13 14:10:00,2940.0,2940.0,2930.0,2930.0,380700
2026-04-13 14:15:00,2930.0,2940.0,2930.0,2940.0,137700
2026-04-13 14:20:00,2930.0,2930.0,2920.0,2930.0,128900
2026-04-13 14:25:00,2930.0,2930.0,2920.0,2930.0,102100
2026-04-13 14:30:00,2930.0,2930.0,2920.0,2930.0,138400
2026-04-13 14:35:00,2930.0,2930.0,2920.0,2920.0,58300
2026-04-13 14:40:00,2920.0,2930.0,2920.0,2920.0,35800
2026-04-13 14:45:00,2930.0,2930.0,2920.0,2920.0,692300
2026-04-13 14:50:00,2920.0,2930.0,2910.0,2930.0,319600
2026-04-13 14:55:00,2920.0,2930.0,2920.0,2920.0,131400
2026-04-13 15:00:00,2930.0,2930.0,2920.0,2920.0,412200
2026-04-13 15:05:00,2930.0,2930.0,2920.0,2920.0,41800
2026-04-13 15:10:00,2920.0,2930.0,2920.0,2930.0,177800
2026-04-13 15:15:00,2930.0,2930.0,2920.0,2920.0,87500
2026-04-13 15:20:00,2920.0,2930.0,2920.0,2930.0,52500
2026-04-13 15:25:00,2930.0,2930.0,2920.0,2930.0,57000
2026-04-13 15:30:00,2930.0,2930.0,2920.0,2930.0,98500
2026-04-13 15:35:00,2920.0,2930.0,2920.0,2930.0,171000
2026-04-13 15:40:00,2930.0,2930.0,2920.0,2930.0,215800
2026-04-13 15:45:00,2930.0,2940.0,2920.0,2940.0,1057700
2026-04-13 16:00:00,2920.0,2920.0,2920.0,2920.0,6226600
2026-04-13 16:05:00,2920.0,2920.0,2920.0,2920.0,6600
2026-04-13 16:10:00,2920.0,2920.0,2920.0,2920.0,102300
2026-04-14 09:00:00,2940.0,2960.0,2930.0,2930.0,0
2026-04-14 09:05:00,2930.0,2940.0,2930.0,2930.0,375700
2026-04-14 09:10:00,2930.0,2940.0,2920.0,2930.0,396700
2026-04-14 09:15:00,2930.0,2930.0,2910.0,2920.0,1343100
2026-04-14 09:20:00,2920.0,2930.0,2910.0,2930.0,1305400
2026-04-14 09:25:00,2930.0,2940.0,2920.0,2930.0,330900
2026-04-14 09:30:00,2930.0,2940.0,2920.0,2920.0,235900
2026-04-14 09:35:00,2930.0,2940.0,2920.0,2930.0,516400
2026-04-14 09:40:00,2920.0,2930.0,2920.0,2920.0,288300
2026-04-14 09:45:00,2920.0,2930.0,2920.0,2930.0,76000
2026-04-14 09:50:00,2930.0,2930.0,2920.0,2920.0,163900
2026-04-14 09:55:00,2920.0,2930.0,2920.0,2930.0,163300
2026-04-14 10:00:00,2920.0,2940.0,2920.0,2930.0,549100
2026-04-14 10:05:00,2940.0,2940.0,2920.0,2930.0,289000
2026-04-14 10:10:00,2940.0,2940.0,2930.0,2940.0,55300
2026-04-14 10:15:00,2940.0,2940.0,2930.0,2930.0,52600
2026-04-14 10:20:00,2930.0,2940.0,2930.0,2930.0,52600
2026-04-14 10:25:00,2930.0,2940.0,2930.0,2930.0,63000
2026-04-14 10:30:00,2930.0,2940.0,2930.0,2940.0,24900
2026-04-14 10:35:00,2940.0,2940.0,2930.0,2940.0,139400
2026-04-14 10:40:00,2930.0,2940.0,2920.0,2930.0,386500
2026-04-14 10:45:00,2920.0,2930.0,2920.0,2930.0,27000
2026-04-14 10:50:00,2930.0,2930.0,2920.0,2930.0,164700
2026-04-14 10:55:00,2930.0,2930.0,2920.0,2920.0,136200
2026-04-14 11:00:00,2920.0,2930.0,2920.0,2920.0,101400
2026-04-14 11:05:00,2930.0,2930.0,2920.0,2920.0,147600
2026-04-14 11:10:00,2920.0,2930.0,2920.0,2930.0,43800
2026-04-14 11:15:00,2930.0,2930.0,2920.0,2920.0,98500
2026-04-14 11:20:00,2920.0,2930.0,2920.0,2920.0,225400
2026-04-14 11:25:00,2920.0,2930.0,2920.0,2920.0,172400
2026-04-14 11:30:00,2930.0,2930.0,2920.0,2920.0,198400
2026-04-14 11:35:00,2920.0,2930.0,2920.0,2920.0,138300
2026-04-14 11:40:00,2920.0,2930.0,2920.0,2930.0,25600
2026-04-14 11:45:00,2930.0,2930.0,2920.0,2930.0,83000
2026-04-14 11:50:00,2920.0,2930.0,2920.0,2930.0,119400
2026-04-14 11:55:00,2920.0,2930.0,2920.0,2930.0,228900
2026-04-14 13:30:00,2920.0,2940.0,2920.0,2930.0,1041200
2026-04-14 13:35:00,2930.0,2930.0,2920.0,2930.0,84000
2026-04-14 13:40:00,2930.0,2940.0,2920.0,2940.0,322900
2026-04-14 13:45:00,2930.0,2940.0,2920.0,2930.0,645300
2026-04-14 13:50:00,2930.0,2930.0,2920.0,2930.0,23400
2026-04-14 13:55:00,2930.0,2940.0,2920.0,2940.0,523900
2026-04-14 14:00:00,2940.0,2940.0,2920.0,2930.0,338700
2026-04-14 14:05:00,2930.0,2930.0,2920.0,2930.0,30100
2026-04-14 14:10:00,2930.0,2930.0,2920.0,2930.0,33000
2026-04-14 14:15:00,2920.0,2930.0,2920.0,2920.0,178900
2026-04-14 14:20:00,2930.0,2930.0,2920.0,2930.0,24900
2026-04-14 14:25:00,2930.0,2930.0,2920.0,2920.0,131700
2026-04-14 14:30:00,2930.0,2930.0,2920.0,2930.0,51700
2026-04-14 14:35:00,2920.0,2930.0,2920.0,2930.0,258800
2026-04-14 14:40:00,2930.0,2930.0,2920.0,2920.0,148900
2026-04-14 14:45:00,2930.0,2930.0,2920.0,2920.0,164600
2026-04-14 14:50:00,2920.0,2930.0,2920.0,2920.0,236900
2026-04-14 14:55:00,2920.0,2930.0,2920.0,2920.0,265100
2026-04-14 15:00:00,2930.0,2930.0,2920.0,2920.0,36100
2026-04-14 15:05:00,2920.0,2930.0,2920.0,2920.0,46700
2026-04-14 15:10:00,2920.0,2930.0,2920.0,2920.0,903100
2026-04-14 15:15:00,2930.0,2930.0,2920.0,2930.0,248400
2026-04-14 15:20:00,2930.0,2930.0,2920.0,2930.0,398000
2026-04-14 15:25:00,2930.0,2930.0,2920.0,2930.0,90800
2026-04-14 15:30:00,2920.0,2930.0,2920.0,2920.0,156200
2026-04-14 15:35:00,2930.0,2930.0,2920.0,2920.0,190300
2026-04-14 15:40:00,2930.0,2930.0,2920.0,2930.0,543800
2026-04-14 15:45:00,2930.0,2940.0,2930.0,2930.0,249600
2026-04-14 16:00:00,2930.0,2930.0,2930.0,2930.0,587000
2026-04-14 16:05:00,2930.0,2930.0,2930.0,2930.0,14100
2026-04-14 16:10:00,2930.0,2930.0,2930.0,2930.0,9400
2026-04-15 09:00:00,2930.0,2930.0,2920.0,2930.0,0
2026-04-15 09:05:00,2930.0,2930.0,2910.0,2920.0,805800
2026-04-15 09:10:00,2920.0,2920.0,2910.0,2910.0,283300
2026-04-15 09:15:00,2920.0,2920.0,2900.0,2910.0,714300
2026-04-15 09:20:00,2910.0,2920.0,2900.0,2920.0,907900
2026-04-15 09:25:00,2910.0,2920.0,2900.0,2910.0,450700
2026-04-15 09:30:00,2910.0,2910.0,2900.0,2900.0,358500
2026-04-15 09:35:00,2910.0,2910.0,2890.0,2890.0,924100
2026-04-15 09:40:00,2900.0,2910.0,2890.0,2910.0,482800
2026-04-15 09:45:00,2900.0,2910.0,2900.0,2910.0,184000
2026-04-15 09:50:00,2910.0,2910.0,2900.0,2900.0,63900
2026-04-15 09:55:00,2910.0,2910.0,2900.0,2910.0,55600
2026-04-15 10:00:00,2900.0,2910.0,2900.0,2910.0,202000
2026-04-15 10:05:00,2910.0,2910.0,2900.0,2910.0,123500
2026-04-15 10:10:00,2910.0,2910.0,2900.0,2900.0,67900
2026-04-15 10:15:00,2910.0,2910.0,2900.0,2900.0,73600
2026-04-15 10:20:00,2900.0,2910.0,2900.0,2900.0,371000
2026-04-15 10:25:00,2900.0,2910.0,2900.0,2910.0,133000
2026-04-15 10:30:00,2900.0,2910.0,2900.0,2900.0,389300
2026-04-15 10:35:00,2900.0,2910.0,2900.0,2900.0,207900
2026-04-15 10:40:00,2910.0,2910.0,2900.0,2900.0,187700
2026-04-15 10:45:00,2900.0,2910.0,2900.0,2900.0,86300
2026-04-15 10:50:00,2910.0,2910.0,2900.0,2900.0,72000
2026-04-15 10:55:00,2900.0,2920.0,2900.0,2900.0,682900
2026-04-15 11:00:00,2920.0,2920.0,2910.0,2910.0,195300
2026-04-15 11:05:00,2920.0,2920.0,2910.0,2920.0,0
2026-04-15 11:10:00,2920.0,2920.0,2910.0,2920.0,137500
2026-04-15 11:15:00,2920.0,2920.0,2910.0,2920.0,140000
2026-04-15 11:20:00,2910.0,2920.0,2910.0,2920.0,14000
2026-04-15 11:25:00,2910.0,2920.0,2910.0,2910.0,277000
2026-04-15 11:30:00,2910.0,2920.0,2900.0,2910.0,639400
2026-04-15 11:35:00,2910.0,2910.0,2910.0,2910.0,22300
2026-04-15 11:40:00,2910.0,2920.0,2900.0,2910.0,312200
2026-04-15 11:45:00,2910.0,2910.0,2900.0,2910.0,231600
2026-04-15 11:50:00,2910.0,2920.0,2910.0,2910.0,83700
2026-04-15 11:55:00,2920.0,2920.0,2910.0,2920.0,42200
2026-04-15 13:30:00,2910.0,2920.0,2910.0,2910.0,336900
2026-04-15 13:35:00,2910.0,2920.0,2900.0,2910.0,246200
2026-04-15 13:40:00,2900.0,2920.0,2900.0,2910.0,272900
2026-04-15 13:45:00,2920.0,2920.0,2910.0,2920.0,49300
2026-04-15 13:50:00,2910.0,2920.0,2900.0,2900.0,104700
2026-04-15 13:55:00,2900.0,2910.0,2900.0,2900.0,791100
2026-04-15 14:00:00,2910.0,2910.0,2900.0,2910.0,92700
2026-04-15 14:05:00,2900.0,2910.0,2900.0,2900.0,52200
2026-04-15 14:10:00,2910.0,2910.0,2900.0,2910.0,27600
2026-04-15 14:15:00,2910.0,2910.0,2900.0,2910.0,154200
2026-04-15 14:20:00,2910.0,2910.0,2900.0,2900.0,85200
2026-04-15 14:25:00,2910.0,2910.0,2900.0,2910.0,45500
2026-04-15 14:30:00,2910.0,2910.0,2900.0,2900.0,317500
2026-04-15 14:35:00,2900.0,2910.0,2900.0,2900.0,53900
2026-04-15 14:40:00,2900.0,2910.0,2900.0,2900.0,71900
2026-04-15 14:45:00,2910.0,2910.0,2900.0,2910.0,103300
2026-04-15 14:50:00,2900.0,2910.0,2900.0,2900.0,75800
2026-04-15 14:55:00,2900.0,2910.0,2900.0,2900.0,165100
2026-04-15 15:00:00,2900.0,2910.0,2900.0,2910.0,561100
2026-04-15 15:05:00,2900.0,2910.0,2900.0,2910.0,355000
2026-04-15 15:10:00,2910.0,2910.0,2900.0,2910.0,79900
2026-04-15 15:15:00,2910.0,2910.0,2900.0,2900.0,181000
2026-04-15 15:20:00,2910.0,2910.0,2890.0,2900.0,970500
2026-04-15 15:25:00,2900.0,2900.0,2890.0,2900.0,119100
2026-04-15 15:30:00,2900.0,2900.0,2890.0,2900.0,604700
2026-04-15 15:35:00,2900.0,2900.0,2890.0,2890.0,75700
2026-04-15 15:40:00,2900.0,2900.0,2890.0,2900.0,375700
2026-04-15 15:45:00,2890.0,2900.0,2890.0,2890.0,675600
2026-04-15 16:00:00,2900.0,2900.0,2900.0,2900.0,878800
2026-04-15 16:05:00,2900.0,2900.0,2900.0,2900.0,11900
2026-04-15 16:10:00,2900.0,2900.0,2900.0,2900.0,40100
2026-04-16 09:00:00,2900.0,2900.0,2880.0,2890.0,0
2026-04-16 09:05:00,2890.0,2900.0,2880.0,2890.0,397600
2026-04-16 09:10:00,2880.0,2890.0,2880.0,2890.0,272000
2026-04-16 09:15:00,2890.0,2890.0,2880.0,2890.0,168100
2026-04-16 09:20:00,2880.0,2890.0,2880.0,2880.0,160700
2026-04-16 09:25:00,2880.0,2890.0,2880.0,2890.0,291000
2026-04-16 09:30:00,2880.0,2890.0,2880.0,2890.0,181900
2026-04-16 09:35:00,2890.0,2890.0,2880.0,2890.0,209600
2026-04-16 09:40:00,2890.0,2900.0,2880.0,2900.0,426300
2026-04-16 09:45:00,2900.0,2900.0,2890.0,2900.0,328500
2026-04-16 09:50:00,2890.0,2900.0,2890.0,2890.0,123800
2026-04-16 09:55:00,2900.0,2900.0,2890.0,2890.0,534000
2026-04-16 10:00:00,2890.0,2900.0,2880.0,2880.0,234200
2026-04-16 10:05:00,2890.0,2890.0,2880.0,2890.0,140300
2026-04-16 10:10:00,2880.0,2890.0,2880.0,2890.0,118200
2026-04-16 10:15:00,2890.0,2890.0,2880.0,2890.0,94500
2026-04-16 10:20:00,2890.0,2890.0,2880.0,2890.0,95100
2026-04-16 10:25:00,2880.0,2890.0,2880.0,2880.0,89000
2026-04-16 10:30:00,2880.0,2890.0,2880.0,2890.0,77100
2026-04-16 10:35:00,2890.0,2890.0,2880.0,2890.0,125900
2026-04-16 10:40:00,2890.0,2890.0,2880.0,2890.0,74900
2026-04-16 10:45:00,2880.0,2890.0,2870.0,2880.0,656100
2026-04-16 10:50:00,2870.0,2880.0,2870.0,2880.0,169400
2026-04-16 10:55:00,2880.0,2880.0,2870.0,2880.0,122200
2026-04-16 11:00:00,2880.0,2880.0,2870.0,2880.0,92300
2026-04-16 11:05:00,2880.0,2880.0,2870.0,2870.0,45300
2026-04-16 11:10:00,2870.0,2880.0,2870.0,2880.0,266900
2026-04-16 11:15:00,2880.0,2880.0,2870.0,2880.0,603600
2026-04-16 11:20:00,2870.0,2880.0,2870.0,2880.0,316100
2026-04-16 11:25:00,2880.0,2880.0,2860.0,2860.0,414000
2026-04-16 11:30:00,2860.0,2870.0,2860.0,2860.0,268900
2026-04-16 11:35:00,2870.0,2870.0,2860.0,2870.0,90400
2026-04-16 11:40:00,2870.0,2870.0,2860.0,2870.0,70800
2026-04-16 11:45:00,2870.0,2870.0,2860.0,2860.0,308500
2026-04-16 11:50:00,2870.0,2870.0,2860.0,2860.0,240800
2026-04-16 11:55:00,2860.0,2870.0,2860.0,2870.0,286800
2026-04-16 13:30:00,2870.0,2870.0,2860.0,2870.0,330200
2026-04-16 13:35:00,2870.0,2870.0,2860.0,2870.0,109100
2026-04-16 13:40:00,2870.0,2880.0,2860.0,2870.0,261300
2026-04-16 13:45:00,2870.0,2870.0,2860.0,2870.0,45300
2026-04-16 13:50:00,2870.0,2870.0,2860.0,2860.0,45600
2026-04-16 13:55:00,2870.0,2870.0,2860.0,2870.0,84700
2026-04-16 14:00:00,2870.0,2870.0,2860.0,2860.0,56300
2026-04-16 14:05:00,2860.0,2880.0,2860.0,2880.0,293300
2026-04-16 14:10:00,2880.0,2880.0,2870.0,2880.0,52300
2026-04-16 14:15:00,2870.0,2880.0,2870.0,2880.0,61200
2026-04-16 14:20:00,2880.0,2880.0,2870.0,2880.0,53500
2026-04-16 14:25:00,2880.0,2880.0,2870.0,2880.0,21600
2026-04-16 14:30:00,2870.0,2880.0,2870.0,2880.0,38600
2026-04-16 14:35:00,2880.0,2880.0,2870.0,2880.0,111300
2026-04-16 14:40:00,2880.0,2880.0,2870.0,2880.0,10700
2026-04-16 14:45:00,2880.0,2880.0,2870.0,2880.0,19600
2026-04-16 14:50:00,2880.0,2880.0,2870.0,2880.0,90700
2026-04-16 14:55:00,2880.0,2880.0,2870.0,2870.0,106700
2026-04-16 15:00:00,2880.0,2880.0,2870.0,2880.0,53600
2026-04-16 15:05:00,2870.0,2880.0,2870.0,2870.0,316100
2026-04-16 15:10:00,2880.0,2880.0,2870.0,2880.0,60500
2026-04-16 15:15:00,2870.0,2880.0,2870.0,2870.0,42200
2026-04-16 15:20:00,2880.0,2880.0,2870.0,2880.0,40800
2026-04-16 15:25:00,2880.0,2880.0,2870.0,2880.0,50700
2026-04-16 15:30:00,2880.0,2880.0,2870.0,2870.0,203300
2026-04-16 15:35:00,2880.0,2880.0,2860.0,2870.0,746700
2026-04-16 15:40:00,2870.0,2870.0,2860.0,2860.0,129200
2026-04-16 15:45:00,2870.0,2870.0,2860.0,2870.0,136200
2026-04-16 16:00:00,2870.0,2870.0,2870.0,2870.0,885600
2026-04-16 16:05:00,2870.0,2870.0,2870.0,2870.0,55900
2026-04-16 16:10:00,2870.0,2870.0,2870.0,2870.0,12200
2026-04-17 09:00:00,2880.0,2910.0,2870.0,2900.0,889400
2026-04-17 09:05:00,2910.0,2910.0,2900.0,2900.0,142200
2026-04-17 09:10:00,2910.0,2910.0,2890.0,2890.0,796900
2026-04-17 09:15:00,2900.0,2900.0,2890.0,2890.0,153400
2026-04-17 09:20:00,2890.0,2900.0,2890.0,2890.0,60200
2026-04-17 09:25:00,2900.0,2900.0,2880.0,2890.0,131100
2026-04-17 09:30:00,2890.0,2900.0,2880.0,2890.0,53300
2026-04-17 09:35:00,2890.0,2900.0,2880.0,2890.0,122500
2026-04-17 09:40:00,2880.0,2900.0,2880.0,2890.0,69500
2026-04-17 09:45:00,2900.0,2900.0,2890.0,2900.0,42900
2026-04-17 09:50:00,2900.0,2900.0,2890.0,2900.0,128800
2026-04-17 09:55:00,2900.0,2900.0,2890.0,2900.0,92600
2026-04-17 10:00:00,2900.0,2900.0,2890.0,2890.0,69200
2026-04-17 10:05:00,2900.0,2900.0,2890.0,2890.0,366800
2026-04-17 10:10:00,2890.0,2900.0,2880.0,2900.0,57700
2026-04-17 10:15:00,2900.0,2900.0,2880.0,2880.0,23600
2026-04-17 10:20:00,2890.0,2890.0,2880.0,2880.0,39300
2026-04-17 10:25:00,2890.0,2890.0,2880.0,2880.0,43000
2026-04-17 10:30:00,2890.0,2890.0,2880.0,2890.0,33100
2026-04-17 10:35:00,2880.0,2890.0,2880.0,2890.0,31100
2026-04-17 10:40:00,2890.0,2890.0,2880.0,2890.0,16100
2026-04-17 10:45:00,2880.0,2900.0,2880.0,2900.0,148200
2026-04-17 10:50:00,2900.0,2900.0,2880.0,2900.0,32000
2026-04-17 10:55:00,2900.0,2900.0,2890.0,2890.0,18800
2026-04-17 11:00:00,2900.0,2900.0,2890.0,2900.0,346200
2026-04-17 11:05:00,2890.0,2900.0,2880.0,2900.0,112000
2026-04-17 11:10:00,2900.0,2900.0,2880.0,2890.0,57100
2026-04-17 11:15:00,2890.0,2890.0,2880.0,2890.0,33600
2026-04-17 11:20:00,2890.0,2890.0,2880.0,2890.0,189800
2026-04-17 11:25:00,2890.0,2890.0,2880.0,2890.0,92300
2026-04-17 14:00:00,2890.0,2890.0,2880.0,2890.0,230000
2026-04-17 14:05:00,2880.0,2890.0,2880.0,2890.0,63000
2026-04-17 14:10:00,2890.0,2890.0,2880.0,2890.0,399100
2026-04-17 14:15:00,2890.0,2890.0,2870.0,2880.0,579100
2026-04-17 14:20:00,2880.0,2890.0,2880.0,2880.0,103400
2026-04-17 14:25:00,2880.0,2880.0,2870.0,2880.0,116800
2026-04-17 14:30:00,2880.0,2880.0,2870.0,2880.0,162600
2026-04-17 14:35:00,2880.0,2880.0,2870.0,2880.0,564100
2026-04-17 14:40:00,2880.0,2880.0,2870.0,2880.0,343400
2026-04-17 14:45:00,2880.0,2880.0,2870.0,2880.0,221100
2026-04-17 14:50:00,2880.0,2880.0,2870.0,2880.0,88300
2026-04-17 14:55:00,2880.0,2880.0,2870.0,2880.0,78400
2026-04-17 15:00:00,2870.0,2880.0,2870.0,2870.0,398300
2026-04-17 15:05:00,2880.0,2880.0,2860.0,2870.0,348400
2026-04-17 15:10:00,2870.0,2880.0,2860.0,2870.0,107000
2026-04-17 15:15:00,2870.0,2880.0,2870.0,2880.0,211300
2026-04-17 15:20:00,2870.0,2880.0,2870.0,2880.0,436000
2026-04-17 15:25:00,2880.0,2880.0,2870.0,2870.0,62000
2026-04-17 15:30:00,2880.0,2880.0,2870.0,2880.0,246100
2026-04-17 15:35:00,2880.0,2880.0,2870.0,2870.0,151200
2026-04-17 15:40:00,2880.0,2880.0,2870.0,2880.0,309100
2026-04-17 15:45:00,2880.0,2880.0,2870.0,2880.0,752100
2026-04-17 16:00:00,2900.0,2900.0,2900.0,2900.0,491600
2026-04-17 16:05:00,2900.0,2900.0,2900.0,2900.0,88200
2026-04-17 16:10:00,2900.0,2900.0,2900.0,2900.0,9500
2026-04-20 09:00:00,2910.0,2910.0,2860.0,2860.0,717000
2026-04-20 09:05:00,2870.0,2880.0,2860.0,2870.0,1001500
2026-04-20 09:10:00,2870.0,2870.0,2860.0,2870.0,307000
2026-04-20 09:15:00,2860.0,2880.0,2860.0,2880.0,295400
2026-04-20 09:20:00,2880.0,2880.0,2860.0,2880.0,506200
2026-04-20 09:25:00,2880.0,2880.0,2870.0,2880.0,448800
2026-04-20 09:30:00,2880.0,2880.0,2870.0,2870.0,79600
2026-04-20 09:35:00,2880.0,2880.0,2860.0,2860.0,300100
2026-04-20 09:40:00,2870.0,2870.0,2860.0,2860.0,89300
2026-04-20 09:45:00,2860.0,2880.0,2860.0,2870.0,163900
2026-04-20 09:50:00,2870.0,2870.0,2860.0,2870.0,104600
2026-04-20 09:55:00,2870.0,2870.0,2860.0,2870.0,76300
2026-04-20 10:00:00,2870.0,2870.0,2860.0,2870.0,83500
2026-04-20 10:05:00,2870.0,2870.0,2860.0,2860.0,66700
2026-04-20 10:10:00,2870.0,2870.0,2860.0,2870.0,167900
2026-04-20 10:15:00,2870.0,2870.0,2860.0,2870.0,104400
2026-04-20 10:20:00,2870.0,2870.0,2860.0,2870.0,117200
2026-04-20 10:25:00,2870.0,2870.0,2860.0,2870.0,74700
2026-04-20 10:30:00,2870.0,2870.0,2860.0,2870.0,62600
2026-04-20 10:35:00,2870.0,2880.0,2860.0,2870.0,785800
2026-04-20 10:40:00,2870.0,2870.0,2860.0,2870.0,394700
2026-04-20 10:45:00,2870.0,2870.0,2860.0,2870.0,106600
2026-04-20 10:50:00,2870.0,2870.0,2860.0,2870.0,164800
2026-04-20 10:55:00,2870.0,2870.0,2860.0,2870.0,162100
2026-04-20 11:00:00,2870.0,2870.0,2860.0,2870.0,94900
2026-04-20 11:05:00,2870.0,2870.0,2860.0,2870.0,112200
2026-04-20 11:10:00,2870.0,2880.0,2870.0,2880.0,408800
2026-04-20 11:15:00,2880.0,2880.0,2870.0,2880.0,55800
2026-04-20 11:20:00,2880.0,2880.0,2870.0,2880.0,60600
2026-04-20 11:25:00,2880.0,2880.0,2870.0,2880.0,26400
2026-04-20 16:10:00,2870.0,2870.0,2870.0,2870.0,7474600
2026-04-21 09:00:00,2870.0,2870.0,2860.0,2870.0,0
2026-04-21 09:05:00,2870.0,2870.0,2860.0,2870.0,87000
2026-04-21 09:10:00,2870.0,2870.0,2860.0,2870.0,168900
2026-04-21 09:15:00,2860.0,2890.0,2850.0,2890.0,1438900
2026-04-21 09:20:00,2880.0,2890.0,2870.0,2870.0,559200
2026-04-21 09:25:00,2870.0,2880.0,2870.0,2880.0,73100
2026-04-21 09:30:00,2880.0,2890.0,2870.0,2890.0,288600
2026-04-21 09:35:00,2890.0,2900.0,2880.0,2890.0,1422300
2026-04-21 09:40:00,2890.0,2890.0,2880.0,2890.0,152900
2026-04-21 09:45:00,2890.0,2890.0,2880.0,2890.0,85300
2026-04-21 09:50:00,2890.0,2890.0,2880.0,2880.0,162000
2026-04-21 09:55:00,2890.0,2900.0,2880.0,2890.0,312900
2026-04-21 10:00:00,2880.0,2900.0,2880.0,2900.0,156900
2026-04-21 10:05:00,2900.0,2900.0,2890.0,2900.0,68200
2026-04-21 10:10:00,2900.0,2920.0,2900.0,2910.0,1703400
2026-04-21 10:15:00,2900.0,2910.0,2890.0,2890.0,308500
2026-04-21 10:20:00,2890.0,2900.0,2890.0,2890.0,114900
2026-04-21 10:25:00,2890.0,2900.0,2890.0,2890.0,97300
2026-04-21 10:30:00,2890.0,2900.0,2890.0,2890.0,78000
2026-04-21 10:35:00,2890.0,2900.0,2890.0,2900.0,162000
2026-04-21 10:40:00,2900.0,2910.0,2890.0,2900.0,1188200
2026-04-21 10:45:00,2900.0,2910.0,2890.0,2910.0,107600
2026-04-21 10:50:00,2910.0,2910.0,2900.0,2900.0,269700
2026-04-21 10:55:00,2900.0,2910.0,2900.0,2900.0,29400
2026-04-21 11:00:00,2910.0,2910.0,2900.0,2900.0,176900
2026-04-21 11:05:00,2910.0,2910.0,2900.0,2900.0,179900
2026-04-21 11:10:00,2900.0,2910.0,2900.0,2910.0,47400
2026-04-21 11:15:00,2910.0,2910.0,2900.0,2910.0,230200
2026-04-21 11:20:00,2910.0,2910.0,2900.0,2910.0,28100
2026-04-21 11:25:00,2910.0,2910.0,2900.0,2910.0,57600
2026-04-21 11:30:00,2900.0,2910.0,2900.0,2910.0,74600
2026-04-21 11:35:00,2910.0,2910.0,2900.0,2900.0,181200
2026-04-21 11:40:00,2910.0,2910.0,2900.0,2900.0,36600
2026-04-21 11:45:00,2900.0,2910.0,2900.0,2910.0,102100
2026-04-21 11:50:00,2910.0,2920.0,2900.0,2920.0,665300
2026-04-21 11:55:00,2920.0,2920.0,2910.0,2910.0,161000
2026-04-21 13:30:00,2920.0,2920.0,2910.0,2910.0,267900
2026-04-21 13:35:00,2920.0,2920.0,2900.0,2900.0,293000
2026-04-21 13:40:00,2900.0,2910.0,2900.0,2900.0,41900
2026-04-21 13:45:00,2910.0,2930.0,2900.0,2920.0,1645200
2026-04-21 13:50:00,2920.0,2920.0,2910.0,2910.0,179100
2026-04-21 13:55:00,2920.0,2920.0,2910.0,2910.0,127700
2026-04-21 14:00:00,2920.0,2920.0,2910.0,2910.0,102900
2026-04-21 14:05:00,2920.0,2920.0,2910.0,2910.0,42100
2026-04-21 14:10:00,2920.0,2920.0,2910.0,2910.0,201000
2026-04-21 14:15:00,2920.0,2920.0,2910.0,2920.0,28700
2026-04-21 14:20:00,2910.0,2920.0,2900.0,2900.0,191600
2026-04-21 14:25:00,2910.0,2910.0,2900.0,2900.0,89800
2026-04-21 14:30:00,2900.0,2910.0,2900.0,2910.0,57500
2026-04-21 14:35:00,2910.0,2910.0,2900.0,2900.0,30900
2026-04-21 14:40:00,2910.0,2910.0,2900.0,2910.0,109600
2026-04-21 14:45:00,2910.0,2910.0,2900.0,2910.0,103300
2026-04-21 14:50:00,2910.0,2910.0,2900.0,2910.0,58900
2026-04-21 14:55:00,2910.0,2910.0,2900.0,2910.0,330000
2026-04-21 15:00:00,2910.0,2910.0,2900.0,2910.0,108400
2026-04-21 15:05:00,2910.0,2910.0,2900.0,2910.0,140000
2026-04-21 15:10:00,2910.0,2910.0,2900.0,2910.0,90700
2026-04-21 15:15:00,2910.0,2910.0,2900.0,2910.0,86800
2026-04-21 15:20:00,2910.0,2910.0,2900.0,2910.0,181500
2026-04-21 15:25:00,2910.0,2910.0,2900.0,2910.0,163600
2026-04-21 15:30:00,2900.0,2910.0,2900.0,2910.0,114300
2026-04-21 15:35:00,2910.0,2910.0,2900.0,2910.0,112500
2026-04-21 15:40:00,2910.0,2910.0,2900.0,2900.0,240200
2026-04-21 15:45:00,2910.0,2910.0,2900.0,2910.0,245900
2026-04-21 16:00:00,2910.0,2910.0,2910.0,2910.0,487700
2026-04-21 16:05:00,2910.0,2910.0,2910.0,2910.0,300100
2026-04-21 16:10:00,2910.0,2910.0,2910.0,2910.0,51400
2026-04-22 09:00:00,2930.0,2940.0,2920.0,2940.0,0
2026-04-22 09:05:00,2940.0,2950.0,2930.0,2940.0,1296800
2026-04-22 09:10:00,2950.0,2950.0,2930.0,2940.0,567500
2026-04-22 09:15:00,2940.0,2940.0,2930.0,2940.0,123600
2026-04-22 09:20:00,2930.0,2940.0,2930.0,2930.0,178200
2026-04-22 09:25:00,2930.0,2940.0,2930.0,2930.0,95500
2026-04-22 09:30:00,2930.0,2940.0,2930.0,2940.0,57600
2026-04-22 09:35:00,2930.0,2950.0,2930.0,2940.0,1169900
2026-04-22 09:40:00,2940.0,2950.0,2940.0,2940.0,159500
2026-04-22 09:45:00,2950.0,2950.0,2940.0,2940.0,137600
2026-04-22 09:50:00,2950.0,2950.0,2940.0,2950.0,201600
2026-04-22 09:55:00,2940.0,2950.0,2940.0,2940.0,99300
2026-04-22 10:00:00,2940.0,2950.0,2940.0,2940.0,125500
2026-04-22 10:05:00,2950.0,2950.0,2940.0,2940.0,223900
2026-04-22 10:10:00,2940.0,2950.0,2940.0,2940.0,117500
2026-04-22 10:15:00,2940.0,2960.0,2940.0,2960.0,1602400
2026-04-22 10:20:00,2950.0,2960.0,2950.0,2960.0,267500
2026-04-22 10:25:00,2960.0,2960.0,2950.0,2950.0,300900
2026-04-22 10:30:00,2960.0,2960.0,2940.0,2940.0,333200
2026-04-22 10:35:00,2950.0,2960.0,2940.0,2950.0,282900
2026-04-22 10:40:00,2950.0,2960.0,2950.0,2950.0,101700
2026-04-22 10:45:00,2950.0,2960.0,2950.0,2950.0,203700
2026-04-22 10:50:00,2950.0,2960.0,2950.0,2950.0,57400
2026-04-22 10:55:00,2960.0,2960.0,2950.0,2960.0,177000
2026-04-22 11:00:00,2950.0,2960.0,2950.0,2960.0,152700
2026-04-22 11:05:00,2950.0,2960.0,2940.0,2960.0,415600
2026-04-22 11:10:00,2950.0,2960.0,2950.0,2950.0,55600
2026-04-22 11:15:00,2950.0,2960.0,2950.0,2950.0,139600
2026-04-22 11:20:00,2950.0,2960.0,2950.0,2950.0,201600
2026-04-22 11:25:00,2950.0,2960.0,2950.0,2960.0,28400
2026-04-22 11:30:00,2950.0,2980.0,2950.0,2980.0,2283100
2026-04-22 11:35:00,2980.0,2980.0,2970.0,2980.0,104800
2026-04-22 11:40:00,2970.0,2980.0,2970.0,2980.0,48000
2026-04-22 11:45:00,2980.0,2990.0,2970.0,2980.0,1411500
2026-04-22 11:50:00,2990.0,2990.0,2980.0,2980.0,480300
2026-04-22 11:55:00,2990.0,2990.0,2980.0,2980.0,369100
2026-04-22 13:30:00,2990.0,3000.0,2970.0,2970.0,1696100
2026-04-22 13:35:00,2980.0,2980.0,2960.0,2970.0,902800
2026-04-22 13:40:00,2970.0,2980.0,2970.0,2970.0,57400
2026-04-22 13:45:00,2970.0,2980.0,2970.0,2970.0,124200
2026-04-22 13:50:00,2970.0,2980.0,2970.0,2970.0,106400
2026-04-22 13:55:00,2980.0,2980.0,2970.0,2980.0,202000
2026-04-22 14:00:00,2980.0,2990.0,2980.0,2990.0,297200
2026-04-22 14:05:00,2990.0,2990.0,2980.0,2980.0,216100
2026-04-22 14:10:00,2990.0,2990.0,2980.0,2990.0,187900
2026-04-22 14:15:00,2990.0,2990.0,2980.0,2990.0,165500
2026-04-22 14:20:00,2990.0,2990.0,2980.0,2990.0,175700
2026-04-22 14:25:00,2990.0,2990.0,2980.0,2990.0,253800
2026-04-22 14:30:00,2990.0,3000.0,2980.0,2990.0,676200
2026-04-22 14:35:00,2990.0,3000.0,2980.0,2990.0,232100
2026-04-22 14:40:00,2990.0,2990.0,2980.0,2990.0,114200
2026-04-22 14:45:00,2990.0,2990.0,2980.0,2990.0,113800
2026-04-22 14:50:00,2990.0,2990.0,2980.0,2990.0,139100
2026-04-22 14:55:00,2990.0,2990.0,2980.0,2990.0,111000
2026-04-22 15:00:00,2980.0,2990.0,2980.0,2990.0,402100
2026-04-22 15:05:00,2990.0,3000.0,2980.0,2990.0,467200
2026-04-22 15:10:00,2990.0,3000.0,2990.0,3000.0,509300
2026-04-22 15:15:00,2990.0,3000.0,2990.0,3000.0,98600
2026-04-22 15:20:00,3000.0,3000.0,2990.0,2990.0,189400
2026-04-22 15:25:00,3000.0,3000.0,2990.0,3000.0,237100
2026-04-22 15:30:00,2990.0,3000.0,2980.0,2990.0,870400
2026-04-22 15:35:00,2990.0,3000.0,2990.0,3000.0,964500
2026-04-22 15:40:00,3000.0,3000.0,2990.0,3000.0,569100
2026-04-22 15:45:00,2990.0,3000.0,2990.0,3000.0,659500
2026-04-22 16:00:00,3000.0,3000.0,3000.0,3000.0,941900
2026-04-22 16:05:00,3000.0,3000.0,3000.0,3000.0,86300
2026-04-22 16:10:00,3000.0,3000.0,3000.0,3000.0,159000
2026-04-23 09:00:00,3010.0,3020.0,2990.0,3020.0,0
2026-04-23 09:05:00,3020.0,3020.0,3000.0,3020.0,516300
2026-04-23 09:10:00,3010.0,3010.0,2990.0,3000.0,777300
2026-04-23 09:15:00,2990.0,3000.0,2980.0,3000.0,960600
2026-04-23 09:20:00,2990.0,3000.0,2990.0,3000.0,208500
2026-04-23 09:25:00,2990.0,3010.0,2990.0,3000.0,351600
2026-04-23 09:30:00,3000.0,3010.0,3000.0,3000.0,100200
2026-04-23 09:35:00,3010.0,3010.0,3000.0,3000.0,20400
2026-04-23 09:40:00,3000.0,3020.0,3000.0,3020.0,621500
2026-04-23 09:45:00,3010.0,3020.0,3000.0,3000.0,110300
2026-04-23 09:50:00,3010.0,3010.0,3000.0,3000.0,78600
2026-04-23 09:55:00,3000.0,3010.0,2980.0,2980.0,919000
2026-04-23 10:00:00,2990.0,2990.0,2980.0,2980.0,368100
2026-04-23 10:05:00,2990.0,2990.0,2980.0,2980.0,433200
2026-04-23 10:10:00,2980.0,2990.0,2980.0,2980.0,231700
2026-04-23 10:15:00,2970.0,2980.0,2960.0,2970.0,911800
2026-04-23 10:20:00,2970.0,2980.0,2960.0,2970.0,715000
2026-04-23 10:25:00,2970.0,2980.0,2960.0,2970.0,107100
2026-04-23 10:30:00,2970.0,2980.0,2970.0,2970.0,197400
2026-04-23 10:35:00,2970.0,2980.0,2960.0,2970.0,176300
2026-04-23 10:40:00,2970.0,2970.0,2960.0,2960.0,139900
2026-04-23 10:45:00,2960.0,2960.0,2940.0,2950.0,1463300
2026-04-23 10:50:00,2950.0,2960.0,2940.0,2950.0,217200
2026-04-23 10:55:00,2950.0,2960.0,2940.0,2960.0,188800
2026-04-23 11:00:00,2950.0,2960.0,2950.0,2950.0,162600
2026-04-23 11:05:00,2950.0,2990.0,2950.0,2990.0,1419200
2026-04-23 11:10:00,2990.0,2990.0,2970.0,2980.0,108600
2026-04-23 11:15:00,2980.0,2980.0,2970.0,2980.0,211100
2026-04-23 11:20:00,2980.0,2980.0,2970.0,2970.0,49700
2026-04-23 11:25:00,2970.0,2980.0,2970.0,2970.0,20200
2026-04-23 11:30:00,2970.0,2980.0,2970.0,2970.0,115800
2026-04-23 11:35:00,2980.0,2980.0,2970.0,2980.0,10400
2026-04-23 11:40:00,2980.0,2980.0,2970.0,2980.0,14500
2026-04-23 11:45:00,2980.0,2980.0,2970.0,2970.0,368300
2026-04-23 11:50:00,2960.0,2980.0,2960.0,2980.0,150200
2026-04-23 11:55:00,2970.0,2980.0,2960.0,2970.0,77300
2026-04-23 13:30:00,2970.0,2970.0,2950.0,2950.0,495100
2026-04-23 13:35:00,2950.0,2960.0,2950.0,2960.0,85600
2026-04-23 13:40:00,2960.0,2960.0,2950.0,2960.0,165900
2026-04-23 13:45:00,2960.0,2970.0,2950.0,2960.0,163900
2026-04-23 13:50:00,2950.0,2960.0,2950.0,2950.0,31100
2026-04-23 13:55:00,2950.0,2960.0,2950.0,2950.0,290100
2026-04-23 14:00:00,2960.0,2960.0,2940.0,2950.0,387100
2026-04-23 14:05:00,2950.0,2950.0,2940.0,2940.0,59700
2026-04-23 14:10:00,2940.0,2960.0,2940.0,2960.0,55700
2026-04-23 14:15:00,2950.0,2960.0,2950.0,2960.0,23600
2026-04-23 14:20:00,2960.0,2960.0,2940.0,2940.0,326000
2026-04-23 14:25:00,2950.0,2950.0,2940.0,2950.0,227000
2026-04-23 14:30:00,2950.0,2950.0,2940.0,2950.0,67500
2026-04-23 14:35:00,2940.0,2950.0,2940.0,2950.0,28100
2026-04-23 14:40:00,2940.0,2950.0,2940.0,2940.0,134000
2026-04-23 14:45:00,2940.0,2950.0,2940.0,2950.0,52200
2026-04-23 14:50:00,2940.0,2950.0,2930.0,2930.0,930900
2026-04-23 14:55:00,2940.0,2940.0,2930.0,2930.0,70500
2026-04-23 15:00:00,2930.0,2940.0,2930.0,2940.0,98800
2026-04-23 15:05:00,2930.0,2940.0,2930.0,2930.0,64500
2026-04-23 15:10:00,2940.0,2940.0,2930.0,2940.0,49400
2026-04-23 15:15:00,2930.0,2940.0,2930.0,2940.0,555400
2026-04-23 15:20:00,2950.0,2950.0,2940.0,2940.0,113700
2026-04-23 15:25:00,2940.0,2950.0,2940.0,2940.0,18900
2026-04-23 15:30:00,2940.0,2950.0,2940.0,2950.0,71100
2026-04-23 15:35:00,2950.0,2950.0,2940.0,2940.0,171200
2026-04-23 15:40:00,2940.0,2960.0,2940.0,2960.0,459000
2026-04-23 15:45:00,2950.0,2960.0,2950.0,2950.0,69100
2026-04-23 16:00:00,2960.0,2960.0,2960.0,2960.0,982900
2026-04-23 16:05:00,2960.0,2960.0,2960.0,2960.0,41200
2026-04-23 16:10:00,2960.0,2960.0,2960.0,2960.0,4500
2026-04-24 09:00:00,2960.0,2960.0,2940.0,2960.0,0
2026-04-24 09:05:00,2950.0,2960.0,2940.0,2950.0,220900
2026-04-24 09:10:00,2950.0,2950.0,2930.0,2940.0,106000
2026-04-24 09:15:00,2940.0,2950.0,2930.0,2950.0,93800
2026-04-24 09:20:00,2940.0,2940.0,2920.0,2920.0,426400
2026-04-24 09:25:00,2920.0,2930.0,2920.0,2920.0,126400
2026-04-24 09:30:00,2920.0,2930.0,2920.0,2930.0,113800
2026-04-24 09:35:00,2920.0,2930.0,2920.0,2920.0,208200
2026-04-24 09:40:00,2920.0,2920.0,2910.0,2910.0,408600
2026-04-24 09:45:00,2910.0,2920.0,2910.0,2920.0,116900
2026-04-24 09:50:00,2910.0,2920.0,2900.0,2910.0,548500
2026-04-24 09:55:00,2910.0,2910.0,2900.0,2910.0,411400
2026-04-24 10:00:00,2910.0,2920.0,2910.0,2920.0,106000
2026-04-24 10:05:00,2920.0,2920.0,2910.0,2920.0,85100
2026-04-24 10:10:00,2910.0,2920.0,2910.0,2920.0,27900
2026-04-24 10:15:00,2910.0,2920.0,2900.0,2910.0,244900
2026-04-24 10:20:00,2900.0,2910.0,2880.0,2900.0,2049000
2026-04-24 10:25:00,2900.0,2900.0,2880.0,2880.0,263500
2026-04-24 10:30:00,2890.0,2900.0,2880.0,2900.0,357700
2026-04-24 10:35:00,2890.0,2900.0,2880.0,2890.0,238000
2026-04-24 10:40:00,2890.0,2920.0,2880.0,2910.0,1028200
2026-04-24 10:45:00,2910.0,2920.0,2910.0,2910.0,282200
2026-04-24 10:50:00,2920.0,2920.0,2910.0,2910.0,62100
2026-04-24 10:55:00,2910.0,2930.0,2910.0,2930.0,792100
2026-04-24 11:00:00,2940.0,2940.0,2930.0,2940.0,71300
2026-04-24 11:05:00,2930.0,2940.0,2930.0,2940.0,11100
2026-04-24 11:10:00,2930.0,2950.0,2930.0,2950.0,170000
2026-04-24 11:15:00,2950.0,2950.0,2930.0,2930.0,494500
2026-04-24 11:20:00,2930.0,2930.0,2920.0,2920.0,240600
2026-04-24 11:25:00,2920.0,2930.0,2920.0,2930.0,29100
2026-04-24 14:00:00,2920.0,2930.0,2910.0,2920.0,1018800
2026-04-24 14:05:00,2930.0,2930.0,2910.0,2910.0,530200
2026-04-24 14:10:00,2910.0,2920.0,2910.0,2910.0,379600
2026-04-24 14:15:00,2910.0,2920.0,2910.0,2910.0,100300
2026-04-24 14:20:00,2910.0,2940.0,2910.0,2930.0,597200
2026-04-24 14:25:00,2930.0,2930.0,2910.0,2920.0,391600
2026-04-24 14:30:00,2910.0,2940.0,2910.0,2940.0,756100
2026-04-24 14:35:00,2940.0,2940.0,2930.0,2940.0,131400
2026-04-24 14:40:00,2940.0,2940.0,2930.0,2940.0,168400
2026-04-24 14:45:00,2940.0,2940.0,2930.0,2940.0,58200
2026-04-24 14:50:00,2940.0,2940.0,2920.0,2930.0,444100
2026-04-24 14:55:00,2930.0,2930.0,2920.0,2930.0,120800
2026-04-24 15:00:00,2930.0,2930.0,2900.0,2920.0,407200
2026-04-24 15:05:00,2920.0,2920.0,2900.0,2900.0,182600
2026-04-24 15:10:00,2900.0,2910.0,2900.0,2900.0,303500
2026-04-24 15:15:00,2900.0,2910.0,2900.0,2910.0,173800
2026-04-24 15:20:00,2910.0,2910.0,2890.0,2890.0,718200
2026-04-24 15:25:00,2890.0,2900.0,2880.0,2900.0,684100
2026-04-24 15:30:00,2900.0,2900.0,2890.0,2890.0,35000
2026-04-24 15:35:00,2900.0,2900.0,2890.0,2900.0,405600
2026-04-24 15:40:00,2890.0,2900.0,2880.0,2900.0,978700
2026-04-24 15:45:00,2890.0,2900.0,2890.0,2900.0,684400
2026-04-24 16:00:00,2900.0,2900.0,2900.0,2900.0,679000
2026-04-24 16:05:00,2900.0,2900.0,2900.0,2900.0,534200
2026-04-24 16:10:00,2900.0,2900.0,2900.0,2900.0,44100
2026-04-27 09:00:00,2910.0,2920.0,2860.0,2920.0,0
2026-04-27 09:05:00,2920.0,2920.0,2880.0,2890.0,520000
2026-04-27 09:10:00,2890.0,2900.0,2880.0,2900.0,199400
2026-04-27 09:15:00,2890.0,2920.0,2890.0,2920.0,272500
2026-04-27 09:20:00,2920.0,2920.0,2900.0,2910.0,241100
2026-04-27 09:25:00,2900.0,2920.0,2900.0,2920.0,194600
2026-04-27 09:30:00,2920.0,2930.0,2910.0,2920.0,195400
2026-04-27 09:35:00,2920.0,2920.0,2890.0,2900.0,666800
2026-04-27 09:40:00,2910.0,2910.0,2900.0,2910.0,45200
2026-04-27 09:45:00,2900.0,2910.0,2900.0,2910.0,13500
2026-04-27 09:50:00,2910.0,2910.0,2900.0,2910.0,20200
2026-04-27 09:55:00,2900.0,2910.0,2900.0,2900.0,363100
2026-04-27 10:00:00,2900.0,2900.0,2890.0,2900.0,107200
2026-04-27 10:05:00,2890.0,2900.0,2890.0,2900.0,28800
2026-04-27 10:10:00,2890.0,2900.0,2880.0,2890.0,459800
2026-04-27 10:15:00,2890.0,2900.0,2890.0,2890.0,69900
2026-04-27 10:20:00,2890.0,2900.0,2890.0,2900.0,132500
2026-04-27 10:25:00,2890.0,2900.0,2890.0,2900.0,28400
2026-04-27 10:30:00,2900.0,2900.0,2890.0,2900.0,24800
2026-04-27 10:35:00,2890.0,2900.0,2890.0,2900.0,39600
2026-04-27 10:40:00,2900.0,2900.0,2890.0,2900.0,56700
2026-04-27 10:45:00,2900.0,2900.0,2890.0,2900.0,84300
2026-04-27 10:50:00,2900.0,2900.0,2890.0,2900.0,40300
2026-04-27 10:55:00,2900.0,2900.0,2890.0,2900.0,28000
2026-04-27 11:00:00,2900.0,2900.0,2890.0,2900.0,190300
2026-04-27 11:05:00,2900.0,2910.0,2890.0,2910.0,64500
2026-04-27 11:10:00,2910.0,2910.0,2900.0,2910.0,5900
2026-04-27 11:15:00,2910.0,2910.0,2900.0,2900.0,40700
2026-04-27 11:20:00,2900.0,2910.0,2900.0,2910.0,23600
2026-04-27 11:25:00,2900.0,2900.0,2890.0,2890.0,332900
2026-04-27 11:30:00,2900.0,2910.0,2890.0,2910.0,93500
2026-04-27 11:35:00,2910.0,2910.0,2900.0,2910.0,3100
2026-04-27 11:40:00,2910.0,2910.0,2900.0,2910.0,60000
2026-04-27 11:45:00,2900.0,2910.0,2900.0,2910.0,74700
2026-04-27 11:50:00,2910.0,2910.0,2900.0,2910.0,357300
2026-04-27 11:55:00,2910.0,2910.0,2900.0,2910.0,23100
2026-04-27 13:30:00,2910.0,2920.0,2890.0,2900.0,595000
2026-04-27 13:35:00,2900.0,2900.0,2890.0,2900.0,11000
2026-04-27 13:40:00,2900.0,2900.0,2890.0,2900.0,9000
2026-04-27 13:45:00,2900.0,2910.0,2900.0,2900.0,273600
2026-04-27 13:50:00,2900.0,2910.0,2900.0,2910.0,39000
2026-04-27 13:55:00,2900.0,2910.0,2900.0,2900.0,3100
2026-04-27 14:00:00,2910.0,2910.0,2900.0,2910.0,25900
2026-04-27 14:05:00,2910.0,2910.0,2900.0,2910.0,100500
2026-04-27 14:10:00,2910.0,2910.0,2900.0,2910.0,30600
2026-04-27 14:15:00,2910.0,2910.0,2890.0,2900.0,823700
2026-04-27 14:20:00,2900.0,2910.0,2900.0,2910.0,70000
2026-04-27 14:25:00,2900.0,2910.0,2900.0,2900.0,216100
2026-04-27 14:30:00,2900.0,2900.0,2890.0,2890.0,17000
2026-04-27 14:35:00,2890.0,2900.0,2890.0,2890.0,19900
2026-04-27 14:40:00,2900.0,2900.0,2890.0,2900.0,135000
2026-04-27 14:45:00,2890.0,2900.0,2890.0,2900.0,45700
2026-04-27 14:50:00,2900.0,2900.0,2890.0,2900.0,213400
2026-04-27 14:55:00,2900.0,2900.0,2890.0,2890.0,116100
2026-04-27 15:00:00,2890.0,2900.0,2890.0,2900.0,23400
2026-04-27 15:05:00,2900.0,2900.0,2890.0,2900.0,72100
2026-04-27 15:10:00,2900.0,2910.0,2890.0,2900.0,377700
2026-04-27 15:15:00,2900.0,2900.0,2890.0,2900.0,17000
2026-04-27 15:20:00,2900.0,2900.0,2890.0,2890.0,462900
2026-04-27 15:25:00,2890.0,2900.0,2890.0,2900.0,166100
2026-04-27 15:30:00,2890.0,2900.0,2880.0,2880.0,146800
2026-04-27 15:35:00,2890.0,2890.0,2880.0,2880.0,56200
2026-04-27 15:40:00,2890.0,2890.0,2880.0,2880.0,623000
2026-04-27 15:45:00,2880.0,2900.0,2880.0,2900.0,288600
2026-04-27 16:00:00,2910.0,2910.0,2910.0,2910.0,658200
2026-04-27 16:05:00,2910.0,2910.0,2910.0,2910.0,0
2026-04-28 09:00:00,2920.0,2920.0,2900.0,2910.0,0
2026-04-28 09:05:00,2900.0,2920.0,2880.0,2880.0,606400
2026-04-28 09:10:00,2890.0,2900.0,2880.0,2880.0,275000
2026-04-28 09:15:00,2900.0,2900.0,2880.0,2900.0,523900
2026-04-28 09:20:00,2900.0,2900.0,2890.0,2900.0,193100
2026-04-28 09:25:00,2900.0,2910.0,2890.0,2910.0,256200
2026-04-28 09:30:00,2910.0,2910.0,2900.0,2900.0,31400
2026-04-28 09:35:00,2900.0,2910.0,2900.0,2900.0,87100
2026-04-28 09:40:00,2910.0,2910.0,2900.0,2910.0,42500
2026-04-28 09:45:00,2910.0,2910.0,2900.0,2900.0,49900
2026-04-28 09:50:00,2910.0,2910.0,2890.0,2900.0,644500
2026-04-28 09:55:00,2900.0,2900.0,2890.0,2890.0,14300
2026-04-28 10:00:00,2890.0,2900.0,2890.0,2900.0,17600
2026-04-28 10:05:00,2890.0,2900.0,2890.0,2900.0,58500
2026-04-28 10:10:00,2900.0,2900.0,2890.0,2900.0,7700
2026-04-28 10:15:00,2900.0,2900.0,2890.0,2890.0,20400
2026-04-28 10:20:00,2900.0,2900.0,2890.0,2890.0,158100
2026-04-28 10:25:00,2890.0,2900.0,2890.0,2900.0,74900
2026-04-28 10:30:00,2890.0,2910.0,2890.0,2910.0,459500
2026-04-28 10:35:00,2910.0,2910.0,2900.0,2900.0,262000
2026-04-28 10:40:00,2910.0,2910.0,2900.0,2910.0,73300
2026-04-28 10:45:00,2900.0,2910.0,2900.0,2900.0,12900
2026-04-28 10:50:00,2910.0,2910.0,2900.0,2910.0,16600
2026-04-28 10:55:00,2910.0,2910.0,2890.0,2900.0,957300
2026-04-28 11:00:00,2900.0,2900.0,2890.0,2900.0,83600
2026-04-28 11:05:00,2900.0,2900.0,2890.0,2890.0,35300
2026-04-28 11:10:00,2890.0,2910.0,2890.0,2900.0,88600
2026-04-28 11:15:00,2900.0,2910.0,2890.0,2890.0,128700
2026-04-28 11:20:00,2900.0,2900.0,2900.0,2900.0,63300
2026-04-28 11:25:00,2900.0,2910.0,2900.0,2910.0,73900
2026-04-28 11:30:00,2910.0,2910.0,2900.0,2910.0,8800
2026-04-28 11:35:00,2910.0,2910.0,2900.0,2900.0,340200
2026-04-28 11:40:00,2900.0,2900.0,2890.0,2900.0,8200
2026-04-28 11:45:00,2900.0,2900.0,2890.0,2890.0,3900
2026-04-28 11:50:00,2890.0,2900.0,2890.0,2900.0,24400
2026-04-28 11:55:00,2900.0,2900.0,2890.0,2900.0,52200
2026-04-28 13:30:00,2890.0,2900.0,2880.0,2880.0,415900
2026-04-28 13:35:00,2900.0,2900.0,2880.0,2890.0,21200
2026-04-28 13:40:00,2890.0,2900.0,2890.0,2890.0,22000
2026-04-28 13:45:00,2890.0,2900.0,2890.0,2900.0,0
2026-04-28 13:50:00,2890.0,2900.0,2890.0,2890.0,146200
2026-04-28 13:55:00,2900.0,2900.0,2890.0,2900.0,17300
2026-04-28 14:00:00,2900.0,2900.0,2880.0,2890.0,205000
2026-04-28 14:05:00,2890.0,2890.0,2880.0,2890.0,62600
2026-04-28 14:10:00,2890.0,2890.0,2880.0,2890.0,14900
2026-04-28 14:15:00,2890.0,2890.0,2880.0,2880.0,4900
2026-04-28 14:20:00,2890.0,2900.0,2880.0,2890.0,206500
2026-04-28 14:25:00,2890.0,2890.0,2880.0,2890.0,111100
2026-04-28 14:30:00,2890.0,2900.0,2880.0,2890.0,169500
2026-04-28 14:35:00,2890.0,2900.0,2890.0,2890.0,41400
2026-04-28 14:40:00,2900.0,2900.0,2890.0,2890.0,0
2026-04-28 14:45:00,2900.0,2900.0,2890.0,2900.0,41100
2026-04-28 14:50:00,2900.0,2900.0,2890.0,2890.0,20600
2026-04-28 14:55:00,2890.0,2900.0,2880.0,2890.0,190400
2026-04-28 15:00:00,2890.0,2890.0,2880.0,2890.0,187500
2026-04-28 15:05:00,2890.0,2890.0,2880.0,2890.0,11300
2026-04-28 15:10:00,2890.0,2890.0,2880.0,2880.0,23300
2026-04-28 15:15:00,2880.0,2890.0,2880.0,2890.0,12000
2026-04-28 15:20:00,2890.0,2890.0,2880.0,2890.0,96300
2026-04-28 15:25:00,2890.0,2890.0,2880.0,2880.0,59500
2026-04-28 15:30:00,2890.0,2890.0,2880.0,2890.0,53600
2026-04-28 15:35:00,2890.0,2890.0,2880.0,2880.0,364700
2026-04-28 15:40:00,2890.0,2890.0,2880.0,2890.0,281200
2026-04-28 15:45:00,2890.0,2890.0,2880.0,2890.0,289400
2026-04-28 16:00:00,2890.0,2890.0,2890.0,2890.0,552500
2026-04-28 16:05:00,2890.0,2890.0,2890.0,2890.0,22000
2026-04-28 16:10:00,2890.0,2890.0,2890.0,2890.0,1500
2026-04-29 09:00:00,2890.0,2900.0,2890.0,2900.0,0
2026-04-29 09:05:00,2890.0,2900.0,2880.0,2900.0,348500
2026-04-29 09:10:00,2890.0,2900.0,2890.0,2900.0,149300
2026-04-29 09:15:00,2900.0,2910.0,2890.0,2900.0,99700
2026-04-29 09:20:00,2910.0,2910.0,2890.0,2890.0,133000
2026-04-29 09:25:00,2900.0,2900.0,2880.0,2890.0,325700
2026-04-29 09:30:00,2890.0,2890.0,2880.0,2890.0,195300
2026-04-29 09:35:00,2890.0,2890.0,2880.0,2880.0,60400
2026-04-29 09:40:00,2890.0,2890.0,2880.0,2890.0,79300
2026-04-29 09:45:00,2890.0,2890.0,2880.0,2880.0,96800
2026-04-29 09:50:00,2890.0,2890.0,2880.0,2890.0,17400
2026-04-29 09:55:00,2890.0,2890.0,2880.0,2890.0,18600
2026-04-29 10:00:00,2880.0,2890.0,2880.0,2880.0,13100
2026-04-29 10:05:00,2890.0,2890.0,2880.0,2890.0,63600
2026-04-29 10:10:00,2890.0,2890.0,2880.0,2880.0,36900
2026-04-29 10:15:00,2880.0,2890.0,2870.0,2880.0,340200
2026-04-29 10:20:00,2880.0,2890.0,2880.0,2890.0,147400
2026-04-29 10:25:00,2880.0,2890.0,2880.0,2890.0,21200
2026-04-29 10:30:00,2880.0,2890.0,2880.0,2880.0,113200
2026-04-29 10:35:00,2890.0,2890.0,2880.0,2880.0,36700
2026-04-29 10:40:00,2890.0,2900.0,2880.0,2890.0,65100
2026-04-29 10:45:00,2890.0,2900.0,2880.0,2890.0,13200
2026-04-29 10:50:00,2890.0,2890.0,2880.0,2890.0,32400
2026-04-29 10:55:00,2880.0,2890.0,2880.0,2880.0,35200
2026-04-29 11:00:00,2880.0,2890.0,2880.0,2880.0,100800
2026-04-29 11:05:00,2880.0,2890.0,2880.0,2890.0,21700
2026-04-29 11:10:00,2890.0,2890.0,2880.0,2880.0,0
2026-04-29 11:15:00,2880.0,2890.0,2880.0,2890.0,16100
2026-04-29 11:20:00,2890.0,2890.0,2880.0,2890.0,16200
2026-04-29 11:25:00,2890.0,2890.0,2880.0,2880.0,9000
2026-04-29 11:30:00,2890.0,2890.0,2880.0,2880.0,96300
2026-04-29 11:35:00,2890.0,2890.0,2880.0,2890.0,17700
2026-04-29 11:40:00,2890.0,2900.0,2880.0,2900.0,226600
2026-04-29 11:45:00,2890.0,2890.0,2880.0,2880.0,25900
2026-04-29 11:50:00,2890.0,2900.0,2880.0,2890.0,17900
2026-04-29 11:55:00,2900.0,2900.0,2890.0,2900.0,16500
2026-04-29 13:30:00,2890.0,2900.0,2870.0,2890.0,1101300
2026-04-29 13:35:00,2890.0,2900.0,2880.0,2900.0,911900
2026-04-29 13:40:00,2910.0,2910.0,2900.0,2900.0,270400
2026-04-29 13:45:00,2900.0,2920.0,2900.0,2910.0,413700
2026-04-29 13:50:00,2900.0,2910.0,2900.0,2910.0,147000
2026-04-29 13:55:00,2910.0,2910.0,2900.0,2910.0,14400
2026-04-29 14:00:00,2910.0,2910.0,2900.0,2900.0,46100
2026-04-29 14:05:00,2900.0,2910.0,2900.0,2900.0,68500
2026-04-29 14:10:00,2900.0,2910.0,2900.0,2910.0,55100
2026-04-29 14:15:00,2900.0,2900.0,2890.0,2890.0,281400
2026-04-29 14:20:00,2890.0,2900.0,2890.0,2890.0,93000
2026-04-29 14:25:00,2890.0,2900.0,2890.0,2890.0,25300
2026-04-29 14:30:00,2900.0,2900.0,2890.0,2900.0,45500
2026-04-29 14:35:00,2900.0,2900.0,2890.0,2900.0,21100
2026-04-29 14:40:00,2890.0,2900.0,2890.0,2890.0,27000
2026-04-29 14:45:00,2890.0,2900.0,2890.0,2890.0,24800
2026-04-29 14:50:00,2890.0,2900.0,2890.0,2900.0,45300
2026-04-29 14:55:00,2900.0,2900.0,2890.0,2890.0,188100
2026-04-29 15:00:00,2890.0,2890.0,2890.0,2890.0,55600
2026-04-29 15:05:00,2890.0,2900.0,2890.0,2900.0,37100
2026-04-29 15:10:00,2890.0,2900.0,2890.0,2890.0,23200
2026-04-29 15:15:00,2890.0,2900.0,2890.0,2890.0,129800
2026-04-29 15:20:00,2890.0,2900.0,2890.0,2890.0,87500
2026-04-29 15:25:00,2890.0,2900.0,2890.0,2890.0,60700
2026-04-29 15:30:00,2900.0,2900.0,2890.0,2900.0,68400
2026-04-29 15:35:00,2890.0,2900.0,2890.0,2900.0,77800
2026-04-29 15:40:00,2900.0,2900.0,2890.0,2890.0,90300
2026-04-29 15:45:00,2900.0,2900.0,2890.0,2900.0,437200
2026-04-29 16:00:00,2910.0,2910.0,2910.0,2910.0,784900
2026-04-29 16:05:00,2910.0,2910.0,2910.0,2910.0,300
2026-04-29 16:10:00,2910.0,2910.0,2910.0,2910.0,0
2026-04-30 09:00:00,2920.0,2930.0,2900.0,2920.0,0
2026-04-30 09:05:00,2920.0,2920.0,2900.0,2910.0,103300
2026-04-30 09:10:00,2900.0,2910.0,2880.0,2900.0,350000
2026-04-30 09:15:00,2900.0,2900.0,2880.0,2890.0,123700
2026-04-30 09:20:00,2890.0,2900.0,2870.0,2880.0,496500
2026-04-30 09:25:00,2880.0,2890.0,2880.0,2890.0,43400
2026-04-30 09:30:00,2890.0,2890.0,2880.0,2880.0,120700
2026-04-30 09:35:00,2870.0,2880.0,2870.0,2880.0,159500
2026-04-30 09:40:00,2870.0,2880.0,2860.0,2860.0,232400
2026-04-30 09:45:00,2860.0,2870.0,2860.0,2870.0,378900
2026-04-30 09:50:00,2870.0,2880.0,2860.0,2870.0,179700
2026-04-30 09:55:00,2870.0,2880.0,2870.0,2870.0,43200
2026-04-30 10:00:00,2870.0,2880.0,2870.0,2880.0,17300
2026-04-30 10:05:00,2870.0,2880.0,2870.0,2870.0,39500
2026-04-30 10:10:00,2880.0,2880.0,2870.0,2880.0,32300
2026-04-30 10:15:00,2870.0,2880.0,2870.0,2880.0,78200
2026-04-30 10:20:00,2880.0,2890.0,2870.0,2890.0,148600
2026-04-30 10:25:00,2890.0,2890.0,2880.0,2880.0,19200
2026-04-30 10:30:00,2880.0,2890.0,2870.0,2880.0,381900
2026-04-30 10:35:00,2870.0,2880.0,2870.0,2870.0,186700
2026-04-30 10:40:00,2870.0,2880.0,2860.0,2880.0,172700
2026-04-30 10:45:00,2870.0,2880.0,2870.0,2870.0,36100
2026-04-30 10:50:00,2870.0,2880.0,2870.0,2870.0,113500
2026-04-30 10:55:00,2870.0,2870.0,2860.0,2860.0,157100
2026-04-30 11:00:00,2860.0,2870.0,2860.0,2860.0,141000
2026-04-30 11:05:00,2860.0,2870.0,2860.0,2870.0,130700
2026-04-30 11:10:00,2860.0,2870.0,2860.0,2870.0,118800
2026-04-30 11:15:00,2870.0,2870.0,2860.0,2870.0,67900
2026-04-30 11:20:00,2860.0,2880.0,2860.0,2870.0,342900
2026-04-30 11:25:00,2870.0,2880.0,2870.0,2870.0,26000
2026-04-30 11:30:00,2870.0,2880.0,2870.0,2870.0,99900
2026-04-30 11:35:00,2880.0,2880.0,2870.0,2870.0,124100
2026-04-30 11:40:00,2870.0,2870.0,2860.0,2860.0,219000
2026-04-30 11:45:00,2860.0,2870.0,2860.0,2870.0,296100
2026-04-30 11:50:00,2860.0,2870.0,2860.0,2860.0,618800
2026-04-30 11:55:00,2860.0,2870.0,2860.0,2870.0,363600
2026-04-30 13:30:00,2870.0,2880.0,2850.0,2870.0,753700
2026-04-30 13:35:00,2860.0,2870.0,2860.0,2860.0,141100
2026-04-30 13:40:00,2860.0,2870.0,2860.0,2860.0,155000
2026-04-30 13:45:00,2870.0,2880.0,2860.0,2870.0,262500
2026-04-30 13:50:00,2870.0,2880.0,2870.0,2870.0,197200
2026-04-30 13:55:00,2880.0,2880.0,2870.0,2870.0,102400
2026-04-30 14:00:00,2880.0,2880.0,2870.0,2880.0,69700
2026-04-30 14:05:00,2880.0,2880.0,2870.0,2870.0,74100
2026-04-30 14:10:00,2880.0,2880.0,2870.0,2870.0,43600
2026-04-30 14:15:00,2870.0,2880.0,2870.0,2870.0,149400
2026-04-30 14:20:00,2870.0,2880.0,2870.0,2870.0,188300
2026-04-30 14:25:00,2880.0,2880.0,2870.0,2870.0,43900
2026-04-30 14:30:00,2870.0,2890.0,2870.0,2880.0,249600
2026-04-30 14:35:00,2890.0,2890.0,2880.0,2880.0,201000
2026-04-30 14:40:00,2890.0,2890.0,2880.0,2880.0,38700
2026-04-30 14:45:00,2880.0,2900.0,2880.0,2890.0,250300
2026-04-30 14:50:00,2890.0,2900.0,2890.0,2890.0,45600
2026-04-30 14:55:00,2890.0,2900.0,2890.0,2890.0,83300
2026-04-30 15:00:00,2890.0,2900.0,2890.0,2890.0,139100
2026-04-30 15:05:00,2890.0,2900.0,2890.0,2890.0,88200
2026-04-30 15:10:00,2900.0,2900.0,2890.0,2890.0,115400
2026-04-30 15:15:00,2890.0,2900.0,2890.0,2900.0,129300
2026-04-30 15:20:00,2890.0,2890.0,2880.0,2880.0,191700
2026-04-30 15:25:00,2880.0,2890.0,2880.0,2890.0,69900
2026-04-30 15:30:00,2880.0,2900.0,2880.0,2900.0,339300
2026-04-30 15:35:00,2890.0,2900.0,2890.0,2900.0,150500
2026-04-30 15:40:00,2900.0,2900.0,2890.0,2890.0,182600
2026-04-30 15:45:00,2900.0,2910.0,2890.0,2900.0,578400
2026-04-30 16:00:00,2870.0,2870.0,2870.0,2870.0,2314800
2026-04-30 16:05:00,2870.0,2870.0,2870.0,2870.0,50700
2026-04-30 16:10:00,2870.0,2870.0,2870.0,2870.0,600
2026-05-04 09:00:00,2900.0,2910.0,2890.0,2910.0,0
2026-05-04 09:05:00,2900.0,2910.0,2890.0,2890.0,367700
2026-05-04 09:10:00,2900.0,2910.0,2890.0,2900.0,356500
2026-05-04 09:15:00,2900.0,2910.0,2900.0,2910.0,165300
2026-05-04 09:20:00,2910.0,2930.0,2890.0,2910.0,1686600
2026-05-04 09:25:00,2920.0,2920.0,2910.0,2910.0,305300
2026-05-04 09:30:00,2910.0,2920.0,2910.0,2920.0,86700
2026-05-04 09:35:00,2920.0,2920.0,2910.0,2910.0,117400
2026-05-04 09:40:00,2910.0,2930.0,2910.0,2920.0,908200
2026-05-04 09:45:00,2920.0,2930.0,2920.0,2930.0,202900
2026-05-04 09:50:00,2930.0,2930.0,2920.0,2920.0,145700
2026-05-04 09:55:00,2930.0,2930.0,2920.0,2920.0,308200
2026-05-04 10:00:00,2920.0,2940.0,2910.0,2940.0,1215600
2026-05-04 10:05:00,2940.0,2950.0,2930.0,2930.0,470000
2026-05-04 10:10:00,2930.0,2940.0,2930.0,2940.0,69700
2026-05-04 10:15:00,2930.0,2940.0,2930.0,2930.0,186300
2026-05-04 10:20:00,2930.0,2940.0,2930.0,2940.0,68700
2026-05-04 10:25:00,2940.0,2940.0,2930.0,2930.0,103100
2026-05-04 10:30:00,2930.0,2940.0,2930.0,2930.0,139200
2026-05-04 10:35:00,2940.0,2940.0,2930.0,2930.0,70700
2026-05-04 10:40:00,2930.0,2940.0,2930.0,2940.0,156400
2026-05-04 10:45:00,2940.0,2940.0,2930.0,2930.0,94000
2026-05-04 10:50:00,2930.0,2950.0,2930.0,2940.0,1474400
2026-05-04 10:55:00,2950.0,2950.0,2940.0,2940.0,45300
2026-05-04 11:00:00,2940.0,2950.0,2940.0,2950.0,192200
2026-05-04 11:05:00,2950.0,2950.0,2940.0,2940.0,563500
2026-05-04 11:10:00,2950.0,2950.0,2940.0,2950.0,379200
2026-05-04 11:15:00,2950.0,2950.0,2940.0,2950.0,321900
2026-05-04 11:20:00,2940.0,2950.0,2940.0,2950.0,63900
2026-05-04 11:25:00,2950.0,2950.0,2940.0,2940.0,202100
2026-05-04 11:30:00,2940.0,2950.0,2930.0,2930.0,307300
2026-05-04 11:35:00,2930.0,2940.0,2920.0,2930.0,342700
2026-05-04 11:40:00,2940.0,2940.0,2930.0,2930.0,430100
2026-05-04 11:45:00,2940.0,2950.0,2930.0,2940.0,428900
2026-05-04 11:50:00,2950.0,2950.0,2940.0,2940.0,198100
2026-05-04 11:55:00,2940.0,2950.0,2940.0,2940.0,57600
2026-05-04 13:30:00,2950.0,2950.0,2930.0,2940.0,619600
2026-05-04 13:35:00,2950.0,2950.0,2940.0,2940.0,97000
2026-05-04 13:40:00,2950.0,2950.0,2940.0,2940.0,238700
2026-05-04 13:45:00,2950.0,2950.0,2940.0,2940.0,33800
2026-05-04 13:50:00,2950.0,2950.0,2940.0,2950.0,144700
2026-05-04 13:55:00,2940.0,2950.0,2940.0,2950.0,43100
2026-05-04 14:00:00,2940.0,2950.0,2940.0,2940.0,46300
2026-05-04 14:05:00,2940.0,2950.0,2940.0,2950.0,34400
2026-05-04 14:10:00,2950.0,2950.0,2940.0,2950.0,86300
2026-05-04 14:15:00,2950.0,2950.0,2940.0,2950.0,93400
2026-05-04 14:20:00,2950.0,2950.0,2940.0,2940.0,228800
2026-05-04 14:25:00,2940.0,2950.0,2930.0,2940.0,204300
2026-05-04 14:30:00,2950.0,2950.0,2940.0,2940.0,49200
2026-05-04 14:35:00,2940.0,2950.0,2940.0,2950.0,111700
2026-05-04 14:40:00,2940.0,2950.0,2930.0,2940.0,176600
2026-05-04 14:45:00,2940.0,2950.0,2940.0,2940.0,78700
2026-05-04 14:50:00,2940.0,2950.0,2940.0,2940.0,54200
2026-05-04 14:55:00,2940.0,2950.0,2940.0,2940.0,85200
2026-05-04 15:00:00,2950.0,2950.0,2940.0,2940.0,44300
2026-05-04 15:05:00,2940.0,2950.0,2940.0,2950.0,118400
2026-05-04 15:10:00,2950.0,2950.0,2930.0,2940.0,272800
2026-05-04 15:15:00,2940.0,2950.0,2940.0,2940.0,32200
2026-05-04 15:20:00,2940.0,2950.0,2940.0,2940.0,121100
2026-05-04 15:25:00,2950.0,2950.0,2940.0,2950.0,51100
2026-05-04 15:30:00,2940.0,2950.0,2940.0,2940.0,44000
2026-05-04 15:35:00,2950.0,2950.0,2940.0,2940.0,157700
2026-05-04 15:40:00,2940.0,2950.0,2940.0,2940.0,247200
2026-05-04 15:45:00,2940.0,2950.0,2940.0,2940.0,160900
2026-05-04 16:00:00,2950.0,2950.0,2950.0,2950.0,1128000
2026-05-04 16:05:00,2950.0,2950.0,2950.0,2950.0,10300
2026-05-04 16:10:00,2950.0,2950.0,2950.0,2950.0,1500
2026-05-05 09:00:00,2960.0,2970.0,2910.0,2910.0,773300
2026-05-05 09:05:00,2910.0,2940.0,2910.0,2940.0,437000
2026-05-05 09:10:00,2940.0,2950.0,2930.0,2930.0,598600
2026-05-05 09:15:00,2940.0,2950.0,2930.0,2930.0,207300
2026-05-05 09:20:00,2940.0,2950.0,2930.0,2940.0,131100
2026-05-05 09:25:00,2940.0,2950.0,2930.0,2950.0,195300
2026-05-05 09:30:00,2950.0,2950.0,2930.0,2940.0,176700
2026-05-05 09:35:00,2940.0,2940.0,2930.0,2930.0,19400
2026-05-05 09:40:00,2940.0,2940.0,2930.0,2940.0,124000
2026-05-05 09:45:00,2940.0,2940.0,2930.0,2940.0,217800
2026-05-05 09:50:00,2940.0,2950.0,2940.0,2950.0,54500
2026-05-05 09:55:00,2950.0,2950.0,2930.0,2950.0,223700
2026-05-05 10:00:00,2950.0,2950.0,2940.0,2940.0,242400
2026-05-05 10:05:00,2950.0,2950.0,2940.0,2950.0,120600
2026-05-05 10:10:00,2950.0,2950.0,2940.0,2950.0,83900
2026-05-05 10:15:00,2940.0,2950.0,2940.0,2950.0,21200
2026-05-05 10:20:00,2950.0,2950.0,2940.0,2950.0,40100
2026-05-05 10:25:00,2950.0,2950.0,2940.0,2950.0,54000
2026-05-05 10:30:00,2950.0,2950.0,2940.0,2950.0,72500
2026-05-05 10:35:00,2950.0,2950.0,2940.0,2950.0,284100
2026-05-05 10:40:00,2940.0,2950.0,2940.0,2950.0,65800
2026-05-05 10:45:00,2940.0,2950.0,2940.0,2950.0,64800
2026-05-05 10:50:00,2950.0,2950.0,2940.0,2950.0,106600
2026-05-05 10:55:00,2940.0,2950.0,2940.0,2950.0,62700
2026-05-05 11:00:00,2950.0,2950.0,2940.0,2950.0,72300
2026-05-05 11:05:00,2950.0,2950.0,2940.0,2940.0,101000
2026-05-05 11:10:00,2950.0,2950.0,2940.0,2940.0,100000
2026-05-05 11:15:00,2940.0,2950.0,2940.0,2940.0,78400
2026-05-05 11:20:00,2950.0,2950.0,2940.0,2940.0,149000
2026-05-05 11:25:00,2940.0,2950.0,2940.0,2940.0,77700
2026-05-05 11:30:00,2950.0,2950.0,2940.0,2950.0,63700
2026-05-05 11:35:00,2950.0,2950.0,2940.0,2940.0,32100
2026-05-05 11:40:00,2950.0,2950.0,2940.0,2940.0,76400
2026-05-05 11:45:00,2950.0,2950.0,2940.0,2950.0,81000
2026-05-05 11:50:00,2950.0,2950.0,2940.0,2940.0,43900
2026-05-05 11:55:00,2950.0,2950.0,2940.0,2940.0,31100
