Datetime,Close,High,Low,Open,Volume
2026-01-27 02:00:00,8775.0,8825.0,8375.0,8375.0,0
2026-01-27 02:05:00,8550.0,8800.0,8550.0,8775.0,5557400
2026-01-27 02:10:00,8475.0,8575.0,8350.0,8550.0,4064300
2026-01-27 02:15:00,8600.0,8625.0,8475.0,8500.0,2415300
2026-01-27 02:20:00,8550.0,8650.0,8525.0,8575.0,1691900
2026-01-27 02:25:00,8725.0,8775.0,8525.0,8550.0,3703300
2026-01-27 02:30:00,8875.0,8875.0,8675.0,8725.0,5212200
2026-01-27 02:35:00,8725.0,8900.0,8650.0,8875.0,3951200
2026-01-27 02:40:00,8700.0,8775.0,8650.0,8725.0,1174700
2026-01-27 02:45:00,8600.0,8700.0,8575.0,8700.0,1263700
2026-01-27 02:50:00,8775.0,8800.0,8575.0,8600.0,1412800
2026-01-27 02:55:00,8825.0,8825.0,8750.0,8750.0,1116800
2026-01-27 03:00:00,8925.0,8975.0,8800.0,8825.0,7010500
2026-01-27 03:05:00,8900.0,8950.0,8825.0,8900.0,2385300
2026-01-27 03:10:00,8825.0,8900.0,8825.0,8900.0,1305500
2026-01-27 03:15:00,8825.0,8850.0,8750.0,8825.0,1941300
2026-01-27 03:20:00,8800.0,8825.0,8775.0,8825.0,541700
2026-01-27 03:25:00,8750.0,8825.0,8725.0,8800.0,758200
2026-01-27 03:30:00,8700.0,8750.0,8700.0,8725.0,385400
2026-01-27 03:35:00,8725.0,8750.0,8700.0,8725.0,618300
2026-01-27 03:40:00,8675.0,8725.0,8650.0,8725.0,1042700
2026-01-27 03:45:00,8625.0,8700.0,8600.0,8675.0,833500
2026-01-27 03:50:00,8625.0,8650.0,8575.0,8625.0,1027000
2026-01-27 03:55:00,8600.0,8625.0,8550.0,8625.0,1219500
2026-01-27 04:00:00,8625.0,8650.0,8600.0,8625.0,294000
2026-01-27 04:05:00,8475.0,8600.0,8475.0,8600.0,2220500
2026-01-27 04:10:00,8525.0,8600.0,8425.0,8475.0,1684600
2026-01-27 04:15:00,8475.0,8525.0,8400.0,8500.0,1816000
2026-01-27 04:20:00,8500.0,8550.0,8475.0,8475.0,620800
2026-01-27 04:25:00,8550.0,8575.0,8500.0,8525.0,259900
2026-01-27 04:30:00,8575.0,8575.0,8525.0,8575.0,224700
2026-01-27 04:35:00,8525.0,8575.0,8525.0,8575.0,304900
2026-01-27 04:40:00,8550.0,8575.0,8525.0,8550.0,295800
2026-01-27 04:45:00,8550.0,8575.0,8525.0,8575.0,96100
2026-01-27 04:50:00,8550.0,8575.0,8525.0,8525.0,200500
2026-01-27 04:55:00,8525.0,8550.0,8525.0,8550.0,193400
2026-01-27 06:30:00,8450.0,8550.0,8375.0,8550.0,3019200
2026-01-27 06:35:00,8450.0,8475.0,8425.0,8425.0,827500
2026-01-27 06:40:00,8425.0,8450.0,8375.0,8450.0,1665900
2026-01-27 06:45:00,8400.0,8425.0,8400.0,8425.0,590400
2026-01-27 06:50:00,8450.0,8500.0,8400.0,8425.0,774500
2026-01-27 06:55:00,8475.0,8500.0,8450.0,8475.0,572200
2026-01-27 07:00:00,8475.0,8500.0,8450.0,8475.0,436300
2026-01-27 07:05:00,8475.0,8475.0,8450.0,8450.0,273500
2026-01-27 07:10:00,8500.0,8500.0,8450.0,8475.0,299000
2026-01-27 07:15:00,8575.0,8575.0,8500.0,8500.0,748400
2026-01-27 07:20:00,8625.0,8625.0,8550.0,8575.0,1464100
2026-01-27 07:25:00,8650.0,8675.0,8600.0,8625.0,1362400
2026-01-27 07:30:00,8650.0,8650.0,8625.0,8650.0,351900
2026-01-27 07:35:00,8700.0,8725.0,8625.0,8650.0,1660900
2026-01-27 07:40:00,8700.0,8700.0,8650.0,8700.0,1007600
2026-01-27 07:45:00,8700.0,8725.0,8675.0,8700.0,661000
2026-01-27 07:50:00,8700.0,8725.0,8675.0,8700.0,676300
2026-01-27 07:55:00,8650.0,8700.0,8625.0,8700.0,1486900
2026-01-27 08:00:00,8575.0,8675.0,8575.0,8675.0,959600
2026-01-27 08:05:00,8600.0,8600.0,8575.0,8600.0,564200
2026-01-27 08:10:00,8650.0,8650.0,8600.0,8600.0,580900
2026-01-27 08:15:00,8600.0,8675.0,8600.0,8650.0,643000
2026-01-27 08:20:00,8625.0,8625.0,8600.0,8625.0,256300
2026-01-27 08:25:00,8650.0,8650.0,8600.0,8625.0,304800
2026-01-27 08:30:00,8625.0,8650.0,8600.0,8625.0,848400
2026-01-27 08:35:00,8575.0,8625.0,8550.0,8625.0,1493500
2026-01-27 08:40:00,8600.0,8600.0,8500.0,8575.0,1303700
2026-01-27 08:45:00,8600.0,8600.0,8575.0,8600.0,720900
2026-01-27 09:00:00,8575.0,8575.0,8575.0,8575.0,1956500
2026-01-27 09:05:00,8575.0,8575.0,8575.0,8575.0,45400
2026-01-27 09:10:00,8575.0,8575.0,8575.0,8575.0,56800
2026-01-28 02:00:00,7300.0,7300.0,7300.0,7300.0,0
2026-01-28 02:05:00,7300.0,7300.0,7300.0,7300.0,1351200
2026-01-28 02:10:00,7300.0,7300.0,7300.0,7300.0,1294300
2026-01-28 02:15:00,7300.0,7300.0,7300.0,7300.0,2522600
2026-01-28 02:20:00,7300.0,7300.0,7300.0,7300.0,1988000
2026-01-28 02:25:00,7300.0,7300.0,7300.0,7300.0,1823500
2026-01-28 02:30:00,7300.0,7300.0,7300.0,7300.0,985400
2026-01-28 02:35:00,7300.0,7300.0,7300.0,7300.0,402500
2026-01-28 02:40:00,7300.0,7300.0,7300.0,7300.0,462100
2026-01-28 02:45:00,7300.0,7300.0,7300.0,7300.0,148100
2026-01-28 02:50:00,7300.0,7300.0,7300.0,7300.0,245000
2026-01-28 02:55:00,7300.0,7300.0,7300.0,7300.0,236400
2026-01-28 03:00:00,7300.0,7300.0,7300.0,7300.0,285000
2026-01-28 03:05:00,7300.0,7300.0,7300.0,7300.0,94300
2026-01-28 03:10:00,7300.0,7300.0,7300.0,7300.0,143900
2026-01-28 03:15:00,7300.0,7300.0,7300.0,7300.0,104700
2026-01-28 03:20:00,7300.0,7300.0,7300.0,7300.0,138900
2026-01-28 03:25:00,7300.0,7300.0,7300.0,7300.0,79400
2026-01-28 03:30:00,7300.0,7300.0,7300.0,7300.0,84700
2026-01-28 03:35:00,7300.0,7300.0,7300.0,7300.0,45000
2026-01-28 03:40:00,7300.0,7300.0,7300.0,7300.0,39300
2026-01-28 03:45:00,7300.0,7300.0,7300.0,7300.0,63800
2026-01-28 03:50:00,7300.0,7300.0,7300.0,7300.0,50900
2026-01-28 03:55:00,7300.0,7300.0,7300.0,7300.0,68400
2026-01-28 04:00:00,7300.0,7300.0,7300.0,7300.0,23100
2026-01-28 04:05:00,7300.0,7300.0,7300.0,7300.0,60100
2026-01-28 04:10:00,7300.0,7300.0,7300.0,7300.0,31700
2026-01-28 04:15:00,7300.0,7300.0,7300.0,7300.0,61400
2026-01-28 04:20:00,7300.0,7300.0,7300.0,7300.0,67600
2026-01-28 04:25:00,7300.0,7300.0,7300.0,7300.0,59100
2026-01-28 04:30:00,7300.0,7300.0,7300.0,7300.0,44700
2026-01-28 04:35:00,7300.0,7300.0,7300.0,7300.0,74400
2026-01-28 04:40:00,7300.0,7300.0,7300.0,7300.0,107800
2026-01-28 04:45:00,7300.0,7300.0,7300.0,7300.0,38100
2026-01-28 04:50:00,7300.0,7300.0,7300.0,7300.0,59200
2026-01-28 04:55:00,7300.0,7300.0,7300.0,7300.0,24900
2026-01-28 06:30:00,7300.0,7300.0,7300.0,7300.0,432600
2026-01-28 06:35:00,7300.0,7300.0,7300.0,7300.0,48200
2026-01-28 06:40:00,7300.0,7300.0,7300.0,7300.0,14400
2026-01-28 07:10:00,7300.0,7300.0,7300.0,7300.0,5600
2026-01-28 07:15:00,7300.0,7300.0,7300.0,7300.0,21900
2026-01-28 07:20:00,7300.0,7300.0,7300.0,7300.0,64100
2026-01-28 07:25:00,7300.0,7300.0,7300.0,7300.0,132300
2026-01-28 07:30:00,7300.0,7300.0,7300.0,7300.0,184000
2026-01-28 07:35:00,7300.0,7300.0,7300.0,7300.0,75900
2026-01-28 07:40:00,7300.0,7300.0,7300.0,7300.0,80800
2026-01-28 07:45:00,7300.0,7300.0,7300.0,7300.0,32600
2026-01-28 07:50:00,7300.0,7300.0,7300.0,7300.0,119100
2026-01-28 07:55:00,7300.0,7300.0,7300.0,7300.0,95400
2026-01-28 08:00:00,7300.0,7300.0,7300.0,7300.0,251000
2026-01-28 08:05:00,7300.0,7300.0,7300.0,7300.0,48400
2026-01-28 08:10:00,7300.0,7300.0,7300.0,7300.0,75100
2026-01-28 08:15:00,7300.0,7300.0,7300.0,7300.0,38800
2026-01-28 08:20:00,7300.0,7300.0,7300.0,7300.0,48200
2026-01-28 08:25:00,7300.0,7300.0,7300.0,7300.0,74300
2026-01-28 08:30:00,7300.0,7300.0,7300.0,7300.0,42100
2026-01-28 08:35:00,7300.0,7300.0,7300.0,7300.0,50200
2026-01-28 08:40:00,7300.0,7300.0,7300.0,7300.0,51700
2026-01-28 08:45:00,7300.0,7300.0,7300.0,7300.0,50100
2026-01-28 09:00:00,7300.0,7300.0,7300.0,7300.0,250200
2026-01-28 09:05:00,7300.0,7300.0,7300.0,7300.0,7200
2026-01-28 09:10:00,7300.0,7300.0,7300.0,7300.0,17700
2026-01-29 02:00:00,6225.0,6225.0,6225.0,6225.0,0
2026-01-29 02:05:00,6225.0,6225.0,6225.0,6225.0,140400
2026-01-29 02:10:00,6225.0,6225.0,6225.0,6225.0,160800
2026-01-29 02:15:00,6225.0,6225.0,6225.0,6225.0,60300
2026-01-29 02:20:00,6225.0,6225.0,6225.0,6225.0,74300
2026-01-29 02:25:00,6225.0,6225.0,6225.0,6225.0,2200
2026-01-29 02:55:00,6225.0,6225.0,6225.0,6225.0,36900
2026-01-29 03:00:00,6225.0,6225.0,6225.0,6225.0,32300
2026-01-29 03:05:00,6225.0,6225.0,6225.0,6225.0,43400
2026-01-29 03:10:00,6225.0,6225.0,6225.0,6225.0,59100
2026-01-29 03:15:00,6225.0,6225.0,6225.0,6225.0,50100
2026-01-29 03:20:00,6225.0,6225.0,6225.0,6225.0,42500
2026-01-29 03:25:00,6225.0,6225.0,6225.0,6225.0,50100
2026-01-29 03:30:00,6225.0,6225.0,6225.0,6225.0,29900
2026-01-29 03:35:00,6225.0,6225.0,6225.0,6225.0,69200
2026-01-29 03:40:00,6225.0,6225.0,6225.0,6225.0,157900
2026-01-29 03:45:00,6225.0,6225.0,6225.0,6225.0,418600
2026-01-29 03:50:00,6225.0,6225.0,6225.0,6225.0,1125800
2026-01-29 03:55:00,6225.0,6225.0,6225.0,6225.0,239400
2026-01-29 04:00:00,6225.0,6225.0,6225.0,6225.0,120400
2026-01-29 04:05:00,6225.0,6225.0,6225.0,6225.0,179500
2026-01-29 04:10:00,6225.0,6225.0,6225.0,6225.0,116500
2026-01-29 04:15:00,6225.0,6225.0,6225.0,6225.0,490800
2026-01-29 04:20:00,6225.0,6225.0,6225.0,6225.0,159900
2026-01-29 04:25:00,6225.0,6225.0,6225.0,6225.0,93800
2026-01-29 04:30:00,6225.0,6225.0,6225.0,6225.0,81500
2026-01-29 04:35:00,6225.0,6225.0,6225.0,6225.0,99100
2026-01-29 04:40:00,6225.0,6225.0,6225.0,6225.0,97800
2026-01-29 04:45:00,6225.0,6225.0,6225.0,6225.0,238900
2026-01-29 04:50:00,6275.0,6300.0,6225.0,6225.0,89575100
2026-01-29 04:55:00,6225.0,6275.0,6225.0,6250.0,30729500
2026-01-29 05:00:00,6225.0,6225.0,6225.0,6225.0,17200
2026-01-29 06:30:00,6575.0,6725.0,6225.0,6225.0,21316800
2026-01-29 06:35:00,6750.0,6900.0,6525.0,6550.0,9291400
2026-01-29 06:40:00,7200.0,7200.0,6700.0,6775.0,11056000
2026-01-29 06:45:00,6825.0,7350.0,6750.0,7200.0,12588500
2026-01-29 06:50:00,6800.0,6975.0,6625.0,6825.0,6186100
2026-01-29 06:55:00,6600.0,6850.0,6500.0,6800.0,8123300
2026-01-29 07:00:00,6750.0,6800.0,6550.0,6600.0,4524100
2026-01-29 07:05:00,6900.0,7075.0,6725.0,6750.0,5310600
2026-01-29 07:10:00,7050.0,7050.0,6850.0,6900.0,3604300
2026-01-29 07:15:00,7100.0,7175.0,6975.0,7025.0,6158200
2026-01-29 07:20:00,7675.0,7700.0,7075.0,7125.0,10101300
2026-01-29 07:25:00,8100.0,8200.0,7575.0,7650.0,12503400
2026-01-29 07:30:00,7425.0,8150.0,7300.0,8150.0,14372000
2026-01-29 07:35:00,7250.0,7550.0,6975.0,7425.0,8493300
2026-01-29 07:40:00,7450.0,7600.0,7200.0,7250.0,4329200
2026-01-29 07:45:00,7700.0,7800.0,7425.0,7450.0,5782700
2026-01-29 07:50:00,7625.0,7700.0,7450.0,7700.0,4119400
2026-01-29 07:55:00,7650.0,7750.0,7575.0,7600.0,2726200
2026-01-29 08:00:00,7525.0,7650.0,7400.0,7650.0,4080700
2026-01-29 08:05:00,7325.0,7575.0,7225.0,7550.0,3905300
2026-01-29 08:10:00,7300.0,7400.0,7275.0,7325.0,2047400
2026-01-29 08:15:00,7375.0,7400.0,7250.0,7325.0,2068400
2026-01-29 08:20:00,7400.0,7400.0,7325.0,7375.0,984900
2026-01-29 08:25:00,7400.0,7475.0,7350.0,7375.0,1567300
2026-01-29 08:30:00,7325.0,7375.0,7250.0,7375.0,1838100
2026-01-29 08:35:00,7375.0,7375.0,7275.0,7325.0,1509200
2026-01-29 08:40:00,7425.0,7525.0,7375.0,7400.0,2965000
2026-01-29 08:45:00,7625.0,7675.0,7400.0,7425.0,3206100
2026-01-29 08:50:00,7650.0,7650.0,7650.0,7650.0,0
2026-01-29 09:00:00,7500.0,7500.0,7500.0,7500.0,2697200
2026-01-29 09:05:00,7500.0,7500.0,7500.0,7500.0,239900
2026-01-29 09:10:00,7500.0,7500.0,7500.0,7500.0,37500
2026-01-30 02:00:00,7625.0,7800.0,7350.0,7725.0,0
2026-01-30 02:05:00,7800.0,7800.0,7575.0,7625.0,3108700
2026-01-30 02:10:00,8000.0,8075.0,7750.0,7800.0,7560000
2026-01-30 02:15:00,7675.0,8025.0,7650.0,7975.0,6929700
2026-01-30 02:20:00,7675.0,7750.0,7625.0,7700.0,3226900
2026-01-30 02:25:00,7450.0,7700.0,7425.0,7675.0,7357600
2026-01-30 02:30:00,7350.0,7450.0,6975.0,7425.0,10202000
2026-01-30 02:35:00,7375.0,7500.0,7250.0,7375.0,3532800
2026-01-30 02:40:00,7450.0,7450.0,7325.0,7350.0,1393900
2026-01-30 02:45:00,7600.0,7625.0,7425.0,7450.0,3340600
2026-01-30 02:50:00,7550.0,7675.0,7450.0,7575.0,2493900
2026-01-30 02:55:00,7600.0,7600.0,7525.0,7550.0,724800
2026-01-30 03:00:00,7550.0,7650.0,7550.0,7575.0,1555300
2026-01-30 03:05:00,7575.0,7575.0,7525.0,7550.0,576700
2026-01-30 03:10:00,7600.0,7625.0,7550.0,7575.0,867400
2026-01-30 03:15:00,7525.0,7600.0,7525.0,7600.0,697900
2026-01-30 03:20:00,7550.0,7550.0,7500.0,7550.0,732700
2026-01-30 03:25:00,7425.0,7550.0,7425.0,7550.0,1428100
2026-01-30 03:30:00,7450.0,7450.0,7375.0,7425.0,1332800
2026-01-30 03:35:00,7450.0,7475.0,7425.0,7425.0,394300
2026-01-30 03:40:00,7400.0,7450.0,7400.0,7450.0,849500
2026-01-30 03:45:00,7425.0,7425.0,7375.0,7400.0,329400
2026-01-30 03:50:00,7400.0,7425.0,7375.0,7425.0,428400
2026-01-30 03:55:00,7325.0,7425.0,7325.0,7400.0,758100
2026-01-30 04:00:00,7325.0,7350.0,7300.0,7325.0,1184800
2026-01-30 04:05:00,7300.0,7350.0,7300.0,7325.0,675400
2026-01-30 04:10:00,7275.0,7325.0,7250.0,7325.0,954700
2026-01-30 04:15:00,7300.0,7325.0,7250.0,7275.0,1088300
2026-01-30 04:20:00,7300.0,7350.0,7275.0,7300.0,1460500
2026-01-30 04:25:00,7275.0,7300.0,7200.0,7300.0,1611200
2026-01-30 07:00:00,7325.0,7450.0,7250.0,7275.0,2579400
2026-01-30 07:05:00,7275.0,7400.0,7250.0,7300.0,1665200
2026-01-30 07:10:00,7300.0,7350.0,7275.0,7275.0,919400
2026-01-30 07:15:00,7250.0,7325.0,7225.0,7300.0,1030700
2026-01-30 07:20:00,7225.0,7250.0,7200.0,7225.0,1393600
2026-01-30 07:25:00,7225.0,7250.0,7225.0,7250.0,286800
2026-01-30 07:30:00,7250.0,7250.0,7225.0,7225.0,333100
2026-01-30 07:35:00,7225.0,7250.0,7200.0,7225.0,721400
2026-01-30 07:40:00,7125.0,7225.0,7100.0,7200.0,2516500
2026-01-30 07:45:00,7050.0,7125.0,7025.0,7100.0,2428700
2026-01-30 07:50:00,7075.0,7075.0,7025.0,7025.0,1066600
2026-01-30 07:55:00,7100.0,7150.0,7050.0,7050.0,1284500
2026-01-30 08:00:00,7100.0,7100.0,7075.0,7075.0,238400
2026-01-30 08:05:00,7050.0,7100.0,7050.0,7100.0,953400
2026-01-30 08:10:00,7025.0,7075.0,7025.0,7075.0,901600
2026-01-30 08:15:00,7075.0,7100.0,7025.0,7025.0,1451700
2026-01-30 08:20:00,7025.0,7075.0,7025.0,7075.0,773900
2026-01-30 08:25:00,7050.0,7050.0,7000.0,7050.0,1749000
2026-01-30 08:30:00,7025.0,7050.0,7000.0,7025.0,768400
2026-01-30 08:35:00,7000.0,7025.0,7000.0,7000.0,932000
2026-01-30 08:40:00,6925.0,7025.0,6925.0,7025.0,5141300
2026-01-30 08:45:00,7125.0,7250.0,6925.0,6925.0,5022400
2026-01-30 09:00:00,7050.0,7050.0,7050.0,7050.0,4215500
2026-01-30 09:05:00,7050.0,7050.0,7050.0,7050.0,729200
2026-01-30 09:10:00,7050.0,7050.0,7050.0,7050.0,898100
2026-02-02 09:10:00,6000.0,6000.0,6000.0,6000.0,0
2026-02-03 02:00:00,5825.0,5875.0,5400.0,5550.0,0
2026-02-03 02:05:00,5275.0,5950.0,5200.0,5800.0,14346800
2026-02-03 02:10:00,5325.0,5425.0,5200.0,5250.0,8376800
2026-02-03 02:15:00,5525.0,5700.0,5325.0,5350.0,7620800
2026-02-03 02:20:00,5800.0,5850.0,5525.0,5525.0,4025600
2026-02-03 02:25:00,5950.0,6000.0,5625.0,5775.0,6361200
2026-02-03 02:30:00,5900.0,5975.0,5800.0,5975.0,2838000
2026-02-03 02:35:00,6000.0,6050.0,5875.0,5875.0,6401300
2026-02-03 02:40:00,6050.0,6075.0,5950.0,5975.0,3310400
2026-02-03 02:45:00,6000.0,6050.0,5850.0,6025.0,2784100
2026-02-03 02:50:00,6150.0,6175.0,5975.0,6000.0,3766000
2026-02-03 02:55:00,6175.0,6175.0,6025.0,6150.0,3365700
2026-02-03 03:00:00,6150.0,6200.0,6075.0,6175.0,3230400
2026-02-03 03:05:00,6175.0,6375.0,6125.0,6125.0,7837400
2026-02-03 03:10:00,6025.0,6175.0,5925.0,6175.0,5537300
2026-02-03 03:15:00,6125.0,6150.0,6000.0,6000.0,1530400
2026-02-03 03:20:00,6150.0,6175.0,6050.0,6125.0,2285900
2026-02-03 03:25:00,6125.0,6175.0,6075.0,6150.0,1189700
2026-02-03 03:30:00,6125.0,6150.0,6100.0,6125.0,1186500
2026-02-03 03:35:00,6175.0,6200.0,6100.0,6125.0,956400
2026-02-03 03:40:00,6175.0,6200.0,6100.0,6175.0,1442100
2026-02-03 03:45:00,6150.0,6200.0,6125.0,6175.0,1355900
2026-02-03 03:50:00,6100.0,6175.0,6100.0,6150.0,533800
2026-02-03 03:55:00,6175.0,6175.0,6050.0,6100.0,1617100
2026-02-03 04:00:00,6100.0,6175.0,6075.0,6150.0,505000
2026-02-03 04:05:00,6150.0,6175.0,6100.0,6100.0,589800
2026-02-03 04:10:00,6125.0,6150.0,6100.0,6150.0,305100
2026-02-03 04:15:00,6075.0,6125.0,6075.0,6125.0,664400
2026-02-03 04:20:00,6100.0,6100.0,6050.0,6075.0,1209900
2026-02-03 04:25:00,6050.0,6100.0,5950.0,6100.0,2695700
2026-02-03 04:30:00,6025.0,6050.0,5950.0,6025.0,1546100
2026-02-03 04:35:00,6025.0,6075.0,6000.0,6000.0,757500
2026-02-03 04:40:00,6025.0,6050.0,6025.0,6025.0,374500
2026-02-03 04:45:00,5975.0,6050.0,5975.0,6025.0,936200
2026-02-03 04:50:00,5950.0,6000.0,5950.0,5975.0,491000
2026-02-03 04:55:00,6050.0,6050.0,5950.0,5975.0,505600
2026-02-03 06:30:00,6075.0,6175.0,6050.0,6050.0,2469300
2026-02-03 06:35:00,6100.0,6125.0,6075.0,6075.0,952200
2026-02-03 06:40:00,6175.0,6200.0,6100.0,6125.0,1722000
2026-02-03 06:45:00,6200.0,6300.0,6175.0,6175.0,3641400
2026-02-03 06:50:00,6300.0,6375.0,6200.0,6200.0,3902000
2026-02-03 06:55:00,6250.0,6300.0,6225.0,6275.0,1225000
2026-02-03 07:00:00,6200.0,6275.0,6150.0,6250.0,1752700
2026-02-03 07:05:00,6175.0,6225.0,6150.0,6200.0,1033900
2026-02-03 07:10:00,6200.0,6250.0,6150.0,6175.0,1050400
2026-02-03 07:15:00,6175.0,6200.0,6150.0,6200.0,1019500
2026-02-03 07:20:00,6150.0,6175.0,6150.0,6175.0,664600
2026-02-03 07:25:00,6075.0,6175.0,6050.0,6150.0,3484800
2026-02-03 07:30:00,6025.0,6100.0,6025.0,6100.0,1246300
2026-02-03 07:35:00,6100.0,6125.0,6000.0,6025.0,1820100
2026-02-03 07:40:00,6100.0,6125.0,6075.0,6100.0,905200
2026-02-03 07:45:00,6150.0,6175.0,6100.0,6100.0,819400
2026-02-03 07:50:00,6150.0,6175.0,6125.0,6150.0,623100
2026-02-03 07:55:00,6150.0,6200.0,6150.0,6150.0,879100
2026-02-03 08:00:00,6150.0,6175.0,6125.0,6150.0,540900
2026-02-03 08:05:00,6125.0,6175.0,6125.0,6125.0,483000
2026-02-03 08:10:00,6125.0,6150.0,6100.0,6125.0,711900
2026-02-03 08:15:00,6125.0,6150.0,6125.0,6125.0,279100
2026-02-03 08:20:00,6100.0,6150.0,6100.0,6125.0,1464800
2026-02-03 08:25:00,6175.0,6200.0,6100.0,6100.0,1126500
2026-02-03 08:30:00,6150.0,6275.0,6150.0,6175.0,2496100
2026-02-03 08:35:00,6150.0,6175.0,6125.0,6150.0,1047900
2026-02-03 08:40:00,6225.0,6225.0,6150.0,6150.0,1485500
2026-02-03 08:45:00,6250.0,6250.0,6175.0,6225.0,2611400
2026-02-03 09:00:00,6150.0,6150.0,6150.0,6150.0,3263000
2026-02-03 09:05:00,6150.0,6150.0,6150.0,6150.0,21500
2026-02-03 09:10:00,6150.0,6150.0,6150.0,6150.0,30800
2026-02-04 02:00:00,6225.0,6375.0,6025.0,6150.0,0
2026-02-04 02:05:00,6400.0,6425.0,6200.0,6225.0,3639400
2026-02-04 02:10:00,6300.0,6450.0,6300.0,6400.0,4744600
2026-02-04 02:15:00,6275.0,6325.0,6225.0,6300.0,1972000
2026-02-04 02:20:00,6250.0,6300.0,6225.0,6275.0,1741400
2026-02-04 02:25:00,6125.0,6250.0,6100.0,6225.0,4198200
2026-02-04 02:30:00,6150.0,6200.0,6025.0,6150.0,2708700
2026-02-04 02:35:00,6050.0,6150.0,6000.0,6125.0,1856600
2026-02-04 02:40:00,6125.0,6125.0,6050.0,6050.0,542500
2026-02-04 02:45:00,6125.0,6150.0,6075.0,6125.0,811500
2026-02-04 02:50:00,6050.0,6125.0,6050.0,6125.0,698500
2026-02-04 02:55:00,6075.0,6100.0,6025.0,6050.0,608100
2026-02-04 03:00:00,6100.0,6150.0,6075.0,6075.0,1173600
2026-02-04 03:05:00,6100.0,6125.0,6050.0,6075.0,637300
2026-02-04 03:10:00,6150.0,6150.0,6075.0,6125.0,690700
2026-02-04 03:15:00,6100.0,6150.0,6100.0,6150.0,787100
2026-02-04 03:20:00,6075.0,6125.0,6050.0,6100.0,870600
2026-02-04 03:25:00,6050.0,6075.0,6050.0,6075.0,118100
2026-02-04 03:30:00,6050.0,6075.0,6000.0,6050.0,1728300
2026-02-04 03:35:00,6000.0,6050.0,6000.0,6050.0,1234800
2026-02-04 03:40:00,6050.0,6050.0,6000.0,6000.0,404000
2026-02-04 03:45:00,6025.0,6050.0,6000.0,6050.0,554100
2026-02-04 03:50:00,5925.0,6050.0,5925.0,6025.0,2548300
2026-02-04 03:55:00,5850.0,5975.0,5850.0,5950.0,1983100
2026-02-04 04:00:00,5850.0,5875.0,5825.0,5850.0,1978100
2026-02-04 04:05:00,5925.0,5925.0,5850.0,5875.0,728600
2026-02-04 04:10:00,5900.0,5950.0,5900.0,5925.0,561900
2026-02-04 04:15:00,6050.0,6100.0,5875.0,5900.0,2103600
2026-02-04 04:20:00,6025.0,6075.0,6000.0,6050.0,750600
2026-02-04 04:25:00,6025.0,6050.0,6000.0,6000.0,303100
2026-02-04 04:30:00,6075.0,6075.0,6025.0,6025.0,381300
2026-02-04 04:35:00,6075.0,6100.0,6050.0,6075.0,677300
2026-02-04 04:40:00,6100.0,6100.0,6025.0,6050.0,818700
2026-02-04 04:45:00,6100.0,6150.0,6075.0,6075.0,1042600
2026-02-04 04:50:00,6125.0,6150.0,6100.0,6125.0,513000
2026-02-04 04:55:00,6100.0,6150.0,6075.0,6125.0,1168200
2026-02-04 06:30:00,6100.0,6150.0,6075.0,6100.0,1120500
2026-02-04 06:35:00,6100.0,6150.0,6075.0,6100.0,761300
2026-02-04 06:40:00,6100.0,6125.0,6075.0,6075.0,385800
2026-02-04 06:45:00,6125.0,6125.0,6075.0,6075.0,254500
2026-02-04 06:50:00,6100.0,6125.0,6075.0,6100.0,428500
2026-02-04 06:55:00,6075.0,6125.0,6075.0,6100.0,313700
2026-02-04 07:00:00,6125.0,6125.0,6075.0,6075.0,265700
2026-02-04 07:05:00,6125.0,6150.0,6125.0,6125.0,816500
2026-02-04 07:10:00,6150.0,6150.0,6100.0,6150.0,1150400
2026-02-04 07:15:00,6150.0,6175.0,6150.0,6175.0,478200
2026-02-04 07:20:00,6225.0,6275.0,6150.0,6175.0,4602200
2026-02-04 07:25:00,6175.0,6250.0,6175.0,6225.0,1592000
2026-02-04 07:30:00,6150.0,6175.0,6150.0,6175.0,95400
2026-02-04 07:35:00,6100.0,6175.0,6100.0,6175.0,858700
2026-02-04 07:40:00,6125.0,6150.0,6100.0,6100.0,176200
2026-02-04 07:45:00,6125.0,6150.0,6125.0,6150.0,87000
2026-02-04 07:50:00,6100.0,6150.0,6100.0,6125.0,360600
2026-02-04 07:55:00,6100.0,6125.0,6100.0,6125.0,430000
2026-02-04 08:00:00,6125.0,6150.0,6100.0,6125.0,266900
2026-02-04 08:05:00,6125.0,6150.0,6125.0,6125.0,395800
2026-02-04 08:10:00,6150.0,6200.0,6125.0,6125.0,682800
2026-02-04 08:15:00,6175.0,6175.0,6150.0,6150.0,124900
2026-02-04 08:20:00,6150.0,6175.0,6150.0,6175.0,131700
2026-02-04 08:25:00,6125.0,6175.0,6125.0,6175.0,721000
2026-02-04 08:30:00,6125.0,6150.0,6125.0,6125.0,178000
2026-02-04 08:35:00,6125.0,6150.0,6125.0,6125.0,193600
2026-02-04 08:40:00,6100.0,6150.0,6100.0,6125.0,1086900
2026-02-04 08:45:00,6100.0,6125.0,6100.0,6100.0,650900
2026-02-04 09:00:00,6100.0,6100.0,6100.0,6100.0,2356100
2026-02-04 09:05:00,6100.0,6100.0,6100.0,6100.0,21200
2026-02-04 09:10:00,6100.0,6100.0,6100.0,6100.0,25700
2026-02-05 02:00:00,6375.0,6400.0,6150.0,6175.0,0
2026-02-05 02:05:00,6375.0,6450.0,6325.0,6375.0,6680000
2026-02-05 02:10:00,6625.0,6625.0,6375.0,6375.0,11774000
2026-02-05 02:15:00,6575.0,6625.0,6500.0,6625.0,3769800
2026-02-05 02:20:00,6600.0,6650.0,6550.0,6575.0,4178600
2026-02-05 02:25:00,6625.0,6625.0,6525.0,6625.0,2542300
2026-02-05 02:30:00,6700.0,6750.0,6625.0,6625.0,6117300
2026-02-05 02:35:00,6650.0,6700.0,6625.0,6675.0,1462200
2026-02-05 02:40:00,6550.0,6650.0,6500.0,6625.0,4225900
2026-02-05 02:45:00,6550.0,6575.0,6525.0,6550.0,1354600
2026-02-05 02:50:00,6550.0,6575.0,6525.0,6550.0,615000
2026-02-05 02:55:00,6375.0,6550.0,6350.0,6550.0,4546700
2026-02-05 03:00:00,6475.0,6500.0,6350.0,6375.0,1665400
2026-02-05 03:05:00,6450.0,6500.0,6400.0,6475.0,1457700
2026-02-05 03:10:00,6450.0,6450.0,6425.0,6450.0,659600
2026-02-05 03:15:00,6550.0,6575.0,6450.0,6450.0,1175600
2026-02-05 03:20:00,6575.0,6625.0,6525.0,6575.0,1832600
2026-02-05 03:25:00,6575.0,6575.0,6550.0,6575.0,285000
2026-02-05 03:30:00,6500.0,6575.0,6500.0,6550.0,1050800
2026-02-05 03:35:00,6500.0,6525.0,6500.0,6525.0,77100
2026-02-05 03:40:00,6525.0,6525.0,6500.0,6500.0,181000
2026-02-05 03:45:00,6475.0,6525.0,6475.0,6525.0,397800
2026-02-05 03:50:00,6450.0,6500.0,6425.0,6500.0,543300
2026-02-05 03:55:00,6450.0,6475.0,6425.0,6425.0,327800
2026-02-05 04:00:00,6475.0,6475.0,6425.0,6450.0,199400
2026-02-05 04:05:00,6450.0,6475.0,6400.0,6475.0,399600
2026-02-05 04:10:00,6450.0,6475.0,6425.0,6450.0,180500
2026-02-05 04:15:00,6475.0,6475.0,6450.0,6450.0,123200
2026-02-05 04:20:00,6450.0,6500.0,6450.0,6475.0,436300
2026-02-05 04:25:00,6425.0,6475.0,6425.0,6475.0,184400
2026-02-05 04:30:00,6450.0,6450.0,6425.0,6425.0,221700
2026-02-05 04:35:00,6450.0,6475.0,6425.0,6450.0,166700
2026-02-05 04:40:00,6450.0,6475.0,6450.0,6475.0,76200
2026-02-05 04:45:00,6475.0,6475.0,6450.0,6475.0,168200
2026-02-05 04:50:00,6425.0,6475.0,6425.0,6450.0,327500
2026-02-05 04:55:00,6400.0,6450.0,6375.0,6425.0,1603700
2026-02-05 06:30:00,6450.0,6475.0,6400.0,6425.0,460200
2026-02-05 06:35:00,6400.0,6450.0,6375.0,6425.0,490900
2026-02-05 06:40:00,6375.0,6400.0,6350.0,6375.0,694800
2026-02-05 06:45:00,6375.0,6400.0,6350.0,6350.0,254600
2026-02-05 06:50:00,6450.0,6450.0,6375.0,6375.0,1156500
2026-02-05 06:55:00,6425.0,6450.0,6400.0,6450.0,519600
2026-02-05 07:00:00,6350.0,6425.0,6275.0,6425.0,3663400
2026-02-05 07:05:00,6325.0,6350.0,6325.0,6325.0,152900
2026-02-05 07:10:00,6325.0,6350.0,6325.0,6350.0,245500
2026-02-05 07:15:00,6300.0,6350.0,6275.0,6325.0,879100
2026-02-05 07:20:00,6275.0,6300.0,6275.0,6275.0,141400
2026-02-05 07:25:00,6275.0,6300.0,6250.0,6275.0,746900
2026-02-05 07:30:00,6300.0,6300.0,6250.0,6250.0,794600
2026-02-05 07:35:00,6350.0,6350.0,6300.0,6300.0,321000
2026-02-05 07:40:00,6325.0,6350.0,6325.0,6350.0,70800
2026-02-05 07:45:00,6300.0,6350.0,6300.0,6325.0,372900
2026-02-05 07:50:00,6250.0,6300.0,6250.0,6300.0,837200
2026-02-05 07:55:00,6275.0,6275.0,6250.0,6250.0,418300
2026-02-05 08:00:00,6225.0,6275.0,6200.0,6250.0,1998900
2026-02-05 08:05:00,6225.0,6225.0,6200.0,6225.0,128500
2026-02-05 08:10:00,6200.0,6225.0,6200.0,6225.0,567800
2026-02-05 08:15:00,6200.0,6225.0,6150.0,6225.0,2080400
2026-02-05 08:20:00,6200.0,6225.0,6175.0,6200.0,1155100
2026-02-05 08:25:00,6200.0,6225.0,6200.0,6225.0,297500
2026-02-05 08:30:00,6225.0,6225.0,6175.0,6225.0,672900
2026-02-05 08:35:00,6175.0,6225.0,6175.0,6200.0,559800
2026-02-05 08:40:00,6225.0,6225.0,6175.0,6200.0,840900
2026-02-05 08:45:00,6175.0,6225.0,6150.0,6225.0,2294600
2026-02-05 09:00:00,6125.0,6125.0,6125.0,6125.0,3376800
2026-02-05 09:05:00,6125.0,6125.0,6125.0,6125.0,55900
2026-02-05 09:10:00,6125.0,6125.0,6125.0,6125.0,23700
2026-02-06 02:00:00,5925.0,5975.0,5650.0,5875.0,0
2026-02-06 02:05:00,6025.0,6050.0,5900.0,5925.0,2885800
2026-02-06 02:10:00,5975.0,6075.0,5950.0,6025.0,2261100
2026-02-06 02:15:00,6075.0,6100.0,5975.0,5975.0,1298900
2026-02-06 02:20:00,6100.0,6100.0,6050.0,6075.0,1072700
2026-02-06 02:25:00,6025.0,6125.0,5975.0,6125.0,2276300
2026-02-06 02:30:00,5950.0,6050.0,5875.0,6025.0,3336200
2026-02-06 02:35:00,5975.0,5975.0,5925.0,5975.0,478200
2026-02-06 02:40:00,6000.0,6000.0,5950.0,5950.0,371100
2026-02-06 02:45:00,6000.0,6000.0,5975.0,5975.0,322800
2026-02-06 02:50:00,5975.0,6000.0,5925.0,6000.0,671600
2026-02-06 02:55:00,5900.0,5975.0,5875.0,5975.0,1168900
2026-02-06 03:00:00,5975.0,5975.0,5850.0,5900.0,769100
2026-02-06 03:05:00,5900.0,5975.0,5900.0,5975.0,353600
2026-02-06 03:10:00,5900.0,5925.0,5875.0,5900.0,524100
2026-02-06 03:15:00,5800.0,5925.0,5775.0,5900.0,2385600
2026-02-06 03:20:00,5850.0,5850.0,5800.0,5800.0,592500
2026-02-06 03:25:00,5800.0,5850.0,5800.0,5850.0,456900
2026-02-06 03:30:00,5825.0,5850.0,5800.0,5825.0,714800
2026-02-06 03:35:00,5800.0,5825.0,5800.0,5825.0,165700
2026-02-06 03:40:00,5775.0,5825.0,5775.0,5800.0,490100
2026-02-06 03:45:00,5650.0,5800.0,5625.0,5800.0,6040600
2026-02-06 03:50:00,5675.0,5700.0,5575.0,5625.0,2691400
2026-02-06 03:55:00,5650.0,5700.0,5625.0,5675.0,1061400
2026-02-06 04:00:00,5675.0,5700.0,5600.0,5675.0,1866600
2026-02-06 04:05:00,5650.0,5700.0,5625.0,5675.0,1295700
2026-02-06 04:10:00,5625.0,5700.0,5600.0,5650.0,991600
2026-02-06 04:15:00,5550.0,5650.0,5550.0,5625.0,2136700
2026-02-06 04:20:00,5575.0,5575.0,5525.0,5550.0,1477500
2026-02-06 04:25:00,5625.0,5650.0,5550.0,5575.0,1467900
2026-02-06 07:00:00,5725.0,5800.0,5625.0,5625.0,2090800
2026-02-06 07:05:00,5750.0,5775.0,5700.0,5725.0,575100
2026-02-06 07:10:00,5850.0,5850.0,5725.0,5750.0,1004300
2026-02-06 07:15:00,5850.0,5875.0,5800.0,5850.0,1636400
2026-02-06 07:20:00,5850.0,5900.0,5825.0,5850.0,2029100
2026-02-06 07:25:00,5825.0,5850.0,5825.0,5850.0,134600
2026-02-06 07:30:00,5825.0,5850.0,5800.0,5850.0,2110500
2026-02-06 07:35:00,5875.0,5875.0,5800.0,5825.0,743000
2026-02-06 07:40:00,5900.0,5925.0,5850.0,5850.0,1579300
2026-02-06 07:45:00,5925.0,5925.0,5900.0,5925.0,87200
2026-02-06 07:50:00,5825.0,5900.0,5825.0,5900.0,1373900
2026-02-06 07:55:00,5775.0,5875.0,5775.0,5825.0,1401800
2026-02-06 08:00:00,5725.0,5775.0,5725.0,5775.0,330900
2026-02-06 08:05:00,5750.0,5775.0,5725.0,5725.0,328700
2026-02-06 08:10:00,5725.0,5775.0,5725.0,5750.0,349600
2026-02-06 08:15:00,5750.0,5775.0,5725.0,5750.0,85600
2026-02-06 08:20:00,5775.0,5800.0,5750.0,5750.0,268000
2026-02-06 08:25:00,5775.0,5775.0,5750.0,5775.0,226400
2026-02-06 08:30:00,5750.0,5775.0,5750.0,5750.0,139500
2026-02-06 08:35:00,5750.0,5775.0,5750.0,5750.0,168200
2026-02-06 08:40:00,5750.0,5800.0,5750.0,5775.0,554100
2026-02-06 08:45:00,5725.0,5775.0,5700.0,5750.0,1954500
2026-02-06 09:00:00,5725.0,5725.0,5725.0,5725.0,1234100
2026-02-06 09:05:00,5725.0,5725.0,5725.0,5725.0,22800
2026-02-06 09:10:00,5725.0,5725.0,5725.0,5725.0,99400
2026-02-09 02:00:00,5875.0,5900.0,5600.0,5825.0,0
2026-02-09 02:05:00,5775.0,5875.0,5750.0,5850.0,869100
2026-02-09 02:10:00,5575.0,5775.0,5575.0,5750.0,1474200
2026-02-09 02:15:00,5700.0,5725.0,5550.0,5550.0,2200900
2026-02-09 02:20:00,5575.0,5700.0,5550.0,5675.0,1340500
2026-02-09 02:25:00,5700.0,5700.0,5575.0,5575.0,1366800
2026-02-09 02:30:00,5750.0,5750.0,5675.0,5700.0,918800
2026-02-09 02:35:00,5775.0,5800.0,5725.0,5750.0,1143300
2026-02-09 02:40:00,5675.0,5775.0,5675.0,5775.0,658900
2026-02-09 02:45:00,5725.0,5725.0,5675.0,5700.0,112700
2026-02-09 02:50:00,5725.0,5750.0,5700.0,5725.0,232500
2026-02-09 02:55:00,5750.0,5775.0,5725.0,5725.0,235100
2026-02-09 03:00:00,5825.0,5875.0,5725.0,5725.0,2067800
2026-02-09 03:05:00,5850.0,5875.0,5800.0,5850.0,481700
2026-02-09 03:10:00,5825.0,5875.0,5750.0,5850.0,1670500
2026-02-09 03:15:00,5825.0,5825.0,5775.0,5800.0,358300
2026-02-09 03:20:00,5825.0,5825.0,5800.0,5825.0,134900
2026-02-09 03:25:00,5800.0,5825.0,5800.0,5825.0,429200
2026-02-09 03:30:00,5800.0,5825.0,5775.0,5825.0,816600
2026-02-09 03:35:00,5925.0,5925.0,5800.0,5800.0,1273300
2026-02-09 03:40:00,6000.0,6050.0,5875.0,5925.0,4204300
2026-02-09 03:45:00,6000.0,6050.0,5950.0,6000.0,1781100
2026-02-09 03:50:00,5950.0,6000.0,5900.0,6000.0,1122900
2026-02-09 03:55:00,5900.0,5950.0,5875.0,5950.0,501200
2026-02-09 04:00:00,5850.0,5900.0,5850.0,5900.0,430900
2026-02-09 04:05:00,5825.0,5875.0,5800.0,5875.0,1164000
2026-02-09 04:10:00,5875.0,5875.0,5825.0,5825.0,1289800
2026-02-09 04:15:00,5850.0,5875.0,5850.0,5875.0,557200
2026-02-09 04:20:00,5850.0,5875.0,5825.0,5850.0,138500
2026-02-09 04:25:00,5875.0,5875.0,5825.0,5850.0,181800
2026-02-09 04:30:00,5875.0,5875.0,5850.0,5850.0,39200
2026-02-09 04:35:00,5875.0,5875.0,5850.0,5850.0,404000
2026-02-09 04:40:00,5900.0,5900.0,5875.0,5900.0,140200
2026-02-09 04:45:00,5925.0,5925.0,5875.0,5900.0,160300
2026-02-09 04:50:00,5925.0,5950.0,5900.0,5925.0,220400
2026-02-09 04:55:00,5900.0,5950.0,5900.0,5950.0,355300
2026-02-09 06:30:00,5975.0,6000.0,5900.0,5925.0,1599200
2026-02-09 06:35:00,5925.0,6000.0,5925.0,5975.0,879600
2026-02-09 06:40:00,5925.0,5975.0,5900.0,5925.0,1368300
2026-02-09 06:45:00,5875.0,5925.0,5850.0,5925.0,601100
2026-02-09 06:50:00,5875.0,5900.0,5850.0,5875.0,380600
2026-02-09 06:55:00,5800.0,5875.0,5800.0,5875.0,526300
2026-02-09 07:00:00,5825.0,5825.0,5800.0,5800.0,472800
2026-02-09 07:05:00,5825.0,5850.0,5800.0,5825.0,361900
2026-02-09 07:10:00,5825.0,5850.0,5800.0,5825.0,124600
2026-02-09 07:15:00,5850.0,5850.0,5825.0,5825.0,42800
2026-02-09 07:20:00,5850.0,5850.0,5825.0,5850.0,122300
2026-02-09 07:25:00,5825.0,5850.0,5825.0,5850.0,231700
2026-02-09 07:30:00,5800.0,5825.0,5775.0,5825.0,757200
2026-02-09 07:35:00,5825.0,5850.0,5775.0,5800.0,492700
2026-02-09 07:40:00,5800.0,5825.0,5800.0,5825.0,236500
2026-02-09 07:45:00,5825.0,5825.0,5800.0,5800.0,294800
2026-02-09 07:50:00,5825.0,5850.0,5825.0,5825.0,204100
2026-02-09 07:55:00,5825.0,5825.0,5800.0,5800.0,27100
2026-02-09 08:00:00,5800.0,5825.0,5775.0,5800.0,559100
2026-02-09 08:05:00,5775.0,5800.0,5775.0,5775.0,267600
2026-02-09 08:10:00,5825.0,5825.0,5775.0,5775.0,971000
2026-02-09 08:15:00,5850.0,5850.0,5825.0,5825.0,300700
2026-02-09 08:20:00,5850.0,5850.0,5825.0,5850.0,314400
2026-02-09 08:25:00,5875.0,5875.0,5825.0,5825.0,612400
2026-02-09 08:30:00,5850.0,5875.0,5850.0,5875.0,225700
2026-02-09 08:35:00,5850.0,5850.0,5825.0,5850.0,638100
2026-02-09 08:40:00,5950.0,5950.0,5825.0,5825.0,999200
2026-02-09 08:45:00,6025.0,6050.0,5900.0,5950.0,3547500
2026-02-09 09:00:00,6025.0,6025.0,6025.0,6025.0,1506500
2026-02-09 09:05:00,6025.0,6025.0,6025.0,6025.0,49400
2026-02-09 09:10:00,6025.0,6025.0,6025.0,6025.0,212900
2026-02-10 02:00:00,6025.0,6075.0,5875.0,5900.0,0
2026-02-10 02:05:00,6075.0,6125.0,6025.0,6025.0,1953100
2026-02-10 02:10:00,6125.0,6175.0,6050.0,6050.0,1866300
2026-02-10 02:15:00,6075.0,6125.0,6050.0,6125.0,1033500
2026-02-10 02:20:00,6100.0,6125.0,6075.0,6075.0,834100
2026-02-10 02:25:00,6225.0,6250.0,6100.0,6100.0,2755500
2026-02-10 02:30:00,6250.0,6275.0,6200.0,6250.0,2600200
2026-02-10 02:35:00,6225.0,6250.0,6175.0,6225.0,1876500
2026-02-10 02:40:00,6125.0,6225.0,6100.0,6225.0,1320900
2026-02-10 02:45:00,6150.0,6175.0,6125.0,6125.0,1497500
2026-02-10 02:50:00,6125.0,6150.0,6100.0,6125.0,386700
2026-02-10 02:55:00,6225.0,6225.0,6125.0,6125.0,1089200
2026-02-10 03:00:00,6250.0,6300.0,6225.0,6225.0,2832600
2026-02-10 03:05:00,6175.0,6250.0,6175.0,6250.0,547000
2026-02-10 03:10:00,6200.0,6200.0,6150.0,6175.0,478700
2026-02-10 03:15:00,6150.0,6200.0,6150.0,6200.0,366100
2026-02-10 03:20:00,6175.0,6175.0,6150.0,6150.0,326100
2026-02-10 03:25:00,6150.0,6200.0,6125.0,6175.0,1102100
2026-02-10 03:30:00,6125.0,6150.0,6125.0,6125.0,287600
2026-02-10 03:35:00,6150.0,6175.0,6125.0,6125.0,448100
2026-02-10 03:40:00,6175.0,6200.0,6150.0,6150.0,457300
2026-02-10 03:45:00,6200.0,6200.0,6175.0,6175.0,210400
2026-02-10 03:50:00,6200.0,6200.0,6175.0,6200.0,274900
2026-02-10 03:55:00,6175.0,6200.0,6150.0,6200.0,331600
2026-02-10 04:00:00,6150.0,6200.0,6125.0,6150.0,788500
2026-02-10 04:05:00,6150.0,6150.0,6125.0,6150.0,210800
2026-02-10 04:10:00,6125.0,6150.0,6100.0,6125.0,1124500
2026-02-10 04:15:00,6125.0,6125.0,6100.0,6125.0,394000
2026-02-10 04:20:00,6125.0,6150.0,6125.0,6125.0,224000
2026-02-10 04:25:00,6125.0,6150.0,6100.0,6125.0,251700
2026-02-10 04:30:00,6125.0,6150.0,6100.0,6100.0,265100
2026-02-10 04:35:00,6175.0,6175.0,6125.0,6150.0,1272800
2026-02-10 04:40:00,6175.0,6175.0,6150.0,6175.0,54500
2026-02-10 04:45:00,6175.0,6175.0,6150.0,6175.0,128000
2026-02-10 04:50:00,6150.0,6175.0,6150.0,6175.0,133900
2026-02-10 04:55:00,6150.0,6175.0,6150.0,6175.0,154700
2026-02-10 06:30:00,6125.0,6175.0,6100.0,6175.0,1043100
2026-02-10 06:35:00,6075.0,6125.0,6075.0,6125.0,1066200
2026-02-10 06:40:00,6000.0,6100.0,6000.0,6100.0,3738100
2026-02-10 06:45:00,5975.0,6025.0,5950.0,6000.0,1923100
2026-02-10 06:50:00,6025.0,6075.0,5975.0,5975.0,1403300
2026-02-10 06:55:00,6000.0,6050.0,5975.0,6000.0,490500
2026-02-10 07:00:00,5975.0,6000.0,5975.0,6000.0,209100
2026-02-10 07:05:00,6025.0,6025.0,5975.0,6000.0,478900
2026-02-10 07:10:00,6025.0,6025.0,6000.0,6000.0,109100
2026-02-10 07:15:00,6000.0,6025.0,6000.0,6000.0,218100
2026-02-10 07:20:00,6000.0,6025.0,6000.0,6000.0,211300
2026-02-10 07:25:00,6000.0,6025.0,6000.0,6000.0,332600
2026-02-10 07:30:00,6000.0,6025.0,5975.0,6000.0,611200
2026-02-10 07:35:00,6000.0,6025.0,6000.0,6000.0,302300
2026-02-10 07:40:00,6025.0,6025.0,6000.0,6000.0,120800
2026-02-10 07:45:00,5975.0,6025.0,5975.0,6025.0,302300
2026-02-10 07:50:00,5975.0,6000.0,5975.0,5975.0,212700
2026-02-10 07:55:00,6000.0,6000.0,5975.0,6000.0,329600
2026-02-10 08:00:00,6000.0,6000.0,5975.0,6000.0,435700
2026-02-10 08:05:00,5975.0,6000.0,5975.0,5975.0,115200
2026-02-10 08:10:00,5975.0,6000.0,5975.0,6000.0,381700
2026-02-10 08:15:00,6000.0,6000.0,5975.0,5975.0,130400
2026-02-10 08:20:00,5975.0,6000.0,5975.0,6000.0,304000
2026-02-10 08:25:00,5975.0,6000.0,5975.0,6000.0,145200
2026-02-10 08:30:00,6000.0,6000.0,5975.0,5975.0,230700
2026-02-10 08:35:00,6000.0,6000.0,5975.0,5975.0,498000
2026-02-10 08:40:00,6000.0,6000.0,5975.0,6000.0,991000
2026-02-10 08:45:00,6000.0,6025.0,5975.0,6000.0,919500
2026-02-10 09:00:00,5975.0,5975.0,5975.0,5975.0,911100
2026-02-10 09:05:00,5975.0,5975.0,5975.0,5975.0,42100
2026-02-10 09:10:00,5975.0,5975.0,5975.0,5975.0,3600
2026-02-11 02:00:00,6325.0,6350.0,6075.0,6075.0,0
2026-02-11 02:05:00,6400.0,6475.0,6300.0,6300.0,9484400
2026-02-11 02:10:00,6450.0,6500.0,6400.0,6400.0,5103400
2026-02-11 02:15:00,6550.0,6600.0,6375.0,6425.0,9375300
2026-02-11 02:20:00,6675.0,6675.0,6525.0,6550.0,7629900
2026-02-11 02:25:00,6825.0,6825.0,6650.0,6675.0,14750900
2026-02-11 02:30:00,6575.0,6825.0,6575.0,6825.0,9321500
2026-02-11 02:35:00,6675.0,6700.0,6525.0,6575.0,6892800
2026-02-11 02:40:00,6700.0,6725.0,6600.0,6675.0,2641800
2026-02-11 02:45:00,6700.0,6750.0,6675.0,6725.0,2371300
2026-02-11 02:50:00,6775.0,6850.0,6700.0,6725.0,6078200
2026-02-11 02:55:00,6825.0,6925.0,6750.0,6775.0,6694400
2026-02-11 03:00:00,6850.0,6875.0,6825.0,6825.0,1390500
2026-02-11 03:05:00,6825.0,6850.0,6750.0,6825.0,2608400
2026-02-11 03:10:00,6775.0,6850.0,6750.0,6850.0,1014300
2026-02-11 03:15:00,6700.0,6800.0,6675.0,6775.0,2600800
2026-02-11 03:20:00,6725.0,6725.0,6675.0,6675.0,1351600
2026-02-11 03:25:00,6775.0,6775.0,6700.0,6700.0,500200
2026-02-11 03:30:00,6750.0,6775.0,6725.0,6750.0,538900
2026-02-11 03:35:00,6750.0,6775.0,6725.0,6750.0,398300
2026-02-11 03:40:00,6925.0,6950.0,6725.0,6750.0,6695000
2026-02-11 03:45:00,7025.0,7075.0,6900.0,6925.0,8717500
2026-02-11 03:50:00,7125.0,7150.0,7000.0,7000.0,15391600
2026-02-11 03:55:00,7075.0,7150.0,7025.0,7150.0,12875600
2026-02-11 04:00:00,7125.0,7150.0,7050.0,7050.0,7781000
2026-02-11 04:05:00,7150.0,7150.0,7075.0,7125.0,2246500
2026-02-11 04:10:00,7100.0,7150.0,7075.0,7150.0,12309100
2026-02-11 04:15:00,7075.0,7125.0,7075.0,7100.0,849300
2026-02-11 04:20:00,7100.0,7100.0,7075.0,7100.0,425800
2026-02-11 04:25:00,7100.0,7100.0,7075.0,7075.0,731500
2026-02-11 04:30:00,7125.0,7150.0,7075.0,7100.0,1000800
2026-02-11 04:35:00,7150.0,7150.0,7125.0,7150.0,1761800
2026-02-11 04:40:00,7150.0,7150.0,7125.0,7150.0,1383700
2026-02-11 04:45:00,7150.0,7150.0,7150.0,7150.0,278300
2026-02-11 04:50:00,7150.0,7150.0,7150.0,7150.0,2466200
2026-02-11 04:55:00,7125.0,7150.0,7100.0,7150.0,1379300
2026-02-11 05:00:00,7125.0,7125.0,7125.0,7125.0,9800
2026-02-11 06:30:00,7150.0,7150.0,7100.0,7125.0,1271800
2026-02-11 06:35:00,7025.0,7150.0,7025.0,7150.0,5937000
2026-02-11 06:40:00,7000.0,7050.0,6925.0,7050.0,5537600
2026-02-11 06:45:00,7000.0,7075.0,7000.0,7000.0,1427900
2026-02-11 06:50:00,6900.0,7025.0,6850.0,7000.0,4697200
2026-02-11 06:55:00,6900.0,6950.0,6850.0,6900.0,2278200
2026-02-11 07:00:00,6925.0,6950.0,6875.0,6900.0,1078200
2026-02-11 07:05:00,6975.0,6975.0,6925.0,6950.0,956000
2026-02-11 07:10:00,7050.0,7050.0,6950.0,6975.0,1916700
2026-02-11 07:15:00,7000.0,7050.0,6975.0,7050.0,905500
2026-02-11 07:20:00,7025.0,7050.0,7000.0,7025.0,798900
2026-02-11 07:25:00,6950.0,7025.0,6950.0,7025.0,1271500
2026-02-11 07:30:00,7000.0,7025.0,6950.0,6950.0,658400
2026-02-11 07:35:00,7000.0,7050.0,6975.0,7025.0,654900
2026-02-11 07:40:00,7025.0,7025.0,7000.0,7025.0,274900
2026-02-11 07:45:00,7000.0,7025.0,6975.0,7025.0,791100
2026-02-11 07:50:00,6975.0,7000.0,6975.0,7000.0,357300
2026-02-11 07:55:00,7000.0,7025.0,6975.0,6975.0,704000
2026-02-11 08:00:00,7000.0,7025.0,6975.0,7000.0,699400
2026-02-11 08:05:00,7000.0,7000.0,6975.0,7000.0,348400
2026-02-11 08:10:00,7050.0,7050.0,6975.0,6975.0,895000
2026-02-11 08:15:00,7025.0,7050.0,7000.0,7050.0,1092200
2026-02-11 08:20:00,7000.0,7025.0,7000.0,7025.0,535200
2026-02-11 08:25:00,7025.0,7075.0,7000.0,7025.0,1595400
2026-02-11 08:30:00,7050.0,7050.0,7000.0,7025.0,827000
2026-02-11 08:35:00,7150.0,7150.0,7025.0,7050.0,6165100
2026-02-11 08:40:00,7075.0,7150.0,7025.0,7150.0,6622700
2026-02-11 08:45:00,7125.0,7150.0,7050.0,7075.0,2805400
2026-02-11 09:00:00,7125.0,7125.0,7125.0,7125.0,4930500
2026-02-11 09:05:00,7125.0,7125.0,7125.0,7125.0,332800
2026-02-11 09:10:00,7125.0,7125.0,7125.0,7125.0,269200
2026-02-12 02:00:00,7450.0,7625.0,7250.0,7300.0,0
2026-02-12 02:05:00,7300.0,7525.0,7250.0,7475.0,18257900
2026-02-12 02:10:00,7475.0,7500.0,7300.0,7300.0,6727100
2026-02-12 02:15:00,7650.0,7675.0,7450.0,7500.0,9627200
2026-02-12 02:20:00,7650.0,7850.0,7600.0,7675.0,14684300
2026-02-12 02:25:00,7575.0,7675.0,7525.0,7650.0,8256700
2026-02-12 02:30:00,7500.0,7575.0,7400.0,7550.0,12670100
2026-02-12 02:35:00,7650.0,7700.0,7475.0,7500.0,5187000
2026-02-12 02:40:00,7675.0,7700.0,7600.0,7625.0,3656100
2026-02-12 02:45:00,7625.0,7725.0,7625.0,7675.0,3897300
2026-02-12 02:50:00,7550.0,7650.0,7525.0,7650.0,2635700
2026-02-12 02:55:00,7475.0,7550.0,7450.0,7525.0,5367500
2026-02-12 03:00:00,7475.0,7500.0,7350.0,7500.0,6372500
2026-02-12 03:05:00,7550.0,7575.0,7450.0,7450.0,2106100
2026-02-12 03:10:00,7475.0,7575.0,7450.0,7550.0,1677600
2026-02-12 03:15:00,7500.0,7500.0,7475.0,7500.0,673200
2026-02-12 03:20:00,7525.0,7525.0,7475.0,7500.0,970300
2026-02-12 03:25:00,7550.0,7550.0,7475.0,7500.0,502100
2026-02-12 03:30:00,7425.0,7550.0,7425.0,7525.0,1965400
2026-02-12 03:35:00,7375.0,7450.0,7375.0,7425.0,2781500
2026-02-12 03:40:00,7325.0,7400.0,7300.0,7375.0,5618600
2026-02-12 03:45:00,7300.0,7325.0,7250.0,7325.0,3816000
2026-02-12 03:50:00,7300.0,7325.0,7275.0,7325.0,1207700
2026-02-12 03:55:00,7225.0,7300.0,7225.0,7300.0,2363300
2026-02-12 04:00:00,7275.0,7275.0,7150.0,7225.0,5760000
2026-02-12 04:05:00,7350.0,7425.0,7250.0,7275.0,4190000
2026-02-12 04:10:00,7375.0,7400.0,7325.0,7350.0,559200
2026-02-12 04:15:00,7325.0,7400.0,7325.0,7400.0,1287400
2026-02-12 04:20:00,7375.0,7400.0,7300.0,7325.0,617300
2026-02-12 04:25:00,7450.0,7450.0,7375.0,7400.0,1116900
2026-02-12 04:30:00,7425.0,7450.0,7400.0,7450.0,843000
2026-02-12 04:35:00,7375.0,7450.0,7375.0,7450.0,892300
2026-02-12 04:40:00,7375.0,7400.0,7350.0,7400.0,482100
2026-02-12 04:45:00,7375.0,7400.0,7350.0,7375.0,511800
2026-02-12 04:50:00,7375.0,7400.0,7350.0,7400.0,215000
2026-02-12 04:55:00,7400.0,7425.0,7350.0,7350.0,648200
2026-02-12 06:30:00,7375.0,7425.0,7325.0,7400.0,1211700
2026-02-12 06:35:00,7400.0,7425.0,7350.0,7375.0,730900
2026-02-12 06:40:00,7400.0,7400.0,7375.0,7400.0,426000
2026-02-12 06:45:00,7325.0,7400.0,7325.0,7400.0,846800
2026-02-12 06:50:00,7325.0,7375.0,7300.0,7350.0,1330100
2026-02-12 06:55:00,7375.0,7375.0,7325.0,7350.0,307900
2026-02-12 07:00:00,7325.0,7375.0,7325.0,7350.0,280400
2026-02-12 07:05:00,7350.0,7400.0,7325.0,7325.0,635400
2026-02-12 07:10:00,7325.0,7375.0,7325.0,7375.0,327700
2026-02-12 07:15:00,7350.0,7375.0,7325.0,7350.0,422000
2026-02-12 07:20:00,7350.0,7375.0,7325.0,7350.0,284000
2026-02-12 07:25:00,7325.0,7375.0,7325.0,7350.0,632200
2026-02-12 07:30:00,7375.0,7375.0,7350.0,7350.0,264900
2026-02-12 07:35:00,7325.0,7375.0,7325.0,7350.0,282300
2026-02-12 07:40:00,7325.0,7350.0,7325.0,7325.0,225700
2026-02-12 07:45:00,7375.0,7375.0,7325.0,7350.0,442100
2026-02-12 07:50:00,7375.0,7375.0,7350.0,7375.0,719000
2026-02-12 07:55:00,7325.0,7375.0,7325.0,7350.0,479700
2026-02-12 08:00:00,7325.0,7350.0,7300.0,7325.0,850300
2026-02-12 08:05:00,7250.0,7325.0,7250.0,7325.0,2659300
2026-02-12 08:10:00,7275.0,7300.0,7250.0,7275.0,782300
2026-02-12 08:15:00,7300.0,7300.0,7250.0,7300.0,494000
2026-02-12 08:20:00,7275.0,7300.0,7250.0,7300.0,464500
2026-02-12 08:25:00,7350.0,7350.0,7250.0,7250.0,987100
2026-02-12 08:30:00,7300.0,7350.0,7275.0,7350.0,643500
2026-02-12 08:35:00,7300.0,7325.0,7275.0,7325.0,794900
2026-02-12 08:40:00,7275.0,7300.0,7250.0,7300.0,1354600
2026-02-12 08:45:00,7375.0,7375.0,7250.0,7250.0,1297100
2026-02-12 09:00:00,7325.0,7325.0,7325.0,7325.0,1248600
2026-02-12 09:05:00,7325.0,7325.0,7325.0,7325.0,847500
2026-02-12 09:10:00,7325.0,7325.0,7325.0,7325.0,32100
2026-02-13 02:00:00,7200.0,7325.0,7025.0,7325.0,0
2026-02-13 02:05:00,7150.0,7275.0,7150.0,7200.0,2620500
2026-02-13 02:10:00,7125.0,7225.0,7125.0,7150.0,2398000
2026-02-13 02:15:00,7150.0,7175.0,7075.0,7125.0,2787100
2026-02-13 02:20:00,7375.0,7400.0,7150.0,7175.0,3750000
2026-02-13 02:25:00,7350.0,7475.0,7300.0,7400.0,4109300
2026-02-13 02:30:00,7350.0,7375.0,7300.0,7325.0,1709000
2026-02-13 02:35:00,7350.0,7375.0,7325.0,7350.0,635700
2026-02-13 02:40:00,7350.0,7375.0,7325.0,7375.0,1082900
2026-02-13 02:45:00,7225.0,7375.0,7200.0,7350.0,1745800
2026-02-13 02:50:00,7250.0,7275.0,7225.0,7225.0,453200
2026-02-13 02:55:00,7250.0,7275.0,7225.0,7250.0,1017200
2026-02-13 03:00:00,7300.0,7300.0,7250.0,7250.0,525900
2026-02-13 03:05:00,7300.0,7300.0,7250.0,7275.0,554600
2026-02-13 03:10:00,7325.0,7325.0,7275.0,7300.0,298200
2026-02-13 03:15:00,7425.0,7450.0,7300.0,7325.0,2754400
2026-02-13 03:20:00,7575.0,7625.0,7400.0,7425.0,8473300
2026-02-13 03:25:00,7550.0,7575.0,7500.0,7575.0,4812000
2026-02-13 03:30:00,7500.0,7550.0,7475.0,7550.0,2628300
2026-02-13 03:35:00,7575.0,7600.0,7500.0,7500.0,2171800
2026-02-13 03:40:00,7600.0,7625.0,7550.0,7575.0,2867800
2026-02-13 03:45:00,7500.0,7600.0,7475.0,7600.0,3310800
2026-02-13 03:50:00,7500.0,7525.0,7475.0,7500.0,1293300
2026-02-13 03:55:00,7400.0,7500.0,7350.0,7500.0,3363400
2026-02-13 04:00:00,7425.0,7475.0,7400.0,7400.0,1395500
2026-02-13 04:05:00,7425.0,7450.0,7400.0,7425.0,843700
2026-02-13 04:10:00,7475.0,7475.0,7425.0,7425.0,478100
2026-02-13 04:15:00,7475.0,7475.0,7450.0,7475.0,151600
2026-02-13 04:20:00,7450.0,7475.0,7450.0,7475.0,187000
2026-02-13 04:25:00,7475.0,7500.0,7450.0,7475.0,551700
2026-02-13 07:00:00,7500.0,7500.0,7425.0,7475.0,2877800
2026-02-13 07:05:00,7475.0,7500.0,7450.0,7500.0,922500
2026-02-13 07:10:00,7450.0,7475.0,7425.0,7450.0,396300
2026-02-13 07:15:00,7400.0,7450.0,7375.0,7450.0,1984800
2026-02-13 07:20:00,7400.0,7425.0,7350.0,7400.0,1376300
2026-02-13 07:25:00,7400.0,7400.0,7375.0,7375.0,583300
2026-02-13 07:30:00,7400.0,7425.0,7375.0,7375.0,248000
2026-02-13 07:35:00,7375.0,7425.0,7375.0,7400.0,830500
2026-02-13 07:40:00,7400.0,7425.0,7375.0,7375.0,347900
2026-02-13 07:45:00,7425.0,7425.0,7400.0,7400.0,363700
2026-02-13 07:50:00,7450.0,7475.0,7400.0,7400.0,810900
2026-02-13 07:55:00,7450.0,7475.0,7425.0,7450.0,587900
2026-02-13 08:00:00,7450.0,7475.0,7425.0,7450.0,414000
2026-02-13 08:05:00,7450.0,7500.0,7450.0,7450.0,1071600
2026-02-13 08:10:00,7450.0,7500.0,7450.0,7475.0,1679300
2026-02-13 08:15:00,7425.0,7475.0,7425.0,7475.0,771300
2026-02-13 08:20:00,7425.0,7450.0,7400.0,7425.0,585200
2026-02-13 08:25:00,7475.0,7500.0,7400.0,7400.0,1033700
2026-02-13 08:30:00,7475.0,7500.0,7475.0,7475.0,292500
2026-02-13 08:35:00,7450.0,7500.0,7450.0,7475.0,1137000
2026-02-13 08:40:00,7450.0,7475.0,7425.0,7475.0,1611100
2026-02-13 08:45:00,7450.0,7475.0,7425.0,7450.0,1087000
2026-02-13 09:00:00,7450.0,7450.0,7450.0,7450.0,2319000
2026-02-13 09:05:00,7450.0,7450.0,7450.0,7450.0,118300
2026-02-13 09:10:00,7450.0,7450.0,7450.0,7450.0,119100
2026-02-18 02:00:00,7975.0,7975.0,7525.0,7700.0,0
2026-02-18 02:05:00,7850.0,8050.0,7800.0,7975.0,12074700
2026-02-18 02:10:00,7875.0,7875.0,7775.0,7850.0,4325200
2026-02-18 02:15:00,7875.0,7900.0,7825.0,7850.0,2404600
2026-02-18 02:20:00,7800.0,7900.0,7750.0,7875.0,4506300
2026-02-18 02:25:00,7775.0,7825.0,7725.0,7775.0,3688600
2026-02-18 02:30:00,7725.0,7775.0,7725.0,7750.0,2325500
2026-02-18 02:35:00,7700.0,7750.0,7650.0,7725.0,3693700
2026-02-18 02:40:00,7775.0,7800.0,7675.0,7700.0,2221800
2026-02-18 02:45:00,7750.0,7800.0,7725.0,7775.0,2067900
2026-02-18 02:50:00,7700.0,7750.0,7675.0,7725.0,1929900
2026-02-18 02:55:00,7725.0,7750.0,7675.0,7700.0,910400
2026-02-18 03:00:00,7750.0,7750.0,7700.0,7750.0,516300
2026-02-18 03:05:00,7675.0,7750.0,7675.0,7750.0,1498600
2026-02-18 03:10:00,7700.0,7700.0,7675.0,7700.0,392900
2026-02-18 03:15:00,7675.0,7700.0,7675.0,7700.0,593700
2026-02-18 03:20:00,7700.0,7700.0,7650.0,7675.0,966700
2026-02-18 03:25:00,7675.0,7700.0,7650.0,7675.0,1141500
2026-02-18 03:30:00,7700.0,7725.0,7675.0,7700.0,684200
2026-02-18 03:35:00,7700.0,7725.0,7700.0,7700.0,452500
2026-02-18 03:40:00,7700.0,7725.0,7675.0,7700.0,1069100
2026-02-18 03:45:00,7675.0,7700.0,7650.0,7675.0,493900
2026-02-18 03:50:00,7675.0,7700.0,7675.0,7700.0,179500
2026-02-18 03:55:00,7700.0,7700.0,7675.0,7675.0,443400
2026-02-18 04:00:00,7650.0,7700.0,7650.0,7675.0,1591800
2026-02-18 04:05:00,7650.0,7675.0,7625.0,7675.0,879400
2026-02-18 04:10:00,7625.0,7650.0,7600.0,7650.0,1871900
2026-02-18 04:15:00,7650.0,7650.0,7625.0,7650.0,266100
2026-02-18 04:20:00,7650.0,7650.0,7625.0,7650.0,389200
2026-02-18 04:25:00,7675.0,7675.0,7625.0,7625.0,356300
2026-02-18 04:30:00,7675.0,7675.0,7650.0,7675.0,131400
2026-02-18 04:35:00,7650.0,7650.0,7625.0,7650.0,501200
2026-02-18 04:40:00,7675.0,7700.0,7650.0,7650.0,1193200
2026-02-18 04:45:00,7675.0,7700.0,7625.0,7675.0,639700
2026-02-18 04:50:00,7650.0,7675.0,7625.0,7675.0,418300
2026-02-18 04:55:00,7625.0,7675.0,7600.0,7650.0,589900
2026-02-18 06:30:00,7725.0,7725.0,7600.0,7625.0,926100
2026-02-18 06:35:00,7650.0,7725.0,7625.0,7725.0,980900
2026-02-18 06:40:00,7650.0,7700.0,7625.0,7675.0,410700
2026-02-18 06:45:00,7625.0,7650.0,7600.0,7650.0,473800
2026-02-18 06:50:00,7625.0,7650.0,7600.0,7625.0,663800
2026-02-18 06:55:00,7625.0,7650.0,7600.0,7625.0,416000
2026-02-18 07:00:00,7550.0,7650.0,7550.0,7625.0,1740900
2026-02-18 07:05:00,7550.0,7575.0,7525.0,7575.0,2503200
2026-02-18 07:10:00,7575.0,7600.0,7550.0,7550.0,587700
2026-02-18 07:15:00,7575.0,7600.0,7550.0,7575.0,590200
2026-02-18 07:20:00,7575.0,7575.0,7550.0,7575.0,291200
2026-02-18 07:25:00,7575.0,7575.0,7550.0,7575.0,312900
2026-02-18 07:30:00,7600.0,7600.0,7550.0,7575.0,695900
2026-02-18 07:35:00,7625.0,7650.0,7575.0,7600.0,1072100
2026-02-18 07:40:00,7625.0,7650.0,7575.0,7625.0,625600
2026-02-18 07:45:00,7600.0,7625.0,7575.0,7600.0,274400
2026-02-18 07:50:00,7625.0,7625.0,7600.0,7625.0,280700
2026-02-18 07:55:00,7625.0,7625.0,7600.0,7600.0,244400
2026-02-18 08:00:00,7625.0,7625.0,7600.0,7600.0,160500
2026-02-18 08:05:00,7600.0,7625.0,7600.0,7625.0,249300
2026-02-18 08:10:00,7575.0,7625.0,7575.0,7600.0,740000
2026-02-18 08:15:00,7575.0,7600.0,7550.0,7575.0,1137500
2026-02-18 08:20:00,7575.0,7600.0,7550.0,7550.0,314600
2026-02-18 08:25:00,7575.0,7575.0,7550.0,7575.0,697900
2026-02-18 08:30:00,7550.0,7575.0,7525.0,7575.0,1029300
2026-02-18 08:35:00,7525.0,7550.0,7500.0,7550.0,1628700
2026-02-18 08:40:00,7525.0,7525.0,7500.0,7525.0,1701600
2026-02-18 08:45:00,7575.0,7600.0,7500.0,7525.0,952500
2026-02-18 09:00:00,7575.0,7575.0,7575.0,7575.0,1538600
2026-02-18 09:05:00,7575.0,7575.0,7575.0,7575.0,215700
2026-02-18 09:10:00,7575.0,7575.0,7575.0,7575.0,14900
2026-02-19 02:00:00,7500.0,7700.0,7500.0,7650.0,0
2026-02-19 02:05:00,7575.0,7575.0,7450.0,7500.0,2828800
2026-02-19 02:10:00,7550.0,7600.0,7525.0,7575.0,1238400
2026-02-19 02:15:00,7500.0,7575.0,7500.0,7550.0,1294700
2026-02-19 02:20:00,7525.0,7550.0,7500.0,7500.0,1235200
2026-02-19 02:25:00,7550.0,7550.0,7500.0,7525.0,769100
2026-02-19 02:30:00,7525.0,7550.0,7500.0,7550.0,666000
2026-02-19 02:35:00,7500.0,7550.0,7475.0,7550.0,1363700
2026-02-19 02:40:00,7525.0,7525.0,7475.0,7500.0,1214300
2026-02-19 02:45:00,7525.0,7525.0,7475.0,7500.0,617500
2026-02-19 02:50:00,7525.0,7525.0,7500.0,7525.0,253200
2026-02-19 02:55:00,7550.0,7550.0,7500.0,7525.0,451400
2026-02-19 03:00:00,7525.0,7550.0,7525.0,7550.0,263400
2026-02-19 03:05:00,7525.0,7525.0,7500.0,7525.0,283700
2026-02-19 03:10:00,7500.0,7525.0,7475.0,7525.0,755900
2026-02-19 03:15:00,7400.0,7500.0,7400.0,7475.0,4780800
2026-02-19 03:20:00,7425.0,7450.0,7400.0,7400.0,1447400
2026-02-19 03:25:00,7400.0,7450.0,7400.0,7425.0,910400
2026-02-19 03:30:00,7350.0,7425.0,7350.0,7400.0,2419600
2026-02-19 03:35:00,7425.0,7450.0,7350.0,7375.0,1431900
2026-02-19 03:40:00,7400.0,7450.0,7400.0,7425.0,955800
2026-02-19 03:45:00,7400.0,7425.0,7375.0,7400.0,666800
2026-02-19 03:50:00,7400.0,7450.0,7375.0,7400.0,1825900
2026-02-19 03:55:00,7400.0,7450.0,7400.0,7400.0,349300
2026-02-19 04:00:00,7425.0,7450.0,7375.0,7425.0,1054300
2026-02-19 04:05:00,7450.0,7450.0,7400.0,7400.0,373100
2026-02-19 04:10:00,7400.0,7450.0,7400.0,7450.0,602500
2026-02-19 04:15:00,7375.0,7425.0,7375.0,7425.0,616400
2026-02-19 04:20:00,7350.0,7400.0,7325.0,7400.0,1896200
2026-02-19 04:25:00,7375.0,7375.0,7325.0,7350.0,744400
2026-02-19 04:30:00,7400.0,7400.0,7350.0,7375.0,314000
2026-02-19 04:35:00,7400.0,7400.0,7375.0,7400.0,477000
2026-02-19 04:40:00,7400.0,7425.0,7375.0,7400.0,516300
2026-02-19 04:45:00,7400.0,7400.0,7375.0,7375.0,213900
2026-02-19 04:50:00,7375.0,7400.0,7375.0,7400.0,146500
2026-02-19 04:55:00,7375.0,7400.0,7375.0,7375.0,183200
2026-02-19 06:30:00,7350.0,7400.0,7350.0,7400.0,1575500
2026-02-19 06:35:00,7350.0,7350.0,7325.0,7350.0,729400
2026-02-19 06:40:00,7300.0,7375.0,7300.0,7350.0,3126800
2026-02-19 06:45:00,7325.0,7350.0,7275.0,7300.0,1294900
2026-02-19 06:50:00,7350.0,7350.0,7325.0,7350.0,185400
2026-02-19 06:55:00,7300.0,7350.0,7300.0,7350.0,1137300
2026-02-19 07:00:00,7300.0,7300.0,7275.0,7300.0,664600
2026-02-19 07:05:00,7300.0,7300.0,7275.0,7300.0,309300
2026-02-19 07:10:00,7275.0,7300.0,7250.0,7300.0,1380400
2026-02-19 07:15:00,7275.0,7300.0,7250.0,7300.0,943900
2026-02-19 07:20:00,7300.0,7300.0,7275.0,7275.0,259600
2026-02-19 07:25:00,7275.0,7300.0,7275.0,7275.0,389900
2026-02-19 07:30:00,7275.0,7300.0,7250.0,7275.0,636700
2026-02-19 07:35:00,7275.0,7275.0,7250.0,7275.0,926300
2026-02-19 07:40:00,7275.0,7275.0,7250.0,7275.0,359200
2026-02-19 07:45:00,7325.0,7325.0,7250.0,7250.0,574300
2026-02-19 07:50:00,7400.0,7400.0,7325.0,7325.0,1032200
2026-02-19 07:55:00,7350.0,7425.0,7325.0,7400.0,1007900
2026-02-19 08:00:00,7375.0,7375.0,7325.0,7350.0,506100
2026-02-19 08:05:00,7350.0,7375.0,7350.0,7375.0,331400
2026-02-19 08:10:00,7400.0,7400.0,7350.0,7375.0,614300
2026-02-19 08:15:00,7350.0,7400.0,7350.0,7375.0,1057800
2026-02-19 08:20:00,7375.0,7375.0,7350.0,7350.0,284900
2026-02-19 08:25:00,7350.0,7375.0,7350.0,7375.0,413900
2026-02-19 08:30:00,7375.0,7375.0,7350.0,7350.0,165200
2026-02-19 08:35:00,7350.0,7375.0,7350.0,7375.0,349600
2026-02-19 08:40:00,7350.0,7375.0,7325.0,7350.0,605100
2026-02-19 08:45:00,7350.0,7375.0,7325.0,7350.0,725400
2026-02-19 09:00:00,7325.0,7325.0,7325.0,7325.0,1700600
2026-02-19 09:05:00,7325.0,7325.0,7325.0,7325.0,115300
2026-02-19 09:10:00,7325.0,7325.0,7325.0,7325.0,9400
2026-02-20 02:00:00,7400.0,7450.0,7350.0,7375.0,0
2026-02-20 02:05:00,7325.0,7425.0,7325.0,7425.0,1669200
2026-02-20 02:10:00,7225.0,7350.0,7200.0,7325.0,2278300
2026-02-20 02:15:00,7200.0,7275.0,7100.0,7250.0,5286900
2026-02-20 02:20:00,7075.0,7200.0,7050.0,7200.0,4237800
2026-02-20 02:25:00,7175.0,7175.0,7050.0,7075.0,3262100
2026-02-20 02:30:00,7250.0,7250.0,7125.0,7175.0,1832200
2026-02-20 02:35:00,7225.0,7275.0,7150.0,7250.0,1590300
2026-02-20 02:40:00,7150.0,7225.0,7125.0,7200.0,1522700
2026-02-20 02:45:00,7150.0,7200.0,7100.0,7125.0,952500
2026-02-20 02:50:00,7150.0,7175.0,7100.0,7150.0,965000
2026-02-20 02:55:00,7150.0,7175.0,7125.0,7150.0,455700
2026-02-20 03:00:00,7150.0,7175.0,7125.0,7175.0,334700
2026-02-20 03:05:00,7075.0,7150.0,7075.0,7125.0,2549100
2026-02-20 03:10:00,7100.0,7100.0,7075.0,7075.0,1531200
2026-02-20 03:15:00,7075.0,7100.0,7075.0,7100.0,912400
2026-02-20 03:20:00,7100.0,7150.0,7075.0,7100.0,784300
2026-02-20 03:25:00,7125.0,7150.0,7100.0,7125.0,793400
2026-02-20 03:30:00,7100.0,7150.0,7100.0,7125.0,1451200
2026-02-20 03:35:00,7100.0,7150.0,7100.0,7125.0,550000
2026-02-20 03:40:00,7100.0,7125.0,7100.0,7125.0,181900
2026-02-20 03:45:00,7075.0,7125.0,7075.0,7100.0,488000
2026-02-20 03:50:00,7075.0,7100.0,7075.0,7075.0,326200
2026-02-20 03:55:00,7075.0,7150.0,7075.0,7075.0,521500
2026-02-20 04:00:00,7100.0,7125.0,7075.0,7100.0,867800
2026-02-20 04:05:00,7075.0,7125.0,7075.0,7100.0,237400
2026-02-20 04:10:00,7075.0,7100.0,7075.0,7100.0,394600
2026-02-20 04:15:00,7075.0,7100.0,7075.0,7100.0,337100
2026-02-20 04:20:00,7100.0,7125.0,7075.0,7100.0,832800
2026-02-20 04:25:00,7100.0,7125.0,7075.0,7100.0,335900
2026-02-20 07:00:00,7075.0,7150.0,7075.0,7075.0,1728800
2026-02-20 07:05:00,7125.0,7150.0,7075.0,7075.0,1267200
2026-02-20 07:10:00,7125.0,7125.0,7075.0,7125.0,562900
2026-02-20 07:15:00,7075.0,7100.0,7075.0,7100.0,714800
2026-02-20 07:20:00,7075.0,7100.0,7075.0,7075.0,898000
2026-02-20 07:25:00,7075.0,7100.0,7075.0,7075.0,646000
2026-02-20 07:30:00,7075.0,7100.0,7050.0,7075.0,874500
2026-02-20 07:35:00,7100.0,7100.0,7050.0,7050.0,486700
2026-02-20 07:40:00,7075.0,7100.0,7050.0,7075.0,382700
2026-02-20 07:45:00,7075.0,7100.0,7075.0,7075.0,359100
2026-02-20 07:50:00,7050.0,7100.0,7050.0,7075.0,958300
2026-02-20 07:55:00,7150.0,7175.0,7050.0,7075.0,2829100
2026-02-20 08:00:00,7125.0,7200.0,7125.0,7150.0,1312300
2026-02-20 08:05:00,7100.0,7150.0,7100.0,7125.0,553900
2026-02-20 08:10:00,7100.0,7125.0,7100.0,7125.0,226600
2026-02-20 08:15:00,7100.0,7125.0,7100.0,7100.0,624300
2026-02-20 08:20:00,7075.0,7125.0,7075.0,7100.0,735300
2026-02-20 08:25:00,7100.0,7125.0,7075.0,7075.0,758800
2026-02-20 08:30:00,7100.0,7125.0,7075.0,7100.0,553700
2026-02-20 08:35:00,7100.0,7125.0,7075.0,7100.0,657200
2026-02-20 08:40:00,7100.0,7100.0,7075.0,7100.0,621100
2026-02-20 08:45:00,7075.0,7100.0,7075.0,7075.0,1040800
2026-02-20 09:00:00,7075.0,7075.0,7075.0,7075.0,1531400
2026-02-20 09:05:00,7075.0,7075.0,7075.0,7075.0,71100
2026-02-20 09:10:00,7075.0,7075.0,7075.0,7075.0,25400
2026-02-23 02:00:00,7250.0,7375.0,7225.0,7250.0,0
2026-02-23 02:05:00,7300.0,7300.0,7225.0,7225.0,2077100
2026-02-23 02:10:00,7300.0,7350.0,7275.0,7275.0,2206700
2026-02-23 02:15:00,7250.0,7325.0,7225.0,7300.0,2025600
2026-02-23 02:20:00,7250.0,7275.0,7225.0,7250.0,627200
2026-02-23 02:25:00,7250.0,7250.0,7225.0,7225.0,470200
2026-02-23 02:30:00,7275.0,7275.0,7225.0,7250.0,1243000
2026-02-23 02:35:00,7275.0,7325.0,7250.0,7275.0,1697500
2026-02-23 02:40:00,7275.0,7300.0,7250.0,7275.0,404100
2026-02-23 02:45:00,7275.0,7300.0,7250.0,7275.0,640800
2026-02-23 02:50:00,7275.0,7300.0,7250.0,7275.0,239600
2026-02-23 02:55:00,7300.0,7300.0,7250.0,7250.0,353300
2026-02-23 03:00:00,7275.0,7300.0,7250.0,7275.0,467600
2026-02-23 03:05:00,7300.0,7300.0,7275.0,7300.0,468100
2026-02-23 03:10:00,7250.0,7300.0,7250.0,7275.0,436000
2026-02-23 03:15:00,7250.0,7275.0,7250.0,7250.0,1249800
2026-02-23 03:20:00,7225.0,7275.0,7225.0,7250.0,1097100
2026-02-23 03:25:00,7200.0,7250.0,7125.0,7225.0,3067600
2026-02-23 03:30:00,7200.0,7225.0,7175.0,7200.0,442200
2026-02-23 03:35:00,7200.0,7225.0,7175.0,7225.0,566600
2026-02-23 03:40:00,7225.0,7225.0,7175.0,7175.0,433900
2026-02-23 03:45:00,7225.0,7250.0,7200.0,7225.0,525800
2026-02-23 03:50:00,7225.0,7250.0,7200.0,7200.0,393100
2026-02-23 03:55:00,7175.0,7250.0,7175.0,7250.0,624500
2026-02-23 04:00:00,7200.0,7225.0,7150.0,7175.0,1115900
2026-02-23 04:05:00,7175.0,7200.0,7150.0,7175.0,356300
2026-02-23 04:10:00,7175.0,7200.0,7150.0,7175.0,539100
2026-02-23 04:15:00,7175.0,7200.0,7150.0,7200.0,512900
2026-02-23 04:20:00,7175.0,7200.0,7150.0,7175.0,190700
2026-02-23 04:25:00,7175.0,7200.0,7150.0,7200.0,278800
2026-02-23 04:30:00,7150.0,7175.0,7125.0,7175.0,882200
2026-02-23 04:35:00,7125.0,7150.0,7100.0,7150.0,2402900
2026-02-23 04:40:00,7125.0,7150.0,7100.0,7100.0,810000
2026-02-23 04:45:00,7125.0,7150.0,7125.0,7125.0,499900
2026-02-23 04:50:00,7150.0,7150.0,7125.0,7150.0,430300
2026-02-23 04:55:00,7100.0,7150.0,7100.0,7125.0,706700
2026-02-23 06:30:00,7100.0,7150.0,7100.0,7125.0,1567000
2026-02-23 06:35:00,7150.0,7150.0,7100.0,7150.0,401800
2026-02-23 06:40:00,7150.0,7150.0,7125.0,7150.0,684200
2026-02-23 06:45:00,7150.0,7175.0,7125.0,7150.0,509500
2026-02-23 06:50:00,7175.0,7175.0,7150.0,7150.0,827800
2026-02-23 06:55:00,7200.0,7200.0,7150.0,7200.0,696800
2026-02-23 07:00:00,7175.0,7200.0,7175.0,7175.0,135900
2026-02-23 07:05:00,7175.0,7200.0,7150.0,7200.0,419600
2026-02-23 07:10:00,7150.0,7175.0,7150.0,7175.0,463900
2026-02-23 07:15:00,7150.0,7175.0,7150.0,7150.0,131700
2026-02-23 07:20:00,7150.0,7150.0,7125.0,7150.0,145900
2026-02-23 07:25:00,7150.0,7150.0,7125.0,7150.0,430200
2026-02-23 07:30:00,7150.0,7175.0,7125.0,7150.0,351400
2026-02-23 07:35:00,7150.0,7175.0,7125.0,7175.0,519300
2026-02-23 07:40:00,7125.0,7175.0,7125.0,7150.0,348400
2026-02-23 07:45:00,7125.0,7150.0,7125.0,7150.0,271900
2026-02-23 07:50:00,7125.0,7150.0,7100.0,7150.0,1566300
2026-02-23 07:55:00,7125.0,7150.0,7100.0,7125.0,377300
2026-02-23 08:00:00,7100.0,7125.0,7100.0,7125.0,887800
2026-02-23 08:05:00,7100.0,7125.0,7100.0,7100.0,603400
2026-02-23 08:10:00,7100.0,7125.0,7100.0,7125.0,696200
2026-02-23 08:15:00,7075.0,7125.0,7075.0,7125.0,2095300
2026-02-23 08:20:00,7075.0,7100.0,7075.0,7100.0,1061600
2026-02-23 08:25:00,7100.0,7100.0,7075.0,7075.0,384600
2026-02-23 08:30:00,7100.0,7100.0,7075.0,7075.0,553200
2026-02-23 08:35:00,7100.0,7100.0,7075.0,7100.0,531300
2026-02-23 08:40:00,7100.0,7100.0,7075.0,7075.0,1681300
2026-02-23 08:45:00,7100.0,7125.0,7075.0,7075.0,724300
2026-02-23 09:00:00,7125.0,7125.0,7125.0,7125.0,776300
2026-02-23 09:05:00,7125.0,7125.0,7125.0,7125.0,91300
2026-02-23 09:10:00,7125.0,7125.0,7125.0,7125.0,94600
2026-02-24 02:00:00,7100.0,7200.0,7050.0,7175.0,0
2026-02-24 02:05:00,6975.0,7100.0,6850.0,7075.0,8903600
2026-02-24 02:10:00,6925.0,6975.0,6900.0,6975.0,3515500
2026-02-24 02:15:00,6900.0,6925.0,6825.0,6925.0,7714200
2026-02-24 02:20:00,7000.0,7000.0,6900.0,6925.0,1683900
2026-02-24 02:25:00,6900.0,7025.0,6875.0,7000.0,3191800
2026-02-24 02:30:00,6875.0,6925.0,6850.0,6900.0,2125900
2026-02-24 02:35:00,6900.0,6900.0,6825.0,6875.0,4216700
2026-02-24 02:40:00,6875.0,6900.0,6825.0,6875.0,2207000
2026-02-24 02:45:00,6925.0,6925.0,6850.0,6900.0,1040100
2026-02-24 02:50:00,6850.0,6925.0,6825.0,6900.0,1684000
2026-02-24 02:55:00,6900.0,6900.0,6850.0,6875.0,787200
2026-02-24 03:00:00,6875.0,6900.0,6850.0,6900.0,416000
2026-02-24 03:05:00,6850.0,6900.0,6850.0,6900.0,1262200
2026-02-24 03:10:00,6875.0,6875.0,6850.0,6875.0,864900
2026-02-24 03:15:00,6850.0,6875.0,6825.0,6875.0,1732300
2026-02-24 03:20:00,6825.0,6875.0,6800.0,6850.0,2245400
2026-02-24 03:25:00,6825.0,6850.0,6800.0,6825.0,1015700
2026-02-24 03:30:00,6875.0,6875.0,6825.0,6850.0,430400
2026-02-24 03:35:00,6850.0,6875.0,6825.0,6850.0,569600
2026-02-24 03:40:00,6850.0,6850.0,6825.0,6850.0,194900
2026-02-24 03:45:00,6850.0,6850.0,6825.0,6825.0,287000
2026-02-24 03:50:00,6825.0,6850.0,6800.0,6825.0,639100
2026-02-24 03:55:00,6850.0,6850.0,6825.0,6825.0,398300
2026-02-24 04:00:00,6850.0,6850.0,6800.0,6850.0,1089000
2026-02-24 04:05:00,6850.0,6850.0,6825.0,6825.0,194400
2026-02-24 04:10:00,6850.0,6850.0,6825.0,6850.0,558800
2026-02-24 04:15:00,6825.0,6850.0,6800.0,6850.0,983200
2026-02-24 04:20:00,6850.0,6850.0,6800.0,6800.0,253400
2026-02-24 04:25:00,6850.0,6850.0,6825.0,6825.0,232500
2026-02-24 04:30:00,6850.0,6850.0,6825.0,6825.0,505400
2026-02-24 04:35:00,6800.0,6850.0,6800.0,6825.0,862700
2026-02-24 04:40:00,6775.0,6825.0,6775.0,6825.0,4535900
2026-02-24 04:45:00,6775.0,6800.0,6775.0,6775.0,4547800
2026-02-24 04:50:00,6775.0,6800.0,6750.0,6800.0,1304100
2026-02-24 04:55:00,6750.0,6775.0,6750.0,6750.0,469200
2026-02-24 06:30:00,6775.0,6775.0,6750.0,6775.0,1758200
2026-02-24 06:35:00,6775.0,6775.0,6750.0,6750.0,1055100
2026-02-24 06:40:00,6750.0,6775.0,6725.0,6775.0,2350800
2026-02-24 06:45:00,6725.0,6750.0,6700.0,6725.0,2660100
2026-02-24 06:50:00,6750.0,6775.0,6725.0,6725.0,1108100
2026-02-24 06:55:00,6725.0,6750.0,6700.0,6725.0,1904200
2026-02-24 07:00:00,6725.0,6750.0,6700.0,6725.0,1389200
2026-02-24 07:05:00,6725.0,6750.0,6700.0,6725.0,781600
2026-02-24 07:10:00,6675.0,6750.0,6650.0,6725.0,5880600
2026-02-24 07:15:00,6675.0,6700.0,6650.0,6675.0,2637600
2026-02-24 07:20:00,6550.0,6675.0,6500.0,6675.0,8165900
2026-02-24 07:25:00,6775.0,6775.0,6525.0,6575.0,5592300
2026-02-24 07:30:00,6850.0,6875.0,6775.0,6775.0,8979700
2026-02-24 07:35:00,6800.0,6875.0,6800.0,6850.0,2337100
2026-02-24 07:40:00,6750.0,6800.0,6750.0,6800.0,1578200
2026-02-24 07:45:00,6750.0,6775.0,6750.0,6775.0,456200
2026-02-24 07:50:00,6750.0,6775.0,6750.0,6750.0,335700
2026-02-24 07:55:00,6700.0,6775.0,6675.0,6750.0,1894100
2026-02-24 08:00:00,6725.0,6725.0,6675.0,6675.0,705200
2026-02-24 08:05:00,6725.0,6750.0,6700.0,6725.0,765700
2026-02-24 08:10:00,6700.0,6725.0,6675.0,6700.0,654600
2026-02-24 08:15:00,6675.0,6700.0,6675.0,6700.0,223600
2026-02-24 08:20:00,6675.0,6700.0,6650.0,6675.0,1543800
2026-02-24 08:25:00,6650.0,6675.0,6625.0,6650.0,999900
2026-02-24 08:30:00,6650.0,6675.0,6650.0,6650.0,553300
2026-02-24 08:35:00,6675.0,6675.0,6625.0,6650.0,982900
2026-02-24 08:40:00,6625.0,6675.0,6600.0,6675.0,3120200
2026-02-24 08:45:00,6650.0,6675.0,6600.0,6650.0,1776500
2026-02-24 09:00:00,6650.0,6650.0,6650.0,6650.0,1302700
2026-02-24 09:05:00,6650.0,6650.0,6650.0,6650.0,66000
2026-02-24 09:10:00,6650.0,6650.0,6650.0,6650.0,76200
2026-02-25 02:00:00,6775.0,6850.0,6650.0,6700.0,0
2026-02-25 02:05:00,6800.0,6800.0,6725.0,6800.0,3428100
2026-02-25 02:10:00,6725.0,6825.0,6700.0,6800.0,2695400
2026-02-25 02:15:00,6575.0,6750.0,6550.0,6700.0,3142100
2026-02-25 02:20:00,6425.0,6600.0,6350.0,6575.0,8178000
2026-02-25 02:25:00,6525.0,6550.0,6425.0,6450.0,4506200
2026-02-25 02:30:00,6550.0,6575.0,6450.0,6525.0,3133600
2026-02-25 02:35:00,6525.0,6550.0,6500.0,6550.0,1001600
2026-02-25 02:40:00,6450.0,6525.0,6450.0,6525.0,1357700
2026-02-25 02:45:00,6500.0,6525.0,6450.0,6450.0,1437700
2026-02-25 02:50:00,6525.0,6550.0,6500.0,6525.0,584700
2026-02-25 02:55:00,6575.0,6600.0,6525.0,6525.0,563500
2026-02-25 03:00:00,6550.0,6600.0,6525.0,6600.0,945300
2026-02-25 03:05:00,6525.0,6575.0,6475.0,6550.0,1306600
2026-02-25 03:10:00,6500.0,6550.0,6500.0,6525.0,452000
2026-02-25 03:15:00,6525.0,6550.0,6500.0,6500.0,523900
2026-02-25 03:20:00,6525.0,6550.0,6500.0,6525.0,306100
2026-02-25 03:25:00,6575.0,6600.0,6500.0,6525.0,611800
2026-02-25 03:30:00,6575.0,6600.0,6550.0,6575.0,794200
2026-02-25 03:35:00,6550.0,6575.0,6500.0,6550.0,1344200
2026-02-25 03:40:00,6500.0,6550.0,6475.0,6500.0,626600
2026-02-25 03:45:00,6475.0,6525.0,6450.0,6475.0,1924200
2026-02-25 03:50:00,6450.0,6500.0,6425.0,6475.0,1026800
2026-02-25 03:55:00,6475.0,6475.0,6400.0,6450.0,2130400
2026-02-25 04:00:00,6475.0,6500.0,6400.0,6475.0,1464900
2026-02-25 04:05:00,6475.0,6550.0,6475.0,6475.0,835000
2026-02-25 04:10:00,6475.0,6500.0,6475.0,6475.0,165600
2026-02-25 04:15:00,6525.0,6525.0,6475.0,6475.0,340800
2026-02-25 04:20:00,6500.0,6525.0,6475.0,6500.0,459300
2026-02-25 04:25:00,6525.0,6525.0,6500.0,6500.0,225000
2026-02-25 04:30:00,6500.0,6525.0,6500.0,6500.0,137000
2026-02-25 04:35:00,6500.0,6525.0,6475.0,6500.0,408400
2026-02-25 04:40:00,6500.0,6525.0,6475.0,6500.0,156900
2026-02-25 04:45:00,6500.0,6525.0,6500.0,6525.0,37200
2026-02-25 04:50:00,6550.0,6575.0,6500.0,6525.0,979700
2026-02-25 04:55:00,6550.0,6575.0,6550.0,6550.0,246000
2026-02-25 06:30:00,6675.0,6750.0,6550.0,6575.0,4506100
2026-02-25 06:35:00,6600.0,6675.0,6600.0,6650.0,1107100
2026-02-25 06:40:00,6700.0,6700.0,6575.0,6600.0,851700
2026-02-25 06:45:00,6675.0,6725.0,6675.0,6700.0,1743600
2026-02-25 06:50:00,6775.0,6775.0,6675.0,6675.0,1633700
2026-02-25 06:55:00,6800.0,6800.0,6725.0,6775.0,2910100
2026-02-25 07:00:00,6775.0,6825.0,6725.0,6800.0,3415800
2026-02-25 07:05:00,6750.0,6800.0,6725.0,6775.0,1236800
2026-02-25 07:10:00,6725.0,6775.0,6725.0,6750.0,812100
2026-02-25 07:15:00,6700.0,6750.0,6700.0,6750.0,615300
2026-02-25 07:20:00,6700.0,6725.0,6700.0,6700.0,229600
2026-02-25 07:25:00,6675.0,6725.0,6650.0,6700.0,1063100
2026-02-25 07:30:00,6675.0,6700.0,6650.0,6675.0,360600
2026-02-25 07:35:00,6675.0,6700.0,6675.0,6675.0,140000
2026-02-25 07:40:00,6700.0,6700.0,6675.0,6675.0,88800
2026-02-25 07:45:00,6700.0,6700.0,6675.0,6675.0,97000
2026-02-25 07:50:00,6650.0,6700.0,6650.0,6675.0,725100
2026-02-25 07:55:00,6675.0,6700.0,6650.0,6675.0,658300
2026-02-25 08:00:00,6650.0,6675.0,6650.0,6675.0,191800
2026-02-25 08:05:00,6675.0,6700.0,6650.0,6650.0,500900
2026-02-25 08:10:00,6675.0,6700.0,6650.0,6675.0,324900
2026-02-25 08:15:00,6700.0,6725.0,6675.0,6675.0,1154700
2026-02-25 08:20:00,6700.0,6725.0,6675.0,6700.0,201300
2026-02-25 08:25:00,6675.0,6700.0,6650.0,6700.0,379600
2026-02-25 08:30:00,6675.0,6700.0,6675.0,6700.0,163000
2026-02-25 08:35:00,6700.0,6725.0,6675.0,6675.0,623600
2026-02-25 08:40:00,6725.0,6750.0,6700.0,6725.0,841200
2026-02-25 08:45:00,6775.0,6800.0,6725.0,6750.0,2131900
2026-02-25 09:00:00,6775.0,6775.0,6775.0,6775.0,1814900
2026-02-25 09:05:00,6775.0,6775.0,6775.0,6775.0,79200
2026-02-25 09:10:00,6775.0,6775.0,6775.0,6775.0,68700
2026-02-26 02:00:00,6725.0,6875.0,6700.0,6825.0,0
2026-02-26 02:05:00,6625.0,6750.0,6625.0,6725.0,1453800
2026-02-26 02:10:00,6775.0,6800.0,6625.0,6650.0,1933200
2026-02-26 02:15:00,6700.0,6800.0,6700.0,6775.0,1071300
2026-02-26 02:20:00,6650.0,6750.0,6650.0,6725.0,1166300
2026-02-26 02:25:00,6700.0,6725.0,6650.0,6675.0,553000
2026-02-26 02:30:00,6650.0,6700.0,6625.0,6675.0,955700
2026-02-26 02:35:00,6675.0,6675.0,6625.0,6650.0,475100
2026-02-26 02:40:00,6650.0,6675.0,6600.0,6650.0,993600
2026-02-26 02:45:00,6675.0,6675.0,6625.0,6650.0,267700
2026-02-26 02:50:00,6650.0,6675.0,6625.0,6675.0,470800
2026-02-26 02:55:00,6675.0,6675.0,6625.0,6625.0,388100
2026-02-26 03:00:00,6650.0,6675.0,6625.0,6650.0,766900
2026-02-26 03:05:00,6625.0,6650.0,6600.0,6650.0,1014100
2026-02-26 03:10:00,6625.0,6650.0,6600.0,6600.0,899700
2026-02-26 03:15:00,6575.0,6625.0,6550.0,6625.0,1982800
2026-02-26 03:20:00,6475.0,6600.0,6450.0,6550.0,3616300
2026-02-26 03:25:00,6450.0,6500.0,6425.0,6450.0,2346500
2026-02-26 03:30:00,6450.0,6500.0,6425.0,6450.0,1091900
2026-02-26 03:35:00,6500.0,6500.0,6425.0,6450.0,583800
2026-02-26 03:40:00,6525.0,6550.0,6475.0,6500.0,1962000
2026-02-26 03:45:00,6500.0,6525.0,6450.0,6525.0,859600
2026-02-26 03:50:00,6500.0,6525.0,6475.0,6500.0,636600
2026-02-26 03:55:00,6500.0,6500.0,6475.0,6500.0,243000
2026-02-26 04:00:00,6500.0,6500.0,6475.0,6500.0,284000
2026-02-26 04:05:00,6500.0,6500.0,6475.0,6500.0,92900
2026-02-26 04:10:00,6475.0,6500.0,6475.0,6500.0,60700
2026-02-26 04:15:00,6525.0,6525.0,6475.0,6500.0,239700
2026-02-26 04:20:00,6500.0,6525.0,6500.0,6525.0,218300
2026-02-26 04:25:00,6500.0,6525.0,6475.0,6500.0,595600
2026-02-26 04:30:00,6475.0,6500.0,6450.0,6475.0,566700
2026-02-26 04:35:00,6475.0,6500.0,6450.0,6475.0,376700
2026-02-26 04:40:00,6450.0,6475.0,6425.0,6475.0,1598300
2026-02-26 04:45:00,6425.0,6475.0,6425.0,6425.0,678200
2026-02-26 04:50:00,6425.0,6450.0,6400.0,6450.0,1883200
2026-02-26 04:55:00,6450.0,6450.0,6400.0,6425.0,1380500
2026-02-26 06:30:00,6450.0,6475.0,6400.0,6450.0,533400
2026-02-26 06:35:00,6375.0,6450.0,6350.0,6425.0,4606200
2026-02-26 06:40:00,6400.0,6400.0,6350.0,6375.0,1224400
2026-02-26 06:45:00,6375.0,6400.0,6350.0,6400.0,991800
2026-02-26 06:50:00,6400.0,6400.0,6350.0,6375.0,208300
2026-02-26 06:55:00,6375.0,6400.0,6350.0,6400.0,539300
2026-02-26 07:00:00,6275.0,6400.0,6250.0,6375.0,3943800
2026-02-26 07:05:00,6300.0,6325.0,6200.0,6275.0,4209400
2026-02-26 07:10:00,6325.0,6350.0,6275.0,6275.0,930700
2026-02-26 07:15:00,6250.0,6325.0,6225.0,6325.0,1535600
2026-02-26 07:20:00,6250.0,6275.0,6225.0,6225.0,1207800
2026-02-26 07:25:00,6250.0,6275.0,6125.0,6275.0,6116200
2026-02-26 07:30:00,6350.0,6375.0,6200.0,6225.0,2424300
2026-02-26 07:35:00,6350.0,6400.0,6300.0,6350.0,2052000
2026-02-26 07:40:00,6325.0,6375.0,6300.0,6350.0,688100
2026-02-26 07:45:00,6325.0,6375.0,6325.0,6350.0,481600
2026-02-26 07:50:00,6350.0,6375.0,6300.0,6325.0,503600
2026-02-26 07:55:00,6325.0,6350.0,6300.0,6350.0,996500
2026-02-26 08:00:00,6325.0,6350.0,6300.0,6350.0,563600
2026-02-26 08:05:00,6325.0,6350.0,6300.0,6325.0,465100
2026-02-26 08:10:00,6325.0,6350.0,6300.0,6350.0,696500
2026-02-26 08:15:00,6275.0,6325.0,6250.0,6325.0,1821300
2026-02-26 08:20:00,6275.0,6275.0,6250.0,6275.0,718900
2026-02-26 08:25:00,6225.0,6300.0,6225.0,6275.0,788900
2026-02-26 08:30:00,6250.0,6275.0,6225.0,6225.0,392500
2026-02-26 08:35:00,6175.0,6275.0,6175.0,6250.0,2882800
2026-02-26 08:40:00,6300.0,6300.0,6150.0,6175.0,2116100
2026-02-26 08:45:00,6325.0,6325.0,6275.0,6300.0,1229400
2026-02-26 09:00:00,6300.0,6300.0,6300.0,6300.0,1306400
2026-02-26 09:05:00,6300.0,6300.0,6300.0,6300.0,394600
2026-02-26 09:10:00,6300.0,6300.0,6300.0,6300.0,77600
2026-02-27 02:00:00,6200.0,6275.0,6050.0,6250.0,0
2026-02-27 02:05:00,6025.0,6200.0,5900.0,6200.0,5291400
2026-02-27 02:10:00,6150.0,6200.0,6025.0,6075.0,2724000
2026-02-27 02:15:00,6275.0,6275.0,6100.0,6150.0,2502800
2026-02-27 02:20:00,6225.0,6250.0,6175.0,6250.0,1449700
2026-02-27 02:25:00,6375.0,6375.0,6200.0,6225.0,2168700
2026-02-27 02:30:00,6350.0,6375.0,6275.0,6375.0,1889700
2026-02-27 02:35:00,6200.0,6350.0,6200.0,6350.0,2103600
2026-02-27 02:40:00,6225.0,6250.0,6175.0,6200.0,501200
2026-02-27 02:45:00,6250.0,6275.0,6225.0,6250.0,192400
2026-02-27 02:50:00,6200.0,6275.0,6175.0,6250.0,373700
2026-02-27 02:55:00,6200.0,6200.0,6125.0,6175.0,1366800
2026-02-27 03:00:00,6175.0,6200.0,6175.0,6175.0,457400
2026-02-27 03:05:00,6175.0,6200.0,6150.0,6200.0,245700
2026-02-27 03:10:00,6200.0,6200.0,6175.0,6175.0,315000
2026-02-27 03:15:00,6200.0,6200.0,6175.0,6175.0,81200
2026-02-27 03:20:00,6200.0,6225.0,6175.0,6200.0,537400
2026-02-27 03:25:00,6200.0,6225.0,6200.0,6200.0,276500
2026-02-27 03:30:00,6225.0,6225.0,6175.0,6200.0,276500
2026-02-27 03:35:00,6200.0,6225.0,6200.0,6200.0,160100
2026-02-27 03:40:00,6225.0,6225.0,6200.0,6200.0,218100
2026-02-27 03:45:00,6275.0,6275.0,6200.0,6225.0,1200100
2026-02-27 03:50:00,6250.0,6275.0,6250.0,6275.0,256500
2026-02-27 03:55:00,6250.0,6275.0,6225.0,6250.0,320300
2026-02-27 04:00:00,6225.0,6250.0,6175.0,6225.0,840900
2026-02-27 04:05:00,6225.0,6250.0,6200.0,6225.0,185200
2026-02-27 04:10:00,6225.0,6250.0,6225.0,6225.0,68300
2026-02-27 04:15:00,6200.0,6250.0,6200.0,6250.0,209500
2026-02-27 04:20:00,6175.0,6225.0,6175.0,6225.0,419200
2026-02-27 04:25:00,6225.0,6225.0,6175.0,6200.0,351900
2026-02-27 07:00:00,6150.0,6225.0,6125.0,6225.0,4017100
2026-02-27 07:05:00,6150.0,6200.0,6125.0,6150.0,980000
2026-02-27 07:10:00,6125.0,6175.0,6075.0,6150.0,3205400
2026-02-27 07:15:00,6150.0,6150.0,6100.0,6125.0,2667300
2026-02-27 07:20:00,6125.0,6175.0,6125.0,6150.0,251800
2026-02-27 07:25:00,6125.0,6150.0,6125.0,6125.0,283100
2026-02-27 07:30:00,6150.0,6150.0,6125.0,6125.0,265300
2026-02-27 07:35:00,6150.0,6150.0,6100.0,6150.0,1606100
2026-02-27 07:40:00,6150.0,6150.0,6125.0,6125.0,200700
2026-02-27 07:45:00,6100.0,6150.0,6100.0,6150.0,702400
2026-02-27 07:50:00,6150.0,6150.0,6100.0,6100.0,3591000
2026-02-27 07:55:00,6150.0,6200.0,6125.0,6150.0,1681700
2026-02-27 08:00:00,6150.0,6175.0,6125.0,6175.0,1501400
2026-02-27 08:05:00,6175.0,6200.0,6125.0,6125.0,1896200
2026-02-27 08:10:00,6175.0,6200.0,6150.0,6175.0,1138500
2026-02-27 08:15:00,6175.0,6175.0,6150.0,6175.0,306000
2026-02-27 08:20:00,6125.0,6175.0,6100.0,6150.0,10838800
2026-02-27 08:25:00,6175.0,6175.0,6100.0,6100.0,10677600
2026-02-27 08:30:00,6150.0,6175.0,6125.0,6150.0,2993600
2026-02-27 08:35:00,6150.0,6175.0,6125.0,6150.0,5362600
2026-02-27 08:40:00,6150.0,6175.0,6125.0,6175.0,11566400
2026-02-27 08:45:00,6175.0,6175.0,6125.0,6175.0,3265600
2026-02-27 09:00:00,6125.0,6125.0,6125.0,6125.0,2911000
2026-02-27 09:05:00,6125.0,6125.0,6125.0,6125.0,37200
2026-02-27 09:10:00,6125.0,6125.0,6125.0,6125.0,505400
2026-03-02 02:00:00,5925.0,5950.0,5625.0,5725.0,0
2026-03-02 02:05:00,6050.0,6050.0,5925.0,5950.0,3654500
2026-03-02 02:10:00,5925.0,6075.0,5925.0,6050.0,3647300
2026-03-02 02:15:00,5925.0,6000.0,5850.0,5950.0,2328400
2026-03-02 02:20:00,6100.0,6125.0,5925.0,5950.0,4283300
2026-03-02 02:25:00,6075.0,6150.0,6075.0,6100.0,1820600
2026-03-02 02:30:00,6100.0,6100.0,6025.0,6075.0,1300500
2026-03-02 02:35:00,6125.0,6150.0,6075.0,6100.0,1082000
2026-03-02 02:40:00,6150.0,6150.0,6100.0,6125.0,582000
2026-03-02 02:45:00,6100.0,6150.0,6100.0,6150.0,1080100
2026-03-02 02:50:00,6125.0,6125.0,6075.0,6100.0,413100
2026-03-02 02:55:00,6100.0,6125.0,6100.0,6125.0,159900
2026-03-02 03:00:00,6125.0,6125.0,6100.0,6100.0,479100
2026-03-02 03:05:00,6100.0,6125.0,6100.0,6125.0,215700
2026-03-02 03:10:00,6050.0,6125.0,6050.0,6100.0,843600
2026-03-02 03:15:00,6050.0,6075.0,6050.0,6075.0,759500
2026-03-02 03:20:00,6050.0,6075.0,6025.0,6075.0,769600
2026-03-02 03:25:00,6075.0,6075.0,6050.0,6075.0,529000
2026-03-02 03:30:00,6050.0,6075.0,6050.0,6050.0,413500
2026-03-02 03:35:00,6050.0,6075.0,6025.0,6075.0,608300
2026-03-02 03:40:00,6050.0,6075.0,6050.0,6050.0,121200
2026-03-02 03:45:00,6075.0,6075.0,6050.0,6075.0,322900
2026-03-02 03:50:00,6075.0,6075.0,6050.0,6075.0,424800
2026-03-02 03:55:00,6050.0,6075.0,6050.0,6075.0,219300
2026-03-02 04:00:00,6075.0,6075.0,6025.0,6050.0,370800
2026-03-02 04:05:00,6075.0,6075.0,6050.0,6050.0,991400
2026-03-02 04:10:00,6075.0,6100.0,6050.0,6050.0,734300
2026-03-02 04:15:00,6075.0,6100.0,6050.0,6075.0,440100
2026-03-02 04:20:00,6075.0,6100.0,6075.0,6075.0,130700
2026-03-02 04:25:00,6100.0,6100.0,6075.0,6075.0,301700
2026-03-02 04:30:00,6050.0,6100.0,6050.0,6075.0,386000
2026-03-02 04:35:00,6125.0,6125.0,6050.0,6050.0,1095900
2026-03-02 04:40:00,6100.0,6125.0,6100.0,6100.0,376500
2026-03-02 04:45:00,6100.0,6125.0,6075.0,6100.0,543300
2026-03-02 04:50:00,6100.0,6125.0,6075.0,6100.0,386700
2026-03-02 04:55:00,6100.0,6125.0,6100.0,6125.0,69000
2026-03-02 06:30:00,6100.0,6150.0,6075.0,6125.0,682800
2026-03-02 06:35:00,6050.0,6125.0,6050.0,6075.0,1259400
2026-03-02 06:40:00,6050.0,6075.0,6025.0,6050.0,549000
2026-03-02 06:45:00,6075.0,6100.0,6050.0,6050.0,740900
2026-03-02 06:50:00,6050.0,6100.0,6050.0,6100.0,1065600
2026-03-02 06:55:00,6050.0,6075.0,6050.0,6050.0,925500
2026-03-02 07:00:00,6050.0,6075.0,6000.0,6050.0,1863300
2026-03-02 07:05:00,6050.0,6075.0,6000.0,6050.0,1278300
2026-03-02 07:10:00,6050.0,6075.0,6025.0,6075.0,1496900
2026-03-02 07:15:00,6050.0,6075.0,6000.0,6050.0,964300
2026-03-02 07:20:00,6050.0,6075.0,6025.0,6050.0,816900
2026-03-02 07:25:00,6050.0,6075.0,6025.0,6050.0,386400
2026-03-02 07:30:00,6050.0,6075.0,6025.0,6050.0,1017400
2026-03-02 07:35:00,6050.0,6075.0,6025.0,6075.0,1031400
2026-03-02 07:40:00,6050.0,6075.0,6025.0,6025.0,73700
2026-03-02 07:45:00,6100.0,6100.0,6025.0,6050.0,1497000
2026-03-02 07:50:00,6075.0,6075.0,6025.0,6075.0,803300
2026-03-02 07:55:00,6075.0,6075.0,6050.0,6050.0,627900
2026-03-02 08:00:00,6050.0,6100.0,6050.0,6100.0,632000
2026-03-02 08:05:00,6050.0,6075.0,6050.0,6050.0,71200
2026-03-02 08:10:00,6075.0,6100.0,6050.0,6075.0,761500
2026-03-02 08:15:00,6050.0,6075.0,6050.0,6050.0,269000
2026-03-02 08:20:00,6050.0,6075.0,6050.0,6050.0,636100
2026-03-02 08:25:00,6050.0,6075.0,6050.0,6075.0,1208100
2026-03-02 08:30:00,6050.0,6075.0,6050.0,6050.0,188700
2026-03-02 08:35:00,6050.0,6075.0,6050.0,6050.0,299000
2026-03-02 08:40:00,6050.0,6075.0,6050.0,6050.0,992700
2026-03-02 08:45:00,6050.0,6075.0,6025.0,6050.0,3400000
2026-03-02 09:00:00,6000.0,6000.0,6000.0,6000.0,1746400
2026-03-02 09:05:00,6000.0,6000.0,6000.0,6000.0,267900
2026-03-02 09:10:00,6000.0,6000.0,6000.0,6000.0,0
2026-03-03 02:00:00,6225.0,6375.0,6200.0,6275.0,0
2026-03-03 02:05:00,6275.0,6300.0,6225.0,6225.0,2563100
2026-03-03 02:10:00,6175.0,6275.0,6175.0,6250.0,1985700
2026-03-03 02:15:00,6225.0,6225.0,6150.0,6175.0,1472700
2026-03-03 02:20:00,6175.0,6225.0,6175.0,6225.0,845800
2026-03-03 02:25:00,6175.0,6225.0,6175.0,6200.0,665500
2026-03-03 02:30:00,6075.0,6200.0,6050.0,6200.0,2138200
2026-03-03 02:35:00,6075.0,6100.0,6025.0,6075.0,1512800
2026-03-03 02:40:00,6025.0,6075.0,5950.0,6050.0,3934800
2026-03-03 02:45:00,6025.0,6050.0,5975.0,6050.0,1105500
2026-03-03 02:50:00,6000.0,6050.0,6000.0,6025.0,829600
2026-03-03 02:55:00,6025.0,6050.0,6000.0,6000.0,803200
2026-03-03 03:00:00,6050.0,6050.0,6025.0,6025.0,147000
2026-03-03 03:05:00,6000.0,6050.0,6000.0,6025.0,1028300
2026-03-03 03:10:00,6000.0,6000.0,5975.0,6000.0,608100
2026-03-03 03:15:00,6000.0,6025.0,5975.0,6000.0,1107600
2026-03-03 03:20:00,5975.0,6000.0,5975.0,6000.0,567500
2026-03-03 03:25:00,5975.0,6025.0,5950.0,6000.0,901100
2026-03-03 03:30:00,5875.0,5975.0,5850.0,5950.0,4101800
2026-03-03 03:35:00,5850.0,5900.0,5825.0,5875.0,2345500
2026-03-03 03:40:00,5850.0,5850.0,5825.0,5825.0,1672400
2026-03-03 03:45:00,5750.0,5850.0,5700.0,5825.0,3451000
2026-03-03 03:50:00,5725.0,5775.0,5725.0,5725.0,1459800
2026-03-03 03:55:00,5800.0,5825.0,5725.0,5725.0,1569400
2026-03-03 04:00:00,5825.0,5825.0,5775.0,5800.0,782700
2026-03-03 04:05:00,5825.0,5825.0,5800.0,5825.0,676600
2026-03-03 04:10:00,5825.0,5850.0,5800.0,5825.0,528900
2026-03-03 04:15:00,5900.0,5925.0,5800.0,5825.0,1413300
2026-03-03 04:20:00,5875.0,5925.0,5875.0,5900.0,1120800
2026-03-03 04:25:00,5900.0,5900.0,5825.0,5875.0,695000
2026-03-03 04:30:00,5850.0,5900.0,5850.0,5900.0,346600
2026-03-03 04:35:00,5875.0,5875.0,5850.0,5875.0,254300
2026-03-03 04:40:00,5875.0,5900.0,5850.0,5875.0,917300
2026-03-03 04:45:00,5900.0,5900.0,5850.0,5875.0,352100
2026-03-03 04:50:00,5900.0,5900.0,5875.0,5875.0,106200
2026-03-03 04:55:00,5875.0,5925.0,5875.0,5900.0,313500
2026-03-03 06:30:00,5825.0,5900.0,5800.0,5900.0,1892900
2026-03-03 06:35:00,5775.0,5825.0,5750.0,5800.0,2786200
2026-03-03 06:40:00,5800.0,5825.0,5750.0,5775.0,423500
2026-03-03 06:45:00,5775.0,5825.0,5775.0,5825.0,578400
2026-03-03 06:50:00,5800.0,5800.0,5750.0,5800.0,946800
2026-03-03 06:55:00,5750.0,5800.0,5725.0,5800.0,1674200
2026-03-03 07:00:00,5725.0,5750.0,5725.0,5750.0,1736600
2026-03-03 07:05:00,5725.0,5750.0,5700.0,5725.0,1635800
2026-03-03 07:10:00,5750.0,5750.0,5725.0,5725.0,268500
2026-03-03 07:15:00,5725.0,5750.0,5700.0,5750.0,1328600
2026-03-03 07:20:00,5675.0,5725.0,5675.0,5725.0,3184800
2026-03-03 07:25:00,5650.0,5675.0,5600.0,5650.0,4435300
2026-03-03 07:30:00,5700.0,5725.0,5650.0,5675.0,1217200
2026-03-03 07:35:00,5725.0,5750.0,5700.0,5725.0,1114500
2026-03-03 07:40:00,5775.0,5800.0,5725.0,5725.0,1365400
2026-03-03 07:45:00,5850.0,5850.0,5775.0,5775.0,1863400
2026-03-03 07:50:00,5825.0,5875.0,5800.0,5850.0,2023400
2026-03-03 07:55:00,5800.0,5850.0,5800.0,5825.0,429100
2026-03-03 08:00:00,5775.0,5825.0,5775.0,5825.0,1037600
2026-03-03 08:05:00,5850.0,5850.0,5775.0,5800.0,685900
2026-03-03 08:10:00,5925.0,5950.0,5825.0,5850.0,1931200
2026-03-03 08:15:00,5925.0,5925.0,5900.0,5925.0,290800
2026-03-03 08:20:00,5950.0,5950.0,5900.0,5900.0,1041800
2026-03-03 08:25:00,5925.0,5950.0,5900.0,5950.0,551600
2026-03-03 08:30:00,5900.0,5950.0,5875.0,5950.0,1143600
2026-03-03 08:35:00,5850.0,5900.0,5850.0,5900.0,1610000
2026-03-03 08:40:00,5850.0,5875.0,5825.0,5850.0,1563100
2026-03-03 08:45:00,5850.0,5875.0,5800.0,5825.0,1510800
2026-03-03 09:00:00,5825.0,5825.0,5825.0,5825.0,1579300
2026-03-03 09:05:00,5825.0,5825.0,5825.0,5825.0,160000
2026-03-03 09:10:00,5825.0,5825.0,5825.0,5825.0,96100
2026-03-04 02:00:00,5800.0,5825.0,5625.0,5725.0,0
2026-03-04 02:05:00,5700.0,5850.0,5700.0,5800.0,1780500
2026-03-04 02:10:00,5700.0,5775.0,5650.0,5700.0,2726200
2026-03-04 02:15:00,5525.0,5725.0,5525.0,5700.0,3462700
2026-03-04 02:20:00,5575.0,5650.0,5525.0,5525.0,2991000
2026-03-04 02:25:00,5600.0,5650.0,5550.0,5575.0,1376800
2026-03-04 02:30:00,5675.0,5675.0,5575.0,5575.0,1420300
2026-03-04 02:35:00,5600.0,5675.0,5575.0,5675.0,1239000
2026-03-04 02:40:00,5600.0,5600.0,5550.0,5600.0,1025000
2026-03-04 02:45:00,5525.0,5600.0,5525.0,5575.0,2108500
2026-03-04 02:50:00,5500.0,5550.0,5475.0,5550.0,4110300
2026-03-04 02:55:00,5400.0,5500.0,5375.0,5475.0,3006800
2026-03-04 03:00:00,5450.0,5500.0,5300.0,5400.0,4569700
2026-03-04 03:05:00,5375.0,5475.0,5375.0,5450.0,1075200
2026-03-04 03:10:00,5400.0,5450.0,5350.0,5375.0,1822100
2026-03-04 03:15:00,5400.0,5450.0,5375.0,5450.0,640800
2026-03-04 03:20:00,5300.0,5400.0,5300.0,5375.0,1576800
2026-03-04 03:25:00,5325.0,5400.0,5175.0,5300.0,7327100
2026-03-04 03:30:00,5400.0,5450.0,5325.0,5350.0,1694700
2026-03-04 03:35:00,5475.0,5525.0,5375.0,5400.0,2230200
2026-03-04 03:40:00,5550.0,5550.0,5450.0,5450.0,971300
2026-03-04 03:45:00,5500.0,5575.0,5500.0,5550.0,1353500
2026-03-04 03:50:00,5475.0,5500.0,5475.0,5500.0,233300
2026-03-04 03:55:00,5450.0,5500.0,5450.0,5475.0,494000
2026-03-04 04:00:00,5375.0,5450.0,5375.0,5450.0,1100100
2026-03-04 04:05:00,5425.0,5450.0,5375.0,5375.0,305200
2026-03-04 04:10:00,5425.0,5450.0,5375.0,5425.0,513400
2026-03-04 04:15:00,5425.0,5425.0,5400.0,5400.0,129300
2026-03-04 04:20:00,5400.0,5450.0,5400.0,5425.0,381500
2026-03-04 04:25:00,5400.0,5425.0,5375.0,5400.0,322900
2026-03-04 04:30:00,5350.0,5400.0,5325.0,5400.0,882100
2026-03-04 04:35:00,5375.0,5400.0,5350.0,5350.0,302500
2026-03-04 04:40:00,5375.0,5400.0,5325.0,5375.0,1180200
2026-03-04 04:45:00,5350.0,5400.0,5300.0,5350.0,942400
2026-03-04 04:50:00,5325.0,5375.0,5325.0,5350.0,508400
2026-03-04 04:55:00,5275.0,5350.0,5250.0,5325.0,1519900
2026-03-04 06:30:00,5275.0,5400.0,5200.0,5275.0,5797200
2026-03-04 06:35:00,5400.0,5425.0,5275.0,5325.0,1341800
2026-03-04 06:40:00,5400.0,5425.0,5375.0,5400.0,593200
2026-03-04 06:45:00,5325.0,5425.0,5325.0,5400.0,647600
2026-03-04 06:50:00,5325.0,5350.0,5300.0,5325.0,340100
2026-03-04 06:55:00,5300.0,5325.0,5250.0,5325.0,648200
2026-03-04 07:00:00,5250.0,5325.0,5250.0,5300.0,678300
2026-03-04 07:05:00,5250.0,5275.0,5175.0,5225.0,1504900
2026-03-04 07:10:00,5250.0,5275.0,5225.0,5225.0,781400
2026-03-04 07:15:00,5250.0,5275.0,5225.0,5250.0,1554800
2026-03-04 07:20:00,5300.0,5325.0,5250.0,5275.0,1840900
2026-03-04 07:25:00,5325.0,5325.0,5275.0,5300.0,903000
2026-03-04 07:30:00,5325.0,5350.0,5300.0,5300.0,523400
2026-03-04 07:35:00,5325.0,5350.0,5325.0,5325.0,148800
2026-03-04 07:40:00,5350.0,5375.0,5325.0,5325.0,633600
2026-03-04 07:45:00,5375.0,5400.0,5350.0,5375.0,649600
2026-03-04 07:50:00,5450.0,5475.0,5375.0,5375.0,1221100
2026-03-04 07:55:00,5400.0,5450.0,5400.0,5450.0,323200
2026-03-04 08:00:00,5400.0,5425.0,5400.0,5425.0,140100
2026-03-04 08:05:00,5425.0,5425.0,5400.0,5400.0,357600
2026-03-04 08:10:00,5375.0,5425.0,5350.0,5400.0,1513600
2026-03-04 08:15:00,5350.0,5375.0,5325.0,5375.0,372200
2026-03-04 08:20:00,5325.0,5350.0,5300.0,5325.0,444400
2026-03-04 08:25:00,5325.0,5350.0,5325.0,5325.0,470000
2026-03-04 08:30:00,5375.0,5375.0,5325.0,5325.0,429600
2026-03-04 08:35:00,5350.0,5375.0,5325.0,5350.0,423700
2026-03-04 08:40:00,5300.0,5375.0,5300.0,5350.0,1194200
2026-03-04 08:45:00,5300.0,5350.0,5275.0,5300.0,1203400
2026-03-04 09:00:00,5300.0,5300.0,5300.0,5300.0,1444300
2026-03-04 09:05:00,5300.0,5300.0,5300.0,5300.0,222400
2026-03-04 09:10:00,5300.0,5300.0,5300.0,5300.0,56200
2026-03-05 02:00:00,5650.0,5750.0,5575.0,5700.0,0
2026-03-05 02:05:00,5550.0,5650.0,5475.0,5650.0,5706400
2026-03-05 02:10:00,5575.0,5625.0,5525.0,5525.0,2575900
2026-03-05 02:15:00,5675.0,5700.0,5550.0,5575.0,2774300
2026-03-05 02:20:00,5575.0,5675.0,5550.0,5675.0,2403700
2026-03-05 02:25:00,5500.0,5575.0,5400.0,5550.0,7199500
2026-03-05 02:30:00,5500.0,5525.0,5450.0,5500.0,1047300
2026-03-05 02:35:00,5525.0,5550.0,5500.0,5500.0,775900
2026-03-05 02:40:00,5500.0,5550.0,5500.0,5525.0,514600
2026-03-05 02:45:00,5425.0,5550.0,5425.0,5525.0,1849300
2026-03-05 02:50:00,5475.0,5475.0,5400.0,5425.0,1133300
2026-03-05 02:55:00,5450.0,5500.0,5425.0,5450.0,668700
2026-03-05 03:00:00,5475.0,5475.0,5425.0,5450.0,661500
2026-03-05 03:05:00,5475.0,5500.0,5425.0,5500.0,709800
2026-03-05 03:10:00,5475.0,5525.0,5450.0,5475.0,1030500
2026-03-05 03:15:00,5450.0,5475.0,5425.0,5475.0,986300
2026-03-05 03:20:00,5400.0,5450.0,5375.0,5450.0,2186200
2026-03-05 03:25:00,5350.0,5400.0,5325.0,5400.0,1920000
2026-03-05 03:30:00,5350.0,5375.0,5300.0,5350.0,3085500
2026-03-05 03:35:00,5325.0,5375.0,5300.0,5350.0,1719200
2026-03-05 03:40:00,5325.0,5350.0,5300.0,5325.0,726700
2026-03-05 03:45:00,5275.0,5325.0,5250.0,5325.0,2709000
2026-03-05 03:50:00,5300.0,5325.0,5250.0,5275.0,927100
2026-03-05 03:55:00,5350.0,5350.0,5300.0,5300.0,259200
2026-03-05 04:00:00,5350.0,5375.0,5300.0,5325.0,579400
2026-03-05 04:05:00,5350.0,5375.0,5325.0,5325.0,205300
2026-03-05 04:10:00,5375.0,5375.0,5350.0,5350.0,140000
2026-03-05 04:15:00,5325.0,5375.0,5325.0,5375.0,605400
2026-03-05 04:20:00,5350.0,5350.0,5325.0,5350.0,94800
2026-03-05 04:25:00,5350.0,5375.0,5350.0,5350.0,716600
2026-03-05 04:30:00,5350.0,5375.0,5325.0,5375.0,327600
2026-03-05 04:35:00,5350.0,5350.0,5325.0,5350.0,330600
2026-03-05 04:40:00,5350.0,5350.0,5325.0,5325.0,114900
2026-03-05 04:45:00,5350.0,5350.0,5325.0,5350.0,32800
2026-03-05 04:50:00,5350.0,5350.0,5325.0,5350.0,52100
2026-03-05 04:55:00,5350.0,5350.0,5325.0,5350.0,139500
2026-03-05 06:30:00,5300.0,5325.0,5225.0,5325.0,3386600
2026-03-05 06:35:00,5300.0,5300.0,5275.0,5275.0,443900
2026-03-05 06:40:00,5275.0,5300.0,5275.0,5300.0,77900
2026-03-05 06:45:00,5275.0,5300.0,5275.0,5275.0,261900
2026-03-05 06:50:00,5325.0,5325.0,5275.0,5300.0,328800
2026-03-05 06:55:00,5325.0,5325.0,5300.0,5325.0,52200
2026-03-05 07:00:00,5325.0,5325.0,5300.0,5300.0,297100
2026-03-05 07:05:00,5325.0,5325.0,5300.0,5325.0,195800
2026-03-05 07:10:00,5350.0,5350.0,5300.0,5325.0,228700
2026-03-05 07:15:00,5300.0,5350.0,5250.0,5350.0,1563300
2026-03-05 07:20:00,5275.0,5300.0,5250.0,5275.0,724900
2026-03-05 07:25:00,5275.0,5275.0,5250.0,5275.0,292000
2026-03-05 07:30:00,5250.0,5275.0,5225.0,5275.0,2075700
2026-03-05 07:35:00,5300.0,5300.0,5225.0,5250.0,422900
2026-03-05 07:40:00,5250.0,5300.0,5250.0,5275.0,104300
2026-03-05 07:45:00,5250.0,5275.0,5225.0,5275.0,733300
2026-03-05 07:50:00,5275.0,5275.0,5225.0,5250.0,458300
2026-03-05 07:55:00,5250.0,5275.0,5250.0,5275.0,79700
2026-03-05 08:00:00,5250.0,5275.0,5225.0,5275.0,493000
2026-03-05 08:05:00,5225.0,5275.0,5225.0,5250.0,242900
2026-03-05 08:10:00,5250.0,5275.0,5225.0,5250.0,358900
2026-03-05 08:15:00,5275.0,5275.0,5225.0,5250.0,468300
2026-03-05 08:20:00,5250.0,5275.0,5250.0,5275.0,270500
2026-03-05 08:25:00,5250.0,5275.0,5250.0,5275.0,225700
2026-03-05 08:30:00,5250.0,5275.0,5250.0,5275.0,140000
2026-03-05 08:35:00,5250.0,5275.0,5250.0,5250.0,434700
2026-03-05 08:40:00,5300.0,5300.0,5225.0,5275.0,1976000
2026-03-05 08:45:00,5250.0,5300.0,5250.0,5275.0,1054300
2026-03-05 09:00:00,5225.0,5225.0,5225.0,5225.0,1612000
2026-03-05 09:05:00,5225.0,5225.0,5225.0,5225.0,32400
2026-03-05 09:10:00,5225.0,5225.0,5225.0,5225.0,33200
2026-03-06 02:00:00,5125.0,5200.0,5025.0,5175.0,0
2026-03-06 02:05:00,5000.0,5150.0,5000.0,5150.0,4237300
2026-03-06 02:10:00,4990.0,5050.0,4950.0,5025.0,6734800
2026-03-06 02:15:00,5000.0,5050.0,4940.0,4980.0,5863400
2026-03-06 02:20:00,5025.0,5075.0,5000.0,5025.0,1748800
2026-03-06 02:25:00,4990.0,5025.0,4960.0,5000.0,2150600
2026-03-06 02:30:00,4990.0,5000.0,4980.0,4990.0,1425300
2026-03-06 02:35:00,4980.0,4990.0,4960.0,4980.0,1542500
2026-03-06 02:40:00,4920.0,4980.0,4910.0,4980.0,3221700
2026-03-06 02:45:00,4950.0,4950.0,4890.0,4910.0,5508500
2026-03-06 02:50:00,4970.0,4970.0,4910.0,4950.0,1263700
2026-03-06 02:55:00,4910.0,4980.0,4910.0,4960.0,1081700
2026-03-06 03:00:00,4930.0,4950.0,4910.0,4920.0,1264900
2026-03-06 03:05:00,4940.0,4950.0,4900.0,4920.0,2014700
2026-03-06 03:10:00,4930.0,4950.0,4910.0,4950.0,920100
2026-03-06 03:15:00,4900.0,4930.0,4890.0,4920.0,1637600
2026-03-06 03:20:00,4910.0,4910.0,4890.0,4910.0,600900
2026-03-06 03:25:00,4920.0,4930.0,4900.0,4900.0,536800
2026-03-06 03:30:00,4930.0,4930.0,4920.0,4930.0,352900
2026-03-06 03:35:00,4930.0,4940.0,4920.0,4940.0,297500
2026-03-06 03:40:00,4990.0,4990.0,4930.0,4930.0,1610400
2026-03-06 03:45:00,4980.0,4990.0,4950.0,4980.0,802100
2026-03-06 03:50:00,4970.0,4980.0,4960.0,4970.0,347900
2026-03-06 03:55:00,4960.0,4970.0,4950.0,4970.0,553400
2026-03-06 04:00:00,4940.0,4970.0,4930.0,4960.0,667700
2026-03-06 04:05:00,4940.0,4940.0,4920.0,4940.0,426600
2026-03-06 04:10:00,4920.0,4950.0,4920.0,4940.0,417400
2026-03-06 04:15:00,4940.0,4940.0,4920.0,4920.0,281700
2026-03-06 04:20:00,4940.0,4940.0,4920.0,4930.0,257700
2026-03-06 04:25:00,4930.0,4940.0,4910.0,4930.0,815900
2026-03-06 07:00:00,4980.0,5100.0,4940.0,4940.0,9652800
2026-03-06 07:05:00,5075.0,5125.0,4970.0,4980.0,4104700
2026-03-06 07:10:00,5025.0,5075.0,5000.0,5075.0,2032200
2026-03-06 07:15:00,5000.0,5025.0,4970.0,5025.0,5116200
2026-03-06 07:20:00,5025.0,5050.0,4990.0,5000.0,2489700
2026-03-06 07:25:00,5025.0,5050.0,5000.0,5025.0,2136900
2026-03-06 07:30:00,5150.0,5150.0,5025.0,5050.0,4449300
2026-03-06 07:35:00,5100.0,5225.0,5075.0,5150.0,5850900
2026-03-06 07:40:00,5200.0,5225.0,5075.0,5075.0,3810600
2026-03-06 07:45:00,5175.0,5225.0,5150.0,5200.0,5893800
2026-03-06 07:50:00,5175.0,5200.0,5125.0,5200.0,1710200
2026-03-06 07:55:00,5150.0,5175.0,5100.0,5175.0,2131200
2026-03-06 08:00:00,5125.0,5150.0,5100.0,5125.0,1026300
2026-03-06 08:05:00,5125.0,5150.0,5100.0,5125.0,1516500
2026-03-06 08:10:00,5025.0,5125.0,5000.0,5125.0,3220200
2026-03-06 08:15:00,5000.0,5025.0,5000.0,5000.0,613700
2026-03-06 08:20:00,5000.0,5025.0,4960.0,5025.0,2627700
2026-03-06 08:25:00,5000.0,5025.0,4970.0,5025.0,2321100
2026-03-06 08:30:00,4990.0,5000.0,4980.0,4990.0,1193800
2026-03-06 08:35:00,4980.0,5000.0,4980.0,4980.0,1083500
2026-03-06 08:40:00,4950.0,4990.0,4940.0,4990.0,4687700
2026-03-06 08:45:00,4960.0,4980.0,4930.0,4950.0,3163400
2026-03-06 09:00:00,4960.0,4960.0,4960.0,4960.0,2496400
2026-03-06 09:05:00,4960.0,4960.0,4960.0,4960.0,96800
2026-03-06 09:10:00,4960.0,4960.0,4960.0,4960.0,62200
2026-03-09 02:00:00,4350.0,4520.0,4250.0,4460.0,0
2026-03-09 02:05:00,4330.0,4380.0,4260.0,4340.0,6913400
2026-03-09 02:10:00,4440.0,4440.0,4270.0,4340.0,6024100
2026-03-09 02:15:00,4570.0,4590.0,4400.0,4440.0,5493900
2026-03-09 02:20:00,4830.0,4830.0,4500.0,4560.0,18081900
2026-03-09 02:25:00,4650.0,4880.0,4610.0,4830.0,9010200
2026-03-09 02:30:00,4640.0,4670.0,4580.0,4640.0,2446000
2026-03-09 02:35:00,4730.0,4800.0,4630.0,4640.0,2683800
2026-03-09 02:40:00,4780.0,4820.0,4710.0,4720.0,1783300
2026-03-09 02:45:00,4860.0,4870.0,4760.0,4770.0,3283500
2026-03-09 02:50:00,4930.0,4960.0,4840.0,4860.0,4552100
2026-03-09 02:55:00,4880.0,4940.0,4840.0,4930.0,2512200
2026-03-09 03:00:00,4860.0,4890.0,4820.0,4870.0,1965400
2026-03-09 03:05:00,4840.0,4880.0,4830.0,4860.0,528000
2026-03-09 03:10:00,4780.0,4850.0,4760.0,4850.0,1233100
2026-03-09 03:15:00,4770.0,4790.0,4740.0,4780.0,640700
2026-03-09 03:20:00,4820.0,4830.0,4770.0,4780.0,716400
2026-03-09 03:25:00,4870.0,4880.0,4790.0,4830.0,916200
2026-03-09 03:30:00,4860.0,4880.0,4840.0,4870.0,533200
2026-03-09 03:35:00,4930.0,4930.0,4840.0,4850.0,2908200
2026-03-09 03:40:00,4940.0,4980.0,4900.0,4930.0,2751600
2026-03-09 03:45:00,4960.0,5000.0,4920.0,4950.0,2662800
2026-03-09 03:50:00,4910.0,4960.0,4890.0,4960.0,1110800
2026-03-09 03:55:00,4900.0,4930.0,4890.0,4920.0,449200
2026-03-09 04:00:00,4920.0,4920.0,4860.0,4900.0,997900
2026-03-09 04:05:00,4940.0,4960.0,4920.0,4920.0,416100
2026-03-09 04:10:00,4990.0,4990.0,4920.0,4940.0,644000
2026-03-09 04:15:00,5025.0,5100.0,4980.0,4980.0,5073300
2026-03-09 04:20:00,5025.0,5050.0,5000.0,5025.0,1801400
2026-03-09 04:25:00,5025.0,5050.0,5000.0,5025.0,700900
2026-03-09 04:30:00,5025.0,5050.0,5000.0,5025.0,664800
2026-03-09 04:35:00,5025.0,5050.0,5000.0,5000.0,422100
2026-03-09 04:40:00,5025.0,5025.0,4990.0,5025.0,765300
2026-03-09 04:45:00,5025.0,5025.0,5000.0,5025.0,331400
2026-03-09 04:50:00,5050.0,5050.0,5000.0,5000.0,344300
2026-03-09 04:55:00,5050.0,5075.0,5025.0,5025.0,823500
2026-03-09 06:30:00,5200.0,5275.0,5050.0,5075.0,7832600
2026-03-09 06:35:00,5275.0,5300.0,5175.0,5200.0,2205300
2026-03-09 06:40:00,5300.0,5350.0,5225.0,5275.0,3639900
2026-03-09 06:45:00,5250.0,5325.0,5225.0,5300.0,1649000
2026-03-09 06:50:00,5300.0,5325.0,5225.0,5250.0,1312500
2026-03-09 06:55:00,5225.0,5300.0,5175.0,5300.0,1593000
2026-03-09 07:00:00,5075.0,5225.0,5025.0,5225.0,4561200
2026-03-09 07:05:00,5100.0,5125.0,5050.0,5075.0,1026800
2026-03-09 07:10:00,5050.0,5100.0,5000.0,5100.0,2802200
2026-03-09 07:15:00,5025.0,5050.0,5000.0,5050.0,946300
2026-03-09 07:20:00,5000.0,5050.0,5000.0,5025.0,450800
2026-03-09 07:25:00,5075.0,5100.0,5000.0,5000.0,822700
2026-03-09 07:30:00,5050.0,5075.0,5025.0,5075.0,615800
2026-03-09 07:35:00,5000.0,5075.0,4970.0,5050.0,1607700
2026-03-09 07:40:00,5025.0,5025.0,4990.0,5000.0,501400
2026-03-09 07:45:00,4980.0,5100.0,4950.0,5000.0,2433500
2026-03-09 07:50:00,4990.0,5000.0,4970.0,4980.0,973100
2026-03-09 07:55:00,4930.0,5000.0,4920.0,4990.0,1352900
2026-03-09 08:00:00,4980.0,4980.0,4930.0,4940.0,425200
2026-03-09 08:05:00,4990.0,4990.0,4970.0,4970.0,421700
2026-03-09 08:10:00,4880.0,4990.0,4860.0,4990.0,2329000
2026-03-09 08:15:00,4940.0,4950.0,4870.0,4880.0,1266800
2026-03-09 08:20:00,4950.0,4960.0,4930.0,4940.0,586500
2026-03-09 08:25:00,4950.0,4960.0,4900.0,4950.0,635100
2026-03-09 08:30:00,4970.0,4970.0,4950.0,4960.0,374700
2026-03-09 08:35:00,4960.0,4970.0,4950.0,4970.0,454500
2026-03-09 08:40:00,4950.0,4970.0,4920.0,4960.0,504800
2026-03-09 08:45:00,4990.0,5000.0,4940.0,4940.0,1895600
2026-03-09 09:00:00,4990.0,4990.0,4990.0,4990.0,1205400
2026-03-09 09:05:00,4990.0,4990.0,4990.0,4990.0,29100
2026-03-09 09:10:00,4990.0,4990.0,4990.0,4990.0,62700
2026-03-10 02:00:00,5400.0,5425.0,5225.0,5350.0,0
2026-03-10 02:05:00,5450.0,5675.0,5350.0,5400.0,16886100
2026-03-10 02:10:00,5675.0,5700.0,5400.0,5450.0,13258200
2026-03-10 02:15:00,5575.0,5750.0,5575.0,5675.0,9776300
2026-03-10 02:20:00,5525.0,5625.0,5500.0,5600.0,5178000
2026-03-10 02:25:00,5450.0,5575.0,5400.0,5525.0,5970600
2026-03-10 02:30:00,5400.0,5450.0,5375.0,5425.0,5261700
2026-03-10 02:35:00,5475.0,5500.0,5400.0,5400.0,2964100
2026-03-10 02:40:00,5450.0,5475.0,5375.0,5450.0,2040000
2026-03-10 02:45:00,5425.0,5475.0,5400.0,5450.0,1148000
2026-03-10 02:50:00,5375.0,5425.0,5375.0,5425.0,957900
2026-03-10 02:55:00,5400.0,5450.0,5375.0,5375.0,722400
2026-03-10 03:00:00,5325.0,5400.0,5325.0,5400.0,2306700
2026-03-10 03:05:00,5375.0,5375.0,5325.0,5325.0,1503200
2026-03-10 03:10:00,5325.0,5400.0,5325.0,5375.0,1421800
2026-03-10 03:15:00,5325.0,5350.0,5300.0,5325.0,971300
2026-03-10 03:20:00,5375.0,5400.0,5300.0,5300.0,1160500
2026-03-10 03:25:00,5375.0,5400.0,5325.0,5375.0,1429400
2026-03-10 03:30:00,5425.0,5425.0,5350.0,5375.0,1252200
2026-03-10 03:35:00,5400.0,5425.0,5375.0,5425.0,1011700
2026-03-10 03:40:00,5325.0,5400.0,5225.0,5375.0,3902300
2026-03-10 03:45:00,5275.0,5350.0,5250.0,5325.0,2407600
2026-03-10 03:50:00,5275.0,5300.0,5250.0,5275.0,1022800
2026-03-10 03:55:00,5275.0,5300.0,5275.0,5300.0,119400
2026-03-10 04:00:00,5250.0,5300.0,5250.0,5275.0,918800
2026-03-10 04:05:00,5300.0,5300.0,5225.0,5250.0,1261400
2026-03-10 04:10:00,5250.0,5300.0,5200.0,5300.0,1907600
2026-03-10 04:15:00,5200.0,5275.0,5200.0,5250.0,1568800
2026-03-10 04:20:00,5175.0,5250.0,5150.0,5200.0,3840000
2026-03-10 04:25:00,5150.0,5175.0,5125.0,5175.0,2105000
2026-03-10 04:30:00,5125.0,5150.0,5075.0,5150.0,4097900
2026-03-10 04:35:00,5075.0,5150.0,5050.0,5125.0,1909500
2026-03-10 04:40:00,5150.0,5150.0,5075.0,5100.0,1206600
2026-03-10 04:45:00,5125.0,5150.0,5075.0,5150.0,387300
2026-03-10 04:50:00,5150.0,5175.0,5100.0,5100.0,1013200
2026-03-10 04:55:00,5150.0,5150.0,5125.0,5150.0,651200
2026-03-10 06:30:00,5150.0,5175.0,5050.0,5150.0,1926900
2026-03-10 06:35:00,5200.0,5225.0,5125.0,5150.0,1989700
2026-03-10 06:40:00,5125.0,5225.0,5125.0,5175.0,921100
2026-03-10 06:45:00,5150.0,5150.0,5075.0,5125.0,2134000
2026-03-10 06:50:00,5150.0,5150.0,5125.0,5125.0,427500
2026-03-10 06:55:00,5100.0,5150.0,5100.0,5150.0,1279400
2026-03-10 07:00:00,5050.0,5125.0,5000.0,5125.0,5327200
2026-03-10 07:05:00,5050.0,5075.0,5025.0,5050.0,1957500
2026-03-10 07:10:00,5050.0,5075.0,5000.0,5050.0,2508200
2026-03-10 07:15:00,5050.0,5050.0,4980.0,5050.0,5422500
2026-03-10 07:20:00,5000.0,5025.0,5000.0,5025.0,313500
2026-03-10 07:25:00,5000.0,5025.0,5000.0,5000.0,337000
2026-03-10 07:30:00,4980.0,5025.0,4950.0,5000.0,3903800
2026-03-10 07:35:00,4980.0,4990.0,4970.0,4990.0,1104300
2026-03-10 07:40:00,4980.0,4990.0,4960.0,4980.0,1021800
2026-03-10 07:45:00,4990.0,5000.0,4980.0,4990.0,1046000
2026-03-10 07:50:00,5025.0,5025.0,4990.0,5000.0,1078500
2026-03-10 07:55:00,4990.0,5025.0,4990.0,5025.0,1082600
2026-03-10 08:00:00,4990.0,5000.0,4980.0,4990.0,837300
2026-03-10 08:05:00,5025.0,5025.0,4990.0,5000.0,1221300
2026-03-10 08:10:00,5025.0,5025.0,4990.0,5000.0,953900
2026-03-10 08:15:00,5000.0,5025.0,5000.0,5025.0,406000
2026-03-10 08:20:00,4990.0,5025.0,4980.0,5025.0,2554900
2026-03-10 08:25:00,5000.0,5000.0,4980.0,4990.0,1175600
2026-03-10 08:30:00,5000.0,5000.0,4980.0,5000.0,634000
2026-03-10 08:35:00,5025.0,5025.0,4990.0,5000.0,1726000
2026-03-10 08:40:00,5025.0,5050.0,4990.0,5025.0,2482000
2026-03-10 08:45:00,5075.0,5100.0,5025.0,5050.0,2284400
2026-03-10 08:50:00,5100.0,5100.0,5100.0,5100.0,0
2026-03-10 09:00:00,5100.0,5100.0,5100.0,5100.0,3012200
2026-03-10 09:05:00,5100.0,5100.0,5100.0,5100.0,235100
2026-03-10 09:10:00,5100.0,5100.0,5100.0,5100.0,0
2026-03-11 02:00:00,5100.0,5200.0,5050.0,5125.0,0
2026-03-11 02:05:00,5175.0,5200.0,5100.0,5100.0,3399800
2026-03-11 02:10:00,5250.0,5275.0,5175.0,5175.0,4343800
2026-03-11 02:15:00,5175.0,5250.0,5150.0,5250.0,2533900
2026-03-11 02:20:00,5175.0,5200.0,5150.0,5150.0,1345800
2026-03-11 02:25:00,5200.0,5200.0,5150.0,5175.0,889800
2026-03-11 02:30:00,5200.0,5225.0,5175.0,5175.0,1087100
2026-03-11 02:35:00,5150.0,5200.0,5125.0,5200.0,662700
2026-03-11 02:40:00,5150.0,5175.0,5125.0,5150.0,699400
2026-03-11 02:45:00,5125.0,5175.0,5125.0,5150.0,1507000
2026-03-11 02:50:00,5075.0,5125.0,5075.0,5125.0,2383200
2026-03-11 02:55:00,5075.0,5100.0,5025.0,5100.0,3343300
2026-03-11 03:00:00,5125.0,5150.0,5050.0,5075.0,948500
2026-03-11 03:05:00,5125.0,5150.0,5100.0,5125.0,376500
2026-03-11 03:10:00,5125.0,5125.0,5075.0,5100.0,433600
2026-03-11 03:15:00,5100.0,5125.0,5075.0,5100.0,336000
2026-03-11 03:20:00,5100.0,5125.0,5075.0,5125.0,394700
2026-03-11 03:25:00,5100.0,5100.0,5075.0,5100.0,282900
2026-03-11 03:30:00,5100.0,5100.0,5075.0,5100.0,130200
2026-03-11 03:35:00,5075.0,5100.0,5075.0,5075.0,67900
2026-03-11 03:40:00,5075.0,5100.0,5050.0,5075.0,553300
2026-03-11 03:45:00,5075.0,5075.0,5050.0,5050.0,154500
2026-03-11 03:50:00,5075.0,5075.0,5050.0,5050.0,86300
2026-03-11 03:55:00,5075.0,5075.0,5050.0,5050.0,350700
2026-03-11 04:00:00,5050.0,5075.0,5050.0,5050.0,311700
2026-03-11 04:05:00,5075.0,5075.0,5050.0,5075.0,58400
2026-03-11 04:10:00,5050.0,5075.0,5050.0,5075.0,82600
2026-03-11 04:15:00,5075.0,5075.0,5050.0,5050.0,154400
2026-03-11 04:20:00,5075.0,5075.0,5050.0,5075.0,39000
2026-03-11 04:25:00,5100.0,5100.0,5075.0,5075.0,293600
2026-03-11 04:30:00,5075.0,5100.0,5075.0,5100.0,13500
2026-03-11 04:35:00,5075.0,5100.0,5075.0,5075.0,290700
2026-03-11 04:40:00,5075.0,5100.0,5050.0,5075.0,117100
2026-03-11 04:45:00,5075.0,5075.0,5050.0,5075.0,93700
2026-03-11 04:50:00,5050.0,5075.0,5050.0,5075.0,854700
2026-03-11 04:55:00,5025.0,5075.0,5025.0,5050.0,873700
2026-03-11 06:30:00,5025.0,5050.0,5025.0,5050.0,705800
2026-03-11 06:35:00,5000.0,5050.0,5000.0,5050.0,783300
2026-03-11 06:40:00,4990.0,5025.0,4990.0,5000.0,3118300
2026-03-11 06:45:00,5025.0,5025.0,4980.0,4990.0,673800
2026-03-11 06:50:00,5000.0,5025.0,5000.0,5025.0,242800
2026-03-11 06:55:00,5000.0,5025.0,4990.0,5000.0,551700
2026-03-11 07:00:00,4990.0,5025.0,4990.0,5000.0,801100
2026-03-11 07:05:00,5000.0,5000.0,4990.0,4990.0,293000
2026-03-11 07:10:00,4990.0,5000.0,4990.0,5000.0,224100
2026-03-11 07:15:00,4980.0,5000.0,4980.0,5000.0,365500
2026-03-11 07:20:00,4990.0,5000.0,4980.0,4990.0,605400
2026-03-11 07:25:00,5000.0,5000.0,4980.0,5000.0,460700
2026-03-11 07:30:00,4990.0,5025.0,4990.0,4990.0,454800
2026-03-11 07:35:00,5025.0,5025.0,4990.0,5000.0,341900
2026-03-11 07:40:00,5000.0,5025.0,5000.0,5025.0,196900
2026-03-11 07:45:00,5000.0,5025.0,5000.0,5025.0,89400
2026-03-11 07:50:00,5000.0,5025.0,5000.0,5000.0,81300
2026-03-11 07:55:00,5000.0,5025.0,4990.0,5000.0,288500
2026-03-11 08:00:00,5000.0,5000.0,4990.0,5000.0,105300
2026-03-11 08:05:00,5000.0,5000.0,4990.0,5000.0,188100
2026-03-11 08:10:00,4990.0,5000.0,4990.0,5000.0,312800
2026-03-11 08:15:00,4990.0,5000.0,4980.0,4990.0,623700
2026-03-11 08:20:00,4980.0,5000.0,4980.0,5000.0,509500
2026-03-11 08:25:00,5050.0,5075.0,4970.0,4990.0,2170400
2026-03-11 08:30:00,5050.0,5075.0,5025.0,5025.0,444200
2026-03-11 08:35:00,5025.0,5075.0,5000.0,5050.0,1413400
2026-03-11 08:40:00,5025.0,5050.0,5000.0,5025.0,3410800
2026-03-11 08:45:00,5025.0,5025.0,5000.0,5000.0,2568200
2026-03-11 09:00:00,5000.0,5000.0,5000.0,5000.0,2437200
2026-03-11 09:05:00,5000.0,5000.0,5000.0,5000.0,52800
2026-03-11 09:10:00,5000.0,5000.0,5000.0,5000.0,34000
2026-03-12 02:00:00,5025.0,5050.0,4930.0,4960.0,0
2026-03-12 02:05:00,4960.0,5000.0,4930.0,5000.0,2443100
2026-03-12 02:10:00,4910.0,4960.0,4900.0,4950.0,1996400
2026-03-12 02:15:00,4890.0,4920.0,4890.0,4910.0,1777800
2026-03-12 02:20:00,4900.0,4920.0,4860.0,4890.0,1689400
2026-03-12 02:25:00,4880.0,4910.0,4870.0,4900.0,588300
2026-03-12 02:30:00,4870.0,4890.0,4840.0,4880.0,2033300
2026-03-12 02:35:00,4860.0,4880.0,4840.0,4870.0,1084200
2026-03-12 02:40:00,4850.0,4910.0,4850.0,4860.0,1736300
2026-03-12 02:45:00,4880.0,4910.0,4880.0,4900.0,463300
2026-03-12 02:50:00,4900.0,4900.0,4870.0,4880.0,699300
2026-03-12 02:55:00,4900.0,4920.0,4900.0,4900.0,306100
2026-03-12 03:00:00,4910.0,4920.0,4900.0,4900.0,199500
2026-03-12 03:05:00,4920.0,4930.0,4910.0,4910.0,344000
2026-03-12 03:10:00,4900.0,4930.0,4890.0,4920.0,343400
2026-03-12 03:15:00,4930.0,4930.0,4900.0,4900.0,398500
2026-03-12 03:20:00,4900.0,4930.0,4890.0,4930.0,396600
2026-03-12 03:25:00,4870.0,4900.0,4870.0,4900.0,964600
2026-03-12 03:30:00,4880.0,4880.0,4860.0,4880.0,215600
2026-03-12 03:35:00,4880.0,4880.0,4860.0,4870.0,661400
2026-03-12 03:40:00,4880.0,4880.0,4860.0,4870.0,325000
2026-03-12 03:45:00,4880.0,4890.0,4870.0,4870.0,60300
2026-03-12 03:50:00,4890.0,4900.0,4880.0,4890.0,191600
2026-03-12 03:55:00,4900.0,4900.0,4880.0,4890.0,151100
2026-03-12 04:00:00,4880.0,4900.0,4870.0,4890.0,307400
2026-03-12 04:05:00,4880.0,4880.0,4870.0,4880.0,89700
2026-03-12 04:10:00,4890.0,4900.0,4880.0,4880.0,90100
2026-03-12 04:15:00,4910.0,4910.0,4890.0,4890.0,232300
2026-03-12 04:20:00,4940.0,4950.0,4910.0,4910.0,1114000
2026-03-12 04:25:00,4930.0,4950.0,4920.0,4940.0,271100
2026-03-12 04:30:00,4930.0,4940.0,4920.0,4930.0,165000
2026-03-12 04:35:00,4960.0,4960.0,4920.0,4930.0,582200
2026-03-12 04:40:00,4950.0,4970.0,4950.0,4960.0,628200
2026-03-12 04:45:00,4950.0,4960.0,4940.0,4950.0,236900
2026-03-12 04:50:00,4930.0,4950.0,4930.0,4940.0,269400
2026-03-12 04:55:00,4930.0,4950.0,4920.0,4940.0,557600
2026-03-12 06:30:00,4940.0,4940.0,4920.0,4930.0,167500
2026-03-12 06:35:00,4930.0,4940.0,4930.0,4930.0,112100
2026-03-12 06:40:00,4910.0,4940.0,4910.0,4930.0,887600
2026-03-12 06:45:00,4910.0,4920.0,4910.0,4910.0,96000
2026-03-12 06:50:00,4900.0,4920.0,4900.0,4910.0,191200
2026-03-12 06:55:00,4900.0,4910.0,4900.0,4900.0,59100
2026-03-12 07:00:00,4910.0,4910.0,4900.0,4910.0,809400
2026-03-12 07:05:00,4900.0,4910.0,4890.0,4900.0,748200
2026-03-12 07:10:00,4900.0,4900.0,4890.0,4900.0,210400
2026-03-12 07:15:00,4880.0,4900.0,4880.0,4890.0,118500
2026-03-12 07:20:00,4880.0,4890.0,4880.0,4890.0,178700
2026-03-12 07:25:00,4870.0,4890.0,4870.0,4890.0,244200
2026-03-12 07:30:00,4890.0,4900.0,4870.0,4870.0,562600
2026-03-12 07:35:00,4900.0,4900.0,4890.0,4890.0,9300
2026-03-12 07:40:00,4890.0,4900.0,4880.0,4890.0,76800
2026-03-12 07:45:00,4880.0,4890.0,4880.0,4890.0,60400
2026-03-12 07:50:00,4870.0,4890.0,4860.0,4880.0,433500
2026-03-12 07:55:00,4810.0,4880.0,4770.0,4880.0,5931300
2026-03-12 08:00:00,4800.0,4820.0,4770.0,4810.0,1236200
2026-03-12 08:05:00,4790.0,4810.0,4770.0,4800.0,633500
2026-03-12 08:10:00,4780.0,4800.0,4780.0,4780.0,232900
2026-03-12 08:15:00,4780.0,4790.0,4750.0,4780.0,1267700
2026-03-12 08:20:00,4770.0,4780.0,4760.0,4780.0,374800
2026-03-12 08:25:00,4770.0,4780.0,4760.0,4770.0,323400
2026-03-12 08:30:00,4740.0,4780.0,4730.0,4770.0,2014500
2026-03-12 08:35:00,4720.0,4750.0,4710.0,4740.0,2192200
2026-03-12 08:40:00,4720.0,4740.0,4700.0,4720.0,1796700
2026-03-12 08:45:00,4710.0,4730.0,4690.0,4720.0,2920600
2026-03-12 08:50:00,4720.0,4720.0,4720.0,4720.0,45000
2026-03-12 09:00:00,4680.0,4680.0,4680.0,4680.0,1614700
2026-03-12 09:05:00,4680.0,4680.0,4680.0,4680.0,217700
2026-03-12 09:10:00,4680.0,4680.0,4680.0,4680.0,177000
2026-03-13 02:00:00,4580.0,4680.0,4500.0,4660.0,0
2026-03-13 02:05:00,4620.0,4700.0,4560.0,4600.0,3580600
2026-03-13 02:10:00,4550.0,4650.0,4550.0,4620.0,3217200
2026-03-13 02:15:00,4550.0,4580.0,4520.0,4550.0,1961900
2026-03-13 02:20:00,4550.0,4570.0,4540.0,4550.0,768000
2026-03-13 02:25:00,4540.0,4560.0,4510.0,4540.0,2448900
2026-03-13 02:30:00,4570.0,4580.0,4520.0,4540.0,1196800
2026-03-13 02:35:00,4560.0,4570.0,4550.0,4570.0,576400
2026-03-13 02:40:00,4550.0,4560.0,4540.0,4560.0,670400
2026-03-13 02:45:00,4530.0,4560.0,4530.0,4560.0,733900
2026-03-13 02:50:00,4530.0,4540.0,4520.0,4530.0,605500
2026-03-13 02:55:00,4520.0,4540.0,4510.0,4530.0,1303000
2026-03-13 03:00:00,4520.0,4530.0,4520.0,4520.0,268200
2026-03-13 03:05:00,4520.0,4530.0,4520.0,4520.0,455800
2026-03-13 03:10:00,4520.0,4530.0,4510.0,4520.0,884200
2026-03-13 03:15:00,4510.0,4520.0,4500.0,4520.0,1314500
2026-03-13 03:20:00,4510.0,4520.0,4500.0,4510.0,477100
2026-03-13 03:25:00,4530.0,4530.0,4500.0,4500.0,857600
2026-03-13 03:30:00,4510.0,4530.0,4500.0,4530.0,484200
2026-03-13 03:35:00,4510.0,4520.0,4500.0,4500.0,642000
2026-03-13 03:40:00,4510.0,4520.0,4500.0,4510.0,606200
2026-03-13 03:45:00,4500.0,4520.0,4500.0,4510.0,470700
2026-03-13 03:50:00,4510.0,4520.0,4500.0,4500.0,742800
2026-03-13 03:55:00,4510.0,4530.0,4510.0,4520.0,301700
2026-03-13 04:00:00,4610.0,4610.0,4510.0,4510.0,2888100
2026-03-13 04:05:00,4620.0,4670.0,4610.0,4620.0,1559100
2026-03-13 04:10:00,4640.0,4640.0,4610.0,4620.0,448600
2026-03-13 04:15:00,4610.0,4640.0,4610.0,4640.0,518400
2026-03-13 04:20:00,4610.0,4620.0,4570.0,4610.0,1252000
2026-03-13 04:25:00,4610.0,4630.0,4600.0,4620.0,699500
2026-03-13 07:00:00,4670.0,4670.0,4570.0,4630.0,2725600
2026-03-13 07:05:00,4670.0,4710.0,4660.0,4670.0,6646000
2026-03-13 07:10:00,4660.0,4700.0,4650.0,4670.0,1707000
2026-03-13 07:15:00,4660.0,4670.0,4630.0,4660.0,1979300
2026-03-13 07:20:00,4680.0,4700.0,4640.0,4660.0,1718000
2026-03-13 07:25:00,4660.0,4680.0,4660.0,4680.0,679100
2026-03-13 07:30:00,4640.0,4670.0,4640.0,4670.0,668800
2026-03-13 07:35:00,4620.0,4640.0,4610.0,4640.0,718800
2026-03-13 07:40:00,4610.0,4630.0,4610.0,4620.0,375600
2026-03-13 07:45:00,4580.0,4610.0,4560.0,4610.0,1292400
2026-03-13 07:50:00,4570.0,4580.0,4560.0,4570.0,563600
2026-03-13 07:55:00,4580.0,4590.0,4570.0,4570.0,294000
2026-03-13 08:00:00,4560.0,4590.0,4560.0,4580.0,361900
2026-03-13 08:05:00,4580.0,4590.0,4560.0,4560.0,482300
2026-03-13 08:10:00,4530.0,4580.0,4530.0,4580.0,1593500
2026-03-13 08:15:00,4530.0,4540.0,4520.0,4530.0,875000
2026-03-13 08:20:00,4530.0,4540.0,4520.0,4530.0,818800
2026-03-13 08:25:00,4560.0,4570.0,4530.0,4540.0,601300
2026-03-13 08:30:00,4560.0,4590.0,4550.0,4560.0,688000
2026-03-13 08:35:00,4550.0,4560.0,4550.0,4560.0,777800
2026-03-13 08:40:00,4600.0,4600.0,4520.0,4550.0,2021700
2026-03-13 08:45:00,4560.0,4600.0,4550.0,4590.0,1109000
2026-03-13 09:00:00,4530.0,4530.0,4530.0,4530.0,2455800
2026-03-13 09:05:00,4530.0,4530.0,4530.0,4530.0,377600
2026-03-13 09:10:00,4530.0,4530.0,4530.0,4530.0,35900
2026-03-16 02:00:00,4470.0,4560.0,4410.0,4530.0,0
2026-03-16 02:05:00,4420.0,4490.0,4410.0,4470.0,1508400
2026-03-16 02:10:00,4470.0,4480.0,4410.0,4430.0,1250200
2026-03-16 02:15:00,4490.0,4530.0,4450.0,4470.0,1596500
2026-03-16 02:20:00,4500.0,4520.0,4470.0,4490.0,979500
2026-03-16 02:25:00,4450.0,4520.0,4450.0,4500.0,531700
2026-03-16 02:30:00,4450.0,4460.0,4430.0,4450.0,540000
2026-03-16 02:35:00,4440.0,4460.0,4440.0,4450.0,255500
2026-03-16 02:40:00,4440.0,4460.0,4430.0,4450.0,286500
2026-03-16 02:45:00,4480.0,4500.0,4430.0,4440.0,1025200
2026-03-16 02:50:00,4470.0,4490.0,4470.0,4490.0,134800
2026-03-16 02:55:00,4440.0,4480.0,4440.0,4470.0,546400
2026-03-16 03:00:00,4430.0,4450.0,4430.0,4450.0,185200
2026-03-16 03:05:00,4460.0,4460.0,4430.0,4430.0,289900
2026-03-16 03:10:00,4500.0,4510.0,4440.0,4460.0,1278300
2026-03-16 03:15:00,4480.0,4520.0,4480.0,4500.0,695400
2026-03-16 03:20:00,4500.0,4500.0,4470.0,4470.0,265300
2026-03-16 03:25:00,4520.0,4530.0,4490.0,4500.0,931300
2026-03-16 03:30:00,4600.0,4600.0,4510.0,4510.0,2071800
2026-03-16 03:35:00,4550.0,4600.0,4540.0,4590.0,795100
2026-03-16 03:40:00,4550.0,4570.0,4540.0,4550.0,231100
2026-03-16 03:45:00,4550.0,4560.0,4540.0,4550.0,143000
2026-03-16 03:50:00,4540.0,4570.0,4540.0,4560.0,133400
2026-03-16 03:55:00,4500.0,4550.0,4500.0,4550.0,501500
2026-03-16 04:00:00,4500.0,4510.0,4470.0,4500.0,405000
2026-03-16 04:05:00,4520.0,4530.0,4500.0,4500.0,172500
2026-03-16 04:10:00,4510.0,4520.0,4510.0,4510.0,173500
2026-03-16 04:15:00,4500.0,4510.0,4490.0,4510.0,178200
2026-03-16 04:20:00,4500.0,4500.0,4490.0,4500.0,131100
2026-03-16 04:25:00,4500.0,4510.0,4490.0,4500.0,172500
2026-03-16 04:30:00,4540.0,4550.0,4490.0,4500.0,1618000
2026-03-16 04:35:00,4520.0,4550.0,4520.0,4540.0,181600
2026-03-16 04:40:00,4520.0,4530.0,4490.0,4520.0,156900
2026-03-16 04:45:00,4510.0,4520.0,4500.0,4510.0,77500
2026-03-16 04:50:00,4500.0,4510.0,4480.0,4510.0,147400
2026-03-16 04:55:00,4500.0,4510.0,4490.0,4490.0,112000
2026-03-16 06:30:00,4470.0,4500.0,4460.0,4500.0,557000
2026-03-16 06:35:00,4460.0,4500.0,4430.0,4480.0,1189200
2026-03-16 06:40:00,4430.0,4480.0,4430.0,4460.0,583100
2026-03-16 06:45:00,4460.0,4470.0,4420.0,4430.0,649300
2026-03-16 06:50:00,4440.0,4470.0,4430.0,4460.0,505700
2026-03-16 06:55:00,4430.0,4440.0,4430.0,4440.0,142200
2026-03-16 07:00:00,4450.0,4450.0,4430.0,4430.0,94300
2026-03-16 07:05:00,4440.0,4450.0,4440.0,4450.0,150800
2026-03-16 07:10:00,4450.0,4450.0,4430.0,4450.0,461200
2026-03-16 07:15:00,4450.0,4460.0,4440.0,4450.0,35800
2026-03-16 07:20:00,4440.0,4460.0,4440.0,4450.0,141800
2026-03-16 07:25:00,4440.0,4450.0,4430.0,4440.0,140100
2026-03-16 07:30:00,4440.0,4450.0,4430.0,4440.0,195200
2026-03-16 07:35:00,4440.0,4450.0,4430.0,4450.0,396300
2026-03-16 07:40:00,4410.0,4440.0,4400.0,4430.0,1334500
2026-03-16 07:45:00,4380.0,4430.0,4380.0,4420.0,1379200
2026-03-16 07:50:00,4390.0,4400.0,4360.0,4370.0,701200
2026-03-16 07:55:00,4380.0,4400.0,4360.0,4390.0,640700
2026-03-16 08:00:00,4330.0,4380.0,4300.0,4380.0,1787700
2026-03-16 08:05:00,4320.0,4350.0,4310.0,4340.0,781400
2026-03-16 08:10:00,4270.0,4320.0,4270.0,4320.0,1799900
2026-03-16 08:15:00,4290.0,4320.0,4260.0,4270.0,1539300
2026-03-16 08:20:00,4310.0,4320.0,4280.0,4290.0,480100
2026-03-16 08:25:00,4330.0,4330.0,4290.0,4310.0,462700
2026-03-16 08:30:00,4310.0,4330.0,4290.0,4330.0,456800
2026-03-16 08:35:00,4290.0,4320.0,4280.0,4310.0,750600
2026-03-16 08:40:00,4280.0,4290.0,4260.0,4290.0,1497300
2026-03-16 08:45:00,4280.0,4290.0,4260.0,4280.0,1016300
2026-03-16 09:00:00,4260.0,4260.0,4260.0,4260.0,1141100
2026-03-16 09:05:00,4260.0,4260.0,4260.0,4260.0,89000
2026-03-16 09:10:00,4260.0,4260.0,4260.0,4260.0,89500
2026-03-17 02:00:00,4410.0,4450.0,4330.0,4330.0,0
2026-03-17 02:05:00,4430.0,4470.0,4400.0,4410.0,1684800
2026-03-17 02:10:00,4410.0,4440.0,4400.0,4430.0,728700
2026-03-17 02:15:00,4340.0,4430.0,4320.0,4410.0,1899200
2026-03-17 02:20:00,4360.0,4370.0,4330.0,4330.0,758900
2026-03-17 02:25:00,4290.0,4370.0,4290.0,4360.0,1928100
2026-03-17 02:30:00,4310.0,4320.0,4270.0,4300.0,946600
2026-03-17 02:35:00,4270.0,4310.0,4260.0,4300.0,941300
2026-03-17 02:40:00,4290.0,4310.0,4260.0,4270.0,466000
2026-03-17 02:45:00,4310.0,4310.0,4290.0,4300.0,164600
2026-03-17 02:50:00,4310.0,4330.0,4300.0,4300.0,330100
2026-03-17 02:55:00,4320.0,4330.0,4300.0,4310.0,210300
2026-03-17 03:00:00,4300.0,4310.0,4290.0,4310.0,373500
2026-03-17 03:05:00,4320.0,4320.0,4290.0,4300.0,462000
2026-03-17 03:10:00,4340.0,4340.0,4310.0,4320.0,243700
2026-03-17 03:15:00,4320.0,4340.0,4310.0,4340.0,273000
2026-03-17 03:20:00,4310.0,4330.0,4310.0,4310.0,140200
2026-03-17 03:25:00,4320.0,4330.0,4310.0,4320.0,110400
2026-03-17 03:30:00,4330.0,4330.0,4310.0,4320.0,122700
2026-03-17 03:35:00,4320.0,4330.0,4320.0,4320.0,89700
2026-03-17 03:40:00,4320.0,4330.0,4320.0,4320.0,128500
2026-03-17 03:45:00,4320.0,4320.0,4310.0,4320.0,114500
2026-03-17 03:50:00,4310.0,4320.0,4300.0,4320.0,185100
2026-03-17 03:55:00,4290.0,4310.0,4290.0,4310.0,390000
2026-03-17 04:00:00,4290.0,4290.0,4270.0,4290.0,295100
2026-03-17 04:05:00,4290.0,4300.0,4280.0,4290.0,110800
2026-03-17 04:10:00,4280.0,4290.0,4270.0,4290.0,241900
2026-03-17 04:15:00,4290.0,4290.0,4270.0,4280.0,119000
2026-03-17 04:20:00,4290.0,4290.0,4280.0,4290.0,41100
2026-03-17 04:25:00,4290.0,4300.0,4280.0,4290.0,63900
2026-03-17 04:30:00,4280.0,4290.0,4270.0,4280.0,183300
2026-03-17 04:35:00,4290.0,4290.0,4270.0,4280.0,123800
2026-03-17 04:40:00,4270.0,4280.0,4270.0,4270.0,48200
2026-03-17 04:45:00,4280.0,4280.0,4270.0,4270.0,179600
2026-03-17 04:50:00,4280.0,4290.0,4270.0,4280.0,327900
2026-03-17 04:55:00,4290.0,4290.0,4270.0,4280.0,46900
2026-03-17 06:30:00,4290.0,4310.0,4270.0,4290.0,1119400
2026-03-17 06:35:00,4300.0,4310.0,4280.0,4300.0,178100
2026-03-17 06:40:00,4280.0,4310.0,4270.0,4290.0,313000
2026-03-17 06:45:00,4290.0,4300.0,4270.0,4280.0,303600
2026-03-17 06:50:00,4340.0,4340.0,4280.0,4290.0,730400
2026-03-17 06:55:00,4430.0,4440.0,4330.0,4340.0,3983300
2026-03-17 07:00:00,4580.0,4590.0,4420.0,4430.0,8990400
2026-03-17 07:05:00,4560.0,4600.0,4550.0,4580.0,6707800
2026-03-17 07:10:00,4510.0,4570.0,4510.0,4560.0,2010300
2026-03-17 07:15:00,4460.0,4520.0,4460.0,4520.0,2647800
2026-03-17 07:20:00,4460.0,4470.0,4440.0,4450.0,1295900
2026-03-17 07:25:00,4450.0,4480.0,4440.0,4460.0,749200
2026-03-17 07:30:00,4360.0,4440.0,4310.0,4440.0,3988400
2026-03-17 07:35:00,4380.0,4380.0,4350.0,4350.0,857500
2026-03-17 07:40:00,4380.0,4390.0,4360.0,4380.0,469100
2026-03-17 07:45:00,4410.0,4410.0,4380.0,4390.0,484400
2026-03-17 07:50:00,4420.0,4420.0,4400.0,4400.0,481200
2026-03-17 07:55:00,4400.0,4420.0,4400.0,4410.0,378200
2026-03-17 08:00:00,4410.0,4420.0,4400.0,4400.0,118000
2026-03-17 08:05:00,4420.0,4420.0,4400.0,4410.0,244200
2026-03-17 08:10:00,4430.0,4440.0,4410.0,4420.0,359100
2026-03-17 08:15:00,4410.0,4430.0,4410.0,4430.0,151200
2026-03-17 08:20:00,4430.0,4440.0,4410.0,4420.0,291000
2026-03-17 08:25:00,4430.0,4450.0,4410.0,4430.0,899300
2026-03-17 08:30:00,4420.0,4440.0,4410.0,4440.0,252400
2026-03-17 08:35:00,4400.0,4420.0,4400.0,4410.0,1092100
2026-03-17 08:40:00,4360.0,4410.0,4360.0,4400.0,790600
2026-03-17 08:45:00,4340.0,4370.0,4320.0,4370.0,1386600
2026-03-17 09:00:00,4320.0,4320.0,4320.0,4320.0,1697800
2026-03-17 09:05:00,4320.0,4320.0,4320.0,4320.0,144000
2026-03-17 09:10:00,4320.0,4320.0,4320.0,4320.0,13100
2026-03-25 02:00:00,4420.0,4490.0,4330.0,4410.0,0
2026-03-25 02:05:00,4480.0,4510.0,4400.0,4430.0,3532000
2026-03-25 02:10:00,4500.0,4550.0,4440.0,4480.0,2731500
2026-03-25 02:15:00,4500.0,4530.0,4480.0,4510.0,1338500
2026-03-25 02:20:00,4500.0,4520.0,4480.0,4500.0,1367100
2026-03-25 02:25:00,4700.0,4710.0,4500.0,4500.0,5149900
2026-03-25 02:30:00,4660.0,4730.0,4650.0,4710.0,4602900
2026-03-25 02:35:00,4640.0,4690.0,4630.0,4660.0,1438500
2026-03-25 02:40:00,4690.0,4700.0,4640.0,4650.0,1178000
2026-03-25 02:45:00,4630.0,4720.0,4630.0,4690.0,2819500
2026-03-25 02:50:00,4670.0,4690.0,4630.0,4630.0,1532900
2026-03-25 02:55:00,4690.0,4690.0,4640.0,4670.0,1329500
2026-03-25 03:00:00,4750.0,4760.0,4680.0,4690.0,5834300
2026-03-25 03:05:00,4770.0,4790.0,4730.0,4750.0,2792100
2026-03-25 03:10:00,4760.0,4780.0,4730.0,4770.0,1442800
2026-03-25 03:15:00,4740.0,4770.0,4730.0,4760.0,778600
2026-03-25 03:20:00,4730.0,4750.0,4710.0,4750.0,1327600
2026-03-25 03:25:00,4720.0,4740.0,4710.0,4730.0,425200
2026-03-25 03:30:00,4640.0,4720.0,4620.0,4720.0,3024700
2026-03-25 03:35:00,4760.0,4760.0,4630.0,4640.0,2572300
2026-03-25 03:40:00,4730.0,4760.0,4720.0,4730.0,1088300
2026-03-25 03:45:00,4710.0,4740.0,4660.0,4730.0,1612600
2026-03-25 03:50:00,4690.0,4730.0,4660.0,4710.0,1122500
2026-03-25 03:55:00,4700.0,4740.0,4700.0,4700.0,716400
2026-03-25 04:00:00,4690.0,4700.0,4670.0,4700.0,336200
2026-03-25 04:05:00,4710.0,4720.0,4680.0,4690.0,338700
2026-03-25 04:10:00,4710.0,4730.0,4700.0,4710.0,472900
2026-03-25 04:15:00,4710.0,4730.0,4700.0,4720.0,278700
2026-03-25 04:20:00,4720.0,4730.0,4710.0,4710.0,324700
2026-03-25 04:25:00,4760.0,4770.0,4720.0,4720.0,1953400
2026-03-25 04:30:00,4770.0,4770.0,4750.0,4760.0,964200
2026-03-25 04:35:00,4750.0,4770.0,4750.0,4760.0,360200
2026-03-25 04:40:00,4760.0,4760.0,4750.0,4750.0,221400
2026-03-25 04:45:00,4760.0,4760.0,4750.0,4750.0,536100
2026-03-25 04:50:00,4750.0,4760.0,4750.0,4760.0,159200
2026-03-25 04:55:00,4750.0,4760.0,4750.0,4750.0,1054800
2026-03-25 06:30:00,4670.0,4760.0,4660.0,4750.0,6112000
2026-03-25 06:35:00,4680.0,4680.0,4660.0,4660.0,357100
2026-03-25 06:40:00,4680.0,4690.0,4680.0,4690.0,134000
2026-03-25 06:45:00,4680.0,4680.0,4660.0,4680.0,330800
2026-03-25 06:50:00,4690.0,4690.0,4670.0,4680.0,126100
2026-03-25 06:55:00,4700.0,4700.0,4680.0,4690.0,140200
2026-03-25 07:00:00,4690.0,4700.0,4690.0,4690.0,115600
2026-03-25 07:05:00,4690.0,4700.0,4680.0,4690.0,539600
2026-03-25 07:10:00,4680.0,4700.0,4670.0,4680.0,623400
2026-03-25 07:15:00,4690.0,4690.0,4670.0,4680.0,72200
2026-03-25 07:20:00,4670.0,4690.0,4670.0,4690.0,354600
2026-03-25 07:25:00,4660.0,4690.0,4650.0,4680.0,751900
2026-03-25 07:30:00,4670.0,4670.0,4630.0,4660.0,993700
2026-03-25 07:35:00,4670.0,4670.0,4660.0,4670.0,199600
2026-03-25 07:40:00,4660.0,4670.0,4660.0,4670.0,93200
2026-03-25 07:45:00,4670.0,4670.0,4660.0,4670.0,95900
2026-03-25 07:50:00,4670.0,4680.0,4660.0,4660.0,198700
2026-03-25 07:55:00,4680.0,4680.0,4660.0,4660.0,94000
2026-03-25 08:00:00,4690.0,4700.0,4670.0,4680.0,229500
2026-03-25 08:05:00,4720.0,4720.0,4680.0,4690.0,914100
2026-03-25 08:10:00,4730.0,4740.0,4710.0,4720.0,711800
2026-03-25 08:15:00,4740.0,4740.0,4730.0,4730.0,523100
2026-03-25 08:20:00,4680.0,4740.0,4680.0,4740.0,590200
2026-03-25 08:25:00,4700.0,4700.0,4680.0,4680.0,393900
2026-03-25 08:30:00,4700.0,4710.0,4690.0,4700.0,990600
2026-03-25 08:35:00,4700.0,4710.0,4690.0,4710.0,1082300
2026-03-25 08:40:00,4700.0,4700.0,4690.0,4700.0,695300
2026-03-25 08:45:00,4730.0,4740.0,4690.0,4690.0,879100
2026-03-25 09:00:00,4730.0,4730.0,4730.0,4730.0,1344300
2026-03-25 09:05:00,4730.0,4730.0,4730.0,4730.0,98500
2026-03-25 09:10:00,4730.0,4730.0,4730.0,4730.0,864000
2026-03-26 02:00:00,4850.0,4930.0,4790.0,4870.0,0
2026-03-26 02:05:00,4840.0,4880.0,4810.0,4840.0,3493300
2026-03-26 02:10:00,4820.0,4840.0,4790.0,4840.0,3407300
2026-03-26 02:15:00,4770.0,4840.0,4770.0,4810.0,2703000
2026-03-26 02:20:00,4770.0,4780.0,4730.0,4770.0,2443000
2026-03-26 02:25:00,4750.0,4790.0,4740.0,4770.0,1201700
2026-03-26 02:30:00,4740.0,4750.0,4740.0,4750.0,379800
2026-03-26 02:35:00,4730.0,4740.0,4710.0,4740.0,1392400
2026-03-26 02:40:00,4720.0,4740.0,4720.0,4720.0,644100
2026-03-26 02:45:00,4760.0,4760.0,4710.0,4710.0,858700
2026-03-26 02:50:00,4750.0,4790.0,4750.0,4760.0,1376500
2026-03-26 02:55:00,4730.0,4760.0,4720.0,4750.0,644800
2026-03-26 03:00:00,4730.0,4740.0,4710.0,4720.0,569000
2026-03-26 03:05:00,4740.0,4740.0,4720.0,4730.0,411900
2026-03-26 03:10:00,4730.0,4740.0,4730.0,4730.0,262000
2026-03-26 03:15:00,4730.0,4740.0,4720.0,4740.0,427500
2026-03-26 03:20:00,4720.0,4730.0,4710.0,4720.0,286100
2026-03-26 03:25:00,4720.0,4730.0,4710.0,4720.0,494300
2026-03-26 03:30:00,4720.0,4730.0,4720.0,4720.0,82100
2026-03-26 03:35:00,4680.0,4730.0,4680.0,4720.0,1705600
2026-03-26 03:40:00,4690.0,4700.0,4660.0,4680.0,777600
2026-03-26 03:45:00,4700.0,4700.0,4690.0,4690.0,697100
2026-03-26 03:50:00,4710.0,4730.0,4700.0,4710.0,493400
2026-03-26 03:55:00,4710.0,4710.0,4690.0,4700.0,357300
2026-03-26 04:00:00,4690.0,4700.0,4690.0,4700.0,195500
2026-03-26 04:05:00,4690.0,4700.0,4690.0,4700.0,231700
2026-03-26 04:10:00,4690.0,4700.0,4680.0,4690.0,268400
2026-03-26 04:15:00,4680.0,4690.0,4680.0,4690.0,74900
2026-03-26 04:20:00,4680.0,4690.0,4680.0,4680.0,82700
2026-03-26 04:25:00,4670.0,4690.0,4670.0,4680.0,124800
2026-03-26 04:30:00,4670.0,4680.0,4670.0,4670.0,37800
2026-03-26 04:35:00,4680.0,4680.0,4670.0,4670.0,118300
2026-03-26 04:40:00,4680.0,4690.0,4670.0,4670.0,314000
2026-03-26 04:45:00,4690.0,4700.0,4680.0,4680.0,174600
2026-03-26 04:50:00,4690.0,4690.0,4690.0,4690.0,150600
2026-03-26 04:55:00,4670.0,4690.0,4670.0,4690.0,141600
2026-03-26 06:30:00,4620.0,4690.0,4620.0,4680.0,1678900
2026-03-26 06:35:00,4570.0,4640.0,4560.0,4620.0,1903300
2026-03-26 06:40:00,4620.0,4660.0,4580.0,4580.0,773600
2026-03-26 06:45:00,4590.0,4630.0,4520.0,4620.0,1751700
2026-03-26 06:50:00,4570.0,4600.0,4570.0,4600.0,294000
2026-03-26 06:55:00,4590.0,4610.0,4570.0,4580.0,451800
2026-03-26 07:00:00,4590.0,4600.0,4580.0,4600.0,394000
2026-03-26 07:05:00,4580.0,4590.0,4570.0,4580.0,264000
2026-03-26 07:10:00,4550.0,4580.0,4550.0,4570.0,388000
2026-03-26 07:15:00,4560.0,4570.0,4550.0,4550.0,340900
2026-03-26 07:20:00,4560.0,4570.0,4560.0,4560.0,105000
2026-03-26 07:25:00,4570.0,4570.0,4560.0,4570.0,177600
2026-03-26 07:30:00,4570.0,4570.0,4560.0,4560.0,311200
2026-03-26 07:35:00,4540.0,4570.0,4530.0,4570.0,679700
2026-03-26 07:40:00,4540.0,4550.0,4530.0,4540.0,412000
2026-03-26 07:45:00,4550.0,4550.0,4540.0,4550.0,270900
2026-03-26 07:50:00,4550.0,4560.0,4540.0,4550.0,281000
2026-03-26 07:55:00,4550.0,4560.0,4540.0,4560.0,382900
2026-03-26 08:00:00,4550.0,4560.0,4540.0,4550.0,98700
2026-03-26 08:05:00,4550.0,4560.0,4540.0,4550.0,159500
2026-03-26 08:10:00,4540.0,4560.0,4530.0,4560.0,566200
2026-03-26 08:15:00,4530.0,4540.0,4530.0,4540.0,423000
2026-03-26 08:20:00,4510.0,4540.0,4500.0,4540.0,1417600
2026-03-26 08:25:00,4500.0,4510.0,4500.0,4510.0,850900
2026-03-26 08:30:00,4480.0,4510.0,4470.0,4510.0,1491300
2026-03-26 08:35:00,4460.0,4480.0,4440.0,4480.0,1808400
2026-03-26 08:40:00,4470.0,4470.0,4440.0,4450.0,1319000
2026-03-26 08:45:00,4440.0,4470.0,4430.0,4470.0,1256400
2026-03-26 09:00:00,4440.0,4440.0,4440.0,4440.0,1766800
2026-03-26 09:05:00,4440.0,4440.0,4440.0,4440.0,947100
2026-03-26 09:10:00,4440.0,4440.0,4440.0,4440.0,38600
2026-03-27 02:00:00,4560.0,4560.0,4450.0,4450.0,0
2026-03-27 02:05:00,4530.0,4580.0,4520.0,4560.0,1564500
2026-03-27 02:10:00,4490.0,4530.0,4490.0,4530.0,735200
2026-03-27 02:15:00,4470.0,4490.0,4460.0,4490.0,863300
2026-03-27 02:20:00,4470.0,4470.0,4420.0,4460.0,1175900
2026-03-27 02:25:00,4450.0,4470.0,4430.0,4460.0,503200
2026-03-27 02:30:00,4490.0,4490.0,4440.0,4450.0,427900
2026-03-27 02:35:00,4450.0,4490.0,4440.0,4480.0,365900
2026-03-27 02:40:00,4460.0,4460.0,4440.0,4450.0,127100
2026-03-27 02:45:00,4430.0,4460.0,4430.0,4450.0,532800
2026-03-27 02:50:00,4460.0,4460.0,4430.0,4440.0,261300
2026-03-27 02:55:00,4470.0,4500.0,4450.0,4460.0,561500
2026-03-27 03:00:00,4490.0,4490.0,4470.0,4480.0,254000
2026-03-27 03:05:00,4530.0,4540.0,4480.0,4480.0,1743500
2026-03-27 03:10:00,4530.0,4550.0,4510.0,4530.0,1550600
2026-03-27 03:15:00,4530.0,4530.0,4520.0,4530.0,444200
2026-03-27 03:20:00,4530.0,4540.0,4520.0,4530.0,269000
2026-03-27 03:25:00,4530.0,4530.0,4520.0,4530.0,96800
2026-03-27 03:30:00,4470.0,4530.0,4470.0,4520.0,540300
2026-03-27 03:35:00,4480.0,4480.0,4470.0,4470.0,154100
2026-03-27 03:40:00,4510.0,4510.0,4470.0,4480.0,380900
2026-03-27 03:45:00,4500.0,4520.0,4500.0,4510.0,1060300
2026-03-27 03:50:00,4500.0,4510.0,4490.0,4510.0,120100
2026-03-27 03:55:00,4480.0,4500.0,4480.0,4500.0,583200
2026-03-27 04:00:00,4460.0,4490.0,4460.0,4480.0,744800
2026-03-27 04:05:00,4470.0,4470.0,4460.0,4460.0,95000
2026-03-27 04:10:00,4470.0,4470.0,4460.0,4470.0,244500
2026-03-27 04:15:00,4470.0,4470.0,4460.0,4470.0,26300
2026-03-27 04:20:00,4460.0,4470.0,4460.0,4470.0,91200
2026-03-27 04:25:00,4460.0,4470.0,4450.0,4460.0,211400
2026-03-27 07:00:00,4470.0,4470.0,4450.0,4460.0,590400
2026-03-27 07:05:00,4460.0,4480.0,4460.0,4470.0,330500
2026-03-27 07:10:00,4460.0,4480.0,4460.0,4470.0,226200
2026-03-27 07:15:00,4430.0,4470.0,4430.0,4460.0,1204000
2026-03-27 07:20:00,4420.0,4440.0,4420.0,4430.0,562300
2026-03-27 07:25:00,4430.0,4430.0,4420.0,4430.0,700000
2026-03-27 07:30:00,4420.0,4430.0,4420.0,4430.0,395500
2026-03-27 07:35:00,4430.0,4430.0,4420.0,4420.0,593400
2026-03-27 07:40:00,4430.0,4430.0,4420.0,4420.0,116100
2026-03-27 07:45:00,4420.0,4430.0,4420.0,4430.0,83300
2026-03-27 07:50:00,4430.0,4430.0,4420.0,4430.0,261000
2026-03-27 07:55:00,4430.0,4430.0,4420.0,4430.0,75300
2026-03-27 08:00:00,4410.0,4430.0,4400.0,4420.0,939800
2026-03-27 08:05:00,4420.0,4420.0,4410.0,4410.0,40100
2026-03-27 08:10:00,4420.0,4420.0,4410.0,4410.0,288200
2026-03-27 08:15:00,4410.0,4420.0,4410.0,4420.0,28900
2026-03-27 08:20:00,4410.0,4420.0,4410.0,4420.0,484100
2026-03-27 08:25:00,4420.0,4430.0,4410.0,4410.0,677800
2026-03-27 08:30:00,4430.0,4430.0,4420.0,4420.0,570900
2026-03-27 08:35:00,4430.0,4430.0,4420.0,4430.0,195300
2026-03-27 08:40:00,4430.0,4440.0,4410.0,4420.0,1964000
2026-03-27 08:45:00,4450.0,4450.0,4430.0,4430.0,1378500
2026-03-27 09:00:00,4450.0,4450.0,4450.0,4450.0,1301600
2026-03-27 09:05:00,4450.0,4450.0,4450.0,4450.0,232200
2026-03-27 09:10:00,4450.0,4450.0,4450.0,4450.0,11900
2026-03-30 02:00:00,4360.0,4390.0,4280.0,4310.0,0
2026-03-30 02:05:00,4320.0,4380.0,4320.0,4360.0,2646600
2026-03-30 02:10:00,4340.0,4370.0,4320.0,4320.0,853500
2026-03-30 02:15:00,4410.0,4420.0,4330.0,4340.0,2524300
2026-03-30 02:20:00,4340.0,4410.0,4330.0,4410.0,1130000
2026-03-30 02:25:00,4360.0,4370.0,4350.0,4350.0,309200
2026-03-30 02:30:00,4360.0,4360.0,4340.0,4360.0,280400
2026-03-30 02:35:00,4340.0,4360.0,4330.0,4350.0,845400
2026-03-30 02:40:00,4340.0,4340.0,4330.0,4340.0,110300
2026-03-30 02:45:00,4340.0,4340.0,4330.0,4330.0,317300
2026-03-30 02:50:00,4340.0,4350.0,4330.0,4340.0,228800
2026-03-30 02:55:00,4360.0,4360.0,4340.0,4340.0,205800
2026-03-30 03:00:00,4360.0,4370.0,4300.0,4360.0,2805800
2026-03-30 03:05:00,4320.0,4360.0,4290.0,4350.0,4024800
2026-03-30 03:10:00,4330.0,4330.0,4310.0,4320.0,377100
2026-03-30 03:15:00,4340.0,4340.0,4320.0,4330.0,691000
2026-03-30 03:20:00,4340.0,4350.0,4330.0,4330.0,368900
2026-03-30 03:25:00,4330.0,4340.0,4320.0,4340.0,407300
2026-03-30 03:30:00,4360.0,4370.0,4320.0,4330.0,928700
2026-03-30 03:35:00,4360.0,4370.0,4350.0,4360.0,334700
2026-03-30 03:40:00,4370.0,4380.0,4360.0,4360.0,471600
2026-03-30 03:45:00,4380.0,4400.0,4350.0,4370.0,1499800
2026-03-30 03:50:00,4390.0,4410.0,4370.0,4390.0,2778100
2026-03-30 03:55:00,4380.0,4400.0,4370.0,4390.0,1145900
2026-03-30 04:00:00,4370.0,4380.0,4360.0,4370.0,1885200
2026-03-30 04:05:00,4380.0,4380.0,4360.0,4370.0,307700
2026-03-30 04:10:00,4380.0,4390.0,4370.0,4380.0,230700
2026-03-30 04:15:00,4380.0,4390.0,4370.0,4390.0,570100
2026-03-30 04:20:00,4390.0,4400.0,4370.0,4370.0,2037700
2026-03-30 04:25:00,4400.0,4400.0,4390.0,4390.0,166500
2026-03-30 04:30:00,4390.0,4400.0,4390.0,4400.0,574800
2026-03-30 04:35:00,4400.0,4400.0,4390.0,4400.0,537400
2026-03-30 04:40:00,4400.0,4410.0,4390.0,4400.0,639500
2026-03-30 04:45:00,4400.0,4410.0,4400.0,4410.0,472300
2026-03-30 04:50:00,4410.0,4410.0,4400.0,4410.0,357700
2026-03-30 04:55:00,4410.0,4410.0,4400.0,4410.0,173300
2026-03-30 06:30:00,4370.0,4410.0,4350.0,4410.0,1941000
2026-03-30 06:35:00,4380.0,4390.0,4360.0,4360.0,368300
2026-03-30 06:40:00,4390.0,4390.0,4370.0,4380.0,207400
2026-03-30 06:45:00,4400.0,4400.0,4380.0,4390.0,136000
2026-03-30 06:50:00,4410.0,4410.0,4390.0,4390.0,533900
2026-03-30 06:55:00,4410.0,4420.0,4400.0,4410.0,281200
2026-03-30 07:00:00,4420.0,4420.0,4400.0,4410.0,1480100
2026-03-30 07:05:00,4450.0,4450.0,4420.0,4420.0,2483700
2026-03-30 07:10:00,4440.0,4450.0,4430.0,4440.0,208000
2026-03-30 07:15:00,4430.0,4440.0,4430.0,4440.0,761500
2026-03-30 07:20:00,4430.0,4440.0,4430.0,4440.0,64100
2026-03-30 07:25:00,4440.0,4440.0,4430.0,4430.0,873000
2026-03-30 07:30:00,4440.0,4450.0,4430.0,4430.0,569100
2026-03-30 07:35:00,4440.0,4450.0,4430.0,4440.0,594900
2026-03-30 07:40:00,4450.0,4450.0,4430.0,4430.0,1801200
2026-03-30 07:45:00,4450.0,4450.0,4440.0,4450.0,132900
2026-03-30 07:50:00,4460.0,4460.0,4440.0,4450.0,1097400
2026-03-30 07:55:00,4450.0,4460.0,4450.0,4460.0,297000
2026-03-30 08:00:00,4460.0,4460.0,4450.0,4460.0,177200
2026-03-30 08:05:00,4450.0,4460.0,4450.0,4460.0,163000
2026-03-30 08:10:00,4450.0,4460.0,4450.0,4460.0,560700
2026-03-30 08:15:00,4450.0,4460.0,4450.0,4450.0,232700
2026-03-30 08:20:00,4420.0,4460.0,4420.0,4460.0,2868300
2026-03-30 08:25:00,4450.0,4450.0,4420.0,4420.0,2626100
2026-03-30 08:30:00,4440.0,4450.0,4440.0,4450.0,455200
2026-03-30 08:35:00,4450.0,4450.0,4430.0,4440.0,2540700
2026-03-30 08:40:00,4540.0,4560.0,4440.0,4450.0,3337500
2026-03-30 08:45:00,4580.0,4600.0,4520.0,4540.0,2246700
2026-03-30 09:00:00,4590.0,4590.0,4590.0,4590.0,1612200
2026-03-30 09:05:00,4590.0,4590.0,4590.0,4590.0,144800
2026-03-30 09:10:00,4590.0,4590.0,4590.0,4590.0,474900
2026-03-31 02:00:00,4550.0,4660.0,4540.0,4600.0,0
2026-03-31 02:05:00,4600.0,4600.0,4550.0,4550.0,1626200
2026-03-31 02:10:00,4570.0,4640.0,4560.0,4590.0,4634600
2026-03-31 02:15:00,4550.0,4580.0,4530.0,4570.0,1590400
2026-03-31 02:20:00,4540.0,4570.0,4530.0,4550.0,942100
2026-03-31 02:25:00,4580.0,4590.0,4520.0,4540.0,2637900
2026-03-31 02:30:00,4550.0,4600.0,4550.0,4590.0,1501500
2026-03-31 02:35:00,4550.0,4560.0,4540.0,4550.0,219800
2026-03-31 02:40:00,4540.0,4560.0,4540.0,4550.0,249300
2026-03-31 02:45:00,4550.0,4560.0,4530.0,4540.0,376800
2026-03-31 02:50:00,4560.0,4580.0,4540.0,4550.0,348400
2026-03-31 02:55:00,4560.0,4580.0,4560.0,4560.0,438000
2026-03-31 03:00:00,4570.0,4600.0,4560.0,4560.0,1343800
2026-03-31 03:05:00,4590.0,4600.0,4570.0,4570.0,497000
2026-03-31 03:10:00,4660.0,4680.0,4590.0,4590.0,6638100
2026-03-31 03:15:00,4720.0,4740.0,4650.0,4660.0,6770700
2026-03-31 03:20:00,4700.0,4770.0,4700.0,4720.0,5192800
2026-03-31 03:25:00,4690.0,4760.0,4690.0,4700.0,2517000
2026-03-31 03:30:00,4680.0,4700.0,4680.0,4690.0,606000
2026-03-31 03:35:00,4710.0,4720.0,4640.0,4690.0,4057100
2026-03-31 03:40:00,4680.0,4720.0,4660.0,4710.0,1371200
2026-03-31 03:45:00,4680.0,4700.0,4660.0,4680.0,587100
2026-03-31 03:50:00,4630.0,4670.0,4610.0,4670.0,1574700
2026-03-31 03:55:00,4640.0,4640.0,4620.0,4630.0,756400
2026-03-31 04:00:00,4620.0,4640.0,4590.0,4640.0,1415900
2026-03-31 04:05:00,4600.0,4620.0,4590.0,4620.0,429800
2026-03-31 04:10:00,4610.0,4610.0,4590.0,4600.0,366100
2026-03-31 04:15:00,4620.0,4630.0,4600.0,4610.0,532900
2026-03-31 04:20:00,4600.0,4620.0,4590.0,4620.0,651300
2026-03-31 04:25:00,4660.0,4660.0,4590.0,4610.0,1129400
2026-03-31 04:30:00,4650.0,4670.0,4640.0,4650.0,1041700
2026-03-31 04:35:00,4590.0,4650.0,4580.0,4640.0,2195000
2026-03-31 04:40:00,4570.0,4590.0,4570.0,4580.0,594900
2026-03-31 04:45:00,4580.0,4580.0,4570.0,4580.0,249000
2026-03-31 04:50:00,4570.0,4580.0,4560.0,4580.0,308000
2026-03-31 04:55:00,4550.0,4570.0,4540.0,4560.0,1160600
2026-03-31 06:30:00,4490.0,4550.0,4440.0,4550.0,3720000
2026-03-31 06:35:00,4490.0,4490.0,4440.0,4490.0,2128600
2026-03-31 06:40:00,4480.0,4490.0,4470.0,4490.0,610700
2026-03-31 06:45:00,4480.0,4500.0,4460.0,4480.0,962300
2026-03-31 06:50:00,4460.0,4480.0,4440.0,4470.0,739600
2026-03-31 06:55:00,4460.0,4470.0,4450.0,4460.0,278000
2026-03-31 07:00:00,4550.0,4550.0,4460.0,4470.0,2841100
2026-03-31 07:05:00,4550.0,4560.0,4520.0,4550.0,803900
2026-03-31 07:10:00,4560.0,4570.0,4530.0,4550.0,932200
2026-03-31 07:15:00,4560.0,4570.0,4540.0,4550.0,465800
2026-03-31 07:20:00,4570.0,4570.0,4560.0,4570.0,344700
2026-03-31 07:25:00,4550.0,4580.0,4550.0,4570.0,639200
2026-03-31 07:30:00,4520.0,4560.0,4520.0,4550.0,489800
2026-03-31 07:35:00,4530.0,4530.0,4520.0,4530.0,159800
2026-03-31 07:40:00,4520.0,4540.0,4520.0,4530.0,132600
2026-03-31 07:45:00,4530.0,4530.0,4510.0,4520.0,137300
2026-03-31 07:50:00,4520.0,4530.0,4510.0,4520.0,136600
2026-03-31 07:55:00,4520.0,4520.0,4510.0,4510.0,83500
2026-03-31 08:00:00,4490.0,4520.0,4490.0,4520.0,654900
2026-03-31 08:05:00,4510.0,4520.0,4490.0,4490.0,394200
2026-03-31 08:10:00,4510.0,4520.0,4500.0,4500.0,74300
2026-03-31 08:15:00,4490.0,4520.0,4490.0,4510.0,88200
2026-03-31 08:20:00,4490.0,4500.0,4480.0,4490.0,319600
2026-03-31 08:25:00,4560.0,4570.0,4490.0,4490.0,2922500
2026-03-31 08:30:00,4510.0,4550.0,4510.0,4540.0,286100
2026-03-31 08:35:00,4500.0,4520.0,4490.0,4510.0,451800
2026-03-31 08:40:00,4490.0,4510.0,4460.0,4500.0,1026100
2026-03-31 08:45:00,4520.0,4520.0,4470.0,4490.0,4371300
2026-03-31 09:00:00,4450.0,4450.0,4450.0,4450.0,4677700
2026-03-31 09:05:00,4450.0,4450.0,4450.0,4450.0,57600
2026-03-31 09:10:00,4450.0,4450.0,4450.0,4450.0,1804800
2026-04-01 02:00:00,4630.0,4660.0,4580.0,4640.0,0
2026-04-01 02:05:00,4640.0,4710.0,4610.0,4620.0,4337200
2026-04-01 02:10:00,4640.0,4670.0,4610.0,4640.0,1602500
2026-04-01 02:15:00,4670.0,4710.0,4640.0,4640.0,3870900
2026-04-01 02:20:00,4670.0,4690.0,4640.0,4670.0,868100
2026-04-01 02:25:00,4680.0,4700.0,4660.0,4670.0,993200
2026-04-01 02:30:00,4690.0,4710.0,4680.0,4690.0,1404600
2026-04-01 02:35:00,4650.0,4700.0,4650.0,4690.0,1369300
2026-04-01 02:40:00,4620.0,4680.0,4620.0,4650.0,1498500
2026-04-01 02:45:00,4650.0,4660.0,4590.0,4620.0,1509300
2026-04-01 02:50:00,4680.0,4680.0,4650.0,4650.0,718500
2026-04-01 02:55:00,4740.0,4740.0,4670.0,4680.0,4583800
2026-04-01 03:00:00,4710.0,4740.0,4700.0,4730.0,1439400
2026-04-01 03:05:00,4710.0,4710.0,4680.0,4710.0,1418300
2026-04-01 03:10:00,4710.0,4720.0,4690.0,4700.0,1105300
2026-04-01 03:15:00,4740.0,4740.0,4710.0,4710.0,1100100
2026-04-01 03:20:00,4710.0,4740.0,4700.0,4740.0,1575900
2026-04-01 03:25:00,4690.0,4710.0,4680.0,4700.0,658800
2026-04-01 03:30:00,4680.0,4700.0,4680.0,4690.0,446700
2026-04-01 03:35:00,4680.0,4690.0,4680.0,4690.0,485300
2026-04-01 03:40:00,4660.0,4690.0,4660.0,4690.0,605800
2026-04-01 03:45:00,4650.0,4670.0,4650.0,4660.0,1086900
2026-04-01 03:50:00,4640.0,4660.0,4640.0,4660.0,793400
2026-04-01 03:55:00,4660.0,4670.0,4640.0,4640.0,864100
2026-04-01 04:00:00,4640.0,4660.0,4630.0,4660.0,684900
2026-04-01 04:05:00,4650.0,4660.0,4630.0,4640.0,406600
2026-04-01 04:10:00,4670.0,4670.0,4650.0,4650.0,248800
2026-04-01 04:15:00,4670.0,4670.0,4660.0,4670.0,85300
2026-04-01 04:20:00,4670.0,4680.0,4650.0,4670.0,501400
2026-04-01 04:25:00,4670.0,4670.0,4660.0,4670.0,172500
2026-04-01 04:30:00,4660.0,4680.0,4660.0,4670.0,118900
2026-04-01 04:35:00,4650.0,4670.0,4650.0,4670.0,136600
2026-04-01 04:40:00,4650.0,4650.0,4630.0,4650.0,567400
2026-04-01 04:45:00,4640.0,4650.0,4640.0,4640.0,84000
2026-04-01 04:50:00,4650.0,4650.0,4630.0,4650.0,346800
2026-04-01 04:55:00,4650.0,4660.0,4640.0,4640.0,356200
2026-04-01 06:30:00,4650.0,4670.0,4630.0,4650.0,664800
2026-04-01 06:35:00,4660.0,4660.0,4640.0,4650.0,544200
2026-04-01 06:40:00,4650.0,4670.0,4640.0,4660.0,446200
2026-04-01 06:45:00,4650.0,4650.0,4640.0,4650.0,182800
2026-04-01 06:50:00,4640.0,4650.0,4630.0,4650.0,346800
2026-04-01 06:55:00,4640.0,4650.0,4630.0,4640.0,226100
2026-04-01 07:00:00,4650.0,4650.0,4640.0,4650.0,318400
2026-04-01 07:05:00,4650.0,4650.0,4640.0,4650.0,54500
2026-04-01 07:10:00,4640.0,4650.0,4640.0,4640.0,300000
2026-04-01 07:15:00,4650.0,4650.0,4640.0,4650.0,490400
2026-04-01 07:20:00,4650.0,4650.0,4630.0,4650.0,291200
2026-04-01 07:25:00,4630.0,4640.0,4630.0,4640.0,416100
2026-04-01 07:30:00,4630.0,4640.0,4620.0,4630.0,167500
2026-04-01 07:35:00,4620.0,4640.0,4610.0,4630.0,314800
2026-04-01 07:40:00,4600.0,4620.0,4600.0,4620.0,294000
2026-04-01 07:45:00,4620.0,4630.0,4600.0,4610.0,283800
2026-04-01 07:50:00,4630.0,4640.0,4610.0,4620.0,272900
2026-04-01 07:55:00,4630.0,4640.0,4620.0,4630.0,129500
2026-04-01 08:00:00,4620.0,4630.0,4610.0,4620.0,166200
2026-04-01 08:05:00,4610.0,4620.0,4610.0,4620.0,46000
2026-04-01 08:10:00,4620.0,4620.0,4610.0,4610.0,35400
2026-04-01 08:15:00,4610.0,4620.0,4610.0,4620.0,149700
2026-04-01 08:20:00,4590.0,4620.0,4590.0,4610.0,1669200
2026-04-01 08:25:00,4600.0,4600.0,4570.0,4600.0,1862400
2026-04-01 08:30:00,4600.0,4620.0,4580.0,4600.0,1214700
2026-04-01 08:35:00,4600.0,4600.0,4580.0,4600.0,1593300
2026-04-01 08:40:00,4600.0,4600.0,4590.0,4600.0,661600
2026-04-01 08:45:00,4590.0,4600.0,4590.0,4600.0,2675100
2026-04-01 09:00:00,4610.0,4610.0,4610.0,4610.0,1710600
2026-04-01 09:05:00,4610.0,4610.0,4610.0,4610.0,465700
2026-04-01 09:10:00,4610.0,4610.0,4610.0,4610.0,277100
2026-04-02 02:00:00,4550.0,4600.0,4500.0,4530.0,0
2026-04-02 02:05:00,4510.0,4550.0,4500.0,4550.0,2138700
2026-04-02 02:10:00,4500.0,4520.0,4480.0,4510.0,2147600
2026-04-02 02:15:00,4520.0,4520.0,4490.0,4500.0,435600
2026-04-02 02:20:00,4490.0,4520.0,4470.0,4520.0,825100
2026-04-02 02:25:00,4480.0,4490.0,4460.0,4480.0,569600
2026-04-02 02:30:00,4490.0,4490.0,4480.0,4480.0,169000
2026-04-02 02:35:00,4480.0,4490.0,4470.0,4490.0,219800
2026-04-02 02:40:00,4470.0,4490.0,4450.0,4480.0,1550800
2026-04-02 02:45:00,4460.0,4470.0,4440.0,4470.0,1399500
2026-04-02 02:50:00,4460.0,4470.0,4450.0,4460.0,610900
2026-04-02 02:55:00,4460.0,4470.0,4450.0,4450.0,484400
2026-04-02 03:00:00,4450.0,4460.0,4450.0,4460.0,335300
2026-04-02 03:05:00,4460.0,4460.0,4450.0,4450.0,117100
2026-04-02 03:10:00,4460.0,4460.0,4450.0,4460.0,352700
2026-04-02 03:15:00,4460.0,4460.0,4450.0,4460.0,84800
2026-04-02 03:20:00,4450.0,4460.0,4440.0,4460.0,1354900
2026-04-02 03:25:00,4470.0,4470.0,4450.0,4450.0,444000
2026-04-02 03:30:00,4470.0,4470.0,4460.0,4470.0,67200
2026-04-02 03:35:00,4470.0,4470.0,4460.0,4470.0,33600
2026-04-02 03:40:00,4460.0,4460.0,4440.0,4460.0,541300
2026-04-02 03:45:00,4440.0,4460.0,4430.0,4450.0,891200
2026-04-02 03:50:00,4430.0,4440.0,4420.0,4430.0,408200
2026-04-02 03:55:00,4440.0,4450.0,4430.0,4430.0,390700
2026-04-02 04:00:00,4440.0,4440.0,4420.0,4440.0,469500
2026-04-02 04:05:00,4430.0,4430.0,4420.0,4430.0,447300
2026-04-02 04:10:00,4420.0,4430.0,4410.0,4430.0,1166700
2026-04-02 04:15:00,4410.0,4420.0,4400.0,4420.0,1393300
2026-04-02 04:20:00,4410.0,4410.0,4400.0,4410.0,520400
2026-04-02 04:25:00,4410.0,4410.0,4400.0,4410.0,208200
2026-04-02 04:30:00,4410.0,4410.0,4400.0,4410.0,275500
2026-04-02 04:35:00,4410.0,4410.0,4400.0,4400.0,297800
2026-04-02 04:40:00,4410.0,4420.0,4400.0,4410.0,851000
2026-04-02 04:45:00,4430.0,4430.0,4400.0,4410.0,1233900
2026-04-02 04:50:00,4420.0,4430.0,4410.0,4430.0,443400
2026-04-02 04:55:00,4430.0,4430.0,4410.0,4430.0,1097500
2026-04-02 06:30:00,4380.0,4440.0,4370.0,4420.0,6544200
2026-04-02 06:35:00,4380.0,4390.0,4370.0,4370.0,617200
2026-04-02 06:40:00,4380.0,4390.0,4370.0,4380.0,370800
2026-04-02 06:45:00,4390.0,4390.0,4380.0,4390.0,402300
2026-04-02 06:50:00,4390.0,4400.0,4380.0,4390.0,802300
2026-04-02 06:55:00,4390.0,4400.0,4380.0,4400.0,357500
2026-04-02 07:00:00,4390.0,4390.0,4380.0,4390.0,393200
2026-04-02 07:05:00,4390.0,4390.0,4380.0,4380.0,159500
2026-04-02 07:10:00,4380.0,4390.0,4370.0,4380.0,279500
2026-04-02 07:15:00,4370.0,4390.0,4370.0,4380.0,803800
2026-04-02 07:20:00,4390.0,4390.0,4380.0,4380.0,195500
2026-04-02 07:25:00,4380.0,4390.0,4380.0,4390.0,184600
2026-04-02 07:30:00,4390.0,4390.0,4380.0,4390.0,95600
2026-04-02 07:35:00,4360.0,4390.0,4360.0,4390.0,2144300
2026-04-02 07:40:00,4350.0,4360.0,4350.0,4360.0,368800
2026-04-02 07:45:00,4360.0,4360.0,4350.0,4360.0,593200
2026-04-02 07:50:00,4340.0,4360.0,4340.0,4360.0,878700
2026-04-02 07:55:00,4330.0,4350.0,4330.0,4350.0,557400
2026-04-02 08:00:00,4330.0,4340.0,4320.0,4330.0,1049000
2026-04-02 08:05:00,4340.0,4340.0,4330.0,4330.0,458300
2026-04-02 08:10:00,4340.0,4350.0,4340.0,4340.0,479500
2026-04-02 08:15:00,4330.0,4350.0,4330.0,4340.0,774700
2026-04-02 08:20:00,4330.0,4340.0,4320.0,4330.0,324800
2026-04-02 08:25:00,4330.0,4330.0,4320.0,4330.0,507300
2026-04-02 08:30:00,4340.0,4340.0,4330.0,4330.0,347000
2026-04-02 08:35:00,4340.0,4340.0,4330.0,4340.0,634500
2026-04-02 08:40:00,4330.0,4340.0,4320.0,4330.0,1106800
2026-04-02 08:45:00,4310.0,4330.0,4300.0,4320.0,2585900
2026-04-02 09:00:00,4300.0,4300.0,4300.0,4300.0,4095700
2026-04-02 09:05:00,4300.0,4300.0,4300.0,4300.0,266600
2026-04-02 09:10:00,4300.0,4300.0,4300.0,4300.0,61200
2026-04-06 02:00:00,4190.0,4250.0,4150.0,4180.0,0
2026-04-06 02:05:00,4170.0,4200.0,4130.0,4190.0,3034800
2026-04-06 02:10:00,4210.0,4230.0,4160.0,4160.0,1797400
2026-04-06 02:15:00,4310.0,4310.0,4210.0,4220.0,3404200
2026-04-06 02:20:00,4340.0,4350.0,4300.0,4310.0,2193700
2026-04-06 02:25:00,4330.0,4340.0,4280.0,4340.0,1785300
2026-04-06 02:30:00,4300.0,4330.0,4280.0,4330.0,1079400
2026-04-06 02:35:00,4330.0,4350.0,4270.0,4290.0,1141600
2026-04-06 02:40:00,4400.0,4410.0,4330.0,4330.0,2651000
2026-04-06 02:45:00,4390.0,4440.0,4380.0,4400.0,2402000
2026-04-06 02:50:00,4350.0,4400.0,4340.0,4400.0,896100
2026-04-06 02:55:00,4370.0,4390.0,4350.0,4350.0,1330900
2026-04-06 03:00:00,4360.0,4380.0,4360.0,4370.0,901300
2026-04-06 03:05:00,4390.0,4390.0,4350.0,4360.0,334600
2026-04-06 03:10:00,4370.0,4390.0,4360.0,4380.0,116800
2026-04-06 03:15:00,4360.0,4380.0,4360.0,4380.0,211400
2026-04-06 03:20:00,4330.0,4370.0,4320.0,4360.0,537800
2026-04-06 03:25:00,4350.0,4370.0,4330.0,4330.0,186500
2026-04-06 03:30:00,4330.0,4360.0,4330.0,4350.0,230600
2026-04-06 03:35:00,4330.0,4350.0,4330.0,4330.0,232100
2026-04-06 03:40:00,4320.0,4330.0,4300.0,4330.0,1211300
2026-04-06 03:45:00,4310.0,4330.0,4300.0,4310.0,146700
2026-04-06 03:50:00,4300.0,4320.0,4300.0,4310.0,36800
2026-04-06 03:55:00,4300.0,4310.0,4300.0,4300.0,137500
2026-04-06 04:00:00,4320.0,4330.0,4290.0,4300.0,489700
2026-04-06 04:05:00,4320.0,4330.0,4310.0,4320.0,162500
2026-04-06 04:10:00,4320.0,4330.0,4320.0,4330.0,16600
2026-04-06 04:15:00,4310.0,4320.0,4300.0,4320.0,143600
2026-04-06 04:20:00,4310.0,4320.0,4300.0,4320.0,63700
2026-04-06 04:25:00,4300.0,4310.0,4300.0,4310.0,216500
2026-04-06 04:30:00,4300.0,4310.0,4300.0,4300.0,192100
2026-04-06 04:35:00,4300.0,4310.0,4300.0,4300.0,73700
2026-04-06 04:40:00,4320.0,4320.0,4290.0,4300.0,228200
2026-04-06 04:45:00,4330.0,4340.0,4320.0,4320.0,301600
2026-04-06 04:50:00,4340.0,4340.0,4330.0,4340.0,70600
2026-04-06 04:55:00,4330.0,4340.0,4330.0,4330.0,55200
2026-04-06 06:30:00,4350.0,4360.0,4320.0,4330.0,385400
2026-04-06 06:35:00,4350.0,4350.0,4330.0,4350.0,143300
2026-04-06 06:40:00,4410.0,4410.0,4360.0,4360.0,1383900
2026-04-06 06:45:00,4410.0,4420.0,4400.0,4410.0,1897200
2026-04-06 06:50:00,4390.0,4420.0,4390.0,4410.0,1017900
2026-04-06 06:55:00,4410.0,4410.0,4390.0,4400.0,298400
2026-04-06 07:00:00,4420.0,4430.0,4400.0,4410.0,1015100
2026-04-06 07:05:00,4410.0,4430.0,4410.0,4420.0,393300
2026-04-06 07:10:00,4410.0,4430.0,4410.0,4420.0,559600
2026-04-06 07:15:00,4430.0,4440.0,4400.0,4410.0,1359500
2026-04-06 07:20:00,4440.0,4470.0,4430.0,4440.0,2043100
2026-04-06 07:25:00,4440.0,4450.0,4420.0,4440.0,409700
2026-04-06 07:30:00,4430.0,4470.0,4430.0,4450.0,961700
2026-04-06 07:35:00,4430.0,4450.0,4420.0,4430.0,554400
2026-04-06 07:40:00,4420.0,4440.0,4420.0,4430.0,333300
2026-04-06 07:45:00,4400.0,4420.0,4400.0,4420.0,989600
2026-04-06 07:50:00,4420.0,4420.0,4400.0,4400.0,103400
2026-04-06 07:55:00,4390.0,4420.0,4390.0,4420.0,981700
2026-04-06 08:00:00,4440.0,4440.0,4360.0,4390.0,558700
2026-04-06 08:05:00,4410.0,4430.0,4410.0,4430.0,154500
2026-04-06 08:10:00,4400.0,4420.0,4400.0,4410.0,162000
2026-04-06 08:15:00,4380.0,4410.0,4380.0,4400.0,333700
2026-04-06 08:20:00,4400.0,4400.0,4370.0,4380.0,309100
2026-04-06 08:25:00,4400.0,4410.0,4390.0,4400.0,177500
2026-04-06 08:30:00,4400.0,4420.0,4390.0,4400.0,490000
2026-04-06 08:35:00,4440.0,4450.0,4400.0,4410.0,1268900
2026-04-06 08:40:00,4440.0,4450.0,4440.0,4440.0,946400
2026-04-06 08:45:00,4450.0,4450.0,4420.0,4440.0,1609200
2026-04-06 09:00:00,4440.0,4440.0,4440.0,4440.0,1371900
2026-04-06 09:05:00,4440.0,4440.0,4440.0,4440.0,134200
2026-04-06 09:10:00,4440.0,4440.0,4440.0,4440.0,1853900
2026-04-07 02:00:00,4470.0,4510.0,4460.0,4480.0,0
2026-04-07 02:05:00,4420.0,4490.0,4420.0,4470.0,1754000
2026-04-07 02:10:00,4440.0,4460.0,4420.0,4420.0,550300
2026-04-07 02:15:00,4390.0,4430.0,4360.0,4430.0,1896600
2026-04-07 02:20:00,4400.0,4420.0,4380.0,4380.0,847200
2026-04-07 02:25:00,4380.0,4410.0,4370.0,4410.0,511400
2026-04-07 02:30:00,4380.0,4400.0,4370.0,4370.0,471500
2026-04-07 02:35:00,4390.0,4390.0,4370.0,4380.0,435800
2026-04-07 02:40:00,4420.0,4420.0,4370.0,4390.0,599900
2026-04-07 02:45:00,4450.0,4450.0,4410.0,4430.0,1589300
2026-04-07 02:50:00,4480.0,4490.0,4440.0,4450.0,1775800
2026-04-07 02:55:00,4500.0,4510.0,4470.0,4480.0,3880800
2026-04-07 03:00:00,4540.0,4560.0,4490.0,4500.0,3535200
2026-04-07 03:05:00,4520.0,4550.0,4500.0,4540.0,2523600
2026-04-07 03:10:00,4520.0,4540.0,4500.0,4530.0,1281100
2026-04-07 03:15:00,4590.0,4600.0,4520.0,4520.0,2841500
2026-04-07 03:20:00,4640.0,4650.0,4570.0,4600.0,4819600
2026-04-07 03:25:00,4650.0,4670.0,4620.0,4640.0,5164900
2026-04-07 03:30:00,4620.0,4660.0,4610.0,4640.0,2032200
2026-04-07 03:35:00,4600.0,4640.0,4590.0,4620.0,3188400
2026-04-07 03:40:00,4560.0,4590.0,4550.0,4590.0,2077200
2026-04-07 03:45:00,4560.0,4580.0,4540.0,4550.0,1281600
2026-04-07 03:50:00,4510.0,4580.0,4510.0,4550.0,1648800
2026-04-07 03:55:00,4530.0,4540.0,4510.0,4510.0,349400
2026-04-07 04:00:00,4540.0,4540.0,4510.0,4530.0,504600
2026-04-07 04:05:00,4520.0,4540.0,4510.0,4540.0,444500
2026-04-07 04:10:00,4520.0,4530.0,4510.0,4520.0,392000
2026-04-07 04:15:00,4490.0,4530.0,4490.0,4530.0,804500
2026-04-07 04:20:00,4490.0,4500.0,4480.0,4490.0,405800
2026-04-07 04:25:00,4500.0,4510.0,4480.0,4490.0,411900
2026-04-07 04:30:00,4500.0,4520.0,4490.0,4500.0,537600
2026-04-07 04:35:00,4520.0,4520.0,4500.0,4500.0,86500
2026-04-07 04:40:00,4520.0,4540.0,4510.0,4520.0,438300
2026-04-07 04:45:00,4520.0,4530.0,4510.0,4530.0,392800
2026-04-07 04:50:00,4510.0,4520.0,4500.0,4520.0,736800
2026-04-07 04:55:00,4520.0,4520.0,4500.0,4510.0,216500
2026-04-07 06:30:00,4500.0,4530.0,4480.0,4510.0,735500
2026-04-07 06:35:00,4540.0,4540.0,4500.0,4500.0,707400
2026-04-07 06:40:00,4540.0,4550.0,4530.0,4540.0,293400
2026-04-07 06:45:00,4500.0,4540.0,4500.0,4530.0,297200
2026-04-07 06:50:00,4490.0,4510.0,4490.0,4500.0,160700
2026-04-07 06:55:00,4490.0,4500.0,4480.0,4490.0,192100
2026-04-07 07:00:00,4490.0,4490.0,4480.0,4490.0,159900
2026-04-07 07:05:00,4440.0,4490.0,4430.0,4490.0,1499300
2026-04-07 07:10:00,4430.0,4460.0,4430.0,4440.0,717600
2026-04-07 07:15:00,4430.0,4440.0,4410.0,4440.0,419800
2026-04-07 07:20:00,4420.0,4430.0,4410.0,4430.0,591900
2026-04-07 07:25:00,4450.0,4450.0,4420.0,4430.0,181000
2026-04-07 07:30:00,4430.0,4460.0,4430.0,4450.0,444400
2026-04-07 07:35:00,4400.0,4430.0,4400.0,4420.0,451100
2026-04-07 07:40:00,4430.0,4430.0,4400.0,4400.0,515800
2026-04-07 07:45:00,4420.0,4430.0,4420.0,4430.0,91900
2026-04-07 07:50:00,4420.0,4430.0,4420.0,4420.0,115500
2026-04-07 07:55:00,4410.0,4430.0,4410.0,4430.0,719000
2026-04-07 08:00:00,4430.0,4450.0,4410.0,4410.0,199300
2026-04-07 08:05:00,4440.0,4440.0,4430.0,4430.0,89300
2026-04-07 08:10:00,4430.0,4440.0,4420.0,4440.0,270200
2026-04-07 08:15:00,4410.0,4430.0,4400.0,4430.0,564500
2026-04-07 08:20:00,4420.0,4430.0,4400.0,4400.0,280800
2026-04-07 08:25:00,4450.0,4460.0,4420.0,4420.0,496800
2026-04-07 08:30:00,4440.0,4450.0,4440.0,4450.0,234900
2026-04-07 08:35:00,4430.0,4440.0,4420.0,4440.0,403600
2026-04-07 08:40:00,4420.0,4440.0,4410.0,4420.0,786600
2026-04-07 08:45:00,4500.0,4500.0,4410.0,4430.0,1643800
2026-04-07 09:00:00,4500.0,4500.0,4500.0,4500.0,1625600
2026-04-07 09:05:00,4500.0,4500.0,4500.0,4500.0,42900
2026-04-07 09:10:00,4500.0,4500.0,4500.0,4500.0,80100
2026-04-08 02:00:00,4690.0,4890.0,4650.0,4890.0,0
2026-04-08 02:05:00,4660.0,4710.0,4640.0,4690.0,4743900
2026-04-08 02:10:00,4690.0,4700.0,4650.0,4660.0,2407600
2026-04-08 02:15:00,4710.0,4740.0,4680.0,4690.0,2460700
2026-04-08 02:20:00,4750.0,4750.0,4700.0,4710.0,2359700
2026-04-08 02:25:00,4720.0,4770.0,4710.0,4740.0,2431300
2026-04-08 02:30:00,4740.0,4750.0,4710.0,4710.0,1180400
2026-04-08 02:35:00,4820.0,4840.0,4730.0,4740.0,5577600
2026-04-08 02:40:00,4790.0,4850.0,4790.0,4820.0,4867200
2026-04-08 02:45:00,4720.0,4790.0,4720.0,4780.0,2397200
2026-04-08 02:50:00,4760.0,4760.0,4710.0,4720.0,1226700
2026-04-08 02:55:00,4760.0,4770.0,4730.0,4760.0,726900
2026-04-08 03:00:00,4740.0,4770.0,4730.0,4770.0,1339400
2026-04-08 03:05:00,4760.0,4770.0,4730.0,4740.0,1124500
2026-04-08 03:10:00,4730.0,4770.0,4710.0,4760.0,1135100
2026-04-08 03:15:00,4720.0,4730.0,4710.0,4730.0,566900
2026-04-08 03:20:00,4730.0,4740.0,4710.0,4720.0,316000
2026-04-08 03:25:00,4760.0,4760.0,4720.0,4720.0,302800
2026-04-08 03:30:00,4740.0,4760.0,4740.0,4760.0,241200
2026-04-08 03:35:00,4740.0,4750.0,4720.0,4750.0,456400
2026-04-08 03:40:00,4730.0,4750.0,4730.0,4730.0,121300
2026-04-08 03:45:00,4740.0,4740.0,4730.0,4730.0,145900
2026-04-08 03:50:00,4760.0,4770.0,4730.0,4730.0,548000
2026-04-08 03:55:00,4770.0,4780.0,4750.0,4760.0,738300
2026-04-08 04:00:00,4770.0,4780.0,4760.0,4770.0,287500
2026-04-08 04:05:00,4780.0,4790.0,4760.0,4780.0,470200
2026-04-08 04:10:00,4790.0,4800.0,4780.0,4780.0,891800
2026-04-08 04:15:00,4800.0,4810.0,4790.0,4800.0,1068400
2026-04-08 04:20:00,4830.0,4840.0,4800.0,4810.0,1240600
2026-04-08 04:25:00,4850.0,4850.0,4830.0,4840.0,1543700
2026-04-08 04:30:00,4810.0,4850.0,4800.0,4840.0,1156900
2026-04-08 04:35:00,4810.0,4820.0,4790.0,4810.0,659000
2026-04-08 04:40:00,4840.0,4850.0,4790.0,4790.0,1490200
2026-04-08 04:45:00,4840.0,4850.0,4830.0,4840.0,586800
2026-04-08 04:50:00,4860.0,4860.0,4830.0,4830.0,1604000
2026-04-08 04:55:00,4850.0,4870.0,4850.0,4860.0,1564500
2026-04-08 06:30:00,4840.0,4870.0,4810.0,4850.0,1628000
2026-04-08 06:35:00,4820.0,4850.0,4810.0,4840.0,341900
2026-04-08 06:40:00,4850.0,4860.0,4810.0,4810.0,410300
2026-04-08 06:45:00,4820.0,4850.0,4810.0,4850.0,695300
2026-04-08 06:50:00,4830.0,4830.0,4810.0,4820.0,229100
2026-04-08 06:55:00,4830.0,4840.0,4820.0,4820.0,125600
2026-04-08 07:00:00,4840.0,4840.0,4820.0,4820.0,234500
2026-04-08 07:05:00,4830.0,4840.0,4830.0,4840.0,201900
2026-04-08 07:10:00,4820.0,4840.0,4820.0,4830.0,186400
2026-04-08 07:15:00,4790.0,4830.0,4790.0,4820.0,977700
2026-04-08 07:20:00,4820.0,4820.0,4780.0,4790.0,737000
2026-04-08 07:25:00,5025.0,5025.0,4810.0,4810.0,10753100
2026-04-08 07:30:00,5000.0,5050.0,4950.0,5025.0,7515300
2026-04-08 07:35:00,5025.0,5050.0,4980.0,5000.0,4543500
2026-04-08 07:40:00,5025.0,5050.0,5000.0,5050.0,1331300
2026-04-08 07:45:00,5375.0,5375.0,5025.0,5025.0,11237300
2026-04-08 07:50:00,5250.0,5450.0,5225.0,5375.0,14370100
2026-04-08 07:55:00,5225.0,5300.0,5175.0,5250.0,4897500
2026-04-08 08:00:00,5175.0,5225.0,5125.0,5200.0,4391100
2026-04-08 08:05:00,5150.0,5200.0,5150.0,5175.0,1648100
2026-04-08 08:10:00,5175.0,5200.0,5125.0,5175.0,1475200
2026-04-08 08:15:00,5200.0,5225.0,5125.0,5150.0,1643100
2026-04-08 08:20:00,5125.0,5200.0,5100.0,5200.0,2545900
2026-04-08 08:25:00,5125.0,5150.0,5050.0,5125.0,3295400
2026-04-08 08:30:00,5225.0,5225.0,5125.0,5150.0,1815200
2026-04-08 08:35:00,5150.0,5250.0,5150.0,5225.0,2306400
2026-04-08 08:40:00,5150.0,5200.0,5125.0,5175.0,2534400
2026-04-08 08:45:00,5225.0,5225.0,5125.0,5150.0,2411100
2026-04-08 09:00:00,5225.0,5225.0,5225.0,5225.0,2301500
2026-04-08 09:05:00,5225.0,5225.0,5225.0,5225.0,79300
2026-04-08 09:10:00,5225.0,5225.0,5225.0,5225.0,173200
2026-04-09 02:00:00,5050.0,5150.0,5000.0,5050.0,0
2026-04-09 02:05:00,5075.0,5125.0,5000.0,5025.0,3910000
2026-04-09 02:10:00,5150.0,5150.0,5075.0,5075.0,3057100
2026-04-09 02:15:00,5200.0,5250.0,5050.0,5150.0,6427900
2026-04-09 02:20:00,5225.0,5225.0,5125.0,5175.0,3513600
2026-04-09 02:25:00,5275.0,5325.0,5175.0,5250.0,7312600
2026-04-09 02:30:00,5400.0,5400.0,5275.0,5300.0,8550400
2026-04-09 02:35:00,5400.0,5450.0,5325.0,5400.0,8333900
2026-04-09 02:40:00,5325.0,5400.0,5300.0,5400.0,3007900
2026-04-09 02:45:00,5300.0,5350.0,5225.0,5350.0,3854800
2026-04-09 02:50:00,5300.0,5300.0,5250.0,5300.0,1034000
2026-04-09 02:55:00,5275.0,5300.0,5250.0,5275.0,1399500
2026-04-09 03:00:00,5225.0,5300.0,5225.0,5275.0,1097000
2026-04-09 03:05:00,5250.0,5275.0,5225.0,5225.0,920300
2026-04-09 03:10:00,5250.0,5250.0,5225.0,5225.0,282200
2026-04-09 03:15:00,5225.0,5250.0,5225.0,5250.0,371200
2026-04-09 03:20:00,5200.0,5250.0,5175.0,5225.0,2891700
2026-04-09 03:25:00,5200.0,5225.0,5200.0,5200.0,696100
2026-04-09 03:30:00,5200.0,5225.0,5200.0,5200.0,116400
2026-04-09 03:35:00,5200.0,5225.0,5175.0,5200.0,698200
2026-04-09 03:40:00,5225.0,5225.0,5200.0,5200.0,146000
2026-04-09 03:45:00,5225.0,5250.0,5200.0,5225.0,1000700
2026-04-09 03:50:00,5250.0,5275.0,5225.0,5250.0,399200
2026-04-09 03:55:00,5300.0,5325.0,5275.0,5275.0,1321700
2026-04-09 04:00:00,5325.0,5325.0,5275.0,5300.0,1089200
2026-04-09 04:05:00,5300.0,5350.0,5300.0,5325.0,1140300
2026-04-09 04:10:00,5350.0,5350.0,5325.0,5325.0,1263100
2026-04-09 04:15:00,5300.0,5350.0,5300.0,5350.0,745200
2026-04-09 04:20:00,5300.0,5300.0,5275.0,5275.0,223100
2026-04-09 04:25:00,5275.0,5300.0,5275.0,5300.0,197600
2026-04-09 04:30:00,5275.0,5300.0,5250.0,5275.0,241400
2026-04-09 04:35:00,5275.0,5275.0,5250.0,5275.0,585000
2026-04-09 04:40:00,5300.0,5300.0,5275.0,5275.0,134300
2026-04-09 04:45:00,5275.0,5300.0,5275.0,5300.0,88600
2026-04-09 04:50:00,5275.0,5300.0,5275.0,5300.0,244900
2026-04-09 04:55:00,5275.0,5300.0,5275.0,5300.0,248800
2026-04-09 06:30:00,5275.0,5300.0,5250.0,5300.0,1716500
2026-04-09 06:35:00,5225.0,5275.0,5200.0,5250.0,1925000
2026-04-09 06:40:00,5250.0,5250.0,5225.0,5250.0,332100
2026-04-09 06:45:00,5225.0,5250.0,5225.0,5225.0,280300
2026-04-09 06:50:00,5250.0,5250.0,5225.0,5250.0,842000
2026-04-09 06:55:00,5200.0,5250.0,5200.0,5225.0,693400
2026-04-09 07:00:00,5275.0,5275.0,5200.0,5225.0,832300
2026-04-09 07:05:00,5275.0,5300.0,5250.0,5250.0,970700
2026-04-09 07:10:00,5250.0,5300.0,5225.0,5300.0,966100
2026-04-09 07:15:00,5275.0,5300.0,5250.0,5250.0,963300
2026-04-09 07:20:00,5300.0,5325.0,5275.0,5300.0,1985500
2026-04-09 07:25:00,5300.0,5325.0,5300.0,5300.0,836700
2026-04-09 07:30:00,5250.0,5325.0,5225.0,5300.0,2429800
2026-04-09 07:35:00,5250.0,5275.0,5225.0,5225.0,564500
2026-04-09 07:40:00,5250.0,5275.0,5250.0,5250.0,625300
2026-04-09 07:45:00,5250.0,5275.0,5250.0,5250.0,551700
2026-04-09 07:50:00,5250.0,5275.0,5250.0,5250.0,141700
2026-04-09 07:55:00,5250.0,5275.0,5250.0,5275.0,433600
2026-04-09 08:00:00,5225.0,5275.0,5225.0,5250.0,211900
2026-04-09 08:05:00,5225.0,5250.0,5225.0,5225.0,777500
2026-04-09 08:10:00,5225.0,5250.0,5200.0,5250.0,523900
2026-04-09 08:15:00,5200.0,5225.0,5200.0,5225.0,238200
2026-04-09 08:20:00,5175.0,5225.0,5175.0,5225.0,1078900
2026-04-09 08:25:00,5175.0,5200.0,5175.0,5200.0,674700
2026-04-09 08:30:00,5275.0,5300.0,5175.0,5175.0,2333800
2026-04-09 08:35:00,5275.0,5325.0,5250.0,5275.0,2830000
2026-04-09 08:40:00,5250.0,5300.0,5225.0,5300.0,1803500
2026-04-09 08:45:00,5250.0,5325.0,5250.0,5250.0,2591100
2026-04-09 09:00:00,5250.0,5250.0,5250.0,5250.0,1521300
2026-04-09 09:05:00,5250.0,5250.0,5250.0,5250.0,51000
2026-04-09 09:10:00,5250.0,5250.0,5250.0,5250.0,59200
2026-04-10 02:00:00,5475.0,5475.0,5325.0,5350.0,0
2026-04-10 02:05:00,5500.0,5550.0,5425.0,5450.0,9898300
2026-04-10 02:10:00,5500.0,5525.0,5450.0,5500.0,2665700
2026-04-10 02:15:00,5575.0,5575.0,5450.0,5475.0,4057900
2026-04-10 02:20:00,5625.0,5650.0,5550.0,5575.0,5833900
2026-04-10 02:25:00,5600.0,5650.0,5550.0,5625.0,3998600
2026-04-10 02:30:00,5550.0,5600.0,5525.0,5575.0,2228600
2026-04-10 02:35:00,5600.0,5625.0,5525.0,5550.0,2256800
2026-04-10 02:40:00,5525.0,5600.0,5525.0,5600.0,2945400
2026-04-10 02:45:00,5575.0,5575.0,5525.0,5550.0,1207600
2026-04-10 02:50:00,5550.0,5575.0,5550.0,5550.0,1127200
2026-04-10 02:55:00,5575.0,5575.0,5550.0,5575.0,625400
2026-04-10 03:00:00,5525.0,5575.0,5525.0,5575.0,1229600
2026-04-10 03:05:00,5525.0,5525.0,5450.0,5525.0,3494300
2026-04-10 03:10:00,5500.0,5550.0,5500.0,5500.0,1178600
2026-04-10 03:15:00,5550.0,5600.0,5500.0,5525.0,1822100
2026-04-10 03:20:00,5675.0,5700.0,5525.0,5550.0,5490400
2026-04-10 03:25:00,5675.0,5725.0,5650.0,5700.0,5969700
2026-04-10 03:30:00,5650.0,5700.0,5625.0,5675.0,2276000
2026-04-10 03:35:00,5675.0,5700.0,5650.0,5650.0,1064700
2026-04-10 03:40:00,5700.0,5700.0,5650.0,5675.0,1260400
2026-04-10 03:45:00,5725.0,5750.0,5675.0,5675.0,2045400
2026-04-10 03:50:00,5675.0,5750.0,5675.0,5725.0,1238700
2026-04-10 03:55:00,5650.0,5700.0,5650.0,5675.0,1136400
2026-04-10 04:00:00,5625.0,5650.0,5600.0,5650.0,955200
2026-04-10 04:05:00,5625.0,5625.0,5600.0,5625.0,399000
2026-04-10 04:10:00,5625.0,5650.0,5600.0,5600.0,387200
2026-04-10 04:15:00,5625.0,5650.0,5600.0,5625.0,345100
2026-04-10 04:20:00,5575.0,5650.0,5575.0,5625.0,1378200
2026-04-10 04:25:00,5550.0,5600.0,5550.0,5575.0,2088500
2026-04-10 07:00:00,5625.0,5625.0,5550.0,5550.0,1281600
2026-04-10 07:05:00,5575.0,5625.0,5550.0,5625.0,1369700
2026-04-10 07:10:00,5575.0,5600.0,5550.0,5575.0,1781400
2026-04-10 07:15:00,5575.0,5625.0,5550.0,5575.0,1141000
2026-04-10 07:20:00,5550.0,5600.0,5525.0,5600.0,1263800
2026-04-10 07:25:00,5550.0,5575.0,5525.0,5550.0,1146100
2026-04-10 07:30:00,5525.0,5575.0,5500.0,5525.0,1195900
2026-04-10 07:35:00,5500.0,5550.0,5475.0,5550.0,2103400
2026-04-10 07:40:00,5475.0,5500.0,5450.0,5500.0,1522600
2026-04-10 07:45:00,5475.0,5500.0,5450.0,5475.0,839000
2026-04-10 07:50:00,5525.0,5525.0,5475.0,5500.0,615400
2026-04-10 07:55:00,5500.0,5525.0,5450.0,5525.0,1459400
2026-04-10 08:00:00,5475.0,5500.0,5450.0,5475.0,726300
2026-04-10 08:05:00,5475.0,5475.0,5450.0,5475.0,504100
2026-04-10 08:10:00,5425.0,5475.0,5425.0,5450.0,1050600
2026-04-10 08:15:00,5325.0,5450.0,5325.0,5425.0,5950600
2026-04-10 08:20:00,5350.0,5400.0,5325.0,5350.0,2230300
2026-04-10 08:25:00,5400.0,5425.0,5350.0,5375.0,784400
2026-04-10 08:30:00,5400.0,5450.0,5375.0,5400.0,1184300
2026-04-10 08:35:00,5375.0,5400.0,5350.0,5375.0,1897000
2026-04-10 08:40:00,5375.0,5400.0,5350.0,5400.0,2168500
2026-04-10 08:45:00,5400.0,5425.0,5375.0,5375.0,1587200
2026-04-10 09:00:00,5375.0,5375.0,5375.0,5375.0,2307200
2026-04-10 09:05:00,5375.0,5375.0,5375.0,5375.0,223900
2026-04-10 09:10:00,5375.0,5375.0,5375.0,5375.0,81100
2026-04-13 02:00:00,5400.0,5425.0,5200.0,5250.0,0
2026-04-13 02:05:00,5425.0,5500.0,5375.0,5400.0,5865400
2026-04-13 02:10:00,5450.0,5475.0,5350.0,5425.0,3967800
2026-04-13 02:15:00,5425.0,5500.0,5425.0,5450.0,3675000
2026-04-13 02:20:00,5550.0,5625.0,5425.0,5450.0,8318300
2026-04-13 02:25:00,5525.0,5575.0,5500.0,5550.0,3023500
2026-04-13 02:30:00,5600.0,5650.0,5525.0,5525.0,6862400
2026-04-13 02:35:00,5600.0,5625.0,5575.0,5625.0,1276700
2026-04-13 02:40:00,5675.0,5675.0,5550.0,5600.0,5393300
2026-04-13 02:45:00,5700.0,5725.0,5650.0,5650.0,6393300
2026-04-13 02:50:00,5850.0,5925.0,5650.0,5700.0,12905900
2026-04-13 02:55:00,5900.0,5900.0,5775.0,5875.0,6478100
2026-04-13 03:00:00,5925.0,6000.0,5875.0,5900.0,13858300
2026-04-13 03:05:00,5900.0,5975.0,5875.0,5950.0,6890200
2026-04-13 03:10:00,5950.0,6000.0,5875.0,5900.0,5930400
2026-04-13 03:15:00,5975.0,6000.0,5950.0,5975.0,3322300
2026-04-13 03:20:00,5850.0,5975.0,5850.0,5950.0,5805500
2026-04-13 03:25:00,5900.0,5925.0,5825.0,5850.0,3872400
2026-04-13 03:30:00,5900.0,5900.0,5875.0,5900.0,729300
2026-04-13 03:35:00,5875.0,5900.0,5850.0,5900.0,1272700
2026-04-13 03:40:00,5850.0,5900.0,5800.0,5875.0,2600700
2026-04-13 03:45:00,5800.0,5850.0,5800.0,5850.0,2558400
2026-04-13 03:50:00,5850.0,5875.0,5800.0,5825.0,1539200
2026-04-13 03:55:00,5825.0,5875.0,5825.0,5850.0,1946000
2026-04-13 04:00:00,5875.0,5875.0,5825.0,5825.0,1432800
2026-04-13 04:05:00,5900.0,5900.0,5850.0,5875.0,1575900
2026-04-13 04:10:00,5850.0,5900.0,5850.0,5900.0,690100
2026-04-13 04:15:00,5875.0,5900.0,5825.0,5850.0,1585100
2026-04-13 04:20:00,5925.0,5925.0,5875.0,5900.0,1865300
2026-04-13 04:25:00,5925.0,5950.0,5900.0,5925.0,1838600
2026-04-13 04:30:00,5925.0,5950.0,5925.0,5925.0,720500
2026-04-13 04:35:00,5925.0,5975.0,5925.0,5925.0,1041100
2026-04-13 04:40:00,5925.0,5975.0,5925.0,5925.0,1107600
2026-04-13 04:45:00,5950.0,5975.0,5925.0,5925.0,1044800
2026-04-13 04:50:00,5925.0,5950.0,5925.0,5925.0,332600
2026-04-13 04:55:00,5950.0,5975.0,5950.0,5950.0,878500
2026-04-13 06:30:00,6100.0,6150.0,5950.0,5950.0,16382700
2026-04-13 06:35:00,6175.0,6200.0,6075.0,6100.0,5917300
2026-04-13 06:40:00,6125.0,6200.0,6100.0,6175.0,4027000
2026-04-13 06:45:00,6050.0,6150.0,6050.0,6125.0,3727000
2026-04-13 06:50:00,6100.0,6125.0,6025.0,6075.0,3514900
2026-04-13 06:55:00,6125.0,6150.0,6075.0,6125.0,1703200
2026-04-13 07:00:00,6025.0,6125.0,6025.0,6100.0,3001900
2026-04-13 07:05:00,6025.0,6050.0,6025.0,6025.0,1289900
2026-04-13 07:10:00,6000.0,6050.0,5975.0,6050.0,4293400
2026-04-13 07:15:00,6025.0,6050.0,6000.0,6000.0,932300
2026-04-13 07:20:00,6025.0,6050.0,6000.0,6050.0,1202600
2026-04-13 07:25:00,6050.0,6075.0,6025.0,6025.0,898000
2026-04-13 07:30:00,6050.0,6100.0,6025.0,6050.0,1845500
2026-04-13 07:35:00,6050.0,6075.0,6025.0,6050.0,1891000
2026-04-13 07:40:00,6075.0,6075.0,6050.0,6050.0,181900
2026-04-13 07:45:00,6025.0,6075.0,6000.0,6075.0,1907400
2026-04-13 07:50:00,6075.0,6075.0,6025.0,6025.0,473800
2026-04-13 07:55:00,6050.0,6125.0,6025.0,6075.0,3205800
2026-04-13 08:00:00,6075.0,6075.0,6025.0,6050.0,515800
2026-04-13 08:05:00,6000.0,6075.0,5975.0,6050.0,4133800
2026-04-13 08:10:00,5975.0,6000.0,5950.0,5975.0,2823800
2026-04-13 08:15:00,6000.0,6000.0,5975.0,5975.0,748500
2026-04-13 08:20:00,6025.0,6025.0,5975.0,5975.0,1068400
2026-04-13 08:25:00,6000.0,6050.0,6000.0,6000.0,1272300
2026-04-13 08:30:00,6025.0,6050.0,6000.0,6025.0,578000
2026-04-13 08:35:00,6025.0,6050.0,6000.0,6025.0,1802600
2026-04-13 08:40:00,6025.0,6050.0,5975.0,6000.0,3187700
2026-04-13 08:45:00,6050.0,6075.0,6000.0,6025.0,2651300
2026-04-13 09:00:00,6000.0,6000.0,6000.0,6000.0,5972300
2026-04-13 09:05:00,6000.0,6000.0,6000.0,6000.0,437800
2026-04-13 09:10:00,6000.0,6000.0,6000.0,6000.0,86600
2026-04-14 02:00:00,6425.0,6500.0,6200.0,6325.0,0
2026-04-14 02:05:00,6400.0,6475.0,6400.0,6450.0,8806000
2026-04-14 02:10:00,6650.0,6675.0,6375.0,6400.0,17015000
2026-04-14 02:15:00,6550.0,6750.0,6525.0,6650.0,14278400
2026-04-14 02:20:00,6600.0,6650.0,6525.0,6575.0,5638400
2026-04-14 02:25:00,6600.0,6625.0,6575.0,6600.0,2604800
2026-04-14 02:30:00,6625.0,6675.0,6600.0,6625.0,4190500
2026-04-14 02:35:00,6575.0,6625.0,6550.0,6625.0,3831200
2026-04-14 02:40:00,6550.0,6575.0,6475.0,6550.0,9941200
2026-04-14 02:45:00,6550.0,6550.0,6500.0,6550.0,1890000
2026-04-14 02:50:00,6575.0,6575.0,6525.0,6550.0,1383300
2026-04-14 02:55:00,6650.0,6650.0,6550.0,6575.0,4028300
2026-04-14 03:00:00,6625.0,6650.0,6600.0,6650.0,2352500
2026-04-14 03:05:00,6750.0,6775.0,6625.0,6650.0,11445700
2026-04-14 03:10:00,6650.0,6800.0,6650.0,6775.0,6730000
2026-04-14 03:15:00,6725.0,6750.0,6650.0,6650.0,2123200
2026-04-14 03:20:00,6725.0,6725.0,6675.0,6725.0,1751100
2026-04-14 03:25:00,6700.0,6725.0,6675.0,6725.0,1581500
2026-04-14 03:30:00,6775.0,6775.0,6700.0,6725.0,2243100
2026-04-14 03:35:00,6725.0,6775.0,6725.0,6775.0,2610900
2026-04-14 03:40:00,6700.0,6750.0,6700.0,6725.0,847400
2026-04-14 03:45:00,6700.0,6725.0,6700.0,6700.0,663400
2026-04-14 03:50:00,6725.0,6725.0,6700.0,6725.0,748700
2026-04-14 03:55:00,6700.0,6725.0,6675.0,6725.0,1770700
2026-04-14 04:00:00,6650.0,6700.0,6650.0,6700.0,1385600
2026-04-14 04:05:00,6675.0,6700.0,6650.0,6650.0,824900
2026-04-14 04:10:00,6675.0,6725.0,6675.0,6675.0,1328200
2026-04-14 04:15:00,6700.0,6700.0,6675.0,6700.0,319200
2026-04-14 04:20:00,6600.0,6700.0,6575.0,6675.0,6711200
2026-04-14 04:25:00,6625.0,6650.0,6575.0,6600.0,1052700
2026-04-14 04:30:00,6650.0,6650.0,6600.0,6625.0,804100
2026-04-14 04:35:00,6625.0,6650.0,6625.0,6650.0,219700
2026-04-14 04:40:00,6625.0,6650.0,6600.0,6650.0,1135600
2026-04-14 04:45:00,6600.0,6625.0,6600.0,6600.0,283700
2026-04-14 04:50:00,6650.0,6650.0,6600.0,6625.0,347300
2026-04-14 04:55:00,6650.0,6650.0,6625.0,6650.0,485900
2026-04-14 06:30:00,6500.0,6675.0,6500.0,6650.0,10181600
2026-04-14 06:35:00,6575.0,6575.0,6400.0,6500.0,10096300
2026-04-14 06:40:00,6575.0,6600.0,6525.0,6575.0,2036200
2026-04-14 06:45:00,6625.0,6650.0,6550.0,6575.0,1922600
2026-04-14 06:50:00,6550.0,6650.0,6550.0,6625.0,1526500
2026-04-14 06:55:00,6550.0,6575.0,6550.0,6550.0,406900
2026-04-14 07:00:00,6575.0,6600.0,6550.0,6575.0,1298000
2026-04-14 07:05:00,6575.0,6600.0,6575.0,6575.0,428200
2026-04-14 07:10:00,6650.0,6675.0,6575.0,6575.0,2417200
2026-04-14 07:15:00,6675.0,6725.0,6625.0,6650.0,3751000
2026-04-14 07:20:00,6700.0,6700.0,6650.0,6675.0,919500
2026-04-14 07:25:00,6700.0,6700.0,6675.0,6700.0,657800
2026-04-14 07:30:00,6575.0,6700.0,6575.0,6700.0,3129500
2026-04-14 07:35:00,6600.0,6625.0,6575.0,6600.0,641000
2026-04-14 07:40:00,6650.0,6650.0,6600.0,6625.0,508700
2026-04-14 07:45:00,6600.0,6650.0,6600.0,6650.0,1389500
2026-04-14 07:50:00,6625.0,6650.0,6600.0,6625.0,691800
2026-04-14 07:55:00,6625.0,6650.0,6625.0,6625.0,426600
2026-04-14 08:00:00,6600.0,6650.0,6575.0,6625.0,1666100
2026-04-14 08:05:00,6625.0,6625.0,6600.0,6600.0,250900
2026-04-14 08:10:00,6575.0,6625.0,6575.0,6625.0,1992300
2026-04-14 08:15:00,6575.0,6625.0,6575.0,6575.0,2262800
2026-04-14 08:20:00,6575.0,6600.0,6550.0,6575.0,994800
2026-04-14 08:25:00,6575.0,6600.0,6550.0,6600.0,1379100
2026-04-14 08:30:00,6650.0,6650.0,6550.0,6575.0,2636900
2026-04-14 08:35:00,6625.0,6650.0,6600.0,6625.0,1108400
2026-04-14 08:40:00,6625.0,6650.0,6575.0,6600.0,2746300
2026-04-14 08:45:00,6650.0,6675.0,6600.0,6625.0,3954600
2026-04-14 09:00:00,6650.0,6650.0,6650.0,6650.0,2372100
2026-04-14 09:05:00,6650.0,6650.0,6650.0,6650.0,177600
2026-04-14 09:10:00,6650.0,6650.0,6650.0,6650.0,37800
2026-04-15 02:00:00,6750.0,6875.0,6750.0,6825.0,0
2026-04-15 02:05:00,6825.0,6850.0,6725.0,6750.0,5832600
2026-04-15 02:10:00,6750.0,6825.0,6750.0,6825.0,4584000
2026-04-15 02:15:00,6550.0,6775.0,6500.0,6750.0,14948600
2026-04-15 02:20:00,6700.0,6725.0,6525.0,6550.0,7374200
2026-04-15 02:25:00,6625.0,6750.0,6575.0,6725.0,3860900
2026-04-15 02:30:00,6525.0,6650.0,6500.0,6650.0,5260800
2026-04-15 02:35:00,6575.0,6600.0,6425.0,6525.0,10686600
2026-04-15 02:40:00,6600.0,6650.0,6575.0,6600.0,2579900
2026-04-15 02:45:00,6525.0,6600.0,6525.0,6600.0,1320600
2026-04-15 02:50:00,6550.0,6550.0,6500.0,6550.0,2478500
2026-04-15 02:55:00,6500.0,6575.0,6500.0,6525.0,1248200
2026-04-15 03:00:00,6525.0,6525.0,6500.0,6500.0,1107800
2026-04-15 03:05:00,6425.0,6550.0,6425.0,6525.0,6281500
2026-04-15 03:10:00,6450.0,6500.0,6425.0,6450.0,3462600
2026-04-15 03:15:00,6500.0,6500.0,6450.0,6475.0,963700
2026-04-15 03:20:00,6550.0,6550.0,6475.0,6500.0,1201800
2026-04-15 03:25:00,6550.0,6600.0,6525.0,6550.0,3442700
2026-04-15 03:30:00,6550.0,6600.0,6525.0,6550.0,2065900
2026-04-15 03:35:00,6550.0,6550.0,6525.0,6550.0,195500
2026-04-15 03:40:00,6525.0,6550.0,6475.0,6550.0,974300
2026-04-15 03:45:00,6500.0,6525.0,6475.0,6500.0,1107700
2026-04-15 03:50:00,6550.0,6550.0,6475.0,6500.0,582900
2026-04-15 03:55:00,6550.0,6550.0,6525.0,6525.0,350200
2026-04-15 04:00:00,6575.0,6575.0,6525.0,6525.0,421600
2026-04-15 04:05:00,6575.0,6575.0,6550.0,6575.0,436700
2026-04-15 04:10:00,6675.0,6700.0,6550.0,6575.0,7464600
2026-04-15 04:15:00,6725.0,6725.0,6650.0,6675.0,2172600
2026-04-15 04:20:00,6725.0,6725.0,6675.0,6725.0,2015900
2026-04-15 04:25:00,6675.0,6725.0,6650.0,6725.0,1670300
2026-04-15 04:30:00,6625.0,6675.0,6600.0,6675.0,2240900
2026-04-15 04:35:00,6625.0,6625.0,6600.0,6625.0,289700
2026-04-15 04:40:00,6625.0,6650.0,6600.0,6600.0,533900
2026-04-15 04:45:00,6650.0,6650.0,6625.0,6650.0,315100
2026-04-15 04:50:00,6625.0,6650.0,6625.0,6650.0,174400
2026-04-15 04:55:00,6625.0,6650.0,6600.0,6650.0,603500
2026-04-15 06:30:00,6575.0,6675.0,6575.0,6625.0,1069500
2026-04-15 06:35:00,6550.0,6600.0,6500.0,6575.0,4454100
2026-04-15 06:40:00,6525.0,6550.0,6500.0,6525.0,410800
2026-04-15 06:45:00,6550.0,6575.0,6525.0,6550.0,689600
2026-04-15 06:50:00,6525.0,6550.0,6500.0,6550.0,702800
2026-04-15 06:55:00,6525.0,6550.0,6500.0,6525.0,2691700
2026-04-15 07:00:00,6550.0,6550.0,6500.0,6525.0,484300
2026-04-15 07:05:00,6475.0,6550.0,6450.0,6525.0,3805900
2026-04-15 07:10:00,6500.0,6500.0,6475.0,6475.0,402400
2026-04-15 07:15:00,6475.0,6500.0,6475.0,6500.0,247600
2026-04-15 07:20:00,6500.0,6500.0,6475.0,6475.0,218000
2026-04-15 07:25:00,6475.0,6500.0,6475.0,6475.0,630400
2026-04-15 07:30:00,6500.0,6500.0,6475.0,6500.0,916500
2026-04-15 07:35:00,6450.0,6500.0,6425.0,6500.0,3420500
2026-04-15 07:40:00,6450.0,6450.0,6400.0,6450.0,2863700
2026-04-15 07:45:00,6425.0,6450.0,6425.0,6450.0,723500
2026-04-15 07:50:00,6450.0,6450.0,6425.0,6425.0,393300
2026-04-15 07:55:00,6450.0,6450.0,6425.0,6450.0,409700
2026-04-15 08:00:00,6450.0,6450.0,6425.0,6450.0,397700
2026-04-15 08:05:00,6425.0,6450.0,6400.0,6425.0,2778600
2026-04-15 08:10:00,6375.0,6425.0,6375.0,6425.0,3881200
2026-04-15 08:15:00,6375.0,6400.0,6350.0,6375.0,2967900
2026-04-15 08:20:00,6375.0,6375.0,6350.0,6375.0,1135800
2026-04-15 08:25:00,6350.0,6375.0,6350.0,6375.0,2060700
2026-04-15 08:30:00,6400.0,6450.0,6350.0,6350.0,3894700
2026-04-15 08:35:00,6400.0,6450.0,6375.0,6400.0,3916300
2026-04-15 08:40:00,6400.0,6400.0,6350.0,6400.0,2367800
2026-04-15 08:45:00,6375.0,6400.0,6350.0,6400.0,1917100
2026-04-15 09:00:00,6375.0,6375.0,6375.0,6375.0,2150200
2026-04-15 09:05:00,6375.0,6375.0,6375.0,6375.0,226100
2026-04-15 09:10:00,6375.0,6375.0,6375.0,6375.0,170200
2026-04-16 02:00:00,6500.0,6525.0,6375.0,6400.0,0
2026-04-16 02:05:00,6450.0,6575.0,6450.0,6500.0,6008500
2026-04-16 02:10:00,6450.0,6550.0,6450.0,6450.0,3014400
2026-04-16 02:15:00,6500.0,6525.0,6450.0,6450.0,1490900
2026-04-16 02:20:00,6450.0,6500.0,6450.0,6500.0,1063800
2026-04-16 02:25:00,6550.0,6550.0,6450.0,6475.0,2867400
2026-04-16 02:30:00,6500.0,6550.0,6475.0,6550.0,1278900
2026-04-16 02:35:00,6475.0,6525.0,6475.0,6500.0,679300
2026-04-16 02:40:00,6500.0,6525.0,6475.0,6475.0,560100
2026-04-16 02:45:00,6475.0,6525.0,6475.0,6500.0,694400
2026-04-16 02:50:00,6475.0,6500.0,6475.0,6500.0,633800
2026-04-16 02:55:00,6450.0,6475.0,6400.0,6475.0,2226700
2026-04-16 03:00:00,6425.0,6450.0,6400.0,6450.0,1435300
2026-04-16 03:05:00,6425.0,6450.0,6400.0,6425.0,540500
2026-04-16 03:10:00,6250.0,6425.0,6225.0,6400.0,5757100
2026-04-16 03:15:00,6300.0,6350.0,6250.0,6250.0,5302100
2026-04-16 03:20:00,6300.0,6350.0,6275.0,6325.0,2245600
2026-04-16 03:25:00,6250.0,6300.0,6225.0,6300.0,3634700
2026-04-16 03:30:00,6275.0,6300.0,6225.0,6225.0,2613800
2026-04-16 03:35:00,6250.0,6300.0,6250.0,6275.0,434700
2026-04-16 03:40:00,6175.0,6275.0,6175.0,6250.0,4785700
2026-04-16 03:45:00,6250.0,6275.0,6150.0,6200.0,6318200
2026-04-16 03:50:00,6275.0,6275.0,6250.0,6250.0,889100
2026-04-16 03:55:00,6225.0,6275.0,6225.0,6250.0,925000
2026-04-16 04:00:00,6225.0,6250.0,6175.0,6225.0,1683500
2026-04-16 04:05:00,6275.0,6275.0,6200.0,6225.0,1347700
2026-04-16 04:10:00,6300.0,6300.0,6225.0,6250.0,823400
2026-04-16 04:15:00,6300.0,6300.0,6275.0,6300.0,168200
2026-04-16 04:20:00,6250.0,6300.0,6250.0,6300.0,690500
2026-04-16 04:25:00,6250.0,6275.0,6225.0,6250.0,816300
2026-04-16 04:30:00,6225.0,6250.0,6200.0,6250.0,345300
2026-04-16 04:35:00,6225.0,6225.0,6200.0,6200.0,501200
2026-04-16 04:40:00,6250.0,6250.0,6200.0,6200.0,837600
2026-04-16 04:45:00,6175.0,6250.0,6175.0,6225.0,597900
2026-04-16 04:50:00,6200.0,6225.0,6175.0,6200.0,549100
2026-04-16 04:55:00,6200.0,6225.0,6200.0,6225.0,245200
2026-04-16 06:30:00,6225.0,6250.0,6175.0,6225.0,942300
2026-04-16 06:35:00,6200.0,6225.0,6150.0,6200.0,2137200
2026-04-16 06:40:00,6150.0,6200.0,6150.0,6200.0,537500
2026-04-16 06:45:00,6150.0,6175.0,6100.0,6175.0,4311300
2026-04-16 06:50:00,6225.0,6225.0,6125.0,6125.0,2255700
2026-04-16 06:55:00,6200.0,6225.0,6200.0,6225.0,718800
2026-04-16 07:00:00,6300.0,6300.0,6200.0,6200.0,1902300
2026-04-16 07:05:00,6250.0,6300.0,6250.0,6275.0,834000
2026-04-16 07:10:00,6350.0,6350.0,6250.0,6250.0,1854200
2026-04-16 07:15:00,6300.0,6350.0,6275.0,6325.0,1884800
2026-04-16 07:20:00,6300.0,6300.0,6275.0,6300.0,470000
2026-04-16 07:25:00,6275.0,6300.0,6275.0,6300.0,247800
2026-04-16 07:30:00,6250.0,6300.0,6225.0,6275.0,1561200
2026-04-16 07:35:00,6250.0,6275.0,6225.0,6250.0,406400
2026-04-16 07:40:00,6250.0,6250.0,6225.0,6225.0,284600
2026-04-16 07:45:00,6200.0,6250.0,6200.0,6250.0,906000
2026-04-16 07:50:00,6250.0,6250.0,6200.0,6225.0,422600
2026-04-16 07:55:00,6250.0,6275.0,6225.0,6225.0,376300
2026-04-16 08:00:00,6250.0,6250.0,6225.0,6250.0,272700
2026-04-16 08:05:00,6250.0,6250.0,6225.0,6225.0,189000
2026-04-16 08:10:00,6200.0,6250.0,6200.0,6225.0,628600
2026-04-16 08:15:00,6225.0,6250.0,6200.0,6225.0,392800
2026-04-16 08:20:00,6250.0,6275.0,6200.0,6200.0,2306900
2026-04-16 08:25:00,6225.0,6250.0,6200.0,6200.0,391200
2026-04-16 08:30:00,6200.0,6250.0,6200.0,6225.0,464500
2026-04-16 08:35:00,6200.0,6225.0,6175.0,6225.0,774300
2026-04-16 08:40:00,6225.0,6250.0,6200.0,6200.0,2144600
2026-04-16 08:45:00,6250.0,6250.0,6200.0,6225.0,977200
2026-04-16 09:00:00,6250.0,6250.0,6250.0,6250.0,1820200
2026-04-16 09:05:00,6250.0,6250.0,6250.0,6250.0,678700
2026-04-16 09:10:00,6250.0,6250.0,6250.0,6250.0,11100
2026-04-17 02:00:00,6200.0,6350.0,6175.0,6300.0,0
2026-04-17 02:05:00,6225.0,6300.0,6175.0,6175.0,1744300
2026-04-17 02:10:00,6200.0,6250.0,6150.0,6225.0,2183000
2026-04-17 02:15:00,6250.0,6250.0,6200.0,6200.0,960400
2026-04-17 02:20:00,6300.0,6300.0,6250.0,6250.0,2137000
2026-04-17 02:25:00,6275.0,6300.0,6250.0,6275.0,1895200
2026-04-17 02:30:00,6275.0,6275.0,6250.0,6275.0,475000
2026-04-17 02:35:00,6325.0,6350.0,6250.0,6275.0,3594400
2026-04-17 02:40:00,6300.0,6350.0,6300.0,6350.0,1300400
2026-04-17 02:45:00,6300.0,6325.0,6275.0,6325.0,787800
2026-04-17 02:50:00,6300.0,6325.0,6275.0,6275.0,340900
2026-04-17 02:55:00,6250.0,6300.0,6250.0,6300.0,730500
2026-04-17 03:00:00,6325.0,6350.0,6250.0,6275.0,1978100
2026-04-17 03:05:00,6325.0,6350.0,6275.0,6325.0,845000
2026-04-17 03:10:00,6325.0,6350.0,6300.0,6325.0,1253500
2026-04-17 03:15:00,6275.0,6325.0,6275.0,6300.0,386800
2026-04-17 03:20:00,6275.0,6300.0,6275.0,6275.0,234500
2026-04-17 03:25:00,6275.0,6300.0,6275.0,6275.0,323500
2026-04-17 03:30:00,6275.0,6300.0,6275.0,6275.0,90100
2026-04-17 03:35:00,6275.0,6275.0,6250.0,6275.0,503000
2026-04-17 03:40:00,6275.0,6275.0,6250.0,6250.0,363900
2026-04-17 03:45:00,6250.0,6275.0,6225.0,6275.0,578000
2026-04-17 03:50:00,6225.0,6250.0,6225.0,6250.0,201100
2026-04-17 03:55:00,6250.0,6250.0,6225.0,6225.0,389300
2026-04-17 04:00:00,6225.0,6250.0,6225.0,6250.0,202000
2026-04-17 04:05:00,6275.0,6275.0,6225.0,6250.0,566700
2026-04-17 04:10:00,6250.0,6275.0,6250.0,6275.0,107300
2026-04-17 04:15:00,6250.0,6275.0,6250.0,6250.0,291100
2026-04-17 04:20:00,6250.0,6275.0,6250.0,6250.0,124200
2026-04-17 04:25:00,6250.0,6275.0,6250.0,6250.0,303200
2026-04-17 07:00:00,6250.0,6275.0,6225.0,6275.0,944600
2026-04-17 07:05:00,6225.0,6250.0,6225.0,6225.0,71300
2026-04-17 07:10:00,6225.0,6250.0,6200.0,6225.0,1356400
2026-04-17 07:15:00,6225.0,6225.0,6200.0,6200.0,298100
2026-04-17 07:20:00,6225.0,6225.0,6200.0,6225.0,323600
2026-04-17 07:25:00,6225.0,6225.0,6200.0,6200.0,105100
2026-04-17 07:30:00,6200.0,6225.0,6200.0,6200.0,275000
2026-04-17 07:35:00,6175.0,6225.0,6175.0,6225.0,1383600
2026-04-17 07:40:00,6175.0,6200.0,6175.0,6175.0,280100
2026-04-17 07:45:00,6175.0,6200.0,6175.0,6200.0,604800
2026-04-17 07:50:00,6150.0,6200.0,6150.0,6200.0,901100
2026-04-17 07:55:00,6200.0,6200.0,6150.0,6175.0,622700
2026-04-17 08:00:00,6175.0,6200.0,6175.0,6200.0,207300
2026-04-17 08:05:00,6175.0,6200.0,6175.0,6200.0,762900
2026-04-17 08:10:00,6150.0,6200.0,6150.0,6175.0,572500
2026-04-17 08:15:00,6150.0,6175.0,6125.0,6175.0,2252900
2026-04-17 08:20:00,6200.0,6200.0,6125.0,6150.0,1695000
2026-04-17 08:25:00,6200.0,6225.0,6175.0,6200.0,765400
2026-04-17 08:30:00,6175.0,6225.0,6175.0,6200.0,414300
2026-04-17 08:35:00,6200.0,6200.0,6175.0,6175.0,464900
2026-04-17 08:40:00,6200.0,6200.0,6150.0,6175.0,1307500
2026-04-17 08:45:00,6200.0,6200.0,6150.0,6175.0,792400
2026-04-17 09:00:00,6200.0,6200.0,6200.0,6200.0,1458200
2026-04-17 09:05:00,6200.0,6200.0,6200.0,6200.0,18500
2026-04-17 09:10:00,6200.0,6200.0,6200.0,6200.0,36100
2026-04-20 02:00:00,6225.0,6300.0,6175.0,6250.0,0
2026-04-20 02:05:00,6250.0,6250.0,6175.0,6225.0,1295100
2026-04-20 02:10:00,6225.0,6250.0,6225.0,6250.0,701600
2026-04-20 02:15:00,6225.0,6250.0,6225.0,6225.0,528500
2026-04-20 02:20:00,6225.0,6250.0,6225.0,6250.0,379300
2026-04-20 02:25:00,6225.0,6250.0,6225.0,6225.0,385800
2026-04-20 02:30:00,6225.0,6250.0,6200.0,6225.0,671800
2026-04-20 02:35:00,6250.0,6275.0,6225.0,6250.0,483700
2026-04-20 02:40:00,6275.0,6300.0,6250.0,6250.0,867000
2026-04-20 02:45:00,6325.0,6325.0,6275.0,6300.0,1506300
2026-04-20 02:50:00,6300.0,6350.0,6275.0,6325.0,2395300
2026-04-20 02:55:00,6300.0,6300.0,6275.0,6275.0,515100
2026-04-20 03:00:00,6275.0,6300.0,6250.0,6275.0,422900
2026-04-20 03:05:00,6275.0,6275.0,6250.0,6275.0,136800
2026-04-20 03:10:00,6275.0,6275.0,6250.0,6275.0,89600
2026-04-20 03:15:00,6250.0,6300.0,6250.0,6250.0,791900
2026-04-20 03:20:00,6200.0,6250.0,6200.0,6250.0,869200
2026-04-20 03:25:00,6225.0,6250.0,6200.0,6200.0,318400
2026-04-20 03:30:00,6225.0,6250.0,6200.0,6250.0,172300
2026-04-20 03:35:00,6225.0,6225.0,6200.0,6225.0,786000
2026-04-20 03:40:00,6200.0,6225.0,6200.0,6200.0,172400
2026-04-20 03:45:00,6200.0,6225.0,6175.0,6200.0,1591500
2026-04-20 03:50:00,6150.0,6200.0,6150.0,6200.0,1147200
2026-04-20 03:55:00,6200.0,6200.0,6150.0,6150.0,881100
2026-04-20 04:00:00,6175.0,6200.0,6150.0,6175.0,426500
2026-04-20 04:05:00,6175.0,6200.0,6175.0,6175.0,137800
2026-04-20 04:10:00,6175.0,6200.0,6175.0,6200.0,83500
2026-04-20 04:15:00,6200.0,6200.0,6175.0,6175.0,69900
2026-04-20 04:20:00,6175.0,6200.0,6150.0,6175.0,544500
2026-04-20 04:25:00,6175.0,6200.0,6150.0,6150.0,125000
2026-04-20 09:10:00,6075.0,6075.0,6075.0,6075.0,27779400
2026-04-21 02:00:00,6025.0,6050.0,5900.0,6025.0,0
2026-04-21 02:05:00,6200.0,6200.0,6000.0,6025.0,6559500
2026-04-21 02:10:00,6300.0,6300.0,6175.0,6200.0,7397900
2026-04-21 02:15:00,6300.0,6325.0,6200.0,6300.0,7058800
2026-04-21 02:20:00,6275.0,6325.0,6250.0,6300.0,4506700
2026-04-21 02:25:00,6400.0,6425.0,6275.0,6275.0,7924000
2026-04-21 02:30:00,6300.0,6400.0,6300.0,6400.0,2899400
2026-04-21 02:35:00,6350.0,6350.0,6300.0,6325.0,787400
2026-04-21 02:40:00,6325.0,6375.0,6300.0,6325.0,1714300
2026-04-21 02:45:00,6300.0,6350.0,6300.0,6325.0,1151100
2026-04-21 02:50:00,6250.0,6325.0,6225.0,6300.0,2566300
2026-04-21 02:55:00,6275.0,6275.0,6250.0,6275.0,1313100
2026-04-21 03:00:00,6250.0,6300.0,6225.0,6275.0,1456500
2026-04-21 03:05:00,6250.0,6275.0,6250.0,6250.0,324100
2026-04-21 03:10:00,6300.0,6325.0,6250.0,6275.0,757000
2026-04-21 03:15:00,6275.0,6325.0,6275.0,6300.0,550100
2026-04-21 03:20:00,6300.0,6300.0,6275.0,6275.0,526500
2026-04-21 03:25:00,6275.0,6300.0,6275.0,6275.0,213100
2026-04-21 03:30:00,6300.0,6325.0,6275.0,6275.0,827300
2026-04-21 03:35:00,6300.0,6300.0,6275.0,6275.0,267300
2026-04-21 03:40:00,6300.0,6300.0,6275.0,6275.0,146400
2026-04-21 03:45:00,6300.0,6325.0,6275.0,6300.0,650600
2026-04-21 03:50:00,6300.0,6325.0,6300.0,6325.0,349500
2026-04-21 03:55:00,6325.0,6325.0,6300.0,6300.0,247400
2026-04-21 04:00:00,6325.0,6350.0,6300.0,6300.0,871700
2026-04-21 04:05:00,6350.0,6350.0,6325.0,6325.0,267600
2026-04-21 04:10:00,6350.0,6350.0,6325.0,6325.0,343700
2026-04-21 04:15:00,6375.0,6400.0,6325.0,6350.0,2785800
2026-04-21 04:20:00,6425.0,6425.0,6375.0,6400.0,3818400
2026-04-21 04:25:00,6425.0,6475.0,6400.0,6400.0,4231500
2026-04-21 04:30:00,6450.0,6450.0,6400.0,6425.0,720200
2026-04-21 04:35:00,6475.0,6500.0,6425.0,6425.0,3265200
2026-04-21 04:40:00,6450.0,6500.0,6425.0,6475.0,1281100
2026-04-21 04:45:00,6450.0,6475.0,6425.0,6450.0,492000
2026-04-21 04:50:00,6425.0,6450.0,6425.0,6425.0,306900
2026-04-21 04:55:00,6425.0,6450.0,6425.0,6425.0,407100
2026-04-21 06:30:00,6425.0,6450.0,6400.0,6425.0,863300
2026-04-21 06:35:00,6400.0,6425.0,6400.0,6425.0,270500
2026-04-21 06:40:00,6375.0,6425.0,6375.0,6400.0,1564200
2026-04-21 06:45:00,6375.0,6400.0,6350.0,6375.0,851400
2026-04-21 06:50:00,6350.0,6400.0,6350.0,6375.0,265000
2026-04-21 06:55:00,6325.0,6375.0,6325.0,6375.0,899100
2026-04-21 07:00:00,6325.0,6350.0,6300.0,6325.0,1159500
2026-04-21 07:05:00,6325.0,6350.0,6325.0,6350.0,308100
2026-04-21 07:10:00,6325.0,6350.0,6325.0,6325.0,466500
2026-04-21 07:15:00,6350.0,6350.0,6300.0,6325.0,473000
2026-04-21 07:20:00,6300.0,6350.0,6300.0,6350.0,443200
2026-04-21 07:25:00,6300.0,6325.0,6300.0,6325.0,91400
2026-04-21 07:30:00,6300.0,6325.0,6300.0,6300.0,126100
2026-04-21 07:35:00,6275.0,6325.0,6275.0,6325.0,1175900
2026-04-21 07:40:00,6275.0,6300.0,6275.0,6275.0,457000
2026-04-21 07:45:00,6325.0,6325.0,6275.0,6300.0,857800
2026-04-21 07:50:00,6350.0,6350.0,6300.0,6300.0,710100
2026-04-21 07:55:00,6300.0,6350.0,6275.0,6325.0,1282700
2026-04-21 08:00:00,6275.0,6300.0,6275.0,6300.0,367900
2026-04-21 08:05:00,6275.0,6300.0,6275.0,6300.0,135500
2026-04-21 08:10:00,6275.0,6300.0,6275.0,6300.0,281200
2026-04-21 08:15:00,6275.0,6300.0,6275.0,6300.0,182000
2026-04-21 08:20:00,6275.0,6300.0,6275.0,6275.0,197700
2026-04-21 08:25:00,6275.0,6300.0,6275.0,6275.0,164000
2026-04-21 08:30:00,6275.0,6300.0,6275.0,6275.0,235700
2026-04-21 08:35:00,6275.0,6300.0,6275.0,6300.0,1139200
2026-04-21 08:40:00,6275.0,6300.0,6250.0,6275.0,1413300
2026-04-21 08:45:00,6300.0,6300.0,6250.0,6250.0,1045600
2026-04-21 09:00:00,6300.0,6300.0,6300.0,6300.0,4046100
2026-04-21 09:05:00,6300.0,6300.0,6300.0,6300.0,180100
2026-04-21 09:10:00,6300.0,6300.0,6300.0,6300.0,96000
2026-04-22 02:00:00,6400.0,6450.0,6350.0,6375.0,0
2026-04-22 02:05:00,6325.0,6400.0,6300.0,6375.0,2154300
2026-04-22 02:10:00,6400.0,6425.0,6325.0,6350.0,1208400
2026-04-22 02:15:00,6375.0,6400.0,6350.0,6400.0,1117700
2026-04-22 02:20:00,6500.0,6500.0,6350.0,6375.0,2776800
2026-04-22 02:25:00,6525.0,6525.0,6475.0,6475.0,5588900
2026-04-22 02:30:00,6500.0,6550.0,6475.0,6550.0,3537200
2026-04-22 02:35:00,6500.0,6525.0,6475.0,6500.0,1479900
2026-04-22 02:40:00,6475.0,6500.0,6450.0,6500.0,1538500
2026-04-22 02:45:00,6375.0,6500.0,6375.0,6475.0,2328000
2026-04-22 02:50:00,6450.0,6450.0,6375.0,6400.0,588300
2026-04-22 02:55:00,6400.0,6450.0,6400.0,6450.0,657200
2026-04-22 03:00:00,6400.0,6450.0,6400.0,6425.0,1098500
2026-04-22 03:05:00,6400.0,6425.0,6375.0,6425.0,805400
2026-04-22 03:10:00,6375.0,6425.0,6375.0,6400.0,1237800
2026-04-22 03:15:00,6375.0,6400.0,6325.0,6375.0,2563500
2026-04-22 03:20:00,6375.0,6375.0,6350.0,6375.0,431500
2026-04-22 03:25:00,6375.0,6375.0,6350.0,6375.0,314800
2026-04-22 03:30:00,6375.0,6400.0,6350.0,6375.0,575200
2026-04-22 03:35:00,6350.0,6375.0,6350.0,6375.0,559300
2026-04-22 03:40:00,6400.0,6400.0,6350.0,6375.0,307300
2026-04-22 03:45:00,6375.0,6400.0,6350.0,6400.0,496800
2026-04-22 03:50:00,6350.0,6375.0,6350.0,6375.0,162400
2026-04-22 03:55:00,6350.0,6375.0,6350.0,6375.0,686600
2026-04-22 04:00:00,6350.0,6375.0,6350.0,6375.0,64300
2026-04-22 04:05:00,6350.0,6375.0,6350.0,6350.0,470700
2026-04-22 04:10:00,6350.0,6375.0,6350.0,6375.0,101000
2026-04-22 04:15:00,6350.0,6375.0,6350.0,6350.0,285200
2026-04-22 04:20:00,6350.0,6375.0,6350.0,6350.0,373500
2026-04-22 04:25:00,6325.0,6375.0,6325.0,6350.0,655200
2026-04-22 04:30:00,6350.0,6350.0,6325.0,6325.0,235100
2026-04-22 04:35:00,6300.0,6350.0,6300.0,6325.0,861500
2026-04-22 04:40:00,6325.0,6325.0,6300.0,6300.0,716800
2026-04-22 04:45:00,6325.0,6350.0,6300.0,6325.0,763700
2026-04-22 04:50:00,6325.0,6350.0,6300.0,6325.0,474800
2026-04-22 04:55:00,6300.0,6325.0,6300.0,6325.0,323200
2026-04-22 06:30:00,6325.0,6325.0,6300.0,6300.0,991400
2026-04-22 06:35:00,6275.0,6325.0,6275.0,6300.0,1551000
2026-04-22 06:40:00,6275.0,6300.0,6250.0,6275.0,1230300
2026-04-22 06:45:00,6250.0,6275.0,6250.0,6250.0,564100
2026-04-22 06:50:00,6225.0,6275.0,6225.0,6250.0,1635600
2026-04-22 06:55:00,6225.0,6250.0,6225.0,6225.0,803500
2026-04-22 07:00:00,6225.0,6250.0,6200.0,6225.0,2040800
2026-04-22 07:05:00,6250.0,6275.0,6200.0,6225.0,1299800
2026-04-22 07:10:00,6200.0,6250.0,6150.0,6225.0,3294400
2026-04-22 07:15:00,6200.0,6200.0,6175.0,6200.0,301100
2026-04-22 07:20:00,6225.0,6225.0,6175.0,6175.0,282800
2026-04-22 07:25:00,6300.0,6300.0,6200.0,6200.0,1006300
2026-04-22 07:30:00,6250.0,6300.0,6250.0,6300.0,1102000
2026-04-22 07:35:00,6275.0,6275.0,6250.0,6275.0,78600
2026-04-22 07:40:00,6250.0,6275.0,6250.0,6275.0,132600
2026-04-22 07:45:00,6250.0,6275.0,6250.0,6275.0,296200
2026-04-22 07:50:00,6250.0,6275.0,6250.0,6250.0,145400
2026-04-22 07:55:00,6275.0,6275.0,6250.0,6275.0,231900
2026-04-22 08:00:00,6275.0,6275.0,6250.0,6250.0,200500
2026-04-22 08:05:00,6250.0,6275.0,6225.0,6250.0,441200
2026-04-22 08:10:00,6225.0,6250.0,6225.0,6225.0,172400
2026-04-22 08:15:00,6250.0,6275.0,6225.0,6250.0,253600
2026-04-22 08:20:00,6275.0,6275.0,6250.0,6250.0,118500
2026-04-22 08:25:00,6250.0,6275.0,6250.0,6275.0,290200
2026-04-22 08:30:00,6250.0,6275.0,6225.0,6275.0,674700
2026-04-22 08:35:00,6250.0,6275.0,6225.0,6225.0,289900
2026-04-22 08:40:00,6250.0,6275.0,6225.0,6250.0,879700
2026-04-22 08:45:00,6275.0,6275.0,6225.0,6250.0,854600
2026-04-22 09:00:00,6250.0,6250.0,6250.0,6250.0,1340600
2026-04-22 09:05:00,6250.0,6250.0,6250.0,6250.0,56000
2026-04-22 09:10:00,6250.0,6250.0,6250.0,6250.0,11300
2026-04-23 02:00:00,6275.0,6350.0,6250.0,6300.0,0
2026-04-23 02:05:00,6275.0,6275.0,6250.0,6250.0,876600
2026-04-23 02:10:00,6250.0,6275.0,6225.0,6275.0,981600
2026-04-23 02:15:00,6250.0,6250.0,6225.0,6225.0,602900
2026-04-23 02:20:00,6225.0,6250.0,6225.0,6225.0,608600
2026-04-23 02:25:00,6250.0,6250.0,6225.0,6225.0,539600
2026-04-23 02:30:00,6250.0,6250.0,6225.0,6225.0,245300
2026-04-23 02:35:00,6250.0,6250.0,6225.0,6225.0,250000
2026-04-23 02:40:00,6225.0,6250.0,6225.0,6225.0,306900
2026-04-23 02:45:00,6175.0,6225.0,6175.0,6225.0,1565600
2026-04-23 02:50:00,6125.0,6200.0,6125.0,6175.0,2361900
2026-04-23 02:55:00,6150.0,6175.0,6100.0,6125.0,3003600
2026-04-23 03:00:00,6175.0,6175.0,6150.0,6175.0,622600
2026-04-23 03:05:00,6100.0,6175.0,6075.0,6150.0,3268000
2026-04-23 03:10:00,6100.0,6125.0,6075.0,6100.0,805700
2026-04-23 03:15:00,6050.0,6125.0,6050.0,6100.0,849100
2026-04-23 03:20:00,6075.0,6075.0,6000.0,6050.0,5555800
2026-04-23 03:25:00,6075.0,6075.0,6050.0,6050.0,703700
2026-04-23 03:30:00,6050.0,6075.0,6050.0,6050.0,474200
2026-04-23 03:35:00,6075.0,6075.0,6050.0,6050.0,218200
2026-04-23 03:40:00,6025.0,6075.0,6025.0,6050.0,906000
2026-04-23 03:45:00,6000.0,6050.0,6000.0,6025.0,1047100
2026-04-23 03:50:00,6000.0,6025.0,6000.0,6000.0,511600
2026-04-23 03:55:00,6025.0,6025.0,6000.0,6000.0,1151200
2026-04-23 04:00:00,6000.0,6025.0,5975.0,6000.0,3359900
2026-04-23 04:05:00,6075.0,6075.0,5975.0,5975.0,1488300
2026-04-23 04:10:00,6100.0,6100.0,6050.0,6050.0,444100
2026-04-23 04:15:00,6100.0,6100.0,6050.0,6075.0,361500
2026-04-23 04:20:00,6100.0,6100.0,6075.0,6075.0,398000
2026-04-23 04:25:00,6100.0,6125.0,6075.0,6100.0,361900
2026-04-23 04:30:00,6075.0,6100.0,6050.0,6075.0,513800
2026-04-23 04:35:00,6075.0,6100.0,6050.0,6050.0,284200
2026-04-23 04:40:00,6075.0,6100.0,6050.0,6075.0,568000
2026-04-23 04:45:00,6050.0,6075.0,6050.0,6050.0,143000
2026-04-23 04:50:00,6075.0,6075.0,6050.0,6050.0,281500
2026-04-23 04:55:00,6050.0,6100.0,6050.0,6050.0,343800
2026-04-23 06:30:00,6075.0,6100.0,6050.0,6075.0,2784700
2026-04-23 06:35:00,6125.0,6150.0,6075.0,6075.0,1099500
2026-04-23 06:40:00,6150.0,6200.0,6100.0,6125.0,2135400
2026-04-23 06:45:00,6150.0,6175.0,6125.0,6150.0,858000
2026-04-23 06:50:00,6075.0,6175.0,6075.0,6125.0,804200
2026-04-23 06:55:00,6100.0,6125.0,6075.0,6075.0,573900
2026-04-23 07:00:00,6100.0,6150.0,6075.0,6100.0,623200
2026-04-23 07:05:00,6075.0,6100.0,6050.0,6075.0,588000
2026-04-23 07:10:00,6100.0,6100.0,6050.0,6050.0,181700
2026-04-23 07:15:00,6100.0,6100.0,6075.0,6075.0,342500
2026-04-23 07:20:00,6050.0,6100.0,6050.0,6075.0,418700
2026-04-23 07:25:00,6075.0,6100.0,6050.0,6050.0,810000
2026-04-23 07:30:00,6050.0,6075.0,6050.0,6050.0,110800
2026-04-23 07:35:00,6100.0,6100.0,6050.0,6050.0,320700
2026-04-23 07:40:00,6075.0,6100.0,6075.0,6075.0,125000
2026-04-23 07:45:00,6100.0,6100.0,6075.0,6075.0,38800
2026-04-23 07:50:00,6075.0,6100.0,6075.0,6075.0,233200
2026-04-23 07:55:00,6075.0,6100.0,6050.0,6075.0,529500
2026-04-23 08:00:00,6075.0,6075.0,6050.0,6050.0,89000
2026-04-23 08:05:00,6100.0,6100.0,6050.0,6050.0,481500
2026-04-23 08:10:00,6100.0,6100.0,6075.0,6075.0,954700
2026-04-23 08:15:00,6075.0,6100.0,6075.0,6075.0,648700
2026-04-23 08:20:00,6075.0,6100.0,6050.0,6075.0,537700
2026-04-23 08:25:00,6100.0,6100.0,6050.0,6075.0,1453600
2026-04-23 08:30:00,6125.0,6125.0,6075.0,6075.0,748200
2026-04-23 08:35:00,6100.0,6125.0,6075.0,6100.0,468400
2026-04-23 08:40:00,6100.0,6125.0,6075.0,6075.0,1303400
2026-04-23 08:45:00,6150.0,6150.0,6075.0,6075.0,966400
2026-04-23 09:00:00,6175.0,6175.0,6175.0,6175.0,2835100
2026-04-23 09:05:00,6175.0,6175.0,6175.0,6175.0,49100
2026-04-23 09:10:00,6175.0,6175.0,6175.0,6175.0,136300
2026-04-24 02:00:00,6150.0,6275.0,6125.0,6250.0,0
2026-04-24 02:05:00,6175.0,6200.0,6050.0,6125.0,2584000
2026-04-24 02:10:00,6225.0,6250.0,6175.0,6175.0,2921500
2026-04-24 02:15:00,6175.0,6250.0,6175.0,6225.0,1094200
2026-04-24 02:20:00,6150.0,6200.0,6125.0,6175.0,905600
2026-04-24 02:25:00,6100.0,6150.0,6100.0,6150.0,488600
2026-04-24 02:30:00,6075.0,6125.0,6075.0,6100.0,1304900
2026-04-24 02:35:00,6075.0,6100.0,6050.0,6075.0,554100
2026-04-24 02:40:00,6075.0,6100.0,6050.0,6075.0,1083800
2026-04-24 02:45:00,6025.0,6075.0,6000.0,6075.0,2859100
2026-04-24 02:50:00,6000.0,6075.0,6000.0,6025.0,2175400
2026-04-24 02:55:00,6025.0,6050.0,6000.0,6000.0,1141000
2026-04-24 03:00:00,6050.0,6075.0,6025.0,6025.0,959400
2026-04-24 03:05:00,6050.0,6100.0,6025.0,6050.0,686000
2026-04-24 03:10:00,6025.0,6075.0,6000.0,6075.0,841400
2026-04-24 03:15:00,6000.0,6050.0,6000.0,6000.0,1050700
2026-04-24 03:20:00,5950.0,6000.0,5925.0,6000.0,2982400
2026-04-24 03:25:00,5925.0,5950.0,5900.0,5925.0,2126800
2026-04-24 03:30:00,5875.0,5925.0,5850.0,5925.0,3003800
2026-04-24 03:35:00,5800.0,5925.0,5750.0,5875.0,6993700
2026-04-24 03:40:00,5775.0,5800.0,5625.0,5800.0,9283000
2026-04-24 03:45:00,5775.0,5800.0,5725.0,5800.0,2526200
2026-04-24 03:50:00,5800.0,5850.0,5775.0,5775.0,2625700
2026-04-24 03:55:00,5850.0,5850.0,5775.0,5775.0,2241300
2026-04-24 04:00:00,5850.0,5875.0,5800.0,5825.0,1897100
2026-04-24 04:05:00,5850.0,5875.0,5850.0,5850.0,501900
2026-04-24 04:10:00,5800.0,5875.0,5750.0,5850.0,3239100
2026-04-24 04:15:00,5725.0,5800.0,5700.0,5800.0,2671100
2026-04-24 04:20:00,5725.0,5750.0,5700.0,5725.0,973300
2026-04-24 04:25:00,5675.0,5700.0,5650.0,5700.0,3257600
2026-04-24 07:00:00,5725.0,5750.0,5650.0,5675.0,3198400
2026-04-24 07:05:00,5675.0,5725.0,5650.0,5725.0,1301000
2026-04-24 07:10:00,5650.0,5700.0,5650.0,5650.0,1763600
2026-04-24 07:15:00,5650.0,5675.0,5575.0,5650.0,4980000
2026-04-24 07:20:00,5600.0,5650.0,5575.0,5650.0,1484300
2026-04-24 07:25:00,5600.0,5650.0,5575.0,5600.0,1158300
2026-04-24 07:30:00,5725.0,5725.0,5600.0,5600.0,2114900
2026-04-24 07:35:00,5725.0,5750.0,5700.0,5700.0,1017200
2026-04-24 07:40:00,5725.0,5775.0,5700.0,5725.0,2041300
2026-04-24 07:45:00,5675.0,5750.0,5675.0,5725.0,1866200
2026-04-24 07:50:00,5675.0,5700.0,5650.0,5675.0,502400
2026-04-24 07:55:00,5675.0,5675.0,5625.0,5675.0,800100
2026-04-24 08:00:00,5650.0,5675.0,5650.0,5675.0,279100
2026-04-24 08:05:00,5575.0,5675.0,5575.0,5650.0,2558500
2026-04-24 08:10:00,5625.0,5650.0,5575.0,5600.0,1016000
2026-04-24 08:15:00,5625.0,5675.0,5600.0,5625.0,627400
2026-04-24 08:20:00,5625.0,5625.0,5600.0,5625.0,699600
2026-04-24 08:25:00,5575.0,5625.0,5575.0,5625.0,793300
2026-04-24 08:30:00,5625.0,5650.0,5575.0,5600.0,1418500
2026-04-24 08:35:00,5600.0,5625.0,5575.0,5625.0,1038200
2026-04-24 08:40:00,5650.0,5675.0,5575.0,5625.0,2028400
2026-04-24 08:45:00,5625.0,5675.0,5575.0,5650.0,1251700
2026-04-24 09:00:00,5600.0,5600.0,5600.0,5600.0,2063900
2026-04-24 09:05:00,5600.0,5600.0,5600.0,5600.0,106100
2026-04-24 09:10:00,5600.0,5600.0,5600.0,5600.0,110100
2026-04-27 02:00:00,5850.0,5850.0,5600.0,5625.0,0
2026-04-27 02:05:00,5775.0,5875.0,5700.0,5850.0,5129600
2026-04-27 02:10:00,5700.0,5775.0,5675.0,5775.0,3216100
2026-04-27 02:15:00,5725.0,5800.0,5700.0,5700.0,2674300
2026-04-27 02:20:00,5675.0,5725.0,5650.0,5725.0,1741300
2026-04-27 02:25:00,5600.0,5675.0,5575.0,5675.0,2774400
2026-04-27 02:30:00,5450.0,5625.0,5425.0,5625.0,6007200
2026-04-27 02:35:00,5375.0,5475.0,5275.0,5450.0,9738900
2026-04-27 02:40:00,5400.0,5450.0,5350.0,5400.0,2950000
2026-04-27 02:45:00,5425.0,5450.0,5375.0,5400.0,1887500
2026-04-27 02:50:00,5425.0,5500.0,5400.0,5425.0,2137300
2026-04-27 02:55:00,5400.0,5450.0,5375.0,5425.0,1446600
2026-04-27 03:00:00,5400.0,5425.0,5375.0,5400.0,2349600
2026-04-27 03:05:00,5500.0,5500.0,5400.0,5400.0,2351200
2026-04-27 03:10:00,5550.0,5550.0,5475.0,5500.0,2300900
2026-04-27 03:15:00,5450.0,5575.0,5450.0,5550.0,1733600
2026-04-27 03:20:00,5450.0,5500.0,5425.0,5475.0,773600
2026-04-27 03:25:00,5450.0,5475.0,5425.0,5450.0,992300
2026-04-27 03:30:00,5425.0,5475.0,5400.0,5475.0,1843600
2026-04-27 03:35:00,5400.0,5450.0,5375.0,5425.0,1747400
2026-04-27 03:40:00,5400.0,5425.0,5375.0,5400.0,2198100
2026-04-27 03:45:00,5425.0,5450.0,5375.0,5425.0,1744200
2026-04-27 03:50:00,5400.0,5425.0,5400.0,5425.0,1224300
2026-04-27 03:55:00,5425.0,5425.0,5400.0,5425.0,687000
2026-04-27 04:00:00,5400.0,5450.0,5400.0,5425.0,1534500
2026-04-27 04:05:00,5425.0,5475.0,5400.0,5425.0,1225400
2026-04-27 04:10:00,5475.0,5500.0,5425.0,5425.0,1407900
2026-04-27 04:15:00,5475.0,5500.0,5450.0,5450.0,1126600
2026-04-27 04:20:00,5500.0,5525.0,5475.0,5475.0,1861200
2026-04-27 04:25:00,5525.0,5525.0,5475.0,5500.0,1612700
2026-04-27 04:30:00,5475.0,5525.0,5475.0,5525.0,1230600
2026-04-27 04:35:00,5450.0,5500.0,5425.0,5500.0,1083200
2026-04-27 04:40:00,5450.0,5450.0,5425.0,5425.0,1101100
2026-04-27 04:45:00,5425.0,5450.0,5425.0,5450.0,536800
2026-04-27 04:50:00,5450.0,5450.0,5425.0,5450.0,553900
2026-04-27 04:55:00,5450.0,5450.0,5425.0,5450.0,1467000
2026-04-27 06:30:00,5425.0,5475.0,5425.0,5450.0,3097900
2026-04-27 06:35:00,5475.0,5475.0,5425.0,5425.0,3698900
2026-04-27 06:40:00,5500.0,5525.0,5475.0,5475.0,2358500
2026-04-27 06:45:00,5575.0,5600.0,5500.0,5500.0,5113300
2026-04-27 06:50:00,5550.0,5600.0,5525.0,5600.0,3134800
2026-04-27 06:55:00,5500.0,5550.0,5500.0,5525.0,924700
2026-04-27 07:00:00,5525.0,5525.0,5500.0,5500.0,1607900
2026-04-27 07:05:00,5500.0,5525.0,5475.0,5525.0,1599300
2026-04-27 07:10:00,5450.0,5500.0,5450.0,5500.0,1993000
2026-04-27 07:15:00,5450.0,5475.0,5425.0,5450.0,1261800
2026-04-27 07:20:00,5450.0,5475.0,5450.0,5475.0,1154900
2026-04-27 07:25:00,5450.0,5475.0,5450.0,5475.0,1113000
2026-04-27 07:30:00,5425.0,5475.0,5425.0,5450.0,1319900
2026-04-27 07:35:00,5425.0,5450.0,5425.0,5425.0,1086100
2026-04-27 07:40:00,5425.0,5475.0,5425.0,5450.0,1626700
2026-04-27 07:45:00,5425.0,5475.0,5425.0,5450.0,1250000
2026-04-27 07:50:00,5375.0,5475.0,5375.0,5450.0,3893800
2026-04-27 07:55:00,5350.0,5400.0,5350.0,5400.0,3622200
2026-04-27 08:00:00,5375.0,5375.0,5350.0,5350.0,1680400
2026-04-27 08:05:00,5375.0,5375.0,5350.0,5375.0,1180200
2026-04-27 08:10:00,5325.0,5375.0,5325.0,5350.0,1819700
2026-04-27 08:15:00,5325.0,5350.0,5325.0,5325.0,2125600
2026-04-27 08:20:00,5300.0,5375.0,5225.0,5350.0,8609500
2026-04-27 08:25:00,5325.0,5325.0,5275.0,5275.0,947600
2026-04-27 08:30:00,5300.0,5325.0,5275.0,5325.0,2236700
2026-04-27 08:35:00,5275.0,5300.0,5275.0,5300.0,1700800
2026-04-27 08:40:00,5325.0,5325.0,5275.0,5300.0,3244200
2026-04-27 08:45:00,5325.0,5350.0,5300.0,5325.0,2855600
2026-04-27 09:00:00,5300.0,5300.0,5300.0,5300.0,3892100
2026-04-27 09:05:00,5300.0,5300.0,5300.0,5300.0,283900
2026-04-27 09:10:00,5300.0,5300.0,5300.0,5300.0,39000
2026-04-28 02:00:00,5350.0,5425.0,5325.0,5400.0,0
2026-04-28 02:05:00,5225.0,5350.0,5225.0,5350.0,3370700
2026-04-28 02:10:00,5275.0,5300.0,5200.0,5225.0,2514200
2026-04-28 02:15:00,5225.0,5325.0,5200.0,5275.0,3380400
2026-04-28 02:20:00,5250.0,5300.0,5225.0,5225.0,744700
2026-04-28 02:25:00,5250.0,5275.0,5225.0,5250.0,1128100
2026-04-28 02:30:00,5350.0,5350.0,5250.0,5250.0,3556700
2026-04-28 02:35:00,5325.0,5350.0,5300.0,5350.0,2481600
2026-04-28 02:40:00,5425.0,5500.0,5325.0,5350.0,8803200
2026-04-28 02:45:00,5375.0,5425.0,5350.0,5425.0,3474500
2026-04-28 02:50:00,5350.0,5400.0,5350.0,5375.0,902800
2026-04-28 02:55:00,5400.0,5425.0,5350.0,5350.0,2244700
2026-04-28 03:00:00,5375.0,5425.0,5375.0,5400.0,1384800
2026-04-28 03:05:00,5400.0,5400.0,5375.0,5400.0,799900
2026-04-28 03:10:00,5350.0,5400.0,5325.0,5400.0,2187500
2026-04-28 03:15:00,5350.0,5350.0,5325.0,5350.0,1177600
2026-04-28 03:20:00,5425.0,5425.0,5325.0,5325.0,2622000
2026-04-28 03:25:00,5400.0,5425.0,5375.0,5400.0,1044000
2026-04-28 03:30:00,5450.0,5450.0,5375.0,5400.0,3817300
2026-04-28 03:35:00,5425.0,5450.0,5400.0,5450.0,736200
2026-04-28 03:40:00,5400.0,5425.0,5350.0,5425.0,1696900
2026-04-28 03:45:00,5400.0,5425.0,5400.0,5400.0,499000
2026-04-28 03:50:00,5525.0,5550.0,5400.0,5425.0,8113700
2026-04-28 03:55:00,5475.0,5550.0,5475.0,5525.0,3021100
2026-04-28 04:00:00,5525.0,5550.0,5450.0,5500.0,2369900
2026-04-28 04:05:00,5575.0,5600.0,5500.0,5525.0,3926600
2026-04-28 04:10:00,5550.0,5600.0,5550.0,5600.0,1989100
2026-04-28 04:15:00,5575.0,5600.0,5525.0,5550.0,1703300
2026-04-28 04:20:00,5550.0,5600.0,5550.0,5575.0,745600
2026-04-28 04:25:00,5625.0,5625.0,5550.0,5575.0,2569300
2026-04-28 04:30:00,5650.0,5700.0,5600.0,5600.0,4188800
2026-04-28 04:35:00,5675.0,5700.0,5625.0,5675.0,2107600
2026-04-28 04:40:00,5625.0,5675.0,5625.0,5675.0,1082300
2026-04-28 04:45:00,5650.0,5675.0,5625.0,5625.0,541500
2026-04-28 04:50:00,5650.0,5675.0,5650.0,5650.0,495600
2026-04-28 04:55:00,5675.0,5700.0,5625.0,5650.0,924500
2026-04-28 06:30:00,5575.0,5700.0,5550.0,5700.0,4158200
2026-04-28 06:35:00,5550.0,5625.0,5550.0,5575.0,1777400
2026-04-28 06:40:00,5550.0,5550.0,5500.0,5550.0,5856600
2026-04-28 06:45:00,5500.0,5550.0,5500.0,5525.0,634600
2026-04-28 06:50:00,5525.0,5525.0,5500.0,5500.0,473600
2026-04-28 06:55:00,5500.0,5525.0,5500.0,5500.0,688600
2026-04-28 07:00:00,5500.0,5525.0,5500.0,5500.0,225900
2026-04-28 07:05:00,5575.0,5575.0,5500.0,5525.0,1640600
2026-04-28 07:10:00,5600.0,5600.0,5550.0,5550.0,517100
2026-04-28 07:15:00,5575.0,5600.0,5550.0,5600.0,980400
2026-04-28 07:20:00,5550.0,5575.0,5525.0,5550.0,683300
2026-04-28 07:25:00,5525.0,5550.0,5525.0,5525.0,883300
2026-04-28 07:30:00,5525.0,5550.0,5500.0,5525.0,322800
2026-04-28 07:35:00,5500.0,5525.0,5500.0,5525.0,456500
2026-04-28 07:40:00,5525.0,5550.0,5500.0,5525.0,1227000
2026-04-28 07:45:00,5525.0,5550.0,5525.0,5550.0,13300
2026-04-28 07:50:00,5550.0,5550.0,5525.0,5550.0,171700
2026-04-28 07:55:00,5550.0,5550.0,5525.0,5525.0,1241500
2026-04-28 08:00:00,5550.0,5550.0,5525.0,5550.0,193100
2026-04-28 08:05:00,5525.0,5550.0,5525.0,5550.0,282500
2026-04-28 08:10:00,5525.0,5550.0,5500.0,5525.0,529000
2026-04-28 08:15:00,5525.0,5525.0,5500.0,5525.0,630900
2026-04-28 08:20:00,5500.0,5525.0,5500.0,5500.0,2950800
2026-04-28 08:25:00,5550.0,5550.0,5500.0,5525.0,813300
2026-04-28 08:30:00,5550.0,5550.0,5525.0,5550.0,403500
2026-04-28 08:35:00,5550.0,5550.0,5525.0,5550.0,812200
2026-04-28 08:40:00,5500.0,5550.0,5500.0,5550.0,3424800
2026-04-28 08:45:00,5600.0,5625.0,5500.0,5525.0,2448100
2026-04-28 09:00:00,5500.0,5500.0,5500.0,5500.0,6130800
2026-04-28 09:05:00,5500.0,5500.0,5500.0,5500.0,61100
2026-04-28 09:10:00,5500.0,5500.0,5500.0,5500.0,8800
2026-04-29 02:00:00,5475.0,5600.0,5400.0,5550.0,0
2026-04-29 02:05:00,5425.0,5475.0,5325.0,5450.0,6008800
2026-04-29 02:10:00,5425.0,5425.0,5375.0,5425.0,3018800
2026-04-29 02:15:00,5450.0,5475.0,5400.0,5400.0,1704300
2026-04-29 02:20:00,5525.0,5525.0,5450.0,5450.0,2503900
2026-04-29 02:25:00,5575.0,5600.0,5500.0,5525.0,3799700
2026-04-29 02:30:00,5600.0,5625.0,5525.0,5550.0,3504600
2026-04-29 02:35:00,5550.0,5625.0,5525.0,5600.0,2052700
2026-04-29 02:40:00,5525.0,5575.0,5500.0,5525.0,1629700
2026-04-29 02:45:00,5525.0,5525.0,5500.0,5525.0,910200
2026-04-29 02:50:00,5575.0,5575.0,5525.0,5525.0,1075400
2026-04-29 02:55:00,5575.0,5575.0,5550.0,5575.0,361400
2026-04-29 03:00:00,5550.0,5575.0,5550.0,5550.0,732400
2026-04-29 03:05:00,5550.0,5550.0,5525.0,5550.0,271500
2026-04-29 03:10:00,5525.0,5550.0,5525.0,5550.0,753200
2026-04-29 03:15:00,5550.0,5550.0,5525.0,5550.0,641200
2026-04-29 03:20:00,5550.0,5575.0,5525.0,5525.0,1178000
2026-04-29 03:25:00,5500.0,5550.0,5500.0,5525.0,766000
2026-04-29 03:30:00,5450.0,5525.0,5450.0,5525.0,1569300
2026-04-29 03:35:00,5450.0,5475.0,5450.0,5450.0,437200
2026-04-29 03:40:00,5475.0,5475.0,5450.0,5475.0,669300
2026-04-29 03:45:00,5400.0,5475.0,5375.0,5475.0,2868000
2026-04-29 03:50:00,5375.0,5425.0,5350.0,5425.0,2499200
2026-04-29 03:55:00,5375.0,5375.0,5350.0,5375.0,1056400
2026-04-29 04:00:00,5375.0,5375.0,5350.0,5375.0,1009900
2026-04-29 04:05:00,5375.0,5375.0,5350.0,5375.0,1883300
2026-04-29 04:10:00,5375.0,5375.0,5350.0,5375.0,148100
2026-04-29 04:15:00,5375.0,5375.0,5325.0,5350.0,2070600
2026-04-29 04:20:00,5375.0,5375.0,5350.0,5375.0,510300
2026-04-29 04:25:00,5375.0,5375.0,5350.0,5350.0,347900
2026-04-29 04:30:00,5350.0,5375.0,5350.0,5375.0,377600
2026-04-29 04:35:00,5350.0,5375.0,5350.0,5375.0,405500
2026-04-29 04:40:00,5375.0,5375.0,5350.0,5375.0,663400
2026-04-29 04:45:00,5350.0,5375.0,5325.0,5375.0,907300
2026-04-29 04:50:00,5350.0,5375.0,5325.0,5350.0,511600
2026-04-29 04:55:00,5375.0,5375.0,5350.0,5350.0,153100
2026-04-29 06:30:00,5350.0,5375.0,5325.0,5375.0,1935500
2026-04-29 06:35:00,5350.0,5350.0,5325.0,5350.0,608300
2026-04-29 06:40:00,5400.0,5400.0,5325.0,5325.0,1839400
2026-04-29 06:45:00,5400.0,5450.0,5375.0,5400.0,952000
2026-04-29 06:50:00,5400.0,5425.0,5375.0,5425.0,1215300
2026-04-29 06:55:00,5350.0,5400.0,5350.0,5400.0,1051600
2026-04-29 07:00:00,5375.0,5375.0,5350.0,5350.0,239700
2026-04-29 07:05:00,5375.0,5375.0,5350.0,5375.0,648700
2026-04-29 07:10:00,5400.0,5425.0,5375.0,5375.0,531600
2026-04-29 07:15:00,5425.0,5425.0,5375.0,5400.0,1113700
2026-04-29 07:20:00,5425.0,5425.0,5400.0,5400.0,1143900
2026-04-29 07:25:00,5425.0,5450.0,5425.0,5425.0,1099400
2026-04-29 07:30:00,5375.0,5425.0,5375.0,5425.0,1200600
2026-04-29 07:35:00,5400.0,5400.0,5375.0,5375.0,541500
2026-04-29 07:40:00,5375.0,5400.0,5375.0,5375.0,348800
2026-04-29 07:45:00,5400.0,5400.0,5375.0,5400.0,313100
2026-04-29 07:50:00,5400.0,5400.0,5375.0,5400.0,377400
2026-04-29 07:55:00,5375.0,5400.0,5350.0,5375.0,981600
2026-04-29 08:00:00,5375.0,5375.0,5350.0,5375.0,145800
2026-04-29 08:05:00,5375.0,5375.0,5350.0,5375.0,461900
2026-04-29 08:10:00,5375.0,5375.0,5350.0,5375.0,939600
2026-04-29 08:15:00,5375.0,5400.0,5350.0,5350.0,372600
2026-04-29 08:20:00,5375.0,5400.0,5375.0,5400.0,161700
2026-04-29 08:25:00,5375.0,5400.0,5375.0,5400.0,556600
2026-04-29 08:30:00,5400.0,5400.0,5375.0,5400.0,1063300
2026-04-29 08:35:00,5400.0,5425.0,5375.0,5375.0,1327100
2026-04-29 08:40:00,5400.0,5425.0,5375.0,5400.0,1717000
2026-04-29 08:45:00,5400.0,5425.0,5375.0,5400.0,868200
2026-04-29 09:00:00,5350.0,5350.0,5350.0,5350.0,2823600
2026-04-29 09:05:00,5350.0,5350.0,5350.0,5350.0,23000
2026-04-29 09:10:00,5350.0,5350.0,5350.0,5350.0,28900
2026-04-30 02:00:00,5325.0,5350.0,5250.0,5325.0,0
2026-04-30 02:05:00,5300.0,5325.0,5275.0,5325.0,771300
2026-04-30 02:10:00,5225.0,5300.0,5200.0,5300.0,3522600
2026-04-30 02:15:00,5300.0,5350.0,5175.0,5200.0,4730800
2026-04-30 02:20:00,5300.0,5300.0,5275.0,5300.0,850100
2026-04-30 02:25:00,5275.0,5300.0,5250.0,5300.0,560100
2026-04-30 02:30:00,5225.0,5275.0,5200.0,5275.0,1041800
2026-04-30 02:35:00,5225.0,5275.0,5200.0,5225.0,750700
2026-04-30 02:40:00,5200.0,5225.0,5150.0,5225.0,2642200
2026-04-30 02:45:00,5150.0,5225.0,5125.0,5200.0,1667800
2026-04-30 02:50:00,5175.0,5200.0,5150.0,5150.0,804300
2026-04-30 02:55:00,5200.0,5225.0,5175.0,5175.0,576700
2026-04-30 03:00:00,5175.0,5200.0,5175.0,5175.0,445600
2026-04-30 03:05:00,5150.0,5200.0,5150.0,5200.0,634800
2026-04-30 03:10:00,5175.0,5175.0,5150.0,5175.0,295500
2026-04-30 03:15:00,5175.0,5175.0,5150.0,5150.0,531300
2026-04-30 03:20:00,5200.0,5200.0,5175.0,5200.0,591500
2026-04-30 03:25:00,5175.0,5200.0,5150.0,5200.0,1523200
2026-04-30 03:30:00,5100.0,5175.0,5100.0,5175.0,3853300
2026-04-30 03:35:00,5100.0,5125.0,5100.0,5100.0,1245800
2026-04-30 03:40:00,5125.0,5125.0,5050.0,5125.0,3079200
2026-04-30 03:45:00,5075.0,5125.0,5075.0,5125.0,524700
2026-04-30 03:50:00,5100.0,5100.0,5050.0,5100.0,1150900
2026-04-30 03:55:00,5100.0,5100.0,5075.0,5075.0,924600
2026-04-30 04:00:00,5075.0,5100.0,5075.0,5075.0,617700
2026-04-30 04:05:00,5100.0,5100.0,5075.0,5075.0,251500
2026-04-30 04:10:00,5100.0,5100.0,5075.0,5100.0,228400
2026-04-30 04:15:00,5075.0,5100.0,5050.0,5075.0,1493900
2026-04-30 04:20:00,5100.0,5100.0,5050.0,5075.0,282000
2026-04-30 04:25:00,5075.0,5100.0,5075.0,5100.0,489200
2026-04-30 04:30:00,5075.0,5100.0,5050.0,5075.0,2481300
2026-04-30 04:35:00,5075.0,5075.0,5050.0,5050.0,269500
2026-04-30 04:40:00,5050.0,5075.0,5025.0,5075.0,759000
2026-04-30 04:45:00,5025.0,5050.0,5025.0,5025.0,594400
2026-04-30 04:50:00,5025.0,5050.0,5000.0,5025.0,2327300
2026-04-30 04:55:00,5050.0,5050.0,5000.0,5050.0,1494300
2026-04-30 06:30:00,4970.0,5050.0,4950.0,5050.0,8810900
2026-04-30 06:35:00,4930.0,4970.0,4890.0,4970.0,5769600
2026-04-30 06:40:00,4820.0,4940.0,4810.0,4940.0,5446200
2026-04-30 06:45:00,4910.0,4920.0,4810.0,4830.0,3563900
2026-04-30 06:50:00,4890.0,4930.0,4880.0,4920.0,1965400
2026-04-30 06:55:00,4970.0,4970.0,4870.0,4890.0,2851600
2026-04-30 07:00:00,4970.0,5025.0,4960.0,4970.0,2939500
2026-04-30 07:05:00,4950.0,4970.0,4940.0,4970.0,1317300
2026-04-30 07:10:00,4950.0,4960.0,4910.0,4940.0,1281800
2026-04-30 07:15:00,4960.0,4960.0,4930.0,4940.0,1109500
2026-04-30 07:20:00,4980.0,4980.0,4930.0,4950.0,784700
2026-04-30 07:25:00,4970.0,4980.0,4930.0,4980.0,1901500
2026-04-30 07:30:00,5000.0,5025.0,4970.0,4980.0,3525000
2026-04-30 07:35:00,5075.0,5100.0,5000.0,5000.0,2830100
2026-04-30 07:40:00,5100.0,5100.0,5050.0,5075.0,1347100
2026-04-30 07:45:00,5075.0,5150.0,5050.0,5100.0,3872700
2026-04-30 07:50:00,5100.0,5125.0,5050.0,5050.0,1519200
2026-04-30 07:55:00,5075.0,5100.0,5050.0,5100.0,1949900
2026-04-30 08:00:00,5050.0,5075.0,5025.0,5075.0,1243000
2026-04-30 08:05:00,5075.0,5075.0,5025.0,5050.0,220200
2026-04-30 08:10:00,5075.0,5100.0,5050.0,5050.0,863300
2026-04-30 08:15:00,5075.0,5075.0,5050.0,5050.0,512400
2026-04-30 08:20:00,5100.0,5125.0,5075.0,5075.0,1361100
2026-04-30 08:25:00,5075.0,5125.0,5075.0,5100.0,806400
2026-04-30 08:30:00,5075.0,5100.0,5050.0,5075.0,1217500
2026-04-30 08:35:00,5075.0,5100.0,5075.0,5100.0,969400
2026-04-30 08:40:00,5075.0,5100.0,5025.0,5075.0,2284200
2026-04-30 08:45:00,5100.0,5100.0,5050.0,5075.0,2149200
2026-04-30 09:00:00,5050.0,5050.0,5050.0,5050.0,2685800
2026-04-30 09:05:00,5050.0,5050.0,5050.0,5050.0,188400
2026-04-30 09:10:00,5050.0,5050.0,5050.0,5050.0,24000
