Datetime,Open,High,Low,Close,Volume
2026-02-03 09:00:00,520.0,520.0,515.0,515.0,0
2026-02-03 09:05:00,515.0,520.0,515.0,520.0,67200
2026-02-03 09:10:00,520.0,520.0,515.0,520.0,89900
2026-02-03 09:15:00,520.0,520.0,515.0,520.0,62800
2026-02-03 09:20:00,520.0,525.0,515.0,515.0,881400
2026-02-03 09:25:00,520.0,520.0,515.0,520.0,49300
2026-02-03 09:30:00,520.0,520.0,515.0,520.0,139700
2026-02-03 09:35:00,520.0,520.0,515.0,520.0,100800
2026-02-03 09:40:00,520.0,520.0,515.0,520.0,172800
2026-02-03 09:45:00,520.0,520.0,520.0,520.0,16200
2026-02-03 09:50:00,520.0,520.0,515.0,515.0,138200
2026-02-03 09:55:00,520.0,525.0,515.0,525.0,929900
2026-02-03 10:00:00,520.0,525.0,520.0,525.0,291100
2026-02-03 10:05:00,525.0,525.0,515.0,520.0,525100
2026-02-03 10:10:00,525.0,525.0,520.0,520.0,51000
2026-02-03 10:15:00,520.0,525.0,520.0,525.0,241400
2026-02-03 10:20:00,525.0,525.0,525.0,525.0,14200
2026-02-03 10:25:00,525.0,525.0,520.0,520.0,12900
2026-02-03 10:30:00,525.0,525.0,520.0,525.0,26600
2026-02-03 10:35:00,525.0,525.0,520.0,525.0,110500
2026-02-03 10:40:00,525.0,525.0,520.0,525.0,92000
2026-02-03 10:45:00,525.0,525.0,520.0,525.0,12100
2026-02-03 10:50:00,520.0,525.0,520.0,520.0,50000
2026-02-03 10:55:00,520.0,525.0,520.0,525.0,2500
2026-02-03 11:00:00,520.0,525.0,520.0,520.0,54100
2026-02-03 11:05:00,525.0,525.0,520.0,525.0,4800
2026-02-03 11:10:00,525.0,525.0,520.0,520.0,80200
2026-02-03 11:15:00,525.0,525.0,520.0,525.0,44400
2026-02-03 11:20:00,525.0,525.0,520.0,525.0,85300
2026-02-03 11:25:00,525.0,525.0,520.0,525.0,119900
2026-02-03 11:30:00,525.0,525.0,520.0,525.0,73300
2026-02-03 11:35:00,520.0,525.0,520.0,520.0,23000
2026-02-03 11:40:00,525.0,525.0,520.0,525.0,59700
2026-02-03 11:45:00,525.0,525.0,520.0,525.0,63300
2026-02-03 11:50:00,520.0,525.0,520.0,525.0,127200
2026-02-03 11:55:00,520.0,525.0,520.0,525.0,18900
2026-02-03 13:30:00,525.0,525.0,520.0,520.0,559200
2026-02-03 13:35:00,520.0,525.0,520.0,525.0,42300
2026-02-03 13:40:00,520.0,525.0,520.0,525.0,157100
2026-02-03 13:45:00,520.0,525.0,520.0,520.0,15200
2026-02-03 13:50:00,520.0,525.0,520.0,525.0,92100
2026-02-03 13:55:00,520.0,525.0,520.0,525.0,66700
2026-02-03 14:00:00,520.0,525.0,520.0,520.0,173800
2026-02-03 14:05:00,520.0,525.0,520.0,525.0,19400
2026-02-03 14:10:00,525.0,525.0,520.0,525.0,168800
2026-02-03 14:15:00,520.0,525.0,520.0,520.0,247700
2026-02-03 14:20:00,525.0,525.0,520.0,525.0,86100
2026-02-03 14:25:00,520.0,525.0,520.0,520.0,313000
2026-02-03 14:30:00,525.0,525.0,520.0,525.0,171800
2026-02-03 14:35:00,520.0,525.0,520.0,520.0,116800
2026-02-03 14:40:00,520.0,525.0,520.0,525.0,133000
2026-02-03 14:45:00,520.0,525.0,520.0,520.0,20400
2026-02-03 14:50:00,525.0,525.0,520.0,520.0,86200
2026-02-03 14:55:00,520.0,525.0,520.0,520.0,38800
2026-02-03 15:00:00,520.0,525.0,520.0,520.0,157500
2026-02-03 15:05:00,520.0,525.0,520.0,525.0,127600
2026-02-03 15:10:00,525.0,525.0,520.0,525.0,69800
2026-02-03 15:15:00,520.0,525.0,520.0,525.0,62800
2026-02-03 15:20:00,520.0,525.0,520.0,525.0,50900
2026-02-03 15:25:00,520.0,525.0,520.0,520.0,52400
2026-02-03 15:30:00,520.0,525.0,520.0,525.0,22100
2026-02-03 15:35:00,520.0,525.0,520.0,525.0,41200
2026-02-03 15:40:00,520.0,525.0,520.0,520.0,409200
2026-02-03 15:45:00,520.0,525.0,520.0,525.0,327400
2026-02-03 16:00:00,520.0,520.0,520.0,520.0,1863100
2026-02-03 16:05:00,520.0,520.0,520.0,520.0,100
2026-02-03 16:10:00,520.0,520.0,520.0,520.0,1300
2026-02-04 09:00:00,525.0,525.0,520.0,525.0,0
2026-02-04 09:05:00,525.0,525.0,520.0,525.0,91800
2026-02-04 09:10:00,525.0,535.0,525.0,530.0,2362600
2026-02-04 09:15:00,530.0,530.0,525.0,525.0,41400
2026-02-04 09:20:00,530.0,530.0,525.0,525.0,31700
2026-02-04 09:25:00,525.0,530.0,525.0,530.0,92700
2026-02-04 09:30:00,525.0,530.0,520.0,525.0,524800
2026-02-04 09:35:00,520.0,525.0,520.0,525.0,21900
2026-02-04 09:40:00,525.0,525.0,520.0,525.0,124200
2026-02-04 09:45:00,525.0,525.0,520.0,525.0,89400
2026-02-04 09:50:00,525.0,525.0,520.0,520.0,60700
2026-02-04 09:55:00,525.0,525.0,520.0,525.0,2500
2026-02-04 10:00:00,525.0,525.0,520.0,525.0,13700
2026-02-04 10:05:00,525.0,525.0,520.0,525.0,79300
2026-02-04 10:10:00,525.0,525.0,520.0,525.0,17100
2026-02-04 10:15:00,525.0,525.0,520.0,525.0,470000
2026-02-04 10:20:00,520.0,525.0,520.0,525.0,115000
2026-02-04 10:25:00,525.0,525.0,520.0,520.0,103700
2026-02-04 10:30:00,525.0,525.0,520.0,525.0,7000
2026-02-04 10:35:00,525.0,525.0,525.0,525.0,13400
2026-02-04 10:40:00,525.0,525.0,520.0,525.0,17700
2026-02-04 10:45:00,525.0,525.0,520.0,525.0,16000
2026-02-04 10:50:00,525.0,525.0,520.0,525.0,38700
2026-02-04 10:55:00,525.0,525.0,520.0,525.0,20300
2026-02-04 11:00:00,525.0,525.0,520.0,525.0,93300
2026-02-04 11:05:00,520.0,525.0,520.0,520.0,27800
2026-02-04 11:10:00,520.0,525.0,520.0,525.0,35800
2026-02-04 11:15:00,525.0,525.0,520.0,520.0,29000
2026-02-04 11:20:00,525.0,525.0,520.0,525.0,23300
2026-02-04 11:25:00,525.0,525.0,520.0,525.0,55600
2026-02-04 11:30:00,525.0,525.0,520.0,520.0,60000
2026-02-04 11:35:00,520.0,525.0,520.0,525.0,12500
2026-02-04 11:40:00,525.0,525.0,520.0,525.0,122900
2026-02-04 11:45:00,520.0,525.0,520.0,525.0,47400
2026-02-04 11:50:00,525.0,525.0,520.0,525.0,38400
2026-02-04 11:55:00,525.0,525.0,520.0,525.0,41700
2026-02-04 13:30:00,525.0,525.0,520.0,525.0,1220400
2026-02-04 13:35:00,525.0,525.0,520.0,525.0,49700
2026-02-04 13:40:00,525.0,530.0,520.0,525.0,180600
2026-02-04 13:45:00,525.0,525.0,520.0,520.0,12400
2026-02-04 13:50:00,525.0,525.0,520.0,525.0,45700
2026-02-04 13:55:00,525.0,525.0,520.0,520.0,63600
2026-02-04 14:00:00,525.0,525.0,520.0,525.0,34900
2026-02-04 14:05:00,525.0,525.0,520.0,525.0,90100
2026-02-04 14:10:00,525.0,525.0,520.0,525.0,22200
2026-02-04 14:15:00,520.0,525.0,520.0,525.0,51700
2026-02-04 14:20:00,525.0,525.0,520.0,525.0,15500
2026-02-04 14:25:00,525.0,525.0,525.0,525.0,8300
2026-02-04 14:30:00,525.0,525.0,520.0,525.0,45700
2026-02-04 14:35:00,525.0,525.0,520.0,525.0,48300
2026-02-04 14:40:00,525.0,525.0,520.0,525.0,76400
2026-02-04 14:45:00,525.0,525.0,520.0,520.0,25700
2026-02-04 14:50:00,520.0,525.0,520.0,520.0,37100
2026-02-04 14:55:00,525.0,525.0,520.0,525.0,19400
2026-02-04 15:00:00,520.0,525.0,520.0,520.0,20200
2026-02-04 15:05:00,525.0,525.0,520.0,525.0,19600
2026-02-04 15:10:00,525.0,525.0,520.0,525.0,1082400
2026-02-04 15:15:00,520.0,525.0,520.0,525.0,0
2026-02-04 15:20:00,525.0,525.0,525.0,525.0,94700
2026-02-04 15:25:00,525.0,525.0,520.0,525.0,59300
2026-02-04 15:30:00,525.0,525.0,520.0,520.0,3400
2026-02-04 15:35:00,520.0,525.0,520.0,525.0,13900
2026-02-04 15:40:00,525.0,525.0,520.0,525.0,22500
2026-02-04 15:45:00,520.0,525.0,520.0,525.0,72400
2026-02-04 16:00:00,525.0,525.0,525.0,525.0,818500
2026-02-04 16:05:00,525.0,525.0,525.0,525.0,62700
2026-02-04 16:10:00,525.0,525.0,525.0,525.0,24300
2026-02-05 09:00:00,525.0,530.0,525.0,525.0,0
2026-02-05 09:05:00,530.0,530.0,525.0,530.0,303800
2026-02-05 09:10:00,530.0,530.0,525.0,530.0,56200
2026-02-05 09:15:00,530.0,530.0,525.0,525.0,108900
2026-02-05 09:20:00,525.0,530.0,525.0,525.0,14700
2026-02-05 09:25:00,530.0,530.0,525.0,530.0,161000
2026-02-05 09:30:00,525.0,530.0,525.0,525.0,122000
2026-02-05 09:35:00,525.0,530.0,525.0,530.0,69800
2026-02-05 09:40:00,530.0,530.0,525.0,530.0,38300
2026-02-05 09:45:00,525.0,530.0,525.0,525.0,39500
2026-02-05 09:50:00,530.0,530.0,525.0,525.0,29600
2026-02-05 09:55:00,530.0,530.0,525.0,525.0,63300
2026-02-05 10:00:00,525.0,530.0,525.0,525.0,28900
2026-02-05 10:05:00,530.0,530.0,525.0,525.0,68600
2026-02-05 10:10:00,525.0,530.0,525.0,525.0,55700
2026-02-05 10:15:00,530.0,530.0,525.0,530.0,394200
2026-02-05 10:20:00,530.0,530.0,525.0,530.0,675900
2026-02-05 10:25:00,530.0,530.0,525.0,525.0,147300
2026-02-05 10:30:00,530.0,530.0,525.0,525.0,15700
2026-02-05 10:35:00,530.0,530.0,525.0,530.0,27100
2026-02-05 10:40:00,530.0,530.0,525.0,525.0,2857600
2026-02-05 10:45:00,525.0,530.0,525.0,530.0,56000
2026-02-05 10:50:00,530.0,530.0,525.0,525.0,35900
2026-02-05 10:55:00,525.0,530.0,525.0,530.0,24400
2026-02-05 11:00:00,525.0,530.0,525.0,530.0,23500
2026-02-05 11:05:00,525.0,530.0,525.0,525.0,83700
2026-02-05 11:10:00,525.0,530.0,525.0,525.0,27000
2026-02-05 11:15:00,530.0,530.0,525.0,525.0,30300
2026-02-05 11:20:00,525.0,530.0,525.0,530.0,93500
2026-02-05 11:25:00,530.0,530.0,525.0,525.0,59000
2026-02-05 11:30:00,530.0,530.0,525.0,530.0,13800
2026-02-05 11:35:00,525.0,530.0,525.0,525.0,11000
2026-02-05 11:40:00,525.0,530.0,525.0,530.0,28800
2026-02-05 11:45:00,530.0,530.0,525.0,525.0,32500
2026-02-05 11:50:00,530.0,530.0,525.0,530.0,79100
2026-02-05 11:55:00,530.0,530.0,525.0,525.0,123000
2026-02-05 13:30:00,525.0,530.0,525.0,525.0,162100
2026-02-05 13:35:00,525.0,530.0,525.0,530.0,126600
2026-02-05 13:40:00,530.0,530.0,525.0,530.0,21700
2026-02-05 13:45:00,525.0,530.0,525.0,525.0,55700
2026-02-05 13:50:00,530.0,530.0,525.0,525.0,39300
2026-02-05 13:55:00,525.0,530.0,525.0,525.0,34400
2026-02-05 14:00:00,530.0,530.0,525.0,525.0,37800
2026-02-05 14:05:00,525.0,530.0,525.0,530.0,97000
2026-02-05 14:10:00,530.0,530.0,525.0,525.0,54200
2026-02-05 14:15:00,525.0,525.0,525.0,525.0,30600
2026-02-05 14:20:00,525.0,530.0,525.0,530.0,21400
2026-02-05 14:25:00,530.0,530.0,525.0,530.0,35700
2026-02-05 14:30:00,530.0,530.0,525.0,530.0,88600
2026-02-05 14:35:00,530.0,530.0,525.0,530.0,2193200
2026-02-05 14:40:00,530.0,530.0,525.0,530.0,49200
2026-02-05 14:45:00,530.0,530.0,525.0,525.0,132700
2026-02-05 14:50:00,525.0,530.0,525.0,525.0,38600
2026-02-05 14:55:00,530.0,530.0,525.0,530.0,39100
2026-02-05 15:00:00,525.0,530.0,525.0,530.0,25500
2026-02-05 15:05:00,525.0,530.0,525.0,530.0,44300
2026-02-05 15:10:00,530.0,530.0,525.0,525.0,42700
2026-02-05 15:15:00,525.0,530.0,525.0,525.0,55100
2026-02-05 15:20:00,525.0,530.0,525.0,530.0,42200
2026-02-05 15:25:00,525.0,530.0,525.0,530.0,56900
2026-02-05 15:30:00,525.0,530.0,525.0,530.0,222200
2026-02-05 15:35:00,530.0,530.0,525.0,525.0,44600
2026-02-05 15:40:00,530.0,530.0,525.0,530.0,69900
2026-02-05 15:45:00,530.0,530.0,525.0,525.0,100400
2026-02-05 16:00:00,525.0,525.0,525.0,525.0,427700
2026-02-05 16:10:00,525.0,525.0,525.0,525.0,0
2026-02-06 09:00:00,520.0,525.0,520.0,520.0,0
2026-02-06 09:05:00,525.0,525.0,520.0,525.0,233300
2026-02-06 09:10:00,525.0,525.0,520.0,520.0,474400
2026-02-06 09:15:00,525.0,525.0,520.0,525.0,22100
2026-02-06 09:20:00,520.0,525.0,520.0,525.0,137200
2026-02-06 09:25:00,520.0,525.0,520.0,525.0,30900
2026-02-06 09:30:00,525.0,525.0,520.0,520.0,35300
2026-02-06 09:35:00,525.0,525.0,520.0,520.0,49200
2026-02-06 09:40:00,525.0,525.0,520.0,520.0,58800
2026-02-06 09:45:00,525.0,525.0,520.0,525.0,34100
2026-02-06 09:50:00,525.0,525.0,520.0,525.0,20800
2026-02-06 09:55:00,525.0,525.0,520.0,525.0,20700
2026-02-06 10:00:00,525.0,525.0,520.0,520.0,197600
2026-02-06 10:05:00,525.0,525.0,520.0,525.0,531500
2026-02-06 10:10:00,525.0,525.0,520.0,525.0,321000
2026-02-06 10:15:00,520.0,525.0,520.0,525.0,57600
2026-02-06 10:20:00,525.0,525.0,520.0,520.0,144700
2026-02-06 10:25:00,520.0,525.0,520.0,520.0,43100
2026-02-06 10:30:00,520.0,525.0,520.0,520.0,58900
2026-02-06 10:35:00,520.0,525.0,520.0,520.0,44400
2026-02-06 10:40:00,520.0,525.0,520.0,520.0,35700
2026-02-06 10:45:00,520.0,525.0,520.0,520.0,91700
2026-02-06 10:50:00,520.0,525.0,520.0,520.0,84500
2026-02-06 10:55:00,520.0,525.0,520.0,520.0,52100
2026-02-06 11:00:00,520.0,525.0,520.0,525.0,73900
2026-02-06 11:05:00,520.0,525.0,520.0,525.0,70200
2026-02-06 11:10:00,520.0,525.0,520.0,520.0,67200
2026-02-06 11:15:00,520.0,525.0,520.0,520.0,115300
2026-02-06 11:20:00,520.0,525.0,520.0,525.0,35600
2026-02-06 11:25:00,520.0,525.0,520.0,520.0,1326400
2026-02-06 14:00:00,520.0,525.0,520.0,520.0,1163100
2026-02-06 14:05:00,525.0,525.0,520.0,520.0,664300
2026-02-06 14:10:00,520.0,525.0,520.0,520.0,41600
2026-02-06 14:15:00,520.0,525.0,520.0,520.0,45700
2026-02-06 14:20:00,520.0,525.0,520.0,520.0,276100
2026-02-06 14:25:00,515.0,525.0,515.0,520.0,186600
2026-02-06 14:30:00,515.0,520.0,515.0,515.0,90700
2026-02-06 14:35:00,520.0,520.0,515.0,515.0,45500
2026-02-06 14:40:00,515.0,520.0,515.0,515.0,82800
2026-02-06 14:45:00,520.0,520.0,515.0,515.0,2400
2026-02-06 14:50:00,520.0,525.0,520.0,525.0,426400
2026-02-06 14:55:00,525.0,525.0,520.0,520.0,12300
2026-02-06 15:00:00,525.0,525.0,520.0,525.0,17100
2026-02-06 15:05:00,525.0,525.0,520.0,520.0,32900
2026-02-06 15:10:00,520.0,525.0,520.0,525.0,85400
2026-02-06 15:15:00,525.0,525.0,520.0,525.0,35100
2026-02-06 15:20:00,520.0,525.0,520.0,520.0,109300
2026-02-06 15:25:00,520.0,525.0,520.0,520.0,178500
2026-02-06 15:30:00,525.0,525.0,520.0,520.0,61000
2026-02-06 15:35:00,525.0,525.0,520.0,520.0,101500
2026-02-06 15:40:00,520.0,520.0,515.0,515.0,1013000
2026-02-06 15:45:00,515.0,525.0,515.0,520.0,252800
2026-02-06 16:00:00,525.0,525.0,525.0,525.0,701300
2026-02-06 16:05:00,525.0,525.0,525.0,525.0,73500
2026-02-06 16:10:00,525.0,525.0,525.0,525.0,100
2026-02-09 09:00:00,525.0,525.0,520.0,520.0,0
2026-02-09 09:05:00,525.0,525.0,520.0,525.0,69300
2026-02-09 09:10:00,525.0,525.0,520.0,520.0,64400
2026-02-09 09:15:00,520.0,525.0,520.0,520.0,36700
2026-02-09 09:20:00,520.0,525.0,520.0,520.0,106700
2026-02-09 09:25:00,525.0,525.0,520.0,525.0,20500
2026-02-09 09:30:00,525.0,525.0,520.0,525.0,51700
2026-02-09 09:35:00,520.0,525.0,520.0,520.0,70100
2026-02-09 09:40:00,520.0,525.0,520.0,525.0,14900
2026-02-09 09:45:00,525.0,525.0,520.0,525.0,24000
2026-02-09 09:50:00,520.0,525.0,520.0,520.0,51300
2026-02-09 09:55:00,520.0,525.0,520.0,520.0,65400
2026-02-09 10:00:00,525.0,525.0,520.0,525.0,155600
2026-02-09 10:05:00,525.0,525.0,520.0,525.0,207300
2026-02-09 10:10:00,525.0,525.0,520.0,520.0,77000
2026-02-09 10:15:00,525.0,525.0,520.0,520.0,41700
2026-02-09 10:20:00,525.0,525.0,525.0,525.0,245600
2026-02-09 10:25:00,525.0,525.0,520.0,525.0,19600
2026-02-09 10:30:00,525.0,525.0,520.0,525.0,23000
2026-02-09 10:35:00,525.0,525.0,525.0,525.0,5700
2026-02-09 10:40:00,525.0,525.0,520.0,525.0,24800
2026-02-09 10:45:00,525.0,525.0,520.0,525.0,7000
2026-02-09 10:50:00,525.0,525.0,520.0,525.0,106800
2026-02-09 10:55:00,520.0,525.0,520.0,525.0,78700
2026-02-09 11:00:00,525.0,525.0,520.0,525.0,41400
2026-02-09 11:05:00,525.0,525.0,520.0,525.0,4600
2026-02-09 11:10:00,525.0,525.0,520.0,520.0,4400
2026-02-09 11:15:00,520.0,525.0,520.0,525.0,25700
2026-02-09 11:20:00,525.0,525.0,520.0,525.0,72500
2026-02-09 11:25:00,525.0,525.0,520.0,525.0,16400
2026-02-09 11:30:00,525.0,525.0,520.0,525.0,213200
2026-02-09 11:35:00,525.0,530.0,520.0,530.0,1221200
2026-02-09 11:40:00,525.0,530.0,525.0,525.0,13400
2026-02-09 11:45:00,530.0,530.0,520.0,525.0,217700
2026-02-09 11:50:00,530.0,530.0,525.0,525.0,19700
2026-02-09 11:55:00,530.0,530.0,525.0,530.0,10600
2026-02-09 13:30:00,525.0,530.0,525.0,525.0,1347000
2026-02-09 13:35:00,530.0,530.0,525.0,530.0,14500
2026-02-09 13:40:00,530.0,530.0,525.0,530.0,18500
2026-02-09 13:45:00,525.0,530.0,525.0,525.0,36700
2026-02-09 13:50:00,530.0,530.0,525.0,525.0,17900
2026-02-09 13:55:00,530.0,530.0,525.0,530.0,28200
2026-02-09 14:00:00,525.0,530.0,525.0,530.0,18100
2026-02-09 14:05:00,530.0,530.0,525.0,530.0,180500
2026-02-09 14:10:00,525.0,530.0,525.0,525.0,111800
2026-02-09 14:15:00,530.0,530.0,525.0,530.0,15700
2026-02-09 14:20:00,530.0,530.0,525.0,530.0,126000
2026-02-09 14:25:00,530.0,530.0,525.0,530.0,14100
2026-02-09 14:30:00,530.0,530.0,525.0,525.0,28800
2026-02-09 14:35:00,530.0,530.0,525.0,525.0,17200
2026-02-09 14:40:00,525.0,530.0,525.0,525.0,50500
2026-02-09 14:45:00,530.0,530.0,525.0,525.0,17500
2026-02-09 14:50:00,525.0,530.0,525.0,525.0,285500
2026-02-09 14:55:00,530.0,530.0,525.0,525.0,32600
2026-02-09 15:00:00,530.0,530.0,525.0,525.0,13100
2026-02-09 15:05:00,525.0,530.0,525.0,525.0,68100
2026-02-09 15:10:00,525.0,530.0,525.0,525.0,53100
2026-02-09 15:15:00,530.0,530.0,525.0,530.0,97900
2026-02-09 15:20:00,530.0,530.0,525.0,530.0,46900
2026-02-09 15:25:00,530.0,530.0,525.0,525.0,17800
2026-02-09 15:30:00,530.0,530.0,525.0,525.0,65300
2026-02-09 15:35:00,530.0,530.0,525.0,530.0,36500
2026-02-09 15:40:00,530.0,530.0,525.0,530.0,263900
2026-02-09 15:45:00,530.0,530.0,525.0,525.0,177400
2026-02-09 16:00:00,525.0,525.0,525.0,525.0,122800
2026-02-09 16:05:00,525.0,525.0,525.0,525.0,2500
2026-02-09 16:10:00,525.0,525.0,525.0,525.0,20000
2026-02-10 09:00:00,525.0,530.0,525.0,525.0,0
2026-02-10 09:05:00,525.0,530.0,525.0,530.0,40600
2026-02-10 09:10:00,530.0,530.0,525.0,530.0,48300
2026-02-10 09:15:00,530.0,530.0,525.0,530.0,62200
2026-02-10 09:20:00,530.0,530.0,525.0,530.0,29700
2026-02-10 09:25:00,530.0,530.0,525.0,530.0,15200
2026-02-10 09:30:00,530.0,530.0,525.0,525.0,16800
2026-02-10 09:35:00,530.0,530.0,525.0,525.0,88900
2026-02-10 09:40:00,530.0,530.0,525.0,525.0,45500
2026-02-10 09:45:00,525.0,530.0,525.0,530.0,10300
2026-02-10 09:50:00,530.0,530.0,525.0,530.0,668900
2026-02-10 09:55:00,530.0,535.0,525.0,530.0,1776800
2026-02-10 10:00:00,535.0,535.0,530.0,530.0,180100
2026-02-10 10:05:00,535.0,535.0,530.0,530.0,125000
2026-02-10 10:10:00,530.0,535.0,530.0,530.0,26200
2026-02-10 10:15:00,530.0,535.0,525.0,530.0,220800
2026-02-10 10:20:00,530.0,530.0,525.0,525.0,150700
2026-02-10 10:25:00,530.0,530.0,525.0,530.0,15300
2026-02-10 10:30:00,530.0,530.0,525.0,525.0,76000
2026-02-10 10:35:00,530.0,530.0,525.0,530.0,9800
2026-02-10 10:40:00,530.0,530.0,530.0,530.0,81700
2026-02-10 10:45:00,525.0,530.0,525.0,530.0,128300
2026-02-10 10:50:00,530.0,535.0,530.0,530.0,498900
2026-02-10 10:55:00,535.0,535.0,530.0,530.0,26000
2026-02-10 11:00:00,530.0,535.0,530.0,535.0,13000
2026-02-10 11:05:00,535.0,535.0,530.0,530.0,140800
2026-02-10 11:10:00,535.0,535.0,530.0,535.0,15600
2026-02-10 11:15:00,535.0,535.0,530.0,530.0,30700
2026-02-10 11:20:00,535.0,535.0,530.0,535.0,9400
2026-02-10 11:25:00,530.0,535.0,530.0,530.0,52100
2026-02-10 11:30:00,530.0,535.0,530.0,535.0,5200
2026-02-10 11:35:00,530.0,535.0,530.0,535.0,20700
2026-02-10 11:40:00,530.0,535.0,530.0,535.0,10800
2026-02-10 11:45:00,535.0,535.0,530.0,535.0,645600
2026-02-10 11:50:00,535.0,535.0,530.0,535.0,136700
2026-02-10 11:55:00,530.0,535.0,530.0,530.0,150700
2026-02-10 13:30:00,530.0,535.0,530.0,530.0,311100
2026-02-10 13:35:00,535.0,535.0,530.0,530.0,92900
2026-02-10 13:40:00,530.0,535.0,530.0,535.0,172600
2026-02-10 13:45:00,530.0,535.0,530.0,535.0,2100
2026-02-10 13:50:00,530.0,535.0,530.0,530.0,44900
2026-02-10 13:55:00,530.0,535.0,530.0,535.0,8700
2026-02-10 14:00:00,530.0,535.0,530.0,535.0,77700
2026-02-10 14:05:00,535.0,535.0,530.0,530.0,16600
2026-02-10 14:10:00,535.0,535.0,530.0,530.0,164300
2026-02-10 14:15:00,530.0,535.0,530.0,530.0,110900
2026-02-10 14:20:00,535.0,535.0,530.0,535.0,69500
2026-02-10 14:25:00,530.0,535.0,530.0,530.0,10300
2026-02-10 14:30:00,535.0,535.0,530.0,530.0,20500
2026-02-10 14:35:00,530.0,535.0,530.0,530.0,37500
2026-02-10 14:40:00,530.0,535.0,530.0,530.0,756500
2026-02-10 14:45:00,535.0,535.0,530.0,535.0,22500
2026-02-10 14:50:00,535.0,535.0,530.0,535.0,24500
2026-02-10 14:55:00,535.0,535.0,530.0,535.0,36700
2026-02-10 15:00:00,535.0,535.0,530.0,530.0,8500
2026-02-10 15:05:00,530.0,535.0,530.0,530.0,55000
2026-02-10 15:10:00,530.0,535.0,530.0,535.0,8700
2026-02-10 15:15:00,535.0,535.0,530.0,530.0,95300
2026-02-10 15:20:00,530.0,535.0,530.0,530.0,68800
2026-02-10 15:25:00,530.0,535.0,530.0,530.0,6300
2026-02-10 15:30:00,535.0,535.0,530.0,530.0,60600
2026-02-10 15:35:00,530.0,535.0,530.0,530.0,243100
2026-02-10 15:40:00,530.0,535.0,530.0,535.0,128300
2026-02-10 15:45:00,535.0,535.0,530.0,535.0,269300
2026-02-10 16:00:00,535.0,535.0,535.0,535.0,396300
2026-02-10 16:10:00,535.0,535.0,535.0,535.0,900
2026-02-11 09:00:00,530.0,535.0,530.0,535.0,0
2026-02-11 09:05:00,535.0,535.0,530.0,535.0,58300
2026-02-11 09:10:00,535.0,535.0,530.0,530.0,35000
2026-02-11 09:15:00,535.0,535.0,530.0,530.0,111400
2026-02-11 09:20:00,535.0,535.0,530.0,535.0,29800
2026-02-11 09:25:00,535.0,535.0,525.0,525.0,704800
2026-02-11 09:30:00,530.0,530.0,525.0,525.0,88700
2026-02-11 09:35:00,530.0,530.0,525.0,525.0,86400
2026-02-11 09:40:00,530.0,530.0,525.0,530.0,25500
2026-02-11 09:45:00,530.0,530.0,525.0,530.0,20900
2026-02-11 09:50:00,530.0,530.0,525.0,525.0,37900
2026-02-11 09:55:00,525.0,530.0,525.0,530.0,56100
2026-02-11 10:00:00,530.0,530.0,525.0,530.0,42700
2026-02-11 10:05:00,530.0,530.0,525.0,530.0,62500
2026-02-11 10:10:00,530.0,530.0,525.0,530.0,40300
2026-02-11 10:15:00,530.0,530.0,525.0,530.0,110700
2026-02-11 10:20:00,525.0,530.0,525.0,530.0,46500
2026-02-11 10:25:00,530.0,530.0,525.0,525.0,69200
2026-02-11 10:30:00,530.0,535.0,525.0,530.0,175700
2026-02-11 10:35:00,530.0,530.0,525.0,530.0,22300
2026-02-11 10:40:00,530.0,530.0,525.0,525.0,81800
2026-02-11 10:45:00,530.0,530.0,530.0,530.0,6400
2026-02-11 10:50:00,530.0,530.0,525.0,530.0,16900
2026-02-11 10:55:00,530.0,530.0,525.0,530.0,82200
2026-02-11 11:00:00,530.0,530.0,525.0,525.0,6800
2026-02-11 11:05:00,530.0,530.0,525.0,530.0,42900
2026-02-11 11:10:00,525.0,530.0,525.0,530.0,181800
2026-02-11 11:15:00,530.0,530.0,525.0,530.0,33500
2026-02-11 11:20:00,530.0,530.0,530.0,530.0,43600
2026-02-11 11:25:00,530.0,530.0,525.0,530.0,40700
2026-02-11 11:30:00,530.0,530.0,525.0,530.0,15100
2026-02-11 11:35:00,530.0,530.0,525.0,530.0,66700
2026-02-11 11:40:00,530.0,530.0,525.0,530.0,7900
2026-02-11 11:45:00,530.0,530.0,525.0,530.0,249500
2026-02-11 11:50:00,525.0,535.0,525.0,535.0,404600
2026-02-11 11:55:00,530.0,535.0,530.0,535.0,54400
2026-02-11 13:30:00,530.0,535.0,530.0,535.0,208200
2026-02-11 13:35:00,530.0,535.0,530.0,530.0,31000
2026-02-11 13:40:00,530.0,535.0,525.0,525.0,138900
2026-02-11 13:45:00,530.0,530.0,525.0,530.0,58500
2026-02-11 13:50:00,530.0,530.0,525.0,530.0,12400
2026-02-11 13:55:00,530.0,530.0,525.0,530.0,76900
2026-02-11 14:00:00,530.0,530.0,525.0,530.0,42000
2026-02-11 14:05:00,525.0,530.0,525.0,525.0,69800
2026-02-11 14:10:00,530.0,530.0,525.0,530.0,106000
2026-02-11 14:15:00,530.0,530.0,525.0,530.0,26200
2026-02-11 14:20:00,530.0,530.0,530.0,530.0,10700
2026-02-11 14:25:00,530.0,530.0,525.0,530.0,87600
2026-02-11 14:30:00,530.0,530.0,525.0,530.0,118800
2026-02-11 14:35:00,525.0,530.0,525.0,525.0,90700
2026-02-11 14:40:00,525.0,530.0,525.0,525.0,46700
2026-02-11 14:45:00,530.0,530.0,525.0,530.0,74500
2026-02-11 14:50:00,525.0,530.0,525.0,530.0,7100
2026-02-11 14:55:00,530.0,535.0,525.0,525.0,324400
2026-02-11 15:00:00,530.0,530.0,525.0,530.0,11500
2026-02-11 15:05:00,525.0,530.0,525.0,530.0,5800
2026-02-11 15:10:00,530.0,530.0,525.0,525.0,13200
2026-02-11 15:15:00,525.0,530.0,525.0,530.0,12000
2026-02-11 15:20:00,525.0,530.0,525.0,530.0,231600
2026-02-11 15:25:00,530.0,530.0,525.0,525.0,29600
2026-02-11 15:30:00,530.0,530.0,525.0,530.0,40300
2026-02-11 15:35:00,525.0,530.0,525.0,530.0,89900
2026-02-11 15:40:00,530.0,530.0,525.0,530.0,179500
2026-02-11 15:45:00,530.0,530.0,525.0,525.0,92900
2026-02-11 16:00:00,525.0,525.0,525.0,525.0,264400
2026-02-11 16:05:00,525.0,525.0,525.0,525.0,100
2026-02-11 16:10:00,525.0,525.0,525.0,525.0,700
2026-02-12 09:00:00,530.0,530.0,525.0,530.0,0
2026-02-12 09:05:00,530.0,530.0,525.0,525.0,9500
2026-02-12 09:10:00,530.0,530.0,525.0,530.0,541800
2026-02-12 09:15:00,525.0,530.0,525.0,530.0,148500
2026-02-12 09:20:00,530.0,530.0,525.0,530.0,152700
2026-02-12 09:25:00,530.0,530.0,525.0,530.0,24100
2026-02-12 09:30:00,530.0,530.0,525.0,530.0,72000
2026-02-12 09:35:00,530.0,530.0,525.0,525.0,70500
2026-02-12 09:40:00,530.0,530.0,525.0,525.0,20400
2026-02-12 09:45:00,525.0,530.0,525.0,525.0,118200
2026-02-12 09:50:00,525.0,530.0,525.0,530.0,32300
2026-02-12 09:55:00,530.0,530.0,525.0,530.0,56600
2026-02-12 10:00:00,530.0,530.0,525.0,530.0,40500
2026-02-12 10:05:00,530.0,530.0,525.0,525.0,18700
2026-02-12 10:10:00,530.0,530.0,525.0,525.0,1200
2026-02-12 10:15:00,525.0,530.0,525.0,530.0,60300
2026-02-12 10:20:00,530.0,530.0,525.0,530.0,28500
2026-02-12 10:25:00,530.0,530.0,525.0,525.0,0
2026-02-12 10:30:00,530.0,530.0,525.0,530.0,2900
2026-02-12 10:35:00,525.0,530.0,525.0,530.0,14900
2026-02-12 10:40:00,530.0,530.0,525.0,530.0,275100
2026-02-12 10:45:00,530.0,530.0,525.0,530.0,18500
2026-02-12 10:50:00,530.0,530.0,525.0,530.0,4300
2026-02-12 10:55:00,530.0,530.0,525.0,530.0,6100
2026-02-12 11:00:00,525.0,530.0,525.0,530.0,36200
2026-02-12 11:05:00,525.0,530.0,525.0,525.0,10100
2026-02-12 11:10:00,525.0,530.0,525.0,530.0,232700
2026-02-12 11:15:00,530.0,530.0,525.0,530.0,36700
2026-02-12 11:20:00,530.0,530.0,530.0,530.0,29300
2026-02-12 11:25:00,530.0,530.0,525.0,530.0,4200
2026-02-12 11:30:00,530.0,530.0,525.0,530.0,202000
2026-02-12 11:35:00,530.0,530.0,530.0,530.0,1200
2026-02-12 11:40:00,530.0,530.0,525.0,530.0,12100
2026-02-12 11:45:00,525.0,530.0,525.0,530.0,8200
2026-02-12 11:50:00,530.0,530.0,525.0,525.0,60100
2026-02-12 11:55:00,530.0,530.0,525.0,530.0,354600
2026-02-12 13:30:00,530.0,530.0,525.0,525.0,148500
2026-02-12 13:35:00,530.0,530.0,525.0,530.0,55200
2026-02-12 13:40:00,530.0,530.0,525.0,530.0,20200
2026-02-12 13:45:00,525.0,530.0,525.0,530.0,8600
2026-02-12 13:50:00,530.0,530.0,525.0,525.0,34800
2026-02-12 13:55:00,530.0,530.0,525.0,525.0,17000
2026-02-12 14:00:00,525.0,530.0,525.0,525.0,104800
2026-02-12 14:05:00,530.0,530.0,525.0,525.0,21000
2026-02-12 14:10:00,525.0,530.0,525.0,525.0,12200
2026-02-12 14:15:00,530.0,530.0,525.0,525.0,304900
2026-02-12 14:20:00,525.0,530.0,525.0,525.0,356300
2026-02-12 14:25:00,530.0,530.0,525.0,525.0,14100
2026-02-12 14:30:00,525.0,530.0,525.0,525.0,46000
2026-02-12 14:35:00,525.0,530.0,525.0,530.0,21100
2026-02-12 14:40:00,525.0,530.0,525.0,525.0,37500
2026-02-12 14:45:00,525.0,530.0,525.0,525.0,14000
2026-02-12 14:50:00,525.0,530.0,525.0,525.0,357500
2026-02-12 14:55:00,530.0,530.0,525.0,525.0,14900
2026-02-12 15:00:00,530.0,530.0,525.0,530.0,15100
2026-02-12 15:05:00,525.0,530.0,525.0,530.0,93000
2026-02-12 15:10:00,530.0,530.0,525.0,530.0,25100
2026-02-12 15:15:00,530.0,530.0,525.0,530.0,233700
2026-02-12 15:20:00,530.0,530.0,525.0,525.0,13900
2026-02-12 15:25:00,530.0,530.0,525.0,525.0,23800
2026-02-12 15:30:00,525.0,530.0,525.0,530.0,69600
2026-02-12 15:35:00,530.0,530.0,525.0,530.0,11100
2026-02-12 15:40:00,525.0,530.0,525.0,525.0,49300
2026-02-12 15:45:00,530.0,530.0,525.0,525.0,166300
2026-02-12 16:00:00,525.0,525.0,525.0,525.0,319000
2026-02-13 09:00:00,530.0,530.0,525.0,525.0,0
2026-02-13 09:05:00,530.0,530.0,525.0,530.0,7600
2026-02-13 09:10:00,530.0,530.0,525.0,530.0,56200
2026-02-13 09:15:00,530.0,530.0,525.0,530.0,84200
2026-02-13 09:20:00,530.0,530.0,525.0,530.0,19000
2026-02-13 09:25:00,525.0,530.0,525.0,530.0,81100
2026-02-13 09:30:00,530.0,530.0,525.0,525.0,12700
2026-02-13 09:35:00,530.0,530.0,525.0,530.0,96600
2026-02-13 09:40:00,525.0,530.0,525.0,525.0,66300
2026-02-13 09:45:00,525.0,530.0,525.0,530.0,63100
2026-02-13 09:50:00,530.0,530.0,530.0,530.0,6600
2026-02-13 09:55:00,530.0,530.0,525.0,530.0,21100
2026-02-13 10:00:00,530.0,530.0,525.0,525.0,60800
2026-02-13 10:05:00,530.0,530.0,525.0,530.0,16900
2026-02-13 10:10:00,530.0,530.0,525.0,530.0,40600
2026-02-13 10:15:00,530.0,530.0,525.0,530.0,25500
2026-02-13 10:20:00,525.0,530.0,525.0,525.0,63800
2026-02-13 10:25:00,530.0,530.0,525.0,530.0,950700
2026-02-13 10:30:00,525.0,530.0,525.0,530.0,137800
2026-02-13 10:35:00,525.0,530.0,525.0,530.0,19900
2026-02-13 10:40:00,530.0,530.0,525.0,530.0,87400
2026-02-13 10:45:00,525.0,530.0,525.0,525.0,44900
2026-02-13 10:50:00,530.0,530.0,525.0,530.0,31800
2026-02-13 10:55:00,530.0,530.0,525.0,525.0,89400
2026-02-13 11:00:00,530.0,530.0,525.0,530.0,18300
2026-02-13 11:05:00,530.0,530.0,525.0,530.0,16500
2026-02-13 11:10:00,530.0,530.0,525.0,525.0,12800
2026-02-13 11:15:00,525.0,530.0,525.0,530.0,24600
2026-02-13 11:20:00,530.0,530.0,525.0,525.0,12500
2026-02-13 11:25:00,525.0,530.0,525.0,530.0,19100
2026-02-13 14:00:00,525.0,530.0,525.0,530.0,374700
2026-02-13 14:05:00,530.0,530.0,525.0,530.0,18300
2026-02-13 14:10:00,530.0,530.0,525.0,525.0,908200
2026-02-13 14:15:00,530.0,530.0,525.0,525.0,66700
2026-02-13 14:20:00,525.0,530.0,525.0,525.0,121700
2026-02-13 14:25:00,530.0,530.0,525.0,530.0,58000
2026-02-13 14:30:00,530.0,530.0,525.0,530.0,25200
2026-02-13 14:35:00,530.0,530.0,525.0,530.0,62300
2026-02-13 14:40:00,530.0,530.0,525.0,530.0,175500
2026-02-13 14:45:00,530.0,530.0,525.0,525.0,47900
2026-02-13 14:50:00,525.0,530.0,525.0,530.0,56900
2026-02-13 14:55:00,530.0,530.0,525.0,530.0,55700
2026-02-13 15:00:00,530.0,530.0,525.0,530.0,61600
2026-02-13 15:05:00,530.0,530.0,525.0,530.0,95400
2026-02-13 15:10:00,525.0,530.0,525.0,530.0,48700
2026-02-13 15:15:00,530.0,530.0,525.0,530.0,100700
2026-02-13 15:20:00,530.0,530.0,525.0,530.0,196100
2026-02-13 15:25:00,530.0,530.0,525.0,530.0,53300
2026-02-13 15:30:00,530.0,530.0,525.0,530.0,177900
2026-02-13 15:35:00,525.0,530.0,525.0,530.0,54800
2026-02-13 15:40:00,525.0,530.0,525.0,525.0,106800
2026-02-13 15:45:00,530.0,530.0,525.0,525.0,141500
2026-02-13 16:00:00,530.0,530.0,530.0,530.0,434300
2026-02-13 16:05:00,530.0,530.0,530.0,530.0,0
2026-02-13 16:10:00,530.0,530.0,530.0,530.0,1400
2026-02-18 09:00:00,530.0,530.0,520.0,525.0,0
2026-02-18 09:05:00,525.0,530.0,520.0,525.0,102900
2026-02-18 09:10:00,525.0,525.0,520.0,525.0,73800
2026-02-18 09:15:00,525.0,525.0,520.0,525.0,67400
2026-02-18 09:20:00,525.0,525.0,520.0,520.0,667400
2026-02-18 09:25:00,525.0,525.0,520.0,525.0,303000
2026-02-18 09:30:00,525.0,525.0,520.0,525.0,116800
2026-02-18 09:35:00,520.0,525.0,520.0,520.0,97200
2026-02-18 09:40:00,525.0,525.0,520.0,525.0,95400
2026-02-18 09:45:00,525.0,525.0,520.0,520.0,339000
2026-02-18 09:50:00,525.0,525.0,520.0,520.0,143800
2026-02-18 09:55:00,525.0,525.0,520.0,520.0,82100
2026-02-18 10:00:00,520.0,525.0,520.0,525.0,34800
2026-02-18 10:05:00,525.0,525.0,520.0,520.0,86400
2026-02-18 10:10:00,525.0,525.0,520.0,520.0,29500
2026-02-18 10:15:00,520.0,525.0,520.0,520.0,79000
2026-02-18 10:20:00,525.0,525.0,520.0,525.0,470800
2026-02-18 10:25:00,525.0,530.0,520.0,530.0,16900
2026-02-18 10:30:00,530.0,530.0,525.0,525.0,15600
2026-02-18 10:35:00,530.0,530.0,525.0,530.0,31100
2026-02-18 10:40:00,525.0,530.0,525.0,530.0,4100
2026-02-18 10:45:00,530.0,530.0,525.0,525.0,39700
2026-02-18 10:50:00,530.0,530.0,525.0,530.0,24100
2026-02-18 10:55:00,530.0,530.0,525.0,530.0,36700
2026-02-18 11:00:00,525.0,530.0,525.0,530.0,39200
2026-02-18 11:05:00,530.0,530.0,525.0,530.0,14600
2026-02-18 11:10:00,530.0,530.0,525.0,525.0,28600
2026-02-18 11:15:00,525.0,530.0,525.0,525.0,78600
2026-02-18 11:20:00,530.0,530.0,525.0,530.0,16600
2026-02-18 11:25:00,530.0,530.0,525.0,530.0,87800
2026-02-18 11:30:00,530.0,530.0,525.0,530.0,17400
2026-02-18 11:35:00,530.0,530.0,525.0,525.0,13300
2026-02-18 11:40:00,525.0,530.0,525.0,525.0,10600
2026-02-18 11:45:00,530.0,530.0,525.0,525.0,11400
2026-02-18 11:50:00,530.0,530.0,525.0,525.0,7800
2026-02-18 11:55:00,530.0,530.0,525.0,525.0,12300
2026-02-18 13:30:00,525.0,530.0,525.0,530.0,210700
2026-02-18 13:35:00,530.0,530.0,525.0,525.0,30000
2026-02-18 13:40:00,530.0,530.0,525.0,530.0,2700
2026-02-18 13:45:00,530.0,530.0,525.0,525.0,20700
2026-02-18 13:50:00,530.0,530.0,525.0,530.0,700
2026-02-18 13:55:00,530.0,530.0,525.0,525.0,32200
2026-02-18 14:00:00,530.0,530.0,525.0,525.0,127500
2026-02-18 14:05:00,525.0,530.0,525.0,525.0,27100
2026-02-18 14:10:00,525.0,530.0,525.0,525.0,36000
2026-02-18 14:15:00,525.0,530.0,525.0,525.0,38100
2026-02-18 14:20:00,530.0,530.0,525.0,525.0,40400
2026-02-18 14:25:00,525.0,530.0,525.0,525.0,42300
2026-02-18 14:30:00,530.0,530.0,525.0,525.0,35400
2026-02-18 14:35:00,525.0,530.0,525.0,525.0,177500
2026-02-18 14:40:00,530.0,530.0,525.0,525.0,47900
2026-02-18 14:45:00,525.0,530.0,525.0,525.0,61900
2026-02-18 14:50:00,530.0,530.0,525.0,525.0,21700
2026-02-18 14:55:00,530.0,530.0,525.0,525.0,30100
2026-02-18 15:00:00,530.0,530.0,525.0,525.0,80600
2026-02-18 15:05:00,525.0,530.0,525.0,525.0,24200
2026-02-18 15:10:00,525.0,530.0,525.0,525.0,45500
2026-02-18 15:15:00,525.0,530.0,525.0,525.0,221100
2026-02-18 15:20:00,530.0,530.0,525.0,530.0,84300
2026-02-18 15:25:00,525.0,530.0,525.0,530.0,34200
2026-02-18 15:30:00,525.0,530.0,525.0,525.0,54400
2026-02-18 15:35:00,525.0,530.0,525.0,530.0,59300
2026-02-18 15:40:00,525.0,530.0,525.0,530.0,109900
2026-02-18 15:45:00,530.0,530.0,525.0,525.0,35000
2026-02-18 16:00:00,525.0,525.0,525.0,525.0,747400
2026-02-18 16:05:00,525.0,525.0,525.0,525.0,51600
2026-02-19 09:00:00,525.0,530.0,525.0,530.0,0
2026-02-19 09:05:00,530.0,530.0,525.0,530.0,27400
2026-02-19 09:10:00,530.0,530.0,525.0,530.0,86400
2026-02-19 09:15:00,530.0,530.0,525.0,525.0,230800
2026-02-19 09:20:00,530.0,530.0,525.0,530.0,63100
2026-02-19 09:25:00,530.0,530.0,525.0,530.0,458100
2026-02-19 09:30:00,530.0,530.0,525.0,530.0,1100
2026-02-19 09:35:00,530.0,530.0,525.0,530.0,44800
2026-02-19 09:40:00,530.0,530.0,525.0,525.0,29300
2026-02-19 09:45:00,530.0,530.0,525.0,530.0,195600
2026-02-19 09:50:00,530.0,530.0,525.0,530.0,91500
2026-02-19 09:55:00,530.0,530.0,525.0,530.0,19200
2026-02-19 10:00:00,530.0,530.0,525.0,530.0,127700
2026-02-19 10:05:00,530.0,530.0,525.0,525.0,56700
2026-02-19 10:10:00,530.0,530.0,525.0,525.0,53600
2026-02-19 10:15:00,530.0,530.0,525.0,530.0,32400
2026-02-19 10:20:00,525.0,530.0,525.0,530.0,130900
2026-02-19 10:25:00,530.0,530.0,525.0,525.0,240500
2026-02-19 10:30:00,530.0,530.0,525.0,530.0,23000
2026-02-19 10:35:00,525.0,530.0,525.0,525.0,22300
2026-02-19 10:40:00,525.0,530.0,525.0,525.0,11300
2026-02-19 10:45:00,530.0,530.0,525.0,525.0,1770700
2026-02-19 10:50:00,530.0,530.0,525.0,530.0,1075100
2026-02-19 10:55:00,530.0,530.0,525.0,525.0,150300
2026-02-19 11:00:00,530.0,530.0,525.0,530.0,64700
2026-02-19 11:05:00,530.0,530.0,525.0,525.0,12700
2026-02-19 11:10:00,530.0,530.0,525.0,525.0,41200
2026-02-19 11:15:00,525.0,530.0,525.0,525.0,658100
2026-02-19 11:20:00,530.0,530.0,525.0,530.0,7400
2026-02-19 11:25:00,530.0,530.0,525.0,530.0,49900
2026-02-19 11:30:00,525.0,530.0,525.0,525.0,16300
2026-02-19 11:35:00,525.0,530.0,525.0,525.0,1231400
2026-02-19 11:40:00,525.0,525.0,520.0,525.0,1115200
2026-02-19 11:45:00,525.0,525.0,520.0,525.0,24800
2026-02-19 11:50:00,525.0,525.0,520.0,525.0,41800
2026-02-19 11:55:00,525.0,525.0,520.0,525.0,115200
2026-02-19 13:30:00,525.0,525.0,520.0,525.0,472000
2026-02-19 13:35:00,525.0,525.0,520.0,525.0,26300
2026-02-19 13:40:00,525.0,525.0,520.0,520.0,30600
2026-02-19 13:45:00,525.0,530.0,525.0,530.0,496100
2026-02-19 13:50:00,530.0,530.0,525.0,525.0,6000
2026-02-19 13:55:00,530.0,530.0,525.0,530.0,237800
2026-02-19 14:00:00,525.0,530.0,525.0,530.0,58800
2026-02-19 14:05:00,530.0,530.0,530.0,530.0,217800
2026-02-19 14:10:00,530.0,530.0,525.0,525.0,12700
2026-02-19 14:15:00,530.0,530.0,525.0,530.0,1114400
2026-02-19 14:20:00,525.0,530.0,525.0,525.0,44500
2026-02-19 14:25:00,530.0,530.0,525.0,525.0,175500
2026-02-19 14:30:00,530.0,530.0,525.0,525.0,22300
2026-02-19 14:35:00,530.0,530.0,525.0,525.0,443200
2026-02-19 14:40:00,520.0,525.0,520.0,525.0,76300
2026-02-19 14:45:00,525.0,530.0,525.0,530.0,202900
2026-02-19 14:50:00,530.0,530.0,525.0,525.0,18900
2026-02-19 14:55:00,525.0,530.0,525.0,525.0,260000
2026-02-19 15:00:00,525.0,525.0,520.0,525.0,22400
2026-02-19 15:05:00,525.0,525.0,520.0,525.0,51800
2026-02-19 15:10:00,525.0,525.0,520.0,525.0,35600
2026-02-19 15:15:00,525.0,525.0,525.0,525.0,204700
2026-02-19 15:20:00,525.0,525.0,520.0,525.0,30700
2026-02-19 15:25:00,525.0,525.0,520.0,525.0,294800
2026-02-19 15:30:00,525.0,525.0,525.0,525.0,131300
2026-02-19 15:35:00,525.0,525.0,525.0,525.0,134400
2026-02-19 15:40:00,525.0,525.0,520.0,525.0,156900
2026-02-19 15:45:00,525.0,525.0,520.0,525.0,2293600
2026-02-19 16:00:00,525.0,525.0,525.0,525.0,166900
2026-02-19 16:05:00,525.0,525.0,525.0,525.0,0
2026-02-19 16:10:00,525.0,525.0,525.0,525.0,17300
2026-02-20 09:00:00,525.0,525.0,520.0,525.0,0
2026-02-20 09:05:00,525.0,525.0,520.0,520.0,536600
2026-02-20 09:10:00,525.0,525.0,520.0,525.0,118500
2026-02-20 09:15:00,525.0,525.0,520.0,525.0,19900
2026-02-20 09:20:00,525.0,525.0,520.0,525.0,41200
2026-02-20 09:25:00,525.0,525.0,520.0,525.0,13800
2026-02-20 09:30:00,525.0,525.0,520.0,520.0,33400
2026-02-20 09:35:00,525.0,525.0,520.0,525.0,70500
2026-02-20 09:40:00,520.0,525.0,520.0,525.0,20300
2026-02-20 09:45:00,525.0,525.0,520.0,525.0,14500
2026-02-20 09:50:00,520.0,525.0,520.0,525.0,14300
2026-02-20 09:55:00,525.0,525.0,520.0,525.0,203700
2026-02-20 10:00:00,525.0,525.0,520.0,525.0,29000
2026-02-20 10:05:00,525.0,525.0,520.0,525.0,30800
2026-02-20 10:10:00,525.0,525.0,520.0,520.0,7200
2026-02-20 10:15:00,525.0,525.0,520.0,520.0,17300
2026-02-20 10:20:00,525.0,525.0,525.0,525.0,23700
2026-02-20 10:25:00,525.0,525.0,520.0,525.0,5100
2026-02-20 10:30:00,520.0,525.0,520.0,525.0,52200
2026-02-20 10:35:00,525.0,525.0,520.0,525.0,23000
2026-02-20 10:40:00,520.0,525.0,520.0,525.0,14600
2026-02-20 10:45:00,525.0,525.0,520.0,520.0,426600
2026-02-20 10:50:00,525.0,525.0,520.0,525.0,594500
2026-02-20 10:55:00,525.0,525.0,525.0,525.0,14500
2026-02-20 11:00:00,525.0,525.0,520.0,525.0,8900
2026-02-20 11:05:00,525.0,530.0,520.0,530.0,187300
2026-02-20 11:10:00,525.0,530.0,520.0,525.0,146800
2026-02-20 11:15:00,525.0,525.0,520.0,525.0,10000
2026-02-20 11:20:00,525.0,525.0,520.0,520.0,110100
2026-02-20 11:25:00,525.0,525.0,525.0,525.0,0
2026-02-20 14:00:00,525.0,530.0,520.0,525.0,328000
2026-02-20 14:05:00,525.0,525.0,520.0,525.0,25200
2026-02-20 14:10:00,525.0,525.0,520.0,525.0,38800
2026-02-20 14:15:00,525.0,525.0,525.0,525.0,23400
2026-02-20 14:20:00,520.0,525.0,520.0,525.0,15000
2026-02-20 14:25:00,525.0,525.0,520.0,525.0,1000
2026-02-20 14:30:00,525.0,525.0,520.0,520.0,23500
2026-02-20 14:35:00,525.0,525.0,520.0,520.0,46000
2026-02-20 14:40:00,525.0,525.0,520.0,525.0,5600
2026-02-20 14:45:00,525.0,525.0,520.0,525.0,27300
2026-02-20 14:50:00,525.0,525.0,525.0,525.0,28800
2026-02-20 14:55:00,525.0,525.0,520.0,520.0,21300
2026-02-20 15:00:00,525.0,525.0,520.0,525.0,16400
2026-02-20 15:05:00,520.0,525.0,520.0,525.0,11000
2026-02-20 15:10:00,525.0,525.0,520.0,520.0,22400
2026-02-20 15:15:00,525.0,525.0,520.0,525.0,22700
2026-02-20 15:20:00,525.0,525.0,520.0,525.0,10400
2026-02-20 15:25:00,525.0,525.0,520.0,525.0,13100
2026-02-20 15:30:00,525.0,525.0,520.0,525.0,18500
2026-02-20 15:35:00,520.0,525.0,520.0,520.0,36400
2026-02-20 15:40:00,520.0,525.0,520.0,525.0,47700
2026-02-20 15:45:00,525.0,525.0,520.0,525.0,1055200
2026-02-20 16:00:00,525.0,525.0,525.0,525.0,161600
2026-02-20 16:05:00,525.0,525.0,525.0,525.0,9500
2026-02-20 16:10:00,525.0,525.0,525.0,525.0,400
2026-02-23 09:00:00,525.0,525.0,520.0,525.0,0
2026-02-23 09:05:00,525.0,525.0,520.0,525.0,34300
2026-02-23 09:10:00,525.0,525.0,520.0,520.0,59400
2026-02-23 09:15:00,525.0,525.0,520.0,525.0,1998700
2026-02-23 09:20:00,525.0,525.0,520.0,525.0,0
2026-02-23 09:25:00,520.0,525.0,520.0,525.0,189500
2026-02-23 09:30:00,525.0,525.0,520.0,525.0,7559500
2026-02-23 09:35:00,525.0,530.0,525.0,530.0,0
2026-02-23 09:40:00,530.0,530.0,525.0,530.0,3860600
2026-02-23 09:45:00,535.0,535.0,530.0,535.0,220800
2026-02-23 09:50:00,535.0,535.0,530.0,530.0,71300
2026-02-23 09:55:00,530.0,535.0,530.0,535.0,57300
2026-02-23 10:00:00,530.0,535.0,530.0,535.0,616400
2026-02-23 10:05:00,535.0,535.0,530.0,535.0,22100
2026-02-23 10:10:00,535.0,535.0,535.0,535.0,25900
2026-02-23 10:15:00,535.0,535.0,530.0,535.0,63600
2026-02-23 10:20:00,535.0,535.0,530.0,530.0,80100
2026-02-23 10:25:00,535.0,535.0,530.0,535.0,3600
2026-02-23 10:30:00,530.0,535.0,530.0,530.0,323500
2026-02-23 10:35:00,535.0,535.0,530.0,530.0,27700
2026-02-23 10:40:00,530.0,535.0,530.0,535.0,61100
2026-02-23 10:45:00,530.0,535.0,530.0,535.0,70500
2026-02-23 10:50:00,535.0,535.0,530.0,530.0,13600
2026-02-23 10:55:00,530.0,535.0,530.0,530.0,85300
2026-02-23 11:00:00,530.0,535.0,530.0,530.0,37900
2026-02-23 11:05:00,535.0,535.0,530.0,530.0,41600
2026-02-23 11:10:00,535.0,535.0,530.0,535.0,28400
2026-02-23 11:15:00,530.0,535.0,530.0,530.0,18900
2026-02-23 11:20:00,530.0,535.0,530.0,530.0,28200
2026-02-23 11:25:00,530.0,535.0,530.0,535.0,7600
2026-02-23 11:30:00,535.0,535.0,530.0,535.0,50000
2026-02-23 11:35:00,535.0,535.0,530.0,535.0,2200
2026-02-23 11:40:00,535.0,535.0,530.0,535.0,88900
2026-02-23 11:45:00,530.0,535.0,530.0,530.0,8900
2026-02-23 11:50:00,530.0,535.0,530.0,530.0,6000
2026-02-23 11:55:00,530.0,530.0,530.0,530.0,22200
2026-02-23 13:30:00,530.0,535.0,530.0,530.0,275300
2026-02-23 13:35:00,530.0,535.0,530.0,530.0,257400
2026-02-23 13:40:00,535.0,535.0,530.0,535.0,8700
2026-02-23 13:45:00,530.0,535.0,530.0,535.0,9000
2026-02-23 13:50:00,530.0,535.0,530.0,530.0,61100
2026-02-23 13:55:00,535.0,535.0,530.0,530.0,2300
2026-02-23 14:00:00,530.0,535.0,530.0,530.0,33500
2026-02-23 14:05:00,530.0,535.0,530.0,530.0,183300
2026-02-23 14:10:00,530.0,530.0,530.0,530.0,13500
2026-02-23 14:15:00,530.0,535.0,530.0,530.0,23000
2026-02-23 14:20:00,535.0,535.0,530.0,530.0,12000
2026-02-23 14:25:00,530.0,535.0,530.0,530.0,65400
2026-02-23 14:30:00,535.0,535.0,530.0,535.0,91200
2026-02-23 14:35:00,530.0,535.0,530.0,530.0,68300
2026-02-23 14:40:00,530.0,535.0,530.0,530.0,2000
2026-02-23 14:45:00,535.0,535.0,530.0,530.0,82500
2026-02-23 14:50:00,530.0,535.0,530.0,530.0,175700
2026-02-23 14:55:00,535.0,535.0,530.0,530.0,0
2026-02-23 15:00:00,530.0,530.0,530.0,530.0,0
2026-02-23 15:05:00,530.0,535.0,530.0,530.0,5300
2026-02-23 15:10:00,535.0,535.0,530.0,535.0,10800
2026-02-23 15:15:00,535.0,535.0,530.0,530.0,109500
2026-02-23 15:20:00,535.0,535.0,530.0,535.0,23100
2026-02-23 15:25:00,535.0,535.0,530.0,530.0,6700
2026-02-23 15:30:00,530.0,535.0,530.0,530.0,55400
2026-02-23 15:35:00,530.0,535.0,530.0,530.0,45700
2026-02-23 15:40:00,530.0,535.0,530.0,535.0,60900
2026-02-23 15:45:00,535.0,535.0,530.0,535.0,2725700
2026-02-23 16:00:00,535.0,535.0,535.0,535.0,1079500
2026-02-23 16:05:00,535.0,535.0,535.0,535.0,9600
2026-02-23 16:10:00,535.0,535.0,535.0,535.0,167800
2026-02-24 09:00:00,535.0,535.0,530.0,530.0,0
2026-02-24 09:05:00,535.0,535.0,530.0,535.0,13700
2026-02-24 09:10:00,535.0,535.0,530.0,530.0,139200
2026-02-24 09:15:00,530.0,535.0,530.0,535.0,56400
2026-02-24 09:20:00,535.0,535.0,530.0,535.0,73400
2026-02-24 09:25:00,535.0,535.0,530.0,535.0,26400
2026-02-24 09:30:00,535.0,535.0,530.0,535.0,59900
2026-02-24 09:35:00,535.0,535.0,530.0,530.0,54400
2026-02-24 09:40:00,530.0,535.0,530.0,530.0,21500
2026-02-24 09:45:00,535.0,535.0,530.0,530.0,2922400
2026-02-24 09:50:00,535.0,540.0,530.0,535.0,4549900
2026-02-24 09:55:00,535.0,535.0,530.0,535.0,83200
2026-02-24 10:00:00,535.0,540.0,530.0,540.0,134600
2026-02-24 10:05:00,540.0,540.0,535.0,540.0,17800
2026-02-24 10:10:00,535.0,540.0,535.0,540.0,33500
2026-02-24 10:15:00,535.0,540.0,535.0,540.0,43800
2026-02-24 10:20:00,535.0,540.0,535.0,540.0,1011700
2026-02-24 10:25:00,540.0,540.0,535.0,540.0,22000
2026-02-24 10:30:00,540.0,540.0,535.0,540.0,5000
2026-02-24 10:35:00,535.0,540.0,535.0,535.0,291700
2026-02-24 10:40:00,540.0,540.0,535.0,540.0,17800
2026-02-24 10:45:00,540.0,540.0,535.0,535.0,109500
2026-02-24 10:50:00,535.0,540.0,535.0,535.0,8200
2026-02-24 10:55:00,535.0,540.0,535.0,535.0,140100
2026-02-24 11:00:00,535.0,540.0,535.0,535.0,2015200
2026-02-24 11:05:00,540.0,540.0,540.0,540.0,2400
2026-02-24 11:10:00,535.0,540.0,535.0,540.0,23200
2026-02-24 11:15:00,540.0,540.0,535.0,535.0,41700
2026-02-24 11:20:00,535.0,540.0,535.0,540.0,9000
2026-02-24 11:25:00,540.0,540.0,535.0,535.0,49600
2026-02-24 11:30:00,535.0,540.0,535.0,535.0,16000
2026-02-24 11:35:00,535.0,540.0,535.0,540.0,5900
2026-02-24 11:40:00,540.0,540.0,535.0,540.0,8700
2026-02-24 11:45:00,540.0,540.0,535.0,540.0,5200
2026-02-24 11:50:00,540.0,540.0,535.0,535.0,703600
2026-02-24 11:55:00,530.0,535.0,530.0,535.0,13500
2026-02-24 13:30:00,530.0,535.0,530.0,535.0,506600
2026-02-24 13:35:00,535.0,540.0,535.0,540.0,13800
2026-02-24 13:40:00,535.0,540.0,535.0,540.0,95600
2026-02-24 13:45:00,535.0,540.0,535.0,540.0,5800
2026-02-24 13:50:00,540.0,540.0,535.0,540.0,41800
2026-02-24 13:55:00,535.0,540.0,535.0,535.0,127500
2026-02-24 14:00:00,535.0,540.0,535.0,540.0,27200
2026-02-24 14:05:00,540.0,540.0,535.0,540.0,167500
2026-02-24 14:10:00,535.0,540.0,535.0,540.0,34000
2026-02-24 14:15:00,540.0,540.0,535.0,540.0,28400
2026-02-24 14:20:00,540.0,540.0,535.0,540.0,255000
2026-02-24 14:25:00,535.0,540.0,535.0,535.0,433800
2026-02-24 14:30:00,535.0,535.0,530.0,535.0,47400
2026-02-24 14:35:00,535.0,535.0,530.0,535.0,40200
2026-02-24 14:40:00,530.0,535.0,530.0,535.0,107200
2026-02-24 14:45:00,535.0,535.0,530.0,530.0,11000
2026-02-24 14:50:00,530.0,535.0,530.0,535.0,33300
2026-02-24 14:55:00,535.0,535.0,530.0,535.0,227500
2026-02-24 15:00:00,535.0,535.0,530.0,535.0,21100
2026-02-24 15:05:00,535.0,535.0,530.0,535.0,17800
2026-02-24 15:10:00,535.0,535.0,535.0,535.0,46500
2026-02-24 15:15:00,535.0,535.0,530.0,530.0,43500
2026-02-24 15:20:00,530.0,535.0,530.0,535.0,24600
2026-02-24 15:25:00,535.0,535.0,530.0,535.0,17600
2026-02-24 15:30:00,535.0,535.0,530.0,535.0,13600
2026-02-24 15:35:00,535.0,535.0,530.0,530.0,14600
2026-02-24 15:40:00,530.0,535.0,530.0,530.0,97800
2026-02-24 15:45:00,530.0,535.0,530.0,535.0,163200
2026-02-24 16:00:00,530.0,530.0,530.0,530.0,181400
2026-02-24 16:05:00,530.0,530.0,530.0,530.0,0
2026-02-24 16:10:00,530.0,530.0,530.0,530.0,400
2026-02-25 09:00:00,530.0,540.0,530.0,535.0,0
2026-02-25 09:05:00,535.0,540.0,530.0,530.0,98900
2026-02-25 09:10:00,535.0,535.0,530.0,530.0,42000
2026-02-25 09:15:00,535.0,535.0,530.0,535.0,60800
2026-02-25 09:20:00,535.0,540.0,530.0,530.0,28400
2026-02-25 09:25:00,530.0,535.0,530.0,530.0,34000
2026-02-25 09:30:00,530.0,535.0,530.0,535.0,52700
2026-02-25 09:35:00,535.0,535.0,530.0,535.0,130000
2026-02-25 09:40:00,535.0,540.0,535.0,535.0,27200
2026-02-25 09:45:00,540.0,540.0,535.0,535.0,26600
2026-02-25 09:50:00,535.0,535.0,530.0,535.0,37400
2026-02-25 09:55:00,535.0,540.0,530.0,535.0,109100
2026-02-25 10:00:00,535.0,535.0,530.0,535.0,4200
2026-02-25 10:05:00,535.0,535.0,530.0,535.0,12600
2026-02-25 10:10:00,535.0,535.0,530.0,535.0,16600
2026-02-25 10:15:00,535.0,535.0,530.0,530.0,49900
2026-02-25 10:20:00,530.0,535.0,530.0,535.0,6500
2026-02-25 10:25:00,530.0,535.0,530.0,530.0,5100
2026-02-25 10:30:00,535.0,535.0,530.0,535.0,481200
2026-02-25 10:35:00,535.0,535.0,535.0,535.0,700
2026-02-25 10:40:00,535.0,535.0,530.0,535.0,12400
2026-02-25 10:45:00,535.0,535.0,530.0,530.0,18000
2026-02-25 10:50:00,535.0,535.0,530.0,530.0,8400
2026-02-25 10:55:00,530.0,535.0,530.0,535.0,9600
2026-02-25 11:00:00,530.0,535.0,530.0,535.0,72900
2026-02-25 11:05:00,535.0,535.0,530.0,530.0,10400
2026-02-25 11:10:00,535.0,535.0,530.0,535.0,27000
2026-02-25 11:15:00,535.0,535.0,530.0,535.0,6300
2026-02-25 11:20:00,535.0,535.0,530.0,535.0,104400
2026-02-25 11:25:00,530.0,535.0,530.0,535.0,313500
2026-02-25 11:30:00,535.0,535.0,530.0,535.0,8700
2026-02-25 11:35:00,535.0,535.0,530.0,535.0,21100
2026-02-25 11:40:00,535.0,535.0,530.0,530.0,16300
2026-02-25 11:45:00,535.0,535.0,535.0,535.0,17700
2026-02-25 11:50:00,535.0,535.0,530.0,530.0,49800
2026-02-25 11:55:00,535.0,535.0,530.0,530.0,12600
2026-02-25 13:30:00,530.0,535.0,530.0,535.0,148600
2026-02-25 13:35:00,535.0,535.0,530.0,535.0,10300
2026-02-25 13:40:00,535.0,535.0,530.0,535.0,3100
2026-02-25 13:45:00,535.0,535.0,530.0,535.0,51800
2026-02-25 13:50:00,535.0,535.0,530.0,530.0,28000
2026-02-25 13:55:00,535.0,535.0,530.0,530.0,15500
2026-02-25 14:00:00,535.0,535.0,530.0,530.0,13900
2026-02-25 14:05:00,530.0,535.0,530.0,535.0,13600
2026-02-25 14:10:00,535.0,535.0,530.0,535.0,8000
2026-02-25 14:15:00,535.0,535.0,530.0,535.0,134000
2026-02-25 14:20:00,535.0,535.0,530.0,530.0,10500
2026-02-25 14:25:00,530.0,535.0,530.0,535.0,12500
2026-02-25 14:30:00,530.0,535.0,530.0,530.0,14000
2026-02-25 14:35:00,535.0,535.0,530.0,530.0,17000
2026-02-25 14:40:00,530.0,535.0,530.0,535.0,8100
2026-02-25 14:45:00,535.0,535.0,530.0,535.0,6000
2026-02-25 14:50:00,535.0,535.0,530.0,530.0,1600
2026-02-25 14:55:00,535.0,535.0,530.0,530.0,20400
2026-02-25 15:00:00,535.0,535.0,530.0,535.0,4400
2026-02-25 15:05:00,535.0,535.0,530.0,530.0,4800
2026-02-25 15:10:00,535.0,535.0,530.0,535.0,2800
2026-02-25 15:15:00,535.0,535.0,530.0,535.0,2000
2026-02-25 15:20:00,535.0,535.0,530.0,535.0,414400
2026-02-25 15:25:00,535.0,535.0,530.0,535.0,0
2026-02-25 15:30:00,530.0,535.0,530.0,535.0,63000
2026-02-25 15:35:00,535.0,535.0,530.0,530.0,31800
2026-02-25 15:40:00,530.0,535.0,530.0,535.0,22200
2026-02-25 15:45:00,535.0,535.0,535.0,535.0,12600
2026-02-25 16:00:00,530.0,530.0,530.0,530.0,201000
2026-02-25 16:05:00,530.0,530.0,530.0,530.0,381600
2026-02-25 16:10:00,530.0,530.0,530.0,530.0,0
2026-02-26 09:00:00,535.0,535.0,530.0,530.0,0
2026-02-26 09:05:00,530.0,535.0,530.0,535.0,14400
2026-02-26 09:10:00,535.0,535.0,530.0,535.0,14300
2026-02-26 09:15:00,535.0,535.0,530.0,535.0,43900
2026-02-26 09:20:00,535.0,535.0,530.0,535.0,71100
2026-02-26 09:25:00,535.0,535.0,530.0,535.0,91600
2026-02-26 09:30:00,530.0,535.0,530.0,530.0,9000
2026-02-26 09:35:00,535.0,535.0,530.0,530.0,26700
2026-02-26 09:40:00,535.0,535.0,530.0,535.0,22500
2026-02-26 09:45:00,535.0,535.0,530.0,535.0,27400
2026-02-26 09:50:00,530.0,535.0,530.0,530.0,120900
2026-02-26 09:55:00,530.0,535.0,530.0,535.0,3100
2026-02-26 10:00:00,535.0,535.0,530.0,530.0,319800
2026-02-26 10:05:00,535.0,535.0,530.0,535.0,26300
2026-02-26 10:10:00,535.0,535.0,530.0,535.0,155900
2026-02-26 10:15:00,535.0,535.0,530.0,530.0,15100
2026-02-26 10:20:00,535.0,535.0,530.0,530.0,194000
2026-02-26 10:25:00,530.0,535.0,530.0,535.0,0
2026-02-26 10:30:00,530.0,535.0,530.0,535.0,56400
2026-02-26 10:35:00,535.0,535.0,530.0,535.0,24300
2026-02-26 10:40:00,535.0,535.0,530.0,535.0,722000
2026-02-26 10:45:00,535.0,535.0,530.0,535.0,2200
2026-02-26 10:50:00,535.0,535.0,530.0,535.0,12500
2026-02-26 10:55:00,535.0,535.0,530.0,535.0,159700
2026-02-26 11:00:00,530.0,535.0,530.0,535.0,17200
2026-02-26 11:05:00,535.0,535.0,530.0,530.0,17700
2026-02-26 11:10:00,535.0,545.0,535.0,540.0,7314500
2026-02-26 11:15:00,540.0,545.0,540.0,540.0,683200
2026-02-26 11:20:00,540.0,545.0,540.0,540.0,246900
2026-02-26 11:25:00,540.0,545.0,540.0,540.0,440100
2026-02-26 11:30:00,540.0,550.0,540.0,545.0,3070400
2026-02-26 11:35:00,545.0,550.0,545.0,545.0,657500
2026-02-26 11:40:00,545.0,550.0,540.0,540.0,2188100
2026-02-26 11:45:00,545.0,545.0,540.0,545.0,657000
2026-02-26 11:50:00,540.0,545.0,540.0,545.0,59200
2026-02-26 11:55:00,545.0,545.0,540.0,545.0,15600
2026-02-26 13:30:00,540.0,545.0,540.0,540.0,901300
2026-02-26 13:35:00,545.0,545.0,540.0,540.0,565900
2026-02-26 13:40:00,540.0,545.0,540.0,540.0,309600
2026-02-26 13:45:00,540.0,545.0,540.0,540.0,160200
2026-02-26 13:50:00,540.0,545.0,540.0,540.0,226600
2026-02-26 13:55:00,540.0,545.0,540.0,545.0,181400
2026-02-26 14:00:00,540.0,540.0,535.0,535.0,1183400
2026-02-26 14:05:00,535.0,540.0,535.0,535.0,84300
2026-02-26 14:10:00,535.0,540.0,535.0,540.0,9400
2026-02-26 14:15:00,535.0,540.0,535.0,535.0,44800
2026-02-26 14:20:00,535.0,535.0,535.0,535.0,104700
2026-02-26 14:25:00,540.0,540.0,535.0,535.0,47200
2026-02-26 14:30:00,535.0,540.0,535.0,535.0,45500
2026-02-26 14:35:00,535.0,540.0,535.0,535.0,25500
2026-02-26 14:40:00,535.0,540.0,535.0,540.0,37400
2026-02-26 14:45:00,535.0,540.0,535.0,535.0,36900
2026-02-26 14:50:00,540.0,540.0,535.0,540.0,207600
2026-02-26 14:55:00,540.0,540.0,535.0,540.0,166500
2026-02-26 15:00:00,540.0,540.0,535.0,540.0,9000
2026-02-26 15:05:00,540.0,540.0,535.0,535.0,13300
2026-02-26 15:10:00,535.0,540.0,535.0,535.0,6500
2026-02-26 15:15:00,540.0,540.0,535.0,540.0,15100
2026-02-26 15:20:00,540.0,540.0,535.0,540.0,1882900
2026-02-26 15:25:00,540.0,545.0,535.0,535.0,275100
2026-02-26 15:30:00,540.0,540.0,535.0,540.0,548600
2026-02-26 15:35:00,540.0,545.0,540.0,545.0,3824600
2026-02-26 15:40:00,540.0,545.0,540.0,540.0,284000
2026-02-26 15:45:00,540.0,545.0,540.0,545.0,1971700
2026-02-26 16:00:00,540.0,540.0,540.0,540.0,308700
2026-02-26 16:05:00,540.0,540.0,540.0,540.0,188200
2026-02-26 16:10:00,540.0,540.0,540.0,540.0,20000
2026-02-27 09:00:00,545.0,545.0,540.0,540.0,0
2026-02-27 09:05:00,540.0,545.0,540.0,540.0,378900
2026-02-27 09:10:00,545.0,545.0,535.0,535.0,818300
2026-02-27 09:15:00,540.0,540.0,535.0,535.0,130300
2026-02-27 09:20:00,540.0,540.0,535.0,535.0,18200
2026-02-27 09:25:00,535.0,540.0,535.0,535.0,22400
2026-02-27 09:30:00,535.0,540.0,535.0,540.0,14100
2026-02-27 09:35:00,540.0,540.0,535.0,535.0,58000
2026-02-27 09:40:00,535.0,540.0,535.0,540.0,34000
2026-02-27 09:45:00,535.0,540.0,535.0,535.0,53700
2026-02-27 09:50:00,535.0,540.0,535.0,535.0,18600
2026-02-27 09:55:00,535.0,540.0,535.0,535.0,2000
2026-02-27 10:00:00,540.0,540.0,535.0,535.0,8400
2026-02-27 10:05:00,535.0,540.0,535.0,535.0,139700
2026-02-27 10:10:00,535.0,540.0,535.0,540.0,45200
2026-02-27 10:15:00,535.0,540.0,535.0,535.0,1047100
2026-02-27 10:20:00,540.0,540.0,535.0,540.0,216900
2026-02-27 10:25:00,540.0,540.0,540.0,540.0,131000
2026-02-27 10:30:00,540.0,545.0,540.0,540.0,2008900
2026-02-27 10:35:00,540.0,545.0,540.0,545.0,77100
2026-02-27 10:40:00,545.0,545.0,540.0,545.0,66000
2026-02-27 10:45:00,545.0,545.0,545.0,545.0,86300
2026-02-27 10:50:00,545.0,545.0,540.0,540.0,11100
2026-02-27 10:55:00,545.0,545.0,540.0,540.0,3300
2026-02-27 11:00:00,540.0,545.0,540.0,545.0,102000
2026-02-27 11:05:00,540.0,545.0,540.0,540.0,43800
2026-02-27 11:10:00,545.0,545.0,540.0,540.0,26500
2026-02-27 11:15:00,540.0,540.0,540.0,540.0,16600
2026-02-27 11:20:00,540.0,545.0,540.0,545.0,11900
2026-02-27 11:25:00,545.0,545.0,540.0,540.0,181900
2026-02-27 14:00:00,540.0,545.0,540.0,540.0,543100
2026-02-27 14:05:00,540.0,545.0,540.0,540.0,400
2026-02-27 14:10:00,540.0,545.0,540.0,540.0,9200
2026-02-27 14:15:00,540.0,545.0,540.0,540.0,48800
2026-02-27 14:20:00,545.0,545.0,540.0,540.0,143700
2026-02-27 14:25:00,540.0,545.0,540.0,540.0,14000
2026-02-27 14:30:00,540.0,545.0,540.0,540.0,29000
2026-02-27 14:35:00,540.0,545.0,540.0,540.0,268200
2026-02-27 14:40:00,545.0,545.0,540.0,540.0,37700
2026-02-27 14:45:00,540.0,545.0,540.0,540.0,26900
2026-02-27 14:50:00,540.0,545.0,540.0,540.0,16000
2026-02-27 14:55:00,540.0,545.0,540.0,540.0,202400
2026-02-27 15:00:00,540.0,545.0,540.0,540.0,184600
2026-02-27 15:05:00,540.0,545.0,540.0,540.0,22000
2026-02-27 15:10:00,540.0,540.0,540.0,540.0,47600
2026-02-27 15:15:00,540.0,545.0,540.0,540.0,5000
2026-02-27 15:20:00,545.0,545.0,540.0,540.0,233700
2026-02-27 15:25:00,540.0,545.0,540.0,540.0,76200
2026-02-27 15:30:00,540.0,545.0,540.0,540.0,126400
2026-02-27 15:35:00,540.0,545.0,540.0,540.0,326000
2026-02-27 15:40:00,540.0,545.0,540.0,540.0,97100
2026-02-27 15:45:00,540.0,545.0,540.0,540.0,607900
2026-02-27 16:00:00,540.0,540.0,540.0,540.0,2180100
2026-02-27 16:05:00,540.0,540.0,540.0,540.0,851600
2026-02-27 16:10:00,540.0,540.0,540.0,540.0,0
2026-03-02 09:00:00,535.0,540.0,525.0,530.0,0
2026-03-02 09:05:00,530.0,535.0,525.0,530.0,273000
2026-03-02 09:10:00,535.0,535.0,530.0,530.0,489600
2026-03-02 09:15:00,530.0,540.0,530.0,530.0,1909300
2026-03-02 09:20:00,535.0,535.0,530.0,530.0,327900
2026-03-02 09:25:00,535.0,535.0,530.0,535.0,71900
2026-03-02 09:30:00,530.0,535.0,530.0,535.0,140200
2026-03-02 09:35:00,535.0,540.0,530.0,535.0,407800
2026-03-02 09:40:00,535.0,540.0,535.0,535.0,135700
2026-03-02 09:45:00,540.0,540.0,535.0,535.0,112800
2026-03-02 09:50:00,535.0,540.0,530.0,530.0,1549000
2026-03-02 09:55:00,540.0,540.0,530.0,540.0,189700
2026-03-02 10:00:00,535.0,540.0,535.0,540.0,166400
2026-03-02 10:05:00,540.0,540.0,535.0,540.0,83900
2026-03-02 10:10:00,535.0,540.0,535.0,535.0,75700
2026-03-02 10:15:00,540.0,540.0,535.0,535.0,136900
2026-03-02 10:20:00,535.0,540.0,535.0,535.0,81400
2026-03-02 10:25:00,540.0,540.0,535.0,540.0,97700
2026-03-02 10:30:00,540.0,540.0,535.0,535.0,286200
2026-03-02 10:35:00,535.0,540.0,535.0,540.0,108900
2026-03-02 10:40:00,540.0,540.0,530.0,535.0,729000
2026-03-02 10:45:00,535.0,540.0,535.0,535.0,54600
2026-03-02 10:50:00,540.0,540.0,535.0,540.0,143200
2026-03-02 10:55:00,535.0,540.0,535.0,535.0,76800
2026-03-02 11:00:00,535.0,540.0,535.0,535.0,112100
2026-03-02 11:05:00,540.0,540.0,535.0,535.0,115600
2026-03-02 11:10:00,540.0,540.0,535.0,535.0,29000
2026-03-02 11:15:00,540.0,540.0,535.0,540.0,49800
2026-03-02 11:20:00,535.0,540.0,535.0,535.0,78600
2026-03-02 11:25:00,535.0,540.0,535.0,535.0,38800
2026-03-02 11:30:00,540.0,540.0,535.0,540.0,76100
2026-03-02 11:35:00,535.0,540.0,535.0,535.0,60900
2026-03-02 11:40:00,540.0,540.0,535.0,535.0,70600
2026-03-02 11:45:00,535.0,540.0,535.0,535.0,130100
2026-03-02 11:50:00,540.0,540.0,535.0,535.0,53800
2026-03-02 11:55:00,535.0,540.0,535.0,535.0,102900
2026-03-02 13:30:00,535.0,540.0,535.0,535.0,467000
2026-03-02 13:35:00,540.0,540.0,535.0,535.0,25000
2026-03-02 13:40:00,540.0,540.0,535.0,535.0,95900
2026-03-02 13:45:00,535.0,535.0,535.0,535.0,819400
2026-03-02 13:50:00,535.0,540.0,535.0,535.0,121400
2026-03-02 13:55:00,535.0,540.0,535.0,535.0,105200
2026-03-02 14:00:00,535.0,540.0,535.0,535.0,43800
2026-03-02 14:05:00,535.0,540.0,535.0,535.0,165700
2026-03-02 14:10:00,535.0,540.0,530.0,530.0,229400
2026-03-02 14:15:00,530.0,540.0,530.0,535.0,295800
2026-03-02 14:20:00,535.0,540.0,535.0,535.0,57600
2026-03-02 14:25:00,535.0,540.0,535.0,535.0,679300
2026-03-02 14:30:00,540.0,540.0,535.0,535.0,100200
2026-03-02 14:35:00,535.0,540.0,530.0,535.0,144400
2026-03-02 14:40:00,540.0,540.0,535.0,540.0,71700
2026-03-02 14:45:00,540.0,540.0,530.0,530.0,459900
2026-03-02 14:50:00,540.0,540.0,530.0,540.0,269700
2026-03-02 14:55:00,540.0,540.0,535.0,535.0,157800
2026-03-02 15:00:00,535.0,540.0,535.0,535.0,81800
2026-03-02 15:05:00,540.0,540.0,535.0,535.0,76100
2026-03-02 15:10:00,540.0,540.0,530.0,535.0,658300
2026-03-02 15:15:00,535.0,540.0,530.0,530.0,132800
2026-03-02 15:20:00,535.0,535.0,530.0,535.0,459400
2026-03-02 15:25:00,535.0,540.0,535.0,535.0,407300
2026-03-02 15:30:00,530.0,540.0,530.0,535.0,100700
2026-03-02 15:35:00,535.0,540.0,530.0,535.0,261900
2026-03-02 15:40:00,535.0,535.0,530.0,535.0,139900
2026-03-02 15:45:00,535.0,540.0,530.0,535.0,195900
2026-03-02 16:00:00,535.0,535.0,535.0,535.0,268100
2026-03-02 16:05:00,535.0,535.0,535.0,535.0,2700
2026-03-02 16:10:00,535.0,535.0,535.0,535.0,22300
2026-03-03 09:00:00,535.0,535.0,530.0,530.0,0
2026-03-03 09:05:00,535.0,535.0,530.0,535.0,34000
2026-03-03 09:10:00,535.0,535.0,530.0,535.0,58800
2026-03-03 09:15:00,530.0,535.0,530.0,535.0,100700
2026-03-03 09:20:00,535.0,535.0,530.0,535.0,50600
2026-03-03 09:25:00,530.0,535.0,530.0,530.0,154500
2026-03-03 09:30:00,535.0,535.0,530.0,530.0,23700
2026-03-03 09:35:00,535.0,535.0,530.0,535.0,38300
2026-03-03 09:40:00,530.0,535.0,530.0,530.0,46500
2026-03-03 09:45:00,530.0,535.0,530.0,535.0,93200
2026-03-03 09:50:00,535.0,535.0,530.0,530.0,49900
2026-03-03 09:55:00,530.0,535.0,530.0,535.0,50100
2026-03-03 10:00:00,530.0,535.0,530.0,535.0,25500
2026-03-03 10:05:00,535.0,535.0,530.0,530.0,21500
2026-03-03 10:10:00,535.0,535.0,530.0,535.0,37000
2026-03-03 10:15:00,535.0,535.0,530.0,530.0,56400
2026-03-03 10:20:00,535.0,535.0,530.0,535.0,62700
2026-03-03 10:25:00,535.0,535.0,530.0,535.0,27300
2026-03-03 10:30:00,535.0,535.0,530.0,530.0,58000
2026-03-03 10:35:00,530.0,530.0,530.0,530.0,385400
2026-03-03 10:40:00,535.0,535.0,530.0,530.0,62700
2026-03-03 10:45:00,530.0,535.0,530.0,535.0,17300
2026-03-03 10:50:00,530.0,535.0,530.0,535.0,27900
2026-03-03 10:55:00,535.0,535.0,530.0,535.0,139000
2026-03-03 11:00:00,535.0,535.0,530.0,535.0,51100
2026-03-03 11:05:00,535.0,535.0,530.0,535.0,63500
2026-03-03 11:10:00,530.0,535.0,530.0,535.0,43500
2026-03-03 11:15:00,535.0,535.0,530.0,535.0,40100
2026-03-03 11:20:00,535.0,535.0,530.0,530.0,103000
2026-03-03 11:25:00,535.0,535.0,530.0,530.0,41700
2026-03-03 11:30:00,535.0,535.0,530.0,535.0,21400
2026-03-03 11:35:00,535.0,535.0,535.0,535.0,0
2026-03-03 11:40:00,535.0,535.0,530.0,530.0,1800
2026-03-03 11:45:00,535.0,535.0,530.0,535.0,25700
2026-03-03 11:50:00,535.0,535.0,530.0,535.0,11800
2026-03-03 11:55:00,535.0,535.0,530.0,535.0,31700
2026-03-03 13:30:00,535.0,535.0,530.0,530.0,833400
2026-03-03 13:35:00,535.0,535.0,530.0,530.0,41200
2026-03-03 13:40:00,530.0,535.0,530.0,530.0,59000
2026-03-03 13:45:00,535.0,535.0,530.0,535.0,16500
2026-03-03 13:50:00,530.0,535.0,530.0,535.0,67100
2026-03-03 13:55:00,530.0,535.0,530.0,530.0,18600
2026-03-03 14:00:00,530.0,535.0,530.0,530.0,38800
2026-03-03 14:05:00,535.0,535.0,530.0,535.0,33000
2026-03-03 14:10:00,535.0,535.0,530.0,535.0,45400
2026-03-03 14:15:00,530.0,535.0,530.0,535.0,84700
2026-03-03 14:20:00,535.0,535.0,530.0,535.0,108600
2026-03-03 14:25:00,530.0,535.0,530.0,535.0,21700
2026-03-03 14:30:00,535.0,535.0,530.0,535.0,34400
2026-03-03 14:35:00,535.0,535.0,530.0,535.0,41100
2026-03-03 14:40:00,530.0,535.0,530.0,535.0,15000
2026-03-03 14:45:00,535.0,535.0,530.0,535.0,16200
2026-03-03 14:50:00,535.0,535.0,530.0,535.0,31900
2026-03-03 14:55:00,535.0,535.0,530.0,535.0,7800
2026-03-03 15:00:00,535.0,535.0,530.0,535.0,56600
2026-03-03 15:05:00,530.0,535.0,530.0,535.0,5400
2026-03-03 15:10:00,535.0,535.0,525.0,530.0,2262100
2026-03-03 15:15:00,530.0,530.0,525.0,530.0,24500
2026-03-03 15:20:00,530.0,530.0,525.0,525.0,59100
2026-03-03 15:25:00,530.0,530.0,525.0,530.0,90600
2026-03-03 15:30:00,530.0,530.0,525.0,530.0,104100
2026-03-03 15:35:00,530.0,530.0,525.0,530.0,79400
2026-03-03 15:40:00,530.0,530.0,525.0,530.0,57300
2026-03-03 15:45:00,530.0,530.0,525.0,525.0,135300
2026-03-03 16:00:00,525.0,525.0,525.0,525.0,215300
2026-03-03 16:05:00,525.0,525.0,525.0,525.0,2000
2026-03-03 16:10:00,525.0,525.0,525.0,525.0,600
2026-03-04 09:00:00,525.0,530.0,525.0,525.0,0
2026-03-04 09:05:00,530.0,540.0,525.0,530.0,4634600
2026-03-04 09:10:00,530.0,535.0,530.0,530.0,387200
2026-03-04 09:15:00,530.0,535.0,530.0,530.0,250100
2026-03-04 09:20:00,530.0,535.0,530.0,535.0,216800
2026-03-04 09:25:00,530.0,535.0,530.0,530.0,541600
2026-03-04 09:30:00,530.0,530.0,525.0,530.0,307800
2026-03-04 09:35:00,530.0,530.0,525.0,530.0,31500
2026-03-04 09:40:00,530.0,530.0,525.0,525.0,52000
2026-03-04 09:45:00,525.0,530.0,525.0,530.0,77900
2026-03-04 09:50:00,530.0,530.0,525.0,530.0,48500
2026-03-04 09:55:00,530.0,530.0,525.0,525.0,100200
2026-03-04 10:00:00,530.0,530.0,525.0,525.0,156200
2026-03-04 10:05:00,525.0,530.0,525.0,525.0,34600
2026-03-04 10:10:00,530.0,530.0,520.0,520.0,2043900
2026-03-04 10:15:00,520.0,525.0,520.0,525.0,178500
2026-03-04 10:20:00,520.0,525.0,520.0,520.0,123200
2026-03-04 10:25:00,525.0,525.0,515.0,515.0,2392500
2026-03-04 10:30:00,515.0,525.0,515.0,515.0,1278500
2026-03-04 10:35:00,520.0,525.0,515.0,520.0,729800
2026-03-04 10:40:00,520.0,525.0,520.0,520.0,106500
2026-03-04 10:45:00,525.0,525.0,520.0,525.0,55000
2026-03-04 10:50:00,520.0,525.0,520.0,525.0,79000
2026-03-04 10:55:00,525.0,525.0,520.0,525.0,869400
2026-03-04 11:00:00,520.0,525.0,515.0,520.0,556200
2026-03-04 11:05:00,520.0,520.0,515.0,520.0,110600
2026-03-04 11:10:00,520.0,520.0,515.0,520.0,553800
2026-03-04 11:15:00,520.0,520.0,515.0,520.0,116100
2026-03-04 11:20:00,520.0,520.0,515.0,520.0,40700
2026-03-04 11:25:00,520.0,520.0,515.0,520.0,50900
2026-03-04 11:30:00,520.0,520.0,515.0,520.0,14300
2026-03-04 11:35:00,520.0,520.0,515.0,520.0,108600
2026-03-04 11:40:00,515.0,520.0,515.0,520.0,75700
2026-03-04 11:45:00,520.0,520.0,515.0,520.0,73700
2026-03-04 11:50:00,520.0,520.0,515.0,520.0,50800
2026-03-04 11:55:00,520.0,520.0,515.0,520.0,230300
2026-03-04 13:30:00,520.0,520.0,515.0,515.0,404200
2026-03-04 13:35:00,515.0,520.0,515.0,520.0,67700
2026-03-04 13:40:00,520.0,520.0,515.0,515.0,126400
2026-03-04 13:45:00,520.0,520.0,515.0,515.0,166800
2026-03-04 13:50:00,515.0,520.0,515.0,520.0,25000
2026-03-04 13:55:00,515.0,520.0,515.0,520.0,366000
2026-03-04 14:00:00,515.0,520.0,515.0,515.0,57300
2026-03-04 14:05:00,515.0,520.0,515.0,515.0,198400
2026-03-04 14:10:00,515.0,520.0,515.0,515.0,189000
2026-03-04 14:15:00,520.0,520.0,515.0,515.0,38500
2026-03-04 14:20:00,515.0,520.0,515.0,515.0,108000
2026-03-04 14:25:00,515.0,520.0,515.0,520.0,389700
2026-03-04 14:30:00,520.0,520.0,515.0,515.0,41400
2026-03-04 14:35:00,515.0,520.0,515.0,520.0,44300
2026-03-04 14:40:00,515.0,520.0,515.0,515.0,71900
2026-03-04 14:45:00,515.0,520.0,515.0,515.0,33700
2026-03-04 14:50:00,515.0,520.0,515.0,515.0,82500
2026-03-04 14:55:00,515.0,520.0,515.0,515.0,146800
2026-03-04 15:00:00,515.0,520.0,515.0,520.0,182300
2026-03-04 15:05:00,520.0,520.0,515.0,515.0,38100
2026-03-04 15:10:00,520.0,520.0,515.0,515.0,57100
2026-03-04 15:15:00,515.0,520.0,515.0,520.0,30200
2026-03-04 15:20:00,520.0,520.0,515.0,520.0,80500
2026-03-04 15:25:00,520.0,520.0,515.0,515.0,55500
2026-03-04 15:30:00,515.0,520.0,515.0,520.0,97800
2026-03-04 15:35:00,520.0,520.0,515.0,515.0,372600
2026-03-04 15:40:00,515.0,520.0,515.0,520.0,166800
2026-03-04 15:45:00,515.0,520.0,515.0,515.0,1367900
2026-03-04 16:00:00,520.0,520.0,520.0,520.0,538800
2026-03-04 16:05:00,520.0,520.0,520.0,520.0,199300
2026-03-04 16:10:00,520.0,520.0,520.0,520.0,0
2026-03-05 09:00:00,525.0,525.0,520.0,525.0,0
2026-03-05 09:05:00,525.0,525.0,520.0,525.0,66700
2026-03-05 09:10:00,520.0,525.0,520.0,520.0,329600
2026-03-05 09:15:00,520.0,525.0,520.0,520.0,56500
2026-03-05 09:20:00,520.0,525.0,520.0,525.0,254500
2026-03-05 09:25:00,520.0,525.0,520.0,520.0,199800
2026-03-05 09:30:00,520.0,525.0,520.0,525.0,57200
2026-03-05 09:35:00,525.0,525.0,520.0,525.0,34300
2026-03-05 09:40:00,525.0,525.0,520.0,520.0,73100
2026-03-05 09:45:00,525.0,525.0,520.0,525.0,83200
2026-03-05 09:50:00,525.0,525.0,520.0,525.0,140700
2026-03-05 09:55:00,520.0,525.0,520.0,520.0,51100
2026-03-05 10:00:00,520.0,525.0,520.0,520.0,20500
2026-03-05 10:05:00,525.0,525.0,520.0,525.0,66300
2026-03-05 10:10:00,525.0,525.0,520.0,520.0,53400
2026-03-05 10:15:00,525.0,525.0,520.0,525.0,97500
2026-03-05 10:20:00,520.0,525.0,520.0,520.0,21900
2026-03-05 10:25:00,520.0,525.0,520.0,525.0,51200
2026-03-05 10:30:00,520.0,525.0,520.0,525.0,902100
2026-03-05 10:35:00,525.0,525.0,520.0,525.0,13800
2026-03-05 10:40:00,525.0,525.0,520.0,525.0,91100
2026-03-05 10:45:00,525.0,525.0,520.0,520.0,52100
2026-03-05 10:50:00,520.0,525.0,520.0,525.0,14600
2026-03-05 10:55:00,525.0,525.0,520.0,525.0,8800
2026-03-05 11:00:00,520.0,525.0,520.0,520.0,71000
2026-03-05 11:05:00,525.0,525.0,520.0,520.0,36200
2026-03-05 11:10:00,525.0,525.0,520.0,525.0,21700
2026-03-05 11:15:00,520.0,525.0,520.0,525.0,17300
2026-03-05 11:20:00,525.0,525.0,520.0,520.0,18500
2026-03-05 11:25:00,525.0,525.0,520.0,525.0,60100
2026-03-05 11:30:00,525.0,525.0,520.0,525.0,243300
2026-03-05 11:35:00,520.0,525.0,520.0,520.0,79000
2026-03-05 11:40:00,520.0,525.0,520.0,525.0,1200
2026-03-05 11:45:00,525.0,525.0,520.0,520.0,224200
2026-03-05 11:50:00,525.0,525.0,520.0,520.0,68400
2026-03-05 11:55:00,525.0,525.0,520.0,525.0,0
2026-03-05 13:30:00,525.0,525.0,520.0,525.0,674900
2026-03-05 13:35:00,525.0,525.0,520.0,525.0,17300
2026-03-05 13:40:00,525.0,525.0,520.0,525.0,43300
2026-03-05 13:45:00,525.0,525.0,520.0,520.0,21800
2026-03-05 13:50:00,520.0,525.0,520.0,525.0,244900
2026-03-05 13:55:00,525.0,525.0,520.0,520.0,10900
2026-03-05 14:00:00,525.0,525.0,520.0,525.0,569900
2026-03-05 14:05:00,520.0,525.0,520.0,525.0,156400
2026-03-05 14:10:00,525.0,525.0,520.0,525.0,22200
2026-03-05 14:15:00,525.0,525.0,520.0,525.0,15500
2026-03-05 14:20:00,525.0,525.0,520.0,525.0,8300
2026-03-05 14:25:00,525.0,525.0,520.0,520.0,31100
2026-03-05 14:30:00,525.0,525.0,520.0,525.0,180800
2026-03-05 14:35:00,525.0,525.0,520.0,525.0,10200
2026-03-05 14:40:00,525.0,525.0,520.0,525.0,103900
2026-03-05 14:45:00,525.0,525.0,520.0,525.0,257600
2026-03-05 14:50:00,525.0,525.0,520.0,525.0,342400
2026-03-05 14:55:00,525.0,525.0,525.0,525.0,0
2026-03-05 15:00:00,525.0,525.0,520.0,525.0,134500
2026-03-05 15:05:00,520.0,525.0,520.0,525.0,9700
2026-03-05 15:10:00,520.0,525.0,520.0,525.0,72100
2026-03-05 15:15:00,525.0,525.0,525.0,525.0,8000
2026-03-05 15:20:00,525.0,525.0,520.0,520.0,2900
2026-03-05 15:25:00,525.0,525.0,520.0,525.0,6500
2026-03-05 15:30:00,525.0,525.0,520.0,525.0,56200
2026-03-05 15:35:00,520.0,525.0,520.0,525.0,60700
2026-03-05 15:40:00,520.0,525.0,520.0,525.0,73000
2026-03-05 15:45:00,520.0,525.0,520.0,520.0,51100
2026-03-05 16:00:00,520.0,520.0,520.0,520.0,103800
2026-03-05 16:05:00,520.0,520.0,520.0,520.0,5900
2026-03-05 16:10:00,520.0,520.0,520.0,520.0,0
2026-03-06 09:00:00,525.0,525.0,520.0,525.0,0
2026-03-06 09:05:00,525.0,525.0,520.0,525.0,22900
2026-03-06 09:10:00,525.0,525.0,520.0,525.0,11200
2026-03-06 09:15:00,525.0,525.0,520.0,520.0,25000
2026-03-06 09:20:00,525.0,525.0,520.0,525.0,74000
2026-03-06 09:25:00,525.0,525.0,520.0,525.0,9000
2026-03-06 09:30:00,520.0,525.0,520.0,525.0,94000
2026-03-06 09:35:00,520.0,525.0,520.0,525.0,40700
2026-03-06 09:40:00,525.0,525.0,515.0,520.0,510800
2026-03-06 09:45:00,515.0,520.0,515.0,520.0,62000
2026-03-06 09:50:00,520.0,520.0,515.0,515.0,33900
2026-03-06 09:55:00,520.0,520.0,515.0,520.0,9600
2026-03-06 10:00:00,520.0,520.0,515.0,520.0,32400
2026-03-06 10:05:00,520.0,520.0,515.0,520.0,20900
2026-03-06 10:10:00,515.0,520.0,515.0,520.0,103900
2026-03-06 10:15:00,520.0,520.0,515.0,520.0,57300
2026-03-06 10:20:00,520.0,520.0,515.0,515.0,123900
2026-03-06 10:25:00,515.0,520.0,515.0,520.0,23200
2026-03-06 10:30:00,520.0,520.0,515.0,515.0,6400
2026-03-06 10:35:00,520.0,520.0,515.0,520.0,74000
2026-03-06 10:40:00,520.0,520.0,520.0,520.0,3900
2026-03-06 10:45:00,520.0,520.0,520.0,520.0,4700
2026-03-06 10:50:00,520.0,520.0,515.0,520.0,2000
2026-03-06 10:55:00,520.0,520.0,515.0,520.0,37900
2026-03-06 11:00:00,520.0,525.0,515.0,520.0,1227600
2026-03-06 11:05:00,520.0,520.0,515.0,520.0,162600
2026-03-06 11:10:00,520.0,520.0,520.0,520.0,3000
2026-03-06 11:15:00,520.0,520.0,515.0,520.0,35900
2026-03-06 11:20:00,520.0,520.0,515.0,520.0,7200
2026-03-06 11:25:00,520.0,520.0,515.0,520.0,32900
2026-03-06 14:00:00,520.0,520.0,515.0,520.0,509600
2026-03-06 14:05:00,520.0,520.0,515.0,520.0,9500
2026-03-06 14:10:00,515.0,520.0,515.0,520.0,242900
2026-03-06 14:15:00,520.0,520.0,515.0,515.0,61600
2026-03-06 14:20:00,520.0,520.0,515.0,520.0,100300
2026-03-06 14:25:00,520.0,520.0,515.0,515.0,15900
2026-03-06 14:30:00,520.0,520.0,515.0,520.0,11300
2026-03-06 14:35:00,520.0,520.0,515.0,520.0,84300
2026-03-06 14:40:00,520.0,520.0,515.0,520.0,15200
2026-03-06 14:45:00,520.0,520.0,515.0,520.0,14800
2026-03-06 14:50:00,520.0,520.0,515.0,520.0,453800
2026-03-06 14:55:00,520.0,520.0,515.0,520.0,32900
2026-03-06 15:00:00,515.0,520.0,515.0,520.0,21900
2026-03-06 15:05:00,520.0,525.0,520.0,525.0,110300
2026-03-06 15:10:00,520.0,525.0,520.0,520.0,123300
2026-03-06 15:15:00,525.0,525.0,520.0,525.0,19100
2026-03-06 15:20:00,520.0,525.0,520.0,520.0,289000
2026-03-06 15:25:00,525.0,525.0,520.0,520.0,43000
2026-03-06 15:30:00,525.0,525.0,520.0,525.0,1797500
2026-03-06 15:35:00,525.0,525.0,520.0,525.0,25800
2026-03-06 15:40:00,525.0,525.0,520.0,520.0,87100
2026-03-06 15:45:00,520.0,525.0,520.0,525.0,48800
2026-03-06 16:00:00,520.0,520.0,520.0,520.0,499000
2026-03-06 16:05:00,520.0,520.0,520.0,520.0,30100
2026-03-06 16:10:00,520.0,520.0,520.0,520.0,0
2026-03-09 09:00:00,520.0,525.0,510.0,510.0,0
2026-03-09 09:05:00,510.0,515.0,505.0,505.0,1653200
2026-03-09 09:10:00,510.0,510.0,505.0,505.0,858400
2026-03-09 09:15:00,510.0,510.0,505.0,510.0,1886700
2026-03-09 09:20:00,515.0,515.0,510.0,515.0,250300
2026-03-09 09:25:00,515.0,515.0,510.0,510.0,335000
2026-03-09 09:30:00,510.0,515.0,510.0,510.0,62000
2026-03-09 09:35:00,515.0,515.0,510.0,510.0,56200
2026-03-09 09:40:00,510.0,515.0,510.0,515.0,382800
2026-03-09 09:45:00,515.0,515.0,510.0,515.0,49000
2026-03-09 09:50:00,510.0,515.0,510.0,515.0,100600
2026-03-09 09:55:00,515.0,515.0,510.0,515.0,75100
2026-03-09 10:00:00,510.0,515.0,510.0,510.0,150200
2026-03-09 10:05:00,510.0,510.0,505.0,510.0,1686700
2026-03-09 10:10:00,510.0,510.0,505.0,510.0,68600
2026-03-09 10:15:00,505.0,510.0,505.0,505.0,197200
2026-03-09 10:20:00,510.0,510.0,505.0,505.0,246900
2026-03-09 10:25:00,505.0,510.0,505.0,510.0,231400
2026-03-09 10:30:00,505.0,510.0,505.0,510.0,51400
2026-03-09 10:35:00,510.0,510.0,505.0,505.0,61800
2026-03-09 10:40:00,510.0,510.0,505.0,510.0,176200
2026-03-09 10:45:00,510.0,510.0,505.0,505.0,24900
2026-03-09 10:50:00,510.0,510.0,505.0,510.0,267600
2026-03-09 10:55:00,510.0,510.0,505.0,505.0,30900
2026-03-09 11:00:00,505.0,510.0,505.0,510.0,107300
2026-03-09 11:05:00,510.0,510.0,505.0,510.0,18600
2026-03-09 11:10:00,510.0,510.0,505.0,505.0,54000
2026-03-09 11:15:00,505.0,510.0,505.0,505.0,488100
2026-03-09 11:20:00,505.0,510.0,505.0,505.0,53900
2026-03-09 11:25:00,505.0,510.0,505.0,505.0,21700
2026-03-09 11:30:00,505.0,510.0,505.0,505.0,35900
2026-03-09 11:35:00,505.0,510.0,505.0,505.0,249300
2026-03-09 11:40:00,505.0,510.0,505.0,505.0,87200
2026-03-09 11:45:00,505.0,510.0,505.0,505.0,81700
2026-03-09 11:50:00,505.0,510.0,505.0,505.0,88500
2026-03-09 11:55:00,505.0,510.0,505.0,505.0,162900
2026-03-09 13:30:00,510.0,510.0,505.0,510.0,475700
2026-03-09 13:35:00,505.0,510.0,505.0,510.0,132900
2026-03-09 13:40:00,510.0,510.0,505.0,505.0,174300
2026-03-09 13:45:00,510.0,510.0,505.0,510.0,266300
2026-03-09 13:50:00,505.0,510.0,505.0,505.0,60200
2026-03-09 13:55:00,505.0,510.0,505.0,505.0,67500
2026-03-09 14:00:00,510.0,510.0,505.0,505.0,786500
2026-03-09 14:05:00,505.0,510.0,505.0,505.0,186000
2026-03-09 14:10:00,505.0,510.0,505.0,505.0,113100
2026-03-09 14:15:00,505.0,510.0,505.0,505.0,58100
2026-03-09 14:20:00,510.0,510.0,505.0,505.0,74600
2026-03-09 14:25:00,505.0,510.0,505.0,510.0,18400
2026-03-09 14:30:00,510.0,510.0,505.0,510.0,112200
2026-03-09 14:35:00,510.0,510.0,505.0,510.0,79100
2026-03-09 14:40:00,510.0,510.0,505.0,510.0,504300
2026-03-09 14:45:00,510.0,510.0,505.0,505.0,105200
2026-03-09 14:50:00,510.0,510.0,505.0,505.0,93100
2026-03-09 14:55:00,510.0,510.0,505.0,505.0,114700
2026-03-09 15:00:00,510.0,510.0,505.0,505.0,135500
2026-03-09 15:05:00,510.0,510.0,505.0,510.0,82900
2026-03-09 15:10:00,510.0,510.0,505.0,510.0,756200
2026-03-09 15:15:00,510.0,510.0,505.0,510.0,155300
2026-03-09 15:20:00,505.0,510.0,505.0,510.0,143700
2026-03-09 15:25:00,510.0,510.0,505.0,505.0,87400
2026-03-09 15:30:00,510.0,510.0,505.0,510.0,529000
2026-03-09 15:35:00,510.0,510.0,505.0,510.0,149200
2026-03-09 15:40:00,510.0,510.0,505.0,510.0,392100
2026-03-09 15:45:00,510.0,510.0,505.0,510.0,247300
2026-03-09 16:00:00,510.0,510.0,510.0,510.0,244900
2026-03-09 16:05:00,510.0,510.0,510.0,510.0,12700
2026-03-09 16:10:00,510.0,510.0,510.0,510.0,400
2026-03-10 09:00:00,510.0,515.0,510.0,515.0,0
2026-03-10 09:05:00,515.0,515.0,510.0,515.0,586600
2026-03-10 09:10:00,515.0,515.0,510.0,515.0,97700
2026-03-10 09:15:00,515.0,515.0,510.0,515.0,94300
2026-03-10 09:20:00,515.0,515.0,510.0,515.0,37800
2026-03-10 09:25:00,515.0,515.0,510.0,515.0,20700
2026-03-10 09:30:00,515.0,515.0,510.0,515.0,989500
2026-03-10 09:35:00,515.0,515.0,510.0,510.0,144400
2026-03-10 09:40:00,510.0,515.0,510.0,510.0,100300
2026-03-10 09:45:00,515.0,515.0,510.0,510.0,271400
2026-03-10 09:50:00,510.0,515.0,510.0,510.0,148800
2026-03-10 09:55:00,510.0,515.0,510.0,510.0,183100
2026-03-10 10:00:00,510.0,515.0,505.0,510.0,886000
2026-03-10 10:05:00,510.0,510.0,505.0,510.0,80500
2026-03-10 10:10:00,505.0,510.0,505.0,510.0,76100
2026-03-10 10:15:00,510.0,510.0,505.0,510.0,163200
2026-03-10 10:20:00,510.0,510.0,505.0,510.0,72900
2026-03-10 10:25:00,510.0,510.0,505.0,510.0,42300
2026-03-10 10:30:00,510.0,510.0,505.0,510.0,123500
2026-03-10 10:35:00,510.0,510.0,505.0,510.0,200600
2026-03-10 10:40:00,510.0,510.0,505.0,505.0,116800
2026-03-10 10:45:00,510.0,510.0,505.0,505.0,158800
2026-03-10 10:50:00,510.0,510.0,505.0,505.0,116100
2026-03-10 10:55:00,510.0,510.0,505.0,505.0,1200
2026-03-10 11:00:00,505.0,510.0,505.0,510.0,165500
2026-03-10 11:05:00,510.0,510.0,505.0,510.0,100000
2026-03-10 11:10:00,510.0,510.0,505.0,510.0,129800
2026-03-10 11:15:00,510.0,510.0,505.0,505.0,42100
2026-03-10 11:20:00,510.0,510.0,505.0,510.0,185500
2026-03-10 11:25:00,510.0,510.0,505.0,505.0,130300
2026-03-10 11:30:00,510.0,510.0,505.0,505.0,20100
2026-03-10 11:35:00,505.0,510.0,505.0,510.0,155800
2026-03-10 11:40:00,505.0,510.0,505.0,505.0,107700
2026-03-10 11:45:00,505.0,510.0,505.0,505.0,182400
2026-03-10 11:50:00,505.0,510.0,505.0,510.0,94500
2026-03-10 11:55:00,505.0,510.0,505.0,505.0,127400
2026-03-10 13:30:00,505.0,510.0,505.0,505.0,175600
2026-03-10 13:35:00,510.0,510.0,505.0,510.0,66900
2026-03-10 13:40:00,505.0,510.0,505.0,510.0,39900
2026-03-10 13:45:00,505.0,510.0,505.0,510.0,69200
2026-03-10 13:50:00,505.0,510.0,505.0,505.0,309500
2026-03-10 13:55:00,505.0,510.0,505.0,505.0,55500
2026-03-10 14:00:00,505.0,510.0,505.0,505.0,455100
2026-03-10 14:05:00,505.0,510.0,505.0,505.0,155000
2026-03-10 14:10:00,510.0,510.0,505.0,505.0,115700
2026-03-10 14:15:00,505.0,510.0,505.0,505.0,149900
2026-03-10 14:20:00,505.0,510.0,505.0,505.0,131800
2026-03-10 14:25:00,505.0,510.0,505.0,505.0,123700
2026-03-10 14:30:00,505.0,510.0,505.0,505.0,281400
2026-03-10 14:35:00,505.0,510.0,505.0,505.0,258800
2026-03-10 14:40:00,505.0,510.0,505.0,505.0,253800
2026-03-10 14:45:00,505.0,510.0,505.0,505.0,112200
2026-03-10 14:50:00,505.0,510.0,505.0,505.0,111200
2026-03-10 14:55:00,505.0,510.0,505.0,505.0,80300
2026-03-10 15:00:00,510.0,510.0,505.0,510.0,122300
2026-03-10 15:05:00,505.0,510.0,505.0,505.0,74200
2026-03-10 15:10:00,505.0,510.0,505.0,505.0,293100
2026-03-10 15:15:00,505.0,510.0,505.0,505.0,67400
2026-03-10 15:20:00,505.0,510.0,505.0,505.0,155200
2026-03-10 15:25:00,505.0,510.0,505.0,505.0,180200
2026-03-10 15:30:00,505.0,510.0,505.0,510.0,173700
2026-03-10 15:35:00,510.0,510.0,505.0,505.0,146100
2026-03-10 15:40:00,510.0,510.0,505.0,505.0,156200
2026-03-10 15:45:00,505.0,510.0,505.0,505.0,1911700
2026-03-10 16:00:00,505.0,505.0,505.0,505.0,622700
2026-03-10 16:10:00,505.0,505.0,505.0,505.0,0
2026-03-11 09:00:00,510.0,510.0,505.0,505.0,0
2026-03-11 09:05:00,510.0,510.0,505.0,510.0,43100
2026-03-11 09:10:00,510.0,510.0,505.0,510.0,64400
2026-03-11 09:15:00,510.0,510.0,505.0,505.0,1069800
2026-03-11 09:20:00,505.0,510.0,505.0,505.0,168800
2026-03-11 09:25:00,510.0,510.0,505.0,505.0,241400
2026-03-11 09:30:00,510.0,510.0,505.0,510.0,71100
2026-03-11 09:35:00,510.0,510.0,505.0,510.0,89800
2026-03-11 09:40:00,510.0,510.0,505.0,510.0,269900
2026-03-11 09:45:00,510.0,515.0,505.0,510.0,2771700
2026-03-11 09:50:00,510.0,515.0,510.0,510.0,70000
2026-03-11 09:55:00,510.0,515.0,510.0,510.0,152600
2026-03-11 10:00:00,515.0,515.0,510.0,510.0,69400
2026-03-11 10:05:00,510.0,515.0,510.0,510.0,74900
2026-03-11 10:10:00,515.0,515.0,510.0,515.0,19400
2026-03-11 10:15:00,515.0,515.0,510.0,510.0,147100
2026-03-11 10:20:00,515.0,515.0,510.0,515.0,95800
2026-03-11 10:25:00,515.0,515.0,510.0,515.0,44400
2026-03-11 10:30:00,515.0,520.0,510.0,515.0,791100
2026-03-11 10:35:00,515.0,520.0,515.0,515.0,37700
2026-03-11 10:40:00,515.0,520.0,515.0,520.0,38900
2026-03-11 10:45:00,520.0,520.0,515.0,515.0,23600
2026-03-11 10:50:00,520.0,520.0,515.0,515.0,77900
2026-03-11 10:55:00,515.0,520.0,515.0,520.0,19700
2026-03-11 11:00:00,515.0,520.0,515.0,520.0,98400
2026-03-11 11:05:00,515.0,520.0,515.0,515.0,80700
2026-03-11 11:10:00,515.0,515.0,510.0,510.0,209200
2026-03-11 11:15:00,515.0,515.0,510.0,510.0,80400
2026-03-11 11:20:00,510.0,515.0,510.0,515.0,231300
2026-03-11 11:25:00,515.0,515.0,510.0,510.0,31100
2026-03-11 11:30:00,510.0,515.0,510.0,515.0,16100
2026-03-11 11:35:00,515.0,515.0,510.0,510.0,35800
2026-03-11 11:40:00,515.0,515.0,510.0,515.0,42700
2026-03-11 11:45:00,515.0,515.0,510.0,515.0,57000
2026-03-11 11:50:00,510.0,515.0,510.0,510.0,58100
2026-03-11 11:55:00,510.0,515.0,510.0,510.0,48600
2026-03-11 13:30:00,515.0,515.0,510.0,510.0,258500
2026-03-11 13:35:00,510.0,515.0,510.0,515.0,17700
2026-03-11 13:40:00,510.0,515.0,510.0,510.0,23400
2026-03-11 13:45:00,510.0,515.0,510.0,515.0,28600
2026-03-11 13:50:00,515.0,515.0,510.0,510.0,44400
2026-03-11 13:55:00,510.0,515.0,510.0,510.0,27900
2026-03-11 14:00:00,510.0,515.0,510.0,515.0,50100
2026-03-11 14:05:00,510.0,515.0,510.0,510.0,56200
2026-03-11 14:10:00,510.0,515.0,510.0,515.0,87900
2026-03-11 14:15:00,515.0,515.0,510.0,515.0,66400
2026-03-11 14:20:00,515.0,515.0,510.0,510.0,62700
2026-03-11 14:25:00,510.0,515.0,510.0,510.0,58800
2026-03-11 14:30:00,515.0,515.0,510.0,510.0,52300
2026-03-11 14:35:00,510.0,515.0,510.0,510.0,83300
2026-03-11 14:40:00,515.0,515.0,510.0,515.0,19400
2026-03-11 14:45:00,510.0,515.0,510.0,510.0,81100
2026-03-11 14:50:00,515.0,515.0,510.0,510.0,56800
2026-03-11 14:55:00,510.0,515.0,510.0,510.0,68500
2026-03-11 15:00:00,515.0,515.0,510.0,515.0,60200
2026-03-11 15:05:00,510.0,515.0,510.0,515.0,1107700
2026-03-11 15:10:00,515.0,515.0,510.0,515.0,0
2026-03-11 15:15:00,515.0,515.0,510.0,515.0,7900
2026-03-11 15:20:00,515.0,515.0,510.0,510.0,14500
2026-03-11 15:25:00,515.0,515.0,510.0,510.0,52300
2026-03-11 15:30:00,515.0,515.0,510.0,515.0,75700
2026-03-11 15:35:00,510.0,515.0,510.0,515.0,230800
2026-03-11 15:40:00,515.0,515.0,510.0,510.0,268500
2026-03-11 15:45:00,515.0,515.0,510.0,510.0,379300
2026-03-11 16:00:00,510.0,510.0,510.0,510.0,151900
2026-03-11 16:05:00,510.0,510.0,510.0,510.0,2000
2026-03-11 16:10:00,510.0,510.0,510.0,510.0,0
2026-03-12 09:00:00,515.0,515.0,510.0,515.0,0
2026-03-12 09:05:00,515.0,515.0,510.0,515.0,40800
2026-03-12 09:10:00,515.0,515.0,510.0,515.0,3600
2026-03-12 09:15:00,510.0,515.0,510.0,515.0,88400
2026-03-12 09:20:00,515.0,515.0,510.0,515.0,498800
2026-03-12 09:25:00,515.0,515.0,510.0,515.0,301800
2026-03-12 09:30:00,515.0,515.0,510.0,510.0,189200
2026-03-12 09:35:00,515.0,515.0,510.0,510.0,11600
2026-03-12 09:40:00,510.0,515.0,510.0,510.0,11700
2026-03-12 09:45:00,515.0,515.0,510.0,515.0,100100
2026-03-12 09:50:00,515.0,515.0,510.0,515.0,19300
2026-03-12 09:55:00,510.0,515.0,510.0,510.0,4100
2026-03-12 10:00:00,515.0,515.0,510.0,510.0,84800
2026-03-12 10:05:00,510.0,515.0,510.0,510.0,31800
2026-03-12 10:10:00,510.0,515.0,510.0,510.0,213000
2026-03-12 10:15:00,510.0,515.0,510.0,510.0,13400
2026-03-12 10:20:00,510.0,515.0,510.0,510.0,29400
2026-03-12 10:25:00,510.0,515.0,510.0,515.0,57100
2026-03-12 10:30:00,510.0,515.0,510.0,510.0,2600
2026-03-12 10:35:00,510.0,515.0,510.0,510.0,25100
2026-03-12 10:40:00,510.0,515.0,510.0,510.0,1705100
2026-03-12 10:45:00,515.0,515.0,510.0,515.0,41700
2026-03-12 10:50:00,515.0,515.0,510.0,510.0,99000
2026-03-12 10:55:00,510.0,515.0,510.0,510.0,380100
2026-03-12 11:00:00,510.0,515.0,510.0,515.0,75800
2026-03-12 11:05:00,515.0,515.0,510.0,515.0,210900
2026-03-12 11:10:00,510.0,515.0,510.0,510.0,77200
2026-03-12 11:15:00,510.0,515.0,510.0,510.0,19100
2026-03-12 11:20:00,510.0,515.0,510.0,510.0,68000
2026-03-12 11:25:00,510.0,515.0,510.0,510.0,35000
2026-03-12 11:30:00,510.0,515.0,510.0,515.0,55500
2026-03-12 11:35:00,510.0,515.0,510.0,510.0,32800
2026-03-12 11:40:00,515.0,515.0,510.0,515.0,1028700
2026-03-12 11:45:00,515.0,515.0,510.0,515.0,42700
2026-03-12 11:50:00,510.0,515.0,510.0,510.0,145000
2026-03-12 11:55:00,510.0,515.0,510.0,515.0,50300
2026-03-12 13:30:00,515.0,515.0,510.0,510.0,157400
2026-03-12 13:35:00,510.0,515.0,510.0,510.0,202100
2026-03-12 13:40:00,510.0,515.0,510.0,515.0,13000
2026-03-12 13:45:00,515.0,515.0,510.0,515.0,59000
2026-03-12 13:50:00,515.0,515.0,510.0,515.0,375300
2026-03-12 13:55:00,515.0,515.0,515.0,515.0,9300
2026-03-12 14:00:00,515.0,520.0,515.0,515.0,140300
2026-03-12 14:05:00,520.0,520.0,515.0,515.0,33400
2026-03-12 14:10:00,515.0,520.0,515.0,515.0,40000
2026-03-12 14:15:00,515.0,515.0,510.0,515.0,53300
2026-03-12 14:20:00,515.0,515.0,510.0,515.0,354500
2026-03-12 14:25:00,515.0,515.0,510.0,510.0,115600
2026-03-12 14:30:00,510.0,515.0,510.0,510.0,44100
2026-03-12 14:35:00,510.0,515.0,510.0,510.0,41900
2026-03-12 14:40:00,510.0,515.0,510.0,510.0,24900
2026-03-12 14:45:00,510.0,515.0,510.0,510.0,40100
2026-03-12 14:50:00,510.0,515.0,510.0,510.0,41100
2026-03-12 14:55:00,510.0,515.0,510.0,515.0,48900
2026-03-12 15:00:00,510.0,515.0,510.0,510.0,10300
2026-03-12 15:05:00,515.0,515.0,510.0,510.0,54000
2026-03-12 15:10:00,510.0,515.0,510.0,510.0,53300
2026-03-12 15:15:00,510.0,515.0,510.0,515.0,54100
2026-03-12 15:20:00,510.0,515.0,510.0,510.0,80300
2026-03-12 15:25:00,510.0,515.0,510.0,510.0,20700
2026-03-12 15:30:00,515.0,515.0,510.0,515.0,67700
2026-03-12 15:35:00,510.0,515.0,510.0,510.0,35500
2026-03-12 15:40:00,510.0,515.0,510.0,510.0,79500
2026-03-12 15:45:00,510.0,515.0,510.0,510.0,175200
2026-03-12 16:00:00,510.0,510.0,510.0,510.0,553100
2026-03-12 16:05:00,510.0,510.0,510.0,510.0,0
2026-03-13 09:00:00,515.0,520.0,510.0,515.0,0
2026-03-13 09:05:00,510.0,515.0,510.0,515.0,52900
2026-03-13 09:10:00,515.0,515.0,510.0,510.0,65100
2026-03-13 09:15:00,515.0,515.0,510.0,510.0,7900
2026-03-13 09:20:00,510.0,515.0,510.0,515.0,4500
2026-03-13 09:25:00,510.0,515.0,510.0,510.0,24900
2026-03-13 09:30:00,510.0,515.0,510.0,510.0,26900
2026-03-13 09:35:00,510.0,515.0,510.0,510.0,27600
2026-03-13 09:40:00,510.0,515.0,510.0,510.0,5100
2026-03-13 09:45:00,510.0,515.0,510.0,510.0,12400
2026-03-13 09:50:00,515.0,515.0,510.0,510.0,101800
2026-03-13 09:55:00,510.0,515.0,510.0,510.0,11100
2026-03-13 10:00:00,515.0,515.0,510.0,510.0,8600
2026-03-13 10:05:00,510.0,515.0,510.0,510.0,29200
2026-03-13 10:10:00,510.0,515.0,510.0,510.0,62000
2026-03-13 10:15:00,510.0,515.0,510.0,510.0,39800
2026-03-13 10:20:00,515.0,515.0,510.0,510.0,18900
2026-03-13 10:25:00,510.0,515.0,510.0,510.0,44800
2026-03-13 10:30:00,510.0,515.0,510.0,510.0,30800
2026-03-13 10:35:00,510.0,515.0,510.0,510.0,25300
2026-03-13 10:40:00,510.0,515.0,510.0,510.0,15700
2026-03-13 10:45:00,515.0,515.0,510.0,515.0,55600
2026-03-13 10:50:00,510.0,515.0,510.0,510.0,93300
2026-03-13 10:55:00,510.0,515.0,510.0,510.0,503800
2026-03-13 11:00:00,510.0,515.0,510.0,510.0,33900
2026-03-13 11:05:00,510.0,515.0,510.0,510.0,5200
2026-03-13 11:10:00,510.0,515.0,510.0,510.0,32600
2026-03-13 11:15:00,515.0,515.0,510.0,510.0,36000
2026-03-13 11:20:00,510.0,515.0,505.0,505.0,947700
2026-03-13 11:25:00,510.0,510.0,505.0,505.0,22500
2026-03-13 14:00:00,510.0,515.0,505.0,510.0,1248100
2026-03-13 14:05:00,510.0,515.0,510.0,515.0,23000
2026-03-13 14:10:00,515.0,515.0,510.0,515.0,18300
2026-03-13 14:15:00,515.0,515.0,510.0,515.0,12000
2026-03-13 14:20:00,510.0,515.0,510.0,510.0,110300
2026-03-13 14:25:00,510.0,515.0,510.0,510.0,12800
2026-03-13 14:30:00,515.0,515.0,510.0,510.0,14900
2026-03-13 14:35:00,510.0,515.0,510.0,510.0,221500
2026-03-13 14:40:00,515.0,515.0,510.0,510.0,220700
2026-03-13 14:45:00,515.0,515.0,505.0,505.0,223800
2026-03-13 14:50:00,505.0,515.0,505.0,510.0,238500
2026-03-13 14:55:00,510.0,515.0,505.0,505.0,74100
2026-03-13 15:00:00,505.0,510.0,505.0,505.0,7700
2026-03-13 15:05:00,510.0,510.0,505.0,505.0,638400
2026-03-13 15:10:00,510.0,510.0,505.0,505.0,25400
2026-03-13 15:15:00,505.0,510.0,505.0,505.0,22600
2026-03-13 15:20:00,505.0,510.0,505.0,505.0,71200
2026-03-13 15:25:00,505.0,510.0,505.0,505.0,177300
2026-03-13 15:30:00,505.0,510.0,505.0,505.0,77900
2026-03-13 15:35:00,505.0,510.0,505.0,505.0,20300
2026-03-13 15:40:00,505.0,510.0,505.0,510.0,375200
2026-03-13 15:45:00,505.0,510.0,505.0,510.0,133500
2026-03-13 16:00:00,510.0,510.0,510.0,510.0,1270800
2026-03-13 16:05:00,510.0,510.0,510.0,510.0,1900
2026-03-13 16:10:00,510.0,510.0,510.0,510.0,43100
2026-03-16 09:00:00,505.0,510.0,505.0,505.0,0
2026-03-16 09:05:00,510.0,510.0,500.0,505.0,1505400
2026-03-16 09:10:00,500.0,505.0,500.0,505.0,121700
2026-03-16 09:15:00,505.0,505.0,500.0,505.0,669900
2026-03-16 09:20:00,500.0,505.0,500.0,505.0,296700
2026-03-16 09:25:00,505.0,505.0,500.0,500.0,96900
2026-03-16 09:30:00,500.0,505.0,500.0,505.0,115700
2026-03-16 09:35:00,505.0,505.0,500.0,505.0,346600
2026-03-16 09:40:00,505.0,505.0,500.0,500.0,53700
2026-03-16 09:45:00,500.0,505.0,500.0,505.0,70600
2026-03-16 09:50:00,505.0,505.0,500.0,500.0,188800
2026-03-16 09:55:00,500.0,505.0,500.0,505.0,219500
2026-03-16 10:00:00,505.0,505.0,500.0,505.0,364600
2026-03-16 10:05:00,505.0,505.0,500.0,500.0,213000
2026-03-16 10:10:00,505.0,505.0,500.0,505.0,79200
2026-03-16 10:15:00,505.0,505.0,500.0,505.0,93500
2026-03-16 10:20:00,505.0,505.0,500.0,500.0,421200
2026-03-16 10:25:00,505.0,505.0,500.0,500.0,22100
2026-03-16 10:30:00,500.0,505.0,500.0,500.0,135700
2026-03-16 10:35:00,505.0,505.0,500.0,505.0,80000
2026-03-16 10:40:00,505.0,505.0,500.0,500.0,108700
2026-03-16 10:45:00,505.0,505.0,505.0,505.0,0
2026-03-16 10:50:00,505.0,505.0,500.0,500.0,58000
2026-03-16 10:55:00,505.0,505.0,500.0,505.0,49600
2026-03-16 11:00:00,500.0,505.0,500.0,505.0,81200
2026-03-16 11:05:00,505.0,505.0,500.0,505.0,512300
2026-03-16 11:10:00,500.0,505.0,500.0,505.0,50500
2026-03-16 11:15:00,505.0,505.0,500.0,505.0,168800
2026-03-16 11:20:00,505.0,510.0,500.0,505.0,2213300
2026-03-16 11:25:00,505.0,505.0,500.0,500.0,92300
2026-03-16 11:30:00,505.0,505.0,500.0,505.0,151900
2026-03-16 11:35:00,505.0,505.0,500.0,505.0,122000
2026-03-16 11:40:00,505.0,510.0,500.0,510.0,222800
2026-03-16 11:45:00,510.0,510.0,505.0,505.0,11300
2026-03-16 11:50:00,510.0,510.0,510.0,510.0,34300
2026-03-16 11:55:00,510.0,510.0,510.0,510.0,5600
2026-03-16 13:30:00,510.0,510.0,505.0,505.0,141800
2026-03-16 13:35:00,505.0,510.0,505.0,510.0,24000
2026-03-16 13:40:00,510.0,510.0,505.0,505.0,55500
2026-03-16 13:45:00,510.0,510.0,505.0,505.0,28200
2026-03-16 13:50:00,505.0,510.0,505.0,505.0,67100
2026-03-16 13:55:00,510.0,510.0,505.0,505.0,3300
2026-03-16 14:00:00,510.0,510.0,505.0,505.0,38600
2026-03-16 14:05:00,505.0,510.0,505.0,510.0,10100
2026-03-16 14:10:00,510.0,510.0,505.0,505.0,58300
2026-03-16 14:15:00,505.0,510.0,505.0,505.0,98800
2026-03-16 14:20:00,510.0,510.0,505.0,505.0,18900
2026-03-16 14:25:00,505.0,510.0,505.0,505.0,27000
2026-03-16 14:30:00,505.0,510.0,505.0,505.0,109600
2026-03-16 14:35:00,505.0,510.0,505.0,505.0,81300
2026-03-16 14:40:00,505.0,510.0,505.0,510.0,122000
2026-03-16 14:45:00,510.0,510.0,505.0,510.0,71000
2026-03-16 14:50:00,505.0,510.0,505.0,510.0,102900
2026-03-16 14:55:00,510.0,510.0,505.0,505.0,303400
2026-03-16 15:00:00,505.0,510.0,505.0,510.0,24200
2026-03-16 15:05:00,510.0,510.0,505.0,510.0,78000
2026-03-16 15:10:00,510.0,510.0,505.0,510.0,90800
2026-03-16 15:15:00,505.0,510.0,505.0,510.0,34900
2026-03-16 15:20:00,505.0,510.0,505.0,510.0,465700
2026-03-16 15:25:00,510.0,510.0,505.0,510.0,23100
2026-03-16 15:30:00,510.0,510.0,505.0,510.0,57200
2026-03-16 15:35:00,510.0,510.0,505.0,510.0,68100
2026-03-16 15:40:00,505.0,510.0,505.0,510.0,21600
2026-03-16 15:45:00,505.0,510.0,505.0,510.0,276300
2026-03-16 16:00:00,505.0,505.0,505.0,505.0,2499500
2026-03-16 16:10:00,505.0,505.0,505.0,505.0,29700
2026-03-17 09:00:00,505.0,510.0,505.0,510.0,0
2026-03-17 09:05:00,505.0,515.0,505.0,510.0,1102600
2026-03-17 09:10:00,515.0,515.0,515.0,515.0,10600
2026-03-17 09:15:00,515.0,515.0,510.0,515.0,37100
2026-03-17 09:20:00,515.0,515.0,510.0,510.0,10100
2026-03-17 09:25:00,510.0,515.0,510.0,515.0,41400
2026-03-17 09:30:00,510.0,515.0,510.0,510.0,50000
2026-03-17 09:35:00,510.0,515.0,510.0,510.0,32500
2026-03-17 09:40:00,510.0,515.0,510.0,510.0,14300
2026-03-17 09:45:00,515.0,515.0,510.0,515.0,28500
2026-03-17 09:50:00,510.0,515.0,510.0,515.0,5500
2026-03-17 09:55:00,515.0,515.0,510.0,515.0,5600
2026-03-17 10:00:00,515.0,515.0,510.0,515.0,12300
2026-03-17 10:05:00,510.0,515.0,510.0,510.0,161700
2026-03-17 10:10:00,510.0,515.0,510.0,510.0,3400
2026-03-17 10:15:00,510.0,515.0,510.0,515.0,12500
2026-03-17 10:20:00,515.0,515.0,510.0,515.0,104600
2026-03-17 10:25:00,510.0,515.0,510.0,510.0,7000
2026-03-17 10:30:00,510.0,515.0,510.0,510.0,42500
2026-03-17 10:35:00,510.0,515.0,510.0,515.0,0
2026-03-17 10:40:00,515.0,515.0,505.0,510.0,113800
2026-03-17 10:45:00,510.0,510.0,505.0,510.0,4100
2026-03-17 10:50:00,510.0,510.0,505.0,505.0,111800
2026-03-17 10:55:00,505.0,510.0,505.0,510.0,12400
2026-03-17 11:00:00,510.0,510.0,505.0,510.0,24500
2026-03-17 11:05:00,510.0,510.0,505.0,510.0,54800
2026-03-17 11:10:00,510.0,510.0,510.0,510.0,14700
2026-03-17 11:15:00,510.0,510.0,510.0,510.0,3600
2026-03-17 11:20:00,510.0,510.0,505.0,510.0,47200
2026-03-17 11:25:00,510.0,510.0,505.0,510.0,3600
2026-03-17 11:30:00,510.0,510.0,505.0,505.0,164900
2026-03-17 11:35:00,510.0,510.0,505.0,510.0,3200
2026-03-17 11:40:00,505.0,510.0,505.0,510.0,68900
2026-03-17 11:45:00,510.0,510.0,505.0,510.0,18600
2026-03-17 11:50:00,510.0,510.0,510.0,510.0,7700
2026-03-17 11:55:00,510.0,510.0,505.0,510.0,71300
2026-03-17 13:30:00,510.0,510.0,505.0,505.0,179300
2026-03-17 13:35:00,510.0,510.0,505.0,505.0,23800
2026-03-17 13:40:00,510.0,510.0,505.0,510.0,13700
2026-03-17 13:45:00,510.0,510.0,505.0,510.0,1300
2026-03-17 13:50:00,510.0,510.0,505.0,510.0,19300
2026-03-17 13:55:00,505.0,510.0,505.0,510.0,46400
2026-03-17 14:00:00,510.0,510.0,505.0,505.0,25000
2026-03-17 14:05:00,510.0,510.0,505.0,510.0,70500
2026-03-17 14:10:00,510.0,510.0,505.0,510.0,40800
2026-03-17 14:15:00,510.0,510.0,505.0,505.0,18600
2026-03-17 14:20:00,505.0,510.0,505.0,510.0,31900
2026-03-17 14:25:00,510.0,510.0,505.0,510.0,8900
2026-03-17 14:30:00,510.0,510.0,505.0,510.0,9200
2026-03-17 14:35:00,510.0,510.0,510.0,510.0,12100
2026-03-17 14:40:00,510.0,510.0,505.0,505.0,78400
2026-03-17 14:45:00,510.0,510.0,505.0,510.0,22600
2026-03-17 14:50:00,505.0,510.0,505.0,510.0,81200
2026-03-17 14:55:00,510.0,510.0,505.0,510.0,33300
2026-03-17 15:00:00,510.0,510.0,505.0,510.0,206700
2026-03-17 15:05:00,510.0,510.0,505.0,510.0,132800
2026-03-17 15:10:00,510.0,510.0,505.0,510.0,130400
2026-03-17 15:15:00,510.0,510.0,505.0,510.0,17700
2026-03-17 15:20:00,510.0,510.0,505.0,510.0,549400
2026-03-17 15:25:00,505.0,510.0,505.0,510.0,5300
2026-03-17 15:30:00,510.0,510.0,505.0,505.0,438100
2026-03-17 15:35:00,510.0,510.0,505.0,505.0,264800
2026-03-17 15:40:00,510.0,510.0,505.0,510.0,144500
2026-03-17 15:45:00,505.0,510.0,505.0,510.0,244800
2026-03-17 16:00:00,505.0,505.0,505.0,505.0,957900
2026-03-17 16:05:00,505.0,505.0,505.0,505.0,1000
2026-03-17 16:10:00,505.0,505.0,505.0,505.0,300
2026-03-25 09:00:00,510.0,515.0,505.0,510.0,0
2026-03-25 09:05:00,510.0,515.0,505.0,510.0,554100
2026-03-25 09:10:00,515.0,515.0,510.0,510.0,116700
2026-03-25 09:15:00,510.0,515.0,505.0,510.0,160500
2026-03-25 09:20:00,510.0,515.0,510.0,515.0,255100
2026-03-25 09:25:00,515.0,515.0,510.0,510.0,774200
2026-03-25 09:30:00,515.0,515.0,510.0,510.0,74300
2026-03-25 09:35:00,515.0,515.0,510.0,515.0,231400
2026-03-25 09:40:00,510.0,515.0,510.0,510.0,105700
2026-03-25 09:45:00,515.0,515.0,510.0,515.0,128000
2026-03-25 09:50:00,515.0,515.0,510.0,510.0,997800
2026-03-25 09:55:00,515.0,515.0,510.0,510.0,187800
2026-03-25 10:00:00,515.0,515.0,510.0,515.0,112900
2026-03-25 10:05:00,510.0,515.0,510.0,510.0,64300
2026-03-25 10:10:00,515.0,515.0,505.0,510.0,536900
2026-03-25 10:15:00,510.0,515.0,510.0,515.0,226400
2026-03-25 10:20:00,510.0,515.0,510.0,510.0,270500
2026-03-25 10:25:00,510.0,515.0,510.0,510.0,326000
2026-03-25 10:30:00,510.0,515.0,510.0,510.0,205100
2026-03-25 10:35:00,510.0,515.0,510.0,510.0,0
2026-03-25 10:40:00,510.0,515.0,510.0,515.0,29100
2026-03-25 10:45:00,515.0,515.0,510.0,510.0,40800
2026-03-25 10:50:00,510.0,515.0,510.0,510.0,23900
2026-03-25 10:55:00,510.0,515.0,510.0,515.0,9100
2026-03-25 11:00:00,515.0,515.0,510.0,515.0,21200
2026-03-25 11:05:00,510.0,515.0,510.0,510.0,46500
2026-03-25 11:10:00,510.0,515.0,510.0,515.0,255800
2026-03-25 11:15:00,515.0,515.0,510.0,515.0,23800
2026-03-25 11:20:00,515.0,515.0,510.0,510.0,124000
2026-03-25 11:25:00,515.0,515.0,510.0,515.0,30900
2026-03-25 11:30:00,510.0,515.0,510.0,515.0,0
2026-03-25 11:35:00,515.0,515.0,510.0,515.0,6600
2026-03-25 11:40:00,515.0,515.0,510.0,510.0,3300
2026-03-25 11:45:00,515.0,515.0,510.0,515.0,8500
2026-03-25 11:50:00,515.0,515.0,510.0,510.0,13400
2026-03-25 11:55:00,510.0,515.0,510.0,515.0,11500
2026-03-25 13:30:00,515.0,515.0,510.0,515.0,189200
2026-03-25 13:35:00,510.0,515.0,510.0,515.0,20900
2026-03-25 13:40:00,510.0,515.0,510.0,510.0,8300
2026-03-25 13:45:00,510.0,515.0,510.0,510.0,35500
2026-03-25 13:50:00,510.0,515.0,510.0,510.0,17400
2026-03-25 13:55:00,515.0,515.0,510.0,515.0,43600
2026-03-25 14:00:00,515.0,515.0,510.0,515.0,133400
2026-03-25 14:05:00,515.0,515.0,510.0,515.0,16300
2026-03-25 14:10:00,515.0,515.0,510.0,515.0,20500
2026-03-25 14:15:00,510.0,515.0,510.0,515.0,45800
2026-03-25 14:20:00,515.0,515.0,510.0,515.0,54400
2026-03-25 14:25:00,515.0,515.0,510.0,510.0,15200
2026-03-25 14:30:00,515.0,515.0,510.0,510.0,23700
2026-03-25 14:35:00,510.0,515.0,510.0,510.0,40400
2026-03-25 14:40:00,510.0,515.0,510.0,515.0,22200
2026-03-25 14:45:00,510.0,515.0,510.0,510.0,91600
2026-03-25 14:50:00,510.0,515.0,510.0,515.0,63200
2026-03-25 14:55:00,510.0,515.0,510.0,515.0,152900
2026-03-25 15:00:00,515.0,515.0,510.0,515.0,37400
2026-03-25 15:05:00,515.0,515.0,510.0,510.0,141900
2026-03-25 15:10:00,515.0,515.0,510.0,515.0,159200
2026-03-25 15:15:00,510.0,515.0,510.0,515.0,74300
2026-03-25 15:20:00,515.0,515.0,510.0,515.0,149300
2026-03-25 15:25:00,515.0,515.0,510.0,515.0,82300
2026-03-25 15:30:00,515.0,515.0,510.0,515.0,124400
2026-03-25 15:35:00,510.0,515.0,510.0,510.0,108200
2026-03-25 15:40:00,515.0,515.0,510.0,510.0,102700
2026-03-25 15:45:00,515.0,515.0,510.0,510.0,116100
2026-03-25 16:00:00,515.0,515.0,515.0,515.0,806900
2026-03-25 16:05:00,515.0,515.0,515.0,515.0,6000
2026-03-25 16:10:00,515.0,515.0,515.0,515.0,22700
2026-03-26 09:00:00,515.0,520.0,510.0,515.0,0
2026-03-26 09:05:00,515.0,520.0,515.0,515.0,259500
2026-03-26 09:10:00,515.0,520.0,515.0,520.0,14300
2026-03-26 09:15:00,515.0,520.0,515.0,515.0,96600
2026-03-26 09:20:00,520.0,520.0,515.0,515.0,82600
2026-03-26 09:25:00,515.0,520.0,515.0,515.0,58200
2026-03-26 09:30:00,515.0,520.0,515.0,520.0,82500
2026-03-26 09:35:00,520.0,520.0,510.0,515.0,269600
2026-03-26 09:40:00,510.0,515.0,510.0,515.0,38100
2026-03-26 09:45:00,510.0,515.0,510.0,515.0,93600
2026-03-26 09:50:00,510.0,515.0,510.0,510.0,37900
2026-03-26 09:55:00,515.0,515.0,510.0,510.0,47700
2026-03-26 10:00:00,515.0,515.0,510.0,510.0,39700
2026-03-26 10:05:00,515.0,515.0,510.0,515.0,10500
2026-03-26 10:10:00,515.0,515.0,510.0,515.0,17100
2026-03-26 10:15:00,515.0,515.0,510.0,510.0,37400
2026-03-26 10:20:00,515.0,515.0,510.0,515.0,46700
2026-03-26 10:25:00,510.0,515.0,510.0,510.0,47400
2026-03-26 10:30:00,515.0,515.0,510.0,515.0,7400
2026-03-26 10:35:00,515.0,515.0,510.0,515.0,32000
2026-03-26 10:40:00,510.0,515.0,510.0,515.0,38300
2026-03-26 10:45:00,515.0,515.0,510.0,510.0,32900
2026-03-26 10:50:00,510.0,515.0,510.0,515.0,31700
2026-03-26 10:55:00,515.0,515.0,510.0,515.0,12400
2026-03-26 11:00:00,515.0,515.0,510.0,515.0,21400
2026-03-26 11:05:00,515.0,515.0,510.0,510.0,7200
2026-03-26 11:10:00,510.0,515.0,510.0,515.0,12700
2026-03-26 11:15:00,515.0,515.0,510.0,510.0,932800
2026-03-26 11:20:00,510.0,515.0,510.0,515.0,500
2026-03-26 11:25:00,510.0,515.0,510.0,515.0,3100
2026-03-26 11:30:00,515.0,515.0,510.0,515.0,4000
2026-03-26 11:35:00,515.0,515.0,510.0,515.0,10500
2026-03-26 11:40:00,515.0,515.0,510.0,515.0,13700
2026-03-26 11:45:00,515.0,515.0,510.0,515.0,4200
2026-03-26 11:50:00,515.0,515.0,510.0,515.0,2100
2026-03-26 11:55:00,515.0,515.0,510.0,515.0,16900
2026-03-26 13:30:00,515.0,515.0,510.0,515.0,127900
2026-03-26 13:35:00,515.0,515.0,510.0,515.0,42200
2026-03-26 13:40:00,510.0,515.0,510.0,515.0,27000
2026-03-26 13:45:00,515.0,515.0,510.0,515.0,2600
2026-03-26 13:50:00,510.0,515.0,510.0,515.0,33500
2026-03-26 13:55:00,510.0,515.0,510.0,515.0,82000
2026-03-26 14:00:00,515.0,515.0,510.0,510.0,28700
2026-03-26 14:05:00,510.0,515.0,510.0,515.0,7800
2026-03-26 14:10:00,515.0,515.0,510.0,515.0,20500
2026-03-26 14:15:00,515.0,515.0,510.0,515.0,20600
2026-03-26 14:20:00,515.0,515.0,510.0,510.0,18700
2026-03-26 14:25:00,515.0,515.0,510.0,515.0,19000
2026-03-26 14:30:00,510.0,515.0,510.0,515.0,10400
2026-03-26 14:35:00,515.0,515.0,510.0,510.0,13800
2026-03-26 14:40:00,515.0,515.0,510.0,510.0,12000
2026-03-26 14:45:00,510.0,515.0,510.0,510.0,46600
2026-03-26 14:50:00,510.0,515.0,510.0,510.0,17000
2026-03-26 14:55:00,515.0,515.0,510.0,515.0,71900
2026-03-26 15:00:00,515.0,515.0,510.0,510.0,34500
2026-03-26 15:05:00,515.0,515.0,510.0,515.0,57900
2026-03-26 15:10:00,510.0,515.0,510.0,510.0,45800
2026-03-26 15:15:00,515.0,515.0,510.0,515.0,19000
2026-03-26 15:20:00,510.0,515.0,510.0,515.0,99100
2026-03-26 15:25:00,515.0,515.0,510.0,510.0,17100
2026-03-26 15:30:00,510.0,515.0,510.0,510.0,35100
2026-03-26 15:35:00,515.0,515.0,510.0,515.0,12300
2026-03-26 15:40:00,510.0,515.0,510.0,515.0,28400
2026-03-26 15:45:00,515.0,515.0,510.0,515.0,53900
2026-03-26 16:00:00,515.0,515.0,515.0,515.0,235600
2026-03-26 16:05:00,515.0,515.0,515.0,515.0,3200
2026-03-27 09:00:00,510.0,515.0,510.0,515.0,0
2026-03-27 09:05:00,515.0,515.0,510.0,515.0,20700
2026-03-27 09:10:00,515.0,515.0,510.0,510.0,120200
2026-03-27 09:15:00,515.0,515.0,510.0,515.0,10600
2026-03-27 09:20:00,515.0,515.0,510.0,515.0,29700
2026-03-27 09:25:00,515.0,515.0,510.0,510.0,229200
2026-03-27 09:30:00,515.0,515.0,510.0,515.0,8300
2026-03-27 09:35:00,515.0,515.0,510.0,515.0,9100
2026-03-27 09:40:00,515.0,515.0,510.0,510.0,21000
2026-03-27 09:45:00,515.0,515.0,510.0,515.0,14500
2026-03-27 09:50:00,515.0,515.0,510.0,510.0,36000
2026-03-27 09:55:00,515.0,515.0,510.0,515.0,29300
2026-03-27 10:00:00,515.0,515.0,510.0,515.0,27200
2026-03-27 10:05:00,510.0,515.0,510.0,515.0,36100
2026-03-27 10:10:00,515.0,515.0,510.0,515.0,15500
2026-03-27 10:15:00,515.0,515.0,510.0,515.0,14700
2026-03-27 10:20:00,515.0,515.0,510.0,515.0,67300
2026-03-27 10:25:00,515.0,515.0,510.0,510.0,15600
2026-03-27 10:30:00,515.0,515.0,510.0,510.0,12900
2026-03-27 10:35:00,515.0,515.0,510.0,510.0,92000
2026-03-27 10:40:00,515.0,515.0,510.0,510.0,29600
2026-03-27 10:45:00,515.0,515.0,510.0,510.0,65400
2026-03-27 10:50:00,510.0,515.0,510.0,510.0,13500
2026-03-27 10:55:00,515.0,515.0,510.0,515.0,62200
2026-03-27 11:00:00,510.0,515.0,510.0,515.0,11400
2026-03-27 11:05:00,515.0,515.0,510.0,515.0,52200
2026-03-27 11:10:00,515.0,515.0,510.0,515.0,12400
2026-03-27 11:15:00,510.0,515.0,510.0,510.0,90100
2026-03-27 11:20:00,515.0,515.0,510.0,515.0,212900
2026-03-27 11:25:00,515.0,515.0,515.0,515.0,61800
2026-03-27 14:00:00,510.0,515.0,510.0,515.0,481300
2026-03-27 14:05:00,515.0,515.0,510.0,515.0,177000
2026-03-27 14:10:00,515.0,515.0,510.0,515.0,37000
2026-03-27 14:15:00,515.0,515.0,510.0,515.0,551100
2026-03-27 14:20:00,515.0,515.0,510.0,510.0,18100
2026-03-27 14:25:00,515.0,515.0,510.0,515.0,89700
2026-03-27 14:30:00,515.0,515.0,510.0,515.0,115900
2026-03-27 14:35:00,515.0,515.0,510.0,510.0,111300
2026-03-27 14:40:00,515.0,520.0,510.0,515.0,5220300
2026-03-27 14:45:00,520.0,520.0,510.0,515.0,1005100
2026-03-27 14:50:00,515.0,515.0,510.0,515.0,47100
2026-03-27 14:55:00,515.0,515.0,510.0,515.0,217000
2026-03-27 15:00:00,515.0,515.0,510.0,515.0,131200
2026-03-27 15:05:00,515.0,515.0,515.0,515.0,65700
2026-03-27 15:10:00,515.0,515.0,510.0,515.0,38300
2026-03-27 15:15:00,515.0,515.0,510.0,515.0,55900
2026-03-27 15:20:00,515.0,515.0,510.0,515.0,370000
2026-03-27 15:25:00,515.0,520.0,515.0,515.0,2784000
2026-03-27 15:30:00,515.0,520.0,515.0,515.0,2322600
2026-03-27 15:35:00,515.0,515.0,510.0,515.0,11200
2026-03-27 15:40:00,510.0,515.0,510.0,515.0,140000
2026-03-27 15:45:00,515.0,515.0,510.0,515.0,475000
2026-03-27 16:00:00,520.0,520.0,520.0,520.0,2040900
2026-03-27 16:05:00,520.0,520.0,520.0,520.0,999900
2026-03-27 16:10:00,520.0,520.0,520.0,520.0,7600
2026-03-30 09:00:00,515.0,515.0,510.0,510.0,0
2026-03-30 09:05:00,510.0,515.0,510.0,515.0,62700
2026-03-30 09:10:00,515.0,515.0,510.0,510.0,45000
2026-03-30 09:15:00,515.0,515.0,510.0,510.0,59800
2026-03-30 09:20:00,515.0,515.0,510.0,515.0,62600
2026-03-30 09:25:00,510.0,515.0,510.0,515.0,168500
2026-03-30 09:30:00,515.0,515.0,510.0,515.0,203800
2026-03-30 09:35:00,515.0,515.0,510.0,515.0,51900
2026-03-30 09:40:00,515.0,515.0,510.0,510.0,42800
2026-03-30 09:45:00,510.0,520.0,510.0,510.0,4025400
2026-03-30 09:50:00,515.0,520.0,515.0,515.0,249100
2026-03-30 09:55:00,515.0,520.0,515.0,520.0,18700
2026-03-30 10:00:00,520.0,520.0,515.0,515.0,132200
2026-03-30 10:05:00,515.0,520.0,515.0,515.0,81500
2026-03-30 10:10:00,520.0,520.0,515.0,515.0,232300
2026-03-30 10:15:00,515.0,520.0,515.0,515.0,39500
2026-03-30 10:20:00,515.0,520.0,515.0,515.0,822400
2026-03-30 10:25:00,515.0,520.0,510.0,515.0,79200
2026-03-30 10:30:00,515.0,515.0,510.0,510.0,204500
2026-03-30 10:35:00,515.0,515.0,510.0,510.0,23400
2026-03-30 10:40:00,515.0,515.0,510.0,515.0,34800
2026-03-30 10:45:00,515.0,515.0,510.0,510.0,87300
2026-03-30 10:50:00,510.0,515.0,510.0,510.0,41400
2026-03-30 10:55:00,510.0,515.0,510.0,515.0,91300
2026-03-30 11:00:00,515.0,515.0,510.0,510.0,12300
2026-03-30 11:05:00,510.0,515.0,510.0,510.0,112000
2026-03-30 11:10:00,515.0,515.0,510.0,510.0,27900
2026-03-30 11:15:00,510.0,515.0,510.0,510.0,129900
2026-03-30 11:20:00,510.0,515.0,510.0,510.0,17200
2026-03-30 11:25:00,510.0,515.0,510.0,515.0,76300
2026-03-30 11:30:00,515.0,515.0,510.0,510.0,69500
2026-03-30 11:35:00,510.0,515.0,510.0,510.0,51700
2026-03-30 11:40:00,515.0,515.0,510.0,510.0,18800
2026-03-30 11:45:00,510.0,515.0,510.0,515.0,66700
2026-03-30 11:50:00,515.0,515.0,510.0,510.0,16800
2026-03-30 11:55:00,515.0,515.0,510.0,510.0,171900
2026-03-30 13:30:00,515.0,515.0,510.0,510.0,460500
2026-03-30 13:35:00,510.0,515.0,510.0,515.0,138700
2026-03-30 13:40:00,510.0,515.0,510.0,515.0,74800
2026-03-30 13:45:00,510.0,515.0,510.0,510.0,64700
2026-03-30 13:50:00,515.0,515.0,510.0,510.0,80300
2026-03-30 13:55:00,515.0,515.0,510.0,510.0,91900
2026-03-30 14:00:00,515.0,515.0,510.0,510.0,93700
2026-03-30 14:05:00,510.0,515.0,510.0,510.0,96700
2026-03-30 14:10:00,510.0,515.0,510.0,510.0,71800
2026-03-30 14:15:00,510.0,515.0,510.0,510.0,280800
2026-03-30 14:20:00,515.0,515.0,510.0,510.0,83400
2026-03-30 14:25:00,510.0,515.0,510.0,515.0,81200
2026-03-30 14:30:00,515.0,515.0,510.0,510.0,57800
2026-03-30 14:35:00,515.0,515.0,510.0,515.0,94700
2026-03-30 14:40:00,510.0,515.0,510.0,510.0,288000
2026-03-30 14:45:00,515.0,515.0,510.0,510.0,47400
2026-03-30 14:50:00,510.0,515.0,510.0,515.0,81300
2026-03-30 14:55:00,510.0,515.0,510.0,515.0,56600
2026-03-30 15:00:00,510.0,515.0,510.0,515.0,116300
2026-03-30 15:05:00,510.0,515.0,510.0,510.0,155800
2026-03-30 15:10:00,510.0,515.0,510.0,510.0,94100
2026-03-30 15:15:00,510.0,515.0,510.0,515.0,114000
2026-03-30 15:20:00,515.0,515.0,510.0,510.0,93400
2026-03-30 15:25:00,515.0,515.0,510.0,510.0,164600
2026-03-30 15:30:00,515.0,515.0,510.0,510.0,105700
2026-03-30 15:35:00,510.0,515.0,510.0,510.0,208900
2026-03-30 15:40:00,510.0,515.0,510.0,510.0,348600
2026-03-30 15:45:00,510.0,515.0,510.0,510.0,430600
2026-03-30 16:00:00,515.0,515.0,515.0,515.0,345400
2026-03-30 16:05:00,515.0,515.0,515.0,515.0,500
2026-03-30 16:10:00,515.0,515.0,515.0,515.0,200
2026-03-31 09:00:00,515.0,515.0,510.0,510.0,0
2026-03-31 09:05:00,510.0,515.0,510.0,515.0,14700
2026-03-31 09:10:00,515.0,515.0,510.0,515.0,100900
2026-03-31 09:15:00,515.0,515.0,510.0,515.0,169500
2026-03-31 09:20:00,515.0,515.0,510.0,515.0,81700
2026-03-31 09:25:00,515.0,515.0,510.0,515.0,22800
2026-03-31 09:30:00,515.0,515.0,510.0,515.0,70200
2026-03-31 09:35:00,515.0,515.0,510.0,515.0,69500
2026-03-31 09:40:00,515.0,515.0,510.0,510.0,251800
2026-03-31 09:45:00,510.0,515.0,510.0,510.0,178800
2026-03-31 09:50:00,510.0,515.0,510.0,510.0,57200
2026-03-31 09:55:00,510.0,515.0,510.0,510.0,44900
2026-03-31 10:00:00,510.0,515.0,510.0,515.0,89200
2026-03-31 10:05:00,510.0,515.0,510.0,515.0,27600
2026-03-31 10:10:00,515.0,515.0,510.0,510.0,34100
2026-03-31 10:15:00,515.0,515.0,510.0,515.0,36400
2026-03-31 10:20:00,515.0,515.0,515.0,515.0,6900
2026-03-31 10:25:00,515.0,515.0,510.0,515.0,32700
2026-03-31 10:30:00,515.0,515.0,510.0,510.0,114200
2026-03-31 10:35:00,510.0,515.0,510.0,515.0,523900
2026-03-31 10:40:00,510.0,515.0,510.0,515.0,201500
2026-03-31 10:45:00,510.0,515.0,510.0,515.0,30100
2026-03-31 10:50:00,515.0,515.0,510.0,515.0,235700
2026-03-31 10:55:00,510.0,515.0,510.0,515.0,18400
2026-03-31 11:00:00,515.0,515.0,510.0,510.0,520400
2026-03-31 11:05:00,510.0,515.0,510.0,510.0,106700
2026-03-31 11:10:00,510.0,515.0,510.0,510.0,0
2026-03-31 11:15:00,510.0,515.0,510.0,510.0,31000
2026-03-31 11:20:00,510.0,515.0,510.0,515.0,34400
2026-03-31 11:25:00,510.0,515.0,510.0,510.0,200
2026-03-31 11:30:00,510.0,515.0,510.0,510.0,52600
2026-03-31 11:35:00,510.0,515.0,510.0,510.0,127100
2026-03-31 11:40:00,515.0,515.0,510.0,515.0,979800
2026-03-31 11:45:00,510.0,515.0,510.0,515.0,15200
2026-03-31 11:50:00,510.0,515.0,510.0,510.0,198100
2026-03-31 11:55:00,510.0,515.0,510.0,510.0,2100
2026-03-31 13:30:00,510.0,525.0,510.0,520.0,7371500
2026-03-31 13:35:00,520.0,520.0,515.0,520.0,192800
2026-03-31 13:40:00,520.0,520.0,515.0,515.0,539000
2026-03-31 13:45:00,515.0,520.0,515.0,515.0,37800
2026-03-31 13:50:00,515.0,520.0,515.0,515.0,17300
2026-03-31 13:55:00,515.0,520.0,515.0,515.0,4600
2026-03-31 14:00:00,515.0,520.0,515.0,520.0,30900
2026-03-31 14:05:00,520.0,520.0,520.0,520.0,0
2026-03-31 14:10:00,520.0,520.0,515.0,515.0,28900
2026-03-31 14:15:00,520.0,520.0,515.0,520.0,13400
2026-03-31 14:20:00,520.0,520.0,515.0,520.0,9800
2026-03-31 14:25:00,520.0,520.0,515.0,520.0,19500
2026-03-31 14:30:00,515.0,520.0,515.0,515.0,55000
2026-03-31 14:35:00,520.0,520.0,515.0,515.0,11800
2026-03-31 14:40:00,515.0,520.0,515.0,515.0,35200
2026-03-31 14:45:00,520.0,520.0,515.0,520.0,26200
2026-03-31 14:50:00,520.0,520.0,515.0,515.0,78900
2026-03-31 14:55:00,515.0,520.0,515.0,515.0,66500
2026-03-31 15:00:00,520.0,520.0,515.0,520.0,26900
2026-03-31 15:05:00,515.0,520.0,515.0,515.0,120000
2026-03-31 15:10:00,515.0,520.0,510.0,510.0,329600
2026-03-31 15:15:00,515.0,520.0,510.0,515.0,1199700
2026-03-31 15:20:00,515.0,520.0,515.0,520.0,30400
2026-03-31 15:25:00,515.0,520.0,515.0,515.0,21900
2026-03-31 15:30:00,515.0,515.0,515.0,515.0,10300
2026-03-31 15:35:00,515.0,520.0,515.0,515.0,300
2026-03-31 15:40:00,515.0,520.0,515.0,515.0,71800
2026-03-31 15:45:00,515.0,515.0,510.0,510.0,356300
2026-03-31 16:00:00,515.0,515.0,515.0,515.0,175900
2026-03-31 16:05:00,515.0,515.0,515.0,515.0,0
2026-03-31 16:10:00,515.0,515.0,515.0,515.0,22100
2026-04-01 09:00:00,515.0,520.0,515.0,515.0,0
2026-04-01 09:05:00,515.0,520.0,515.0,520.0,127700
2026-04-01 09:10:00,515.0,520.0,510.0,515.0,177000
2026-04-01 09:15:00,510.0,520.0,510.0,520.0,409000
2026-04-01 09:20:00,520.0,520.0,510.0,515.0,162600
2026-04-01 09:25:00,515.0,520.0,515.0,515.0,284100
2026-04-01 09:30:00,515.0,520.0,510.0,515.0,115100
2026-04-01 09:35:00,515.0,520.0,510.0,515.0,41800
2026-04-01 09:40:00,520.0,520.0,510.0,520.0,27700
2026-04-01 09:45:00,510.0,520.0,510.0,510.0,57700
2026-04-01 09:50:00,510.0,515.0,510.0,515.0,65100
2026-04-01 09:55:00,515.0,515.0,510.0,515.0,58800
2026-04-01 10:00:00,515.0,515.0,515.0,515.0,41000
2026-04-01 10:05:00,515.0,515.0,510.0,510.0,132000
2026-04-01 10:10:00,515.0,515.0,510.0,515.0,42900
2026-04-01 10:15:00,510.0,515.0,510.0,515.0,9500
2026-04-01 10:20:00,515.0,515.0,510.0,515.0,46700
2026-04-01 10:25:00,515.0,515.0,510.0,515.0,30100
2026-04-01 10:30:00,515.0,515.0,515.0,515.0,19500
2026-04-01 10:35:00,515.0,515.0,510.0,515.0,36900
2026-04-01 10:40:00,515.0,515.0,510.0,515.0,24600
2026-04-01 10:45:00,515.0,515.0,510.0,515.0,17700
2026-04-01 10:50:00,515.0,515.0,510.0,515.0,13100
2026-04-01 10:55:00,510.0,515.0,510.0,510.0,34400
2026-04-01 11:00:00,515.0,515.0,510.0,515.0,24200
2026-04-01 11:05:00,515.0,515.0,510.0,515.0,75600
2026-04-01 11:10:00,515.0,515.0,510.0,515.0,5400
2026-04-01 11:15:00,515.0,515.0,510.0,515.0,18700
2026-04-01 11:20:00,515.0,515.0,510.0,515.0,46000
2026-04-01 11:25:00,515.0,515.0,510.0,515.0,22300
2026-04-01 11:30:00,515.0,515.0,510.0,515.0,929700
2026-04-01 11:35:00,515.0,515.0,515.0,515.0,0
2026-04-01 11:40:00,515.0,520.0,515.0,515.0,30100
2026-04-01 11:45:00,515.0,520.0,515.0,520.0,87000
2026-04-01 11:50:00,515.0,515.0,510.0,515.0,83000
2026-04-01 11:55:00,515.0,515.0,510.0,510.0,38500
2026-04-01 13:30:00,510.0,520.0,510.0,515.0,262300
2026-04-01 13:35:00,520.0,520.0,515.0,515.0,32900
2026-04-01 13:40:00,520.0,520.0,515.0,520.0,2800
2026-04-01 13:45:00,520.0,520.0,515.0,520.0,33300
2026-04-01 13:50:00,520.0,520.0,515.0,520.0,13100
2026-04-01 13:55:00,520.0,520.0,515.0,515.0,10200
2026-04-01 14:00:00,520.0,520.0,515.0,520.0,6900
2026-04-01 14:05:00,515.0,520.0,515.0,520.0,13500
2026-04-01 14:10:00,520.0,520.0,515.0,515.0,21500
2026-04-01 14:15:00,520.0,520.0,515.0,515.0,12000
2026-04-01 14:20:00,515.0,520.0,515.0,515.0,19000
2026-04-01 14:25:00,515.0,520.0,515.0,515.0,26100
2026-04-01 14:30:00,520.0,520.0,515.0,515.0,3200
2026-04-01 14:35:00,520.0,520.0,515.0,520.0,19400
2026-04-01 14:40:00,520.0,520.0,515.0,515.0,11000
2026-04-01 14:45:00,515.0,515.0,515.0,515.0,59300
2026-04-01 14:50:00,515.0,515.0,515.0,515.0,16800
2026-04-01 14:55:00,520.0,520.0,515.0,520.0,8300
2026-04-01 15:00:00,520.0,520.0,515.0,515.0,17500
2026-04-01 15:05:00,520.0,520.0,515.0,515.0,77700
2026-04-01 15:10:00,515.0,520.0,515.0,520.0,6900
2026-04-01 15:15:00,520.0,520.0,515.0,520.0,40200
2026-04-01 15:20:00,520.0,520.0,515.0,515.0,21000
2026-04-01 15:25:00,520.0,520.0,515.0,515.0,28000
2026-04-01 15:30:00,515.0,520.0,515.0,515.0,39000
2026-04-01 15:35:00,515.0,520.0,515.0,515.0,132600
2026-04-01 15:40:00,515.0,520.0,515.0,515.0,270000
2026-04-01 15:45:00,515.0,520.0,515.0,515.0,26800
2026-04-01 16:00:00,515.0,515.0,515.0,515.0,508000
2026-04-01 16:05:00,515.0,515.0,515.0,515.0,46400
2026-04-01 16:10:00,515.0,515.0,515.0,515.0,9900
2026-04-02 09:00:00,515.0,520.0,510.0,515.0,0
2026-04-02 09:05:00,515.0,520.0,515.0,515.0,358100
2026-04-02 09:10:00,515.0,520.0,515.0,515.0,115000
2026-04-02 09:15:00,515.0,520.0,515.0,520.0,40600
2026-04-02 09:20:00,515.0,520.0,515.0,520.0,243200
2026-04-02 09:25:00,515.0,520.0,515.0,520.0,25400
2026-04-02 09:30:00,520.0,520.0,515.0,520.0,41000
2026-04-02 09:35:00,520.0,520.0,515.0,520.0,19900
2026-04-02 09:40:00,515.0,520.0,515.0,520.0,199900
2026-04-02 09:45:00,515.0,520.0,515.0,515.0,33000
2026-04-02 09:50:00,515.0,520.0,515.0,515.0,148800
2026-04-02 09:55:00,515.0,520.0,515.0,520.0,70200
2026-04-02 10:00:00,520.0,520.0,515.0,515.0,253900
2026-04-02 10:05:00,520.0,520.0,515.0,515.0,81600
2026-04-02 10:10:00,520.0,520.0,515.0,515.0,77100
2026-04-02 10:15:00,520.0,520.0,515.0,515.0,72000
2026-04-02 10:20:00,520.0,520.0,515.0,515.0,106700
2026-04-02 10:25:00,515.0,520.0,515.0,515.0,112100
2026-04-02 10:30:00,515.0,525.0,515.0,525.0,4532100
2026-04-02 10:35:00,520.0,525.0,520.0,520.0,161600
2026-04-02 10:40:00,525.0,525.0,520.0,520.0,114900
2026-04-02 10:45:00,525.0,525.0,520.0,525.0,68200
2026-04-02 10:50:00,520.0,525.0,520.0,520.0,187700
2026-04-02 10:55:00,520.0,525.0,520.0,520.0,225500
2026-04-02 11:00:00,520.0,525.0,520.0,520.0,202200
2026-04-02 11:05:00,520.0,525.0,520.0,525.0,339900
2026-04-02 11:10:00,520.0,525.0,520.0,520.0,98900
2026-04-02 11:15:00,520.0,525.0,520.0,520.0,103200
2026-04-02 11:20:00,520.0,525.0,520.0,520.0,440000
2026-04-02 11:25:00,525.0,525.0,520.0,520.0,48400
2026-04-02 11:30:00,525.0,525.0,520.0,525.0,47100
2026-04-02 11:35:00,525.0,525.0,520.0,520.0,43500
2026-04-02 11:40:00,520.0,525.0,520.0,520.0,110900
2026-04-02 11:45:00,525.0,525.0,520.0,520.0,41600
2026-04-02 11:50:00,520.0,525.0,520.0,520.0,58800
2026-04-02 11:55:00,525.0,525.0,520.0,520.0,52600
2026-04-02 13:30:00,520.0,525.0,520.0,520.0,216700
2026-04-02 13:35:00,520.0,525.0,520.0,520.0,110900
2026-04-02 13:40:00,520.0,525.0,520.0,520.0,582100
2026-04-02 13:45:00,520.0,525.0,520.0,520.0,253000
2026-04-02 13:50:00,520.0,525.0,520.0,520.0,47300
2026-04-02 13:55:00,520.0,525.0,520.0,525.0,529300
2026-04-02 14:00:00,520.0,525.0,515.0,525.0,299200
2026-04-02 14:05:00,520.0,525.0,520.0,525.0,25300
2026-04-02 14:10:00,525.0,525.0,520.0,520.0,42700
2026-04-02 14:15:00,520.0,525.0,520.0,525.0,94700
2026-04-02 14:20:00,525.0,525.0,520.0,520.0,4100
2026-04-02 14:25:00,525.0,525.0,520.0,520.0,65700
2026-04-02 14:30:00,520.0,525.0,520.0,520.0,77100
2026-04-02 14:35:00,525.0,525.0,520.0,520.0,82500
2026-04-02 14:40:00,525.0,525.0,515.0,515.0,153100
2026-04-02 14:45:00,520.0,520.0,515.0,520.0,170600
2026-04-02 14:50:00,520.0,520.0,515.0,520.0,83800
2026-04-02 14:55:00,515.0,520.0,515.0,515.0,42500
2026-04-02 15:00:00,515.0,520.0,515.0,520.0,43900
2026-04-02 15:05:00,520.0,520.0,520.0,520.0,36700
2026-04-02 15:10:00,520.0,525.0,520.0,525.0,114200
2026-04-02 15:15:00,520.0,525.0,515.0,520.0,55300
2026-04-02 15:20:00,520.0,525.0,515.0,520.0,110900
2026-04-02 15:25:00,525.0,525.0,515.0,515.0,73200
2026-04-02 15:30:00,515.0,525.0,515.0,520.0,72800
2026-04-02 15:35:00,515.0,520.0,515.0,515.0,6100
2026-04-02 15:40:00,515.0,520.0,515.0,515.0,35600
2026-04-02 15:45:00,520.0,520.0,515.0,515.0,252100
2026-04-02 16:00:00,520.0,520.0,520.0,520.0,297900
2026-04-02 16:05:00,520.0,520.0,520.0,520.0,0
2026-04-02 16:10:00,520.0,520.0,520.0,520.0,3800
2026-04-06 09:00:00,520.0,525.0,510.0,520.0,0
2026-04-06 09:05:00,515.0,520.0,515.0,520.0,14100
2026-04-06 09:10:00,520.0,520.0,515.0,515.0,76300
2026-04-06 09:15:00,520.0,520.0,515.0,520.0,33500
2026-04-06 09:20:00,515.0,520.0,515.0,520.0,30800
2026-04-06 09:25:00,515.0,520.0,515.0,520.0,74600
2026-04-06 09:30:00,520.0,520.0,515.0,520.0,16600
2026-04-06 09:35:00,520.0,520.0,515.0,520.0,8700
2026-04-06 09:40:00,520.0,520.0,515.0,520.0,13000
2026-04-06 09:45:00,520.0,520.0,515.0,520.0,23900
2026-04-06 09:50:00,515.0,520.0,515.0,515.0,19400
2026-04-06 09:55:00,515.0,520.0,515.0,520.0,70400
2026-04-06 10:00:00,520.0,520.0,515.0,515.0,42500
2026-04-06 10:05:00,520.0,520.0,515.0,520.0,127800
2026-04-06 10:10:00,520.0,520.0,515.0,520.0,84300
2026-04-06 10:15:00,515.0,520.0,515.0,515.0,13600
2026-04-06 10:20:00,520.0,520.0,515.0,520.0,12200
2026-04-06 10:25:00,520.0,520.0,515.0,515.0,674100
2026-04-06 10:30:00,515.0,520.0,515.0,515.0,9500
2026-04-06 10:35:00,520.0,520.0,515.0,515.0,145900
2026-04-06 10:40:00,515.0,520.0,515.0,515.0,221700
2026-04-06 10:45:00,515.0,515.0,510.0,515.0,89500
2026-04-06 10:50:00,515.0,520.0,515.0,515.0,46500
2026-04-06 10:55:00,515.0,520.0,515.0,515.0,29000
2026-04-06 11:00:00,515.0,520.0,515.0,520.0,14600
2026-04-06 11:05:00,520.0,520.0,515.0,515.0,2000
2026-04-06 11:10:00,515.0,520.0,515.0,515.0,197700
2026-04-06 11:15:00,515.0,520.0,515.0,515.0,43000
2026-04-06 11:20:00,515.0,520.0,515.0,515.0,29700
2026-04-06 11:25:00,515.0,515.0,515.0,515.0,16900
2026-04-06 11:30:00,515.0,520.0,515.0,515.0,15100
2026-04-06 11:35:00,515.0,520.0,510.0,515.0,153200
2026-04-06 11:40:00,515.0,515.0,510.0,515.0,13200
2026-04-06 11:45:00,515.0,515.0,510.0,515.0,48600
2026-04-06 11:50:00,515.0,515.0,515.0,515.0,49600
2026-04-06 11:55:00,515.0,515.0,510.0,510.0,3700
2026-04-06 13:30:00,510.0,520.0,510.0,515.0,432800
2026-04-06 13:35:00,520.0,520.0,515.0,515.0,500
2026-04-06 13:40:00,515.0,520.0,515.0,515.0,10000
2026-04-06 13:45:00,515.0,520.0,515.0,515.0,9400
2026-04-06 13:50:00,515.0,520.0,515.0,515.0,4700
2026-04-06 13:55:00,515.0,515.0,515.0,515.0,205400
2026-04-06 14:00:00,515.0,515.0,510.0,515.0,138000
2026-04-06 14:05:00,515.0,520.0,515.0,520.0,189400
2026-04-06 14:10:00,515.0,520.0,515.0,520.0,0
2026-04-06 14:15:00,520.0,520.0,515.0,515.0,2500
2026-04-06 14:20:00,520.0,520.0,515.0,515.0,1700
2026-04-06 14:25:00,520.0,520.0,515.0,515.0,2500
2026-04-06 14:30:00,520.0,520.0,515.0,515.0,50300
2026-04-06 14:35:00,515.0,520.0,515.0,515.0,31000
2026-04-06 14:40:00,515.0,520.0,515.0,515.0,15100
2026-04-06 14:45:00,520.0,520.0,515.0,515.0,1300
2026-04-06 14:50:00,520.0,520.0,515.0,515.0,130100
2026-04-06 14:55:00,515.0,520.0,515.0,520.0,32200
2026-04-06 15:00:00,520.0,520.0,515.0,515.0,13800
2026-04-06 15:05:00,515.0,520.0,515.0,515.0,15500
2026-04-06 15:10:00,515.0,520.0,515.0,520.0,3000
2026-04-06 15:15:00,520.0,520.0,515.0,520.0,9300
2026-04-06 15:20:00,520.0,520.0,515.0,515.0,87800
2026-04-06 15:25:00,515.0,515.0,515.0,515.0,22900
2026-04-06 15:30:00,515.0,515.0,510.0,515.0,54700
2026-04-06 15:35:00,515.0,515.0,510.0,515.0,153500
2026-04-06 15:40:00,510.0,515.0,510.0,515.0,54800
2026-04-06 15:45:00,515.0,515.0,510.0,510.0,196000
2026-04-06 16:00:00,515.0,515.0,515.0,515.0,350400
2026-04-06 16:05:00,515.0,515.0,515.0,515.0,25200
2026-04-06 16:10:00,515.0,515.0,515.0,515.0,100
2026-04-07 09:00:00,520.0,520.0,510.0,510.0,0
2026-04-07 09:05:00,515.0,515.0,510.0,515.0,31300
2026-04-07 09:10:00,515.0,515.0,510.0,515.0,50400
2026-04-07 09:15:00,515.0,515.0,510.0,515.0,19700
2026-04-07 09:20:00,510.0,515.0,510.0,515.0,20400
2026-04-07 09:25:00,515.0,515.0,510.0,515.0,49800
2026-04-07 09:30:00,510.0,515.0,510.0,510.0,51400
2026-04-07 09:35:00,515.0,515.0,510.0,515.0,183100
2026-04-07 09:40:00,515.0,515.0,510.0,510.0,0
2026-04-07 09:45:00,515.0,515.0,510.0,515.0,5600
2026-04-07 09:50:00,515.0,515.0,510.0,510.0,15300
2026-04-07 09:55:00,510.0,515.0,510.0,515.0,6900
2026-04-07 10:00:00,515.0,515.0,510.0,515.0,6500
2026-04-07 10:05:00,515.0,515.0,510.0,515.0,12700
2026-04-07 10:10:00,515.0,515.0,510.0,510.0,153000
2026-04-07 10:15:00,515.0,515.0,510.0,510.0,96300
2026-04-07 10:20:00,515.0,515.0,510.0,515.0,59700
2026-04-07 10:25:00,515.0,515.0,510.0,510.0,30200
2026-04-07 10:30:00,515.0,515.0,510.0,515.0,617300
2026-04-07 10:35:00,515.0,515.0,510.0,515.0,52100
2026-04-07 10:40:00,515.0,515.0,510.0,510.0,41000
2026-04-07 10:45:00,515.0,515.0,510.0,510.0,27500
2026-04-07 10:50:00,515.0,515.0,510.0,515.0,7500
2026-04-07 10:55:00,515.0,515.0,510.0,515.0,24400
2026-04-07 11:00:00,510.0,515.0,510.0,510.0,81400
2026-04-07 11:05:00,510.0,515.0,510.0,515.0,3400
2026-04-07 11:10:00,515.0,515.0,510.0,510.0,10400
2026-04-07 11:15:00,510.0,515.0,510.0,515.0,16600
2026-04-07 11:20:00,515.0,515.0,510.0,515.0,11700
2026-04-07 11:25:00,510.0,515.0,510.0,510.0,39300
2026-04-07 11:30:00,515.0,515.0,510.0,515.0,0
2026-04-07 11:35:00,515.0,515.0,510.0,515.0,34700
2026-04-07 11:40:00,515.0,515.0,510.0,515.0,11700
2026-04-07 11:45:00,515.0,515.0,510.0,510.0,31300
2026-04-07 11:50:00,515.0,515.0,510.0,515.0,10400
2026-04-07 11:55:00,515.0,515.0,510.0,515.0,99500
2026-04-07 13:30:00,515.0,515.0,510.0,515.0,152200
2026-04-07 13:35:00,510.0,515.0,510.0,515.0,11800
2026-04-07 13:40:00,510.0,515.0,510.0,515.0,83900
2026-04-07 13:45:00,515.0,515.0,510.0,510.0,55300
2026-04-07 13:50:00,515.0,515.0,510.0,515.0,95900
2026-04-07 13:55:00,515.0,515.0,515.0,515.0,21500
2026-04-07 14:00:00,515.0,515.0,510.0,515.0,50500
2026-04-07 14:05:00,515.0,515.0,510.0,515.0,37300
2026-04-07 14:10:00,515.0,515.0,515.0,515.0,5300
2026-04-07 14:15:00,515.0,515.0,510.0,515.0,19600
2026-04-07 14:20:00,515.0,515.0,510.0,515.0,32000
2026-04-07 14:25:00,510.0,515.0,510.0,515.0,23300
2026-04-07 14:30:00,515.0,515.0,515.0,515.0,53100
2026-04-07 14:35:00,515.0,515.0,510.0,515.0,36000
2026-04-07 14:40:00,515.0,515.0,510.0,515.0,3600
2026-04-07 14:45:00,515.0,515.0,510.0,515.0,125700
2026-04-07 14:50:00,515.0,515.0,510.0,515.0,6200
2026-04-07 14:55:00,510.0,515.0,510.0,515.0,123900
2026-04-07 15:00:00,515.0,515.0,510.0,515.0,10400
2026-04-07 15:05:00,515.0,515.0,510.0,515.0,8700
2026-04-07 15:10:00,515.0,515.0,510.0,515.0,29800
2026-04-07 15:15:00,515.0,515.0,515.0,515.0,2256000
2026-04-07 15:20:00,515.0,520.0,515.0,515.0,124300
2026-04-07 15:25:00,515.0,520.0,515.0,515.0,59800
2026-04-07 15:30:00,515.0,520.0,515.0,515.0,22300
2026-04-07 15:35:00,515.0,520.0,515.0,515.0,16300
2026-04-07 15:40:00,515.0,520.0,515.0,515.0,375500
2026-04-07 15:45:00,515.0,520.0,515.0,515.0,710400
2026-04-07 16:00:00,515.0,515.0,515.0,515.0,107300
2026-04-07 16:05:00,515.0,515.0,515.0,515.0,320600
2026-04-08 09:00:00,515.0,520.0,515.0,515.0,0
2026-04-08 09:05:00,520.0,520.0,515.0,515.0,42600
2026-04-08 09:10:00,520.0,520.0,515.0,515.0,152100
2026-04-08 09:15:00,520.0,520.0,515.0,520.0,184300
2026-04-08 09:20:00,515.0,520.0,515.0,515.0,123900
2026-04-08 09:25:00,515.0,520.0,515.0,515.0,60500
2026-04-08 09:30:00,515.0,520.0,515.0,520.0,181800
2026-04-08 09:35:00,515.0,520.0,515.0,520.0,93100
2026-04-08 09:40:00,520.0,520.0,515.0,515.0,44300
2026-04-08 09:45:00,520.0,520.0,515.0,515.0,16500
2026-04-08 09:50:00,515.0,520.0,515.0,515.0,133100
2026-04-08 09:55:00,515.0,520.0,515.0,515.0,51800
2026-04-08 10:00:00,520.0,520.0,515.0,515.0,15000
2026-04-08 10:05:00,520.0,520.0,515.0,520.0,40000
2026-04-08 10:10:00,515.0,520.0,515.0,515.0,37400
2026-04-08 10:15:00,515.0,520.0,515.0,515.0,37400
2026-04-08 10:20:00,515.0,520.0,515.0,515.0,58900
2026-04-08 10:25:00,515.0,520.0,515.0,515.0,150200
2026-04-08 10:30:00,520.0,520.0,515.0,515.0,50500
2026-04-08 10:35:00,515.0,520.0,515.0,515.0,24000
2026-04-08 10:40:00,515.0,520.0,515.0,520.0,405100
2026-04-08 10:45:00,515.0,520.0,515.0,515.0,136300
2026-04-08 10:50:00,515.0,520.0,515.0,515.0,47800
2026-04-08 10:55:00,515.0,520.0,515.0,515.0,28600
2026-04-08 11:00:00,520.0,520.0,515.0,515.0,28000
2026-04-08 11:05:00,515.0,520.0,515.0,515.0,33200
2026-04-08 11:10:00,520.0,520.0,515.0,515.0,40000
2026-04-08 11:15:00,515.0,520.0,515.0,520.0,209200
2026-04-08 11:20:00,515.0,520.0,515.0,520.0,93400
2026-04-08 11:25:00,515.0,520.0,515.0,515.0,38300
2026-04-08 11:30:00,515.0,520.0,515.0,520.0,37100
2026-04-08 11:35:00,515.0,520.0,515.0,515.0,56300
2026-04-08 11:40:00,515.0,520.0,515.0,520.0,33100
2026-04-08 11:45:00,520.0,520.0,515.0,520.0,29000
2026-04-08 11:50:00,515.0,520.0,515.0,515.0,88000
2026-04-08 11:55:00,515.0,520.0,515.0,515.0,34700
2026-04-08 13:30:00,515.0,520.0,515.0,520.0,82900
2026-04-08 13:35:00,515.0,520.0,515.0,515.0,48400
2026-04-08 13:40:00,515.0,520.0,515.0,515.0,25000
2026-04-08 13:45:00,520.0,520.0,515.0,520.0,31300
2026-04-08 13:50:00,515.0,520.0,515.0,515.0,15200
2026-04-08 13:55:00,515.0,520.0,515.0,520.0,20700
2026-04-08 14:00:00,520.0,520.0,515.0,520.0,0
2026-04-08 14:05:00,520.0,520.0,515.0,520.0,8300
2026-04-08 14:10:00,520.0,520.0,515.0,520.0,11700
2026-04-08 14:15:00,520.0,520.0,515.0,520.0,33800
2026-04-08 14:20:00,515.0,520.0,515.0,515.0,227100
2026-04-08 14:25:00,520.0,520.0,515.0,515.0,451500
2026-04-08 14:30:00,520.0,520.0,515.0,515.0,67400
2026-04-08 14:35:00,515.0,520.0,515.0,515.0,88300
2026-04-08 14:40:00,515.0,520.0,515.0,515.0,85000
2026-04-08 14:45:00,515.0,520.0,515.0,515.0,39600
2026-04-08 14:50:00,520.0,520.0,515.0,515.0,20400
2026-04-08 14:55:00,515.0,520.0,515.0,515.0,679200
2026-04-08 15:00:00,515.0,520.0,515.0,515.0,85600
2026-04-08 15:05:00,515.0,520.0,515.0,515.0,98500
2026-04-08 15:10:00,515.0,520.0,515.0,520.0,46100
2026-04-08 15:15:00,520.0,520.0,515.0,520.0,15300
2026-04-08 15:20:00,515.0,520.0,515.0,520.0,74800
2026-04-08 15:25:00,520.0,520.0,515.0,515.0,242400
2026-04-08 15:30:00,520.0,520.0,515.0,515.0,99600
2026-04-08 15:35:00,520.0,520.0,515.0,515.0,8800
2026-04-08 15:40:00,515.0,520.0,515.0,515.0,52300
2026-04-08 15:45:00,515.0,520.0,515.0,520.0,195700
2026-04-08 16:00:00,520.0,520.0,520.0,520.0,676100
2026-04-08 16:05:00,520.0,520.0,520.0,520.0,3200
2026-04-08 16:10:00,520.0,520.0,520.0,520.0,1100
2026-04-09 09:00:00,515.0,520.0,515.0,515.0,0
2026-04-09 09:05:00,520.0,520.0,515.0,520.0,110800
2026-04-09 09:10:00,520.0,520.0,515.0,515.0,40500
2026-04-09 09:15:00,515.0,520.0,515.0,515.0,218200
2026-04-09 09:20:00,520.0,520.0,515.0,520.0,53700
2026-04-09 09:25:00,520.0,520.0,515.0,520.0,121300
2026-04-09 09:30:00,520.0,520.0,515.0,520.0,39800
2026-04-09 09:35:00,520.0,520.0,515.0,515.0,11500
2026-04-09 09:40:00,520.0,520.0,515.0,520.0,6200
2026-04-09 09:45:00,520.0,520.0,515.0,515.0,40800
2026-04-09 09:50:00,515.0,520.0,515.0,520.0,19700
2026-04-09 09:55:00,520.0,520.0,515.0,520.0,36800
2026-04-09 10:00:00,520.0,520.0,515.0,520.0,118300
2026-04-09 10:05:00,520.0,520.0,515.0,520.0,93800
2026-04-09 10:10:00,520.0,520.0,515.0,520.0,6700
2026-04-09 10:15:00,515.0,520.0,515.0,520.0,19300
2026-04-09 10:20:00,515.0,515.0,515.0,515.0,1000
2026-04-09 10:25:00,520.0,520.0,520.0,520.0,3000
2026-04-09 10:30:00,520.0,520.0,515.0,520.0,15300
2026-04-09 10:35:00,520.0,520.0,515.0,520.0,548900
2026-04-09 10:40:00,520.0,520.0,515.0,520.0,75200
2026-04-09 10:45:00,515.0,520.0,515.0,520.0,15600
2026-04-09 10:50:00,520.0,520.0,515.0,515.0,44000
2026-04-09 10:55:00,520.0,520.0,515.0,520.0,42400
2026-04-09 11:00:00,520.0,520.0,515.0,520.0,52800
2026-04-09 11:05:00,515.0,520.0,515.0,520.0,8200
2026-04-09 11:10:00,515.0,520.0,515.0,520.0,42500
2026-04-09 11:15:00,515.0,520.0,515.0,520.0,4500
2026-04-09 11:20:00,520.0,520.0,510.0,515.0,5266700
2026-04-09 11:25:00,515.0,515.0,510.0,515.0,99200
2026-04-09 11:30:00,515.0,515.0,510.0,515.0,94800
2026-04-09 11:35:00,510.0,515.0,510.0,515.0,45800
2026-04-09 11:40:00,515.0,515.0,510.0,515.0,724900
2026-04-09 11:45:00,520.0,520.0,515.0,520.0,176600
2026-04-09 11:50:00,515.0,520.0,515.0,520.0,57400
2026-04-09 11:55:00,520.0,520.0,515.0,520.0,23500
2026-04-09 13:30:00,520.0,520.0,515.0,520.0,47300
2026-04-09 13:35:00,515.0,520.0,515.0,515.0,293500
2026-04-09 13:40:00,515.0,520.0,515.0,515.0,264300
2026-04-09 13:45:00,515.0,520.0,515.0,520.0,96500
2026-04-09 13:50:00,520.0,520.0,515.0,520.0,102300
2026-04-09 13:55:00,515.0,520.0,515.0,520.0,11500
2026-04-09 14:00:00,515.0,520.0,515.0,515.0,11400
2026-04-09 14:05:00,520.0,520.0,515.0,515.0,149800
2026-04-09 14:10:00,515.0,520.0,515.0,520.0,3100
2026-04-09 14:15:00,520.0,520.0,520.0,520.0,2300
2026-04-09 14:20:00,520.0,520.0,515.0,520.0,51100
2026-04-09 14:25:00,520.0,520.0,515.0,520.0,55700
2026-04-09 14:30:00,520.0,520.0,515.0,515.0,22200
2026-04-09 14:35:00,515.0,520.0,510.0,510.0,397600
2026-04-09 14:40:00,515.0,520.0,510.0,515.0,193600
2026-04-09 14:45:00,520.0,520.0,515.0,520.0,27000
2026-04-09 14:50:00,520.0,520.0,515.0,520.0,48500
2026-04-09 14:55:00,520.0,520.0,515.0,515.0,4600
2026-04-09 15:00:00,515.0,520.0,515.0,520.0,14000
2026-04-09 15:05:00,515.0,520.0,515.0,515.0,22900
2026-04-09 15:10:00,515.0,520.0,515.0,515.0,2600
2026-04-09 15:15:00,520.0,520.0,515.0,520.0,118000
2026-04-09 15:20:00,520.0,520.0,515.0,515.0,25900
2026-04-09 15:25:00,520.0,520.0,515.0,515.0,365200
2026-04-09 15:30:00,515.0,520.0,515.0,520.0,0
2026-04-09 15:35:00,515.0,520.0,515.0,520.0,9900
2026-04-09 15:40:00,520.0,520.0,515.0,520.0,65600
2026-04-09 15:45:00,515.0,520.0,515.0,520.0,203200
2026-04-09 16:00:00,515.0,515.0,515.0,515.0,143400
2026-04-09 16:10:00,515.0,515.0,515.0,515.0,37000
2026-04-10 09:00:00,515.0,520.0,515.0,520.0,0
2026-04-10 09:05:00,520.0,520.0,515.0,520.0,168500
2026-04-10 09:10:00,520.0,520.0,515.0,515.0,35200
2026-04-10 09:15:00,520.0,520.0,515.0,520.0,34800
2026-04-10 09:20:00,520.0,520.0,515.0,520.0,33200
2026-04-10 09:25:00,520.0,520.0,515.0,520.0,37800
2026-04-10 09:30:00,515.0,520.0,515.0,520.0,258900
2026-04-10 09:35:00,520.0,520.0,515.0,520.0,118700
2026-04-10 09:40:00,520.0,520.0,515.0,520.0,30000
2026-04-10 09:45:00,520.0,520.0,515.0,515.0,76600
2026-04-10 09:50:00,520.0,520.0,515.0,515.0,0
2026-04-10 09:55:00,515.0,520.0,515.0,520.0,40100
2026-04-10 10:00:00,520.0,520.0,515.0,520.0,15200
2026-04-10 10:05:00,520.0,520.0,520.0,520.0,97300
2026-04-10 10:10:00,520.0,520.0,515.0,520.0,30000
2026-04-10 10:15:00,520.0,520.0,515.0,520.0,104900
2026-04-10 10:20:00,520.0,520.0,515.0,520.0,60900
2026-04-10 10:25:00,515.0,520.0,515.0,520.0,26000
2026-04-10 10:30:00,515.0,520.0,515.0,520.0,169700
2026-04-10 10:35:00,515.0,520.0,515.0,515.0,0
2026-04-10 10:40:00,515.0,520.0,515.0,520.0,3000
2026-04-10 10:45:00,515.0,520.0,515.0,520.0,222600
2026-04-10 10:50:00,520.0,520.0,515.0,515.0,59700
2026-04-10 10:55:00,520.0,520.0,520.0,520.0,22200
2026-04-10 11:00:00,515.0,520.0,515.0,520.0,6300
2026-04-10 11:05:00,515.0,520.0,515.0,520.0,9300
2026-04-10 11:10:00,520.0,520.0,515.0,520.0,20600
2026-04-10 11:15:00,520.0,520.0,515.0,520.0,1500
2026-04-10 11:20:00,515.0,520.0,515.0,520.0,35100
2026-04-10 11:25:00,520.0,520.0,515.0,520.0,1200
2026-04-10 14:00:00,520.0,520.0,510.0,510.0,3013200
2026-04-10 14:05:00,515.0,520.0,510.0,515.0,599300
2026-04-10 14:10:00,515.0,520.0,510.0,520.0,254600
2026-04-10 14:15:00,520.0,520.0,515.0,520.0,78100
2026-04-10 14:20:00,520.0,520.0,515.0,515.0,1400
2026-04-10 14:25:00,520.0,520.0,515.0,520.0,48300
2026-04-10 14:30:00,515.0,520.0,515.0,520.0,21100
2026-04-10 14:35:00,515.0,520.0,515.0,520.0,75200
2026-04-10 14:40:00,520.0,520.0,520.0,520.0,4000
2026-04-10 14:45:00,520.0,520.0,515.0,520.0,13700
2026-04-10 14:50:00,520.0,520.0,515.0,520.0,24900
2026-04-10 14:55:00,520.0,520.0,515.0,520.0,31000
2026-04-10 15:00:00,520.0,520.0,515.0,520.0,12700
2026-04-10 15:05:00,520.0,520.0,515.0,520.0,38400
2026-04-10 15:10:00,520.0,520.0,515.0,520.0,17000
2026-04-10 15:15:00,520.0,520.0,515.0,520.0,47000
2026-04-10 15:20:00,515.0,520.0,515.0,520.0,274500
2026-04-10 15:25:00,520.0,520.0,515.0,515.0,25700
2026-04-10 15:30:00,515.0,520.0,515.0,520.0,51200
2026-04-10 15:35:00,515.0,520.0,515.0,515.0,19300
2026-04-10 15:40:00,520.0,520.0,515.0,520.0,34700
2026-04-10 15:45:00,520.0,520.0,515.0,515.0,91700
2026-04-10 16:00:00,520.0,520.0,520.0,520.0,86700
2026-04-10 16:05:00,520.0,520.0,520.0,520.0,7700
2026-04-10 16:10:00,520.0,520.0,520.0,520.0,4800
2026-04-13 09:00:00,515.0,520.0,515.0,520.0,0
2026-04-13 09:05:00,520.0,520.0,515.0,515.0,886900
2026-04-13 09:10:00,515.0,520.0,510.0,515.0,326000
2026-04-13 09:15:00,515.0,515.0,510.0,515.0,197200
2026-04-13 09:20:00,515.0,520.0,510.0,515.0,544700
2026-04-13 09:25:00,515.0,515.0,510.0,515.0,66800
2026-04-13 09:30:00,515.0,520.0,510.0,515.0,1046600
2026-04-13 09:35:00,520.0,520.0,515.0,515.0,679300
2026-04-13 09:40:00,520.0,520.0,515.0,520.0,13500
2026-04-13 09:45:00,520.0,520.0,515.0,520.0,19300
2026-04-13 09:50:00,520.0,520.0,515.0,515.0,8500
2026-04-13 09:55:00,520.0,520.0,515.0,515.0,13900
2026-04-13 10:00:00,515.0,520.0,515.0,520.0,4400
2026-04-13 10:05:00,520.0,520.0,515.0,520.0,17400
2026-04-13 10:10:00,515.0,520.0,515.0,520.0,39600
2026-04-13 10:15:00,520.0,520.0,515.0,520.0,7600
2026-04-13 10:20:00,515.0,520.0,515.0,520.0,16300
2026-04-13 10:25:00,520.0,520.0,515.0,520.0,30600
2026-04-13 10:30:00,515.0,520.0,515.0,515.0,194800
2026-04-13 10:35:00,520.0,520.0,520.0,520.0,4600
2026-04-13 10:40:00,515.0,520.0,515.0,520.0,32800
2026-04-13 10:45:00,520.0,520.0,515.0,520.0,9900
2026-04-13 10:50:00,520.0,520.0,515.0,520.0,23100
2026-04-13 10:55:00,515.0,520.0,515.0,520.0,14400
2026-04-13 11:00:00,520.0,520.0,515.0,520.0,2400
2026-04-13 11:05:00,520.0,520.0,515.0,515.0,91400
2026-04-13 11:10:00,515.0,520.0,515.0,515.0,1600
2026-04-13 11:15:00,515.0,520.0,515.0,515.0,41600
2026-04-13 11:20:00,515.0,520.0,515.0,520.0,800
2026-04-13 11:25:00,520.0,520.0,515.0,520.0,10300
2026-04-13 11:30:00,520.0,520.0,515.0,515.0,9800
2026-04-13 11:35:00,515.0,520.0,515.0,520.0,89900
2026-04-13 11:40:00,520.0,520.0,515.0,515.0,0
2026-04-13 11:45:00,520.0,520.0,515.0,515.0,115200
2026-04-13 11:50:00,515.0,520.0,515.0,520.0,25400
2026-04-13 11:55:00,520.0,520.0,515.0,520.0,112800
2026-04-13 13:30:00,515.0,520.0,515.0,515.0,221800
2026-04-13 13:35:00,520.0,520.0,515.0,515.0,10900
2026-04-13 13:40:00,520.0,520.0,515.0,520.0,10800
2026-04-13 13:45:00,520.0,520.0,515.0,515.0,72400
2026-04-13 13:50:00,520.0,520.0,515.0,520.0,38600
2026-04-13 13:55:00,520.0,520.0,515.0,520.0,20200
2026-04-13 14:00:00,520.0,520.0,515.0,520.0,356100
2026-04-13 14:05:00,520.0,520.0,515.0,515.0,21300
2026-04-13 14:10:00,520.0,520.0,515.0,520.0,20600
2026-04-13 14:15:00,520.0,520.0,515.0,520.0,40400
2026-04-13 14:20:00,515.0,520.0,515.0,515.0,27800
2026-04-13 14:25:00,520.0,520.0,515.0,520.0,3000
2026-04-13 14:30:00,520.0,520.0,515.0,520.0,32900
2026-04-13 14:35:00,520.0,520.0,515.0,520.0,6600
2026-04-13 14:40:00,515.0,520.0,515.0,520.0,8800
2026-04-13 14:45:00,520.0,520.0,515.0,515.0,24900
2026-04-13 14:50:00,520.0,520.0,515.0,520.0,155500
2026-04-13 14:55:00,520.0,520.0,515.0,515.0,997900
2026-04-13 15:00:00,520.0,520.0,520.0,520.0,2000
2026-04-13 15:05:00,520.0,520.0,515.0,515.0,200500
2026-04-13 15:10:00,520.0,520.0,515.0,520.0,270700
2026-04-13 15:15:00,520.0,520.0,520.0,520.0,3300
2026-04-13 15:20:00,520.0,520.0,515.0,520.0,7900
2026-04-13 15:25:00,520.0,520.0,520.0,520.0,15700
2026-04-13 15:30:00,520.0,520.0,515.0,515.0,22900
2026-04-13 15:35:00,515.0,520.0,515.0,520.0,212800
2026-04-13 15:40:00,520.0,520.0,515.0,520.0,37700
2026-04-13 15:45:00,520.0,520.0,515.0,520.0,116200
2026-04-13 16:00:00,515.0,515.0,515.0,515.0,334000
2026-04-13 16:05:00,515.0,515.0,515.0,515.0,1200
2026-04-14 09:00:00,520.0,520.0,515.0,520.0,0
2026-04-14 09:05:00,520.0,520.0,520.0,520.0,174000
2026-04-14 09:10:00,520.0,520.0,515.0,515.0,92300
2026-04-14 09:15:00,515.0,520.0,515.0,515.0,284200
2026-04-14 09:20:00,520.0,520.0,515.0,520.0,4100
2026-04-14 09:25:00,520.0,520.0,515.0,520.0,83400
2026-04-14 09:30:00,520.0,520.0,515.0,520.0,145300
2026-04-14 09:35:00,520.0,520.0,515.0,515.0,347900
2026-04-14 09:40:00,515.0,520.0,515.0,520.0,189000
2026-04-14 09:45:00,520.0,520.0,515.0,520.0,84200
2026-04-14 09:50:00,520.0,520.0,515.0,515.0,18400
2026-04-14 09:55:00,520.0,520.0,515.0,515.0,319600
2026-04-14 10:00:00,515.0,520.0,515.0,520.0,128400
2026-04-14 10:05:00,520.0,520.0,515.0,520.0,54200
2026-04-14 10:10:00,515.0,520.0,515.0,515.0,92400
2026-04-14 10:15:00,520.0,520.0,515.0,520.0,19100
2026-04-14 10:20:00,520.0,520.0,520.0,520.0,61100
2026-04-14 10:25:00,520.0,520.0,515.0,520.0,50600
2026-04-14 10:30:00,515.0,520.0,515.0,520.0,4700
2026-04-14 10:35:00,520.0,520.0,515.0,520.0,25800
2026-04-14 10:40:00,520.0,520.0,515.0,520.0,21000
2026-04-14 10:45:00,520.0,520.0,515.0,520.0,16700
2026-04-14 10:50:00,515.0,520.0,515.0,520.0,102900
2026-04-14 10:55:00,520.0,520.0,515.0,520.0,27000
2026-04-14 11:00:00,520.0,520.0,515.0,520.0,23100
2026-04-14 11:05:00,520.0,520.0,515.0,515.0,62400
2026-04-14 11:10:00,515.0,520.0,515.0,520.0,53900
2026-04-14 11:15:00,520.0,520.0,515.0,520.0,21900
2026-04-14 11:20:00,520.0,520.0,515.0,520.0,16600
2026-04-14 11:25:00,520.0,520.0,520.0,520.0,26900
2026-04-14 11:30:00,520.0,520.0,520.0,520.0,34900
2026-04-14 11:35:00,520.0,520.0,515.0,520.0,35800
2026-04-14 11:40:00,520.0,520.0,515.0,520.0,30000
2026-04-14 11:45:00,515.0,520.0,515.0,515.0,52400
2026-04-14 11:50:00,515.0,520.0,515.0,520.0,58900
2026-04-14 11:55:00,520.0,520.0,515.0,520.0,2200
2026-04-14 13:30:00,520.0,520.0,515.0,515.0,284300
2026-04-14 13:35:00,515.0,520.0,515.0,520.0,21100
2026-04-14 13:40:00,520.0,520.0,515.0,520.0,72600
2026-04-14 13:45:00,515.0,520.0,515.0,515.0,35100
2026-04-14 13:50:00,520.0,520.0,515.0,520.0,2000
2026-04-14 13:55:00,515.0,520.0,515.0,515.0,26800
2026-04-14 14:00:00,520.0,520.0,515.0,520.0,206200
2026-04-14 14:05:00,520.0,520.0,515.0,520.0,28800
2026-04-14 14:10:00,520.0,520.0,515.0,520.0,116700
2026-04-14 14:15:00,515.0,520.0,515.0,520.0,22500
2026-04-14 14:20:00,520.0,520.0,515.0,520.0,154000
2026-04-14 14:25:00,520.0,520.0,515.0,515.0,10200
2026-04-14 14:30:00,515.0,520.0,515.0,515.0,13100
2026-04-14 14:35:00,515.0,520.0,515.0,520.0,4000
2026-04-14 14:40:00,515.0,520.0,515.0,515.0,42000
2026-04-14 14:45:00,515.0,520.0,515.0,520.0,103000
2026-04-14 14:50:00,515.0,520.0,515.0,520.0,15600
2026-04-14 14:55:00,515.0,520.0,515.0,520.0,28500
2026-04-14 15:00:00,520.0,520.0,515.0,520.0,31200
2026-04-14 15:05:00,520.0,520.0,515.0,520.0,43200
2026-04-14 15:10:00,520.0,520.0,520.0,520.0,9500
2026-04-14 15:15:00,520.0,520.0,515.0,520.0,57300
2026-04-14 15:20:00,520.0,520.0,515.0,520.0,61900
2026-04-14 15:25:00,520.0,520.0,515.0,520.0,1700
2026-04-14 15:30:00,520.0,520.0,515.0,520.0,524500
2026-04-14 15:35:00,520.0,520.0,515.0,520.0,681400
2026-04-14 15:40:00,515.0,520.0,515.0,520.0,33200
2026-04-14 15:45:00,520.0,520.0,515.0,520.0,43400
2026-04-14 16:00:00,520.0,520.0,520.0,520.0,219100
2026-04-14 16:05:00,520.0,520.0,520.0,520.0,1300
2026-04-14 16:10:00,520.0,520.0,520.0,520.0,2500
2026-04-15 09:00:00,520.0,520.0,515.0,515.0,0
2026-04-15 09:05:00,520.0,520.0,515.0,515.0,34300
2026-04-15 09:10:00,520.0,520.0,515.0,520.0,172000
2026-04-15 09:15:00,520.0,520.0,515.0,520.0,140200
2026-04-15 09:20:00,520.0,520.0,515.0,515.0,167100
2026-04-15 09:25:00,520.0,520.0,515.0,520.0,31400
2026-04-15 09:30:00,520.0,520.0,515.0,520.0,174800
2026-04-15 09:35:00,520.0,520.0,515.0,520.0,130500
2026-04-15 09:40:00,520.0,520.0,515.0,520.0,51800
2026-04-15 09:45:00,520.0,520.0,515.0,520.0,20400
2026-04-15 09:50:00,515.0,520.0,515.0,520.0,51400
2026-04-15 09:55:00,515.0,520.0,515.0,515.0,107800
2026-04-15 10:00:00,520.0,520.0,515.0,520.0,11300
2026-04-15 10:05:00,520.0,520.0,515.0,515.0,71500
2026-04-15 10:10:00,515.0,520.0,515.0,520.0,131500
2026-04-15 10:15:00,520.0,520.0,515.0,515.0,68200
2026-04-15 10:20:00,515.0,520.0,515.0,520.0,12800
2026-04-15 10:25:00,520.0,520.0,515.0,515.0,46500
2026-04-15 10:30:00,520.0,520.0,515.0,520.0,7000
2026-04-15 10:35:00,515.0,520.0,515.0,520.0,7400
2026-04-15 10:40:00,515.0,520.0,515.0,520.0,30700
2026-04-15 10:45:00,520.0,520.0,515.0,520.0,53800
2026-04-15 10:50:00,520.0,520.0,515.0,520.0,26900
2026-04-15 10:55:00,520.0,520.0,515.0,515.0,11100
2026-04-15 11:00:00,515.0,520.0,515.0,520.0,37600
2026-04-15 11:05:00,520.0,520.0,515.0,520.0,30500
2026-04-15 11:10:00,520.0,520.0,515.0,520.0,22600
2026-04-15 11:15:00,520.0,520.0,515.0,520.0,434100
2026-04-15 11:20:00,520.0,520.0,515.0,520.0,76300
2026-04-15 11:25:00,520.0,520.0,515.0,520.0,26400
2026-04-15 11:30:00,515.0,520.0,515.0,520.0,40300
2026-04-15 11:35:00,520.0,520.0,515.0,520.0,6900
2026-04-15 11:40:00,520.0,520.0,515.0,515.0,8400
2026-04-15 11:45:00,515.0,520.0,515.0,520.0,67300
2026-04-15 11:50:00,520.0,520.0,515.0,520.0,7800
2026-04-15 11:55:00,520.0,520.0,515.0,520.0,12500
2026-04-15 13:30:00,520.0,520.0,515.0,520.0,270200
2026-04-15 13:35:00,520.0,520.0,515.0,520.0,116100
2026-04-15 13:40:00,515.0,520.0,515.0,520.0,17200
2026-04-15 13:45:00,515.0,520.0,515.0,520.0,90200
2026-04-15 13:50:00,520.0,520.0,515.0,520.0,0
2026-04-15 13:55:00,520.0,520.0,515.0,520.0,9600
2026-04-15 14:00:00,520.0,520.0,515.0,520.0,65600
2026-04-15 14:05:00,520.0,520.0,515.0,520.0,32200
2026-04-15 14:10:00,520.0,520.0,515.0,520.0,128100
2026-04-15 14:15:00,515.0,520.0,515.0,520.0,39500
2026-04-15 14:20:00,515.0,520.0,515.0,520.0,25800
2026-04-15 14:25:00,520.0,520.0,515.0,520.0,2213600
2026-04-15 14:30:00,520.0,520.0,515.0,520.0,14000
2026-04-15 14:35:00,520.0,520.0,515.0,520.0,11900
2026-04-15 14:40:00,520.0,520.0,515.0,520.0,104400
2026-04-15 14:45:00,520.0,520.0,515.0,515.0,19400
2026-04-15 14:50:00,520.0,520.0,515.0,515.0,5900
2026-04-15 14:55:00,520.0,520.0,515.0,520.0,10800
2026-04-15 15:00:00,520.0,520.0,515.0,520.0,57300
2026-04-15 15:05:00,520.0,520.0,515.0,520.0,7600
2026-04-15 15:10:00,520.0,520.0,510.0,515.0,1821600
2026-04-15 15:15:00,515.0,515.0,510.0,515.0,99600
2026-04-15 15:20:00,515.0,520.0,515.0,520.0,212700
2026-04-15 15:25:00,515.0,520.0,515.0,515.0,12000
2026-04-15 15:30:00,515.0,520.0,515.0,515.0,21400
2026-04-15 15:35:00,515.0,520.0,515.0,515.0,38000
2026-04-15 15:40:00,515.0,520.0,515.0,515.0,397100
2026-04-15 15:45:00,515.0,515.0,510.0,515.0,319500
2026-04-15 16:00:00,515.0,515.0,515.0,515.0,611200
2026-04-15 16:05:00,515.0,515.0,515.0,515.0,700
2026-04-16 09:00:00,515.0,520.0,510.0,515.0,0
2026-04-16 09:05:00,510.0,515.0,510.0,515.0,121600
2026-04-16 09:10:00,515.0,515.0,510.0,515.0,139400
2026-04-16 09:15:00,515.0,515.0,510.0,515.0,104500
2026-04-16 09:20:00,515.0,515.0,510.0,515.0,192800
2026-04-16 09:25:00,515.0,515.0,510.0,515.0,33300
2026-04-16 09:30:00,515.0,515.0,510.0,515.0,47000
2026-04-16 09:35:00,515.0,515.0,510.0,515.0,65600
2026-04-16 09:40:00,515.0,515.0,510.0,515.0,56200
2026-04-16 09:45:00,515.0,515.0,510.0,515.0,133000
2026-04-16 09:50:00,515.0,515.0,510.0,515.0,25200
2026-04-16 09:55:00,515.0,515.0,510.0,515.0,39200
2026-04-16 10:00:00,515.0,515.0,510.0,515.0,103200
2026-04-16 10:05:00,515.0,515.0,510.0,510.0,25800
2026-04-16 10:10:00,510.0,515.0,510.0,515.0,5030700
2026-04-16 10:15:00,515.0,515.0,510.0,515.0,550000
2026-04-16 10:20:00,515.0,515.0,510.0,515.0,68800
2026-04-16 10:25:00,515.0,515.0,510.0,515.0,321100
2026-04-16 10:30:00,515.0,515.0,510.0,515.0,48100
2026-04-16 10:35:00,515.0,515.0,510.0,515.0,96300
2026-04-16 10:40:00,515.0,515.0,510.0,515.0,135000
2026-04-16 10:45:00,515.0,515.0,510.0,515.0,55400
2026-04-16 10:50:00,510.0,515.0,510.0,510.0,635600
2026-04-16 10:55:00,515.0,515.0,510.0,510.0,37200
2026-04-16 11:00:00,515.0,515.0,510.0,515.0,17300
2026-04-16 11:05:00,515.0,515.0,510.0,510.0,79700
2026-04-16 11:10:00,510.0,515.0,510.0,510.0,60700
2026-04-16 11:15:00,515.0,515.0,510.0,515.0,30200
2026-04-16 11:20:00,515.0,515.0,510.0,510.0,18000
2026-04-16 11:25:00,515.0,515.0,510.0,515.0,2300
2026-04-16 11:30:00,515.0,515.0,510.0,515.0,12400
2026-04-16 11:35:00,515.0,515.0,510.0,515.0,14900
2026-04-16 11:40:00,515.0,515.0,510.0,510.0,28000
2026-04-16 11:45:00,510.0,515.0,510.0,515.0,38200
2026-04-16 11:50:00,515.0,515.0,510.0,510.0,47400
2026-04-16 11:55:00,510.0,515.0,510.0,515.0,6400
2026-04-16 13:30:00,515.0,515.0,510.0,510.0,580900
2026-04-16 13:35:00,510.0,515.0,510.0,510.0,44900
2026-04-16 13:40:00,515.0,515.0,510.0,510.0,488500
2026-04-16 13:45:00,510.0,515.0,510.0,515.0,0
2026-04-16 13:50:00,515.0,515.0,510.0,515.0,20000
2026-04-16 13:55:00,515.0,515.0,510.0,515.0,45600
2026-04-16 14:00:00,515.0,515.0,510.0,515.0,150200
2026-04-16 14:05:00,515.0,515.0,515.0,515.0,29200
2026-04-16 14:10:00,510.0,515.0,510.0,515.0,26300
2026-04-16 14:15:00,515.0,515.0,510.0,515.0,12900
2026-04-16 14:20:00,515.0,515.0,510.0,515.0,52500
2026-04-16 14:25:00,510.0,515.0,510.0,515.0,1033200
2026-04-16 14:30:00,515.0,515.0,510.0,515.0,695000
2026-04-16 14:35:00,515.0,515.0,510.0,515.0,1211000
2026-04-16 14:40:00,510.0,515.0,510.0,515.0,606800
2026-04-16 14:45:00,515.0,515.0,510.0,515.0,27000
2026-04-16 14:50:00,515.0,515.0,510.0,515.0,73800
2026-04-16 14:55:00,515.0,515.0,510.0,515.0,14700
2026-04-16 15:00:00,515.0,515.0,510.0,510.0,29400
2026-04-16 15:05:00,515.0,515.0,510.0,515.0,21200
2026-04-16 15:10:00,515.0,515.0,510.0,515.0,17500
2026-04-16 15:15:00,510.0,515.0,510.0,515.0,66600
2026-04-16 15:20:00,510.0,515.0,510.0,515.0,24100
2026-04-16 15:25:00,515.0,515.0,510.0,510.0,13500
2026-04-16 15:30:00,515.0,515.0,510.0,515.0,29300
2026-04-16 15:35:00,510.0,515.0,510.0,515.0,1394400
2026-04-16 15:40:00,515.0,515.0,510.0,510.0,1023700
2026-04-16 15:45:00,510.0,515.0,510.0,515.0,36300
2026-04-16 16:00:00,510.0,510.0,510.0,510.0,261000
2026-04-16 16:05:00,510.0,510.0,510.0,510.0,2200
2026-04-17 09:00:00,510.0,515.0,505.0,505.0,0
2026-04-17 09:05:00,510.0,510.0,505.0,510.0,159400
2026-04-17 09:10:00,510.0,510.0,505.0,510.0,87900
2026-04-17 09:15:00,510.0,510.0,505.0,510.0,140000
2026-04-17 09:20:00,510.0,510.0,505.0,510.0,207200
2026-04-17 09:25:00,510.0,510.0,505.0,510.0,166600
2026-04-17 09:30:00,510.0,510.0,505.0,510.0,193300
2026-04-17 09:35:00,510.0,510.0,505.0,510.0,345200
2026-04-17 09:40:00,510.0,510.0,505.0,505.0,172500
2026-04-17 09:45:00,510.0,510.0,505.0,510.0,60900
2026-04-17 09:50:00,510.0,510.0,505.0,510.0,177100
2026-04-17 09:55:00,510.0,510.0,505.0,510.0,174200
2026-04-17 10:00:00,510.0,510.0,505.0,510.0,135500
2026-04-17 10:05:00,510.0,510.0,505.0,510.0,37200
2026-04-17 10:10:00,510.0,510.0,505.0,510.0,130100
2026-04-17 10:15:00,510.0,510.0,505.0,510.0,475000
2026-04-17 10:20:00,510.0,510.0,505.0,510.0,58100
2026-04-17 10:25:00,510.0,510.0,505.0,510.0,92200
2026-04-17 10:30:00,510.0,510.0,510.0,510.0,165800
2026-04-17 10:35:00,510.0,510.0,505.0,510.0,240700
2026-04-17 10:40:00,510.0,510.0,505.0,510.0,186700
2026-04-17 10:45:00,510.0,510.0,505.0,505.0,356400
2026-04-17 10:50:00,510.0,510.0,505.0,505.0,670300
2026-04-17 10:55:00,515.0,515.0,510.0,510.0,2500
2026-04-17 11:00:00,510.0,515.0,510.0,515.0,13900
2026-04-17 11:05:00,515.0,515.0,510.0,510.0,13300
2026-04-17 11:10:00,515.0,515.0,510.0,515.0,3700
2026-04-17 11:15:00,510.0,515.0,510.0,515.0,10500
2026-04-17 11:20:00,510.0,515.0,510.0,515.0,96200
2026-04-17 11:25:00,510.0,515.0,510.0,510.0,0
2026-04-17 14:00:00,515.0,515.0,510.0,510.0,234800
2026-04-17 14:05:00,515.0,515.0,510.0,515.0,268500
2026-04-17 14:10:00,515.0,515.0,510.0,515.0,317600
2026-04-17 14:15:00,510.0,515.0,510.0,515.0,24700
2026-04-17 14:20:00,510.0,515.0,510.0,515.0,184200
2026-04-17 14:25:00,515.0,515.0,510.0,510.0,99500
2026-04-17 14:30:00,515.0,515.0,510.0,515.0,247100
2026-04-17 14:35:00,515.0,515.0,510.0,510.0,0
2026-04-17 14:40:00,515.0,515.0,510.0,515.0,25200
2026-04-17 14:45:00,515.0,515.0,510.0,510.0,726400
2026-04-17 14:50:00,515.0,515.0,510.0,510.0,862800
2026-04-17 14:55:00,510.0,515.0,510.0,515.0,442500
2026-04-17 15:00:00,515.0,515.0,510.0,515.0,122600
2026-04-17 15:05:00,510.0,515.0,510.0,515.0,150700
2026-04-17 15:10:00,515.0,515.0,510.0,515.0,44300
2026-04-17 15:15:00,510.0,515.0,510.0,515.0,79200
2026-04-17 15:20:00,515.0,515.0,510.0,515.0,142700
2026-04-17 15:25:00,510.0,515.0,510.0,515.0,40400
2026-04-17 15:30:00,515.0,515.0,510.0,510.0,252700
2026-04-17 15:35:00,515.0,515.0,510.0,515.0,543900
2026-04-17 15:40:00,515.0,515.0,510.0,515.0,288300
2026-04-17 15:45:00,515.0,515.0,510.0,510.0,1381600
2026-04-17 16:00:00,515.0,515.0,515.0,515.0,1993800
2026-04-17 16:05:00,515.0,515.0,515.0,515.0,8400
2026-04-17 16:10:00,515.0,515.0,515.0,515.0,16100
2026-04-20 09:00:00,500.0,505.0,500.0,505.0,0
2026-04-20 09:05:00,505.0,505.0,500.0,505.0,538900
2026-04-20 09:10:00,505.0,505.0,500.0,505.0,316300
2026-04-20 09:15:00,505.0,505.0,500.0,505.0,143100
2026-04-20 09:20:00,505.0,505.0,500.0,505.0,574600
2026-04-20 09:25:00,505.0,505.0,500.0,505.0,181700
2026-04-20 09:30:00,505.0,505.0,500.0,505.0,203900
2026-04-20 09:35:00,500.0,505.0,500.0,500.0,125900
2026-04-20 09:40:00,505.0,505.0,500.0,505.0,115000
2026-04-20 09:45:00,505.0,505.0,500.0,505.0,34700
2026-04-20 09:50:00,505.0,505.0,500.0,500.0,94500
2026-04-20 09:55:00,505.0,505.0,500.0,505.0,97400
2026-04-20 10:00:00,505.0,505.0,500.0,500.0,229400
2026-04-20 10:05:00,500.0,505.0,500.0,505.0,31400
2026-04-20 10:10:00,505.0,505.0,500.0,505.0,188200
2026-04-20 10:15:00,505.0,505.0,500.0,505.0,44500
2026-04-20 10:20:00,505.0,505.0,500.0,505.0,141100
2026-04-20 10:25:00,505.0,505.0,500.0,505.0,80100
2026-04-20 10:30:00,505.0,505.0,500.0,505.0,115500
2026-04-20 10:35:00,505.0,505.0,500.0,505.0,69800
2026-04-20 10:40:00,505.0,505.0,500.0,500.0,46900
2026-04-20 10:45:00,500.0,505.0,500.0,505.0,3100
2026-04-20 10:50:00,505.0,505.0,500.0,505.0,68600
2026-04-20 10:55:00,505.0,505.0,500.0,505.0,30100
2026-04-20 11:00:00,500.0,505.0,500.0,500.0,64800
2026-04-20 11:05:00,505.0,505.0,500.0,505.0,44600
2026-04-20 11:10:00,505.0,505.0,500.0,500.0,123200
2026-04-20 11:15:00,505.0,505.0,500.0,505.0,175100
2026-04-20 11:20:00,505.0,505.0,500.0,505.0,104400
2026-04-20 11:25:00,505.0,505.0,505.0,505.0,40100
2026-04-20 16:10:00,505.0,505.0,505.0,505.0,8018200
2026-04-21 09:00:00,500.0,505.0,500.0,500.0,0
2026-04-21 09:05:00,500.0,505.0,500.0,505.0,34100
2026-04-21 09:10:00,500.0,505.0,500.0,505.0,62400
2026-04-21 09:15:00,505.0,505.0,500.0,505.0,45100
2026-04-21 09:20:00,505.0,505.0,500.0,505.0,17600
2026-04-21 09:25:00,505.0,505.0,500.0,500.0,8100
2026-04-21 09:30:00,500.0,505.0,500.0,505.0,24700
2026-04-21 09:35:00,505.0,505.0,500.0,505.0,32300
2026-04-21 09:40:00,505.0,505.0,500.0,505.0,113400
2026-04-21 09:45:00,500.0,505.0,500.0,505.0,33300
2026-04-21 09:50:00,505.0,505.0,500.0,505.0,63200
2026-04-21 09:55:00,505.0,505.0,500.0,505.0,24400
2026-04-21 10:00:00,505.0,505.0,500.0,505.0,7000
2026-04-21 10:05:00,505.0,505.0,500.0,500.0,13500
2026-04-21 10:10:00,505.0,505.0,500.0,505.0,42400
2026-04-21 10:15:00,505.0,505.0,500.0,500.0,17300
2026-04-21 10:20:00,505.0,505.0,500.0,505.0,27400
2026-04-21 10:25:00,500.0,505.0,500.0,505.0,62000
2026-04-21 10:30:00,505.0,505.0,500.0,505.0,69900
2026-04-21 10:35:00,505.0,505.0,500.0,505.0,213700
2026-04-21 10:40:00,505.0,505.0,500.0,505.0,44900
2026-04-21 10:45:00,505.0,505.0,500.0,505.0,112900
2026-04-21 10:50:00,500.0,505.0,500.0,500.0,45500
2026-04-21 10:55:00,500.0,505.0,500.0,500.0,40200
2026-04-21 11:00:00,505.0,505.0,500.0,505.0,56500
2026-04-21 11:05:00,500.0,505.0,500.0,505.0,24000
2026-04-21 11:10:00,505.0,505.0,500.0,505.0,118200
2026-04-21 11:15:00,505.0,505.0,505.0,505.0,132000
2026-04-21 11:20:00,505.0,505.0,500.0,505.0,445400
2026-04-21 11:25:00,505.0,505.0,500.0,505.0,31600
2026-04-21 11:30:00,505.0,505.0,500.0,500.0,40000
2026-04-21 11:35:00,505.0,505.0,500.0,505.0,1029200
2026-04-21 11:40:00,505.0,505.0,500.0,505.0,210300
2026-04-21 11:45:00,505.0,505.0,500.0,505.0,45700
2026-04-21 11:50:00,505.0,505.0,500.0,505.0,17300
2026-04-21 11:55:00,505.0,505.0,500.0,500.0,287200
2026-04-21 13:30:00,500.0,505.0,500.0,500.0,1011800
2026-04-21 13:35:00,500.0,505.0,500.0,500.0,224200
2026-04-21 13:40:00,500.0,505.0,500.0,500.0,580200
2026-04-21 13:45:00,500.0,505.0,500.0,500.0,255300
2026-04-21 13:50:00,500.0,505.0,500.0,500.0,164800
2026-04-21 13:55:00,500.0,505.0,500.0,500.0,126500
2026-04-21 14:00:00,505.0,505.0,500.0,505.0,127400
2026-04-21 14:05:00,505.0,505.0,500.0,505.0,35500
2026-04-21 14:10:00,505.0,505.0,505.0,505.0,25500
2026-04-21 14:15:00,505.0,505.0,500.0,505.0,21800
2026-04-21 14:20:00,505.0,505.0,500.0,505.0,43800
2026-04-21 14:25:00,505.0,505.0,500.0,505.0,65000
2026-04-21 14:30:00,500.0,505.0,500.0,505.0,99900
2026-04-21 14:35:00,505.0,505.0,500.0,505.0,78700
2026-04-21 14:40:00,505.0,505.0,500.0,505.0,65000
2026-04-21 14:45:00,505.0,505.0,500.0,505.0,26800
2026-04-21 14:50:00,505.0,505.0,500.0,500.0,128900
2026-04-21 14:55:00,505.0,505.0,500.0,505.0,27700
2026-04-21 15:00:00,505.0,505.0,500.0,505.0,41800
2026-04-21 15:05:00,505.0,505.0,500.0,505.0,275200
2026-04-21 15:10:00,505.0,505.0,500.0,505.0,27600
2026-04-21 15:15:00,505.0,505.0,500.0,505.0,68000
2026-04-21 15:20:00,505.0,505.0,500.0,505.0,72700
2026-04-21 15:25:00,505.0,505.0,500.0,505.0,62700
2026-04-21 15:30:00,500.0,505.0,500.0,500.0,73900
2026-04-21 15:35:00,505.0,505.0,500.0,505.0,80100
2026-04-21 15:40:00,500.0,505.0,500.0,500.0,86200
2026-04-21 15:45:00,505.0,505.0,500.0,500.0,94300
2026-04-21 16:00:00,505.0,505.0,505.0,505.0,515300
2026-04-21 16:05:00,505.0,505.0,505.0,505.0,5300
2026-04-21 16:10:00,505.0,505.0,505.0,505.0,40800
2026-04-22 09:00:00,500.0,505.0,500.0,505.0,891200
2026-04-22 09:05:00,505.0,505.0,500.0,505.0,69500
2026-04-22 09:10:00,505.0,505.0,500.0,505.0,16300
2026-04-22 09:15:00,505.0,505.0,500.0,505.0,60500
2026-04-22 09:20:00,505.0,505.0,500.0,505.0,72200
2026-04-22 09:25:00,505.0,505.0,500.0,505.0,39200
2026-04-22 09:30:00,505.0,505.0,500.0,500.0,324800
2026-04-22 09:35:00,505.0,505.0,500.0,500.0,83200
2026-04-22 09:40:00,505.0,505.0,500.0,505.0,85700
2026-04-22 09:45:00,505.0,505.0,500.0,505.0,16300
2026-04-22 09:50:00,505.0,505.0,500.0,505.0,60900
2026-04-22 09:55:00,505.0,505.0,500.0,505.0,17700
2026-04-22 10:00:00,505.0,505.0,500.0,505.0,60100
2026-04-22 10:05:00,505.0,505.0,500.0,505.0,22400
2026-04-22 10:10:00,505.0,505.0,500.0,505.0,50500
2026-04-22 10:15:00,505.0,505.0,500.0,505.0,18500
2026-04-22 10:20:00,505.0,505.0,500.0,505.0,29900
2026-04-22 10:25:00,505.0,505.0,500.0,505.0,58000
2026-04-22 10:30:00,505.0,505.0,500.0,505.0,80300
2026-04-22 10:35:00,505.0,505.0,500.0,505.0,30600
2026-04-22 10:40:00,500.0,505.0,500.0,500.0,57800
2026-04-22 10:45:00,500.0,505.0,500.0,505.0,581800
2026-04-22 10:50:00,505.0,505.0,500.0,505.0,69700
2026-04-22 10:55:00,505.0,505.0,505.0,505.0,29500
2026-04-22 11:00:00,505.0,505.0,500.0,505.0,66300
2026-04-22 11:05:00,500.0,505.0,500.0,505.0,19000
2026-04-22 11:10:00,505.0,505.0,500.0,505.0,16500
2026-04-22 11:15:00,505.0,505.0,500.0,505.0,68400
2026-04-22 11:20:00,505.0,505.0,500.0,500.0,35300
2026-04-22 11:25:00,505.0,505.0,500.0,505.0,38000
2026-04-22 11:30:00,505.0,505.0,500.0,505.0,294100
2026-04-22 11:35:00,500.0,505.0,500.0,505.0,93900
2026-04-22 11:40:00,505.0,505.0,500.0,500.0,59600
2026-04-22 11:45:00,505.0,505.0,500.0,505.0,103900
2026-04-22 11:50:00,505.0,505.0,500.0,505.0,53600
2026-04-22 11:55:00,505.0,505.0,500.0,500.0,80000
2026-04-22 13:30:00,505.0,505.0,500.0,505.0,152700
2026-04-22 13:35:00,505.0,505.0,500.0,505.0,12000
2026-04-22 13:40:00,505.0,505.0,500.0,505.0,9100
2026-04-22 13:45:00,505.0,505.0,500.0,505.0,230500
2026-04-22 13:50:00,505.0,505.0,500.0,500.0,42200
2026-04-22 13:55:00,500.0,505.0,500.0,505.0,45900
2026-04-22 14:00:00,505.0,505.0,500.0,500.0,66100
2026-04-22 14:05:00,505.0,505.0,500.0,505.0,63100
2026-04-22 14:10:00,505.0,505.0,500.0,505.0,75400
2026-04-22 14:15:00,505.0,505.0,500.0,505.0,104500
2026-04-22 14:20:00,505.0,505.0,500.0,505.0,111300
2026-04-22 14:25:00,505.0,505.0,505.0,505.0,35900
2026-04-22 14:30:00,500.0,505.0,500.0,505.0,145700
2026-04-22 14:35:00,505.0,505.0,500.0,505.0,365200
2026-04-22 14:40:00,500.0,505.0,500.0,505.0,31300
2026-04-22 14:45:00,505.0,505.0,500.0,505.0,141100
2026-04-22 14:50:00,505.0,505.0,500.0,505.0,38500
2026-04-22 14:55:00,505.0,505.0,500.0,505.0,35200
2026-04-22 15:00:00,505.0,505.0,500.0,505.0,47600
2026-04-22 15:05:00,505.0,505.0,500.0,505.0,15700
2026-04-22 15:10:00,500.0,505.0,500.0,505.0,104800
2026-04-22 15:15:00,505.0,505.0,500.0,505.0,125000
2026-04-22 15:20:00,505.0,505.0,500.0,505.0,252900
2026-04-22 15:25:00,505.0,505.0,500.0,505.0,161400
2026-04-22 15:30:00,505.0,505.0,500.0,505.0,180100
2026-04-22 15:35:00,505.0,505.0,500.0,505.0,94800
2026-04-22 15:40:00,505.0,505.0,500.0,505.0,371600
2026-04-22 15:45:00,505.0,505.0,500.0,500.0,1278200
2026-04-22 16:00:00,505.0,505.0,505.0,505.0,448100
2026-04-22 16:05:00,505.0,505.0,505.0,505.0,2800
2026-04-22 16:10:00,505.0,505.0,505.0,505.0,0
2026-04-23 09:00:00,505.0,505.0,500.0,505.0,0
2026-04-23 09:05:00,505.0,505.0,500.0,500.0,23800
2026-04-23 09:10:00,505.0,505.0,500.0,505.0,152700
2026-04-23 09:15:00,505.0,505.0,500.0,505.0,138600
2026-04-23 09:20:00,500.0,505.0,500.0,505.0,81500
2026-04-23 09:25:00,500.0,505.0,500.0,500.0,20900
2026-04-23 09:30:00,505.0,505.0,500.0,500.0,213500
2026-04-23 09:35:00,505.0,505.0,500.0,500.0,97900
2026-04-23 09:40:00,500.0,505.0,500.0,505.0,14900
2026-04-23 09:45:00,505.0,505.0,500.0,505.0,24500
2026-04-23 09:50:00,505.0,505.0,500.0,500.0,176500
2026-04-23 09:55:00,505.0,505.0,500.0,505.0,57100
2026-04-23 10:00:00,505.0,505.0,500.0,500.0,13800
2026-04-23 10:05:00,500.0,505.0,500.0,500.0,84300
2026-04-23 10:10:00,500.0,505.0,500.0,500.0,66200
2026-04-23 10:15:00,505.0,505.0,500.0,500.0,4900
2026-04-23 10:20:00,505.0,505.0,500.0,500.0,266100
2026-04-23 10:25:00,500.0,505.0,500.0,500.0,38300
2026-04-23 10:30:00,500.0,505.0,500.0,500.0,19000
2026-04-23 10:35:00,500.0,505.0,500.0,500.0,22100
2026-04-23 10:40:00,500.0,505.0,500.0,500.0,149700
2026-04-23 10:45:00,505.0,505.0,500.0,500.0,7700
2026-04-23 10:50:00,500.0,505.0,500.0,500.0,11400
2026-04-23 10:55:00,500.0,505.0,500.0,505.0,64000
2026-04-23 11:00:00,500.0,505.0,500.0,500.0,60700
2026-04-23 11:05:00,505.0,505.0,500.0,505.0,39300
2026-04-23 11:10:00,500.0,505.0,500.0,500.0,50800
2026-04-23 11:15:00,500.0,505.0,500.0,500.0,4190700
2026-04-23 11:20:00,500.0,505.0,500.0,500.0,98500
2026-04-23 11:25:00,500.0,505.0,500.0,505.0,157600
2026-04-23 11:30:00,500.0,505.0,500.0,500.0,125000
2026-04-23 11:35:00,500.0,505.0,500.0,500.0,62500
2026-04-23 11:40:00,505.0,505.0,500.0,500.0,48500
2026-04-23 11:45:00,500.0,505.0,500.0,505.0,4200
2026-04-23 11:50:00,500.0,505.0,500.0,505.0,13600
2026-04-23 11:55:00,505.0,505.0,500.0,500.0,5600
2026-04-23 13:30:00,500.0,505.0,500.0,500.0,150800
2026-04-23 13:35:00,505.0,505.0,500.0,505.0,345600
2026-04-23 13:40:00,500.0,505.0,500.0,500.0,131300
2026-04-23 13:45:00,505.0,505.0,500.0,500.0,25400
2026-04-23 13:50:00,500.0,505.0,500.0,505.0,23600
2026-04-23 13:55:00,500.0,505.0,500.0,505.0,55300
2026-04-23 14:00:00,500.0,505.0,500.0,505.0,97800
2026-04-23 14:05:00,505.0,505.0,500.0,505.0,49300
2026-04-23 14:10:00,500.0,505.0,500.0,505.0,81400
2026-04-23 14:15:00,505.0,505.0,500.0,505.0,31200
2026-04-23 14:20:00,500.0,505.0,500.0,500.0,37300
2026-04-23 14:25:00,500.0,505.0,500.0,500.0,14800
2026-04-23 14:30:00,505.0,505.0,500.0,505.0,53100
2026-04-23 14:35:00,505.0,505.0,500.0,500.0,43400
2026-04-23 14:40:00,505.0,505.0,500.0,500.0,15600
2026-04-23 14:45:00,505.0,505.0,500.0,505.0,87000
2026-04-23 14:50:00,500.0,505.0,500.0,500.0,48100
2026-04-23 14:55:00,505.0,505.0,500.0,500.0,35100
2026-04-23 15:00:00,500.0,505.0,500.0,505.0,32400
2026-04-23 15:05:00,505.0,505.0,500.0,505.0,199000
2026-04-23 15:10:00,500.0,505.0,500.0,500.0,135700
2026-04-23 15:15:00,500.0,505.0,500.0,500.0,62200
2026-04-23 15:20:00,500.0,505.0,500.0,505.0,91500
2026-04-23 15:25:00,505.0,505.0,500.0,500.0,107100
2026-04-23 15:30:00,500.0,505.0,500.0,500.0,156600
2026-04-23 15:35:00,500.0,505.0,500.0,505.0,78200
2026-04-23 15:40:00,500.0,505.0,500.0,505.0,131800
2026-04-23 15:45:00,500.0,505.0,500.0,500.0,201100
2026-04-23 16:00:00,500.0,500.0,500.0,500.0,1324500
2026-04-23 16:05:00,500.0,500.0,500.0,500.0,101000
2026-04-23 16:10:00,500.0,500.0,500.0,500.0,1500
2026-04-24 09:00:00,500.0,500.0,498.0,500.0,0
2026-04-24 09:05:00,498.0,500.0,498.0,500.0,303600
2026-04-24 09:10:00,500.0,500.0,498.0,498.0,142700
2026-04-24 09:15:00,500.0,500.0,498.0,500.0,159500
2026-04-24 09:20:00,500.0,500.0,496.0,498.0,643300
2026-04-24 09:25:00,498.0,498.0,496.0,496.0,152000
2026-04-24 09:30:00,498.0,498.0,496.0,498.0,723700
2026-04-24 09:35:00,498.0,500.0,498.0,500.0,106100
2026-04-24 09:40:00,500.0,500.0,496.0,498.0,599900
2026-04-24 09:45:00,498.0,500.0,496.0,496.0,531300
2026-04-24 09:50:00,498.0,498.0,496.0,498.0,140100
2026-04-24 09:55:00,498.0,498.0,496.0,498.0,56900
2026-04-24 10:00:00,498.0,498.0,496.0,498.0,70100
2026-04-24 10:05:00,498.0,498.0,496.0,498.0,148300
2026-04-24 10:10:00,498.0,498.0,496.0,498.0,353400
2026-04-24 10:15:00,500.0,500.0,498.0,500.0,17000
2026-04-24 10:20:00,500.0,500.0,496.0,498.0,354800
2026-04-24 10:25:00,496.0,500.0,496.0,496.0,367900
2026-04-24 10:30:00,498.0,498.0,494.0,496.0,1809800
2026-04-24 10:35:00,496.0,496.0,494.0,496.0,259000
2026-04-24 10:40:00,496.0,496.0,494.0,496.0,519700
2026-04-24 10:45:00,496.0,496.0,494.0,496.0,96600
2026-04-24 10:50:00,496.0,496.0,494.0,496.0,70700
2026-04-24 10:55:00,496.0,496.0,494.0,496.0,77300
2026-04-24 11:00:00,496.0,496.0,494.0,494.0,77500
2026-04-24 11:05:00,494.0,496.0,494.0,496.0,166100
2026-04-24 11:10:00,498.0,498.0,496.0,498.0,81500
2026-04-24 11:15:00,498.0,498.0,496.0,498.0,8000
2026-04-24 11:20:00,496.0,498.0,496.0,498.0,15600
2026-04-24 11:25:00,498.0,498.0,496.0,496.0,284300
2026-04-24 14:00:00,498.0,498.0,496.0,498.0,547000
2026-04-24 14:05:00,498.0,498.0,496.0,498.0,132400
2026-04-24 14:10:00,498.0,498.0,496.0,498.0,351400
2026-04-24 14:15:00,498.0,498.0,496.0,498.0,55000
2026-04-24 14:20:00,498.0,498.0,494.0,496.0,1118200
2026-04-24 14:25:00,496.0,496.0,494.0,496.0,84200
2026-04-24 14:30:00,496.0,496.0,494.0,496.0,68300
2026-04-24 14:35:00,494.0,496.0,494.0,496.0,200200
2026-04-24 14:40:00,494.0,496.0,494.0,496.0,93000
2026-04-24 14:45:00,496.0,496.0,494.0,496.0,84100
2026-04-24 14:50:00,496.0,496.0,494.0,496.0,54500
2026-04-24 14:55:00,494.0,496.0,494.0,496.0,183400
2026-04-24 15:00:00,496.0,496.0,494.0,496.0,179900
2026-04-24 15:05:00,494.0,496.0,494.0,496.0,70000
2026-04-24 15:10:00,494.0,498.0,494.0,496.0,206000
2026-04-24 15:15:00,498.0,498.0,496.0,498.0,19600
2026-04-24 15:20:00,498.0,498.0,496.0,496.0,42900
2026-04-24 15:25:00,496.0,498.0,494.0,494.0,129300
2026-04-24 15:30:00,494.0,498.0,494.0,496.0,88700
2026-04-24 15:35:00,498.0,498.0,496.0,496.0,43200
2026-04-24 15:40:00,498.0,498.0,496.0,496.0,71000
2026-04-24 15:45:00,496.0,498.0,496.0,496.0,27000
2026-04-24 16:00:00,498.0,498.0,498.0,498.0,692400
2026-04-24 16:05:00,498.0,498.0,498.0,498.0,22200
2026-04-24 16:10:00,498.0,498.0,498.0,498.0,12900
2026-04-27 09:00:00,496.0,500.0,494.0,500.0,0
2026-04-27 09:05:00,500.0,500.0,498.0,500.0,71200
2026-04-27 09:10:00,500.0,500.0,496.0,498.0,493100
2026-04-27 09:15:00,496.0,498.0,496.0,498.0,159100
2026-04-27 09:20:00,498.0,500.0,498.0,498.0,18800
2026-04-27 09:25:00,500.0,500.0,496.0,498.0,613500
2026-04-27 09:30:00,500.0,500.0,496.0,498.0,58600
2026-04-27 09:35:00,500.0,500.0,496.0,498.0,256600
2026-04-27 09:40:00,498.0,498.0,496.0,498.0,181900
2026-04-27 09:45:00,498.0,498.0,496.0,496.0,100000
2026-04-27 09:50:00,498.0,498.0,496.0,498.0,24100
2026-04-27 09:55:00,498.0,498.0,496.0,496.0,40700
2026-04-27 10:00:00,496.0,498.0,496.0,498.0,27200
2026-04-27 10:05:00,498.0,498.0,496.0,498.0,20300
2026-04-27 10:10:00,498.0,498.0,496.0,498.0,66700
2026-04-27 10:15:00,496.0,498.0,496.0,496.0,16000
2026-04-27 10:20:00,498.0,498.0,496.0,498.0,6700
2026-04-27 10:25:00,496.0,498.0,496.0,498.0,40100
2026-04-27 10:30:00,496.0,498.0,496.0,496.0,95400
2026-04-27 10:35:00,498.0,498.0,496.0,498.0,518200
2026-04-27 10:40:00,498.0,498.0,496.0,498.0,49400
2026-04-27 10:45:00,498.0,498.0,496.0,498.0,23200
2026-04-27 10:50:00,498.0,498.0,496.0,496.0,17700
2026-04-27 10:55:00,496.0,498.0,496.0,498.0,33400
2026-04-27 11:00:00,496.0,498.0,496.0,498.0,74500
2026-04-27 11:05:00,496.0,498.0,496.0,498.0,28300
2026-04-27 11:10:00,498.0,498.0,496.0,496.0,54600
2026-04-27 11:15:00,496.0,498.0,496.0,496.0,43100
2026-04-27 11:20:00,496.0,498.0,496.0,498.0,202500
2026-04-27 11:25:00,496.0,498.0,496.0,496.0,43900
2026-04-27 11:30:00,496.0,498.0,496.0,496.0,37200
2026-04-27 11:35:00,496.0,498.0,496.0,498.0,48600
2026-04-27 11:40:00,498.0,498.0,496.0,498.0,71600
2026-04-27 11:45:00,498.0,498.0,496.0,498.0,6500
2026-04-27 11:50:00,498.0,498.0,496.0,496.0,33700
2026-04-27 11:55:00,496.0,498.0,496.0,498.0,553300
2026-04-27 13:30:00,498.0,498.0,496.0,498.0,340200
2026-04-27 13:35:00,496.0,498.0,496.0,498.0,120800
2026-04-27 13:40:00,498.0,498.0,496.0,498.0,31800
2026-04-27 13:45:00,498.0,498.0,496.0,496.0,46800
2026-04-27 13:50:00,498.0,498.0,496.0,498.0,392400
2026-04-27 13:55:00,498.0,498.0,496.0,498.0,53700
2026-04-27 14:00:00,498.0,498.0,496.0,498.0,41900
2026-04-27 14:05:00,498.0,498.0,496.0,498.0,9300
2026-04-27 14:10:00,498.0,498.0,496.0,496.0,10700
2026-04-27 14:15:00,498.0,498.0,496.0,498.0,9000
2026-04-27 14:20:00,498.0,498.0,496.0,496.0,41300
2026-04-27 14:25:00,498.0,498.0,496.0,496.0,23900
2026-04-27 14:30:00,498.0,498.0,496.0,498.0,50000
2026-04-27 14:35:00,498.0,498.0,496.0,496.0,21400
2026-04-27 14:40:00,496.0,498.0,496.0,498.0,82100
2026-04-27 14:45:00,498.0,498.0,496.0,496.0,49500
2026-04-27 14:50:00,496.0,498.0,496.0,498.0,26000
2026-04-27 14:55:00,498.0,498.0,496.0,498.0,36300
2026-04-27 15:00:00,496.0,498.0,496.0,496.0,19300
2026-04-27 15:05:00,498.0,498.0,496.0,498.0,68400
2026-04-27 15:10:00,498.0,498.0,496.0,496.0,46400
2026-04-27 15:15:00,496.0,498.0,496.0,498.0,56100
2026-04-27 15:20:00,498.0,498.0,496.0,496.0,46400
2026-04-27 15:25:00,496.0,498.0,496.0,496.0,54800
2026-04-27 15:30:00,496.0,498.0,496.0,498.0,307300
2026-04-27 15:35:00,498.0,498.0,496.0,498.0,35400
2026-04-27 15:40:00,496.0,498.0,496.0,496.0,65100
2026-04-27 15:45:00,496.0,498.0,494.0,494.0,1360000
2026-04-27 16:00:00,496.0,496.0,496.0,496.0,587900
2026-04-27 16:05:00,496.0,496.0,496.0,496.0,12500
2026-04-27 16:10:00,496.0,496.0,496.0,496.0,7700
2026-04-28 09:00:00,496.0,498.0,496.0,496.0,0
2026-04-28 09:05:00,496.0,496.0,494.0,496.0,52100
2026-04-28 09:10:00,496.0,496.0,494.0,496.0,115900
2026-04-28 09:15:00,494.0,496.0,494.0,496.0,34500
2026-04-28 09:20:00,496.0,496.0,494.0,496.0,56000
2026-04-28 09:25:00,496.0,496.0,494.0,496.0,142300
2026-04-28 09:30:00,496.0,498.0,494.0,496.0,618100
2026-04-28 09:35:00,498.0,498.0,496.0,496.0,10500
2026-04-28 09:40:00,496.0,498.0,496.0,496.0,57100
2026-04-28 09:45:00,496.0,498.0,496.0,496.0,100400
2026-04-28 09:50:00,496.0,498.0,496.0,496.0,96800
2026-04-28 09:55:00,498.0,498.0,496.0,496.0,35000
2026-04-28 10:00:00,496.0,498.0,496.0,498.0,32600
2026-04-28 10:05:00,498.0,498.0,496.0,496.0,7800
2026-04-28 10:10:00,496.0,498.0,496.0,498.0,37000
2026-04-28 10:15:00,498.0,498.0,496.0,498.0,112300
2026-04-28 10:20:00,496.0,498.0,496.0,498.0,115700
2026-04-28 10:25:00,498.0,498.0,496.0,496.0,61000
2026-04-28 10:30:00,496.0,498.0,496.0,496.0,29100
2026-04-28 10:35:00,498.0,498.0,496.0,496.0,5200
2026-04-28 10:40:00,496.0,498.0,496.0,496.0,38800
2026-04-28 10:45:00,498.0,498.0,496.0,496.0,18000
2026-04-28 10:50:00,498.0,498.0,496.0,498.0,2200
2026-04-28 10:55:00,498.0,498.0,498.0,498.0,3600
2026-04-28 11:00:00,496.0,498.0,496.0,496.0,22400
2026-04-28 11:05:00,498.0,498.0,496.0,498.0,35500
2026-04-28 11:10:00,498.0,498.0,494.0,494.0,46400
2026-04-28 11:15:00,496.0,496.0,494.0,494.0,63700
2026-04-28 11:20:00,496.0,496.0,496.0,496.0,35900
2026-04-28 11:25:00,496.0,496.0,496.0,496.0,55500
2026-04-28 11:30:00,496.0,496.0,494.0,496.0,5400
2026-04-28 11:35:00,494.0,496.0,494.0,494.0,42600
2026-04-28 11:40:00,496.0,496.0,494.0,496.0,55100
2026-04-28 11:45:00,496.0,496.0,494.0,496.0,307900
2026-04-28 11:50:00,496.0,496.0,496.0,496.0,13000
2026-04-28 11:55:00,496.0,498.0,496.0,498.0,20900
2026-04-28 13:30:00,496.0,498.0,496.0,498.0,77900
2026-04-28 13:35:00,498.0,498.0,496.0,498.0,6700
2026-04-28 13:40:00,498.0,498.0,496.0,496.0,32200
2026-04-28 13:45:00,496.0,498.0,496.0,498.0,1100
2026-04-28 13:50:00,498.0,498.0,496.0,498.0,6400
2026-04-28 13:55:00,498.0,498.0,496.0,496.0,64500
2026-04-28 14:00:00,496.0,498.0,496.0,498.0,38700
2026-04-28 14:05:00,498.0,498.0,496.0,498.0,17700
2026-04-28 14:10:00,496.0,498.0,496.0,496.0,54900
2026-04-28 14:15:00,496.0,498.0,496.0,496.0,15600
2026-04-28 14:20:00,496.0,498.0,496.0,498.0,36000
2026-04-28 14:25:00,496.0,498.0,496.0,496.0,73000
2026-04-28 14:30:00,498.0,498.0,496.0,498.0,16300
2026-04-28 14:35:00,498.0,498.0,496.0,496.0,58700
2026-04-28 14:40:00,496.0,498.0,496.0,498.0,12700
2026-04-28 14:45:00,498.0,498.0,496.0,496.0,114700
2026-04-28 14:50:00,496.0,498.0,496.0,498.0,106400
2026-04-28 14:55:00,496.0,498.0,496.0,496.0,66200
2026-04-28 15:00:00,498.0,498.0,496.0,498.0,24900
2026-04-28 15:05:00,498.0,498.0,496.0,496.0,41700
2026-04-28 15:10:00,496.0,498.0,496.0,498.0,21600
2026-04-28 15:15:00,498.0,498.0,496.0,498.0,27700
2026-04-28 15:20:00,496.0,498.0,496.0,496.0,208600
2026-04-28 15:25:00,496.0,498.0,496.0,498.0,38700
2026-04-28 15:30:00,496.0,498.0,496.0,498.0,73800
2026-04-28 15:35:00,496.0,498.0,496.0,498.0,32700
2026-04-28 15:40:00,496.0,498.0,496.0,496.0,123300
2026-04-28 15:45:00,496.0,498.0,496.0,496.0,218600
2026-04-28 16:00:00,496.0,496.0,496.0,496.0,453800
2026-04-28 16:05:00,496.0,496.0,496.0,496.0,10000
2026-04-28 16:10:00,496.0,496.0,496.0,496.0,22100
2026-04-29 09:00:00,496.0,498.0,496.0,498.0,0
2026-04-29 09:05:00,498.0,498.0,496.0,498.0,68900
2026-04-29 09:10:00,498.0,498.0,496.0,498.0,57600
2026-04-29 09:15:00,498.0,498.0,496.0,496.0,33800
2026-04-29 09:20:00,498.0,498.0,496.0,498.0,730700
2026-04-29 09:25:00,498.0,498.0,496.0,498.0,95000
2026-04-29 09:30:00,498.0,498.0,496.0,496.0,20600
2026-04-29 09:35:00,498.0,498.0,496.0,496.0,70800
2026-04-29 09:40:00,498.0,498.0,496.0,498.0,42000
2026-04-29 09:45:00,498.0,498.0,496.0,498.0,7500
2026-04-29 09:50:00,498.0,498.0,496.0,498.0,766400
2026-04-29 09:55:00,498.0,500.0,496.0,500.0,337300
2026-04-29 10:00:00,500.0,500.0,498.0,500.0,24900
2026-04-29 10:05:00,500.0,500.0,498.0,500.0,269500
2026-04-29 10:10:00,500.0,500.0,498.0,500.0,82900
2026-04-29 10:15:00,500.0,500.0,498.0,498.0,0
2026-04-29 10:20:00,498.0,500.0,498.0,500.0,27400
2026-04-29 10:25:00,500.0,500.0,498.0,498.0,15300
2026-04-29 10:30:00,500.0,505.0,498.0,505.0,853900
2026-04-29 10:35:00,505.0,505.0,500.0,500.0,12900
2026-04-29 10:40:00,500.0,505.0,500.0,500.0,26700
2026-04-29 10:45:00,500.0,510.0,500.0,505.0,3730600
2026-04-29 10:50:00,510.0,510.0,505.0,510.0,67000
2026-04-29 10:55:00,505.0,510.0,505.0,510.0,72600
2026-04-29 11:00:00,505.0,510.0,505.0,510.0,275600
2026-04-29 11:05:00,510.0,510.0,505.0,510.0,58300
2026-04-29 11:10:00,510.0,510.0,505.0,510.0,58700
2026-04-29 11:15:00,510.0,510.0,505.0,510.0,95600
2026-04-29 11:20:00,505.0,505.0,500.0,505.0,2334500
2026-04-29 11:25:00,505.0,505.0,500.0,505.0,6800
2026-04-29 11:30:00,505.0,505.0,500.0,505.0,33100
2026-04-29 11:35:00,505.0,505.0,500.0,505.0,690200
2026-04-29 11:40:00,505.0,510.0,505.0,510.0,431200
2026-04-29 11:45:00,510.0,510.0,505.0,510.0,182600
2026-04-29 11:50:00,510.0,510.0,505.0,510.0,178400
2026-04-29 11:55:00,510.0,510.0,505.0,510.0,91400
2026-04-29 13:30:00,510.0,510.0,505.0,510.0,646700
2026-04-29 13:35:00,510.0,510.0,505.0,505.0,51800
2026-04-29 13:40:00,510.0,510.0,505.0,505.0,70900
2026-04-29 13:45:00,510.0,510.0,505.0,510.0,43800
2026-04-29 13:50:00,510.0,510.0,505.0,510.0,77300
2026-04-29 13:55:00,510.0,510.0,505.0,510.0,27300
2026-04-29 14:00:00,510.0,510.0,505.0,510.0,63100
2026-04-29 14:05:00,510.0,510.0,505.0,510.0,95500
2026-04-29 14:10:00,510.0,510.0,505.0,505.0,62800
2026-04-29 14:15:00,510.0,510.0,505.0,510.0,63700
2026-04-29 14:20:00,505.0,510.0,505.0,510.0,113300
2026-04-29 14:25:00,505.0,510.0,505.0,510.0,59100
2026-04-29 14:30:00,510.0,515.0,505.0,510.0,4422500
2026-04-29 14:35:00,510.0,515.0,510.0,515.0,190500
2026-04-29 14:40:00,510.0,515.0,510.0,515.0,225100
2026-04-29 14:45:00,510.0,515.0,510.0,510.0,481200
2026-04-29 14:50:00,510.0,515.0,510.0,515.0,209600
2026-04-29 14:55:00,510.0,515.0,510.0,515.0,380300
2026-04-29 15:00:00,515.0,515.0,510.0,515.0,863600
2026-04-29 15:05:00,510.0,515.0,510.0,515.0,1157500
2026-04-29 15:10:00,510.0,515.0,510.0,510.0,164100
2026-04-29 15:15:00,515.0,515.0,510.0,510.0,327300
2026-04-29 15:20:00,515.0,515.0,510.0,515.0,401000
2026-04-29 15:25:00,515.0,520.0,515.0,520.0,592900
2026-04-29 15:30:00,515.0,520.0,510.0,515.0,3415100
2026-04-29 15:35:00,510.0,515.0,510.0,515.0,50700
2026-04-29 15:40:00,510.0,515.0,510.0,515.0,289600
2026-04-29 15:45:00,510.0,515.0,510.0,510.0,49900
2026-04-29 16:00:00,515.0,515.0,515.0,515.0,378100
2026-04-29 16:05:00,515.0,515.0,515.0,515.0,0
2026-04-29 16:10:00,515.0,515.0,515.0,515.0,4900
2026-04-30 09:00:00,515.0,520.0,505.0,510.0,0
2026-04-30 09:05:00,510.0,510.0,505.0,505.0,48500
2026-04-30 09:10:00,505.0,510.0,505.0,505.0,24300
2026-04-30 09:15:00,510.0,510.0,505.0,505.0,95700
2026-04-30 09:20:00,505.0,510.0,505.0,510.0,30100
2026-04-30 09:25:00,510.0,510.0,505.0,510.0,18500
2026-04-30 09:30:00,510.0,510.0,505.0,510.0,17100
2026-04-30 09:35:00,510.0,510.0,505.0,510.0,31600
2026-04-30 09:40:00,510.0,510.0,505.0,505.0,53600
2026-04-30 09:45:00,505.0,510.0,505.0,505.0,66700
2026-04-30 09:50:00,505.0,510.0,505.0,510.0,244300
2026-04-30 09:55:00,505.0,510.0,505.0,505.0,21900
2026-04-30 10:00:00,505.0,510.0,505.0,505.0,222800
2026-04-30 10:05:00,505.0,510.0,505.0,510.0,598400
2026-04-30 10:10:00,505.0,510.0,505.0,510.0,141000
2026-04-30 10:15:00,505.0,510.0,505.0,510.0,37800
2026-04-30 10:20:00,505.0,510.0,505.0,505.0,15100
2026-04-30 10:25:00,505.0,510.0,505.0,505.0,28300
2026-04-30 10:30:00,505.0,510.0,500.0,500.0,3217500
2026-04-30 10:35:00,500.0,505.0,500.0,500.0,749700
2026-04-30 10:40:00,500.0,505.0,498.0,498.0,1136700
2026-04-30 10:45:00,498.0,500.0,498.0,500.0,209600
2026-04-30 10:50:00,500.0,500.0,498.0,500.0,24900
2026-04-30 10:55:00,500.0,500.0,498.0,500.0,44800
2026-04-30 11:00:00,498.0,500.0,498.0,500.0,507600
2026-04-30 11:05:00,500.0,500.0,498.0,498.0,28500
2026-04-30 11:10:00,500.0,500.0,498.0,500.0,23200
2026-04-30 11:15:00,500.0,500.0,498.0,500.0,162900
2026-04-30 11:20:00,498.0,500.0,498.0,500.0,55100
2026-04-30 11:25:00,500.0,505.0,500.0,500.0,169600
2026-04-30 11:30:00,500.0,505.0,500.0,505.0,61100
2026-04-30 11:35:00,505.0,505.0,500.0,505.0,83400
2026-04-30 11:40:00,505.0,505.0,500.0,500.0,30600
2026-04-30 11:45:00,505.0,505.0,500.0,500.0,40600
2026-04-30 11:50:00,500.0,505.0,500.0,505.0,52300
2026-04-30 11:55:00,505.0,505.0,500.0,505.0,193300
2026-04-30 13:30:00,505.0,505.0,500.0,500.0,139700
2026-04-30 13:35:00,500.0,505.0,500.0,505.0,293000
2026-04-30 13:40:00,505.0,505.0,498.0,498.0,1429300
2026-04-30 13:45:00,500.0,500.0,498.0,500.0,59300
2026-04-30 13:50:00,500.0,500.0,498.0,498.0,52700
2026-04-30 13:55:00,498.0,505.0,498.0,500.0,184300
2026-04-30 14:00:00,505.0,505.0,505.0,505.0,39800
2026-04-30 14:05:00,500.0,505.0,500.0,505.0,62300
2026-04-30 14:10:00,505.0,505.0,500.0,505.0,31400
2026-04-30 14:15:00,505.0,505.0,500.0,500.0,73900
2026-04-30 14:20:00,505.0,505.0,500.0,500.0,93100
2026-04-30 14:25:00,505.0,505.0,500.0,500.0,20200
2026-04-30 14:30:00,500.0,505.0,500.0,500.0,70300
2026-04-30 14:35:00,500.0,505.0,500.0,505.0,102500
2026-04-30 14:40:00,505.0,505.0,500.0,505.0,213800
2026-04-30 14:45:00,505.0,505.0,500.0,505.0,45300
2026-04-30 14:50:00,500.0,505.0,500.0,505.0,258200
2026-04-30 14:55:00,505.0,505.0,500.0,500.0,52800
2026-04-30 15:00:00,505.0,505.0,500.0,505.0,50600
2026-04-30 15:05:00,505.0,505.0,500.0,505.0,37300
2026-04-30 15:10:00,505.0,505.0,500.0,505.0,53000
2026-04-30 15:15:00,505.0,505.0,500.0,505.0,32000
2026-04-30 15:20:00,500.0,505.0,500.0,505.0,46400
2026-04-30 15:25:00,500.0,505.0,500.0,500.0,465600
2026-04-30 15:30:00,500.0,505.0,500.0,500.0,113500
2026-04-30 15:35:00,500.0,505.0,500.0,500.0,72900
2026-04-30 15:40:00,500.0,505.0,500.0,500.0,92100
2026-04-30 15:45:00,500.0,505.0,500.0,500.0,89300
2026-04-30 16:00:00,500.0,500.0,500.0,500.0,749800
2026-04-30 16:05:00,500.0,500.0,500.0,500.0,32100
2026-04-30 16:10:00,500.0,500.0,500.0,500.0,2600
2026-05-04 09:00:00,494.0,494.0,486.0,490.0,0
2026-05-04 09:05:00,490.0,490.0,486.0,490.0,1408200
2026-05-04 09:10:00,490.0,492.0,488.0,490.0,1277700
2026-05-04 09:15:00,490.0,492.0,486.0,486.0,2216100
2026-05-04 09:20:00,488.0,490.0,486.0,490.0,923100
2026-05-04 09:25:00,490.0,490.0,486.0,488.0,1043300
2026-05-04 09:30:00,486.0,488.0,486.0,486.0,386300
2026-05-04 09:35:00,488.0,488.0,486.0,488.0,202700
2026-05-04 09:40:00,488.0,488.0,486.0,486.0,280700
2026-05-04 09:45:00,486.0,488.0,486.0,488.0,135700
2026-05-04 09:50:00,488.0,488.0,486.0,488.0,378200
2026-05-04 09:55:00,488.0,488.0,486.0,486.0,114900
2026-05-04 10:00:00,488.0,488.0,486.0,488.0,210600
2026-05-04 10:05:00,486.0,488.0,486.0,486.0,415700
2026-05-04 10:10:00,486.0,488.0,486.0,486.0,512100
2026-05-04 10:15:00,486.0,488.0,486.0,488.0,2066800
2026-05-04 10:20:00,488.0,488.0,486.0,486.0,350300
2026-05-04 10:25:00,486.0,488.0,486.0,486.0,225700
2026-05-04 10:30:00,486.0,488.0,486.0,486.0,216200
2026-05-04 10:35:00,486.0,488.0,486.0,488.0,385800
2026-05-04 10:40:00,486.0,488.0,486.0,486.0,217800
2026-05-04 10:45:00,486.0,488.0,484.0,484.0,1311900
2026-05-04 10:50:00,486.0,486.0,484.0,484.0,166400
2026-05-04 10:55:00,486.0,486.0,484.0,484.0,1244000
2026-05-04 11:00:00,486.0,486.0,484.0,484.0,297700
2026-05-04 11:05:00,486.0,486.0,484.0,486.0,210500
2026-05-04 11:10:00,484.0,486.0,484.0,484.0,294000
2026-05-04 11:15:00,486.0,486.0,484.0,486.0,32200
2026-05-04 11:20:00,486.0,486.0,484.0,484.0,106100
2026-05-04 11:25:00,484.0,486.0,484.0,484.0,185500
2026-05-04 11:30:00,484.0,486.0,484.0,484.0,648100
2026-05-04 11:35:00,484.0,488.0,484.0,488.0,1195000
2026-05-04 11:40:00,488.0,488.0,486.0,488.0,75900
2026-05-04 11:45:00,488.0,488.0,486.0,486.0,213600
2026-05-04 11:50:00,486.0,488.0,486.0,486.0,30200
2026-05-04 11:55:00,486.0,488.0,486.0,486.0,117600
2026-05-04 13:30:00,488.0,488.0,486.0,486.0,218900
2026-05-04 13:35:00,486.0,488.0,486.0,486.0,44500
2026-05-04 13:40:00,486.0,488.0,486.0,488.0,114200
2026-05-04 13:45:00,488.0,488.0,484.0,486.0,2064100
2026-05-04 13:50:00,486.0,486.0,484.0,484.0,79100
2026-05-04 13:55:00,484.0,486.0,484.0,484.0,374000
2026-05-04 14:00:00,486.0,486.0,484.0,484.0,42300
2026-05-04 14:05:00,486.0,486.0,484.0,484.0,807300
2026-05-04 14:10:00,484.0,486.0,484.0,484.0,75100
2026-05-04 14:15:00,484.0,486.0,484.0,484.0,227000
2026-05-04 14:20:00,486.0,486.0,484.0,484.0,249000
2026-05-04 14:25:00,486.0,486.0,484.0,486.0,291700
2026-05-04 14:30:00,486.0,486.0,484.0,486.0,181000
2026-05-04 14:35:00,486.0,486.0,484.0,484.0,265100
2026-05-04 14:40:00,486.0,486.0,484.0,486.0,63200
2026-05-04 14:45:00,486.0,486.0,484.0,486.0,293700
2026-05-04 14:50:00,486.0,488.0,486.0,486.0,125800
2026-05-04 14:55:00,486.0,488.0,486.0,488.0,187700
2026-05-04 15:00:00,488.0,488.0,486.0,486.0,25300
2026-05-04 15:05:00,486.0,488.0,486.0,488.0,471300
2026-05-04 15:10:00,486.0,488.0,486.0,486.0,94500
2026-05-04 15:15:00,486.0,488.0,486.0,486.0,241000
2026-05-04 15:20:00,488.0,488.0,486.0,486.0,144200
2026-05-04 15:25:00,488.0,488.0,486.0,486.0,243000
2026-05-04 15:30:00,486.0,488.0,486.0,488.0,110900
2026-05-04 15:35:00,486.0,488.0,486.0,486.0,391300
2026-05-04 15:40:00,488.0,488.0,486.0,486.0,613000
2026-05-04 15:45:00,486.0,488.0,484.0,484.0,704900
2026-05-04 16:00:00,484.0,484.0,484.0,484.0,1257000
2026-05-04 16:05:00,484.0,484.0,484.0,484.0,0
2026-05-05 09:00:00,484.0,484.0,480.0,482.0,1435100
2026-05-05 09:05:00,482.0,482.0,480.0,482.0,1969300
2026-05-05 09:10:00,480.0,482.0,478.0,480.0,2310700
2026-05-05 09:15:00,480.0,480.0,478.0,480.0,334100
2026-05-05 09:20:00,480.0,480.0,478.0,480.0,234300
2026-05-05 09:25:00,480.0,480.0,478.0,478.0,517400
2026-05-05 09:30:00,480.0,480.0,478.0,480.0,349700
2026-05-05 09:35:00,480.0,482.0,478.0,480.0,399400
2026-05-05 09:40:00,482.0,482.0,480.0,480.0,98500
2026-05-05 09:45:00,482.0,482.0,480.0,480.0,164900
2026-05-05 09:50:00,482.0,482.0,480.0,482.0,118600
2026-05-05 09:55:00,480.0,482.0,480.0,480.0,124200
2026-05-05 10:00:00,482.0,482.0,480.0,480.0,87500
2026-05-05 10:05:00,482.0,482.0,480.0,480.0,85000
2026-05-05 10:10:00,480.0,482.0,480.0,480.0,59100
2026-05-05 10:15:00,480.0,482.0,480.0,480.0,164400
2026-05-05 10:20:00,482.0,484.0,480.0,482.0,154400
2026-05-05 10:25:00,482.0,484.0,482.0,482.0,19900
2026-05-05 10:30:00,482.0,484.0,482.0,482.0,87600
2026-05-05 10:35:00,482.0,484.0,482.0,482.0,305100
2026-05-05 10:40:00,484.0,484.0,482.0,482.0,55800
2026-05-05 10:45:00,482.0,484.0,482.0,482.0,11400
2026-05-05 10:50:00,484.0,484.0,482.0,482.0,11000
2026-05-05 10:55:00,484.0,484.0,482.0,482.0,88900
2026-05-05 11:00:00,484.0,484.0,482.0,482.0,77100
2026-05-05 11:05:00,484.0,486.0,482.0,484.0,412400
2026-05-05 11:10:00,482.0,484.0,482.0,482.0,17700
2026-05-05 11:15:00,484.0,484.0,482.0,484.0,36800
2026-05-05 11:20:00,484.0,484.0,482.0,484.0,90900
2026-05-05 11:25:00,484.0,484.0,482.0,484.0,28100
2026-05-05 11:30:00,484.0,484.0,482.0,484.0,31100
2026-05-05 11:35:00,482.0,484.0,482.0,482.0,18900
2026-05-05 11:40:00,484.0,484.0,482.0,482.0,40000
2026-05-05 11:45:00,482.0,484.0,482.0,482.0,40400
2026-05-05 11:50:00,482.0,484.0,482.0,482.0,71300
2026-05-05 11:55:00,482.0,484.0,482.0,482.0,130200
