Datetime,Close,High,Low,Open,Volume
2026-01-27 02:00:00,6725.0,6775.0,6700.0,6750.0,0
2026-01-27 02:05:00,6725.0,6750.0,6725.0,6725.0,55800
2026-01-27 02:10:00,6675.0,6725.0,6675.0,6725.0,96700
2026-01-27 02:15:00,6675.0,6725.0,6675.0,6725.0,75200
2026-01-27 02:20:00,6675.0,6700.0,6650.0,6700.0,86300
2026-01-27 02:25:00,6675.0,6700.0,6675.0,6675.0,20400
2026-01-27 02:30:00,6725.0,6750.0,6700.0,6700.0,87700
2026-01-27 02:35:00,6725.0,6750.0,6725.0,6750.0,61100
2026-01-27 02:40:00,6725.0,6750.0,6725.0,6725.0,28500
2026-01-27 02:45:00,6725.0,6750.0,6725.0,6725.0,49100
2026-01-27 02:50:00,6725.0,6750.0,6725.0,6725.0,14500
2026-01-27 02:55:00,6750.0,6750.0,6725.0,6725.0,13500
2026-01-27 03:00:00,6775.0,6800.0,6750.0,6750.0,120500
2026-01-27 03:05:00,6800.0,6800.0,6775.0,6775.0,70300
2026-01-27 03:10:00,6800.0,6825.0,6775.0,6800.0,137400
2026-01-27 03:15:00,6800.0,6825.0,6800.0,6800.0,21000
2026-01-27 03:20:00,6825.0,6825.0,6800.0,6825.0,46900
2026-01-27 03:25:00,6825.0,6825.0,6800.0,6825.0,21800
2026-01-27 03:30:00,6800.0,6825.0,6800.0,6800.0,25400
2026-01-27 03:35:00,6825.0,6825.0,6800.0,6825.0,29800
2026-01-27 03:40:00,6800.0,6825.0,6800.0,6825.0,18200
2026-01-27 03:45:00,6800.0,6825.0,6800.0,6800.0,35100
2026-01-27 03:50:00,6775.0,6825.0,6775.0,6800.0,133100
2026-01-27 03:55:00,6800.0,6800.0,6775.0,6775.0,35100
2026-01-27 04:00:00,6775.0,6800.0,6775.0,6775.0,53400
2026-01-27 04:05:00,6750.0,6800.0,6750.0,6775.0,48100
2026-01-27 04:10:00,6750.0,6775.0,6750.0,6750.0,44000
2026-01-27 04:15:00,6750.0,6750.0,6725.0,6725.0,12500
2026-01-27 04:20:00,6725.0,6750.0,6725.0,6725.0,15200
2026-01-27 04:25:00,6775.0,6800.0,6725.0,6750.0,47100
2026-01-27 04:30:00,6775.0,6800.0,6775.0,6800.0,11500
2026-01-27 04:35:00,6775.0,6800.0,6775.0,6775.0,18500
2026-01-27 04:40:00,6775.0,6800.0,6775.0,6800.0,22200
2026-01-27 04:45:00,6750.0,6800.0,6750.0,6800.0,63600
2026-01-27 04:50:00,6750.0,6750.0,6725.0,6750.0,32500
2026-01-27 04:55:00,6750.0,6775.0,6750.0,6775.0,11500
2026-01-27 06:30:00,6800.0,6800.0,6750.0,6750.0,48800
2026-01-27 06:35:00,6750.0,6800.0,6750.0,6775.0,82500
2026-01-27 06:40:00,6750.0,6775.0,6750.0,6750.0,28200
2026-01-27 06:45:00,6775.0,6775.0,6750.0,6775.0,8200
2026-01-27 06:50:00,6775.0,6775.0,6750.0,6775.0,23000
2026-01-27 06:55:00,6750.0,6775.0,6750.0,6775.0,14400
2026-01-27 07:00:00,6775.0,6775.0,6750.0,6775.0,46000
2026-01-27 07:05:00,6775.0,6775.0,6750.0,6750.0,29100
2026-01-27 07:10:00,6750.0,6775.0,6750.0,6775.0,19900
2026-01-27 07:15:00,6750.0,6775.0,6750.0,6775.0,22300
2026-01-27 07:20:00,6775.0,6800.0,6750.0,6775.0,90100
2026-01-27 07:25:00,6775.0,6800.0,6775.0,6775.0,23200
2026-01-27 07:30:00,6800.0,6825.0,6775.0,6775.0,161600
2026-01-27 07:35:00,6800.0,6825.0,6800.0,6800.0,82100
2026-01-27 07:40:00,6800.0,6825.0,6800.0,6800.0,29400
2026-01-27 07:45:00,6825.0,6825.0,6800.0,6825.0,26100
2026-01-27 07:50:00,6825.0,6825.0,6800.0,6825.0,69600
2026-01-27 07:55:00,6775.0,6800.0,6775.0,6800.0,92600
2026-01-27 08:00:00,6775.0,6800.0,6775.0,6800.0,38500
2026-01-27 08:05:00,6775.0,6800.0,6775.0,6800.0,35100
2026-01-27 08:10:00,6775.0,6800.0,6775.0,6800.0,41100
2026-01-27 08:15:00,6850.0,6850.0,6775.0,6800.0,114600
2026-01-27 08:20:00,6825.0,6875.0,6825.0,6825.0,309500
2026-01-27 08:25:00,6900.0,6900.0,6825.0,6825.0,485600
2026-01-27 08:30:00,6875.0,6900.0,6875.0,6900.0,57700
2026-01-27 08:35:00,6900.0,6900.0,6875.0,6875.0,91400
2026-01-27 08:40:00,6925.0,6925.0,6875.0,6875.0,140800
2026-01-27 08:45:00,6925.0,6950.0,6900.0,6900.0,297900
2026-01-27 09:00:00,7000.0,7000.0,7000.0,7000.0,2099100
2026-01-27 09:05:00,7000.0,7000.0,7000.0,7000.0,8800
2026-01-27 09:10:00,7000.0,7000.0,7000.0,7000.0,0
2026-01-28 02:00:00,6650.0,6725.0,6650.0,6700.0,0
2026-01-28 02:05:00,6750.0,6750.0,6650.0,6650.0,180100
2026-01-28 02:10:00,6725.0,6750.0,6675.0,6750.0,189400
2026-01-28 02:15:00,6750.0,6825.0,6725.0,6750.0,369200
2026-01-28 02:20:00,6800.0,6825.0,6725.0,6750.0,328100
2026-01-28 02:25:00,6750.0,6800.0,6725.0,6750.0,128500
2026-01-28 02:30:00,6700.0,6775.0,6700.0,6750.0,175500
2026-01-28 02:35:00,6700.0,6725.0,6650.0,6725.0,132800
2026-01-28 02:40:00,6650.0,6700.0,6650.0,6675.0,141300
2026-01-28 02:45:00,6600.0,6675.0,6600.0,6650.0,425500
2026-01-28 02:50:00,6625.0,6625.0,6600.0,6600.0,114600
2026-01-28 02:55:00,6650.0,6650.0,6600.0,6625.0,126600
2026-01-28 03:00:00,6675.0,6675.0,6625.0,6625.0,57700
2026-01-28 03:05:00,6650.0,6675.0,6650.0,6675.0,54800
2026-01-28 03:10:00,6650.0,6675.0,6650.0,6675.0,26200
2026-01-28 03:15:00,6625.0,6675.0,6625.0,6650.0,116800
2026-01-28 03:20:00,6625.0,6650.0,6625.0,6650.0,125900
2026-01-28 03:25:00,6625.0,6650.0,6600.0,6650.0,343500
2026-01-28 03:30:00,6650.0,6650.0,6625.0,6650.0,41200
2026-01-28 03:35:00,6625.0,6650.0,6600.0,6650.0,117800
2026-01-28 03:40:00,6625.0,6650.0,6625.0,6625.0,71100
2026-01-28 03:45:00,6550.0,6650.0,6550.0,6650.0,425100
2026-01-28 03:50:00,6550.0,6575.0,6550.0,6550.0,112500
2026-01-28 03:55:00,6525.0,6575.0,6525.0,6550.0,216400
2026-01-28 04:00:00,6500.0,6550.0,6500.0,6525.0,334100
2026-01-28 04:05:00,6375.0,6525.0,6300.0,6500.0,1025800
2026-01-28 04:10:00,6350.0,6375.0,6325.0,6375.0,132600
2026-01-28 04:15:00,6325.0,6375.0,6325.0,6325.0,270700
2026-01-28 04:20:00,6375.0,6400.0,6325.0,6325.0,247400
2026-01-28 04:25:00,6400.0,6400.0,6350.0,6375.0,140300
2026-01-28 04:30:00,6400.0,6450.0,6375.0,6425.0,42700
2026-01-28 04:35:00,6375.0,6425.0,6375.0,6425.0,100200
2026-01-28 04:40:00,6400.0,6400.0,6375.0,6375.0,48300
2026-01-28 04:45:00,6400.0,6400.0,6375.0,6375.0,174000
2026-01-28 04:50:00,6375.0,6425.0,6375.0,6400.0,202700
2026-01-28 04:55:00,6350.0,6375.0,6325.0,6375.0,240800
2026-01-28 06:30:00,6325.0,6400.0,6325.0,6350.0,408800
2026-01-28 06:35:00,6325.0,6350.0,6325.0,6325.0,152100
2026-01-28 06:40:00,6200.0,6300.0,6175.0,6300.0,512200
2026-01-28 07:10:00,6225.0,6225.0,6225.0,6225.0,19100
2026-01-28 07:15:00,6200.0,6225.0,6100.0,6225.0,238100
2026-01-28 07:20:00,6100.0,6200.0,6100.0,6200.0,280900
2026-01-28 07:25:00,6100.0,6125.0,6075.0,6100.0,295200
2026-01-28 07:30:00,6150.0,6175.0,6100.0,6100.0,175300
2026-01-28 07:35:00,6125.0,6150.0,6125.0,6150.0,95800
2026-01-28 07:40:00,6125.0,6150.0,6075.0,6125.0,254100
2026-01-28 07:45:00,6150.0,6150.0,6100.0,6125.0,75100
2026-01-28 07:50:00,6250.0,6250.0,6125.0,6150.0,328100
2026-01-28 07:55:00,6150.0,6250.0,6150.0,6250.0,147900
2026-01-28 08:00:00,6200.0,6200.0,6150.0,6175.0,50700
2026-01-28 08:05:00,6175.0,6200.0,6150.0,6175.0,118200
2026-01-28 08:10:00,6175.0,6225.0,6150.0,6200.0,194200
2026-01-28 08:15:00,6200.0,6200.0,6175.0,6200.0,39700
2026-01-28 08:20:00,6200.0,6250.0,6175.0,6200.0,270500
2026-01-28 08:25:00,6225.0,6250.0,6200.0,6200.0,182000
2026-01-28 08:30:00,6275.0,6275.0,6225.0,6250.0,148400
2026-01-28 08:35:00,6250.0,6275.0,6250.0,6275.0,70700
2026-01-28 08:40:00,6225.0,6275.0,6225.0,6250.0,261900
2026-01-28 08:45:00,6300.0,6325.0,6225.0,6225.0,403800
2026-01-28 09:00:00,6600.0,6600.0,6600.0,6600.0,873900
2026-01-28 09:05:00,6600.0,6600.0,6600.0,6600.0,100
2026-01-28 09:10:00,6600.0,6600.0,6600.0,6600.0,2500
2026-01-29 02:00:00,6250.0,6375.0,6250.0,6350.0,0
2026-01-29 02:05:00,6200.0,6275.0,6200.0,6250.0,490400
2026-01-29 02:10:00,6025.0,6200.0,6000.0,6200.0,1423600
2026-01-29 02:15:00,6050.0,6100.0,6000.0,6025.0,192700
2026-01-29 02:20:00,5975.0,6075.0,5950.0,6050.0,456800
2026-01-29 02:25:00,5900.0,5950.0,5900.0,5950.0,35500
2026-01-29 02:55:00,5675.0,6025.0,5650.0,5925.0,1436500
2026-01-29 03:00:00,5775.0,5850.0,5675.0,5675.0,407100
2026-01-29 03:05:00,5725.0,5825.0,5700.0,5775.0,501100
2026-01-29 03:10:00,5700.0,5725.0,5650.0,5700.0,261800
2026-01-29 03:15:00,5725.0,5850.0,5700.0,5700.0,160600
2026-01-29 03:20:00,5850.0,5950.0,5725.0,5750.0,338200
2026-01-29 03:25:00,5775.0,5950.0,5725.0,5850.0,211300
2026-01-29 03:30:00,5900.0,5925.0,5775.0,5800.0,146400
2026-01-29 03:35:00,5900.0,5950.0,5875.0,5900.0,211100
2026-01-29 03:40:00,5950.0,5950.0,5875.0,5900.0,106800
2026-01-29 03:45:00,6050.0,6125.0,5925.0,5950.0,432200
2026-01-29 03:50:00,6025.0,6050.0,6000.0,6025.0,178300
2026-01-29 03:55:00,6025.0,6050.0,5975.0,6025.0,373200
2026-01-29 04:00:00,6050.0,6075.0,5975.0,6025.0,71200
2026-01-29 04:05:00,6075.0,6075.0,6000.0,6000.0,40700
2026-01-29 04:10:00,6075.0,6100.0,6000.0,6075.0,42600
2026-01-29 04:15:00,6000.0,6100.0,5975.0,6100.0,287200
2026-01-29 04:20:00,5950.0,6025.0,5950.0,6000.0,253900
2026-01-29 04:25:00,5900.0,5950.0,5850.0,5950.0,282700
2026-01-29 04:30:00,5850.0,5900.0,5825.0,5900.0,89400
2026-01-29 04:35:00,5850.0,5900.0,5825.0,5825.0,58700
2026-01-29 04:40:00,5825.0,5875.0,5800.0,5850.0,44500
2026-01-29 04:45:00,5900.0,5900.0,5800.0,5825.0,57700
2026-01-29 04:50:00,5875.0,5900.0,5850.0,5900.0,43800
2026-01-29 04:55:00,5950.0,5950.0,5875.0,5875.0,78300
2026-01-29 06:30:00,6175.0,6200.0,5900.0,5950.0,649600
2026-01-29 06:35:00,6200.0,6225.0,6150.0,6150.0,222400
2026-01-29 06:40:00,6400.0,6500.0,6175.0,6175.0,770700
2026-01-29 06:45:00,6175.0,6500.0,6150.0,6500.0,438100
2026-01-29 06:50:00,6200.0,6225.0,6150.0,6200.0,284800
2026-01-29 06:55:00,6175.0,6225.0,6125.0,6200.0,173300
2026-01-29 07:00:00,6200.0,6200.0,6150.0,6175.0,113500
2026-01-29 07:05:00,6275.0,6275.0,6175.0,6175.0,461900
2026-01-29 07:10:00,6250.0,6300.0,6200.0,6250.0,413300
2026-01-29 07:15:00,6300.0,6300.0,6175.0,6250.0,251300
2026-01-29 07:20:00,6300.0,6350.0,6250.0,6325.0,220900
2026-01-29 07:25:00,6350.0,6400.0,6250.0,6300.0,277000
2026-01-29 07:30:00,6100.0,6350.0,6100.0,6350.0,570500
2026-01-29 07:35:00,6100.0,6150.0,6050.0,6100.0,394500
2026-01-29 07:40:00,6125.0,6150.0,6075.0,6100.0,106300
2026-01-29 07:45:00,6275.0,6275.0,6125.0,6125.0,301400
2026-01-29 07:50:00,6275.0,6300.0,6225.0,6225.0,190900
2026-01-29 07:55:00,6250.0,6300.0,6225.0,6275.0,224800
2026-01-29 08:00:00,6175.0,6275.0,6175.0,6250.0,316800
2026-01-29 08:05:00,6125.0,6200.0,6100.0,6200.0,292600
2026-01-29 08:10:00,6125.0,6150.0,6100.0,6125.0,67600
2026-01-29 08:15:00,6125.0,6150.0,6100.0,6125.0,115400
2026-01-29 08:20:00,6125.0,6150.0,6100.0,6100.0,132600
2026-01-29 08:25:00,6125.0,6150.0,6100.0,6125.0,63400
2026-01-29 08:30:00,6075.0,6100.0,6050.0,6100.0,408200
2026-01-29 08:35:00,6100.0,6125.0,6075.0,6075.0,142100
2026-01-29 08:40:00,6100.0,6175.0,6075.0,6075.0,238000
2026-01-29 08:45:00,6200.0,6200.0,6100.0,6125.0,415300
2026-01-29 09:00:00,6300.0,6300.0,6300.0,6300.0,4123300
2026-01-29 09:05:00,6300.0,6300.0,6300.0,6300.0,1900
2026-01-29 09:10:00,6300.0,6300.0,6300.0,6300.0,100
2026-01-30 02:00:00,6275.0,6300.0,6225.0,6300.0,0
2026-01-30 02:05:00,6325.0,6325.0,6250.0,6275.0,254200
2026-01-30 02:10:00,6350.0,6375.0,6300.0,6300.0,96000
2026-01-30 02:15:00,6275.0,6375.0,6275.0,6375.0,305100
2026-01-30 02:20:00,6300.0,6350.0,6250.0,6275.0,230000
2026-01-30 02:25:00,6325.0,6350.0,6275.0,6300.0,467000
2026-01-30 02:30:00,6250.0,6300.0,6225.0,6300.0,224200
2026-01-30 02:35:00,6300.0,6300.0,6250.0,6250.0,47600
2026-01-30 02:40:00,6275.0,6300.0,6275.0,6300.0,56800
2026-01-30 02:45:00,6300.0,6350.0,6275.0,6300.0,63900
2026-01-30 02:50:00,6300.0,6350.0,6300.0,6300.0,37400
2026-01-30 02:55:00,6300.0,6325.0,6275.0,6325.0,46700
2026-01-30 03:00:00,6300.0,6325.0,6300.0,6325.0,51700
2026-01-30 03:05:00,6300.0,6325.0,6275.0,6325.0,91500
2026-01-30 03:10:00,6325.0,6325.0,6275.0,6275.0,68800
2026-01-30 03:15:00,6300.0,6325.0,6300.0,6325.0,44200
2026-01-30 03:20:00,6300.0,6325.0,6275.0,6300.0,115400
2026-01-30 03:25:00,6275.0,6325.0,6275.0,6300.0,147700
2026-01-30 03:30:00,6275.0,6275.0,6250.0,6275.0,20800
2026-01-30 03:35:00,6250.0,6275.0,6250.0,6275.0,13300
2026-01-30 03:40:00,6250.0,6275.0,6250.0,6250.0,35300
2026-01-30 03:45:00,6275.0,6275.0,6250.0,6275.0,100900
2026-01-30 03:50:00,6250.0,6275.0,6250.0,6250.0,27400
2026-01-30 03:55:00,6225.0,6275.0,6225.0,6250.0,79300
2026-01-30 04:00:00,6200.0,6225.0,6200.0,6225.0,193200
2026-01-30 04:05:00,6225.0,6225.0,6200.0,6200.0,47300
2026-01-30 04:10:00,6200.0,6225.0,6200.0,6200.0,86100
2026-01-30 04:15:00,6200.0,6225.0,6200.0,6200.0,56200
2026-01-30 04:20:00,6225.0,6225.0,6200.0,6200.0,28800
2026-01-30 04:25:00,6200.0,6225.0,6200.0,6225.0,50400
2026-01-30 07:00:00,6250.0,6275.0,6200.0,6200.0,360400
2026-01-30 07:05:00,6250.0,6250.0,6225.0,6225.0,47900
2026-01-30 07:10:00,6250.0,6275.0,6225.0,6250.0,86800
2026-01-30 07:15:00,6300.0,6300.0,6250.0,6275.0,58100
2026-01-30 07:20:00,6250.0,6300.0,6250.0,6300.0,87900
2026-01-30 07:25:00,6300.0,6300.0,6250.0,6275.0,49000
2026-01-30 07:30:00,6300.0,6300.0,6275.0,6275.0,55900
2026-01-30 07:35:00,6300.0,6300.0,6275.0,6300.0,30800
2026-01-30 07:40:00,6275.0,6300.0,6275.0,6300.0,160300
2026-01-30 07:45:00,6275.0,6275.0,6250.0,6275.0,65000
2026-01-30 07:50:00,6250.0,6275.0,6250.0,6275.0,44400
2026-01-30 07:55:00,6275.0,6275.0,6250.0,6275.0,40600
2026-01-30 08:00:00,6250.0,6275.0,6250.0,6250.0,63800
2026-01-30 08:05:00,6250.0,6275.0,6250.0,6275.0,153700
2026-01-30 08:10:00,6225.0,6275.0,6225.0,6275.0,102300
2026-01-30 08:15:00,6300.0,6300.0,6225.0,6250.0,155800
2026-01-30 08:20:00,6275.0,6300.0,6275.0,6300.0,75900
2026-01-30 08:25:00,6275.0,6300.0,6275.0,6275.0,64300
2026-01-30 08:30:00,6250.0,6275.0,6250.0,6250.0,29100
2026-01-30 08:35:00,6225.0,6300.0,6225.0,6275.0,185700
2026-01-30 08:40:00,6250.0,6250.0,6225.0,6250.0,112100
2026-01-30 08:45:00,6300.0,6300.0,6225.0,6250.0,274800
2026-01-30 09:00:00,6450.0,6450.0,6450.0,6450.0,4370700
2026-01-30 09:05:00,6450.0,6450.0,6450.0,6450.0,16300
2026-01-30 09:10:00,6450.0,6450.0,6450.0,6450.0,18800
2026-02-02 09:10:00,5900.0,5900.0,5900.0,5900.0,0
2026-02-03 02:00:00,5675.0,5775.0,5625.0,5750.0,0
2026-02-03 02:05:00,5425.0,5675.0,5300.0,5675.0,984600
2026-02-03 02:10:00,5500.0,5500.0,5350.0,5425.0,306600
2026-02-03 02:15:00,5475.0,5550.0,5450.0,5475.0,349500
2026-02-03 02:20:00,5675.0,5675.0,5475.0,5500.0,422300
2026-02-03 02:25:00,5650.0,5650.0,5600.0,5625.0,81700
2026-02-03 02:30:00,5600.0,5650.0,5600.0,5625.0,110600
2026-02-03 02:35:00,5650.0,5700.0,5625.0,5625.0,130600
2026-02-03 02:40:00,5700.0,5750.0,5650.0,5650.0,391600
2026-02-03 02:45:00,5725.0,5725.0,5675.0,5700.0,113100
2026-02-03 02:50:00,5725.0,5750.0,5700.0,5725.0,155600
2026-02-03 02:55:00,5725.0,5750.0,5675.0,5750.0,245600
2026-02-03 03:00:00,5800.0,5800.0,5700.0,5725.0,329600
2026-02-03 03:05:00,5750.0,5850.0,5725.0,5800.0,656400
2026-02-03 03:10:00,5725.0,5750.0,5700.0,5750.0,110500
2026-02-03 03:15:00,5750.0,5750.0,5700.0,5725.0,110000
2026-02-03 03:20:00,5775.0,5775.0,5750.0,5775.0,15900
2026-02-03 03:25:00,5750.0,5775.0,5750.0,5775.0,86100
2026-02-03 03:30:00,5775.0,5800.0,5750.0,5750.0,78900
2026-02-03 03:35:00,5775.0,5800.0,5775.0,5800.0,7000
2026-02-03 03:40:00,5775.0,5775.0,5750.0,5775.0,82400
2026-02-03 03:45:00,5725.0,5775.0,5725.0,5775.0,114500
2026-02-03 03:50:00,5725.0,5750.0,5725.0,5725.0,16100
2026-02-03 03:55:00,5775.0,5775.0,5750.0,5750.0,134400
2026-02-03 04:00:00,5750.0,5775.0,5725.0,5775.0,50300
2026-02-03 04:05:00,5775.0,5800.0,5750.0,5750.0,62700
2026-02-03 04:10:00,5775.0,5800.0,5750.0,5775.0,73800
2026-02-03 04:15:00,5800.0,5800.0,5750.0,5775.0,61700
2026-02-03 04:20:00,5850.0,5875.0,5775.0,5800.0,310900
2026-02-03 04:25:00,6025.0,6050.0,5850.0,5875.0,870900
2026-02-03 04:30:00,6150.0,6225.0,6025.0,6025.0,735100
2026-02-03 04:35:00,6175.0,6200.0,6150.0,6175.0,559800
2026-02-03 04:40:00,6200.0,6200.0,6175.0,6175.0,246600
2026-02-03 04:45:00,6150.0,6200.0,6150.0,6200.0,161200
2026-02-03 04:50:00,6150.0,6175.0,6150.0,6150.0,233700
2026-02-03 04:55:00,6200.0,6200.0,6150.0,6150.0,389900
2026-02-03 06:30:00,6275.0,6300.0,6200.0,6225.0,828800
2026-02-03 06:35:00,6325.0,6375.0,6300.0,6300.0,1280700
2026-02-03 06:40:00,6400.0,6425.0,6325.0,6325.0,887100
2026-02-03 06:45:00,6400.0,6400.0,6350.0,6400.0,272100
2026-02-03 06:50:00,6375.0,6375.0,6350.0,6350.0,167500
2026-02-03 06:55:00,6300.0,6375.0,6300.0,6350.0,173400
2026-02-03 07:00:00,6225.0,6325.0,6225.0,6325.0,389600
2026-02-03 07:05:00,6250.0,6275.0,6225.0,6275.0,73000
2026-02-03 07:10:00,6375.0,6375.0,6250.0,6250.0,655700
2026-02-03 07:15:00,6400.0,6400.0,6350.0,6375.0,169900
2026-02-03 07:20:00,6400.0,6400.0,6350.0,6400.0,69400
2026-02-03 07:25:00,6375.0,6375.0,6350.0,6375.0,140100
2026-02-03 07:30:00,6325.0,6375.0,6300.0,6375.0,307300
2026-02-03 07:35:00,6425.0,6425.0,6300.0,6325.0,740400
2026-02-03 07:40:00,6425.0,6425.0,6400.0,6425.0,92500
2026-02-03 07:45:00,6575.0,6575.0,6375.0,6400.0,1398700
2026-02-03 07:50:00,6575.0,6600.0,6550.0,6575.0,189200
2026-02-03 07:55:00,6575.0,6575.0,6550.0,6550.0,146000
2026-02-03 08:00:00,6525.0,6575.0,6500.0,6550.0,311800
2026-02-03 08:05:00,6525.0,6525.0,6500.0,6500.0,90800
2026-02-03 08:10:00,6525.0,6525.0,6500.0,6525.0,58300
2026-02-03 08:15:00,6500.0,6525.0,6475.0,6500.0,408700
2026-02-03 08:20:00,6475.0,6500.0,6450.0,6500.0,412500
2026-02-03 08:25:00,6425.0,6475.0,6425.0,6475.0,426000
2026-02-03 08:30:00,6425.0,6450.0,6400.0,6425.0,527900
2026-02-03 08:35:00,6425.0,6450.0,6400.0,6400.0,368800
2026-02-03 08:40:00,6400.0,6425.0,6400.0,6425.0,219300
2026-02-03 08:45:00,6450.0,6450.0,6400.0,6425.0,440800
2026-02-03 09:00:00,6525.0,6525.0,6525.0,6525.0,1256700
2026-02-03 09:05:00,6525.0,6525.0,6525.0,6525.0,9400
2026-02-03 09:10:00,6525.0,6525.0,6525.0,6525.0,5300
2026-02-04 02:00:00,6700.0,6700.0,6425.0,6450.0,0
2026-02-04 02:05:00,6750.0,6750.0,6600.0,6650.0,733500
2026-02-04 02:10:00,6725.0,6750.0,6675.0,6725.0,434900
2026-02-04 02:15:00,6675.0,6725.0,6675.0,6725.0,120800
2026-02-04 02:20:00,6825.0,7025.0,6650.0,6700.0,4519300
2026-02-04 02:25:00,6775.0,6850.0,6700.0,6800.0,239300
2026-02-04 02:30:00,6725.0,6775.0,6675.0,6775.0,414700
2026-02-04 02:35:00,6650.0,6700.0,6600.0,6675.0,308800
2026-02-04 02:40:00,6600.0,6675.0,6600.0,6650.0,191500
2026-02-04 02:45:00,6575.0,6625.0,6575.0,6625.0,151000
2026-02-04 02:50:00,6600.0,6600.0,6575.0,6600.0,65800
2026-02-04 02:55:00,6625.0,6625.0,6600.0,6600.0,72000
2026-02-04 03:00:00,6775.0,6775.0,6600.0,6625.0,209300
2026-02-04 03:05:00,6875.0,6875.0,6750.0,6775.0,482700
2026-02-04 03:10:00,6800.0,6850.0,6800.0,6850.0,206000
2026-02-04 03:15:00,6825.0,6850.0,6775.0,6800.0,245900
2026-02-04 03:20:00,6775.0,6825.0,6775.0,6825.0,430800
2026-02-04 03:25:00,6775.0,6775.0,6750.0,6775.0,0
2026-02-04 03:30:00,6750.0,6775.0,6750.0,6775.0,40600
2026-02-04 03:35:00,6750.0,6750.0,6725.0,6725.0,9300
2026-02-04 03:40:00,6725.0,6750.0,6725.0,6750.0,10700
2026-02-04 03:45:00,6750.0,6750.0,6725.0,6725.0,30600
2026-02-04 03:50:00,6725.0,6750.0,6725.0,6725.0,124100
2026-02-04 03:55:00,6700.0,6750.0,6700.0,6750.0,75000
2026-02-04 04:00:00,6675.0,6725.0,6675.0,6700.0,107400
2026-02-04 04:05:00,6675.0,6700.0,6650.0,6675.0,175900
2026-02-04 04:10:00,6675.0,6700.0,6675.0,6675.0,102500
2026-02-04 04:15:00,6700.0,6725.0,6675.0,6675.0,49100
2026-02-04 04:20:00,6700.0,6725.0,6700.0,6700.0,8700
2026-02-04 04:25:00,6700.0,6725.0,6700.0,6700.0,38200
2026-02-04 04:30:00,6725.0,6725.0,6700.0,6700.0,9100
2026-02-04 04:35:00,6700.0,6725.0,6700.0,6700.0,8500
2026-02-04 04:40:00,6700.0,6725.0,6675.0,6700.0,78400
2026-02-04 04:45:00,6675.0,6700.0,6675.0,6675.0,26200
2026-02-04 04:50:00,6675.0,6700.0,6675.0,6675.0,10300
2026-02-04 04:55:00,6675.0,6700.0,6675.0,6675.0,6800
2026-02-04 06:30:00,6675.0,6700.0,6650.0,6700.0,298900
2026-02-04 06:35:00,6700.0,6700.0,6650.0,6650.0,72400
2026-02-04 06:40:00,6700.0,6725.0,6700.0,6725.0,104500
2026-02-04 06:45:00,6675.0,6725.0,6675.0,6725.0,30600
2026-02-04 06:50:00,6675.0,6700.0,6675.0,6700.0,9200
2026-02-04 06:55:00,6650.0,6700.0,6650.0,6675.0,57400
2026-02-04 07:00:00,6675.0,6700.0,6650.0,6675.0,88100
2026-02-04 07:05:00,6700.0,6700.0,6675.0,6675.0,5400
2026-02-04 07:10:00,6675.0,6700.0,6675.0,6675.0,19400
2026-02-04 07:15:00,6675.0,6675.0,6650.0,6675.0,21300
2026-02-04 07:20:00,6675.0,6675.0,6650.0,6650.0,4400
2026-02-04 07:25:00,6650.0,6675.0,6650.0,6675.0,12400
2026-02-04 07:30:00,6675.0,6675.0,6650.0,6650.0,19100
2026-02-04 07:35:00,6625.0,6675.0,6600.0,6675.0,560400
2026-02-04 07:40:00,6625.0,6650.0,6625.0,6650.0,2400
2026-02-04 07:45:00,6675.0,6675.0,6625.0,6650.0,145400
2026-02-04 07:50:00,6675.0,6675.0,6650.0,6675.0,8000
2026-02-04 07:55:00,6675.0,6675.0,6650.0,6675.0,10500
2026-02-04 08:00:00,6775.0,6800.0,6650.0,6675.0,689100
2026-02-04 08:05:00,6775.0,6800.0,6775.0,6775.0,136000
2026-02-04 08:10:00,6800.0,6800.0,6775.0,6775.0,202000
2026-02-04 08:15:00,6800.0,6850.0,6775.0,6800.0,233500
2026-02-04 08:20:00,6800.0,6825.0,6800.0,6825.0,242800
2026-02-04 08:25:00,6775.0,6825.0,6775.0,6800.0,350400
2026-02-04 08:30:00,6775.0,6800.0,6750.0,6750.0,199800
2026-02-04 08:35:00,6800.0,6800.0,6750.0,6775.0,256500
2026-02-04 08:40:00,6800.0,6800.0,6775.0,6775.0,295100
2026-02-04 08:45:00,6775.0,6800.0,6750.0,6800.0,207300
2026-02-04 09:00:00,6850.0,6850.0,6850.0,6850.0,1297700
2026-02-04 09:05:00,6850.0,6850.0,6850.0,6850.0,2700
2026-02-04 09:10:00,6850.0,6850.0,6850.0,6850.0,129200
2026-02-05 02:00:00,6900.0,6900.0,6850.0,6900.0,0
2026-02-05 02:05:00,6875.0,6925.0,6850.0,6925.0,180000
2026-02-05 02:10:00,6875.0,6875.0,6850.0,6875.0,43900
2026-02-05 02:15:00,6900.0,6900.0,6850.0,6850.0,110500
2026-02-05 02:20:00,6950.0,6950.0,6875.0,6900.0,309500
2026-02-05 02:25:00,6950.0,6975.0,6925.0,6925.0,219000
2026-02-05 02:30:00,6950.0,6975.0,6925.0,6950.0,101300
2026-02-05 02:35:00,6950.0,6975.0,6925.0,6975.0,76400
2026-02-05 02:40:00,6950.0,7000.0,6950.0,6950.0,515600
2026-02-05 02:45:00,6950.0,6975.0,6925.0,6950.0,156400
2026-02-05 02:50:00,6975.0,7000.0,6950.0,6975.0,148200
2026-02-05 02:55:00,6950.0,7000.0,6925.0,7000.0,176000
2026-02-05 03:00:00,6975.0,7000.0,6925.0,6925.0,267200
2026-02-05 03:05:00,6950.0,6975.0,6950.0,6975.0,136800
2026-02-05 03:10:00,6975.0,7000.0,6950.0,6950.0,85400
2026-02-05 03:15:00,6975.0,7000.0,6975.0,6975.0,33900
2026-02-05 03:20:00,6975.0,7000.0,6975.0,7000.0,83100
2026-02-05 03:25:00,6950.0,7000.0,6950.0,6975.0,26300
2026-02-05 03:30:00,6950.0,6975.0,6950.0,6950.0,20800
2026-02-05 03:35:00,6950.0,6975.0,6950.0,6950.0,63600
2026-02-05 03:40:00,6950.0,6950.0,6925.0,6950.0,7400
2026-02-05 03:45:00,6950.0,6950.0,6925.0,6950.0,18800
2026-02-05 03:50:00,6950.0,6950.0,6925.0,6950.0,13300
2026-02-05 03:55:00,6950.0,6950.0,6925.0,6950.0,26100
2026-02-05 04:00:00,6950.0,6950.0,6925.0,6925.0,67600
2026-02-05 04:05:00,6975.0,6975.0,6950.0,6975.0,20900
2026-02-05 04:10:00,6975.0,6975.0,6950.0,6950.0,18600
2026-02-05 04:15:00,6950.0,6975.0,6950.0,6975.0,44900
2026-02-05 04:20:00,6950.0,6975.0,6950.0,6950.0,38600
2026-02-05 04:25:00,6950.0,6950.0,6925.0,6925.0,26600
2026-02-05 04:30:00,6950.0,6975.0,6925.0,6950.0,16000
2026-02-05 04:35:00,6975.0,6975.0,6950.0,6975.0,44500
2026-02-05 04:40:00,6950.0,6975.0,6950.0,6975.0,15800
2026-02-05 04:45:00,6950.0,6950.0,6925.0,6950.0,26800
2026-02-05 04:50:00,6950.0,6950.0,6925.0,6925.0,18000
2026-02-05 04:55:00,6950.0,6950.0,6925.0,6950.0,13300
2026-02-05 06:30:00,7050.0,7050.0,6925.0,6925.0,1627400
2026-02-05 06:35:00,7025.0,7050.0,7025.0,7050.0,99900
2026-02-05 06:40:00,7175.0,7200.0,7025.0,7050.0,2785700
2026-02-05 06:45:00,7175.0,7200.0,7175.0,7175.0,351000
2026-02-05 06:50:00,7175.0,7200.0,7175.0,7175.0,346600
2026-02-05 06:55:00,7175.0,7200.0,7175.0,7175.0,171900
2026-02-05 07:00:00,7200.0,7200.0,7175.0,7200.0,220100
2026-02-05 07:05:00,7225.0,7250.0,7175.0,7200.0,1464500
2026-02-05 07:10:00,7200.0,7225.0,7200.0,7225.0,707400
2026-02-05 07:15:00,7200.0,7225.0,7200.0,7200.0,223400
2026-02-05 07:20:00,7225.0,7225.0,7200.0,7225.0,140200
2026-02-05 07:25:00,7200.0,7225.0,7200.0,7200.0,332900
2026-02-05 07:30:00,7225.0,7225.0,7200.0,7225.0,141300
2026-02-05 07:35:00,7225.0,7225.0,7200.0,7200.0,63700
2026-02-05 07:40:00,7225.0,7225.0,7200.0,7200.0,280700
2026-02-05 07:45:00,7250.0,7250.0,7200.0,7225.0,484000
2026-02-05 07:50:00,7225.0,7250.0,7225.0,7250.0,188800
2026-02-05 07:55:00,7200.0,7225.0,7200.0,7225.0,384600
2026-02-05 08:00:00,7225.0,7225.0,7200.0,7225.0,38100
2026-02-05 08:05:00,7225.0,7225.0,7200.0,7225.0,307400
2026-02-05 08:10:00,7200.0,7225.0,7200.0,7225.0,212600
2026-02-05 08:15:00,7225.0,7225.0,7200.0,7225.0,51100
2026-02-05 08:20:00,7200.0,7225.0,7200.0,7200.0,106600
2026-02-05 08:25:00,7200.0,7250.0,7200.0,7200.0,607800
2026-02-05 08:30:00,7225.0,7225.0,7200.0,7200.0,171300
2026-02-05 08:35:00,7225.0,7225.0,7200.0,7225.0,58600
2026-02-05 08:40:00,7250.0,7250.0,7200.0,7200.0,234800
2026-02-05 08:45:00,7250.0,7250.0,7225.0,7250.0,185200
2026-02-05 09:00:00,7250.0,7250.0,7250.0,7250.0,1932400
2026-02-05 09:05:00,7250.0,7250.0,7250.0,7250.0,19000
2026-02-05 09:10:00,7250.0,7250.0,7250.0,7250.0,3300
2026-02-06 02:00:00,7100.0,7200.0,7050.0,7175.0,0
2026-02-06 02:05:00,7175.0,7200.0,7100.0,7100.0,447800
2026-02-06 02:10:00,7150.0,7200.0,7150.0,7200.0,300300
2026-02-06 02:15:00,7175.0,7200.0,7150.0,7150.0,135000
2026-02-06 02:20:00,7175.0,7200.0,7150.0,7175.0,202200
2026-02-06 02:25:00,7150.0,7200.0,7150.0,7175.0,137400
2026-02-06 02:30:00,7150.0,7200.0,7150.0,7150.0,201600
2026-02-06 02:35:00,7150.0,7175.0,7150.0,7175.0,108200
2026-02-06 02:40:00,7125.0,7175.0,7100.0,7175.0,201800
2026-02-06 02:45:00,7075.0,7125.0,7075.0,7100.0,109300
2026-02-06 02:50:00,7075.0,7075.0,7050.0,7075.0,149100
2026-02-06 02:55:00,7050.0,7075.0,7025.0,7050.0,358900
2026-02-06 03:00:00,7050.0,7050.0,7025.0,7025.0,93600
2026-02-06 03:05:00,7025.0,7050.0,7025.0,7025.0,163700
2026-02-06 03:10:00,7050.0,7050.0,7025.0,7050.0,64300
2026-02-06 03:15:00,7000.0,7050.0,7000.0,7025.0,115900
2026-02-06 03:20:00,7075.0,7075.0,7000.0,7000.0,148200
2026-02-06 03:25:00,7075.0,7075.0,7050.0,7075.0,47600
2026-02-06 03:30:00,7025.0,7075.0,7025.0,7075.0,71500
2026-02-06 03:35:00,7000.0,7050.0,7000.0,7050.0,57200
2026-02-06 03:40:00,7000.0,7025.0,7000.0,7000.0,55600
2026-02-06 03:45:00,6950.0,7025.0,6950.0,7025.0,794500
2026-02-06 03:50:00,6950.0,6975.0,6925.0,6950.0,313200
2026-02-06 03:55:00,6950.0,7000.0,6950.0,6975.0,209600
2026-02-06 04:00:00,6975.0,6975.0,6950.0,6950.0,71000
2026-02-06 04:05:00,6950.0,6975.0,6950.0,6975.0,88200
2026-02-06 04:10:00,6950.0,6975.0,6925.0,6950.0,103800
2026-02-06 04:15:00,6925.0,6975.0,6925.0,6950.0,150000
2026-02-06 04:20:00,6925.0,6950.0,6925.0,6950.0,54800
2026-02-06 04:25:00,6925.0,6950.0,6925.0,6925.0,100300
2026-02-06 07:00:00,7000.0,7050.0,6925.0,6950.0,442400
2026-02-06 07:05:00,7000.0,7025.0,7000.0,7025.0,41900
2026-02-06 07:10:00,7050.0,7050.0,7000.0,7000.0,86100
2026-02-06 07:15:00,7025.0,7050.0,7025.0,7050.0,38800
2026-02-06 07:20:00,6975.0,7025.0,6975.0,7025.0,69900
2026-02-06 07:25:00,6975.0,7000.0,6975.0,6975.0,43500
2026-02-06 07:30:00,7050.0,7050.0,6950.0,6975.0,195500
2026-02-06 07:35:00,7125.0,7125.0,7050.0,7050.0,293400
2026-02-06 07:40:00,7100.0,7125.0,7100.0,7125.0,69000
2026-02-06 07:45:00,7100.0,7125.0,7100.0,7125.0,33200
2026-02-06 07:50:00,7075.0,7100.0,7075.0,7075.0,327200
2026-02-06 07:55:00,7050.0,7100.0,7050.0,7100.0,311800
2026-02-06 08:00:00,7050.0,7075.0,7050.0,7050.0,105000
2026-02-06 08:05:00,7050.0,7075.0,7050.0,7075.0,85100
2026-02-06 08:10:00,7075.0,7075.0,7050.0,7050.0,128200
2026-02-06 08:15:00,7050.0,7075.0,7050.0,7075.0,137300
2026-02-06 08:20:00,7025.0,7075.0,7025.0,7075.0,158800
2026-02-06 08:25:00,7025.0,7050.0,7025.0,7025.0,204700
2026-02-06 08:30:00,7025.0,7050.0,7025.0,7025.0,178000
2026-02-06 08:35:00,7075.0,7075.0,7025.0,7025.0,199700
2026-02-06 08:40:00,7125.0,7125.0,7050.0,7075.0,376400
2026-02-06 08:45:00,7125.0,7150.0,7100.0,7100.0,314000
2026-02-06 09:00:00,7100.0,7100.0,7100.0,7100.0,1172200
2026-02-06 09:05:00,7100.0,7100.0,7100.0,7100.0,10300
2026-02-06 09:10:00,7100.0,7100.0,7100.0,7100.0,26500
2026-02-09 02:00:00,7075.0,7175.0,7075.0,7125.0,0
2026-02-09 02:05:00,7075.0,7100.0,7050.0,7050.0,120400
2026-02-09 02:10:00,7025.0,7075.0,7025.0,7075.0,143100
2026-02-09 02:15:00,7025.0,7050.0,7000.0,7025.0,113900
2026-02-09 02:20:00,7025.0,7050.0,7025.0,7025.0,20600
2026-02-09 02:25:00,7125.0,7150.0,7025.0,7025.0,164100
2026-02-09 02:30:00,7125.0,7150.0,7125.0,7125.0,45100
2026-02-09 02:35:00,7125.0,7150.0,7100.0,7125.0,163000
2026-02-09 02:40:00,7100.0,7125.0,7100.0,7125.0,5600
2026-02-09 02:45:00,7150.0,7150.0,7100.0,7100.0,37200
2026-02-09 02:50:00,7125.0,7150.0,7125.0,7150.0,39600
2026-02-09 02:55:00,7125.0,7150.0,7125.0,7125.0,17200
2026-02-09 03:00:00,7150.0,7150.0,7125.0,7150.0,129400
2026-02-09 03:05:00,7175.0,7200.0,7125.0,7150.0,373800
2026-02-09 03:10:00,7175.0,7200.0,7175.0,7175.0,44800
2026-02-09 03:15:00,7175.0,7200.0,7175.0,7175.0,116300
2026-02-09 03:20:00,7175.0,7200.0,7150.0,7175.0,69300
2026-02-09 03:25:00,7175.0,7200.0,7175.0,7175.0,40500
2026-02-09 03:30:00,7175.0,7175.0,7150.0,7175.0,62600
2026-02-09 03:35:00,7150.0,7175.0,7150.0,7175.0,19300
2026-02-09 03:40:00,7175.0,7175.0,7150.0,7175.0,30300
2026-02-09 03:45:00,7175.0,7175.0,7150.0,7175.0,82800
2026-02-09 03:50:00,7150.0,7175.0,7150.0,7175.0,11100
2026-02-09 03:55:00,7175.0,7175.0,7150.0,7175.0,45200
2026-02-09 04:00:00,7175.0,7175.0,7175.0,7175.0,38100
2026-02-09 04:05:00,7175.0,7175.0,7175.0,7175.0,22700
2026-02-09 04:10:00,7150.0,7175.0,7150.0,7175.0,62000
2026-02-09 04:15:00,7175.0,7175.0,7150.0,7150.0,14200
2026-02-09 04:20:00,7175.0,7175.0,7150.0,7175.0,8200
2026-02-09 04:25:00,7175.0,7175.0,7150.0,7175.0,50000
2026-02-09 04:30:00,7175.0,7175.0,7150.0,7150.0,30700
2026-02-09 04:35:00,7175.0,7175.0,7150.0,7175.0,26600
2026-02-09 04:40:00,7175.0,7175.0,7150.0,7175.0,8700
2026-02-09 04:45:00,7175.0,7175.0,7150.0,7150.0,21700
2026-02-09 04:50:00,7150.0,7175.0,7150.0,7175.0,39100
2026-02-09 04:55:00,7175.0,7175.0,7150.0,7150.0,12300
2026-02-09 06:30:00,7150.0,7175.0,7150.0,7150.0,29400
2026-02-09 06:35:00,7150.0,7175.0,7150.0,7150.0,42800
2026-02-09 06:40:00,7125.0,7175.0,7125.0,7175.0,191200
2026-02-09 06:45:00,7150.0,7175.0,7125.0,7125.0,125800
2026-02-09 06:50:00,7125.0,7150.0,7125.0,7150.0,77500
2026-02-09 06:55:00,7125.0,7125.0,7100.0,7125.0,256800
2026-02-09 07:00:00,7100.0,7100.0,7100.0,7100.0,119600
2026-02-09 07:05:00,7125.0,7125.0,7100.0,7100.0,10400
2026-02-09 07:10:00,7125.0,7125.0,7100.0,7100.0,100700
2026-02-09 07:15:00,7100.0,7125.0,7100.0,7125.0,116700
2026-02-09 07:20:00,7125.0,7125.0,7100.0,7100.0,0
2026-02-09 07:25:00,7125.0,7125.0,7100.0,7125.0,11500
2026-02-09 07:30:00,7125.0,7125.0,7125.0,7125.0,13500
2026-02-09 07:35:00,7125.0,7125.0,7100.0,7125.0,17200
2026-02-09 07:40:00,7125.0,7125.0,7125.0,7125.0,21300
2026-02-09 07:45:00,7125.0,7125.0,7100.0,7125.0,30800
2026-02-09 07:50:00,7100.0,7125.0,7100.0,7125.0,26200
2026-02-09 07:55:00,7125.0,7125.0,7100.0,7100.0,17900
2026-02-09 08:00:00,7125.0,7125.0,7100.0,7125.0,24600
2026-02-09 08:05:00,7125.0,7125.0,7100.0,7125.0,23500
2026-02-09 08:10:00,7125.0,7125.0,7100.0,7125.0,28900
2026-02-09 08:15:00,7100.0,7125.0,7100.0,7125.0,21300
2026-02-09 08:20:00,7125.0,7125.0,7100.0,7125.0,58500
2026-02-09 08:25:00,7125.0,7125.0,7100.0,7125.0,71000
2026-02-09 08:30:00,7125.0,7125.0,7100.0,7125.0,37500
2026-02-09 08:35:00,7100.0,7150.0,7100.0,7125.0,123800
2026-02-09 08:40:00,7125.0,7150.0,7100.0,7125.0,58000
2026-02-09 08:45:00,7100.0,7150.0,7100.0,7125.0,68700
2026-02-09 09:00:00,7100.0,7100.0,7100.0,7100.0,696300
2026-02-09 09:05:00,7100.0,7100.0,7100.0,7100.0,1300
2026-02-09 09:10:00,7100.0,7100.0,7100.0,7100.0,24000
2026-02-10 02:00:00,7150.0,7150.0,7075.0,7100.0,0
2026-02-10 02:05:00,7100.0,7150.0,7100.0,7150.0,105400
2026-02-10 02:10:00,7125.0,7125.0,7075.0,7100.0,81800
2026-02-10 02:15:00,7075.0,7125.0,7075.0,7100.0,30500
2026-02-10 02:20:00,7125.0,7125.0,7075.0,7100.0,21600
2026-02-10 02:25:00,7125.0,7125.0,7100.0,7125.0,36600
2026-02-10 02:30:00,7125.0,7150.0,7100.0,7100.0,33600
2026-02-10 02:35:00,7175.0,7175.0,7125.0,7150.0,129800
2026-02-10 02:40:00,7200.0,7200.0,7150.0,7175.0,135700
2026-02-10 02:45:00,7200.0,7225.0,7175.0,7175.0,589700
2026-02-10 02:50:00,7200.0,7200.0,7175.0,7200.0,9700
2026-02-10 02:55:00,7200.0,7200.0,7175.0,7200.0,426500
2026-02-10 03:00:00,7250.0,7250.0,7200.0,7200.0,844400
2026-02-10 03:05:00,7250.0,7250.0,7225.0,7250.0,228100
2026-02-10 03:10:00,7225.0,7250.0,7200.0,7250.0,281800
2026-02-10 03:15:00,7225.0,7225.0,7200.0,7200.0,41600
2026-02-10 03:20:00,7200.0,7225.0,7200.0,7200.0,51900
2026-02-10 03:25:00,7200.0,7225.0,7200.0,7225.0,46900
2026-02-10 03:30:00,7200.0,7225.0,7200.0,7225.0,25800
2026-02-10 03:35:00,7225.0,7225.0,7200.0,7200.0,37400
2026-02-10 03:40:00,7200.0,7225.0,7200.0,7225.0,22300
2026-02-10 03:45:00,7225.0,7225.0,7200.0,7225.0,7600
2026-02-10 03:50:00,7225.0,7225.0,7200.0,7225.0,180300
2026-02-10 03:55:00,7225.0,7225.0,7200.0,7225.0,23800
2026-02-10 04:00:00,7225.0,7225.0,7200.0,7225.0,18100
2026-02-10 04:05:00,7225.0,7225.0,7200.0,7200.0,39900
2026-02-10 04:10:00,7200.0,7225.0,7200.0,7225.0,44900
2026-02-10 04:15:00,7200.0,7225.0,7200.0,7200.0,42900
2026-02-10 04:20:00,7225.0,7225.0,7200.0,7200.0,22900
2026-02-10 04:25:00,7225.0,7225.0,7200.0,7225.0,13000
2026-02-10 04:30:00,7225.0,7225.0,7200.0,7225.0,34200
2026-02-10 04:35:00,7225.0,7225.0,7200.0,7200.0,15100
2026-02-10 04:40:00,7200.0,7225.0,7200.0,7225.0,16500
2026-02-10 04:45:00,7225.0,7225.0,7200.0,7225.0,66800
2026-02-10 04:50:00,7200.0,7225.0,7200.0,7225.0,32100
2026-02-10 04:55:00,7200.0,7225.0,7200.0,7200.0,27900
2026-02-10 06:30:00,7225.0,7225.0,7200.0,7200.0,44900
2026-02-10 06:35:00,7200.0,7225.0,7200.0,7200.0,18000
2026-02-10 06:40:00,7175.0,7225.0,7175.0,7200.0,711800
2026-02-10 06:45:00,7175.0,7200.0,7175.0,7175.0,151200
2026-02-10 06:50:00,7175.0,7200.0,7175.0,7175.0,22000
2026-02-10 06:55:00,7150.0,7200.0,7150.0,7175.0,349100
2026-02-10 07:00:00,7150.0,7175.0,7150.0,7150.0,44200
2026-02-10 07:05:00,7150.0,7175.0,7150.0,7150.0,30800
2026-02-10 07:10:00,7150.0,7175.0,7150.0,7175.0,75200
2026-02-10 07:15:00,7150.0,7175.0,7150.0,7175.0,11900
2026-02-10 07:20:00,7175.0,7175.0,7150.0,7150.0,26800
2026-02-10 07:25:00,7175.0,7175.0,7150.0,7175.0,19800
2026-02-10 07:30:00,7175.0,7175.0,7150.0,7175.0,22900
2026-02-10 07:35:00,7150.0,7175.0,7150.0,7175.0,21800
2026-02-10 07:40:00,7150.0,7175.0,7150.0,7175.0,43600
2026-02-10 07:45:00,7175.0,7175.0,7150.0,7150.0,31100
2026-02-10 07:50:00,7175.0,7175.0,7150.0,7150.0,31300
2026-02-10 07:55:00,7175.0,7175.0,7150.0,7175.0,21200
2026-02-10 08:00:00,7175.0,7175.0,7150.0,7150.0,81300
2026-02-10 08:05:00,7175.0,7175.0,7150.0,7175.0,21400
2026-02-10 08:10:00,7175.0,7175.0,7150.0,7175.0,19300
2026-02-10 08:15:00,7150.0,7175.0,7150.0,7175.0,14500
2026-02-10 08:20:00,7150.0,7175.0,7150.0,7175.0,27000
2026-02-10 08:25:00,7175.0,7175.0,7150.0,7150.0,33400
2026-02-10 08:30:00,7175.0,7175.0,7150.0,7175.0,37600
2026-02-10 08:35:00,7200.0,7200.0,7150.0,7150.0,179500
2026-02-10 08:40:00,7175.0,7200.0,7175.0,7200.0,162300
2026-02-10 08:45:00,7175.0,7200.0,7150.0,7175.0,115500
2026-02-10 09:00:00,7200.0,7200.0,7200.0,7200.0,482700
2026-02-10 09:05:00,7200.0,7200.0,7200.0,7200.0,500
2026-02-10 09:10:00,7200.0,7200.0,7200.0,7200.0,0
2026-02-11 02:00:00,7225.0,7250.0,7200.0,7200.0,0
2026-02-11 02:05:00,7275.0,7275.0,7225.0,7225.0,217000
2026-02-11 02:10:00,7250.0,7325.0,7250.0,7275.0,977200
2026-02-11 02:15:00,7200.0,7275.0,7175.0,7250.0,373200
2026-02-11 02:20:00,7200.0,7200.0,7175.0,7200.0,43000
2026-02-11 02:25:00,7200.0,7225.0,7175.0,7200.0,75500
2026-02-11 02:30:00,7175.0,7225.0,7175.0,7225.0,204800
2026-02-11 02:35:00,7200.0,7200.0,7150.0,7200.0,110900
2026-02-11 02:40:00,7175.0,7225.0,7175.0,7200.0,61300
2026-02-11 02:45:00,7200.0,7200.0,7175.0,7200.0,5600
2026-02-11 02:50:00,7175.0,7200.0,7175.0,7175.0,54000
2026-02-11 02:55:00,7200.0,7225.0,7175.0,7200.0,124900
2026-02-11 03:00:00,7250.0,7250.0,7225.0,7225.0,80300
2026-02-11 03:05:00,7250.0,7250.0,7225.0,7250.0,51300
2026-02-11 03:10:00,7225.0,7250.0,7200.0,7250.0,176200
2026-02-11 03:15:00,7225.0,7225.0,7200.0,7225.0,39700
2026-02-11 03:20:00,7225.0,7225.0,7200.0,7225.0,131800
2026-02-11 03:25:00,7225.0,7225.0,7200.0,7225.0,35800
2026-02-11 03:30:00,7225.0,7225.0,7200.0,7225.0,42400
2026-02-11 03:35:00,7225.0,7250.0,7225.0,7225.0,202100
2026-02-11 03:40:00,7225.0,7250.0,7225.0,7250.0,92300
2026-02-11 03:45:00,7275.0,7275.0,7225.0,7225.0,297600
2026-02-11 03:50:00,7325.0,7325.0,7250.0,7275.0,913500
2026-02-11 03:55:00,7300.0,7325.0,7275.0,7325.0,379800
2026-02-11 04:00:00,7300.0,7325.0,7275.0,7275.0,210000
2026-02-11 04:05:00,7275.0,7300.0,7250.0,7300.0,241900
2026-02-11 04:10:00,7325.0,7325.0,7275.0,7275.0,399700
2026-02-11 04:15:00,7350.0,7350.0,7300.0,7325.0,646900
2026-02-11 04:20:00,7325.0,7350.0,7325.0,7325.0,301000
2026-02-11 04:25:00,7350.0,7350.0,7325.0,7325.0,101600
2026-02-11 04:30:00,7300.0,7350.0,7300.0,7350.0,374700
2026-02-11 04:35:00,7325.0,7325.0,7300.0,7325.0,41500
2026-02-11 04:40:00,7325.0,7325.0,7300.0,7325.0,86200
2026-02-11 04:45:00,7350.0,7375.0,7325.0,7325.0,697000
2026-02-11 04:50:00,7325.0,7375.0,7325.0,7350.0,351700
2026-02-11 04:55:00,7350.0,7375.0,7325.0,7325.0,140500
2026-02-11 06:30:00,7325.0,7350.0,7325.0,7350.0,152500
2026-02-11 06:35:00,7275.0,7350.0,7275.0,7350.0,411800
2026-02-11 06:40:00,7300.0,7300.0,7250.0,7275.0,176400
2026-02-11 06:45:00,7325.0,7350.0,7300.0,7300.0,135400
2026-02-11 06:50:00,7300.0,7325.0,7275.0,7325.0,392200
2026-02-11 06:55:00,7325.0,7325.0,7275.0,7275.0,84500
2026-02-11 07:00:00,7300.0,7350.0,7300.0,7325.0,209700
2026-02-11 07:05:00,7325.0,7350.0,7300.0,7325.0,185900
2026-02-11 07:10:00,7325.0,7325.0,7300.0,7325.0,73200
2026-02-11 07:15:00,7325.0,7350.0,7325.0,7325.0,81100
2026-02-11 07:20:00,7325.0,7350.0,7325.0,7350.0,28300
2026-02-11 07:25:00,7350.0,7350.0,7325.0,7350.0,48600
2026-02-11 07:30:00,7350.0,7350.0,7325.0,7350.0,42500
2026-02-11 07:35:00,7325.0,7350.0,7325.0,7325.0,44100
2026-02-11 07:40:00,7350.0,7350.0,7325.0,7325.0,45800
2026-02-11 07:45:00,7350.0,7350.0,7325.0,7350.0,412400
2026-02-11 07:50:00,7350.0,7350.0,7325.0,7325.0,84600
2026-02-11 07:55:00,7325.0,7350.0,7325.0,7325.0,135200
2026-02-11 08:00:00,7350.0,7350.0,7325.0,7350.0,45000
2026-02-11 08:05:00,7350.0,7350.0,7325.0,7325.0,45200
2026-02-11 08:10:00,7350.0,7350.0,7325.0,7325.0,116100
2026-02-11 08:15:00,7325.0,7350.0,7325.0,7350.0,51700
2026-02-11 08:20:00,7350.0,7350.0,7325.0,7350.0,112400
2026-02-11 08:25:00,7350.0,7350.0,7325.0,7350.0,74300
2026-02-11 08:30:00,7325.0,7350.0,7325.0,7325.0,65200
2026-02-11 08:35:00,7350.0,7350.0,7325.0,7350.0,112000
2026-02-11 08:40:00,7350.0,7350.0,7325.0,7325.0,175100
2026-02-11 08:45:00,7350.0,7350.0,7300.0,7350.0,167900
2026-02-11 09:00:00,7325.0,7325.0,7325.0,7325.0,562000
2026-02-11 09:05:00,7325.0,7325.0,7325.0,7325.0,6300
2026-02-11 09:10:00,7325.0,7325.0,7325.0,7325.0,17400
2026-02-12 02:00:00,7350.0,7400.0,7325.0,7375.0,0
2026-02-12 02:05:00,7300.0,7400.0,7300.0,7375.0,363800
2026-02-12 02:10:00,7350.0,7375.0,7300.0,7300.0,98100
2026-02-12 02:15:00,7325.0,7375.0,7325.0,7375.0,109000
2026-02-12 02:20:00,7325.0,7350.0,7325.0,7325.0,325000
2026-02-12 02:25:00,7300.0,7325.0,7300.0,7325.0,40200
2026-02-12 02:30:00,7300.0,7325.0,7300.0,7300.0,280400
2026-02-12 02:35:00,7300.0,7325.0,7275.0,7300.0,174200
2026-02-12 02:40:00,7275.0,7300.0,7275.0,7275.0,87100
2026-02-12 02:45:00,7325.0,7325.0,7275.0,7300.0,79300
2026-02-12 02:50:00,7300.0,7325.0,7275.0,7325.0,52700
2026-02-12 02:55:00,7275.0,7300.0,7275.0,7275.0,27600
2026-02-12 03:00:00,7250.0,7275.0,7250.0,7275.0,256100
2026-02-12 03:05:00,7275.0,7275.0,7250.0,7275.0,117400
2026-02-12 03:10:00,7275.0,7300.0,7275.0,7275.0,16100
2026-02-12 03:15:00,7275.0,7300.0,7250.0,7275.0,55900
2026-02-12 03:20:00,7275.0,7300.0,7250.0,7275.0,33000
2026-02-12 03:25:00,7275.0,7300.0,7275.0,7275.0,10700
2026-02-12 03:30:00,7275.0,7300.0,7275.0,7275.0,27800
2026-02-12 03:35:00,7275.0,7275.0,7250.0,7275.0,26700
2026-02-12 03:40:00,7250.0,7275.0,7250.0,7250.0,65500
2026-02-12 03:45:00,7250.0,7275.0,7250.0,7250.0,43100
2026-02-12 03:50:00,7275.0,7275.0,7250.0,7250.0,61400
2026-02-12 03:55:00,7250.0,7275.0,7250.0,7250.0,59100
2026-02-12 04:00:00,7250.0,7275.0,7250.0,7250.0,41200
2026-02-12 04:05:00,7275.0,7275.0,7250.0,7250.0,17900
2026-02-12 04:10:00,7250.0,7275.0,7250.0,7275.0,50200
2026-02-12 04:15:00,7250.0,7275.0,7250.0,7250.0,14000
2026-02-12 04:20:00,7250.0,7275.0,7250.0,7250.0,9100
2026-02-12 04:25:00,7250.0,7275.0,7250.0,7250.0,22800
2026-02-12 04:30:00,7250.0,7275.0,7250.0,7250.0,86700
2026-02-12 04:35:00,7250.0,7275.0,7250.0,7250.0,12700
2026-02-12 04:40:00,7250.0,7275.0,7250.0,7250.0,77800
2026-02-12 04:45:00,7250.0,7275.0,7250.0,7250.0,40800
2026-02-12 04:50:00,7250.0,7275.0,7250.0,7250.0,74100
2026-02-12 04:55:00,7250.0,7275.0,7250.0,7275.0,57300
2026-02-12 06:30:00,7275.0,7275.0,7250.0,7250.0,77000
2026-02-12 06:35:00,7250.0,7275.0,7250.0,7275.0,10000
2026-02-12 06:40:00,7250.0,7275.0,7250.0,7275.0,55200
2026-02-12 06:45:00,7275.0,7275.0,7250.0,7275.0,24700
2026-02-12 06:50:00,7250.0,7275.0,7250.0,7250.0,10700
2026-02-12 06:55:00,7250.0,7275.0,7250.0,7250.0,15300
2026-02-12 07:00:00,7250.0,7275.0,7250.0,7250.0,17400
2026-02-12 07:05:00,7250.0,7275.0,7250.0,7250.0,13900
2026-02-12 07:10:00,7275.0,7275.0,7250.0,7275.0,18700
2026-02-12 07:15:00,7250.0,7275.0,7250.0,7250.0,14200
2026-02-12 07:20:00,7250.0,7275.0,7250.0,7250.0,17500
2026-02-12 07:25:00,7275.0,7275.0,7250.0,7275.0,13000
2026-02-12 07:30:00,7250.0,7275.0,7250.0,7250.0,28800
2026-02-12 07:35:00,7275.0,7275.0,7250.0,7250.0,41100
2026-02-12 07:40:00,7300.0,7300.0,7250.0,7275.0,142000
2026-02-12 07:45:00,7275.0,7300.0,7275.0,7275.0,42800
2026-02-12 07:50:00,7275.0,7300.0,7275.0,7275.0,101500
2026-02-12 07:55:00,7275.0,7300.0,7275.0,7275.0,115600
2026-02-12 08:00:00,7275.0,7300.0,7275.0,7300.0,22300
2026-02-12 08:05:00,7275.0,7300.0,7275.0,7275.0,13900
2026-02-12 08:10:00,7275.0,7300.0,7275.0,7275.0,28800
2026-02-12 08:15:00,7250.0,7300.0,7250.0,7275.0,490900
2026-02-12 08:20:00,7250.0,7275.0,7250.0,7250.0,17000
2026-02-12 08:25:00,7250.0,7275.0,7250.0,7250.0,61300
2026-02-12 08:30:00,7250.0,7275.0,7250.0,7250.0,41600
2026-02-12 08:35:00,7250.0,7275.0,7250.0,7250.0,22500
2026-02-12 08:40:00,7250.0,7275.0,7250.0,7250.0,38400
2026-02-12 08:45:00,7275.0,7275.0,7250.0,7250.0,64500
2026-02-12 09:00:00,7225.0,7225.0,7225.0,7225.0,692200
2026-02-12 09:05:00,7225.0,7225.0,7225.0,7225.0,14500
2026-02-12 09:10:00,7225.0,7225.0,7225.0,7225.0,15900
2026-02-13 02:00:00,7200.0,7225.0,7175.0,7225.0,0
2026-02-13 02:05:00,7200.0,7200.0,7150.0,7175.0,115100
2026-02-13 02:10:00,7150.0,7175.0,7125.0,7175.0,260800
2026-02-13 02:15:00,7125.0,7150.0,7125.0,7150.0,40000
2026-02-13 02:20:00,7125.0,7150.0,7125.0,7150.0,203000
2026-02-13 02:25:00,7150.0,7175.0,7150.0,7150.0,25800
2026-02-13 02:30:00,7150.0,7150.0,7125.0,7150.0,47900
2026-02-13 02:35:00,7125.0,7150.0,7100.0,7125.0,283200
2026-02-13 02:40:00,7100.0,7125.0,7100.0,7100.0,19100
2026-02-13 02:45:00,7125.0,7125.0,7100.0,7100.0,78500
2026-02-13 02:50:00,7050.0,7100.0,7025.0,7100.0,1149600
2026-02-13 02:55:00,7075.0,7075.0,7025.0,7050.0,255100
2026-02-13 03:00:00,7050.0,7075.0,7050.0,7075.0,30800
2026-02-13 03:05:00,6975.0,7075.0,6975.0,7050.0,1716700
2026-02-13 03:10:00,7000.0,7025.0,6975.0,6975.0,166800
2026-02-13 03:15:00,7000.0,7000.0,6975.0,7000.0,126100
2026-02-13 03:20:00,7050.0,7050.0,7000.0,7000.0,61600
2026-02-13 03:25:00,7025.0,7075.0,7025.0,7075.0,216200
2026-02-13 03:30:00,7050.0,7050.0,7025.0,7050.0,28100
2026-02-13 03:35:00,7025.0,7050.0,7025.0,7025.0,43900
2026-02-13 03:40:00,7050.0,7050.0,7025.0,7050.0,192900
2026-02-13 03:45:00,7050.0,7050.0,7025.0,7050.0,48600
2026-02-13 03:50:00,7050.0,7050.0,7025.0,7025.0,55300
2026-02-13 03:55:00,7025.0,7050.0,7000.0,7025.0,248000
2026-02-13 04:00:00,7025.0,7050.0,7025.0,7025.0,40400
2026-02-13 04:05:00,7025.0,7050.0,7025.0,7025.0,20000
2026-02-13 04:10:00,7050.0,7075.0,7025.0,7050.0,146200
2026-02-13 04:15:00,7050.0,7050.0,7025.0,7050.0,11300
2026-02-13 04:20:00,7025.0,7050.0,7025.0,7050.0,34700
2026-02-13 04:25:00,7050.0,7050.0,7025.0,7025.0,20200
2026-02-13 07:00:00,7000.0,7050.0,7000.0,7050.0,542900
2026-02-13 07:05:00,7000.0,7025.0,7000.0,7000.0,38600
2026-02-13 07:10:00,7025.0,7050.0,7000.0,7000.0,321000
2026-02-13 07:15:00,7025.0,7050.0,7025.0,7050.0,24600
2026-02-13 07:20:00,7025.0,7050.0,7025.0,7025.0,29000
2026-02-13 07:25:00,7025.0,7050.0,7025.0,7025.0,275500
2026-02-13 07:30:00,7025.0,7025.0,7025.0,7025.0,46800
2026-02-13 07:35:00,7025.0,7050.0,7000.0,7025.0,81000
2026-02-13 07:40:00,7050.0,7050.0,7025.0,7025.0,46200
2026-02-13 07:45:00,7025.0,7050.0,7025.0,7050.0,145200
2026-02-13 07:50:00,7025.0,7050.0,7025.0,7025.0,30100
2026-02-13 07:55:00,7025.0,7050.0,7025.0,7025.0,66800
2026-02-13 08:00:00,7025.0,7050.0,7000.0,7025.0,213100
2026-02-13 08:05:00,6975.0,7025.0,6975.0,7000.0,187000
2026-02-13 08:10:00,6975.0,7000.0,6950.0,6975.0,823700
2026-02-13 08:15:00,7025.0,7025.0,6950.0,6950.0,253900
2026-02-13 08:20:00,7025.0,7050.0,7025.0,7050.0,76400
2026-02-13 08:25:00,7075.0,7075.0,7025.0,7025.0,780400
2026-02-13 08:30:00,7050.0,7075.0,7050.0,7075.0,322700
2026-02-13 08:35:00,7025.0,7075.0,7025.0,7050.0,304700
2026-02-13 08:40:00,7050.0,7075.0,7050.0,7050.0,236400
2026-02-13 08:45:00,7075.0,7075.0,7050.0,7050.0,127600
2026-02-13 09:00:00,7075.0,7075.0,7075.0,7075.0,677600
2026-02-13 09:05:00,7075.0,7075.0,7075.0,7075.0,8900
2026-02-13 09:10:00,7075.0,7075.0,7075.0,7075.0,900
2026-02-18 02:00:00,7150.0,7150.0,7050.0,7050.0,0
2026-02-18 02:05:00,7100.0,7150.0,7100.0,7150.0,91700
2026-02-18 02:10:00,7100.0,7100.0,7075.0,7100.0,51300
2026-02-18 02:15:00,7125.0,7150.0,7100.0,7100.0,101800
2026-02-18 02:20:00,7100.0,7150.0,7100.0,7125.0,164500
2026-02-18 02:25:00,7075.0,7125.0,7075.0,7100.0,96800
2026-02-18 02:30:00,7075.0,7100.0,7050.0,7075.0,105200
2026-02-18 02:35:00,7075.0,7075.0,7050.0,7075.0,9300
2026-02-18 02:40:00,7075.0,7075.0,7050.0,7075.0,62600
2026-02-18 02:45:00,7050.0,7075.0,7050.0,7050.0,42400
2026-02-18 02:50:00,7000.0,7075.0,7000.0,7050.0,406600
2026-02-18 02:55:00,7025.0,7025.0,7000.0,7025.0,92200
2026-02-18 03:00:00,6975.0,7000.0,6975.0,7000.0,1383400
2026-02-18 03:05:00,6975.0,7000.0,6975.0,7000.0,14200
2026-02-18 03:10:00,7000.0,7025.0,6975.0,6975.0,345700
2026-02-18 03:15:00,7000.0,7000.0,7000.0,7000.0,30500
2026-02-18 03:20:00,7000.0,7000.0,6975.0,6975.0,15500
2026-02-18 03:25:00,7000.0,7000.0,6975.0,6975.0,26100
2026-02-18 03:30:00,6975.0,7000.0,6975.0,6975.0,139900
2026-02-18 03:35:00,6975.0,7000.0,6975.0,6975.0,62000
2026-02-18 03:40:00,6975.0,7000.0,6950.0,6975.0,200200
2026-02-18 03:45:00,6975.0,6975.0,6950.0,6950.0,34900
2026-02-18 03:50:00,6950.0,6975.0,6950.0,6950.0,64000
2026-02-18 03:55:00,6950.0,6975.0,6950.0,6950.0,68400
2026-02-18 04:00:00,6975.0,6975.0,6950.0,6950.0,37500
2026-02-18 04:05:00,6950.0,6975.0,6950.0,6950.0,73600
2026-02-18 04:10:00,6925.0,6975.0,6925.0,6950.0,345100
2026-02-18 04:15:00,6900.0,6950.0,6900.0,6925.0,159100
2026-02-18 04:20:00,6925.0,6925.0,6900.0,6900.0,66300
2026-02-18 04:25:00,6900.0,6925.0,6900.0,6925.0,50300
2026-02-18 04:30:00,6975.0,6975.0,6925.0,6925.0,135500
2026-02-18 04:35:00,6975.0,6975.0,6950.0,6975.0,25800
2026-02-18 04:40:00,6975.0,6975.0,6950.0,6975.0,91000
2026-02-18 04:45:00,6975.0,6975.0,6950.0,6975.0,25400
2026-02-18 04:50:00,6950.0,6975.0,6950.0,6950.0,84800
2026-02-18 04:55:00,6950.0,6975.0,6950.0,6950.0,239800
2026-02-18 06:30:00,6975.0,6975.0,6950.0,6950.0,138400
2026-02-18 06:35:00,6975.0,6975.0,6950.0,6950.0,15100
2026-02-18 06:40:00,6950.0,6950.0,6950.0,6950.0,11700
2026-02-18 06:45:00,6925.0,6950.0,6925.0,6950.0,117100
2026-02-18 06:50:00,6925.0,6950.0,6925.0,6950.0,28100
2026-02-18 06:55:00,6925.0,6950.0,6925.0,6925.0,23100
2026-02-18 07:00:00,6925.0,6950.0,6925.0,6925.0,159100
2026-02-18 07:05:00,6925.0,6950.0,6900.0,6925.0,297000
2026-02-18 07:10:00,6900.0,6950.0,6900.0,6925.0,138600
2026-02-18 07:15:00,6925.0,6950.0,6900.0,6900.0,113100
2026-02-18 07:20:00,6925.0,6950.0,6925.0,6925.0,25300
2026-02-18 07:25:00,6925.0,6950.0,6925.0,6925.0,30700
2026-02-18 07:30:00,6925.0,6950.0,6900.0,6925.0,60700
2026-02-18 07:35:00,6900.0,6925.0,6900.0,6900.0,167100
2026-02-18 07:40:00,6900.0,6925.0,6900.0,6900.0,25800
2026-02-18 07:45:00,6900.0,6925.0,6900.0,6900.0,135000
2026-02-18 07:50:00,6900.0,6925.0,6900.0,6900.0,134400
2026-02-18 07:55:00,6875.0,6925.0,6875.0,6900.0,234500
2026-02-18 08:00:00,6900.0,6900.0,6875.0,6875.0,282800
2026-02-18 08:05:00,6925.0,6925.0,6850.0,6900.0,453400
2026-02-18 08:10:00,6900.0,6925.0,6900.0,6925.0,8400
2026-02-18 08:15:00,6900.0,6925.0,6900.0,6900.0,21600
2026-02-18 08:20:00,6900.0,6925.0,6900.0,6900.0,65700
2026-02-18 08:25:00,6900.0,6925.0,6900.0,6900.0,53500
2026-02-18 08:30:00,6900.0,6925.0,6900.0,6900.0,120300
2026-02-18 08:35:00,6875.0,6925.0,6875.0,6925.0,353400
2026-02-18 08:40:00,6925.0,6950.0,6875.0,6875.0,629600
2026-02-18 08:45:00,6900.0,6950.0,6900.0,6925.0,94100
2026-02-18 09:00:00,6900.0,6900.0,6900.0,6900.0,604200
2026-02-18 09:05:00,6900.0,6900.0,6900.0,6900.0,4400
2026-02-19 02:00:00,6950.0,6975.0,6925.0,6975.0,0
2026-02-19 02:05:00,6950.0,6975.0,6925.0,6950.0,54600
2026-02-19 02:10:00,6950.0,6950.0,6925.0,6950.0,36200
2026-02-19 02:15:00,6950.0,6975.0,6950.0,6950.0,23700
2026-02-19 02:20:00,6975.0,6975.0,6950.0,6950.0,18700
2026-02-19 02:25:00,6975.0,6975.0,6950.0,6975.0,19000
2026-02-19 02:30:00,6950.0,6975.0,6950.0,6975.0,44400
2026-02-19 02:35:00,6950.0,6950.0,6925.0,6950.0,10900
2026-02-19 02:40:00,6950.0,6950.0,6925.0,6950.0,23400
2026-02-19 02:45:00,6975.0,6975.0,6925.0,6950.0,47300
2026-02-19 02:50:00,6950.0,6975.0,6950.0,6950.0,44000
2026-02-19 02:55:00,6950.0,6950.0,6925.0,6950.0,14200
2026-02-19 03:00:00,6975.0,6975.0,6925.0,6950.0,66100
2026-02-19 03:05:00,6975.0,6975.0,6950.0,6975.0,26600
2026-02-19 03:10:00,6975.0,6975.0,6950.0,6975.0,10300
2026-02-19 03:15:00,6975.0,6975.0,6950.0,6975.0,28600
2026-02-19 03:20:00,6925.0,6975.0,6925.0,6975.0,68100
2026-02-19 03:25:00,6925.0,6950.0,6900.0,6950.0,152800
2026-02-19 03:30:00,6925.0,6925.0,6900.0,6925.0,11800
2026-02-19 03:35:00,6925.0,6925.0,6925.0,6925.0,17600
2026-02-19 03:40:00,6925.0,6925.0,6900.0,6900.0,9400
2026-02-19 03:45:00,6925.0,6925.0,6900.0,6925.0,21300
2026-02-19 03:50:00,6900.0,6925.0,6900.0,6925.0,41600
2026-02-19 03:55:00,6925.0,6925.0,6925.0,6925.0,26900
2026-02-19 04:00:00,6900.0,6900.0,6875.0,6900.0,507700
2026-02-19 04:05:00,6925.0,6925.0,6900.0,6900.0,0
2026-02-19 04:10:00,6925.0,6925.0,6900.0,6900.0,17100
2026-02-19 04:15:00,6925.0,6925.0,6900.0,6900.0,33900
2026-02-19 04:20:00,6925.0,6925.0,6900.0,6925.0,67700
2026-02-19 04:25:00,6925.0,6925.0,6900.0,6925.0,16300
2026-02-19 04:30:00,6925.0,6925.0,6900.0,6900.0,12400
2026-02-19 04:35:00,6925.0,6925.0,6900.0,6925.0,9400
2026-02-19 04:40:00,6925.0,6925.0,6900.0,6900.0,38400
2026-02-19 04:45:00,6900.0,6925.0,6900.0,6925.0,14200
2026-02-19 04:50:00,6925.0,6925.0,6900.0,6900.0,11800
2026-02-19 04:55:00,6900.0,6925.0,6900.0,6900.0,28600
2026-02-19 06:30:00,6950.0,6950.0,6900.0,6900.0,121300
2026-02-19 06:35:00,6900.0,6950.0,6900.0,6950.0,38400
2026-02-19 06:40:00,6925.0,6925.0,6900.0,6900.0,22800
2026-02-19 06:45:00,6900.0,6925.0,6900.0,6900.0,31600
2026-02-19 06:50:00,6925.0,6925.0,6900.0,6925.0,11600
2026-02-19 06:55:00,6925.0,6925.0,6900.0,6900.0,16400
2026-02-19 07:00:00,6900.0,6925.0,6900.0,6925.0,30500
2026-02-19 07:05:00,6900.0,6925.0,6900.0,6925.0,20100
2026-02-19 07:10:00,6925.0,6925.0,6900.0,6925.0,67000
2026-02-19 07:15:00,6925.0,6925.0,6900.0,6925.0,17100
2026-02-19 07:20:00,6900.0,6925.0,6900.0,6900.0,35500
2026-02-19 07:25:00,6900.0,6925.0,6900.0,6925.0,131100
2026-02-19 07:30:00,6925.0,6925.0,6900.0,6900.0,31900
2026-02-19 07:35:00,6900.0,6925.0,6875.0,6900.0,85500
2026-02-19 07:40:00,6900.0,6925.0,6900.0,6900.0,14000
2026-02-19 07:45:00,6875.0,6925.0,6875.0,6900.0,185000
2026-02-19 07:50:00,6900.0,6900.0,6875.0,6875.0,41700
2026-02-19 07:55:00,6875.0,6900.0,6875.0,6900.0,343000
2026-02-19 08:00:00,6850.0,6875.0,6850.0,6850.0,667200
2026-02-19 08:05:00,6875.0,6875.0,6850.0,6850.0,429900
2026-02-19 08:10:00,6875.0,6875.0,6850.0,6875.0,129800
2026-02-19 08:15:00,6850.0,6875.0,6850.0,6875.0,101300
2026-02-19 08:20:00,6850.0,6875.0,6850.0,6875.0,36200
2026-02-19 08:25:00,6875.0,6875.0,6850.0,6875.0,37600
2026-02-19 08:30:00,6875.0,6875.0,6850.0,6850.0,81900
2026-02-19 08:35:00,6850.0,6875.0,6850.0,6875.0,45800
2026-02-19 08:40:00,6825.0,6875.0,6800.0,6850.0,1019400
2026-02-19 08:45:00,6825.0,6825.0,6800.0,6800.0,400100
2026-02-19 09:00:00,6775.0,6775.0,6775.0,6775.0,1199100
2026-02-19 09:05:00,6775.0,6775.0,6775.0,6775.0,38700
2026-02-19 09:10:00,6775.0,6775.0,6775.0,6775.0,3900
2026-02-20 02:00:00,6750.0,6775.0,6700.0,6775.0,0
2026-02-20 02:05:00,6675.0,6750.0,6650.0,6725.0,614700
2026-02-20 02:10:00,6700.0,6700.0,6650.0,6650.0,210200
2026-02-20 02:15:00,6650.0,6700.0,6650.0,6700.0,251600
2026-02-20 02:20:00,6675.0,6675.0,6650.0,6675.0,84000
2026-02-20 02:25:00,6675.0,6675.0,6650.0,6650.0,65200
2026-02-20 02:30:00,6700.0,6700.0,6650.0,6675.0,229500
2026-02-20 02:35:00,6725.0,6725.0,6675.0,6700.0,130000
2026-02-20 02:40:00,6725.0,6725.0,6700.0,6700.0,25200
2026-02-20 02:45:00,6725.0,6725.0,6700.0,6725.0,71500
2026-02-20 02:50:00,6750.0,6750.0,6700.0,6700.0,33200
2026-02-20 02:55:00,6725.0,6750.0,6700.0,6750.0,52300
2026-02-20 03:00:00,6700.0,6725.0,6700.0,6700.0,89300
2026-02-20 03:05:00,6700.0,6725.0,6675.0,6700.0,145100
2026-02-20 03:10:00,6700.0,6725.0,6700.0,6700.0,28700
2026-02-20 03:15:00,6700.0,6725.0,6700.0,6725.0,54500
2026-02-20 03:20:00,6675.0,6725.0,6675.0,6725.0,84200
2026-02-20 03:25:00,6675.0,6700.0,6675.0,6675.0,30700
2026-02-20 03:30:00,6725.0,6725.0,6675.0,6700.0,72700
2026-02-20 03:35:00,6700.0,6725.0,6700.0,6700.0,31800
2026-02-20 03:40:00,6675.0,6700.0,6675.0,6700.0,55900
2026-02-20 03:45:00,6675.0,6700.0,6675.0,6675.0,37400
2026-02-20 03:50:00,6700.0,6725.0,6675.0,6700.0,57600
2026-02-20 03:55:00,6700.0,6725.0,6700.0,6700.0,73800
2026-02-20 04:00:00,6700.0,6725.0,6700.0,6700.0,36800
2026-02-20 04:05:00,6725.0,6725.0,6700.0,6725.0,49700
2026-02-20 04:10:00,6700.0,6725.0,6700.0,6700.0,32500
2026-02-20 04:15:00,6700.0,6725.0,6700.0,6700.0,28700
2026-02-20 04:20:00,6700.0,6725.0,6700.0,6700.0,77700
2026-02-20 04:25:00,6725.0,6725.0,6675.0,6700.0,79100
2026-02-20 07:00:00,6750.0,6800.0,6725.0,6725.0,554600
2026-02-20 07:05:00,6750.0,6775.0,6750.0,6750.0,50200
2026-02-20 07:10:00,6725.0,6750.0,6725.0,6750.0,96100
2026-02-20 07:15:00,6725.0,6750.0,6700.0,6725.0,44900
2026-02-20 07:20:00,6700.0,6750.0,6700.0,6725.0,71400
2026-02-20 07:25:00,6725.0,6725.0,6700.0,6725.0,27900
2026-02-20 07:30:00,6725.0,6725.0,6700.0,6700.0,37000
2026-02-20 07:35:00,6700.0,6725.0,6700.0,6725.0,38400
2026-02-20 07:40:00,6700.0,6725.0,6700.0,6700.0,45700
2026-02-20 07:45:00,6700.0,6725.0,6700.0,6725.0,38800
2026-02-20 07:50:00,6700.0,6725.0,6700.0,6700.0,66100
2026-02-20 07:55:00,6725.0,6725.0,6700.0,6725.0,36000
2026-02-20 08:00:00,6700.0,6725.0,6700.0,6725.0,58900
2026-02-20 08:05:00,6750.0,6750.0,6700.0,6725.0,48800
2026-02-20 08:10:00,6725.0,6750.0,6725.0,6750.0,41500
2026-02-20 08:15:00,6725.0,6750.0,6725.0,6750.0,36700
2026-02-20 08:20:00,6750.0,6750.0,6725.0,6750.0,42500
2026-02-20 08:25:00,6725.0,6750.0,6725.0,6725.0,37600
2026-02-20 08:30:00,6700.0,6750.0,6700.0,6725.0,61200
2026-02-20 08:35:00,6700.0,6725.0,6700.0,6725.0,74400
2026-02-20 08:40:00,6750.0,6750.0,6700.0,6725.0,193900
2026-02-20 08:45:00,6725.0,6750.0,6725.0,6750.0,94800
2026-02-20 09:00:00,6725.0,6725.0,6725.0,6725.0,216400
2026-02-20 09:05:00,6725.0,6725.0,6725.0,6725.0,12300
2026-02-20 09:10:00,6725.0,6725.0,6725.0,6725.0,100
2026-02-23 02:00:00,6950.0,6975.0,6775.0,6775.0,0
2026-02-23 02:05:00,6925.0,6975.0,6900.0,6925.0,226500
2026-02-23 02:10:00,6950.0,6950.0,6925.0,6925.0,62100
2026-02-23 02:15:00,6875.0,6950.0,6875.0,6950.0,239800
2026-02-23 02:20:00,7000.0,7000.0,6900.0,6900.0,573500
2026-02-23 02:25:00,7050.0,7075.0,6975.0,6975.0,766000
2026-02-23 02:30:00,7050.0,7075.0,7025.0,7050.0,212300
2026-02-23 02:35:00,7100.0,7100.0,7075.0,7075.0,626200
2026-02-23 02:40:00,7075.0,7100.0,7075.0,7075.0,229900
2026-02-23 02:45:00,7175.0,7175.0,7075.0,7075.0,779700
2026-02-23 02:50:00,7175.0,7200.0,7150.0,7175.0,265800
2026-02-23 02:55:00,7200.0,7225.0,7175.0,7175.0,555900
2026-02-23 03:00:00,7200.0,7225.0,7200.0,7200.0,275300
2026-02-23 03:05:00,7225.0,7250.0,7200.0,7225.0,198500
2026-02-23 03:10:00,7200.0,7225.0,7200.0,7200.0,246100
2026-02-23 03:15:00,7175.0,7200.0,7175.0,7175.0,326200
2026-02-23 03:20:00,7200.0,7200.0,7175.0,7200.0,60900
2026-02-23 03:25:00,7175.0,7200.0,7175.0,7175.0,107100
2026-02-23 03:30:00,7175.0,7200.0,7175.0,7175.0,59100
2026-02-23 03:35:00,7150.0,7175.0,7150.0,7175.0,106900
2026-02-23 03:40:00,7150.0,7175.0,7150.0,7150.0,116300
2026-02-23 03:45:00,7175.0,7175.0,7150.0,7150.0,73400
2026-02-23 03:50:00,7175.0,7175.0,7150.0,7150.0,23100
2026-02-23 03:55:00,7150.0,7175.0,7150.0,7175.0,17600
2026-02-23 04:00:00,7150.0,7175.0,7150.0,7175.0,173800
2026-02-23 04:05:00,7150.0,7175.0,7150.0,7150.0,94200
2026-02-23 04:10:00,7150.0,7175.0,7150.0,7150.0,81800
2026-02-23 04:15:00,7150.0,7175.0,7150.0,7150.0,26300
2026-02-23 04:20:00,7175.0,7175.0,7150.0,7175.0,9200
2026-02-23 04:25:00,7175.0,7175.0,7150.0,7175.0,28500
2026-02-23 04:30:00,7175.0,7175.0,7150.0,7175.0,26300
2026-02-23 04:35:00,7150.0,7175.0,7150.0,7175.0,20200
2026-02-23 04:40:00,7150.0,7175.0,7150.0,7175.0,12000
2026-02-23 04:45:00,7175.0,7175.0,7150.0,7175.0,27700
2026-02-23 04:50:00,7150.0,7175.0,7150.0,7175.0,42000
2026-02-23 04:55:00,7150.0,7175.0,7150.0,7175.0,123500
2026-02-23 06:30:00,7175.0,7175.0,7150.0,7150.0,91000
2026-02-23 06:35:00,7200.0,7200.0,7175.0,7175.0,60400
2026-02-23 06:40:00,7200.0,7200.0,7175.0,7200.0,72900
2026-02-23 06:45:00,7200.0,7200.0,7175.0,7200.0,56600
2026-02-23 06:50:00,7200.0,7200.0,7175.0,7200.0,49800
2026-02-23 06:55:00,7200.0,7200.0,7175.0,7200.0,36000
2026-02-23 07:00:00,7175.0,7175.0,7150.0,7175.0,441200
2026-02-23 07:05:00,7150.0,7175.0,7125.0,7150.0,161900
2026-02-23 07:10:00,7125.0,7175.0,7125.0,7150.0,50100
2026-02-23 07:15:00,7150.0,7150.0,7125.0,7125.0,3700
2026-02-23 07:20:00,7150.0,7150.0,7125.0,7150.0,17800
2026-02-23 07:25:00,7150.0,7150.0,7125.0,7150.0,86200
2026-02-23 07:30:00,7175.0,7175.0,7125.0,7150.0,78700
2026-02-23 07:35:00,7175.0,7175.0,7150.0,7175.0,19800
2026-02-23 07:40:00,7150.0,7175.0,7150.0,7175.0,58900
2026-02-23 07:45:00,7175.0,7175.0,7150.0,7175.0,13300
2026-02-23 07:50:00,7125.0,7175.0,7125.0,7150.0,145200
2026-02-23 07:55:00,7150.0,7150.0,7125.0,7125.0,40700
2026-02-23 08:00:00,7150.0,7150.0,7125.0,7150.0,37400
2026-02-23 08:05:00,7125.0,7150.0,7125.0,7150.0,81600
2026-02-23 08:10:00,7150.0,7150.0,7125.0,7125.0,56000
2026-02-23 08:15:00,7150.0,7150.0,7125.0,7125.0,246100
2026-02-23 08:20:00,7150.0,7150.0,7125.0,7150.0,67600
2026-02-23 08:25:00,7150.0,7150.0,7125.0,7125.0,49300
2026-02-23 08:30:00,7075.0,7150.0,7075.0,7150.0,935800
2026-02-23 08:35:00,7100.0,7100.0,7075.0,7075.0,30600
2026-02-23 08:40:00,7075.0,7100.0,7075.0,7075.0,216100
2026-02-23 08:45:00,7100.0,7125.0,7050.0,7100.0,511700
2026-02-23 09:00:00,7150.0,7150.0,7150.0,7150.0,703700
2026-02-23 09:05:00,7150.0,7150.0,7150.0,7150.0,9000
2026-02-23 09:10:00,7150.0,7150.0,7150.0,7150.0,12900
2026-02-24 02:00:00,7250.0,7275.0,7200.0,7200.0,0
2026-02-24 02:05:00,7250.0,7250.0,7225.0,7250.0,172100
2026-02-24 02:10:00,7200.0,7250.0,7200.0,7250.0,551500
2026-02-24 02:15:00,7200.0,7200.0,7175.0,7175.0,133000
2026-02-24 02:20:00,7200.0,7200.0,7175.0,7175.0,101000
2026-02-24 02:25:00,7150.0,7200.0,7150.0,7200.0,271100
2026-02-24 02:30:00,7150.0,7175.0,7150.0,7150.0,173200
2026-02-24 02:35:00,7125.0,7175.0,7100.0,7175.0,629900
2026-02-24 02:40:00,7125.0,7125.0,7100.0,7125.0,152100
2026-02-24 02:45:00,7125.0,7125.0,7100.0,7100.0,25800
2026-02-24 02:50:00,7125.0,7125.0,7100.0,7125.0,45000
2026-02-24 02:55:00,7125.0,7125.0,7100.0,7125.0,25000
2026-02-24 03:00:00,7100.0,7125.0,7100.0,7125.0,111700
2026-02-24 03:05:00,7150.0,7150.0,7100.0,7125.0,67100
2026-02-24 03:10:00,7125.0,7125.0,7100.0,7125.0,114700
2026-02-24 03:15:00,7125.0,7125.0,7100.0,7125.0,36900
2026-02-24 03:20:00,7100.0,7125.0,7100.0,7125.0,40800
2026-02-24 03:25:00,7125.0,7125.0,7100.0,7100.0,45400
2026-02-24 03:30:00,7125.0,7125.0,7100.0,7125.0,38000
2026-02-24 03:35:00,7125.0,7125.0,7100.0,7125.0,8600
2026-02-24 03:40:00,7125.0,7125.0,7100.0,7125.0,13100
2026-02-24 03:45:00,7125.0,7125.0,7100.0,7125.0,23800
2026-02-24 03:50:00,7125.0,7125.0,7100.0,7125.0,15300
2026-02-24 03:55:00,7125.0,7125.0,7100.0,7125.0,25800
2026-02-24 04:00:00,7150.0,7150.0,7100.0,7100.0,65200
2026-02-24 04:05:00,7150.0,7150.0,7125.0,7150.0,26400
2026-02-24 04:10:00,7150.0,7150.0,7125.0,7125.0,40300
2026-02-24 04:15:00,7150.0,7150.0,7125.0,7150.0,21300
2026-02-24 04:20:00,7150.0,7150.0,7125.0,7125.0,14000
2026-02-24 04:25:00,7150.0,7150.0,7150.0,7150.0,16600
2026-02-24 04:30:00,7150.0,7150.0,7125.0,7150.0,21300
2026-02-24 04:35:00,7150.0,7150.0,7125.0,7150.0,18400
2026-02-24 04:40:00,7100.0,7150.0,7100.0,7150.0,132800
2026-02-24 04:45:00,7125.0,7125.0,7100.0,7125.0,15200
2026-02-24 04:50:00,7150.0,7150.0,7100.0,7125.0,45600
2026-02-24 04:55:00,7150.0,7150.0,7125.0,7150.0,6100
2026-02-24 06:30:00,7150.0,7150.0,7125.0,7125.0,32500
2026-02-24 06:35:00,7150.0,7150.0,7125.0,7150.0,26400
2026-02-24 06:40:00,7150.0,7150.0,7150.0,7150.0,33200
2026-02-24 06:45:00,7100.0,7150.0,7100.0,7125.0,76300
2026-02-24 06:50:00,7075.0,7100.0,7075.0,7100.0,130700
2026-02-24 06:55:00,7100.0,7100.0,7075.0,7075.0,19200
2026-02-24 07:00:00,7100.0,7100.0,7075.0,7100.0,64200
2026-02-24 07:05:00,7100.0,7100.0,7075.0,7100.0,20500
2026-02-24 07:10:00,7100.0,7100.0,7075.0,7100.0,35700
2026-02-24 07:15:00,7025.0,7100.0,7025.0,7100.0,712500
2026-02-24 07:20:00,7000.0,7050.0,7000.0,7025.0,298400
2026-02-24 07:25:00,7075.0,7075.0,7000.0,7000.0,147800
2026-02-24 07:30:00,7075.0,7075.0,7050.0,7050.0,32500
2026-02-24 07:35:00,7075.0,7075.0,7050.0,7075.0,22400
2026-02-24 07:40:00,7050.0,7075.0,7050.0,7075.0,31600
2026-02-24 07:45:00,7100.0,7100.0,7050.0,7075.0,106000
2026-02-24 07:50:00,7075.0,7100.0,7075.0,7100.0,99800
2026-02-24 07:55:00,7075.0,7075.0,7050.0,7075.0,46400
2026-02-24 08:00:00,7050.0,7075.0,7050.0,7075.0,26700
2026-02-24 08:05:00,7075.0,7075.0,7050.0,7075.0,42900
2026-02-24 08:10:00,7050.0,7075.0,7050.0,7075.0,53300
2026-02-24 08:15:00,7075.0,7075.0,7050.0,7050.0,37800
2026-02-24 08:20:00,7050.0,7075.0,7050.0,7075.0,60300
2026-02-24 08:25:00,7075.0,7075.0,7050.0,7075.0,52100
2026-02-24 08:30:00,7075.0,7075.0,7050.0,7075.0,92100
2026-02-24 08:35:00,7075.0,7075.0,7050.0,7075.0,70300
2026-02-24 08:40:00,7050.0,7075.0,7025.0,7075.0,204800
2026-02-24 08:45:00,7050.0,7075.0,7025.0,7025.0,186300
2026-02-24 09:00:00,7200.0,7200.0,7200.0,7200.0,2582900
2026-02-24 09:10:00,7200.0,7200.0,7200.0,7200.0,18300
2026-02-25 02:00:00,7125.0,7150.0,7100.0,7150.0,0
2026-02-25 02:05:00,7175.0,7200.0,7125.0,7125.0,182400
2026-02-25 02:10:00,7175.0,7175.0,7150.0,7175.0,28500
2026-02-25 02:15:00,7100.0,7175.0,7100.0,7175.0,91900
2026-02-25 02:20:00,7050.0,7125.0,7025.0,7100.0,125700
2026-02-25 02:25:00,7075.0,7075.0,7025.0,7050.0,181100
2026-02-25 02:30:00,7050.0,7100.0,7050.0,7075.0,43100
2026-02-25 02:35:00,7075.0,7075.0,7050.0,7075.0,19100
2026-02-25 02:40:00,7075.0,7075.0,7050.0,7075.0,21400
2026-02-25 02:45:00,7050.0,7075.0,7050.0,7075.0,89600
2026-02-25 02:50:00,7075.0,7075.0,7025.0,7025.0,111100
2026-02-25 02:55:00,7075.0,7075.0,7050.0,7075.0,4000
2026-02-25 03:00:00,7075.0,7075.0,7050.0,7075.0,23200
2026-02-25 03:05:00,7075.0,7075.0,7050.0,7075.0,18800
2026-02-25 03:10:00,7050.0,7075.0,7050.0,7075.0,57200
2026-02-25 03:15:00,7075.0,7075.0,7050.0,7050.0,9900
2026-02-25 03:20:00,7075.0,7075.0,7050.0,7075.0,5600
2026-02-25 03:25:00,7050.0,7075.0,7050.0,7075.0,9300
2026-02-25 03:30:00,7075.0,7075.0,7050.0,7075.0,7500
2026-02-25 03:35:00,7075.0,7100.0,7075.0,7075.0,57500
2026-02-25 03:40:00,7100.0,7100.0,7050.0,7075.0,4200
2026-02-25 03:45:00,7025.0,7100.0,7025.0,7100.0,105100
2026-02-25 03:50:00,7025.0,7075.0,7025.0,7025.0,36600
2026-02-25 03:55:00,7025.0,7050.0,7025.0,7025.0,9900
2026-02-25 04:00:00,7025.0,7050.0,7025.0,7025.0,10000
2026-02-25 04:05:00,7050.0,7050.0,7025.0,7025.0,18300
2026-02-25 04:10:00,7050.0,7050.0,7025.0,7025.0,10400
2026-02-25 04:15:00,7050.0,7050.0,7025.0,7050.0,19700
2026-02-25 04:20:00,7050.0,7050.0,7025.0,7050.0,9300
2026-02-25 04:25:00,7075.0,7075.0,7025.0,7025.0,95400
2026-02-25 04:30:00,7050.0,7075.0,7025.0,7075.0,102900
2026-02-25 04:35:00,7075.0,7075.0,7050.0,7050.0,17900
2026-02-25 04:40:00,7075.0,7075.0,7050.0,7050.0,3200
2026-02-25 04:45:00,7050.0,7075.0,7050.0,7075.0,10700
2026-02-25 04:50:00,7075.0,7075.0,7050.0,7050.0,7100
2026-02-25 04:55:00,7075.0,7075.0,7075.0,7075.0,3500
2026-02-25 06:30:00,7050.0,7075.0,7050.0,7075.0,25700
2026-02-25 06:35:00,7075.0,7075.0,7050.0,7075.0,8800
2026-02-25 06:40:00,7075.0,7075.0,7050.0,7075.0,42500
2026-02-25 06:45:00,7100.0,7100.0,7050.0,7075.0,102600
2026-02-25 06:50:00,7100.0,7100.0,7075.0,7100.0,8200
2026-02-25 06:55:00,7050.0,7100.0,7050.0,7075.0,106300
2026-02-25 07:00:00,7075.0,7075.0,7050.0,7075.0,36700
2026-02-25 07:05:00,7075.0,7075.0,7050.0,7075.0,55900
2026-02-25 07:10:00,7075.0,7075.0,7050.0,7075.0,9600
2026-02-25 07:15:00,7050.0,7075.0,7050.0,7050.0,8200
2026-02-25 07:20:00,7075.0,7075.0,7050.0,7075.0,11900
2026-02-25 07:25:00,7050.0,7075.0,7050.0,7050.0,169300
2026-02-25 07:30:00,7000.0,7050.0,7000.0,7025.0,315000
2026-02-25 07:35:00,7025.0,7025.0,7000.0,7025.0,15400
2026-02-25 07:40:00,7025.0,7025.0,7000.0,7025.0,16000
2026-02-25 07:45:00,7025.0,7025.0,7000.0,7000.0,32100
2026-02-25 07:50:00,7000.0,7025.0,7000.0,7025.0,109000
2026-02-25 07:55:00,7050.0,7050.0,7000.0,7025.0,279600
2026-02-25 08:00:00,7050.0,7050.0,7025.0,7050.0,15200
2026-02-25 08:05:00,7025.0,7050.0,7025.0,7050.0,51900
2026-02-25 08:10:00,7025.0,7050.0,7025.0,7025.0,73700
2026-02-25 08:15:00,7050.0,7050.0,7025.0,7050.0,18000
2026-02-25 08:20:00,7000.0,7050.0,7000.0,7025.0,168400
2026-02-25 08:25:00,7025.0,7025.0,7000.0,7000.0,63500
2026-02-25 08:30:00,7025.0,7025.0,7000.0,7025.0,73900
2026-02-25 08:35:00,6975.0,7025.0,6975.0,7000.0,314500
2026-02-25 08:40:00,7025.0,7025.0,6975.0,7000.0,222800
2026-02-25 08:45:00,7025.0,7050.0,7000.0,7025.0,192700
2026-02-25 09:00:00,6925.0,6925.0,6925.0,6925.0,1439000
2026-02-25 09:05:00,6925.0,6925.0,6925.0,6925.0,17700
2026-02-25 09:10:00,6925.0,6925.0,6925.0,6925.0,0
2026-02-26 02:00:00,7050.0,7050.0,6975.0,6975.0,0
2026-02-26 02:05:00,7025.0,7050.0,7000.0,7025.0,78300
2026-02-26 02:10:00,7075.0,7075.0,7000.0,7000.0,194900
2026-02-26 02:15:00,7050.0,7075.0,7025.0,7050.0,170200
2026-02-26 02:20:00,7050.0,7075.0,7025.0,7050.0,54100
2026-02-26 02:25:00,7000.0,7050.0,7000.0,7050.0,70000
2026-02-26 02:30:00,7050.0,7050.0,7000.0,7000.0,52500
2026-02-26 02:35:00,7025.0,7050.0,7025.0,7050.0,43900
2026-02-26 02:40:00,7025.0,7050.0,7025.0,7050.0,22800
2026-02-26 02:45:00,7025.0,7025.0,7000.0,7025.0,16600
2026-02-26 02:50:00,7050.0,7050.0,7000.0,7000.0,22900
2026-02-26 02:55:00,7050.0,7050.0,7025.0,7050.0,28500
2026-02-26 03:00:00,7075.0,7075.0,7025.0,7050.0,55200
2026-02-26 03:05:00,7075.0,7075.0,7050.0,7075.0,65000
2026-02-26 03:10:00,7100.0,7100.0,7050.0,7075.0,324500
2026-02-26 03:15:00,7100.0,7100.0,7075.0,7100.0,37000
2026-02-26 03:20:00,7000.0,7100.0,7000.0,7100.0,191900
2026-02-26 03:25:00,7000.0,7025.0,7000.0,7000.0,158300
2026-02-26 03:30:00,6975.0,7000.0,6975.0,6975.0,32200
2026-02-26 03:35:00,7000.0,7025.0,6975.0,7000.0,146800
2026-02-26 03:40:00,7050.0,7050.0,7000.0,7025.0,47200
2026-02-26 03:45:00,7000.0,7050.0,7000.0,7050.0,93800
2026-02-26 03:50:00,7025.0,7025.0,7000.0,7025.0,27000
2026-02-26 03:55:00,7000.0,7025.0,7000.0,7000.0,46600
2026-02-26 04:00:00,7000.0,7025.0,6975.0,7000.0,60600
2026-02-26 04:05:00,7025.0,7025.0,7000.0,7025.0,18300
2026-02-26 04:10:00,7025.0,7025.0,7000.0,7025.0,20300
2026-02-26 04:15:00,7000.0,7025.0,7000.0,7025.0,17000
2026-02-26 04:20:00,7025.0,7025.0,7000.0,7025.0,15100
2026-02-26 04:25:00,7025.0,7025.0,7000.0,7025.0,20500
2026-02-26 04:30:00,7025.0,7025.0,7000.0,7025.0,12400
2026-02-26 04:35:00,7000.0,7025.0,7000.0,7025.0,16600
2026-02-26 04:40:00,7000.0,7025.0,7000.0,7000.0,12500
2026-02-26 04:45:00,7025.0,7025.0,6975.0,7000.0,33700
2026-02-26 04:50:00,7000.0,7025.0,7000.0,7025.0,9700
2026-02-26 04:55:00,7000.0,7025.0,7000.0,7000.0,6700
2026-02-26 06:30:00,6950.0,7025.0,6925.0,7000.0,359000
2026-02-26 06:35:00,6950.0,6975.0,6925.0,6950.0,141600
2026-02-26 06:40:00,6925.0,6950.0,6900.0,6950.0,258700
2026-02-26 06:45:00,6950.0,6975.0,6925.0,6925.0,129300
2026-02-26 06:50:00,6975.0,6975.0,6950.0,6975.0,11500
2026-02-26 06:55:00,6975.0,6975.0,6950.0,6975.0,30500
2026-02-26 07:00:00,6925.0,7000.0,6925.0,6975.0,97200
2026-02-26 07:05:00,6925.0,6950.0,6900.0,6950.0,210700
2026-02-26 07:10:00,6950.0,6950.0,6925.0,6925.0,24900
2026-02-26 07:15:00,6950.0,6950.0,6925.0,6925.0,49100
2026-02-26 07:20:00,6900.0,6950.0,6900.0,6925.0,60900
2026-02-26 07:25:00,6875.0,6900.0,6875.0,6900.0,335500
2026-02-26 07:30:00,6950.0,6950.0,6875.0,6875.0,66000
2026-02-26 07:35:00,6950.0,6950.0,6925.0,6925.0,17500
2026-02-26 07:40:00,6950.0,6950.0,6925.0,6950.0,18100
2026-02-26 07:45:00,6925.0,7000.0,6925.0,6925.0,114800
2026-02-26 07:50:00,6975.0,6975.0,6925.0,6950.0,51900
2026-02-26 07:55:00,6900.0,6975.0,6900.0,6975.0,58300
2026-02-26 08:00:00,6950.0,6950.0,6900.0,6900.0,29800
2026-02-26 08:05:00,6950.0,6975.0,6925.0,6950.0,150100
2026-02-26 08:10:00,6950.0,6975.0,6925.0,6975.0,19100
2026-02-26 08:15:00,6975.0,6975.0,6925.0,6950.0,49900
2026-02-26 08:20:00,6975.0,6975.0,6950.0,6975.0,42300
2026-02-26 08:25:00,6975.0,7000.0,6925.0,6950.0,200100
2026-02-26 08:30:00,6975.0,6975.0,6950.0,6950.0,77500
2026-02-26 08:35:00,6925.0,6975.0,6900.0,6975.0,105100
2026-02-26 08:40:00,6900.0,6950.0,6900.0,6925.0,210900
2026-02-26 08:45:00,6925.0,6925.0,6875.0,6900.0,210700
2026-02-26 09:00:00,6950.0,6950.0,6950.0,6950.0,1746300
2026-02-26 09:05:00,6950.0,6950.0,6950.0,6950.0,8100
2026-02-27 02:00:00,6850.0,6925.0,6800.0,6900.0,0
2026-02-27 02:05:00,6775.0,6850.0,6750.0,6800.0,539700
2026-02-27 02:10:00,6775.0,6775.0,6750.0,6750.0,71500
2026-02-27 02:15:00,6800.0,6800.0,6750.0,6775.0,142600
2026-02-27 02:20:00,6800.0,6800.0,6775.0,6800.0,45900
2026-02-27 02:25:00,6825.0,6825.0,6775.0,6800.0,75700
2026-02-27 02:30:00,6825.0,6825.0,6800.0,6825.0,124500
2026-02-27 02:35:00,6800.0,6825.0,6800.0,6825.0,64400
2026-02-27 02:40:00,6775.0,6825.0,6775.0,6800.0,141900
2026-02-27 02:45:00,6800.0,6800.0,6775.0,6775.0,177300
2026-02-27 02:50:00,6750.0,6775.0,6750.0,6775.0,124700
2026-02-27 02:55:00,6775.0,6775.0,6750.0,6750.0,37600
2026-02-27 03:00:00,6775.0,6775.0,6750.0,6750.0,23500
2026-02-27 03:05:00,6775.0,6775.0,6750.0,6775.0,34600
2026-02-27 03:10:00,6750.0,6775.0,6750.0,6775.0,16200
2026-02-27 03:15:00,6750.0,6775.0,6750.0,6775.0,31300
2026-02-27 03:20:00,6800.0,6800.0,6750.0,6775.0,130600
2026-02-27 03:25:00,6800.0,6800.0,6775.0,6800.0,31300
2026-02-27 03:30:00,6800.0,6800.0,6800.0,6800.0,12400
2026-02-27 03:35:00,6800.0,6800.0,6775.0,6775.0,23500
2026-02-27 03:40:00,6800.0,6800.0,6775.0,6800.0,20300
2026-02-27 03:45:00,6825.0,6825.0,6775.0,6800.0,117700
2026-02-27 03:50:00,6825.0,6825.0,6800.0,6825.0,129800
2026-02-27 03:55:00,6825.0,6825.0,6800.0,6825.0,6300
2026-02-27 04:00:00,6800.0,6825.0,6800.0,6800.0,12300
2026-02-27 04:05:00,6825.0,6825.0,6800.0,6800.0,13900
2026-02-27 04:10:00,6800.0,6825.0,6800.0,6800.0,46200
2026-02-27 04:15:00,6775.0,6825.0,6775.0,6800.0,233500
2026-02-27 04:20:00,6825.0,6825.0,6775.0,6800.0,63000
2026-02-27 04:25:00,6875.0,6875.0,6825.0,6825.0,204700
2026-02-27 07:00:00,6850.0,6875.0,6850.0,6875.0,87800
2026-02-27 07:05:00,6850.0,6875.0,6850.0,6875.0,28700
2026-02-27 07:10:00,6850.0,6875.0,6825.0,6850.0,182800
2026-02-27 07:15:00,6825.0,6850.0,6825.0,6825.0,14900
2026-02-27 07:20:00,6850.0,6850.0,6825.0,6850.0,98100
2026-02-27 07:25:00,6850.0,6850.0,6825.0,6825.0,77000
2026-02-27 07:30:00,6850.0,6850.0,6825.0,6850.0,95700
2026-02-27 07:35:00,6850.0,6850.0,6825.0,6850.0,19200
2026-02-27 07:40:00,6850.0,6850.0,6825.0,6825.0,39100
2026-02-27 07:45:00,6850.0,6850.0,6825.0,6850.0,59000
2026-02-27 07:50:00,6850.0,6875.0,6850.0,6850.0,210100
2026-02-27 07:55:00,6850.0,6875.0,6850.0,6850.0,84800
2026-02-27 08:00:00,6850.0,6875.0,6825.0,6875.0,70200
2026-02-27 08:05:00,6850.0,6875.0,6825.0,6875.0,155300
2026-02-27 08:10:00,6850.0,6875.0,6850.0,6850.0,59700
2026-02-27 08:15:00,6825.0,6850.0,6825.0,6825.0,15600
2026-02-27 08:20:00,6850.0,6875.0,6825.0,6825.0,115300
2026-02-27 08:25:00,6850.0,6875.0,6850.0,6875.0,222700
2026-02-27 08:30:00,6900.0,6950.0,6850.0,6850.0,615600
2026-02-27 08:35:00,6900.0,6900.0,6875.0,6900.0,57800
2026-02-27 08:40:00,6900.0,6900.0,6875.0,6900.0,81900
2026-02-27 08:45:00,6875.0,6900.0,6850.0,6900.0,263900
2026-02-27 09:00:00,6700.0,6700.0,6700.0,6700.0,12993900
2026-02-27 09:05:00,6700.0,6700.0,6700.0,6700.0,1200
2026-02-27 09:10:00,6700.0,6700.0,6700.0,6700.0,800
2026-03-02 02:00:00,6475.0,6525.0,6425.0,6500.0,0
2026-03-02 02:05:00,6450.0,6525.0,6450.0,6500.0,308500
2026-03-02 02:10:00,6400.0,6475.0,6400.0,6450.0,725500
2026-03-02 02:15:00,6375.0,6400.0,6350.0,6400.0,634900
2026-03-02 02:20:00,6400.0,6400.0,6350.0,6350.0,51100
2026-03-02 02:25:00,6425.0,6450.0,6400.0,6400.0,62800
2026-03-02 02:30:00,6425.0,6450.0,6400.0,6425.0,191100
2026-03-02 02:35:00,6450.0,6450.0,6425.0,6425.0,136400
2026-03-02 02:40:00,6425.0,6450.0,6425.0,6450.0,26500
2026-03-02 02:45:00,6425.0,6450.0,6425.0,6450.0,87700
2026-03-02 02:50:00,6450.0,6450.0,6425.0,6450.0,48200
2026-03-02 02:55:00,6425.0,6450.0,6400.0,6450.0,76900
2026-03-02 03:00:00,6400.0,6425.0,6375.0,6425.0,161900
2026-03-02 03:05:00,6425.0,6425.0,6375.0,6400.0,48900
2026-03-02 03:10:00,6375.0,6425.0,6375.0,6425.0,118600
2026-03-02 03:15:00,6350.0,6400.0,6350.0,6375.0,174800
2026-03-02 03:20:00,6350.0,6375.0,6350.0,6375.0,43100
2026-03-02 03:25:00,6375.0,6375.0,6350.0,6350.0,57900
2026-03-02 03:30:00,6375.0,6375.0,6350.0,6375.0,75000
2026-03-02 03:35:00,6325.0,6375.0,6325.0,6350.0,206100
2026-03-02 03:40:00,6350.0,6350.0,6325.0,6325.0,75000
2026-03-02 03:45:00,6325.0,6350.0,6325.0,6350.0,58200
2026-03-02 03:50:00,6325.0,6350.0,6325.0,6350.0,26500
2026-03-02 03:55:00,6350.0,6350.0,6325.0,6325.0,22400
2026-03-02 04:00:00,6325.0,6350.0,6325.0,6325.0,35200
2026-03-02 04:05:00,6325.0,6350.0,6300.0,6325.0,414800
2026-03-02 04:10:00,6350.0,6350.0,6300.0,6350.0,56000
2026-03-02 04:15:00,6325.0,6350.0,6325.0,6350.0,51900
2026-03-02 04:20:00,6300.0,6350.0,6300.0,6350.0,91100
2026-03-02 04:25:00,6300.0,6325.0,6300.0,6300.0,21400
2026-03-02 04:30:00,6300.0,6325.0,6300.0,6300.0,18000
2026-03-02 04:35:00,6300.0,6325.0,6300.0,6325.0,50000
2026-03-02 04:40:00,6300.0,6325.0,6300.0,6300.0,31500
2026-03-02 04:45:00,6300.0,6325.0,6300.0,6325.0,80000
2026-03-02 04:50:00,6325.0,6325.0,6300.0,6300.0,25100
2026-03-02 04:55:00,6325.0,6325.0,6300.0,6325.0,34300
2026-03-02 06:30:00,6250.0,6325.0,6250.0,6325.0,637600
2026-03-02 06:35:00,6250.0,6275.0,6250.0,6250.0,100300
2026-03-02 06:40:00,6275.0,6275.0,6250.0,6250.0,123200
2026-03-02 06:45:00,6250.0,6275.0,6250.0,6275.0,198200
2026-03-02 06:50:00,6225.0,6275.0,6225.0,6250.0,613600
2026-03-02 06:55:00,6200.0,6250.0,6200.0,6225.0,264200
2026-03-02 07:00:00,6200.0,6225.0,6200.0,6225.0,219400
2026-03-02 07:05:00,6200.0,6225.0,6200.0,6200.0,104700
2026-03-02 07:10:00,6200.0,6225.0,6200.0,6200.0,69900
2026-03-02 07:15:00,6200.0,6225.0,6175.0,6200.0,302500
2026-03-02 07:20:00,6175.0,6200.0,6150.0,6175.0,214800
2026-03-02 07:25:00,6125.0,6175.0,6100.0,6150.0,307700
2026-03-02 07:30:00,6100.0,6125.0,6100.0,6125.0,164100
2026-03-02 07:35:00,6150.0,6175.0,6100.0,6100.0,261900
2026-03-02 07:40:00,6150.0,6200.0,6150.0,6175.0,52700
2026-03-02 07:45:00,6175.0,6175.0,6150.0,6150.0,48300
2026-03-02 07:50:00,6150.0,6175.0,6150.0,6150.0,104200
2026-03-02 07:55:00,6125.0,6150.0,6125.0,6150.0,74700
2026-03-02 08:00:00,6125.0,6150.0,6100.0,6125.0,136100
2026-03-02 08:05:00,6100.0,6125.0,6100.0,6125.0,104600
2026-03-02 08:10:00,6100.0,6125.0,6100.0,6100.0,81100
2026-03-02 08:15:00,6125.0,6125.0,6100.0,6100.0,82400
2026-03-02 08:20:00,6075.0,6125.0,6075.0,6125.0,141100
2026-03-02 08:25:00,6125.0,6125.0,6075.0,6075.0,203700
2026-03-02 08:30:00,6125.0,6125.0,6100.0,6125.0,62400
2026-03-02 08:35:00,6100.0,6125.0,6075.0,6100.0,139600
2026-03-02 08:40:00,6050.0,6100.0,6050.0,6075.0,193600
2026-03-02 08:45:00,6050.0,6075.0,6025.0,6075.0,332300
2026-03-02 09:00:00,5975.0,5975.0,5975.0,5975.0,1944900
2026-03-02 09:05:00,5975.0,5975.0,5975.0,5975.0,24600
2026-03-02 09:10:00,5975.0,5975.0,5975.0,5975.0,24600
2026-03-03 02:00:00,6050.0,6100.0,6000.0,6050.0,0
2026-03-03 02:05:00,6100.0,6125.0,6025.0,6050.0,363400
2026-03-03 02:10:00,6075.0,6125.0,6075.0,6100.0,313700
2026-03-03 02:15:00,6050.0,6100.0,6050.0,6100.0,274600
2026-03-03 02:20:00,6050.0,6075.0,6025.0,6050.0,203600
2026-03-03 02:25:00,6050.0,6050.0,6025.0,6050.0,132900
2026-03-03 02:30:00,6000.0,6050.0,6000.0,6050.0,288800
2026-03-03 02:35:00,6025.0,6025.0,6000.0,6000.0,33900
2026-03-03 02:40:00,5975.0,6025.0,5950.0,6025.0,487600
2026-03-03 02:45:00,6000.0,6000.0,5950.0,5975.0,94100
2026-03-03 02:50:00,6025.0,6025.0,6000.0,6000.0,15900
2026-03-03 02:55:00,6025.0,6025.0,6000.0,6025.0,7500
2026-03-03 03:00:00,6025.0,6025.0,6000.0,6025.0,12300
2026-03-03 03:05:00,6000.0,6025.0,5975.0,6025.0,161000
2026-03-03 03:10:00,6000.0,6000.0,5975.0,6000.0,16500
2026-03-03 03:15:00,6000.0,6050.0,6000.0,6000.0,134700
2026-03-03 03:20:00,6000.0,6025.0,5975.0,6025.0,136500
2026-03-03 03:25:00,6000.0,6000.0,5975.0,6000.0,56900
2026-03-03 03:30:00,6000.0,6000.0,5975.0,5975.0,23200
2026-03-03 03:35:00,5950.0,6000.0,5950.0,6000.0,238900
2026-03-03 03:40:00,5950.0,5975.0,5950.0,5950.0,45800
2026-03-03 03:45:00,5925.0,5950.0,5925.0,5950.0,142000
2026-03-03 03:50:00,5925.0,5950.0,5925.0,5925.0,23000
2026-03-03 03:55:00,5950.0,5950.0,5925.0,5950.0,15300
2026-03-03 04:00:00,5950.0,5950.0,5925.0,5950.0,59900
2026-03-03 04:05:00,5925.0,5950.0,5900.0,5950.0,142700
2026-03-03 04:10:00,5950.0,5950.0,5900.0,5925.0,97100
2026-03-03 04:15:00,5950.0,5950.0,5925.0,5950.0,30100
2026-03-03 04:20:00,5950.0,5950.0,5925.0,5950.0,10200
2026-03-03 04:25:00,6000.0,6050.0,5950.0,5950.0,287100
2026-03-03 04:30:00,6000.0,6025.0,5975.0,6000.0,166200
2026-03-03 04:35:00,5975.0,6000.0,5975.0,5975.0,128100
2026-03-03 04:40:00,5975.0,5975.0,5950.0,5975.0,94800
2026-03-03 04:45:00,5950.0,5975.0,5950.0,5975.0,30000
2026-03-03 04:50:00,5975.0,5975.0,5950.0,5975.0,6700
2026-03-03 04:55:00,5950.0,5975.0,5950.0,5975.0,135700
2026-03-03 06:30:00,5975.0,6050.0,5975.0,5975.0,424100
2026-03-03 06:35:00,5975.0,6000.0,5950.0,6000.0,138500
2026-03-03 06:40:00,5950.0,5975.0,5950.0,5975.0,120400
2026-03-03 06:45:00,5950.0,5975.0,5950.0,5975.0,121200
2026-03-03 06:50:00,5975.0,5975.0,5950.0,5950.0,125100
2026-03-03 06:55:00,5925.0,5975.0,5925.0,5950.0,125400
2026-03-03 07:00:00,5925.0,5950.0,5925.0,5925.0,52700
2026-03-03 07:05:00,5925.0,5950.0,5925.0,5925.0,23000
2026-03-03 07:10:00,5925.0,5950.0,5925.0,5925.0,48900
2026-03-03 07:15:00,5875.0,5925.0,5875.0,5925.0,577400
2026-03-03 07:20:00,5900.0,5900.0,5875.0,5900.0,88100
2026-03-03 07:25:00,5875.0,5900.0,5875.0,5875.0,13500
2026-03-03 07:30:00,5900.0,5900.0,5875.0,5875.0,16000
2026-03-03 07:35:00,5900.0,5925.0,5875.0,5875.0,220800
2026-03-03 07:40:00,5900.0,5925.0,5900.0,5925.0,18700
2026-03-03 07:45:00,5925.0,5925.0,5900.0,5900.0,189100
2026-03-03 07:50:00,5925.0,5925.0,5925.0,5925.0,22600
2026-03-03 07:55:00,5925.0,5950.0,5925.0,5950.0,25400
2026-03-03 08:00:00,5900.0,5950.0,5900.0,5925.0,99800
2026-03-03 08:05:00,5900.0,5925.0,5875.0,5900.0,195200
2026-03-03 08:10:00,5900.0,5925.0,5875.0,5900.0,188500
2026-03-03 08:15:00,5900.0,5925.0,5900.0,5900.0,56000
2026-03-03 08:20:00,5900.0,5925.0,5875.0,5900.0,130600
2026-03-03 08:25:00,5925.0,5950.0,5875.0,5900.0,317900
2026-03-03 08:30:00,5900.0,5925.0,5875.0,5925.0,113500
2026-03-03 08:35:00,5900.0,5925.0,5875.0,5900.0,386700
2026-03-03 08:40:00,5850.0,5875.0,5850.0,5875.0,166100
2026-03-03 08:45:00,5850.0,5900.0,5850.0,5850.0,186700
2026-03-03 09:00:00,5825.0,5825.0,5825.0,5825.0,1213500
2026-03-03 09:05:00,5825.0,5825.0,5825.0,5825.0,9500
2026-03-03 09:10:00,5825.0,5825.0,5825.0,5825.0,0
2026-03-04 02:00:00,5575.0,5725.0,5550.0,5550.0,0
2026-03-04 02:05:00,5525.0,5625.0,5525.0,5575.0,974000
2026-03-04 02:10:00,5550.0,5550.0,5500.0,5525.0,503700
2026-03-04 02:15:00,5450.0,5550.0,5450.0,5550.0,1355100
2026-03-04 02:20:00,5475.0,5475.0,5425.0,5450.0,465000
2026-03-04 02:25:00,5450.0,5475.0,5450.0,5450.0,193200
2026-03-04 02:30:00,5525.0,5525.0,5450.0,5475.0,235000
2026-03-04 02:35:00,5475.0,5525.0,5450.0,5525.0,282400
2026-03-04 02:40:00,5450.0,5475.0,5425.0,5475.0,198100
2026-03-04 02:45:00,5425.0,5450.0,5400.0,5425.0,357100
2026-03-04 02:50:00,5350.0,5425.0,5350.0,5400.0,908100
2026-03-04 02:55:00,5300.0,5375.0,5300.0,5350.0,556600
2026-03-04 03:00:00,5325.0,5350.0,5275.0,5300.0,816900
2026-03-04 03:05:00,5250.0,5325.0,5250.0,5325.0,440200
2026-03-04 03:10:00,5325.0,5400.0,5250.0,5275.0,553800
2026-03-04 03:15:00,5325.0,5375.0,5300.0,5325.0,121400
2026-03-04 03:20:00,5325.0,5350.0,5300.0,5325.0,84300
2026-03-04 03:25:00,5350.0,5350.0,5275.0,5300.0,388700
2026-03-04 03:30:00,5350.0,5450.0,5325.0,5350.0,217100
2026-03-04 03:35:00,5400.0,5400.0,5350.0,5350.0,92200
2026-03-04 03:40:00,5425.0,5425.0,5400.0,5400.0,230800
2026-03-04 03:45:00,5375.0,5450.0,5375.0,5450.0,135800
2026-03-04 03:50:00,5350.0,5400.0,5350.0,5375.0,211500
2026-03-04 03:55:00,5350.0,5375.0,5350.0,5375.0,65000
2026-03-04 04:00:00,5350.0,5375.0,5325.0,5350.0,279100
2026-03-04 04:05:00,5375.0,5375.0,5325.0,5375.0,70700
2026-03-04 04:10:00,5375.0,5375.0,5325.0,5325.0,167000
2026-03-04 04:15:00,5375.0,5400.0,5375.0,5375.0,41300
2026-03-04 04:20:00,5375.0,5375.0,5350.0,5375.0,24700
2026-03-04 04:25:00,5350.0,5375.0,5350.0,5350.0,20200
2026-03-04 04:30:00,5350.0,5375.0,5350.0,5350.0,69900
2026-03-04 04:35:00,5350.0,5375.0,5350.0,5350.0,39400
2026-03-04 04:40:00,5375.0,5375.0,5325.0,5350.0,79500
2026-03-04 04:45:00,5350.0,5375.0,5350.0,5375.0,132200
2026-03-04 04:50:00,5350.0,5375.0,5350.0,5350.0,13200
2026-03-04 04:55:00,5375.0,5375.0,5350.0,5375.0,41600
2026-03-04 06:30:00,5300.0,5400.0,5300.0,5375.0,628000
2026-03-04 06:35:00,5350.0,5350.0,5275.0,5300.0,202900
2026-03-04 06:40:00,5325.0,5350.0,5300.0,5350.0,46200
2026-03-04 06:45:00,5300.0,5325.0,5275.0,5325.0,241200
2026-03-04 06:50:00,5300.0,5325.0,5275.0,5300.0,87300
2026-03-04 06:55:00,5275.0,5325.0,5275.0,5325.0,139300
2026-03-04 07:00:00,5275.0,5300.0,5275.0,5275.0,96200
2026-03-04 07:05:00,5250.0,5275.0,5250.0,5275.0,144700
2026-03-04 07:10:00,5250.0,5275.0,5250.0,5250.0,105000
2026-03-04 07:15:00,5250.0,5275.0,5250.0,5250.0,242400
2026-03-04 07:20:00,5350.0,5375.0,5250.0,5250.0,469000
2026-03-04 07:25:00,5325.0,5375.0,5300.0,5350.0,30600
2026-03-04 07:30:00,5300.0,5325.0,5300.0,5300.0,50100
2026-03-04 07:35:00,5275.0,5325.0,5275.0,5300.0,155000
2026-03-04 07:40:00,5275.0,5300.0,5275.0,5300.0,168800
2026-03-04 07:45:00,5325.0,5325.0,5250.0,5300.0,183800
2026-03-04 07:50:00,5325.0,5350.0,5325.0,5325.0,41400
2026-03-04 07:55:00,5300.0,5325.0,5275.0,5325.0,187500
2026-03-04 08:00:00,5275.0,5325.0,5275.0,5300.0,63000
2026-03-04 08:05:00,5275.0,5300.0,5275.0,5275.0,72800
2026-03-04 08:10:00,5275.0,5300.0,5275.0,5275.0,147500
2026-03-04 08:15:00,5250.0,5275.0,5250.0,5275.0,82300
2026-03-04 08:20:00,5275.0,5300.0,5275.0,5275.0,230400
2026-03-04 08:25:00,5275.0,5300.0,5275.0,5275.0,215300
2026-03-04 08:30:00,5275.0,5300.0,5250.0,5275.0,246500
2026-03-04 08:35:00,5250.0,5275.0,5250.0,5250.0,223900
2026-03-04 08:40:00,5200.0,5275.0,5200.0,5250.0,507600
2026-03-04 08:45:00,5250.0,5300.0,5175.0,5200.0,683900
2026-03-04 09:00:00,5350.0,5350.0,5350.0,5350.0,1995600
2026-03-04 09:05:00,5350.0,5350.0,5350.0,5350.0,19600
2026-03-04 09:10:00,5350.0,5350.0,5350.0,5350.0,23500
2026-03-05 02:00:00,5525.0,5525.0,5400.0,5475.0,0
2026-03-05 02:05:00,5450.0,5525.0,5425.0,5500.0,293500
2026-03-05 02:10:00,5400.0,5450.0,5400.0,5450.0,127000
2026-03-05 02:15:00,5475.0,5475.0,5400.0,5425.0,163400
2026-03-05 02:20:00,5450.0,5475.0,5450.0,5450.0,172700
2026-03-05 02:25:00,5425.0,5450.0,5400.0,5450.0,287600
2026-03-05 02:30:00,5450.0,5450.0,5400.0,5425.0,73900
2026-03-05 02:35:00,5400.0,5450.0,5400.0,5450.0,173600
2026-03-05 02:40:00,5375.0,5400.0,5375.0,5400.0,107300
2026-03-05 02:45:00,5375.0,5400.0,5375.0,5375.0,367500
2026-03-05 02:50:00,5375.0,5400.0,5350.0,5375.0,49800
2026-03-05 02:55:00,5375.0,5400.0,5375.0,5375.0,67000
2026-03-05 03:00:00,5400.0,5400.0,5375.0,5375.0,12300
2026-03-05 03:05:00,5375.0,5400.0,5375.0,5400.0,13600
2026-03-05 03:10:00,5400.0,5400.0,5375.0,5400.0,22000
2026-03-05 03:15:00,5400.0,5400.0,5400.0,5400.0,165900
2026-03-05 03:20:00,5375.0,5425.0,5375.0,5400.0,21600
2026-03-05 03:25:00,5375.0,5400.0,5375.0,5400.0,25600
2026-03-05 03:30:00,5350.0,5400.0,5350.0,5375.0,122500
2026-03-05 03:35:00,5350.0,5375.0,5350.0,5375.0,134800
2026-03-05 03:40:00,5350.0,5375.0,5350.0,5350.0,43700
2026-03-05 03:45:00,5350.0,5375.0,5350.0,5350.0,26700
2026-03-05 03:50:00,5375.0,5375.0,5350.0,5350.0,72600
2026-03-05 03:55:00,5375.0,5375.0,5350.0,5350.0,224400
2026-03-05 04:00:00,5375.0,5375.0,5350.0,5350.0,144000
2026-03-05 04:05:00,5350.0,5375.0,5350.0,5375.0,11300
2026-03-05 04:10:00,5375.0,5375.0,5350.0,5350.0,22800
2026-03-05 04:15:00,5375.0,5375.0,5375.0,5375.0,8100
2026-03-05 04:20:00,5350.0,5375.0,5350.0,5375.0,15400
2026-03-05 04:25:00,5375.0,5375.0,5350.0,5350.0,13100
2026-03-05 04:30:00,5350.0,5375.0,5350.0,5350.0,12500
2026-03-05 04:35:00,5350.0,5375.0,5350.0,5350.0,16900
2026-03-05 04:40:00,5350.0,5375.0,5350.0,5350.0,24300
2026-03-05 04:45:00,5350.0,5375.0,5350.0,5375.0,33800
2026-03-05 04:50:00,5350.0,5375.0,5350.0,5350.0,41800
2026-03-05 04:55:00,5350.0,5375.0,5350.0,5350.0,31900
2026-03-05 06:30:00,5350.0,5375.0,5350.0,5350.0,231500
2026-03-05 06:35:00,5350.0,5375.0,5350.0,5350.0,34100
2026-03-05 06:40:00,5375.0,5400.0,5350.0,5375.0,404000
2026-03-05 06:45:00,5375.0,5375.0,5350.0,5375.0,201300
2026-03-05 06:50:00,5375.0,5400.0,5375.0,5375.0,174600
2026-03-05 06:55:00,5350.0,5375.0,5350.0,5375.0,129200
2026-03-05 07:00:00,5350.0,5375.0,5350.0,5375.0,44100
2026-03-05 07:05:00,5475.0,5525.0,5350.0,5375.0,1227100
2026-03-05 07:10:00,5425.0,5500.0,5425.0,5475.0,570500
2026-03-05 07:15:00,5400.0,5450.0,5400.0,5425.0,389100
2026-03-05 07:20:00,5400.0,5425.0,5375.0,5400.0,446900
2026-03-05 07:25:00,5400.0,5425.0,5375.0,5400.0,288200
2026-03-05 07:30:00,5375.0,5425.0,5375.0,5375.0,179100
2026-03-05 07:35:00,5400.0,5400.0,5375.0,5375.0,129700
2026-03-05 07:40:00,5400.0,5400.0,5375.0,5375.0,33500
2026-03-05 07:45:00,5375.0,5400.0,5375.0,5400.0,348100
2026-03-05 07:50:00,5375.0,5375.0,5375.0,5375.0,29400
2026-03-05 07:55:00,5375.0,5375.0,5350.0,5375.0,44500
2026-03-05 08:00:00,5350.0,5375.0,5350.0,5350.0,864100
2026-03-05 08:05:00,5350.0,5375.0,5350.0,5350.0,311100
2026-03-05 08:10:00,5350.0,5375.0,5350.0,5350.0,71100
2026-03-05 08:15:00,5350.0,5375.0,5350.0,5375.0,72900
2026-03-05 08:20:00,5350.0,5375.0,5350.0,5350.0,115200
2026-03-05 08:25:00,5375.0,5375.0,5350.0,5375.0,179500
2026-03-05 08:30:00,5375.0,5375.0,5350.0,5375.0,82900
2026-03-05 08:35:00,5325.0,5375.0,5325.0,5350.0,612300
2026-03-05 08:40:00,5325.0,5375.0,5325.0,5325.0,1706000
2026-03-05 08:45:00,5375.0,5375.0,5300.0,5325.0,967500
2026-03-05 09:00:00,5375.0,5375.0,5375.0,5375.0,1431600
2026-03-05 09:05:00,5375.0,5375.0,5375.0,5375.0,33300
2026-03-05 09:10:00,5375.0,5375.0,5375.0,5375.0,5400
2026-03-06 02:00:00,5350.0,5400.0,5325.0,5400.0,0
2026-03-06 02:05:00,5325.0,5375.0,5325.0,5350.0,212200
2026-03-06 02:10:00,5300.0,5350.0,5300.0,5350.0,99500
2026-03-06 02:15:00,5325.0,5325.0,5300.0,5325.0,211000
2026-03-06 02:20:00,5325.0,5325.0,5300.0,5325.0,56600
2026-03-06 02:25:00,5325.0,5350.0,5325.0,5350.0,16400
2026-03-06 02:30:00,5350.0,5350.0,5325.0,5325.0,14600
2026-03-06 02:35:00,5300.0,5325.0,5275.0,5325.0,40600
2026-03-06 02:40:00,5325.0,5325.0,5300.0,5300.0,97500
2026-03-06 02:45:00,5300.0,5325.0,5275.0,5300.0,53800
2026-03-06 02:50:00,5400.0,5400.0,5300.0,5300.0,144100
2026-03-06 02:55:00,5400.0,5425.0,5375.0,5400.0,118100
2026-03-06 03:00:00,5550.0,5550.0,5400.0,5425.0,733800
2026-03-06 03:05:00,5500.0,5550.0,5475.0,5550.0,393500
2026-03-06 03:10:00,5425.0,5525.0,5425.0,5525.0,65500
2026-03-06 03:15:00,5400.0,5475.0,5400.0,5425.0,213900
2026-03-06 03:20:00,5400.0,5425.0,5400.0,5400.0,66800
2026-03-06 03:25:00,5475.0,5500.0,5400.0,5400.0,120800
2026-03-06 03:30:00,5475.0,5500.0,5475.0,5475.0,24500
2026-03-06 03:35:00,5500.0,5500.0,5475.0,5475.0,42900
2026-03-06 03:40:00,5575.0,5600.0,5475.0,5475.0,572300
2026-03-06 03:45:00,5550.0,5575.0,5525.0,5575.0,171100
2026-03-06 03:50:00,5550.0,5575.0,5525.0,5550.0,95000
2026-03-06 03:55:00,5575.0,5575.0,5525.0,5550.0,279700
2026-03-06 04:00:00,5575.0,5575.0,5550.0,5550.0,93200
2026-03-06 04:05:00,5575.0,5600.0,5550.0,5575.0,181400
2026-03-06 04:10:00,5600.0,5600.0,5575.0,5600.0,412800
2026-03-06 04:15:00,5625.0,5625.0,5600.0,5600.0,150200
2026-03-06 04:20:00,5600.0,5625.0,5575.0,5625.0,131700
2026-03-06 04:25:00,5525.0,5600.0,5525.0,5575.0,219500
2026-03-06 07:00:00,5600.0,5625.0,5525.0,5525.0,406200
2026-03-06 07:05:00,5650.0,5650.0,5575.0,5575.0,189000
2026-03-06 07:10:00,5650.0,5675.0,5625.0,5650.0,152700
2026-03-06 07:15:00,5675.0,5675.0,5650.0,5675.0,209100
2026-03-06 07:20:00,5675.0,5700.0,5650.0,5650.0,162900
2026-03-06 07:25:00,5800.0,5825.0,5675.0,5700.0,1103000
2026-03-06 07:30:00,5775.0,5825.0,5750.0,5800.0,616000
2026-03-06 07:35:00,5750.0,5775.0,5725.0,5775.0,81000
2026-03-06 07:40:00,5775.0,5775.0,5725.0,5750.0,134900
2026-03-06 07:45:00,5800.0,5800.0,5750.0,5775.0,205300
2026-03-06 07:50:00,5825.0,5825.0,5775.0,5800.0,313800
2026-03-06 07:55:00,5825.0,5850.0,5800.0,5825.0,415100
2026-03-06 08:00:00,5825.0,5850.0,5825.0,5825.0,168800
2026-03-06 08:05:00,5950.0,5950.0,5850.0,5850.0,873400
2026-03-06 08:10:00,5900.0,5975.0,5900.0,5950.0,436300
2026-03-06 08:15:00,5800.0,5900.0,5750.0,5900.0,528800
2026-03-06 08:20:00,5875.0,5900.0,5800.0,5800.0,153600
2026-03-06 08:25:00,5900.0,5925.0,5775.0,5875.0,509000
2026-03-06 08:30:00,5975.0,6000.0,5850.0,5875.0,1580300
2026-03-06 08:35:00,5975.0,6000.0,5825.0,5975.0,1696100
2026-03-06 08:40:00,6025.0,6050.0,5950.0,5975.0,1126900
2026-03-06 08:45:00,6025.0,6025.0,5950.0,6025.0,1493900
2026-03-06 09:00:00,6325.0,6325.0,6325.0,6325.0,2179800
2026-03-06 09:05:00,6325.0,6325.0,6325.0,6325.0,257600
2026-03-06 09:10:00,6325.0,6325.0,6325.0,6325.0,21300
2026-03-09 02:00:00,5875.0,6150.0,5750.0,6125.0,0
2026-03-09 02:05:00,5725.0,5875.0,5600.0,5875.0,692300
2026-03-09 02:10:00,5700.0,5775.0,5575.0,5725.0,350700
2026-03-09 02:15:00,5950.0,5975.0,5675.0,5700.0,661700
2026-03-09 02:20:00,6125.0,6325.0,5925.0,5950.0,1222100
2026-03-09 02:25:00,6100.0,6125.0,6025.0,6125.0,188000
2026-03-09 02:30:00,6125.0,6150.0,6050.0,6100.0,226000
2026-03-09 02:35:00,6250.0,6275.0,6100.0,6125.0,436300
2026-03-09 02:40:00,6175.0,6250.0,6175.0,6225.0,191700
2026-03-09 02:45:00,6425.0,6450.0,6175.0,6175.0,880600
2026-03-09 02:50:00,6400.0,6450.0,6325.0,6450.0,709600
2026-03-09 02:55:00,6400.0,6400.0,6350.0,6400.0,225200
2026-03-09 03:00:00,6375.0,6375.0,6325.0,6375.0,230800
2026-03-09 03:05:00,6350.0,6450.0,6350.0,6375.0,480300
2026-03-09 03:10:00,6300.0,6375.0,6300.0,6375.0,327100
2026-03-09 03:15:00,6225.0,6325.0,6225.0,6325.0,1914300
2026-03-09 03:20:00,6300.0,6325.0,6225.0,6250.0,196700
2026-03-09 03:25:00,6325.0,6325.0,6225.0,6275.0,181600
2026-03-09 03:30:00,6250.0,6325.0,6250.0,6325.0,22500
2026-03-09 03:35:00,6325.0,6325.0,6225.0,6250.0,258200
2026-03-09 03:40:00,6325.0,6375.0,6275.0,6325.0,131100
2026-03-09 03:45:00,6325.0,6350.0,6325.0,6325.0,47700
2026-03-09 03:50:00,6300.0,6325.0,6300.0,6325.0,54800
2026-03-09 03:55:00,6275.0,6325.0,6275.0,6300.0,78000
2026-03-09 04:00:00,6300.0,6300.0,6225.0,6300.0,79600
2026-03-09 04:05:00,6250.0,6300.0,6200.0,6275.0,359100
2026-03-09 04:10:00,6275.0,6275.0,6250.0,6275.0,46200
2026-03-09 04:15:00,6225.0,6300.0,6225.0,6275.0,91500
2026-03-09 04:20:00,6300.0,6300.0,6250.0,6250.0,90500
2026-03-09 04:25:00,6275.0,6300.0,6275.0,6275.0,11900
2026-03-09 04:30:00,6250.0,6300.0,6250.0,6275.0,45300
2026-03-09 04:35:00,6250.0,6275.0,6250.0,6275.0,5000
2026-03-09 04:40:00,6275.0,6275.0,6250.0,6250.0,75400
2026-03-09 04:45:00,6250.0,6250.0,6250.0,6250.0,17600
2026-03-09 04:50:00,6250.0,6275.0,6225.0,6250.0,102000
2026-03-09 04:55:00,6250.0,6275.0,6250.0,6250.0,19900
2026-03-09 06:30:00,6275.0,6350.0,6225.0,6275.0,478300
2026-03-09 06:35:00,6275.0,6300.0,6250.0,6275.0,153600
2026-03-09 06:40:00,6325.0,6350.0,6275.0,6275.0,248800
2026-03-09 06:45:00,6325.0,6350.0,6300.0,6300.0,110200
2026-03-09 06:50:00,6300.0,6325.0,6300.0,6325.0,31800
2026-03-09 06:55:00,6250.0,6300.0,6250.0,6300.0,91600
2026-03-09 07:00:00,6225.0,6250.0,6225.0,6250.0,58300
2026-03-09 07:05:00,6225.0,6250.0,6200.0,6225.0,110100
2026-03-09 07:10:00,6225.0,6250.0,6225.0,6250.0,53900
2026-03-09 07:15:00,6225.0,6225.0,6200.0,6225.0,8100
2026-03-09 07:20:00,6200.0,6250.0,6200.0,6225.0,85000
2026-03-09 07:25:00,6225.0,6225.0,6200.0,6225.0,17300
2026-03-09 07:30:00,6200.0,6225.0,6200.0,6200.0,15400
2026-03-09 07:35:00,6200.0,6225.0,6200.0,6200.0,58500
2026-03-09 07:40:00,6225.0,6225.0,6200.0,6225.0,50000
2026-03-09 07:45:00,6225.0,6225.0,6200.0,6200.0,43500
2026-03-09 07:50:00,6225.0,6225.0,6200.0,6200.0,80400
2026-03-09 07:55:00,6175.0,6225.0,6150.0,6225.0,823000
2026-03-09 08:00:00,6100.0,6200.0,6100.0,6175.0,1015300
2026-03-09 08:05:00,6050.0,6125.0,6050.0,6125.0,965600
2026-03-09 08:10:00,6025.0,6075.0,6025.0,6050.0,566300
2026-03-09 08:15:00,6050.0,6100.0,6025.0,6025.0,173500
2026-03-09 08:20:00,6025.0,6075.0,6025.0,6075.0,71900
2026-03-09 08:25:00,6050.0,6050.0,6000.0,6025.0,155100
2026-03-09 08:30:00,6025.0,6050.0,6025.0,6025.0,112100
2026-03-09 08:35:00,6000.0,6050.0,6000.0,6050.0,453900
2026-03-09 08:40:00,6025.0,6050.0,6000.0,6000.0,121000
2026-03-09 08:45:00,6100.0,6200.0,6025.0,6050.0,1377700
2026-03-09 09:00:00,6000.0,6000.0,6000.0,6000.0,683200
2026-03-09 09:05:00,6000.0,6000.0,6000.0,6000.0,0
2026-03-09 09:10:00,6000.0,6000.0,6000.0,6000.0,4000
2026-03-10 02:00:00,6125.0,6300.0,6125.0,6275.0,0
2026-03-10 02:05:00,6100.0,6175.0,6075.0,6125.0,345200
2026-03-10 02:10:00,6125.0,6125.0,6050.0,6100.0,264800
2026-03-10 02:15:00,6150.0,6175.0,6100.0,6125.0,163000
2026-03-10 02:20:00,6075.0,6150.0,6075.0,6125.0,166900
2026-03-10 02:25:00,6050.0,6100.0,6025.0,6100.0,353700
2026-03-10 02:30:00,5950.0,6050.0,5950.0,6050.0,881800
2026-03-10 02:35:00,6000.0,6025.0,5950.0,5950.0,125700
2026-03-10 02:40:00,6000.0,6025.0,5975.0,6025.0,87800
2026-03-10 02:45:00,6000.0,6000.0,5975.0,6000.0,27100
2026-03-10 02:50:00,5950.0,6000.0,5950.0,5975.0,69700
2026-03-10 02:55:00,5950.0,5975.0,5950.0,5950.0,88800
2026-03-10 03:00:00,5950.0,5950.0,5925.0,5925.0,107500
2026-03-10 03:05:00,5975.0,6000.0,5925.0,5950.0,87100
2026-03-10 03:10:00,5950.0,5975.0,5925.0,5975.0,128600
2026-03-10 03:15:00,5950.0,5975.0,5925.0,5950.0,14100
2026-03-10 03:20:00,5950.0,5950.0,5925.0,5925.0,49900
2026-03-10 03:25:00,6025.0,6025.0,5925.0,5925.0,175800
2026-03-10 03:30:00,6025.0,6025.0,6000.0,6025.0,17900
2026-03-10 03:35:00,6025.0,6025.0,6000.0,6025.0,65600
2026-03-10 03:40:00,6000.0,6025.0,5975.0,6025.0,74100
2026-03-10 03:45:00,5975.0,6000.0,5975.0,6000.0,39400
2026-03-10 03:50:00,6000.0,6000.0,5975.0,5975.0,11100
2026-03-10 03:55:00,6000.0,6000.0,5975.0,5975.0,50900
2026-03-10 04:00:00,5975.0,5975.0,5950.0,5975.0,60500
2026-03-10 04:05:00,5950.0,5975.0,5950.0,5950.0,84600
2026-03-10 04:10:00,5975.0,5975.0,5950.0,5950.0,30000
2026-03-10 04:15:00,5975.0,5975.0,5950.0,5950.0,29900
2026-03-10 04:20:00,5950.0,5975.0,5950.0,5975.0,14800
2026-03-10 04:25:00,5950.0,5975.0,5950.0,5950.0,20600
2026-03-10 04:30:00,5975.0,5975.0,5950.0,5950.0,119200
2026-03-10 04:35:00,5950.0,6000.0,5950.0,5950.0,86700
2026-03-10 04:40:00,5975.0,5975.0,5950.0,5950.0,27800
2026-03-10 04:45:00,5975.0,5975.0,5950.0,5950.0,16200
2026-03-10 04:50:00,5950.0,5975.0,5950.0,5975.0,20500
2026-03-10 04:55:00,5975.0,5975.0,5950.0,5975.0,47700
2026-03-10 06:30:00,5975.0,5975.0,5950.0,5975.0,55900
2026-03-10 06:35:00,6000.0,6000.0,5950.0,5975.0,102600
2026-03-10 06:40:00,5975.0,6000.0,5975.0,5975.0,33300
2026-03-10 06:45:00,5950.0,5975.0,5950.0,5975.0,6400
2026-03-10 06:50:00,5950.0,5975.0,5950.0,5975.0,49100
2026-03-10 06:55:00,5950.0,5975.0,5950.0,5950.0,29600
2026-03-10 07:00:00,5925.0,5975.0,5925.0,5950.0,134400
2026-03-10 07:05:00,5925.0,5950.0,5925.0,5925.0,25500
2026-03-10 07:10:00,5925.0,5950.0,5925.0,5925.0,32700
2026-03-10 07:15:00,5925.0,5950.0,5925.0,5925.0,55500
2026-03-10 07:20:00,5925.0,5950.0,5925.0,5925.0,46500
2026-03-10 07:25:00,5925.0,5950.0,5925.0,5950.0,11800
2026-03-10 07:30:00,5925.0,5950.0,5925.0,5925.0,65400
2026-03-10 07:35:00,5950.0,5950.0,5925.0,5950.0,118000
2026-03-10 07:40:00,5925.0,5950.0,5925.0,5950.0,25400
2026-03-10 07:45:00,5950.0,5950.0,5925.0,5950.0,17500
2026-03-10 07:50:00,5950.0,5950.0,5925.0,5950.0,25300
2026-03-10 07:55:00,5925.0,5950.0,5925.0,5925.0,21400
2026-03-10 08:00:00,5925.0,5950.0,5900.0,5950.0,46900
2026-03-10 08:05:00,5900.0,5925.0,5900.0,5925.0,30500
2026-03-10 08:10:00,5925.0,5925.0,5900.0,5925.0,79900
2026-03-10 08:15:00,5925.0,5925.0,5900.0,5925.0,43100
2026-03-10 08:20:00,5925.0,5925.0,5900.0,5900.0,218100
2026-03-10 08:25:00,5900.0,5925.0,5900.0,5925.0,54700
2026-03-10 08:30:00,5850.0,5925.0,5850.0,5900.0,292900
2026-03-10 08:35:00,5825.0,5875.0,5825.0,5850.0,463800
2026-03-10 08:40:00,5825.0,5850.0,5800.0,5825.0,453500
2026-03-10 08:45:00,5825.0,5875.0,5800.0,5825.0,268300
2026-03-10 09:00:00,5750.0,5750.0,5750.0,5750.0,1764100
2026-03-10 09:05:00,5750.0,5750.0,5750.0,5750.0,35000
2026-03-11 02:00:00,5850.0,5875.0,5825.0,5850.0,0
2026-03-11 02:05:00,5850.0,5875.0,5850.0,5875.0,84900
2026-03-11 02:10:00,5850.0,5875.0,5825.0,5850.0,106300
2026-03-11 02:15:00,5850.0,5850.0,5825.0,5850.0,120800
2026-03-11 02:20:00,5875.0,5900.0,5850.0,5850.0,156400
2026-03-11 02:25:00,5900.0,5900.0,5875.0,5875.0,70300
2026-03-11 02:30:00,5900.0,5900.0,5875.0,5900.0,28200
2026-03-11 02:35:00,5875.0,5900.0,5850.0,5900.0,57200
2026-03-11 02:40:00,5825.0,5875.0,5800.0,5875.0,71600
2026-03-11 02:45:00,5825.0,5825.0,5800.0,5800.0,31300
2026-03-11 02:50:00,5775.0,5800.0,5775.0,5800.0,252100
2026-03-11 02:55:00,5750.0,5775.0,5750.0,5775.0,157600
2026-03-11 03:00:00,5775.0,5775.0,5775.0,5775.0,57500
2026-03-11 03:05:00,5775.0,5800.0,5775.0,5775.0,25100
2026-03-11 03:10:00,5775.0,5800.0,5775.0,5775.0,44500
2026-03-11 03:15:00,5750.0,5775.0,5750.0,5750.0,24700
2026-03-11 03:20:00,5775.0,5775.0,5750.0,5750.0,12600
2026-03-11 03:25:00,5800.0,5800.0,5775.0,5800.0,19500
2026-03-11 03:30:00,5775.0,5800.0,5775.0,5800.0,31800
2026-03-11 03:35:00,5750.0,5800.0,5750.0,5800.0,60200
2026-03-11 03:40:00,5775.0,5775.0,5750.0,5750.0,2600
2026-03-11 03:45:00,5775.0,5775.0,5750.0,5750.0,22500
2026-03-11 03:50:00,5775.0,5775.0,5775.0,5775.0,9900
2026-03-11 03:55:00,5775.0,5775.0,5750.0,5775.0,12100
2026-03-11 04:00:00,5750.0,5750.0,5725.0,5750.0,344400
2026-03-11 04:05:00,5750.0,5775.0,5750.0,5750.0,12800
2026-03-11 04:10:00,5775.0,5775.0,5750.0,5750.0,6200
2026-03-11 04:15:00,5750.0,5775.0,5750.0,5775.0,3800
2026-03-11 04:20:00,5775.0,5775.0,5750.0,5775.0,14600
2026-03-11 04:25:00,5750.0,5775.0,5750.0,5750.0,9700
2026-03-11 04:30:00,5750.0,5775.0,5750.0,5750.0,16000
2026-03-11 04:35:00,5750.0,5775.0,5750.0,5750.0,19100
2026-03-11 04:40:00,5750.0,5775.0,5750.0,5750.0,8100
2026-03-11 04:45:00,5750.0,5775.0,5750.0,5750.0,14900
2026-03-11 04:50:00,5775.0,5775.0,5750.0,5750.0,9700
2026-03-11 04:55:00,5750.0,5775.0,5750.0,5775.0,3900
2026-03-11 06:30:00,5775.0,5775.0,5750.0,5775.0,37500
2026-03-11 06:35:00,5725.0,5775.0,5725.0,5750.0,22400
2026-03-11 06:40:00,5725.0,5750.0,5725.0,5725.0,28800
2026-03-11 06:45:00,5750.0,5750.0,5725.0,5725.0,49600
2026-03-11 06:50:00,5725.0,5725.0,5725.0,5725.0,20700
2026-03-11 06:55:00,5700.0,5750.0,5700.0,5750.0,43100
2026-03-11 07:00:00,5700.0,5725.0,5700.0,5700.0,34200
2026-03-11 07:05:00,5725.0,5725.0,5700.0,5700.0,26500
2026-03-11 07:10:00,5700.0,5725.0,5700.0,5700.0,21300
2026-03-11 07:15:00,5700.0,5725.0,5700.0,5700.0,31100
2026-03-11 07:20:00,5725.0,5725.0,5700.0,5700.0,88400
2026-03-11 07:25:00,5725.0,5725.0,5700.0,5700.0,32200
2026-03-11 07:30:00,5700.0,5725.0,5700.0,5725.0,33500
2026-03-11 07:35:00,5775.0,5775.0,5700.0,5700.0,110900
2026-03-11 07:40:00,5725.0,5775.0,5725.0,5775.0,98900
2026-03-11 07:45:00,5750.0,5750.0,5725.0,5725.0,0
2026-03-11 07:50:00,5750.0,5750.0,5725.0,5750.0,21000
2026-03-11 07:55:00,5725.0,5725.0,5700.0,5725.0,25000
2026-03-11 08:00:00,5700.0,5725.0,5700.0,5700.0,5800
2026-03-11 08:05:00,5725.0,5750.0,5700.0,5700.0,45800
2026-03-11 08:10:00,5725.0,5750.0,5725.0,5750.0,33800
2026-03-11 08:15:00,5725.0,5725.0,5725.0,5725.0,19200
2026-03-11 08:20:00,5750.0,5750.0,5725.0,5725.0,35700
2026-03-11 08:25:00,5725.0,5725.0,5725.0,5725.0,27600
2026-03-11 08:30:00,5725.0,5750.0,5725.0,5725.0,64700
2026-03-11 08:35:00,5725.0,5725.0,5700.0,5725.0,109500
2026-03-11 08:40:00,5725.0,5725.0,5700.0,5725.0,212200
2026-03-11 08:45:00,5750.0,5775.0,5700.0,5700.0,147900
2026-03-11 09:00:00,5700.0,5700.0,5700.0,5700.0,433800
2026-03-11 09:05:00,5700.0,5700.0,5700.0,5700.0,0
2026-03-11 09:10:00,5700.0,5700.0,5700.0,5700.0,8200
2026-03-12 02:00:00,5775.0,5850.0,5750.0,5750.0,0
2026-03-12 02:05:00,5750.0,5800.0,5725.0,5775.0,86000
2026-03-12 02:10:00,5750.0,5775.0,5725.0,5775.0,27700
2026-03-12 02:15:00,5725.0,5750.0,5700.0,5750.0,46300
2026-03-12 02:20:00,5725.0,5750.0,5700.0,5700.0,149100
2026-03-12 02:25:00,5725.0,5750.0,5725.0,5750.0,14600
2026-03-12 02:30:00,5750.0,5750.0,5725.0,5725.0,15900
2026-03-12 02:35:00,5725.0,5750.0,5725.0,5750.0,7600
2026-03-12 02:40:00,5750.0,5750.0,5725.0,5725.0,36000
2026-03-12 02:45:00,5825.0,5825.0,5750.0,5775.0,75200
2026-03-12 02:50:00,5825.0,5825.0,5800.0,5800.0,55300
2026-03-12 02:55:00,5800.0,5825.0,5800.0,5825.0,33300
2026-03-12 03:00:00,5825.0,5825.0,5775.0,5800.0,24100
2026-03-12 03:05:00,5775.0,5825.0,5775.0,5800.0,70100
2026-03-12 03:10:00,5800.0,5800.0,5775.0,5775.0,11900
2026-03-12 03:15:00,5775.0,5800.0,5775.0,5800.0,8600
2026-03-12 03:20:00,5775.0,5800.0,5775.0,5800.0,1300
2026-03-12 03:25:00,5775.0,5800.0,5750.0,5775.0,61900
2026-03-12 03:30:00,5775.0,5775.0,5750.0,5750.0,7300
2026-03-12 03:35:00,5775.0,5775.0,5750.0,5775.0,5300
2026-03-12 03:40:00,5800.0,5800.0,5775.0,5775.0,21300
2026-03-12 03:45:00,5825.0,5825.0,5775.0,5775.0,23600
2026-03-12 03:50:00,5800.0,5825.0,5800.0,5800.0,7800
2026-03-12 03:55:00,5825.0,5850.0,5800.0,5800.0,66500
2026-03-12 04:00:00,5825.0,5850.0,5825.0,5825.0,41600
2026-03-12 04:05:00,5800.0,5850.0,5800.0,5850.0,59500
2026-03-12 04:10:00,5825.0,5825.0,5825.0,5825.0,2700
2026-03-12 04:15:00,5825.0,5850.0,5825.0,5825.0,12800
2026-03-12 04:20:00,5825.0,5850.0,5825.0,5825.0,25000
2026-03-12 04:25:00,5825.0,5850.0,5825.0,5825.0,13600
2026-03-12 04:30:00,5875.0,5900.0,5825.0,5825.0,352200
2026-03-12 04:35:00,5925.0,5950.0,5875.0,5900.0,562200
2026-03-12 04:40:00,5950.0,5950.0,5900.0,5925.0,92800
2026-03-12 04:45:00,5950.0,5950.0,5925.0,5950.0,162200
2026-03-12 04:50:00,5925.0,5950.0,5925.0,5950.0,21600
2026-03-12 04:55:00,5925.0,5950.0,5925.0,5950.0,11700
2026-03-12 06:30:00,5975.0,5975.0,5925.0,5925.0,366600
2026-03-12 06:35:00,5950.0,5975.0,5950.0,5975.0,289200
2026-03-12 06:40:00,5950.0,5950.0,5925.0,5925.0,59400
2026-03-12 06:45:00,5900.0,5950.0,5900.0,5950.0,147400
2026-03-12 06:50:00,5875.0,5925.0,5875.0,5900.0,148100
2026-03-12 06:55:00,5875.0,5900.0,5850.0,5875.0,56000
2026-03-12 07:00:00,5875.0,5875.0,5850.0,5850.0,168800
2026-03-12 07:05:00,5875.0,5875.0,5850.0,5875.0,34600
2026-03-12 07:10:00,5850.0,5875.0,5850.0,5850.0,31600
2026-03-12 07:15:00,5875.0,5875.0,5850.0,5850.0,24500
2026-03-12 07:20:00,5900.0,5925.0,5875.0,5875.0,254800
2026-03-12 07:25:00,5850.0,5900.0,5850.0,5900.0,62700
2026-03-12 07:30:00,5900.0,5900.0,5850.0,5850.0,32900
2026-03-12 07:35:00,5900.0,5950.0,5875.0,5900.0,98900
2026-03-12 07:40:00,5875.0,5925.0,5875.0,5900.0,101900
2026-03-12 07:45:00,5875.0,5900.0,5875.0,5900.0,26000
2026-03-12 07:50:00,5925.0,5925.0,5875.0,5900.0,35300
2026-03-12 07:55:00,5900.0,5925.0,5875.0,5925.0,85400
2026-03-12 08:00:00,5825.0,5900.0,5775.0,5875.0,628100
2026-03-12 08:05:00,5825.0,5850.0,5825.0,5825.0,44300
2026-03-12 08:10:00,5750.0,5850.0,5725.0,5850.0,236900
2026-03-12 08:15:00,5775.0,5775.0,5725.0,5750.0,40400
2026-03-12 08:20:00,5775.0,5800.0,5750.0,5775.0,126700
2026-03-12 08:25:00,5800.0,5875.0,5775.0,5800.0,81200
2026-03-12 08:30:00,5800.0,5825.0,5775.0,5800.0,101900
2026-03-12 08:35:00,5775.0,5800.0,5775.0,5800.0,52000
2026-03-12 08:40:00,5850.0,5875.0,5775.0,5800.0,241200
2026-03-12 08:45:00,5900.0,5900.0,5825.0,5850.0,240400
2026-03-12 09:00:00,5750.0,5750.0,5750.0,5750.0,1408800
2026-03-12 09:05:00,5750.0,5750.0,5750.0,5750.0,2400
2026-03-12 09:10:00,5750.0,5750.0,5750.0,5750.0,800
2026-03-13 02:00:00,5750.0,5800.0,5725.0,5750.0,0
2026-03-13 02:05:00,5750.0,5775.0,5725.0,5750.0,124100
2026-03-13 02:10:00,5750.0,5775.0,5725.0,5750.0,47500
2026-03-13 02:15:00,5750.0,5750.0,5725.0,5725.0,47900
2026-03-13 02:20:00,5725.0,5725.0,5700.0,5725.0,14400
2026-03-13 02:25:00,5750.0,5775.0,5700.0,5725.0,118200
2026-03-13 02:30:00,5725.0,5725.0,5700.0,5725.0,11200
2026-03-13 02:35:00,5750.0,5750.0,5700.0,5700.0,20100
2026-03-13 02:40:00,5750.0,5750.0,5725.0,5750.0,31300
2026-03-13 02:45:00,5700.0,5750.0,5700.0,5725.0,17500
2026-03-13 02:50:00,5725.0,5725.0,5700.0,5700.0,84100
2026-03-13 02:55:00,5725.0,5725.0,5700.0,5700.0,18600
2026-03-13 03:00:00,5725.0,5725.0,5700.0,5700.0,20500
2026-03-13 03:05:00,5700.0,5725.0,5700.0,5700.0,20500
2026-03-13 03:10:00,5675.0,5700.0,5650.0,5700.0,198800
2026-03-13 03:15:00,5650.0,5675.0,5650.0,5650.0,58300
2026-03-13 03:20:00,5650.0,5650.0,5625.0,5650.0,137600
2026-03-13 03:25:00,5600.0,5650.0,5600.0,5625.0,158100
2026-03-13 03:30:00,5625.0,5625.0,5600.0,5600.0,148300
2026-03-13 03:35:00,5600.0,5625.0,5575.0,5600.0,179100
2026-03-13 03:40:00,5600.0,5625.0,5600.0,5625.0,47300
2026-03-13 03:45:00,5575.0,5625.0,5575.0,5625.0,66800
2026-03-13 03:50:00,5600.0,5600.0,5600.0,5600.0,74100
2026-03-13 03:55:00,5625.0,5625.0,5600.0,5625.0,58600
2026-03-13 04:00:00,5600.0,5625.0,5600.0,5600.0,76200
2026-03-13 04:05:00,5650.0,5650.0,5600.0,5600.0,108100
2026-03-13 04:10:00,5650.0,5650.0,5625.0,5650.0,21300
2026-03-13 04:15:00,5625.0,5650.0,5625.0,5650.0,13900
2026-03-13 04:20:00,5625.0,5650.0,5625.0,5650.0,32200
2026-03-13 04:25:00,5600.0,5650.0,5600.0,5625.0,52300
2026-03-13 07:00:00,5600.0,5650.0,5600.0,5625.0,163000
2026-03-13 07:05:00,5625.0,5650.0,5600.0,5625.0,104400
2026-03-13 07:10:00,5600.0,5625.0,5600.0,5600.0,17100
2026-03-13 07:15:00,5600.0,5625.0,5600.0,5625.0,76100
2026-03-13 07:20:00,5625.0,5650.0,5600.0,5600.0,151500
2026-03-13 07:25:00,5625.0,5650.0,5625.0,5625.0,8500
2026-03-13 07:30:00,5600.0,5625.0,5600.0,5625.0,100500
2026-03-13 07:35:00,5600.0,5625.0,5600.0,5600.0,20500
2026-03-13 07:40:00,5625.0,5625.0,5600.0,5600.0,26000
2026-03-13 07:45:00,5575.0,5600.0,5575.0,5600.0,391700
2026-03-13 07:50:00,5600.0,5600.0,5575.0,5575.0,64300
2026-03-13 07:55:00,5575.0,5600.0,5550.0,5575.0,419400
2026-03-13 08:00:00,5550.0,5575.0,5525.0,5575.0,321800
2026-03-13 08:05:00,5525.0,5550.0,5525.0,5550.0,135200
2026-03-13 08:10:00,5500.0,5550.0,5500.0,5525.0,217900
2026-03-13 08:15:00,5500.0,5525.0,5500.0,5525.0,176800
2026-03-13 08:20:00,5500.0,5525.0,5500.0,5500.0,132400
2026-03-13 08:25:00,5550.0,5550.0,5500.0,5500.0,313300
2026-03-13 08:30:00,5575.0,5600.0,5550.0,5550.0,143400
2026-03-13 08:35:00,5525.0,5600.0,5525.0,5575.0,36700
2026-03-13 08:40:00,5500.0,5575.0,5500.0,5575.0,329600
2026-03-13 08:45:00,5550.0,5625.0,5500.0,5500.0,174800
2026-03-13 09:00:00,5450.0,5450.0,5450.0,5450.0,1612300
2026-03-13 09:05:00,5450.0,5450.0,5450.0,5450.0,1400
2026-03-13 09:10:00,5450.0,5450.0,5450.0,5450.0,24600
2026-03-16 02:00:00,5325.0,5425.0,5300.0,5425.0,0
2026-03-16 02:05:00,5300.0,5350.0,5300.0,5325.0,124500
2026-03-16 02:10:00,5275.0,5325.0,5275.0,5300.0,265900
2026-03-16 02:15:00,5325.0,5325.0,5275.0,5275.0,235500
2026-03-16 02:20:00,5275.0,5325.0,5275.0,5300.0,78100
2026-03-16 02:25:00,5250.0,5300.0,5250.0,5275.0,92900
2026-03-16 02:30:00,5250.0,5275.0,5250.0,5250.0,96000
2026-03-16 02:35:00,5225.0,5275.0,5225.0,5250.0,273100
2026-03-16 02:40:00,5200.0,5250.0,5200.0,5225.0,113600
2026-03-16 02:45:00,5300.0,5325.0,5200.0,5200.0,778100
2026-03-16 02:50:00,5275.0,5325.0,5275.0,5300.0,39700
2026-03-16 02:55:00,5275.0,5300.0,5275.0,5275.0,57800
2026-03-16 03:00:00,5200.0,5275.0,5200.0,5275.0,321900
2026-03-16 03:05:00,5225.0,5225.0,5200.0,5200.0,175000
2026-03-16 03:10:00,5325.0,5325.0,5225.0,5225.0,171300
2026-03-16 03:15:00,5225.0,5325.0,5225.0,5300.0,188900
2026-03-16 03:20:00,5250.0,5250.0,5200.0,5200.0,91000
2026-03-16 03:25:00,5275.0,5275.0,5225.0,5225.0,109900
2026-03-16 03:30:00,5325.0,5325.0,5225.0,5275.0,387500
2026-03-16 03:35:00,5275.0,5325.0,5275.0,5300.0,77000
2026-03-16 03:40:00,5300.0,5300.0,5275.0,5275.0,29100
2026-03-16 03:45:00,5275.0,5300.0,5275.0,5300.0,33400
2026-03-16 03:50:00,5325.0,5325.0,5275.0,5275.0,76800
2026-03-16 03:55:00,5300.0,5325.0,5250.0,5275.0,203900
2026-03-16 04:00:00,5250.0,5300.0,5250.0,5300.0,53400
2026-03-16 04:05:00,5250.0,5275.0,5225.0,5250.0,145300
2026-03-16 04:10:00,5250.0,5275.0,5250.0,5250.0,14300
2026-03-16 04:15:00,5250.0,5275.0,5250.0,5275.0,48300
2026-03-16 04:20:00,5250.0,5250.0,5250.0,5250.0,75400
2026-03-16 04:25:00,5250.0,5275.0,5225.0,5250.0,76000
2026-03-16 04:30:00,5300.0,5300.0,5250.0,5275.0,111800
2026-03-16 04:35:00,5275.0,5300.0,5275.0,5275.0,49200
2026-03-16 04:40:00,5275.0,5300.0,5250.0,5275.0,102000
2026-03-16 04:45:00,5300.0,5300.0,5275.0,5275.0,15500
2026-03-16 04:50:00,5275.0,5300.0,5275.0,5275.0,36100
2026-03-16 04:55:00,5275.0,5300.0,5275.0,5275.0,33200
2026-03-16 06:30:00,5300.0,5300.0,5250.0,5275.0,301500
2026-03-16 06:35:00,5275.0,5300.0,5275.0,5300.0,151300
2026-03-16 06:40:00,5275.0,5300.0,5250.0,5250.0,43300
2026-03-16 06:45:00,5250.0,5300.0,5250.0,5250.0,118700
2026-03-16 06:50:00,5225.0,5250.0,5225.0,5250.0,60400
2026-03-16 06:55:00,5200.0,5225.0,5200.0,5225.0,200200
2026-03-16 07:00:00,5225.0,5250.0,5200.0,5200.0,213600
2026-03-16 07:05:00,5200.0,5250.0,5200.0,5250.0,31800
2026-03-16 07:10:00,5275.0,5275.0,5200.0,5200.0,398100
2026-03-16 07:15:00,5275.0,5275.0,5225.0,5275.0,170600
2026-03-16 07:20:00,5200.0,5275.0,5200.0,5275.0,115100
2026-03-16 07:25:00,5250.0,5250.0,5225.0,5225.0,120200
2026-03-16 07:30:00,5200.0,5225.0,5200.0,5225.0,80300
2026-03-16 07:35:00,5175.0,5225.0,5175.0,5200.0,242900
2026-03-16 07:40:00,5175.0,5200.0,5175.0,5175.0,44300
2026-03-16 07:45:00,5200.0,5200.0,5150.0,5175.0,145600
2026-03-16 07:50:00,5175.0,5200.0,5175.0,5175.0,73000
2026-03-16 07:55:00,5175.0,5200.0,5150.0,5175.0,17200
2026-03-16 08:00:00,5150.0,5175.0,5150.0,5150.0,106700
2026-03-16 08:05:00,5150.0,5175.0,5150.0,5150.0,176900
2026-03-16 08:10:00,5125.0,5150.0,5125.0,5150.0,192700
2026-03-16 08:15:00,5100.0,5150.0,5100.0,5125.0,128500
2026-03-16 08:20:00,5100.0,5125.0,5100.0,5100.0,169800
2026-03-16 08:25:00,5175.0,5175.0,5075.0,5100.0,409000
2026-03-16 08:30:00,5150.0,5175.0,5100.0,5175.0,305700
2026-03-16 08:35:00,5100.0,5150.0,5075.0,5150.0,140300
2026-03-16 08:40:00,5100.0,5125.0,5050.0,5100.0,319100
2026-03-16 08:45:00,5200.0,5200.0,5050.0,5075.0,509400
2026-03-16 09:00:00,5150.0,5150.0,5150.0,5150.0,547200
2026-03-16 09:05:00,5150.0,5150.0,5150.0,5150.0,10000
2026-03-16 09:10:00,5150.0,5150.0,5150.0,5150.0,15100
2026-03-17 02:00:00,5300.0,5350.0,5150.0,5150.0,0
2026-03-17 02:05:00,5350.0,5375.0,5300.0,5300.0,147100
2026-03-17 02:10:00,5350.0,5350.0,5325.0,5350.0,39400
2026-03-17 02:15:00,5275.0,5350.0,5225.0,5325.0,185600
2026-03-17 02:20:00,5275.0,5325.0,5275.0,5275.0,187800
2026-03-17 02:25:00,5250.0,5300.0,5250.0,5300.0,42600
2026-03-17 02:30:00,5225.0,5275.0,5225.0,5275.0,46600
2026-03-17 02:35:00,5225.0,5225.0,5150.0,5200.0,228400
2026-03-17 02:40:00,5225.0,5225.0,5200.0,5225.0,20300
2026-03-17 02:45:00,5225.0,5225.0,5200.0,5225.0,6400
2026-03-17 02:50:00,5225.0,5225.0,5200.0,5225.0,31800
2026-03-17 02:55:00,5200.0,5225.0,5150.0,5200.0,87800
2026-03-17 03:00:00,5175.0,5225.0,5175.0,5200.0,83200
2026-03-17 03:05:00,5150.0,5200.0,5150.0,5200.0,24100
2026-03-17 03:10:00,5200.0,5200.0,5150.0,5175.0,44400
2026-03-17 03:15:00,5200.0,5200.0,5175.0,5175.0,19900
2026-03-17 03:20:00,5175.0,5200.0,5175.0,5175.0,38400
2026-03-17 03:25:00,5200.0,5200.0,5175.0,5175.0,13600
2026-03-17 03:30:00,5175.0,5175.0,5175.0,5175.0,14600
2026-03-17 03:35:00,5150.0,5175.0,5150.0,5175.0,42700
2026-03-17 03:40:00,5225.0,5225.0,5150.0,5175.0,92100
2026-03-17 03:45:00,5200.0,5225.0,5175.0,5225.0,19700
2026-03-17 03:50:00,5200.0,5225.0,5175.0,5200.0,60000
2026-03-17 03:55:00,5225.0,5225.0,5175.0,5200.0,52100
2026-03-17 04:00:00,5150.0,5225.0,5100.0,5225.0,323100
2026-03-17 04:05:00,5150.0,5175.0,5150.0,5175.0,9000
2026-03-17 04:10:00,5125.0,5175.0,5125.0,5175.0,62700
2026-03-17 04:15:00,5150.0,5175.0,5150.0,5150.0,38400
2026-03-17 04:20:00,5175.0,5225.0,5175.0,5200.0,27800
2026-03-17 04:25:00,5175.0,5225.0,5150.0,5225.0,33500
2026-03-17 04:30:00,5200.0,5200.0,5175.0,5200.0,2300
2026-03-17 04:35:00,5175.0,5200.0,5175.0,5200.0,24200
2026-03-17 04:40:00,5200.0,5200.0,5175.0,5200.0,2500
2026-03-17 04:45:00,5175.0,5200.0,5175.0,5200.0,11600
2026-03-17 04:50:00,5200.0,5250.0,5150.0,5150.0,56800
2026-03-17 04:55:00,5200.0,5225.0,5175.0,5225.0,11600
2026-03-17 06:30:00,5200.0,5225.0,5175.0,5200.0,16800
2026-03-17 06:35:00,5200.0,5200.0,5200.0,5200.0,1800
2026-03-17 06:40:00,5175.0,5200.0,5175.0,5200.0,47500
2026-03-17 06:45:00,5225.0,5225.0,5200.0,5200.0,18700
2026-03-17 06:50:00,5250.0,5250.0,5200.0,5200.0,51200
2026-03-17 06:55:00,5350.0,5350.0,5250.0,5250.0,451000
2026-03-17 07:00:00,5375.0,5400.0,5300.0,5350.0,235300
2026-03-17 07:05:00,5375.0,5425.0,5350.0,5350.0,175200
2026-03-17 07:10:00,5300.0,5375.0,5300.0,5375.0,38500
2026-03-17 07:15:00,5275.0,5300.0,5275.0,5300.0,31600
2026-03-17 07:20:00,5225.0,5275.0,5225.0,5275.0,120400
2026-03-17 07:25:00,5250.0,5275.0,5200.0,5200.0,94600
2026-03-17 07:30:00,5175.0,5250.0,5175.0,5225.0,113200
2026-03-17 07:35:00,5200.0,5200.0,5200.0,5200.0,22700
2026-03-17 07:40:00,5200.0,5225.0,5200.0,5200.0,28500
2026-03-17 07:45:00,5200.0,5225.0,5200.0,5200.0,20100
2026-03-17 07:50:00,5200.0,5225.0,5200.0,5200.0,9800
2026-03-17 07:55:00,5200.0,5225.0,5200.0,5200.0,9800
2026-03-17 08:00:00,5225.0,5225.0,5175.0,5200.0,85200
2026-03-17 08:05:00,5275.0,5275.0,5225.0,5250.0,50300
2026-03-17 08:10:00,5250.0,5250.0,5225.0,5225.0,93900
2026-03-17 08:15:00,5250.0,5250.0,5225.0,5250.0,13900
2026-03-17 08:20:00,5250.0,5275.0,5200.0,5250.0,150600
2026-03-17 08:25:00,5300.0,5300.0,5250.0,5250.0,71900
2026-03-17 08:30:00,5275.0,5300.0,5275.0,5300.0,84100
2026-03-17 08:35:00,5250.0,5300.0,5250.0,5275.0,36300
2026-03-17 08:40:00,5075.0,5275.0,5025.0,5250.0,1399100
2026-03-17 08:45:00,5100.0,5200.0,5075.0,5100.0,479600
2026-03-17 09:00:00,5125.0,5125.0,5125.0,5125.0,4688300
2026-03-17 09:05:00,5125.0,5125.0,5125.0,5125.0,140900
2026-03-17 09:10:00,5125.0,5125.0,5125.0,5125.0,18700
2026-03-25 02:00:00,5225.0,5275.0,5050.0,5075.0,0
2026-03-25 02:05:00,5175.0,5250.0,5150.0,5225.0,415200
2026-03-25 02:10:00,5175.0,5200.0,5125.0,5175.0,335300
2026-03-25 02:15:00,5175.0,5175.0,5100.0,5150.0,304400
2026-03-25 02:20:00,5175.0,5175.0,5125.0,5175.0,218400
2026-03-25 02:25:00,5250.0,5300.0,5175.0,5175.0,615800
2026-03-25 02:30:00,5275.0,5300.0,5250.0,5275.0,195900
2026-03-25 02:35:00,5300.0,5300.0,5250.0,5275.0,104200
2026-03-25 02:40:00,5250.0,5300.0,5225.0,5275.0,239300
2026-03-25 02:45:00,5250.0,5300.0,5250.0,5275.0,209400
2026-03-25 02:50:00,5250.0,5250.0,5225.0,5250.0,153500
2026-03-25 02:55:00,5225.0,5275.0,5225.0,5250.0,130800
2026-03-25 03:00:00,5200.0,5250.0,5150.0,5250.0,476000
2026-03-25 03:05:00,5175.0,5225.0,5175.0,5200.0,96900
2026-03-25 03:10:00,5150.0,5225.0,5150.0,5175.0,232100
2026-03-25 03:15:00,5150.0,5175.0,5125.0,5150.0,346500
2026-03-25 03:20:00,5100.0,5150.0,5100.0,5125.0,330000
2026-03-25 03:25:00,5125.0,5150.0,5100.0,5125.0,323000
2026-03-25 03:30:00,5050.0,5150.0,5025.0,5150.0,749600
2026-03-25 03:35:00,5075.0,5100.0,5050.0,5075.0,134700
2026-03-25 03:40:00,5050.0,5100.0,5050.0,5100.0,114300
2026-03-25 03:45:00,5050.0,5075.0,5025.0,5050.0,158300
2026-03-25 03:50:00,5075.0,5075.0,5050.0,5050.0,94200
2026-03-25 03:55:00,5075.0,5075.0,5050.0,5075.0,42200
2026-03-25 04:00:00,5050.0,5075.0,5050.0,5050.0,72900
2026-03-25 04:05:00,5100.0,5100.0,5075.0,5075.0,83100
2026-03-25 04:10:00,5075.0,5100.0,5075.0,5100.0,72600
2026-03-25 04:15:00,5100.0,5100.0,5075.0,5075.0,132700
2026-03-25 04:20:00,5100.0,5100.0,5075.0,5100.0,28300
2026-03-25 04:25:00,5100.0,5125.0,5075.0,5100.0,106900
2026-03-25 04:30:00,5125.0,5125.0,5100.0,5125.0,24100
2026-03-25 04:35:00,5100.0,5125.0,5100.0,5100.0,117200
2026-03-25 04:40:00,5100.0,5150.0,5100.0,5125.0,86200
2026-03-25 04:45:00,5075.0,5125.0,5075.0,5100.0,228700
2026-03-25 04:50:00,5100.0,5125.0,5075.0,5100.0,79500
2026-03-25 04:55:00,5100.0,5100.0,5075.0,5100.0,31100
2026-03-25 06:30:00,5100.0,5125.0,5100.0,5100.0,147300
2026-03-25 06:35:00,5100.0,5100.0,5100.0,5100.0,84000
2026-03-25 06:40:00,5125.0,5125.0,5100.0,5100.0,50700
2026-03-25 06:45:00,5125.0,5150.0,5100.0,5125.0,101600
2026-03-25 06:50:00,5100.0,5150.0,5100.0,5125.0,129200
2026-03-25 06:55:00,5075.0,5100.0,5050.0,5100.0,425300
2026-03-25 07:00:00,5100.0,5100.0,5075.0,5075.0,117500
2026-03-25 07:05:00,5100.0,5100.0,5075.0,5100.0,53300
2026-03-25 07:10:00,5100.0,5100.0,5075.0,5100.0,84500
2026-03-25 07:15:00,5100.0,5100.0,5075.0,5075.0,40300
2026-03-25 07:20:00,5100.0,5100.0,5075.0,5075.0,68600
2026-03-25 07:25:00,5100.0,5100.0,5075.0,5100.0,115700
2026-03-25 07:30:00,5100.0,5125.0,5100.0,5125.0,90900
2026-03-25 07:35:00,5100.0,5100.0,5075.0,5075.0,41500
2026-03-25 07:40:00,5075.0,5100.0,5075.0,5100.0,39000
2026-03-25 07:45:00,5100.0,5100.0,5075.0,5100.0,60100
2026-03-25 07:50:00,5100.0,5125.0,5075.0,5100.0,68600
2026-03-25 07:55:00,5125.0,5125.0,5075.0,5100.0,82300
2026-03-25 08:00:00,5100.0,5125.0,5100.0,5100.0,140600
2026-03-25 08:05:00,5100.0,5125.0,5075.0,5100.0,94600
2026-03-25 08:10:00,5125.0,5125.0,5075.0,5125.0,82000
2026-03-25 08:15:00,5100.0,5100.0,5100.0,5100.0,103600
2026-03-25 08:20:00,5100.0,5125.0,5100.0,5100.0,322300
2026-03-25 08:25:00,5100.0,5125.0,5100.0,5100.0,152100
2026-03-25 08:30:00,5100.0,5125.0,5075.0,5100.0,100400
2026-03-25 08:35:00,5125.0,5125.0,5100.0,5125.0,119500
2026-03-25 08:40:00,5125.0,5125.0,5075.0,5100.0,222700
2026-03-25 08:45:00,5150.0,5150.0,5100.0,5125.0,227100
2026-03-25 09:00:00,5250.0,5250.0,5250.0,5250.0,1366300
2026-03-25 09:05:00,5250.0,5250.0,5250.0,5250.0,18600
2026-03-25 09:10:00,5250.0,5250.0,5250.0,5250.0,56900
2026-03-26 02:00:00,5175.0,5250.0,5175.0,5250.0,0
2026-03-26 02:05:00,5200.0,5225.0,5175.0,5175.0,183600
2026-03-26 02:10:00,5175.0,5200.0,5150.0,5175.0,36800
2026-03-26 02:15:00,5175.0,5200.0,5175.0,5175.0,40100
2026-03-26 02:20:00,5175.0,5175.0,5150.0,5175.0,59500
2026-03-26 02:25:00,5175.0,5200.0,5175.0,5175.0,17900
2026-03-26 02:30:00,5150.0,5175.0,5150.0,5175.0,94600
2026-03-26 02:35:00,5125.0,5150.0,5100.0,5150.0,68200
2026-03-26 02:40:00,5125.0,5125.0,5100.0,5125.0,58900
2026-03-26 02:45:00,5125.0,5150.0,5100.0,5100.0,57900
2026-03-26 02:50:00,5125.0,5150.0,5125.0,5125.0,42300
2026-03-26 02:55:00,5075.0,5125.0,5075.0,5125.0,261600
2026-03-26 03:00:00,5100.0,5100.0,5050.0,5100.0,138400
2026-03-26 03:05:00,5100.0,5100.0,5075.0,5100.0,77200
2026-03-26 03:10:00,5075.0,5100.0,5075.0,5100.0,74300
2026-03-26 03:15:00,5075.0,5075.0,5050.0,5075.0,102800
2026-03-26 03:20:00,5050.0,5075.0,5050.0,5075.0,23300
2026-03-26 03:25:00,5075.0,5075.0,5050.0,5075.0,22400
2026-03-26 03:30:00,5075.0,5075.0,5050.0,5050.0,15800
2026-03-26 03:35:00,5075.0,5075.0,5050.0,5075.0,16400
2026-03-26 03:40:00,5050.0,5075.0,5050.0,5075.0,8500
2026-03-26 03:45:00,5075.0,5075.0,5050.0,5075.0,12500
2026-03-26 03:50:00,5075.0,5075.0,5050.0,5075.0,34000
2026-03-26 03:55:00,5075.0,5075.0,5050.0,5075.0,8500
2026-03-26 04:00:00,5075.0,5100.0,5075.0,5100.0,35500
2026-03-26 04:05:00,5075.0,5075.0,5075.0,5075.0,15200
2026-03-26 04:10:00,5075.0,5075.0,5050.0,5075.0,10600
2026-03-26 04:15:00,5075.0,5075.0,5050.0,5075.0,24700
2026-03-26 04:20:00,5075.0,5075.0,5075.0,5075.0,19600
2026-03-26 04:25:00,5050.0,5075.0,5050.0,5075.0,20100
2026-03-26 04:30:00,5075.0,5100.0,5050.0,5050.0,54900
2026-03-26 04:35:00,5050.0,5075.0,5050.0,5075.0,34200
2026-03-26 04:40:00,5050.0,5075.0,5050.0,5050.0,2100
2026-03-26 04:45:00,5050.0,5075.0,5050.0,5075.0,7000
2026-03-26 04:50:00,5075.0,5075.0,5050.0,5075.0,26400
2026-03-26 04:55:00,5075.0,5100.0,5075.0,5075.0,48600
2026-03-26 06:30:00,5075.0,5100.0,5050.0,5100.0,101600
2026-03-26 06:35:00,5050.0,5075.0,5050.0,5075.0,6200
2026-03-26 06:40:00,5075.0,5075.0,5050.0,5075.0,27800
2026-03-26 06:45:00,5050.0,5050.0,5050.0,5050.0,15400
2026-03-26 06:50:00,5050.0,5075.0,5050.0,5050.0,182800
2026-03-26 06:55:00,5075.0,5075.0,5050.0,5075.0,18700
2026-03-26 07:00:00,5075.0,5075.0,5050.0,5075.0,157700
2026-03-26 07:05:00,5075.0,5075.0,5050.0,5075.0,5100
2026-03-26 07:10:00,5075.0,5075.0,5050.0,5050.0,7600
2026-03-26 07:15:00,5050.0,5075.0,5050.0,5050.0,13700
2026-03-26 07:20:00,5075.0,5075.0,5050.0,5050.0,19300
2026-03-26 07:25:00,5050.0,5075.0,5050.0,5050.0,18200
2026-03-26 07:30:00,4990.0,5075.0,4980.0,5050.0,1215700
2026-03-26 07:35:00,4980.0,4990.0,4980.0,4990.0,131900
2026-03-26 07:40:00,4990.0,4990.0,4980.0,4980.0,125000
2026-03-26 07:45:00,4990.0,4990.0,4980.0,4990.0,71500
2026-03-26 07:50:00,4990.0,5000.0,4990.0,4990.0,16400
2026-03-26 07:55:00,4990.0,5000.0,4990.0,5000.0,65400
2026-03-26 08:00:00,4990.0,4990.0,4980.0,4990.0,20800
2026-03-26 08:05:00,4980.0,4990.0,4980.0,4990.0,54900
2026-03-26 08:10:00,4990.0,4990.0,4980.0,4980.0,78200
2026-03-26 08:15:00,4980.0,4990.0,4980.0,4990.0,32800
2026-03-26 08:20:00,4970.0,4990.0,4970.0,4990.0,163100
2026-03-26 08:25:00,4970.0,4980.0,4970.0,4970.0,86100
2026-03-26 08:30:00,4970.0,4980.0,4970.0,4970.0,75500
2026-03-26 08:35:00,4970.0,4980.0,4960.0,4970.0,77100
2026-03-26 08:40:00,4970.0,4970.0,4960.0,4970.0,147600
2026-03-26 08:45:00,4990.0,4990.0,4960.0,4970.0,116100
2026-03-26 09:00:00,4940.0,4940.0,4940.0,4940.0,640800
2026-03-26 09:05:00,4940.0,4940.0,4940.0,4940.0,20300
2026-03-26 09:10:00,4940.0,4940.0,4940.0,4940.0,56300
2026-03-27 02:00:00,4900.0,4950.0,4860.0,4940.0,0
2026-03-27 02:05:00,4890.0,4910.0,4890.0,4910.0,117800
2026-03-27 02:10:00,4870.0,4890.0,4840.0,4890.0,247800
2026-03-27 02:15:00,4860.0,4890.0,4850.0,4870.0,110000
2026-03-27 02:20:00,4880.0,4890.0,4850.0,4850.0,30700
2026-03-27 02:25:00,4890.0,4890.0,4880.0,4880.0,36000
2026-03-27 02:30:00,4900.0,4900.0,4880.0,4890.0,46900
2026-03-27 02:35:00,4850.0,4900.0,4840.0,4900.0,177100
2026-03-27 02:40:00,4840.0,4850.0,4840.0,4850.0,25800
2026-03-27 02:45:00,4840.0,4850.0,4830.0,4850.0,83700
2026-03-27 02:50:00,4840.0,4850.0,4830.0,4830.0,172900
2026-03-27 02:55:00,4860.0,4860.0,4840.0,4840.0,25000
2026-03-27 03:00:00,4850.0,4870.0,4850.0,4860.0,76400
2026-03-27 03:05:00,4850.0,4850.0,4840.0,4850.0,22000
2026-03-27 03:10:00,4850.0,4860.0,4840.0,4850.0,37100
2026-03-27 03:15:00,4840.0,4850.0,4840.0,4840.0,40500
2026-03-27 03:20:00,4850.0,4850.0,4840.0,4840.0,25800
2026-03-27 03:25:00,4850.0,4850.0,4840.0,4850.0,19400
2026-03-27 03:30:00,4840.0,4860.0,4840.0,4850.0,33200
2026-03-27 03:35:00,4850.0,4850.0,4840.0,4850.0,11100
2026-03-27 03:40:00,4850.0,4850.0,4840.0,4840.0,22300
2026-03-27 03:45:00,4850.0,4860.0,4850.0,4850.0,13600
2026-03-27 03:50:00,4850.0,4850.0,4840.0,4850.0,16100
2026-03-27 03:55:00,4850.0,4870.0,4850.0,4850.0,38600
2026-03-27 04:00:00,4840.0,4850.0,4840.0,4850.0,34400
2026-03-27 04:05:00,4850.0,4860.0,4840.0,4840.0,8900
2026-03-27 04:10:00,4850.0,4850.0,4850.0,4850.0,17200
2026-03-27 04:15:00,4840.0,4850.0,4840.0,4850.0,7400
2026-03-27 04:20:00,4840.0,4850.0,4840.0,4840.0,12000
2026-03-27 04:25:00,4840.0,4850.0,4840.0,4850.0,12200
2026-03-27 07:00:00,4860.0,4880.0,4840.0,4850.0,128800
2026-03-27 07:05:00,4870.0,4870.0,4850.0,4860.0,22900
2026-03-27 07:10:00,4850.0,4870.0,4850.0,4870.0,18500
2026-03-27 07:15:00,4850.0,4860.0,4850.0,4850.0,21000
2026-03-27 07:20:00,4850.0,4860.0,4840.0,4860.0,31000
2026-03-27 07:25:00,4850.0,4860.0,4840.0,4840.0,96700
2026-03-27 07:30:00,4840.0,4850.0,4840.0,4840.0,56600
2026-03-27 07:35:00,4840.0,4850.0,4840.0,4850.0,79200
2026-03-27 07:40:00,4840.0,4850.0,4840.0,4850.0,53800
2026-03-27 07:45:00,4830.0,4850.0,4830.0,4840.0,239800
2026-03-27 07:50:00,4850.0,4850.0,4830.0,4840.0,59600
2026-03-27 07:55:00,4850.0,4850.0,4840.0,4850.0,63400
2026-03-27 08:00:00,4840.0,4850.0,4840.0,4840.0,84700
2026-03-27 08:05:00,4850.0,4850.0,4840.0,4840.0,61500
2026-03-27 08:10:00,4850.0,4860.0,4840.0,4850.0,189000
2026-03-27 08:15:00,4850.0,4860.0,4850.0,4850.0,121900
2026-03-27 08:20:00,4860.0,4860.0,4850.0,4850.0,87900
2026-03-27 08:25:00,4870.0,4870.0,4840.0,4860.0,130100
2026-03-27 08:30:00,4860.0,4870.0,4860.0,4860.0,127700
2026-03-27 08:35:00,4870.0,4890.0,4860.0,4870.0,193600
2026-03-27 08:40:00,4950.0,5000.0,4880.0,4880.0,2182000
2026-03-27 08:45:00,5000.0,5025.0,4940.0,4950.0,494200
2026-03-27 09:00:00,5025.0,5025.0,5025.0,5025.0,938600
2026-03-27 09:05:00,5025.0,5025.0,5025.0,5025.0,16400
2026-03-27 09:10:00,5025.0,5025.0,5025.0,5025.0,19000
2026-03-30 02:00:00,4830.0,4890.0,4820.0,4890.0,0
2026-03-30 02:05:00,4840.0,4860.0,4820.0,4830.0,107500
2026-03-30 02:10:00,4830.0,4840.0,4820.0,4830.0,29400
2026-03-30 02:15:00,4850.0,4850.0,4820.0,4830.0,24600
2026-03-30 02:20:00,4830.0,4860.0,4830.0,4860.0,172100
2026-03-30 02:25:00,4830.0,4840.0,4830.0,4840.0,55500
2026-03-30 02:30:00,4850.0,4870.0,4830.0,4840.0,82800
2026-03-30 02:35:00,4840.0,4850.0,4820.0,4850.0,81100
2026-03-30 02:40:00,4820.0,4840.0,4820.0,4830.0,38300
2026-03-30 02:45:00,4830.0,4830.0,4820.0,4820.0,17600
2026-03-30 02:50:00,4830.0,4830.0,4820.0,4830.0,23400
2026-03-30 02:55:00,4840.0,4850.0,4820.0,4820.0,84200
2026-03-30 03:00:00,4800.0,4840.0,4800.0,4830.0,302900
2026-03-30 03:05:00,4810.0,4810.0,4780.0,4810.0,249000
2026-03-30 03:10:00,4790.0,4810.0,4790.0,4800.0,86900
2026-03-30 03:15:00,4800.0,4800.0,4790.0,4800.0,70100
2026-03-30 03:20:00,4800.0,4800.0,4790.0,4790.0,34300
2026-03-30 03:25:00,4800.0,4800.0,4790.0,4800.0,20500
2026-03-30 03:30:00,4800.0,4830.0,4780.0,4790.0,137000
2026-03-30 03:35:00,4820.0,4850.0,4810.0,4810.0,102400
2026-03-30 03:40:00,4820.0,4840.0,4810.0,4820.0,20100
2026-03-30 03:45:00,4820.0,4830.0,4810.0,4820.0,29300
2026-03-30 03:50:00,4850.0,4870.0,4820.0,4820.0,262800
2026-03-30 03:55:00,4870.0,4880.0,4830.0,4870.0,208200
2026-03-30 04:00:00,4860.0,4880.0,4860.0,4870.0,240300
2026-03-30 04:05:00,4870.0,4870.0,4860.0,4870.0,26900
2026-03-30 04:10:00,4870.0,4870.0,4860.0,4860.0,24200
2026-03-30 04:15:00,4870.0,4870.0,4860.0,4860.0,20400
2026-03-30 04:20:00,4880.0,4890.0,4870.0,4870.0,21800
2026-03-30 04:25:00,4880.0,4890.0,4870.0,4890.0,20500
2026-03-30 04:30:00,4870.0,4900.0,4870.0,4890.0,101200
2026-03-30 04:35:00,4880.0,4890.0,4870.0,4870.0,12100
2026-03-30 04:40:00,4890.0,4900.0,4880.0,4880.0,99500
2026-03-30 04:45:00,4900.0,4900.0,4880.0,4890.0,36000
2026-03-30 04:50:00,4890.0,4900.0,4880.0,4890.0,28600
2026-03-30 04:55:00,4900.0,4920.0,4880.0,4890.0,161600
2026-03-30 06:30:00,4860.0,4910.0,4860.0,4910.0,131400
2026-03-30 06:35:00,4860.0,4870.0,4860.0,4860.0,27600
2026-03-30 06:40:00,4880.0,4890.0,4860.0,4860.0,52100
2026-03-30 06:45:00,4880.0,4880.0,4870.0,4870.0,16600
2026-03-30 06:50:00,4870.0,4880.0,4870.0,4870.0,3000
2026-03-30 06:55:00,4870.0,4890.0,4870.0,4870.0,76100
2026-03-30 07:00:00,4890.0,4890.0,4870.0,4870.0,60400
2026-03-30 07:05:00,4890.0,4890.0,4880.0,4890.0,15300
2026-03-30 07:10:00,4880.0,4880.0,4870.0,4880.0,20500
2026-03-30 07:15:00,4870.0,4880.0,4870.0,4870.0,23100
2026-03-30 07:20:00,4870.0,4890.0,4870.0,4870.0,41600
2026-03-30 07:25:00,4870.0,4870.0,4870.0,4870.0,18000
2026-03-30 07:30:00,4860.0,4870.0,4860.0,4870.0,47700
2026-03-30 07:35:00,4870.0,4870.0,4860.0,4860.0,65100
2026-03-30 07:40:00,4860.0,4870.0,4850.0,4860.0,32300
2026-03-30 07:45:00,4850.0,4870.0,4850.0,4860.0,57600
2026-03-30 07:50:00,4850.0,4860.0,4840.0,4860.0,64500
2026-03-30 07:55:00,4840.0,4850.0,4840.0,4840.0,10900
2026-03-30 08:00:00,4840.0,4850.0,4840.0,4840.0,30900
2026-03-30 08:05:00,4850.0,4850.0,4840.0,4840.0,81200
2026-03-30 08:10:00,4850.0,4850.0,4840.0,4850.0,74600
2026-03-30 08:15:00,4840.0,4860.0,4830.0,4850.0,233600
2026-03-30 08:20:00,4840.0,4850.0,4830.0,4850.0,61400
2026-03-30 08:25:00,4830.0,4840.0,4830.0,4830.0,80400
2026-03-30 08:30:00,4840.0,4840.0,4830.0,4840.0,52000
2026-03-30 08:35:00,4840.0,4850.0,4830.0,4840.0,91300
2026-03-30 08:40:00,4840.0,4850.0,4840.0,4840.0,53700
2026-03-30 08:45:00,4840.0,4860.0,4830.0,4850.0,121600
2026-03-30 09:00:00,4750.0,4750.0,4750.0,4750.0,2386100
2026-03-30 09:05:00,4750.0,4750.0,4750.0,4750.0,0
2026-03-30 09:10:00,4750.0,4750.0,4750.0,4750.0,900
2026-03-31 02:00:00,4710.0,4800.0,4710.0,4790.0,0
2026-03-31 02:05:00,4720.0,4730.0,4710.0,4710.0,87800
2026-03-31 02:10:00,4670.0,4730.0,4660.0,4720.0,239200
2026-03-31 02:15:00,4670.0,4680.0,4660.0,4660.0,70300
2026-03-31 02:20:00,4660.0,4670.0,4660.0,4670.0,193000
2026-03-31 02:25:00,4660.0,4670.0,4660.0,4670.0,36900
2026-03-31 02:30:00,4650.0,4670.0,4650.0,4660.0,162900
2026-03-31 02:35:00,4630.0,4650.0,4620.0,4650.0,322100
2026-03-31 02:40:00,4610.0,4630.0,4600.0,4630.0,304500
2026-03-31 02:45:00,4580.0,4610.0,4580.0,4600.0,190200
2026-03-31 02:50:00,4610.0,4610.0,4580.0,4590.0,218600
2026-03-31 02:55:00,4620.0,4620.0,4610.0,4610.0,110800
2026-03-31 03:00:00,4620.0,4640.0,4610.0,4620.0,133500
2026-03-31 03:05:00,4640.0,4640.0,4620.0,4620.0,74000
2026-03-31 03:10:00,4650.0,4670.0,4640.0,4640.0,254200
2026-03-31 03:15:00,4680.0,4690.0,4650.0,4650.0,235400
2026-03-31 03:20:00,4670.0,4700.0,4670.0,4680.0,155600
2026-03-31 03:25:00,4670.0,4680.0,4660.0,4670.0,98500
2026-03-31 03:30:00,4660.0,4670.0,4650.0,4670.0,44200
2026-03-31 03:35:00,4650.0,4660.0,4630.0,4660.0,197400
2026-03-31 03:40:00,4660.0,4670.0,4650.0,4660.0,33700
2026-03-31 03:45:00,4680.0,4680.0,4660.0,4660.0,30800
2026-03-31 03:50:00,4640.0,4680.0,4640.0,4680.0,39200
2026-03-31 03:55:00,4620.0,4650.0,4620.0,4640.0,79100
2026-03-31 04:00:00,4620.0,4630.0,4610.0,4630.0,115700
2026-03-31 04:05:00,4630.0,4630.0,4620.0,4620.0,12500
2026-03-31 04:10:00,4630.0,4630.0,4620.0,4620.0,25100
2026-03-31 04:15:00,4630.0,4630.0,4620.0,4620.0,23300
2026-03-31 04:20:00,4610.0,4620.0,4610.0,4620.0,54700
2026-03-31 04:25:00,4600.0,4610.0,4590.0,4610.0,107900
2026-03-31 04:30:00,4600.0,4600.0,4580.0,4600.0,164600
2026-03-31 04:35:00,4590.0,4590.0,4580.0,4590.0,28100
2026-03-31 04:40:00,4560.0,4590.0,4560.0,4590.0,348500
2026-03-31 04:45:00,4560.0,4570.0,4560.0,4560.0,42600
2026-03-31 04:50:00,4560.0,4570.0,4560.0,4570.0,28300
2026-03-31 04:55:00,4570.0,4580.0,4560.0,4570.0,80900
2026-03-31 06:30:00,4570.0,4580.0,4560.0,4570.0,224900
2026-03-31 06:35:00,4540.0,4570.0,4530.0,4570.0,340100
2026-03-31 06:40:00,4560.0,4560.0,4540.0,4540.0,170100
2026-03-31 06:45:00,4530.0,4560.0,4530.0,4550.0,124200
2026-03-31 06:50:00,4530.0,4540.0,4530.0,4530.0,83000
2026-03-31 06:55:00,4540.0,4540.0,4530.0,4540.0,15600
2026-03-31 07:00:00,4530.0,4540.0,4530.0,4530.0,129700
2026-03-31 07:05:00,4550.0,4560.0,4530.0,4530.0,191900
2026-03-31 07:10:00,4540.0,4560.0,4540.0,4560.0,41100
2026-03-31 07:15:00,4540.0,4550.0,4540.0,4540.0,5100
2026-03-31 07:20:00,4570.0,4570.0,4540.0,4540.0,138600
2026-03-31 07:25:00,4570.0,4570.0,4560.0,4570.0,47100
2026-03-31 07:30:00,4540.0,4570.0,4540.0,4570.0,117500
2026-03-31 07:35:00,4550.0,4550.0,4540.0,4540.0,25100
2026-03-31 07:40:00,4520.0,4540.0,4520.0,4540.0,175900
2026-03-31 07:45:00,4520.0,4530.0,4520.0,4520.0,32900
2026-03-31 07:50:00,4520.0,4530.0,4520.0,4520.0,134500
2026-03-31 07:55:00,4520.0,4530.0,4520.0,4520.0,384200
2026-03-31 08:00:00,4530.0,4530.0,4520.0,4530.0,39900
2026-03-31 08:05:00,4560.0,4560.0,4520.0,4530.0,432800
2026-03-31 08:10:00,4560.0,4560.0,4550.0,4550.0,19500
2026-03-31 08:15:00,4540.0,4560.0,4540.0,4550.0,119600
2026-03-31 08:20:00,4530.0,4550.0,4530.0,4540.0,159700
2026-03-31 08:25:00,4540.0,4540.0,4530.0,4530.0,34500
2026-03-31 08:30:00,4520.0,4540.0,4520.0,4530.0,131400
2026-03-31 08:35:00,4510.0,4530.0,4510.0,4520.0,165000
2026-03-31 08:40:00,4520.0,4520.0,4510.0,4520.0,465800
2026-03-31 08:45:00,4510.0,4530.0,4510.0,4520.0,554000
2026-03-31 09:00:00,4750.0,4750.0,4750.0,4750.0,3697000
2026-03-31 09:05:00,4750.0,4750.0,4750.0,4750.0,1400
2026-03-31 09:10:00,4750.0,4750.0,4750.0,4750.0,600
2026-04-01 02:00:00,4650.0,4680.0,4630.0,4650.0,0
2026-04-01 02:05:00,4670.0,4730.0,4640.0,4650.0,597700
2026-04-01 02:10:00,4660.0,4680.0,4660.0,4680.0,236400
2026-04-01 02:15:00,4670.0,4690.0,4660.0,4660.0,177100
2026-04-01 02:20:00,4660.0,4680.0,4650.0,4680.0,266000
2026-04-01 02:25:00,4690.0,4700.0,4640.0,4650.0,235700
2026-04-01 02:30:00,4690.0,4700.0,4660.0,4690.0,160100
2026-04-01 02:35:00,4670.0,4700.0,4660.0,4690.0,180800
2026-04-01 02:40:00,4640.0,4670.0,4630.0,4670.0,459700
2026-04-01 02:45:00,4630.0,4650.0,4630.0,4650.0,116700
2026-04-01 02:50:00,4640.0,4640.0,4630.0,4640.0,73300
2026-04-01 02:55:00,4660.0,4660.0,4640.0,4650.0,55500
2026-04-01 03:00:00,4660.0,4690.0,4650.0,4650.0,86400
2026-04-01 03:05:00,4690.0,4690.0,4670.0,4670.0,59300
2026-04-01 03:10:00,4660.0,4700.0,4640.0,4680.0,220700
2026-04-01 03:15:00,4670.0,4670.0,4650.0,4660.0,115300
2026-04-01 03:20:00,4660.0,4670.0,4650.0,4650.0,13700
2026-04-01 03:25:00,4650.0,4670.0,4650.0,4670.0,102800
2026-04-01 03:30:00,4660.0,4670.0,4640.0,4650.0,83200
2026-04-01 03:35:00,4650.0,4670.0,4650.0,4670.0,53900
2026-04-01 03:40:00,4630.0,4660.0,4630.0,4650.0,187200
2026-04-01 03:45:00,4640.0,4640.0,4630.0,4630.0,33100
2026-04-01 03:50:00,4630.0,4640.0,4630.0,4630.0,99800
2026-04-01 03:55:00,4630.0,4640.0,4630.0,4640.0,27700
2026-04-01 04:00:00,4640.0,4640.0,4630.0,4630.0,150800
2026-04-01 04:05:00,4630.0,4640.0,4630.0,4630.0,120800
2026-04-01 04:10:00,4640.0,4650.0,4620.0,4630.0,99500
2026-04-01 04:15:00,4640.0,4640.0,4640.0,4640.0,13900
2026-04-01 04:20:00,4640.0,4650.0,4630.0,4640.0,62100
2026-04-01 04:25:00,4640.0,4650.0,4640.0,4640.0,12200
2026-04-01 04:30:00,4630.0,4650.0,4630.0,4640.0,118500
2026-04-01 04:35:00,4640.0,4640.0,4630.0,4630.0,24900
2026-04-01 04:40:00,4630.0,4640.0,4620.0,4630.0,39800
2026-04-01 04:45:00,4620.0,4640.0,4620.0,4640.0,95800
2026-04-01 04:50:00,4630.0,4640.0,4620.0,4630.0,17500
2026-04-01 04:55:00,4620.0,4630.0,4620.0,4630.0,52800
2026-04-01 06:30:00,4620.0,4630.0,4610.0,4630.0,141100
2026-04-01 06:35:00,4630.0,4630.0,4610.0,4610.0,56500
2026-04-01 06:40:00,4630.0,4630.0,4620.0,4630.0,42400
2026-04-01 06:45:00,4630.0,4640.0,4630.0,4630.0,30100
2026-04-01 06:50:00,4620.0,4640.0,4620.0,4630.0,84000
2026-04-01 06:55:00,4610.0,4630.0,4610.0,4620.0,66500
2026-04-01 07:00:00,4630.0,4650.0,4610.0,4620.0,104600
2026-04-01 07:05:00,4630.0,4630.0,4620.0,4630.0,110400
2026-04-01 07:10:00,4630.0,4640.0,4620.0,4630.0,54700
2026-04-01 07:15:00,4640.0,4650.0,4630.0,4640.0,53000
2026-04-01 07:20:00,4620.0,4640.0,4620.0,4640.0,178300
2026-04-01 07:25:00,4620.0,4630.0,4620.0,4630.0,35900
2026-04-01 07:30:00,4620.0,4640.0,4620.0,4620.0,79400
2026-04-01 07:35:00,4630.0,4640.0,4620.0,4620.0,62800
2026-04-01 07:40:00,4620.0,4640.0,4620.0,4630.0,158200
2026-04-01 07:45:00,4620.0,4630.0,4620.0,4620.0,16200
2026-04-01 07:50:00,4620.0,4630.0,4620.0,4630.0,71300
2026-04-01 07:55:00,4630.0,4630.0,4610.0,4620.0,65100
2026-04-01 08:00:00,4610.0,4630.0,4610.0,4620.0,185300
2026-04-01 08:05:00,4600.0,4610.0,4600.0,4610.0,155100
2026-04-01 08:10:00,4600.0,4620.0,4600.0,4610.0,222600
2026-04-01 08:15:00,4620.0,4620.0,4600.0,4610.0,65900
2026-04-01 08:20:00,4610.0,4620.0,4600.0,4610.0,69800
2026-04-01 08:25:00,4590.0,4610.0,4590.0,4600.0,191500
2026-04-01 08:30:00,4590.0,4600.0,4580.0,4600.0,235500
2026-04-01 08:35:00,4580.0,4600.0,4580.0,4590.0,219700
2026-04-01 08:40:00,4580.0,4600.0,4570.0,4590.0,416600
2026-04-01 08:45:00,4590.0,4600.0,4580.0,4580.0,217700
2026-04-01 09:00:00,4580.0,4580.0,4580.0,4580.0,991500
2026-04-01 09:05:00,4580.0,4580.0,4580.0,4580.0,62300
2026-04-01 09:10:00,4580.0,4580.0,4580.0,4580.0,75900
2026-04-02 02:00:00,4540.0,4580.0,4520.0,4580.0,0
2026-04-02 02:05:00,4520.0,4530.0,4500.0,4530.0,526400
2026-04-02 02:10:00,4530.0,4540.0,4520.0,4520.0,47900
2026-04-02 02:15:00,4530.0,4530.0,4510.0,4520.0,67300
2026-04-02 02:20:00,4520.0,4530.0,4510.0,4530.0,82600
2026-04-02 02:25:00,4510.0,4530.0,4510.0,4510.0,228100
2026-04-02 02:30:00,4500.0,4520.0,4500.0,4510.0,248600
2026-04-02 02:35:00,4510.0,4510.0,4500.0,4510.0,39700
2026-04-02 02:40:00,4510.0,4510.0,4500.0,4500.0,76700
2026-04-02 02:45:00,4510.0,4510.0,4500.0,4500.0,36800
2026-04-02 02:50:00,4500.0,4510.0,4500.0,4510.0,30100
2026-04-02 02:55:00,4510.0,4510.0,4500.0,4510.0,151400
2026-04-02 03:00:00,4500.0,4510.0,4500.0,4500.0,142800
2026-04-02 03:05:00,4510.0,4510.0,4500.0,4500.0,47100
2026-04-02 03:10:00,4510.0,4510.0,4500.0,4510.0,94900
2026-04-02 03:15:00,4500.0,4510.0,4500.0,4510.0,89800
2026-04-02 03:20:00,4500.0,4510.0,4500.0,4510.0,21600
2026-04-02 03:25:00,4510.0,4510.0,4500.0,4510.0,45300
2026-04-02 03:30:00,4510.0,4510.0,4500.0,4500.0,88900
2026-04-02 03:35:00,4510.0,4510.0,4500.0,4510.0,25800
2026-04-02 03:40:00,4500.0,4510.0,4500.0,4510.0,95500
2026-04-02 03:45:00,4500.0,4510.0,4500.0,4510.0,21600
2026-04-02 03:50:00,4510.0,4510.0,4500.0,4500.0,201800
2026-04-02 03:55:00,4510.0,4510.0,4500.0,4500.0,83400
2026-04-02 04:00:00,4500.0,4510.0,4500.0,4500.0,26000
2026-04-02 04:05:00,4510.0,4510.0,4500.0,4510.0,365900
2026-04-02 04:10:00,4510.0,4510.0,4500.0,4500.0,65100
2026-04-02 04:15:00,4500.0,4510.0,4500.0,4500.0,41900
2026-04-02 04:20:00,4500.0,4510.0,4500.0,4500.0,46600
2026-04-02 04:25:00,4500.0,4510.0,4500.0,4500.0,336500
2026-04-02 04:30:00,4480.0,4510.0,4470.0,4500.0,324100
2026-04-02 04:35:00,4480.0,4480.0,4460.0,4480.0,106800
2026-04-02 04:40:00,4460.0,4490.0,4460.0,4480.0,33000
2026-04-02 04:45:00,4450.0,4470.0,4450.0,4460.0,148700
2026-04-02 04:50:00,4450.0,4470.0,4450.0,4460.0,63600
2026-04-02 04:55:00,4450.0,4460.0,4450.0,4460.0,33200
2026-04-02 06:30:00,4450.0,4460.0,4450.0,4450.0,74000
2026-04-02 06:35:00,4410.0,4460.0,4410.0,4450.0,281400
2026-04-02 06:40:00,4400.0,4420.0,4400.0,4410.0,290300
2026-04-02 06:45:00,4360.0,4410.0,4360.0,4410.0,367100
2026-04-02 06:50:00,4350.0,4370.0,4350.0,4360.0,391400
2026-04-02 06:55:00,4350.0,4370.0,4340.0,4350.0,216100
2026-04-02 07:00:00,4340.0,4370.0,4340.0,4360.0,86900
2026-04-02 07:05:00,4350.0,4360.0,4340.0,4340.0,105700
2026-04-02 07:10:00,4350.0,4360.0,4340.0,4350.0,97300
2026-04-02 07:15:00,4340.0,4360.0,4330.0,4350.0,175100
2026-04-02 07:20:00,4340.0,4350.0,4340.0,4340.0,30800
2026-04-02 07:25:00,4350.0,4360.0,4330.0,4340.0,121400
2026-04-02 07:30:00,4340.0,4360.0,4330.0,4350.0,77000
2026-04-02 07:35:00,4340.0,4350.0,4340.0,4340.0,39600
2026-04-02 07:40:00,4330.0,4350.0,4330.0,4340.0,135700
2026-04-02 07:45:00,4340.0,4340.0,4330.0,4340.0,45700
2026-04-02 07:50:00,4330.0,4340.0,4320.0,4330.0,104400
2026-04-02 07:55:00,4330.0,4330.0,4320.0,4320.0,49300
2026-04-02 08:00:00,4310.0,4330.0,4300.0,4320.0,545000
2026-04-02 08:05:00,4310.0,4320.0,4310.0,4310.0,58100
2026-04-02 08:10:00,4280.0,4310.0,4280.0,4310.0,520000
2026-04-02 08:15:00,4270.0,4290.0,4260.0,4280.0,263100
2026-04-02 08:20:00,4270.0,4280.0,4270.0,4270.0,42800
2026-04-02 08:25:00,4260.0,4280.0,4260.0,4270.0,231600
2026-04-02 08:30:00,4260.0,4270.0,4260.0,4260.0,108900
2026-04-02 08:35:00,4260.0,4270.0,4250.0,4270.0,356200
2026-04-02 08:40:00,4200.0,4260.0,4190.0,4250.0,857900
2026-04-02 08:45:00,4250.0,4250.0,4200.0,4210.0,275200
2026-04-02 09:00:00,4170.0,4170.0,4170.0,4170.0,1193500
2026-04-02 09:05:00,4170.0,4170.0,4170.0,4170.0,78100
2026-04-02 09:10:00,4170.0,4170.0,4170.0,4170.0,26400
2026-04-06 02:00:00,4010.0,4100.0,3990.0,4090.0,0
2026-04-06 02:05:00,3930.0,4010.0,3930.0,4010.0,822900
2026-04-06 02:10:00,3990.0,3990.0,3910.0,3930.0,339100
2026-04-06 02:15:00,4070.0,4100.0,3980.0,3990.0,517000
2026-04-06 02:20:00,4130.0,4170.0,4070.0,4080.0,453300
2026-04-06 02:25:00,4120.0,4130.0,4070.0,4120.0,272300
2026-04-06 02:30:00,4130.0,4130.0,4080.0,4110.0,233600
2026-04-06 02:35:00,4100.0,4150.0,4100.0,4130.0,223900
2026-04-06 02:40:00,4120.0,4140.0,4080.0,4100.0,93600
2026-04-06 02:45:00,4090.0,4120.0,4090.0,4120.0,89600
2026-04-06 02:50:00,4060.0,4110.0,4060.0,4090.0,181700
2026-04-06 02:55:00,4060.0,4070.0,4050.0,4070.0,187300
2026-04-06 03:00:00,4050.0,4070.0,4040.0,4060.0,88400
2026-04-06 03:05:00,4050.0,4050.0,4040.0,4050.0,153600
2026-04-06 03:10:00,4040.0,4050.0,4030.0,4050.0,114700
2026-04-06 03:15:00,3990.0,4030.0,3990.0,4030.0,253600
2026-04-06 03:20:00,4000.0,4000.0,3990.0,4000.0,66800
2026-04-06 03:25:00,4000.0,4020.0,3990.0,4000.0,113500
2026-04-06 03:30:00,3990.0,4000.0,3980.0,4000.0,48700
2026-04-06 03:35:00,3990.0,4000.0,3980.0,3980.0,83100
2026-04-06 03:40:00,3980.0,3990.0,3980.0,3990.0,42200
2026-04-06 03:45:00,3970.0,3990.0,3970.0,3990.0,137900
2026-04-06 03:50:00,3970.0,3980.0,3970.0,3980.0,28700
2026-04-06 03:55:00,3970.0,3980.0,3960.0,3970.0,51600
2026-04-06 04:00:00,4020.0,4040.0,3970.0,3970.0,265100
2026-04-06 04:05:00,4030.0,4030.0,4010.0,4020.0,90400
2026-04-06 04:10:00,4020.0,4030.0,4020.0,4030.0,60500
2026-04-06 04:15:00,4000.0,4020.0,4000.0,4010.0,35500
2026-04-06 04:20:00,4000.0,4000.0,4000.0,4000.0,0
2026-04-06 04:25:00,3990.0,4010.0,3980.0,4000.0,75800
2026-04-06 04:30:00,3980.0,3990.0,3970.0,3980.0,47800
2026-04-06 04:35:00,3990.0,3990.0,3980.0,3980.0,63600
2026-04-06 04:40:00,3980.0,3990.0,3980.0,3990.0,40100
2026-04-06 04:45:00,3980.0,3990.0,3980.0,3990.0,16700
2026-04-06 04:50:00,3980.0,3990.0,3980.0,3990.0,23400
2026-04-06 04:55:00,3990.0,4010.0,3980.0,3980.0,79300
2026-04-06 06:30:00,4010.0,4030.0,3990.0,4000.0,212100
2026-04-06 06:35:00,4020.0,4030.0,4000.0,4010.0,196000
2026-04-06 06:40:00,4020.0,4030.0,4010.0,4010.0,174400
2026-04-06 06:45:00,4020.0,4040.0,4010.0,4020.0,250400
2026-04-06 06:50:00,3990.0,4030.0,3990.0,4020.0,161300
2026-04-06 06:55:00,4000.0,4000.0,3990.0,4000.0,111600
2026-04-06 07:00:00,4020.0,4020.0,3980.0,4000.0,154600
2026-04-06 07:05:00,3990.0,4020.0,3990.0,4010.0,116000
2026-04-06 07:10:00,4000.0,4000.0,3990.0,3990.0,77400
2026-04-06 07:15:00,4010.0,4020.0,4000.0,4010.0,119200
2026-04-06 07:20:00,4020.0,4050.0,4010.0,4010.0,194200
2026-04-06 07:25:00,4030.0,4030.0,4000.0,4020.0,161300
2026-04-06 07:30:00,4010.0,4030.0,4010.0,4020.0,78200
2026-04-06 07:35:00,4010.0,4020.0,4000.0,4010.0,103900
2026-04-06 07:40:00,4010.0,4010.0,4000.0,4010.0,165300
2026-04-06 07:45:00,4010.0,4020.0,4000.0,4010.0,98600
2026-04-06 07:50:00,4010.0,4010.0,4000.0,4000.0,33600
2026-04-06 07:55:00,4010.0,4020.0,4000.0,4010.0,78000
2026-04-06 08:00:00,4030.0,4040.0,4000.0,4020.0,203100
2026-04-06 08:05:00,4020.0,4040.0,4020.0,4030.0,149500
2026-04-06 08:10:00,4010.0,4020.0,4000.0,4020.0,63300
2026-04-06 08:15:00,4010.0,4020.0,4010.0,4010.0,165400
2026-04-06 08:20:00,4010.0,4020.0,4010.0,4010.0,22200
2026-04-06 08:25:00,4000.0,4020.0,4000.0,4020.0,40400
2026-04-06 08:30:00,4000.0,4010.0,3990.0,4000.0,167400
2026-04-06 08:35:00,4000.0,4000.0,3980.0,3990.0,323700
2026-04-06 08:40:00,4020.0,4040.0,4000.0,4010.0,171200
2026-04-06 08:45:00,4040.0,4040.0,4020.0,4020.0,132400
2026-04-06 09:00:00,3990.0,3990.0,3990.0,3990.0,646000
2026-04-06 09:05:00,3990.0,3990.0,3990.0,3990.0,22700
2026-04-06 09:10:00,3990.0,3990.0,3990.0,3990.0,2400
2026-04-07 02:00:00,4090.0,4120.0,4050.0,4070.0,0
2026-04-07 02:05:00,4080.0,4100.0,4070.0,4090.0,113100
2026-04-07 02:10:00,4090.0,4110.0,4060.0,4080.0,192500
2026-04-07 02:15:00,4080.0,4090.0,4070.0,4080.0,102600
2026-04-07 02:20:00,4090.0,4110.0,4080.0,4090.0,147100
2026-04-07 02:25:00,4140.0,4150.0,4090.0,4090.0,310500
2026-04-07 02:30:00,4160.0,4200.0,4150.0,4150.0,500400
2026-04-07 02:35:00,4230.0,4230.0,4160.0,4160.0,271800
2026-04-07 02:40:00,4210.0,4230.0,4170.0,4230.0,383700
2026-04-07 02:45:00,4220.0,4240.0,4200.0,4200.0,263400
2026-04-07 02:50:00,4230.0,4230.0,4210.0,4220.0,144300
2026-04-07 02:55:00,4220.0,4230.0,4210.0,4220.0,113300
2026-04-07 03:00:00,4220.0,4260.0,4220.0,4220.0,436600
2026-04-07 03:05:00,4220.0,4230.0,4200.0,4220.0,171000
2026-04-07 03:10:00,4260.0,4260.0,4220.0,4230.0,135100
2026-04-07 03:15:00,4310.0,4320.0,4250.0,4250.0,1028200
2026-04-07 03:20:00,4310.0,4340.0,4290.0,4320.0,218000
2026-04-07 03:25:00,4290.0,4310.0,4290.0,4310.0,126900
2026-04-07 03:30:00,4260.0,4300.0,4260.0,4290.0,149100
2026-04-07 03:35:00,4250.0,4280.0,4250.0,4260.0,156600
2026-04-07 03:40:00,4230.0,4250.0,4210.0,4250.0,282900
2026-04-07 03:45:00,4190.0,4220.0,4190.0,4220.0,248400
2026-04-07 03:50:00,4180.0,4200.0,4170.0,4190.0,69900
2026-04-07 03:55:00,4170.0,4180.0,4170.0,4170.0,30400
2026-04-07 04:00:00,4200.0,4210.0,4170.0,4170.0,167800
2026-04-07 04:05:00,4190.0,4200.0,4190.0,4200.0,43200
2026-04-07 04:10:00,4190.0,4200.0,4190.0,4190.0,8600
2026-04-07 04:15:00,4170.0,4200.0,4170.0,4200.0,105700
2026-04-07 04:20:00,4160.0,4170.0,4150.0,4170.0,72800
2026-04-07 04:25:00,4160.0,4160.0,4150.0,4160.0,86200
2026-04-07 04:30:00,4170.0,4170.0,4160.0,4160.0,82400
2026-04-07 04:35:00,4170.0,4170.0,4160.0,4160.0,13300
2026-04-07 04:40:00,4170.0,4180.0,4160.0,4170.0,91500
2026-04-07 04:45:00,4160.0,4160.0,4150.0,4160.0,28000
2026-04-07 04:50:00,4160.0,4160.0,4150.0,4160.0,46200
2026-04-07 04:55:00,4170.0,4170.0,4150.0,4160.0,30800
2026-04-07 06:30:00,4160.0,4170.0,4160.0,4170.0,71000
2026-04-07 06:35:00,4170.0,4170.0,4160.0,4160.0,178500
2026-04-07 06:40:00,4180.0,4180.0,4160.0,4160.0,76800
2026-04-07 06:45:00,4180.0,4180.0,4170.0,4180.0,76400
2026-04-07 06:50:00,4190.0,4210.0,4180.0,4180.0,72600
2026-04-07 06:55:00,4190.0,4200.0,4180.0,4190.0,43400
2026-04-07 07:00:00,4190.0,4200.0,4170.0,4190.0,77700
2026-04-07 07:05:00,4170.0,4180.0,4170.0,4180.0,68900
2026-04-07 07:10:00,4150.0,4170.0,4150.0,4160.0,71900
2026-04-07 07:15:00,4170.0,4180.0,4160.0,4160.0,74200
2026-04-07 07:20:00,4180.0,4180.0,4170.0,4170.0,60200
2026-04-07 07:25:00,4200.0,4200.0,4180.0,4180.0,89800
2026-04-07 07:30:00,4170.0,4190.0,4160.0,4190.0,145300
2026-04-07 07:35:00,4150.0,4160.0,4140.0,4160.0,99500
2026-04-07 07:40:00,4150.0,4150.0,4140.0,4140.0,25100
2026-04-07 07:45:00,4160.0,4160.0,4150.0,4150.0,100000
2026-04-07 07:50:00,4120.0,4160.0,4120.0,4160.0,302400
2026-04-07 07:55:00,4120.0,4140.0,4110.0,4120.0,167700
2026-04-07 08:00:00,4120.0,4130.0,4120.0,4130.0,27900
2026-04-07 08:05:00,4140.0,4140.0,4110.0,4120.0,206300
2026-04-07 08:10:00,4160.0,4190.0,4140.0,4140.0,92000
2026-04-07 08:15:00,4190.0,4190.0,4150.0,4150.0,132000
2026-04-07 08:20:00,4150.0,4160.0,4140.0,4160.0,49200
2026-04-07 08:25:00,4190.0,4190.0,4140.0,4150.0,161600
2026-04-07 08:30:00,4180.0,4190.0,4170.0,4190.0,101800
2026-04-07 08:35:00,4190.0,4190.0,4170.0,4180.0,68400
2026-04-07 08:40:00,4170.0,4190.0,4170.0,4180.0,179900
2026-04-07 08:45:00,4210.0,4210.0,4170.0,4170.0,235300
2026-04-07 09:00:00,4180.0,4180.0,4180.0,4180.0,1149300
2026-04-07 09:05:00,4180.0,4180.0,4180.0,4180.0,900
2026-04-07 09:10:00,4180.0,4180.0,4180.0,4180.0,200
2026-04-08 02:00:00,4280.0,4400.0,4270.0,4370.0,0
2026-04-08 02:05:00,4270.0,4300.0,4260.0,4270.0,499900
2026-04-08 02:10:00,4330.0,4330.0,4270.0,4270.0,292700
2026-04-08 02:15:00,4330.0,4340.0,4320.0,4330.0,205000
2026-04-08 02:20:00,4350.0,4350.0,4320.0,4330.0,254000
2026-04-08 02:25:00,4320.0,4350.0,4320.0,4340.0,160900
2026-04-08 02:30:00,4330.0,4330.0,4310.0,4320.0,118400
2026-04-08 02:35:00,4350.0,4370.0,4330.0,4330.0,291100
2026-04-08 02:40:00,4350.0,4370.0,4350.0,4360.0,152500
2026-04-08 02:45:00,4330.0,4350.0,4330.0,4350.0,290200
2026-04-08 02:50:00,4330.0,4330.0,4320.0,4330.0,172400
2026-04-08 02:55:00,4330.0,4330.0,4320.0,4330.0,64600
2026-04-08 03:00:00,4330.0,4330.0,4320.0,4320.0,26300
2026-04-08 03:05:00,4310.0,4330.0,4300.0,4330.0,127500
2026-04-08 03:10:00,4270.0,4310.0,4270.0,4300.0,239300
2026-04-08 03:15:00,4270.0,4280.0,4260.0,4270.0,79700
2026-04-08 03:20:00,4280.0,4280.0,4270.0,4280.0,18900
2026-04-08 03:25:00,4290.0,4290.0,4270.0,4270.0,98200
2026-04-08 03:30:00,4310.0,4320.0,4290.0,4290.0,59500
2026-04-08 03:35:00,4310.0,4320.0,4300.0,4310.0,55300
2026-04-08 03:40:00,4290.0,4310.0,4280.0,4310.0,93400
2026-04-08 03:45:00,4290.0,4300.0,4290.0,4290.0,29600
2026-04-08 03:50:00,4290.0,4300.0,4290.0,4290.0,70500
2026-04-08 03:55:00,4320.0,4320.0,4300.0,4300.0,66200
2026-04-08 04:00:00,4310.0,4330.0,4290.0,4320.0,102900
2026-04-08 04:05:00,4310.0,4310.0,4300.0,4310.0,24800
2026-04-08 04:10:00,4310.0,4320.0,4300.0,4310.0,84400
2026-04-08 04:15:00,4340.0,4340.0,4300.0,4300.0,87200
2026-04-08 04:20:00,4360.0,4360.0,4330.0,4340.0,129700
2026-04-08 04:25:00,4350.0,4360.0,4350.0,4360.0,81600
2026-04-08 04:30:00,4340.0,4350.0,4340.0,4340.0,24800
2026-04-08 04:35:00,4330.0,4340.0,4330.0,4340.0,15500
2026-04-08 04:40:00,4350.0,4350.0,4320.0,4320.0,67100
2026-04-08 04:45:00,4370.0,4370.0,4350.0,4350.0,209400
2026-04-08 04:50:00,4440.0,4460.0,4370.0,4370.0,595500
2026-04-08 04:55:00,4430.0,4470.0,4420.0,4440.0,122000
2026-04-08 06:30:00,4440.0,4440.0,4410.0,4430.0,371200
2026-04-08 06:35:00,4420.0,4430.0,4420.0,4430.0,89900
2026-04-08 06:40:00,4440.0,4440.0,4410.0,4430.0,210000
2026-04-08 06:45:00,4430.0,4440.0,4420.0,4430.0,159700
2026-04-08 06:50:00,4440.0,4440.0,4430.0,4430.0,22600
2026-04-08 06:55:00,4420.0,4440.0,4420.0,4430.0,21200
2026-04-08 07:00:00,4410.0,4420.0,4410.0,4420.0,51000
2026-04-08 07:05:00,4410.0,4420.0,4410.0,4410.0,83000
2026-04-08 07:10:00,4410.0,4420.0,4410.0,4410.0,61800
2026-04-08 07:15:00,4400.0,4410.0,4390.0,4410.0,579900
2026-04-08 07:20:00,4420.0,4420.0,4390.0,4400.0,177300
2026-04-08 07:25:00,4440.0,4440.0,4410.0,4410.0,286600
2026-04-08 07:30:00,4450.0,4460.0,4430.0,4440.0,175500
2026-04-08 07:35:00,4450.0,4480.0,4430.0,4440.0,319700
2026-04-08 07:40:00,4450.0,4460.0,4440.0,4450.0,60600
2026-04-08 07:45:00,4490.0,4530.0,4460.0,4460.0,674600
2026-04-08 07:50:00,4530.0,4560.0,4470.0,4500.0,720700
2026-04-08 07:55:00,4520.0,4540.0,4490.0,4530.0,248600
2026-04-08 08:00:00,4480.0,4530.0,4470.0,4520.0,345400
2026-04-08 08:05:00,4460.0,4500.0,4460.0,4480.0,280400
2026-04-08 08:10:00,4490.0,4490.0,4460.0,4470.0,92000
2026-04-08 08:15:00,4490.0,4490.0,4480.0,4480.0,82100
2026-04-08 08:20:00,4480.0,4500.0,4470.0,4490.0,161900
2026-04-08 08:25:00,4490.0,4490.0,4460.0,4480.0,172000
2026-04-08 08:30:00,4520.0,4530.0,4490.0,4500.0,507100
2026-04-08 08:35:00,4510.0,4540.0,4500.0,4530.0,122900
2026-04-08 08:40:00,4500.0,4520.0,4500.0,4510.0,257400
2026-04-08 08:45:00,4510.0,4520.0,4500.0,4510.0,145600
2026-04-08 09:00:00,4480.0,4480.0,4480.0,4480.0,1217400
2026-04-08 09:05:00,4480.0,4480.0,4480.0,4480.0,27300
2026-04-08 09:10:00,4480.0,4480.0,4480.0,4480.0,54900
2026-04-09 02:00:00,4430.0,4480.0,4370.0,4470.0,0
2026-04-09 02:05:00,4500.0,4500.0,4430.0,4430.0,296800
2026-04-09 02:10:00,4560.0,4570.0,4500.0,4510.0,714500
2026-04-09 02:15:00,4640.0,4660.0,4550.0,4550.0,1422500
2026-04-09 02:20:00,4690.0,4690.0,4640.0,4640.0,1027100
2026-04-09 02:25:00,4720.0,4730.0,4660.0,4680.0,990700
2026-04-09 02:30:00,4720.0,4740.0,4670.0,4730.0,758100
2026-04-09 02:35:00,4720.0,4740.0,4700.0,4720.0,207500
2026-04-09 02:40:00,4710.0,4730.0,4690.0,4730.0,381500
2026-04-09 02:45:00,4690.0,4720.0,4670.0,4700.0,309000
2026-04-09 02:50:00,4670.0,4710.0,4660.0,4690.0,217200
2026-04-09 02:55:00,4660.0,4660.0,4640.0,4660.0,513300
2026-04-09 03:00:00,4680.0,4680.0,4660.0,4660.0,52400
2026-04-09 03:05:00,4670.0,4680.0,4660.0,4670.0,92900
2026-04-09 03:10:00,4670.0,4670.0,4660.0,4670.0,67800
2026-04-09 03:15:00,4670.0,4670.0,4660.0,4670.0,77200
2026-04-09 03:20:00,4670.0,4670.0,4660.0,4660.0,71800
2026-04-09 03:25:00,4680.0,4690.0,4660.0,4660.0,159900
2026-04-09 03:30:00,4680.0,4680.0,4670.0,4680.0,120900
2026-04-09 03:35:00,4700.0,4700.0,4670.0,4680.0,166700
2026-04-09 03:40:00,4680.0,4700.0,4680.0,4700.0,55900
2026-04-09 03:45:00,4690.0,4700.0,4680.0,4680.0,89100
2026-04-09 03:50:00,4680.0,4690.0,4670.0,4690.0,62300
2026-04-09 03:55:00,4690.0,4710.0,4680.0,4680.0,191200
2026-04-09 04:00:00,4680.0,4700.0,4680.0,4700.0,93100
2026-04-09 04:05:00,4710.0,4710.0,4680.0,4690.0,105200
2026-04-09 04:10:00,4710.0,4720.0,4700.0,4700.0,214700
2026-04-09 04:15:00,4710.0,4710.0,4700.0,4710.0,65100
2026-04-09 04:20:00,4700.0,4710.0,4700.0,4710.0,60700
2026-04-09 04:25:00,4680.0,4710.0,4680.0,4710.0,786600
2026-04-09 04:30:00,4690.0,4690.0,4680.0,4680.0,83900
2026-04-09 04:35:00,4670.0,4690.0,4670.0,4680.0,174200
2026-04-09 04:40:00,4720.0,4730.0,4670.0,4680.0,358200
2026-04-09 04:45:00,4700.0,4720.0,4700.0,4720.0,160800
2026-04-09 04:50:00,4710.0,4710.0,4700.0,4710.0,130900
2026-04-09 04:55:00,4710.0,4730.0,4700.0,4710.0,265800
2026-04-09 06:30:00,4900.0,4900.0,4700.0,4710.0,3380600
2026-04-09 06:35:00,4810.0,4890.0,4750.0,4890.0,700200
2026-04-09 06:40:00,4790.0,4830.0,4770.0,4830.0,517600
2026-04-09 06:45:00,4850.0,4850.0,4790.0,4790.0,218100
2026-04-09 06:50:00,4840.0,4880.0,4800.0,4850.0,460400
2026-04-09 06:55:00,4910.0,4910.0,4840.0,4840.0,624800
2026-04-09 07:00:00,5050.0,5050.0,4910.0,4920.0,1759100
2026-04-09 07:05:00,5050.0,5050.0,4960.0,5050.0,704400
2026-04-09 07:10:00,5000.0,5050.0,4980.0,5025.0,555200
2026-04-09 07:15:00,5025.0,5050.0,4980.0,5000.0,857600
2026-04-09 07:20:00,4990.0,5050.0,4980.0,5025.0,551600
2026-04-09 07:25:00,5000.0,5025.0,4980.0,4980.0,282700
2026-04-09 07:30:00,4970.0,5025.0,4970.0,5000.0,403200
2026-04-09 07:35:00,4990.0,4990.0,4960.0,4970.0,345200
2026-04-09 07:40:00,4990.0,5000.0,4970.0,4990.0,263700
2026-04-09 07:45:00,4970.0,5000.0,4950.0,4990.0,587000
2026-04-09 07:50:00,4950.0,4960.0,4930.0,4960.0,483100
2026-04-09 07:55:00,4980.0,4990.0,4940.0,4940.0,281600
2026-04-09 08:00:00,4980.0,4990.0,4940.0,4980.0,511500
2026-04-09 08:05:00,5000.0,5025.0,4970.0,4990.0,837200
2026-04-09 08:10:00,5050.0,5075.0,5000.0,5000.0,895900
2026-04-09 08:15:00,5000.0,5075.0,5000.0,5050.0,223900
2026-04-09 08:20:00,5175.0,5175.0,5000.0,5000.0,1323100
2026-04-09 08:25:00,5225.0,5225.0,5150.0,5175.0,2014600
2026-04-09 08:30:00,5150.0,5250.0,5150.0,5225.0,1191800
2026-04-09 08:35:00,5225.0,5275.0,5150.0,5175.0,1033200
2026-04-09 08:40:00,5200.0,5225.0,5200.0,5225.0,686400
2026-04-09 08:45:00,5250.0,5250.0,5200.0,5225.0,759500
2026-04-09 09:00:00,5200.0,5200.0,5200.0,5200.0,2218100
2026-04-09 09:05:00,5200.0,5200.0,5200.0,5200.0,355800
2026-04-09 09:10:00,5200.0,5200.0,5200.0,5200.0,17000
2026-04-10 02:00:00,5600.0,5600.0,5250.0,5250.0,0
2026-04-10 02:05:00,5625.0,5700.0,5575.0,5575.0,1761900
2026-04-10 02:10:00,5550.0,5625.0,5525.0,5625.0,956200
2026-04-10 02:15:00,5675.0,5700.0,5550.0,5575.0,722000
2026-04-10 02:20:00,5800.0,5800.0,5650.0,5675.0,1211600
2026-04-10 02:25:00,5975.0,6050.0,5750.0,5800.0,5479200
2026-04-10 02:30:00,6000.0,6025.0,5925.0,5975.0,1838200
2026-04-10 02:35:00,5950.0,6000.0,5950.0,6000.0,796900
2026-04-10 02:40:00,5825.0,5950.0,5700.0,5950.0,2239100
2026-04-10 02:45:00,5875.0,5925.0,5775.0,5825.0,655500
2026-04-10 02:50:00,5950.0,5975.0,5850.0,5875.0,878700
2026-04-10 02:55:00,5900.0,5975.0,5900.0,5950.0,594000
2026-04-10 03:00:00,5875.0,5925.0,5850.0,5900.0,336700
2026-04-10 03:05:00,5900.0,5900.0,5800.0,5875.0,417700
2026-04-10 03:10:00,5900.0,5900.0,5825.0,5900.0,163700
2026-04-10 03:15:00,6000.0,6000.0,5850.0,5900.0,1210400
2026-04-10 03:20:00,6025.0,6050.0,6000.0,6000.0,504300
2026-04-10 03:25:00,6050.0,6050.0,6000.0,6000.0,360100
2026-04-10 03:30:00,5975.0,6050.0,5975.0,6050.0,804400
2026-04-10 03:35:00,5975.0,6000.0,5950.0,5975.0,159200
2026-04-10 03:40:00,5925.0,5975.0,5925.0,5975.0,343700
2026-04-10 03:45:00,5950.0,5950.0,5925.0,5925.0,74800
2026-04-10 03:50:00,5975.0,5975.0,5925.0,5925.0,182000
2026-04-10 03:55:00,5900.0,5975.0,5875.0,5975.0,467300
2026-04-10 04:00:00,5875.0,5900.0,5875.0,5875.0,48500
2026-04-10 04:05:00,5875.0,5900.0,5875.0,5875.0,90900
2026-04-10 04:10:00,5850.0,5900.0,5850.0,5875.0,127300
2026-04-10 04:15:00,5900.0,5900.0,5850.0,5875.0,171100
2026-04-10 04:20:00,5900.0,5900.0,5875.0,5875.0,67100
2026-04-10 04:25:00,5875.0,5900.0,5875.0,5900.0,82500
2026-04-10 07:00:00,6050.0,6050.0,5875.0,5875.0,1084600
2026-04-10 07:05:00,6100.0,6150.0,6025.0,6050.0,1596300
2026-04-10 07:10:00,6200.0,6200.0,6100.0,6125.0,1032300
2026-04-10 07:15:00,6175.0,6225.0,6150.0,6200.0,1227500
2026-04-10 07:20:00,6125.0,6175.0,6125.0,6175.0,423200
2026-04-10 07:25:00,6100.0,6150.0,6075.0,6150.0,535700
2026-04-10 07:30:00,6100.0,6125.0,6075.0,6075.0,110200
2026-04-10 07:35:00,6175.0,6225.0,6100.0,6125.0,1037800
2026-04-10 07:40:00,6150.0,6175.0,6125.0,6175.0,159900
2026-04-10 07:45:00,6150.0,6175.0,6125.0,6150.0,291900
2026-04-10 07:50:00,6150.0,6175.0,6150.0,6150.0,155600
2026-04-10 07:55:00,6125.0,6175.0,6125.0,6150.0,337100
2026-04-10 08:00:00,6125.0,6150.0,6125.0,6125.0,76800
2026-04-10 08:05:00,6175.0,6175.0,6125.0,6150.0,589800
2026-04-10 08:10:00,6125.0,6175.0,6125.0,6150.0,249800
2026-04-10 08:15:00,6075.0,6150.0,6075.0,6125.0,1856300
2026-04-10 08:20:00,6200.0,6200.0,6075.0,6100.0,587400
2026-04-10 08:25:00,6175.0,6225.0,6175.0,6200.0,3203200
2026-04-10 08:30:00,6175.0,6225.0,6150.0,6175.0,628700
2026-04-10 08:35:00,6175.0,6200.0,6150.0,6200.0,676500
2026-04-10 08:40:00,6175.0,6200.0,6100.0,6175.0,949100
2026-04-10 08:45:00,6175.0,6225.0,6125.0,6150.0,3459800
2026-04-10 09:00:00,6075.0,6075.0,6075.0,6075.0,2002500
2026-04-10 09:05:00,6075.0,6075.0,6075.0,6075.0,32200
2026-04-10 09:10:00,6075.0,6075.0,6075.0,6075.0,21500
2026-04-13 02:00:00,6025.0,6100.0,5700.0,5925.0,0
2026-04-13 02:05:00,6100.0,6200.0,6025.0,6050.0,1722700
2026-04-13 02:10:00,6300.0,6300.0,6075.0,6100.0,3030000
2026-04-13 02:15:00,6475.0,6475.0,6275.0,6275.0,2303900
2026-04-13 02:20:00,6500.0,6575.0,6400.0,6475.0,2481200
2026-04-13 02:25:00,6450.0,6525.0,6375.0,6500.0,1389600
2026-04-13 02:30:00,6350.0,6450.0,6325.0,6450.0,1241100
2026-04-13 02:35:00,6325.0,6375.0,6325.0,6375.0,303000
2026-04-13 02:40:00,6425.0,6450.0,6325.0,6350.0,425300
2026-04-13 02:45:00,6400.0,6450.0,6400.0,6450.0,401300
2026-04-13 02:50:00,6450.0,6450.0,6350.0,6400.0,438500
2026-04-13 02:55:00,6600.0,6625.0,6450.0,6450.0,2086000
2026-04-13 03:00:00,6550.0,6600.0,6525.0,6600.0,919800
2026-04-13 03:05:00,6475.0,6575.0,6450.0,6550.0,433100
2026-04-13 03:10:00,6500.0,6525.0,6475.0,6475.0,230400
2026-04-13 03:15:00,6425.0,6500.0,6425.0,6500.0,276700
2026-04-13 03:20:00,6425.0,6475.0,6400.0,6450.0,354300
2026-04-13 03:25:00,6500.0,6500.0,6425.0,6425.0,215400
2026-04-13 03:30:00,6475.0,6500.0,6425.0,6475.0,173400
2026-04-13 03:35:00,6450.0,6475.0,6425.0,6475.0,178600
2026-04-13 03:40:00,6425.0,6450.0,6425.0,6450.0,111000
2026-04-13 03:45:00,6425.0,6425.0,6400.0,6425.0,84400
2026-04-13 03:50:00,6400.0,6450.0,6400.0,6400.0,129600
2026-04-13 03:55:00,6400.0,6450.0,6400.0,6400.0,111700
2026-04-13 04:00:00,6450.0,6450.0,6400.0,6425.0,69900
2026-04-13 04:05:00,6450.0,6475.0,6425.0,6450.0,208300
2026-04-13 04:10:00,6450.0,6450.0,6425.0,6425.0,107000
2026-04-13 04:15:00,6425.0,6450.0,6400.0,6425.0,144400
2026-04-13 04:20:00,6450.0,6450.0,6400.0,6425.0,139100
2026-04-13 04:25:00,6500.0,6500.0,6450.0,6450.0,221600
2026-04-13 04:30:00,6525.0,6525.0,6475.0,6500.0,226200
2026-04-13 04:35:00,6500.0,6525.0,6475.0,6525.0,138200
2026-04-13 04:40:00,6475.0,6500.0,6450.0,6475.0,270800
2026-04-13 04:45:00,6450.0,6475.0,6450.0,6450.0,91500
2026-04-13 04:50:00,6450.0,6475.0,6450.0,6450.0,35600
2026-04-13 04:55:00,6425.0,6500.0,6425.0,6475.0,135000
2026-04-13 06:30:00,6550.0,6600.0,6450.0,6450.0,1381200
2026-04-13 06:35:00,6625.0,6650.0,6500.0,6550.0,1069100
2026-04-13 06:40:00,6575.0,6650.0,6550.0,6600.0,692500
2026-04-13 06:45:00,6550.0,6600.0,6525.0,6600.0,528300
2026-04-13 06:50:00,6625.0,6650.0,6525.0,6550.0,661300
2026-04-13 06:55:00,6725.0,6725.0,6575.0,6625.0,1943400
2026-04-13 07:00:00,6575.0,6750.0,6575.0,6725.0,903700
2026-04-13 07:05:00,6625.0,6625.0,6575.0,6600.0,553200
2026-04-13 07:10:00,6700.0,6700.0,6575.0,6600.0,501200
2026-04-13 07:15:00,6750.0,6775.0,6675.0,6700.0,1024200
2026-04-13 07:20:00,6775.0,6800.0,6725.0,6750.0,752700
2026-04-13 07:25:00,6725.0,6775.0,6700.0,6775.0,849400
2026-04-13 07:30:00,6725.0,6750.0,6700.0,6725.0,161000
2026-04-13 07:35:00,6725.0,6750.0,6700.0,6725.0,437000
2026-04-13 07:40:00,6750.0,6750.0,6725.0,6725.0,94600
2026-04-13 07:45:00,6700.0,6775.0,6675.0,6750.0,592700
2026-04-13 07:50:00,6675.0,6725.0,6675.0,6700.0,274800
2026-04-13 07:55:00,6650.0,6700.0,6650.0,6675.0,453900
2026-04-13 08:00:00,6600.0,6675.0,6500.0,6675.0,2288100
2026-04-13 08:05:00,6475.0,6600.0,6475.0,6575.0,506700
2026-04-13 08:10:00,6550.0,6550.0,6475.0,6475.0,363800
2026-04-13 08:15:00,6575.0,6575.0,6525.0,6550.0,151300
2026-04-13 08:20:00,6575.0,6600.0,6550.0,6575.0,174800
2026-04-13 08:25:00,6550.0,6600.0,6525.0,6575.0,240500
2026-04-13 08:30:00,6500.0,6550.0,6500.0,6525.0,252300
2026-04-13 08:35:00,6475.0,6525.0,6475.0,6500.0,378200
2026-04-13 08:40:00,6500.0,6500.0,6400.0,6475.0,827000
2026-04-13 08:45:00,6475.0,6500.0,6450.0,6500.0,238000
2026-04-13 09:00:00,6475.0,6475.0,6475.0,6475.0,1365800
2026-04-13 09:05:00,6475.0,6475.0,6475.0,6475.0,12900
2026-04-13 09:10:00,6475.0,6475.0,6475.0,6475.0,14400
2026-04-14 02:00:00,6500.0,6700.0,6500.0,6650.0,0
2026-04-14 02:05:00,6575.0,6600.0,6500.0,6500.0,1088300
2026-04-14 02:10:00,6600.0,6625.0,6500.0,6575.0,840500
2026-04-14 02:15:00,6575.0,6600.0,6550.0,6600.0,521800
2026-04-14 02:20:00,6600.0,6625.0,6550.0,6575.0,435500
2026-04-14 02:25:00,6600.0,6625.0,6575.0,6625.0,301600
2026-04-14 02:30:00,6625.0,6650.0,6575.0,6600.0,569500
2026-04-14 02:35:00,6600.0,6625.0,6575.0,6625.0,1633700
2026-04-14 02:40:00,6600.0,6600.0,6550.0,6600.0,640700
2026-04-14 02:45:00,6625.0,6625.0,6575.0,6600.0,339000
2026-04-14 02:50:00,6600.0,6625.0,6600.0,6625.0,298700
2026-04-14 02:55:00,6600.0,6650.0,6575.0,6600.0,498000
2026-04-14 03:00:00,6600.0,6625.0,6575.0,6600.0,112700
2026-04-14 03:05:00,6600.0,6625.0,6600.0,6625.0,69300
2026-04-14 03:10:00,6600.0,6625.0,6600.0,6600.0,338600
2026-04-14 03:15:00,6575.0,6600.0,6575.0,6575.0,71400
2026-04-14 03:20:00,6575.0,6600.0,6575.0,6575.0,110400
2026-04-14 03:25:00,6600.0,6600.0,6575.0,6600.0,122900
2026-04-14 03:30:00,6600.0,6625.0,6575.0,6600.0,251000
2026-04-14 03:35:00,6600.0,6625.0,6600.0,6600.0,166800
2026-04-14 03:40:00,6600.0,6625.0,6600.0,6600.0,59900
2026-04-14 03:45:00,6650.0,6650.0,6600.0,6625.0,597100
2026-04-14 03:50:00,6625.0,6625.0,6600.0,6625.0,453800
2026-04-14 03:55:00,6600.0,6625.0,6600.0,6600.0,97900
2026-04-14 04:00:00,6575.0,6625.0,6575.0,6625.0,119000
2026-04-14 04:05:00,6600.0,6600.0,6575.0,6600.0,41800
2026-04-14 04:10:00,6675.0,6700.0,6575.0,6575.0,1346900
2026-04-14 04:15:00,6700.0,6725.0,6650.0,6675.0,633500
2026-04-14 04:20:00,6700.0,6725.0,6675.0,6700.0,355300
2026-04-14 04:25:00,6675.0,6725.0,6675.0,6675.0,151500
2026-04-14 04:30:00,6650.0,6700.0,6650.0,6675.0,130800
2026-04-14 04:35:00,6650.0,6675.0,6650.0,6675.0,191200
2026-04-14 04:40:00,6650.0,6675.0,6650.0,6675.0,38100
2026-04-14 04:45:00,6675.0,6675.0,6650.0,6650.0,68400
2026-04-14 04:50:00,6675.0,6700.0,6675.0,6675.0,94100
2026-04-14 04:55:00,6675.0,6700.0,6675.0,6675.0,48300
2026-04-14 06:30:00,6625.0,6700.0,6625.0,6675.0,1287200
2026-04-14 06:35:00,6600.0,6650.0,6575.0,6625.0,1317500
2026-04-14 06:40:00,6625.0,6625.0,6600.0,6600.0,232100
2026-04-14 06:45:00,6600.0,6625.0,6600.0,6625.0,107700
2026-04-14 06:50:00,6575.0,6600.0,6575.0,6600.0,77100
2026-04-14 06:55:00,6575.0,6600.0,6575.0,6575.0,111200
2026-04-14 07:00:00,6575.0,6600.0,6550.0,6575.0,376600
2026-04-14 07:05:00,6600.0,6625.0,6575.0,6575.0,193200
2026-04-14 07:10:00,6650.0,6650.0,6575.0,6600.0,254400
2026-04-14 07:15:00,6625.0,6650.0,6600.0,6650.0,187100
2026-04-14 07:20:00,6625.0,6650.0,6600.0,6625.0,116800
2026-04-14 07:25:00,6625.0,6625.0,6600.0,6625.0,17600
2026-04-14 07:30:00,6575.0,6625.0,6575.0,6600.0,139400
2026-04-14 07:35:00,6575.0,6600.0,6550.0,6575.0,284100
2026-04-14 07:40:00,6550.0,6575.0,6550.0,6575.0,86000
2026-04-14 07:45:00,6575.0,6575.0,6550.0,6550.0,77100
2026-04-14 07:50:00,6550.0,6575.0,6550.0,6550.0,67200
2026-04-14 07:55:00,6550.0,6575.0,6550.0,6550.0,187100
2026-04-14 08:00:00,6550.0,6575.0,6550.0,6575.0,149800
2026-04-14 08:05:00,6600.0,6600.0,6550.0,6550.0,388000
2026-04-14 08:10:00,6625.0,6625.0,6600.0,6600.0,324100
2026-04-14 08:15:00,6600.0,6625.0,6600.0,6600.0,893800
2026-04-14 08:20:00,6600.0,6625.0,6600.0,6600.0,213700
2026-04-14 08:25:00,6600.0,6625.0,6575.0,6600.0,272800
2026-04-14 08:30:00,6600.0,6625.0,6575.0,6600.0,464900
2026-04-14 08:35:00,6600.0,6625.0,6600.0,6600.0,169200
2026-04-14 08:40:00,6625.0,6625.0,6575.0,6600.0,492000
2026-04-14 08:45:00,6575.0,6625.0,6550.0,6600.0,281100
2026-04-14 09:00:00,6550.0,6550.0,6550.0,6550.0,579000
2026-04-14 09:05:00,6550.0,6550.0,6550.0,6550.0,139900
2026-04-14 09:10:00,6550.0,6550.0,6550.0,6550.0,522200
2026-04-15 02:00:00,6750.0,6800.0,6725.0,6750.0,0
2026-04-15 02:05:00,6700.0,6750.0,6650.0,6725.0,974300
2026-04-15 02:10:00,6700.0,6725.0,6650.0,6725.0,262900
2026-04-15 02:15:00,6550.0,6700.0,6550.0,6675.0,485200
2026-04-15 02:20:00,6625.0,6625.0,6550.0,6550.0,391900
2026-04-15 02:25:00,6575.0,6675.0,6550.0,6625.0,190700
2026-04-15 02:30:00,6525.0,6600.0,6525.0,6575.0,248400
2026-04-15 02:35:00,6525.0,6550.0,6375.0,6525.0,1038900
2026-04-15 02:40:00,6525.0,6550.0,6475.0,6500.0,226800
2026-04-15 02:45:00,6450.0,6525.0,6450.0,6525.0,108900
2026-04-15 02:50:00,6425.0,6475.0,6350.0,6475.0,350700
2026-04-15 02:55:00,6450.0,6475.0,6400.0,6400.0,177500
2026-04-15 03:00:00,6425.0,6450.0,6425.0,6450.0,104900
2026-04-15 03:05:00,6350.0,6450.0,6325.0,6425.0,374900
2026-04-15 03:10:00,6400.0,6400.0,6350.0,6350.0,517000
2026-04-15 03:15:00,6425.0,6425.0,6400.0,6400.0,97200
2026-04-15 03:20:00,6450.0,6450.0,6425.0,6425.0,58000
2026-04-15 03:25:00,6450.0,6500.0,6425.0,6475.0,173300
2026-04-15 03:30:00,6475.0,6500.0,6425.0,6500.0,121800
2026-04-15 03:35:00,6425.0,6475.0,6425.0,6475.0,101000
2026-04-15 03:40:00,6425.0,6450.0,6425.0,6425.0,51600
2026-04-15 03:45:00,6425.0,6450.0,6400.0,6425.0,59300
2026-04-15 03:50:00,6425.0,6450.0,6400.0,6425.0,45200
2026-04-15 03:55:00,6450.0,6475.0,6425.0,6425.0,55300
2026-04-15 04:00:00,6450.0,6475.0,6450.0,6450.0,49200
2026-04-15 04:05:00,6450.0,6475.0,6450.0,6450.0,35900
2026-04-15 04:10:00,6525.0,6525.0,6450.0,6450.0,215500
2026-04-15 04:15:00,6675.0,6700.0,6500.0,6525.0,855600
2026-04-15 04:20:00,6650.0,6700.0,6650.0,6675.0,196300
2026-04-15 04:25:00,6575.0,6650.0,6575.0,6650.0,74800
2026-04-15 04:30:00,6475.0,6600.0,6475.0,6575.0,190400
2026-04-15 04:35:00,6475.0,6525.0,6475.0,6500.0,262000
2026-04-15 04:40:00,6450.0,6500.0,6450.0,6500.0,295100
2026-04-15 04:45:00,6450.0,6500.0,6450.0,6500.0,81100
2026-04-15 04:50:00,6500.0,6500.0,6450.0,6475.0,88500
2026-04-15 04:55:00,6500.0,6500.0,6475.0,6500.0,58500
2026-04-15 06:30:00,6475.0,6500.0,6475.0,6475.0,186600
2026-04-15 06:35:00,6475.0,6500.0,6475.0,6500.0,66300
2026-04-15 06:40:00,6475.0,6500.0,6475.0,6475.0,94300
2026-04-15 06:45:00,6475.0,6500.0,6450.0,6500.0,54800
2026-04-15 06:50:00,6450.0,6475.0,6450.0,6450.0,31100
2026-04-15 06:55:00,6475.0,6475.0,6450.0,6450.0,58200
2026-04-15 07:00:00,6475.0,6475.0,6450.0,6450.0,50900
2026-04-15 07:05:00,6475.0,6500.0,6450.0,6450.0,96200
2026-04-15 07:10:00,6450.0,6475.0,6425.0,6475.0,235300
2026-04-15 07:15:00,6400.0,6450.0,6400.0,6425.0,847800
2026-04-15 07:20:00,6400.0,6425.0,6375.0,6375.0,225300
2026-04-15 07:25:00,6425.0,6425.0,6400.0,6400.0,68100
2026-04-15 07:30:00,6400.0,6425.0,6400.0,6425.0,69200
2026-04-15 07:35:00,6400.0,6425.0,6400.0,6425.0,46500
2026-04-15 07:40:00,6400.0,6425.0,6400.0,6400.0,297200
2026-04-15 07:45:00,6425.0,6450.0,6400.0,6400.0,132700
2026-04-15 07:50:00,6425.0,6450.0,6425.0,6450.0,52200
2026-04-15 07:55:00,6450.0,6450.0,6425.0,6450.0,52800
2026-04-15 08:00:00,6425.0,6450.0,6425.0,6450.0,122700
2026-04-15 08:05:00,6425.0,6450.0,6425.0,6425.0,146700
2026-04-15 08:10:00,6425.0,6450.0,6425.0,6450.0,156200
2026-04-15 08:15:00,6375.0,6425.0,6350.0,6425.0,1462600
2026-04-15 08:20:00,6325.0,6375.0,6325.0,6350.0,584300
2026-04-15 08:25:00,6350.0,6375.0,6300.0,6325.0,340200
2026-04-15 08:30:00,6350.0,6400.0,6350.0,6375.0,146300
2026-04-15 08:35:00,6375.0,6375.0,6350.0,6375.0,293700
2026-04-15 08:40:00,6300.0,6375.0,6275.0,6375.0,1313500
2026-04-15 08:45:00,6350.0,6350.0,6275.0,6300.0,778900
2026-04-15 09:00:00,6300.0,6300.0,6300.0,6300.0,1295300
2026-04-15 09:05:00,6300.0,6300.0,6300.0,6300.0,19300
2026-04-15 09:10:00,6300.0,6300.0,6300.0,6300.0,4700
2026-04-16 02:00:00,6500.0,6550.0,6375.0,6375.0,0
2026-04-16 02:05:00,6500.0,6525.0,6475.0,6500.0,291500
2026-04-16 02:10:00,6475.0,6500.0,6475.0,6500.0,95100
2026-04-16 02:15:00,6575.0,6575.0,6475.0,6500.0,808600
2026-04-16 02:20:00,6525.0,6575.0,6475.0,6575.0,405400
2026-04-16 02:25:00,6525.0,6550.0,6500.0,6525.0,136200
2026-04-16 02:30:00,6475.0,6550.0,6475.0,6525.0,214500
2026-04-16 02:35:00,6475.0,6525.0,6450.0,6450.0,126000
2026-04-16 02:40:00,6525.0,6525.0,6475.0,6475.0,32800
2026-04-16 02:45:00,6500.0,6550.0,6500.0,6500.0,148100
2026-04-16 02:50:00,6500.0,6500.0,6475.0,6500.0,5500
2026-04-16 02:55:00,6450.0,6500.0,6425.0,6500.0,220900
2026-04-16 03:00:00,6425.0,6450.0,6425.0,6450.0,48500
2026-04-16 03:05:00,6450.0,6450.0,6425.0,6425.0,27600
2026-04-16 03:10:00,6350.0,6450.0,6350.0,6425.0,206800
2026-04-16 03:15:00,6375.0,6400.0,6325.0,6350.0,148400
2026-04-16 03:20:00,6400.0,6425.0,6350.0,6375.0,82400
2026-04-16 03:25:00,6375.0,6400.0,6350.0,6375.0,126700
2026-04-16 03:30:00,6325.0,6375.0,6325.0,6350.0,157200
2026-04-16 03:35:00,6175.0,6325.0,6150.0,6300.0,485900
2026-04-16 03:40:00,6225.0,6225.0,6175.0,6175.0,116500
2026-04-16 03:45:00,6225.0,6275.0,6225.0,6250.0,251200
2026-04-16 03:50:00,6225.0,6275.0,6200.0,6200.0,124700
2026-04-16 03:55:00,6200.0,6250.0,6200.0,6225.0,153500
2026-04-16 04:00:00,6200.0,6225.0,6200.0,6200.0,23600
2026-04-16 04:05:00,6250.0,6250.0,6200.0,6200.0,71800
2026-04-16 04:10:00,6300.0,6300.0,6250.0,6275.0,119400
2026-04-16 04:15:00,6350.0,6350.0,6275.0,6300.0,182500
2026-04-16 04:20:00,6300.0,6350.0,6275.0,6350.0,21400
2026-04-16 04:25:00,6275.0,6300.0,6250.0,6300.0,55300
2026-04-16 04:30:00,6250.0,6275.0,6250.0,6275.0,57000
2026-04-16 04:35:00,6250.0,6250.0,6225.0,6250.0,30000
2026-04-16 04:40:00,6225.0,6275.0,6200.0,6225.0,220800
2026-04-16 04:45:00,6225.0,6225.0,6200.0,6200.0,16900
2026-04-16 04:50:00,6200.0,6225.0,6200.0,6225.0,102000
2026-04-16 04:55:00,6200.0,6250.0,6200.0,6200.0,662600
2026-04-16 06:30:00,6200.0,6250.0,6200.0,6200.0,132500
2026-04-16 06:35:00,6200.0,6225.0,6200.0,6200.0,138700
2026-04-16 06:40:00,6200.0,6225.0,6200.0,6200.0,18000
2026-04-16 06:45:00,6200.0,6225.0,6200.0,6200.0,30200
2026-04-16 06:50:00,6250.0,6250.0,6200.0,6200.0,202400
2026-04-16 06:55:00,6225.0,6250.0,6225.0,6225.0,74800
2026-04-16 07:00:00,6250.0,6250.0,6200.0,6225.0,200300
2026-04-16 07:05:00,6250.0,6275.0,6250.0,6275.0,52900
2026-04-16 07:10:00,6275.0,6300.0,6250.0,6250.0,101400
2026-04-16 07:15:00,6275.0,6325.0,6275.0,6275.0,269000
2026-04-16 07:20:00,6300.0,6300.0,6250.0,6275.0,56700
2026-04-16 07:25:00,6275.0,6325.0,6275.0,6300.0,109300
2026-04-16 07:30:00,6250.0,6300.0,6250.0,6300.0,71300
2026-04-16 07:35:00,6250.0,6300.0,6225.0,6275.0,190200
2026-04-16 07:40:00,6300.0,6300.0,6225.0,6250.0,119000
2026-04-16 07:45:00,6275.0,6300.0,6225.0,6300.0,83800
2026-04-16 07:50:00,6275.0,6300.0,6250.0,6275.0,74300
2026-04-16 07:55:00,6275.0,6300.0,6250.0,6275.0,44300
2026-04-16 08:00:00,6250.0,6275.0,6250.0,6275.0,17800
2026-04-16 08:05:00,6250.0,6300.0,6250.0,6250.0,122600
2026-04-16 08:10:00,6250.0,6275.0,6250.0,6275.0,59500
2026-04-16 08:15:00,6225.0,6275.0,6200.0,6275.0,236500
2026-04-16 08:20:00,6300.0,6325.0,6200.0,6225.0,273300
2026-04-16 08:25:00,6300.0,6325.0,6250.0,6325.0,640000
2026-04-16 08:30:00,6350.0,6350.0,6300.0,6325.0,126300
2026-04-16 08:35:00,6325.0,6325.0,6300.0,6325.0,111600
2026-04-16 08:40:00,6300.0,6325.0,6300.0,6300.0,269900
2026-04-16 08:45:00,6325.0,6325.0,6300.0,6300.0,352000
2026-04-16 09:00:00,6250.0,6250.0,6250.0,6250.0,3787700
2026-04-16 09:05:00,6250.0,6250.0,6250.0,6250.0,512300
2026-04-16 09:10:00,6250.0,6250.0,6250.0,6250.0,1100
2026-04-17 02:00:00,6300.0,6350.0,6250.0,6250.0,0
2026-04-17 02:05:00,6375.0,6400.0,6300.0,6300.0,259500
2026-04-17 02:10:00,6400.0,6400.0,6325.0,6375.0,388800
2026-04-17 02:15:00,6525.0,6525.0,6375.0,6400.0,1144500
2026-04-17 02:20:00,6525.0,6550.0,6475.0,6500.0,792500
2026-04-17 02:25:00,6450.0,6525.0,6450.0,6500.0,478100
2026-04-17 02:30:00,6450.0,6475.0,6425.0,6425.0,33100
2026-04-17 02:35:00,6475.0,6475.0,6450.0,6450.0,24500
2026-04-17 02:40:00,6500.0,6500.0,6450.0,6475.0,155300
2026-04-17 02:45:00,6450.0,6500.0,6450.0,6475.0,96400
2026-04-17 02:50:00,6450.0,6475.0,6450.0,6450.0,39700
2026-04-17 02:55:00,6425.0,6475.0,6425.0,6475.0,66400
2026-04-17 03:00:00,6500.0,6500.0,6425.0,6450.0,157200
2026-04-17 03:05:00,6475.0,6500.0,6450.0,6500.0,51000
2026-04-17 03:10:00,6450.0,6500.0,6450.0,6475.0,21500
2026-04-17 03:15:00,6425.0,6450.0,6425.0,6450.0,102900
2026-04-17 03:20:00,6400.0,6450.0,6400.0,6425.0,118600
2026-04-17 03:25:00,6400.0,6425.0,6400.0,6400.0,9900
2026-04-17 03:30:00,6400.0,6425.0,6400.0,6400.0,61200
2026-04-17 03:35:00,6400.0,6425.0,6400.0,6400.0,10900
2026-04-17 03:40:00,6425.0,6450.0,6400.0,6400.0,157100
2026-04-17 03:45:00,6450.0,6450.0,6400.0,6400.0,57800
2026-04-17 03:50:00,6450.0,6475.0,6425.0,6425.0,51100
2026-04-17 03:55:00,6425.0,6475.0,6425.0,6475.0,56600
2026-04-17 04:00:00,6375.0,6450.0,6375.0,6425.0,145600
2026-04-17 04:05:00,6350.0,6400.0,6350.0,6400.0,115600
2026-04-17 04:10:00,6350.0,6375.0,6350.0,6350.0,16000
2026-04-17 04:15:00,6400.0,6400.0,6350.0,6350.0,155400
2026-04-17 04:20:00,6400.0,6400.0,6375.0,6375.0,10300
2026-04-17 04:25:00,6400.0,6400.0,6350.0,6400.0,42800
2026-04-17 07:00:00,6250.0,6375.0,6250.0,6350.0,434300
2026-04-17 07:05:00,6275.0,6275.0,6250.0,6250.0,120800
2026-04-17 07:10:00,6250.0,6275.0,6250.0,6275.0,366500
2026-04-17 07:15:00,6250.0,6275.0,6250.0,6250.0,104700
2026-04-17 07:20:00,6275.0,6275.0,6250.0,6250.0,342200
2026-04-17 07:25:00,6275.0,6275.0,6250.0,6275.0,34000
2026-04-17 07:30:00,6250.0,6275.0,6225.0,6250.0,239800
2026-04-17 07:35:00,6225.0,6250.0,6200.0,6250.0,432000
2026-04-17 07:40:00,6225.0,6225.0,6200.0,6225.0,99600
2026-04-17 07:45:00,6200.0,6225.0,6175.0,6225.0,133200
2026-04-17 07:50:00,6200.0,6225.0,6175.0,6200.0,75200
2026-04-17 07:55:00,6200.0,6225.0,6200.0,6200.0,58800
2026-04-17 08:00:00,6175.0,6200.0,6175.0,6175.0,47200
2026-04-17 08:05:00,6200.0,6200.0,6175.0,6175.0,28400
2026-04-17 08:10:00,6200.0,6200.0,6175.0,6175.0,26600
2026-04-17 08:15:00,6200.0,6200.0,6175.0,6200.0,117300
2026-04-17 08:20:00,6225.0,6250.0,6175.0,6175.0,466500
2026-04-17 08:25:00,6200.0,6225.0,6175.0,6225.0,344200
2026-04-17 08:30:00,6200.0,6225.0,6200.0,6200.0,368800
2026-04-17 08:35:00,6200.0,6225.0,6200.0,6200.0,57400
2026-04-17 08:40:00,6200.0,6225.0,6200.0,6200.0,303200
2026-04-17 08:45:00,6250.0,6250.0,6200.0,6225.0,714400
2026-04-17 09:00:00,6200.0,6200.0,6200.0,6200.0,1619100
2026-04-17 09:05:00,6200.0,6200.0,6200.0,6200.0,7900
2026-04-17 09:10:00,6200.0,6200.0,6200.0,6200.0,2200
2026-04-20 02:00:00,6200.0,6350.0,6175.0,6325.0,0
2026-04-20 02:05:00,6175.0,6225.0,6150.0,6200.0,89600
2026-04-20 02:10:00,6175.0,6200.0,6150.0,6175.0,79400
2026-04-20 02:15:00,6150.0,6200.0,6150.0,6175.0,234000
2026-04-20 02:20:00,6225.0,6225.0,6150.0,6150.0,232700
2026-04-20 02:25:00,6225.0,6250.0,6225.0,6225.0,42600
2026-04-20 02:30:00,6250.0,6250.0,6200.0,6250.0,63600
2026-04-20 02:35:00,6200.0,6250.0,6200.0,6250.0,29600
2026-04-20 02:40:00,6225.0,6250.0,6200.0,6200.0,51500
2026-04-20 02:45:00,6250.0,6250.0,6225.0,6250.0,26900
2026-04-20 02:50:00,6225.0,6250.0,6225.0,6250.0,158900
2026-04-20 02:55:00,6225.0,6250.0,6200.0,6225.0,87700
2026-04-20 03:00:00,6200.0,6225.0,6200.0,6225.0,29200
2026-04-20 03:05:00,6200.0,6225.0,6200.0,6225.0,12600
2026-04-20 03:10:00,6200.0,6225.0,6175.0,6200.0,154400
2026-04-20 03:15:00,6200.0,6200.0,6175.0,6175.0,18200
2026-04-20 03:20:00,6200.0,6200.0,6175.0,6200.0,10400
2026-04-20 03:25:00,6175.0,6200.0,6175.0,6200.0,22900
2026-04-20 03:30:00,6175.0,6200.0,6175.0,6175.0,15700
2026-04-20 03:35:00,6150.0,6200.0,6150.0,6175.0,313400
2026-04-20 03:40:00,6150.0,6175.0,6150.0,6150.0,30100
2026-04-20 03:45:00,6150.0,6175.0,6150.0,6150.0,17800
2026-04-20 03:50:00,6175.0,6175.0,6150.0,6150.0,57200
2026-04-20 03:55:00,6175.0,6175.0,6150.0,6150.0,47800
2026-04-20 04:00:00,6175.0,6175.0,6150.0,6150.0,41000
2026-04-20 04:05:00,6150.0,6175.0,6150.0,6175.0,49100
2026-04-20 04:10:00,6175.0,6175.0,6150.0,6150.0,26800
2026-04-20 04:15:00,6150.0,6175.0,6150.0,6150.0,137200
2026-04-20 04:20:00,6175.0,6175.0,6150.0,6150.0,179400
2026-04-20 04:25:00,6175.0,6175.0,6150.0,6150.0,196300
2026-04-20 09:10:00,6075.0,6075.0,6075.0,6075.0,7279000
2026-04-21 02:00:00,6075.0,6125.0,5925.0,6100.0,0
2026-04-21 02:05:00,6125.0,6175.0,6050.0,6125.0,718300
2026-04-21 02:10:00,6200.0,6225.0,6075.0,6125.0,717700
2026-04-21 02:15:00,6275.0,6300.0,6150.0,6200.0,1450900
2026-04-21 02:20:00,6350.0,6350.0,6275.0,6300.0,1062500
2026-04-21 02:25:00,6350.0,6350.0,6300.0,6350.0,277300
2026-04-21 02:30:00,6250.0,6350.0,6250.0,6350.0,586500
2026-04-21 02:35:00,6200.0,6275.0,6200.0,6250.0,441200
2026-04-21 02:40:00,6400.0,6425.0,6200.0,6225.0,1722300
2026-04-21 02:45:00,6400.0,6450.0,6375.0,6400.0,997200
2026-04-21 02:50:00,6375.0,6425.0,6350.0,6400.0,436600
2026-04-21 02:55:00,6500.0,6500.0,6375.0,6375.0,1011500
2026-04-21 03:00:00,6450.0,6575.0,6400.0,6475.0,1899700
2026-04-21 03:05:00,6425.0,6450.0,6400.0,6425.0,259700
2026-04-21 03:10:00,6500.0,6525.0,6425.0,6425.0,744300
2026-04-21 03:15:00,6500.0,6525.0,6450.0,6500.0,391300
2026-04-21 03:20:00,6525.0,6550.0,6475.0,6500.0,668100
2026-04-21 03:25:00,6500.0,6550.0,6475.0,6550.0,643500
2026-04-21 03:30:00,6450.0,6500.0,6450.0,6500.0,537400
2026-04-21 03:35:00,6475.0,6475.0,6425.0,6450.0,238400
2026-04-21 03:40:00,6500.0,6525.0,6450.0,6475.0,314700
2026-04-21 03:45:00,6475.0,6550.0,6475.0,6500.0,486000
2026-04-21 03:50:00,6500.0,6500.0,6475.0,6475.0,86400
2026-04-21 03:55:00,6525.0,6550.0,6500.0,6500.0,380500
2026-04-21 04:00:00,6500.0,6550.0,6475.0,6525.0,393100
2026-04-21 04:05:00,6475.0,6500.0,6475.0,6500.0,155300
2026-04-21 04:10:00,6475.0,6500.0,6475.0,6475.0,342100
2026-04-21 04:15:00,6500.0,6500.0,6475.0,6475.0,90500
2026-04-21 04:20:00,6500.0,6525.0,6500.0,6525.0,221500
2026-04-21 04:25:00,6500.0,6525.0,6500.0,6500.0,347700
2026-04-21 04:30:00,6525.0,6550.0,6500.0,6525.0,235200
2026-04-21 04:35:00,6500.0,6550.0,6500.0,6550.0,518400
2026-04-21 04:40:00,6475.0,6500.0,6450.0,6500.0,262400
2026-04-21 04:45:00,6400.0,6475.0,6400.0,6450.0,220500
2026-04-21 04:50:00,6425.0,6425.0,6400.0,6425.0,221400
2026-04-21 04:55:00,6425.0,6425.0,6400.0,6425.0,149600
2026-04-21 06:30:00,6300.0,6450.0,6300.0,6425.0,1174200
2026-04-21 06:35:00,6275.0,6350.0,6275.0,6325.0,185000
2026-04-21 06:40:00,6275.0,6325.0,6250.0,6300.0,288500
2026-04-21 06:45:00,6275.0,6275.0,6250.0,6275.0,79000
2026-04-21 06:50:00,6275.0,6300.0,6250.0,6275.0,98100
2026-04-21 06:55:00,6200.0,6275.0,6200.0,6250.0,370600
2026-04-21 07:00:00,6200.0,6200.0,6150.0,6200.0,215800
2026-04-21 07:05:00,6250.0,6250.0,6175.0,6200.0,131100
2026-04-21 07:10:00,6225.0,6250.0,6200.0,6225.0,115300
2026-04-21 07:15:00,6225.0,6225.0,6200.0,6225.0,48600
2026-04-21 07:20:00,6200.0,6225.0,6175.0,6225.0,145600
2026-04-21 07:25:00,6200.0,6225.0,6175.0,6200.0,106700
2026-04-21 07:30:00,6275.0,6275.0,6200.0,6200.0,139400
2026-04-21 07:35:00,6275.0,6300.0,6250.0,6250.0,181500
2026-04-21 07:40:00,6275.0,6275.0,6250.0,6250.0,36400
2026-04-21 07:45:00,6325.0,6325.0,6250.0,6275.0,163700
2026-04-21 07:50:00,6325.0,6325.0,6275.0,6325.0,412900
2026-04-21 07:55:00,6275.0,6300.0,6250.0,6300.0,147700
2026-04-21 08:00:00,6250.0,6275.0,6225.0,6275.0,111500
2026-04-21 08:05:00,6275.0,6275.0,6225.0,6225.0,72000
2026-04-21 08:10:00,6250.0,6275.0,6225.0,6275.0,130900
2026-04-21 08:15:00,6225.0,6250.0,6225.0,6250.0,72000
2026-04-21 08:20:00,6250.0,6250.0,6225.0,6250.0,42100
2026-04-21 08:25:00,6200.0,6250.0,6200.0,6225.0,193400
2026-04-21 08:30:00,6250.0,6250.0,6200.0,6200.0,39600
2026-04-21 08:35:00,6225.0,6250.0,6200.0,6225.0,352300
2026-04-21 08:40:00,6275.0,6275.0,6200.0,6250.0,212700
2026-04-21 08:45:00,6225.0,6300.0,6225.0,6275.0,529500
2026-04-21 09:00:00,6300.0,6300.0,6300.0,6300.0,663100
2026-04-21 09:05:00,6300.0,6300.0,6300.0,6300.0,43100
2026-04-21 09:10:00,6300.0,6300.0,6300.0,6300.0,6400
2026-04-22 02:00:00,6350.0,6475.0,6300.0,6450.0,0
2026-04-22 02:05:00,6325.0,6350.0,6300.0,6350.0,163500
2026-04-22 02:10:00,6375.0,6375.0,6325.0,6325.0,101700
2026-04-22 02:15:00,6275.0,6350.0,6250.0,6350.0,319000
2026-04-22 02:20:00,6350.0,6350.0,6250.0,6250.0,144900
2026-04-22 02:25:00,6375.0,6400.0,6325.0,6350.0,144800
2026-04-22 02:30:00,6350.0,6400.0,6325.0,6375.0,231600
2026-04-22 02:35:00,6350.0,6375.0,6325.0,6350.0,100900
2026-04-22 02:40:00,6375.0,6400.0,6350.0,6350.0,109300
2026-04-22 02:45:00,6350.0,6400.0,6350.0,6400.0,180300
2026-04-22 02:50:00,6350.0,6350.0,6325.0,6350.0,77100
2026-04-22 02:55:00,6350.0,6375.0,6325.0,6325.0,33300
2026-04-22 03:00:00,6375.0,6375.0,6350.0,6350.0,89300
2026-04-22 03:05:00,6350.0,6375.0,6350.0,6350.0,106100
2026-04-22 03:10:00,6400.0,6450.0,6350.0,6375.0,412200
2026-04-22 03:15:00,6400.0,6425.0,6400.0,6425.0,167300
2026-04-22 03:20:00,6375.0,6400.0,6375.0,6375.0,71400
2026-04-22 03:25:00,6375.0,6400.0,6375.0,6400.0,18500
2026-04-22 03:30:00,6400.0,6400.0,6400.0,6400.0,103400
2026-04-22 03:35:00,6375.0,6400.0,6375.0,6400.0,52600
2026-04-22 03:40:00,6375.0,6400.0,6375.0,6400.0,24900
2026-04-22 03:45:00,6375.0,6375.0,6375.0,6375.0,33000
2026-04-22 03:50:00,6375.0,6400.0,6375.0,6375.0,49100
2026-04-22 03:55:00,6375.0,6375.0,6375.0,6375.0,55500
2026-04-22 04:00:00,6350.0,6400.0,6350.0,6375.0,34500
2026-04-22 04:05:00,6350.0,6375.0,6350.0,6375.0,55300
2026-04-22 04:10:00,6350.0,6350.0,6325.0,6350.0,114500
2026-04-22 04:15:00,6375.0,6375.0,6350.0,6350.0,48800
2026-04-22 04:20:00,6325.0,6375.0,6325.0,6375.0,28300
2026-04-22 04:25:00,6350.0,6350.0,6325.0,6325.0,49100
2026-04-22 04:30:00,6350.0,6375.0,6325.0,6350.0,55300
2026-04-22 04:35:00,6350.0,6350.0,6325.0,6350.0,27900
2026-04-22 04:40:00,6350.0,6350.0,6325.0,6350.0,135200
2026-04-22 04:45:00,6350.0,6350.0,6325.0,6325.0,120700
2026-04-22 04:50:00,6300.0,6325.0,6300.0,6325.0,46500
2026-04-22 04:55:00,6325.0,6325.0,6300.0,6300.0,38000
2026-04-22 06:30:00,6325.0,6325.0,6300.0,6325.0,64900
2026-04-22 06:35:00,6300.0,6325.0,6300.0,6325.0,4700
2026-04-22 06:40:00,6300.0,6325.0,6300.0,6300.0,41200
2026-04-22 06:45:00,6300.0,6325.0,6300.0,6325.0,14000
2026-04-22 06:50:00,6250.0,6325.0,6250.0,6300.0,912800
2026-04-22 06:55:00,6250.0,6275.0,6250.0,6275.0,26000
2026-04-22 07:00:00,6250.0,6275.0,6250.0,6275.0,17800
2026-04-22 07:05:00,6250.0,6275.0,6250.0,6250.0,22800
2026-04-22 07:10:00,6250.0,6275.0,6250.0,6250.0,30400
2026-04-22 07:15:00,6250.0,6275.0,6250.0,6250.0,19000
2026-04-22 07:20:00,6250.0,6250.0,6250.0,6250.0,28300
2026-04-22 07:25:00,6275.0,6275.0,6250.0,6250.0,48900
2026-04-22 07:30:00,6275.0,6275.0,6250.0,6275.0,63200
2026-04-22 07:35:00,6275.0,6275.0,6250.0,6275.0,27600
2026-04-22 07:40:00,6275.0,6275.0,6275.0,6275.0,5300
2026-04-22 07:45:00,6275.0,6300.0,6275.0,6275.0,7100
2026-04-22 07:50:00,6275.0,6300.0,6275.0,6275.0,25500
2026-04-22 07:55:00,6250.0,6300.0,6250.0,6275.0,56300
2026-04-22 08:00:00,6250.0,6275.0,6250.0,6250.0,11400
2026-04-22 08:05:00,6275.0,6275.0,6250.0,6275.0,22300
2026-04-22 08:10:00,6250.0,6275.0,6250.0,6250.0,12000
2026-04-22 08:15:00,6250.0,6275.0,6250.0,6250.0,79800
2026-04-22 08:20:00,6275.0,6275.0,6250.0,6250.0,47800
2026-04-22 08:25:00,6250.0,6275.0,6250.0,6275.0,49000
2026-04-22 08:30:00,6250.0,6275.0,6250.0,6250.0,110800
2026-04-22 08:35:00,6225.0,6250.0,6200.0,6250.0,592000
2026-04-22 08:40:00,6200.0,6225.0,6200.0,6200.0,938200
2026-04-22 08:45:00,6250.0,6250.0,6200.0,6200.0,124300
2026-04-22 09:00:00,6175.0,6175.0,6175.0,6175.0,570500
2026-04-22 09:05:00,6175.0,6175.0,6175.0,6175.0,800
2026-04-22 09:10:00,6175.0,6175.0,6175.0,6175.0,2400
2026-04-23 02:00:00,6200.0,6250.0,6200.0,6225.0,0
2026-04-23 02:05:00,6175.0,6200.0,6175.0,6175.0,46700
2026-04-23 02:10:00,6150.0,6200.0,6150.0,6200.0,186900
2026-04-23 02:15:00,6175.0,6175.0,6125.0,6150.0,191200
2026-04-23 02:20:00,6175.0,6200.0,6175.0,6175.0,21000
2026-04-23 02:25:00,6200.0,6200.0,6175.0,6200.0,33100
2026-04-23 02:30:00,6175.0,6200.0,6175.0,6175.0,29400
2026-04-23 02:35:00,6150.0,6200.0,6150.0,6200.0,137300
2026-04-23 02:40:00,6200.0,6200.0,6150.0,6150.0,63600
2026-04-23 02:45:00,6175.0,6200.0,6175.0,6175.0,107300
2026-04-23 02:50:00,6100.0,6175.0,6100.0,6150.0,439900
2026-04-23 02:55:00,6100.0,6125.0,6075.0,6100.0,176300
2026-04-23 03:00:00,6125.0,6125.0,6100.0,6125.0,180000
2026-04-23 03:05:00,6100.0,6125.0,6075.0,6100.0,59100
2026-04-23 03:10:00,6125.0,6125.0,6100.0,6125.0,12300
2026-04-23 03:15:00,6100.0,6125.0,6100.0,6125.0,36700
2026-04-23 03:20:00,6075.0,6100.0,6050.0,6100.0,181100
2026-04-23 03:25:00,6100.0,6100.0,6050.0,6050.0,17900
2026-04-23 03:30:00,6075.0,6075.0,6075.0,6075.0,4400
2026-04-23 03:35:00,6075.0,6100.0,6075.0,6075.0,14400
2026-04-23 03:40:00,6075.0,6100.0,6075.0,6100.0,19900
2026-04-23 03:45:00,6050.0,6075.0,6050.0,6075.0,52100
2026-04-23 03:50:00,6075.0,6100.0,6050.0,6075.0,159600
2026-04-23 03:55:00,6075.0,6075.0,6075.0,6075.0,0
2026-04-23 04:00:00,6075.0,6075.0,6050.0,6075.0,211800
2026-04-23 04:05:00,6100.0,6100.0,6050.0,6050.0,26300
2026-04-23 04:10:00,6100.0,6100.0,6100.0,6100.0,1100
2026-04-23 04:15:00,6125.0,6125.0,6075.0,6075.0,40300
2026-04-23 04:20:00,6125.0,6125.0,6100.0,6125.0,7300
2026-04-23 04:25:00,6125.0,6125.0,6100.0,6125.0,17900
2026-04-23 04:30:00,6125.0,6125.0,6100.0,6100.0,10500
2026-04-23 04:35:00,6100.0,6100.0,6100.0,6100.0,10700
2026-04-23 04:40:00,6100.0,6125.0,6100.0,6100.0,1200
2026-04-23 04:45:00,6100.0,6100.0,6100.0,6100.0,49200
2026-04-23 04:50:00,6075.0,6100.0,6075.0,6100.0,53500
2026-04-23 04:55:00,6075.0,6100.0,6075.0,6100.0,30600
2026-04-23 06:30:00,6100.0,6100.0,6050.0,6075.0,28000
2026-04-23 06:35:00,6100.0,6125.0,6075.0,6075.0,19100
2026-04-23 06:40:00,6125.0,6150.0,6100.0,6100.0,48700
2026-04-23 06:45:00,6125.0,6125.0,6100.0,6125.0,69600
2026-04-23 06:50:00,6100.0,6125.0,6075.0,6125.0,48500
2026-04-23 06:55:00,6100.0,6125.0,6100.0,6100.0,10900
2026-04-23 07:00:00,6100.0,6100.0,6100.0,6100.0,22300
2026-04-23 07:05:00,6075.0,6100.0,6075.0,6075.0,9900
2026-04-23 07:10:00,6075.0,6100.0,6075.0,6075.0,19500
2026-04-23 07:15:00,6075.0,6100.0,6075.0,6075.0,1400
2026-04-23 07:20:00,6075.0,6100.0,6075.0,6100.0,26700
2026-04-23 07:25:00,6075.0,6100.0,6075.0,6075.0,6700
2026-04-23 07:30:00,6075.0,6075.0,6075.0,6075.0,12800
2026-04-23 07:35:00,6075.0,6100.0,6075.0,6075.0,29200
2026-04-23 07:40:00,6075.0,6100.0,6075.0,6075.0,0
2026-04-23 07:45:00,6075.0,6100.0,6075.0,6075.0,10900
2026-04-23 07:50:00,6075.0,6075.0,6075.0,6075.0,19800
2026-04-23 07:55:00,6075.0,6075.0,6075.0,6075.0,26300
2026-04-23 08:00:00,6100.0,6100.0,6075.0,6075.0,32600
2026-04-23 08:05:00,6075.0,6075.0,6075.0,6075.0,17900
2026-04-23 08:10:00,6075.0,6100.0,6075.0,6100.0,55300
2026-04-23 08:15:00,6075.0,6100.0,6075.0,6075.0,26100
2026-04-23 08:20:00,6075.0,6100.0,6075.0,6075.0,12300
2026-04-23 08:25:00,6100.0,6100.0,6075.0,6075.0,13400
2026-04-23 08:30:00,6150.0,6175.0,6075.0,6075.0,306800
2026-04-23 08:35:00,6150.0,6175.0,6150.0,6150.0,86400
2026-04-23 08:40:00,6150.0,6175.0,6150.0,6150.0,38200
2026-04-23 08:45:00,6175.0,6175.0,6125.0,6150.0,110100
2026-04-23 09:00:00,6150.0,6150.0,6150.0,6150.0,752600
2026-04-23 09:05:00,6150.0,6150.0,6150.0,6150.0,7400
2026-04-23 09:10:00,6150.0,6150.0,6150.0,6150.0,11700
2026-04-24 02:00:00,6150.0,6200.0,6150.0,6175.0,0
2026-04-24 02:05:00,6175.0,6225.0,6125.0,6150.0,74500
2026-04-24 02:10:00,6250.0,6300.0,6200.0,6200.0,277800
2026-04-24 02:15:00,6200.0,6250.0,6200.0,6225.0,28000
2026-04-24 02:20:00,6150.0,6200.0,6150.0,6200.0,47200
2026-04-24 02:25:00,6125.0,6150.0,6075.0,6150.0,112100
2026-04-24 02:30:00,6150.0,6175.0,6125.0,6125.0,50300
2026-04-24 02:35:00,6100.0,6150.0,6100.0,6125.0,20200
2026-04-24 02:40:00,6075.0,6150.0,6075.0,6125.0,96500
2026-04-24 02:45:00,6075.0,6125.0,6075.0,6075.0,35300
2026-04-24 02:50:00,6075.0,6100.0,6050.0,6100.0,77900
2026-04-24 02:55:00,6050.0,6075.0,6025.0,6075.0,200600
2026-04-24 03:00:00,6100.0,6100.0,6075.0,6075.0,36700
2026-04-24 03:05:00,6075.0,6100.0,6075.0,6100.0,2700
2026-04-24 03:10:00,6075.0,6100.0,6050.0,6075.0,24900
2026-04-24 03:15:00,6075.0,6075.0,6050.0,6075.0,41200
2026-04-24 03:20:00,6050.0,6100.0,6050.0,6075.0,29400
2026-04-24 03:25:00,6025.0,6050.0,6025.0,6050.0,46600
2026-04-24 03:30:00,6025.0,6050.0,6025.0,6025.0,52400
2026-04-24 03:35:00,6025.0,6050.0,6025.0,6050.0,16600
2026-04-24 03:40:00,6025.0,6050.0,6025.0,6025.0,553400
2026-04-24 03:45:00,6025.0,6050.0,6025.0,6025.0,32100
2026-04-24 03:50:00,6025.0,6050.0,6025.0,6025.0,6100
2026-04-24 03:55:00,6025.0,6050.0,6025.0,6025.0,15400
2026-04-24 04:00:00,6050.0,6050.0,6025.0,6050.0,67700
2026-04-24 04:05:00,6050.0,6050.0,6025.0,6050.0,57900
2026-04-24 04:10:00,6025.0,6050.0,6025.0,6050.0,38700
2026-04-24 04:15:00,6050.0,6050.0,6025.0,6025.0,55000
2026-04-24 04:20:00,6025.0,6050.0,6025.0,6050.0,55700
2026-04-24 04:25:00,6050.0,6050.0,6025.0,6025.0,100500
2026-04-24 07:00:00,6000.0,6050.0,6000.0,6025.0,330600
2026-04-24 07:05:00,5950.0,6000.0,5950.0,6000.0,1745100
2026-04-24 07:10:00,5950.0,5950.0,5925.0,5950.0,158200
2026-04-24 07:15:00,5925.0,5950.0,5925.0,5925.0,294600
2026-04-24 07:20:00,6000.0,6025.0,5925.0,5925.0,503300
2026-04-24 07:25:00,6000.0,6025.0,6000.0,6000.0,36900
2026-04-24 07:30:00,6000.0,6025.0,6000.0,6000.0,143500
2026-04-24 07:35:00,6050.0,6050.0,6025.0,6025.0,8900
2026-04-24 07:40:00,6000.0,6050.0,6000.0,6025.0,158600
2026-04-24 07:45:00,6000.0,6025.0,6000.0,6000.0,42600
2026-04-24 07:50:00,6000.0,6000.0,5975.0,5975.0,13400
2026-04-24 07:55:00,5975.0,6000.0,5975.0,5975.0,226900
2026-04-24 08:00:00,6000.0,6000.0,5975.0,6000.0,30900
2026-04-24 08:05:00,5975.0,6000.0,5975.0,6000.0,162100
2026-04-24 08:10:00,6000.0,6000.0,5975.0,6000.0,35000
2026-04-24 08:15:00,6000.0,6000.0,5975.0,6000.0,107200
2026-04-24 08:20:00,6000.0,6000.0,5975.0,6000.0,32000
2026-04-24 08:25:00,5975.0,6000.0,5975.0,6000.0,47800
2026-04-24 08:30:00,6050.0,6050.0,5975.0,6000.0,567600
2026-04-24 08:35:00,6050.0,6050.0,6025.0,6050.0,53100
2026-04-24 08:40:00,6050.0,6050.0,6025.0,6050.0,307500
2026-04-24 08:45:00,6050.0,6075.0,6025.0,6025.0,227900
2026-04-24 09:00:00,6000.0,6000.0,6000.0,6000.0,1498500
2026-04-24 09:05:00,6000.0,6000.0,6000.0,6000.0,0
2026-04-24 09:10:00,6000.0,6000.0,6000.0,6000.0,1000
2026-04-27 02:00:00,6275.0,6275.0,5975.0,6000.0,0
2026-04-27 02:05:00,6225.0,6300.0,6200.0,6275.0,370900
2026-04-27 02:10:00,6200.0,6250.0,6200.0,6225.0,272800
2026-04-27 02:15:00,6225.0,6250.0,6200.0,6225.0,76900
2026-04-27 02:20:00,6200.0,6250.0,6200.0,6225.0,172500
2026-04-27 02:25:00,6225.0,6225.0,6200.0,6225.0,85300
2026-04-27 02:30:00,6150.0,6225.0,6150.0,6225.0,259200
2026-04-27 02:35:00,6100.0,6150.0,6050.0,6150.0,374500
2026-04-27 02:40:00,6075.0,6125.0,6075.0,6100.0,43100
2026-04-27 02:45:00,6075.0,6100.0,6075.0,6075.0,21700
2026-04-27 02:50:00,6100.0,6100.0,6075.0,6075.0,63700
2026-04-27 02:55:00,6075.0,6075.0,6050.0,6075.0,26600
2026-04-27 03:00:00,6025.0,6050.0,6025.0,6050.0,106800
2026-04-27 03:05:00,6050.0,6075.0,6025.0,6025.0,40000
2026-04-27 03:10:00,6150.0,6150.0,6075.0,6075.0,75600
2026-04-27 03:15:00,6075.0,6150.0,6075.0,6150.0,51200
2026-04-27 03:20:00,6100.0,6100.0,6075.0,6075.0,1500
2026-04-27 03:25:00,6075.0,6075.0,6075.0,6075.0,15200
2026-04-27 03:30:00,6100.0,6100.0,6075.0,6075.0,1800
2026-04-27 03:35:00,6025.0,6100.0,6025.0,6075.0,163700
2026-04-27 03:40:00,6050.0,6050.0,6025.0,6050.0,22900
2026-04-27 03:45:00,6050.0,6050.0,6025.0,6025.0,6900
2026-04-27 03:50:00,6050.0,6050.0,6025.0,6050.0,10700
2026-04-27 03:55:00,6050.0,6050.0,6025.0,6050.0,11400
2026-04-27 04:00:00,6050.0,6050.0,6025.0,6025.0,13400
2026-04-27 04:05:00,6050.0,6050.0,6025.0,6050.0,29700
2026-04-27 04:10:00,6050.0,6075.0,6025.0,6050.0,40900
2026-04-27 04:15:00,6075.0,6075.0,6050.0,6075.0,9300
2026-04-27 04:20:00,6075.0,6100.0,6075.0,6075.0,93500
2026-04-27 04:25:00,6050.0,6075.0,6050.0,6075.0,65500
2026-04-27 04:30:00,6025.0,6050.0,6000.0,6050.0,114100
2026-04-27 04:35:00,6025.0,6025.0,6000.0,6025.0,7900
2026-04-27 04:40:00,6000.0,6025.0,6000.0,6025.0,14200
2026-04-27 04:45:00,6025.0,6025.0,6000.0,6025.0,31100
2026-04-27 04:50:00,6000.0,6025.0,6000.0,6025.0,47400
2026-04-27 04:55:00,6000.0,6050.0,6000.0,6000.0,93000
2026-04-27 06:30:00,5975.0,6025.0,5975.0,6025.0,344100
2026-04-27 06:35:00,5950.0,5975.0,5950.0,5950.0,13100
2026-04-27 06:40:00,5975.0,5975.0,5950.0,5950.0,25900
2026-04-27 06:45:00,6000.0,6000.0,5975.0,5975.0,192700
2026-04-27 06:50:00,6000.0,6000.0,5975.0,6000.0,42200
2026-04-27 06:55:00,5975.0,6000.0,5975.0,6000.0,10400
2026-04-27 07:00:00,6000.0,6000.0,5975.0,5975.0,12100
2026-04-27 07:05:00,5975.0,6000.0,5975.0,6000.0,76500
2026-04-27 07:10:00,5950.0,6000.0,5950.0,5975.0,109000
2026-04-27 07:15:00,5950.0,5975.0,5950.0,5975.0,17400
2026-04-27 07:20:00,5975.0,5975.0,5950.0,5950.0,12500
2026-04-27 07:25:00,5925.0,5975.0,5925.0,5950.0,228900
2026-04-27 07:30:00,5925.0,5950.0,5900.0,5925.0,177800
2026-04-27 07:35:00,5900.0,5925.0,5900.0,5925.0,55700
2026-04-27 07:40:00,5925.0,5925.0,5900.0,5900.0,8600
2026-04-27 07:45:00,5900.0,5925.0,5900.0,5925.0,33600
2026-04-27 07:50:00,5875.0,5925.0,5875.0,5900.0,118100
2026-04-27 07:55:00,5875.0,5900.0,5875.0,5900.0,27100
2026-04-27 08:00:00,5900.0,5900.0,5875.0,5900.0,12800
2026-04-27 08:05:00,5875.0,5900.0,5875.0,5900.0,9700
2026-04-27 08:10:00,5850.0,5900.0,5850.0,5900.0,136400
2026-04-27 08:15:00,5850.0,5875.0,5825.0,5850.0,116000
2026-04-27 08:20:00,5825.0,5850.0,5825.0,5850.0,123900
2026-04-27 08:25:00,5825.0,5850.0,5800.0,5825.0,123300
2026-04-27 08:30:00,5825.0,5825.0,5800.0,5800.0,29400
2026-04-27 08:35:00,5800.0,5825.0,5800.0,5800.0,56900
2026-04-27 08:40:00,5800.0,5825.0,5775.0,5825.0,355300
2026-04-27 08:45:00,5775.0,5800.0,5750.0,5775.0,615400
2026-04-27 09:00:00,5750.0,5750.0,5750.0,5750.0,522600
2026-04-27 09:05:00,5750.0,5750.0,5750.0,5750.0,11200
2026-04-27 09:10:00,5750.0,5750.0,5750.0,5750.0,0
2026-04-28 02:00:00,5775.0,5800.0,5750.0,5750.0,0
2026-04-28 02:05:00,5750.0,5850.0,5750.0,5775.0,126400
2026-04-28 02:10:00,5600.0,5750.0,5600.0,5750.0,775600
2026-04-28 02:15:00,5625.0,5650.0,5600.0,5600.0,113000
2026-04-28 02:20:00,5625.0,5650.0,5600.0,5600.0,72700
2026-04-28 02:25:00,5600.0,5625.0,5575.0,5625.0,104500
2026-04-28 02:30:00,5650.0,5650.0,5600.0,5600.0,112600
2026-04-28 02:35:00,5700.0,5700.0,5650.0,5675.0,190100
2026-04-28 02:40:00,5725.0,5725.0,5650.0,5700.0,39400
2026-04-28 02:45:00,5625.0,5700.0,5625.0,5700.0,63900
2026-04-28 02:50:00,5625.0,5625.0,5600.0,5625.0,79700
2026-04-28 02:55:00,5600.0,5625.0,5575.0,5600.0,48200
2026-04-28 03:00:00,5600.0,5600.0,5575.0,5600.0,80200
2026-04-28 03:05:00,5625.0,5625.0,5575.0,5575.0,25200
2026-04-28 03:10:00,5600.0,5625.0,5575.0,5625.0,26900
2026-04-28 03:15:00,5600.0,5600.0,5575.0,5575.0,72900
2026-04-28 03:20:00,5600.0,5650.0,5600.0,5600.0,169800
2026-04-28 03:25:00,5650.0,5650.0,5600.0,5650.0,18800
2026-04-28 03:30:00,5575.0,5625.0,5575.0,5625.0,50100
2026-04-28 03:35:00,5575.0,5600.0,5575.0,5575.0,21100
2026-04-28 03:40:00,5600.0,5600.0,5575.0,5575.0,39200
2026-04-28 03:45:00,5575.0,5600.0,5550.0,5600.0,173900
2026-04-28 03:50:00,5625.0,5625.0,5550.0,5575.0,240000
2026-04-28 03:55:00,5625.0,5650.0,5625.0,5625.0,80700
2026-04-28 04:00:00,5600.0,5625.0,5575.0,5600.0,67000
2026-04-28 04:05:00,5700.0,5725.0,5625.0,5625.0,328400
2026-04-28 04:10:00,5725.0,5750.0,5700.0,5700.0,102600
2026-04-28 04:15:00,5700.0,5750.0,5700.0,5750.0,108900
2026-04-28 04:20:00,5725.0,5725.0,5675.0,5700.0,105500
2026-04-28 04:25:00,5675.0,5725.0,5675.0,5725.0,103700
2026-04-28 04:30:00,5825.0,5825.0,5675.0,5675.0,189000
2026-04-28 04:35:00,5850.0,5925.0,5825.0,5825.0,585600
2026-04-28 04:40:00,5850.0,5875.0,5850.0,5875.0,111500
2026-04-28 04:45:00,5875.0,5900.0,5850.0,5850.0,92200
2026-04-28 04:50:00,5875.0,5875.0,5850.0,5850.0,62500
2026-04-28 04:55:00,5875.0,5900.0,5850.0,5875.0,69500
2026-04-28 06:30:00,5825.0,5900.0,5825.0,5875.0,142900
2026-04-28 06:35:00,5750.0,5800.0,5750.0,5800.0,66900
2026-04-28 06:40:00,5725.0,5775.0,5675.0,5775.0,126800
2026-04-28 06:45:00,5725.0,5725.0,5700.0,5725.0,27100
2026-04-28 06:50:00,5700.0,5725.0,5675.0,5725.0,84600
2026-04-28 06:55:00,5700.0,5725.0,5700.0,5700.0,26500
2026-04-28 07:00:00,5650.0,5725.0,5650.0,5700.0,122600
2026-04-28 07:05:00,5675.0,5675.0,5625.0,5650.0,72400
2026-04-28 07:10:00,5650.0,5700.0,5650.0,5675.0,62800
2026-04-28 07:15:00,5625.0,5675.0,5625.0,5650.0,70200
2026-04-28 07:20:00,5625.0,5625.0,5575.0,5625.0,219900
2026-04-28 07:25:00,5575.0,5625.0,5575.0,5625.0,81800
2026-04-28 07:30:00,5575.0,5600.0,5575.0,5600.0,31100
2026-04-28 07:35:00,5600.0,5600.0,5575.0,5600.0,23400
2026-04-28 07:40:00,5600.0,5600.0,5525.0,5600.0,363500
2026-04-28 07:45:00,5575.0,5600.0,5575.0,5600.0,44700
2026-04-28 07:50:00,5575.0,5600.0,5575.0,5600.0,51500
2026-04-28 07:55:00,5575.0,5600.0,5575.0,5575.0,29100
2026-04-28 08:00:00,5575.0,5575.0,5550.0,5575.0,81200
2026-04-28 08:05:00,5575.0,5600.0,5575.0,5575.0,22700
2026-04-28 08:10:00,5575.0,5600.0,5550.0,5575.0,106700
2026-04-28 08:15:00,5525.0,5600.0,5525.0,5575.0,156800
2026-04-28 08:20:00,5525.0,5550.0,5500.0,5525.0,173200
2026-04-28 08:25:00,5525.0,5550.0,5525.0,5525.0,97500
2026-04-28 08:30:00,5525.0,5550.0,5525.0,5525.0,35900
2026-04-28 08:35:00,5525.0,5575.0,5525.0,5550.0,251600
2026-04-28 08:40:00,5500.0,5550.0,5500.0,5550.0,367200
2026-04-28 08:45:00,5575.0,5600.0,5500.0,5500.0,291200
2026-04-28 09:00:00,5550.0,5550.0,5550.0,5550.0,500200
2026-04-28 09:05:00,5550.0,5550.0,5550.0,5550.0,12700
2026-04-28 09:10:00,5550.0,5550.0,5550.0,5550.0,7400
2026-04-29 02:00:00,5475.0,5600.0,5450.0,5600.0,0
2026-04-29 02:05:00,5450.0,5475.0,5425.0,5475.0,181300
2026-04-29 02:10:00,5400.0,5450.0,5375.0,5450.0,215900
2026-04-29 02:15:00,5350.0,5400.0,5325.0,5400.0,415700
2026-04-29 02:20:00,5425.0,5475.0,5350.0,5375.0,309400
2026-04-29 02:25:00,5475.0,5475.0,5400.0,5425.0,169300
2026-04-29 02:30:00,5450.0,5500.0,5450.0,5475.0,134600
2026-04-29 02:35:00,5475.0,5500.0,5425.0,5450.0,100700
2026-04-29 02:40:00,5400.0,5450.0,5400.0,5425.0,264500
2026-04-29 02:45:00,5400.0,5400.0,5375.0,5375.0,72900
2026-04-29 02:50:00,5400.0,5425.0,5400.0,5400.0,48800
2026-04-29 02:55:00,5400.0,5425.0,5400.0,5400.0,38200
2026-04-29 03:00:00,5400.0,5400.0,5375.0,5400.0,45200
2026-04-29 03:05:00,5400.0,5425.0,5375.0,5400.0,42500
2026-04-29 03:10:00,5425.0,5450.0,5400.0,5400.0,79600
2026-04-29 03:15:00,5425.0,5450.0,5425.0,5425.0,6800
2026-04-29 03:20:00,5400.0,5450.0,5400.0,5425.0,108100
2026-04-29 03:25:00,5400.0,5425.0,5400.0,5425.0,119300
2026-04-29 03:30:00,5375.0,5400.0,5375.0,5400.0,13600
2026-04-29 03:35:00,5400.0,5400.0,5375.0,5375.0,36400
2026-04-29 03:40:00,5375.0,5400.0,5375.0,5375.0,23400
2026-04-29 03:45:00,5375.0,5400.0,5375.0,5375.0,6600
2026-04-29 03:50:00,5350.0,5375.0,5350.0,5375.0,231000
2026-04-29 03:55:00,5350.0,5375.0,5350.0,5350.0,33000
2026-04-29 04:00:00,5350.0,5375.0,5350.0,5350.0,6000
2026-04-29 04:05:00,5350.0,5375.0,5350.0,5350.0,59900
2026-04-29 04:10:00,5400.0,5400.0,5350.0,5350.0,89200
2026-04-29 04:15:00,5375.0,5400.0,5375.0,5400.0,10500
2026-04-29 04:20:00,5350.0,5400.0,5350.0,5375.0,15600
2026-04-29 04:25:00,5350.0,5375.0,5350.0,5375.0,40800
2026-04-29 04:30:00,5375.0,5375.0,5350.0,5350.0,32200
2026-04-29 04:35:00,5375.0,5375.0,5350.0,5350.0,28800
2026-04-29 04:40:00,5350.0,5375.0,5350.0,5350.0,55900
2026-04-29 04:45:00,5350.0,5375.0,5325.0,5350.0,33000
2026-04-29 04:50:00,5350.0,5375.0,5350.0,5375.0,15900
2026-04-29 04:55:00,5350.0,5375.0,5325.0,5350.0,57800
2026-04-29 06:30:00,5350.0,5350.0,5325.0,5350.0,62500
2026-04-29 06:35:00,5375.0,5400.0,5350.0,5350.0,51900
2026-04-29 06:40:00,5375.0,5400.0,5375.0,5375.0,42300
2026-04-29 06:45:00,5400.0,5400.0,5375.0,5375.0,22500
2026-04-29 06:50:00,5400.0,5400.0,5375.0,5400.0,2800
2026-04-29 06:55:00,5375.0,5400.0,5350.0,5375.0,28100
2026-04-29 07:00:00,5350.0,5375.0,5350.0,5375.0,36500
2026-04-29 07:05:00,5375.0,5375.0,5350.0,5375.0,2900
2026-04-29 07:10:00,5400.0,5400.0,5375.0,5375.0,283500
2026-04-29 07:15:00,5375.0,5400.0,5375.0,5400.0,0
2026-04-29 07:20:00,5400.0,5400.0,5375.0,5400.0,46800
2026-04-29 07:25:00,5375.0,5400.0,5375.0,5400.0,112200
2026-04-29 07:30:00,5375.0,5400.0,5375.0,5375.0,84700
2026-04-29 07:35:00,5375.0,5375.0,5375.0,5375.0,4200
2026-04-29 07:40:00,5375.0,5400.0,5375.0,5375.0,152300
2026-04-29 07:45:00,5350.0,5375.0,5350.0,5375.0,75400
2026-04-29 07:50:00,5350.0,5375.0,5325.0,5375.0,60600
2026-04-29 07:55:00,5350.0,5350.0,5325.0,5350.0,9100
2026-04-29 08:00:00,5350.0,5350.0,5325.0,5350.0,46700
2026-04-29 08:05:00,5350.0,5350.0,5325.0,5325.0,50500
2026-04-29 08:10:00,5350.0,5350.0,5325.0,5350.0,14900
2026-04-29 08:15:00,5350.0,5350.0,5325.0,5350.0,16600
2026-04-29 08:20:00,5350.0,5350.0,5325.0,5350.0,49100
2026-04-29 08:25:00,5375.0,5375.0,5325.0,5350.0,104600
2026-04-29 08:30:00,5350.0,5375.0,5325.0,5350.0,57800
2026-04-29 08:35:00,5325.0,5350.0,5325.0,5350.0,70000
2026-04-29 08:40:00,5300.0,5350.0,5300.0,5325.0,531200
2026-04-29 08:45:00,5300.0,5325.0,5225.0,5300.0,2000600
2026-04-29 09:00:00,5300.0,5300.0,5300.0,5300.0,1497100
2026-04-29 09:05:00,5300.0,5300.0,5300.0,5300.0,38700
2026-04-29 09:10:00,5300.0,5300.0,5300.0,5300.0,112900
2026-04-30 02:00:00,5325.0,5375.0,5300.0,5325.0,0
2026-04-30 02:05:00,5250.0,5325.0,5250.0,5325.0,177300
2026-04-30 02:10:00,5250.0,5300.0,5225.0,5250.0,160800
2026-04-30 02:15:00,5275.0,5300.0,5250.0,5250.0,36300
2026-04-30 02:20:00,5225.0,5275.0,5200.0,5275.0,270100
2026-04-30 02:25:00,5175.0,5225.0,5175.0,5200.0,527400
2026-04-30 02:30:00,5150.0,5200.0,5125.0,5175.0,247000
2026-04-30 02:35:00,5150.0,5175.0,5125.0,5150.0,45300
2026-04-30 02:40:00,5175.0,5175.0,5125.0,5125.0,109300
2026-04-30 02:45:00,5125.0,5175.0,5125.0,5175.0,66100
2026-04-30 02:50:00,5150.0,5150.0,5125.0,5125.0,53500
2026-04-30 02:55:00,5125.0,5150.0,5125.0,5125.0,100500
2026-04-30 03:00:00,5100.0,5150.0,5100.0,5150.0,125000
2026-04-30 03:05:00,5100.0,5125.0,5100.0,5125.0,162900
2026-04-30 03:10:00,5100.0,5125.0,5100.0,5125.0,13400
2026-04-30 03:15:00,5100.0,5125.0,5100.0,5100.0,74400
2026-04-30 03:20:00,5125.0,5125.0,5075.0,5100.0,147000
2026-04-30 03:25:00,5100.0,5150.0,5100.0,5125.0,80700
2026-04-30 03:30:00,5100.0,5125.0,5100.0,5125.0,17000
2026-04-30 03:35:00,5100.0,5100.0,5075.0,5100.0,59600
2026-04-30 03:40:00,5075.0,5100.0,5075.0,5075.0,151000
2026-04-30 03:45:00,5050.0,5075.0,5050.0,5075.0,33400
2026-04-30 03:50:00,5075.0,5075.0,5050.0,5050.0,188500
2026-04-30 03:55:00,5075.0,5100.0,5050.0,5075.0,19300
2026-04-30 04:00:00,5075.0,5075.0,5050.0,5075.0,91100
2026-04-30 04:05:00,5075.0,5075.0,5050.0,5075.0,32400
2026-04-30 04:10:00,5025.0,5050.0,5025.0,5050.0,94300
2026-04-30 04:15:00,5075.0,5075.0,5025.0,5050.0,47400
2026-04-30 04:20:00,5050.0,5075.0,5025.0,5025.0,17200
2026-04-30 04:25:00,5050.0,5075.0,5050.0,5050.0,143600
2026-04-30 04:30:00,5025.0,5075.0,5025.0,5075.0,24700
2026-04-30 04:35:00,5050.0,5075.0,5025.0,5050.0,40200
2026-04-30 04:40:00,5075.0,5075.0,5050.0,5050.0,14000
2026-04-30 04:45:00,5025.0,5075.0,5025.0,5050.0,38600
2026-04-30 04:50:00,5025.0,5050.0,5025.0,5025.0,138300
2026-04-30 04:55:00,5025.0,5050.0,5025.0,5025.0,149400
2026-04-30 06:30:00,5050.0,5150.0,5000.0,5025.0,384800
2026-04-30 06:35:00,5050.0,5075.0,5000.0,5050.0,165400
2026-04-30 06:40:00,5025.0,5075.0,5025.0,5050.0,128600
2026-04-30 06:45:00,5075.0,5075.0,5000.0,5025.0,80200
2026-04-30 06:50:00,5075.0,5075.0,5050.0,5050.0,30800
2026-04-30 06:55:00,5050.0,5100.0,5025.0,5050.0,126300
2026-04-30 07:00:00,5100.0,5150.0,5050.0,5100.0,186400
2026-04-30 07:05:00,5075.0,5100.0,5050.0,5100.0,90100
2026-04-30 07:10:00,5075.0,5100.0,5050.0,5075.0,35400
2026-04-30 07:15:00,5100.0,5100.0,5075.0,5075.0,84200
2026-04-30 07:20:00,5100.0,5125.0,5100.0,5100.0,81600
2026-04-30 07:25:00,5100.0,5100.0,5075.0,5100.0,84100
2026-04-30 07:30:00,5100.0,5150.0,5075.0,5075.0,111000
2026-04-30 07:35:00,5175.0,5225.0,5150.0,5150.0,443000
2026-04-30 07:40:00,5175.0,5200.0,5175.0,5175.0,40700
2026-04-30 07:45:00,5225.0,5225.0,5175.0,5175.0,215200
2026-04-30 07:50:00,5200.0,5225.0,5200.0,5225.0,113000
2026-04-30 07:55:00,5225.0,5225.0,5175.0,5225.0,208500
2026-04-30 08:00:00,5175.0,5225.0,5150.0,5225.0,122100
2026-04-30 08:05:00,5175.0,5200.0,5150.0,5175.0,35300
2026-04-30 08:10:00,5225.0,5250.0,5150.0,5175.0,272600
2026-04-30 08:15:00,5225.0,5250.0,5200.0,5225.0,130000
2026-04-30 08:20:00,5250.0,5250.0,5200.0,5225.0,62400
2026-04-30 08:25:00,5200.0,5250.0,5200.0,5225.0,89300
2026-04-30 08:30:00,5225.0,5225.0,5200.0,5200.0,331200
2026-04-30 08:35:00,5225.0,5225.0,5200.0,5225.0,102300
2026-04-30 08:40:00,5225.0,5225.0,5200.0,5200.0,203800
2026-04-30 08:45:00,5325.0,5325.0,5225.0,5225.0,613500
2026-04-30 09:00:00,5300.0,5300.0,5300.0,5300.0,2770800
2026-04-30 09:05:00,5300.0,5300.0,5300.0,5300.0,17100
2026-04-30 09:10:00,5300.0,5300.0,5300.0,5300.0,5700
