Datetime,Open,High,Low,Close,Volume
2026-02-03 09:00:00,2010.0,2060.0,2000.0,2020.0,0
2026-02-03 09:05:00,2020.0,2050.0,1995.0,2040.0,2853200
2026-02-03 09:10:00,2040.0,2080.0,2030.0,2060.0,1440400
2026-02-03 09:15:00,2060.0,2110.0,2050.0,2110.0,1820900
2026-02-03 09:20:00,2100.0,2110.0,2070.0,2070.0,1425600
2026-02-03 09:25:00,2070.0,2100.0,2070.0,2090.0,436000
2026-02-03 09:30:00,2090.0,2090.0,2050.0,2050.0,1208700
2026-02-03 09:35:00,2050.0,2070.0,2050.0,2050.0,844100
2026-02-03 09:40:00,2050.0,2050.0,2010.0,2020.0,2327600
2026-02-03 09:45:00,2020.0,2030.0,2020.0,2030.0,268300
2026-02-03 09:50:00,2030.0,2050.0,2020.0,2050.0,595400
2026-02-03 09:55:00,2050.0,2050.0,2030.0,2040.0,489700
2026-02-03 10:00:00,2030.0,2040.0,2020.0,2030.0,719300
2026-02-03 10:05:00,2030.0,2040.0,2010.0,2020.0,852700
2026-02-03 10:10:00,2020.0,2020.0,2010.0,2020.0,226000
2026-02-03 10:15:00,2020.0,2030.0,2020.0,2030.0,357800
2026-02-03 10:20:00,2030.0,2040.0,2020.0,2040.0,543300
2026-02-03 10:25:00,2040.0,2040.0,2030.0,2030.0,266400
2026-02-03 10:30:00,2040.0,2040.0,2030.0,2040.0,374200
2026-02-03 10:35:00,2040.0,2040.0,2010.0,2020.0,1295800
2026-02-03 10:40:00,2010.0,2020.0,2010.0,2020.0,212000
2026-02-03 10:45:00,2020.0,2020.0,2010.0,2020.0,258200
2026-02-03 10:50:00,2010.0,2030.0,2010.0,2030.0,454500
2026-02-03 10:55:00,2030.0,2030.0,2020.0,2030.0,271400
2026-02-03 11:00:00,2030.0,2030.0,2020.0,2030.0,186300
2026-02-03 11:05:00,2030.0,2030.0,2020.0,2030.0,205500
2026-02-03 11:10:00,2030.0,2030.0,2010.0,2010.0,492600
2026-02-03 11:15:00,2010.0,2020.0,2010.0,2020.0,131500
2026-02-03 11:20:00,2020.0,2020.0,2010.0,2020.0,155700
2026-02-03 11:25:00,2020.0,2020.0,2010.0,2020.0,306500
2026-02-03 11:30:00,2020.0,2030.0,2010.0,2020.0,576600
2026-02-03 11:35:00,2020.0,2030.0,2010.0,2020.0,350500
2026-02-03 11:40:00,2020.0,2020.0,2010.0,2020.0,183100
2026-02-03 11:45:00,2020.0,2030.0,2010.0,2020.0,164000
2026-02-03 11:50:00,2020.0,2020.0,2010.0,2020.0,158500
2026-02-03 11:55:00,2020.0,2030.0,2010.0,2030.0,168200
2026-02-03 13:30:00,2030.0,2030.0,2010.0,2020.0,716100
2026-02-03 13:35:00,2020.0,2020.0,2010.0,2020.0,486700
2026-02-03 13:40:00,2020.0,2020.0,2000.0,2000.0,1740800
2026-02-03 13:45:00,2000.0,2010.0,2000.0,2010.0,1784200
2026-02-03 13:50:00,2010.0,2010.0,2000.0,2000.0,231700
2026-02-03 13:55:00,2010.0,2010.0,2000.0,2010.0,468700
2026-02-03 14:00:00,2000.0,2020.0,2000.0,2010.0,611100
2026-02-03 14:05:00,2010.0,2010.0,2000.0,2010.0,214200
2026-02-03 14:10:00,2010.0,2010.0,2000.0,2010.0,361900
2026-02-03 14:15:00,2010.0,2020.0,2000.0,2020.0,479500
2026-02-03 14:20:00,2020.0,2020.0,2010.0,2020.0,280500
2026-02-03 14:25:00,2020.0,2020.0,2010.0,2010.0,318600
2026-02-03 14:30:00,2020.0,2020.0,2010.0,2020.0,358500
2026-02-03 14:35:00,2020.0,2020.0,2010.0,2020.0,264600
2026-02-03 14:40:00,2020.0,2050.0,2000.0,2010.0,2391000
2026-02-03 14:45:00,2010.0,2010.0,2000.0,2010.0,1271600
2026-02-03 14:50:00,2010.0,2010.0,2000.0,2010.0,509200
2026-02-03 14:55:00,2010.0,2010.0,2000.0,2010.0,229800
2026-02-03 15:00:00,2010.0,2020.0,2000.0,2020.0,534600
2026-02-03 15:05:00,2020.0,2020.0,2000.0,2010.0,530300
2026-02-03 15:10:00,2010.0,2010.0,2000.0,2010.0,504700
2026-02-03 15:15:00,2010.0,2020.0,2000.0,2010.0,587900
2026-02-03 15:20:00,2010.0,2020.0,2010.0,2020.0,261800
2026-02-03 15:25:00,2020.0,2020.0,2010.0,2020.0,199300
2026-02-03 15:30:00,2010.0,2030.0,2010.0,2030.0,496700
2026-02-03 15:35:00,2030.0,2030.0,2020.0,2030.0,799000
2026-02-03 15:40:00,2030.0,2040.0,2020.0,2030.0,759400
2026-02-03 15:45:00,2020.0,2030.0,2010.0,2020.0,753400
2026-02-03 16:00:00,2010.0,2010.0,2010.0,2010.0,2099900
2026-02-03 16:05:00,2010.0,2010.0,2010.0,2010.0,268600
2026-02-03 16:10:00,2010.0,2010.0,2010.0,2010.0,76400
2026-02-04 09:00:00,2010.0,2020.0,2000.0,2000.0,0
2026-02-04 09:05:00,2000.0,2010.0,2000.0,2000.0,765500
2026-02-04 09:10:00,2000.0,2010.0,2000.0,2000.0,239600
2026-02-04 09:15:00,2000.0,2010.0,1985.0,1995.0,3253300
2026-02-04 09:20:00,1995.0,1995.0,1990.0,1995.0,319700
2026-02-04 09:25:00,1995.0,1995.0,1985.0,1990.0,1476000
2026-02-04 09:30:00,1985.0,1990.0,1985.0,1985.0,634000
2026-02-04 09:35:00,1985.0,1990.0,1980.0,1985.0,1186300
2026-02-04 09:40:00,1985.0,1985.0,1980.0,1985.0,91300
2026-02-04 09:45:00,1985.0,1995.0,1980.0,1995.0,1053500
2026-02-04 09:50:00,1995.0,1995.0,1990.0,1995.0,301600
2026-02-04 09:55:00,1995.0,1995.0,1990.0,1990.0,419300
2026-02-04 10:00:00,1995.0,1995.0,1990.0,1995.0,106700
2026-02-04 10:05:00,1995.0,1995.0,1990.0,1995.0,188900
2026-02-04 10:10:00,1995.0,1995.0,1990.0,1990.0,221500
2026-02-04 10:15:00,1990.0,1995.0,1990.0,1990.0,164800
2026-02-04 10:20:00,1990.0,1995.0,1990.0,1995.0,358700
2026-02-04 10:25:00,1990.0,1995.0,1990.0,1990.0,310100
2026-02-04 10:30:00,1990.0,1995.0,1990.0,1995.0,155700
2026-02-04 10:35:00,1995.0,2010.0,1990.0,2010.0,1773600
2026-02-04 10:40:00,2010.0,2010.0,2000.0,2010.0,153400
2026-02-04 10:45:00,2000.0,2010.0,2000.0,2010.0,186400
2026-02-04 10:50:00,2010.0,2010.0,2000.0,2010.0,414000
2026-02-04 10:55:00,2000.0,2010.0,2000.0,2010.0,194000
2026-02-04 11:00:00,2000.0,2010.0,1995.0,1995.0,669700
2026-02-04 11:05:00,2000.0,2000.0,1990.0,1995.0,503100
2026-02-04 11:10:00,1990.0,1995.0,1990.0,1995.0,176200
2026-02-04 11:15:00,1990.0,1995.0,1990.0,1995.0,464800
2026-02-04 11:20:00,1990.0,1995.0,1990.0,1995.0,81800
2026-02-04 11:25:00,1990.0,1995.0,1990.0,1995.0,289400
2026-02-04 11:30:00,1990.0,1995.0,1990.0,1990.0,306500
2026-02-04 11:35:00,1990.0,1995.0,1990.0,1990.0,255400
2026-02-04 11:40:00,1990.0,1995.0,1990.0,1990.0,245700
2026-02-04 11:45:00,1990.0,1995.0,1990.0,1995.0,282600
2026-02-04 11:50:00,1990.0,1995.0,1990.0,1990.0,186000
2026-02-04 11:55:00,1990.0,1995.0,1990.0,1990.0,482700
2026-02-04 13:30:00,1990.0,1995.0,1990.0,1995.0,757900
2026-02-04 13:35:00,1990.0,1995.0,1990.0,1990.0,347000
2026-02-04 13:40:00,1990.0,1990.0,1985.0,1990.0,644600
2026-02-04 13:45:00,1985.0,1990.0,1985.0,1985.0,259000
2026-02-04 13:50:00,1990.0,1990.0,1985.0,1990.0,282600
2026-02-04 13:55:00,1990.0,1990.0,1985.0,1990.0,215600
2026-02-04 14:00:00,1990.0,1995.0,1985.0,1995.0,1853300
2026-02-04 14:05:00,1995.0,2010.0,1995.0,2010.0,480200
2026-02-04 14:10:00,2010.0,2010.0,2000.0,2010.0,96400
2026-02-04 14:15:00,2000.0,2010.0,2000.0,2010.0,324100
2026-02-04 14:20:00,2010.0,2010.0,2000.0,2010.0,385500
2026-02-04 14:25:00,2000.0,2010.0,2000.0,2010.0,321100
2026-02-04 14:30:00,2010.0,2010.0,2000.0,2010.0,100700
2026-02-04 14:35:00,2000.0,2020.0,2000.0,2020.0,746100
2026-02-04 14:40:00,2020.0,2020.0,2010.0,2020.0,246100
2026-02-04 14:45:00,2010.0,2020.0,2010.0,2020.0,388500
2026-02-04 14:50:00,2010.0,2020.0,2010.0,2020.0,162800
2026-02-04 14:55:00,2010.0,2010.0,2000.0,2000.0,755600
2026-02-04 15:00:00,2010.0,2010.0,2000.0,2000.0,254100
2026-02-04 15:05:00,2000.0,2010.0,2000.0,2000.0,288100
2026-02-04 15:10:00,2000.0,2010.0,2000.0,2000.0,303800
2026-02-04 15:15:00,2000.0,2010.0,2000.0,2000.0,281000
2026-02-04 15:20:00,2000.0,2010.0,2000.0,2000.0,265100
2026-02-04 15:25:00,2000.0,2010.0,2000.0,2000.0,684600
2026-02-04 15:30:00,2000.0,2060.0,2000.0,2060.0,6048300
2026-02-04 15:35:00,2060.0,2060.0,2030.0,2030.0,2244300
2026-02-04 15:40:00,2040.0,2090.0,2030.0,2070.0,4024100
2026-02-04 15:45:00,2080.0,2090.0,2040.0,2050.0,2490400
2026-02-04 16:00:00,2050.0,2050.0,2050.0,2050.0,3580000
2026-02-04 16:05:00,2050.0,2050.0,2050.0,2050.0,693800
2026-02-04 16:10:00,2050.0,2050.0,2050.0,2050.0,71200
2026-02-05 09:00:00,2070.0,2070.0,2040.0,2060.0,0
2026-02-05 09:05:00,2060.0,2070.0,2050.0,2070.0,515100
2026-02-05 09:10:00,2070.0,2120.0,2060.0,2110.0,2880400
2026-02-05 09:15:00,2110.0,2160.0,2100.0,2160.0,5299000
2026-02-05 09:20:00,2160.0,2160.0,2150.0,2160.0,1890100
2026-02-05 09:25:00,2150.0,2160.0,2140.0,2150.0,2183900
2026-02-05 09:30:00,2150.0,2160.0,2140.0,2150.0,1119200
2026-02-05 09:35:00,2140.0,2150.0,2140.0,2150.0,569000
2026-02-05 09:40:00,2150.0,2150.0,2130.0,2130.0,920600
2026-02-05 09:45:00,2140.0,2160.0,2130.0,2150.0,1372400
2026-02-05 09:50:00,2140.0,2150.0,2140.0,2150.0,344100
2026-02-05 09:55:00,2140.0,2150.0,2140.0,2150.0,360000
2026-02-05 10:00:00,2150.0,2150.0,2130.0,2150.0,1068400
2026-02-05 10:05:00,2150.0,2160.0,2140.0,2150.0,815400
2026-02-05 10:10:00,2150.0,2180.0,2150.0,2180.0,2140300
2026-02-05 10:15:00,2180.0,2210.0,2170.0,2200.0,7199800
2026-02-05 10:20:00,2200.0,2200.0,2180.0,2180.0,902400
2026-02-05 10:25:00,2180.0,2190.0,2180.0,2190.0,327700
2026-02-05 10:30:00,2190.0,2190.0,2180.0,2190.0,360700
2026-02-05 10:35:00,2190.0,2210.0,2180.0,2200.0,1118800
2026-02-05 10:40:00,2200.0,2210.0,2190.0,2210.0,1067000
2026-02-05 10:45:00,2210.0,2240.0,2210.0,2230.0,1707600
2026-02-05 10:50:00,2230.0,2240.0,2220.0,2230.0,762000
2026-02-05 10:55:00,2230.0,2240.0,2190.0,2190.0,1319800
2026-02-05 11:00:00,2200.0,2220.0,2190.0,2210.0,524100
2026-02-05 11:05:00,2220.0,2220.0,2200.0,2200.0,275500
2026-02-05 11:10:00,2210.0,2210.0,2200.0,2200.0,140200
2026-02-05 11:15:00,2200.0,2210.0,2200.0,2210.0,1213000
2026-02-05 11:20:00,2200.0,2210.0,2200.0,2200.0,132300
2026-02-05 11:25:00,2210.0,2210.0,2200.0,2210.0,261900
2026-02-05 11:30:00,2210.0,2230.0,2200.0,2220.0,1139300
2026-02-05 11:35:00,2220.0,2220.0,2200.0,2210.0,773300
2026-02-05 11:40:00,2210.0,2220.0,2210.0,2220.0,263700
2026-02-05 11:45:00,2220.0,2220.0,2210.0,2220.0,112100
2026-02-05 11:50:00,2220.0,2220.0,2210.0,2220.0,213200
2026-02-05 11:55:00,2220.0,2220.0,2210.0,2220.0,218100
2026-02-05 13:30:00,2220.0,2230.0,2210.0,2230.0,1227500
2026-02-05 13:35:00,2230.0,2230.0,2200.0,2210.0,2696400
2026-02-05 13:40:00,2210.0,2220.0,2210.0,2210.0,338200
2026-02-05 13:45:00,2210.0,2230.0,2210.0,2230.0,795900
2026-02-05 13:50:00,2230.0,2240.0,2220.0,2240.0,2706300
2026-02-05 13:55:00,2240.0,2250.0,2220.0,2230.0,1722400
2026-02-05 14:00:00,2230.0,2240.0,2220.0,2240.0,626500
2026-02-05 14:05:00,2230.0,2240.0,2230.0,2230.0,244800
2026-02-05 14:10:00,2240.0,2240.0,2220.0,2230.0,952600
2026-02-05 14:15:00,2220.0,2230.0,2210.0,2210.0,509100
2026-02-05 14:20:00,2220.0,2220.0,2210.0,2220.0,733100
2026-02-05 14:25:00,2220.0,2230.0,2210.0,2230.0,432500
2026-02-05 14:30:00,2230.0,2240.0,2220.0,2230.0,975000
2026-02-05 14:35:00,2220.0,2230.0,2220.0,2230.0,157500
2026-02-05 14:40:00,2230.0,2230.0,2220.0,2230.0,268100
2026-02-05 14:45:00,2220.0,2230.0,2210.0,2220.0,1212400
2026-02-05 14:50:00,2220.0,2220.0,2210.0,2220.0,251400
2026-02-05 14:55:00,2220.0,2220.0,2210.0,2220.0,480400
2026-02-05 15:00:00,2210.0,2220.0,2210.0,2220.0,625300
2026-02-05 15:05:00,2210.0,2220.0,2210.0,2210.0,376400
2026-02-05 15:10:00,2210.0,2220.0,2210.0,2220.0,604900
2026-02-05 15:15:00,2210.0,2220.0,2210.0,2210.0,655200
2026-02-05 15:20:00,2220.0,2220.0,2210.0,2220.0,285600
2026-02-05 15:25:00,2220.0,2240.0,2210.0,2230.0,1850000
2026-02-05 15:30:00,2230.0,2240.0,2230.0,2230.0,511500
2026-02-05 15:35:00,2240.0,2240.0,2230.0,2240.0,679000
2026-02-05 15:40:00,2240.0,2240.0,2220.0,2230.0,1362400
2026-02-05 15:45:00,2230.0,2230.0,2220.0,2230.0,1100700
2026-02-05 16:00:00,2210.0,2210.0,2210.0,2210.0,2887500
2026-02-05 16:05:00,2210.0,2210.0,2210.0,2210.0,44900
2026-02-05 16:10:00,2210.0,2210.0,2210.0,2210.0,35400
2026-02-06 09:00:00,2190.0,2190.0,2140.0,2150.0,0
2026-02-06 09:05:00,2150.0,2160.0,2140.0,2150.0,1391300
2026-02-06 09:10:00,2150.0,2180.0,2150.0,2180.0,1711700
2026-02-06 09:15:00,2180.0,2190.0,2170.0,2180.0,800900
2026-02-06 09:20:00,2170.0,2180.0,2170.0,2170.0,478400
2026-02-06 09:25:00,2180.0,2180.0,2160.0,2180.0,972800
2026-02-06 09:30:00,2170.0,2180.0,2160.0,2160.0,647800
2026-02-06 09:35:00,2160.0,2170.0,2160.0,2170.0,168700
2026-02-06 09:40:00,2170.0,2180.0,2170.0,2170.0,219800
2026-02-06 09:45:00,2170.0,2180.0,2170.0,2170.0,112200
2026-02-06 09:50:00,2180.0,2180.0,2160.0,2160.0,860600
2026-02-06 09:55:00,2170.0,2180.0,2160.0,2170.0,576700
2026-02-06 10:00:00,2170.0,2190.0,2160.0,2180.0,1156400
2026-02-06 10:05:00,2180.0,2200.0,2180.0,2190.0,787000
2026-02-06 10:10:00,2190.0,2240.0,2190.0,2220.0,4930000
2026-02-06 10:15:00,2220.0,2240.0,2220.0,2230.0,1037400
2026-02-06 10:20:00,2230.0,2240.0,2220.0,2220.0,2069000
2026-02-06 10:25:00,2230.0,2240.0,2220.0,2220.0,2204500
2026-02-06 10:30:00,2220.0,2230.0,2210.0,2210.0,1591700
2026-02-06 10:35:00,2220.0,2220.0,2210.0,2210.0,1517100
2026-02-06 10:40:00,2210.0,2230.0,2210.0,2220.0,532900
2026-02-06 10:45:00,2220.0,2220.0,2200.0,2220.0,997500
2026-02-06 10:50:00,2210.0,2220.0,2210.0,2220.0,686400
2026-02-06 10:55:00,2220.0,2230.0,2220.0,2220.0,158400
2026-02-06 11:00:00,2220.0,2230.0,2220.0,2220.0,99100
2026-02-06 11:05:00,2220.0,2230.0,2220.0,2220.0,300500
2026-02-06 11:10:00,2220.0,2230.0,2220.0,2220.0,345100
2026-02-06 11:15:00,2220.0,2230.0,2220.0,2220.0,449200
2026-02-06 11:20:00,2220.0,2230.0,2210.0,2210.0,326900
2026-02-06 11:25:00,2220.0,2220.0,2190.0,2200.0,6186000
2026-02-06 14:00:00,2210.0,2230.0,2200.0,2220.0,2841700
2026-02-06 14:05:00,2220.0,2230.0,2220.0,2220.0,469400
2026-02-06 14:10:00,2220.0,2240.0,2220.0,2240.0,2338100
2026-02-06 14:15:00,2230.0,2240.0,2230.0,2230.0,372900
2026-02-06 14:20:00,2230.0,2240.0,2230.0,2230.0,275400
2026-02-06 14:25:00,2230.0,2240.0,2230.0,2230.0,687200
2026-02-06 14:30:00,2240.0,2240.0,2230.0,2240.0,258500
2026-02-06 14:35:00,2230.0,2240.0,2230.0,2230.0,581500
2026-02-06 14:40:00,2230.0,2240.0,2230.0,2230.0,329700
2026-02-06 14:45:00,2230.0,2240.0,2230.0,2230.0,63500
2026-02-06 14:50:00,2220.0,2230.0,2220.0,2230.0,2606600
2026-02-06 14:55:00,2240.0,2250.0,2230.0,2230.0,3159600
2026-02-06 15:00:00,2230.0,2240.0,2230.0,2240.0,120400
2026-02-06 15:05:00,2230.0,2240.0,2220.0,2230.0,1157600
2026-02-06 15:10:00,2220.0,2240.0,2220.0,2230.0,1103900
2026-02-06 15:15:00,2240.0,2240.0,2230.0,2240.0,196300
2026-02-06 15:20:00,2230.0,2240.0,2230.0,2240.0,269400
2026-02-06 15:25:00,2240.0,2240.0,2230.0,2230.0,644200
2026-02-06 15:30:00,2240.0,2240.0,2230.0,2230.0,920800
2026-02-06 15:35:00,2240.0,2260.0,2230.0,2260.0,3700900
2026-02-06 15:40:00,2260.0,2270.0,2250.0,2260.0,3066400
2026-02-06 15:45:00,2260.0,2280.0,2260.0,2270.0,3241700
2026-02-06 16:00:00,2300.0,2300.0,2300.0,2300.0,4312300
2026-02-06 16:05:00,2300.0,2300.0,2300.0,2300.0,194400
2026-02-06 16:10:00,2300.0,2300.0,2300.0,2300.0,39000
2026-02-09 09:00:00,2300.0,2300.0,2250.0,2270.0,0
2026-02-09 09:05:00,2270.0,2300.0,2270.0,2270.0,952100
2026-02-09 09:10:00,2270.0,2280.0,2250.0,2250.0,1037000
2026-02-09 09:15:00,2250.0,2270.0,2250.0,2260.0,489000
2026-02-09 09:20:00,2260.0,2270.0,2250.0,2260.0,283000
2026-02-09 09:25:00,2250.0,2260.0,2250.0,2250.0,470100
2026-02-09 09:30:00,2250.0,2270.0,2250.0,2260.0,481300
2026-02-09 09:35:00,2270.0,2270.0,2260.0,2270.0,178900
2026-02-09 09:40:00,2260.0,2280.0,2260.0,2270.0,486300
2026-02-09 09:45:00,2280.0,2280.0,2270.0,2280.0,155700
2026-02-09 09:50:00,2270.0,2280.0,2270.0,2280.0,162600
2026-02-09 09:55:00,2270.0,2280.0,2260.0,2270.0,925800
2026-02-09 10:00:00,2270.0,2270.0,2260.0,2270.0,92600
2026-02-09 10:05:00,2270.0,2270.0,2260.0,2270.0,186800
2026-02-09 10:10:00,2270.0,2270.0,2250.0,2260.0,853800
2026-02-09 10:15:00,2260.0,2260.0,2250.0,2250.0,409000
2026-02-09 10:20:00,2260.0,2270.0,2250.0,2270.0,273300
2026-02-09 10:25:00,2270.0,2270.0,2260.0,2260.0,255900
2026-02-09 10:30:00,2260.0,2270.0,2250.0,2260.0,206700
2026-02-09 10:35:00,2250.0,2260.0,2250.0,2250.0,229500
2026-02-09 10:40:00,2250.0,2260.0,2250.0,2260.0,366300
2026-02-09 10:45:00,2260.0,2270.0,2260.0,2270.0,129700
2026-02-09 10:50:00,2270.0,2270.0,2260.0,2260.0,17200
2026-02-09 10:55:00,2270.0,2270.0,2260.0,2270.0,184000
2026-02-09 11:00:00,2260.0,2270.0,2260.0,2270.0,66800
2026-02-09 11:05:00,2270.0,2270.0,2260.0,2270.0,111700
2026-02-09 11:10:00,2270.0,2270.0,2260.0,2270.0,239300
2026-02-09 11:15:00,2270.0,2270.0,2260.0,2260.0,131500
2026-02-09 11:20:00,2260.0,2270.0,2260.0,2270.0,38600
2026-02-09 11:25:00,2270.0,2270.0,2260.0,2270.0,140000
2026-02-09 11:30:00,2270.0,2270.0,2260.0,2270.0,56600
2026-02-09 11:35:00,2270.0,2270.0,2260.0,2260.0,353100
2026-02-09 11:40:00,2270.0,2280.0,2260.0,2270.0,403200
2026-02-09 11:45:00,2280.0,2280.0,2270.0,2280.0,142900
2026-02-09 11:50:00,2270.0,2280.0,2260.0,2270.0,324800
2026-02-09 11:55:00,2260.0,2270.0,2260.0,2270.0,31600
2026-02-09 13:30:00,2270.0,2270.0,2260.0,2260.0,458800
2026-02-09 13:35:00,2260.0,2270.0,2260.0,2270.0,150600
2026-02-09 13:40:00,2270.0,2280.0,2260.0,2270.0,199300
2026-02-09 13:45:00,2270.0,2280.0,2260.0,2260.0,235800
2026-02-09 13:50:00,2260.0,2270.0,2250.0,2260.0,431200
2026-02-09 13:55:00,2260.0,2270.0,2250.0,2260.0,308800
2026-02-09 14:00:00,2260.0,2270.0,2250.0,2260.0,308500
2026-02-09 14:05:00,2260.0,2270.0,2250.0,2250.0,122100
2026-02-09 14:10:00,2260.0,2260.0,2250.0,2260.0,117300
2026-02-09 14:15:00,2260.0,2260.0,2250.0,2250.0,81300
2026-02-09 14:20:00,2260.0,2260.0,2250.0,2260.0,235500
2026-02-09 14:25:00,2260.0,2270.0,2250.0,2260.0,230900
2026-02-09 14:30:00,2270.0,2270.0,2260.0,2260.0,119100
2026-02-09 14:35:00,2260.0,2270.0,2260.0,2270.0,124900
2026-02-09 14:40:00,2270.0,2270.0,2260.0,2260.0,150800
2026-02-09 14:45:00,2270.0,2270.0,2260.0,2260.0,232300
2026-02-09 14:50:00,2260.0,2270.0,2260.0,2270.0,489100
2026-02-09 14:55:00,2270.0,2280.0,2260.0,2270.0,199000
2026-02-09 15:00:00,2270.0,2270.0,2260.0,2270.0,218900
2026-02-09 15:05:00,2270.0,2280.0,2270.0,2270.0,364400
2026-02-09 15:10:00,2280.0,2280.0,2270.0,2270.0,28700
2026-02-09 15:15:00,2280.0,2280.0,2270.0,2270.0,613100
2026-02-09 15:20:00,2280.0,2280.0,2270.0,2280.0,44100
2026-02-09 15:25:00,2280.0,2280.0,2270.0,2280.0,670500
2026-02-09 15:30:00,2280.0,2290.0,2270.0,2270.0,421500
2026-02-09 15:35:00,2270.0,2290.0,2270.0,2290.0,302700
2026-02-09 15:40:00,2280.0,2290.0,2280.0,2280.0,280800
2026-02-09 15:45:00,2290.0,2300.0,2280.0,2280.0,1110100
2026-02-09 16:00:00,2300.0,2300.0,2300.0,2300.0,1053700
2026-02-09 16:05:00,2300.0,2300.0,2300.0,2300.0,27100
2026-02-09 16:10:00,2300.0,2300.0,2300.0,2300.0,12500
2026-02-10 09:00:00,2290.0,2320.0,2280.0,2320.0,0
2026-02-10 09:05:00,2320.0,2330.0,2310.0,2310.0,1071600
2026-02-10 09:10:00,2320.0,2320.0,2300.0,2310.0,2389900
2026-02-10 09:15:00,2310.0,2320.0,2300.0,2320.0,877200
2026-02-10 09:20:00,2320.0,2320.0,2310.0,2310.0,488100
2026-02-10 09:25:00,2320.0,2330.0,2310.0,2330.0,875700
2026-02-10 09:30:00,2330.0,2330.0,2320.0,2320.0,729800
2026-02-10 09:35:00,2320.0,2320.0,2310.0,2310.0,190900
2026-02-10 09:40:00,2310.0,2320.0,2300.0,2300.0,768500
2026-02-10 09:45:00,2300.0,2310.0,2300.0,2310.0,29000
2026-02-10 09:50:00,2300.0,2310.0,2300.0,2300.0,74800
2026-02-10 09:55:00,2300.0,2310.0,2300.0,2310.0,146400
2026-02-10 10:00:00,2310.0,2310.0,2300.0,2300.0,90200
2026-02-10 10:05:00,2310.0,2350.0,2300.0,2330.0,3385900
2026-02-10 10:10:00,2320.0,2330.0,2310.0,2310.0,669000
2026-02-10 10:15:00,2310.0,2320.0,2310.0,2310.0,81700
2026-02-10 10:20:00,2310.0,2320.0,2310.0,2320.0,157400
2026-02-10 10:25:00,2320.0,2320.0,2310.0,2320.0,248600
2026-02-10 10:30:00,2320.0,2320.0,2310.0,2320.0,256200
2026-02-10 10:35:00,2310.0,2320.0,2310.0,2310.0,917600
2026-02-10 10:40:00,2310.0,2330.0,2310.0,2320.0,923100
2026-02-10 10:45:00,2320.0,2400.0,2320.0,2400.0,5690100
2026-02-10 10:50:00,2390.0,2420.0,2360.0,2370.0,4371200
2026-02-10 10:55:00,2370.0,2380.0,2370.0,2370.0,271500
2026-02-10 11:00:00,2370.0,2390.0,2370.0,2380.0,1188800
2026-02-10 11:05:00,2390.0,2390.0,2370.0,2380.0,560200
2026-02-10 11:10:00,2370.0,2380.0,2360.0,2360.0,500400
2026-02-10 11:15:00,2360.0,2370.0,2360.0,2370.0,131900
2026-02-10 11:20:00,2370.0,2370.0,2360.0,2360.0,241300
2026-02-10 11:25:00,2370.0,2370.0,2360.0,2370.0,250900
2026-02-10 11:30:00,2360.0,2370.0,2360.0,2370.0,87500
2026-02-10 11:35:00,2370.0,2370.0,2360.0,2360.0,782800
2026-02-10 11:40:00,2350.0,2360.0,2350.0,2350.0,368300
2026-02-10 11:45:00,2350.0,2360.0,2330.0,2340.0,1697400
2026-02-10 11:50:00,2340.0,2350.0,2340.0,2340.0,86800
2026-02-10 11:55:00,2350.0,2350.0,2340.0,2350.0,305100
2026-02-10 13:30:00,2350.0,2360.0,2340.0,2350.0,749800
2026-02-10 13:35:00,2360.0,2360.0,2350.0,2350.0,120700
2026-02-10 13:40:00,2350.0,2370.0,2350.0,2350.0,900600
2026-02-10 13:45:00,2370.0,2380.0,2360.0,2370.0,966300
2026-02-10 13:50:00,2360.0,2370.0,2360.0,2370.0,367300
2026-02-10 13:55:00,2370.0,2370.0,2360.0,2370.0,317500
2026-02-10 14:00:00,2360.0,2380.0,2360.0,2380.0,948100
2026-02-10 14:05:00,2380.0,2380.0,2370.0,2370.0,852700
2026-02-10 14:10:00,2370.0,2370.0,2360.0,2360.0,204700
2026-02-10 14:15:00,2370.0,2370.0,2360.0,2360.0,130700
2026-02-10 14:20:00,2360.0,2370.0,2360.0,2360.0,285300
2026-02-10 14:25:00,2360.0,2370.0,2360.0,2360.0,232100
2026-02-10 14:30:00,2370.0,2390.0,2360.0,2380.0,2052200
2026-02-10 14:35:00,2380.0,2390.0,2380.0,2390.0,1014300
2026-02-10 14:40:00,2390.0,2390.0,2380.0,2380.0,496400
2026-02-10 14:45:00,2380.0,2390.0,2380.0,2380.0,236800
2026-02-10 14:50:00,2380.0,2390.0,2370.0,2370.0,874500
2026-02-10 14:55:00,2370.0,2380.0,2340.0,2350.0,1460800
2026-02-10 15:00:00,2350.0,2350.0,2330.0,2340.0,663900
2026-02-10 15:05:00,2340.0,2340.0,2330.0,2340.0,409800
2026-02-10 15:10:00,2330.0,2340.0,2330.0,2330.0,401900
2026-02-10 15:15:00,2330.0,2340.0,2330.0,2330.0,281900
2026-02-10 15:20:00,2340.0,2340.0,2330.0,2340.0,296800
2026-02-10 15:25:00,2330.0,2340.0,2330.0,2340.0,254600
2026-02-10 15:30:00,2330.0,2340.0,2310.0,2310.0,1880600
2026-02-10 15:35:00,2310.0,2320.0,2310.0,2310.0,503500
2026-02-10 15:40:00,2320.0,2320.0,2300.0,2320.0,1811200
2026-02-10 15:45:00,2320.0,2320.0,2300.0,2310.0,1033300
2026-02-10 16:00:00,2300.0,2300.0,2300.0,2300.0,3241700
2026-02-10 16:05:00,2300.0,2300.0,2300.0,2300.0,22400
2026-02-10 16:10:00,2300.0,2300.0,2300.0,2300.0,28200
2026-02-11 09:00:00,2310.0,2320.0,2290.0,2300.0,0
2026-02-11 09:05:00,2290.0,2300.0,2290.0,2300.0,219200
2026-02-11 09:10:00,2300.0,2300.0,2290.0,2290.0,1164000
2026-02-11 09:15:00,2290.0,2300.0,2280.0,2290.0,384700
2026-02-11 09:20:00,2290.0,2290.0,2280.0,2280.0,125800
2026-02-11 09:25:00,2280.0,2290.0,2280.0,2280.0,90300
2026-02-11 09:30:00,2280.0,2290.0,2270.0,2270.0,1013800
2026-02-11 09:35:00,2280.0,2290.0,2270.0,2290.0,538800
2026-02-11 09:40:00,2290.0,2300.0,2280.0,2300.0,233100
2026-02-11 09:45:00,2290.0,2300.0,2290.0,2290.0,106500
2026-02-11 09:50:00,2290.0,2300.0,2290.0,2290.0,143700
2026-02-11 09:55:00,2300.0,2300.0,2290.0,2290.0,34100
2026-02-11 10:00:00,2290.0,2300.0,2290.0,2290.0,39100
2026-02-11 10:05:00,2290.0,2300.0,2290.0,2300.0,40100
2026-02-11 10:10:00,2290.0,2300.0,2290.0,2290.0,35000
2026-02-11 10:15:00,2290.0,2300.0,2290.0,2290.0,55200
2026-02-11 10:20:00,2300.0,2300.0,2290.0,2290.0,11500
2026-02-11 10:25:00,2300.0,2300.0,2290.0,2300.0,111300
2026-02-11 10:30:00,2290.0,2300.0,2290.0,2290.0,156600
2026-02-11 10:35:00,2290.0,2300.0,2290.0,2290.0,149600
2026-02-11 10:40:00,2290.0,2300.0,2290.0,2290.0,5100
2026-02-11 10:45:00,2290.0,2300.0,2290.0,2290.0,23700
2026-02-11 10:50:00,2290.0,2300.0,2290.0,2290.0,133300
2026-02-11 10:55:00,2290.0,2300.0,2290.0,2290.0,98600
2026-02-11 11:00:00,2290.0,2290.0,2280.0,2280.0,88600
2026-02-11 11:05:00,2280.0,2290.0,2280.0,2290.0,81300
2026-02-11 11:10:00,2290.0,2290.0,2280.0,2290.0,78700
2026-02-11 11:15:00,2290.0,2290.0,2280.0,2280.0,167100
2026-02-11 11:20:00,2290.0,2290.0,2280.0,2290.0,41100
2026-02-11 11:25:00,2290.0,2290.0,2280.0,2290.0,8100
2026-02-11 11:30:00,2280.0,2290.0,2280.0,2290.0,282700
2026-02-11 11:35:00,2290.0,2290.0,2280.0,2290.0,170400
2026-02-11 11:40:00,2290.0,2290.0,2280.0,2280.0,85400
2026-02-11 11:45:00,2290.0,2290.0,2280.0,2280.0,16600
2026-02-11 11:50:00,2280.0,2290.0,2280.0,2290.0,166700
2026-02-11 11:55:00,2290.0,2290.0,2280.0,2290.0,73700
2026-02-11 13:30:00,2290.0,2290.0,2280.0,2290.0,189200
2026-02-11 13:35:00,2290.0,2290.0,2280.0,2290.0,37700
2026-02-11 13:40:00,2290.0,2300.0,2280.0,2290.0,239300
2026-02-11 13:45:00,2280.0,2290.0,2280.0,2280.0,101300
2026-02-11 13:50:00,2280.0,2290.0,2280.0,2280.0,538200
2026-02-11 13:55:00,2280.0,2280.0,2270.0,2280.0,349400
2026-02-11 14:00:00,2280.0,2280.0,2270.0,2280.0,132200
2026-02-11 14:05:00,2280.0,2280.0,2270.0,2270.0,64700
2026-02-11 14:10:00,2270.0,2280.0,2270.0,2280.0,350400
2026-02-11 14:15:00,2280.0,2280.0,2270.0,2280.0,154400
2026-02-11 14:20:00,2280.0,2290.0,2270.0,2280.0,476300
2026-02-11 14:25:00,2280.0,2290.0,2270.0,2280.0,121600
2026-02-11 14:30:00,2280.0,2280.0,2270.0,2280.0,185100
2026-02-11 14:35:00,2280.0,2290.0,2270.0,2290.0,164200
2026-02-11 14:40:00,2290.0,2290.0,2280.0,2280.0,92000
2026-02-11 14:45:00,2290.0,2290.0,2280.0,2280.0,257600
2026-02-11 14:50:00,2290.0,2290.0,2280.0,2290.0,15100
2026-02-11 14:55:00,2290.0,2290.0,2270.0,2270.0,607200
2026-02-11 15:00:00,2270.0,2280.0,2270.0,2270.0,89700
2026-02-11 15:05:00,2270.0,2280.0,2270.0,2270.0,64100
2026-02-11 15:10:00,2280.0,2280.0,2270.0,2270.0,228100
2026-02-11 15:15:00,2280.0,2280.0,2270.0,2270.0,173700
2026-02-11 15:20:00,2280.0,2280.0,2260.0,2260.0,1247100
2026-02-11 15:25:00,2260.0,2270.0,2260.0,2260.0,1162700
2026-02-11 15:30:00,2260.0,2270.0,2260.0,2270.0,96400
2026-02-11 15:35:00,2270.0,2270.0,2250.0,2260.0,856900
2026-02-11 15:40:00,2260.0,2270.0,2250.0,2260.0,840000
2026-02-11 15:45:00,2270.0,2270.0,2260.0,2270.0,685000
2026-02-11 16:00:00,2260.0,2260.0,2260.0,2260.0,806000
2026-02-11 16:05:00,2260.0,2260.0,2260.0,2260.0,410400
2026-02-11 16:10:00,2260.0,2260.0,2260.0,2260.0,43500
2026-02-12 09:00:00,2300.0,2320.0,2290.0,2310.0,0
2026-02-12 09:05:00,2310.0,2320.0,2300.0,2300.0,1352000
2026-02-12 09:10:00,2300.0,2330.0,2290.0,2330.0,4667700
2026-02-12 09:15:00,2320.0,2330.0,2300.0,2310.0,1577100
2026-02-12 09:20:00,2310.0,2310.0,2300.0,2310.0,609400
2026-02-12 09:25:00,2310.0,2310.0,2300.0,2300.0,413300
2026-02-12 09:30:00,2310.0,2310.0,2300.0,2300.0,149600
2026-02-12 09:35:00,2310.0,2310.0,2300.0,2310.0,258000
2026-02-12 09:40:00,2300.0,2310.0,2290.0,2300.0,683200
2026-02-12 09:45:00,2300.0,2300.0,2290.0,2300.0,408800
2026-02-12 09:50:00,2290.0,2300.0,2290.0,2300.0,266200
2026-02-12 09:55:00,2290.0,2300.0,2290.0,2300.0,136400
2026-02-12 10:00:00,2300.0,2300.0,2290.0,2300.0,790200
2026-02-12 10:05:00,2300.0,2300.0,2290.0,2290.0,318500
2026-02-12 10:10:00,2300.0,2300.0,2290.0,2300.0,282200
2026-02-12 10:15:00,2300.0,2300.0,2270.0,2290.0,1332200
2026-02-12 10:20:00,2290.0,2300.0,2280.0,2290.0,443200
2026-02-12 10:25:00,2290.0,2290.0,2280.0,2290.0,676000
2026-02-12 10:30:00,2280.0,2290.0,2280.0,2280.0,109700
2026-02-12 10:35:00,2290.0,2290.0,2280.0,2290.0,104100
2026-02-12 10:40:00,2290.0,2300.0,2280.0,2300.0,497300
2026-02-12 10:45:00,2290.0,2300.0,2280.0,2280.0,248900
2026-02-12 10:50:00,2290.0,2300.0,2280.0,2300.0,1208700
2026-02-12 10:55:00,2310.0,2310.0,2290.0,2290.0,301200
2026-02-12 11:00:00,2290.0,2300.0,2280.0,2280.0,323300
2026-02-12 11:05:00,2280.0,2290.0,2280.0,2290.0,154800
2026-02-12 11:10:00,2290.0,2290.0,2280.0,2280.0,108500
2026-02-12 11:15:00,2290.0,2290.0,2280.0,2290.0,126000
2026-02-12 11:20:00,2290.0,2290.0,2280.0,2290.0,106700
2026-02-12 11:25:00,2290.0,2290.0,2280.0,2290.0,170800
2026-02-12 11:30:00,2280.0,2300.0,2280.0,2300.0,483500
2026-02-12 11:35:00,2300.0,2300.0,2280.0,2280.0,239300
2026-02-12 11:40:00,2290.0,2300.0,2290.0,2300.0,165000
2026-02-12 11:45:00,2290.0,2310.0,2290.0,2310.0,501900
2026-02-12 11:50:00,2310.0,2320.0,2300.0,2320.0,693500
2026-02-12 11:55:00,2320.0,2320.0,2300.0,2300.0,414100
2026-02-12 13:30:00,2300.0,2300.0,2290.0,2300.0,971300
2026-02-12 13:35:00,2290.0,2300.0,2290.0,2300.0,167200
2026-02-12 13:40:00,2300.0,2300.0,2290.0,2300.0,238200
2026-02-12 13:45:00,2290.0,2300.0,2290.0,2290.0,258200
2026-02-12 13:50:00,2300.0,2310.0,2290.0,2310.0,382600
2026-02-12 13:55:00,2310.0,2330.0,2300.0,2310.0,2942400
2026-02-12 14:00:00,2320.0,2330.0,2310.0,2320.0,426600
2026-02-12 14:05:00,2330.0,2330.0,2310.0,2320.0,493400
2026-02-12 14:10:00,2310.0,2320.0,2310.0,2320.0,144100
2026-02-12 14:15:00,2310.0,2320.0,2300.0,2310.0,469600
2026-02-12 14:20:00,2310.0,2310.0,2300.0,2300.0,64900
2026-02-12 14:25:00,2310.0,2320.0,2300.0,2320.0,694400
2026-02-12 14:30:00,2320.0,2320.0,2310.0,2310.0,81700
2026-02-12 14:35:00,2320.0,2320.0,2300.0,2310.0,788100
2026-02-12 14:40:00,2320.0,2320.0,2310.0,2310.0,286500
2026-02-12 14:45:00,2310.0,2320.0,2300.0,2310.0,768000
2026-02-12 14:50:00,2310.0,2320.0,2310.0,2310.0,304800
2026-02-12 14:55:00,2310.0,2320.0,2310.0,2320.0,104800
2026-02-12 15:00:00,2310.0,2320.0,2310.0,2310.0,156500
2026-02-12 15:05:00,2320.0,2320.0,2310.0,2310.0,514400
2026-02-12 15:10:00,2320.0,2320.0,2310.0,2310.0,154700
2026-02-12 15:15:00,2310.0,2320.0,2310.0,2310.0,230200
2026-02-12 15:20:00,2320.0,2320.0,2300.0,2300.0,954700
2026-02-12 15:25:00,2300.0,2310.0,2300.0,2300.0,179800
2026-02-12 15:30:00,2300.0,2310.0,2300.0,2300.0,232700
2026-02-12 15:35:00,2300.0,2310.0,2300.0,2300.0,295700
2026-02-12 15:40:00,2310.0,2310.0,2300.0,2300.0,928000
2026-02-12 15:45:00,2300.0,2310.0,2290.0,2300.0,605200
2026-02-12 16:00:00,2300.0,2300.0,2300.0,2300.0,1458100
2026-02-12 16:05:00,2300.0,2300.0,2300.0,2300.0,25400
2026-02-12 16:10:00,2300.0,2300.0,2300.0,2300.0,10400
2026-02-13 09:00:00,2330.0,2370.0,2320.0,2340.0,0
2026-02-13 09:05:00,2330.0,2350.0,2320.0,2330.0,1033200
2026-02-13 09:10:00,2340.0,2340.0,2330.0,2340.0,274500
2026-02-13 09:15:00,2340.0,2340.0,2330.0,2340.0,639400
2026-02-13 09:20:00,2340.0,2340.0,2330.0,2330.0,251900
2026-02-13 09:25:00,2330.0,2340.0,2330.0,2330.0,194100
2026-02-13 09:30:00,2330.0,2340.0,2320.0,2330.0,330400
2026-02-13 09:35:00,2330.0,2340.0,2330.0,2340.0,192100
2026-02-13 09:40:00,2340.0,2340.0,2330.0,2330.0,300600
2026-02-13 09:45:00,2340.0,2350.0,2330.0,2350.0,179800
2026-02-13 09:50:00,2340.0,2350.0,2330.0,2340.0,403900
2026-02-13 09:55:00,2340.0,2340.0,2330.0,2340.0,283300
2026-02-13 10:00:00,2340.0,2340.0,2330.0,2330.0,190100
2026-02-13 10:05:00,2340.0,2340.0,2330.0,2340.0,134800
2026-02-13 10:10:00,2330.0,2340.0,2330.0,2340.0,125600
2026-02-13 10:15:00,2340.0,2340.0,2330.0,2330.0,75900
2026-02-13 10:20:00,2340.0,2350.0,2330.0,2350.0,542100
2026-02-13 10:25:00,2340.0,2350.0,2340.0,2350.0,135500
2026-02-13 10:30:00,2350.0,2350.0,2340.0,2340.0,206900
2026-02-13 10:35:00,2340.0,2350.0,2340.0,2350.0,55100
2026-02-13 10:40:00,2350.0,2350.0,2340.0,2350.0,131300
2026-02-13 10:45:00,2350.0,2350.0,2340.0,2340.0,155300
2026-02-13 10:50:00,2340.0,2350.0,2340.0,2340.0,231900
2026-02-13 10:55:00,2340.0,2350.0,2330.0,2340.0,779500
2026-02-13 11:00:00,2330.0,2340.0,2330.0,2340.0,112800
2026-02-13 11:05:00,2340.0,2350.0,2330.0,2350.0,345900
2026-02-13 11:10:00,2350.0,2350.0,2340.0,2340.0,149200
2026-02-13 11:15:00,2340.0,2340.0,2330.0,2340.0,120700
2026-02-13 11:20:00,2330.0,2340.0,2330.0,2340.0,118900
2026-02-13 11:25:00,2340.0,2340.0,2330.0,2330.0,70700
2026-02-13 14:00:00,2330.0,2340.0,2330.0,2340.0,292200
2026-02-13 14:05:00,2340.0,2340.0,2330.0,2330.0,282500
2026-02-13 14:10:00,2330.0,2340.0,2330.0,2330.0,113100
2026-02-13 14:15:00,2340.0,2340.0,2330.0,2330.0,98000
2026-02-13 14:20:00,2340.0,2340.0,2320.0,2330.0,766600
2026-02-13 14:25:00,2330.0,2330.0,2320.0,2330.0,168200
2026-02-13 14:30:00,2330.0,2330.0,2320.0,2320.0,113600
2026-02-13 14:35:00,2320.0,2330.0,2320.0,2320.0,341700
2026-02-13 14:40:00,2330.0,2330.0,2320.0,2330.0,350700
2026-02-13 14:45:00,2330.0,2340.0,2320.0,2330.0,169700
2026-02-13 14:50:00,2340.0,2340.0,2320.0,2330.0,315900
2026-02-13 14:55:00,2330.0,2340.0,2320.0,2330.0,122200
2026-02-13 15:00:00,2330.0,2340.0,2320.0,2340.0,170200
2026-02-13 15:05:00,2340.0,2340.0,2320.0,2320.0,348500
2026-02-13 15:10:00,2320.0,2330.0,2320.0,2330.0,65100
2026-02-13 15:15:00,2320.0,2330.0,2320.0,2320.0,104500
2026-02-13 15:20:00,2330.0,2330.0,2310.0,2310.0,836200
2026-02-13 15:25:00,2310.0,2320.0,2310.0,2320.0,520900
2026-02-13 15:30:00,2320.0,2330.0,2320.0,2320.0,119700
2026-02-13 15:35:00,2320.0,2330.0,2320.0,2320.0,378700
2026-02-13 15:40:00,2320.0,2320.0,2310.0,2320.0,454300
2026-02-13 15:45:00,2320.0,2320.0,2310.0,2310.0,411500
2026-02-13 16:00:00,2300.0,2300.0,2300.0,2300.0,1539500
2026-02-13 16:05:00,2300.0,2300.0,2300.0,2300.0,35300
2026-02-13 16:10:00,2300.0,2300.0,2300.0,2300.0,12600
2026-02-18 09:00:00,2340.0,2340.0,2300.0,2310.0,0
2026-02-18 09:05:00,2320.0,2320.0,2300.0,2310.0,752100
2026-02-18 09:10:00,2310.0,2330.0,2310.0,2330.0,236100
2026-02-18 09:15:00,2320.0,2330.0,2320.0,2320.0,65800
2026-02-18 09:20:00,2320.0,2330.0,2310.0,2310.0,202600
2026-02-18 09:25:00,2310.0,2320.0,2310.0,2310.0,10600
2026-02-18 09:30:00,2320.0,2320.0,2310.0,2320.0,67100
2026-02-18 09:35:00,2310.0,2320.0,2310.0,2310.0,589700
2026-02-18 09:40:00,2300.0,2320.0,2300.0,2310.0,129300
2026-02-18 09:45:00,2310.0,2310.0,2300.0,2300.0,76400
2026-02-18 09:50:00,2310.0,2310.0,2300.0,2310.0,121500
2026-02-18 09:55:00,2300.0,2320.0,2300.0,2320.0,383700
2026-02-18 10:00:00,2310.0,2320.0,2310.0,2320.0,99800
2026-02-18 10:05:00,2320.0,2320.0,2310.0,2320.0,95100
2026-02-18 10:10:00,2320.0,2320.0,2300.0,2300.0,122300
2026-02-18 10:15:00,2300.0,2310.0,2300.0,2310.0,134800
2026-02-18 10:20:00,2310.0,2320.0,2300.0,2310.0,72500
2026-02-18 10:25:00,2310.0,2310.0,2300.0,2300.0,85400
2026-02-18 10:30:00,2300.0,2310.0,2300.0,2310.0,88000
2026-02-18 10:35:00,2300.0,2310.0,2300.0,2310.0,225200
2026-02-18 10:40:00,2300.0,2320.0,2300.0,2320.0,173800
2026-02-18 10:45:00,2310.0,2320.0,2310.0,2310.0,108100
2026-02-18 10:50:00,2320.0,2320.0,2300.0,2310.0,128400
2026-02-18 10:55:00,2310.0,2320.0,2310.0,2310.0,50700
2026-02-18 11:00:00,2320.0,2320.0,2300.0,2320.0,105000
2026-02-18 11:05:00,2320.0,2320.0,2310.0,2320.0,56800
2026-02-18 11:10:00,2310.0,2320.0,2300.0,2310.0,92600
2026-02-18 11:15:00,2300.0,2310.0,2300.0,2310.0,63800
2026-02-18 11:20:00,2310.0,2310.0,2300.0,2310.0,137200
2026-02-18 11:25:00,2310.0,2310.0,2300.0,2310.0,53200
2026-02-18 11:30:00,2310.0,2310.0,2300.0,2310.0,113200
2026-02-18 11:35:00,2310.0,2310.0,2300.0,2310.0,104500
2026-02-18 11:40:00,2310.0,2310.0,2300.0,2310.0,151200
2026-02-18 11:45:00,2310.0,2310.0,2300.0,2300.0,33400
2026-02-18 11:50:00,2300.0,2310.0,2300.0,2310.0,57300
2026-02-18 11:55:00,2310.0,2310.0,2300.0,2310.0,579700
2026-02-18 13:30:00,2300.0,2310.0,2300.0,2310.0,813700
2026-02-18 13:35:00,2310.0,2310.0,2300.0,2310.0,94600
2026-02-18 13:40:00,2310.0,2310.0,2300.0,2310.0,120400
2026-02-18 13:45:00,2310.0,2310.0,2300.0,2300.0,139800
2026-02-18 13:50:00,2310.0,2310.0,2300.0,2310.0,123300
2026-02-18 13:55:00,2300.0,2310.0,2300.0,2300.0,289500
2026-02-18 14:00:00,2290.0,2300.0,2290.0,2300.0,130500
2026-02-18 14:05:00,2290.0,2310.0,2290.0,2310.0,862700
2026-02-18 14:10:00,2310.0,2310.0,2300.0,2310.0,93200
2026-02-18 14:15:00,2300.0,2300.0,2290.0,2300.0,355400
2026-02-18 14:20:00,2300.0,2300.0,2290.0,2290.0,56700
2026-02-18 14:25:00,2290.0,2300.0,2290.0,2300.0,72900
2026-02-18 14:30:00,2300.0,2300.0,2290.0,2300.0,215200
2026-02-18 14:35:00,2290.0,2300.0,2290.0,2290.0,61700
2026-02-18 14:40:00,2290.0,2300.0,2290.0,2300.0,53500
2026-02-18 14:45:00,2300.0,2300.0,2290.0,2290.0,63200
2026-02-18 14:50:00,2300.0,2300.0,2290.0,2290.0,258400
2026-02-18 14:55:00,2290.0,2300.0,2290.0,2300.0,93100
2026-02-18 15:00:00,2290.0,2300.0,2290.0,2300.0,110000
2026-02-18 15:05:00,2300.0,2300.0,2290.0,2290.0,55200
2026-02-18 15:10:00,2300.0,2300.0,2280.0,2280.0,1481300
2026-02-18 15:15:00,2290.0,2290.0,2280.0,2290.0,219000
2026-02-18 15:20:00,2290.0,2290.0,2280.0,2280.0,231800
2026-02-18 15:25:00,2280.0,2290.0,2270.0,2280.0,833200
2026-02-18 15:30:00,2280.0,2280.0,2270.0,2270.0,358600
2026-02-18 15:35:00,2280.0,2280.0,2270.0,2270.0,464400
2026-02-18 15:40:00,2280.0,2280.0,2270.0,2270.0,772100
2026-02-18 15:45:00,2270.0,2280.0,2260.0,2270.0,607300
2026-02-18 16:00:00,2260.0,2260.0,2260.0,2260.0,580600
2026-02-18 16:05:00,2260.0,2260.0,2260.0,2260.0,222000
2026-02-18 16:10:00,2260.0,2260.0,2260.0,2260.0,216100
2026-02-19 09:00:00,2270.0,2290.0,2270.0,2280.0,0
2026-02-19 09:05:00,2280.0,2300.0,2280.0,2290.0,414400
2026-02-19 09:10:00,2280.0,2290.0,2270.0,2280.0,250900
2026-02-19 09:15:00,2270.0,2280.0,2270.0,2270.0,161800
2026-02-19 09:20:00,2270.0,2310.0,2270.0,2310.0,939100
2026-02-19 09:25:00,2310.0,2310.0,2290.0,2290.0,364300
2026-02-19 09:30:00,2300.0,2300.0,2290.0,2300.0,250500
2026-02-19 09:35:00,2300.0,2300.0,2290.0,2300.0,170400
2026-02-19 09:40:00,2300.0,2300.0,2290.0,2290.0,40700
2026-02-19 09:45:00,2290.0,2300.0,2290.0,2290.0,67700
2026-02-19 09:50:00,2300.0,2300.0,2290.0,2300.0,112100
2026-02-19 09:55:00,2300.0,2300.0,2290.0,2290.0,47700
2026-02-19 10:00:00,2300.0,2300.0,2280.0,2280.0,358800
2026-02-19 10:05:00,2280.0,2290.0,2280.0,2290.0,62700
2026-02-19 10:10:00,2290.0,2290.0,2280.0,2280.0,49200
2026-02-19 10:15:00,2290.0,2290.0,2270.0,2290.0,529400
2026-02-19 10:20:00,2280.0,2290.0,2280.0,2280.0,93900
2026-02-19 10:25:00,2280.0,2290.0,2280.0,2290.0,44600
2026-02-19 10:30:00,2290.0,2290.0,2280.0,2280.0,69000
2026-02-19 10:35:00,2280.0,2280.0,2270.0,2270.0,723600
2026-02-19 10:40:00,2270.0,2280.0,2260.0,2280.0,201500
2026-02-19 10:45:00,2280.0,2280.0,2260.0,2270.0,273900
2026-02-19 10:50:00,2270.0,2280.0,2250.0,2280.0,1437900
2026-02-19 10:55:00,2270.0,2280.0,2270.0,2270.0,132100
2026-02-19 11:00:00,2270.0,2280.0,2270.0,2270.0,70300
2026-02-19 11:05:00,2270.0,2270.0,2260.0,2260.0,152500
2026-02-19 11:10:00,2260.0,2270.0,2260.0,2260.0,25500
2026-02-19 11:15:00,2270.0,2270.0,2260.0,2270.0,21400
2026-02-19 11:20:00,2270.0,2270.0,2260.0,2270.0,29200
2026-02-19 11:25:00,2260.0,2270.0,2260.0,2270.0,99500
2026-02-19 11:30:00,2270.0,2270.0,2260.0,2260.0,463500
2026-02-19 11:35:00,2260.0,2270.0,2250.0,2260.0,380800
2026-02-19 11:40:00,2270.0,2270.0,2260.0,2260.0,103600
2026-02-19 11:45:00,2260.0,2270.0,2260.0,2260.0,106600
2026-02-19 11:50:00,2260.0,2270.0,2250.0,2250.0,134200
2026-02-19 11:55:00,2250.0,2270.0,2250.0,2270.0,72700
2026-02-19 13:30:00,2270.0,2270.0,2250.0,2260.0,402300
2026-02-19 13:35:00,2260.0,2270.0,2260.0,2270.0,26200
2026-02-19 13:40:00,2260.0,2270.0,2260.0,2270.0,126400
2026-02-19 13:45:00,2260.0,2270.0,2250.0,2260.0,259900
2026-02-19 13:50:00,2260.0,2270.0,2250.0,2270.0,153900
2026-02-19 13:55:00,2260.0,2270.0,2260.0,2260.0,191600
2026-02-19 14:00:00,2260.0,2270.0,2260.0,2260.0,28100
2026-02-19 14:05:00,2260.0,2260.0,2250.0,2260.0,93200
2026-02-19 14:10:00,2260.0,2260.0,2250.0,2250.0,171300
2026-02-19 14:15:00,2250.0,2260.0,2250.0,2250.0,1099300
2026-02-19 14:20:00,2250.0,2260.0,2250.0,2250.0,42500
2026-02-19 14:25:00,2250.0,2260.0,2250.0,2260.0,74300
2026-02-19 14:30:00,2250.0,2260.0,2250.0,2260.0,445000
2026-02-19 14:35:00,2260.0,2260.0,2250.0,2250.0,183100
2026-02-19 14:40:00,2250.0,2260.0,2240.0,2250.0,412400
2026-02-19 14:45:00,2250.0,2250.0,2230.0,2240.0,1023100
2026-02-19 14:50:00,2240.0,2240.0,2230.0,2240.0,94600
2026-02-19 14:55:00,2240.0,2240.0,2230.0,2230.0,204600
2026-02-19 15:00:00,2240.0,2240.0,2230.0,2240.0,120800
2026-02-19 15:05:00,2240.0,2240.0,2220.0,2230.0,565200
2026-02-19 15:10:00,2230.0,2240.0,2230.0,2230.0,53800
2026-02-19 15:15:00,2230.0,2240.0,2230.0,2240.0,102000
2026-02-19 15:20:00,2230.0,2240.0,2230.0,2240.0,332900
2026-02-19 15:25:00,2240.0,2240.0,2220.0,2220.0,523400
2026-02-19 15:30:00,2230.0,2240.0,2220.0,2230.0,357600
2026-02-19 15:35:00,2220.0,2230.0,2220.0,2230.0,363500
2026-02-19 15:40:00,2230.0,2230.0,2220.0,2220.0,119000
2026-02-19 15:45:00,2220.0,2240.0,2220.0,2230.0,373900
2026-02-19 16:00:00,2220.0,2220.0,2220.0,2220.0,1192700
2026-02-19 16:05:00,2220.0,2220.0,2220.0,2220.0,39700
2026-02-19 16:10:00,2220.0,2220.0,2220.0,2220.0,18900
2026-02-20 09:00:00,2230.0,2250.0,2220.0,2230.0,0
2026-02-20 09:05:00,2220.0,2240.0,2220.0,2230.0,205300
2026-02-20 09:10:00,2230.0,2240.0,2230.0,2230.0,93700
2026-02-20 09:15:00,2230.0,2240.0,2230.0,2230.0,38500
2026-02-20 09:20:00,2230.0,2240.0,2220.0,2220.0,232500
2026-02-20 09:25:00,2220.0,2230.0,2220.0,2230.0,235400
2026-02-20 09:30:00,2220.0,2240.0,2220.0,2220.0,120700
2026-02-20 09:35:00,2220.0,2230.0,2220.0,2220.0,94500
2026-02-20 09:40:00,2220.0,2230.0,2220.0,2220.0,27500
2026-02-20 09:45:00,2230.0,2230.0,2220.0,2230.0,20900
2026-02-20 09:50:00,2220.0,2230.0,2220.0,2220.0,120200
2026-02-20 09:55:00,2220.0,2230.0,2210.0,2220.0,379100
2026-02-20 10:00:00,2210.0,2220.0,2210.0,2220.0,52600
2026-02-20 10:05:00,2220.0,2230.0,2210.0,2220.0,92300
2026-02-20 10:10:00,2220.0,2230.0,2220.0,2230.0,65100
2026-02-20 10:15:00,2220.0,2230.0,2220.0,2220.0,31600
2026-02-20 10:20:00,2220.0,2230.0,2220.0,2220.0,388100
2026-02-20 10:25:00,2220.0,2230.0,2220.0,2220.0,33200
2026-02-20 10:30:00,2220.0,2230.0,2220.0,2220.0,10000
2026-02-20 10:35:00,2220.0,2230.0,2220.0,2220.0,22000
2026-02-20 10:40:00,2220.0,2230.0,2220.0,2220.0,15200
2026-02-20 10:45:00,2220.0,2230.0,2220.0,2220.0,291100
2026-02-20 10:50:00,2220.0,2230.0,2220.0,2220.0,13500
2026-02-20 10:55:00,2230.0,2230.0,2220.0,2220.0,18800
2026-02-20 11:00:00,2230.0,2230.0,2220.0,2220.0,36900
2026-02-20 11:05:00,2230.0,2230.0,2220.0,2220.0,41400
2026-02-20 11:10:00,2220.0,2220.0,2210.0,2210.0,201500
2026-02-20 11:15:00,2220.0,2220.0,2210.0,2210.0,60500
2026-02-20 11:20:00,2210.0,2220.0,2210.0,2210.0,96700
2026-02-20 11:25:00,2220.0,2220.0,2210.0,2220.0,81000
2026-02-20 14:00:00,2220.0,2230.0,2210.0,2220.0,332600
2026-02-20 14:05:00,2220.0,2230.0,2220.0,2230.0,40900
2026-02-20 14:10:00,2220.0,2230.0,2220.0,2230.0,33300
2026-02-20 14:15:00,2220.0,2230.0,2220.0,2230.0,92900
2026-02-20 14:20:00,2220.0,2230.0,2220.0,2220.0,31900
2026-02-20 14:25:00,2230.0,2230.0,2220.0,2230.0,85600
2026-02-20 14:30:00,2220.0,2230.0,2220.0,2220.0,285400
2026-02-20 14:35:00,2230.0,2230.0,2220.0,2220.0,24400
2026-02-20 14:40:00,2220.0,2230.0,2220.0,2220.0,76900
2026-02-20 14:45:00,2230.0,2240.0,2230.0,2240.0,1145000
2026-02-20 14:50:00,2240.0,2240.0,2230.0,2240.0,36600
2026-02-20 14:55:00,2240.0,2240.0,2230.0,2230.0,112200
2026-02-20 15:00:00,2240.0,2240.0,2230.0,2230.0,48800
2026-02-20 15:05:00,2240.0,2240.0,2230.0,2230.0,43900
2026-02-20 15:10:00,2240.0,2240.0,2230.0,2230.0,156800
2026-02-20 15:15:00,2230.0,2240.0,2230.0,2230.0,95900
2026-02-20 15:20:00,2230.0,2240.0,2220.0,2220.0,71800
2026-02-20 15:25:00,2230.0,2240.0,2220.0,2230.0,158800
2026-02-20 15:30:00,2220.0,2230.0,2220.0,2230.0,50500
2026-02-20 15:35:00,2230.0,2230.0,2220.0,2230.0,299600
2026-02-20 15:40:00,2230.0,2240.0,2220.0,2230.0,300100
2026-02-20 15:45:00,2230.0,2240.0,2230.0,2240.0,141500
2026-02-20 16:00:00,2240.0,2240.0,2240.0,2240.0,587700
2026-02-20 16:05:00,2240.0,2240.0,2240.0,2240.0,14500
2026-02-20 16:10:00,2240.0,2240.0,2240.0,2240.0,4700
2026-02-23 09:00:00,2260.0,2310.0,2250.0,2290.0,0
2026-02-23 09:05:00,2300.0,2310.0,2290.0,2300.0,2296900
2026-02-23 09:10:00,2300.0,2320.0,2290.0,2320.0,1411200
2026-02-23 09:15:00,2320.0,2320.0,2310.0,2320.0,823200
2026-02-23 09:20:00,2320.0,2320.0,2310.0,2320.0,675200
2026-02-23 09:25:00,2310.0,2350.0,2310.0,2340.0,3131300
2026-02-23 09:30:00,2340.0,2340.0,2330.0,2330.0,1395900
2026-02-23 09:35:00,2330.0,2340.0,2320.0,2320.0,444500
2026-02-23 09:40:00,2330.0,2340.0,2320.0,2340.0,394200
2026-02-23 09:45:00,2340.0,2340.0,2330.0,2330.0,170200
2026-02-23 09:50:00,2340.0,2340.0,2320.0,2320.0,1009800
2026-02-23 09:55:00,2330.0,2330.0,2320.0,2330.0,79000
2026-02-23 10:00:00,2330.0,2340.0,2330.0,2330.0,357800
2026-02-23 10:05:00,2340.0,2340.0,2330.0,2330.0,165800
2026-02-23 10:10:00,2330.0,2340.0,2330.0,2330.0,118100
2026-02-23 10:15:00,2330.0,2340.0,2330.0,2330.0,125000
2026-02-23 10:20:00,2330.0,2360.0,2330.0,2350.0,3080400
2026-02-23 10:25:00,2350.0,2360.0,2350.0,2360.0,474000
2026-02-23 10:30:00,2360.0,2360.0,2350.0,2350.0,332200
2026-02-23 10:35:00,2360.0,2360.0,2350.0,2350.0,270400
2026-02-23 10:40:00,2360.0,2360.0,2350.0,2360.0,246100
2026-02-23 10:45:00,2360.0,2360.0,2350.0,2360.0,389600
2026-02-23 10:50:00,2350.0,2360.0,2350.0,2360.0,239000
2026-02-23 10:55:00,2350.0,2360.0,2350.0,2360.0,229100
2026-02-23 11:00:00,2350.0,2360.0,2350.0,2360.0,939500
2026-02-23 11:05:00,2360.0,2360.0,2350.0,2360.0,304600
2026-02-23 11:10:00,2360.0,2360.0,2350.0,2350.0,195600
2026-02-23 11:15:00,2350.0,2370.0,2350.0,2360.0,992300
2026-02-23 11:20:00,2360.0,2370.0,2360.0,2360.0,162300
2026-02-23 11:25:00,2360.0,2370.0,2360.0,2370.0,120600
2026-02-23 11:30:00,2370.0,2370.0,2360.0,2370.0,213300
2026-02-23 11:35:00,2360.0,2370.0,2360.0,2370.0,77900
2026-02-23 11:40:00,2360.0,2370.0,2350.0,2350.0,395800
2026-02-23 11:45:00,2360.0,2360.0,2350.0,2360.0,120000
2026-02-23 11:50:00,2350.0,2360.0,2350.0,2350.0,49800
2026-02-23 11:55:00,2360.0,2360.0,2350.0,2360.0,277900
2026-02-23 13:30:00,2360.0,2360.0,2350.0,2360.0,364500
2026-02-23 13:35:00,2350.0,2360.0,2350.0,2350.0,44300
2026-02-23 13:40:00,2350.0,2360.0,2350.0,2360.0,263500
2026-02-23 13:45:00,2360.0,2370.0,2350.0,2360.0,163600
2026-02-23 13:50:00,2360.0,2370.0,2360.0,2370.0,188000
2026-02-23 13:55:00,2360.0,2370.0,2360.0,2360.0,133700
2026-02-23 14:00:00,2370.0,2370.0,2360.0,2370.0,200500
2026-02-23 14:05:00,2360.0,2370.0,2360.0,2360.0,112300
2026-02-23 14:10:00,2360.0,2370.0,2360.0,2370.0,260400
2026-02-23 14:15:00,2360.0,2370.0,2360.0,2370.0,168400
2026-02-23 14:20:00,2370.0,2370.0,2360.0,2370.0,192300
2026-02-23 14:25:00,2360.0,2370.0,2360.0,2370.0,472100
2026-02-23 14:30:00,2370.0,2370.0,2360.0,2370.0,138400
2026-02-23 14:35:00,2360.0,2370.0,2360.0,2360.0,69900
2026-02-23 14:40:00,2370.0,2370.0,2360.0,2360.0,296400
2026-02-23 14:45:00,2360.0,2370.0,2360.0,2370.0,157500
2026-02-23 14:50:00,2360.0,2370.0,2350.0,2350.0,442100
2026-02-23 14:55:00,2360.0,2360.0,2350.0,2360.0,100900
2026-02-23 15:00:00,2350.0,2360.0,2350.0,2360.0,96100
2026-02-23 15:05:00,2350.0,2360.0,2350.0,2350.0,146500
2026-02-23 15:10:00,2350.0,2360.0,2350.0,2350.0,304400
2026-02-23 15:15:00,2350.0,2360.0,2350.0,2360.0,380000
2026-02-23 15:20:00,2360.0,2360.0,2350.0,2360.0,270400
2026-02-23 15:25:00,2360.0,2360.0,2350.0,2350.0,319900
2026-02-23 15:30:00,2360.0,2360.0,2350.0,2360.0,361100
2026-02-23 15:35:00,2360.0,2360.0,2350.0,2350.0,379100
2026-02-23 15:40:00,2360.0,2360.0,2350.0,2360.0,611300
2026-02-23 15:45:00,2360.0,2360.0,2350.0,2360.0,747800
2026-02-23 16:00:00,2370.0,2370.0,2370.0,2370.0,2792400
2026-02-23 16:05:00,2370.0,2370.0,2370.0,2370.0,348800
2026-02-23 16:10:00,2370.0,2370.0,2370.0,2370.0,25500
2026-02-24 09:00:00,2380.0,2380.0,2360.0,2360.0,0
2026-02-24 09:05:00,2360.0,2370.0,2360.0,2370.0,576800
2026-02-24 09:10:00,2360.0,2380.0,2360.0,2370.0,627700
2026-02-24 09:15:00,2380.0,2380.0,2370.0,2380.0,374500
2026-02-24 09:20:00,2370.0,2380.0,2360.0,2370.0,748300
2026-02-24 09:25:00,2370.0,2370.0,2360.0,2370.0,209900
2026-02-24 09:30:00,2360.0,2370.0,2340.0,2340.0,1562200
2026-02-24 09:35:00,2340.0,2350.0,2330.0,2330.0,315800
2026-02-24 09:40:00,2330.0,2350.0,2330.0,2350.0,398000
2026-02-24 09:45:00,2350.0,2350.0,2340.0,2340.0,56000
2026-02-24 09:50:00,2340.0,2350.0,2340.0,2340.0,157100
2026-02-24 09:55:00,2350.0,2350.0,2340.0,2350.0,113900
2026-02-24 10:00:00,2350.0,2350.0,2340.0,2350.0,178300
2026-02-24 10:05:00,2350.0,2370.0,2340.0,2350.0,417400
2026-02-24 10:10:00,2350.0,2360.0,2350.0,2350.0,105500
2026-02-24 10:15:00,2350.0,2360.0,2350.0,2350.0,111000
2026-02-24 10:20:00,2350.0,2360.0,2340.0,2340.0,245800
2026-02-24 10:25:00,2340.0,2350.0,2340.0,2340.0,116300
2026-02-24 10:30:00,2340.0,2360.0,2340.0,2350.0,108100
2026-02-24 10:35:00,2360.0,2360.0,2340.0,2350.0,177100
2026-02-24 10:40:00,2350.0,2350.0,2330.0,2330.0,739800
2026-02-24 10:45:00,2340.0,2340.0,2330.0,2340.0,153500
2026-02-24 10:50:00,2330.0,2340.0,2330.0,2340.0,152900
2026-02-24 10:55:00,2340.0,2350.0,2330.0,2340.0,109800
2026-02-24 11:00:00,2350.0,2350.0,2340.0,2340.0,84700
2026-02-24 11:05:00,2350.0,2350.0,2340.0,2350.0,67000
2026-02-24 11:10:00,2340.0,2350.0,2340.0,2340.0,51300
2026-02-24 11:15:00,2340.0,2350.0,2340.0,2350.0,55900
2026-02-24 11:20:00,2340.0,2350.0,2340.0,2340.0,42800
2026-02-24 11:25:00,2340.0,2350.0,2340.0,2340.0,94200
2026-02-24 11:30:00,2350.0,2350.0,2340.0,2340.0,56500
2026-02-24 11:35:00,2340.0,2350.0,2340.0,2340.0,125600
2026-02-24 11:40:00,2340.0,2350.0,2340.0,2340.0,50900
2026-02-24 11:45:00,2340.0,2350.0,2340.0,2340.0,51400
2026-02-24 11:50:00,2340.0,2340.0,2330.0,2340.0,145400
2026-02-24 11:55:00,2330.0,2340.0,2330.0,2330.0,44600
2026-02-24 13:30:00,2340.0,2350.0,2330.0,2330.0,235000
2026-02-24 13:35:00,2340.0,2340.0,2330.0,2340.0,35800
2026-02-24 13:40:00,2330.0,2340.0,2330.0,2330.0,70200
2026-02-24 13:45:00,2340.0,2340.0,2330.0,2340.0,114100
2026-02-24 13:50:00,2330.0,2340.0,2330.0,2330.0,97600
2026-02-24 13:55:00,2330.0,2340.0,2330.0,2340.0,97500
2026-02-24 14:00:00,2330.0,2360.0,2320.0,2330.0,2118500
2026-02-24 14:05:00,2340.0,2350.0,2330.0,2330.0,619600
2026-02-24 14:10:00,2330.0,2340.0,2320.0,2340.0,301600
2026-02-24 14:15:00,2340.0,2340.0,2320.0,2330.0,405000
2026-02-24 14:20:00,2330.0,2340.0,2330.0,2330.0,96300
2026-02-24 14:25:00,2330.0,2340.0,2320.0,2330.0,501200
2026-02-24 14:30:00,2330.0,2340.0,2320.0,2330.0,341400
2026-02-24 14:35:00,2340.0,2340.0,2330.0,2340.0,41900
2026-02-24 14:40:00,2340.0,2340.0,2320.0,2330.0,343800
2026-02-24 14:45:00,2330.0,2340.0,2330.0,2330.0,153700
2026-02-24 14:50:00,2330.0,2340.0,2330.0,2330.0,100200
2026-02-24 14:55:00,2340.0,2340.0,2330.0,2330.0,133000
2026-02-24 15:00:00,2330.0,2340.0,2330.0,2330.0,147900
2026-02-24 15:05:00,2340.0,2340.0,2320.0,2330.0,703000
2026-02-24 15:10:00,2330.0,2330.0,2320.0,2320.0,286500
2026-02-24 15:15:00,2330.0,2330.0,2320.0,2320.0,148300
2026-02-24 15:20:00,2320.0,2340.0,2320.0,2340.0,927700
2026-02-24 15:25:00,2340.0,2350.0,2330.0,2350.0,1550700
2026-02-24 15:30:00,2350.0,2370.0,2340.0,2350.0,812100
2026-02-24 15:35:00,2350.0,2360.0,2330.0,2340.0,731800
2026-02-24 15:40:00,2340.0,2350.0,2330.0,2340.0,492800
2026-02-24 15:45:00,2340.0,2350.0,2330.0,2330.0,1017500
2026-02-24 16:00:00,2350.0,2350.0,2350.0,2350.0,1731500
2026-02-24 16:05:00,2350.0,2350.0,2350.0,2350.0,32800
2026-02-24 16:10:00,2350.0,2350.0,2350.0,2350.0,0
2026-02-25 09:00:00,2350.0,2360.0,2340.0,2350.0,0
2026-02-25 09:05:00,2340.0,2350.0,2340.0,2340.0,175000
2026-02-25 09:10:00,2340.0,2370.0,2340.0,2360.0,397600
2026-02-25 09:15:00,2360.0,2370.0,2350.0,2350.0,282300
2026-02-25 09:20:00,2350.0,2360.0,2340.0,2340.0,604800
2026-02-25 09:25:00,2340.0,2340.0,2320.0,2330.0,697600
2026-02-25 09:30:00,2330.0,2340.0,2330.0,2340.0,54300
2026-02-25 09:35:00,2330.0,2340.0,2330.0,2340.0,284900
2026-02-25 09:40:00,2340.0,2340.0,2330.0,2340.0,75300
2026-02-25 09:45:00,2330.0,2340.0,2330.0,2330.0,33300
2026-02-25 09:50:00,2340.0,2340.0,2330.0,2340.0,32500
2026-02-25 09:55:00,2340.0,2340.0,2330.0,2340.0,33200
2026-02-25 10:00:00,2330.0,2350.0,2330.0,2350.0,130100
2026-02-25 10:05:00,2340.0,2350.0,2340.0,2350.0,39000
2026-02-25 10:10:00,2340.0,2350.0,2340.0,2340.0,15500
2026-02-25 10:15:00,2340.0,2350.0,2340.0,2340.0,29000
2026-02-25 10:20:00,2340.0,2350.0,2340.0,2340.0,25200
2026-02-25 10:25:00,2340.0,2350.0,2340.0,2340.0,44900
2026-02-25 10:30:00,2340.0,2350.0,2330.0,2330.0,217500
2026-02-25 10:35:00,2340.0,2340.0,2330.0,2340.0,68300
2026-02-25 10:40:00,2340.0,2340.0,2330.0,2340.0,14800
2026-02-25 10:45:00,2340.0,2340.0,2330.0,2340.0,16500
2026-02-25 10:50:00,2330.0,2340.0,2330.0,2340.0,169800
2026-02-25 10:55:00,2340.0,2340.0,2340.0,2340.0,18700
2026-02-25 11:00:00,2330.0,2340.0,2330.0,2330.0,60100
2026-02-25 11:05:00,2330.0,2340.0,2330.0,2340.0,93600
2026-02-25 11:10:00,2340.0,2350.0,2340.0,2350.0,302900
2026-02-25 11:15:00,2350.0,2360.0,2350.0,2350.0,60800
2026-02-25 11:20:00,2350.0,2360.0,2350.0,2350.0,154600
2026-02-25 11:25:00,2360.0,2360.0,2350.0,2350.0,172100
2026-02-25 11:30:00,2350.0,2360.0,2350.0,2360.0,83900
2026-02-25 11:35:00,2350.0,2360.0,2350.0,2350.0,138700
2026-02-25 11:40:00,2350.0,2360.0,2350.0,2350.0,497300
2026-02-25 11:45:00,2350.0,2350.0,2340.0,2350.0,76300
2026-02-25 11:50:00,2340.0,2350.0,2340.0,2340.0,63200
2026-02-25 11:55:00,2350.0,2350.0,2340.0,2340.0,114700
2026-02-25 13:30:00,2340.0,2350.0,2340.0,2350.0,196300
2026-02-25 13:35:00,2340.0,2350.0,2340.0,2350.0,48900
2026-02-25 13:40:00,2350.0,2350.0,2340.0,2350.0,51900
2026-02-25 13:45:00,2350.0,2350.0,2340.0,2340.0,68400
2026-02-25 13:50:00,2340.0,2350.0,2340.0,2340.0,28300
2026-02-25 13:55:00,2340.0,2350.0,2330.0,2340.0,314300
2026-02-25 14:00:00,2330.0,2350.0,2330.0,2350.0,163100
2026-02-25 14:05:00,2350.0,2350.0,2340.0,2340.0,52200
2026-02-25 14:10:00,2340.0,2350.0,2340.0,2340.0,34800
2026-02-25 14:15:00,2350.0,2350.0,2330.0,2330.0,272800
2026-02-25 14:20:00,2340.0,2340.0,2330.0,2330.0,57300
2026-02-25 14:25:00,2340.0,2340.0,2330.0,2330.0,42200
2026-02-25 14:30:00,2330.0,2340.0,2330.0,2330.0,79400
2026-02-25 14:35:00,2340.0,2340.0,2330.0,2340.0,55200
2026-02-25 14:40:00,2340.0,2350.0,2330.0,2340.0,704400
2026-02-25 14:45:00,2330.0,2350.0,2330.0,2340.0,486900
2026-02-25 14:50:00,2340.0,2350.0,2340.0,2340.0,276100
2026-02-25 14:55:00,2340.0,2350.0,2340.0,2340.0,219300
2026-02-25 15:00:00,2340.0,2350.0,2330.0,2340.0,824700
2026-02-25 15:05:00,2340.0,2340.0,2330.0,2330.0,142400
2026-02-25 15:10:00,2330.0,2340.0,2330.0,2330.0,283200
2026-02-25 15:15:00,2330.0,2340.0,2330.0,2340.0,142600
2026-02-25 15:20:00,2340.0,2340.0,2330.0,2330.0,202700
2026-02-25 15:25:00,2340.0,2340.0,2330.0,2340.0,317900
2026-02-25 15:30:00,2340.0,2340.0,2330.0,2330.0,483300
2026-02-25 15:35:00,2330.0,2340.0,2330.0,2330.0,455700
2026-02-25 15:40:00,2330.0,2340.0,2320.0,2340.0,576300
2026-02-25 15:45:00,2330.0,2340.0,2330.0,2340.0,682200
2026-02-25 16:00:00,2330.0,2330.0,2330.0,2330.0,3232400
2026-02-25 16:05:00,2330.0,2330.0,2330.0,2330.0,0
2026-02-25 16:10:00,2330.0,2330.0,2330.0,2330.0,0
2026-02-26 09:00:00,2350.0,2360.0,2330.0,2330.0,0
2026-02-26 09:05:00,2340.0,2340.0,2330.0,2340.0,51900
2026-02-26 09:10:00,2340.0,2340.0,2330.0,2330.0,53600
2026-02-26 09:15:00,2340.0,2340.0,2330.0,2340.0,148800
2026-02-26 09:20:00,2330.0,2330.0,2310.0,2320.0,953700
2026-02-26 09:25:00,2310.0,2320.0,2310.0,2310.0,126700
2026-02-26 09:30:00,2310.0,2320.0,2310.0,2310.0,155600
2026-02-26 09:35:00,2320.0,2320.0,2310.0,2310.0,71500
2026-02-26 09:40:00,2310.0,2320.0,2310.0,2310.0,66300
2026-02-26 09:45:00,2310.0,2320.0,2310.0,2310.0,84900
2026-02-26 09:50:00,2310.0,2320.0,2310.0,2310.0,124900
2026-02-26 09:55:00,2320.0,2320.0,2310.0,2310.0,169800
2026-02-26 10:00:00,2310.0,2320.0,2310.0,2310.0,75200
2026-02-26 10:05:00,2310.0,2320.0,2310.0,2320.0,97100
2026-02-26 10:10:00,2320.0,2320.0,2310.0,2310.0,72100
2026-02-26 10:15:00,2310.0,2320.0,2310.0,2310.0,108400
2026-02-26 10:20:00,2310.0,2320.0,2310.0,2310.0,73400
2026-02-26 10:25:00,2320.0,2320.0,2310.0,2310.0,134100
2026-02-26 10:30:00,2320.0,2320.0,2310.0,2310.0,77900
2026-02-26 10:35:00,2310.0,2320.0,2310.0,2320.0,93000
2026-02-26 10:40:00,2310.0,2320.0,2310.0,2320.0,74200
2026-02-26 10:45:00,2310.0,2330.0,2310.0,2330.0,532600
2026-02-26 10:50:00,2320.0,2340.0,2320.0,2330.0,376400
2026-02-26 10:55:00,2340.0,2340.0,2330.0,2330.0,53100
2026-02-26 11:00:00,2340.0,2340.0,2330.0,2330.0,63800
2026-02-26 11:05:00,2340.0,2340.0,2330.0,2330.0,124200
2026-02-26 11:10:00,2340.0,2340.0,2330.0,2340.0,69400
2026-02-26 11:15:00,2330.0,2340.0,2330.0,2340.0,55600
2026-02-26 11:20:00,2340.0,2340.0,2330.0,2330.0,174300
2026-02-26 11:25:00,2340.0,2350.0,2330.0,2340.0,988100
2026-02-26 11:30:00,2350.0,2350.0,2340.0,2340.0,50100
2026-02-26 11:35:00,2350.0,2350.0,2340.0,2340.0,23800
2026-02-26 11:40:00,2350.0,2350.0,2330.0,2330.0,271100
2026-02-26 11:45:00,2330.0,2340.0,2330.0,2330.0,63600
2026-02-26 11:50:00,2330.0,2340.0,2330.0,2330.0,174700
2026-02-26 11:55:00,2340.0,2340.0,2330.0,2330.0,141000
2026-02-26 13:30:00,2330.0,2340.0,2330.0,2330.0,131200
2026-02-26 13:35:00,2340.0,2340.0,2330.0,2340.0,82900
2026-02-26 13:40:00,2340.0,2340.0,2330.0,2340.0,403700
2026-02-26 13:45:00,2330.0,2340.0,2330.0,2330.0,125600
2026-02-26 13:50:00,2330.0,2340.0,2330.0,2330.0,139000
2026-02-26 13:55:00,2340.0,2340.0,2330.0,2330.0,112100
2026-02-26 14:00:00,2330.0,2340.0,2330.0,2330.0,125900
2026-02-26 14:05:00,2330.0,2340.0,2320.0,2320.0,239100
2026-02-26 14:10:00,2320.0,2330.0,2320.0,2320.0,305400
2026-02-26 14:15:00,2320.0,2330.0,2320.0,2320.0,129500
2026-02-26 14:20:00,2320.0,2330.0,2310.0,2310.0,383500
2026-02-26 14:25:00,2310.0,2320.0,2300.0,2300.0,768300
2026-02-26 14:30:00,2300.0,2310.0,2300.0,2310.0,535200
2026-02-26 14:35:00,2310.0,2330.0,2300.0,2320.0,636400
2026-02-26 14:40:00,2320.0,2330.0,2300.0,2300.0,588400
2026-02-26 14:45:00,2320.0,2320.0,2310.0,2310.0,67800
2026-02-26 14:50:00,2320.0,2320.0,2300.0,2300.0,381900
2026-02-26 14:55:00,2300.0,2310.0,2300.0,2310.0,118100
2026-02-26 15:00:00,2310.0,2310.0,2300.0,2300.0,87800
2026-02-26 15:05:00,2310.0,2310.0,2300.0,2310.0,185000
2026-02-26 15:10:00,2300.0,2310.0,2300.0,2310.0,220200
2026-02-26 15:15:00,2310.0,2320.0,2300.0,2310.0,244300
2026-02-26 15:20:00,2320.0,2320.0,2310.0,2320.0,91500
2026-02-26 15:25:00,2310.0,2320.0,2300.0,2310.0,716000
2026-02-26 15:30:00,2300.0,2310.0,2300.0,2300.0,68900
2026-02-26 15:35:00,2310.0,2310.0,2300.0,2310.0,267400
2026-02-26 15:40:00,2300.0,2310.0,2300.0,2310.0,375100
2026-02-26 15:45:00,2310.0,2320.0,2300.0,2310.0,701700
2026-02-26 16:00:00,2310.0,2310.0,2310.0,2310.0,790900
2026-02-26 16:05:00,2310.0,2310.0,2310.0,2310.0,7300
2026-02-26 16:10:00,2310.0,2310.0,2310.0,2310.0,0
2026-02-27 09:00:00,2310.0,2340.0,2310.0,2320.0,0
2026-02-27 09:05:00,2320.0,2340.0,2320.0,2330.0,596000
2026-02-27 09:10:00,2330.0,2330.0,2310.0,2320.0,406000
2026-02-27 09:15:00,2330.0,2330.0,2310.0,2310.0,566800
2026-02-27 09:20:00,2310.0,2340.0,2310.0,2340.0,826800
2026-02-27 09:25:00,2330.0,2390.0,2330.0,2380.0,5151600
2026-02-27 09:30:00,2390.0,2390.0,2370.0,2380.0,1863100
2026-02-27 09:35:00,2380.0,2390.0,2380.0,2380.0,1301000
2026-02-27 09:40:00,2380.0,2410.0,2380.0,2400.0,3825000
2026-02-27 09:45:00,2400.0,2410.0,2380.0,2380.0,2620000
2026-02-27 09:50:00,2380.0,2390.0,2370.0,2380.0,1551300
2026-02-27 09:55:00,2390.0,2390.0,2380.0,2380.0,411800
2026-02-27 10:00:00,2390.0,2390.0,2360.0,2370.0,2691600
2026-02-27 10:05:00,2360.0,2380.0,2360.0,2370.0,472000
2026-02-27 10:10:00,2380.0,2380.0,2370.0,2370.0,61600
2026-02-27 10:15:00,2380.0,2380.0,2370.0,2380.0,85200
2026-02-27 10:20:00,2380.0,2380.0,2360.0,2360.0,2274600
2026-02-27 10:25:00,2360.0,2370.0,2360.0,2360.0,192000
2026-02-27 10:30:00,2360.0,2370.0,2350.0,2350.0,953300
2026-02-27 10:35:00,2360.0,2360.0,2350.0,2360.0,234100
2026-02-27 10:40:00,2360.0,2360.0,2340.0,2340.0,1862300
2026-02-27 10:45:00,2340.0,2350.0,2340.0,2340.0,41700
2026-02-27 10:50:00,2350.0,2350.0,2340.0,2340.0,94900
2026-02-27 10:55:00,2350.0,2350.0,2340.0,2340.0,286800
2026-02-27 11:00:00,2350.0,2350.0,2330.0,2330.0,1175000
2026-02-27 11:05:00,2330.0,2340.0,2330.0,2340.0,110700
2026-02-27 11:10:00,2330.0,2350.0,2330.0,2340.0,782700
2026-02-27 11:15:00,2340.0,2350.0,2340.0,2340.0,13700
2026-02-27 11:20:00,2340.0,2350.0,2340.0,2350.0,47500
2026-02-27 11:25:00,2340.0,2350.0,2340.0,2350.0,43200
2026-02-27 14:00:00,2350.0,2350.0,2330.0,2340.0,2347300
2026-02-27 14:05:00,2340.0,2340.0,2330.0,2340.0,596600
2026-02-27 14:10:00,2330.0,2340.0,2320.0,2320.0,816500
2026-02-27 14:15:00,2330.0,2330.0,2320.0,2330.0,373800
2026-02-27 14:20:00,2320.0,2330.0,2320.0,2330.0,336800
2026-02-27 14:25:00,2330.0,2350.0,2320.0,2350.0,1133100
2026-02-27 14:30:00,2340.0,2350.0,2330.0,2330.0,1406300
2026-02-27 14:35:00,2330.0,2350.0,2330.0,2340.0,244400
2026-02-27 14:40:00,2340.0,2350.0,2340.0,2350.0,336500
2026-02-27 14:45:00,2340.0,2350.0,2340.0,2340.0,224600
2026-02-27 14:50:00,2350.0,2350.0,2340.0,2350.0,312100
2026-02-27 14:55:00,2340.0,2350.0,2340.0,2340.0,223900
2026-02-27 15:00:00,2340.0,2350.0,2330.0,2330.0,317500
2026-02-27 15:05:00,2330.0,2340.0,2330.0,2330.0,83800
2026-02-27 15:10:00,2330.0,2340.0,2330.0,2330.0,132400
2026-02-27 15:15:00,2340.0,2340.0,2330.0,2330.0,551300
2026-02-27 15:20:00,2330.0,2350.0,2330.0,2350.0,355800
2026-02-27 15:25:00,2350.0,2360.0,2340.0,2360.0,1707300
2026-02-27 15:30:00,2360.0,2360.0,2350.0,2360.0,300400
2026-02-27 15:35:00,2360.0,2360.0,2350.0,2360.0,591300
2026-02-27 15:40:00,2360.0,2380.0,2350.0,2370.0,1755800
2026-02-27 15:45:00,2380.0,2380.0,2360.0,2380.0,2446500
2026-02-27 16:00:00,2380.0,2380.0,2380.0,2380.0,20427300
2026-02-27 16:05:00,2380.0,2380.0,2380.0,2380.0,33900
2026-02-27 16:10:00,2380.0,2380.0,2380.0,2380.0,38500
2026-03-02 09:00:00,2300.0,2320.0,2270.0,2300.0,0
2026-03-02 09:05:00,2300.0,2320.0,2300.0,2300.0,685800
2026-03-02 09:10:00,2310.0,2310.0,2280.0,2280.0,1424400
2026-03-02 09:15:00,2280.0,2290.0,2280.0,2280.0,378400
2026-03-02 09:20:00,2280.0,2290.0,2280.0,2290.0,669600
2026-03-02 09:25:00,2290.0,2300.0,2280.0,2290.0,445100
2026-03-02 09:30:00,2290.0,2300.0,2280.0,2290.0,304500
2026-03-02 09:35:00,2290.0,2290.0,2280.0,2290.0,307000
2026-03-02 09:40:00,2290.0,2290.0,2280.0,2290.0,458400
2026-03-02 09:45:00,2290.0,2290.0,2270.0,2290.0,1099800
2026-03-02 09:50:00,2290.0,2300.0,2280.0,2290.0,411200
2026-03-02 09:55:00,2280.0,2290.0,2280.0,2290.0,52200
2026-03-02 10:00:00,2290.0,2290.0,2280.0,2290.0,34300
2026-03-02 10:05:00,2290.0,2290.0,2280.0,2290.0,349200
2026-03-02 10:10:00,2290.0,2290.0,2280.0,2280.0,127600
2026-03-02 10:15:00,2290.0,2300.0,2280.0,2290.0,259600
2026-03-02 10:20:00,2290.0,2300.0,2280.0,2290.0,188000
2026-03-02 10:25:00,2290.0,2300.0,2280.0,2290.0,314900
2026-03-02 10:30:00,2290.0,2290.0,2280.0,2290.0,254100
2026-03-02 10:35:00,2280.0,2290.0,2280.0,2280.0,108400
2026-03-02 10:40:00,2280.0,2290.0,2280.0,2290.0,243500
2026-03-02 10:45:00,2290.0,2290.0,2280.0,2290.0,177200
2026-03-02 10:50:00,2280.0,2290.0,2280.0,2290.0,133800
2026-03-02 10:55:00,2290.0,2290.0,2280.0,2280.0,90700
2026-03-02 11:00:00,2280.0,2290.0,2280.0,2290.0,121600
2026-03-02 11:05:00,2280.0,2290.0,2280.0,2280.0,69400
2026-03-02 11:10:00,2280.0,2290.0,2280.0,2280.0,34300
2026-03-02 11:15:00,2290.0,2290.0,2280.0,2290.0,56800
2026-03-02 11:20:00,2290.0,2290.0,2270.0,2270.0,662300
2026-03-02 11:25:00,2270.0,2290.0,2270.0,2280.0,284800
2026-03-02 11:30:00,2280.0,2290.0,2280.0,2290.0,11600
2026-03-02 11:35:00,2280.0,2290.0,2280.0,2280.0,9400
2026-03-02 11:40:00,2280.0,2290.0,2280.0,2290.0,29400
2026-03-02 11:45:00,2290.0,2290.0,2280.0,2280.0,19800
2026-03-02 11:50:00,2290.0,2290.0,2280.0,2290.0,40000
2026-03-02 11:55:00,2290.0,2290.0,2280.0,2280.0,43600
2026-03-02 13:30:00,2280.0,2290.0,2280.0,2290.0,159900
2026-03-02 13:35:00,2290.0,2290.0,2280.0,2280.0,13000
2026-03-02 13:40:00,2290.0,2290.0,2280.0,2280.0,22400
2026-03-02 13:45:00,2280.0,2290.0,2280.0,2280.0,74600
2026-03-02 13:50:00,2280.0,2290.0,2280.0,2280.0,242500
2026-03-02 13:55:00,2280.0,2290.0,2280.0,2280.0,765600
2026-03-02 14:00:00,2280.0,2280.0,2270.0,2280.0,208900
2026-03-02 14:05:00,2280.0,2280.0,2270.0,2280.0,295600
2026-03-02 14:10:00,2270.0,2270.0,2260.0,2260.0,1344500
2026-03-02 14:15:00,2270.0,2270.0,2260.0,2260.0,51600
2026-03-02 14:20:00,2260.0,2270.0,2260.0,2260.0,97000
2026-03-02 14:25:00,2260.0,2270.0,2260.0,2270.0,158300
2026-03-02 14:30:00,2270.0,2270.0,2240.0,2250.0,1808700
2026-03-02 14:35:00,2240.0,2260.0,2240.0,2260.0,220400
2026-03-02 14:40:00,2250.0,2260.0,2240.0,2250.0,158500
2026-03-02 14:45:00,2250.0,2250.0,2240.0,2240.0,178000
2026-03-02 14:50:00,2240.0,2250.0,2240.0,2250.0,346100
2026-03-02 14:55:00,2250.0,2250.0,2240.0,2240.0,61700
2026-03-02 15:00:00,2250.0,2260.0,2240.0,2250.0,434000
2026-03-02 15:05:00,2260.0,2260.0,2250.0,2250.0,162600
2026-03-02 15:10:00,2260.0,2260.0,2250.0,2260.0,203600
2026-03-02 15:15:00,2260.0,2260.0,2250.0,2260.0,120900
2026-03-02 15:20:00,2260.0,2260.0,2250.0,2250.0,318400
2026-03-02 15:25:00,2260.0,2260.0,2250.0,2260.0,287800
2026-03-02 15:30:00,2260.0,2260.0,2250.0,2260.0,188600
2026-03-02 15:35:00,2250.0,2260.0,2250.0,2260.0,293500
2026-03-02 15:40:00,2260.0,2260.0,2250.0,2250.0,340000
2026-03-02 15:45:00,2250.0,2260.0,2250.0,2250.0,555800
2026-03-02 16:00:00,2250.0,2250.0,2250.0,2250.0,1271700
2026-03-02 16:05:00,2250.0,2250.0,2250.0,2250.0,35700
2026-03-02 16:10:00,2250.0,2250.0,2250.0,2250.0,2500
2026-03-03 09:00:00,2270.0,2280.0,2260.0,2260.0,0
2026-03-03 09:05:00,2260.0,2260.0,2250.0,2260.0,256400
2026-03-03 09:10:00,2260.0,2270.0,2250.0,2270.0,172300
2026-03-03 09:15:00,2270.0,2270.0,2260.0,2260.0,15500
2026-03-03 09:20:00,2260.0,2270.0,2250.0,2260.0,249300
2026-03-03 09:25:00,2260.0,2270.0,2260.0,2260.0,32000
2026-03-03 09:30:00,2260.0,2270.0,2260.0,2270.0,29300
2026-03-03 09:35:00,2270.0,2270.0,2260.0,2270.0,52000
2026-03-03 09:40:00,2260.0,2270.0,2250.0,2260.0,179000
2026-03-03 09:45:00,2260.0,2260.0,2250.0,2260.0,86200
2026-03-03 09:50:00,2260.0,2260.0,2250.0,2260.0,179000
2026-03-03 09:55:00,2260.0,2260.0,2250.0,2260.0,38300
2026-03-03 10:00:00,2250.0,2260.0,2250.0,2260.0,74900
2026-03-03 10:05:00,2260.0,2260.0,2210.0,2220.0,1107800
2026-03-03 10:10:00,2210.0,2220.0,2210.0,2210.0,76300
2026-03-03 10:15:00,2220.0,2220.0,2210.0,2220.0,110600
2026-03-03 10:20:00,2220.0,2220.0,2210.0,2220.0,171000
2026-03-03 10:25:00,2210.0,2220.0,2210.0,2220.0,484700
2026-03-03 10:30:00,2220.0,2220.0,2210.0,2220.0,29900
2026-03-03 10:35:00,2220.0,2220.0,2200.0,2210.0,671900
2026-03-03 10:40:00,2200.0,2210.0,2150.0,2170.0,3525000
2026-03-03 10:45:00,2160.0,2170.0,2150.0,2150.0,371400
2026-03-03 10:50:00,2150.0,2160.0,2120.0,2130.0,1751500
2026-03-03 10:55:00,2130.0,2150.0,2130.0,2140.0,572400
2026-03-03 11:00:00,2140.0,2150.0,2140.0,2140.0,145000
2026-03-03 11:05:00,2140.0,2150.0,2140.0,2140.0,190400
2026-03-03 11:10:00,2140.0,2140.0,2110.0,2130.0,1358000
2026-03-03 11:15:00,2130.0,2140.0,2120.0,2140.0,198500
2026-03-03 11:20:00,2140.0,2140.0,2110.0,2120.0,1029300
2026-03-03 11:25:00,2120.0,2130.0,2120.0,2130.0,74400
2026-03-03 11:30:00,2130.0,2130.0,2120.0,2120.0,178200
2026-03-03 11:35:00,2120.0,2130.0,2110.0,2130.0,325700
2026-03-03 11:40:00,2120.0,2130.0,2120.0,2120.0,131400
2026-03-03 11:45:00,2120.0,2130.0,2120.0,2130.0,236700
2026-03-03 11:50:00,2130.0,2130.0,2120.0,2120.0,162700
2026-03-03 11:55:00,2120.0,2140.0,2120.0,2130.0,594500
2026-03-03 13:30:00,2140.0,2140.0,2130.0,2140.0,208800
2026-03-03 13:35:00,2130.0,2140.0,2130.0,2140.0,168000
2026-03-03 13:40:00,2130.0,2140.0,2130.0,2140.0,201800
2026-03-03 13:45:00,2140.0,2140.0,2130.0,2140.0,105000
2026-03-03 13:50:00,2130.0,2140.0,2130.0,2140.0,243300
2026-03-03 13:55:00,2140.0,2140.0,2130.0,2140.0,90500
2026-03-03 14:00:00,2130.0,2140.0,2130.0,2140.0,136500
2026-03-03 14:05:00,2130.0,2140.0,2130.0,2140.0,75400
2026-03-03 14:10:00,2140.0,2140.0,2130.0,2140.0,100000
2026-03-03 14:15:00,2130.0,2140.0,2130.0,2140.0,142800
2026-03-03 14:20:00,2130.0,2140.0,2130.0,2140.0,91000
2026-03-03 14:25:00,2130.0,2140.0,2120.0,2120.0,722800
2026-03-03 14:30:00,2120.0,2130.0,2120.0,2130.0,134900
2026-03-03 14:35:00,2130.0,2130.0,2120.0,2130.0,142300
2026-03-03 14:40:00,2130.0,2130.0,2120.0,2130.0,143800
2026-03-03 14:45:00,2120.0,2130.0,2120.0,2120.0,162500
2026-03-03 14:50:00,2130.0,2130.0,2120.0,2130.0,152700
2026-03-03 14:55:00,2120.0,2130.0,2120.0,2120.0,513800
2026-03-03 15:00:00,2120.0,2130.0,2120.0,2130.0,151300
2026-03-03 15:05:00,2120.0,2130.0,2110.0,2120.0,1065600
2026-03-03 15:10:00,2110.0,2120.0,2100.0,2110.0,939700
2026-03-03 15:15:00,2110.0,2110.0,2100.0,2100.0,185000
2026-03-03 15:20:00,2100.0,2110.0,2100.0,2110.0,1320700
2026-03-03 15:25:00,2110.0,2120.0,2110.0,2120.0,762900
2026-03-03 15:30:00,2120.0,2120.0,2110.0,2120.0,460900
2026-03-03 15:35:00,2120.0,2120.0,2100.0,2110.0,693300
2026-03-03 15:40:00,2110.0,2110.0,2100.0,2110.0,2004400
2026-03-03 15:45:00,2110.0,2110.0,2080.0,2090.0,1284500
2026-03-03 16:00:00,2080.0,2080.0,2080.0,2080.0,1835100
2026-03-03 16:05:00,2080.0,2080.0,2080.0,2080.0,77800
2026-03-03 16:10:00,2080.0,2080.0,2080.0,2080.0,87100
2026-03-04 09:00:00,2090.0,2090.0,2020.0,2040.0,0
2026-03-04 09:05:00,2040.0,2050.0,2010.0,2030.0,1813800
2026-03-04 09:10:00,2030.0,2030.0,2010.0,2010.0,662200
2026-03-04 09:15:00,2020.0,2020.0,1985.0,2000.0,2091900
2026-03-04 09:20:00,1995.0,2020.0,1995.0,2000.0,1059300
2026-03-04 09:25:00,2010.0,2010.0,1995.0,2000.0,478200
2026-03-04 09:30:00,2010.0,2030.0,2000.0,2030.0,694400
2026-03-04 09:35:00,2030.0,2030.0,2020.0,2030.0,360500
2026-03-04 09:40:00,2030.0,2030.0,2020.0,2020.0,302900
2026-03-04 09:45:00,2020.0,2020.0,2000.0,2000.0,248900
2026-03-04 09:50:00,2000.0,2010.0,1995.0,2000.0,248400
2026-03-04 09:55:00,2000.0,2010.0,1990.0,1995.0,331000
2026-03-04 10:00:00,1995.0,1995.0,1985.0,1990.0,755600
2026-03-04 10:05:00,1990.0,1995.0,1990.0,1990.0,232000
2026-03-04 10:10:00,1990.0,1995.0,1985.0,1995.0,857200
2026-03-04 10:15:00,1995.0,2000.0,1985.0,1990.0,555500
2026-03-04 10:20:00,1995.0,1995.0,1985.0,1985.0,326900
2026-03-04 10:25:00,1990.0,1995.0,1980.0,1990.0,653400
2026-03-04 10:30:00,1990.0,2000.0,1990.0,1995.0,269100
2026-03-04 10:35:00,1995.0,2010.0,1995.0,2010.0,177000
2026-03-04 10:40:00,2010.0,2010.0,2000.0,2000.0,103300
2026-03-04 10:45:00,2000.0,2010.0,2000.0,2010.0,62200
2026-03-04 10:50:00,2010.0,2010.0,2000.0,2000.0,52200
2026-03-04 10:55:00,2000.0,2010.0,2000.0,2010.0,23700
2026-03-04 11:00:00,2010.0,2010.0,1990.0,1990.0,443800
2026-03-04 11:05:00,1990.0,1995.0,1990.0,1995.0,176000
2026-03-04 11:10:00,1995.0,1995.0,1990.0,1995.0,87800
2026-03-04 11:15:00,1995.0,1995.0,1990.0,1995.0,35100
2026-03-04 11:20:00,1995.0,1995.0,1990.0,1990.0,54400
2026-03-04 11:25:00,1995.0,1995.0,1990.0,1990.0,223600
2026-03-04 11:30:00,1990.0,1990.0,1985.0,1985.0,31900
2026-03-04 11:35:00,1985.0,1990.0,1985.0,1990.0,232400
2026-03-04 11:40:00,1985.0,1990.0,1980.0,1980.0,341400
2026-03-04 11:45:00,1980.0,1985.0,1980.0,1985.0,128400
2026-03-04 11:50:00,1985.0,1985.0,1970.0,1975.0,1115500
2026-03-04 11:55:00,1975.0,1980.0,1970.0,1980.0,315400
2026-03-04 13:30:00,1980.0,1980.0,1955.0,1965.0,1052600
2026-03-04 13:35:00,1965.0,1975.0,1965.0,1970.0,234800
2026-03-04 13:40:00,1970.0,1975.0,1965.0,1970.0,157900
2026-03-04 13:45:00,1965.0,1970.0,1965.0,1970.0,112100
2026-03-04 13:50:00,1965.0,1970.0,1965.0,1965.0,65100
2026-03-04 13:55:00,1965.0,1970.0,1965.0,1970.0,89500
2026-03-04 14:00:00,1965.0,1965.0,1955.0,1960.0,691500
2026-03-04 14:05:00,1955.0,1960.0,1955.0,1960.0,106500
2026-03-04 14:10:00,1955.0,1960.0,1925.0,1930.0,2334200
2026-03-04 14:15:00,1925.0,1930.0,1920.0,1920.0,897400
2026-03-04 14:20:00,1925.0,1940.0,1920.0,1935.0,384200
2026-03-04 14:25:00,1940.0,1940.0,1935.0,1940.0,69400
2026-03-04 14:30:00,1935.0,1945.0,1935.0,1940.0,113000
2026-03-04 14:35:00,1945.0,1950.0,1940.0,1940.0,503600
2026-03-04 14:40:00,1945.0,1955.0,1940.0,1955.0,531700
2026-03-04 14:45:00,1955.0,1955.0,1950.0,1955.0,281300
2026-03-04 14:50:00,1955.0,1960.0,1950.0,1950.0,302500
2026-03-04 14:55:00,1950.0,1950.0,1945.0,1945.0,181800
2026-03-04 15:00:00,1945.0,1950.0,1945.0,1945.0,164200
2026-03-04 15:05:00,1945.0,1955.0,1945.0,1955.0,102600
2026-03-04 15:10:00,1950.0,1955.0,1935.0,1940.0,637500
2026-03-04 15:15:00,1940.0,1945.0,1935.0,1940.0,200100
2026-03-04 15:20:00,1940.0,1945.0,1940.0,1945.0,201600
2026-03-04 15:25:00,1945.0,1950.0,1940.0,1945.0,168800
2026-03-04 15:30:00,1945.0,1950.0,1940.0,1950.0,338400
2026-03-04 15:35:00,1950.0,1950.0,1940.0,1945.0,110200
2026-03-04 15:40:00,1945.0,1950.0,1940.0,1950.0,293500
2026-03-04 15:45:00,1950.0,1950.0,1935.0,1940.0,691300
2026-03-04 16:00:00,1935.0,1935.0,1935.0,1935.0,3198300
2026-03-04 16:05:00,1935.0,1935.0,1935.0,1935.0,3900
2026-03-04 16:10:00,1935.0,1935.0,1935.0,1935.0,5800
2026-03-05 09:00:00,1980.0,2030.0,1975.0,2020.0,0
2026-03-05 09:05:00,2030.0,2030.0,2000.0,2020.0,730500
2026-03-05 09:10:00,2010.0,2020.0,2010.0,2020.0,266600
2026-03-05 09:15:00,2010.0,2020.0,2010.0,2020.0,113900
2026-03-05 09:20:00,2010.0,2020.0,2000.0,2020.0,375900
2026-03-05 09:25:00,2020.0,2020.0,2000.0,2010.0,173300
2026-03-05 09:30:00,2010.0,2030.0,2000.0,2020.0,289600
2026-03-05 09:35:00,2020.0,2030.0,2010.0,2030.0,264400
2026-03-05 09:40:00,2030.0,2030.0,2020.0,2030.0,101900
2026-03-05 09:45:00,2030.0,2030.0,2020.0,2030.0,136600
2026-03-05 09:50:00,2030.0,2030.0,2020.0,2030.0,351400
2026-03-05 09:55:00,2030.0,2040.0,2020.0,2040.0,102200
2026-03-05 10:00:00,2040.0,2040.0,2020.0,2030.0,255000
2026-03-05 10:05:00,2030.0,2040.0,2030.0,2040.0,296900
2026-03-05 10:10:00,2030.0,2040.0,2030.0,2040.0,23900
2026-03-05 10:15:00,2040.0,2040.0,2030.0,2040.0,64400
2026-03-05 10:20:00,2040.0,2040.0,2020.0,2030.0,513700
2026-03-05 10:25:00,2030.0,2040.0,2030.0,2030.0,80700
2026-03-05 10:30:00,2030.0,2030.0,2020.0,2030.0,66400
2026-03-05 10:35:00,2030.0,2030.0,2020.0,2020.0,39900
2026-03-05 10:40:00,2020.0,2030.0,2010.0,2010.0,575300
2026-03-05 10:45:00,2020.0,2020.0,2010.0,2020.0,120400
2026-03-05 10:50:00,2010.0,2020.0,2010.0,2020.0,24200
2026-03-05 10:55:00,2020.0,2020.0,2000.0,2020.0,258200
2026-03-05 11:00:00,2020.0,2020.0,2000.0,2010.0,77100
2026-03-05 11:05:00,2010.0,2010.0,2000.0,2000.0,26700
2026-03-05 11:10:00,2000.0,2010.0,1995.0,2000.0,843900
2026-03-05 11:15:00,2000.0,2000.0,1990.0,1990.0,80600
2026-03-05 11:20:00,1990.0,2010.0,1990.0,2010.0,268500
2026-03-05 11:25:00,2010.0,2010.0,2000.0,2010.0,37600
2026-03-05 11:30:00,2010.0,2010.0,2000.0,2010.0,23300
2026-03-05 11:35:00,2000.0,2010.0,2000.0,2010.0,21800
2026-03-05 11:40:00,2010.0,2010.0,2000.0,2010.0,33700
2026-03-05 11:45:00,2010.0,2010.0,2000.0,2000.0,27000
2026-03-05 11:50:00,2010.0,2010.0,2000.0,2000.0,120300
2026-03-05 11:55:00,2000.0,2010.0,1990.0,1995.0,389800
2026-03-05 13:30:00,1995.0,2000.0,1995.0,2000.0,176600
2026-03-05 13:35:00,2000.0,2010.0,1995.0,2010.0,610500
2026-03-05 13:40:00,2010.0,2010.0,1995.0,2000.0,223300
2026-03-05 13:45:00,2000.0,2000.0,1995.0,2000.0,235000
2026-03-05 13:50:00,1995.0,2000.0,1995.0,2000.0,415500
2026-03-05 13:55:00,1995.0,2000.0,1995.0,1995.0,56000
2026-03-05 14:00:00,2000.0,2000.0,1995.0,2000.0,59500
2026-03-05 14:05:00,2000.0,2000.0,1995.0,2000.0,191200
2026-03-05 14:10:00,2000.0,2000.0,1995.0,2000.0,98400
2026-03-05 14:15:00,2000.0,2000.0,1995.0,2000.0,89800
2026-03-05 14:20:00,2000.0,2000.0,1995.0,2000.0,18900
2026-03-05 14:25:00,2000.0,2000.0,1995.0,1995.0,170800
2026-03-05 14:30:00,2000.0,2000.0,1995.0,2000.0,46500
2026-03-05 14:35:00,2000.0,2000.0,1995.0,1995.0,40700
2026-03-05 14:40:00,2000.0,2000.0,1995.0,2000.0,258400
2026-03-05 14:45:00,2000.0,2010.0,1995.0,2010.0,82000
2026-03-05 14:50:00,2010.0,2010.0,2000.0,2010.0,230800
2026-03-05 14:55:00,2010.0,2010.0,2000.0,2010.0,253000
2026-03-05 15:00:00,2010.0,2010.0,2000.0,2010.0,149200
2026-03-05 15:05:00,2010.0,2010.0,2000.0,2000.0,32100
2026-03-05 15:10:00,2000.0,2010.0,2000.0,2000.0,50100
2026-03-05 15:15:00,2010.0,2010.0,2000.0,2000.0,547400
2026-03-05 15:20:00,2000.0,2000.0,1995.0,2000.0,65500
2026-03-05 15:25:00,2000.0,2000.0,1995.0,2000.0,69600
2026-03-05 15:30:00,2000.0,2000.0,1995.0,2000.0,30400
2026-03-05 15:35:00,2000.0,2000.0,1995.0,2000.0,158600
2026-03-05 15:40:00,2000.0,2000.0,1985.0,1990.0,1076900
2026-03-05 15:45:00,1990.0,1990.0,1985.0,1985.0,84000
2026-03-05 16:00:00,1990.0,1990.0,1990.0,1990.0,1157500
2026-03-05 16:05:00,1990.0,1990.0,1990.0,1990.0,7600
2026-03-05 16:10:00,1990.0,1990.0,1990.0,1990.0,0
2026-03-06 09:00:00,1995.0,2040.0,1980.0,2000.0,0
2026-03-06 09:05:00,2000.0,2000.0,1980.0,1985.0,417900
2026-03-06 09:10:00,1985.0,1985.0,1965.0,1970.0,547500
2026-03-06 09:15:00,1970.0,1980.0,1965.0,1980.0,155300
2026-03-06 09:20:00,1980.0,1985.0,1970.0,1970.0,211700
2026-03-06 09:25:00,1970.0,1975.0,1965.0,1965.0,158100
2026-03-06 09:30:00,1965.0,1975.0,1965.0,1975.0,243100
2026-03-06 09:35:00,1975.0,1975.0,1970.0,1970.0,151300
2026-03-06 09:40:00,1970.0,1975.0,1965.0,1965.0,128200
2026-03-06 09:45:00,1965.0,1965.0,1955.0,1965.0,643500
2026-03-06 09:50:00,1970.0,1980.0,1965.0,1980.0,211100
2026-03-06 09:55:00,1980.0,1980.0,1970.0,1970.0,93600
2026-03-06 10:00:00,1975.0,1975.0,1965.0,1965.0,96000
2026-03-06 10:05:00,1965.0,1965.0,1955.0,1965.0,239000
2026-03-06 10:10:00,1960.0,1965.0,1960.0,1960.0,15200
2026-03-06 10:15:00,1960.0,1965.0,1960.0,1960.0,150900
2026-03-06 10:20:00,1960.0,1960.0,1955.0,1960.0,17500
2026-03-06 10:25:00,1955.0,1960.0,1955.0,1960.0,61900
2026-03-06 10:30:00,1960.0,1975.0,1960.0,1975.0,240000
2026-03-06 10:35:00,1975.0,1975.0,1965.0,1965.0,90000
2026-03-06 10:40:00,1970.0,1975.0,1965.0,1975.0,89600
2026-03-06 10:45:00,1975.0,1980.0,1970.0,1980.0,289800
2026-03-06 10:50:00,1980.0,1980.0,1970.0,1970.0,126300
2026-03-06 10:55:00,1975.0,1980.0,1975.0,1980.0,143600
2026-03-06 11:00:00,1980.0,1995.0,1975.0,1975.0,420200
2026-03-06 11:05:00,1980.0,1980.0,1975.0,1975.0,19200
2026-03-06 11:10:00,1975.0,1980.0,1970.0,1970.0,101800
2026-03-06 11:15:00,1970.0,1980.0,1970.0,1980.0,123800
2026-03-06 11:20:00,1980.0,1980.0,1975.0,1980.0,38200
2026-03-06 11:25:00,1980.0,1980.0,1975.0,1975.0,150500
2026-03-06 14:00:00,1970.0,1985.0,1970.0,1975.0,1192200
2026-03-06 14:05:00,1980.0,1980.0,1970.0,1970.0,192400
2026-03-06 14:10:00,1970.0,1975.0,1970.0,1970.0,42900
2026-03-06 14:15:00,1970.0,1975.0,1970.0,1975.0,39300
2026-03-06 14:20:00,1975.0,1975.0,1970.0,1970.0,33600
2026-03-06 14:25:00,1975.0,1975.0,1970.0,1975.0,47800
2026-03-06 14:30:00,1970.0,1980.0,1970.0,1975.0,198600
2026-03-06 14:35:00,1975.0,1975.0,1970.0,1975.0,35800
2026-03-06 14:40:00,1975.0,1975.0,1970.0,1975.0,115700
2026-03-06 14:45:00,1975.0,1980.0,1970.0,1980.0,145500
2026-03-06 14:50:00,1980.0,1980.0,1975.0,1980.0,73800
2026-03-06 14:55:00,1980.0,1980.0,1975.0,1980.0,59000
2026-03-06 15:00:00,1975.0,1980.0,1975.0,1980.0,87900
2026-03-06 15:05:00,1980.0,1980.0,1975.0,1980.0,69800
2026-03-06 15:10:00,1980.0,1980.0,1975.0,1980.0,70900
2026-03-06 15:15:00,1980.0,1980.0,1975.0,1980.0,67700
2026-03-06 15:20:00,1975.0,1980.0,1975.0,1975.0,113600
2026-03-06 15:25:00,1980.0,1990.0,1975.0,1985.0,398600
2026-03-06 15:30:00,1990.0,1995.0,1985.0,1990.0,308000
2026-03-06 15:35:00,1985.0,1990.0,1980.0,1985.0,122900
2026-03-06 15:40:00,1985.0,1990.0,1980.0,1985.0,467300
2026-03-06 15:45:00,1980.0,1990.0,1980.0,1990.0,267200
2026-03-06 16:00:00,1975.0,1975.0,1975.0,1975.0,1326500
2026-03-06 16:05:00,1975.0,1975.0,1975.0,1975.0,13600
2026-03-06 16:10:00,1975.0,1975.0,1975.0,1975.0,3800
2026-03-09 09:00:00,1950.0,1950.0,1850.0,1880.0,0
2026-03-09 09:05:00,1880.0,1880.0,1860.0,1865.0,816000
2026-03-09 09:10:00,1860.0,1870.0,1845.0,1860.0,1730600
2026-03-09 09:15:00,1860.0,1880.0,1860.0,1880.0,557600
2026-03-09 09:20:00,1880.0,1885.0,1875.0,1880.0,605500
2026-03-09 09:25:00,1885.0,1900.0,1880.0,1885.0,799500
2026-03-09 09:30:00,1885.0,1895.0,1880.0,1895.0,635100
2026-03-09 09:35:00,1895.0,1905.0,1890.0,1905.0,333700
2026-03-09 09:40:00,1905.0,1910.0,1900.0,1905.0,183800
2026-03-09 09:45:00,1905.0,1910.0,1900.0,1905.0,149100
2026-03-09 09:50:00,1905.0,1915.0,1905.0,1915.0,139800
2026-03-09 09:55:00,1915.0,1925.0,1915.0,1920.0,256900
2026-03-09 10:00:00,1920.0,1920.0,1905.0,1905.0,657000
2026-03-09 10:05:00,1905.0,1910.0,1905.0,1910.0,121900
2026-03-09 10:10:00,1905.0,1905.0,1890.0,1890.0,601200
2026-03-09 10:15:00,1890.0,1895.0,1885.0,1890.0,149900
2026-03-09 10:20:00,1890.0,1890.0,1880.0,1885.0,324400
2026-03-09 10:25:00,1885.0,1890.0,1885.0,1890.0,129100
2026-03-09 10:30:00,1885.0,1890.0,1885.0,1885.0,83400
2026-03-09 10:35:00,1885.0,1890.0,1880.0,1890.0,73600
2026-03-09 10:40:00,1885.0,1890.0,1885.0,1885.0,270900
2026-03-09 10:45:00,1885.0,1885.0,1875.0,1880.0,415000
2026-03-09 10:50:00,1885.0,1885.0,1875.0,1875.0,282700
2026-03-09 10:55:00,1880.0,1880.0,1870.0,1875.0,76900
2026-03-09 11:00:00,1870.0,1880.0,1870.0,1880.0,118900
2026-03-09 11:05:00,1875.0,1880.0,1875.0,1880.0,151000
2026-03-09 11:10:00,1885.0,1885.0,1875.0,1880.0,29800
2026-03-09 11:15:00,1880.0,1885.0,1875.0,1880.0,79900
2026-03-09 11:20:00,1885.0,1885.0,1880.0,1880.0,22000
2026-03-09 11:25:00,1880.0,1880.0,1875.0,1880.0,179200
2026-03-09 11:30:00,1880.0,1880.0,1875.0,1880.0,13000
2026-03-09 11:35:00,1880.0,1880.0,1875.0,1880.0,23800
2026-03-09 11:40:00,1880.0,1880.0,1875.0,1875.0,165900
2026-03-09 11:45:00,1880.0,1880.0,1875.0,1880.0,23800
2026-03-09 11:50:00,1880.0,1880.0,1875.0,1880.0,53000
2026-03-09 11:55:00,1880.0,1880.0,1870.0,1880.0,885300
2026-03-09 13:30:00,1875.0,1885.0,1870.0,1880.0,607200
2026-03-09 13:35:00,1885.0,1885.0,1875.0,1880.0,181300
2026-03-09 13:40:00,1885.0,1900.0,1885.0,1900.0,350300
2026-03-09 13:45:00,1890.0,1900.0,1890.0,1895.0,93800
2026-03-09 13:50:00,1890.0,1895.0,1890.0,1895.0,12800
2026-03-09 13:55:00,1890.0,1900.0,1890.0,1895.0,274700
2026-03-09 14:00:00,1895.0,1900.0,1890.0,1890.0,170600
2026-03-09 14:05:00,1895.0,1895.0,1890.0,1895.0,44200
2026-03-09 14:10:00,1895.0,1900.0,1890.0,1900.0,113000
2026-03-09 14:15:00,1895.0,1905.0,1895.0,1905.0,182300
2026-03-09 14:20:00,1905.0,1905.0,1885.0,1885.0,682100
2026-03-09 14:25:00,1885.0,1890.0,1880.0,1885.0,131800
2026-03-09 14:30:00,1885.0,1890.0,1885.0,1885.0,69000
2026-03-09 14:35:00,1890.0,1890.0,1885.0,1885.0,50200
2026-03-09 14:40:00,1890.0,1890.0,1885.0,1885.0,22400
2026-03-09 14:45:00,1885.0,1890.0,1885.0,1890.0,23300
2026-03-09 14:50:00,1890.0,1890.0,1885.0,1885.0,20100
2026-03-09 14:55:00,1885.0,1890.0,1880.0,1880.0,553400
2026-03-09 15:00:00,1880.0,1880.0,1875.0,1880.0,504800
2026-03-09 15:05:00,1875.0,1880.0,1875.0,1880.0,48700
2026-03-09 15:10:00,1875.0,1880.0,1875.0,1875.0,114600
2026-03-09 15:15:00,1880.0,1885.0,1875.0,1880.0,159600
2026-03-09 15:20:00,1880.0,1885.0,1875.0,1880.0,68500
2026-03-09 15:25:00,1880.0,1880.0,1875.0,1880.0,57900
2026-03-09 15:30:00,1875.0,1880.0,1870.0,1880.0,486600
2026-03-09 15:35:00,1880.0,1885.0,1875.0,1885.0,76400
2026-03-09 15:40:00,1885.0,1885.0,1875.0,1875.0,113100
2026-03-09 15:45:00,1875.0,1890.0,1875.0,1880.0,559600
2026-03-09 16:00:00,1880.0,1880.0,1880.0,1880.0,994900
2026-03-09 16:05:00,1880.0,1880.0,1880.0,1880.0,44600
2026-03-09 16:10:00,1880.0,1880.0,1880.0,1880.0,49100
2026-03-10 09:00:00,1910.0,1920.0,1905.0,1915.0,0
2026-03-10 09:05:00,1915.0,1915.0,1895.0,1900.0,320700
2026-03-10 09:10:00,1895.0,1910.0,1895.0,1905.0,183600
2026-03-10 09:15:00,1910.0,1910.0,1890.0,1905.0,682100
2026-03-10 09:20:00,1910.0,1925.0,1905.0,1915.0,1191400
2026-03-10 09:25:00,1915.0,1930.0,1915.0,1930.0,713300
2026-03-10 09:30:00,1925.0,1925.0,1910.0,1910.0,275400
2026-03-10 09:35:00,1905.0,1910.0,1905.0,1905.0,54700
2026-03-10 09:40:00,1905.0,1915.0,1905.0,1915.0,99800
2026-03-10 09:45:00,1920.0,1920.0,1915.0,1915.0,64000
2026-03-10 09:50:00,1915.0,1920.0,1910.0,1915.0,96100
2026-03-10 09:55:00,1915.0,1920.0,1910.0,1915.0,53900
2026-03-10 10:00:00,1915.0,1920.0,1915.0,1920.0,86300
2026-03-10 10:05:00,1920.0,1920.0,1915.0,1915.0,23300
2026-03-10 10:10:00,1910.0,1920.0,1910.0,1920.0,104600
2026-03-10 10:15:00,1920.0,1920.0,1915.0,1915.0,36000
2026-03-10 10:20:00,1915.0,1925.0,1915.0,1915.0,184100
2026-03-10 10:25:00,1920.0,1920.0,1910.0,1915.0,67200
2026-03-10 10:30:00,1910.0,1915.0,1910.0,1910.0,44800
2026-03-10 10:35:00,1910.0,1920.0,1910.0,1915.0,199200
2026-03-10 10:40:00,1915.0,1920.0,1915.0,1915.0,7500
2026-03-10 10:45:00,1920.0,1920.0,1915.0,1920.0,110600
2026-03-10 10:50:00,1915.0,1925.0,1915.0,1925.0,107400
2026-03-10 10:55:00,1925.0,1925.0,1915.0,1915.0,46100
2026-03-10 11:00:00,1915.0,1915.0,1910.0,1910.0,127100
2026-03-10 11:05:00,1910.0,1915.0,1910.0,1910.0,68700
2026-03-10 11:10:00,1910.0,1910.0,1905.0,1905.0,131700
2026-03-10 11:15:00,1900.0,1905.0,1900.0,1900.0,63900
2026-03-10 11:20:00,1905.0,1905.0,1900.0,1905.0,49600
2026-03-10 11:25:00,1900.0,1905.0,1900.0,1905.0,247200
2026-03-10 11:30:00,1905.0,1910.0,1900.0,1900.0,134900
2026-03-10 11:35:00,1910.0,1910.0,1900.0,1900.0,28900
2026-03-10 11:40:00,1900.0,1905.0,1900.0,1905.0,279800
2026-03-10 11:45:00,1905.0,1905.0,1900.0,1900.0,38400
2026-03-10 11:50:00,1900.0,1905.0,1895.0,1905.0,67000
2026-03-10 11:55:00,1900.0,1910.0,1900.0,1905.0,72900
2026-03-10 13:30:00,1910.0,1915.0,1905.0,1915.0,101600
2026-03-10 13:35:00,1915.0,1915.0,1905.0,1915.0,86500
2026-03-10 13:40:00,1915.0,1920.0,1910.0,1920.0,195800
2026-03-10 13:45:00,1920.0,1925.0,1915.0,1920.0,85500
2026-03-10 13:50:00,1915.0,1920.0,1910.0,1915.0,113200
2026-03-10 13:55:00,1915.0,1915.0,1910.0,1915.0,79200
2026-03-10 14:00:00,1915.0,1915.0,1910.0,1915.0,31000
2026-03-10 14:05:00,1915.0,1915.0,1910.0,1915.0,25200
2026-03-10 14:10:00,1915.0,1915.0,1910.0,1915.0,38400
2026-03-10 14:15:00,1915.0,1915.0,1910.0,1915.0,128500
2026-03-10 14:20:00,1910.0,1915.0,1910.0,1910.0,80500
2026-03-10 14:25:00,1910.0,1915.0,1910.0,1915.0,51900
2026-03-10 14:30:00,1910.0,1920.0,1910.0,1920.0,167600
2026-03-10 14:35:00,1915.0,1915.0,1910.0,1910.0,125600
2026-03-10 14:40:00,1910.0,1915.0,1910.0,1915.0,88600
2026-03-10 14:45:00,1910.0,1915.0,1905.0,1910.0,44700
2026-03-10 14:50:00,1910.0,1915.0,1905.0,1915.0,174000
2026-03-10 14:55:00,1915.0,1920.0,1915.0,1920.0,274200
2026-03-10 15:00:00,1915.0,1920.0,1915.0,1920.0,134500
2026-03-10 15:05:00,1920.0,1920.0,1915.0,1920.0,12600
2026-03-10 15:10:00,1920.0,1925.0,1915.0,1925.0,121100
2026-03-10 15:15:00,1920.0,1925.0,1920.0,1920.0,13400
2026-03-10 15:20:00,1920.0,1925.0,1920.0,1920.0,50100
2026-03-10 15:25:00,1920.0,1925.0,1915.0,1915.0,82100
2026-03-10 15:30:00,1915.0,1925.0,1915.0,1925.0,228100
2026-03-10 15:35:00,1925.0,1930.0,1915.0,1930.0,464100
2026-03-10 15:40:00,1930.0,1935.0,1925.0,1925.0,190900
2026-03-10 15:45:00,1925.0,1940.0,1925.0,1940.0,416400
2026-03-10 16:00:00,1945.0,1945.0,1945.0,1945.0,992900
2026-03-10 16:05:00,1945.0,1945.0,1945.0,1945.0,2600
2026-03-10 16:10:00,1945.0,1945.0,1945.0,1945.0,6300
2026-03-11 09:00:00,1960.0,1965.0,1945.0,1955.0,0
2026-03-11 09:05:00,1960.0,1965.0,1955.0,1965.0,320100
2026-03-11 09:10:00,1970.0,1980.0,1970.0,1975.0,397300
2026-03-11 09:15:00,1980.0,1980.0,1965.0,1970.0,428500
2026-03-11 09:20:00,1970.0,1975.0,1965.0,1970.0,170500
2026-03-11 09:25:00,1970.0,1975.0,1965.0,1975.0,112800
2026-03-11 09:30:00,1975.0,1975.0,1970.0,1975.0,155900
2026-03-11 09:35:00,1975.0,1980.0,1970.0,1975.0,139900
2026-03-11 09:40:00,1975.0,1985.0,1975.0,1985.0,152600
2026-03-11 09:45:00,1985.0,1985.0,1970.0,1980.0,310500
2026-03-11 09:50:00,1975.0,1980.0,1970.0,1970.0,164800
2026-03-11 09:55:00,1970.0,1980.0,1965.0,1970.0,289700
2026-03-11 10:00:00,1975.0,2000.0,1975.0,1995.0,800100
2026-03-11 10:05:00,2000.0,2000.0,1995.0,2000.0,330200
2026-03-11 10:10:00,2000.0,2000.0,1995.0,2000.0,185800
2026-03-11 10:15:00,2000.0,2010.0,1995.0,2010.0,326400
2026-03-11 10:20:00,2000.0,2030.0,2000.0,2020.0,458500
2026-03-11 10:25:00,2030.0,2030.0,2010.0,2030.0,500500
2026-03-11 10:30:00,2020.0,2030.0,2020.0,2030.0,194100
2026-03-11 10:35:00,2020.0,2030.0,2020.0,2020.0,237100
2026-03-11 10:40:00,2030.0,2040.0,2020.0,2020.0,940400
2026-03-11 10:45:00,2020.0,2030.0,2020.0,2020.0,424300
2026-03-11 10:50:00,2020.0,2030.0,2020.0,2030.0,118500
2026-03-11 10:55:00,2020.0,2030.0,2020.0,2020.0,84800
2026-03-11 11:00:00,2020.0,2030.0,2000.0,2020.0,557900
2026-03-11 11:05:00,2020.0,2030.0,2010.0,2020.0,105300
2026-03-11 11:10:00,2030.0,2030.0,2020.0,2030.0,115500
2026-03-11 11:15:00,2020.0,2030.0,2020.0,2020.0,111800
2026-03-11 11:20:00,2020.0,2030.0,2010.0,2020.0,299800
2026-03-11 11:25:00,2010.0,2020.0,2010.0,2010.0,105700
2026-03-11 11:30:00,2020.0,2020.0,2010.0,2020.0,129300
2026-03-11 11:35:00,2020.0,2030.0,2020.0,2030.0,126700
2026-03-11 11:40:00,2030.0,2030.0,2020.0,2030.0,378600
2026-03-11 11:45:00,2020.0,2030.0,2020.0,2030.0,149800
2026-03-11 11:50:00,2030.0,2040.0,2020.0,2040.0,278300
2026-03-11 11:55:00,2040.0,2050.0,2030.0,2050.0,373000
2026-03-11 13:30:00,2040.0,2050.0,2040.0,2040.0,379700
2026-03-11 13:35:00,2040.0,2050.0,2020.0,2020.0,550700
2026-03-11 13:40:00,2020.0,2030.0,2020.0,2030.0,19700
2026-03-11 13:45:00,2030.0,2030.0,2010.0,2010.0,395400
2026-03-11 13:50:00,2020.0,2020.0,2010.0,2010.0,76100
2026-03-11 13:55:00,2010.0,2020.0,2010.0,2020.0,315300
2026-03-11 14:00:00,2020.0,2020.0,2010.0,2020.0,232200
2026-03-11 14:05:00,2020.0,2020.0,2010.0,2010.0,81200
2026-03-11 14:10:00,2020.0,2020.0,2010.0,2020.0,160700
2026-03-11 14:15:00,2010.0,2020.0,2010.0,2020.0,175800
2026-03-11 14:20:00,2020.0,2020.0,2010.0,2020.0,172300
2026-03-11 14:25:00,2010.0,2020.0,2010.0,2020.0,159600
2026-03-11 14:30:00,2020.0,2020.0,2000.0,2000.0,326200
2026-03-11 14:35:00,2000.0,2010.0,2000.0,2000.0,422600
2026-03-11 14:40:00,2010.0,2010.0,1995.0,1995.0,344100
2026-03-11 14:45:00,2000.0,2000.0,1995.0,2000.0,49100
2026-03-11 14:50:00,2000.0,2000.0,1995.0,2000.0,65200
2026-03-11 14:55:00,2000.0,2010.0,2000.0,2010.0,488700
2026-03-11 15:00:00,2000.0,2020.0,2000.0,2020.0,190700
2026-03-11 15:05:00,2020.0,2020.0,2010.0,2010.0,139400
2026-03-11 15:10:00,2020.0,2020.0,2010.0,2020.0,195300
2026-03-11 15:15:00,2020.0,2030.0,2010.0,2030.0,279600
2026-03-11 15:20:00,2030.0,2030.0,2020.0,2030.0,287900
2026-03-11 15:25:00,2030.0,2030.0,2020.0,2020.0,534600
2026-03-11 15:30:00,2020.0,2020.0,2000.0,2020.0,584200
2026-03-11 15:35:00,2020.0,2020.0,2010.0,2020.0,641400
2026-03-11 15:40:00,2020.0,2020.0,2010.0,2020.0,167700
2026-03-11 15:45:00,2020.0,2020.0,2000.0,2010.0,660200
2026-03-11 16:00:00,2000.0,2000.0,2000.0,2000.0,620700
2026-03-11 16:05:00,2000.0,2000.0,2000.0,2000.0,2200
2026-03-11 16:10:00,2000.0,2000.0,2000.0,2000.0,15600
2026-03-12 09:00:00,2020.0,2020.0,1975.0,1985.0,0
2026-03-12 09:05:00,1980.0,1985.0,1965.0,1975.0,952900
2026-03-12 09:10:00,1975.0,1985.0,1970.0,1985.0,251900
2026-03-12 09:15:00,1985.0,1990.0,1980.0,1990.0,365100
2026-03-12 09:20:00,1985.0,1990.0,1970.0,1970.0,648500
2026-03-12 09:25:00,1970.0,1975.0,1965.0,1970.0,303100
2026-03-12 09:30:00,1970.0,1970.0,1960.0,1965.0,374900
2026-03-12 09:35:00,1965.0,1965.0,1960.0,1960.0,313700
2026-03-12 09:40:00,1960.0,1960.0,1950.0,1950.0,235800
2026-03-12 09:45:00,1955.0,1970.0,1950.0,1970.0,494600
2026-03-12 09:50:00,1970.0,1970.0,1960.0,1965.0,116000
2026-03-12 09:55:00,1960.0,1965.0,1960.0,1965.0,49800
2026-03-12 10:00:00,1960.0,1965.0,1960.0,1960.0,39200
2026-03-12 10:05:00,1965.0,1965.0,1955.0,1960.0,221300
2026-03-12 10:10:00,1960.0,1960.0,1955.0,1955.0,42600
2026-03-12 10:15:00,1960.0,1960.0,1955.0,1960.0,627700
2026-03-12 10:20:00,1960.0,1965.0,1955.0,1960.0,297000
2026-03-12 10:25:00,1960.0,1960.0,1955.0,1960.0,42100
2026-03-12 10:30:00,1960.0,1960.0,1955.0,1955.0,241700
2026-03-12 10:35:00,1955.0,1960.0,1955.0,1960.0,246300
2026-03-12 10:40:00,1955.0,1955.0,1950.0,1955.0,325900
2026-03-12 10:45:00,1950.0,1955.0,1950.0,1950.0,57900
2026-03-12 10:50:00,1955.0,1955.0,1950.0,1950.0,497900
2026-03-12 10:55:00,1950.0,1955.0,1950.0,1950.0,72200
2026-03-12 11:00:00,1950.0,1955.0,1950.0,1950.0,98700
2026-03-12 11:05:00,1955.0,1955.0,1950.0,1950.0,113900
2026-03-12 11:10:00,1950.0,1955.0,1950.0,1950.0,404900
2026-03-12 11:15:00,1950.0,1955.0,1950.0,1955.0,47500
2026-03-12 11:20:00,1950.0,1955.0,1950.0,1950.0,220200
2026-03-12 11:25:00,1955.0,1955.0,1940.0,1940.0,758200
2026-03-12 11:30:00,1945.0,1945.0,1940.0,1940.0,299300
2026-03-12 11:35:00,1940.0,1945.0,1935.0,1940.0,314900
2026-03-12 11:40:00,1945.0,1945.0,1935.0,1940.0,266400
2026-03-12 11:45:00,1945.0,1945.0,1940.0,1940.0,26100
2026-03-12 11:50:00,1940.0,1950.0,1940.0,1950.0,757200
2026-03-12 11:55:00,1950.0,1955.0,1950.0,1955.0,199700
2026-03-12 13:30:00,1955.0,1955.0,1950.0,1950.0,137700
2026-03-12 13:35:00,1950.0,1955.0,1945.0,1945.0,285700
2026-03-12 13:40:00,1945.0,1950.0,1940.0,1950.0,1390900
2026-03-12 13:45:00,1945.0,1950.0,1945.0,1950.0,27400
2026-03-12 13:50:00,1950.0,1950.0,1945.0,1945.0,19700
2026-03-12 13:55:00,1945.0,1950.0,1945.0,1950.0,19100
2026-03-12 14:00:00,1945.0,1945.0,1940.0,1945.0,289100
2026-03-12 14:05:00,1940.0,1945.0,1940.0,1945.0,60000
2026-03-12 14:10:00,1945.0,1945.0,1940.0,1940.0,122400
2026-03-12 14:15:00,1945.0,1950.0,1940.0,1950.0,187100
2026-03-12 14:20:00,1950.0,1950.0,1945.0,1945.0,93400
2026-03-12 14:25:00,1945.0,1950.0,1945.0,1945.0,584100
2026-03-12 14:30:00,1950.0,1950.0,1940.0,1940.0,308000
2026-03-12 14:35:00,1945.0,1945.0,1940.0,1940.0,353300
2026-03-12 14:40:00,1940.0,1945.0,1940.0,1945.0,32500
2026-03-12 14:45:00,1940.0,1945.0,1940.0,1940.0,377600
2026-03-12 14:50:00,1940.0,1945.0,1940.0,1940.0,299700
2026-03-12 14:55:00,1940.0,1945.0,1940.0,1940.0,743000
2026-03-12 15:00:00,1940.0,1940.0,1930.0,1930.0,560400
2026-03-12 15:05:00,1930.0,1930.0,1920.0,1920.0,801700
2026-03-12 15:10:00,1920.0,1925.0,1915.0,1920.0,906400
2026-03-12 15:15:00,1920.0,1920.0,1915.0,1915.0,353000
2026-03-12 15:20:00,1915.0,1920.0,1915.0,1915.0,357000
2026-03-12 15:25:00,1915.0,1920.0,1905.0,1905.0,654500
2026-03-12 15:30:00,1910.0,1915.0,1905.0,1910.0,193400
2026-03-12 15:35:00,1905.0,1910.0,1905.0,1905.0,516000
2026-03-12 15:40:00,1905.0,1910.0,1900.0,1900.0,1610100
2026-03-12 15:45:00,1905.0,1905.0,1895.0,1900.0,1328100
2026-03-12 16:00:00,1890.0,1890.0,1890.0,1890.0,3178200
2026-03-12 16:05:00,1890.0,1890.0,1890.0,1890.0,253700
2026-03-12 16:10:00,1890.0,1890.0,1890.0,1890.0,1900
2026-03-13 09:00:00,1890.0,1900.0,1870.0,1870.0,0
2026-03-13 09:05:00,1875.0,1900.0,1870.0,1885.0,621400
2026-03-13 09:10:00,1885.0,1910.0,1885.0,1895.0,459600
2026-03-13 09:15:00,1895.0,1900.0,1875.0,1900.0,388800
2026-03-13 09:20:00,1895.0,1900.0,1890.0,1895.0,127800
2026-03-13 09:25:00,1895.0,1910.0,1890.0,1890.0,170300
2026-03-13 09:30:00,1895.0,1905.0,1890.0,1905.0,70100
2026-03-13 09:35:00,1900.0,1905.0,1900.0,1900.0,25900
2026-03-13 09:40:00,1900.0,1905.0,1895.0,1900.0,52200
2026-03-13 09:45:00,1900.0,1905.0,1895.0,1900.0,47200
2026-03-13 09:50:00,1900.0,1900.0,1890.0,1890.0,74200
2026-03-13 09:55:00,1895.0,1895.0,1885.0,1890.0,64300
2026-03-13 10:00:00,1890.0,1895.0,1885.0,1895.0,74200
2026-03-13 10:05:00,1890.0,1895.0,1885.0,1890.0,129300
2026-03-13 10:10:00,1890.0,1895.0,1880.0,1880.0,209900
2026-03-13 10:15:00,1880.0,1885.0,1875.0,1885.0,394000
2026-03-13 10:20:00,1885.0,1885.0,1880.0,1880.0,253600
2026-03-13 10:25:00,1880.0,1890.0,1880.0,1890.0,383800
2026-03-13 10:30:00,1885.0,1890.0,1885.0,1885.0,36700
2026-03-13 10:35:00,1890.0,1890.0,1885.0,1890.0,58800
2026-03-13 10:40:00,1890.0,1890.0,1885.0,1890.0,3500
2026-03-13 10:45:00,1890.0,1890.0,1885.0,1885.0,78800
2026-03-13 10:50:00,1890.0,1895.0,1885.0,1890.0,47900
2026-03-13 10:55:00,1895.0,1895.0,1890.0,1890.0,36300
2026-03-13 11:00:00,1890.0,1895.0,1885.0,1895.0,248500
2026-03-13 11:05:00,1895.0,1900.0,1890.0,1900.0,50000
2026-03-13 11:10:00,1895.0,1900.0,1895.0,1895.0,36800
2026-03-13 11:15:00,1900.0,1900.0,1895.0,1900.0,15900
2026-03-13 11:20:00,1900.0,1900.0,1895.0,1895.0,17200
2026-03-13 11:25:00,1895.0,1905.0,1895.0,1905.0,149200
2026-03-13 14:00:00,1905.0,1905.0,1895.0,1895.0,108200
2026-03-13 14:05:00,1895.0,1900.0,1895.0,1895.0,64300
2026-03-13 14:10:00,1895.0,1900.0,1890.0,1890.0,241800
2026-03-13 14:15:00,1885.0,1895.0,1885.0,1895.0,142500
2026-03-13 14:20:00,1885.0,1895.0,1885.0,1890.0,126200
2026-03-13 14:25:00,1890.0,1895.0,1890.0,1890.0,83400
2026-03-13 14:30:00,1890.0,1895.0,1890.0,1890.0,15100
2026-03-13 14:35:00,1890.0,1895.0,1890.0,1890.0,87300
2026-03-13 14:40:00,1895.0,1895.0,1890.0,1895.0,50700
2026-03-13 14:45:00,1895.0,1895.0,1885.0,1890.0,359500
2026-03-13 14:50:00,1890.0,1895.0,1885.0,1895.0,281800
2026-03-13 14:55:00,1890.0,1895.0,1890.0,1890.0,26200
2026-03-13 15:00:00,1895.0,1895.0,1890.0,1890.0,32400
2026-03-13 15:05:00,1890.0,1895.0,1885.0,1895.0,414900
2026-03-13 15:10:00,1890.0,1895.0,1885.0,1885.0,156100
2026-03-13 15:15:00,1885.0,1885.0,1880.0,1885.0,983800
2026-03-13 15:20:00,1885.0,1890.0,1880.0,1890.0,248400
2026-03-13 15:25:00,1890.0,1890.0,1885.0,1885.0,55900
2026-03-13 15:30:00,1885.0,1890.0,1885.0,1890.0,72400
2026-03-13 15:35:00,1885.0,1890.0,1885.0,1885.0,421200
2026-03-13 15:40:00,1885.0,1890.0,1880.0,1885.0,194400
2026-03-13 15:45:00,1885.0,1890.0,1880.0,1880.0,1459000
2026-03-13 16:00:00,1870.0,1870.0,1870.0,1870.0,1075100
2026-03-13 16:05:00,1870.0,1870.0,1870.0,1870.0,71900
2026-03-13 16:10:00,1870.0,1870.0,1870.0,1870.0,28800
2026-03-16 09:00:00,1870.0,1880.0,1835.0,1835.0,0
2026-03-16 09:05:00,1835.0,1840.0,1820.0,1830.0,742600
2026-03-16 09:10:00,1835.0,1845.0,1820.0,1840.0,870500
2026-03-16 09:15:00,1845.0,1845.0,1835.0,1835.0,182400
2026-03-16 09:20:00,1840.0,1845.0,1835.0,1845.0,167300
2026-03-16 09:25:00,1845.0,1850.0,1835.0,1845.0,351100
2026-03-16 09:30:00,1835.0,1840.0,1835.0,1835.0,74600
2026-03-16 09:35:00,1835.0,1840.0,1830.0,1830.0,169600
2026-03-16 09:40:00,1830.0,1835.0,1825.0,1825.0,122500
2026-03-16 09:45:00,1825.0,1845.0,1825.0,1840.0,295500
2026-03-16 09:50:00,1840.0,1845.0,1840.0,1840.0,35000
2026-03-16 09:55:00,1845.0,1855.0,1840.0,1855.0,636300
2026-03-16 10:00:00,1855.0,1865.0,1850.0,1860.0,90700
2026-03-16 10:05:00,1865.0,1865.0,1855.0,1860.0,41000
2026-03-16 10:10:00,1860.0,1875.0,1860.0,1875.0,383300
2026-03-16 10:15:00,1870.0,1875.0,1865.0,1865.0,113900
2026-03-16 10:20:00,1875.0,1875.0,1865.0,1870.0,130800
2026-03-16 10:25:00,1870.0,1880.0,1870.0,1870.0,147400
2026-03-16 10:30:00,1870.0,1875.0,1865.0,1870.0,156100
2026-03-16 10:35:00,1875.0,1880.0,1870.0,1875.0,77800
2026-03-16 10:40:00,1875.0,1875.0,1870.0,1870.0,35200
2026-03-16 10:45:00,1870.0,1870.0,1865.0,1865.0,131200
2026-03-16 10:50:00,1865.0,1875.0,1865.0,1870.0,202200
2026-03-16 10:55:00,1870.0,1870.0,1865.0,1870.0,20900
2026-03-16 11:00:00,1865.0,1865.0,1860.0,1860.0,130100
2026-03-16 11:05:00,1865.0,1865.0,1860.0,1860.0,87500
2026-03-16 11:10:00,1860.0,1865.0,1860.0,1860.0,35100
2026-03-16 11:15:00,1860.0,1875.0,1860.0,1875.0,175900
2026-03-16 11:20:00,1870.0,1875.0,1870.0,1875.0,26200
2026-03-16 11:25:00,1870.0,1875.0,1870.0,1870.0,120400
2026-03-16 11:30:00,1870.0,1875.0,1865.0,1870.0,231300
2026-03-16 11:35:00,1870.0,1880.0,1865.0,1870.0,135700
2026-03-16 11:40:00,1870.0,1875.0,1870.0,1870.0,36300
2026-03-16 11:45:00,1875.0,1875.0,1870.0,1870.0,74700
2026-03-16 11:50:00,1875.0,1875.0,1870.0,1870.0,7600
2026-03-16 11:55:00,1875.0,1875.0,1870.0,1870.0,50900
2026-03-16 13:30:00,1875.0,1875.0,1870.0,1870.0,103600
2026-03-16 13:35:00,1870.0,1875.0,1870.0,1875.0,91500
2026-03-16 13:40:00,1880.0,1880.0,1875.0,1875.0,37300
2026-03-16 13:45:00,1875.0,1880.0,1875.0,1875.0,42500
2026-03-16 13:50:00,1875.0,1880.0,1870.0,1875.0,82000
2026-03-16 13:55:00,1870.0,1875.0,1865.0,1865.0,145400
2026-03-16 14:00:00,1870.0,1870.0,1865.0,1865.0,23600
2026-03-16 14:05:00,1865.0,1870.0,1865.0,1865.0,72800
2026-03-16 14:10:00,1865.0,1870.0,1865.0,1865.0,100300
2026-03-16 14:15:00,1865.0,1870.0,1865.0,1865.0,66300
2026-03-16 14:20:00,1865.0,1865.0,1860.0,1860.0,123700
2026-03-16 14:25:00,1860.0,1860.0,1860.0,1860.0,104900
2026-03-16 14:30:00,1860.0,1865.0,1855.0,1855.0,82400
2026-03-16 14:35:00,1855.0,1860.0,1855.0,1855.0,84100
2026-03-16 14:40:00,1860.0,1860.0,1855.0,1855.0,47500
2026-03-16 14:45:00,1855.0,1860.0,1855.0,1855.0,128200
2026-03-16 14:50:00,1855.0,1860.0,1855.0,1855.0,48500
2026-03-16 14:55:00,1855.0,1855.0,1855.0,1855.0,61500
2026-03-16 15:00:00,1855.0,1860.0,1850.0,1850.0,148400
2026-03-16 15:05:00,1855.0,1855.0,1850.0,1855.0,44900
2026-03-16 15:10:00,1855.0,1855.0,1850.0,1850.0,91900
2026-03-16 15:15:00,1850.0,1855.0,1850.0,1855.0,90400
2026-03-16 15:20:00,1855.0,1855.0,1850.0,1855.0,50500
2026-03-16 15:25:00,1850.0,1855.0,1850.0,1850.0,149700
2026-03-16 15:30:00,1855.0,1855.0,1850.0,1855.0,153400
2026-03-16 15:35:00,1850.0,1855.0,1850.0,1850.0,142400
2026-03-16 15:40:00,1850.0,1860.0,1850.0,1855.0,314400
2026-03-16 15:45:00,1855.0,1865.0,1855.0,1865.0,250500
2026-03-16 16:00:00,1855.0,1855.0,1855.0,1855.0,527400
2026-03-16 16:05:00,1855.0,1855.0,1855.0,1855.0,9000
2026-03-16 16:10:00,1855.0,1855.0,1855.0,1855.0,10800
2026-03-17 09:00:00,1865.0,1955.0,1865.0,1950.0,0
2026-03-17 09:05:00,1955.0,1975.0,1940.0,1940.0,1063000
2026-03-17 09:10:00,1945.0,1970.0,1940.0,1970.0,1605700
2026-03-17 09:15:00,1970.0,1970.0,1955.0,1960.0,790400
2026-03-17 09:20:00,1965.0,1965.0,1955.0,1955.0,210900
2026-03-17 09:25:00,1950.0,1955.0,1950.0,1955.0,89700
2026-03-17 09:30:00,1955.0,1955.0,1945.0,1945.0,312700
2026-03-17 09:35:00,1945.0,1945.0,1930.0,1930.0,277100
2026-03-17 09:40:00,1935.0,1940.0,1930.0,1935.0,58300
2026-03-17 09:45:00,1930.0,1945.0,1930.0,1940.0,464600
2026-03-17 09:50:00,1945.0,1945.0,1935.0,1935.0,268800
2026-03-17 09:55:00,1935.0,1940.0,1930.0,1935.0,86000
2026-03-17 10:00:00,1935.0,1945.0,1935.0,1940.0,358100
2026-03-17 10:05:00,1945.0,1945.0,1940.0,1945.0,88900
2026-03-17 10:10:00,1945.0,1950.0,1940.0,1945.0,287800
2026-03-17 10:15:00,1950.0,1970.0,1945.0,1970.0,835000
2026-03-17 10:20:00,1965.0,1970.0,1965.0,1970.0,174500
2026-03-17 10:25:00,1970.0,1995.0,1965.0,1995.0,1794300
2026-03-17 10:30:00,1995.0,2000.0,1990.0,2000.0,507700
2026-03-17 10:35:00,1995.0,2020.0,1995.0,2000.0,1412200
2026-03-17 10:40:00,2000.0,2010.0,2000.0,2000.0,143200
2026-03-17 10:45:00,2000.0,2020.0,2000.0,2020.0,505800
2026-03-17 10:50:00,2020.0,2020.0,2010.0,2020.0,496100
2026-03-17 10:55:00,2020.0,2020.0,1990.0,1995.0,1732800
2026-03-17 11:00:00,1995.0,2010.0,1990.0,2000.0,429600
2026-03-17 11:05:00,2000.0,2010.0,1995.0,2000.0,208000
2026-03-17 11:10:00,2000.0,2010.0,1995.0,2000.0,258000
2026-03-17 11:15:00,2000.0,2030.0,2000.0,2020.0,1024000
2026-03-17 11:20:00,2020.0,2030.0,2020.0,2030.0,288000
2026-03-17 11:25:00,2030.0,2030.0,2020.0,2030.0,151200
2026-03-17 11:30:00,2030.0,2030.0,2020.0,2030.0,479700
2026-03-17 11:35:00,2030.0,2030.0,2010.0,2010.0,1835400
2026-03-17 11:40:00,2010.0,2020.0,2010.0,2020.0,24100
2026-03-17 11:45:00,2010.0,2020.0,2010.0,2010.0,121400
2026-03-17 11:50:00,2010.0,2020.0,2010.0,2020.0,136400
2026-03-17 11:55:00,2020.0,2030.0,2010.0,2030.0,615200
2026-03-17 13:30:00,2020.0,2040.0,2010.0,2030.0,2015800
2026-03-17 13:35:00,2030.0,2040.0,2030.0,2040.0,217300
2026-03-17 13:40:00,2040.0,2050.0,2030.0,2050.0,2957000
2026-03-17 13:45:00,2050.0,2050.0,2040.0,2050.0,315400
2026-03-17 13:50:00,2050.0,2050.0,2040.0,2050.0,315500
2026-03-17 13:55:00,2050.0,2050.0,2040.0,2050.0,221700
2026-03-17 14:00:00,2040.0,2060.0,2040.0,2050.0,2176400
2026-03-17 14:05:00,2050.0,2060.0,2050.0,2060.0,286400
2026-03-17 14:10:00,2060.0,2060.0,2050.0,2060.0,183400
2026-03-17 14:15:00,2050.0,2060.0,2050.0,2050.0,201200
2026-03-17 14:20:00,2050.0,2060.0,2050.0,2050.0,536900
2026-03-17 14:25:00,2060.0,2060.0,2050.0,2050.0,161400
2026-03-17 14:30:00,2050.0,2060.0,2050.0,2050.0,199600
2026-03-17 14:35:00,2060.0,2060.0,2050.0,2060.0,147700
2026-03-17 14:40:00,2050.0,2060.0,2050.0,2060.0,174100
2026-03-17 14:45:00,2050.0,2080.0,2050.0,2080.0,3728100
2026-03-17 14:50:00,2070.0,2080.0,2070.0,2080.0,1662200
2026-03-17 14:55:00,2070.0,2080.0,2020.0,2030.0,866400
2026-03-17 15:00:00,2030.0,2040.0,2030.0,2030.0,246200
2026-03-17 15:05:00,2030.0,2040.0,2000.0,2010.0,1013800
2026-03-17 15:10:00,2020.0,2040.0,2000.0,2020.0,880700
2026-03-17 15:15:00,2010.0,2020.0,2010.0,2020.0,513800
2026-03-17 15:20:00,2010.0,2020.0,2000.0,2020.0,642200
2026-03-17 15:25:00,2020.0,2020.0,2000.0,2010.0,403800
2026-03-17 15:30:00,2010.0,2030.0,2000.0,2010.0,1040100
2026-03-17 15:35:00,2000.0,2010.0,1995.0,1995.0,753100
2026-03-17 15:40:00,2010.0,2010.0,1995.0,2000.0,1102700
2026-03-17 15:45:00,2000.0,2010.0,1995.0,2010.0,1515100
2026-03-17 16:00:00,2000.0,2000.0,2000.0,2000.0,5260500
2026-03-17 16:05:00,2000.0,2000.0,2000.0,2000.0,117200
2026-03-17 16:10:00,2000.0,2000.0,2000.0,2000.0,900
2026-03-25 09:00:00,1950.0,1950.0,1920.0,1945.0,0
2026-03-25 09:05:00,1945.0,1950.0,1905.0,1920.0,3635800
2026-03-25 09:10:00,1920.0,1920.0,1905.0,1915.0,981800
2026-03-25 09:15:00,1915.0,1930.0,1910.0,1920.0,830100
2026-03-25 09:20:00,1925.0,1925.0,1910.0,1910.0,749000
2026-03-25 09:25:00,1910.0,1920.0,1910.0,1920.0,1102300
2026-03-25 09:30:00,1925.0,1930.0,1920.0,1930.0,406000
2026-03-25 09:35:00,1930.0,1935.0,1925.0,1930.0,693100
2026-03-25 09:40:00,1930.0,1935.0,1930.0,1935.0,544500
2026-03-25 09:45:00,1935.0,1935.0,1930.0,1935.0,293200
2026-03-25 09:50:00,1935.0,1935.0,1930.0,1935.0,113400
2026-03-25 09:55:00,1930.0,1935.0,1925.0,1930.0,799300
2026-03-25 10:00:00,1925.0,1945.0,1925.0,1940.0,2197200
2026-03-25 10:05:00,1945.0,1945.0,1925.0,1930.0,786200
2026-03-25 10:10:00,1930.0,1930.0,1925.0,1930.0,778300
2026-03-25 10:15:00,1930.0,1930.0,1925.0,1925.0,175600
2026-03-25 10:20:00,1925.0,1930.0,1925.0,1930.0,162200
2026-03-25 10:25:00,1930.0,1930.0,1925.0,1930.0,136500
2026-03-25 10:30:00,1925.0,1930.0,1925.0,1925.0,296400
2026-03-25 10:35:00,1925.0,1930.0,1925.0,1930.0,234600
2026-03-25 10:40:00,1925.0,1930.0,1925.0,1930.0,318300
2026-03-25 10:45:00,1930.0,1930.0,1925.0,1925.0,366300
2026-03-25 10:50:00,1925.0,1935.0,1920.0,1930.0,2275400
2026-03-25 10:55:00,1930.0,1930.0,1925.0,1930.0,153600
2026-03-25 11:00:00,1930.0,1935.0,1930.0,1935.0,41500
2026-03-25 11:05:00,1935.0,1935.0,1930.0,1930.0,30300
2026-03-25 11:10:00,1935.0,1935.0,1930.0,1935.0,38400
2026-03-25 11:15:00,1935.0,1935.0,1930.0,1930.0,61500
2026-03-25 11:20:00,1935.0,1935.0,1930.0,1930.0,108900
2026-03-25 11:25:00,1935.0,1935.0,1925.0,1925.0,119200
2026-03-25 11:30:00,1925.0,1930.0,1925.0,1925.0,64200
2026-03-25 11:35:00,1930.0,1930.0,1920.0,1920.0,173700
2026-03-25 11:40:00,1920.0,1925.0,1920.0,1920.0,94000
2026-03-25 11:45:00,1920.0,1925.0,1920.0,1925.0,59000
2026-03-25 11:50:00,1925.0,1930.0,1920.0,1930.0,327600
2026-03-25 11:55:00,1930.0,1930.0,1925.0,1925.0,72300
2026-03-25 13:30:00,1925.0,1930.0,1925.0,1925.0,88600
2026-03-25 13:35:00,1925.0,1930.0,1925.0,1930.0,106700
2026-03-25 13:40:00,1925.0,1930.0,1925.0,1925.0,101500
2026-03-25 13:45:00,1925.0,1930.0,1925.0,1925.0,121700
2026-03-25 13:50:00,1925.0,1930.0,1925.0,1930.0,138600
2026-03-25 13:55:00,1925.0,1930.0,1925.0,1925.0,133700
2026-03-25 14:00:00,1925.0,1930.0,1925.0,1925.0,159300
2026-03-25 14:05:00,1925.0,1930.0,1925.0,1925.0,128100
2026-03-25 14:10:00,1925.0,1930.0,1925.0,1925.0,186400
2026-03-25 14:15:00,1925.0,1930.0,1925.0,1925.0,209500
2026-03-25 14:20:00,1925.0,1930.0,1920.0,1920.0,552900
2026-03-25 14:25:00,1920.0,1925.0,1920.0,1920.0,310900
2026-03-25 14:30:00,1920.0,1925.0,1920.0,1920.0,188700
2026-03-25 14:35:00,1920.0,1925.0,1920.0,1920.0,84500
2026-03-25 14:40:00,1920.0,1925.0,1920.0,1920.0,162400
2026-03-25 14:45:00,1920.0,1925.0,1920.0,1920.0,162900
2026-03-25 14:50:00,1920.0,1925.0,1920.0,1925.0,142000
2026-03-25 14:55:00,1920.0,1925.0,1920.0,1925.0,166700
2026-03-25 15:00:00,1925.0,1925.0,1915.0,1915.0,675700
2026-03-25 15:05:00,1915.0,1925.0,1915.0,1925.0,628800
2026-03-25 15:10:00,1920.0,1930.0,1920.0,1930.0,739500
2026-03-25 15:15:00,1930.0,1930.0,1925.0,1930.0,95300
2026-03-25 15:20:00,1930.0,1930.0,1925.0,1930.0,111600
2026-03-25 15:25:00,1930.0,1930.0,1925.0,1925.0,311400
2026-03-25 15:30:00,1925.0,1930.0,1925.0,1925.0,232800
2026-03-25 15:35:00,1930.0,1930.0,1925.0,1925.0,320100
2026-03-25 15:40:00,1925.0,1930.0,1920.0,1920.0,416400
2026-03-25 15:45:00,1925.0,1925.0,1920.0,1925.0,761800
2026-03-25 16:00:00,1935.0,1935.0,1935.0,1935.0,3042800
2026-03-25 16:05:00,1935.0,1935.0,1935.0,1935.0,28700
2026-03-25 16:10:00,1935.0,1935.0,1935.0,1935.0,174000
2026-03-26 09:00:00,1935.0,1945.0,1935.0,1945.0,0
2026-03-26 09:05:00,1945.0,1955.0,1945.0,1950.0,701500
2026-03-26 09:10:00,1955.0,1960.0,1950.0,1955.0,672100
2026-03-26 09:15:00,1955.0,1960.0,1945.0,1950.0,764500
2026-03-26 09:20:00,1950.0,1955.0,1945.0,1945.0,206600
2026-03-26 09:25:00,1945.0,1955.0,1945.0,1950.0,256600
2026-03-26 09:30:00,1950.0,1955.0,1940.0,1940.0,1438400
2026-03-26 09:35:00,1945.0,1945.0,1935.0,1935.0,1010300
2026-03-26 09:40:00,1935.0,1940.0,1930.0,1940.0,421100
2026-03-26 09:45:00,1940.0,1945.0,1935.0,1945.0,231600
2026-03-26 09:50:00,1945.0,1945.0,1940.0,1945.0,57300
2026-03-26 09:55:00,1945.0,1945.0,1940.0,1945.0,32600
2026-03-26 10:00:00,1945.0,1945.0,1930.0,1940.0,547200
2026-03-26 10:05:00,1940.0,1945.0,1940.0,1940.0,237000
2026-03-26 10:10:00,1940.0,1945.0,1940.0,1945.0,100000
2026-03-26 10:15:00,1945.0,1945.0,1940.0,1940.0,73100
2026-03-26 10:20:00,1945.0,1945.0,1935.0,1935.0,217100
2026-03-26 10:25:00,1935.0,1940.0,1935.0,1940.0,83300
2026-03-26 10:30:00,1935.0,1940.0,1935.0,1935.0,78900
2026-03-26 10:35:00,1935.0,1940.0,1935.0,1935.0,10300
2026-03-26 10:40:00,1940.0,1940.0,1935.0,1935.0,39300
2026-03-26 10:45:00,1940.0,1940.0,1935.0,1935.0,72100
2026-03-26 10:50:00,1935.0,1940.0,1935.0,1940.0,58600
2026-03-26 10:55:00,1940.0,1940.0,1935.0,1940.0,86800
2026-03-26 11:00:00,1935.0,1940.0,1935.0,1940.0,38200
2026-03-26 11:05:00,1940.0,1940.0,1935.0,1940.0,39600
2026-03-26 11:10:00,1940.0,1940.0,1935.0,1940.0,59200
2026-03-26 11:15:00,1940.0,1950.0,1940.0,1950.0,387100
2026-03-26 11:20:00,1945.0,1950.0,1945.0,1950.0,381800
2026-03-26 11:25:00,1945.0,1945.0,1940.0,1945.0,124100
2026-03-26 11:30:00,1940.0,1940.0,1940.0,1940.0,4900
2026-03-26 11:35:00,1945.0,1945.0,1940.0,1940.0,24400
2026-03-26 11:40:00,1940.0,1945.0,1940.0,1945.0,20200
2026-03-26 11:45:00,1945.0,1945.0,1940.0,1945.0,32000
2026-03-26 11:50:00,1940.0,1945.0,1940.0,1940.0,32500
2026-03-26 11:55:00,1940.0,1945.0,1940.0,1945.0,44900
2026-03-26 13:30:00,1945.0,1945.0,1940.0,1940.0,431400
2026-03-26 13:35:00,1945.0,1945.0,1940.0,1940.0,45400
2026-03-26 13:40:00,1940.0,1955.0,1940.0,1945.0,791200
2026-03-26 13:45:00,1945.0,1950.0,1940.0,1940.0,95500
2026-03-26 13:50:00,1940.0,1945.0,1940.0,1940.0,24500
2026-03-26 13:55:00,1945.0,1945.0,1940.0,1945.0,8100
2026-03-26 14:00:00,1940.0,1945.0,1940.0,1945.0,87600
2026-03-26 14:05:00,1940.0,1945.0,1940.0,1945.0,89100
2026-03-26 14:10:00,1940.0,1945.0,1940.0,1945.0,631500
2026-03-26 14:15:00,1940.0,1945.0,1935.0,1935.0,406100
2026-03-26 14:20:00,1935.0,1940.0,1935.0,1935.0,69600
2026-03-26 14:25:00,1935.0,1940.0,1935.0,1935.0,128000
2026-03-26 14:30:00,1935.0,1940.0,1935.0,1935.0,470600
2026-03-26 14:35:00,1940.0,1940.0,1935.0,1935.0,309600
2026-03-26 14:40:00,1935.0,1940.0,1930.0,1930.0,355200
2026-03-26 14:45:00,1930.0,1930.0,1930.0,1930.0,160200
2026-03-26 14:50:00,1930.0,1935.0,1930.0,1930.0,236100
2026-03-26 14:55:00,1930.0,1935.0,1930.0,1935.0,455300
2026-03-26 15:00:00,1930.0,1935.0,1930.0,1935.0,72000
2026-03-26 15:05:00,1935.0,1935.0,1930.0,1930.0,118100
2026-03-26 15:10:00,1935.0,1935.0,1930.0,1930.0,208300
2026-03-26 15:15:00,1930.0,1935.0,1930.0,1930.0,172400
2026-03-26 15:20:00,1935.0,1935.0,1930.0,1930.0,287900
2026-03-26 15:25:00,1930.0,1930.0,1920.0,1920.0,682600
2026-03-26 15:30:00,1920.0,1925.0,1920.0,1920.0,534900
2026-03-26 15:35:00,1920.0,1930.0,1920.0,1930.0,441200
2026-03-26 15:40:00,1930.0,1930.0,1925.0,1930.0,429100
2026-03-26 15:45:00,1925.0,1945.0,1925.0,1945.0,932100
2026-03-26 16:00:00,1940.0,1940.0,1940.0,1940.0,1531600
2026-03-26 16:05:00,1940.0,1940.0,1940.0,1940.0,595700
2026-03-26 16:10:00,1940.0,1940.0,1940.0,1940.0,0
2026-03-27 09:00:00,1935.0,1940.0,1920.0,1925.0,0
2026-03-27 09:05:00,1920.0,1930.0,1920.0,1930.0,87800
2026-03-27 09:10:00,1930.0,1930.0,1925.0,1930.0,58000
2026-03-27 09:15:00,1930.0,1930.0,1920.0,1925.0,140500
2026-03-27 09:20:00,1920.0,1925.0,1920.0,1925.0,272000
2026-03-27 09:25:00,1920.0,1925.0,1920.0,1920.0,45000
2026-03-27 09:30:00,1920.0,1925.0,1920.0,1920.0,153100
2026-03-27 09:35:00,1925.0,1925.0,1910.0,1915.0,968400
2026-03-27 09:40:00,1910.0,1915.0,1910.0,1910.0,204000
2026-03-27 09:45:00,1915.0,1915.0,1910.0,1915.0,331300
2026-03-27 09:50:00,1915.0,1915.0,1910.0,1910.0,62600
2026-03-27 09:55:00,1915.0,1915.0,1910.0,1915.0,386300
2026-03-27 10:00:00,1915.0,1920.0,1910.0,1920.0,194400
2026-03-27 10:05:00,1920.0,1920.0,1915.0,1920.0,33700
2026-03-27 10:10:00,1915.0,1925.0,1915.0,1920.0,332200
2026-03-27 10:15:00,1920.0,1925.0,1920.0,1925.0,55700
2026-03-27 10:20:00,1925.0,1925.0,1920.0,1920.0,30200
2026-03-27 10:25:00,1920.0,1925.0,1920.0,1925.0,11500
2026-03-27 10:30:00,1920.0,1925.0,1920.0,1925.0,42100
2026-03-27 10:35:00,1920.0,1925.0,1920.0,1925.0,29100
2026-03-27 10:40:00,1925.0,1925.0,1920.0,1925.0,30600
2026-03-27 10:45:00,1925.0,1925.0,1920.0,1920.0,28700
2026-03-27 10:50:00,1920.0,1925.0,1920.0,1920.0,21100
2026-03-27 10:55:00,1925.0,1925.0,1920.0,1920.0,24200
2026-03-27 11:00:00,1925.0,1925.0,1920.0,1925.0,41200
2026-03-27 11:05:00,1920.0,1925.0,1920.0,1920.0,31600
2026-03-27 11:10:00,1920.0,1925.0,1920.0,1925.0,45400
2026-03-27 11:15:00,1925.0,1925.0,1920.0,1920.0,58800
2026-03-27 11:20:00,1920.0,1925.0,1920.0,1920.0,43100
2026-03-27 11:25:00,1920.0,1925.0,1915.0,1915.0,250200
2026-03-27 14:00:00,1915.0,1940.0,1910.0,1925.0,1406200
2026-03-27 14:05:00,1925.0,1930.0,1925.0,1930.0,56200
2026-03-27 14:10:00,1925.0,1930.0,1925.0,1925.0,79000
2026-03-27 14:15:00,1930.0,1930.0,1915.0,1925.0,193600
2026-03-27 14:20:00,1925.0,1925.0,1920.0,1920.0,53100
2026-03-27 14:25:00,1920.0,1925.0,1920.0,1920.0,44300
2026-03-27 14:30:00,1920.0,1925.0,1915.0,1915.0,395900
2026-03-27 14:35:00,1915.0,1920.0,1915.0,1920.0,656400
2026-03-27 14:40:00,1915.0,1925.0,1915.0,1925.0,673200
2026-03-27 14:45:00,1925.0,1925.0,1920.0,1920.0,27100
2026-03-27 14:50:00,1920.0,1925.0,1920.0,1920.0,89400
2026-03-27 14:55:00,1925.0,1925.0,1915.0,1915.0,348800
2026-03-27 15:00:00,1915.0,1920.0,1910.0,1910.0,317400
2026-03-27 15:05:00,1910.0,1920.0,1910.0,1910.0,1957400
2026-03-27 15:10:00,1910.0,1915.0,1910.0,1910.0,143900
2026-03-27 15:15:00,1910.0,1915.0,1910.0,1910.0,902000
2026-03-27 15:20:00,1910.0,1915.0,1910.0,1915.0,821900
2026-03-27 15:25:00,1910.0,1915.0,1905.0,1905.0,978500
2026-03-27 15:30:00,1905.0,1910.0,1900.0,1900.0,1029800
2026-03-27 15:35:00,1900.0,1905.0,1900.0,1900.0,595400
2026-03-27 15:40:00,1900.0,1905.0,1880.0,1880.0,2682300
2026-03-27 15:45:00,1880.0,1880.0,1855.0,1860.0,1407500
2026-03-27 16:00:00,1860.0,1860.0,1860.0,1860.0,1016200
2026-03-27 16:05:00,1860.0,1860.0,1860.0,1860.0,0
2026-03-27 16:10:00,1860.0,1860.0,1860.0,1860.0,100
2026-03-30 09:00:00,1820.0,1835.0,1810.0,1815.0,0
2026-03-30 09:05:00,1820.0,1830.0,1815.0,1830.0,286700
2026-03-30 09:10:00,1830.0,1835.0,1825.0,1835.0,295200
2026-03-30 09:15:00,1830.0,1840.0,1830.0,1840.0,168600
2026-03-30 09:20:00,1840.0,1840.0,1830.0,1835.0,405500
2026-03-30 09:25:00,1830.0,1840.0,1830.0,1840.0,120000
2026-03-30 09:30:00,1840.0,1840.0,1830.0,1830.0,216500
2026-03-30 09:35:00,1840.0,1840.0,1830.0,1830.0,172500
2026-03-30 09:40:00,1835.0,1835.0,1830.0,1835.0,13100
2026-03-30 09:45:00,1830.0,1835.0,1825.0,1835.0,113600
2026-03-30 09:50:00,1830.0,1835.0,1830.0,1830.0,91500
2026-03-30 09:55:00,1835.0,1835.0,1830.0,1835.0,45600
2026-03-30 10:00:00,1835.0,1840.0,1830.0,1840.0,101100
2026-03-30 10:05:00,1835.0,1840.0,1835.0,1840.0,50100
2026-03-30 10:10:00,1840.0,1840.0,1835.0,1840.0,127400
2026-03-30 10:15:00,1840.0,1840.0,1835.0,1840.0,286600
2026-03-30 10:20:00,1840.0,1840.0,1835.0,1835.0,161800
2026-03-30 10:25:00,1835.0,1840.0,1835.0,1835.0,127600
2026-03-30 10:30:00,1840.0,1840.0,1835.0,1840.0,135900
2026-03-30 10:35:00,1835.0,1840.0,1835.0,1840.0,277600
2026-03-30 10:40:00,1840.0,1845.0,1835.0,1835.0,244100
2026-03-30 10:45:00,1835.0,1840.0,1835.0,1840.0,34900
2026-03-30 10:50:00,1840.0,1840.0,1835.0,1840.0,516400
2026-03-30 10:55:00,1840.0,1840.0,1835.0,1835.0,93400
2026-03-30 11:00:00,1840.0,1840.0,1835.0,1835.0,136900
2026-03-30 11:05:00,1835.0,1840.0,1835.0,1840.0,49100
2026-03-30 11:10:00,1840.0,1840.0,1835.0,1840.0,282700
2026-03-30 11:15:00,1835.0,1840.0,1835.0,1835.0,38900
2026-03-30 11:20:00,1835.0,1840.0,1835.0,1835.0,217300
2026-03-30 11:25:00,1840.0,1840.0,1835.0,1840.0,73100
2026-03-30 11:30:00,1835.0,1840.0,1835.0,1835.0,40700
2026-03-30 11:35:00,1835.0,1840.0,1835.0,1835.0,221700
2026-03-30 11:40:00,1840.0,1840.0,1835.0,1840.0,48600
2026-03-30 11:45:00,1840.0,1840.0,1835.0,1840.0,127300
2026-03-30 11:50:00,1840.0,1840.0,1835.0,1835.0,170200
2026-03-30 11:55:00,1835.0,1840.0,1835.0,1840.0,38800
2026-03-30 13:30:00,1840.0,1840.0,1835.0,1835.0,329900
2026-03-30 13:35:00,1835.0,1840.0,1835.0,1835.0,41900
2026-03-30 13:40:00,1835.0,1840.0,1835.0,1835.0,157000
2026-03-30 13:45:00,1840.0,1840.0,1835.0,1840.0,65800
2026-03-30 13:50:00,1835.0,1840.0,1835.0,1835.0,71100
2026-03-30 13:55:00,1835.0,1840.0,1835.0,1835.0,38300
2026-03-30 14:00:00,1835.0,1840.0,1835.0,1835.0,69000
2026-03-30 14:05:00,1835.0,1840.0,1835.0,1835.0,45200
2026-03-30 14:10:00,1835.0,1840.0,1835.0,1840.0,29900
2026-03-30 14:15:00,1835.0,1840.0,1835.0,1840.0,559300
2026-03-30 14:20:00,1840.0,1840.0,1835.0,1835.0,27900
2026-03-30 14:25:00,1840.0,1840.0,1835.0,1835.0,48500
2026-03-30 14:30:00,1835.0,1840.0,1830.0,1835.0,509200
2026-03-30 14:35:00,1835.0,1835.0,1830.0,1835.0,76300
2026-03-30 14:40:00,1835.0,1835.0,1830.0,1835.0,52400
2026-03-30 14:45:00,1835.0,1840.0,1830.0,1840.0,59400
2026-03-30 14:50:00,1835.0,1840.0,1830.0,1835.0,299200
2026-03-30 14:55:00,1835.0,1840.0,1835.0,1840.0,37700
2026-03-30 15:00:00,1840.0,1840.0,1830.0,1835.0,299800
2026-03-30 15:05:00,1835.0,1840.0,1830.0,1840.0,441200
2026-03-30 15:10:00,1840.0,1840.0,1835.0,1840.0,53600
2026-03-30 15:15:00,1840.0,1840.0,1835.0,1835.0,11100
2026-03-30 15:20:00,1835.0,1840.0,1835.0,1840.0,158000
2026-03-30 15:25:00,1840.0,1840.0,1835.0,1835.0,113300
2026-03-30 15:30:00,1835.0,1840.0,1835.0,1835.0,69400
2026-03-30 15:35:00,1835.0,1835.0,1830.0,1830.0,141300
2026-03-30 15:40:00,1835.0,1840.0,1830.0,1835.0,94300
2026-03-30 15:45:00,1835.0,1840.0,1830.0,1830.0,335000
2026-03-30 16:00:00,1835.0,1835.0,1835.0,1835.0,694100
2026-03-30 16:05:00,1835.0,1835.0,1835.0,1835.0,223600
2026-03-30 16:10:00,1835.0,1835.0,1835.0,1835.0,10200
2026-03-31 09:00:00,1865.0,1865.0,1835.0,1855.0,0
2026-03-31 09:05:00,1855.0,1865.0,1850.0,1850.0,381200
2026-03-31 09:10:00,1850.0,1860.0,1850.0,1855.0,381500
2026-03-31 09:15:00,1855.0,1860.0,1845.0,1850.0,369700
2026-03-31 09:20:00,1850.0,1850.0,1840.0,1845.0,176100
2026-03-31 09:25:00,1840.0,1845.0,1840.0,1840.0,126800
2026-03-31 09:30:00,1840.0,1845.0,1835.0,1835.0,328300
2026-03-31 09:35:00,1835.0,1840.0,1835.0,1835.0,165500
2026-03-31 09:40:00,1835.0,1840.0,1830.0,1830.0,172000
2026-03-31 09:45:00,1830.0,1835.0,1830.0,1835.0,163500
2026-03-31 09:50:00,1830.0,1835.0,1830.0,1835.0,112500
2026-03-31 09:55:00,1830.0,1840.0,1830.0,1840.0,228600
2026-03-31 10:00:00,1840.0,1840.0,1825.0,1825.0,603100
2026-03-31 10:05:00,1825.0,1840.0,1825.0,1830.0,370500
2026-03-31 10:10:00,1835.0,1840.0,1830.0,1835.0,318200
2026-03-31 10:15:00,1840.0,1840.0,1835.0,1835.0,40600
2026-03-31 10:20:00,1835.0,1840.0,1835.0,1835.0,49400
2026-03-31 10:25:00,1835.0,1840.0,1830.0,1830.0,193600
2026-03-31 10:30:00,1835.0,1835.0,1830.0,1830.0,150500
2026-03-31 10:35:00,1835.0,1835.0,1825.0,1830.0,382500
2026-03-31 10:40:00,1830.0,1835.0,1825.0,1825.0,161300
2026-03-31 10:45:00,1825.0,1830.0,1820.0,1820.0,323200
2026-03-31 10:50:00,1820.0,1825.0,1820.0,1825.0,192200
2026-03-31 10:55:00,1820.0,1825.0,1820.0,1820.0,368400
2026-03-31 11:00:00,1825.0,1825.0,1820.0,1820.0,638700
2026-03-31 11:05:00,1820.0,1825.0,1820.0,1820.0,82400
2026-03-31 11:10:00,1820.0,1825.0,1820.0,1820.0,95400
2026-03-31 11:15:00,1820.0,1825.0,1820.0,1820.0,111100
2026-03-31 11:20:00,1825.0,1825.0,1820.0,1825.0,113100
2026-03-31 11:25:00,1820.0,1825.0,1820.0,1820.0,84900
2026-03-31 11:30:00,1820.0,1825.0,1820.0,1820.0,162100
2026-03-31 11:35:00,1820.0,1825.0,1820.0,1820.0,95900
2026-03-31 11:40:00,1820.0,1830.0,1820.0,1830.0,1747200
2026-03-31 11:45:00,1830.0,1830.0,1825.0,1825.0,116600
2026-03-31 11:50:00,1825.0,1830.0,1825.0,1830.0,152300
2026-03-31 11:55:00,1825.0,1830.0,1825.0,1830.0,81300
2026-03-31 13:30:00,1830.0,1830.0,1825.0,1830.0,466600
2026-03-31 13:35:00,1830.0,1830.0,1825.0,1825.0,27000
2026-03-31 13:40:00,1825.0,1830.0,1825.0,1830.0,45800
2026-03-31 13:45:00,1830.0,1830.0,1825.0,1825.0,228400
2026-03-31 13:50:00,1830.0,1830.0,1820.0,1820.0,481600
2026-03-31 13:55:00,1820.0,1825.0,1820.0,1820.0,215700
2026-03-31 14:00:00,1820.0,1825.0,1820.0,1820.0,567800
2026-03-31 14:05:00,1820.0,1825.0,1820.0,1825.0,50800
2026-03-31 14:10:00,1820.0,1825.0,1820.0,1820.0,152000
2026-03-31 14:15:00,1825.0,1825.0,1820.0,1825.0,132200
2026-03-31 14:20:00,1820.0,1825.0,1820.0,1825.0,147400
2026-03-31 14:25:00,1820.0,1825.0,1820.0,1825.0,88700
2026-03-31 14:30:00,1820.0,1825.0,1820.0,1820.0,131800
2026-03-31 14:35:00,1820.0,1825.0,1820.0,1820.0,202000
2026-03-31 14:40:00,1820.0,1825.0,1815.0,1820.0,769800
2026-03-31 14:45:00,1820.0,1825.0,1815.0,1825.0,284600
2026-03-31 14:50:00,1825.0,1830.0,1820.0,1830.0,249100
2026-03-31 14:55:00,1825.0,1830.0,1825.0,1825.0,54700
2026-03-31 15:00:00,1825.0,1830.0,1825.0,1825.0,85800
2026-03-31 15:05:00,1830.0,1830.0,1825.0,1825.0,90400
2026-03-31 15:10:00,1825.0,1830.0,1825.0,1825.0,105200
2026-03-31 15:15:00,1825.0,1830.0,1825.0,1825.0,269800
2026-03-31 15:20:00,1825.0,1830.0,1820.0,1820.0,208600
2026-03-31 15:25:00,1820.0,1825.0,1820.0,1820.0,248900
2026-03-31 15:30:00,1825.0,1825.0,1820.0,1820.0,341400
2026-03-31 15:35:00,1820.0,1825.0,1815.0,1815.0,518900
2026-03-31 15:40:00,1815.0,1830.0,1815.0,1830.0,1013700
2026-03-31 15:45:00,1830.0,1830.0,1825.0,1830.0,307100
2026-03-31 16:00:00,1820.0,1820.0,1820.0,1820.0,3242800
2026-03-31 16:05:00,1820.0,1820.0,1820.0,1820.0,134700
2026-03-31 16:10:00,1820.0,1820.0,1820.0,1820.0,9500
2026-04-01 09:00:00,1850.0,1905.0,1850.0,1905.0,0
2026-04-01 09:05:00,1900.0,1905.0,1895.0,1900.0,4798400
2026-04-01 09:10:00,1900.0,1930.0,1895.0,1925.0,2872000
2026-04-01 09:15:00,1925.0,1930.0,1925.0,1925.0,444600
2026-04-01 09:20:00,1925.0,1970.0,1925.0,1955.0,2552000
2026-04-01 09:25:00,1955.0,1955.0,1940.0,1950.0,899800
2026-04-01 09:30:00,1950.0,1960.0,1945.0,1955.0,606000
2026-04-01 09:35:00,1955.0,1970.0,1955.0,1960.0,1047400
2026-04-01 09:40:00,1960.0,1965.0,1955.0,1955.0,835400
2026-04-01 09:45:00,1955.0,1955.0,1950.0,1950.0,618600
2026-04-01 09:50:00,1950.0,1955.0,1945.0,1945.0,296800
2026-04-01 09:55:00,1945.0,1950.0,1945.0,1950.0,210600
2026-04-01 10:00:00,1950.0,1960.0,1950.0,1960.0,424800
2026-04-01 10:05:00,1960.0,1960.0,1950.0,1955.0,692900
2026-04-01 10:10:00,1950.0,1955.0,1950.0,1955.0,486700
2026-04-01 10:15:00,1950.0,1955.0,1950.0,1950.0,366600
2026-04-01 10:20:00,1950.0,1955.0,1950.0,1955.0,150200
2026-04-01 10:25:00,1950.0,1955.0,1945.0,1945.0,730400
2026-04-01 10:30:00,1950.0,1950.0,1945.0,1945.0,114700
2026-04-01 10:35:00,1945.0,1950.0,1945.0,1945.0,196200
2026-04-01 10:40:00,1950.0,1950.0,1940.0,1945.0,1110900
2026-04-01 10:45:00,1945.0,1950.0,1940.0,1945.0,425200
2026-04-01 10:50:00,1940.0,1945.0,1935.0,1935.0,469200
2026-04-01 10:55:00,1935.0,1945.0,1935.0,1940.0,325000
2026-04-01 11:00:00,1940.0,1945.0,1940.0,1940.0,111400
2026-04-01 11:05:00,1940.0,1945.0,1940.0,1940.0,124500
2026-04-01 11:10:00,1940.0,1945.0,1940.0,1945.0,222300
2026-04-01 11:15:00,1945.0,1945.0,1940.0,1945.0,217100
2026-04-01 11:20:00,1945.0,1955.0,1940.0,1940.0,1377700
2026-04-01 11:25:00,1940.0,1945.0,1940.0,1945.0,443600
2026-04-01 11:30:00,1940.0,1945.0,1940.0,1940.0,453300
2026-04-01 11:35:00,1940.0,1940.0,1925.0,1930.0,906700
2026-04-01 11:40:00,1930.0,1940.0,1930.0,1930.0,281500
2026-04-01 11:45:00,1930.0,1935.0,1930.0,1930.0,49200
2026-04-01 11:50:00,1930.0,1935.0,1925.0,1925.0,122200
2026-04-01 11:55:00,1925.0,1935.0,1925.0,1935.0,245000
2026-04-01 13:30:00,1935.0,1950.0,1930.0,1950.0,992100
2026-04-01 13:35:00,1950.0,1960.0,1945.0,1955.0,1415100
2026-04-01 13:40:00,1960.0,1965.0,1935.0,1945.0,2125500
2026-04-01 13:45:00,1945.0,1945.0,1945.0,1945.0,77600
2026-04-01 13:50:00,1945.0,1955.0,1945.0,1950.0,199600
2026-04-01 13:55:00,1950.0,1955.0,1950.0,1955.0,94600
2026-04-01 14:00:00,1950.0,1960.0,1950.0,1960.0,366100
2026-04-01 14:05:00,1955.0,1960.0,1950.0,1950.0,1068600
2026-04-01 14:10:00,1950.0,1955.0,1950.0,1955.0,130700
2026-04-01 14:15:00,1955.0,1955.0,1950.0,1950.0,208800
2026-04-01 14:20:00,1955.0,1955.0,1950.0,1955.0,322500
2026-04-01 14:25:00,1955.0,1960.0,1950.0,1960.0,433300
2026-04-01 14:30:00,1960.0,1960.0,1955.0,1960.0,540200
2026-04-01 14:35:00,1955.0,1965.0,1955.0,1965.0,602900
2026-04-01 14:40:00,1965.0,1965.0,1950.0,1955.0,364700
2026-04-01 14:45:00,1950.0,1955.0,1940.0,1940.0,201000
2026-04-01 14:50:00,1940.0,1945.0,1935.0,1935.0,260000
2026-04-01 14:55:00,1935.0,1940.0,1925.0,1925.0,330600
2026-04-01 15:00:00,1925.0,1935.0,1925.0,1935.0,338900
2026-04-01 15:05:00,1935.0,1935.0,1930.0,1935.0,178700
2026-04-01 15:10:00,1935.0,1935.0,1925.0,1930.0,410100
2026-04-01 15:15:00,1930.0,1930.0,1925.0,1925.0,385600
2026-04-01 15:20:00,1925.0,1930.0,1915.0,1915.0,494400
2026-04-01 15:25:00,1915.0,1920.0,1910.0,1910.0,482100
2026-04-01 15:30:00,1910.0,1920.0,1910.0,1915.0,355100
2026-04-01 15:35:00,1915.0,1920.0,1915.0,1920.0,656500
2026-04-01 15:40:00,1915.0,1920.0,1915.0,1915.0,731600
2026-04-01 15:45:00,1915.0,1920.0,1905.0,1905.0,921600
2026-04-01 16:00:00,1910.0,1910.0,1910.0,1910.0,1797600
2026-04-01 16:05:00,1910.0,1910.0,1910.0,1910.0,2200
2026-04-01 16:10:00,1910.0,1910.0,1910.0,1910.0,8400
2026-04-02 09:00:00,1910.0,1940.0,1910.0,1935.0,0
2026-04-02 09:05:00,1935.0,1940.0,1930.0,1940.0,664800
2026-04-02 09:10:00,1935.0,1960.0,1935.0,1955.0,991200
2026-04-02 09:15:00,1955.0,1960.0,1945.0,1945.0,373400
2026-04-02 09:20:00,1950.0,1960.0,1950.0,1960.0,507500
2026-04-02 09:25:00,1955.0,1960.0,1950.0,1955.0,235200
2026-04-02 09:30:00,1950.0,1955.0,1950.0,1955.0,154200
2026-04-02 09:35:00,1950.0,1955.0,1940.0,1940.0,595000
2026-04-02 09:40:00,1950.0,1950.0,1940.0,1940.0,150900
2026-04-02 09:45:00,1945.0,1945.0,1940.0,1940.0,148100
2026-04-02 09:50:00,1945.0,1945.0,1940.0,1940.0,124300
2026-04-02 09:55:00,1940.0,1945.0,1940.0,1940.0,76500
2026-04-02 10:00:00,1940.0,1945.0,1935.0,1935.0,212000
2026-04-02 10:05:00,1935.0,1940.0,1935.0,1940.0,47800
2026-04-02 10:10:00,1940.0,1940.0,1935.0,1935.0,306000
2026-04-02 10:15:00,1940.0,1940.0,1930.0,1935.0,369000
2026-04-02 10:20:00,1930.0,1945.0,1930.0,1945.0,601200
2026-04-02 10:25:00,1940.0,1945.0,1940.0,1945.0,109600
2026-04-02 10:30:00,1945.0,1945.0,1940.0,1945.0,69700
2026-04-02 10:35:00,1945.0,1950.0,1940.0,1945.0,389800
2026-04-02 10:40:00,1940.0,1945.0,1935.0,1940.0,165300
2026-04-02 10:45:00,1940.0,1940.0,1930.0,1930.0,175300
2026-04-02 10:50:00,1930.0,1945.0,1930.0,1940.0,361800
2026-04-02 10:55:00,1935.0,1935.0,1930.0,1935.0,129400
2026-04-02 11:00:00,1930.0,1935.0,1930.0,1930.0,234100
2026-04-02 11:05:00,1930.0,1935.0,1925.0,1925.0,151900
2026-04-02 11:10:00,1925.0,1945.0,1925.0,1935.0,449200
2026-04-02 11:15:00,1930.0,1935.0,1930.0,1930.0,31800
2026-04-02 11:20:00,1935.0,1940.0,1925.0,1940.0,266400
2026-04-02 11:25:00,1935.0,1945.0,1935.0,1945.0,380100
2026-04-02 11:30:00,1940.0,1945.0,1940.0,1940.0,54500
2026-04-02 11:35:00,1945.0,1945.0,1935.0,1935.0,188000
2026-04-02 11:40:00,1935.0,1940.0,1935.0,1935.0,59400
2026-04-02 11:45:00,1935.0,1940.0,1935.0,1935.0,58000
2026-04-02 11:50:00,1935.0,1940.0,1935.0,1935.0,82200
2026-04-02 11:55:00,1935.0,1940.0,1935.0,1935.0,110100
2026-04-02 13:30:00,1935.0,1940.0,1930.0,1935.0,364500
2026-04-02 13:35:00,1930.0,1935.0,1925.0,1925.0,353300
2026-04-02 13:40:00,1925.0,1935.0,1925.0,1930.0,106800
2026-04-02 13:45:00,1935.0,1935.0,1930.0,1930.0,135900
2026-04-02 13:50:00,1930.0,1935.0,1930.0,1935.0,82600
2026-04-02 13:55:00,1930.0,1935.0,1930.0,1930.0,120700
2026-04-02 14:00:00,1930.0,1935.0,1930.0,1930.0,141000
2026-04-02 14:05:00,1930.0,1935.0,1930.0,1935.0,179700
2026-04-02 14:10:00,1930.0,1935.0,1930.0,1935.0,108200
2026-04-02 14:15:00,1930.0,1935.0,1930.0,1935.0,138700
2026-04-02 14:20:00,1930.0,1935.0,1930.0,1930.0,120200
2026-04-02 14:25:00,1935.0,1935.0,1930.0,1930.0,83200
2026-04-02 14:30:00,1930.0,1935.0,1930.0,1930.0,173000
2026-04-02 14:35:00,1930.0,1935.0,1930.0,1930.0,111300
2026-04-02 14:40:00,1930.0,1935.0,1930.0,1935.0,135100
2026-04-02 14:45:00,1930.0,1935.0,1925.0,1930.0,668200
2026-04-02 14:50:00,1935.0,1935.0,1930.0,1930.0,89000
2026-04-02 14:55:00,1930.0,1935.0,1930.0,1930.0,65000
2026-04-02 15:00:00,1930.0,1940.0,1930.0,1935.0,595800
2026-04-02 15:05:00,1940.0,1940.0,1935.0,1935.0,180400
2026-04-02 15:10:00,1935.0,1945.0,1935.0,1940.0,876500
2026-04-02 15:15:00,1940.0,1945.0,1935.0,1945.0,493300
2026-04-02 15:20:00,1940.0,1945.0,1940.0,1940.0,284600
2026-04-02 15:25:00,1940.0,1945.0,1935.0,1935.0,136800
2026-04-02 15:30:00,1935.0,1940.0,1930.0,1930.0,206800
2026-04-02 15:35:00,1930.0,1935.0,1930.0,1930.0,202300
2026-04-02 15:40:00,1930.0,1935.0,1920.0,1925.0,415600
2026-04-02 15:45:00,1920.0,1925.0,1915.0,1925.0,312900
2026-04-02 16:00:00,1930.0,1930.0,1930.0,1930.0,852400
2026-04-02 16:05:00,1930.0,1930.0,1930.0,1930.0,1300
2026-04-02 16:10:00,1930.0,1930.0,1930.0,1930.0,1700
2026-04-06 09:00:00,1940.0,1940.0,1910.0,1910.0,0
2026-04-06 09:05:00,1915.0,1920.0,1910.0,1915.0,59000
2026-04-06 09:10:00,1915.0,1915.0,1905.0,1905.0,109500
2026-04-06 09:15:00,1905.0,1905.0,1895.0,1905.0,281800
2026-04-06 09:20:00,1900.0,1905.0,1900.0,1905.0,158500
2026-04-06 09:25:00,1905.0,1910.0,1900.0,1905.0,76200
2026-04-06 09:30:00,1900.0,1905.0,1895.0,1895.0,122500
2026-04-06 09:35:00,1900.0,1905.0,1895.0,1905.0,58500
2026-04-06 09:40:00,1905.0,1910.0,1900.0,1910.0,47200
2026-04-06 09:45:00,1910.0,1915.0,1905.0,1910.0,121200
2026-04-06 09:50:00,1910.0,1910.0,1905.0,1905.0,19600
2026-04-06 09:55:00,1910.0,1910.0,1905.0,1905.0,137100
2026-04-06 10:00:00,1905.0,1905.0,1900.0,1905.0,88400
2026-04-06 10:05:00,1910.0,1910.0,1900.0,1905.0,48200
2026-04-06 10:10:00,1905.0,1910.0,1905.0,1910.0,27500
2026-04-06 10:15:00,1905.0,1910.0,1905.0,1910.0,57100
2026-04-06 10:20:00,1910.0,1910.0,1905.0,1905.0,6400
2026-04-06 10:25:00,1910.0,1910.0,1905.0,1910.0,69900
2026-04-06 10:30:00,1905.0,1910.0,1895.0,1900.0,320000
2026-04-06 10:35:00,1900.0,1900.0,1895.0,1900.0,144500
2026-04-06 10:40:00,1905.0,1905.0,1900.0,1900.0,2300
2026-04-06 10:45:00,1900.0,1905.0,1895.0,1900.0,84700
2026-04-06 10:50:00,1900.0,1900.0,1895.0,1900.0,20200
2026-04-06 10:55:00,1900.0,1900.0,1895.0,1900.0,87000
2026-04-06 11:00:00,1900.0,1900.0,1895.0,1900.0,33600
2026-04-06 11:05:00,1900.0,1900.0,1895.0,1900.0,98800
2026-04-06 11:10:00,1900.0,1900.0,1895.0,1900.0,29000
2026-04-06 11:15:00,1900.0,1900.0,1895.0,1900.0,67900
2026-04-06 11:20:00,1900.0,1900.0,1895.0,1895.0,19400
2026-04-06 11:25:00,1895.0,1895.0,1890.0,1890.0,156500
2026-04-06 11:30:00,1895.0,1895.0,1890.0,1890.0,15500
2026-04-06 11:35:00,1890.0,1895.0,1890.0,1890.0,103300
2026-04-06 11:40:00,1895.0,1895.0,1890.0,1890.0,16200
2026-04-06 11:45:00,1890.0,1895.0,1890.0,1895.0,84800
2026-04-06 11:50:00,1895.0,1895.0,1890.0,1895.0,24800
2026-04-06 11:55:00,1890.0,1895.0,1890.0,1895.0,59200
2026-04-06 13:30:00,1895.0,1895.0,1890.0,1895.0,70700
2026-04-06 13:35:00,1895.0,1895.0,1890.0,1895.0,37800
2026-04-06 13:40:00,1895.0,1900.0,1895.0,1895.0,48300
2026-04-06 13:45:00,1900.0,1900.0,1890.0,1890.0,45600
2026-04-06 13:50:00,1895.0,1895.0,1890.0,1890.0,33200
2026-04-06 13:55:00,1890.0,1895.0,1890.0,1890.0,153900
2026-04-06 14:00:00,1895.0,1895.0,1890.0,1895.0,30100
2026-04-06 14:05:00,1895.0,1895.0,1885.0,1890.0,195800
2026-04-06 14:10:00,1890.0,1890.0,1885.0,1890.0,4000
2026-04-06 14:15:00,1885.0,1890.0,1885.0,1890.0,81000
2026-04-06 14:20:00,1890.0,1895.0,1885.0,1895.0,137700
2026-04-06 14:25:00,1895.0,1895.0,1890.0,1895.0,10500
2026-04-06 14:30:00,1890.0,1895.0,1890.0,1895.0,3700
2026-04-06 14:35:00,1895.0,1895.0,1885.0,1895.0,106800
2026-04-06 14:40:00,1895.0,1895.0,1890.0,1890.0,6800
2026-04-06 14:45:00,1895.0,1895.0,1890.0,1895.0,94000
2026-04-06 14:50:00,1895.0,1895.0,1890.0,1890.0,24300
2026-04-06 14:55:00,1895.0,1895.0,1885.0,1890.0,90800
2026-04-06 15:00:00,1890.0,1895.0,1890.0,1890.0,13900
2026-04-06 15:05:00,1895.0,1895.0,1885.0,1890.0,81800
2026-04-06 15:10:00,1890.0,1890.0,1885.0,1885.0,46300
2026-04-06 15:15:00,1885.0,1895.0,1885.0,1890.0,88100
2026-04-06 15:20:00,1895.0,1895.0,1890.0,1895.0,9500
2026-04-06 15:25:00,1890.0,1895.0,1890.0,1890.0,65500
2026-04-06 15:30:00,1895.0,1895.0,1890.0,1895.0,7200
2026-04-06 15:35:00,1895.0,1910.0,1895.0,1905.0,303000
2026-04-06 15:40:00,1900.0,1905.0,1900.0,1900.0,93400
2026-04-06 15:45:00,1905.0,1910.0,1900.0,1905.0,52500
2026-04-06 16:00:00,1915.0,1915.0,1915.0,1915.0,586700
2026-04-06 16:05:00,1915.0,1915.0,1915.0,1915.0,500
2026-04-06 16:10:00,1915.0,1915.0,1915.0,1915.0,14900
2026-04-07 09:00:00,1915.0,1920.0,1910.0,1910.0,0
2026-04-07 09:05:00,1905.0,1905.0,1900.0,1900.0,55400
2026-04-07 09:10:00,1905.0,1910.0,1900.0,1910.0,36200
2026-04-07 09:15:00,1910.0,1910.0,1900.0,1900.0,81700
2026-04-07 09:20:00,1900.0,1910.0,1900.0,1905.0,70500
2026-04-07 09:25:00,1910.0,1910.0,1900.0,1900.0,39200
2026-04-07 09:30:00,1900.0,1905.0,1900.0,1905.0,52600
2026-04-07 09:35:00,1905.0,1905.0,1900.0,1905.0,63000
2026-04-07 09:40:00,1905.0,1905.0,1900.0,1900.0,16500
2026-04-07 09:45:00,1900.0,1910.0,1900.0,1910.0,80700
2026-04-07 09:50:00,1905.0,1910.0,1900.0,1905.0,135000
2026-04-07 09:55:00,1900.0,1905.0,1900.0,1900.0,17900
2026-04-07 10:00:00,1900.0,1905.0,1900.0,1900.0,18600
2026-04-07 10:05:00,1900.0,1905.0,1900.0,1900.0,7900
2026-04-07 10:10:00,1900.0,1900.0,1890.0,1895.0,186600
2026-04-07 10:15:00,1895.0,1895.0,1890.0,1895.0,59600
2026-04-07 10:20:00,1895.0,1900.0,1895.0,1900.0,13700
2026-04-07 10:25:00,1900.0,1900.0,1895.0,1900.0,39800
2026-04-07 10:30:00,1900.0,1900.0,1900.0,1900.0,16700
2026-04-07 10:35:00,1900.0,1900.0,1895.0,1900.0,12400
2026-04-07 10:40:00,1900.0,1900.0,1895.0,1900.0,3400
2026-04-07 10:45:00,1900.0,1900.0,1895.0,1900.0,18800
2026-04-07 10:50:00,1900.0,1900.0,1895.0,1895.0,10700
2026-04-07 10:55:00,1895.0,1900.0,1895.0,1900.0,11400
2026-04-07 11:00:00,1895.0,1900.0,1895.0,1900.0,25100
2026-04-07 11:05:00,1900.0,1900.0,1895.0,1900.0,4900
2026-04-07 11:10:00,1900.0,1900.0,1890.0,1895.0,161600
2026-04-07 11:15:00,1895.0,1895.0,1895.0,1895.0,59500
2026-04-07 11:20:00,1890.0,1895.0,1890.0,1895.0,11300
2026-04-07 11:25:00,1895.0,1895.0,1890.0,1895.0,14200
2026-04-07 11:30:00,1895.0,1895.0,1890.0,1895.0,15500
2026-04-07 11:35:00,1895.0,1895.0,1895.0,1895.0,4700
2026-04-07 11:40:00,1895.0,1895.0,1890.0,1895.0,18300
2026-04-07 11:45:00,1895.0,1895.0,1890.0,1890.0,24000
2026-04-07 11:50:00,1895.0,1900.0,1895.0,1900.0,123800
2026-04-07 11:55:00,1900.0,1900.0,1895.0,1900.0,76700
2026-04-07 13:30:00,1900.0,1900.0,1890.0,1895.0,46400
2026-04-07 13:35:00,1895.0,1895.0,1895.0,1895.0,8100
2026-04-07 13:40:00,1895.0,1895.0,1890.0,1890.0,18100
2026-04-07 13:45:00,1890.0,1895.0,1890.0,1890.0,46400
2026-04-07 13:50:00,1890.0,1895.0,1890.0,1890.0,8700
2026-04-07 13:55:00,1895.0,1895.0,1895.0,1895.0,26400
2026-04-07 14:00:00,1900.0,1900.0,1900.0,1900.0,54300
2026-04-07 14:05:00,1900.0,1900.0,1895.0,1900.0,24100
2026-04-07 14:10:00,1900.0,1900.0,1895.0,1895.0,1000
2026-04-07 14:15:00,1900.0,1900.0,1895.0,1895.0,34300
2026-04-07 14:20:00,1895.0,1895.0,1895.0,1895.0,5500
2026-04-07 14:25:00,1900.0,1900.0,1895.0,1900.0,20000
2026-04-07 14:30:00,1900.0,1900.0,1895.0,1895.0,69200
2026-04-07 14:35:00,1900.0,1900.0,1895.0,1900.0,3600
2026-04-07 14:40:00,1900.0,1900.0,1895.0,1900.0,25600
2026-04-07 14:45:00,1900.0,1900.0,1895.0,1900.0,26300
2026-04-07 14:50:00,1900.0,1900.0,1895.0,1900.0,39700
2026-04-07 14:55:00,1900.0,1900.0,1900.0,1900.0,23600
2026-04-07 15:00:00,1900.0,1900.0,1895.0,1900.0,31400
2026-04-07 15:05:00,1900.0,1900.0,1895.0,1900.0,33900
2026-04-07 15:10:00,1900.0,1900.0,1895.0,1900.0,21800
2026-04-07 15:15:00,1900.0,1900.0,1895.0,1900.0,19200
2026-04-07 15:20:00,1900.0,1900.0,1895.0,1895.0,32200
2026-04-07 15:25:00,1900.0,1900.0,1895.0,1900.0,51600
2026-04-07 15:30:00,1900.0,1900.0,1895.0,1900.0,71100
2026-04-07 15:35:00,1900.0,1900.0,1895.0,1900.0,92500
2026-04-07 15:40:00,1900.0,1900.0,1895.0,1900.0,142000
2026-04-07 15:45:00,1900.0,1900.0,1895.0,1895.0,141900
2026-04-07 16:00:00,1905.0,1905.0,1905.0,1905.0,310300
2026-04-07 16:05:00,1905.0,1905.0,1905.0,1905.0,100
2026-04-07 16:10:00,1905.0,1905.0,1905.0,1905.0,8700
2026-04-08 09:00:00,1930.0,1955.0,1925.0,1935.0,0
2026-04-08 09:05:00,1935.0,1935.0,1925.0,1930.0,378700
2026-04-08 09:10:00,1930.0,1930.0,1925.0,1925.0,68100
2026-04-08 09:15:00,1930.0,1930.0,1925.0,1925.0,132700
2026-04-08 09:20:00,1925.0,1930.0,1915.0,1925.0,739100
2026-04-08 09:25:00,1920.0,1925.0,1915.0,1920.0,235200
2026-04-08 09:30:00,1920.0,1925.0,1920.0,1920.0,93400
2026-04-08 09:35:00,1920.0,1925.0,1920.0,1925.0,23000
2026-04-08 09:40:00,1925.0,1925.0,1920.0,1920.0,46100
2026-04-08 09:45:00,1920.0,1930.0,1920.0,1920.0,633200
2026-04-08 09:50:00,1925.0,1925.0,1920.0,1920.0,59300
2026-04-08 09:55:00,1920.0,1925.0,1920.0,1925.0,14300
2026-04-08 10:00:00,1925.0,1930.0,1920.0,1930.0,190400
2026-04-08 10:05:00,1930.0,1930.0,1930.0,1930.0,127300
2026-04-08 10:10:00,1930.0,1930.0,1925.0,1925.0,33200
2026-04-08 10:15:00,1930.0,1930.0,1925.0,1925.0,52700
2026-04-08 10:20:00,1930.0,1930.0,1925.0,1930.0,62400
2026-04-08 10:25:00,1930.0,1935.0,1925.0,1930.0,171600
2026-04-08 10:30:00,1935.0,1940.0,1935.0,1935.0,81800
2026-04-08 10:35:00,1935.0,1935.0,1930.0,1935.0,140500
2026-04-08 10:40:00,1935.0,1935.0,1930.0,1930.0,31000
2026-04-08 10:45:00,1930.0,1935.0,1930.0,1930.0,39300
2026-04-08 10:50:00,1935.0,1935.0,1930.0,1930.0,10700
2026-04-08 10:55:00,1930.0,1935.0,1930.0,1935.0,38500
2026-04-08 11:00:00,1930.0,1935.0,1930.0,1930.0,59300
2026-04-08 11:05:00,1935.0,1935.0,1930.0,1935.0,71500
2026-04-08 11:10:00,1935.0,1935.0,1930.0,1935.0,54200
2026-04-08 11:15:00,1930.0,1935.0,1930.0,1935.0,61800
2026-04-08 11:20:00,1935.0,1940.0,1930.0,1940.0,249500
2026-04-08 11:25:00,1935.0,1940.0,1935.0,1935.0,17400
2026-04-08 11:30:00,1940.0,1940.0,1935.0,1940.0,78900
2026-04-08 11:35:00,1935.0,1940.0,1935.0,1940.0,8400
2026-04-08 11:40:00,1940.0,1940.0,1935.0,1935.0,41800
2026-04-08 11:45:00,1940.0,1940.0,1935.0,1935.0,16100
2026-04-08 11:50:00,1935.0,1940.0,1935.0,1940.0,27600
2026-04-08 11:55:00,1935.0,1940.0,1935.0,1935.0,79300
2026-04-08 13:30:00,1935.0,1940.0,1935.0,1940.0,180300
2026-04-08 13:35:00,1940.0,1940.0,1935.0,1935.0,107800
2026-04-08 13:40:00,1935.0,1940.0,1935.0,1935.0,199900
2026-04-08 13:45:00,1940.0,1940.0,1935.0,1935.0,195600
2026-04-08 13:50:00,1935.0,1940.0,1935.0,1935.0,21100
2026-04-08 13:55:00,1935.0,1940.0,1935.0,1935.0,56200
2026-04-08 14:00:00,1940.0,1945.0,1935.0,1945.0,836900
2026-04-08 14:05:00,1945.0,1945.0,1940.0,1945.0,67300
2026-04-08 14:10:00,1945.0,1945.0,1940.0,1945.0,112500
2026-04-08 14:15:00,1945.0,1945.0,1940.0,1945.0,88300
2026-04-08 14:20:00,1945.0,1945.0,1940.0,1945.0,76200
2026-04-08 14:25:00,1945.0,1950.0,1940.0,1945.0,420300
2026-04-08 14:30:00,1945.0,1945.0,1940.0,1945.0,37000
2026-04-08 14:35:00,1945.0,1945.0,1940.0,1945.0,167500
2026-04-08 14:40:00,1945.0,1945.0,1940.0,1945.0,89200
2026-04-08 14:45:00,1945.0,1945.0,1940.0,1940.0,44700
2026-04-08 14:50:00,1945.0,1945.0,1940.0,1940.0,132100
2026-04-08 14:55:00,1945.0,1945.0,1940.0,1945.0,119800
2026-04-08 15:00:00,1940.0,1945.0,1940.0,1945.0,150300
2026-04-08 15:05:00,1945.0,1945.0,1940.0,1945.0,95500
2026-04-08 15:10:00,1945.0,1945.0,1940.0,1945.0,85000
2026-04-08 15:15:00,1945.0,1945.0,1940.0,1945.0,137000
2026-04-08 15:20:00,1945.0,1950.0,1940.0,1950.0,412900
2026-04-08 15:25:00,1950.0,1950.0,1945.0,1950.0,126300
2026-04-08 15:30:00,1950.0,1955.0,1950.0,1950.0,559000
2026-04-08 15:35:00,1955.0,1960.0,1955.0,1960.0,406600
2026-04-08 15:40:00,1960.0,1960.0,1950.0,1955.0,323600
2026-04-08 15:45:00,1955.0,1960.0,1945.0,1945.0,390900
2026-04-08 16:00:00,1955.0,1955.0,1955.0,1955.0,736400
2026-04-08 16:05:00,1955.0,1955.0,1955.0,1955.0,29400
2026-04-08 16:10:00,1955.0,1955.0,1955.0,1955.0,52900
2026-04-09 09:00:00,1940.0,1945.0,1910.0,1920.0,0
2026-04-09 09:05:00,1930.0,1930.0,1910.0,1920.0,275300
2026-04-09 09:10:00,1920.0,1920.0,1915.0,1920.0,44700
2026-04-09 09:15:00,1920.0,1920.0,1910.0,1910.0,225500
2026-04-09 09:20:00,1915.0,1915.0,1905.0,1910.0,264900
2026-04-09 09:25:00,1905.0,1910.0,1905.0,1910.0,113300
2026-04-09 09:30:00,1910.0,1915.0,1910.0,1915.0,136300
2026-04-09 09:35:00,1920.0,1925.0,1910.0,1920.0,386100
2026-04-09 09:40:00,1920.0,1920.0,1915.0,1920.0,13900
2026-04-09 09:45:00,1920.0,1920.0,1905.0,1905.0,491800
2026-04-09 09:50:00,1905.0,1910.0,1905.0,1910.0,49100
2026-04-09 09:55:00,1910.0,1920.0,1905.0,1920.0,172200
2026-04-09 10:00:00,1920.0,1920.0,1915.0,1920.0,103200
2026-04-09 10:05:00,1920.0,1925.0,1915.0,1920.0,92000
2026-04-09 10:10:00,1920.0,1925.0,1915.0,1925.0,54400
2026-04-09 10:15:00,1925.0,1925.0,1910.0,1920.0,294700
2026-04-09 10:20:00,1915.0,1915.0,1910.0,1910.0,12900
2026-04-09 10:25:00,1910.0,1915.0,1910.0,1915.0,13500
2026-04-09 10:30:00,1910.0,1920.0,1910.0,1920.0,167200
2026-04-09 10:35:00,1920.0,1920.0,1915.0,1920.0,6500
2026-04-09 10:40:00,1920.0,1920.0,1915.0,1915.0,42900
2026-04-09 10:45:00,1920.0,1920.0,1915.0,1920.0,62900
2026-04-09 10:50:00,1920.0,1920.0,1915.0,1920.0,70200
2026-04-09 10:55:00,1920.0,1925.0,1920.0,1920.0,141000
2026-04-09 11:00:00,1915.0,1920.0,1910.0,1920.0,407800
2026-04-09 11:05:00,1920.0,1920.0,1915.0,1920.0,21600
2026-04-09 11:10:00,1920.0,1920.0,1915.0,1920.0,20100
2026-04-09 11:15:00,1915.0,1920.0,1915.0,1915.0,10500
2026-04-09 11:20:00,1915.0,1920.0,1915.0,1915.0,7100
2026-04-09 11:25:00,1920.0,1920.0,1915.0,1920.0,11500
2026-04-09 11:30:00,1920.0,1920.0,1915.0,1920.0,36400
2026-04-09 11:35:00,1920.0,1925.0,1915.0,1925.0,192900
2026-04-09 11:40:00,1925.0,1925.0,1920.0,1925.0,59100
2026-04-09 11:45:00,1925.0,1925.0,1915.0,1920.0,424700
2026-04-09 11:50:00,1920.0,1925.0,1915.0,1920.0,205000
2026-04-09 11:55:00,1920.0,1920.0,1915.0,1920.0,16300
2026-04-09 13:30:00,1920.0,1920.0,1915.0,1920.0,84400
2026-04-09 13:35:00,1915.0,1920.0,1915.0,1920.0,6400
2026-04-09 13:40:00,1915.0,1920.0,1915.0,1920.0,16900
2026-04-09 13:45:00,1920.0,1925.0,1915.0,1925.0,373000
2026-04-09 13:50:00,1920.0,1925.0,1920.0,1925.0,13800
2026-04-09 13:55:00,1920.0,1925.0,1920.0,1920.0,32500
2026-04-09 14:00:00,1920.0,1920.0,1915.0,1915.0,149300
2026-04-09 14:05:00,1915.0,1920.0,1915.0,1920.0,27100
2026-04-09 14:10:00,1915.0,1925.0,1915.0,1925.0,45400
2026-04-09 14:15:00,1925.0,1930.0,1920.0,1920.0,433100
2026-04-09 14:20:00,1920.0,1925.0,1920.0,1925.0,104300
2026-04-09 14:25:00,1925.0,1925.0,1920.0,1925.0,7300
2026-04-09 14:30:00,1920.0,1925.0,1920.0,1925.0,27300
2026-04-09 14:35:00,1925.0,1925.0,1920.0,1920.0,14100
2026-04-09 14:40:00,1925.0,1925.0,1920.0,1920.0,28100
2026-04-09 14:45:00,1920.0,1925.0,1920.0,1920.0,96300
2026-04-09 14:50:00,1925.0,1925.0,1920.0,1920.0,2400
2026-04-09 14:55:00,1920.0,1925.0,1920.0,1920.0,19500
2026-04-09 15:00:00,1920.0,1925.0,1915.0,1920.0,432600
2026-04-09 15:05:00,1920.0,1925.0,1920.0,1925.0,265100
2026-04-09 15:10:00,1925.0,1925.0,1920.0,1920.0,15600
2026-04-09 15:15:00,1920.0,1925.0,1920.0,1920.0,12000
2026-04-09 15:20:00,1925.0,1925.0,1920.0,1920.0,23200
2026-04-09 15:25:00,1925.0,1925.0,1920.0,1925.0,56300
2026-04-09 15:30:00,1920.0,1925.0,1920.0,1925.0,17200
2026-04-09 15:35:00,1920.0,1925.0,1920.0,1920.0,71800
2026-04-09 15:40:00,1925.0,1925.0,1920.0,1920.0,123200
2026-04-09 15:45:00,1925.0,1925.0,1910.0,1910.0,1962200
2026-04-09 16:00:00,1910.0,1910.0,1910.0,1910.0,840800
2026-04-09 16:05:00,1910.0,1910.0,1910.0,1910.0,17700
2026-04-09 16:10:00,1910.0,1910.0,1910.0,1910.0,25300
2026-04-10 09:00:00,1920.0,1935.0,1915.0,1915.0,0
2026-04-10 09:05:00,1920.0,1930.0,1920.0,1925.0,45600
2026-04-10 09:10:00,1925.0,1930.0,1920.0,1920.0,35000
2026-04-10 09:15:00,1920.0,1925.0,1915.0,1920.0,143500
2026-04-10 09:20:00,1925.0,1925.0,1920.0,1925.0,74200
2026-04-10 09:25:00,1925.0,1925.0,1910.0,1920.0,748700
2026-04-10 09:30:00,1915.0,1925.0,1910.0,1915.0,321000
2026-04-10 09:35:00,1920.0,1925.0,1915.0,1925.0,71500
2026-04-10 09:40:00,1925.0,1925.0,1915.0,1920.0,42800
2026-04-10 09:45:00,1920.0,1920.0,1915.0,1920.0,18900
2026-04-10 09:50:00,1920.0,1920.0,1915.0,1915.0,57400
2026-04-10 09:55:00,1915.0,1925.0,1915.0,1925.0,124000
2026-04-10 10:00:00,1925.0,1925.0,1915.0,1915.0,81600
2026-04-10 10:05:00,1915.0,1920.0,1915.0,1920.0,60600
2026-04-10 10:10:00,1915.0,1920.0,1915.0,1915.0,402500
2026-04-10 10:15:00,1920.0,1920.0,1915.0,1920.0,338400
2026-04-10 10:20:00,1920.0,1920.0,1910.0,1910.0,434900
2026-04-10 10:25:00,1915.0,1915.0,1910.0,1915.0,121100
2026-04-10 10:30:00,1915.0,1920.0,1915.0,1915.0,47000
2026-04-10 10:35:00,1915.0,1920.0,1915.0,1915.0,10900
2026-04-10 10:40:00,1915.0,1920.0,1915.0,1920.0,93200
2026-04-10 10:45:00,1920.0,1920.0,1915.0,1920.0,35600
2026-04-10 10:50:00,1920.0,1920.0,1915.0,1915.0,7300
2026-04-10 10:55:00,1920.0,1920.0,1915.0,1915.0,16000
2026-04-10 11:00:00,1915.0,1920.0,1915.0,1920.0,118200
2026-04-10 11:05:00,1920.0,1920.0,1915.0,1920.0,7800
2026-04-10 11:10:00,1915.0,1920.0,1915.0,1915.0,23100
2026-04-10 11:15:00,1915.0,1920.0,1915.0,1920.0,10800
2026-04-10 11:20:00,1915.0,1920.0,1915.0,1915.0,64300
2026-04-10 11:25:00,1920.0,1920.0,1915.0,1915.0,25400
2026-04-10 14:00:00,1915.0,1920.0,1910.0,1915.0,963300
2026-04-10 14:05:00,1915.0,1920.0,1910.0,1915.0,446900
2026-04-10 14:10:00,1915.0,1920.0,1910.0,1920.0,140300
2026-04-10 14:15:00,1915.0,1920.0,1915.0,1915.0,61400
2026-04-10 14:20:00,1920.0,1920.0,1915.0,1915.0,108100
2026-04-10 14:25:00,1915.0,1920.0,1915.0,1915.0,45600
2026-04-10 14:30:00,1915.0,1920.0,1910.0,1915.0,195000
2026-04-10 14:35:00,1910.0,1915.0,1910.0,1915.0,51300
2026-04-10 14:40:00,1915.0,1920.0,1910.0,1915.0,72300
2026-04-10 14:45:00,1915.0,1915.0,1910.0,1910.0,44800
2026-04-10 14:50:00,1915.0,1920.0,1910.0,1920.0,162100
2026-04-10 14:55:00,1915.0,1920.0,1910.0,1915.0,172300
2026-04-10 15:00:00,1915.0,1915.0,1910.0,1915.0,33900
2026-04-10 15:05:00,1915.0,1920.0,1915.0,1915.0,16000
2026-04-10 15:10:00,1915.0,1920.0,1910.0,1915.0,53900
2026-04-10 15:15:00,1910.0,1915.0,1910.0,1915.0,14200
2026-04-10 15:20:00,1910.0,1915.0,1910.0,1915.0,42100
2026-04-10 15:25:00,1910.0,1915.0,1910.0,1915.0,4100
2026-04-10 15:30:00,1910.0,1920.0,1910.0,1915.0,376700
2026-04-10 15:35:00,1920.0,1920.0,1915.0,1915.0,10600
2026-04-10 15:40:00,1915.0,1920.0,1915.0,1915.0,88200
2026-04-10 15:45:00,1915.0,1920.0,1915.0,1915.0,78000
2026-04-10 16:00:00,1920.0,1920.0,1920.0,1920.0,608400
2026-04-10 16:05:00,1920.0,1920.0,1920.0,1920.0,488800
2026-04-10 16:10:00,1920.0,1920.0,1920.0,1920.0,180900
2026-04-13 09:00:00,1910.0,1910.0,1885.0,1905.0,0
2026-04-13 09:05:00,1900.0,1910.0,1900.0,1905.0,153800
2026-04-13 09:10:00,1900.0,1905.0,1900.0,1905.0,29300
2026-04-13 09:15:00,1905.0,1910.0,1900.0,1905.0,32400
2026-04-13 09:20:00,1910.0,1910.0,1905.0,1905.0,24800
2026-04-13 09:25:00,1910.0,1910.0,1910.0,1910.0,10400
2026-04-13 09:30:00,1905.0,1910.0,1905.0,1905.0,16200
2026-04-13 09:35:00,1905.0,1910.0,1905.0,1905.0,5700
2026-04-13 09:40:00,1905.0,1905.0,1900.0,1905.0,94900
2026-04-13 09:45:00,1900.0,1905.0,1900.0,1905.0,69000
2026-04-13 09:50:00,1905.0,1905.0,1900.0,1905.0,10900
2026-04-13 09:55:00,1905.0,1905.0,1900.0,1905.0,21600
2026-04-13 10:00:00,1910.0,1915.0,1905.0,1915.0,114000
2026-04-13 10:05:00,1915.0,1915.0,1905.0,1910.0,101300
2026-04-13 10:10:00,1910.0,1910.0,1905.0,1905.0,15500
2026-04-13 10:15:00,1910.0,1910.0,1905.0,1910.0,30200
2026-04-13 10:20:00,1910.0,1915.0,1905.0,1905.0,339400
2026-04-13 10:25:00,1910.0,1910.0,1900.0,1905.0,85000
2026-04-13 10:30:00,1910.0,1910.0,1905.0,1910.0,6000
2026-04-13 10:35:00,1910.0,1910.0,1905.0,1905.0,65200
2026-04-13 10:40:00,1905.0,1910.0,1905.0,1910.0,2700
2026-04-13 10:45:00,1910.0,1910.0,1905.0,1910.0,7700
2026-04-13 10:50:00,1910.0,1910.0,1905.0,1910.0,1300
2026-04-13 10:55:00,1910.0,1910.0,1905.0,1910.0,9000
2026-04-13 11:00:00,1905.0,1910.0,1905.0,1905.0,53100
2026-04-13 11:05:00,1910.0,1910.0,1900.0,1905.0,260200
2026-04-13 11:10:00,1900.0,1910.0,1900.0,1905.0,60900
2026-04-13 11:15:00,1905.0,1910.0,1905.0,1910.0,0
2026-04-13 11:20:00,1910.0,1915.0,1905.0,1905.0,169000
2026-04-13 11:25:00,1905.0,1910.0,1905.0,1905.0,14700
2026-04-13 11:30:00,1905.0,1910.0,1905.0,1910.0,141200
2026-04-13 11:35:00,1915.0,1915.0,1910.0,1915.0,1100
2026-04-13 11:40:00,1915.0,1915.0,1910.0,1915.0,3800
2026-04-13 11:45:00,1915.0,1915.0,1910.0,1915.0,28000
2026-04-13 11:50:00,1915.0,1915.0,1910.0,1910.0,4700
2026-04-13 11:55:00,1910.0,1910.0,1910.0,1910.0,0
2026-04-13 13:30:00,1915.0,1915.0,1910.0,1910.0,66700
2026-04-13 13:35:00,1915.0,1915.0,1915.0,1915.0,21600
2026-04-13 13:40:00,1915.0,1915.0,1910.0,1915.0,20500
2026-04-13 13:45:00,1915.0,1915.0,1910.0,1915.0,10500
2026-04-13 13:50:00,1915.0,1915.0,1905.0,1905.0,182800
2026-04-13 13:55:00,1905.0,1910.0,1905.0,1905.0,39200
2026-04-13 14:00:00,1910.0,1910.0,1905.0,1905.0,17300
2026-04-13 14:05:00,1905.0,1910.0,1905.0,1910.0,63900
2026-04-13 14:10:00,1910.0,1910.0,1905.0,1905.0,16700
2026-04-13 14:15:00,1910.0,1910.0,1905.0,1905.0,13400
2026-04-13 14:20:00,1905.0,1910.0,1905.0,1905.0,15900
2026-04-13 14:25:00,1905.0,1910.0,1905.0,1905.0,8300
2026-04-13 14:30:00,1905.0,1910.0,1905.0,1910.0,47500
2026-04-13 14:35:00,1910.0,1915.0,1905.0,1910.0,255100
2026-04-13 14:40:00,1910.0,1915.0,1910.0,1915.0,5500
2026-04-13 14:45:00,1915.0,1915.0,1910.0,1910.0,126400
2026-04-13 14:50:00,1915.0,1915.0,1905.0,1905.0,261600
2026-04-13 14:55:00,1910.0,1910.0,1905.0,1905.0,33200
2026-04-13 15:00:00,1905.0,1910.0,1905.0,1905.0,27700
2026-04-13 15:05:00,1910.0,1910.0,1905.0,1905.0,25700
2026-04-13 15:10:00,1905.0,1910.0,1905.0,1910.0,22500
2026-04-13 15:15:00,1905.0,1910.0,1900.0,1905.0,335400
2026-04-13 15:20:00,1905.0,1905.0,1895.0,1900.0,1337000
2026-04-13 15:25:00,1905.0,1910.0,1900.0,1910.0,49600
2026-04-13 15:30:00,1910.0,1910.0,1895.0,1895.0,177600
2026-04-13 15:35:00,1895.0,1895.0,1890.0,1895.0,501900
2026-04-13 15:40:00,1890.0,1895.0,1890.0,1895.0,455600
2026-04-13 15:45:00,1890.0,1905.0,1890.0,1900.0,84600
2026-04-13 16:00:00,1910.0,1910.0,1910.0,1910.0,440200
2026-04-13 16:05:00,1910.0,1910.0,1910.0,1910.0,12100
2026-04-13 16:10:00,1910.0,1910.0,1910.0,1910.0,30800
2026-04-14 09:00:00,1920.0,1925.0,1915.0,1920.0,0
2026-04-14 09:05:00,1920.0,1920.0,1910.0,1920.0,225600
2026-04-14 09:10:00,1920.0,1920.0,1910.0,1920.0,166700
2026-04-14 09:15:00,1920.0,1920.0,1910.0,1915.0,118900
2026-04-14 09:20:00,1910.0,1915.0,1910.0,1915.0,169300
2026-04-14 09:25:00,1915.0,1920.0,1910.0,1920.0,218100
2026-04-14 09:30:00,1920.0,1925.0,1910.0,1925.0,286400
2026-04-14 09:35:00,1920.0,1920.0,1915.0,1915.0,236600
2026-04-14 09:40:00,1920.0,1920.0,1915.0,1915.0,8600
2026-04-14 09:45:00,1920.0,1920.0,1915.0,1915.0,37100
2026-04-14 09:50:00,1915.0,1920.0,1915.0,1920.0,446800
2026-04-14 09:55:00,1920.0,1920.0,1915.0,1920.0,76300
2026-04-14 10:00:00,1920.0,1920.0,1915.0,1915.0,40400
2026-04-14 10:05:00,1915.0,1920.0,1915.0,1915.0,77600
2026-04-14 10:10:00,1915.0,1915.0,1915.0,1915.0,111300
2026-04-14 10:15:00,1915.0,1915.0,1910.0,1910.0,270800
2026-04-14 10:20:00,1915.0,1915.0,1910.0,1910.0,140000
2026-04-14 10:25:00,1915.0,1915.0,1910.0,1910.0,52400
2026-04-14 10:30:00,1910.0,1915.0,1910.0,1915.0,133000
2026-04-14 10:35:00,1910.0,1915.0,1910.0,1915.0,23700
2026-04-14 10:40:00,1915.0,1915.0,1910.0,1915.0,51600
2026-04-14 10:45:00,1915.0,1915.0,1910.0,1910.0,27500
2026-04-14 10:50:00,1910.0,1920.0,1910.0,1920.0,63100
2026-04-14 10:55:00,1915.0,1920.0,1915.0,1915.0,112600
2026-04-14 11:00:00,1915.0,1920.0,1910.0,1915.0,353000
2026-04-14 11:05:00,1920.0,1920.0,1915.0,1915.0,61500
2026-04-14 11:10:00,1920.0,1920.0,1915.0,1915.0,41900
2026-04-14 11:15:00,1915.0,1915.0,1910.0,1915.0,188200
2026-04-14 11:20:00,1910.0,1920.0,1910.0,1915.0,274200
2026-04-14 11:25:00,1915.0,1920.0,1915.0,1915.0,24600
2026-04-14 11:30:00,1915.0,1920.0,1915.0,1915.0,192100
2026-04-14 11:35:00,1915.0,1920.0,1915.0,1915.0,20400
2026-04-14 11:40:00,1915.0,1920.0,1915.0,1915.0,14000
2026-04-14 11:45:00,1915.0,1915.0,1910.0,1915.0,417100
2026-04-14 11:50:00,1910.0,1915.0,1910.0,1915.0,41900
2026-04-14 11:55:00,1910.0,1915.0,1910.0,1910.0,36700
2026-04-14 13:30:00,1910.0,1915.0,1905.0,1905.0,797600
2026-04-14 13:35:00,1905.0,1910.0,1905.0,1905.0,17800
2026-04-14 13:40:00,1905.0,1910.0,1905.0,1910.0,173100
2026-04-14 13:45:00,1905.0,1910.0,1905.0,1905.0,24800
2026-04-14 13:50:00,1905.0,1910.0,1905.0,1910.0,24100
2026-04-14 13:55:00,1905.0,1910.0,1905.0,1905.0,147100
2026-04-14 14:00:00,1905.0,1910.0,1905.0,1905.0,119000
2026-04-14 14:05:00,1905.0,1910.0,1905.0,1905.0,80700
2026-04-14 14:10:00,1905.0,1910.0,1900.0,1910.0,82300
2026-04-14 14:15:00,1905.0,1910.0,1905.0,1910.0,91400
2026-04-14 14:20:00,1910.0,1910.0,1905.0,1910.0,45600
2026-04-14 14:25:00,1910.0,1910.0,1905.0,1905.0,16200
2026-04-14 14:30:00,1905.0,1915.0,1905.0,1915.0,287100
2026-04-14 14:35:00,1910.0,1915.0,1910.0,1910.0,369800
2026-04-14 14:40:00,1910.0,1915.0,1905.0,1915.0,25900
2026-04-14 14:45:00,1915.0,1915.0,1910.0,1910.0,34800
2026-04-14 14:50:00,1910.0,1915.0,1910.0,1910.0,161600
2026-04-14 14:55:00,1905.0,1910.0,1905.0,1910.0,0
2026-04-14 15:00:00,1905.0,1910.0,1905.0,1910.0,193800
2026-04-14 15:05:00,1910.0,1910.0,1905.0,1905.0,26100
2026-04-14 15:10:00,1905.0,1910.0,1905.0,1910.0,66800
2026-04-14 15:15:00,1905.0,1910.0,1905.0,1910.0,36500
2026-04-14 15:20:00,1905.0,1910.0,1905.0,1905.0,19600
2026-04-14 15:25:00,1905.0,1910.0,1905.0,1905.0,34900
2026-04-14 15:30:00,1905.0,1910.0,1905.0,1910.0,126600
2026-04-14 15:35:00,1910.0,1910.0,1905.0,1910.0,84300
2026-04-14 15:40:00,1910.0,1910.0,1905.0,1905.0,197400
2026-04-14 15:45:00,1905.0,1910.0,1905.0,1905.0,336200
2026-04-14 16:00:00,1910.0,1910.0,1910.0,1910.0,953300
2026-04-14 16:05:00,1910.0,1910.0,1910.0,1910.0,19400
2026-04-14 16:10:00,1910.0,1910.0,1910.0,1910.0,356000
2026-04-15 09:00:00,1920.0,1925.0,1910.0,1920.0,0
2026-04-15 09:05:00,1920.0,1920.0,1915.0,1915.0,84100
2026-04-15 09:10:00,1920.0,1920.0,1915.0,1920.0,109400
2026-04-15 09:15:00,1920.0,1920.0,1915.0,1915.0,136800
2026-04-15 09:20:00,1915.0,1920.0,1915.0,1920.0,149100
2026-04-15 09:25:00,1920.0,1920.0,1915.0,1915.0,86000
2026-04-15 09:30:00,1915.0,1920.0,1910.0,1915.0,144300
2026-04-15 09:35:00,1915.0,1915.0,1910.0,1910.0,82600
2026-04-15 09:40:00,1915.0,1915.0,1910.0,1915.0,85700
2026-04-15 09:45:00,1915.0,1915.0,1910.0,1915.0,84300
2026-04-15 09:50:00,1915.0,1915.0,1905.0,1905.0,698500
2026-04-15 09:55:00,1905.0,1910.0,1900.0,1900.0,276600
2026-04-15 10:00:00,1900.0,1910.0,1900.0,1900.0,90600
2026-04-15 10:05:00,1905.0,1905.0,1900.0,1905.0,145300
2026-04-15 10:10:00,1905.0,1905.0,1900.0,1905.0,29300
2026-04-15 10:15:00,1905.0,1905.0,1900.0,1905.0,41300
2026-04-15 10:20:00,1905.0,1905.0,1900.0,1905.0,162900
2026-04-15 10:25:00,1905.0,1905.0,1900.0,1900.0,105700
2026-04-15 10:30:00,1905.0,1905.0,1900.0,1900.0,144900
2026-04-15 10:35:00,1900.0,1905.0,1900.0,1900.0,179300
2026-04-15 10:40:00,1900.0,1905.0,1895.0,1900.0,613200
2026-04-15 10:45:00,1900.0,1900.0,1895.0,1900.0,129300
2026-04-15 10:50:00,1895.0,1900.0,1895.0,1900.0,87400
2026-04-15 10:55:00,1900.0,1900.0,1895.0,1900.0,42300
2026-04-15 11:00:00,1900.0,1900.0,1895.0,1895.0,54100
2026-04-15 11:05:00,1895.0,1900.0,1895.0,1895.0,38500
2026-04-15 11:10:00,1895.0,1900.0,1895.0,1895.0,73200
2026-04-15 11:15:00,1900.0,1900.0,1895.0,1900.0,138700
2026-04-15 11:20:00,1895.0,1900.0,1895.0,1900.0,48900
2026-04-15 11:25:00,1895.0,1900.0,1895.0,1895.0,29400
2026-04-15 11:30:00,1900.0,1900.0,1895.0,1900.0,191400
2026-04-15 11:35:00,1895.0,1900.0,1895.0,1895.0,112700
2026-04-15 11:40:00,1895.0,1900.0,1895.0,1900.0,70500
2026-04-15 11:45:00,1895.0,1900.0,1895.0,1900.0,27300
2026-04-15 11:50:00,1895.0,1900.0,1895.0,1895.0,88300
2026-04-15 11:55:00,1895.0,1900.0,1895.0,1895.0,45600
2026-04-15 13:30:00,1900.0,1900.0,1895.0,1895.0,137300
2026-04-15 13:35:00,1900.0,1900.0,1895.0,1895.0,102000
2026-04-15 13:40:00,1895.0,1900.0,1895.0,1895.0,37600
2026-04-15 13:45:00,1895.0,1900.0,1895.0,1895.0,66000
2026-04-15 13:50:00,1895.0,1900.0,1895.0,1895.0,95700
2026-04-15 13:55:00,1900.0,1900.0,1895.0,1895.0,104500
2026-04-15 14:00:00,1895.0,1900.0,1895.0,1900.0,20300
2026-04-15 14:05:00,1895.0,1900.0,1895.0,1900.0,62200
2026-04-15 14:10:00,1900.0,1900.0,1895.0,1895.0,126600
2026-04-15 14:15:00,1895.0,1900.0,1895.0,1895.0,113300
2026-04-15 14:20:00,1900.0,1900.0,1895.0,1895.0,1273700
2026-04-15 14:25:00,1900.0,1900.0,1895.0,1895.0,134400
2026-04-15 14:30:00,1900.0,1905.0,1895.0,1900.0,115700
2026-04-15 14:35:00,1905.0,1905.0,1900.0,1905.0,24400
2026-04-15 14:40:00,1900.0,1905.0,1900.0,1905.0,19600
2026-04-15 14:45:00,1900.0,1905.0,1900.0,1905.0,11600
2026-04-15 14:50:00,1905.0,1905.0,1900.0,1900.0,66300
2026-04-15 14:55:00,1900.0,1905.0,1895.0,1895.0,172300
2026-04-15 15:00:00,1900.0,1900.0,1895.0,1900.0,31900
2026-04-15 15:05:00,1895.0,1900.0,1895.0,1895.0,30900
2026-04-15 15:10:00,1895.0,1900.0,1895.0,1895.0,43000
2026-04-15 15:15:00,1895.0,1900.0,1895.0,1900.0,295600
2026-04-15 15:20:00,1900.0,1905.0,1895.0,1900.0,189300
2026-04-15 15:25:00,1905.0,1905.0,1900.0,1905.0,33000
2026-04-15 15:30:00,1905.0,1905.0,1900.0,1905.0,39300
2026-04-15 15:35:00,1900.0,1905.0,1900.0,1900.0,395400
2026-04-15 15:40:00,1900.0,1905.0,1900.0,1900.0,405000
2026-04-15 15:45:00,1900.0,1905.0,1895.0,1900.0,242700
2026-04-15 16:00:00,1895.0,1895.0,1895.0,1895.0,857600
2026-04-15 16:05:00,1895.0,1895.0,1895.0,1895.0,1000500
2026-04-16 09:00:00,1900.0,1900.0,1895.0,1900.0,0
2026-04-16 09:05:00,1895.0,1900.0,1895.0,1900.0,29500
2026-04-16 09:10:00,1900.0,1900.0,1895.0,1895.0,199300
2026-04-16 09:15:00,1895.0,1900.0,1895.0,1900.0,40800
2026-04-16 09:20:00,1895.0,1900.0,1895.0,1900.0,40500
2026-04-16 09:25:00,1895.0,1900.0,1895.0,1895.0,78800
2026-04-16 09:30:00,1895.0,1900.0,1890.0,1890.0,486300
2026-04-16 09:35:00,1895.0,1895.0,1890.0,1895.0,70200
2026-04-16 09:40:00,1890.0,1895.0,1890.0,1895.0,263000
2026-04-16 09:45:00,1895.0,1900.0,1890.0,1895.0,271700
2026-04-16 09:50:00,1900.0,1900.0,1890.0,1895.0,83400
2026-04-16 09:55:00,1895.0,1900.0,1895.0,1895.0,141900
2026-04-16 10:00:00,1895.0,1900.0,1890.0,1895.0,81800
2026-04-16 10:05:00,1895.0,1900.0,1890.0,1900.0,76700
2026-04-16 10:10:00,1900.0,1900.0,1895.0,1895.0,49600
2026-04-16 10:15:00,1895.0,1900.0,1890.0,1895.0,134200
2026-04-16 10:20:00,1895.0,1895.0,1890.0,1890.0,112900
2026-04-16 10:25:00,1890.0,1895.0,1890.0,1895.0,52300
2026-04-16 10:30:00,1895.0,1895.0,1890.0,1895.0,41500
2026-04-16 10:35:00,1895.0,1895.0,1890.0,1895.0,82700
2026-04-16 10:40:00,1895.0,1895.0,1890.0,1895.0,22200
2026-04-16 10:45:00,1895.0,1895.0,1890.0,1890.0,34200
2026-04-16 10:50:00,1890.0,1895.0,1890.0,1895.0,33200
2026-04-16 10:55:00,1890.0,1895.0,1890.0,1890.0,399000
2026-04-16 11:00:00,1890.0,1895.0,1890.0,1890.0,58900
2026-04-16 11:05:00,1890.0,1895.0,1890.0,1895.0,20100
2026-04-16 11:10:00,1890.0,1895.0,1890.0,1890.0,17900
2026-04-16 11:15:00,1890.0,1895.0,1890.0,1895.0,65300
2026-04-16 11:20:00,1895.0,1895.0,1885.0,1885.0,341900
2026-04-16 11:25:00,1885.0,1890.0,1885.0,1890.0,16000
2026-04-16 11:30:00,1890.0,1890.0,1885.0,1885.0,32500
2026-04-16 11:35:00,1890.0,1895.0,1885.0,1895.0,29500
2026-04-16 11:40:00,1895.0,1895.0,1885.0,1885.0,249000
2026-04-16 11:45:00,1885.0,1890.0,1885.0,1885.0,40900
2026-04-16 11:50:00,1885.0,1890.0,1885.0,1890.0,25300
2026-04-16 11:55:00,1885.0,1890.0,1885.0,1885.0,20500
2026-04-16 13:30:00,1885.0,1890.0,1885.0,1885.0,97200
2026-04-16 13:35:00,1885.0,1890.0,1880.0,1880.0,672600
2026-04-16 13:40:00,1885.0,1885.0,1880.0,1885.0,33400
2026-04-16 13:45:00,1885.0,1890.0,1880.0,1885.0,367900
2026-04-16 13:50:00,1885.0,1890.0,1885.0,1885.0,43100
2026-04-16 13:55:00,1890.0,1890.0,1880.0,1880.0,77000
2026-04-16 14:00:00,1885.0,1890.0,1880.0,1885.0,81300
2026-04-16 14:05:00,1885.0,1890.0,1880.0,1890.0,48300
2026-04-16 14:10:00,1890.0,1890.0,1885.0,1890.0,33000
2026-04-16 14:15:00,1885.0,1890.0,1880.0,1880.0,84700
2026-04-16 14:20:00,1880.0,1885.0,1880.0,1880.0,53000
2026-04-16 14:25:00,1885.0,1890.0,1880.0,1890.0,207100
2026-04-16 14:30:00,1885.0,1890.0,1885.0,1890.0,72100
2026-04-16 14:35:00,1890.0,1890.0,1880.0,1885.0,57900
2026-04-16 14:40:00,1885.0,1885.0,1880.0,1885.0,142900
2026-04-16 14:45:00,1880.0,1885.0,1880.0,1880.0,463300
2026-04-16 14:50:00,1880.0,1880.0,1875.0,1880.0,145800
2026-04-16 14:55:00,1880.0,1880.0,1875.0,1880.0,104900
2026-04-16 15:00:00,1880.0,1880.0,1870.0,1870.0,601600
2026-04-16 15:05:00,1870.0,1875.0,1865.0,1870.0,598500
2026-04-16 15:10:00,1870.0,1875.0,1865.0,1875.0,88400
2026-04-16 15:15:00,1875.0,1875.0,1870.0,1870.0,20200
2026-04-16 15:20:00,1870.0,1875.0,1865.0,1870.0,296700
2026-04-16 15:25:00,1865.0,1870.0,1865.0,1870.0,74600
2026-04-16 15:30:00,1865.0,1870.0,1860.0,1865.0,1384800
2026-04-16 15:35:00,1870.0,1870.0,1860.0,1865.0,331900
2026-04-16 15:40:00,1860.0,1865.0,1855.0,1860.0,1756300
2026-04-16 15:45:00,1860.0,1860.0,1855.0,1860.0,244000
2026-04-16 16:00:00,1860.0,1860.0,1860.0,1860.0,736800
2026-04-16 16:05:00,1860.0,1860.0,1860.0,1860.0,113800
2026-04-16 16:10:00,1860.0,1860.0,1860.0,1860.0,615600
2026-04-17 09:00:00,1865.0,1875.0,1860.0,1875.0,0
2026-04-17 09:05:00,1880.0,1880.0,1870.0,1870.0,193700
2026-04-17 09:10:00,1870.0,1875.0,1870.0,1875.0,89400
2026-04-17 09:15:00,1875.0,1880.0,1870.0,1880.0,167000
2026-04-17 09:20:00,1880.0,1880.0,1870.0,1870.0,307300
2026-04-17 09:25:00,1870.0,1875.0,1870.0,1875.0,68100
2026-04-17 09:30:00,1870.0,1875.0,1870.0,1875.0,42000
2026-04-17 09:35:00,1875.0,1875.0,1870.0,1870.0,74700
2026-04-17 09:40:00,1875.0,1875.0,1870.0,1875.0,32100
2026-04-17 09:45:00,1875.0,1880.0,1870.0,1880.0,442500
2026-04-17 09:50:00,1880.0,1880.0,1875.0,1880.0,57700
2026-04-17 09:55:00,1880.0,1880.0,1875.0,1880.0,191900
2026-04-17 10:00:00,1880.0,1880.0,1875.0,1880.0,307900
2026-04-17 10:05:00,1880.0,1880.0,1875.0,1875.0,242700
2026-04-17 10:10:00,1880.0,1880.0,1875.0,1875.0,270600
2026-04-17 10:15:00,1880.0,1880.0,1875.0,1880.0,0
2026-04-17 10:20:00,1880.0,1880.0,1875.0,1875.0,241100
2026-04-17 10:25:00,1875.0,1880.0,1875.0,1880.0,41200
2026-04-17 10:30:00,1880.0,1880.0,1875.0,1875.0,17700
2026-04-17 10:35:00,1875.0,1880.0,1875.0,1880.0,38900
2026-04-17 10:40:00,1875.0,1880.0,1875.0,1875.0,25400
2026-04-17 10:45:00,1880.0,1880.0,1875.0,1875.0,192600
2026-04-17 10:50:00,1875.0,1895.0,1875.0,1890.0,852500
2026-04-17 10:55:00,1895.0,1895.0,1885.0,1890.0,269300
2026-04-17 11:00:00,1885.0,1885.0,1875.0,1880.0,302200
2026-04-17 11:05:00,1880.0,1885.0,1880.0,1885.0,46300
2026-04-17 11:10:00,1880.0,1885.0,1880.0,1880.0,26700
2026-04-17 11:15:00,1880.0,1885.0,1880.0,1885.0,22800
2026-04-17 11:20:00,1885.0,1885.0,1880.0,1885.0,30000
2026-04-17 11:25:00,1880.0,1885.0,1880.0,1880.0,40100
2026-04-17 14:00:00,1885.0,1890.0,1880.0,1885.0,271300
2026-04-17 14:05:00,1880.0,1885.0,1875.0,1880.0,91000
2026-04-17 14:10:00,1875.0,1880.0,1875.0,1875.0,68400
2026-04-17 14:15:00,1875.0,1880.0,1875.0,1875.0,32800
2026-04-17 14:20:00,1875.0,1880.0,1875.0,1880.0,273300
2026-04-17 14:25:00,1880.0,1880.0,1875.0,1875.0,369300
2026-04-17 14:30:00,1875.0,1880.0,1870.0,1870.0,155100
2026-04-17 14:35:00,1870.0,1875.0,1870.0,1870.0,49200
2026-04-17 14:40:00,1870.0,1880.0,1870.0,1875.0,154500
2026-04-17 14:45:00,1875.0,1880.0,1875.0,1875.0,78100
2026-04-17 14:50:00,1875.0,1880.0,1870.0,1875.0,131200
2026-04-17 14:55:00,1875.0,1880.0,1875.0,1880.0,47800
2026-04-17 15:00:00,1875.0,1880.0,1875.0,1880.0,134000
2026-04-17 15:05:00,1875.0,1880.0,1875.0,1875.0,84300
2026-04-17 15:10:00,1875.0,1875.0,1875.0,1875.0,75100
2026-04-17 15:15:00,1875.0,1880.0,1875.0,1875.0,153600
2026-04-17 15:20:00,1875.0,1880.0,1870.0,1870.0,215300
2026-04-17 15:25:00,1870.0,1875.0,1870.0,1870.0,78100
2026-04-17 15:30:00,1875.0,1875.0,1870.0,1870.0,242100
2026-04-17 15:35:00,1870.0,1875.0,1870.0,1875.0,185200
2026-04-17 15:40:00,1870.0,1875.0,1870.0,1875.0,241400
2026-04-17 15:45:00,1870.0,1875.0,1870.0,1875.0,401200
2026-04-17 16:00:00,1865.0,1865.0,1865.0,1865.0,1025400
2026-04-17 16:05:00,1865.0,1865.0,1865.0,1865.0,5000
2026-04-17 16:10:00,1865.0,1865.0,1865.0,1865.0,600
2026-04-20 09:00:00,1875.0,1880.0,1870.0,1880.0,0
2026-04-20 09:05:00,1880.0,1885.0,1875.0,1880.0,118800
2026-04-20 09:10:00,1880.0,1880.0,1875.0,1875.0,53900
2026-04-20 09:15:00,1875.0,1880.0,1875.0,1875.0,27400
2026-04-20 09:20:00,1880.0,1880.0,1870.0,1870.0,146300
2026-04-20 09:25:00,1870.0,1875.0,1865.0,1870.0,172100
2026-04-20 09:30:00,1870.0,1875.0,1865.0,1875.0,106500
2026-04-20 09:35:00,1875.0,1875.0,1870.0,1875.0,107800
2026-04-20 09:40:00,1875.0,1875.0,1870.0,1870.0,28800
2026-04-20 09:45:00,1870.0,1875.0,1870.0,1875.0,32000
2026-04-20 09:50:00,1875.0,1875.0,1870.0,1870.0,209500
2026-04-20 09:55:00,1870.0,1870.0,1865.0,1870.0,13200
2026-04-20 10:00:00,1865.0,1870.0,1865.0,1870.0,36400
2026-04-20 10:05:00,1870.0,1870.0,1865.0,1865.0,57100
2026-04-20 10:10:00,1870.0,1870.0,1865.0,1870.0,32100
2026-04-20 10:15:00,1865.0,1875.0,1865.0,1875.0,102800
2026-04-20 10:20:00,1870.0,1875.0,1870.0,1870.0,61100
2026-04-20 10:25:00,1870.0,1870.0,1865.0,1865.0,49300
2026-04-20 10:30:00,1870.0,1870.0,1865.0,1865.0,34700
2026-04-20 10:35:00,1870.0,1870.0,1865.0,1865.0,69200
2026-04-20 10:40:00,1865.0,1870.0,1865.0,1870.0,36000
2026-04-20 10:45:00,1870.0,1870.0,1865.0,1870.0,43500
2026-04-20 10:50:00,1870.0,1870.0,1865.0,1870.0,90300
2026-04-20 10:55:00,1870.0,1870.0,1865.0,1870.0,42700
2026-04-20 11:00:00,1870.0,1870.0,1845.0,1845.0,1894100
2026-04-20 11:05:00,1845.0,1850.0,1840.0,1845.0,443200
2026-04-20 11:10:00,1845.0,1850.0,1840.0,1845.0,117000
2026-04-20 11:15:00,1850.0,1855.0,1850.0,1850.0,136900
2026-04-20 11:20:00,1855.0,1855.0,1850.0,1850.0,69100
2026-04-20 11:25:00,1850.0,1855.0,1850.0,1855.0,53100
2026-04-20 16:10:00,1820.0,1820.0,1820.0,1820.0,10232500
2026-04-21 09:00:00,1820.0,1820.0,1805.0,1810.0,0
2026-04-21 09:05:00,1810.0,1815.0,1805.0,1810.0,268800
2026-04-21 09:10:00,1810.0,1815.0,1805.0,1810.0,330200
2026-04-21 09:15:00,1810.0,1815.0,1805.0,1810.0,365600
2026-04-21 09:20:00,1815.0,1815.0,1810.0,1815.0,68400
2026-04-21 09:25:00,1815.0,1815.0,1810.0,1810.0,79200
2026-04-21 09:30:00,1815.0,1815.0,1810.0,1815.0,87200
2026-04-21 09:35:00,1815.0,1815.0,1810.0,1810.0,54400
2026-04-21 09:40:00,1810.0,1815.0,1810.0,1810.0,71500
2026-04-21 09:45:00,1815.0,1815.0,1810.0,1815.0,167200
2026-04-21 09:50:00,1815.0,1815.0,1805.0,1805.0,777700
2026-04-21 09:55:00,1805.0,1810.0,1800.0,1805.0,459800
2026-04-21 10:00:00,1805.0,1805.0,1800.0,1805.0,170800
2026-04-21 10:05:00,1805.0,1810.0,1800.0,1800.0,234600
2026-04-21 10:10:00,1800.0,1805.0,1800.0,1805.0,594900
2026-04-21 10:15:00,1800.0,1805.0,1800.0,1805.0,207000
2026-04-21 10:20:00,1805.0,1805.0,1800.0,1800.0,60200
2026-04-21 10:25:00,1805.0,1805.0,1800.0,1805.0,157700
2026-04-21 10:30:00,1800.0,1805.0,1800.0,1800.0,106300
2026-04-21 10:35:00,1800.0,1805.0,1800.0,1805.0,237600
2026-04-21 10:40:00,1805.0,1805.0,1800.0,1800.0,160500
2026-04-21 10:45:00,1805.0,1805.0,1800.0,1800.0,33100
2026-04-21 10:50:00,1805.0,1805.0,1800.0,1800.0,41900
2026-04-21 10:55:00,1805.0,1805.0,1800.0,1800.0,43400
2026-04-21 11:00:00,1805.0,1805.0,1795.0,1795.0,1644800
2026-04-21 11:05:00,1795.0,1800.0,1795.0,1800.0,167500
2026-04-21 11:10:00,1800.0,1805.0,1795.0,1800.0,156500
2026-04-21 11:15:00,1805.0,1805.0,1795.0,1800.0,183000
2026-04-21 11:20:00,1805.0,1805.0,1800.0,1800.0,91900
2026-04-21 11:25:00,1800.0,1800.0,1795.0,1800.0,103400
2026-04-21 11:30:00,1800.0,1805.0,1795.0,1805.0,90900
2026-04-21 11:35:00,1805.0,1805.0,1800.0,1805.0,31000
2026-04-21 11:40:00,1800.0,1805.0,1795.0,1800.0,164400
2026-04-21 11:45:00,1800.0,1800.0,1795.0,1800.0,33800
2026-04-21 11:50:00,1800.0,1800.0,1795.0,1800.0,262700
2026-04-21 11:55:00,1800.0,1800.0,1795.0,1795.0,334600
2026-04-21 13:30:00,1795.0,1800.0,1795.0,1800.0,138900
2026-04-21 13:35:00,1800.0,1800.0,1795.0,1795.0,48800
2026-04-21 13:40:00,1795.0,1800.0,1795.0,1800.0,47300
2026-04-21 13:45:00,1800.0,1800.0,1795.0,1800.0,224900
2026-04-21 13:50:00,1795.0,1800.0,1795.0,1795.0,51500
2026-04-21 13:55:00,1800.0,1800.0,1795.0,1800.0,38100
2026-04-21 14:00:00,1800.0,1800.0,1790.0,1795.0,956900
2026-04-21 14:05:00,1795.0,1800.0,1790.0,1800.0,234200
2026-04-21 14:10:00,1795.0,1800.0,1795.0,1795.0,64400
2026-04-21 14:15:00,1800.0,1800.0,1795.0,1800.0,30600
2026-04-21 14:20:00,1800.0,1800.0,1795.0,1795.0,36200
2026-04-21 14:25:00,1800.0,1800.0,1795.0,1800.0,120500
2026-04-21 14:30:00,1795.0,1800.0,1795.0,1800.0,49300
2026-04-21 14:35:00,1795.0,1800.0,1795.0,1800.0,50100
2026-04-21 14:40:00,1795.0,1800.0,1795.0,1800.0,95800
2026-04-21 14:45:00,1795.0,1800.0,1795.0,1800.0,71800
2026-04-21 14:50:00,1800.0,1800.0,1795.0,1800.0,145400
2026-04-21 14:55:00,1800.0,1800.0,1795.0,1795.0,177900
2026-04-21 15:00:00,1800.0,1800.0,1795.0,1800.0,174600
2026-04-21 15:05:00,1800.0,1800.0,1795.0,1800.0,133700
2026-04-21 15:10:00,1800.0,1805.0,1795.0,1805.0,295600
2026-04-21 15:15:00,1805.0,1805.0,1800.0,1805.0,44900
2026-04-21 15:20:00,1805.0,1805.0,1800.0,1805.0,40500
2026-04-21 15:25:00,1805.0,1805.0,1800.0,1805.0,54100
2026-04-21 15:30:00,1805.0,1805.0,1800.0,1800.0,141100
2026-04-21 15:35:00,1800.0,1805.0,1800.0,1800.0,87900
2026-04-21 15:40:00,1800.0,1805.0,1800.0,1800.0,204600
2026-04-21 15:45:00,1800.0,1805.0,1800.0,1805.0,150800
2026-04-21 16:00:00,1800.0,1800.0,1800.0,1800.0,1030000
2026-04-21 16:05:00,1800.0,1800.0,1800.0,1800.0,1400
2026-04-21 16:10:00,1800.0,1800.0,1800.0,1800.0,300
2026-04-22 09:00:00,1805.0,1810.0,1800.0,1805.0,0
2026-04-22 09:05:00,1805.0,1810.0,1800.0,1810.0,135000
2026-04-22 09:10:00,1810.0,1815.0,1810.0,1815.0,326800
2026-04-22 09:15:00,1815.0,1820.0,1810.0,1810.0,313300
2026-04-22 09:20:00,1815.0,1820.0,1810.0,1820.0,119000
2026-04-22 09:25:00,1815.0,1820.0,1810.0,1815.0,145300
2026-04-22 09:30:00,1810.0,1815.0,1810.0,1810.0,172700
2026-04-22 09:35:00,1810.0,1810.0,1800.0,1800.0,150700
2026-04-22 09:40:00,1805.0,1805.0,1790.0,1800.0,977200
2026-04-22 09:45:00,1800.0,1800.0,1795.0,1800.0,50300
2026-04-22 09:50:00,1800.0,1800.0,1795.0,1800.0,101600
2026-04-22 09:55:00,1800.0,1800.0,1795.0,1795.0,32400
2026-04-22 10:00:00,1800.0,1800.0,1795.0,1800.0,235500
2026-04-22 10:05:00,1800.0,1800.0,1795.0,1800.0,74000
2026-04-22 10:10:00,1800.0,1805.0,1795.0,1805.0,109600
2026-04-22 10:15:00,1805.0,1805.0,1800.0,1805.0,141800
2026-04-22 10:20:00,1800.0,1805.0,1800.0,1805.0,33200
2026-04-22 10:25:00,1800.0,1805.0,1800.0,1800.0,45300
2026-04-22 10:30:00,1805.0,1805.0,1800.0,1805.0,55000
2026-04-22 10:35:00,1805.0,1805.0,1800.0,1800.0,34500
2026-04-22 10:40:00,1800.0,1805.0,1800.0,1805.0,10400
2026-04-22 10:45:00,1800.0,1805.0,1795.0,1795.0,398200
2026-04-22 10:50:00,1795.0,1800.0,1795.0,1800.0,92300
2026-04-22 10:55:00,1795.0,1800.0,1795.0,1800.0,239000
2026-04-22 11:00:00,1795.0,1795.0,1790.0,1790.0,811400
2026-04-22 11:05:00,1790.0,1795.0,1790.0,1795.0,201200
2026-04-22 11:10:00,1795.0,1795.0,1790.0,1790.0,120200
2026-04-22 11:15:00,1795.0,1795.0,1790.0,1795.0,970900
2026-04-22 11:20:00,1795.0,1795.0,1790.0,1795.0,87500
2026-04-22 11:25:00,1790.0,1795.0,1790.0,1795.0,371000
2026-04-22 11:30:00,1795.0,1795.0,1790.0,1795.0,26600
2026-04-22 11:35:00,1795.0,1795.0,1790.0,1790.0,72600
2026-04-22 11:40:00,1790.0,1795.0,1790.0,1790.0,53400
2026-04-22 11:45:00,1790.0,1795.0,1790.0,1790.0,70300
2026-04-22 11:50:00,1790.0,1795.0,1790.0,1790.0,92000
2026-04-22 11:55:00,1790.0,1795.0,1790.0,1790.0,321500
2026-04-22 13:30:00,1790.0,1795.0,1790.0,1795.0,112000
2026-04-22 13:35:00,1790.0,1795.0,1790.0,1795.0,68300
2026-04-22 13:40:00,1795.0,1795.0,1790.0,1790.0,212000
2026-04-22 13:45:00,1795.0,1795.0,1790.0,1795.0,92000
2026-04-22 13:50:00,1790.0,1795.0,1790.0,1790.0,231100
2026-04-22 13:55:00,1795.0,1795.0,1790.0,1790.0,189300
2026-04-22 14:00:00,1790.0,1790.0,1785.0,1785.0,174900
2026-04-22 14:05:00,1785.0,1790.0,1785.0,1785.0,136800
2026-04-22 14:10:00,1785.0,1785.0,1770.0,1775.0,3401500
2026-04-22 14:15:00,1775.0,1775.0,1770.0,1770.0,203900
2026-04-22 14:20:00,1775.0,1775.0,1770.0,1775.0,102800
2026-04-22 14:25:00,1770.0,1775.0,1770.0,1775.0,111500
2026-04-22 14:30:00,1770.0,1775.0,1770.0,1770.0,138900
2026-04-22 14:35:00,1770.0,1775.0,1770.0,1775.0,483500
2026-04-22 14:40:00,1775.0,1775.0,1770.0,1770.0,108000
2026-04-22 14:45:00,1775.0,1775.0,1770.0,1770.0,345300
2026-04-22 14:50:00,1775.0,1775.0,1770.0,1775.0,284700
2026-04-22 14:55:00,1775.0,1775.0,1770.0,1775.0,43200
2026-04-22 15:00:00,1775.0,1775.0,1770.0,1775.0,73300
2026-04-22 15:05:00,1775.0,1775.0,1770.0,1775.0,186300
2026-04-22 15:10:00,1775.0,1775.0,1770.0,1770.0,283300
2026-04-22 15:15:00,1770.0,1775.0,1770.0,1775.0,245900
2026-04-22 15:20:00,1775.0,1775.0,1770.0,1775.0,411000
2026-04-22 15:25:00,1775.0,1775.0,1765.0,1765.0,904600
2026-04-22 15:30:00,1765.0,1770.0,1760.0,1765.0,858300
2026-04-22 15:35:00,1765.0,1765.0,1760.0,1765.0,1114900
2026-04-22 15:40:00,1765.0,1770.0,1760.0,1765.0,508100
2026-04-22 15:45:00,1760.0,1770.0,1760.0,1765.0,851400
2026-04-22 16:00:00,1765.0,1765.0,1765.0,1765.0,911300
2026-04-22 16:05:00,1765.0,1765.0,1765.0,1765.0,52200
2026-04-22 16:10:00,1765.0,1765.0,1765.0,1765.0,1900
2026-04-23 09:00:00,1760.0,1760.0,1730.0,1735.0,0
2026-04-23 09:05:00,1735.0,1745.0,1730.0,1735.0,704500
2026-04-23 09:10:00,1740.0,1745.0,1735.0,1745.0,454500
2026-04-23 09:15:00,1745.0,1745.0,1740.0,1745.0,71000
2026-04-23 09:20:00,1740.0,1745.0,1735.0,1740.0,388800
2026-04-23 09:25:00,1735.0,1740.0,1735.0,1740.0,648500
2026-04-23 09:30:00,1740.0,1745.0,1735.0,1740.0,410400
2026-04-23 09:35:00,1745.0,1745.0,1740.0,1745.0,91000
2026-04-23 09:40:00,1740.0,1745.0,1735.0,1740.0,321000
2026-04-23 09:45:00,1735.0,1740.0,1735.0,1740.0,125500
2026-04-23 09:50:00,1740.0,1740.0,1735.0,1740.0,297800
2026-04-23 09:55:00,1735.0,1740.0,1735.0,1735.0,1384700
2026-04-23 10:00:00,1740.0,1740.0,1730.0,1730.0,179700
2026-04-23 10:05:00,1730.0,1735.0,1730.0,1730.0,295900
2026-04-23 10:10:00,1730.0,1735.0,1725.0,1725.0,2195300
2026-04-23 10:15:00,1725.0,1730.0,1715.0,1715.0,1226900
2026-04-23 10:20:00,1715.0,1720.0,1715.0,1715.0,716400
2026-04-23 10:25:00,1720.0,1720.0,1710.0,1710.0,332700
2026-04-23 10:30:00,1715.0,1720.0,1710.0,1720.0,784900
2026-04-23 10:35:00,1720.0,1720.0,1715.0,1715.0,45400
2026-04-23 10:40:00,1720.0,1720.0,1715.0,1715.0,122200
2026-04-23 10:45:00,1715.0,1720.0,1715.0,1720.0,114100
2026-04-23 10:50:00,1715.0,1720.0,1715.0,1715.0,183000
2026-04-23 10:55:00,1715.0,1720.0,1715.0,1715.0,229000
2026-04-23 11:00:00,1720.0,1720.0,1715.0,1715.0,325300
2026-04-23 11:05:00,1715.0,1720.0,1710.0,1715.0,206500
2026-04-23 11:10:00,1715.0,1715.0,1710.0,1710.0,320600
2026-04-23 11:15:00,1710.0,1715.0,1710.0,1715.0,225900
2026-04-23 11:20:00,1715.0,1715.0,1710.0,1715.0,359000
2026-04-23 11:25:00,1710.0,1720.0,1710.0,1715.0,740100
2026-04-23 11:30:00,1715.0,1720.0,1715.0,1715.0,104300
2026-04-23 11:35:00,1715.0,1720.0,1715.0,1715.0,66700
2026-04-23 11:40:00,1715.0,1720.0,1715.0,1715.0,271600
2026-04-23 11:45:00,1720.0,1720.0,1715.0,1715.0,61300
2026-04-23 11:50:00,1715.0,1725.0,1715.0,1725.0,377200
2026-04-23 11:55:00,1725.0,1725.0,1720.0,1720.0,375800
2026-04-23 13:30:00,1725.0,1725.0,1715.0,1720.0,1117200
2026-04-23 13:35:00,1720.0,1725.0,1715.0,1720.0,615900
2026-04-23 13:40:00,1720.0,1725.0,1720.0,1720.0,266500
2026-04-23 13:45:00,1720.0,1725.0,1720.0,1720.0,191900
2026-04-23 13:50:00,1720.0,1725.0,1720.0,1720.0,248800
2026-04-23 13:55:00,1720.0,1725.0,1715.0,1720.0,590200
2026-04-23 14:00:00,1720.0,1720.0,1715.0,1715.0,600400
2026-04-23 14:05:00,1715.0,1720.0,1715.0,1715.0,565000
2026-04-23 14:10:00,1715.0,1720.0,1715.0,1715.0,230600
2026-04-23 14:15:00,1715.0,1720.0,1710.0,1710.0,659200
2026-04-23 14:20:00,1710.0,1715.0,1710.0,1710.0,356200
2026-04-23 14:25:00,1710.0,1715.0,1710.0,1710.0,342600
2026-04-23 14:30:00,1710.0,1715.0,1710.0,1710.0,723700
2026-04-23 14:35:00,1710.0,1710.0,1705.0,1705.0,520800
2026-04-23 14:40:00,1705.0,1710.0,1705.0,1710.0,489000
2026-04-23 14:45:00,1705.0,1710.0,1705.0,1710.0,456900
2026-04-23 14:50:00,1705.0,1710.0,1705.0,1710.0,761500
2026-04-23 14:55:00,1705.0,1710.0,1705.0,1705.0,711600
2026-04-23 15:00:00,1705.0,1710.0,1700.0,1705.0,1179000
2026-04-23 15:05:00,1710.0,1710.0,1700.0,1700.0,828200
2026-04-23 15:10:00,1700.0,1705.0,1700.0,1700.0,1599200
2026-04-23 15:15:00,1700.0,1705.0,1700.0,1700.0,1448700
2026-04-23 15:20:00,1700.0,1705.0,1695.0,1695.0,2623900
2026-04-23 15:25:00,1695.0,1700.0,1695.0,1700.0,1043200
2026-04-23 15:30:00,1695.0,1700.0,1690.0,1690.0,1373400
2026-04-23 15:35:00,1690.0,1695.0,1680.0,1685.0,2891800
2026-04-23 15:40:00,1680.0,1685.0,1675.0,1680.0,2214400
2026-04-23 15:45:00,1680.0,1685.0,1675.0,1685.0,3051600
2026-04-23 16:00:00,1675.0,1675.0,1675.0,1675.0,1653700
2026-04-23 16:05:00,1675.0,1675.0,1675.0,1675.0,1200
2026-04-23 16:10:00,1675.0,1675.0,1675.0,1675.0,1600
2026-04-24 09:00:00,1675.0,1685.0,1655.0,1660.0,0
2026-04-24 09:05:00,1660.0,1660.0,1645.0,1655.0,1392200
2026-04-24 09:10:00,1655.0,1655.0,1650.0,1655.0,561700
2026-04-24 09:15:00,1655.0,1660.0,1650.0,1660.0,371100
2026-04-24 09:20:00,1660.0,1660.0,1630.0,1630.0,2065400
2026-04-24 09:25:00,1635.0,1635.0,1625.0,1630.0,1243000
2026-04-24 09:30:00,1625.0,1630.0,1620.0,1625.0,1825100
2026-04-24 09:35:00,1625.0,1625.0,1615.0,1620.0,509400
2026-04-24 09:40:00,1615.0,1620.0,1615.0,1620.0,511900
2026-04-24 09:45:00,1620.0,1625.0,1615.0,1620.0,926400
2026-04-24 09:50:00,1620.0,1620.0,1615.0,1620.0,525700
2026-04-24 09:55:00,1615.0,1620.0,1615.0,1620.0,97600
2026-04-24 10:00:00,1620.0,1620.0,1615.0,1620.0,145700
2026-04-24 10:05:00,1615.0,1620.0,1615.0,1620.0,158600
2026-04-24 10:10:00,1615.0,1620.0,1615.0,1615.0,206900
2026-04-24 10:15:00,1620.0,1620.0,1615.0,1620.0,592700
2026-04-24 10:20:00,1620.0,1620.0,1615.0,1620.0,223200
2026-04-24 10:25:00,1620.0,1620.0,1615.0,1620.0,87300
2026-04-24 10:30:00,1620.0,1620.0,1615.0,1620.0,91000
2026-04-24 10:35:00,1620.0,1620.0,1615.0,1620.0,59500
2026-04-24 10:40:00,1615.0,1620.0,1605.0,1605.0,2680400
2026-04-24 10:45:00,1605.0,1610.0,1590.0,1600.0,3244200
2026-04-24 10:50:00,1600.0,1600.0,1595.0,1595.0,119300
2026-04-24 10:55:00,1600.0,1600.0,1595.0,1600.0,503300
2026-04-24 11:00:00,1600.0,1605.0,1600.0,1605.0,232300
2026-04-24 11:05:00,1600.0,1605.0,1600.0,1605.0,81900
2026-04-24 11:10:00,1600.0,1605.0,1600.0,1605.0,1729100
2026-04-24 11:15:00,1610.0,1610.0,1600.0,1605.0,162200
2026-04-24 11:20:00,1605.0,1605.0,1600.0,1605.0,434600
2026-04-24 11:25:00,1605.0,1605.0,1595.0,1600.0,494800
2026-04-24 14:00:00,1595.0,1600.0,1575.0,1585.0,3890500
2026-04-24 14:05:00,1580.0,1585.0,1580.0,1580.0,214600
2026-04-24 14:10:00,1580.0,1585.0,1580.0,1585.0,188500
2026-04-24 14:15:00,1580.0,1585.0,1580.0,1585.0,180500
2026-04-24 14:20:00,1585.0,1585.0,1580.0,1585.0,460400
2026-04-24 14:25:00,1585.0,1585.0,1580.0,1585.0,839400
2026-04-24 14:30:00,1585.0,1595.0,1580.0,1595.0,612400
2026-04-24 14:35:00,1590.0,1600.0,1590.0,1600.0,471000
2026-04-24 14:40:00,1600.0,1600.0,1595.0,1600.0,365400
2026-04-24 14:45:00,1600.0,1600.0,1595.0,1595.0,62600
2026-04-24 14:50:00,1595.0,1600.0,1595.0,1600.0,176400
2026-04-24 14:55:00,1600.0,1600.0,1590.0,1595.0,699100
2026-04-24 15:00:00,1590.0,1595.0,1590.0,1595.0,177300
2026-04-24 15:05:00,1590.0,1590.0,1585.0,1585.0,806500
2026-04-24 15:10:00,1585.0,1590.0,1585.0,1585.0,899800
2026-04-24 15:15:00,1585.0,1590.0,1585.0,1585.0,193300
2026-04-24 15:20:00,1585.0,1590.0,1585.0,1585.0,256700
2026-04-24 15:25:00,1585.0,1590.0,1585.0,1590.0,253700
2026-04-24 15:30:00,1585.0,1590.0,1585.0,1590.0,560000
2026-04-24 15:35:00,1585.0,1590.0,1585.0,1585.0,944100
2026-04-24 15:40:00,1585.0,1590.0,1570.0,1570.0,3568400
2026-04-24 15:45:00,1575.0,1580.0,1565.0,1570.0,1490300
2026-04-24 16:00:00,1575.0,1575.0,1575.0,1575.0,1415600
2026-04-24 16:05:00,1575.0,1575.0,1575.0,1575.0,102200
2026-04-24 16:10:00,1575.0,1575.0,1575.0,1575.0,8600
2026-04-27 09:00:00,1575.0,1575.0,1525.0,1540.0,0
2026-04-27 09:05:00,1545.0,1545.0,1510.0,1515.0,2951400
2026-04-27 09:10:00,1510.0,1525.0,1510.0,1520.0,2407600
2026-04-27 09:15:00,1525.0,1535.0,1520.0,1535.0,1138200
2026-04-27 09:20:00,1535.0,1540.0,1530.0,1535.0,779000
2026-04-27 09:25:00,1535.0,1540.0,1530.0,1535.0,709200
2026-04-27 09:30:00,1535.0,1535.0,1530.0,1535.0,81000
2026-04-27 09:35:00,1535.0,1535.0,1530.0,1530.0,406300
2026-04-27 09:40:00,1535.0,1540.0,1525.0,1530.0,2252800
2026-04-27 09:45:00,1530.0,1535.0,1525.0,1525.0,306000
2026-04-27 09:50:00,1530.0,1530.0,1525.0,1530.0,193700
2026-04-27 09:55:00,1530.0,1530.0,1525.0,1530.0,75500
2026-04-27 10:00:00,1530.0,1530.0,1525.0,1530.0,84800
2026-04-27 10:05:00,1530.0,1530.0,1525.0,1525.0,464700
2026-04-27 10:10:00,1530.0,1530.0,1525.0,1530.0,70100
2026-04-27 10:15:00,1530.0,1530.0,1525.0,1530.0,66900
2026-04-27 10:20:00,1530.0,1530.0,1525.0,1530.0,35500
2026-04-27 10:25:00,1530.0,1530.0,1525.0,1530.0,67600
2026-04-27 10:30:00,1525.0,1530.0,1525.0,1525.0,193600
2026-04-27 10:35:00,1525.0,1530.0,1525.0,1530.0,65200
2026-04-27 10:40:00,1530.0,1530.0,1525.0,1530.0,106100
2026-04-27 10:45:00,1530.0,1530.0,1525.0,1530.0,38600
2026-04-27 10:50:00,1525.0,1530.0,1525.0,1530.0,38600
2026-04-27 10:55:00,1530.0,1530.0,1525.0,1530.0,1170100
2026-04-27 11:00:00,1530.0,1535.0,1525.0,1535.0,1439300
2026-04-27 11:05:00,1535.0,1535.0,1530.0,1535.0,525800
2026-04-27 11:10:00,1535.0,1535.0,1530.0,1530.0,63000
2026-04-27 11:15:00,1535.0,1535.0,1530.0,1535.0,121600
2026-04-27 11:20:00,1535.0,1535.0,1530.0,1530.0,17300
2026-04-27 11:25:00,1535.0,1535.0,1530.0,1535.0,95200
2026-04-27 11:30:00,1535.0,1535.0,1530.0,1535.0,227800
2026-04-27 11:35:00,1530.0,1535.0,1530.0,1535.0,45800
2026-04-27 11:40:00,1535.0,1535.0,1530.0,1530.0,73900
2026-04-27 11:45:00,1535.0,1535.0,1530.0,1535.0,180300
2026-04-27 11:50:00,1535.0,1535.0,1530.0,1535.0,220800
2026-04-27 11:55:00,1535.0,1535.0,1530.0,1535.0,120800
2026-04-27 13:30:00,1535.0,1545.0,1530.0,1540.0,2541700
2026-04-27 13:35:00,1540.0,1550.0,1535.0,1550.0,1115100
2026-04-27 13:40:00,1550.0,1555.0,1545.0,1550.0,838600
2026-04-27 13:45:00,1550.0,1550.0,1545.0,1550.0,634100
2026-04-27 13:50:00,1550.0,1550.0,1540.0,1545.0,690300
2026-04-27 13:55:00,1545.0,1545.0,1540.0,1545.0,226900
2026-04-27 14:00:00,1545.0,1545.0,1540.0,1545.0,159200
2026-04-27 14:05:00,1545.0,1545.0,1545.0,1545.0,104000
2026-04-27 14:10:00,1545.0,1545.0,1535.0,1540.0,772000
2026-04-27 14:15:00,1535.0,1540.0,1535.0,1540.0,37900
2026-04-27 14:20:00,1540.0,1540.0,1535.0,1540.0,46300
2026-04-27 14:25:00,1540.0,1540.0,1530.0,1540.0,295300
2026-04-27 14:30:00,1535.0,1540.0,1535.0,1535.0,353100
2026-04-27 14:35:00,1540.0,1540.0,1530.0,1535.0,363600
2026-04-27 14:40:00,1530.0,1535.0,1530.0,1535.0,19700
2026-04-27 14:45:00,1535.0,1535.0,1525.0,1530.0,808400
2026-04-27 14:50:00,1530.0,1535.0,1530.0,1535.0,235900
2026-04-27 14:55:00,1530.0,1535.0,1525.0,1530.0,661400
2026-04-27 15:00:00,1530.0,1530.0,1525.0,1530.0,140400
2026-04-27 15:05:00,1525.0,1530.0,1525.0,1530.0,555900
2026-04-27 15:10:00,1530.0,1530.0,1525.0,1530.0,151800
2026-04-27 15:15:00,1530.0,1530.0,1525.0,1530.0,23800
2026-04-27 15:20:00,1530.0,1530.0,1525.0,1525.0,152400
2026-04-27 15:25:00,1525.0,1530.0,1525.0,1530.0,156200
2026-04-27 15:30:00,1530.0,1530.0,1525.0,1525.0,160900
2026-04-27 15:35:00,1525.0,1530.0,1525.0,1525.0,1677200
2026-04-27 15:40:00,1530.0,1530.0,1520.0,1525.0,1433200
2026-04-27 15:45:00,1525.0,1525.0,1520.0,1520.0,1413900
2026-04-27 16:00:00,1520.0,1520.0,1520.0,1520.0,2479000
2026-04-27 16:05:00,1520.0,1520.0,1520.0,1520.0,9500
2026-04-27 16:10:00,1520.0,1520.0,1520.0,1520.0,0
2026-04-28 09:00:00,1530.0,1545.0,1520.0,1535.0,0
2026-04-28 09:05:00,1530.0,1535.0,1515.0,1520.0,2150400
2026-04-28 09:10:00,1520.0,1520.0,1500.0,1505.0,1686700
2026-04-28 09:15:00,1505.0,1515.0,1505.0,1515.0,485300
2026-04-28 09:20:00,1515.0,1520.0,1505.0,1510.0,494100
2026-04-28 09:25:00,1510.0,1510.0,1495.0,1505.0,1396800
2026-04-28 09:30:00,1510.0,1530.0,1510.0,1530.0,659800
2026-04-28 09:35:00,1530.0,1530.0,1515.0,1525.0,330500
2026-04-28 09:40:00,1525.0,1530.0,1520.0,1525.0,339700
2026-04-28 09:45:00,1525.0,1530.0,1515.0,1515.0,930800
2026-04-28 09:50:00,1515.0,1520.0,1515.0,1515.0,22400
2026-04-28 09:55:00,1515.0,1520.0,1515.0,1520.0,20400
2026-04-28 10:00:00,1515.0,1520.0,1505.0,1510.0,624200
2026-04-28 10:05:00,1510.0,1515.0,1510.0,1510.0,37600
2026-04-28 10:10:00,1515.0,1515.0,1510.0,1515.0,48700
2026-04-28 10:15:00,1515.0,1515.0,1510.0,1515.0,35000
2026-04-28 10:20:00,1515.0,1515.0,1510.0,1515.0,49100
2026-04-28 10:25:00,1515.0,1520.0,1510.0,1520.0,387100
2026-04-28 10:30:00,1515.0,1520.0,1510.0,1510.0,199700
2026-04-28 10:35:00,1510.0,1515.0,1510.0,1515.0,5700
2026-04-28 10:40:00,1515.0,1515.0,1510.0,1515.0,477800
2026-04-28 10:45:00,1515.0,1515.0,1510.0,1510.0,129900
2026-04-28 10:50:00,1515.0,1515.0,1505.0,1510.0,549200
2026-04-28 10:55:00,1515.0,1515.0,1510.0,1510.0,10000
2026-04-28 11:00:00,1510.0,1515.0,1505.0,1515.0,464900
2026-04-28 11:05:00,1515.0,1515.0,1510.0,1515.0,508100
2026-04-28 11:10:00,1515.0,1520.0,1515.0,1520.0,218200
2026-04-28 11:15:00,1520.0,1520.0,1515.0,1520.0,16200
2026-04-28 11:20:00,1520.0,1520.0,1515.0,1515.0,34700
2026-04-28 11:25:00,1520.0,1520.0,1505.0,1510.0,389000
2026-04-28 11:30:00,1510.0,1510.0,1505.0,1510.0,139100
2026-04-28 11:35:00,1510.0,1510.0,1495.0,1510.0,4124700
2026-04-28 11:40:00,1505.0,1510.0,1495.0,1495.0,355800
2026-04-28 11:45:00,1500.0,1505.0,1495.0,1505.0,627300
2026-04-28 11:50:00,1500.0,1505.0,1500.0,1505.0,71000
2026-04-28 11:55:00,1500.0,1505.0,1500.0,1500.0,45300
2026-04-28 13:30:00,1505.0,1505.0,1490.0,1490.0,3112000
2026-04-28 13:35:00,1495.0,1495.0,1490.0,1495.0,487100
2026-04-28 13:40:00,1495.0,1510.0,1495.0,1505.0,761700
2026-04-28 13:45:00,1505.0,1505.0,1500.0,1500.0,268200
2026-04-28 13:50:00,1505.0,1505.0,1500.0,1505.0,1600
2026-04-28 13:55:00,1500.0,1505.0,1490.0,1490.0,874100
2026-04-28 14:00:00,1490.0,1500.0,1490.0,1495.0,632400
2026-04-28 14:05:00,1495.0,1500.0,1485.0,1490.0,1113100
2026-04-28 14:10:00,1495.0,1495.0,1485.0,1490.0,1392100
2026-04-28 14:15:00,1485.0,1495.0,1485.0,1495.0,716000
2026-04-28 14:20:00,1495.0,1495.0,1490.0,1495.0,113900
2026-04-28 14:25:00,1495.0,1495.0,1490.0,1495.0,236600
2026-04-28 14:30:00,1495.0,1495.0,1490.0,1490.0,366000
2026-04-28 14:35:00,1490.0,1495.0,1490.0,1495.0,36900
2026-04-28 14:40:00,1495.0,1495.0,1490.0,1490.0,199500
2026-04-28 14:45:00,1490.0,1500.0,1490.0,1500.0,692600
2026-04-28 14:50:00,1500.0,1500.0,1495.0,1500.0,299100
2026-04-28 14:55:00,1500.0,1500.0,1500.0,1500.0,13000
2026-04-28 15:00:00,1500.0,1500.0,1495.0,1500.0,109500
2026-04-28 15:05:00,1500.0,1500.0,1495.0,1500.0,246500
2026-04-28 15:10:00,1495.0,1500.0,1495.0,1495.0,223000
2026-04-28 15:15:00,1495.0,1500.0,1495.0,1495.0,72800
2026-04-28 15:20:00,1495.0,1500.0,1495.0,1495.0,999800
2026-04-28 15:25:00,1495.0,1500.0,1495.0,1500.0,64400
2026-04-28 15:30:00,1500.0,1500.0,1495.0,1500.0,264400
2026-04-28 15:35:00,1500.0,1500.0,1495.0,1500.0,167800
2026-04-28 15:40:00,1500.0,1500.0,1495.0,1500.0,419000
2026-04-28 15:45:00,1500.0,1500.0,1490.0,1495.0,1529700
2026-04-28 16:00:00,1485.0,1485.0,1485.0,1485.0,6588100
2026-04-28 16:05:00,1485.0,1485.0,1485.0,1485.0,653000
2026-04-28 16:10:00,1485.0,1485.0,1485.0,1485.0,179300
2026-04-29 09:00:00,1495.0,1520.0,1495.0,1505.0,0
2026-04-29 09:05:00,1505.0,1525.0,1505.0,1525.0,922100
2026-04-29 09:10:00,1525.0,1530.0,1515.0,1520.0,789200
2026-04-29 09:15:00,1520.0,1520.0,1510.0,1510.0,530800
2026-04-29 09:20:00,1510.0,1515.0,1505.0,1510.0,618000
2026-04-29 09:25:00,1510.0,1525.0,1510.0,1515.0,1096700
2026-04-29 09:30:00,1515.0,1520.0,1515.0,1520.0,40200
2026-04-29 09:35:00,1520.0,1520.0,1510.0,1510.0,521200
2026-04-29 09:40:00,1510.0,1515.0,1505.0,1510.0,816900
2026-04-29 09:45:00,1515.0,1515.0,1510.0,1510.0,73200
2026-04-29 09:50:00,1510.0,1515.0,1510.0,1510.0,18000
2026-04-29 09:55:00,1515.0,1520.0,1510.0,1520.0,308200
2026-04-29 10:00:00,1520.0,1520.0,1515.0,1520.0,54800
2026-04-29 10:05:00,1515.0,1515.0,1510.0,1510.0,141100
2026-04-29 10:10:00,1515.0,1515.0,1510.0,1510.0,74300
2026-04-29 10:15:00,1515.0,1515.0,1510.0,1510.0,85900
2026-04-29 10:20:00,1510.0,1515.0,1510.0,1510.0,270900
2026-04-29 10:25:00,1515.0,1515.0,1510.0,1515.0,32300
2026-04-29 10:30:00,1515.0,1525.0,1510.0,1525.0,794800
2026-04-29 10:35:00,1525.0,1535.0,1520.0,1530.0,1541300
2026-04-29 10:40:00,1535.0,1545.0,1530.0,1545.0,763000
2026-04-29 10:45:00,1545.0,1545.0,1530.0,1530.0,306500
2026-04-29 10:50:00,1535.0,1540.0,1530.0,1535.0,291400
2026-04-29 10:55:00,1535.0,1540.0,1535.0,1540.0,237200
2026-04-29 11:00:00,1540.0,1540.0,1520.0,1525.0,1544700
2026-04-29 11:05:00,1525.0,1535.0,1525.0,1525.0,178600
2026-04-29 11:10:00,1530.0,1530.0,1525.0,1525.0,75700
2026-04-29 11:15:00,1525.0,1530.0,1520.0,1530.0,120200
2026-04-29 11:20:00,1525.0,1530.0,1525.0,1525.0,32000
2026-04-29 11:25:00,1525.0,1525.0,1520.0,1525.0,361700
2026-04-29 11:30:00,1525.0,1530.0,1520.0,1530.0,173400
2026-04-29 11:35:00,1525.0,1535.0,1525.0,1530.0,214800
2026-04-29 11:40:00,1540.0,1540.0,1530.0,1535.0,357600
2026-04-29 11:45:00,1535.0,1545.0,1535.0,1540.0,329400
2026-04-29 11:50:00,1540.0,1545.0,1535.0,1535.0,135800
2026-04-29 11:55:00,1535.0,1545.0,1535.0,1535.0,337800
2026-04-29 13:30:00,1540.0,1540.0,1525.0,1530.0,1282800
2026-04-29 13:35:00,1530.0,1535.0,1525.0,1525.0,279300
2026-04-29 13:40:00,1530.0,1535.0,1530.0,1535.0,78900
2026-04-29 13:45:00,1535.0,1535.0,1530.0,1530.0,76500
2026-04-29 13:50:00,1530.0,1535.0,1530.0,1530.0,173200
2026-04-29 13:55:00,1530.0,1535.0,1530.0,1530.0,68100
2026-04-29 14:00:00,1530.0,1535.0,1530.0,1530.0,20000
2026-04-29 14:05:00,1535.0,1535.0,1530.0,1530.0,28600
2026-04-29 14:10:00,1535.0,1535.0,1530.0,1530.0,363700
2026-04-29 14:15:00,1535.0,1550.0,1530.0,1550.0,982500
2026-04-29 14:20:00,1550.0,1555.0,1545.0,1550.0,1005000
2026-04-29 14:25:00,1550.0,1565.0,1550.0,1560.0,1397100
2026-04-29 14:30:00,1560.0,1565.0,1555.0,1560.0,571300
2026-04-29 14:35:00,1565.0,1565.0,1560.0,1560.0,509100
2026-04-29 14:40:00,1560.0,1565.0,1555.0,1560.0,515400
2026-04-29 14:45:00,1560.0,1560.0,1555.0,1560.0,299000
2026-04-29 14:50:00,1560.0,1570.0,1560.0,1565.0,1142000
2026-04-29 14:55:00,1570.0,1570.0,1560.0,1565.0,1485400
2026-04-29 15:00:00,1565.0,1575.0,1560.0,1570.0,1276100
2026-04-29 15:05:00,1570.0,1585.0,1565.0,1575.0,1982500
2026-04-29 15:10:00,1575.0,1575.0,1570.0,1570.0,787000
2026-04-29 15:15:00,1575.0,1590.0,1575.0,1585.0,898900
2026-04-29 15:20:00,1590.0,1595.0,1580.0,1585.0,2035100
2026-04-29 15:25:00,1590.0,1590.0,1580.0,1580.0,746000
2026-04-29 15:30:00,1585.0,1585.0,1570.0,1570.0,1084800
2026-04-29 15:35:00,1570.0,1580.0,1570.0,1580.0,704800
2026-04-29 15:40:00,1580.0,1585.0,1575.0,1575.0,867000
2026-04-29 15:45:00,1575.0,1580.0,1570.0,1575.0,911400
2026-04-29 16:00:00,1575.0,1575.0,1575.0,1575.0,1077000
2026-04-29 16:05:00,1575.0,1575.0,1575.0,1575.0,32800
2026-04-29 16:10:00,1575.0,1575.0,1575.0,1575.0,146300
2026-04-30 09:00:00,1610.0,1615.0,1575.0,1580.0,0
2026-04-30 09:05:00,1585.0,1595.0,1565.0,1565.0,2667700
2026-04-30 09:10:00,1565.0,1585.0,1560.0,1565.0,1604800
2026-04-30 09:15:00,1565.0,1575.0,1565.0,1575.0,470000
2026-04-30 09:20:00,1570.0,1575.0,1530.0,1555.0,3726900
2026-04-30 09:25:00,1555.0,1560.0,1545.0,1545.0,1362400
2026-04-30 09:30:00,1545.0,1550.0,1545.0,1545.0,235000
2026-04-30 09:35:00,1545.0,1550.0,1540.0,1545.0,1568300
2026-04-30 09:40:00,1545.0,1550.0,1540.0,1540.0,447400
2026-04-30 09:45:00,1540.0,1545.0,1540.0,1540.0,157900
2026-04-30 09:50:00,1545.0,1550.0,1530.0,1550.0,2222200
2026-04-30 09:55:00,1555.0,1555.0,1550.0,1550.0,346200
2026-04-30 10:00:00,1550.0,1555.0,1550.0,1550.0,71000
2026-04-30 10:05:00,1550.0,1555.0,1550.0,1550.0,142700
2026-04-30 10:10:00,1555.0,1555.0,1545.0,1545.0,362600
2026-04-30 10:15:00,1550.0,1555.0,1550.0,1550.0,265800
2026-04-30 10:20:00,1555.0,1555.0,1545.0,1550.0,293200
2026-04-30 10:25:00,1545.0,1550.0,1545.0,1545.0,96100
2026-04-30 10:30:00,1545.0,1550.0,1540.0,1540.0,475800
2026-04-30 10:35:00,1545.0,1550.0,1540.0,1545.0,472500
2026-04-30 10:40:00,1545.0,1550.0,1545.0,1545.0,27700
2026-04-30 10:45:00,1550.0,1550.0,1545.0,1545.0,662700
2026-04-30 10:50:00,1550.0,1550.0,1545.0,1545.0,125100
2026-04-30 10:55:00,1545.0,1550.0,1545.0,1545.0,280200
2026-04-30 11:00:00,1545.0,1545.0,1530.0,1530.0,1873200
2026-04-30 11:05:00,1530.0,1540.0,1530.0,1540.0,1490800
2026-04-30 11:10:00,1535.0,1540.0,1535.0,1540.0,211600
2026-04-30 11:15:00,1540.0,1540.0,1535.0,1540.0,163900
2026-04-30 11:20:00,1540.0,1540.0,1535.0,1540.0,96300
2026-04-30 11:25:00,1540.0,1540.0,1535.0,1535.0,323500
2026-04-30 11:30:00,1535.0,1540.0,1535.0,1540.0,77200
2026-04-30 11:35:00,1535.0,1545.0,1535.0,1545.0,583700
2026-04-30 11:40:00,1545.0,1545.0,1540.0,1540.0,272400
2026-04-30 11:45:00,1540.0,1545.0,1540.0,1540.0,69400
2026-04-30 11:50:00,1540.0,1545.0,1540.0,1540.0,128000
2026-04-30 11:55:00,1540.0,1545.0,1540.0,1545.0,715300
2026-04-30 13:30:00,1545.0,1550.0,1530.0,1535.0,1580700
2026-04-30 13:35:00,1535.0,1540.0,1535.0,1535.0,145800
2026-04-30 13:40:00,1535.0,1540.0,1535.0,1540.0,522000
2026-04-30 13:45:00,1535.0,1540.0,1530.0,1540.0,1305400
2026-04-30 13:50:00,1535.0,1540.0,1530.0,1535.0,372500
2026-04-30 13:55:00,1535.0,1540.0,1535.0,1535.0,175800
2026-04-30 14:00:00,1535.0,1540.0,1535.0,1535.0,160200
2026-04-30 14:05:00,1540.0,1540.0,1535.0,1535.0,366100
2026-04-30 14:10:00,1535.0,1540.0,1535.0,1535.0,303000
2026-04-30 14:15:00,1540.0,1540.0,1535.0,1535.0,278800
2026-04-30 14:20:00,1540.0,1550.0,1535.0,1540.0,1374200
2026-04-30 14:25:00,1545.0,1545.0,1535.0,1535.0,308300
2026-04-30 14:30:00,1535.0,1540.0,1535.0,1535.0,225000
2026-04-30 14:35:00,1540.0,1540.0,1535.0,1535.0,537000
2026-04-30 14:40:00,1540.0,1545.0,1535.0,1540.0,331700
2026-04-30 14:45:00,1540.0,1545.0,1540.0,1540.0,186500
2026-04-30 14:50:00,1540.0,1550.0,1540.0,1545.0,481300
2026-04-30 14:55:00,1550.0,1550.0,1545.0,1545.0,129000
2026-04-30 15:00:00,1550.0,1550.0,1540.0,1540.0,519500
2026-04-30 15:05:00,1540.0,1545.0,1540.0,1540.0,242700
2026-04-30 15:10:00,1540.0,1545.0,1540.0,1540.0,209700
2026-04-30 15:15:00,1545.0,1545.0,1540.0,1540.0,462300
2026-04-30 15:20:00,1545.0,1545.0,1540.0,1540.0,224600
2026-04-30 15:25:00,1545.0,1545.0,1540.0,1540.0,205600
2026-04-30 15:30:00,1540.0,1560.0,1540.0,1560.0,2124700
2026-04-30 15:35:00,1560.0,1560.0,1545.0,1550.0,976200
2026-04-30 15:40:00,1545.0,1550.0,1545.0,1545.0,624200
2026-04-30 15:45:00,1545.0,1555.0,1545.0,1550.0,917500
2026-04-30 16:00:00,1535.0,1535.0,1535.0,1535.0,4215500
2026-04-30 16:05:00,1535.0,1535.0,1535.0,1535.0,0
2026-04-30 16:10:00,1535.0,1535.0,1535.0,1535.0,3300
2026-05-04 09:00:00,1560.0,1580.0,1555.0,1565.0,0
2026-05-04 09:05:00,1560.0,1570.0,1555.0,1570.0,797100
2026-05-04 09:10:00,1570.0,1570.0,1560.0,1565.0,812400
2026-05-04 09:15:00,1565.0,1575.0,1560.0,1565.0,1128500
2026-05-04 09:20:00,1570.0,1575.0,1565.0,1570.0,397900
2026-05-04 09:25:00,1570.0,1575.0,1565.0,1565.0,398400
2026-05-04 09:30:00,1565.0,1570.0,1565.0,1565.0,233800
2026-05-04 09:35:00,1565.0,1570.0,1565.0,1565.0,369200
2026-05-04 09:40:00,1570.0,1570.0,1560.0,1565.0,285200
2026-05-04 09:45:00,1565.0,1575.0,1565.0,1570.0,375600
2026-05-04 09:50:00,1570.0,1575.0,1570.0,1570.0,209800
2026-05-04 09:55:00,1570.0,1575.0,1565.0,1565.0,697600
2026-05-04 10:00:00,1565.0,1575.0,1565.0,1570.0,688400
2026-05-04 10:05:00,1575.0,1595.0,1570.0,1595.0,2051200
2026-05-04 10:10:00,1595.0,1600.0,1590.0,1590.0,875200
2026-05-04 10:15:00,1590.0,1595.0,1590.0,1590.0,286400
2026-05-04 10:20:00,1590.0,1600.0,1575.0,1580.0,1698400
2026-05-04 10:25:00,1580.0,1580.0,1570.0,1570.0,932100
2026-05-04 10:30:00,1565.0,1580.0,1560.0,1570.0,1362400
2026-05-04 10:35:00,1565.0,1565.0,1560.0,1560.0,106100
2026-05-04 10:40:00,1560.0,1570.0,1560.0,1570.0,297100
2026-05-04 10:45:00,1570.0,1575.0,1565.0,1565.0,310800
2026-05-04 10:50:00,1570.0,1570.0,1565.0,1565.0,337800
2026-05-04 10:55:00,1570.0,1570.0,1565.0,1570.0,275000
2026-05-04 11:00:00,1570.0,1570.0,1560.0,1560.0,146500
2026-05-04 11:05:00,1560.0,1565.0,1560.0,1560.0,123100
2026-05-04 11:10:00,1565.0,1570.0,1560.0,1565.0,255000
2026-05-04 11:15:00,1565.0,1570.0,1565.0,1565.0,95600
2026-05-04 11:20:00,1570.0,1570.0,1560.0,1565.0,129500
2026-05-04 11:25:00,1565.0,1565.0,1560.0,1560.0,144200
2026-05-04 11:30:00,1560.0,1560.0,1555.0,1555.0,597400
2026-05-04 11:35:00,1555.0,1565.0,1555.0,1560.0,477900
2026-05-04 11:40:00,1555.0,1560.0,1550.0,1555.0,670800
2026-05-04 11:45:00,1555.0,1565.0,1550.0,1555.0,984100
2026-05-04 11:50:00,1555.0,1560.0,1555.0,1560.0,251700
2026-05-04 11:55:00,1560.0,1565.0,1555.0,1565.0,1006200
2026-05-04 13:30:00,1565.0,1565.0,1550.0,1560.0,2048800
2026-05-04 13:35:00,1565.0,1565.0,1560.0,1565.0,200600
2026-05-04 13:40:00,1565.0,1565.0,1560.0,1565.0,49500
2026-05-04 13:45:00,1565.0,1570.0,1560.0,1560.0,272400
2026-05-04 13:50:00,1560.0,1565.0,1555.0,1565.0,100900
2026-05-04 13:55:00,1565.0,1565.0,1555.0,1565.0,251500
2026-05-04 14:00:00,1560.0,1560.0,1555.0,1555.0,198200
2026-05-04 14:05:00,1560.0,1560.0,1555.0,1555.0,170700
2026-05-04 14:10:00,1560.0,1565.0,1555.0,1560.0,250200
2026-05-04 14:15:00,1565.0,1565.0,1560.0,1560.0,102400
2026-05-04 14:20:00,1560.0,1565.0,1560.0,1560.0,163300
2026-05-04 14:25:00,1565.0,1570.0,1560.0,1560.0,600500
2026-05-04 14:30:00,1565.0,1565.0,1560.0,1560.0,125200
2026-05-04 14:35:00,1565.0,1565.0,1560.0,1560.0,205600
2026-05-04 14:40:00,1565.0,1565.0,1555.0,1555.0,643100
2026-05-04 14:45:00,1560.0,1570.0,1555.0,1555.0,595400
2026-05-04 14:50:00,1560.0,1565.0,1555.0,1565.0,216300
2026-05-04 14:55:00,1565.0,1565.0,1560.0,1560.0,322000
2026-05-04 15:00:00,1560.0,1565.0,1560.0,1560.0,114800
2026-05-04 15:05:00,1565.0,1565.0,1560.0,1560.0,283200
2026-05-04 15:10:00,1565.0,1565.0,1555.0,1560.0,765100
2026-05-04 15:15:00,1560.0,1560.0,1550.0,1555.0,997200
2026-05-04 15:20:00,1560.0,1560.0,1550.0,1555.0,516500
2026-05-04 15:25:00,1555.0,1560.0,1550.0,1550.0,606000
2026-05-04 15:30:00,1550.0,1565.0,1550.0,1565.0,987500
2026-05-04 15:35:00,1560.0,1565.0,1555.0,1560.0,297000
2026-05-04 15:40:00,1555.0,1565.0,1550.0,1555.0,621600
2026-05-04 15:45:00,1560.0,1565.0,1555.0,1565.0,1018500
2026-05-04 16:00:00,1560.0,1560.0,1560.0,1560.0,1460800
2026-05-04 16:05:00,1560.0,1560.0,1560.0,1560.0,0
2026-05-04 16:10:00,1560.0,1560.0,1560.0,1560.0,6000
2026-05-05 09:00:00,1555.0,1555.0,1540.0,1545.0,1192400
2026-05-05 09:05:00,1545.0,1545.0,1540.0,1545.0,269100
2026-05-05 09:10:00,1545.0,1550.0,1540.0,1545.0,573800
2026-05-05 09:15:00,1545.0,1550.0,1540.0,1545.0,256600
2026-05-05 09:20:00,1545.0,1550.0,1540.0,1550.0,3266400
2026-05-05 09:25:00,1550.0,1550.0,1545.0,1550.0,121200
2026-05-05 09:30:00,1550.0,1550.0,1545.0,1545.0,136500
2026-05-05 09:35:00,1550.0,1560.0,1545.0,1555.0,1317100
2026-05-05 09:40:00,1555.0,1560.0,1555.0,1555.0,75000
2026-05-05 09:45:00,1555.0,1560.0,1550.0,1550.0,267300
2026-05-05 09:50:00,1555.0,1560.0,1550.0,1560.0,333500
2026-05-05 09:55:00,1560.0,1560.0,1555.0,1555.0,58400
2026-05-05 10:00:00,1555.0,1560.0,1550.0,1550.0,184600
2026-05-05 10:05:00,1555.0,1570.0,1550.0,1570.0,897500
2026-05-05 10:10:00,1575.0,1575.0,1565.0,1570.0,257900
2026-05-05 10:15:00,1565.0,1570.0,1560.0,1570.0,259100
2026-05-05 10:20:00,1570.0,1570.0,1560.0,1565.0,158000
2026-05-05 10:25:00,1565.0,1570.0,1560.0,1565.0,313300
2026-05-05 10:30:00,1570.0,1570.0,1565.0,1565.0,14900
2026-05-05 10:35:00,1570.0,1570.0,1565.0,1570.0,46100
2026-05-05 10:40:00,1570.0,1570.0,1560.0,1570.0,330200
2026-05-05 10:45:00,1570.0,1570.0,1565.0,1570.0,67300
2026-05-05 10:50:00,1570.0,1575.0,1565.0,1575.0,528300
2026-05-05 10:55:00,1575.0,1585.0,1570.0,1585.0,645500
2026-05-05 11:00:00,1580.0,1590.0,1580.0,1590.0,842400
2026-05-05 11:05:00,1590.0,1590.0,1580.0,1580.0,299000
2026-05-05 11:10:00,1580.0,1590.0,1580.0,1585.0,421100
2026-05-05 11:15:00,1585.0,1590.0,1585.0,1585.0,207200
2026-05-05 11:20:00,1580.0,1595.0,1580.0,1590.0,724300
2026-05-05 11:25:00,1595.0,1595.0,1590.0,1590.0,63200
2026-05-05 11:30:00,1590.0,1595.0,1590.0,1590.0,77800
2026-05-05 11:35:00,1590.0,1595.0,1585.0,1595.0,12301300
2026-05-05 11:40:00,1590.0,1600.0,1590.0,1595.0,838300
2026-05-05 11:45:00,1595.0,1600.0,1590.0,1600.0,273600
2026-05-05 11:50:00,1600.0,1600.0,1590.0,1590.0,293700
2026-05-05 11:55:00,1595.0,1595.0,1590.0,1590.0,210500
