Datetime,Open,High,Low,Close,Volume
2026-02-03 09:00:00,1000.0,1090.0,960.0,1055.0,0
2026-02-03 09:05:00,1060.0,1060.0,1000.0,1010.0,5599100
2026-02-03 09:10:00,1005.0,1065.0,980.0,1025.0,5480400
2026-02-03 09:15:00,1040.0,1080.0,1025.0,1060.0,4903200
2026-02-03 09:20:00,1055.0,1100.0,1055.0,1070.0,3026100
2026-02-03 09:25:00,1070.0,1105.0,1065.0,1095.0,2353700
2026-02-03 09:30:00,1100.0,1105.0,1075.0,1095.0,4346300
2026-02-03 09:35:00,1095.0,1120.0,1090.0,1110.0,3634800
2026-02-03 09:40:00,1110.0,1125.0,1105.0,1110.0,3647600
2026-02-03 09:45:00,1115.0,1130.0,1095.0,1120.0,4634400
2026-02-03 09:50:00,1125.0,1130.0,1110.0,1130.0,3970100
2026-02-03 09:55:00,1125.0,1130.0,1105.0,1120.0,3510200
2026-02-03 10:00:00,1120.0,1140.0,1115.0,1135.0,3360300
2026-02-03 10:05:00,1135.0,1140.0,1125.0,1130.0,2873900
2026-02-03 10:10:00,1125.0,1130.0,1115.0,1120.0,4145000
2026-02-03 10:15:00,1120.0,1125.0,1115.0,1120.0,2264200
2026-02-03 10:20:00,1120.0,1130.0,1120.0,1125.0,1278300
2026-02-03 10:25:00,1125.0,1125.0,1115.0,1120.0,812100
2026-02-03 10:30:00,1120.0,1125.0,1115.0,1120.0,508800
2026-02-03 10:35:00,1125.0,1135.0,1120.0,1130.0,1679100
2026-02-03 10:40:00,1135.0,1140.0,1125.0,1125.0,2017400
2026-02-03 10:45:00,1130.0,1130.0,1125.0,1130.0,186600
2026-02-03 10:50:00,1125.0,1130.0,1115.0,1115.0,1401700
2026-02-03 10:55:00,1120.0,1125.0,1115.0,1120.0,419500
2026-02-03 11:00:00,1120.0,1125.0,1115.0,1120.0,233000
2026-02-03 11:05:00,1120.0,1140.0,1120.0,1140.0,2456100
2026-02-03 11:10:00,1140.0,1145.0,1135.0,1140.0,2516200
2026-02-03 11:15:00,1140.0,1140.0,1135.0,1135.0,190900
2026-02-03 11:20:00,1135.0,1145.0,1135.0,1145.0,983200
2026-02-03 11:25:00,1140.0,1145.0,1135.0,1135.0,718000
2026-02-03 11:30:00,1140.0,1140.0,1125.0,1130.0,963100
2026-02-03 11:35:00,1130.0,1130.0,1125.0,1130.0,445700
2026-02-03 11:40:00,1135.0,1135.0,1130.0,1135.0,194800
2026-02-03 11:45:00,1135.0,1135.0,1120.0,1125.0,620900
2026-02-03 11:50:00,1120.0,1125.0,1120.0,1120.0,78300
2026-02-03 11:55:00,1125.0,1130.0,1120.0,1130.0,906200
2026-02-03 13:30:00,1130.0,1150.0,1125.0,1150.0,3370400
2026-02-03 13:35:00,1150.0,1150.0,1140.0,1150.0,2464400
2026-02-03 13:40:00,1145.0,1160.0,1145.0,1155.0,3084900
2026-02-03 13:45:00,1150.0,1155.0,1145.0,1145.0,1531300
2026-02-03 13:50:00,1145.0,1165.0,1145.0,1150.0,1234700
2026-02-03 13:55:00,1150.0,1170.0,1140.0,1145.0,2757600
2026-02-03 14:00:00,1140.0,1145.0,1130.0,1130.0,1103400
2026-02-03 14:05:00,1130.0,1140.0,1130.0,1135.0,989700
2026-02-03 14:10:00,1130.0,1140.0,1130.0,1135.0,762000
2026-02-03 14:15:00,1135.0,1135.0,1125.0,1125.0,600000
2026-02-03 14:20:00,1130.0,1130.0,1125.0,1125.0,380100
2026-02-03 14:25:00,1125.0,1130.0,1120.0,1125.0,625700
2026-02-03 14:30:00,1120.0,1120.0,1100.0,1110.0,4107800
2026-02-03 14:35:00,1110.0,1120.0,1100.0,1120.0,1790100
2026-02-03 14:40:00,1125.0,1130.0,1120.0,1120.0,962900
2026-02-03 14:45:00,1120.0,1125.0,1120.0,1120.0,489900
2026-02-03 14:50:00,1120.0,1145.0,1120.0,1140.0,7650400
2026-02-03 14:55:00,1140.0,1155.0,1135.0,1150.0,5228700
2026-02-03 15:00:00,1150.0,1155.0,1150.0,1150.0,1083500
2026-02-03 15:05:00,1150.0,1170.0,1150.0,1155.0,11837900
2026-02-03 15:10:00,1150.0,1155.0,1140.0,1155.0,1115100
2026-02-03 15:15:00,1150.0,1155.0,1150.0,1150.0,269700
2026-02-03 15:20:00,1150.0,1150.0,1145.0,1145.0,413100
2026-02-03 15:25:00,1145.0,1160.0,1145.0,1155.0,1488200
2026-02-03 15:30:00,1155.0,1165.0,1150.0,1160.0,1039600
2026-02-03 15:35:00,1160.0,1165.0,1155.0,1160.0,972300
2026-02-03 15:40:00,1165.0,1165.0,1155.0,1165.0,597100
2026-02-03 15:45:00,1165.0,1175.0,1160.0,1175.0,1248600
2026-02-03 16:00:00,1175.0,1175.0,1175.0,1175.0,1959300
2026-02-03 16:05:00,1175.0,1175.0,1175.0,1175.0,235600
2026-02-03 16:10:00,1175.0,1175.0,1175.0,1175.0,106800
2026-02-04 09:00:00,1195.0,1200.0,1150.0,1165.0,0
2026-02-04 09:05:00,1170.0,1200.0,1170.0,1195.0,4040600
2026-02-04 09:10:00,1195.0,1205.0,1185.0,1190.0,3182200
2026-02-04 09:15:00,1190.0,1200.0,1185.0,1185.0,1585200
2026-02-04 09:20:00,1190.0,1190.0,1180.0,1190.0,1362200
2026-02-04 09:25:00,1190.0,1195.0,1110.0,1150.0,8023300
2026-02-04 09:30:00,1155.0,1165.0,1150.0,1165.0,2240600
2026-02-04 09:35:00,1160.0,1160.0,1135.0,1140.0,2908400
2026-02-04 09:40:00,1135.0,1160.0,1135.0,1160.0,5581900
2026-02-04 09:45:00,1160.0,1175.0,1130.0,1135.0,5719800
2026-02-04 09:50:00,1135.0,1155.0,1130.0,1155.0,1411100
2026-02-04 09:55:00,1155.0,1165.0,1150.0,1150.0,746700
2026-02-04 10:00:00,1155.0,1160.0,1140.0,1145.0,1467500
2026-02-04 10:05:00,1145.0,1145.0,1140.0,1145.0,585800
2026-02-04 10:10:00,1150.0,1160.0,1145.0,1155.0,396700
2026-02-04 10:15:00,1155.0,1170.0,1155.0,1165.0,902400
2026-02-04 10:20:00,1165.0,1170.0,1165.0,1165.0,1835700
2026-02-04 10:25:00,1165.0,1165.0,1150.0,1160.0,2121500
2026-02-04 10:30:00,1160.0,1160.0,1155.0,1160.0,413200
2026-02-04 10:35:00,1160.0,1165.0,1155.0,1160.0,384100
2026-02-04 10:40:00,1155.0,1160.0,1155.0,1155.0,363200
2026-02-04 10:45:00,1155.0,1160.0,1150.0,1155.0,211600
2026-02-04 10:50:00,1150.0,1160.0,1150.0,1155.0,561100
2026-02-04 10:55:00,1155.0,1155.0,1140.0,1140.0,887100
2026-02-04 11:00:00,1140.0,1145.0,1135.0,1135.0,684500
2026-02-04 11:05:00,1130.0,1145.0,1125.0,1140.0,1702800
2026-02-04 11:10:00,1140.0,1145.0,1130.0,1135.0,848000
2026-02-04 11:15:00,1140.0,1145.0,1135.0,1140.0,276000
2026-02-04 11:20:00,1140.0,1145.0,1135.0,1140.0,218400
2026-02-04 11:25:00,1140.0,1145.0,1135.0,1145.0,561600
2026-02-04 11:30:00,1140.0,1145.0,1135.0,1135.0,395600
2026-02-04 11:35:00,1135.0,1140.0,1130.0,1135.0,898000
2026-02-04 11:40:00,1140.0,1140.0,1130.0,1130.0,450100
2026-02-04 11:45:00,1135.0,1150.0,1130.0,1150.0,794400
2026-02-04 11:50:00,1150.0,1150.0,1145.0,1145.0,144200
2026-02-04 11:55:00,1145.0,1150.0,1140.0,1140.0,260900
2026-02-04 13:30:00,1145.0,1145.0,1130.0,1135.0,1475200
2026-02-04 13:35:00,1135.0,1135.0,1125.0,1125.0,1279400
2026-02-04 13:40:00,1125.0,1135.0,1125.0,1125.0,888100
2026-02-04 13:45:00,1130.0,1140.0,1130.0,1135.0,555700
2026-02-04 13:50:00,1140.0,1140.0,1130.0,1135.0,1061500
2026-02-04 13:55:00,1140.0,1145.0,1135.0,1140.0,578200
2026-02-04 14:00:00,1140.0,1155.0,1140.0,1155.0,816200
2026-02-04 14:05:00,1155.0,1160.0,1150.0,1155.0,1166300
2026-02-04 14:10:00,1150.0,1160.0,1150.0,1155.0,369300
2026-02-04 14:15:00,1160.0,1165.0,1155.0,1155.0,517800
2026-02-04 14:20:00,1160.0,1160.0,1150.0,1150.0,893400
2026-02-04 14:25:00,1150.0,1155.0,1145.0,1145.0,603700
2026-02-04 14:30:00,1145.0,1150.0,1145.0,1145.0,354300
2026-02-04 14:35:00,1145.0,1145.0,1135.0,1135.0,893900
2026-02-04 14:40:00,1140.0,1145.0,1135.0,1140.0,737600
2026-02-04 14:45:00,1140.0,1145.0,1140.0,1140.0,124100
2026-02-04 14:50:00,1140.0,1145.0,1140.0,1140.0,166800
2026-02-04 14:55:00,1140.0,1145.0,1135.0,1140.0,512500
2026-02-04 15:00:00,1135.0,1140.0,1135.0,1135.0,949700
2026-02-04 15:05:00,1135.0,1150.0,1135.0,1145.0,1078000
2026-02-04 15:10:00,1145.0,1150.0,1140.0,1150.0,349800
2026-02-04 15:15:00,1145.0,1155.0,1145.0,1145.0,1236500
2026-02-04 15:20:00,1145.0,1155.0,1145.0,1145.0,414400
2026-02-04 15:25:00,1150.0,1155.0,1145.0,1150.0,552300
2026-02-04 15:30:00,1150.0,1155.0,1145.0,1145.0,302000
2026-02-04 15:35:00,1150.0,1155.0,1145.0,1145.0,533000
2026-02-04 15:40:00,1145.0,1155.0,1145.0,1150.0,1494300
2026-02-04 15:45:00,1155.0,1155.0,1150.0,1155.0,238600
2026-02-04 16:00:00,1145.0,1145.0,1145.0,1145.0,1353700
2026-02-04 16:05:00,1145.0,1145.0,1145.0,1145.0,56100
2026-02-04 16:10:00,1145.0,1145.0,1145.0,1145.0,122100
2026-02-05 09:00:00,1155.0,1160.0,1135.0,1150.0,0
2026-02-05 09:05:00,1155.0,1165.0,1140.0,1140.0,2021800
2026-02-05 09:10:00,1145.0,1155.0,1140.0,1145.0,912900
2026-02-05 09:15:00,1150.0,1160.0,1145.0,1155.0,529300
2026-02-05 09:20:00,1160.0,1165.0,1155.0,1160.0,1329300
2026-02-05 09:25:00,1160.0,1165.0,1155.0,1160.0,462000
2026-02-05 09:30:00,1165.0,1165.0,1160.0,1160.0,292100
2026-02-05 09:35:00,1160.0,1165.0,1155.0,1155.0,636900
2026-02-05 09:40:00,1160.0,1165.0,1145.0,1145.0,2060600
2026-02-05 09:45:00,1145.0,1150.0,1135.0,1150.0,2679500
2026-02-05 09:50:00,1145.0,1150.0,1140.0,1140.0,545700
2026-02-05 09:55:00,1140.0,1145.0,1135.0,1135.0,1325500
2026-02-05 10:00:00,1140.0,1145.0,1130.0,1145.0,848300
2026-02-05 10:05:00,1145.0,1145.0,1130.0,1130.0,414100
2026-02-05 10:10:00,1140.0,1145.0,1130.0,1140.0,365500
2026-02-05 10:15:00,1135.0,1145.0,1135.0,1145.0,513600
2026-02-05 10:20:00,1145.0,1145.0,1140.0,1145.0,60400
2026-02-05 10:25:00,1140.0,1145.0,1140.0,1140.0,221300
2026-02-05 10:30:00,1140.0,1145.0,1135.0,1135.0,311400
2026-02-05 10:35:00,1135.0,1150.0,1135.0,1145.0,700700
2026-02-05 10:40:00,1140.0,1145.0,1135.0,1135.0,408900
2026-02-05 10:45:00,1135.0,1140.0,1135.0,1135.0,341000
2026-02-05 10:50:00,1140.0,1140.0,1130.0,1130.0,1343000
2026-02-05 10:55:00,1130.0,1135.0,1125.0,1135.0,674700
2026-02-05 11:00:00,1135.0,1140.0,1130.0,1130.0,263800
2026-02-05 11:05:00,1130.0,1140.0,1130.0,1130.0,386400
2026-02-05 11:10:00,1130.0,1135.0,1130.0,1130.0,452000
2026-02-05 11:15:00,1130.0,1140.0,1130.0,1140.0,320400
2026-02-05 11:20:00,1140.0,1140.0,1135.0,1135.0,130800
2026-02-05 11:25:00,1135.0,1135.0,1130.0,1130.0,195100
2026-02-05 11:30:00,1130.0,1135.0,1130.0,1130.0,145200
2026-02-05 11:35:00,1135.0,1135.0,1130.0,1130.0,484100
2026-02-05 11:40:00,1135.0,1135.0,1130.0,1130.0,277500
2026-02-05 11:45:00,1130.0,1135.0,1130.0,1130.0,138200
2026-02-05 11:50:00,1130.0,1135.0,1130.0,1130.0,267900
2026-02-05 11:55:00,1130.0,1135.0,1125.0,1125.0,657800
2026-02-05 13:30:00,1125.0,1135.0,1125.0,1125.0,513000
2026-02-05 13:35:00,1130.0,1130.0,1120.0,1130.0,800000
2026-02-05 13:40:00,1125.0,1135.0,1125.0,1135.0,586800
2026-02-05 13:45:00,1130.0,1135.0,1130.0,1130.0,275200
2026-02-05 13:50:00,1130.0,1135.0,1125.0,1130.0,219600
2026-02-05 13:55:00,1130.0,1135.0,1125.0,1130.0,519900
2026-02-05 14:00:00,1130.0,1135.0,1125.0,1125.0,76700
2026-02-05 14:05:00,1130.0,1145.0,1125.0,1140.0,10277500
2026-02-05 14:10:00,1140.0,1145.0,1140.0,1140.0,171200
2026-02-05 14:15:00,1140.0,1145.0,1140.0,1145.0,602600
2026-02-05 14:20:00,1145.0,1155.0,1140.0,1150.0,11156200
2026-02-05 14:25:00,1150.0,1150.0,1145.0,1145.0,122300
2026-02-05 14:30:00,1145.0,1145.0,1140.0,1140.0,967200
2026-02-05 14:35:00,1140.0,1145.0,1135.0,1135.0,315800
2026-02-05 14:40:00,1135.0,1140.0,1135.0,1135.0,258000
2026-02-05 14:45:00,1135.0,1140.0,1130.0,1140.0,1405800
2026-02-05 14:50:00,1140.0,1140.0,1135.0,1135.0,128900
2026-02-05 14:55:00,1140.0,1140.0,1135.0,1140.0,145600
2026-02-05 15:00:00,1140.0,1140.0,1130.0,1135.0,691100
2026-02-05 15:05:00,1135.0,1140.0,1135.0,1135.0,36200
2026-02-05 15:10:00,1135.0,1140.0,1130.0,1140.0,873600
2026-02-05 15:15:00,1140.0,1140.0,1135.0,1135.0,596000
2026-02-05 15:20:00,1135.0,1145.0,1135.0,1140.0,1190100
2026-02-05 15:25:00,1145.0,1145.0,1140.0,1140.0,77700
2026-02-05 15:30:00,1140.0,1145.0,1140.0,1140.0,1014000
2026-02-05 15:35:00,1140.0,1145.0,1135.0,1145.0,1008000
2026-02-05 15:40:00,1145.0,1145.0,1135.0,1140.0,407800
2026-02-05 15:45:00,1140.0,1155.0,1140.0,1145.0,1808800
2026-02-05 16:00:00,1135.0,1135.0,1135.0,1135.0,945600
2026-02-05 16:05:00,1135.0,1135.0,1135.0,1135.0,15800
2026-02-05 16:10:00,1135.0,1135.0,1135.0,1135.0,2600
2026-02-06 09:00:00,1050.0,1070.0,1000.0,1040.0,0
2026-02-06 09:05:00,1040.0,1080.0,1040.0,1070.0,4686400
2026-02-06 09:10:00,1070.0,1080.0,1065.0,1075.0,1414100
2026-02-06 09:15:00,1070.0,1085.0,1070.0,1085.0,1473100
2026-02-06 09:20:00,1080.0,1085.0,1065.0,1080.0,2654300
2026-02-06 09:25:00,1080.0,1080.0,1065.0,1065.0,1286900
2026-02-06 09:30:00,1065.0,1075.0,1055.0,1060.0,3583600
2026-02-06 09:35:00,1060.0,1070.0,1060.0,1060.0,1035300
2026-02-06 09:40:00,1065.0,1080.0,1065.0,1080.0,959300
2026-02-06 09:45:00,1075.0,1085.0,1070.0,1080.0,1269400
2026-02-06 09:50:00,1085.0,1090.0,1075.0,1080.0,1911900
2026-02-06 09:55:00,1080.0,1080.0,1065.0,1075.0,1038500
2026-02-06 10:00:00,1070.0,1085.0,1065.0,1085.0,809000
2026-02-06 10:05:00,1080.0,1080.0,1065.0,1065.0,1115200
2026-02-06 10:10:00,1070.0,1070.0,1060.0,1060.0,1433800
2026-02-06 10:15:00,1060.0,1065.0,1060.0,1065.0,1115900
2026-02-06 10:20:00,1065.0,1075.0,1060.0,1070.0,1249400
2026-02-06 10:25:00,1070.0,1075.0,1065.0,1065.0,237400
2026-02-06 10:30:00,1065.0,1070.0,1065.0,1065.0,254900
2026-02-06 10:35:00,1070.0,1070.0,1065.0,1065.0,358900
2026-02-06 10:40:00,1065.0,1070.0,1060.0,1065.0,284700
2026-02-06 10:45:00,1060.0,1065.0,1040.0,1045.0,3540600
2026-02-06 10:50:00,1045.0,1055.0,1040.0,1055.0,1148300
2026-02-06 10:55:00,1055.0,1055.0,1045.0,1050.0,697700
2026-02-06 11:00:00,1050.0,1060.0,1045.0,1055.0,12797300
2026-02-06 11:05:00,1055.0,1075.0,1045.0,1070.0,12717700
2026-02-06 11:10:00,1055.0,1070.0,1030.0,1050.0,11897200
2026-02-06 11:15:00,1050.0,1055.0,1015.0,1035.0,3046500
2026-02-06 11:20:00,1040.0,1050.0,1020.0,1030.0,2781100
2026-02-06 11:25:00,1035.0,1055.0,1015.0,1050.0,2725900
2026-02-06 14:00:00,1050.0,1085.0,1045.0,1075.0,7244400
2026-02-06 14:05:00,1065.0,1125.0,1065.0,1115.0,6514100
2026-02-06 14:10:00,1115.0,1120.0,1100.0,1110.0,1506800
2026-02-06 14:15:00,1105.0,1115.0,1090.0,1095.0,1713400
2026-02-06 14:20:00,1090.0,1100.0,1085.0,1095.0,1569600
2026-02-06 14:25:00,1095.0,1100.0,1085.0,1085.0,965000
2026-02-06 14:30:00,1085.0,1095.0,1080.0,1090.0,1666800
2026-02-06 14:35:00,1090.0,1095.0,1090.0,1095.0,357700
2026-02-06 14:40:00,1095.0,1110.0,1090.0,1100.0,943900
2026-02-06 14:45:00,1100.0,1110.0,1095.0,1110.0,529800
2026-02-06 14:50:00,1100.0,1115.0,1100.0,1110.0,2048100
2026-02-06 14:55:00,1115.0,1120.0,1110.0,1110.0,630100
2026-02-06 15:00:00,1105.0,1110.0,1100.0,1105.0,752200
2026-02-06 15:05:00,1100.0,1105.0,1100.0,1100.0,531900
2026-02-06 15:10:00,1105.0,1110.0,1100.0,1110.0,153300
2026-02-06 15:15:00,1105.0,1110.0,1105.0,1110.0,734400
2026-02-06 15:20:00,1105.0,1115.0,1105.0,1110.0,916100
2026-02-06 15:25:00,1110.0,1115.0,1105.0,1110.0,544300
2026-02-06 15:30:00,1105.0,1110.0,1100.0,1105.0,474800
2026-02-06 15:35:00,1105.0,1110.0,1100.0,1105.0,880100
2026-02-06 15:40:00,1105.0,1110.0,1100.0,1105.0,1431900
2026-02-06 15:45:00,1105.0,1115.0,1105.0,1115.0,530600
2026-02-06 16:00:00,1115.0,1115.0,1115.0,1115.0,740200
2026-02-06 16:05:00,1115.0,1115.0,1115.0,1115.0,42300
2026-02-06 16:10:00,1115.0,1115.0,1115.0,1115.0,30100
2026-02-09 09:00:00,1120.0,1135.0,1105.0,1120.0,0
2026-02-09 09:05:00,1120.0,1125.0,1105.0,1110.0,2693200
2026-02-09 09:10:00,1105.0,1110.0,1090.0,1095.0,3009400
2026-02-09 09:15:00,1095.0,1125.0,1095.0,1120.0,1419900
2026-02-09 09:20:00,1120.0,1130.0,1115.0,1130.0,917500
2026-02-09 09:25:00,1130.0,1150.0,1130.0,1140.0,3211800
2026-02-09 09:30:00,1140.0,1140.0,1125.0,1130.0,1989000
2026-02-09 09:35:00,1130.0,1140.0,1130.0,1135.0,630100
2026-02-09 09:40:00,1135.0,1135.0,1125.0,1130.0,1014400
2026-02-09 09:45:00,1125.0,1130.0,1120.0,1125.0,589000
2026-02-09 09:50:00,1125.0,1130.0,1125.0,1125.0,163600
2026-02-09 09:55:00,1125.0,1130.0,1120.0,1125.0,611800
2026-02-09 10:00:00,1125.0,1135.0,1120.0,1130.0,582900
2026-02-09 10:05:00,1135.0,1145.0,1130.0,1140.0,1217900
2026-02-09 10:10:00,1140.0,1140.0,1130.0,1130.0,311000
2026-02-09 10:15:00,1135.0,1140.0,1135.0,1135.0,263600
2026-02-09 10:20:00,1135.0,1140.0,1135.0,1140.0,95100
2026-02-09 10:25:00,1140.0,1140.0,1135.0,1135.0,177200
2026-02-09 10:30:00,1135.0,1150.0,1135.0,1145.0,419400
2026-02-09 10:35:00,1150.0,1155.0,1145.0,1155.0,569300
2026-02-09 10:40:00,1155.0,1155.0,1145.0,1150.0,593600
2026-02-09 10:45:00,1150.0,1150.0,1145.0,1150.0,201900
2026-02-09 10:50:00,1150.0,1150.0,1140.0,1150.0,874100
2026-02-09 10:55:00,1145.0,1155.0,1145.0,1150.0,457200
2026-02-09 11:00:00,1155.0,1160.0,1150.0,1160.0,334600
2026-02-09 11:05:00,1160.0,1165.0,1145.0,1145.0,1256000
2026-02-09 11:10:00,1150.0,1155.0,1150.0,1155.0,414200
2026-02-09 11:15:00,1155.0,1155.0,1150.0,1155.0,26300
2026-02-09 11:20:00,1150.0,1155.0,1150.0,1155.0,579400
2026-02-09 11:25:00,1150.0,1155.0,1150.0,1155.0,187300
2026-02-09 11:30:00,1155.0,1155.0,1150.0,1150.0,53700
2026-02-09 11:35:00,1155.0,1160.0,1155.0,1160.0,393200
2026-02-09 11:40:00,1155.0,1160.0,1155.0,1160.0,48100
2026-02-09 11:45:00,1160.0,1165.0,1155.0,1165.0,543100
2026-02-09 11:50:00,1160.0,1170.0,1160.0,1170.0,1794500
2026-02-09 11:55:00,1170.0,1180.0,1165.0,1170.0,1021200
2026-02-09 13:30:00,1175.0,1175.0,1160.0,1165.0,1542000
2026-02-09 13:35:00,1165.0,1170.0,1160.0,1160.0,159500
2026-02-09 13:40:00,1160.0,1165.0,1160.0,1165.0,30700
2026-02-09 13:45:00,1160.0,1170.0,1160.0,1165.0,508700
2026-02-09 13:50:00,1160.0,1165.0,1150.0,1155.0,1190300
2026-02-09 13:55:00,1150.0,1165.0,1145.0,1165.0,1487100
2026-02-09 14:00:00,1150.0,1160.0,1145.0,1150.0,597200
2026-02-09 14:05:00,1150.0,1150.0,1140.0,1145.0,2021700
2026-02-09 14:10:00,1145.0,1150.0,1145.0,1145.0,151300
2026-02-09 14:15:00,1150.0,1155.0,1150.0,1155.0,188400
2026-02-09 14:20:00,1155.0,1155.0,1150.0,1155.0,54100
2026-02-09 14:25:00,1150.0,1155.0,1140.0,1140.0,509800
2026-02-09 14:30:00,1145.0,1150.0,1140.0,1145.0,430000
2026-02-09 14:35:00,1145.0,1145.0,1140.0,1140.0,361800
2026-02-09 14:40:00,1145.0,1150.0,1145.0,1145.0,128100
2026-02-09 14:45:00,1150.0,1150.0,1145.0,1145.0,41900
2026-02-09 14:50:00,1150.0,1155.0,1150.0,1155.0,681300
2026-02-09 14:55:00,1150.0,1155.0,1150.0,1155.0,370000
2026-02-09 15:00:00,1155.0,1155.0,1150.0,1155.0,166500
2026-02-09 15:05:00,1155.0,1155.0,1150.0,1155.0,247000
2026-02-09 15:10:00,1155.0,1160.0,1155.0,1155.0,78700
2026-02-09 15:15:00,1155.0,1160.0,1150.0,1155.0,295000
2026-02-09 15:20:00,1155.0,1165.0,1155.0,1155.0,1474500
2026-02-09 15:25:00,1160.0,1160.0,1155.0,1160.0,451300
2026-02-09 15:30:00,1160.0,1160.0,1155.0,1160.0,561000
2026-02-09 15:35:00,1160.0,1160.0,1155.0,1155.0,751300
2026-02-09 15:40:00,1155.0,1155.0,1150.0,1155.0,367300
2026-02-09 15:45:00,1155.0,1160.0,1150.0,1160.0,1021100
2026-02-09 16:00:00,1160.0,1160.0,1160.0,1160.0,1281100
2026-02-09 16:05:00,1160.0,1160.0,1160.0,1160.0,22200
2026-02-09 16:10:00,1160.0,1160.0,1160.0,1160.0,12700
2026-02-10 09:00:00,1080.0,1150.0,1070.0,1140.0,0
2026-02-10 09:05:00,1140.0,1150.0,1130.0,1140.0,2985000
2026-02-10 09:10:00,1140.0,1155.0,1130.0,1135.0,5945700
2026-02-10 09:15:00,1135.0,1140.0,1125.0,1135.0,1831000
2026-02-10 09:20:00,1140.0,1145.0,1135.0,1145.0,1024000
2026-02-10 09:25:00,1145.0,1160.0,1145.0,1160.0,3111800
2026-02-10 09:30:00,1160.0,1165.0,1155.0,1165.0,6091400
2026-02-10 09:35:00,1165.0,1175.0,1160.0,1170.0,5550500
2026-02-10 09:40:00,1170.0,1170.0,1155.0,1155.0,4439600
2026-02-10 09:45:00,1155.0,1165.0,1150.0,1165.0,2097300
2026-02-10 09:50:00,1160.0,1170.0,1160.0,1160.0,1570700
2026-02-10 09:55:00,1165.0,1165.0,1160.0,1160.0,1374200
2026-02-10 10:00:00,1160.0,1170.0,1160.0,1170.0,2152700
2026-02-10 10:05:00,1170.0,1170.0,1155.0,1160.0,2642900
2026-02-10 10:10:00,1165.0,1170.0,1160.0,1165.0,3155600
2026-02-10 10:15:00,1165.0,1170.0,1165.0,1170.0,1512400
2026-02-10 10:20:00,1170.0,1170.0,1165.0,1170.0,916900
2026-02-10 10:25:00,1165.0,1170.0,1165.0,1165.0,1053600
2026-02-10 10:30:00,1165.0,1170.0,1160.0,1165.0,1359500
2026-02-10 10:35:00,1165.0,1165.0,1155.0,1165.0,2500000
2026-02-10 10:40:00,1165.0,1170.0,1160.0,1170.0,1106900
2026-02-10 10:45:00,1170.0,1170.0,1165.0,1165.0,440300
2026-02-10 10:50:00,1165.0,1170.0,1165.0,1165.0,337100
2026-02-10 10:55:00,1170.0,1175.0,1160.0,1165.0,3934500
2026-02-10 11:00:00,1165.0,1165.0,1160.0,1160.0,1536000
2026-02-10 11:05:00,1160.0,1165.0,1155.0,1160.0,872600
2026-02-10 11:10:00,1160.0,1160.0,1145.0,1150.0,2988200
2026-02-10 11:15:00,1150.0,1155.0,1150.0,1150.0,1064900
2026-02-10 11:20:00,1150.0,1155.0,1145.0,1150.0,547800
2026-02-10 11:25:00,1150.0,1155.0,1150.0,1150.0,491700
2026-02-10 11:30:00,1150.0,1160.0,1150.0,1160.0,1171500
2026-02-10 11:35:00,1155.0,1160.0,1155.0,1160.0,78200
2026-02-10 11:40:00,1160.0,1160.0,1155.0,1155.0,99400
2026-02-10 11:45:00,1155.0,1165.0,1155.0,1160.0,1407600
2026-02-10 11:50:00,1160.0,1160.0,1155.0,1160.0,69000
2026-02-10 11:55:00,1160.0,1160.0,1155.0,1160.0,319600
2026-02-10 13:30:00,1155.0,1160.0,1145.0,1150.0,2533900
2026-02-10 13:35:00,1145.0,1150.0,1130.0,1130.0,3181900
2026-02-10 13:40:00,1135.0,1135.0,1120.0,1125.0,3208200
2026-02-10 13:45:00,1130.0,1140.0,1125.0,1140.0,3352700
2026-02-10 13:50:00,1140.0,1155.0,1140.0,1150.0,2023100
2026-02-10 13:55:00,1150.0,1150.0,1140.0,1140.0,796400
2026-02-10 14:00:00,1140.0,1145.0,1140.0,1140.0,733200
2026-02-10 14:05:00,1140.0,1145.0,1135.0,1135.0,1379200
2026-02-10 14:10:00,1140.0,1145.0,1135.0,1140.0,846800
2026-02-10 14:15:00,1140.0,1145.0,1135.0,1145.0,867700
2026-02-10 14:20:00,1140.0,1150.0,1140.0,1140.0,857400
2026-02-10 14:25:00,1140.0,1145.0,1135.0,1135.0,1373400
2026-02-10 14:30:00,1140.0,1145.0,1135.0,1140.0,720000
2026-02-10 14:35:00,1145.0,1145.0,1140.0,1140.0,622900
2026-02-10 14:40:00,1140.0,1150.0,1140.0,1140.0,677500
2026-02-10 14:45:00,1145.0,1145.0,1135.0,1140.0,2270400
2026-02-10 14:50:00,1135.0,1140.0,1125.0,1130.0,3554200
2026-02-10 14:55:00,1130.0,1135.0,1130.0,1130.0,930000
2026-02-10 15:00:00,1135.0,1135.0,1130.0,1130.0,267400
2026-02-10 15:05:00,1130.0,1135.0,1125.0,1130.0,1990200
2026-02-10 15:10:00,1135.0,1135.0,1130.0,1135.0,1498100
2026-02-10 15:15:00,1140.0,1140.0,1135.0,1135.0,173500
2026-02-10 15:20:00,1140.0,1140.0,1135.0,1135.0,583200
2026-02-10 15:25:00,1135.0,1140.0,1135.0,1140.0,309700
2026-02-10 15:30:00,1140.0,1140.0,1135.0,1135.0,1393800
2026-02-10 15:35:00,1140.0,1140.0,1135.0,1135.0,630500
2026-02-10 15:40:00,1135.0,1140.0,1130.0,1130.0,2489800
2026-02-10 15:45:00,1135.0,1140.0,1130.0,1130.0,2312200
2026-02-10 16:00:00,1130.0,1130.0,1130.0,1130.0,1907100
2026-02-10 16:05:00,1130.0,1130.0,1130.0,1130.0,21900
2026-02-10 16:10:00,1130.0,1130.0,1130.0,1130.0,3500
2026-02-11 09:00:00,1145.0,1150.0,1130.0,1145.0,0
2026-02-11 09:05:00,1140.0,1145.0,1135.0,1145.0,1681800
2026-02-11 09:10:00,1145.0,1155.0,1140.0,1145.0,883900
2026-02-11 09:15:00,1140.0,1150.0,1140.0,1145.0,1540200
2026-02-11 09:20:00,1145.0,1150.0,1140.0,1145.0,738800
2026-02-11 09:25:00,1140.0,1165.0,1140.0,1160.0,2684400
2026-02-11 09:30:00,1160.0,1165.0,1150.0,1150.0,2477800
2026-02-11 09:35:00,1155.0,1160.0,1145.0,1160.0,3720300
2026-02-11 09:40:00,1160.0,1165.0,1155.0,1160.0,1545900
2026-02-11 09:45:00,1160.0,1165.0,1150.0,1150.0,1665300
2026-02-11 09:50:00,1155.0,1155.0,1145.0,1150.0,2492700
2026-02-11 09:55:00,1150.0,1155.0,1150.0,1155.0,650400
2026-02-11 10:00:00,1155.0,1160.0,1150.0,1155.0,728900
2026-02-11 10:05:00,1155.0,1165.0,1150.0,1165.0,1763100
2026-02-11 10:10:00,1165.0,1190.0,1160.0,1185.0,9966300
2026-02-11 10:15:00,1180.0,1190.0,1180.0,1185.0,6132600
2026-02-11 10:20:00,1185.0,1185.0,1175.0,1175.0,2858900
2026-02-11 10:25:00,1175.0,1180.0,1175.0,1180.0,644600
2026-02-11 10:30:00,1175.0,1185.0,1175.0,1180.0,1057900
2026-02-11 10:35:00,1180.0,1185.0,1175.0,1180.0,1364500
2026-02-11 10:40:00,1180.0,1185.0,1175.0,1185.0,1093100
2026-02-11 10:45:00,1185.0,1185.0,1180.0,1185.0,335800
2026-02-11 10:50:00,1185.0,1185.0,1175.0,1185.0,1989400
2026-02-11 10:55:00,1185.0,1190.0,1180.0,1190.0,3585900
2026-02-11 11:00:00,1195.0,1205.0,1190.0,1205.0,5965200
2026-02-11 11:05:00,1200.0,1210.0,1195.0,1210.0,3223400
2026-02-11 11:10:00,1210.0,1215.0,1205.0,1210.0,2681100
2026-02-11 11:15:00,1210.0,1225.0,1205.0,1215.0,6293400
2026-02-11 11:20:00,1220.0,1225.0,1205.0,1215.0,3952900
2026-02-11 11:25:00,1215.0,1220.0,1210.0,1210.0,2166500
2026-02-11 11:30:00,1210.0,1220.0,1200.0,1215.0,3591600
2026-02-11 11:35:00,1215.0,1220.0,1200.0,1205.0,2524400
2026-02-11 11:40:00,1210.0,1210.0,1205.0,1205.0,300900
2026-02-11 11:45:00,1205.0,1215.0,1205.0,1215.0,1611900
2026-02-11 11:50:00,1210.0,1215.0,1210.0,1215.0,534400
2026-02-11 11:55:00,1215.0,1220.0,1205.0,1205.0,3096500
2026-02-11 13:30:00,1210.0,1220.0,1205.0,1215.0,4070900
2026-02-11 13:35:00,1220.0,1250.0,1220.0,1235.0,7275300
2026-02-11 13:40:00,1235.0,1240.0,1205.0,1220.0,3660200
2026-02-11 13:45:00,1220.0,1220.0,1205.0,1210.0,1835100
2026-02-11 13:50:00,1210.0,1220.0,1195.0,1195.0,7103700
2026-02-11 13:55:00,1190.0,1200.0,1185.0,1190.0,4173900
2026-02-11 14:00:00,1190.0,1200.0,1190.0,1195.0,942900
2026-02-11 14:05:00,1195.0,1200.0,1190.0,1195.0,1588500
2026-02-11 14:10:00,1195.0,1205.0,1195.0,1200.0,1053900
2026-02-11 14:15:00,1195.0,1200.0,1195.0,1200.0,462800
2026-02-11 14:20:00,1195.0,1205.0,1195.0,1205.0,1191900
2026-02-11 14:25:00,1200.0,1205.0,1190.0,1190.0,1374200
2026-02-11 14:30:00,1190.0,1195.0,1190.0,1190.0,1496500
2026-02-11 14:35:00,1185.0,1195.0,1185.0,1190.0,1761200
2026-02-11 14:40:00,1190.0,1200.0,1190.0,1195.0,1458600
2026-02-11 14:45:00,1195.0,1200.0,1195.0,1200.0,669400
2026-02-11 14:50:00,1195.0,1205.0,1195.0,1200.0,2240100
2026-02-11 14:55:00,1205.0,1220.0,1200.0,1215.0,3696600
2026-02-11 15:00:00,1220.0,1225.0,1215.0,1220.0,2108300
2026-02-11 15:05:00,1220.0,1220.0,1215.0,1215.0,407600
2026-02-11 15:10:00,1215.0,1220.0,1215.0,1220.0,875100
2026-02-11 15:15:00,1220.0,1220.0,1215.0,1215.0,266100
2026-02-11 15:20:00,1215.0,1220.0,1210.0,1210.0,1918200
2026-02-11 15:25:00,1210.0,1215.0,1205.0,1215.0,3507000
2026-02-11 15:30:00,1205.0,1220.0,1205.0,1215.0,1990700
2026-02-11 15:35:00,1220.0,1230.0,1215.0,1220.0,2820300
2026-02-11 15:40:00,1220.0,1230.0,1215.0,1230.0,3654100
2026-02-11 15:45:00,1230.0,1235.0,1220.0,1220.0,2572000
2026-02-11 16:00:00,1235.0,1235.0,1235.0,1235.0,2507400
2026-02-11 16:05:00,1235.0,1235.0,1235.0,1235.0,572600
2026-02-11 16:10:00,1235.0,1235.0,1235.0,1235.0,15500
2026-02-12 09:00:00,1260.0,1265.0,1230.0,1255.0,0
2026-02-12 09:05:00,1255.0,1260.0,1225.0,1230.0,8586100
2026-02-12 09:10:00,1230.0,1270.0,1230.0,1270.0,3009900
2026-02-12 09:15:00,1265.0,1275.0,1260.0,1265.0,3745600
2026-02-12 09:20:00,1270.0,1280.0,1265.0,1280.0,4219600
2026-02-12 09:25:00,1275.0,1290.0,1270.0,1290.0,4994000
2026-02-12 09:30:00,1290.0,1310.0,1285.0,1285.0,6682700
2026-02-12 09:35:00,1290.0,1295.0,1275.0,1295.0,2722100
2026-02-12 09:40:00,1295.0,1305.0,1285.0,1305.0,3255000
2026-02-12 09:45:00,1305.0,1325.0,1300.0,1310.0,5853000
2026-02-12 09:50:00,1305.0,1310.0,1290.0,1295.0,2310300
2026-02-12 09:55:00,1295.0,1305.0,1295.0,1295.0,2267500
2026-02-12 10:00:00,1290.0,1305.0,1290.0,1300.0,2761400
2026-02-12 10:05:00,1305.0,1340.0,1300.0,1335.0,6695500
2026-02-12 10:10:00,1335.0,1350.0,1335.0,1340.0,8654700
2026-02-12 10:15:00,1340.0,1375.0,1340.0,1365.0,9222700
2026-02-12 10:20:00,1365.0,1380.0,1335.0,1355.0,14027700
2026-02-12 10:25:00,1355.0,1355.0,1340.0,1345.0,3839700
2026-02-12 10:30:00,1345.0,1345.0,1325.0,1335.0,4158100
2026-02-12 10:35:00,1330.0,1340.0,1315.0,1325.0,4226200
2026-02-12 10:40:00,1325.0,1330.0,1310.0,1310.0,2496800
2026-02-12 10:45:00,1310.0,1315.0,1305.0,1310.0,2019100
2026-02-12 10:50:00,1310.0,1320.0,1305.0,1320.0,2435700
2026-02-12 10:55:00,1320.0,1320.0,1305.0,1305.0,1450000
2026-02-12 11:00:00,1305.0,1310.0,1295.0,1300.0,5613500
2026-02-12 11:05:00,1305.0,1325.0,1300.0,1325.0,1613100
2026-02-12 11:10:00,1325.0,1325.0,1315.0,1320.0,1683200
2026-02-12 11:15:00,1320.0,1320.0,1310.0,1315.0,880500
2026-02-12 11:20:00,1310.0,1320.0,1310.0,1320.0,1257200
2026-02-12 11:25:00,1315.0,1320.0,1310.0,1315.0,540800
2026-02-12 11:30:00,1315.0,1315.0,1310.0,1315.0,312300
2026-02-12 11:35:00,1315.0,1315.0,1310.0,1310.0,182100
2026-02-12 11:40:00,1310.0,1320.0,1310.0,1315.0,695900
2026-02-12 11:45:00,1315.0,1320.0,1315.0,1315.0,188500
2026-02-12 11:50:00,1315.0,1320.0,1315.0,1320.0,1704200
2026-02-12 11:55:00,1325.0,1330.0,1320.0,1325.0,654300
2026-02-12 13:30:00,1325.0,1335.0,1315.0,1320.0,1771400
2026-02-12 13:35:00,1325.0,1325.0,1315.0,1315.0,736100
2026-02-12 13:40:00,1320.0,1330.0,1315.0,1320.0,1015800
2026-02-12 13:45:00,1325.0,1325.0,1320.0,1320.0,323900
2026-02-12 13:50:00,1320.0,1325.0,1315.0,1315.0,963200
2026-02-12 13:55:00,1315.0,1320.0,1310.0,1315.0,2990500
2026-02-12 14:00:00,1315.0,1315.0,1305.0,1305.0,1487000
2026-02-12 14:05:00,1305.0,1310.0,1300.0,1305.0,1649500
2026-02-12 14:10:00,1305.0,1310.0,1305.0,1305.0,371600
2026-02-12 14:15:00,1305.0,1315.0,1300.0,1310.0,1488000
2026-02-12 14:20:00,1310.0,1315.0,1310.0,1310.0,956200
2026-02-12 14:25:00,1310.0,1320.0,1310.0,1310.0,738800
2026-02-12 14:30:00,1310.0,1315.0,1305.0,1305.0,1098300
2026-02-12 14:35:00,1310.0,1315.0,1305.0,1310.0,813700
2026-02-12 14:40:00,1310.0,1315.0,1310.0,1310.0,555200
2026-02-12 14:45:00,1310.0,1315.0,1310.0,1310.0,500300
2026-02-12 14:50:00,1310.0,1325.0,1310.0,1320.0,2719600
2026-02-12 14:55:00,1325.0,1325.0,1315.0,1320.0,2669900
2026-02-12 15:00:00,1315.0,1355.0,1315.0,1350.0,7567400
2026-02-12 15:05:00,1350.0,1360.0,1335.0,1345.0,6890900
2026-02-12 15:10:00,1345.0,1350.0,1330.0,1340.0,2585000
2026-02-12 15:15:00,1345.0,1365.0,1340.0,1355.0,4020300
2026-02-12 15:20:00,1355.0,1375.0,1350.0,1360.0,10844900
2026-02-12 15:25:00,1360.0,1375.0,1360.0,1365.0,5175700
2026-02-12 15:30:00,1370.0,1370.0,1360.0,1365.0,2457300
2026-02-12 15:35:00,1370.0,1385.0,1360.0,1380.0,10490100
2026-02-12 15:40:00,1385.0,1410.0,1380.0,1395.0,16959700
2026-02-12 15:45:00,1400.0,1400.0,1380.0,1395.0,4858200
2026-02-12 16:00:00,1400.0,1400.0,1400.0,1400.0,5261600
2026-02-12 16:05:00,1400.0,1400.0,1400.0,1400.0,162500
2026-02-12 16:10:00,1400.0,1400.0,1400.0,1400.0,177500
2026-02-13 09:00:00,1410.0,1425.0,1365.0,1420.0,0
2026-02-13 09:05:00,1420.0,1475.0,1405.0,1450.0,20941100
2026-02-13 09:10:00,1450.0,1480.0,1440.0,1460.0,18535900
2026-02-13 09:15:00,1455.0,1460.0,1395.0,1400.0,19309100
2026-02-13 09:20:00,1400.0,1430.0,1400.0,1425.0,5259400
2026-02-13 09:25:00,1425.0,1425.0,1405.0,1425.0,2960500
2026-02-13 09:30:00,1425.0,1435.0,1420.0,1430.0,3873600
2026-02-13 09:35:00,1435.0,1435.0,1425.0,1430.0,3366700
2026-02-13 09:40:00,1430.0,1455.0,1430.0,1450.0,4439600
2026-02-13 09:45:00,1450.0,1510.0,1450.0,1510.0,23609200
2026-02-13 09:50:00,1510.0,1560.0,1495.0,1560.0,32416600
2026-02-13 09:55:00,1560.0,1620.0,1540.0,1600.0,29324100
2026-02-13 10:00:00,1600.0,1610.0,1575.0,1590.0,16098900
2026-02-13 10:05:00,1590.0,1595.0,1570.0,1585.0,5534000
2026-02-13 10:10:00,1585.0,1660.0,1585.0,1640.0,22577900
2026-02-13 10:15:00,1635.0,1650.0,1620.0,1635.0,12108900
2026-02-13 10:20:00,1640.0,1640.0,1605.0,1615.0,6120800
2026-02-13 10:25:00,1615.0,1625.0,1605.0,1615.0,4773700
2026-02-13 10:30:00,1615.0,1625.0,1605.0,1610.0,4251300
2026-02-13 10:35:00,1610.0,1640.0,1605.0,1615.0,7755700
2026-02-13 10:40:00,1615.0,1655.0,1610.0,1630.0,13119100
2026-02-13 10:45:00,1630.0,1640.0,1620.0,1625.0,3010700
2026-02-13 10:50:00,1625.0,1630.0,1610.0,1610.0,3437800
2026-02-13 10:55:00,1610.0,1620.0,1600.0,1600.0,3544100
2026-02-13 11:00:00,1600.0,1610.0,1580.0,1605.0,5139700
2026-02-13 11:05:00,1605.0,1620.0,1605.0,1615.0,3065400
2026-02-13 11:10:00,1620.0,1620.0,1610.0,1615.0,1168500
2026-02-13 11:15:00,1615.0,1620.0,1610.0,1620.0,1460500
2026-02-13 11:20:00,1625.0,1625.0,1600.0,1605.0,1754900
2026-02-13 11:25:00,1605.0,1605.0,1590.0,1595.0,1619200
2026-02-13 14:00:00,1595.0,1600.0,1590.0,1595.0,4789100
2026-02-13 14:05:00,1590.0,1600.0,1585.0,1585.0,1722100
2026-02-13 14:10:00,1585.0,1585.0,1575.0,1575.0,2006200
2026-02-13 14:15:00,1575.0,1580.0,1560.0,1565.0,3684300
2026-02-13 14:20:00,1560.0,1580.0,1560.0,1570.0,2389600
2026-02-13 14:25:00,1570.0,1570.0,1555.0,1565.0,1681200
2026-02-13 14:30:00,1565.0,1570.0,1560.0,1560.0,1235100
2026-02-13 14:35:00,1560.0,1565.0,1560.0,1565.0,429300
2026-02-13 14:40:00,1565.0,1565.0,1560.0,1560.0,690500
2026-02-13 14:45:00,1565.0,1575.0,1560.0,1575.0,1889300
2026-02-13 14:50:00,1575.0,1585.0,1560.0,1565.0,2873200
2026-02-13 14:55:00,1565.0,1575.0,1565.0,1565.0,430800
2026-02-13 15:00:00,1570.0,1575.0,1565.0,1570.0,395400
2026-02-13 15:05:00,1570.0,1570.0,1550.0,1555.0,2717900
2026-02-13 15:10:00,1550.0,1555.0,1550.0,1550.0,1075900
2026-02-13 15:15:00,1550.0,1575.0,1550.0,1570.0,5767800
2026-02-13 15:20:00,1565.0,1570.0,1555.0,1555.0,2387000
2026-02-13 15:25:00,1550.0,1550.0,1540.0,1550.0,6446000
2026-02-13 15:30:00,1550.0,1550.0,1535.0,1535.0,2128800
2026-02-13 15:35:00,1540.0,1540.0,1530.0,1530.0,6757400
2026-02-13 15:40:00,1535.0,1550.0,1525.0,1545.0,5060200
2026-02-13 15:45:00,1540.0,1545.0,1535.0,1540.0,1794800
2026-02-13 16:00:00,1535.0,1535.0,1535.0,1535.0,2746900
2026-02-13 16:05:00,1535.0,1535.0,1535.0,1535.0,74900
2026-02-13 16:10:00,1535.0,1535.0,1535.0,1535.0,24600
2026-02-18 09:00:00,1555.0,1580.0,1545.0,1560.0,0
2026-02-18 09:05:00,1555.0,1560.0,1520.0,1525.0,5701900
2026-02-18 09:10:00,1525.0,1550.0,1510.0,1540.0,4293500
2026-02-18 09:15:00,1545.0,1565.0,1540.0,1565.0,4054200
2026-02-18 09:20:00,1560.0,1570.0,1550.0,1560.0,3495600
2026-02-18 09:25:00,1560.0,1575.0,1555.0,1575.0,2522600
2026-02-18 09:30:00,1575.0,1595.0,1575.0,1580.0,6747200
2026-02-18 09:35:00,1585.0,1595.0,1575.0,1590.0,4184300
2026-02-18 09:40:00,1585.0,1590.0,1580.0,1590.0,1742300
2026-02-18 09:45:00,1585.0,1590.0,1580.0,1580.0,1958100
2026-02-18 09:50:00,1580.0,1635.0,1580.0,1625.0,25542100
2026-02-18 09:55:00,1625.0,1650.0,1620.0,1630.0,13781600
2026-02-18 10:00:00,1630.0,1635.0,1600.0,1620.0,7708400
2026-02-18 10:05:00,1615.0,1620.0,1585.0,1605.0,5846600
2026-02-18 10:10:00,1600.0,1610.0,1580.0,1595.0,4076700
2026-02-18 10:15:00,1595.0,1605.0,1590.0,1595.0,1196400
2026-02-18 10:20:00,1600.0,1600.0,1580.0,1580.0,2765500
2026-02-18 10:25:00,1580.0,1600.0,1580.0,1590.0,1330300
2026-02-18 10:30:00,1590.0,1595.0,1580.0,1590.0,1388600
2026-02-18 10:35:00,1590.0,1590.0,1565.0,1570.0,5449600
2026-02-18 10:40:00,1565.0,1580.0,1565.0,1580.0,1864800
2026-02-18 10:45:00,1580.0,1585.0,1575.0,1585.0,884800
2026-02-18 10:50:00,1585.0,1590.0,1580.0,1585.0,667000
2026-02-18 10:55:00,1585.0,1590.0,1580.0,1585.0,1187300
2026-02-18 11:00:00,1585.0,1590.0,1575.0,1580.0,1337800
2026-02-18 11:05:00,1580.0,1580.0,1570.0,1570.0,737200
2026-02-18 11:10:00,1575.0,1575.0,1565.0,1575.0,2070000
2026-02-18 11:15:00,1570.0,1575.0,1570.0,1570.0,464300
2026-02-18 11:20:00,1570.0,1575.0,1565.0,1570.0,1087300
2026-02-18 11:25:00,1565.0,1580.0,1565.0,1580.0,1085500
2026-02-18 11:30:00,1585.0,1585.0,1570.0,1570.0,795900
2026-02-18 11:35:00,1570.0,1575.0,1565.0,1565.0,1197200
2026-02-18 11:40:00,1570.0,1575.0,1560.0,1570.0,2025300
2026-02-18 11:45:00,1570.0,1575.0,1560.0,1570.0,1122400
2026-02-18 11:50:00,1570.0,1575.0,1560.0,1570.0,1727100
2026-02-18 11:55:00,1565.0,1575.0,1565.0,1570.0,1078600
2026-02-18 13:30:00,1570.0,1575.0,1560.0,1565.0,1731500
2026-02-18 13:35:00,1565.0,1565.0,1550.0,1555.0,3439500
2026-02-18 13:40:00,1555.0,1560.0,1545.0,1550.0,4066300
2026-02-18 13:45:00,1550.0,1550.0,1535.0,1550.0,2648300
2026-02-18 13:50:00,1550.0,1560.0,1545.0,1560.0,1169000
2026-02-18 13:55:00,1560.0,1560.0,1545.0,1550.0,1850300
2026-02-18 14:00:00,1555.0,1555.0,1530.0,1530.0,2195300
2026-02-18 14:05:00,1530.0,1550.0,1530.0,1545.0,2166300
2026-02-18 14:10:00,1545.0,1555.0,1545.0,1545.0,747100
2026-02-18 14:15:00,1550.0,1560.0,1545.0,1560.0,1708100
2026-02-18 14:20:00,1560.0,1560.0,1545.0,1550.0,1595200
2026-02-18 14:25:00,1555.0,1555.0,1540.0,1540.0,1314700
2026-02-18 14:30:00,1545.0,1545.0,1535.0,1540.0,958500
2026-02-18 14:35:00,1540.0,1550.0,1530.0,1540.0,2471900
2026-02-18 14:40:00,1540.0,1545.0,1535.0,1545.0,750600
2026-02-18 14:45:00,1545.0,1545.0,1530.0,1535.0,794800
2026-02-18 14:50:00,1535.0,1535.0,1520.0,1530.0,5064500
2026-02-18 14:55:00,1535.0,1535.0,1520.0,1525.0,1815700
2026-02-18 15:00:00,1525.0,1540.0,1520.0,1535.0,2744700
2026-02-18 15:05:00,1540.0,1550.0,1530.0,1545.0,2270400
2026-02-18 15:10:00,1550.0,1550.0,1540.0,1545.0,634500
2026-02-18 15:15:00,1550.0,1555.0,1545.0,1555.0,1992000
2026-02-18 15:20:00,1555.0,1565.0,1550.0,1560.0,2730700
2026-02-18 15:25:00,1565.0,1565.0,1550.0,1555.0,2106700
2026-02-18 15:30:00,1555.0,1555.0,1545.0,1550.0,831300
2026-02-18 15:35:00,1550.0,1550.0,1535.0,1540.0,3383200
2026-02-18 15:40:00,1540.0,1545.0,1535.0,1535.0,2204300
2026-02-18 15:45:00,1540.0,1540.0,1535.0,1540.0,1603900
2026-02-18 16:00:00,1540.0,1540.0,1540.0,1540.0,1682000
2026-02-18 16:05:00,1540.0,1540.0,1540.0,1540.0,34500
2026-02-18 16:10:00,1540.0,1540.0,1540.0,1540.0,58600
2026-02-19 09:00:00,1605.0,1675.0,1585.0,1670.0,0
2026-02-19 09:05:00,1670.0,1670.0,1615.0,1645.0,12256600
2026-02-19 09:10:00,1640.0,1645.0,1615.0,1625.0,4327400
2026-02-19 09:15:00,1625.0,1640.0,1620.0,1635.0,4167100
2026-02-19 09:20:00,1630.0,1635.0,1625.0,1630.0,1875500
2026-02-19 09:25:00,1625.0,1630.0,1610.0,1620.0,5119500
2026-02-19 09:30:00,1620.0,1625.0,1600.0,1605.0,3017000
2026-02-19 09:35:00,1605.0,1615.0,1605.0,1615.0,1532300
2026-02-19 09:40:00,1610.0,1615.0,1605.0,1610.0,588800
2026-02-19 09:45:00,1610.0,1610.0,1600.0,1600.0,1283300
2026-02-19 09:50:00,1605.0,1605.0,1595.0,1600.0,2499000
2026-02-19 09:55:00,1595.0,1600.0,1570.0,1575.0,6132700
2026-02-19 10:00:00,1575.0,1595.0,1575.0,1585.0,1293800
2026-02-19 10:05:00,1590.0,1590.0,1570.0,1580.0,3129300
2026-02-19 10:10:00,1580.0,1595.0,1575.0,1590.0,2927300
2026-02-19 10:15:00,1590.0,1595.0,1580.0,1590.0,1456500
2026-02-19 10:20:00,1590.0,1610.0,1580.0,1590.0,5211800
2026-02-19 10:25:00,1590.0,1595.0,1575.0,1590.0,11542900
2026-02-19 10:30:00,1590.0,1595.0,1585.0,1590.0,1812200
2026-02-19 10:35:00,1590.0,1595.0,1575.0,1580.0,5550700
2026-02-19 10:40:00,1580.0,1585.0,1575.0,1585.0,2280400
2026-02-19 10:45:00,1580.0,1595.0,1575.0,1590.0,2778500
2026-02-19 10:50:00,1590.0,1595.0,1585.0,1590.0,2397500
2026-02-19 10:55:00,1590.0,1590.0,1580.0,1585.0,1778100
2026-02-19 11:00:00,1585.0,1590.0,1580.0,1585.0,1346900
2026-02-19 11:05:00,1585.0,1585.0,1565.0,1580.0,5174900
2026-02-19 11:10:00,1580.0,1580.0,1575.0,1575.0,2632900
2026-02-19 11:15:00,1575.0,1585.0,1570.0,1575.0,5169900
2026-02-19 11:20:00,1580.0,1585.0,1560.0,1565.0,3083900
2026-02-19 11:25:00,1565.0,1575.0,1565.0,1565.0,910300
2026-02-19 11:30:00,1570.0,1575.0,1565.0,1570.0,1018100
2026-02-19 11:35:00,1570.0,1575.0,1560.0,1570.0,8496000
2026-02-19 11:40:00,1570.0,1575.0,1565.0,1565.0,2077700
2026-02-19 11:45:00,1570.0,1570.0,1560.0,1560.0,7204900
2026-02-19 11:50:00,1560.0,1560.0,1550.0,1550.0,2201800
2026-02-19 11:55:00,1550.0,1570.0,1550.0,1565.0,588500
2026-02-19 13:30:00,1565.0,1580.0,1560.0,1575.0,3774900
2026-02-19 13:35:00,1570.0,1570.0,1555.0,1565.0,1056300
2026-02-19 13:40:00,1565.0,1570.0,1560.0,1565.0,918400
2026-02-19 13:45:00,1565.0,1575.0,1560.0,1575.0,1149000
2026-02-19 13:50:00,1575.0,1575.0,1560.0,1560.0,2663600
2026-02-19 13:55:00,1560.0,1570.0,1560.0,1570.0,3602300
2026-02-19 14:00:00,1570.0,1570.0,1545.0,1550.0,5978000
2026-02-19 14:05:00,1550.0,1560.0,1545.0,1560.0,1263600
2026-02-19 14:10:00,1560.0,1560.0,1535.0,1535.0,9179900
2026-02-19 14:15:00,1535.0,1550.0,1530.0,1535.0,2924100
2026-02-19 14:20:00,1535.0,1540.0,1530.0,1535.0,1944800
2026-02-19 14:25:00,1535.0,1540.0,1530.0,1535.0,1185400
2026-02-19 14:30:00,1535.0,1540.0,1525.0,1530.0,1321600
2026-02-19 14:35:00,1535.0,1535.0,1530.0,1535.0,134100
2026-02-19 14:40:00,1530.0,1540.0,1530.0,1530.0,3006800
2026-02-19 14:45:00,1535.0,1535.0,1530.0,1530.0,1257000
2026-02-19 14:50:00,1530.0,1535.0,1525.0,1535.0,462600
2026-02-19 14:55:00,1535.0,1535.0,1525.0,1530.0,559000
2026-02-19 15:00:00,1530.0,1535.0,1525.0,1530.0,817400
2026-02-19 15:05:00,1530.0,1530.0,1525.0,1530.0,781200
2026-02-19 15:10:00,1530.0,1530.0,1525.0,1530.0,534200
2026-02-19 15:15:00,1525.0,1545.0,1525.0,1540.0,1306400
2026-02-19 15:20:00,1535.0,1540.0,1535.0,1540.0,268600
2026-02-19 15:25:00,1540.0,1540.0,1530.0,1535.0,975900
2026-02-19 15:30:00,1530.0,1535.0,1530.0,1535.0,178000
2026-02-19 15:35:00,1535.0,1540.0,1530.0,1535.0,1697700
2026-02-19 15:40:00,1540.0,1540.0,1530.0,1540.0,2054800
2026-02-19 15:45:00,1540.0,1550.0,1535.0,1550.0,877800
2026-02-19 16:00:00,1555.0,1555.0,1555.0,1555.0,1716800
2026-02-19 16:05:00,1555.0,1555.0,1555.0,1555.0,137300
2026-02-19 16:10:00,1555.0,1555.0,1555.0,1555.0,35200
2026-02-20 09:00:00,1590.0,1605.0,1570.0,1595.0,0
2026-02-20 09:05:00,1595.0,1630.0,1590.0,1610.0,14852600
2026-02-20 09:10:00,1610.0,1625.0,1605.0,1605.0,6928800
2026-02-20 09:15:00,1605.0,1610.0,1580.0,1580.0,5884400
2026-02-20 09:20:00,1580.0,1595.0,1575.0,1590.0,2318400
2026-02-20 09:25:00,1590.0,1605.0,1580.0,1605.0,3766100
2026-02-20 09:30:00,1600.0,1630.0,1600.0,1615.0,14485100
2026-02-20 09:35:00,1615.0,1630.0,1610.0,1615.0,7195500
2026-02-20 09:40:00,1615.0,1620.0,1600.0,1615.0,2081100
2026-02-20 09:45:00,1615.0,1620.0,1605.0,1615.0,2172700
2026-02-20 09:50:00,1615.0,1635.0,1615.0,1635.0,10036500
2026-02-20 09:55:00,1630.0,1680.0,1630.0,1675.0,29710300
2026-02-20 10:00:00,1675.0,1685.0,1645.0,1655.0,11538400
2026-02-20 10:05:00,1655.0,1660.0,1635.0,1645.0,4765900
2026-02-20 10:10:00,1645.0,1660.0,1640.0,1655.0,3139800
2026-02-20 10:15:00,1655.0,1655.0,1645.0,1650.0,1017800
2026-02-20 10:20:00,1645.0,1680.0,1635.0,1675.0,10220200
2026-02-20 10:25:00,1675.0,1720.0,1675.0,1720.0,37640600
2026-02-20 10:30:00,1720.0,1720.0,1680.0,1690.0,13015400
2026-02-20 10:35:00,1685.0,1735.0,1685.0,1725.0,16565300
2026-02-20 10:40:00,1730.0,1770.0,1730.0,1745.0,27854400
2026-02-20 10:45:00,1745.0,1760.0,1715.0,1725.0,16064600
2026-02-20 10:50:00,1725.0,1725.0,1695.0,1695.0,15009900
2026-02-20 10:55:00,1695.0,1715.0,1695.0,1710.0,5163100
2026-02-20 11:00:00,1705.0,1715.0,1700.0,1700.0,2764900
2026-02-20 11:05:00,1700.0,1705.0,1690.0,1690.0,4831300
2026-02-20 11:10:00,1690.0,1695.0,1675.0,1685.0,4282500
2026-02-20 11:15:00,1680.0,1700.0,1680.0,1695.0,2733900
2026-02-20 11:20:00,1690.0,1700.0,1690.0,1690.0,1029300
2026-02-20 11:25:00,1690.0,1710.0,1690.0,1705.0,2131100
2026-02-20 14:00:00,1710.0,1765.0,1705.0,1735.0,22371200
2026-02-20 14:05:00,1740.0,1745.0,1730.0,1735.0,4515100
2026-02-20 14:10:00,1735.0,1745.0,1725.0,1735.0,3867900
2026-02-20 14:15:00,1730.0,1740.0,1725.0,1725.0,3027900
2026-02-20 14:20:00,1730.0,1735.0,1725.0,1730.0,3555500
2026-02-20 14:25:00,1730.0,1735.0,1710.0,1715.0,5634800
2026-02-20 14:30:00,1715.0,1725.0,1710.0,1720.0,2135200
2026-02-20 14:35:00,1720.0,1725.0,1690.0,1690.0,6727900
2026-02-20 14:40:00,1690.0,1715.0,1690.0,1715.0,3250600
2026-02-20 14:45:00,1710.0,1715.0,1700.0,1700.0,2862500
2026-02-20 14:50:00,1705.0,1715.0,1700.0,1700.0,3219700
2026-02-20 14:55:00,1700.0,1715.0,1700.0,1710.0,1710800
2026-02-20 15:00:00,1710.0,1725.0,1710.0,1720.0,3296400
2026-02-20 15:05:00,1725.0,1725.0,1705.0,1720.0,3264300
2026-02-20 15:10:00,1720.0,1730.0,1710.0,1715.0,6541800
2026-02-20 15:15:00,1715.0,1725.0,1715.0,1720.0,1521200
2026-02-20 15:20:00,1720.0,1725.0,1705.0,1705.0,3862600
2026-02-20 15:25:00,1705.0,1725.0,1705.0,1715.0,2961700
2026-02-20 15:30:00,1715.0,1720.0,1705.0,1715.0,6675600
2026-02-20 15:35:00,1715.0,1720.0,1685.0,1695.0,9051300
2026-02-20 15:40:00,1690.0,1710.0,1670.0,1700.0,8004000
2026-02-20 15:45:00,1705.0,1710.0,1695.0,1700.0,3527900
2026-02-20 16:00:00,1690.0,1690.0,1690.0,1690.0,11055500
2026-02-20 16:05:00,1690.0,1690.0,1690.0,1690.0,254200
2026-02-20 16:10:00,1690.0,1690.0,1690.0,1690.0,495500
2026-02-23 09:00:00,1710.0,1720.0,1665.0,1665.0,0
2026-02-23 09:05:00,1665.0,1685.0,1660.0,1660.0,8359200
2026-02-23 09:10:00,1660.0,1680.0,1655.0,1655.0,7306500
2026-02-23 09:15:00,1655.0,1675.0,1655.0,1675.0,4039800
2026-02-23 09:20:00,1675.0,1700.0,1670.0,1690.0,7437400
2026-02-23 09:25:00,1690.0,1690.0,1665.0,1670.0,4891300
2026-02-23 09:30:00,1670.0,1690.0,1670.0,1685.0,2079400
2026-02-23 09:35:00,1685.0,1695.0,1685.0,1690.0,3189800
2026-02-23 09:40:00,1690.0,1690.0,1685.0,1685.0,995200
2026-02-23 09:45:00,1685.0,1705.0,1685.0,1695.0,7530500
2026-02-23 09:50:00,1700.0,1705.0,1690.0,1690.0,3694900
2026-02-23 09:55:00,1690.0,1710.0,1690.0,1695.0,3048700
2026-02-23 10:00:00,1695.0,1705.0,1695.0,1695.0,2892000
2026-02-23 10:05:00,1700.0,1705.0,1695.0,1700.0,959800
2026-02-23 10:10:00,1700.0,1705.0,1695.0,1700.0,2200200
2026-02-23 10:15:00,1695.0,1700.0,1675.0,1680.0,6400600
2026-02-23 10:20:00,1680.0,1690.0,1675.0,1685.0,3469700
2026-02-23 10:25:00,1685.0,1700.0,1680.0,1695.0,3062600
2026-02-23 10:30:00,1700.0,1700.0,1695.0,1695.0,1576000
2026-02-23 10:35:00,1695.0,1700.0,1690.0,1695.0,1238500
2026-02-23 10:40:00,1695.0,1700.0,1690.0,1700.0,968100
2026-02-23 10:45:00,1700.0,1700.0,1690.0,1690.0,887600
2026-02-23 10:50:00,1690.0,1695.0,1675.0,1680.0,3877400
2026-02-23 10:55:00,1680.0,1690.0,1680.0,1685.0,869900
2026-02-23 11:00:00,1685.0,1690.0,1680.0,1685.0,2679800
2026-02-23 11:05:00,1680.0,1690.0,1680.0,1690.0,928600
2026-02-23 11:10:00,1685.0,1690.0,1670.0,1685.0,3515600
2026-02-23 11:15:00,1685.0,1690.0,1680.0,1690.0,569800
2026-02-23 11:20:00,1690.0,1695.0,1685.0,1690.0,1533800
2026-02-23 11:25:00,1695.0,1695.0,1690.0,1690.0,933300
2026-02-23 11:30:00,1695.0,1695.0,1690.0,1690.0,246400
2026-02-23 11:35:00,1695.0,1695.0,1690.0,1690.0,482900
2026-02-23 11:40:00,1690.0,1710.0,1690.0,1705.0,7807100
2026-02-23 11:45:00,1705.0,1705.0,1695.0,1700.0,2493100
2026-02-23 11:50:00,1705.0,1705.0,1695.0,1695.0,1126800
2026-02-23 11:55:00,1700.0,1705.0,1695.0,1700.0,977000
2026-02-23 13:30:00,1700.0,1700.0,1680.0,1685.0,4609400
2026-02-23 13:35:00,1685.0,1690.0,1680.0,1685.0,447500
2026-02-23 13:40:00,1690.0,1690.0,1680.0,1680.0,1388100
2026-02-23 13:45:00,1685.0,1690.0,1680.0,1685.0,476600
2026-02-23 13:50:00,1690.0,1695.0,1685.0,1690.0,1098200
2026-02-23 13:55:00,1685.0,1695.0,1685.0,1690.0,688200
2026-02-23 14:00:00,1690.0,1695.0,1685.0,1695.0,1010200
2026-02-23 14:05:00,1695.0,1695.0,1685.0,1690.0,2076300
2026-02-23 14:10:00,1685.0,1690.0,1685.0,1690.0,1702700
2026-02-23 14:15:00,1685.0,1690.0,1680.0,1685.0,1125200
2026-02-23 14:20:00,1685.0,1690.0,1680.0,1685.0,1371400
2026-02-23 14:25:00,1685.0,1685.0,1680.0,1685.0,426300
2026-02-23 14:30:00,1680.0,1690.0,1680.0,1685.0,713800
2026-02-23 14:35:00,1685.0,1690.0,1685.0,1690.0,477800
2026-02-23 14:40:00,1690.0,1690.0,1685.0,1685.0,630300
2026-02-23 14:45:00,1685.0,1690.0,1680.0,1685.0,1756900
2026-02-23 14:50:00,1685.0,1685.0,1675.0,1675.0,3619000
2026-02-23 14:55:00,1675.0,1675.0,1670.0,1670.0,1202800
2026-02-23 15:00:00,1675.0,1680.0,1670.0,1675.0,593700
2026-02-23 15:05:00,1680.0,1685.0,1675.0,1685.0,2073600
2026-02-23 15:10:00,1685.0,1685.0,1680.0,1685.0,766400
2026-02-23 15:15:00,1680.0,1685.0,1670.0,1670.0,3625900
2026-02-23 15:20:00,1675.0,1675.0,1670.0,1675.0,678900
2026-02-23 15:25:00,1670.0,1685.0,1665.0,1685.0,10824300
2026-02-23 15:30:00,1680.0,1690.0,1675.0,1685.0,1881600
2026-02-23 15:35:00,1680.0,1685.0,1680.0,1680.0,1072800
2026-02-23 15:40:00,1680.0,1680.0,1675.0,1680.0,1737500
2026-02-23 15:45:00,1675.0,1685.0,1670.0,1680.0,2608100
2026-02-23 16:00:00,1665.0,1665.0,1665.0,1665.0,4680300
2026-02-23 16:05:00,1665.0,1665.0,1665.0,1665.0,77800
2026-02-23 16:10:00,1665.0,1665.0,1665.0,1665.0,64000
2026-02-24 09:00:00,1680.0,1690.0,1675.0,1685.0,0
2026-02-24 09:05:00,1685.0,1715.0,1680.0,1710.0,7908500
2026-02-24 09:10:00,1710.0,1715.0,1685.0,1685.0,8051000
2026-02-24 09:15:00,1685.0,1690.0,1675.0,1680.0,2008000
2026-02-24 09:20:00,1680.0,1685.0,1675.0,1680.0,1167600
2026-02-24 09:25:00,1675.0,1680.0,1655.0,1655.0,5612900
2026-02-24 09:30:00,1655.0,1665.0,1650.0,1650.0,5174500
2026-02-24 09:35:00,1650.0,1655.0,1630.0,1635.0,12847400
2026-02-24 09:40:00,1635.0,1645.0,1620.0,1645.0,9004800
2026-02-24 09:45:00,1645.0,1650.0,1630.0,1635.0,4161600
2026-02-24 09:50:00,1640.0,1650.0,1635.0,1645.0,3825500
2026-02-24 09:55:00,1645.0,1655.0,1640.0,1650.0,1292600
2026-02-24 10:00:00,1655.0,1655.0,1645.0,1645.0,5232800
2026-02-24 10:05:00,1650.0,1650.0,1640.0,1650.0,6539600
2026-02-24 10:10:00,1650.0,1660.0,1645.0,1650.0,5323400
2026-02-24 10:15:00,1650.0,1655.0,1650.0,1655.0,6434700
2026-02-24 10:20:00,1655.0,1655.0,1645.0,1650.0,3940200
2026-02-24 10:25:00,1645.0,1650.0,1640.0,1640.0,1004900
2026-02-24 10:30:00,1640.0,1650.0,1635.0,1640.0,3787300
2026-02-24 10:35:00,1640.0,1655.0,1640.0,1650.0,3313900
2026-02-24 10:40:00,1650.0,1660.0,1645.0,1645.0,3402800
2026-02-24 10:45:00,1650.0,1650.0,1645.0,1645.0,1642400
2026-02-24 10:50:00,1645.0,1650.0,1645.0,1650.0,423800
2026-02-24 10:55:00,1645.0,1650.0,1640.0,1640.0,2221000
2026-02-24 11:00:00,1645.0,1645.0,1635.0,1645.0,2013100
2026-02-24 11:05:00,1640.0,1650.0,1640.0,1640.0,1641000
2026-02-24 11:10:00,1645.0,1645.0,1630.0,1635.0,12472900
2026-02-24 11:15:00,1635.0,1645.0,1625.0,1640.0,22755200
2026-02-24 11:20:00,1640.0,1645.0,1640.0,1640.0,921700
2026-02-24 11:25:00,1640.0,1645.0,1640.0,1645.0,324600
2026-02-24 11:30:00,1645.0,1645.0,1635.0,1640.0,427800
2026-02-24 11:35:00,1635.0,1640.0,1630.0,1630.0,1271200
2026-02-24 11:40:00,1630.0,1635.0,1625.0,1625.0,732900
2026-02-24 11:45:00,1625.0,1635.0,1625.0,1630.0,389200
2026-02-24 11:50:00,1625.0,1630.0,1620.0,1625.0,1119500
2026-02-24 11:55:00,1620.0,1625.0,1620.0,1625.0,1870200
2026-02-24 13:30:00,1625.0,1645.0,1620.0,1645.0,7759300
2026-02-24 13:35:00,1645.0,1650.0,1635.0,1635.0,1665100
2026-02-24 13:40:00,1635.0,1640.0,1630.0,1635.0,1592400
2026-02-24 13:45:00,1635.0,1640.0,1630.0,1635.0,855800
2026-02-24 13:50:00,1630.0,1635.0,1630.0,1635.0,509300
2026-02-24 13:55:00,1635.0,1635.0,1630.0,1635.0,935400
2026-02-24 14:00:00,1630.0,1630.0,1625.0,1625.0,898500
2026-02-24 14:05:00,1630.0,1630.0,1620.0,1625.0,1191300
2026-02-24 14:10:00,1625.0,1625.0,1620.0,1620.0,1448100
2026-02-24 14:15:00,1620.0,1620.0,1600.0,1605.0,7062000
2026-02-24 14:20:00,1600.0,1610.0,1580.0,1585.0,7331700
2026-02-24 14:25:00,1590.0,1610.0,1585.0,1605.0,6428100
2026-02-24 14:30:00,1605.0,1605.0,1595.0,1600.0,2459100
2026-02-24 14:35:00,1595.0,1600.0,1590.0,1600.0,1660600
2026-02-24 14:40:00,1595.0,1600.0,1595.0,1595.0,1372000
2026-02-24 14:45:00,1595.0,1600.0,1585.0,1585.0,3140900
2026-02-24 14:50:00,1585.0,1595.0,1585.0,1585.0,3934800
2026-02-24 14:55:00,1585.0,1595.0,1575.0,1585.0,6915600
2026-02-24 15:00:00,1585.0,1595.0,1585.0,1590.0,1981800
2026-02-24 15:05:00,1585.0,1590.0,1575.0,1585.0,3903500
2026-02-24 15:10:00,1585.0,1590.0,1580.0,1590.0,1813600
2026-02-24 15:15:00,1585.0,1585.0,1575.0,1575.0,1928300
2026-02-24 15:20:00,1575.0,1580.0,1565.0,1570.0,2795800
2026-02-24 15:25:00,1570.0,1590.0,1565.0,1580.0,5587800
2026-02-24 15:30:00,1580.0,1585.0,1570.0,1570.0,1588700
2026-02-24 15:35:00,1570.0,1575.0,1570.0,1570.0,2748000
2026-02-24 15:40:00,1570.0,1575.0,1560.0,1575.0,2567800
2026-02-24 15:45:00,1575.0,1580.0,1565.0,1570.0,3588200
2026-02-24 16:00:00,1585.0,1585.0,1585.0,1585.0,4517600
2026-02-24 16:05:00,1585.0,1585.0,1585.0,1585.0,455800
2026-02-24 16:10:00,1585.0,1585.0,1585.0,1585.0,85500
2026-02-25 09:00:00,1595.0,1615.0,1590.0,1605.0,0
2026-02-25 09:05:00,1605.0,1625.0,1600.0,1620.0,3376400
2026-02-25 09:10:00,1620.0,1620.0,1595.0,1600.0,2541800
2026-02-25 09:15:00,1595.0,1600.0,1555.0,1560.0,6325300
2026-02-25 09:20:00,1565.0,1580.0,1525.0,1530.0,7281600
2026-02-25 09:25:00,1530.0,1585.0,1530.0,1565.0,3803800
2026-02-25 09:30:00,1565.0,1570.0,1550.0,1550.0,2308100
2026-02-25 09:35:00,1555.0,1560.0,1540.0,1555.0,2360300
2026-02-25 09:40:00,1555.0,1560.0,1540.0,1545.0,1757000
2026-02-25 09:45:00,1545.0,1560.0,1540.0,1550.0,845600
2026-02-25 09:50:00,1550.0,1560.0,1545.0,1555.0,766100
2026-02-25 09:55:00,1555.0,1565.0,1545.0,1550.0,1355100
2026-02-25 10:00:00,1550.0,1555.0,1545.0,1550.0,947100
2026-02-25 10:05:00,1550.0,1560.0,1550.0,1555.0,1128700
2026-02-25 10:10:00,1555.0,1560.0,1550.0,1555.0,942100
2026-02-25 10:15:00,1555.0,1560.0,1545.0,1555.0,667300
2026-02-25 10:20:00,1550.0,1555.0,1545.0,1555.0,808500
2026-02-25 10:25:00,1555.0,1560.0,1550.0,1560.0,2033600
2026-02-25 10:30:00,1560.0,1565.0,1555.0,1560.0,655700
2026-02-25 10:35:00,1560.0,1560.0,1545.0,1545.0,2802000
2026-02-25 10:40:00,1545.0,1550.0,1545.0,1550.0,420300
2026-02-25 10:45:00,1545.0,1545.0,1535.0,1545.0,1830600
2026-02-25 10:50:00,1540.0,1550.0,1535.0,1535.0,1326800
2026-02-25 10:55:00,1535.0,1540.0,1530.0,1535.0,989900
2026-02-25 11:00:00,1535.0,1540.0,1530.0,1540.0,565100
2026-02-25 11:05:00,1540.0,1540.0,1520.0,1520.0,4151700
2026-02-25 11:10:00,1520.0,1530.0,1510.0,1525.0,2973100
2026-02-25 11:15:00,1525.0,1530.0,1520.0,1530.0,874800
2026-02-25 11:20:00,1530.0,1535.0,1525.0,1535.0,440500
2026-02-25 11:25:00,1535.0,1535.0,1525.0,1530.0,739300
2026-02-25 11:30:00,1530.0,1540.0,1530.0,1540.0,877600
2026-02-25 11:35:00,1540.0,1540.0,1535.0,1540.0,356300
2026-02-25 11:40:00,1535.0,1540.0,1535.0,1535.0,192100
2026-02-25 11:45:00,1540.0,1545.0,1535.0,1545.0,537200
2026-02-25 11:50:00,1545.0,1545.0,1540.0,1545.0,471500
2026-02-25 11:55:00,1545.0,1550.0,1540.0,1545.0,1116800
2026-02-25 13:30:00,1550.0,1560.0,1540.0,1540.0,2699700
2026-02-25 13:35:00,1545.0,1550.0,1540.0,1550.0,628600
2026-02-25 13:40:00,1550.0,1555.0,1545.0,1555.0,400400
2026-02-25 13:45:00,1550.0,1555.0,1545.0,1545.0,451600
2026-02-25 13:50:00,1545.0,1565.0,1545.0,1565.0,3230400
2026-02-25 13:55:00,1565.0,1590.0,1565.0,1585.0,6617700
2026-02-25 14:00:00,1585.0,1595.0,1580.0,1590.0,2659600
2026-02-25 14:05:00,1585.0,1595.0,1580.0,1580.0,3042900
2026-02-25 14:10:00,1580.0,1585.0,1570.0,1585.0,1025300
2026-02-25 14:15:00,1585.0,1590.0,1580.0,1580.0,1039200
2026-02-25 14:20:00,1580.0,1580.0,1555.0,1570.0,1312400
2026-02-25 14:25:00,1570.0,1570.0,1560.0,1560.0,341000
2026-02-25 14:30:00,1565.0,1565.0,1550.0,1555.0,966200
2026-02-25 14:35:00,1560.0,1565.0,1555.0,1565.0,319200
2026-02-25 14:40:00,1565.0,1570.0,1560.0,1570.0,343800
2026-02-25 14:45:00,1565.0,1565.0,1555.0,1565.0,463500
2026-02-25 14:50:00,1565.0,1565.0,1560.0,1560.0,318300
2026-02-25 14:55:00,1560.0,1560.0,1550.0,1550.0,1229200
2026-02-25 15:00:00,1555.0,1560.0,1550.0,1555.0,447500
2026-02-25 15:05:00,1555.0,1555.0,1545.0,1550.0,1343200
2026-02-25 15:10:00,1550.0,1560.0,1550.0,1555.0,459200
2026-02-25 15:15:00,1560.0,1560.0,1545.0,1545.0,739900
2026-02-25 15:20:00,1550.0,1550.0,1540.0,1545.0,1074900
2026-02-25 15:25:00,1545.0,1545.0,1530.0,1540.0,2417800
2026-02-25 15:30:00,1540.0,1550.0,1535.0,1545.0,1841600
2026-02-25 15:35:00,1550.0,1550.0,1545.0,1550.0,525200
2026-02-25 15:40:00,1550.0,1555.0,1540.0,1555.0,2162800
2026-02-25 15:45:00,1555.0,1560.0,1550.0,1555.0,2363400
2026-02-25 16:00:00,1545.0,1545.0,1545.0,1545.0,2671300
2026-02-25 16:05:00,1545.0,1545.0,1545.0,1545.0,299500
2026-02-25 16:10:00,1545.0,1545.0,1545.0,1545.0,20500
2026-02-26 09:00:00,1540.0,1545.0,1515.0,1530.0,0
2026-02-26 09:05:00,1530.0,1535.0,1515.0,1525.0,1357100
2026-02-26 09:10:00,1525.0,1555.0,1520.0,1550.0,3283500
2026-02-26 09:15:00,1555.0,1560.0,1545.0,1550.0,2737300
2026-02-26 09:20:00,1545.0,1550.0,1535.0,1540.0,753400
2026-02-26 09:25:00,1540.0,1540.0,1530.0,1530.0,756700
2026-02-26 09:30:00,1535.0,1535.0,1525.0,1530.0,449900
2026-02-26 09:35:00,1530.0,1530.0,1520.0,1525.0,1569100
2026-02-26 09:40:00,1525.0,1530.0,1520.0,1530.0,555600
2026-02-26 09:45:00,1530.0,1555.0,1525.0,1550.0,2490800
2026-02-26 09:50:00,1545.0,1550.0,1540.0,1550.0,917600
2026-02-26 09:55:00,1550.0,1550.0,1545.0,1545.0,976500
2026-02-26 10:00:00,1545.0,1555.0,1545.0,1555.0,1175500
2026-02-26 10:05:00,1555.0,1560.0,1550.0,1560.0,454700
2026-02-26 10:10:00,1560.0,1575.0,1555.0,1575.0,3578900
2026-02-26 10:15:00,1570.0,1585.0,1560.0,1560.0,7198700
2026-02-26 10:20:00,1560.0,1570.0,1550.0,1555.0,2820700
2026-02-26 10:25:00,1560.0,1560.0,1540.0,1545.0,1535300
2026-02-26 10:30:00,1540.0,1545.0,1540.0,1545.0,1158500
2026-02-26 10:35:00,1545.0,1545.0,1535.0,1545.0,2314500
2026-02-26 10:40:00,1545.0,1560.0,1540.0,1555.0,998200
2026-02-26 10:45:00,1560.0,1560.0,1545.0,1550.0,805100
2026-02-26 10:50:00,1555.0,1555.0,1550.0,1550.0,12300800
2026-02-26 10:55:00,1550.0,1550.0,1545.0,1550.0,2283700
2026-02-26 11:00:00,1545.0,1550.0,1545.0,1545.0,111600
2026-02-26 11:05:00,1550.0,1555.0,1545.0,1555.0,615400
2026-02-26 11:10:00,1555.0,1565.0,1550.0,1565.0,1116100
2026-02-26 11:15:00,1560.0,1575.0,1560.0,1560.0,2941200
2026-02-26 11:20:00,1560.0,1565.0,1555.0,1565.0,350400
2026-02-26 11:25:00,1565.0,1565.0,1560.0,1565.0,483400
2026-02-26 11:30:00,1565.0,1570.0,1560.0,1565.0,577000
2026-02-26 11:35:00,1565.0,1570.0,1560.0,1565.0,796400
2026-02-26 11:40:00,1560.0,1565.0,1560.0,1560.0,687100
2026-02-26 11:45:00,1560.0,1570.0,1560.0,1570.0,803400
2026-02-26 11:50:00,1570.0,1575.0,1565.0,1575.0,1017900
2026-02-26 11:55:00,1575.0,1580.0,1570.0,1570.0,1885400
2026-02-26 13:30:00,1570.0,1590.0,1565.0,1575.0,3440300
2026-02-26 13:35:00,1575.0,1580.0,1560.0,1560.0,873800
2026-02-26 13:40:00,1560.0,1560.0,1550.0,1550.0,1249600
2026-02-26 13:45:00,1550.0,1565.0,1550.0,1560.0,1257700
2026-02-26 13:50:00,1555.0,1565.0,1550.0,1560.0,2766900
2026-02-26 13:55:00,1560.0,1565.0,1555.0,1560.0,3243300
2026-02-26 14:00:00,1555.0,1560.0,1550.0,1550.0,4133700
2026-02-26 14:05:00,1550.0,1555.0,1545.0,1545.0,3135200
2026-02-26 14:10:00,1545.0,1550.0,1545.0,1550.0,1328400
2026-02-26 14:15:00,1555.0,1565.0,1555.0,1555.0,1799500
2026-02-26 14:20:00,1555.0,1560.0,1540.0,1540.0,2321200
2026-02-26 14:25:00,1540.0,1550.0,1540.0,1550.0,4454700
2026-02-26 14:30:00,1545.0,1580.0,1545.0,1575.0,5522100
2026-02-26 14:35:00,1575.0,1575.0,1565.0,1570.0,1478000
2026-02-26 14:40:00,1570.0,1580.0,1570.0,1575.0,2590100
2026-02-26 14:45:00,1575.0,1630.0,1570.0,1615.0,21568200
2026-02-26 14:50:00,1615.0,1630.0,1595.0,1625.0,9255400
2026-02-26 14:55:00,1625.0,1645.0,1600.0,1635.0,10331800
2026-02-26 15:00:00,1635.0,1645.0,1620.0,1635.0,5871700
2026-02-26 15:05:00,1635.0,1640.0,1630.0,1635.0,1843900
2026-02-26 15:10:00,1635.0,1640.0,1630.0,1630.0,2393800
2026-02-26 15:15:00,1630.0,1640.0,1620.0,1635.0,5405100
2026-02-26 15:20:00,1640.0,1640.0,1615.0,1625.0,4967800
2026-02-26 15:25:00,1625.0,1630.0,1620.0,1630.0,976900
2026-02-26 15:30:00,1630.0,1630.0,1600.0,1600.0,6702400
2026-02-26 15:35:00,1605.0,1615.0,1590.0,1610.0,3068300
2026-02-26 15:40:00,1610.0,1615.0,1585.0,1585.0,3514900
2026-02-26 15:45:00,1585.0,1615.0,1585.0,1610.0,2749000
2026-02-26 16:00:00,1620.0,1620.0,1620.0,1620.0,4465800
2026-02-26 16:05:00,1620.0,1620.0,1620.0,1620.0,286000
2026-02-26 16:10:00,1620.0,1620.0,1620.0,1620.0,1214100
2026-02-27 09:00:00,1620.0,1620.0,1575.0,1595.0,0
2026-02-27 09:05:00,1595.0,1600.0,1545.0,1555.0,5741500
2026-02-27 09:10:00,1555.0,1600.0,1555.0,1600.0,2911100
2026-02-27 09:15:00,1600.0,1610.0,1585.0,1605.0,1998400
2026-02-27 09:20:00,1605.0,1625.0,1605.0,1605.0,3504800
2026-02-27 09:25:00,1610.0,1620.0,1605.0,1620.0,1065200
2026-02-27 09:30:00,1620.0,1645.0,1615.0,1640.0,6095900
2026-02-27 09:35:00,1640.0,1640.0,1620.0,1630.0,5512200
2026-02-27 09:40:00,1625.0,1630.0,1605.0,1620.0,7849800
2026-02-27 09:45:00,1620.0,1630.0,1610.0,1620.0,1634900
2026-02-27 09:50:00,1615.0,1620.0,1600.0,1600.0,2616100
2026-02-27 09:55:00,1600.0,1610.0,1600.0,1605.0,1230700
2026-02-27 10:00:00,1600.0,1615.0,1600.0,1605.0,1100400
2026-02-27 10:05:00,1610.0,1610.0,1595.0,1600.0,1903200
2026-02-27 10:10:00,1600.0,1615.0,1595.0,1610.0,1365400
2026-02-27 10:15:00,1615.0,1620.0,1605.0,1620.0,1038600
2026-02-27 10:20:00,1620.0,1655.0,1620.0,1650.0,9219000
2026-02-27 10:25:00,1655.0,1660.0,1640.0,1640.0,2332700
2026-02-27 10:30:00,1640.0,1645.0,1630.0,1635.0,2105000
2026-02-27 10:35:00,1635.0,1635.0,1630.0,1630.0,1020300
2026-02-27 10:40:00,1635.0,1640.0,1630.0,1640.0,650600
2026-02-27 10:45:00,1640.0,1650.0,1635.0,1645.0,1469600
2026-02-27 10:50:00,1645.0,1650.0,1640.0,1645.0,2403900
2026-02-27 10:55:00,1645.0,1645.0,1635.0,1635.0,1370000
2026-02-27 11:00:00,1635.0,1645.0,1630.0,1640.0,1951000
2026-02-27 11:05:00,1640.0,1645.0,1635.0,1640.0,1922600
2026-02-27 11:10:00,1640.0,1655.0,1640.0,1650.0,2428300
2026-02-27 11:15:00,1650.0,1655.0,1650.0,1650.0,830800
2026-02-27 11:20:00,1650.0,1655.0,1645.0,1645.0,1072800
2026-02-27 11:25:00,1645.0,1680.0,1645.0,1680.0,7729800
2026-02-27 14:00:00,1680.0,1680.0,1650.0,1655.0,7372200
2026-02-27 14:05:00,1655.0,1670.0,1650.0,1660.0,3714400
2026-02-27 14:10:00,1665.0,1690.0,1660.0,1675.0,7395900
2026-02-27 14:15:00,1685.0,1685.0,1655.0,1660.0,3604500
2026-02-27 14:20:00,1660.0,1665.0,1655.0,1665.0,2751500
2026-02-27 14:25:00,1665.0,1680.0,1655.0,1675.0,4555900
2026-02-27 14:30:00,1675.0,1675.0,1670.0,1675.0,1130600
2026-02-27 14:35:00,1675.0,1680.0,1670.0,1675.0,1808400
2026-02-27 14:40:00,1680.0,1680.0,1675.0,1680.0,962700
2026-02-27 14:45:00,1680.0,1680.0,1675.0,1675.0,1234300
2026-02-27 14:50:00,1675.0,1680.0,1665.0,1665.0,3021300
2026-02-27 14:55:00,1665.0,1695.0,1660.0,1695.0,10148900
2026-02-27 15:00:00,1695.0,1705.0,1690.0,1705.0,16241100
2026-02-27 15:05:00,1700.0,1725.0,1700.0,1715.0,10081900
2026-02-27 15:10:00,1715.0,1725.0,1700.0,1710.0,6508300
2026-02-27 15:15:00,1715.0,1760.0,1710.0,1745.0,20796300
2026-02-27 15:20:00,1750.0,1775.0,1710.0,1735.0,12628900
2026-02-27 15:25:00,1730.0,1760.0,1730.0,1755.0,8048400
2026-02-27 15:30:00,1755.0,1810.0,1745.0,1800.0,23392800
2026-02-27 15:35:00,1800.0,1810.0,1785.0,1785.0,8519000
2026-02-27 15:40:00,1785.0,1790.0,1760.0,1765.0,9639700
2026-02-27 15:45:00,1770.0,1770.0,1750.0,1755.0,6860800
2026-02-27 16:00:00,1760.0,1760.0,1760.0,1760.0,19838800
2026-02-27 16:05:00,1760.0,1760.0,1760.0,1760.0,686400
2026-02-27 16:10:00,1760.0,1760.0,1760.0,1760.0,950200
2026-03-02 09:00:00,1905.0,2000.0,1875.0,1965.0,0
2026-03-02 09:05:00,1965.0,1975.0,1935.0,1950.0,27544300
2026-03-02 09:10:00,1950.0,1955.0,1900.0,1915.0,22435400
2026-03-02 09:15:00,1915.0,1915.0,1870.0,1895.0,25770500
2026-03-02 09:20:00,1895.0,1930.0,1890.0,1925.0,9546800
2026-03-02 09:25:00,1925.0,1960.0,1915.0,1955.0,12600700
2026-03-02 09:30:00,1960.0,1960.0,1935.0,1945.0,9042100
2026-03-02 09:35:00,1945.0,2030.0,1940.0,2030.0,46555400
2026-03-02 09:40:00,2020.0,2040.0,1995.0,2020.0,17876800
2026-03-02 09:45:00,2010.0,2020.0,1990.0,2020.0,8351000
2026-03-02 09:50:00,2020.0,2040.0,2000.0,2040.0,7697900
2026-03-02 09:55:00,2040.0,2040.0,2020.0,2020.0,2914800
2026-03-02 10:00:00,2020.0,2030.0,2010.0,2030.0,4813900
2026-03-02 10:05:00,2030.0,2060.0,2020.0,2060.0,12100500
2026-03-02 10:10:00,2050.0,2060.0,2030.0,2030.0,12023900
2026-03-02 10:15:00,2030.0,2030.0,2000.0,2000.0,11201300
2026-03-02 10:20:00,2000.0,2020.0,1990.0,2010.0,8003800
2026-03-02 10:25:00,2020.0,2020.0,2010.0,2010.0,1655800
2026-03-02 10:30:00,2020.0,2030.0,2010.0,2020.0,2516000
2026-03-02 10:35:00,2030.0,2030.0,2000.0,2020.0,4302500
2026-03-02 10:40:00,2010.0,2020.0,2010.0,2010.0,439800
2026-03-02 10:45:00,2020.0,2020.0,1980.0,1995.0,8528700
2026-03-02 10:50:00,1995.0,2000.0,1980.0,1985.0,4690100
2026-03-02 10:55:00,1990.0,1990.0,1970.0,1985.0,8813600
2026-03-02 11:00:00,1990.0,1990.0,1980.0,1985.0,2000100
2026-03-02 11:05:00,1985.0,1990.0,1965.0,1970.0,6394300
2026-03-02 11:10:00,1970.0,1980.0,1970.0,1975.0,1401300
2026-03-02 11:15:00,1970.0,1975.0,1965.0,1975.0,3199900
2026-03-02 11:20:00,1975.0,2010.0,1975.0,2000.0,4214900
2026-03-02 11:25:00,2000.0,2010.0,1995.0,2000.0,3024200
2026-03-02 11:30:00,1995.0,2000.0,1995.0,2000.0,949200
2026-03-02 11:35:00,1995.0,2010.0,1995.0,2010.0,1042200
2026-03-02 11:40:00,2000.0,2010.0,2000.0,2010.0,535400
2026-03-02 11:45:00,2010.0,2020.0,2000.0,2020.0,5142900
2026-03-02 11:50:00,2010.0,2020.0,2000.0,2010.0,1312600
2026-03-02 11:55:00,2010.0,2020.0,2010.0,2010.0,1563200
2026-03-02 13:30:00,2010.0,2020.0,1990.0,2000.0,7214200
2026-03-02 13:35:00,2000.0,2010.0,1995.0,2010.0,1634300
2026-03-02 13:40:00,2010.0,2010.0,2000.0,2000.0,838800
2026-03-02 13:45:00,2000.0,2010.0,1995.0,1995.0,1025200
2026-03-02 13:50:00,1995.0,2000.0,1975.0,1980.0,4745000
2026-03-02 13:55:00,1980.0,1985.0,1950.0,1950.0,10783300
2026-03-02 14:00:00,1950.0,1970.0,1950.0,1960.0,3413500
2026-03-02 14:05:00,1965.0,1995.0,1955.0,1990.0,5947500
2026-03-02 14:10:00,1995.0,1995.0,1980.0,1990.0,2384600
2026-03-02 14:15:00,1990.0,2010.0,1980.0,2000.0,6193400
2026-03-02 14:20:00,1995.0,2000.0,1990.0,1995.0,761400
2026-03-02 14:25:00,1995.0,2000.0,1990.0,1995.0,1787100
2026-03-02 14:30:00,2000.0,2040.0,1995.0,2030.0,11649700
2026-03-02 14:35:00,2020.0,2040.0,2020.0,2030.0,2439400
2026-03-02 14:40:00,2020.0,2030.0,2020.0,2030.0,1090700
2026-03-02 14:45:00,2020.0,2030.0,2010.0,2010.0,1658500
2026-03-02 14:50:00,2010.0,2020.0,2000.0,2000.0,1559600
2026-03-02 14:55:00,2010.0,2020.0,2000.0,2010.0,1479000
2026-03-02 15:00:00,2020.0,2030.0,2010.0,2020.0,3130900
2026-03-02 15:05:00,2020.0,2030.0,2000.0,2020.0,2922900
2026-03-02 15:10:00,2010.0,2030.0,2010.0,2030.0,2946100
2026-03-02 15:15:00,2030.0,2080.0,2020.0,2080.0,22830600
2026-03-02 15:20:00,2080.0,2100.0,2070.0,2090.0,16336700
2026-03-02 15:25:00,2090.0,2140.0,2080.0,2130.0,30240100
2026-03-02 15:30:00,2130.0,2140.0,2100.0,2130.0,20197800
2026-03-02 15:35:00,2130.0,2200.0,2110.0,2180.0,52259300
2026-03-02 15:40:00,2180.0,2200.0,2160.0,2170.0,24600600
2026-03-02 15:45:00,2160.0,2200.0,2160.0,2200.0,23467400
2026-03-02 16:00:00,2200.0,2200.0,2200.0,2200.0,2710800
2026-03-02 16:05:00,2200.0,2200.0,2200.0,2200.0,260500
2026-03-02 16:10:00,2200.0,2200.0,2200.0,2200.0,326100
2026-03-03 09:00:00,2220.0,2300.0,2080.0,2300.0,0
2026-03-03 09:05:00,2300.0,2310.0,2220.0,2230.0,31982700
2026-03-03 09:10:00,2230.0,2240.0,2180.0,2200.0,15765600
2026-03-03 09:15:00,2200.0,2300.0,2200.0,2260.0,16887500
2026-03-03 09:20:00,2250.0,2260.0,2240.0,2240.0,9475900
2026-03-03 09:25:00,2250.0,2270.0,2240.0,2240.0,4871200
2026-03-03 09:30:00,2250.0,2290.0,2240.0,2260.0,11720600
2026-03-03 09:35:00,2260.0,2260.0,2220.0,2230.0,8132800
2026-03-03 09:40:00,2230.0,2270.0,2200.0,2260.0,9042100
2026-03-03 09:45:00,2260.0,2260.0,2220.0,2220.0,3652200
2026-03-03 09:50:00,2220.0,2230.0,2210.0,2220.0,4584200
2026-03-03 09:55:00,2220.0,2250.0,2210.0,2250.0,3734300
2026-03-03 10:00:00,2250.0,2250.0,2230.0,2240.0,3830500
2026-03-03 10:05:00,2240.0,2250.0,2230.0,2240.0,1403300
2026-03-03 10:10:00,2240.0,2240.0,2220.0,2230.0,2636700
2026-03-03 10:15:00,2230.0,2240.0,2220.0,2220.0,2584000
2026-03-03 10:20:00,2220.0,2230.0,2210.0,2220.0,5016000
2026-03-03 10:25:00,2220.0,2230.0,2210.0,2220.0,1246700
2026-03-03 10:30:00,2220.0,2220.0,2200.0,2210.0,3263600
2026-03-03 10:35:00,2200.0,2210.0,2160.0,2190.0,17997300
2026-03-03 10:40:00,2190.0,2230.0,2190.0,2210.0,4380700
2026-03-03 10:45:00,2220.0,2220.0,2190.0,2190.0,4342800
2026-03-03 10:50:00,2190.0,2210.0,2170.0,2170.0,3769200
2026-03-03 10:55:00,2170.0,2210.0,2170.0,2200.0,5361300
2026-03-03 11:00:00,2200.0,2240.0,2200.0,2220.0,4830700
2026-03-03 11:05:00,2230.0,2240.0,2220.0,2230.0,946800
2026-03-03 11:10:00,2220.0,2240.0,2220.0,2230.0,2326800
2026-03-03 11:15:00,2230.0,2240.0,2220.0,2230.0,1342700
2026-03-03 11:20:00,2220.0,2240.0,2220.0,2230.0,1068300
2026-03-03 11:25:00,2230.0,2270.0,2230.0,2270.0,9672400
2026-03-03 11:30:00,2260.0,2270.0,2240.0,2250.0,3453900
2026-03-03 11:35:00,2240.0,2260.0,2240.0,2250.0,1491700
2026-03-03 11:40:00,2240.0,2250.0,2230.0,2240.0,1156800
2026-03-03 11:45:00,2240.0,2250.0,2230.0,2230.0,776000
2026-03-03 11:50:00,2240.0,2240.0,2230.0,2230.0,692500
2026-03-03 11:55:00,2230.0,2240.0,2220.0,2230.0,1628100
2026-03-03 13:30:00,2230.0,2230.0,2200.0,2210.0,5232000
2026-03-03 13:35:00,2200.0,2210.0,2160.0,2190.0,6331300
2026-03-03 13:40:00,2190.0,2210.0,2180.0,2210.0,764600
2026-03-03 13:45:00,2200.0,2210.0,2180.0,2180.0,2061300
2026-03-03 13:50:00,2180.0,2190.0,2170.0,2170.0,1090000
2026-03-03 13:55:00,2170.0,2180.0,2140.0,2140.0,5327400
2026-03-03 14:00:00,2150.0,2160.0,2100.0,2130.0,13249000
2026-03-03 14:05:00,2120.0,2150.0,2060.0,2090.0,18199900
2026-03-03 14:10:00,2090.0,2130.0,2070.0,2120.0,7990300
2026-03-03 14:15:00,2120.0,2140.0,2100.0,2110.0,4182300
2026-03-03 14:20:00,2110.0,2140.0,2080.0,2120.0,5235000
2026-03-03 14:25:00,2120.0,2120.0,2090.0,2100.0,6691200
2026-03-03 14:30:00,2100.0,2110.0,2070.0,2100.0,4485000
2026-03-03 14:35:00,2110.0,2130.0,2100.0,2110.0,4412900
2026-03-03 14:40:00,2120.0,2120.0,2100.0,2120.0,2484500
2026-03-03 14:45:00,2130.0,2130.0,2100.0,2110.0,2698200
2026-03-03 14:50:00,2120.0,2120.0,2110.0,2110.0,705200
2026-03-03 14:55:00,2120.0,2120.0,2090.0,2120.0,3262000
2026-03-03 15:00:00,2120.0,2120.0,2100.0,2110.0,987700
2026-03-03 15:05:00,2110.0,2120.0,2100.0,2100.0,827900
2026-03-03 15:10:00,2110.0,2120.0,2100.0,2120.0,1289600
2026-03-03 15:15:00,2120.0,2120.0,2100.0,2110.0,1977000
2026-03-03 15:20:00,2110.0,2110.0,2090.0,2100.0,2234500
2026-03-03 15:25:00,2100.0,2110.0,2090.0,2100.0,2492300
2026-03-03 15:30:00,2110.0,2110.0,2080.0,2090.0,3496500
2026-03-03 15:35:00,2090.0,2100.0,2080.0,2090.0,3753500
2026-03-03 15:40:00,2100.0,2140.0,2080.0,2110.0,10659300
2026-03-03 15:45:00,2110.0,2140.0,2100.0,2130.0,4896700
2026-03-03 16:00:00,2130.0,2130.0,2130.0,2130.0,6343800
2026-03-03 16:05:00,2130.0,2130.0,2130.0,2130.0,186900
2026-03-03 16:10:00,2130.0,2130.0,2130.0,2130.0,144100
2026-03-04 09:00:00,2220.0,2250.0,2150.0,2250.0,0
2026-03-04 09:05:00,2250.0,2290.0,2230.0,2260.0,26554000
2026-03-04 09:10:00,2270.0,2400.0,2260.0,2400.0,64488100
2026-03-04 09:15:00,2400.0,2420.0,2310.0,2340.0,54366800
2026-03-04 09:20:00,2350.0,2400.0,2280.0,2370.0,32058900
2026-03-04 09:25:00,2380.0,2410.0,2350.0,2370.0,26708200
2026-03-04 09:30:00,2370.0,2420.0,2360.0,2420.0,18620900
2026-03-04 09:35:00,2410.0,2420.0,2370.0,2380.0,15483900
2026-03-04 09:40:00,2380.0,2400.0,2370.0,2380.0,11222900
2026-03-04 09:45:00,2370.0,2390.0,2330.0,2340.0,16525500
2026-03-04 09:50:00,2340.0,2360.0,2310.0,2340.0,11261900
2026-03-04 09:55:00,2340.0,2350.0,2260.0,2260.0,23397000
2026-03-04 10:00:00,2260.0,2320.0,2250.0,2300.0,23658100
2026-03-04 10:05:00,2300.0,2300.0,2250.0,2280.0,10060500
2026-03-04 10:10:00,2280.0,2300.0,2230.0,2300.0,13838000
2026-03-04 10:15:00,2300.0,2310.0,2260.0,2280.0,8371800
2026-03-04 10:20:00,2280.0,2280.0,2210.0,2220.0,13890100
2026-03-04 10:25:00,2210.0,2250.0,2150.0,2250.0,36463000
2026-03-04 10:30:00,2250.0,2300.0,2230.0,2260.0,16543300
2026-03-04 10:35:00,2260.0,2310.0,2250.0,2280.0,12266400
2026-03-04 10:40:00,2290.0,2320.0,2280.0,2300.0,6349200
2026-03-04 10:45:00,2310.0,2330.0,2290.0,2300.0,9801700
2026-03-04 10:50:00,2290.0,2300.0,2280.0,2300.0,4025000
2026-03-04 10:55:00,2300.0,2300.0,2280.0,2290.0,2438700
2026-03-04 11:00:00,2290.0,2290.0,2250.0,2280.0,5693800
2026-03-04 11:05:00,2280.0,2280.0,2260.0,2280.0,2109400
2026-03-04 11:10:00,2270.0,2280.0,2230.0,2240.0,5337600
2026-03-04 11:15:00,2240.0,2260.0,2240.0,2240.0,2227700
2026-03-04 11:20:00,2240.0,2250.0,2220.0,2230.0,2986600
2026-03-04 11:25:00,2230.0,2240.0,2230.0,2230.0,909300
2026-03-04 11:30:00,2230.0,2240.0,2200.0,2210.0,11766500
2026-03-04 11:35:00,2200.0,2230.0,2200.0,2210.0,6375100
2026-03-04 11:40:00,2220.0,2230.0,2210.0,2220.0,1358600
2026-03-04 11:45:00,2220.0,2220.0,2170.0,2180.0,14784400
2026-03-04 11:50:00,2190.0,2190.0,2150.0,2180.0,9476400
2026-03-04 11:55:00,2170.0,2180.0,2140.0,2170.0,4802200
2026-03-04 13:30:00,2170.0,2180.0,2090.0,2150.0,26621800
2026-03-04 13:35:00,2150.0,2210.0,2130.0,2190.0,12122300
2026-03-04 13:40:00,2200.0,2200.0,2170.0,2170.0,3627000
2026-03-04 13:45:00,2170.0,2170.0,2130.0,2140.0,5395900
2026-03-04 13:50:00,2140.0,2170.0,2140.0,2150.0,3307700
2026-03-04 13:55:00,2150.0,2180.0,2150.0,2160.0,2737900
2026-03-04 14:00:00,2170.0,2170.0,2100.0,2140.0,12815000
2026-03-04 14:05:00,2140.0,2150.0,2100.0,2110.0,8609700
2026-03-04 14:10:00,2110.0,2130.0,2070.0,2080.0,18922200
2026-03-04 14:15:00,2080.0,2140.0,2070.0,2130.0,12518300
2026-03-04 14:20:00,2130.0,2170.0,2120.0,2140.0,13103000
2026-03-04 14:25:00,2150.0,2150.0,2120.0,2150.0,7826300
2026-03-04 14:30:00,2140.0,2260.0,2140.0,2250.0,25424000
2026-03-04 14:35:00,2250.0,2260.0,2180.0,2220.0,17939900
2026-03-04 14:40:00,2210.0,2220.0,2210.0,2210.0,1611200
2026-03-04 14:45:00,2220.0,2260.0,2210.0,2250.0,8974000
2026-03-04 14:50:00,2250.0,2250.0,2190.0,2220.0,7491700
2026-03-04 14:55:00,2220.0,2220.0,2200.0,2200.0,2508100
2026-03-04 15:00:00,2210.0,2210.0,2170.0,2170.0,4982200
2026-03-04 15:05:00,2170.0,2210.0,2170.0,2200.0,4852400
2026-03-04 15:10:00,2190.0,2200.0,2190.0,2200.0,1607500
2026-03-04 15:15:00,2190.0,2190.0,2170.0,2190.0,2696300
2026-03-04 15:20:00,2190.0,2190.0,2170.0,2180.0,1696000
2026-03-04 15:25:00,2170.0,2180.0,2170.0,2180.0,2592100
2026-03-04 15:30:00,2180.0,2180.0,2130.0,2140.0,10860400
2026-03-04 15:35:00,2140.0,2170.0,2130.0,2150.0,5970500
2026-03-04 15:40:00,2150.0,2160.0,2120.0,2130.0,12271900
2026-03-04 15:45:00,2140.0,2140.0,2120.0,2140.0,8943200
2026-03-04 16:00:00,2140.0,2140.0,2140.0,2140.0,8352200
2026-03-04 16:05:00,2140.0,2140.0,2140.0,2140.0,524100
2026-03-04 16:10:00,2140.0,2140.0,2140.0,2140.0,546400
2026-03-05 09:00:00,2200.0,2280.0,2160.0,2230.0,0
2026-03-05 09:05:00,2230.0,2260.0,2160.0,2200.0,17564900
2026-03-05 09:10:00,2210.0,2210.0,2180.0,2190.0,5923800
2026-03-05 09:15:00,2190.0,2210.0,2190.0,2190.0,3997200
2026-03-05 09:20:00,2200.0,2200.0,2130.0,2180.0,17984100
2026-03-05 09:25:00,2180.0,2180.0,2130.0,2140.0,11029300
2026-03-05 09:30:00,2140.0,2190.0,2110.0,2180.0,12366200
2026-03-05 09:35:00,2180.0,2180.0,2150.0,2160.0,3884700
2026-03-05 09:40:00,2160.0,2170.0,2150.0,2160.0,1459800
2026-03-05 09:45:00,2160.0,2170.0,2150.0,2150.0,2876200
2026-03-05 09:50:00,2150.0,2150.0,2140.0,2140.0,2800900
2026-03-05 09:55:00,2140.0,2160.0,2140.0,2140.0,2589200
2026-03-05 10:00:00,2140.0,2150.0,2140.0,2150.0,1152600
2026-03-05 10:05:00,2140.0,2150.0,2140.0,2140.0,793200
2026-03-05 10:10:00,2140.0,2150.0,2120.0,2120.0,5536800
2026-03-05 10:15:00,2120.0,2130.0,2110.0,2110.0,9211400
2026-03-05 10:20:00,2110.0,2120.0,2090.0,2090.0,6612300
2026-03-05 10:25:00,2090.0,2130.0,2090.0,2130.0,6276900
2026-03-05 10:30:00,2120.0,2130.0,2100.0,2110.0,1958700
2026-03-05 10:35:00,2120.0,2120.0,2090.0,2110.0,2115800
2026-03-05 10:40:00,2100.0,2110.0,2090.0,2100.0,1610200
2026-03-05 10:45:00,2090.0,2100.0,2060.0,2080.0,8160400
2026-03-05 10:50:00,2080.0,2110.0,2070.0,2110.0,3920200
2026-03-05 10:55:00,2110.0,2140.0,2090.0,2130.0,5087800
2026-03-05 11:00:00,2130.0,2130.0,2110.0,2120.0,1576300
2026-03-05 11:05:00,2120.0,2130.0,2120.0,2130.0,593300
2026-03-05 11:10:00,2120.0,2130.0,2110.0,2120.0,1173400
2026-03-05 11:15:00,2120.0,2130.0,2110.0,2110.0,1264700
2026-03-05 11:20:00,2110.0,2160.0,2110.0,2140.0,5339100
2026-03-05 11:25:00,2140.0,2160.0,2140.0,2160.0,2788800
2026-03-05 11:30:00,2160.0,2170.0,2140.0,2150.0,6102000
2026-03-05 11:35:00,2140.0,2150.0,2130.0,2140.0,940600
2026-03-05 11:40:00,2130.0,2140.0,2130.0,2130.0,263500
2026-03-05 11:45:00,2140.0,2150.0,2130.0,2140.0,646400
2026-03-05 11:50:00,2150.0,2150.0,2120.0,2130.0,1574300
2026-03-05 11:55:00,2130.0,2140.0,2130.0,2140.0,636100
2026-03-05 13:30:00,2140.0,2140.0,2120.0,2130.0,2011400
2026-03-05 13:35:00,2130.0,2140.0,2120.0,2120.0,927000
2026-03-05 13:40:00,2120.0,2130.0,2120.0,2120.0,523500
2026-03-05 13:45:00,2120.0,2170.0,2120.0,2170.0,4730600
2026-03-05 13:50:00,2160.0,2180.0,2140.0,2140.0,8049800
2026-03-05 13:55:00,2150.0,2160.0,2140.0,2150.0,1112700
2026-03-05 14:00:00,2150.0,2160.0,2140.0,2150.0,1701000
2026-03-05 14:05:00,2150.0,2150.0,2140.0,2150.0,1144600
2026-03-05 14:10:00,2140.0,2150.0,2140.0,2140.0,461300
2026-03-05 14:15:00,2140.0,2150.0,2130.0,2130.0,1843200
2026-03-05 14:20:00,2140.0,2140.0,2130.0,2140.0,508100
2026-03-05 14:25:00,2140.0,2150.0,2130.0,2140.0,1287900
2026-03-05 14:30:00,2140.0,2150.0,2120.0,2120.0,3438500
2026-03-05 14:35:00,2120.0,2130.0,2110.0,2120.0,2399800
2026-03-05 14:40:00,2120.0,2120.0,2100.0,2110.0,2360600
2026-03-05 14:45:00,2100.0,2130.0,2100.0,2120.0,2298800
2026-03-05 14:50:00,2130.0,2130.0,2110.0,2110.0,834400
2026-03-05 14:55:00,2110.0,2130.0,2100.0,2120.0,2781200
2026-03-05 15:00:00,2120.0,2120.0,2090.0,2090.0,3631100
2026-03-05 15:05:00,2090.0,2110.0,2070.0,2090.0,8475400
2026-03-05 15:10:00,2090.0,2110.0,2090.0,2110.0,1772400
2026-03-05 15:15:00,2100.0,2110.0,2090.0,2090.0,1458600
2026-03-05 15:20:00,2090.0,2100.0,2090.0,2090.0,732000
2026-03-05 15:25:00,2090.0,2100.0,2080.0,2090.0,3390800
2026-03-05 15:30:00,2090.0,2100.0,2080.0,2080.0,2747300
2026-03-05 15:35:00,2090.0,2090.0,2060.0,2090.0,8049500
2026-03-05 15:40:00,2080.0,2090.0,2060.0,2090.0,3875700
2026-03-05 15:45:00,2080.0,2090.0,2070.0,2090.0,5328800
2026-03-05 16:00:00,2100.0,2100.0,2100.0,2100.0,4472100
2026-03-05 16:05:00,2100.0,2100.0,2100.0,2100.0,503800
2026-03-05 16:10:00,2100.0,2100.0,2100.0,2100.0,293500
2026-03-06 09:00:00,2100.0,2180.0,2060.0,2180.0,0
2026-03-06 09:05:00,2170.0,2180.0,2110.0,2120.0,20556300
2026-03-06 09:10:00,2130.0,2140.0,2070.0,2080.0,14082400
2026-03-06 09:15:00,2090.0,2120.0,2090.0,2120.0,4814200
2026-03-06 09:20:00,2120.0,2130.0,2090.0,2100.0,4429100
2026-03-06 09:25:00,2090.0,2100.0,2080.0,2090.0,4187500
2026-03-06 09:30:00,2080.0,2090.0,2010.0,2030.0,25669500
2026-03-06 09:35:00,2030.0,2040.0,1995.0,2010.0,25520100
2026-03-06 09:40:00,2010.0,2030.0,1930.0,1950.0,27671800
2026-03-06 09:45:00,1945.0,1970.0,1930.0,1960.0,21616000
2026-03-06 09:50:00,1960.0,1970.0,1935.0,1950.0,12411400
2026-03-06 09:55:00,1950.0,1955.0,1900.0,1920.0,27961000
2026-03-06 10:00:00,1915.0,1920.0,1885.0,1890.0,23544400
2026-03-06 10:05:00,1890.0,1925.0,1890.0,1920.0,11763400
2026-03-06 10:10:00,1920.0,1920.0,1890.0,1895.0,11182900
2026-03-06 10:15:00,1895.0,1900.0,1850.0,1860.0,26975400
2026-03-06 10:20:00,1860.0,1875.0,1855.0,1860.0,8913500
2026-03-06 10:25:00,1865.0,1880.0,1850.0,1860.0,9039800
2026-03-06 10:30:00,1865.0,1880.0,1855.0,1880.0,4470400
2026-03-06 10:35:00,1880.0,1885.0,1865.0,1865.0,3905700
2026-03-06 10:40:00,1865.0,1905.0,1860.0,1900.0,12413300
2026-03-06 10:45:00,1895.0,1905.0,1875.0,1875.0,8371200
2026-03-06 10:50:00,1875.0,1880.0,1860.0,1875.0,8429500
2026-03-06 10:55:00,1870.0,1875.0,1860.0,1860.0,2801100
2026-03-06 11:00:00,1860.0,1870.0,1825.0,1835.0,25530800
2026-03-06 11:05:00,1830.0,1835.0,1820.0,1825.0,6657900
2026-03-06 11:10:00,1825.0,1830.0,1810.0,1830.0,12277400
2026-03-06 11:15:00,1830.0,1840.0,1820.0,1825.0,5724800
2026-03-06 11:20:00,1825.0,1825.0,1810.0,1820.0,6647000
2026-03-06 11:25:00,1820.0,1830.0,1810.0,1815.0,5853300
2026-03-06 14:00:00,1815.0,1835.0,1810.0,1820.0,15045000
2026-03-06 14:05:00,1825.0,1835.0,1810.0,1830.0,8883100
2026-03-06 14:10:00,1835.0,1855.0,1825.0,1835.0,13639700
2026-03-06 14:15:00,1835.0,1840.0,1825.0,1830.0,3788200
2026-03-06 14:20:00,1835.0,1855.0,1820.0,1835.0,8502200
2026-03-06 14:25:00,1840.0,1850.0,1830.0,1845.0,2878300
2026-03-06 14:30:00,1845.0,1850.0,1825.0,1830.0,6193000
2026-03-06 14:35:00,1825.0,1840.0,1815.0,1825.0,11936700
2026-03-06 14:40:00,1820.0,1825.0,1815.0,1820.0,2173000
2026-03-06 14:45:00,1820.0,1825.0,1810.0,1825.0,6380100
2026-03-06 14:50:00,1825.0,1825.0,1815.0,1815.0,2723100
2026-03-06 14:55:00,1815.0,1825.0,1810.0,1815.0,5977300
2026-03-06 15:00:00,1820.0,1825.0,1815.0,1815.0,2351900
2026-03-06 15:05:00,1815.0,1825.0,1815.0,1820.0,3280800
2026-03-06 15:10:00,1820.0,1820.0,1790.0,1805.0,43180900
2026-03-06 15:15:00,1800.0,1820.0,1800.0,1800.0,9751800
2026-03-06 15:20:00,1805.0,1805.0,1795.0,1800.0,12521600
2026-03-06 15:25:00,1795.0,1855.0,1795.0,1845.0,30197400
2026-03-06 15:30:00,1845.0,1855.0,1820.0,1850.0,20987900
2026-03-06 15:35:00,1850.0,1865.0,1830.0,1830.0,11421400
2026-03-06 15:40:00,1830.0,1840.0,1820.0,1830.0,8213700
2026-03-06 15:45:00,1830.0,1835.0,1820.0,1830.0,9010600
2026-03-06 16:00:00,1825.0,1825.0,1825.0,1825.0,10238400
2026-03-06 16:05:00,1825.0,1825.0,1825.0,1825.0,512000
2026-03-06 16:10:00,1825.0,1825.0,1825.0,1825.0,191500
2026-03-09 09:00:00,1955.0,1975.0,1865.0,1900.0,0
2026-03-09 09:05:00,1895.0,1905.0,1750.0,1815.0,54339800
2026-03-09 09:10:00,1815.0,1825.0,1725.0,1795.0,31095700
2026-03-09 09:15:00,1800.0,1905.0,1795.0,1900.0,36743400
2026-03-09 09:20:00,1905.0,1910.0,1855.0,1885.0,16992400
2026-03-09 09:25:00,1885.0,1895.0,1830.0,1855.0,15479500
2026-03-09 09:30:00,1855.0,1855.0,1815.0,1840.0,10341400
2026-03-09 09:35:00,1845.0,1875.0,1840.0,1855.0,6736500
2026-03-09 09:40:00,1855.0,1875.0,1850.0,1860.0,5424000
2026-03-09 09:45:00,1860.0,1865.0,1835.0,1850.0,5502800
2026-03-09 09:50:00,1850.0,1855.0,1845.0,1850.0,3998700
2026-03-09 09:55:00,1850.0,1850.0,1835.0,1845.0,5226200
2026-03-09 10:00:00,1845.0,1855.0,1830.0,1840.0,5747900
2026-03-09 10:05:00,1840.0,1845.0,1810.0,1815.0,8564000
2026-03-09 10:10:00,1815.0,1820.0,1785.0,1795.0,11583500
2026-03-09 10:15:00,1795.0,1800.0,1765.0,1775.0,8334300
2026-03-09 10:20:00,1780.0,1810.0,1775.0,1785.0,5563300
2026-03-09 10:25:00,1785.0,1800.0,1770.0,1785.0,4458100
2026-03-09 10:30:00,1785.0,1790.0,1780.0,1785.0,2415900
2026-03-09 10:35:00,1785.0,1800.0,1785.0,1795.0,1625800
2026-03-09 10:40:00,1795.0,1815.0,1795.0,1810.0,2914400
2026-03-09 10:45:00,1810.0,1815.0,1800.0,1810.0,2449600
2026-03-09 10:50:00,1810.0,1810.0,1800.0,1805.0,711300
2026-03-09 10:55:00,1805.0,1810.0,1800.0,1800.0,740900
2026-03-09 11:00:00,1800.0,1800.0,1785.0,1795.0,2573800
2026-03-09 11:05:00,1800.0,1810.0,1795.0,1800.0,886800
2026-03-09 11:10:00,1800.0,1805.0,1800.0,1800.0,706400
2026-03-09 11:15:00,1800.0,1810.0,1795.0,1805.0,1693800
2026-03-09 11:20:00,1805.0,1830.0,1805.0,1825.0,3691000
2026-03-09 11:25:00,1820.0,1825.0,1810.0,1820.0,1201500
2026-03-09 11:30:00,1820.0,1825.0,1805.0,1805.0,2299500
2026-03-09 11:35:00,1805.0,1815.0,1805.0,1810.0,848200
2026-03-09 11:40:00,1815.0,1815.0,1795.0,1805.0,1715800
2026-03-09 11:45:00,1805.0,1810.0,1800.0,1800.0,1397100
2026-03-09 11:50:00,1800.0,1815.0,1800.0,1810.0,1967900
2026-03-09 11:55:00,1805.0,1810.0,1800.0,1800.0,868500
2026-03-09 13:30:00,1805.0,1805.0,1770.0,1785.0,9373700
2026-03-09 13:35:00,1790.0,1795.0,1785.0,1795.0,1943400
2026-03-09 13:40:00,1790.0,1810.0,1790.0,1805.0,4897500
2026-03-09 13:45:00,1810.0,1810.0,1785.0,1800.0,3368800
2026-03-09 13:50:00,1800.0,1815.0,1800.0,1810.0,2571600
2026-03-09 13:55:00,1810.0,1810.0,1790.0,1800.0,8563600
2026-03-09 14:00:00,1800.0,1800.0,1785.0,1790.0,3527200
2026-03-09 14:05:00,1785.0,1795.0,1785.0,1785.0,1700100
2026-03-09 14:10:00,1790.0,1790.0,1775.0,1780.0,2749600
2026-03-09 14:15:00,1780.0,1780.0,1760.0,1760.0,8305000
2026-03-09 14:20:00,1760.0,1780.0,1755.0,1755.0,8629700
2026-03-09 14:25:00,1755.0,1760.0,1745.0,1745.0,8930800
2026-03-09 14:30:00,1750.0,1760.0,1735.0,1735.0,6679800
2026-03-09 14:35:00,1735.0,1750.0,1715.0,1720.0,11392000
2026-03-09 14:40:00,1720.0,1735.0,1700.0,1720.0,10392600
2026-03-09 14:45:00,1720.0,1740.0,1720.0,1740.0,2725000
2026-03-09 14:50:00,1740.0,1740.0,1720.0,1725.0,3831000
2026-03-09 14:55:00,1725.0,1730.0,1710.0,1715.0,3223700
2026-03-09 15:00:00,1715.0,1720.0,1705.0,1705.0,4473600
2026-03-09 15:05:00,1705.0,1710.0,1660.0,1670.0,22006700
2026-03-09 15:10:00,1665.0,1695.0,1665.0,1670.0,13847600
2026-03-09 15:15:00,1670.0,1695.0,1655.0,1665.0,8890800
2026-03-09 15:20:00,1660.0,1670.0,1600.0,1630.0,28339900
2026-03-09 15:25:00,1630.0,1660.0,1625.0,1655.0,8959600
2026-03-09 15:30:00,1655.0,1660.0,1645.0,1655.0,5115200
2026-03-09 15:35:00,1655.0,1660.0,1620.0,1625.0,10370600
2026-03-09 15:40:00,1625.0,1640.0,1620.0,1635.0,12192400
2026-03-09 15:45:00,1630.0,1665.0,1625.0,1665.0,12128700
2026-03-09 16:00:00,1660.0,1660.0,1660.0,1660.0,7042600
2026-03-09 16:05:00,1660.0,1660.0,1660.0,1660.0,1277000
2026-03-09 16:10:00,1660.0,1660.0,1660.0,1660.0,1218700
2026-03-10 09:00:00,1625.0,1700.0,1600.0,1685.0,0
2026-03-10 09:05:00,1685.0,1690.0,1635.0,1650.0,13065900
2026-03-10 09:10:00,1645.0,1670.0,1630.0,1670.0,7584600
2026-03-10 09:15:00,1670.0,1680.0,1655.0,1670.0,5858300
2026-03-10 09:20:00,1675.0,1710.0,1670.0,1690.0,30745800
2026-03-10 09:25:00,1690.0,1695.0,1670.0,1675.0,5565100
2026-03-10 09:30:00,1680.0,1680.0,1655.0,1660.0,8285000
2026-03-10 09:35:00,1655.0,1685.0,1655.0,1680.0,5751500
2026-03-10 09:40:00,1680.0,1690.0,1675.0,1680.0,5180000
2026-03-10 09:45:00,1680.0,1695.0,1680.0,1695.0,2626600
2026-03-10 09:50:00,1690.0,1715.0,1685.0,1695.0,11838300
2026-03-10 09:55:00,1695.0,1695.0,1680.0,1685.0,2503000
2026-03-10 10:00:00,1685.0,1690.0,1675.0,1690.0,4318200
2026-03-10 10:05:00,1685.0,1695.0,1685.0,1690.0,4619300
2026-03-10 10:10:00,1695.0,1700.0,1690.0,1695.0,1950700
2026-03-10 10:15:00,1700.0,1705.0,1695.0,1700.0,3440000
2026-03-10 10:20:00,1700.0,1720.0,1695.0,1710.0,6434000
2026-03-10 10:25:00,1710.0,1740.0,1710.0,1735.0,5029500
2026-03-10 10:30:00,1735.0,1735.0,1715.0,1720.0,5851800
2026-03-10 10:35:00,1720.0,1735.0,1715.0,1730.0,3133800
2026-03-10 10:40:00,1730.0,1735.0,1720.0,1720.0,2556400
2026-03-10 10:45:00,1720.0,1725.0,1715.0,1720.0,1559000
2026-03-10 10:50:00,1720.0,1725.0,1710.0,1715.0,3502200
2026-03-10 10:55:00,1715.0,1720.0,1710.0,1715.0,1081200
2026-03-10 11:00:00,1715.0,1715.0,1690.0,1700.0,6638300
2026-03-10 11:05:00,1695.0,1700.0,1695.0,1695.0,628700
2026-03-10 11:10:00,1695.0,1700.0,1685.0,1690.0,3814200
2026-03-10 11:15:00,1690.0,1695.0,1685.0,1690.0,1146700
2026-03-10 11:20:00,1690.0,1695.0,1675.0,1675.0,5768100
2026-03-10 11:25:00,1675.0,1675.0,1665.0,1670.0,9047000
2026-03-10 11:30:00,1670.0,1670.0,1655.0,1665.0,5199100
2026-03-10 11:35:00,1670.0,1670.0,1655.0,1660.0,3045000
2026-03-10 11:40:00,1655.0,1665.0,1640.0,1650.0,6293800
2026-03-10 11:45:00,1655.0,1665.0,1650.0,1655.0,1021900
2026-03-10 11:50:00,1655.0,1665.0,1650.0,1655.0,1222800
2026-03-10 11:55:00,1655.0,1660.0,1650.0,1660.0,273700
2026-03-10 13:30:00,1660.0,1670.0,1650.0,1670.0,2146400
2026-03-10 13:35:00,1670.0,1680.0,1665.0,1680.0,1239900
2026-03-10 13:40:00,1680.0,1685.0,1670.0,1685.0,1640000
2026-03-10 13:45:00,1680.0,1690.0,1675.0,1685.0,1431100
2026-03-10 13:50:00,1680.0,1690.0,1680.0,1680.0,1386000
2026-03-10 13:55:00,1685.0,1685.0,1675.0,1680.0,1345100
2026-03-10 14:00:00,1680.0,1685.0,1665.0,1670.0,1010300
2026-03-10 14:05:00,1670.0,1680.0,1665.0,1670.0,957200
2026-03-10 14:10:00,1670.0,1685.0,1665.0,1670.0,1054900
2026-03-10 14:15:00,1665.0,1670.0,1660.0,1665.0,1092000
2026-03-10 14:20:00,1665.0,1680.0,1665.0,1670.0,1235300
2026-03-10 14:25:00,1670.0,1680.0,1665.0,1670.0,2172300
2026-03-10 14:30:00,1665.0,1680.0,1665.0,1670.0,1624800
2026-03-10 14:35:00,1670.0,1675.0,1665.0,1670.0,481400
2026-03-10 14:40:00,1665.0,1695.0,1665.0,1685.0,2975400
2026-03-10 14:45:00,1685.0,1690.0,1680.0,1690.0,845100
2026-03-10 14:50:00,1690.0,1690.0,1680.0,1690.0,1283000
2026-03-10 14:55:00,1685.0,1695.0,1685.0,1690.0,1383100
2026-03-10 15:00:00,1695.0,1695.0,1680.0,1680.0,1387200
2026-03-10 15:05:00,1680.0,1690.0,1675.0,1690.0,1657100
2026-03-10 15:10:00,1685.0,1695.0,1680.0,1690.0,1772700
2026-03-10 15:15:00,1685.0,1690.0,1675.0,1680.0,1625800
2026-03-10 15:20:00,1675.0,1680.0,1670.0,1670.0,1422500
2026-03-10 15:25:00,1670.0,1675.0,1665.0,1670.0,3145800
2026-03-10 15:30:00,1670.0,1675.0,1665.0,1670.0,2462100
2026-03-10 15:35:00,1670.0,1680.0,1665.0,1670.0,1515500
2026-03-10 15:40:00,1675.0,1680.0,1665.0,1670.0,2623900
2026-03-10 15:45:00,1670.0,1680.0,1665.0,1680.0,2083200
2026-03-10 16:00:00,1680.0,1680.0,1680.0,1680.0,4172700
2026-03-10 16:05:00,1680.0,1680.0,1680.0,1680.0,931500
2026-03-10 16:10:00,1680.0,1680.0,1680.0,1680.0,166900
2026-03-11 09:00:00,1680.0,1680.0,1645.0,1645.0,0
2026-03-11 09:05:00,1645.0,1680.0,1625.0,1660.0,8954500
2026-03-11 09:10:00,1665.0,1675.0,1655.0,1675.0,3577600
2026-03-11 09:15:00,1675.0,1675.0,1650.0,1655.0,2679900
2026-03-11 09:20:00,1655.0,1670.0,1655.0,1670.0,1679600
2026-03-11 09:25:00,1665.0,1665.0,1660.0,1665.0,1322100
2026-03-11 09:30:00,1660.0,1670.0,1660.0,1670.0,3714400
2026-03-11 09:35:00,1665.0,1690.0,1665.0,1680.0,3975700
2026-03-11 09:40:00,1680.0,1680.0,1660.0,1660.0,1360200
2026-03-11 09:45:00,1665.0,1670.0,1655.0,1655.0,2807000
2026-03-11 09:50:00,1655.0,1660.0,1650.0,1655.0,2212600
2026-03-11 09:55:00,1650.0,1655.0,1630.0,1645.0,4867500
2026-03-11 10:00:00,1645.0,1655.0,1640.0,1655.0,1275000
2026-03-11 10:05:00,1655.0,1660.0,1650.0,1655.0,397000
2026-03-11 10:10:00,1655.0,1665.0,1655.0,1665.0,536600
2026-03-11 10:15:00,1660.0,1665.0,1655.0,1660.0,623300
2026-03-11 10:20:00,1660.0,1660.0,1650.0,1650.0,892000
2026-03-11 10:25:00,1650.0,1655.0,1645.0,1650.0,1127800
2026-03-11 10:30:00,1655.0,1655.0,1650.0,1650.0,533600
2026-03-11 10:35:00,1655.0,1655.0,1645.0,1650.0,550600
2026-03-11 10:40:00,1650.0,1650.0,1640.0,1645.0,650300
2026-03-11 10:45:00,1640.0,1645.0,1635.0,1640.0,2094900
2026-03-11 10:50:00,1640.0,1655.0,1635.0,1645.0,1423800
2026-03-11 10:55:00,1650.0,1650.0,1640.0,1645.0,570200
2026-03-11 11:00:00,1640.0,1645.0,1630.0,1640.0,2663300
2026-03-11 11:05:00,1635.0,1640.0,1635.0,1635.0,531400
2026-03-11 11:10:00,1640.0,1645.0,1635.0,1640.0,853800
2026-03-11 11:15:00,1640.0,1645.0,1635.0,1645.0,436500
2026-03-11 11:20:00,1645.0,1645.0,1640.0,1645.0,192100
2026-03-11 11:25:00,1645.0,1645.0,1635.0,1640.0,648800
2026-03-11 11:30:00,1640.0,1640.0,1635.0,1640.0,345200
2026-03-11 11:35:00,1640.0,1640.0,1635.0,1635.0,1039100
2026-03-11 11:40:00,1635.0,1640.0,1635.0,1635.0,179400
2026-03-11 11:45:00,1635.0,1640.0,1635.0,1640.0,199500
2026-03-11 11:50:00,1640.0,1640.0,1635.0,1635.0,176300
2026-03-11 11:55:00,1635.0,1640.0,1630.0,1635.0,1123800
2026-03-11 13:30:00,1635.0,1640.0,1625.0,1635.0,4024200
2026-03-11 13:35:00,1630.0,1635.0,1625.0,1630.0,574100
2026-03-11 13:40:00,1625.0,1630.0,1625.0,1625.0,2036500
2026-03-11 13:45:00,1625.0,1625.0,1615.0,1620.0,7086700
2026-03-11 13:50:00,1615.0,1620.0,1610.0,1610.0,4430400
2026-03-11 13:55:00,1610.0,1615.0,1555.0,1575.0,17299700
2026-03-11 14:00:00,1575.0,1580.0,1545.0,1555.0,15426200
2026-03-11 14:05:00,1560.0,1560.0,1535.0,1545.0,13981800
2026-03-11 14:10:00,1545.0,1560.0,1535.0,1555.0,8959400
2026-03-11 14:15:00,1550.0,1560.0,1540.0,1540.0,5895200
2026-03-11 14:20:00,1545.0,1555.0,1540.0,1540.0,4428400
2026-03-11 14:25:00,1540.0,1550.0,1535.0,1545.0,3309300
2026-03-11 14:30:00,1545.0,1565.0,1545.0,1560.0,4572100
2026-03-11 14:35:00,1560.0,1560.0,1555.0,1555.0,812300
2026-03-11 14:40:00,1555.0,1560.0,1555.0,1560.0,1171600
2026-03-11 14:45:00,1560.0,1575.0,1555.0,1565.0,2979700
2026-03-11 14:50:00,1565.0,1565.0,1550.0,1560.0,1739600
2026-03-11 14:55:00,1555.0,1560.0,1550.0,1555.0,1538300
2026-03-11 15:00:00,1555.0,1570.0,1550.0,1565.0,2557600
2026-03-11 15:05:00,1570.0,1575.0,1555.0,1560.0,2533500
2026-03-11 15:10:00,1555.0,1560.0,1555.0,1555.0,752000
2026-03-11 15:15:00,1555.0,1560.0,1545.0,1550.0,3153700
2026-03-11 15:20:00,1550.0,1555.0,1545.0,1550.0,1959300
2026-03-11 15:25:00,1550.0,1570.0,1550.0,1565.0,2705400
2026-03-11 15:30:00,1565.0,1565.0,1550.0,1560.0,3259900
2026-03-11 15:35:00,1560.0,1565.0,1555.0,1555.0,4746200
2026-03-11 15:40:00,1555.0,1560.0,1545.0,1555.0,6758000
2026-03-11 15:45:00,1550.0,1570.0,1550.0,1560.0,6036200
2026-03-11 16:00:00,1550.0,1550.0,1550.0,1550.0,7537900
2026-03-11 16:05:00,1550.0,1550.0,1550.0,1550.0,347800
2026-03-11 16:10:00,1550.0,1550.0,1550.0,1550.0,397500
2026-03-12 09:00:00,1585.0,1640.0,1580.0,1615.0,0
2026-03-12 09:05:00,1620.0,1620.0,1585.0,1595.0,15435900
2026-03-12 09:10:00,1595.0,1600.0,1570.0,1585.0,9109600
2026-03-12 09:15:00,1585.0,1590.0,1560.0,1565.0,9233300
2026-03-12 09:20:00,1565.0,1585.0,1565.0,1575.0,4538700
2026-03-12 09:25:00,1575.0,1580.0,1565.0,1565.0,2374200
2026-03-12 09:30:00,1570.0,1570.0,1535.0,1555.0,10898600
2026-03-12 09:35:00,1555.0,1570.0,1550.0,1565.0,3741400
2026-03-12 09:40:00,1565.0,1580.0,1560.0,1570.0,5256300
2026-03-12 09:45:00,1575.0,1575.0,1555.0,1560.0,3295200
2026-03-12 09:50:00,1555.0,1580.0,1545.0,1575.0,5630500
2026-03-12 09:55:00,1575.0,1590.0,1575.0,1590.0,4862600
2026-03-12 10:00:00,1590.0,1590.0,1575.0,1575.0,2081400
2026-03-12 10:05:00,1575.0,1580.0,1565.0,1565.0,993800
2026-03-12 10:10:00,1570.0,1575.0,1570.0,1570.0,729200
2026-03-12 10:15:00,1570.0,1575.0,1570.0,1575.0,610700
2026-03-12 10:20:00,1575.0,1575.0,1565.0,1565.0,776000
2026-03-12 10:25:00,1565.0,1570.0,1560.0,1570.0,601600
2026-03-12 10:30:00,1570.0,1570.0,1560.0,1565.0,849900
2026-03-12 10:35:00,1565.0,1565.0,1560.0,1565.0,404400
2026-03-12 10:40:00,1560.0,1565.0,1560.0,1560.0,316200
2026-03-12 10:45:00,1560.0,1565.0,1560.0,1560.0,200500
2026-03-12 10:50:00,1565.0,1565.0,1555.0,1560.0,959900
2026-03-12 10:55:00,1560.0,1565.0,1555.0,1560.0,713600
2026-03-12 11:00:00,1565.0,1565.0,1555.0,1560.0,486200
2026-03-12 11:05:00,1555.0,1565.0,1555.0,1560.0,571200
2026-03-12 11:10:00,1560.0,1565.0,1555.0,1560.0,412500
2026-03-12 11:15:00,1555.0,1565.0,1555.0,1560.0,687100
2026-03-12 11:20:00,1560.0,1560.0,1555.0,1555.0,464400
2026-03-12 11:25:00,1560.0,1575.0,1555.0,1575.0,1778800
2026-03-12 11:30:00,1575.0,1580.0,1570.0,1570.0,1574000
2026-03-12 11:35:00,1570.0,1575.0,1570.0,1575.0,245100
2026-03-12 11:40:00,1575.0,1575.0,1570.0,1575.0,518700
2026-03-12 11:45:00,1570.0,1575.0,1565.0,1565.0,306600
2026-03-12 11:50:00,1565.0,1570.0,1565.0,1565.0,49500
2026-03-12 11:55:00,1570.0,1570.0,1565.0,1570.0,497500
2026-03-12 13:30:00,1565.0,1570.0,1550.0,1555.0,3537100
2026-03-12 13:35:00,1555.0,1555.0,1545.0,1545.0,1956900
2026-03-12 13:40:00,1545.0,1555.0,1545.0,1555.0,1224200
2026-03-12 13:45:00,1550.0,1555.0,1530.0,1530.0,5953600
2026-03-12 13:50:00,1535.0,1540.0,1520.0,1520.0,6193200
2026-03-12 13:55:00,1525.0,1535.0,1520.0,1530.0,2033200
2026-03-12 14:00:00,1535.0,1535.0,1525.0,1525.0,2098700
2026-03-12 14:05:00,1530.0,1530.0,1520.0,1525.0,1565200
2026-03-12 14:10:00,1520.0,1525.0,1515.0,1520.0,2823700
2026-03-12 14:15:00,1520.0,1525.0,1510.0,1520.0,4807700
2026-03-12 14:20:00,1515.0,1520.0,1515.0,1515.0,433800
2026-03-12 14:25:00,1520.0,1520.0,1515.0,1515.0,678700
2026-03-12 14:30:00,1515.0,1520.0,1505.0,1510.0,4655600
2026-03-12 14:35:00,1510.0,1515.0,1505.0,1510.0,4082800
2026-03-12 14:40:00,1505.0,1510.0,1485.0,1505.0,10995300
2026-03-12 14:45:00,1500.0,1510.0,1485.0,1495.0,4870800
2026-03-12 14:50:00,1495.0,1500.0,1485.0,1500.0,5561400
2026-03-12 14:55:00,1500.0,1510.0,1495.0,1505.0,3194300
2026-03-12 15:00:00,1510.0,1510.0,1500.0,1505.0,1530900
2026-03-12 15:05:00,1510.0,1515.0,1500.0,1510.0,2832700
2026-03-12 15:10:00,1515.0,1515.0,1505.0,1510.0,1793300
2026-03-12 15:15:00,1510.0,1515.0,1505.0,1515.0,935600
2026-03-12 15:20:00,1515.0,1515.0,1500.0,1500.0,3207000
2026-03-12 15:25:00,1500.0,1505.0,1495.0,1495.0,3624700
2026-03-12 15:30:00,1495.0,1500.0,1475.0,1475.0,5771900
2026-03-12 15:35:00,1480.0,1485.0,1460.0,1475.0,8806400
2026-03-12 15:40:00,1480.0,1480.0,1465.0,1470.0,5196100
2026-03-12 15:45:00,1465.0,1470.0,1455.0,1465.0,10442800
2026-03-12 16:00:00,1465.0,1465.0,1465.0,1465.0,5439600
2026-03-12 16:05:00,1465.0,1465.0,1465.0,1465.0,1887300
2026-03-12 16:10:00,1465.0,1465.0,1465.0,1465.0,157300
2026-03-13 09:00:00,1465.0,1470.0,1420.0,1425.0,0
2026-03-13 09:05:00,1425.0,1470.0,1420.0,1445.0,8059600
2026-03-13 09:10:00,1450.0,1455.0,1425.0,1425.0,3670700
2026-03-13 09:15:00,1425.0,1430.0,1410.0,1420.0,5191100
2026-03-13 09:20:00,1425.0,1425.0,1410.0,1415.0,3577600
2026-03-13 09:25:00,1415.0,1430.0,1405.0,1425.0,3510000
2026-03-13 09:30:00,1420.0,1430.0,1410.0,1425.0,2983100
2026-03-13 09:35:00,1420.0,1440.0,1420.0,1430.0,2207400
2026-03-13 09:40:00,1430.0,1435.0,1420.0,1420.0,3580300
2026-03-13 09:45:00,1420.0,1430.0,1415.0,1425.0,1422700
2026-03-13 09:50:00,1425.0,1430.0,1415.0,1420.0,1922000
2026-03-13 09:55:00,1420.0,1420.0,1410.0,1415.0,3614100
2026-03-13 10:00:00,1415.0,1435.0,1415.0,1425.0,1950500
2026-03-13 10:05:00,1430.0,1445.0,1425.0,1435.0,2169600
2026-03-13 10:10:00,1430.0,1440.0,1420.0,1430.0,2121300
2026-03-13 10:15:00,1430.0,1435.0,1420.0,1420.0,1691100
2026-03-13 10:20:00,1420.0,1425.0,1410.0,1410.0,2606000
2026-03-13 10:25:00,1410.0,1425.0,1405.0,1425.0,7255400
2026-03-13 10:30:00,1420.0,1430.0,1405.0,1410.0,1179600
2026-03-13 10:35:00,1410.0,1420.0,1410.0,1415.0,931800
2026-03-13 10:40:00,1415.0,1415.0,1405.0,1405.0,1096200
2026-03-13 10:45:00,1410.0,1410.0,1395.0,1395.0,5389100
2026-03-13 10:50:00,1395.0,1400.0,1360.0,1370.0,23279000
2026-03-13 10:55:00,1370.0,1395.0,1365.0,1390.0,5904700
2026-03-13 11:00:00,1380.0,1390.0,1370.0,1380.0,2147100
2026-03-13 11:05:00,1380.0,1395.0,1375.0,1390.0,2589100
2026-03-13 11:10:00,1385.0,1390.0,1375.0,1375.0,1815300
2026-03-13 11:15:00,1375.0,1380.0,1370.0,1370.0,912700
2026-03-13 11:20:00,1370.0,1375.0,1365.0,1365.0,2076900
2026-03-13 11:25:00,1370.0,1385.0,1370.0,1385.0,2471000
2026-03-13 14:00:00,1385.0,1420.0,1375.0,1405.0,11402800
2026-03-13 14:05:00,1405.0,1420.0,1405.0,1410.0,2404900
2026-03-13 14:10:00,1405.0,1420.0,1405.0,1415.0,2890800
2026-03-13 14:15:00,1415.0,1420.0,1405.0,1420.0,2123300
2026-03-13 14:20:00,1420.0,1430.0,1415.0,1425.0,2275700
2026-03-13 14:25:00,1425.0,1430.0,1420.0,1420.0,1101400
2026-03-13 14:30:00,1420.0,1425.0,1420.0,1420.0,976200
2026-03-13 14:35:00,1415.0,1425.0,1410.0,1425.0,1288700
2026-03-13 14:40:00,1425.0,1425.0,1410.0,1415.0,1293700
2026-03-13 14:45:00,1415.0,1415.0,1405.0,1405.0,2543800
2026-03-13 14:50:00,1405.0,1410.0,1390.0,1390.0,1799700
2026-03-13 14:55:00,1390.0,1400.0,1385.0,1395.0,1466800
2026-03-13 15:00:00,1395.0,1405.0,1395.0,1395.0,1260100
2026-03-13 15:05:00,1395.0,1400.0,1390.0,1395.0,982100
2026-03-13 15:10:00,1395.0,1400.0,1390.0,1390.0,747100
2026-03-13 15:15:00,1390.0,1395.0,1385.0,1390.0,794400
2026-03-13 15:20:00,1390.0,1395.0,1380.0,1395.0,1628600
2026-03-13 15:25:00,1390.0,1410.0,1385.0,1405.0,2165500
2026-03-13 15:30:00,1405.0,1420.0,1400.0,1405.0,2543600
2026-03-13 15:35:00,1405.0,1415.0,1400.0,1405.0,1504900
2026-03-13 15:40:00,1405.0,1420.0,1400.0,1415.0,2993500
2026-03-13 15:45:00,1415.0,1430.0,1415.0,1420.0,2922900
2026-03-13 16:00:00,1410.0,1410.0,1410.0,1410.0,3007400
2026-03-13 16:05:00,1410.0,1410.0,1410.0,1410.0,190300
2026-03-13 16:10:00,1410.0,1410.0,1410.0,1410.0,44000
2026-03-16 09:00:00,1400.0,1405.0,1330.0,1340.0,0
2026-03-16 09:05:00,1345.0,1350.0,1305.0,1305.0,7683300
2026-03-16 09:10:00,1310.0,1350.0,1300.0,1345.0,5422300
2026-03-16 09:15:00,1350.0,1360.0,1330.0,1355.0,2680800
2026-03-16 09:20:00,1355.0,1380.0,1345.0,1375.0,4432900
2026-03-16 09:25:00,1375.0,1375.0,1345.0,1350.0,2496200
2026-03-16 09:30:00,1350.0,1355.0,1335.0,1345.0,1714000
2026-03-16 09:35:00,1340.0,1350.0,1330.0,1335.0,840300
2026-03-16 09:40:00,1340.0,1345.0,1330.0,1345.0,1076100
2026-03-16 09:45:00,1340.0,1370.0,1335.0,1360.0,2592800
2026-03-16 09:50:00,1365.0,1390.0,1360.0,1385.0,4367600
2026-03-16 09:55:00,1390.0,1390.0,1365.0,1365.0,2129000
2026-03-16 10:00:00,1370.0,1370.0,1350.0,1365.0,1193400
2026-03-16 10:05:00,1370.0,1370.0,1355.0,1365.0,495700
2026-03-16 10:10:00,1360.0,1385.0,1360.0,1385.0,2192500
2026-03-16 10:15:00,1390.0,1395.0,1370.0,1375.0,1854300
2026-03-16 10:20:00,1380.0,1385.0,1375.0,1380.0,824800
2026-03-16 10:25:00,1380.0,1385.0,1380.0,1385.0,1073300
2026-03-16 10:30:00,1380.0,1405.0,1370.0,1405.0,3832800
2026-03-16 10:35:00,1405.0,1405.0,1385.0,1395.0,1819700
2026-03-16 10:40:00,1395.0,1400.0,1390.0,1390.0,477600
2026-03-16 10:45:00,1395.0,1440.0,1390.0,1435.0,5204000
2026-03-16 10:50:00,1440.0,1445.0,1420.0,1435.0,4800800
2026-03-16 10:55:00,1430.0,1435.0,1405.0,1415.0,2453800
2026-03-16 11:00:00,1410.0,1415.0,1390.0,1405.0,1367700
2026-03-16 11:05:00,1405.0,1405.0,1395.0,1395.0,233500
2026-03-16 11:10:00,1395.0,1405.0,1390.0,1400.0,326600
2026-03-16 11:15:00,1400.0,1410.0,1395.0,1410.0,413200
2026-03-16 11:20:00,1405.0,1410.0,1395.0,1410.0,614500
2026-03-16 11:25:00,1410.0,1415.0,1405.0,1415.0,331500
2026-03-16 11:30:00,1415.0,1420.0,1410.0,1420.0,372700
2026-03-16 11:35:00,1420.0,1420.0,1410.0,1415.0,204600
2026-03-16 11:40:00,1415.0,1415.0,1410.0,1415.0,95800
2026-03-16 11:45:00,1415.0,1415.0,1405.0,1405.0,591300
2026-03-16 11:50:00,1405.0,1410.0,1405.0,1410.0,142000
2026-03-16 11:55:00,1405.0,1415.0,1405.0,1410.0,451700
2026-03-16 13:30:00,1405.0,1420.0,1390.0,1420.0,2751800
2026-03-16 13:35:00,1410.0,1415.0,1400.0,1400.0,406200
2026-03-16 13:40:00,1400.0,1400.0,1385.0,1395.0,615200
2026-03-16 13:45:00,1395.0,1405.0,1395.0,1400.0,321900
2026-03-16 13:50:00,1405.0,1405.0,1375.0,1380.0,1485400
2026-03-16 13:55:00,1380.0,1390.0,1375.0,1385.0,632400
2026-03-16 14:00:00,1385.0,1390.0,1380.0,1380.0,673000
2026-03-16 14:05:00,1385.0,1385.0,1375.0,1380.0,812100
2026-03-16 14:10:00,1385.0,1395.0,1370.0,1395.0,1109700
2026-03-16 14:15:00,1395.0,1410.0,1395.0,1400.0,733300
2026-03-16 14:20:00,1400.0,1410.0,1400.0,1400.0,1452100
2026-03-16 14:25:00,1400.0,1405.0,1395.0,1405.0,608900
2026-03-16 14:30:00,1395.0,1410.0,1395.0,1405.0,1348100
2026-03-16 14:35:00,1405.0,1410.0,1395.0,1400.0,861500
2026-03-16 14:40:00,1400.0,1400.0,1395.0,1400.0,432900
2026-03-16 14:45:00,1395.0,1405.0,1395.0,1400.0,994400
2026-03-16 14:50:00,1400.0,1425.0,1400.0,1425.0,5212400
2026-03-16 14:55:00,1425.0,1425.0,1415.0,1420.0,1463000
2026-03-16 15:00:00,1420.0,1420.0,1400.0,1405.0,3113200
2026-03-16 15:05:00,1400.0,1405.0,1395.0,1395.0,772800
2026-03-16 15:10:00,1395.0,1400.0,1385.0,1385.0,989900
2026-03-16 15:15:00,1390.0,1395.0,1385.0,1395.0,552000
2026-03-16 15:20:00,1395.0,1395.0,1380.0,1390.0,1487400
2026-03-16 15:25:00,1390.0,1400.0,1380.0,1395.0,1277300
2026-03-16 15:30:00,1395.0,1405.0,1395.0,1400.0,1033000
2026-03-16 15:35:00,1400.0,1405.0,1395.0,1400.0,381700
2026-03-16 15:40:00,1400.0,1405.0,1390.0,1395.0,1882300
2026-03-16 15:45:00,1395.0,1405.0,1395.0,1400.0,1973300
2026-03-16 16:00:00,1400.0,1400.0,1400.0,1400.0,2370100
2026-03-16 16:05:00,1400.0,1400.0,1400.0,1400.0,18700
2026-03-16 16:10:00,1400.0,1400.0,1400.0,1400.0,157400
2026-03-17 09:00:00,1415.0,1440.0,1415.0,1425.0,0
2026-03-17 09:05:00,1430.0,1450.0,1425.0,1435.0,4169400
2026-03-17 09:10:00,1435.0,1435.0,1420.0,1430.0,2079400
2026-03-17 09:15:00,1430.0,1435.0,1410.0,1415.0,1409900
2026-03-17 09:20:00,1410.0,1420.0,1410.0,1420.0,1096000
2026-03-17 09:25:00,1420.0,1425.0,1400.0,1400.0,3773400
2026-03-17 09:30:00,1400.0,1415.0,1400.0,1410.0,516400
2026-03-17 09:35:00,1410.0,1410.0,1400.0,1400.0,1342900
2026-03-17 09:40:00,1395.0,1405.0,1390.0,1400.0,1071800
2026-03-17 09:45:00,1400.0,1410.0,1400.0,1410.0,226600
2026-03-17 09:50:00,1410.0,1410.0,1400.0,1400.0,228000
2026-03-17 09:55:00,1400.0,1415.0,1400.0,1410.0,674900
2026-03-17 10:00:00,1415.0,1415.0,1405.0,1405.0,184700
2026-03-17 10:05:00,1405.0,1415.0,1405.0,1415.0,480700
2026-03-17 10:10:00,1415.0,1455.0,1415.0,1455.0,4290900
2026-03-17 10:15:00,1455.0,1465.0,1450.0,1455.0,3999800
2026-03-17 10:20:00,1450.0,1465.0,1445.0,1465.0,1405500
2026-03-17 10:25:00,1465.0,1465.0,1450.0,1455.0,1610600
2026-03-17 10:30:00,1455.0,1465.0,1450.0,1465.0,634100
2026-03-17 10:35:00,1460.0,1470.0,1455.0,1465.0,2348700
2026-03-17 10:40:00,1470.0,1475.0,1460.0,1460.0,2083100
2026-03-17 10:45:00,1465.0,1470.0,1460.0,1465.0,824200
2026-03-17 10:50:00,1465.0,1470.0,1460.0,1470.0,2002000
2026-03-17 10:55:00,1470.0,1475.0,1450.0,1450.0,2404000
2026-03-17 11:00:00,1450.0,1450.0,1435.0,1450.0,1707700
2026-03-17 11:05:00,1450.0,1450.0,1435.0,1435.0,1341700
2026-03-17 11:10:00,1440.0,1440.0,1435.0,1435.0,387000
2026-03-17 11:15:00,1435.0,1445.0,1435.0,1445.0,380800
2026-03-17 11:20:00,1440.0,1445.0,1440.0,1440.0,174800
2026-03-17 11:25:00,1445.0,1450.0,1440.0,1440.0,148900
2026-03-17 11:30:00,1445.0,1450.0,1440.0,1445.0,129600
2026-03-17 11:35:00,1445.0,1445.0,1440.0,1445.0,196800
2026-03-17 11:40:00,1445.0,1445.0,1440.0,1445.0,218000
2026-03-17 11:45:00,1440.0,1445.0,1440.0,1445.0,168200
2026-03-17 11:50:00,1440.0,1445.0,1440.0,1445.0,516300
2026-03-17 11:55:00,1445.0,1445.0,1440.0,1440.0,286000
2026-03-17 13:30:00,1445.0,1445.0,1415.0,1425.0,2980300
2026-03-17 13:35:00,1420.0,1430.0,1420.0,1430.0,1097500
2026-03-17 13:40:00,1430.0,1435.0,1420.0,1425.0,835300
2026-03-17 13:45:00,1425.0,1435.0,1420.0,1430.0,337000
2026-03-17 13:50:00,1420.0,1425.0,1415.0,1425.0,696700
2026-03-17 13:55:00,1420.0,1430.0,1420.0,1430.0,336300
2026-03-17 14:00:00,1425.0,1440.0,1425.0,1440.0,635200
2026-03-17 14:05:00,1440.0,1445.0,1425.0,1430.0,1178300
2026-03-17 14:10:00,1430.0,1435.0,1425.0,1425.0,338500
2026-03-17 14:15:00,1425.0,1430.0,1420.0,1425.0,483500
2026-03-17 14:20:00,1425.0,1425.0,1400.0,1410.0,3051100
2026-03-17 14:25:00,1410.0,1420.0,1410.0,1420.0,197300
2026-03-17 14:30:00,1415.0,1420.0,1400.0,1400.0,1300000
2026-03-17 14:35:00,1405.0,1410.0,1400.0,1405.0,275800
2026-03-17 14:40:00,1410.0,1410.0,1400.0,1400.0,593300
2026-03-17 14:45:00,1405.0,1410.0,1405.0,1410.0,206800
2026-03-17 14:50:00,1405.0,1410.0,1405.0,1405.0,280600
2026-03-17 14:55:00,1410.0,1410.0,1405.0,1410.0,111900
2026-03-17 15:00:00,1410.0,1410.0,1405.0,1405.0,127000
2026-03-17 15:05:00,1410.0,1410.0,1405.0,1405.0,525500
2026-03-17 15:10:00,1410.0,1415.0,1405.0,1410.0,667700
2026-03-17 15:15:00,1410.0,1415.0,1405.0,1410.0,631600
2026-03-17 15:20:00,1410.0,1415.0,1405.0,1405.0,762100
2026-03-17 15:25:00,1410.0,1415.0,1410.0,1410.0,131700
2026-03-17 15:30:00,1410.0,1415.0,1405.0,1410.0,1074700
2026-03-17 15:35:00,1410.0,1410.0,1405.0,1410.0,598600
2026-03-17 15:40:00,1410.0,1415.0,1390.0,1390.0,4846300
2026-03-17 15:45:00,1390.0,1395.0,1385.0,1390.0,2059900
2026-03-17 16:00:00,1405.0,1405.0,1405.0,1405.0,3885300
2026-03-17 16:05:00,1405.0,1405.0,1405.0,1405.0,86100
2026-03-17 16:10:00,1405.0,1405.0,1405.0,1405.0,60600
2026-03-25 09:00:00,1395.0,1420.0,1360.0,1410.0,0
2026-03-25 09:05:00,1410.0,1430.0,1395.0,1430.0,5080400
2026-03-25 09:10:00,1430.0,1445.0,1415.0,1440.0,5051900
2026-03-25 09:15:00,1440.0,1465.0,1435.0,1460.0,4561800
2026-03-25 09:20:00,1460.0,1460.0,1440.0,1445.0,3712300
2026-03-25 09:25:00,1445.0,1460.0,1445.0,1455.0,3063400
2026-03-25 09:30:00,1460.0,1460.0,1450.0,1455.0,3005700
2026-03-25 09:35:00,1455.0,1480.0,1450.0,1465.0,5580300
2026-03-25 09:40:00,1470.0,1470.0,1455.0,1460.0,1558800
2026-03-25 09:45:00,1460.0,1475.0,1460.0,1465.0,1675000
2026-03-25 09:50:00,1465.0,1465.0,1455.0,1460.0,848300
2026-03-25 09:55:00,1455.0,1465.0,1440.0,1445.0,3673900
2026-03-25 10:00:00,1450.0,1450.0,1435.0,1445.0,1758400
2026-03-25 10:05:00,1445.0,1450.0,1440.0,1440.0,1690400
2026-03-25 10:10:00,1435.0,1450.0,1435.0,1450.0,964400
2026-03-25 10:15:00,1450.0,1450.0,1435.0,1440.0,2314500
2026-03-25 10:20:00,1440.0,1445.0,1435.0,1445.0,781500
2026-03-25 10:25:00,1445.0,1450.0,1440.0,1440.0,1267500
2026-03-25 10:30:00,1445.0,1445.0,1410.0,1410.0,4752300
2026-03-25 10:35:00,1410.0,1430.0,1410.0,1420.0,1829900
2026-03-25 10:40:00,1415.0,1420.0,1410.0,1415.0,1547100
2026-03-25 10:45:00,1415.0,1420.0,1405.0,1405.0,1954100
2026-03-25 10:50:00,1410.0,1425.0,1405.0,1420.0,1821700
2026-03-25 10:55:00,1420.0,1425.0,1415.0,1425.0,1060000
2026-03-25 11:00:00,1420.0,1425.0,1410.0,1420.0,1120600
2026-03-25 11:05:00,1415.0,1425.0,1415.0,1425.0,336900
2026-03-25 11:10:00,1420.0,1425.0,1420.0,1425.0,279800
2026-03-25 11:15:00,1425.0,1430.0,1420.0,1425.0,225900
2026-03-25 11:20:00,1425.0,1435.0,1425.0,1435.0,678200
2026-03-25 11:25:00,1435.0,1440.0,1430.0,1440.0,351000
2026-03-25 11:30:00,1435.0,1440.0,1430.0,1430.0,547400
2026-03-25 11:35:00,1430.0,1435.0,1430.0,1435.0,89400
2026-03-25 11:40:00,1430.0,1435.0,1430.0,1430.0,117500
2026-03-25 11:45:00,1435.0,1435.0,1425.0,1425.0,231700
2026-03-25 11:50:00,1425.0,1430.0,1425.0,1425.0,253100
2026-03-25 11:55:00,1425.0,1435.0,1425.0,1430.0,287000
2026-03-25 13:30:00,1430.0,1435.0,1420.0,1420.0,1699300
2026-03-25 13:35:00,1425.0,1430.0,1420.0,1430.0,927900
2026-03-25 13:40:00,1430.0,1440.0,1430.0,1435.0,493600
2026-03-25 13:45:00,1435.0,1455.0,1435.0,1450.0,1376100
2026-03-25 13:50:00,1450.0,1455.0,1445.0,1445.0,557300
2026-03-25 13:55:00,1440.0,1445.0,1430.0,1435.0,1204900
2026-03-25 14:00:00,1430.0,1435.0,1430.0,1435.0,641900
2026-03-25 14:05:00,1435.0,1440.0,1430.0,1435.0,467400
2026-03-25 14:10:00,1435.0,1440.0,1425.0,1425.0,978900
2026-03-25 14:15:00,1430.0,1430.0,1425.0,1430.0,357200
2026-03-25 14:20:00,1430.0,1435.0,1425.0,1430.0,247900
2026-03-25 14:25:00,1435.0,1435.0,1425.0,1425.0,265900
2026-03-25 14:30:00,1425.0,1430.0,1425.0,1430.0,1387500
2026-03-25 14:35:00,1425.0,1440.0,1425.0,1435.0,361800
2026-03-25 14:40:00,1430.0,1435.0,1430.0,1435.0,66700
2026-03-25 14:45:00,1435.0,1440.0,1430.0,1440.0,312900
2026-03-25 14:50:00,1440.0,1440.0,1435.0,1440.0,522000
2026-03-25 14:55:00,1440.0,1440.0,1435.0,1440.0,142700
2026-03-25 15:00:00,1435.0,1440.0,1435.0,1440.0,398700
2026-03-25 15:05:00,1435.0,1445.0,1435.0,1440.0,417800
2026-03-25 15:10:00,1445.0,1450.0,1440.0,1445.0,707000
2026-03-25 15:15:00,1445.0,1460.0,1440.0,1460.0,1736200
2026-03-25 15:20:00,1460.0,1470.0,1455.0,1470.0,2676400
2026-03-25 15:25:00,1465.0,1470.0,1460.0,1465.0,1806900
2026-03-25 15:30:00,1465.0,1490.0,1460.0,1480.0,6479900
2026-03-25 15:35:00,1480.0,1495.0,1475.0,1485.0,6102100
2026-03-25 15:40:00,1485.0,1495.0,1480.0,1490.0,2134000
2026-03-25 15:45:00,1485.0,1490.0,1480.0,1485.0,3594500
2026-03-25 16:00:00,1485.0,1485.0,1485.0,1485.0,4033900
2026-03-25 16:05:00,1485.0,1485.0,1485.0,1485.0,11300
2026-03-25 16:10:00,1485.0,1485.0,1485.0,1485.0,21900
2026-03-26 09:00:00,1500.0,1520.0,1470.0,1485.0,0
2026-03-26 09:05:00,1480.0,1500.0,1480.0,1485.0,2894600
2026-03-26 09:10:00,1490.0,1495.0,1475.0,1490.0,2713700
2026-03-26 09:15:00,1495.0,1495.0,1470.0,1475.0,3001000
2026-03-26 09:20:00,1475.0,1475.0,1460.0,1475.0,2845600
2026-03-26 09:25:00,1470.0,1480.0,1470.0,1480.0,800500
2026-03-26 09:30:00,1480.0,1480.0,1460.0,1470.0,1365100
2026-03-26 09:35:00,1470.0,1470.0,1450.0,1460.0,2518700
2026-03-26 09:40:00,1460.0,1475.0,1455.0,1460.0,1171600
2026-03-26 09:45:00,1460.0,1475.0,1450.0,1475.0,1169700
2026-03-26 09:50:00,1475.0,1475.0,1460.0,1465.0,1088500
2026-03-26 09:55:00,1465.0,1465.0,1460.0,1465.0,316200
2026-03-26 10:00:00,1460.0,1465.0,1455.0,1465.0,1479300
2026-03-26 10:05:00,1470.0,1470.0,1460.0,1460.0,286000
2026-03-26 10:10:00,1460.0,1465.0,1455.0,1455.0,458400
2026-03-26 10:15:00,1455.0,1460.0,1450.0,1450.0,996100
2026-03-26 10:20:00,1450.0,1455.0,1450.0,1455.0,581000
2026-03-26 10:25:00,1455.0,1460.0,1450.0,1460.0,417600
2026-03-26 10:30:00,1460.0,1460.0,1450.0,1460.0,292700
2026-03-26 10:35:00,1460.0,1460.0,1455.0,1460.0,100500
2026-03-26 10:40:00,1460.0,1465.0,1455.0,1460.0,234700
2026-03-26 10:45:00,1460.0,1465.0,1460.0,1460.0,128300
2026-03-26 10:50:00,1465.0,1470.0,1460.0,1470.0,401200
2026-03-26 10:55:00,1470.0,1470.0,1465.0,1470.0,63000
2026-03-26 11:00:00,1465.0,1470.0,1465.0,1470.0,422200
2026-03-26 11:05:00,1470.0,1470.0,1460.0,1460.0,446900
2026-03-26 11:10:00,1465.0,1465.0,1460.0,1465.0,69000
2026-03-26 11:15:00,1465.0,1465.0,1465.0,1465.0,95900
2026-03-26 11:20:00,1465.0,1465.0,1460.0,1460.0,110900
2026-03-26 11:25:00,1460.0,1465.0,1450.0,1455.0,768200
2026-03-26 11:30:00,1455.0,1460.0,1450.0,1460.0,232200
2026-03-26 11:35:00,1460.0,1460.0,1455.0,1455.0,55900
2026-03-26 11:40:00,1455.0,1460.0,1455.0,1455.0,129000
2026-03-26 11:45:00,1455.0,1460.0,1455.0,1460.0,68300
2026-03-26 11:50:00,1460.0,1460.0,1455.0,1460.0,51000
2026-03-26 11:55:00,1460.0,1460.0,1455.0,1460.0,102700
2026-03-26 13:30:00,1460.0,1460.0,1430.0,1440.0,5888500
2026-03-26 13:35:00,1440.0,1445.0,1440.0,1445.0,598700
2026-03-26 13:40:00,1440.0,1445.0,1435.0,1440.0,469000
2026-03-26 13:45:00,1440.0,1445.0,1435.0,1445.0,784200
2026-03-26 13:50:00,1445.0,1445.0,1435.0,1440.0,656800
2026-03-26 13:55:00,1440.0,1445.0,1435.0,1435.0,406900
2026-03-26 14:00:00,1440.0,1445.0,1435.0,1440.0,754700
2026-03-26 14:05:00,1440.0,1440.0,1435.0,1435.0,297900
2026-03-26 14:10:00,1440.0,1440.0,1435.0,1440.0,190000
2026-03-26 14:15:00,1440.0,1440.0,1420.0,1420.0,2799000
2026-03-26 14:20:00,1425.0,1435.0,1420.0,1430.0,1141700
2026-03-26 14:25:00,1425.0,1435.0,1425.0,1430.0,415400
2026-03-26 14:30:00,1430.0,1435.0,1425.0,1430.0,111800
2026-03-26 14:35:00,1435.0,1435.0,1430.0,1430.0,173600
2026-03-26 14:40:00,1430.0,1435.0,1425.0,1430.0,574200
2026-03-26 14:45:00,1430.0,1430.0,1425.0,1430.0,477600
2026-03-26 14:50:00,1435.0,1435.0,1430.0,1430.0,268900
2026-03-26 14:55:00,1430.0,1435.0,1425.0,1430.0,804500
2026-03-26 15:00:00,1430.0,1440.0,1425.0,1440.0,577600
2026-03-26 15:05:00,1440.0,1440.0,1435.0,1440.0,275500
2026-03-26 15:10:00,1435.0,1445.0,1435.0,1445.0,637600
2026-03-26 15:15:00,1445.0,1445.0,1435.0,1435.0,539600
2026-03-26 15:20:00,1435.0,1440.0,1435.0,1440.0,336200
2026-03-26 15:25:00,1440.0,1445.0,1435.0,1440.0,389000
2026-03-26 15:30:00,1445.0,1445.0,1435.0,1440.0,365000
2026-03-26 15:35:00,1435.0,1440.0,1435.0,1435.0,572500
2026-03-26 15:40:00,1435.0,1435.0,1430.0,1430.0,745500
2026-03-26 15:45:00,1430.0,1435.0,1430.0,1435.0,1027500
2026-03-26 16:00:00,1435.0,1435.0,1435.0,1435.0,1218800
2026-03-26 16:05:00,1435.0,1435.0,1435.0,1435.0,304800
2026-03-26 16:10:00,1435.0,1435.0,1435.0,1435.0,55500
2026-03-27 09:00:00,1440.0,1515.0,1440.0,1510.0,0
2026-03-27 09:05:00,1510.0,1535.0,1500.0,1515.0,15158400
2026-03-27 09:10:00,1515.0,1515.0,1485.0,1500.0,5907700
2026-03-27 09:15:00,1490.0,1495.0,1475.0,1480.0,4643500
2026-03-27 09:20:00,1480.0,1480.0,1465.0,1475.0,2819400
2026-03-27 09:25:00,1475.0,1475.0,1465.0,1470.0,2730000
2026-03-27 09:30:00,1470.0,1490.0,1465.0,1490.0,1519000
2026-03-27 09:35:00,1490.0,1490.0,1475.0,1475.0,1300900
2026-03-27 09:40:00,1475.0,1490.0,1475.0,1490.0,1297700
2026-03-27 09:45:00,1490.0,1490.0,1475.0,1480.0,1009600
2026-03-27 09:50:00,1480.0,1500.0,1475.0,1500.0,2991700
2026-03-27 09:55:00,1495.0,1530.0,1495.0,1510.0,10847600
2026-03-27 10:00:00,1515.0,1550.0,1515.0,1530.0,11907500
2026-03-27 10:05:00,1530.0,1535.0,1515.0,1520.0,1876300
2026-03-27 10:10:00,1520.0,1530.0,1520.0,1530.0,1495500
2026-03-27 10:15:00,1525.0,1575.0,1525.0,1575.0,14372300
2026-03-27 10:20:00,1575.0,1575.0,1560.0,1570.0,5593300
2026-03-27 10:25:00,1570.0,1580.0,1555.0,1560.0,6632100
2026-03-27 10:30:00,1555.0,1565.0,1550.0,1555.0,2420300
2026-03-27 10:35:00,1555.0,1565.0,1545.0,1560.0,4751800
2026-03-27 10:40:00,1560.0,1565.0,1550.0,1560.0,1695600
2026-03-27 10:45:00,1560.0,1570.0,1555.0,1565.0,1945700
2026-03-27 10:50:00,1565.0,1570.0,1560.0,1565.0,1034600
2026-03-27 10:55:00,1565.0,1565.0,1545.0,1550.0,2878900
2026-03-27 11:00:00,1545.0,1560.0,1545.0,1560.0,4073000
2026-03-27 11:05:00,1560.0,1565.0,1555.0,1560.0,1393600
2026-03-27 11:10:00,1560.0,1580.0,1560.0,1575.0,5569600
2026-03-27 11:15:00,1575.0,1585.0,1570.0,1570.0,2663500
2026-03-27 11:20:00,1575.0,1575.0,1560.0,1560.0,1234000
2026-03-27 11:25:00,1560.0,1565.0,1555.0,1555.0,2502000
2026-03-27 14:00:00,1560.0,1640.0,1550.0,1625.0,25889800
2026-03-27 14:05:00,1625.0,1625.0,1600.0,1615.0,7190900
2026-03-27 14:10:00,1610.0,1625.0,1605.0,1605.0,5070000
2026-03-27 14:15:00,1610.0,1610.0,1600.0,1605.0,3228100
2026-03-27 14:20:00,1605.0,1610.0,1580.0,1585.0,8738400
2026-03-27 14:25:00,1585.0,1600.0,1580.0,1595.0,5094500
2026-03-27 14:30:00,1590.0,1595.0,1575.0,1575.0,4726600
2026-03-27 14:35:00,1575.0,1585.0,1575.0,1585.0,1199800
2026-03-27 14:40:00,1585.0,1595.0,1575.0,1580.0,4146300
2026-03-27 14:45:00,1585.0,1585.0,1580.0,1585.0,550400
2026-03-27 14:50:00,1585.0,1590.0,1575.0,1575.0,3660900
2026-03-27 14:55:00,1580.0,1580.0,1570.0,1575.0,2526400
2026-03-27 15:00:00,1580.0,1580.0,1570.0,1575.0,1686500
2026-03-27 15:05:00,1575.0,1575.0,1570.0,1570.0,870500
2026-03-27 15:10:00,1575.0,1595.0,1570.0,1585.0,7116600
2026-03-27 15:15:00,1585.0,1590.0,1580.0,1590.0,1013900
2026-03-27 15:20:00,1590.0,1595.0,1585.0,1595.0,1981500
2026-03-27 15:25:00,1595.0,1610.0,1590.0,1610.0,7500900
2026-03-27 15:30:00,1610.0,1610.0,1595.0,1605.0,4491600
2026-03-27 15:35:00,1605.0,1620.0,1600.0,1605.0,5895400
2026-03-27 15:40:00,1610.0,1615.0,1605.0,1610.0,3345700
2026-03-27 15:45:00,1605.0,1615.0,1605.0,1605.0,4057500
2026-03-27 16:00:00,1615.0,1615.0,1615.0,1615.0,4944400
2026-03-27 16:05:00,1615.0,1615.0,1615.0,1615.0,552700
2026-03-27 16:10:00,1615.0,1615.0,1615.0,1615.0,506400
2026-03-30 09:00:00,1660.0,1665.0,1620.0,1630.0,0
2026-03-30 09:05:00,1630.0,1635.0,1590.0,1625.0,20210100
2026-03-30 09:10:00,1630.0,1640.0,1620.0,1620.0,9421100
2026-03-30 09:15:00,1625.0,1630.0,1605.0,1625.0,4801200
2026-03-30 09:20:00,1625.0,1630.0,1605.0,1605.0,5383400
2026-03-30 09:25:00,1605.0,1615.0,1600.0,1610.0,2134300
2026-03-30 09:30:00,1615.0,1615.0,1605.0,1610.0,2053800
2026-03-30 09:35:00,1605.0,1615.0,1585.0,1595.0,8046200
2026-03-30 09:40:00,1595.0,1610.0,1590.0,1605.0,2745000
2026-03-30 09:45:00,1605.0,1615.0,1600.0,1610.0,844600
2026-03-30 09:50:00,1610.0,1615.0,1605.0,1610.0,901200
2026-03-30 09:55:00,1615.0,1625.0,1610.0,1620.0,2203600
2026-03-30 10:00:00,1620.0,1630.0,1615.0,1625.0,2979100
2026-03-30 10:05:00,1625.0,1625.0,1615.0,1620.0,1235000
2026-03-30 10:10:00,1620.0,1630.0,1620.0,1630.0,1300300
2026-03-30 10:15:00,1630.0,1630.0,1620.0,1625.0,1410400
2026-03-30 10:20:00,1620.0,1625.0,1600.0,1615.0,3041900
2026-03-30 10:25:00,1615.0,1615.0,1605.0,1610.0,921000
2026-03-30 10:30:00,1610.0,1620.0,1605.0,1615.0,1496500
2026-03-30 10:35:00,1615.0,1620.0,1610.0,1615.0,1116300
2026-03-30 10:40:00,1615.0,1615.0,1610.0,1610.0,858100
2026-03-30 10:45:00,1615.0,1620.0,1610.0,1615.0,525200
2026-03-30 10:50:00,1615.0,1615.0,1605.0,1610.0,1728500
2026-03-30 10:55:00,1610.0,1610.0,1605.0,1605.0,1049900
2026-03-30 11:00:00,1605.0,1615.0,1605.0,1610.0,809400
2026-03-30 11:05:00,1610.0,1620.0,1605.0,1620.0,998400
2026-03-30 11:10:00,1620.0,1620.0,1610.0,1615.0,360700
2026-03-30 11:15:00,1610.0,1615.0,1605.0,1610.0,2319700
2026-03-30 11:20:00,1610.0,1615.0,1610.0,1615.0,227300
2026-03-30 11:25:00,1615.0,1615.0,1605.0,1605.0,679500
2026-03-30 11:30:00,1610.0,1610.0,1605.0,1610.0,596800
2026-03-30 11:35:00,1610.0,1615.0,1605.0,1610.0,572000
2026-03-30 11:40:00,1610.0,1615.0,1610.0,1615.0,265400
2026-03-30 11:45:00,1610.0,1615.0,1610.0,1615.0,229700
2026-03-30 11:50:00,1615.0,1615.0,1610.0,1615.0,605300
2026-03-30 11:55:00,1615.0,1620.0,1610.0,1615.0,288700
2026-03-30 13:30:00,1615.0,1620.0,1605.0,1610.0,2031400
2026-03-30 13:35:00,1610.0,1615.0,1610.0,1610.0,537000
2026-03-30 13:40:00,1615.0,1615.0,1610.0,1615.0,405900
2026-03-30 13:45:00,1610.0,1620.0,1610.0,1620.0,1047200
2026-03-30 13:50:00,1615.0,1620.0,1615.0,1620.0,741900
2026-03-30 13:55:00,1620.0,1630.0,1615.0,1625.0,5633500
2026-03-30 14:00:00,1625.0,1625.0,1615.0,1625.0,791900
2026-03-30 14:05:00,1625.0,1630.0,1620.0,1625.0,1780300
2026-03-30 14:10:00,1625.0,1625.0,1620.0,1625.0,357600
2026-03-30 14:15:00,1625.0,1625.0,1620.0,1620.0,552700
2026-03-30 14:20:00,1625.0,1625.0,1620.0,1625.0,227400
2026-03-30 14:25:00,1625.0,1645.0,1620.0,1640.0,7248700
2026-03-30 14:30:00,1640.0,1645.0,1625.0,1630.0,4009800
2026-03-30 14:35:00,1630.0,1635.0,1630.0,1630.0,804300
2026-03-30 14:40:00,1635.0,1635.0,1630.0,1630.0,707300
2026-03-30 14:45:00,1630.0,1635.0,1630.0,1635.0,335300
2026-03-30 14:50:00,1630.0,1640.0,1630.0,1635.0,1106500
2026-03-30 14:55:00,1635.0,1635.0,1625.0,1630.0,904900
2026-03-30 15:00:00,1625.0,1630.0,1625.0,1625.0,1596400
2026-03-30 15:05:00,1630.0,1630.0,1620.0,1625.0,1392200
2026-03-30 15:10:00,1625.0,1630.0,1620.0,1630.0,1737900
2026-03-30 15:15:00,1630.0,1635.0,1625.0,1630.0,1469500
2026-03-30 15:20:00,1630.0,1630.0,1625.0,1630.0,1478700
2026-03-30 15:25:00,1630.0,1630.0,1625.0,1625.0,2106200
2026-03-30 15:30:00,1630.0,1630.0,1625.0,1630.0,880500
2026-03-30 15:35:00,1630.0,1635.0,1625.0,1625.0,1739600
2026-03-30 15:40:00,1630.0,1630.0,1625.0,1625.0,1964400
2026-03-30 15:45:00,1625.0,1635.0,1625.0,1635.0,4390100
2026-03-30 16:00:00,1630.0,1630.0,1630.0,1630.0,3356400
2026-03-30 16:05:00,1630.0,1630.0,1630.0,1630.0,572900
2026-03-30 16:10:00,1630.0,1630.0,1630.0,1630.0,12800
2026-03-31 09:00:00,1645.0,1645.0,1620.0,1625.0,0
2026-03-31 09:05:00,1620.0,1635.0,1615.0,1625.0,1983600
2026-03-31 09:10:00,1620.0,1630.0,1605.0,1605.0,4210300
2026-03-31 09:15:00,1610.0,1620.0,1605.0,1615.0,1415200
2026-03-31 09:20:00,1620.0,1620.0,1605.0,1605.0,1629100
2026-03-31 09:25:00,1610.0,1615.0,1605.0,1610.0,995500
2026-03-31 09:30:00,1610.0,1615.0,1590.0,1595.0,5689900
2026-03-31 09:35:00,1595.0,1605.0,1595.0,1595.0,1543100
2026-03-31 09:40:00,1595.0,1605.0,1590.0,1595.0,1598500
2026-03-31 09:45:00,1595.0,1600.0,1590.0,1595.0,593500
2026-03-31 09:50:00,1595.0,1605.0,1595.0,1600.0,772400
2026-03-31 09:55:00,1600.0,1605.0,1595.0,1600.0,710700
2026-03-31 10:00:00,1605.0,1605.0,1590.0,1590.0,1510900
2026-03-31 10:05:00,1590.0,1595.0,1590.0,1590.0,200500
2026-03-31 10:10:00,1595.0,1605.0,1590.0,1600.0,480900
2026-03-31 10:15:00,1600.0,1605.0,1595.0,1595.0,653900
2026-03-31 10:20:00,1600.0,1600.0,1585.0,1590.0,2373300
2026-03-31 10:25:00,1590.0,1590.0,1585.0,1585.0,704600
2026-03-31 10:30:00,1585.0,1595.0,1580.0,1595.0,2080900
2026-03-31 10:35:00,1590.0,1600.0,1590.0,1595.0,553400
2026-03-31 10:40:00,1595.0,1600.0,1590.0,1590.0,393900
2026-03-31 10:45:00,1595.0,1595.0,1590.0,1595.0,65300
2026-03-31 10:50:00,1595.0,1595.0,1585.0,1585.0,849400
2026-03-31 10:55:00,1585.0,1595.0,1585.0,1595.0,610100
2026-03-31 11:00:00,1595.0,1595.0,1575.0,1575.0,5080600
2026-03-31 11:05:00,1580.0,1590.0,1580.0,1585.0,517700
2026-03-31 11:10:00,1580.0,1585.0,1580.0,1585.0,221700
2026-03-31 11:15:00,1580.0,1585.0,1580.0,1580.0,139600
2026-03-31 11:20:00,1580.0,1585.0,1580.0,1585.0,227200
2026-03-31 11:25:00,1585.0,1585.0,1580.0,1585.0,125900
2026-03-31 11:30:00,1585.0,1585.0,1580.0,1580.0,313800
2026-03-31 11:35:00,1585.0,1585.0,1575.0,1580.0,1191700
2026-03-31 11:40:00,1580.0,1580.0,1570.0,1575.0,1340600
2026-03-31 11:45:00,1575.0,1580.0,1575.0,1580.0,466600
2026-03-31 11:50:00,1580.0,1580.0,1575.0,1580.0,226500
2026-03-31 11:55:00,1575.0,1580.0,1575.0,1580.0,211100
2026-03-31 13:30:00,1580.0,1580.0,1565.0,1570.0,1961200
2026-03-31 13:35:00,1570.0,1575.0,1560.0,1565.0,1947900
2026-03-31 13:40:00,1565.0,1565.0,1560.0,1560.0,1335800
2026-03-31 13:45:00,1560.0,1565.0,1555.0,1560.0,2772900
2026-03-31 13:50:00,1560.0,1560.0,1545.0,1545.0,3352800
2026-03-31 13:55:00,1545.0,1555.0,1540.0,1550.0,2132600
2026-03-31 14:00:00,1550.0,1550.0,1545.0,1545.0,410600
2026-03-31 14:05:00,1545.0,1560.0,1540.0,1560.0,2363200
2026-03-31 14:10:00,1560.0,1565.0,1550.0,1550.0,1102000
2026-03-31 14:15:00,1555.0,1560.0,1550.0,1555.0,485300
2026-03-31 14:20:00,1555.0,1555.0,1550.0,1555.0,123900
2026-03-31 14:25:00,1555.0,1555.0,1545.0,1550.0,710000
2026-03-31 14:30:00,1550.0,1555.0,1545.0,1550.0,637200
2026-03-31 14:35:00,1545.0,1555.0,1545.0,1550.0,353900
2026-03-31 14:40:00,1550.0,1550.0,1545.0,1550.0,191900
2026-03-31 14:45:00,1550.0,1550.0,1545.0,1550.0,290500
2026-03-31 14:50:00,1550.0,1550.0,1545.0,1545.0,372100
2026-03-31 14:55:00,1545.0,1550.0,1545.0,1545.0,265200
2026-03-31 15:00:00,1545.0,1555.0,1545.0,1555.0,566600
2026-03-31 15:05:00,1555.0,1555.0,1545.0,1550.0,282800
2026-03-31 15:10:00,1550.0,1555.0,1545.0,1555.0,486900
2026-03-31 15:15:00,1555.0,1555.0,1550.0,1550.0,886000
2026-03-31 15:20:00,1550.0,1555.0,1545.0,1545.0,514600
2026-03-31 15:25:00,1550.0,1555.0,1545.0,1555.0,328400
2026-03-31 15:30:00,1550.0,1550.0,1545.0,1550.0,517500
2026-03-31 15:35:00,1550.0,1550.0,1545.0,1550.0,645000
2026-03-31 15:40:00,1545.0,1550.0,1545.0,1550.0,959500
2026-03-31 15:45:00,1545.0,1550.0,1540.0,1545.0,1545300
2026-03-31 16:00:00,1525.0,1525.0,1525.0,1525.0,32479600
2026-03-31 16:05:00,1525.0,1525.0,1525.0,1525.0,411900
2026-03-31 16:10:00,1525.0,1525.0,1525.0,1525.0,603100
2026-04-01 09:00:00,1575.0,1575.0,1540.0,1560.0,0
2026-04-01 09:05:00,1560.0,1565.0,1545.0,1550.0,3375800
2026-04-01 09:10:00,1550.0,1550.0,1545.0,1545.0,1098500
2026-04-01 09:15:00,1550.0,1550.0,1545.0,1545.0,590000
2026-04-01 09:20:00,1545.0,1550.0,1540.0,1545.0,1061500
2026-04-01 09:25:00,1550.0,1555.0,1545.0,1555.0,1201400
2026-04-01 09:30:00,1550.0,1580.0,1550.0,1575.0,3333200
2026-04-01 09:35:00,1575.0,1585.0,1555.0,1560.0,6303200
2026-04-01 09:40:00,1560.0,1570.0,1555.0,1560.0,1443800
2026-04-01 09:45:00,1560.0,1570.0,1555.0,1570.0,989200
2026-04-01 09:50:00,1570.0,1580.0,1565.0,1570.0,1009100
2026-04-01 09:55:00,1570.0,1570.0,1565.0,1565.0,309600
2026-04-01 10:00:00,1570.0,1575.0,1565.0,1570.0,692100
2026-04-01 10:05:00,1570.0,1585.0,1570.0,1580.0,1525400
2026-04-01 10:10:00,1585.0,1590.0,1580.0,1585.0,2125700
2026-04-01 10:15:00,1585.0,1585.0,1575.0,1580.0,565800
2026-04-01 10:20:00,1575.0,1580.0,1570.0,1570.0,329200
2026-04-01 10:25:00,1570.0,1580.0,1570.0,1575.0,1209700
2026-04-01 10:30:00,1575.0,1580.0,1570.0,1575.0,275900
2026-04-01 10:35:00,1575.0,1575.0,1570.0,1575.0,374600
2026-04-01 10:40:00,1575.0,1575.0,1550.0,1555.0,2185000
2026-04-01 10:45:00,1560.0,1560.0,1550.0,1555.0,494800
2026-04-01 10:50:00,1550.0,1555.0,1550.0,1555.0,292400
2026-04-01 10:55:00,1555.0,1560.0,1550.0,1555.0,527800
2026-04-01 11:00:00,1555.0,1555.0,1550.0,1555.0,607300
2026-04-01 11:05:00,1555.0,1555.0,1545.0,1550.0,886800
2026-04-01 11:10:00,1545.0,1550.0,1545.0,1550.0,472400
2026-04-01 11:15:00,1550.0,1560.0,1545.0,1550.0,274200
2026-04-01 11:20:00,1550.0,1550.0,1545.0,1545.0,502600
2026-04-01 11:25:00,1545.0,1555.0,1545.0,1550.0,187300
2026-04-01 11:30:00,1550.0,1555.0,1545.0,1550.0,593700
2026-04-01 11:35:00,1550.0,1555.0,1550.0,1550.0,272000
2026-04-01 11:40:00,1550.0,1550.0,1545.0,1550.0,73000
2026-04-01 11:45:00,1545.0,1550.0,1535.0,1535.0,2233900
2026-04-01 11:50:00,1535.0,1540.0,1535.0,1540.0,202800
2026-04-01 11:55:00,1540.0,1545.0,1540.0,1545.0,168200
2026-04-01 13:30:00,1545.0,1550.0,1540.0,1545.0,2582200
2026-04-01 13:35:00,1550.0,1560.0,1545.0,1560.0,498500
2026-04-01 13:40:00,1560.0,1575.0,1555.0,1575.0,1470500
2026-04-01 13:45:00,1575.0,1575.0,1560.0,1560.0,1404000
2026-04-01 13:50:00,1565.0,1565.0,1550.0,1555.0,1040700
2026-04-01 13:55:00,1555.0,1555.0,1550.0,1550.0,748400
2026-04-01 14:00:00,1550.0,1565.0,1550.0,1565.0,451600
2026-04-01 14:05:00,1560.0,1565.0,1560.0,1565.0,818500
2026-04-01 14:10:00,1565.0,1570.0,1560.0,1565.0,271400
2026-04-01 14:15:00,1565.0,1570.0,1560.0,1565.0,533900
2026-04-01 14:20:00,1570.0,1570.0,1555.0,1555.0,991900
2026-04-01 14:25:00,1555.0,1560.0,1555.0,1555.0,524100
2026-04-01 14:30:00,1555.0,1560.0,1555.0,1560.0,205700
2026-04-01 14:35:00,1555.0,1560.0,1555.0,1560.0,111200
2026-04-01 14:40:00,1555.0,1560.0,1550.0,1555.0,782200
2026-04-01 14:45:00,1555.0,1560.0,1550.0,1555.0,860500
2026-04-01 14:50:00,1560.0,1560.0,1555.0,1555.0,328100
2026-04-01 14:55:00,1555.0,1560.0,1555.0,1555.0,123800
2026-04-01 15:00:00,1555.0,1560.0,1545.0,1550.0,1898100
2026-04-01 15:05:00,1555.0,1555.0,1550.0,1555.0,53800
2026-04-01 15:10:00,1555.0,1560.0,1550.0,1560.0,221200
2026-04-01 15:15:00,1560.0,1560.0,1550.0,1555.0,896300
2026-04-01 15:20:00,1555.0,1560.0,1555.0,1560.0,584100
2026-04-01 15:25:00,1555.0,1575.0,1555.0,1575.0,2755100
2026-04-01 15:30:00,1575.0,1580.0,1575.0,1575.0,1174900
2026-04-01 15:35:00,1575.0,1580.0,1555.0,1555.0,2703000
2026-04-01 15:40:00,1550.0,1560.0,1540.0,1545.0,2921200
2026-04-01 15:45:00,1545.0,1555.0,1540.0,1555.0,4059100
2026-04-01 16:00:00,1555.0,1555.0,1555.0,1555.0,2103500
2026-04-01 16:05:00,1555.0,1555.0,1555.0,1555.0,112500
2026-04-01 16:10:00,1555.0,1555.0,1555.0,1555.0,11600
2026-04-02 09:00:00,1580.0,1625.0,1580.0,1610.0,0
2026-04-02 09:05:00,1610.0,1625.0,1605.0,1620.0,11679400
2026-04-02 09:10:00,1615.0,1640.0,1615.0,1625.0,12365200
2026-04-02 09:15:00,1625.0,1625.0,1610.0,1610.0,4642600
2026-04-02 09:20:00,1615.0,1665.0,1610.0,1640.0,22604200
2026-04-02 09:25:00,1640.0,1680.0,1635.0,1680.0,18409300
2026-04-02 09:30:00,1675.0,1685.0,1650.0,1650.0,14085200
2026-04-02 09:35:00,1650.0,1665.0,1650.0,1660.0,6241200
2026-04-02 09:40:00,1655.0,1660.0,1630.0,1635.0,11772800
2026-04-02 09:45:00,1635.0,1655.0,1635.0,1645.0,4229100
2026-04-02 09:50:00,1645.0,1655.0,1645.0,1655.0,1112400
2026-04-02 09:55:00,1650.0,1660.0,1650.0,1655.0,1803600
2026-04-02 10:00:00,1655.0,1655.0,1650.0,1655.0,950600
2026-04-02 10:05:00,1650.0,1655.0,1625.0,1625.0,9218700
2026-04-02 10:10:00,1630.0,1645.0,1625.0,1640.0,2816400
2026-04-02 10:15:00,1635.0,1645.0,1630.0,1640.0,1516700
2026-04-02 10:20:00,1635.0,1640.0,1630.0,1640.0,1416400
2026-04-02 10:25:00,1640.0,1650.0,1635.0,1640.0,1915500
2026-04-02 10:30:00,1635.0,1640.0,1625.0,1630.0,1848900
2026-04-02 10:35:00,1630.0,1630.0,1625.0,1625.0,786100
2026-04-02 10:40:00,1630.0,1630.0,1610.0,1620.0,6238300
2026-04-02 10:45:00,1615.0,1620.0,1600.0,1600.0,4207200
2026-04-02 10:50:00,1600.0,1620.0,1600.0,1615.0,2091200
2026-04-02 10:55:00,1620.0,1625.0,1615.0,1615.0,1172100
2026-04-02 11:00:00,1620.0,1620.0,1610.0,1615.0,327300
2026-04-02 11:05:00,1615.0,1615.0,1605.0,1610.0,812700
2026-04-02 11:10:00,1605.0,1615.0,1605.0,1615.0,487200
2026-04-02 11:15:00,1615.0,1615.0,1605.0,1610.0,907400
2026-04-02 11:20:00,1610.0,1610.0,1595.0,1610.0,3315400
2026-04-02 11:25:00,1610.0,1610.0,1605.0,1610.0,136400
2026-04-02 11:30:00,1610.0,1615.0,1605.0,1610.0,530000
2026-04-02 11:35:00,1615.0,1615.0,1605.0,1610.0,463200
2026-04-02 11:40:00,1610.0,1610.0,1600.0,1600.0,724700
2026-04-02 11:45:00,1605.0,1605.0,1600.0,1605.0,174000
2026-04-02 11:50:00,1600.0,1605.0,1600.0,1600.0,103700
2026-04-02 11:55:00,1600.0,1605.0,1600.0,1605.0,413500
2026-04-02 13:30:00,1605.0,1605.0,1590.0,1595.0,3291200
2026-04-02 13:35:00,1590.0,1595.0,1585.0,1595.0,2592500
2026-04-02 13:40:00,1595.0,1595.0,1585.0,1590.0,763900
2026-04-02 13:45:00,1590.0,1590.0,1570.0,1580.0,4720000
2026-04-02 13:50:00,1580.0,1585.0,1580.0,1585.0,242200
2026-04-02 13:55:00,1585.0,1585.0,1580.0,1585.0,197600
2026-04-02 14:00:00,1585.0,1585.0,1575.0,1580.0,951300
2026-04-02 14:05:00,1580.0,1580.0,1565.0,1565.0,3539200
2026-04-02 14:10:00,1565.0,1580.0,1565.0,1575.0,1625800
2026-04-02 14:15:00,1580.0,1585.0,1575.0,1575.0,1200500
2026-04-02 14:20:00,1570.0,1580.0,1570.0,1575.0,390000
2026-04-02 14:25:00,1580.0,1580.0,1565.0,1570.0,728800
2026-04-02 14:30:00,1570.0,1575.0,1565.0,1575.0,718900
2026-04-02 14:35:00,1575.0,1575.0,1570.0,1575.0,338600
2026-04-02 14:40:00,1575.0,1575.0,1570.0,1575.0,351800
2026-04-02 14:45:00,1575.0,1575.0,1570.0,1570.0,231300
2026-04-02 14:50:00,1570.0,1575.0,1570.0,1570.0,249900
2026-04-02 14:55:00,1570.0,1575.0,1565.0,1570.0,812700
2026-04-02 15:00:00,1565.0,1570.0,1550.0,1555.0,4930900
2026-04-02 15:05:00,1555.0,1565.0,1555.0,1560.0,1329300
2026-04-02 15:10:00,1560.0,1560.0,1555.0,1555.0,666800
2026-04-02 15:15:00,1560.0,1560.0,1550.0,1550.0,1522800
2026-04-02 15:20:00,1555.0,1555.0,1540.0,1540.0,3557600
2026-04-02 15:25:00,1545.0,1550.0,1540.0,1540.0,1321500
2026-04-02 15:30:00,1540.0,1545.0,1530.0,1535.0,2199700
2026-04-02 15:35:00,1530.0,1540.0,1510.0,1510.0,7360000
2026-04-02 15:40:00,1510.0,1515.0,1485.0,1500.0,6024600
2026-04-02 15:45:00,1500.0,1525.0,1500.0,1515.0,3183300
2026-04-02 16:00:00,1500.0,1500.0,1500.0,1500.0,4551800
2026-04-02 16:05:00,1500.0,1500.0,1500.0,1500.0,300100
2026-04-02 16:10:00,1500.0,1500.0,1500.0,1500.0,173400
2026-04-06 09:00:00,1530.0,1575.0,1525.0,1555.0,0
2026-04-06 09:05:00,1555.0,1575.0,1545.0,1570.0,5355300
2026-04-06 09:10:00,1575.0,1580.0,1560.0,1580.0,7336400
2026-04-06 09:15:00,1575.0,1610.0,1575.0,1600.0,11389300
2026-04-06 09:20:00,1600.0,1610.0,1595.0,1610.0,5022700
2026-04-06 09:25:00,1605.0,1610.0,1585.0,1590.0,4726100
2026-04-06 09:30:00,1595.0,1605.0,1590.0,1590.0,2173100
2026-04-06 09:35:00,1590.0,1600.0,1585.0,1590.0,2237300
2026-04-06 09:40:00,1590.0,1630.0,1590.0,1620.0,8525500
2026-04-06 09:45:00,1615.0,1620.0,1600.0,1605.0,1457800
2026-04-06 09:50:00,1605.0,1610.0,1595.0,1610.0,2560300
2026-04-06 09:55:00,1610.0,1630.0,1605.0,1620.0,3261400
2026-04-06 10:00:00,1620.0,1625.0,1615.0,1620.0,1357900
2026-04-06 10:05:00,1620.0,1625.0,1615.0,1615.0,1013400
2026-04-06 10:10:00,1615.0,1625.0,1615.0,1615.0,1276100
2026-04-06 10:15:00,1615.0,1620.0,1610.0,1615.0,879700
2026-04-06 10:20:00,1610.0,1615.0,1600.0,1610.0,2524600
2026-04-06 10:25:00,1610.0,1615.0,1605.0,1610.0,663000
2026-04-06 10:30:00,1605.0,1610.0,1600.0,1610.0,1980700
2026-04-06 10:35:00,1605.0,1610.0,1605.0,1610.0,1680200
2026-04-06 10:40:00,1605.0,1610.0,1600.0,1610.0,3380200
2026-04-06 10:45:00,1605.0,1610.0,1605.0,1605.0,424200
2026-04-06 10:50:00,1605.0,1605.0,1595.0,1595.0,3962000
2026-04-06 10:55:00,1595.0,1605.0,1590.0,1600.0,1158500
2026-04-06 11:00:00,1600.0,1605.0,1590.0,1605.0,998900
2026-04-06 11:05:00,1600.0,1605.0,1600.0,1605.0,367600
2026-04-06 11:10:00,1605.0,1605.0,1600.0,1605.0,381200
2026-04-06 11:15:00,1605.0,1605.0,1600.0,1605.0,308700
2026-04-06 11:20:00,1600.0,1605.0,1600.0,1605.0,609300
2026-04-06 11:25:00,1600.0,1605.0,1595.0,1600.0,2079500
2026-04-06 11:30:00,1595.0,1605.0,1595.0,1605.0,660500
2026-04-06 11:35:00,1600.0,1605.0,1595.0,1600.0,1039100
2026-04-06 11:40:00,1595.0,1600.0,1595.0,1600.0,689500
2026-04-06 11:45:00,1600.0,1605.0,1595.0,1600.0,1126000
2026-04-06 11:50:00,1600.0,1600.0,1590.0,1595.0,254300
2026-04-06 11:55:00,1595.0,1600.0,1590.0,1595.0,286900
2026-04-06 13:30:00,1590.0,1600.0,1590.0,1595.0,762000
2026-04-06 13:35:00,1590.0,1595.0,1570.0,1575.0,3309600
2026-04-06 13:40:00,1575.0,1580.0,1565.0,1575.0,1434400
2026-04-06 13:45:00,1575.0,1580.0,1570.0,1570.0,606600
2026-04-06 13:50:00,1570.0,1575.0,1565.0,1575.0,1614500
2026-04-06 13:55:00,1575.0,1575.0,1565.0,1570.0,1790900
2026-04-06 14:00:00,1570.0,1570.0,1565.0,1570.0,1045400
2026-04-06 14:05:00,1570.0,1575.0,1560.0,1565.0,1283400
2026-04-06 14:10:00,1560.0,1570.0,1560.0,1570.0,712800
2026-04-06 14:15:00,1570.0,1570.0,1560.0,1570.0,903900
2026-04-06 14:20:00,1570.0,1585.0,1565.0,1585.0,1542600
2026-04-06 14:25:00,1580.0,1585.0,1575.0,1575.0,1028400
2026-04-06 14:30:00,1575.0,1580.0,1560.0,1570.0,1977400
2026-04-06 14:35:00,1570.0,1580.0,1565.0,1570.0,663300
2026-04-06 14:40:00,1570.0,1575.0,1565.0,1575.0,504900
2026-04-06 14:45:00,1580.0,1580.0,1570.0,1575.0,500900
2026-04-06 14:50:00,1570.0,1575.0,1570.0,1575.0,340200
2026-04-06 14:55:00,1575.0,1575.0,1565.0,1570.0,413600
2026-04-06 15:00:00,1570.0,1570.0,1565.0,1570.0,731200
2026-04-06 15:05:00,1570.0,1570.0,1560.0,1570.0,957000
2026-04-06 15:10:00,1565.0,1570.0,1560.0,1560.0,639400
2026-04-06 15:15:00,1565.0,1565.0,1550.0,1550.0,1903000
2026-04-06 15:20:00,1555.0,1560.0,1550.0,1555.0,382000
2026-04-06 15:25:00,1560.0,1565.0,1555.0,1560.0,528500
2026-04-06 15:30:00,1560.0,1570.0,1555.0,1570.0,677700
2026-04-06 15:35:00,1570.0,1570.0,1555.0,1560.0,983700
2026-04-06 15:40:00,1555.0,1560.0,1545.0,1555.0,3043900
2026-04-06 15:45:00,1555.0,1555.0,1545.0,1550.0,1947700
2026-04-06 16:00:00,1550.0,1550.0,1550.0,1550.0,2122600
2026-04-06 16:05:00,1550.0,1550.0,1550.0,1550.0,269000
2026-04-06 16:10:00,1550.0,1550.0,1550.0,1550.0,327500
2026-04-07 09:00:00,1580.0,1610.0,1575.0,1580.0,0
2026-04-07 09:05:00,1585.0,1585.0,1570.0,1575.0,2361000
2026-04-07 09:10:00,1575.0,1595.0,1575.0,1590.0,1987700
2026-04-07 09:15:00,1590.0,1590.0,1555.0,1560.0,3191100
2026-04-07 09:20:00,1560.0,1570.0,1555.0,1565.0,1538500
2026-04-07 09:25:00,1565.0,1575.0,1560.0,1565.0,1120800
2026-04-07 09:30:00,1560.0,1565.0,1560.0,1565.0,463200
2026-04-07 09:35:00,1565.0,1565.0,1550.0,1550.0,3256800
2026-04-07 09:40:00,1550.0,1560.0,1545.0,1560.0,1100800
2026-04-07 09:45:00,1560.0,1560.0,1555.0,1560.0,1214400
2026-04-07 09:50:00,1560.0,1565.0,1555.0,1565.0,618700
2026-04-07 09:55:00,1560.0,1565.0,1555.0,1555.0,401700
2026-04-07 10:00:00,1555.0,1560.0,1555.0,1560.0,479300
2026-04-07 10:05:00,1560.0,1560.0,1545.0,1555.0,1692800
2026-04-07 10:10:00,1555.0,1565.0,1550.0,1560.0,851000
2026-04-07 10:15:00,1565.0,1570.0,1560.0,1565.0,380000
2026-04-07 10:20:00,1565.0,1580.0,1565.0,1575.0,1216900
2026-04-07 10:25:00,1575.0,1600.0,1575.0,1600.0,4128700
2026-04-07 10:30:00,1595.0,1600.0,1590.0,1590.0,1331900
2026-04-07 10:35:00,1590.0,1595.0,1575.0,1580.0,2039700
2026-04-07 10:40:00,1580.0,1585.0,1580.0,1580.0,530500
2026-04-07 10:45:00,1575.0,1580.0,1570.0,1575.0,709400
2026-04-07 10:50:00,1575.0,1575.0,1560.0,1565.0,1149400
2026-04-07 10:55:00,1565.0,1570.0,1560.0,1565.0,446200
2026-04-07 11:00:00,1565.0,1570.0,1560.0,1570.0,657300
2026-04-07 11:05:00,1570.0,1570.0,1560.0,1560.0,344900
2026-04-07 11:10:00,1565.0,1580.0,1560.0,1580.0,732500
2026-04-07 11:15:00,1580.0,1580.0,1565.0,1565.0,338800
2026-04-07 11:20:00,1565.0,1565.0,1560.0,1565.0,576900
2026-04-07 11:25:00,1560.0,1565.0,1560.0,1565.0,272400
2026-04-07 11:30:00,1560.0,1565.0,1560.0,1565.0,338800
2026-04-07 11:35:00,1565.0,1570.0,1560.0,1560.0,357300
2026-04-07 11:40:00,1560.0,1565.0,1560.0,1560.0,468700
2026-04-07 11:45:00,1560.0,1565.0,1555.0,1555.0,431300
2026-04-07 11:50:00,1560.0,1560.0,1555.0,1555.0,66700
2026-04-07 11:55:00,1560.0,1565.0,1555.0,1565.0,350100
2026-04-07 13:30:00,1565.0,1570.0,1560.0,1565.0,465900
2026-04-07 13:35:00,1565.0,1570.0,1560.0,1565.0,377700
2026-04-07 13:40:00,1560.0,1565.0,1555.0,1560.0,704800
2026-04-07 13:45:00,1560.0,1565.0,1555.0,1565.0,467000
2026-04-07 13:50:00,1560.0,1570.0,1560.0,1565.0,598500
2026-04-07 13:55:00,1560.0,1565.0,1560.0,1565.0,195200
2026-04-07 14:00:00,1565.0,1570.0,1560.0,1565.0,606300
2026-04-07 14:05:00,1560.0,1565.0,1560.0,1560.0,310000
2026-04-07 14:10:00,1560.0,1560.0,1555.0,1555.0,957500
2026-04-07 14:15:00,1555.0,1560.0,1555.0,1560.0,675500
2026-04-07 14:20:00,1555.0,1560.0,1555.0,1555.0,310500
2026-04-07 14:25:00,1555.0,1560.0,1550.0,1555.0,584200
2026-04-07 14:30:00,1555.0,1565.0,1555.0,1555.0,821400
2026-04-07 14:35:00,1555.0,1555.0,1550.0,1550.0,39000
2026-04-07 14:40:00,1555.0,1555.0,1550.0,1555.0,152800
2026-04-07 14:45:00,1555.0,1555.0,1550.0,1555.0,244700
2026-04-07 14:50:00,1550.0,1555.0,1550.0,1555.0,457300
2026-04-07 14:55:00,1550.0,1555.0,1550.0,1555.0,365800
2026-04-07 15:00:00,1550.0,1555.0,1550.0,1555.0,657600
2026-04-07 15:05:00,1550.0,1555.0,1545.0,1550.0,1708800
2026-04-07 15:10:00,1550.0,1550.0,1540.0,1540.0,1814900
2026-04-07 15:15:00,1540.0,1540.0,1530.0,1540.0,3493800
2026-04-07 15:20:00,1545.0,1545.0,1535.0,1540.0,541600
2026-04-07 15:25:00,1535.0,1545.0,1535.0,1545.0,785000
2026-04-07 15:30:00,1545.0,1550.0,1540.0,1550.0,515200
2026-04-07 15:35:00,1550.0,1550.0,1545.0,1550.0,1422400
2026-04-07 15:40:00,1545.0,1550.0,1540.0,1540.0,2237200
2026-04-07 15:45:00,1540.0,1545.0,1535.0,1535.0,1500200
2026-04-07 16:00:00,1540.0,1540.0,1540.0,1540.0,2193500
2026-04-07 16:05:00,1540.0,1540.0,1540.0,1540.0,41900
2026-04-07 16:10:00,1540.0,1540.0,1540.0,1540.0,15000
2026-04-08 09:00:00,1600.0,1600.0,1540.0,1580.0,0
2026-04-08 09:05:00,1580.0,1585.0,1555.0,1555.0,5208500
2026-04-08 09:10:00,1555.0,1580.0,1555.0,1575.0,2405500
2026-04-08 09:15:00,1570.0,1575.0,1565.0,1570.0,1288900
2026-04-08 09:20:00,1570.0,1570.0,1560.0,1560.0,1260000
2026-04-08 09:25:00,1560.0,1570.0,1560.0,1565.0,951400
2026-04-08 09:30:00,1565.0,1570.0,1565.0,1565.0,1511200
2026-04-08 09:35:00,1565.0,1590.0,1565.0,1585.0,2751400
2026-04-08 09:40:00,1585.0,1590.0,1580.0,1585.0,3312800
2026-04-08 09:45:00,1585.0,1590.0,1555.0,1560.0,1942100
2026-04-08 09:50:00,1555.0,1570.0,1550.0,1560.0,4556300
2026-04-08 09:55:00,1560.0,1575.0,1555.0,1575.0,937500
2026-04-08 10:00:00,1575.0,1575.0,1560.0,1565.0,573600
2026-04-08 10:05:00,1565.0,1570.0,1555.0,1560.0,779500
2026-04-08 10:10:00,1560.0,1565.0,1540.0,1560.0,4102900
2026-04-08 10:15:00,1555.0,1560.0,1540.0,1550.0,2058600
2026-04-08 10:20:00,1550.0,1560.0,1550.0,1555.0,530200
2026-04-08 10:25:00,1560.0,1560.0,1550.0,1560.0,947100
2026-04-08 10:30:00,1555.0,1565.0,1555.0,1560.0,1289600
2026-04-08 10:35:00,1560.0,1565.0,1555.0,1565.0,907500
2026-04-08 10:40:00,1560.0,1565.0,1555.0,1560.0,262300
2026-04-08 10:45:00,1560.0,1560.0,1555.0,1560.0,275400
2026-04-08 10:50:00,1555.0,1570.0,1555.0,1570.0,1183800
2026-04-08 10:55:00,1570.0,1575.0,1565.0,1570.0,1038100
2026-04-08 11:00:00,1570.0,1600.0,1570.0,1595.0,8897400
2026-04-08 11:05:00,1595.0,1610.0,1590.0,1600.0,8860000
2026-04-08 11:10:00,1600.0,1605.0,1595.0,1595.0,1821100
2026-04-08 11:15:00,1595.0,1600.0,1595.0,1600.0,550700
2026-04-08 11:20:00,1600.0,1600.0,1590.0,1590.0,1642600
2026-04-08 11:25:00,1590.0,1600.0,1590.0,1600.0,1040000
2026-04-08 11:30:00,1600.0,1605.0,1595.0,1600.0,1310700
2026-04-08 11:35:00,1605.0,1605.0,1600.0,1600.0,435600
2026-04-08 11:40:00,1600.0,1605.0,1595.0,1600.0,1237700
2026-04-08 11:45:00,1595.0,1600.0,1595.0,1595.0,738200
2026-04-08 11:50:00,1595.0,1600.0,1595.0,1595.0,516200
2026-04-08 11:55:00,1600.0,1605.0,1595.0,1595.0,852100
2026-04-08 13:30:00,1600.0,1605.0,1595.0,1600.0,944100
2026-04-08 13:35:00,1600.0,1605.0,1595.0,1605.0,1903500
2026-04-08 13:40:00,1605.0,1610.0,1605.0,1605.0,1044700
2026-04-08 13:45:00,1610.0,1615.0,1600.0,1615.0,2966300
2026-04-08 13:50:00,1615.0,1615.0,1610.0,1615.0,322000
2026-04-08 13:55:00,1615.0,1620.0,1610.0,1615.0,1919500
2026-04-08 14:00:00,1615.0,1615.0,1605.0,1610.0,1961000
2026-04-08 14:05:00,1610.0,1615.0,1605.0,1605.0,753900
2026-04-08 14:10:00,1610.0,1610.0,1600.0,1600.0,1811300
2026-04-08 14:15:00,1600.0,1605.0,1590.0,1595.0,2379200
2026-04-08 14:20:00,1590.0,1595.0,1590.0,1595.0,790500
2026-04-08 14:25:00,1590.0,1595.0,1585.0,1590.0,1417400
2026-04-08 14:30:00,1590.0,1595.0,1590.0,1590.0,240200
2026-04-08 14:35:00,1595.0,1595.0,1590.0,1595.0,108200
2026-04-08 14:40:00,1595.0,1600.0,1590.0,1600.0,624600
2026-04-08 14:45:00,1600.0,1600.0,1595.0,1600.0,419100
2026-04-08 14:50:00,1595.0,1605.0,1595.0,1600.0,912700
2026-04-08 14:55:00,1600.0,1610.0,1600.0,1610.0,740900
2026-04-08 15:00:00,1605.0,1610.0,1605.0,1605.0,412300
2026-04-08 15:05:00,1605.0,1605.0,1600.0,1600.0,436300
2026-04-08 15:10:00,1600.0,1605.0,1600.0,1605.0,306000
2026-04-08 15:15:00,1605.0,1605.0,1600.0,1605.0,549200
2026-04-08 15:20:00,1600.0,1605.0,1600.0,1600.0,1955000
2026-04-08 15:25:00,1605.0,1640.0,1605.0,1630.0,15970600
2026-04-08 15:30:00,1630.0,1635.0,1625.0,1630.0,1161200
2026-04-08 15:35:00,1635.0,1645.0,1630.0,1640.0,2624700
2026-04-08 15:40:00,1640.0,1660.0,1640.0,1650.0,10836800
2026-04-08 15:45:00,1650.0,1660.0,1645.0,1650.0,3987400
2026-04-08 16:00:00,1650.0,1650.0,1650.0,1650.0,2827100
2026-04-08 16:05:00,1650.0,1650.0,1650.0,1650.0,323900
2026-04-08 16:10:00,1650.0,1650.0,1650.0,1650.0,212400
2026-04-09 09:00:00,1640.0,1720.0,1625.0,1710.0,0
2026-04-09 09:05:00,1710.0,1750.0,1705.0,1730.0,14614300
2026-04-09 09:10:00,1735.0,1740.0,1720.0,1730.0,7111700
2026-04-09 09:15:00,1730.0,1735.0,1705.0,1705.0,8631700
2026-04-09 09:20:00,1710.0,1710.0,1675.0,1675.0,11041300
2026-04-09 09:25:00,1680.0,1690.0,1665.0,1670.0,6986300
2026-04-09 09:30:00,1670.0,1680.0,1665.0,1680.0,3908200
2026-04-09 09:35:00,1680.0,1685.0,1675.0,1680.0,1355200
2026-04-09 09:40:00,1680.0,1685.0,1670.0,1675.0,3099500
2026-04-09 09:45:00,1680.0,1680.0,1660.0,1670.0,4533600
2026-04-09 09:50:00,1670.0,1670.0,1660.0,1660.0,1707100
2026-04-09 09:55:00,1665.0,1670.0,1660.0,1665.0,850700
2026-04-09 10:00:00,1665.0,1670.0,1660.0,1670.0,543500
2026-04-09 10:05:00,1670.0,1675.0,1665.0,1670.0,975400
2026-04-09 10:10:00,1670.0,1675.0,1660.0,1665.0,1431600
2026-04-09 10:15:00,1665.0,1665.0,1660.0,1665.0,371800
2026-04-09 10:20:00,1665.0,1670.0,1665.0,1670.0,179700
2026-04-09 10:25:00,1670.0,1670.0,1665.0,1670.0,175900
2026-04-09 10:30:00,1670.0,1670.0,1660.0,1665.0,697200
2026-04-09 10:35:00,1665.0,1670.0,1660.0,1665.0,290500
2026-04-09 10:40:00,1670.0,1675.0,1665.0,1675.0,715400
2026-04-09 10:45:00,1675.0,1675.0,1670.0,1670.0,212600
2026-04-09 10:50:00,1670.0,1675.0,1670.0,1675.0,162600
2026-04-09 10:55:00,1670.0,1685.0,1670.0,1685.0,1302700
2026-04-09 11:00:00,1680.0,1685.0,1680.0,1680.0,396600
2026-04-09 11:05:00,1680.0,1685.0,1680.0,1680.0,232500
2026-04-09 11:10:00,1680.0,1685.0,1680.0,1685.0,418800
2026-04-09 11:15:00,1685.0,1695.0,1680.0,1680.0,2008800
2026-04-09 11:20:00,1680.0,1690.0,1680.0,1690.0,436200
2026-04-09 11:25:00,1690.0,1690.0,1680.0,1680.0,580100
2026-04-09 11:30:00,1680.0,1685.0,1680.0,1685.0,239400
2026-04-09 11:35:00,1680.0,1685.0,1675.0,1675.0,830900
2026-04-09 11:40:00,1675.0,1680.0,1675.0,1680.0,420800
2026-04-09 11:45:00,1680.0,1680.0,1675.0,1675.0,144000
2026-04-09 11:50:00,1680.0,1680.0,1670.0,1675.0,381500
2026-04-09 11:55:00,1675.0,1680.0,1670.0,1680.0,200200
2026-04-09 13:30:00,1675.0,1680.0,1670.0,1670.0,2178600
2026-04-09 13:35:00,1670.0,1675.0,1665.0,1670.0,507700
2026-04-09 13:40:00,1670.0,1675.0,1665.0,1670.0,612100
2026-04-09 13:45:00,1675.0,1675.0,1665.0,1675.0,501700
2026-04-09 13:50:00,1675.0,1680.0,1670.0,1675.0,676200
2026-04-09 13:55:00,1675.0,1675.0,1670.0,1670.0,259900
2026-04-09 14:00:00,1670.0,1675.0,1670.0,1675.0,358400
2026-04-09 14:05:00,1675.0,1685.0,1675.0,1680.0,592100
2026-04-09 14:10:00,1680.0,1680.0,1675.0,1680.0,509700
2026-04-09 14:15:00,1675.0,1680.0,1675.0,1680.0,294200
2026-04-09 14:20:00,1675.0,1680.0,1675.0,1675.0,264000
2026-04-09 14:25:00,1675.0,1680.0,1675.0,1680.0,356600
2026-04-09 14:30:00,1675.0,1680.0,1670.0,1670.0,1562700
2026-04-09 14:35:00,1670.0,1675.0,1670.0,1670.0,180500
2026-04-09 14:40:00,1675.0,1675.0,1670.0,1670.0,537100
2026-04-09 14:45:00,1675.0,1680.0,1670.0,1675.0,693200
2026-04-09 14:50:00,1675.0,1680.0,1675.0,1680.0,501100
2026-04-09 14:55:00,1680.0,1680.0,1670.0,1670.0,1354800
2026-04-09 15:00:00,1675.0,1675.0,1665.0,1670.0,1171700
2026-04-09 15:05:00,1665.0,1670.0,1665.0,1665.0,294700
2026-04-09 15:10:00,1665.0,1670.0,1665.0,1670.0,286800
2026-04-09 15:15:00,1670.0,1675.0,1665.0,1670.0,479800
2026-04-09 15:20:00,1675.0,1675.0,1665.0,1670.0,1021700
2026-04-09 15:25:00,1670.0,1670.0,1665.0,1670.0,389000
2026-04-09 15:30:00,1670.0,1675.0,1670.0,1675.0,306700
2026-04-09 15:35:00,1675.0,1675.0,1670.0,1675.0,841700
2026-04-09 15:40:00,1670.0,1680.0,1670.0,1675.0,2068300
2026-04-09 15:45:00,1675.0,1685.0,1675.0,1675.0,1757300
2026-04-09 16:00:00,1675.0,1675.0,1675.0,1675.0,2773900
2026-04-09 16:05:00,1675.0,1675.0,1675.0,1675.0,89300
2026-04-09 16:10:00,1675.0,1675.0,1675.0,1675.0,24100
2026-04-10 09:00:00,1695.0,1710.0,1680.0,1685.0,0
2026-04-10 09:05:00,1685.0,1695.0,1680.0,1680.0,2754100
2026-04-10 09:10:00,1680.0,1685.0,1675.0,1685.0,2333400
2026-04-10 09:15:00,1685.0,1695.0,1675.0,1685.0,2166100
2026-04-10 09:20:00,1690.0,1695.0,1685.0,1695.0,1578700
2026-04-10 09:25:00,1695.0,1700.0,1690.0,1695.0,1043700
2026-04-10 09:30:00,1695.0,1710.0,1695.0,1710.0,6088500
2026-04-10 09:35:00,1710.0,1710.0,1705.0,1710.0,2136200
2026-04-10 09:40:00,1705.0,1710.0,1700.0,1705.0,1756500
2026-04-10 09:45:00,1705.0,1720.0,1705.0,1710.0,4058000
2026-04-10 09:50:00,1710.0,1720.0,1710.0,1710.0,1265600
2026-04-10 09:55:00,1710.0,1715.0,1705.0,1715.0,1675100
2026-04-10 10:00:00,1715.0,1720.0,1710.0,1710.0,572400
2026-04-10 10:05:00,1710.0,1715.0,1700.0,1700.0,3743600
2026-04-10 10:10:00,1700.0,1705.0,1700.0,1700.0,852800
2026-04-10 10:15:00,1700.0,1710.0,1700.0,1705.0,585500
2026-04-10 10:20:00,1705.0,1715.0,1705.0,1710.0,985300
2026-04-10 10:25:00,1710.0,1720.0,1710.0,1720.0,1526300
2026-04-10 10:30:00,1720.0,1720.0,1705.0,1710.0,711900
2026-04-10 10:35:00,1710.0,1715.0,1705.0,1710.0,481500
2026-04-10 10:40:00,1710.0,1715.0,1705.0,1710.0,327100
2026-04-10 10:45:00,1710.0,1710.0,1705.0,1705.0,368700
2026-04-10 10:50:00,1705.0,1710.0,1700.0,1700.0,1141000
2026-04-10 10:55:00,1700.0,1705.0,1695.0,1695.0,2345300
2026-04-10 11:00:00,1695.0,1700.0,1690.0,1695.0,1402300
2026-04-10 11:05:00,1690.0,1695.0,1690.0,1695.0,547300
2026-04-10 11:10:00,1695.0,1700.0,1685.0,1685.0,3104400
2026-04-10 11:15:00,1690.0,1690.0,1685.0,1685.0,630700
2026-04-10 11:20:00,1690.0,1690.0,1685.0,1685.0,573100
2026-04-10 11:25:00,1685.0,1690.0,1685.0,1690.0,794100
2026-04-10 14:00:00,1690.0,1710.0,1685.0,1705.0,2283500
2026-04-10 14:05:00,1705.0,1715.0,1695.0,1700.0,3974300
2026-04-10 14:10:00,1700.0,1705.0,1695.0,1700.0,866900
2026-04-10 14:15:00,1695.0,1705.0,1695.0,1700.0,303800
2026-04-10 14:20:00,1705.0,1705.0,1700.0,1700.0,353200
2026-04-10 14:25:00,1705.0,1715.0,1700.0,1715.0,1976500
2026-04-10 14:30:00,1710.0,1720.0,1710.0,1715.0,2626800
2026-04-10 14:35:00,1720.0,1720.0,1700.0,1705.0,1599800
2026-04-10 14:40:00,1705.0,1710.0,1705.0,1710.0,254900
2026-04-10 14:45:00,1705.0,1745.0,1705.0,1730.0,18474000
2026-04-10 14:50:00,1730.0,1740.0,1720.0,1730.0,5364000
2026-04-10 14:55:00,1730.0,1735.0,1725.0,1730.0,805600
2026-04-10 15:00:00,1725.0,1730.0,1715.0,1725.0,1511000
2026-04-10 15:05:00,1725.0,1725.0,1710.0,1710.0,1649400
2026-04-10 15:10:00,1710.0,1720.0,1705.0,1710.0,1262800
2026-04-10 15:15:00,1710.0,1710.0,1685.0,1685.0,4944700
2026-04-10 15:20:00,1690.0,1705.0,1685.0,1700.0,1335300
2026-04-10 15:25:00,1700.0,1725.0,1700.0,1720.0,3941300
2026-04-10 15:30:00,1725.0,1725.0,1715.0,1720.0,1319500
2026-04-10 15:35:00,1720.0,1725.0,1715.0,1715.0,1213900
2026-04-10 15:40:00,1715.0,1725.0,1710.0,1720.0,2680100
2026-04-10 15:45:00,1720.0,1725.0,1705.0,1715.0,1981700
2026-04-10 16:00:00,1705.0,1705.0,1705.0,1705.0,4217800
2026-04-10 16:05:00,1705.0,1705.0,1705.0,1705.0,114300
2026-04-10 16:10:00,1705.0,1705.0,1705.0,1705.0,898100
2026-04-13 09:00:00,1755.0,1780.0,1750.0,1760.0,0
2026-04-13 09:05:00,1765.0,1770.0,1730.0,1745.0,11642700
2026-04-13 09:10:00,1750.0,1755.0,1725.0,1735.0,8597600
2026-04-13 09:15:00,1730.0,1750.0,1725.0,1735.0,5123500
2026-04-13 09:20:00,1735.0,1740.0,1720.0,1735.0,5650300
2026-04-13 09:25:00,1735.0,1745.0,1735.0,1740.0,2059400
2026-04-13 09:30:00,1740.0,1740.0,1730.0,1735.0,1088300
2026-04-13 09:35:00,1735.0,1740.0,1730.0,1740.0,1147000
2026-04-13 09:40:00,1740.0,1745.0,1735.0,1745.0,1926600
2026-04-13 09:45:00,1745.0,1750.0,1740.0,1750.0,1755900
2026-04-13 09:50:00,1750.0,1755.0,1745.0,1755.0,1731300
2026-04-13 09:55:00,1750.0,1755.0,1745.0,1745.0,1546800
2026-04-13 10:00:00,1745.0,1750.0,1740.0,1740.0,2067500
2026-04-13 10:05:00,1740.0,1745.0,1735.0,1740.0,1383900
2026-04-13 10:10:00,1740.0,1750.0,1740.0,1750.0,459100
2026-04-13 10:15:00,1750.0,1755.0,1745.0,1750.0,1651800
2026-04-13 10:20:00,1750.0,1755.0,1740.0,1750.0,1956200
2026-04-13 10:25:00,1745.0,1750.0,1745.0,1750.0,454400
2026-04-13 10:30:00,1745.0,1750.0,1745.0,1750.0,189300
2026-04-13 10:35:00,1750.0,1750.0,1745.0,1745.0,359300
2026-04-13 10:40:00,1750.0,1755.0,1745.0,1750.0,1068500
2026-04-13 10:45:00,1755.0,1760.0,1750.0,1760.0,1676400
2026-04-13 10:50:00,1760.0,1805.0,1755.0,1800.0,32795700
2026-04-13 10:55:00,1805.0,1825.0,1800.0,1820.0,19669300
2026-04-13 11:00:00,1820.0,1895.0,1815.0,1890.0,32497700
2026-04-13 11:05:00,1895.0,1900.0,1860.0,1875.0,16009200
2026-04-13 11:10:00,1870.0,1890.0,1855.0,1860.0,7937100
2026-04-13 11:15:00,1870.0,1890.0,1860.0,1885.0,4903800
2026-04-13 11:20:00,1885.0,1940.0,1885.0,1915.0,20258900
2026-04-13 11:25:00,1915.0,1920.0,1885.0,1900.0,6965200
2026-04-13 11:30:00,1900.0,1915.0,1895.0,1900.0,5409700
2026-04-13 11:35:00,1895.0,1905.0,1890.0,1900.0,3140100
2026-04-13 11:40:00,1900.0,1920.0,1900.0,1920.0,1947900
2026-04-13 11:45:00,1920.0,1925.0,1905.0,1920.0,3768200
2026-04-13 11:50:00,1915.0,1920.0,1910.0,1915.0,1777300
2026-04-13 11:55:00,1915.0,1925.0,1910.0,1925.0,1582000
2026-04-13 13:30:00,1920.0,1920.0,1895.0,1900.0,5676700
2026-04-13 13:35:00,1905.0,1910.0,1895.0,1910.0,1988800
2026-04-13 13:40:00,1905.0,1910.0,1905.0,1910.0,2168300
2026-04-13 13:45:00,1910.0,1910.0,1885.0,1885.0,3709100
2026-04-13 13:50:00,1885.0,1920.0,1880.0,1920.0,4214500
2026-04-13 13:55:00,1915.0,1930.0,1915.0,1925.0,6937200
2026-04-13 14:00:00,1930.0,1930.0,1920.0,1925.0,1366100
2026-04-13 14:05:00,1920.0,1925.0,1915.0,1920.0,1027600
2026-04-13 14:10:00,1920.0,1920.0,1905.0,1910.0,1992900
2026-04-13 14:15:00,1910.0,1910.0,1905.0,1910.0,975400
2026-04-13 14:20:00,1910.0,1915.0,1905.0,1910.0,684100
2026-04-13 14:25:00,1910.0,1915.0,1885.0,1895.0,4100300
2026-04-13 14:30:00,1890.0,1900.0,1890.0,1900.0,663800
2026-04-13 14:35:00,1900.0,1900.0,1870.0,1875.0,4831700
2026-04-13 14:40:00,1875.0,1880.0,1860.0,1870.0,3561100
2026-04-13 14:45:00,1875.0,1885.0,1870.0,1885.0,1563500
2026-04-13 14:50:00,1885.0,1890.0,1880.0,1880.0,756900
2026-04-13 14:55:00,1880.0,1885.0,1880.0,1880.0,416300
2026-04-13 15:00:00,1885.0,1885.0,1875.0,1885.0,920300
2026-04-13 15:05:00,1885.0,1885.0,1855.0,1860.0,6058300
2026-04-13 15:10:00,1860.0,1860.0,1850.0,1850.0,4048200
2026-04-13 15:15:00,1850.0,1865.0,1835.0,1860.0,6069100
2026-04-13 15:20:00,1860.0,1860.0,1845.0,1845.0,1194300
2026-04-13 15:25:00,1845.0,1850.0,1840.0,1850.0,1495000
2026-04-13 15:30:00,1850.0,1860.0,1845.0,1855.0,3304500
2026-04-13 15:35:00,1855.0,1875.0,1850.0,1865.0,1836300
2026-04-13 15:40:00,1865.0,1870.0,1855.0,1870.0,2260100
2026-04-13 15:45:00,1870.0,1870.0,1860.0,1865.0,1727400
2026-04-13 16:00:00,1835.0,1835.0,1835.0,1835.0,42558300
2026-04-13 16:05:00,1835.0,1835.0,1835.0,1835.0,584000
2026-04-13 16:10:00,1835.0,1835.0,1835.0,1835.0,30000
2026-04-14 09:00:00,1860.0,1860.0,1815.0,1830.0,0
2026-04-14 09:05:00,1830.0,1850.0,1825.0,1845.0,3684100
2026-04-14 09:10:00,1850.0,1850.0,1835.0,1840.0,5090700
2026-04-14 09:15:00,1840.0,1865.0,1835.0,1860.0,3957800
2026-04-14 09:20:00,1860.0,1860.0,1840.0,1845.0,4548000
2026-04-14 09:25:00,1840.0,1845.0,1835.0,1840.0,3512400
2026-04-14 09:30:00,1840.0,1845.0,1835.0,1840.0,2915000
2026-04-14 09:35:00,1840.0,1855.0,1835.0,1840.0,3774600
2026-04-14 09:40:00,1845.0,1845.0,1835.0,1835.0,2615200
2026-04-14 09:45:00,1840.0,1850.0,1835.0,1845.0,388900
2026-04-14 09:50:00,1850.0,1850.0,1840.0,1850.0,1224200
2026-04-14 09:55:00,1850.0,1850.0,1845.0,1845.0,1048400
2026-04-14 10:00:00,1845.0,1845.0,1840.0,1845.0,746800
2026-04-14 10:05:00,1840.0,1850.0,1840.0,1850.0,473500
2026-04-14 10:10:00,1850.0,1855.0,1845.0,1855.0,805100
2026-04-14 10:15:00,1855.0,1860.0,1850.0,1860.0,1342900
2026-04-14 10:20:00,1860.0,1865.0,1850.0,1850.0,2758300
2026-04-14 10:25:00,1850.0,1855.0,1845.0,1855.0,447000
2026-04-14 10:30:00,1855.0,1860.0,1850.0,1850.0,1168600
2026-04-14 10:35:00,1850.0,1860.0,1850.0,1855.0,557100
2026-04-14 10:40:00,1855.0,1855.0,1850.0,1855.0,361000
2026-04-14 10:45:00,1855.0,1855.0,1850.0,1855.0,475800
2026-04-14 10:50:00,1860.0,1860.0,1850.0,1850.0,468500
2026-04-14 10:55:00,1850.0,1865.0,1850.0,1860.0,1979900
2026-04-14 11:00:00,1860.0,1870.0,1855.0,1870.0,2689300
2026-04-14 11:05:00,1865.0,1870.0,1860.0,1865.0,2201700
2026-04-14 11:10:00,1865.0,1870.0,1860.0,1860.0,907400
2026-04-14 11:15:00,1860.0,1875.0,1860.0,1870.0,1618600
2026-04-14 11:20:00,1875.0,1875.0,1865.0,1865.0,1071400
2026-04-14 11:25:00,1870.0,1875.0,1865.0,1875.0,623900
2026-04-14 11:30:00,1870.0,1900.0,1870.0,1900.0,7275200
2026-04-14 11:35:00,1900.0,1900.0,1885.0,1885.0,4029600
2026-04-14 11:40:00,1885.0,1885.0,1875.0,1880.0,2732700
2026-04-14 11:45:00,1880.0,1885.0,1875.0,1875.0,1000400
2026-04-14 11:50:00,1875.0,1890.0,1875.0,1890.0,971800
2026-04-14 11:55:00,1885.0,1890.0,1875.0,1885.0,2983100
2026-04-14 13:30:00,1880.0,1885.0,1835.0,1835.0,8789300
2026-04-14 13:35:00,1835.0,1855.0,1835.0,1850.0,2429300
2026-04-14 13:40:00,1845.0,1855.0,1845.0,1850.0,688200
2026-04-14 13:45:00,1850.0,1855.0,1845.0,1845.0,976100
2026-04-14 13:50:00,1845.0,1850.0,1840.0,1840.0,1148900
2026-04-14 13:55:00,1840.0,1850.0,1840.0,1850.0,948400
2026-04-14 14:00:00,1850.0,1855.0,1850.0,1855.0,841000
2026-04-14 14:05:00,1850.0,1860.0,1850.0,1855.0,1114200
2026-04-14 14:10:00,1855.0,1860.0,1855.0,1855.0,1312200
2026-04-14 14:15:00,1855.0,1865.0,1855.0,1865.0,512300
2026-04-14 14:20:00,1860.0,1870.0,1860.0,1870.0,691600
2026-04-14 14:25:00,1865.0,1870.0,1850.0,1855.0,1408700
2026-04-14 14:30:00,1850.0,1860.0,1850.0,1860.0,256300
2026-04-14 14:35:00,1855.0,1860.0,1850.0,1855.0,1403800
2026-04-14 14:40:00,1850.0,1860.0,1850.0,1860.0,459800
2026-04-14 14:45:00,1855.0,1865.0,1855.0,1860.0,652500
2026-04-14 14:50:00,1860.0,1875.0,1860.0,1875.0,1560100
2026-04-14 14:55:00,1870.0,1880.0,1865.0,1875.0,2091300
2026-04-14 15:00:00,1870.0,1875.0,1865.0,1870.0,2303300
2026-04-14 15:05:00,1865.0,1870.0,1860.0,1860.0,1421600
2026-04-14 15:10:00,1860.0,1885.0,1860.0,1885.0,1398900
2026-04-14 15:15:00,1880.0,1885.0,1870.0,1875.0,2825400
2026-04-14 15:20:00,1870.0,1875.0,1870.0,1870.0,916000
2026-04-14 15:25:00,1875.0,1880.0,1870.0,1875.0,3218500
2026-04-14 15:30:00,1870.0,1885.0,1870.0,1880.0,2726900
2026-04-14 15:35:00,1880.0,1885.0,1875.0,1885.0,3979900
2026-04-14 15:40:00,1880.0,1890.0,1880.0,1890.0,4187500
2026-04-14 15:45:00,1885.0,1895.0,1885.0,1890.0,7297700
2026-04-14 16:00:00,1885.0,1885.0,1885.0,1885.0,4348800
2026-04-14 16:05:00,1885.0,1885.0,1885.0,1885.0,171600
2026-04-14 16:10:00,1885.0,1885.0,1885.0,1885.0,54100
2026-04-15 09:00:00,1900.0,1910.0,1875.0,1880.0,0
2026-04-15 09:05:00,1880.0,1895.0,1865.0,1895.0,3273400
2026-04-15 09:10:00,1895.0,1895.0,1875.0,1880.0,2045700
2026-04-15 09:15:00,1885.0,1890.0,1855.0,1855.0,4099400
2026-04-15 09:20:00,1855.0,1890.0,1850.0,1880.0,4485100
2026-04-15 09:25:00,1885.0,1885.0,1870.0,1870.0,1018600
2026-04-15 09:30:00,1875.0,1875.0,1855.0,1860.0,1254000
2026-04-15 09:35:00,1860.0,1860.0,1840.0,1855.0,3855800
2026-04-15 09:40:00,1855.0,1870.0,1850.0,1860.0,1341300
2026-04-15 09:45:00,1860.0,1865.0,1855.0,1860.0,882700
2026-04-15 09:50:00,1860.0,1860.0,1840.0,1845.0,1946100
2026-04-15 09:55:00,1845.0,1855.0,1840.0,1845.0,2981000
2026-04-15 10:00:00,1845.0,1845.0,1835.0,1840.0,1441700
2026-04-15 10:05:00,1840.0,1845.0,1830.0,1835.0,1383000
2026-04-15 10:10:00,1835.0,1840.0,1830.0,1840.0,587500
2026-04-15 10:15:00,1840.0,1845.0,1835.0,1840.0,861400
2026-04-15 10:20:00,1840.0,1850.0,1835.0,1850.0,2161400
2026-04-15 10:25:00,1850.0,1855.0,1845.0,1850.0,828200
2026-04-15 10:30:00,1850.0,1855.0,1845.0,1850.0,600100
2026-04-15 10:35:00,1850.0,1850.0,1845.0,1850.0,465200
2026-04-15 10:40:00,1850.0,1855.0,1845.0,1850.0,462000
2026-04-15 10:45:00,1850.0,1855.0,1845.0,1850.0,406100
2026-04-15 10:50:00,1845.0,1860.0,1845.0,1855.0,406300
2026-04-15 10:55:00,1860.0,1860.0,1850.0,1855.0,489900
2026-04-15 11:00:00,1860.0,1860.0,1850.0,1855.0,515300
2026-04-15 11:05:00,1855.0,1860.0,1850.0,1860.0,611000
2026-04-15 11:10:00,1860.0,1870.0,1855.0,1865.0,544600
2026-04-15 11:15:00,1865.0,1865.0,1855.0,1855.0,1379600
2026-04-15 11:20:00,1855.0,1860.0,1850.0,1855.0,219800
2026-04-15 11:25:00,1855.0,1855.0,1850.0,1855.0,223000
2026-04-15 11:30:00,1855.0,1855.0,1850.0,1855.0,382400
2026-04-15 11:35:00,1855.0,1855.0,1850.0,1855.0,87900
2026-04-15 11:40:00,1855.0,1855.0,1850.0,1855.0,81900
2026-04-15 11:45:00,1855.0,1855.0,1850.0,1850.0,221500
2026-04-15 11:50:00,1855.0,1860.0,1850.0,1855.0,385800
2026-04-15 11:55:00,1855.0,1860.0,1850.0,1855.0,271400
2026-04-15 13:30:00,1855.0,1860.0,1845.0,1855.0,1567300
2026-04-15 13:35:00,1855.0,1855.0,1840.0,1845.0,1417200
2026-04-15 13:40:00,1845.0,1850.0,1845.0,1845.0,585600
2026-04-15 13:45:00,1845.0,1850.0,1840.0,1845.0,380800
2026-04-15 13:50:00,1845.0,1845.0,1840.0,1845.0,407600
2026-04-15 13:55:00,1845.0,1845.0,1835.0,1845.0,1356800
2026-04-15 14:00:00,1845.0,1845.0,1840.0,1845.0,222000
2026-04-15 14:05:00,1845.0,1845.0,1840.0,1845.0,345900
2026-04-15 14:10:00,1845.0,1850.0,1840.0,1845.0,394400
2026-04-15 14:15:00,1850.0,1850.0,1845.0,1845.0,866700
2026-04-15 14:20:00,1845.0,1845.0,1835.0,1845.0,581500
2026-04-15 14:25:00,1840.0,1845.0,1835.0,1835.0,694800
2026-04-15 14:30:00,1835.0,1840.0,1835.0,1835.0,393900
2026-04-15 14:35:00,1840.0,1840.0,1835.0,1835.0,426200
2026-04-15 14:40:00,1835.0,1840.0,1835.0,1835.0,1324900
2026-04-15 14:45:00,1835.0,1845.0,1830.0,1835.0,2291000
2026-04-15 14:50:00,1835.0,1840.0,1830.0,1835.0,306600
2026-04-15 14:55:00,1835.0,1835.0,1830.0,1835.0,607200
2026-04-15 15:00:00,1830.0,1835.0,1830.0,1830.0,159100
2026-04-15 15:05:00,1835.0,1835.0,1825.0,1825.0,1490500
2026-04-15 15:10:00,1825.0,1830.0,1820.0,1825.0,1783800
2026-04-15 15:15:00,1820.0,1825.0,1805.0,1805.0,4898300
2026-04-15 15:20:00,1810.0,1810.0,1790.0,1790.0,4609600
2026-04-15 15:25:00,1790.0,1805.0,1775.0,1800.0,4636000
2026-04-15 15:30:00,1800.0,1825.0,1800.0,1820.0,2574400
2026-04-15 15:35:00,1820.0,1820.0,1810.0,1820.0,1290300
2026-04-15 15:40:00,1820.0,1820.0,1805.0,1815.0,1418200
2026-04-15 15:45:00,1820.0,1830.0,1805.0,1815.0,6652300
2026-04-15 16:00:00,1835.0,1835.0,1835.0,1835.0,3841100
2026-04-15 16:05:00,1835.0,1835.0,1835.0,1835.0,1071000
2026-04-15 16:10:00,1835.0,1835.0,1835.0,1835.0,494300
2026-04-16 09:00:00,1840.0,1840.0,1810.0,1815.0,0
2026-04-16 09:05:00,1815.0,1835.0,1810.0,1820.0,3760500
2026-04-16 09:10:00,1820.0,1825.0,1810.0,1815.0,1140900
2026-04-16 09:15:00,1815.0,1820.0,1810.0,1820.0,699900
2026-04-16 09:20:00,1815.0,1820.0,1810.0,1815.0,1173500
2026-04-16 09:25:00,1815.0,1815.0,1805.0,1805.0,2193400
2026-04-16 09:30:00,1810.0,1820.0,1805.0,1810.0,1460800
2026-04-16 09:35:00,1810.0,1815.0,1780.0,1795.0,5298600
2026-04-16 09:40:00,1795.0,1800.0,1790.0,1795.0,1016900
2026-04-16 09:45:00,1790.0,1795.0,1780.0,1785.0,2342100
2026-04-16 09:50:00,1785.0,1790.0,1785.0,1790.0,1042700
2026-04-16 09:55:00,1790.0,1805.0,1785.0,1805.0,1208800
2026-04-16 10:00:00,1805.0,1805.0,1790.0,1790.0,1666500
2026-04-16 10:05:00,1795.0,1800.0,1790.0,1795.0,419000
2026-04-16 10:10:00,1790.0,1795.0,1775.0,1780.0,4069600
2026-04-16 10:15:00,1780.0,1780.0,1760.0,1770.0,4467700
2026-04-16 10:20:00,1775.0,1775.0,1770.0,1775.0,663800
2026-04-16 10:25:00,1770.0,1775.0,1765.0,1765.0,1732000
2026-04-16 10:30:00,1765.0,1775.0,1765.0,1765.0,1123800
2026-04-16 10:35:00,1765.0,1770.0,1755.0,1760.0,2497700
2026-04-16 10:40:00,1760.0,1765.0,1740.0,1745.0,4810300
2026-04-16 10:45:00,1745.0,1760.0,1740.0,1755.0,2893000
2026-04-16 10:50:00,1760.0,1760.0,1750.0,1760.0,1002300
2026-04-16 10:55:00,1760.0,1760.0,1745.0,1755.0,1005900
2026-04-16 11:00:00,1755.0,1755.0,1740.0,1745.0,1317800
2026-04-16 11:05:00,1745.0,1765.0,1740.0,1760.0,2997800
2026-04-16 11:10:00,1760.0,1770.0,1760.0,1765.0,1178700
2026-04-16 11:15:00,1765.0,1765.0,1760.0,1760.0,557600
2026-04-16 11:20:00,1760.0,1765.0,1760.0,1765.0,983500
2026-04-16 11:25:00,1765.0,1765.0,1755.0,1755.0,905800
2026-04-16 11:30:00,1755.0,1760.0,1750.0,1750.0,731500
2026-04-16 11:35:00,1750.0,1755.0,1750.0,1750.0,635400
2026-04-16 11:40:00,1750.0,1755.0,1750.0,1750.0,407700
2026-04-16 11:45:00,1755.0,1755.0,1750.0,1755.0,228600
2026-04-16 11:50:00,1755.0,1755.0,1745.0,1750.0,852100
2026-04-16 11:55:00,1750.0,1750.0,1745.0,1745.0,975200
2026-04-16 13:30:00,1745.0,1775.0,1745.0,1765.0,3661600
2026-04-16 13:35:00,1765.0,1770.0,1755.0,1760.0,1172900
2026-04-16 13:40:00,1765.0,1770.0,1760.0,1765.0,1221900
2026-04-16 13:45:00,1765.0,1765.0,1755.0,1760.0,1135400
2026-04-16 13:50:00,1760.0,1765.0,1755.0,1760.0,551800
2026-04-16 13:55:00,1765.0,1770.0,1760.0,1770.0,91900
2026-04-16 14:00:00,1765.0,1775.0,1765.0,1775.0,972200
2026-04-16 14:05:00,1770.0,1785.0,1770.0,1780.0,1585800
2026-04-16 14:10:00,1780.0,1795.0,1780.0,1795.0,1585500
2026-04-16 14:15:00,1795.0,1795.0,1785.0,1790.0,1236100
2026-04-16 14:20:00,1790.0,1800.0,1790.0,1800.0,1103200
2026-04-16 14:25:00,1795.0,1805.0,1795.0,1805.0,1839400
2026-04-16 14:30:00,1805.0,1805.0,1790.0,1795.0,2228600
2026-04-16 14:35:00,1795.0,1800.0,1790.0,1800.0,3477700
2026-04-16 14:40:00,1800.0,1805.0,1795.0,1795.0,338400
2026-04-16 14:45:00,1795.0,1800.0,1795.0,1795.0,433300
2026-04-16 14:50:00,1795.0,1800.0,1790.0,1795.0,991600
2026-04-16 14:55:00,1790.0,1795.0,1790.0,1790.0,810700
2026-04-16 15:00:00,1795.0,1795.0,1790.0,1790.0,151000
2026-04-16 15:05:00,1790.0,1795.0,1785.0,1785.0,1305600
2026-04-16 15:10:00,1785.0,1790.0,1785.0,1790.0,458600
2026-04-16 15:15:00,1790.0,1790.0,1785.0,1790.0,553700
2026-04-16 15:20:00,1785.0,1790.0,1780.0,1785.0,963500
2026-04-16 15:25:00,1780.0,1790.0,1780.0,1785.0,1241500
2026-04-16 15:30:00,1785.0,1790.0,1780.0,1780.0,920300
2026-04-16 15:35:00,1780.0,1785.0,1780.0,1780.0,936400
2026-04-16 15:40:00,1780.0,1785.0,1775.0,1775.0,1455400
2026-04-16 15:45:00,1780.0,1785.0,1775.0,1780.0,1816400
2026-04-16 16:00:00,1785.0,1785.0,1785.0,1785.0,2143700
2026-04-16 16:05:00,1785.0,1785.0,1785.0,1785.0,120700
2026-04-16 16:10:00,1785.0,1785.0,1785.0,1785.0,212000
2026-04-17 09:00:00,1805.0,1820.0,1795.0,1810.0,0
2026-04-17 09:05:00,1805.0,1820.0,1805.0,1805.0,3042500
2026-04-17 09:10:00,1810.0,1810.0,1785.0,1795.0,2196600
2026-04-17 09:15:00,1795.0,1805.0,1795.0,1805.0,476200
2026-04-17 09:20:00,1805.0,1820.0,1800.0,1810.0,1776900
2026-04-17 09:25:00,1815.0,1815.0,1800.0,1810.0,635800
2026-04-17 09:30:00,1810.0,1820.0,1805.0,1815.0,2113000
2026-04-17 09:35:00,1815.0,1820.0,1805.0,1810.0,1778200
2026-04-17 09:40:00,1810.0,1815.0,1805.0,1810.0,649900
2026-04-17 09:45:00,1810.0,1815.0,1805.0,1810.0,944100
2026-04-17 09:50:00,1810.0,1820.0,1810.0,1820.0,705400
2026-04-17 09:55:00,1815.0,1820.0,1810.0,1810.0,451200
2026-04-17 10:00:00,1815.0,1820.0,1810.0,1815.0,538700
2026-04-17 10:05:00,1820.0,1820.0,1805.0,1810.0,586100
2026-04-17 10:10:00,1805.0,1810.0,1805.0,1805.0,418900
2026-04-17 10:15:00,1805.0,1810.0,1805.0,1810.0,286500
2026-04-17 10:20:00,1810.0,1810.0,1805.0,1805.0,434300
2026-04-17 10:25:00,1800.0,1805.0,1800.0,1805.0,161200
2026-04-17 10:30:00,1805.0,1805.0,1800.0,1800.0,752900
2026-04-17 10:35:00,1800.0,1805.0,1800.0,1805.0,216700
2026-04-17 10:40:00,1805.0,1810.0,1800.0,1805.0,169100
2026-04-17 10:45:00,1805.0,1810.0,1800.0,1810.0,153000
2026-04-17 10:50:00,1810.0,1810.0,1805.0,1810.0,93200
2026-04-17 10:55:00,1805.0,1810.0,1805.0,1810.0,85000
2026-04-17 11:00:00,1805.0,1810.0,1805.0,1810.0,203600
2026-04-17 11:05:00,1810.0,1810.0,1805.0,1810.0,114600
2026-04-17 11:10:00,1810.0,1810.0,1800.0,1800.0,166400
2026-04-17 11:15:00,1800.0,1805.0,1800.0,1805.0,90900
2026-04-17 11:20:00,1805.0,1805.0,1795.0,1800.0,422700
2026-04-17 11:25:00,1800.0,1805.0,1795.0,1800.0,305000
2026-04-17 14:00:00,1800.0,1820.0,1795.0,1820.0,3516700
2026-04-17 14:05:00,1815.0,1820.0,1800.0,1800.0,1162300
2026-04-17 14:10:00,1800.0,1805.0,1800.0,1805.0,709100
2026-04-17 14:15:00,1800.0,1805.0,1795.0,1805.0,643800
2026-04-17 14:20:00,1795.0,1805.0,1795.0,1795.0,274700
2026-04-17 14:25:00,1800.0,1800.0,1795.0,1800.0,623600
2026-04-17 14:30:00,1800.0,1800.0,1795.0,1800.0,319700
2026-04-17 14:35:00,1800.0,1800.0,1795.0,1800.0,1227100
2026-04-17 14:40:00,1795.0,1800.0,1790.0,1795.0,321600
2026-04-17 14:45:00,1795.0,1795.0,1790.0,1790.0,194400
2026-04-17 14:50:00,1795.0,1795.0,1790.0,1795.0,381500
2026-04-17 14:55:00,1795.0,1795.0,1790.0,1795.0,1280300
2026-04-17 15:00:00,1790.0,1790.0,1785.0,1785.0,580600
2026-04-17 15:05:00,1785.0,1790.0,1785.0,1790.0,693300
2026-04-17 15:10:00,1790.0,1790.0,1780.0,1785.0,562900
2026-04-17 15:15:00,1780.0,1790.0,1780.0,1790.0,865400
2026-04-17 15:20:00,1790.0,1790.0,1785.0,1785.0,416200
2026-04-17 15:25:00,1785.0,1790.0,1785.0,1785.0,870800
2026-04-17 15:30:00,1785.0,1785.0,1780.0,1785.0,712500
2026-04-17 15:35:00,1785.0,1785.0,1780.0,1785.0,395000
2026-04-17 15:40:00,1785.0,1785.0,1775.0,1785.0,1895400
2026-04-17 15:45:00,1780.0,1785.0,1775.0,1775.0,2038400
2026-04-17 15:50:00,1780.0,1780.0,1780.0,1780.0,0
2026-04-17 16:00:00,1780.0,1780.0,1780.0,1780.0,6077700
2026-04-17 16:05:00,1780.0,1780.0,1780.0,1780.0,501500
2026-04-17 16:10:00,1780.0,1780.0,1780.0,1780.0,31200
2026-04-20 09:00:00,1820.0,1835.0,1815.0,1825.0,0
2026-04-20 09:05:00,1820.0,1825.0,1805.0,1820.0,3460800
2026-04-20 09:10:00,1820.0,1830.0,1820.0,1825.0,1446000
2026-04-20 09:15:00,1830.0,1860.0,1825.0,1840.0,14024000
2026-04-20 09:20:00,1835.0,1860.0,1835.0,1855.0,5026600
2026-04-20 09:25:00,1855.0,1895.0,1850.0,1890.0,17950100
2026-04-20 09:30:00,1895.0,1895.0,1870.0,1880.0,5261400
2026-04-20 09:35:00,1880.0,1885.0,1875.0,1875.0,2364700
2026-04-20 09:40:00,1875.0,1895.0,1870.0,1875.0,7664800
2026-04-20 09:45:00,1880.0,1885.0,1875.0,1875.0,1222400
2026-04-20 09:50:00,1875.0,1880.0,1865.0,1870.0,1566100
2026-04-20 09:55:00,1870.0,1875.0,1860.0,1875.0,2462500
2026-04-20 10:00:00,1870.0,1875.0,1870.0,1870.0,401600
2026-04-20 10:05:00,1870.0,1875.0,1870.0,1870.0,743600
2026-04-20 10:10:00,1870.0,1875.0,1865.0,1870.0,782200
2026-04-20 10:15:00,1865.0,1870.0,1855.0,1855.0,2502200
2026-04-20 10:20:00,1855.0,1860.0,1850.0,1855.0,1247400
2026-04-20 10:25:00,1850.0,1855.0,1845.0,1845.0,1055000
2026-04-20 10:30:00,1850.0,1850.0,1845.0,1850.0,694000
2026-04-20 10:35:00,1845.0,1850.0,1835.0,1840.0,2728600
2026-04-20 10:40:00,1835.0,1845.0,1835.0,1845.0,925000
2026-04-20 10:45:00,1845.0,1845.0,1840.0,1840.0,712700
2026-04-20 10:50:00,1840.0,1845.0,1835.0,1835.0,775700
2026-04-20 10:55:00,1835.0,1840.0,1835.0,1840.0,566100
2026-04-20 11:00:00,1835.0,1845.0,1835.0,1845.0,1023900
2026-04-20 11:05:00,1845.0,1845.0,1835.0,1835.0,1632900
2026-04-20 11:10:00,1835.0,1840.0,1835.0,1840.0,137000
2026-04-20 11:15:00,1835.0,1840.0,1825.0,1830.0,2228000
2026-04-20 11:20:00,1830.0,1830.0,1825.0,1825.0,306400
2026-04-20 11:25:00,1825.0,1830.0,1825.0,1830.0,104800
2026-04-20 16:10:00,1825.0,1825.0,1825.0,1825.0,38456800
2026-04-21 09:00:00,1835.0,1840.0,1780.0,1785.0,0
2026-04-21 09:05:00,1790.0,1810.0,1790.0,1805.0,1984400
2026-04-21 09:10:00,1800.0,1810.0,1800.0,1805.0,1348000
2026-04-21 09:15:00,1805.0,1825.0,1805.0,1820.0,1732300
2026-04-21 09:20:00,1815.0,1820.0,1810.0,1815.0,452600
2026-04-21 09:25:00,1815.0,1815.0,1810.0,1810.0,462000
2026-04-21 09:30:00,1810.0,1815.0,1805.0,1805.0,786200
2026-04-21 09:35:00,1810.0,1825.0,1805.0,1825.0,1102200
2026-04-21 09:40:00,1825.0,1840.0,1825.0,1830.0,2088900
2026-04-21 09:45:00,1830.0,1835.0,1825.0,1830.0,694200
2026-04-21 09:50:00,1830.0,1835.0,1815.0,1815.0,1234200
2026-04-21 09:55:00,1815.0,1820.0,1815.0,1815.0,515700
2026-04-21 10:00:00,1815.0,1825.0,1815.0,1825.0,589500
2026-04-21 10:05:00,1820.0,1825.0,1820.0,1825.0,213400
2026-04-21 10:10:00,1820.0,1825.0,1810.0,1820.0,643100
2026-04-21 10:15:00,1815.0,1820.0,1810.0,1820.0,416200
2026-04-21 10:20:00,1820.0,1825.0,1820.0,1820.0,333900
2026-04-21 10:25:00,1820.0,1825.0,1820.0,1820.0,159400
2026-04-21 10:30:00,1820.0,1825.0,1820.0,1820.0,200000
2026-04-21 10:35:00,1820.0,1830.0,1820.0,1830.0,479000
2026-04-21 10:40:00,1825.0,1830.0,1825.0,1830.0,178000
2026-04-21 10:45:00,1825.0,1830.0,1825.0,1830.0,55100
2026-04-21 10:50:00,1825.0,1830.0,1825.0,1830.0,782800
2026-04-21 10:55:00,1835.0,1835.0,1830.0,1835.0,464500
2026-04-21 11:00:00,1830.0,1835.0,1830.0,1830.0,830000
2026-04-21 11:05:00,1830.0,1835.0,1830.0,1835.0,68600
2026-04-21 11:10:00,1830.0,1835.0,1830.0,1835.0,109400
2026-04-21 11:15:00,1830.0,1840.0,1830.0,1835.0,887800
2026-04-21 11:20:00,1835.0,1840.0,1830.0,1830.0,374700
2026-04-21 11:25:00,1830.0,1835.0,1830.0,1830.0,271900
2026-04-21 11:30:00,1830.0,1835.0,1830.0,1830.0,59000
2026-04-21 11:35:00,1830.0,1835.0,1830.0,1830.0,220600
2026-04-21 11:40:00,1830.0,1835.0,1830.0,1830.0,189100
2026-04-21 11:45:00,1830.0,1835.0,1830.0,1835.0,168000
2026-04-21 11:50:00,1830.0,1835.0,1830.0,1835.0,205400
2026-04-21 11:55:00,1835.0,1840.0,1830.0,1840.0,507100
2026-04-21 13:30:00,1835.0,1840.0,1830.0,1835.0,573100
2026-04-21 13:35:00,1835.0,1840.0,1835.0,1835.0,437800
2026-04-21 13:40:00,1840.0,1840.0,1835.0,1835.0,141800
2026-04-21 13:45:00,1835.0,1840.0,1835.0,1835.0,101100
2026-04-21 13:50:00,1835.0,1840.0,1830.0,1835.0,1072700
2026-04-21 13:55:00,1840.0,1845.0,1835.0,1845.0,1428400
2026-04-21 14:00:00,1845.0,1845.0,1840.0,1840.0,434400
2026-04-21 14:05:00,1840.0,1845.0,1840.0,1840.0,414900
2026-04-21 14:10:00,1840.0,1845.0,1835.0,1835.0,431200
2026-04-21 14:15:00,1835.0,1840.0,1835.0,1840.0,117700
2026-04-21 14:20:00,1835.0,1840.0,1830.0,1835.0,451300
2026-04-21 14:25:00,1830.0,1835.0,1820.0,1820.0,863100
2026-04-21 14:30:00,1820.0,1825.0,1820.0,1820.0,337200
2026-04-21 14:35:00,1820.0,1825.0,1815.0,1820.0,290300
2026-04-21 14:40:00,1820.0,1825.0,1815.0,1820.0,231200
2026-04-21 14:45:00,1820.0,1825.0,1815.0,1825.0,117500
2026-04-21 14:50:00,1825.0,1825.0,1820.0,1825.0,82600
2026-04-21 14:55:00,1820.0,1830.0,1820.0,1825.0,1119400
2026-04-21 15:00:00,1825.0,1830.0,1825.0,1830.0,250500
2026-04-21 15:05:00,1825.0,1830.0,1825.0,1825.0,318500
2026-04-21 15:10:00,1830.0,1830.0,1825.0,1825.0,218700
2026-04-21 15:15:00,1830.0,1835.0,1825.0,1830.0,872300
2026-04-21 15:20:00,1835.0,1835.0,1825.0,1830.0,609800
2026-04-21 15:25:00,1830.0,1830.0,1820.0,1820.0,312600
2026-04-21 15:30:00,1825.0,1830.0,1820.0,1825.0,624200
2026-04-21 15:35:00,1830.0,1830.0,1825.0,1825.0,562700
2026-04-21 15:40:00,1825.0,1830.0,1825.0,1830.0,511800
2026-04-21 15:45:00,1825.0,1835.0,1825.0,1830.0,759700
2026-04-21 16:00:00,1835.0,1835.0,1835.0,1835.0,2025700
2026-04-21 16:05:00,1835.0,1835.0,1835.0,1835.0,35100
2026-04-21 16:10:00,1835.0,1835.0,1835.0,1835.0,11000
2026-04-22 09:00:00,1850.0,1850.0,1825.0,1845.0,0
2026-04-22 09:05:00,1840.0,1875.0,1840.0,1875.0,5125600
2026-04-22 09:10:00,1870.0,1915.0,1870.0,1890.0,41658700
2026-04-22 09:15:00,1895.0,1895.0,1870.0,1890.0,7513200
2026-04-22 09:20:00,1885.0,1890.0,1875.0,1875.0,7087600
2026-04-22 09:25:00,1875.0,1875.0,1860.0,1865.0,3679000
2026-04-22 09:30:00,1860.0,1870.0,1860.0,1870.0,1909300
2026-04-22 09:35:00,1870.0,1880.0,1865.0,1875.0,1549300
2026-04-22 09:40:00,1875.0,1880.0,1865.0,1870.0,2360100
2026-04-22 09:45:00,1870.0,1875.0,1865.0,1865.0,475300
2026-04-22 09:50:00,1865.0,1870.0,1865.0,1865.0,855600
2026-04-22 09:55:00,1870.0,1875.0,1865.0,1875.0,316700
2026-04-22 10:00:00,1870.0,1875.0,1870.0,1870.0,560400
2026-04-22 10:05:00,1870.0,1875.0,1865.0,1870.0,995700
2026-04-22 10:10:00,1865.0,1875.0,1865.0,1870.0,1241000
2026-04-22 10:15:00,1870.0,1875.0,1865.0,1865.0,674700
2026-04-22 10:20:00,1870.0,1870.0,1865.0,1865.0,128300
2026-04-22 10:25:00,1865.0,1870.0,1865.0,1870.0,433300
2026-04-22 10:30:00,1870.0,1870.0,1860.0,1870.0,1164400
2026-04-22 10:35:00,1870.0,1870.0,1860.0,1860.0,231100
2026-04-22 10:40:00,1860.0,1870.0,1860.0,1870.0,1072700
2026-04-22 10:45:00,1870.0,1870.0,1865.0,1870.0,239600
2026-04-22 10:50:00,1870.0,1870.0,1865.0,1870.0,238400
2026-04-22 10:55:00,1870.0,1870.0,1865.0,1865.0,83500
2026-04-22 11:00:00,1870.0,1870.0,1860.0,1865.0,1750700
2026-04-22 11:05:00,1865.0,1870.0,1860.0,1865.0,768000
2026-04-22 11:10:00,1860.0,1865.0,1855.0,1860.0,1060700
2026-04-22 11:15:00,1860.0,1860.0,1845.0,1855.0,3576200
2026-04-22 11:20:00,1855.0,1855.0,1850.0,1850.0,453200
2026-04-22 11:25:00,1850.0,1855.0,1850.0,1855.0,143300
2026-04-22 11:30:00,1855.0,1855.0,1850.0,1855.0,171200
2026-04-22 11:35:00,1855.0,1855.0,1850.0,1850.0,312900
2026-04-22 11:40:00,1855.0,1855.0,1850.0,1855.0,194400
2026-04-22 11:45:00,1855.0,1855.0,1850.0,1855.0,871900
2026-04-22 11:50:00,1855.0,1855.0,1850.0,1850.0,509800
2026-04-22 11:55:00,1850.0,1855.0,1845.0,1845.0,534900
2026-04-22 13:30:00,1850.0,1890.0,1850.0,1885.0,7922000
2026-04-22 13:35:00,1890.0,1915.0,1880.0,1890.0,36705800
2026-04-22 13:40:00,1885.0,1890.0,1875.0,1875.0,3020200
2026-04-22 13:45:00,1875.0,1890.0,1875.0,1885.0,2004000
2026-04-22 13:50:00,1880.0,1890.0,1880.0,1880.0,930500
2026-04-22 13:55:00,1880.0,1885.0,1875.0,1880.0,1354500
2026-04-22 14:00:00,1880.0,1880.0,1860.0,1865.0,2728600
2026-04-22 14:05:00,1865.0,1870.0,1865.0,1865.0,1060100
2026-04-22 14:10:00,1865.0,1870.0,1860.0,1865.0,888000
2026-04-22 14:15:00,1860.0,1865.0,1855.0,1855.0,863300
2026-04-22 14:20:00,1855.0,1865.0,1855.0,1865.0,447000
2026-04-22 14:25:00,1865.0,1870.0,1865.0,1870.0,622900
2026-04-22 14:30:00,1875.0,1880.0,1870.0,1880.0,769400
2026-04-22 14:35:00,1880.0,1885.0,1875.0,1880.0,698500
2026-04-22 14:40:00,1880.0,1885.0,1875.0,1880.0,408500
2026-04-22 14:45:00,1880.0,1880.0,1875.0,1875.0,421600
2026-04-22 14:50:00,1880.0,1880.0,1870.0,1880.0,753100
2026-04-22 14:55:00,1880.0,1880.0,1875.0,1875.0,528400
2026-04-22 15:00:00,1880.0,1880.0,1875.0,1880.0,582500
2026-04-22 15:05:00,1875.0,1880.0,1875.0,1880.0,374400
2026-04-22 15:10:00,1880.0,1880.0,1875.0,1875.0,410300
2026-04-22 15:15:00,1880.0,1885.0,1875.0,1885.0,743600
2026-04-22 15:20:00,1885.0,1885.0,1880.0,1885.0,1245400
2026-04-22 15:25:00,1885.0,1890.0,1880.0,1885.0,1466800
2026-04-22 15:30:00,1885.0,1885.0,1880.0,1885.0,810600
2026-04-22 15:35:00,1885.0,1885.0,1880.0,1885.0,820700
2026-04-22 15:40:00,1885.0,1890.0,1880.0,1885.0,2139800
2026-04-22 15:45:00,1890.0,1890.0,1880.0,1885.0,1495200
2026-04-22 16:00:00,1890.0,1890.0,1890.0,1890.0,3885400
2026-04-22 16:05:00,1890.0,1890.0,1890.0,1890.0,777300
2026-04-22 16:10:00,1890.0,1890.0,1890.0,1890.0,462400
2026-04-23 09:00:00,1910.0,1925.0,1900.0,1905.0,0
2026-04-23 09:05:00,1905.0,1905.0,1895.0,1900.0,2834100
2026-04-23 09:10:00,1900.0,1900.0,1890.0,1895.0,2716900
2026-04-23 09:15:00,1895.0,1905.0,1890.0,1905.0,1872400
2026-04-23 09:20:00,1905.0,1910.0,1900.0,1900.0,2525700
2026-04-23 09:25:00,1900.0,1925.0,1900.0,1920.0,4222900
2026-04-23 09:30:00,1920.0,1935.0,1920.0,1930.0,8555500
2026-04-23 09:35:00,1930.0,1930.0,1910.0,1915.0,4965400
2026-04-23 09:40:00,1915.0,1990.0,1910.0,1970.0,22216100
2026-04-23 09:45:00,1970.0,1985.0,1960.0,1960.0,11198000
2026-04-23 09:50:00,1960.0,1965.0,1945.0,1945.0,8167700
2026-04-23 09:55:00,1950.0,1970.0,1940.0,1970.0,5817600
2026-04-23 10:00:00,1970.0,1970.0,1940.0,1950.0,3705300
2026-04-23 10:05:00,1945.0,1960.0,1930.0,1950.0,3719600
2026-04-23 10:10:00,1950.0,1965.0,1950.0,1960.0,1896500
2026-04-23 10:15:00,1960.0,2020.0,1955.0,1970.0,38080100
2026-04-23 10:20:00,1970.0,1985.0,1960.0,1980.0,6328800
2026-04-23 10:25:00,1980.0,2000.0,1980.0,1985.0,12078500
2026-04-23 10:30:00,1985.0,2010.0,1985.0,2010.0,9309400
2026-04-23 10:35:00,2010.0,2040.0,2010.0,2010.0,13915100
2026-04-23 10:40:00,2020.0,2020.0,2010.0,2010.0,3359400
2026-04-23 10:45:00,2010.0,2070.0,2010.0,2070.0,17342100
2026-04-23 10:50:00,2070.0,2070.0,2030.0,2060.0,7139500
2026-04-23 10:55:00,2060.0,2070.0,2040.0,2040.0,3226800
2026-04-23 11:00:00,2040.0,2090.0,2040.0,2080.0,6927900
2026-04-23 11:05:00,2080.0,2090.0,2060.0,2080.0,3367200
2026-04-23 11:10:00,2080.0,2100.0,2060.0,2080.0,6692100
2026-04-23 11:15:00,2080.0,2090.0,2080.0,2080.0,2095000
2026-04-23 11:20:00,2080.0,2090.0,2050.0,2060.0,6298400
2026-04-23 11:25:00,2070.0,2070.0,2030.0,2050.0,6332500
2026-04-23 11:30:00,2050.0,2050.0,2030.0,2040.0,2743000
2026-04-23 11:35:00,2040.0,2050.0,2030.0,2040.0,1194800
2026-04-23 11:40:00,2040.0,2050.0,2030.0,2030.0,1069000
2026-04-23 11:45:00,2030.0,2050.0,2030.0,2040.0,2794900
2026-04-23 11:50:00,2040.0,2060.0,2040.0,2050.0,3692400
2026-04-23 11:55:00,2060.0,2060.0,2050.0,2050.0,1145700
2026-04-23 13:30:00,2060.0,2090.0,2050.0,2070.0,6267600
2026-04-23 13:35:00,2070.0,2080.0,2060.0,2080.0,2229200
2026-04-23 13:40:00,2070.0,2080.0,2060.0,2060.0,880200
2026-04-23 13:45:00,2060.0,2070.0,2060.0,2060.0,2377900
2026-04-23 13:50:00,2060.0,2060.0,2040.0,2050.0,3302300
2026-04-23 13:55:00,2050.0,2060.0,2040.0,2050.0,1008000
2026-04-23 14:00:00,2050.0,2060.0,2040.0,2050.0,1597000
2026-04-23 14:05:00,2050.0,2070.0,2050.0,2070.0,1198600
2026-04-23 14:10:00,2070.0,2090.0,2060.0,2090.0,2578100
2026-04-23 14:15:00,2080.0,2090.0,2070.0,2080.0,1848100
2026-04-23 14:20:00,2080.0,2080.0,2060.0,2060.0,2269700
2026-04-23 14:25:00,2070.0,2070.0,2050.0,2060.0,2372900
2026-04-23 14:30:00,2060.0,2060.0,2030.0,2050.0,3317400
2026-04-23 14:35:00,2050.0,2060.0,2040.0,2040.0,1816600
2026-04-23 14:40:00,2040.0,2050.0,2030.0,2030.0,4494300
2026-04-23 14:45:00,2030.0,2040.0,2020.0,2030.0,3830400
2026-04-23 14:50:00,2030.0,2040.0,2020.0,2020.0,1475000
2026-04-23 14:55:00,2020.0,2030.0,2010.0,2010.0,7852200
2026-04-23 15:00:00,2010.0,2030.0,2000.0,2020.0,7885800
2026-04-23 15:05:00,2020.0,2050.0,2020.0,2050.0,1855000
2026-04-23 15:10:00,2050.0,2050.0,2030.0,2030.0,2011700
2026-04-23 15:15:00,2030.0,2050.0,2030.0,2040.0,1495400
2026-04-23 15:20:00,2040.0,2060.0,2040.0,2060.0,1553600
2026-04-23 15:25:00,2060.0,2070.0,2050.0,2060.0,2795300
2026-04-23 15:30:00,2070.0,2070.0,2060.0,2060.0,1041800
2026-04-23 15:35:00,2070.0,2090.0,2060.0,2090.0,8308300
2026-04-23 15:40:00,2090.0,2100.0,2070.0,2100.0,7841600
2026-04-23 15:45:00,2090.0,2120.0,2080.0,2090.0,18402100
2026-04-23 16:00:00,2090.0,2090.0,2090.0,2090.0,6087700
2026-04-23 16:05:00,2090.0,2090.0,2090.0,2090.0,1080800
2026-04-23 16:10:00,2090.0,2090.0,2090.0,2090.0,54300
2026-04-24 09:00:00,2130.0,2130.0,2010.0,2040.0,0
2026-04-24 09:05:00,2040.0,2050.0,1990.0,2000.0,14277000
2026-04-24 09:10:00,2000.0,2030.0,2000.0,2020.0,5832000
2026-04-24 09:15:00,2020.0,2030.0,1990.0,2000.0,8824700
2026-04-24 09:20:00,2000.0,2000.0,1985.0,1990.0,5885100
2026-04-24 09:25:00,1995.0,2010.0,1980.0,2000.0,6578000
2026-04-24 09:30:00,2010.0,2020.0,2000.0,2010.0,2970200
2026-04-24 09:35:00,2000.0,2010.0,1970.0,1980.0,12479700
2026-04-24 09:40:00,1985.0,1985.0,1975.0,1980.0,1742000
2026-04-24 09:45:00,1980.0,1980.0,1955.0,1960.0,8609900
2026-04-24 09:50:00,1965.0,1980.0,1955.0,1960.0,2796800
2026-04-24 09:55:00,1960.0,1970.0,1950.0,1965.0,3624400
2026-04-24 10:00:00,1965.0,1975.0,1960.0,1960.0,1997900
2026-04-24 10:05:00,1965.0,1975.0,1960.0,1970.0,1357100
2026-04-24 10:10:00,1970.0,1975.0,1960.0,1970.0,1616400
2026-04-24 10:15:00,1970.0,1975.0,1955.0,1955.0,2493200
2026-04-24 10:20:00,1955.0,1955.0,1930.0,1930.0,9181000
2026-04-24 10:25:00,1930.0,1940.0,1915.0,1925.0,4850700
2026-04-24 10:30:00,1925.0,1945.0,1925.0,1940.0,1314800
2026-04-24 10:35:00,1935.0,1940.0,1930.0,1935.0,1328100
2026-04-24 10:40:00,1925.0,1935.0,1910.0,1935.0,4557300
2026-04-24 10:45:00,1930.0,1940.0,1925.0,1935.0,1813400
2026-04-24 10:50:00,1940.0,1955.0,1940.0,1950.0,1683600
2026-04-24 10:55:00,1945.0,1955.0,1935.0,1955.0,1214600
2026-04-24 11:00:00,1955.0,1955.0,1945.0,1945.0,1079600
2026-04-24 11:05:00,1945.0,1950.0,1935.0,1950.0,1348400
2026-04-24 11:10:00,1945.0,1950.0,1930.0,1935.0,2813200
2026-04-24 11:15:00,1935.0,1940.0,1915.0,1915.0,1402800
2026-04-24 11:20:00,1920.0,1925.0,1905.0,1905.0,1918100
2026-04-24 11:25:00,1905.0,1910.0,1905.0,1910.0,1317900
2026-04-24 14:00:00,1910.0,1970.0,1905.0,1970.0,9119800
2026-04-24 14:05:00,1970.0,1975.0,1900.0,1915.0,15183000
2026-04-24 14:10:00,1910.0,1930.0,1910.0,1920.0,2393100
2026-04-24 14:15:00,1925.0,1925.0,1915.0,1915.0,583100
2026-04-24 14:20:00,1920.0,1925.0,1910.0,1910.0,1298600
2026-04-24 14:25:00,1910.0,1915.0,1910.0,1915.0,1191900
2026-04-24 14:30:00,1915.0,1940.0,1915.0,1940.0,2401200
2026-04-24 14:35:00,1935.0,1940.0,1925.0,1930.0,1130800
2026-04-24 14:40:00,1930.0,1935.0,1920.0,1925.0,1060700
2026-04-24 14:45:00,1925.0,1930.0,1915.0,1920.0,1953600
2026-04-24 14:50:00,1915.0,1925.0,1915.0,1920.0,959100
2026-04-24 14:55:00,1925.0,1925.0,1905.0,1905.0,5223000
2026-04-24 15:00:00,1905.0,1910.0,1890.0,1905.0,12059700
2026-04-24 15:05:00,1905.0,1920.0,1900.0,1910.0,3735800
2026-04-24 15:10:00,1910.0,1915.0,1905.0,1905.0,1565300
2026-04-24 15:15:00,1900.0,1910.0,1900.0,1900.0,930100
2026-04-24 15:20:00,1905.0,1910.0,1900.0,1905.0,1144200
2026-04-24 15:25:00,1905.0,1915.0,1900.0,1915.0,2330600
2026-04-24 15:30:00,1915.0,1915.0,1905.0,1910.0,1683200
2026-04-24 15:35:00,1915.0,1915.0,1905.0,1910.0,2638400
2026-04-24 15:40:00,1910.0,1930.0,1905.0,1930.0,4419600
2026-04-24 15:45:00,1930.0,1930.0,1910.0,1915.0,3674900
2026-04-24 16:00:00,1900.0,1900.0,1900.0,1900.0,7271900
2026-04-24 16:05:00,1900.0,1900.0,1900.0,1900.0,150800
2026-04-24 16:10:00,1900.0,1900.0,1900.0,1900.0,224900
2026-04-27 09:00:00,1890.0,1890.0,1825.0,1840.0,0
2026-04-27 09:05:00,1845.0,1845.0,1790.0,1820.0,15186600
2026-04-27 09:10:00,1815.0,1835.0,1795.0,1820.0,7390000
2026-04-27 09:15:00,1825.0,1835.0,1795.0,1800.0,6125600
2026-04-27 09:20:00,1800.0,1800.0,1785.0,1795.0,7678500
2026-04-27 09:25:00,1790.0,1795.0,1730.0,1735.0,22040900
2026-04-27 09:30:00,1740.0,1750.0,1725.0,1730.0,9300600
2026-04-27 09:35:00,1730.0,1735.0,1695.0,1720.0,21862400
2026-04-27 09:40:00,1720.0,1725.0,1700.0,1720.0,7085500
2026-04-27 09:45:00,1725.0,1725.0,1715.0,1725.0,4791900
2026-04-27 09:50:00,1725.0,1735.0,1710.0,1715.0,4521200
2026-04-27 09:55:00,1715.0,1715.0,1675.0,1680.0,13308300
2026-04-27 10:00:00,1680.0,1680.0,1660.0,1670.0,10991700
2026-04-27 10:05:00,1670.0,1690.0,1665.0,1685.0,8666800
2026-04-27 10:10:00,1690.0,1715.0,1685.0,1715.0,5649300
2026-04-27 10:15:00,1715.0,1730.0,1710.0,1710.0,5310400
2026-04-27 10:20:00,1710.0,1720.0,1705.0,1710.0,1734300
2026-04-27 10:25:00,1710.0,1715.0,1690.0,1710.0,3873900
2026-04-27 10:30:00,1710.0,1720.0,1705.0,1720.0,1334000
2026-04-27 10:35:00,1720.0,1725.0,1715.0,1720.0,2313600
2026-04-27 10:40:00,1725.0,1730.0,1720.0,1730.0,869800
2026-04-27 10:45:00,1725.0,1730.0,1710.0,1720.0,2380100
2026-04-27 10:50:00,1720.0,1725.0,1715.0,1715.0,711300
2026-04-27 10:55:00,1720.0,1725.0,1715.0,1725.0,454400
2026-04-27 11:00:00,1725.0,1725.0,1715.0,1720.0,938600
2026-04-27 11:05:00,1720.0,1740.0,1715.0,1735.0,1869300
2026-04-27 11:10:00,1735.0,1745.0,1730.0,1745.0,1653300
2026-04-27 11:15:00,1745.0,1750.0,1740.0,1750.0,2379900
2026-04-27 11:20:00,1750.0,1760.0,1745.0,1760.0,4033300
2026-04-27 11:25:00,1760.0,1765.0,1750.0,1765.0,2526000
2026-04-27 11:30:00,1760.0,1765.0,1755.0,1765.0,1867700
2026-04-27 11:35:00,1765.0,1770.0,1755.0,1765.0,2635400
2026-04-27 11:40:00,1765.0,1770.0,1760.0,1765.0,1075900
2026-04-27 11:45:00,1765.0,1785.0,1765.0,1785.0,2262000
2026-04-27 11:50:00,1785.0,1790.0,1775.0,1790.0,4403400
2026-04-27 11:55:00,1790.0,1795.0,1760.0,1770.0,5079300
2026-04-27 13:30:00,1770.0,1780.0,1740.0,1755.0,5140400
2026-04-27 13:35:00,1760.0,1760.0,1745.0,1760.0,1535700
2026-04-27 13:40:00,1760.0,1770.0,1755.0,1755.0,1165800
2026-04-27 13:45:00,1755.0,1760.0,1750.0,1755.0,767100
2026-04-27 13:50:00,1755.0,1755.0,1750.0,1755.0,848300
2026-04-27 13:55:00,1755.0,1770.0,1750.0,1765.0,673300
2026-04-27 14:00:00,1770.0,1770.0,1755.0,1760.0,570300
2026-04-27 14:05:00,1755.0,1760.0,1755.0,1755.0,766600
2026-04-27 14:10:00,1755.0,1755.0,1750.0,1750.0,255200
2026-04-27 14:15:00,1755.0,1755.0,1730.0,1735.0,5369000
2026-04-27 14:20:00,1735.0,1755.0,1730.0,1745.0,2148300
2026-04-27 14:25:00,1740.0,1750.0,1740.0,1740.0,757600
2026-04-27 14:30:00,1740.0,1745.0,1740.0,1740.0,387400
2026-04-27 14:35:00,1745.0,1745.0,1725.0,1730.0,3572300
2026-04-27 14:40:00,1735.0,1735.0,1720.0,1725.0,2910200
2026-04-27 14:45:00,1725.0,1730.0,1715.0,1720.0,1417600
2026-04-27 14:50:00,1720.0,1720.0,1705.0,1705.0,3868600
2026-04-27 14:55:00,1705.0,1720.0,1705.0,1720.0,2817600
2026-04-27 15:00:00,1720.0,1720.0,1705.0,1710.0,1283700
2026-04-27 15:05:00,1710.0,1710.0,1705.0,1705.0,801000
2026-04-27 15:10:00,1710.0,1715.0,1705.0,1710.0,2598500
2026-04-27 15:15:00,1710.0,1710.0,1705.0,1710.0,733500
2026-04-27 15:20:00,1705.0,1715.0,1705.0,1715.0,2331400
2026-04-27 15:25:00,1715.0,1735.0,1710.0,1735.0,3391300
2026-04-27 15:30:00,1735.0,1735.0,1720.0,1725.0,3011300
2026-04-27 15:35:00,1725.0,1725.0,1710.0,1715.0,2453100
2026-04-27 15:40:00,1715.0,1715.0,1705.0,1710.0,2964300
2026-04-27 15:45:00,1710.0,1710.0,1700.0,1710.0,5259500
2026-04-27 16:00:00,1710.0,1710.0,1710.0,1710.0,5803700
2026-04-27 16:05:00,1710.0,1710.0,1710.0,1710.0,74000
2026-04-27 16:10:00,1710.0,1710.0,1710.0,1710.0,175000
2026-04-28 09:00:00,1720.0,1740.0,1720.0,1735.0,0
2026-04-28 09:05:00,1735.0,1735.0,1710.0,1715.0,6743300
2026-04-28 09:10:00,1715.0,1720.0,1705.0,1715.0,3235500
2026-04-28 09:15:00,1715.0,1720.0,1680.0,1695.0,3644700
2026-04-28 09:20:00,1695.0,1735.0,1695.0,1725.0,3092400
2026-04-28 09:25:00,1720.0,1725.0,1705.0,1715.0,1937200
2026-04-28 09:30:00,1715.0,1735.0,1715.0,1730.0,2544800
2026-04-28 09:35:00,1730.0,1735.0,1725.0,1725.0,1560200
2026-04-28 09:40:00,1725.0,1730.0,1725.0,1725.0,384400
2026-04-28 09:45:00,1725.0,1725.0,1715.0,1715.0,863500
2026-04-28 09:50:00,1715.0,1720.0,1710.0,1710.0,1328200
2026-04-28 09:55:00,1715.0,1715.0,1710.0,1715.0,1009800
2026-04-28 10:00:00,1710.0,1715.0,1710.0,1710.0,169000
2026-04-28 10:05:00,1715.0,1715.0,1710.0,1715.0,191000
2026-04-28 10:10:00,1715.0,1715.0,1710.0,1710.0,96800
2026-04-28 10:15:00,1710.0,1715.0,1710.0,1715.0,245900
2026-04-28 10:20:00,1715.0,1720.0,1710.0,1720.0,764500
2026-04-28 10:25:00,1720.0,1730.0,1715.0,1725.0,1340200
2026-04-28 10:30:00,1725.0,1730.0,1720.0,1725.0,425200
2026-04-28 10:35:00,1720.0,1725.0,1720.0,1725.0,208100
2026-04-28 10:40:00,1725.0,1730.0,1720.0,1730.0,270500
2026-04-28 10:45:00,1725.0,1730.0,1725.0,1730.0,278100
2026-04-28 10:50:00,1730.0,1740.0,1730.0,1740.0,2106500
2026-04-28 10:55:00,1735.0,1740.0,1730.0,1735.0,1131700
2026-04-28 11:00:00,1735.0,1735.0,1725.0,1725.0,500000
2026-04-28 11:05:00,1725.0,1740.0,1725.0,1740.0,552100
2026-04-28 11:10:00,1740.0,1740.0,1730.0,1735.0,432500
2026-04-28 11:15:00,1735.0,1735.0,1730.0,1735.0,55800
2026-04-28 11:20:00,1735.0,1745.0,1730.0,1740.0,1625100
2026-04-28 11:25:00,1740.0,1760.0,1740.0,1750.0,12652400
2026-04-28 11:30:00,1750.0,1750.0,1735.0,1740.0,1136700
2026-04-28 11:35:00,1745.0,1745.0,1740.0,1745.0,293400
2026-04-28 11:40:00,1745.0,1745.0,1740.0,1745.0,263200
2026-04-28 11:45:00,1745.0,1745.0,1740.0,1745.0,440700
2026-04-28 11:50:00,1745.0,1745.0,1740.0,1745.0,202400
2026-04-28 11:55:00,1745.0,1745.0,1740.0,1740.0,207000
2026-04-28 13:30:00,1745.0,1750.0,1740.0,1745.0,1685000
2026-04-28 13:35:00,1750.0,1750.0,1730.0,1730.0,2652500
2026-04-28 13:40:00,1730.0,1740.0,1730.0,1735.0,630100
2026-04-28 13:45:00,1735.0,1740.0,1730.0,1730.0,794000
2026-04-28 13:50:00,1735.0,1735.0,1725.0,1730.0,877700
2026-04-28 13:55:00,1730.0,1730.0,1725.0,1725.0,1188800
2026-04-28 14:00:00,1725.0,1730.0,1720.0,1725.0,702400
2026-04-28 14:05:00,1725.0,1730.0,1720.0,1725.0,532500
2026-04-28 14:10:00,1725.0,1730.0,1725.0,1730.0,256900
2026-04-28 14:15:00,1725.0,1730.0,1725.0,1725.0,73100
2026-04-28 14:20:00,1725.0,1730.0,1725.0,1725.0,553700
2026-04-28 14:25:00,1730.0,1730.0,1725.0,1730.0,184600
2026-04-28 14:30:00,1725.0,1730.0,1720.0,1725.0,609300
2026-04-28 14:35:00,1725.0,1730.0,1720.0,1730.0,646500
2026-04-28 14:40:00,1730.0,1735.0,1725.0,1730.0,434300
2026-04-28 14:45:00,1730.0,1735.0,1730.0,1735.0,649100
2026-04-28 14:50:00,1740.0,1750.0,1735.0,1745.0,2727700
2026-04-28 14:55:00,1745.0,1750.0,1740.0,1745.0,1378300
2026-04-28 15:00:00,1745.0,1755.0,1740.0,1745.0,7605000
2026-04-28 15:05:00,1745.0,1750.0,1740.0,1745.0,408600
2026-04-28 15:10:00,1750.0,1750.0,1745.0,1745.0,708100
2026-04-28 15:15:00,1745.0,1750.0,1745.0,1750.0,314700
2026-04-28 15:20:00,1750.0,1750.0,1745.0,1745.0,489500
2026-04-28 15:25:00,1745.0,1755.0,1745.0,1750.0,3657700
2026-04-28 15:30:00,1750.0,1750.0,1740.0,1740.0,3730700
2026-04-28 15:35:00,1740.0,1745.0,1740.0,1740.0,801100
2026-04-28 15:40:00,1740.0,1750.0,1740.0,1740.0,2376600
2026-04-28 15:45:00,1745.0,1745.0,1735.0,1740.0,1244800
2026-04-28 16:00:00,1750.0,1750.0,1750.0,1750.0,4748200
2026-04-28 16:05:00,1750.0,1750.0,1750.0,1750.0,199200
2026-04-28 16:10:00,1750.0,1750.0,1750.0,1750.0,545900
2026-04-29 09:00:00,1745.0,1760.0,1725.0,1735.0,0
2026-04-29 09:05:00,1730.0,1740.0,1720.0,1730.0,4502200
2026-04-29 09:10:00,1725.0,1735.0,1710.0,1715.0,3509300
2026-04-29 09:15:00,1710.0,1720.0,1705.0,1720.0,3415400
2026-04-29 09:20:00,1715.0,1720.0,1710.0,1715.0,1794100
2026-04-29 09:25:00,1710.0,1720.0,1700.0,1710.0,5545900
2026-04-29 09:30:00,1705.0,1725.0,1700.0,1725.0,1742500
2026-04-29 09:35:00,1725.0,1735.0,1720.0,1725.0,1734000
2026-04-29 09:40:00,1725.0,1730.0,1720.0,1720.0,533900
2026-04-29 09:45:00,1720.0,1730.0,1715.0,1720.0,940000
2026-04-29 09:50:00,1715.0,1730.0,1715.0,1725.0,348600
2026-04-29 09:55:00,1725.0,1730.0,1720.0,1720.0,295800
2026-04-29 10:00:00,1720.0,1725.0,1720.0,1725.0,220900
2026-04-29 10:05:00,1720.0,1730.0,1720.0,1720.0,562000
2026-04-29 10:10:00,1720.0,1735.0,1720.0,1735.0,952700
2026-04-29 10:15:00,1730.0,1735.0,1730.0,1735.0,230800
2026-04-29 10:20:00,1730.0,1735.0,1725.0,1725.0,600600
2026-04-29 10:25:00,1725.0,1730.0,1725.0,1730.0,220800
2026-04-29 10:30:00,1725.0,1730.0,1720.0,1725.0,849400
2026-04-29 10:35:00,1720.0,1725.0,1720.0,1720.0,305800
2026-04-29 10:40:00,1720.0,1725.0,1720.0,1720.0,245500
2026-04-29 10:45:00,1720.0,1725.0,1720.0,1725.0,314600
2026-04-29 10:50:00,1720.0,1725.0,1720.0,1720.0,494300
2026-04-29 10:55:00,1720.0,1725.0,1715.0,1715.0,280000
2026-04-29 11:00:00,1715.0,1720.0,1715.0,1715.0,365300
2026-04-29 11:05:00,1715.0,1720.0,1710.0,1715.0,816600
2026-04-29 11:10:00,1710.0,1715.0,1710.0,1710.0,231100
2026-04-29 11:15:00,1710.0,1715.0,1710.0,1710.0,142500
2026-04-29 11:20:00,1710.0,1715.0,1710.0,1710.0,208900
2026-04-29 11:25:00,1710.0,1715.0,1710.0,1715.0,232800
2026-04-29 11:30:00,1710.0,1715.0,1710.0,1715.0,366000
2026-04-29 11:35:00,1710.0,1720.0,1710.0,1720.0,273700
2026-04-29 11:40:00,1715.0,1720.0,1715.0,1720.0,193200
2026-04-29 11:45:00,1715.0,1720.0,1715.0,1715.0,128300
2026-04-29 11:50:00,1715.0,1725.0,1715.0,1725.0,475000
2026-04-29 11:55:00,1720.0,1725.0,1720.0,1720.0,219100
2026-04-29 13:30:00,1725.0,1725.0,1715.0,1715.0,703000
2026-04-29 13:35:00,1715.0,1725.0,1715.0,1725.0,527600
2026-04-29 13:40:00,1720.0,1725.0,1715.0,1715.0,629100
2026-04-29 13:45:00,1715.0,1720.0,1715.0,1715.0,573500
2026-04-29 13:50:00,1715.0,1715.0,1710.0,1715.0,495500
2026-04-29 13:55:00,1710.0,1715.0,1710.0,1715.0,405400
2026-04-29 14:00:00,1710.0,1720.0,1710.0,1715.0,485000
2026-04-29 14:05:00,1720.0,1720.0,1710.0,1715.0,276200
2026-04-29 14:10:00,1715.0,1715.0,1705.0,1710.0,3602000
2026-04-29 14:15:00,1705.0,1715.0,1705.0,1705.0,383100
2026-04-29 14:20:00,1705.0,1710.0,1705.0,1710.0,345900
2026-04-29 14:25:00,1705.0,1725.0,1705.0,1725.0,1184100
2026-04-29 14:30:00,1725.0,1725.0,1715.0,1715.0,376300
2026-04-29 14:35:00,1715.0,1720.0,1715.0,1715.0,211500
2026-04-29 14:40:00,1715.0,1715.0,1710.0,1715.0,524800
2026-04-29 14:45:00,1710.0,1720.0,1710.0,1715.0,375900
2026-04-29 14:50:00,1715.0,1720.0,1710.0,1715.0,433600
2026-04-29 14:55:00,1710.0,1720.0,1710.0,1720.0,550100
2026-04-29 15:00:00,1715.0,1720.0,1715.0,1715.0,396800
2026-04-29 15:05:00,1715.0,1730.0,1715.0,1725.0,1516400
2026-04-29 15:10:00,1720.0,1730.0,1720.0,1720.0,608900
2026-04-29 15:15:00,1720.0,1725.0,1720.0,1720.0,562900
2026-04-29 15:20:00,1720.0,1725.0,1715.0,1725.0,699600
2026-04-29 15:25:00,1720.0,1725.0,1715.0,1725.0,588100
2026-04-29 15:30:00,1720.0,1725.0,1720.0,1725.0,604200
2026-04-29 15:35:00,1720.0,1730.0,1720.0,1730.0,1151800
2026-04-29 15:40:00,1725.0,1725.0,1715.0,1720.0,1706200
2026-04-29 15:45:00,1715.0,1725.0,1710.0,1720.0,1315000
2026-04-29 16:00:00,1720.0,1720.0,1720.0,1720.0,1846900
2026-04-29 16:05:00,1720.0,1720.0,1720.0,1720.0,89200
2026-04-29 16:10:00,1720.0,1720.0,1720.0,1720.0,54300
2026-04-30 09:00:00,1745.0,1785.0,1735.0,1765.0,0
2026-04-30 09:05:00,1765.0,1770.0,1745.0,1750.0,10854100
2026-04-30 09:10:00,1745.0,1750.0,1730.0,1735.0,4569100
2026-04-30 09:15:00,1730.0,1755.0,1730.0,1755.0,1933600
2026-04-30 09:20:00,1750.0,1755.0,1735.0,1740.0,2547300
2026-04-30 09:25:00,1740.0,1750.0,1740.0,1740.0,700900
2026-04-30 09:30:00,1745.0,1745.0,1725.0,1730.0,4156100
2026-04-30 09:35:00,1730.0,1735.0,1710.0,1710.0,7143800
2026-04-30 09:40:00,1715.0,1715.0,1685.0,1705.0,8345500
2026-04-30 09:45:00,1705.0,1710.0,1685.0,1690.0,2679300
2026-04-30 09:50:00,1690.0,1700.0,1685.0,1695.0,1732500
2026-04-30 09:55:00,1700.0,1700.0,1695.0,1700.0,1141700
2026-04-30 10:00:00,1700.0,1710.0,1685.0,1700.0,3222500
2026-04-30 10:05:00,1700.0,1700.0,1695.0,1695.0,295200
2026-04-30 10:10:00,1695.0,1700.0,1690.0,1690.0,1022200
2026-04-30 10:15:00,1690.0,1710.0,1690.0,1710.0,2418800
2026-04-30 10:20:00,1710.0,1730.0,1710.0,1725.0,2088200
2026-04-30 10:25:00,1725.0,1725.0,1700.0,1700.0,1939000
2026-04-30 10:30:00,1695.0,1700.0,1695.0,1700.0,491300
2026-04-30 10:35:00,1695.0,1700.0,1695.0,1700.0,1092700
2026-04-30 10:40:00,1695.0,1715.0,1695.0,1715.0,972400
2026-04-30 10:45:00,1710.0,1710.0,1705.0,1710.0,914900
2026-04-30 10:50:00,1705.0,1735.0,1700.0,1730.0,2827800
2026-04-30 10:55:00,1730.0,1730.0,1715.0,1715.0,1392000
2026-04-30 11:00:00,1715.0,1715.0,1700.0,1710.0,2053800
2026-04-30 11:05:00,1710.0,1720.0,1710.0,1715.0,372900
2026-04-30 11:10:00,1715.0,1715.0,1710.0,1715.0,285000
2026-04-30 11:15:00,1715.0,1715.0,1705.0,1705.0,410500
2026-04-30 11:20:00,1705.0,1710.0,1695.0,1700.0,2533700
2026-04-30 11:25:00,1700.0,1705.0,1695.0,1700.0,809700
2026-04-30 11:30:00,1700.0,1705.0,1695.0,1700.0,325000
2026-04-30 11:35:00,1700.0,1705.0,1690.0,1700.0,903600
2026-04-30 11:40:00,1695.0,1700.0,1690.0,1695.0,744500
2026-04-30 11:45:00,1695.0,1700.0,1690.0,1695.0,1988000
2026-04-30 11:50:00,1690.0,1695.0,1685.0,1695.0,515800
2026-04-30 11:55:00,1700.0,1705.0,1690.0,1690.0,425200
2026-04-30 13:30:00,1690.0,1700.0,1690.0,1695.0,1382400
2026-04-30 13:35:00,1695.0,1695.0,1650.0,1650.0,11140500
2026-04-30 13:40:00,1650.0,1665.0,1640.0,1640.0,3392800
2026-04-30 13:45:00,1640.0,1665.0,1625.0,1660.0,5279600
2026-04-30 13:50:00,1660.0,1665.0,1635.0,1645.0,1593100
2026-04-30 13:55:00,1640.0,1650.0,1640.0,1650.0,809300
2026-04-30 14:00:00,1645.0,1660.0,1640.0,1660.0,1160700
2026-04-30 14:05:00,1665.0,1670.0,1655.0,1655.0,894500
2026-04-30 14:10:00,1655.0,1660.0,1645.0,1655.0,682000
2026-04-30 14:15:00,1655.0,1665.0,1645.0,1665.0,938400
2026-04-30 14:20:00,1665.0,1675.0,1660.0,1675.0,437400
2026-04-30 14:25:00,1670.0,1695.0,1670.0,1690.0,1947200
2026-04-30 14:30:00,1690.0,1690.0,1680.0,1685.0,1217700
2026-04-30 14:35:00,1690.0,1700.0,1685.0,1695.0,985100
2026-04-30 14:40:00,1695.0,1695.0,1685.0,1690.0,1788700
2026-04-30 14:45:00,1690.0,1695.0,1685.0,1695.0,688000
2026-04-30 14:50:00,1695.0,1710.0,1690.0,1705.0,2446400
2026-04-30 14:55:00,1705.0,1710.0,1700.0,1710.0,2308800
2026-04-30 15:00:00,1710.0,1710.0,1695.0,1695.0,2817400
2026-04-30 15:05:00,1700.0,1705.0,1695.0,1700.0,1811100
2026-04-30 15:10:00,1705.0,1705.0,1700.0,1705.0,338400
2026-04-30 15:15:00,1705.0,1715.0,1700.0,1710.0,1454200
2026-04-30 15:20:00,1710.0,1725.0,1710.0,1715.0,1715500
2026-04-30 15:25:00,1720.0,1725.0,1715.0,1720.0,1285700
2026-04-30 15:30:00,1725.0,1725.0,1715.0,1715.0,677500
2026-04-30 15:35:00,1715.0,1720.0,1710.0,1710.0,786900
2026-04-30 15:40:00,1710.0,1720.0,1705.0,1720.0,1556100
2026-04-30 15:45:00,1720.0,1730.0,1710.0,1715.0,4488900
2026-04-30 16:00:00,1700.0,1700.0,1700.0,1700.0,2381000
2026-04-30 16:05:00,1700.0,1700.0,1700.0,1700.0,54000
2026-04-30 16:10:00,1700.0,1700.0,1700.0,1700.0,220400
2026-05-04 09:00:00,1700.0,1735.0,1695.0,1715.0,0
2026-05-04 09:05:00,1710.0,1720.0,1710.0,1715.0,1285700
2026-05-04 09:10:00,1720.0,1720.0,1715.0,1720.0,840600
2026-05-04 09:15:00,1720.0,1725.0,1720.0,1725.0,783200
2026-05-04 09:20:00,1720.0,1735.0,1720.0,1725.0,1900400
2026-05-04 09:25:00,1725.0,1725.0,1710.0,1715.0,688400
2026-05-04 09:30:00,1715.0,1720.0,1695.0,1705.0,2629100
2026-05-04 09:35:00,1705.0,1715.0,1700.0,1715.0,873400
2026-05-04 09:40:00,1715.0,1715.0,1705.0,1710.0,548200
2026-05-04 09:45:00,1705.0,1710.0,1695.0,1700.0,1624000
2026-05-04 09:50:00,1700.0,1700.0,1690.0,1695.0,867900
2026-05-04 09:55:00,1695.0,1700.0,1675.0,1685.0,1992900
2026-05-04 10:00:00,1680.0,1695.0,1680.0,1695.0,1208300
2026-05-04 10:05:00,1695.0,1695.0,1690.0,1695.0,299100
2026-05-04 10:10:00,1695.0,1700.0,1690.0,1700.0,190600
2026-05-04 10:15:00,1695.0,1700.0,1690.0,1695.0,435500
2026-05-04 10:20:00,1695.0,1700.0,1695.0,1695.0,224200
2026-05-04 10:25:00,1695.0,1700.0,1695.0,1695.0,552000
2026-05-04 10:30:00,1695.0,1700.0,1695.0,1700.0,319700
2026-05-04 10:35:00,1700.0,1700.0,1690.0,1695.0,338400
2026-05-04 10:40:00,1695.0,1695.0,1690.0,1690.0,230900
2026-05-04 10:45:00,1690.0,1695.0,1690.0,1695.0,1005200
2026-05-04 10:50:00,1690.0,1695.0,1685.0,1685.0,250100
2026-05-04 10:55:00,1690.0,1695.0,1690.0,1695.0,349000
2026-05-04 11:00:00,1695.0,1695.0,1690.0,1695.0,291000
2026-05-04 11:05:00,1690.0,1695.0,1690.0,1695.0,108200
2026-05-04 11:10:00,1690.0,1700.0,1690.0,1695.0,643700
2026-05-04 11:15:00,1695.0,1700.0,1690.0,1695.0,559300
2026-05-04 11:20:00,1695.0,1695.0,1685.0,1685.0,1015800
2026-05-04 11:25:00,1685.0,1690.0,1680.0,1685.0,992600
2026-05-04 11:30:00,1685.0,1685.0,1675.0,1675.0,1126200
2026-05-04 11:35:00,1675.0,1680.0,1675.0,1680.0,888600
2026-05-04 11:40:00,1675.0,1685.0,1675.0,1680.0,316800
2026-05-04 11:45:00,1680.0,1690.0,1680.0,1685.0,253600
2026-05-04 11:50:00,1690.0,1690.0,1685.0,1690.0,148100
2026-05-04 11:55:00,1690.0,1690.0,1680.0,1690.0,179200
2026-05-04 13:30:00,1690.0,1690.0,1680.0,1685.0,472300
2026-05-04 13:35:00,1685.0,1690.0,1685.0,1685.0,265300
2026-05-04 13:40:00,1685.0,1690.0,1685.0,1690.0,119100
2026-05-04 13:45:00,1690.0,1690.0,1685.0,1685.0,471600
2026-05-04 13:50:00,1690.0,1700.0,1685.0,1695.0,825800
2026-05-04 13:55:00,1695.0,1710.0,1695.0,1700.0,955600
2026-05-04 14:00:00,1700.0,1705.0,1700.0,1700.0,447600
2026-05-04 14:05:00,1700.0,1705.0,1700.0,1700.0,197700
2026-05-04 14:10:00,1700.0,1705.0,1695.0,1700.0,602500
2026-05-04 14:15:00,1700.0,1705.0,1695.0,1695.0,339100
2026-05-04 14:20:00,1695.0,1700.0,1695.0,1695.0,221500
2026-05-04 14:25:00,1695.0,1700.0,1695.0,1700.0,174000
2026-05-04 14:30:00,1695.0,1700.0,1695.0,1700.0,367100
2026-05-04 14:35:00,1695.0,1700.0,1695.0,1700.0,329500
2026-05-04 14:40:00,1700.0,1705.0,1695.0,1705.0,361500
2026-05-04 14:45:00,1705.0,1705.0,1700.0,1700.0,192500
2026-05-04 14:50:00,1700.0,1705.0,1700.0,1700.0,980600
2026-05-04 14:55:00,1700.0,1705.0,1695.0,1705.0,889100
2026-05-04 15:00:00,1700.0,1705.0,1700.0,1700.0,989500
2026-05-04 15:05:00,1700.0,1705.0,1700.0,1705.0,542800
2026-05-04 15:10:00,1700.0,1705.0,1700.0,1705.0,180400
2026-05-04 15:15:00,1705.0,1705.0,1695.0,1700.0,1929500
2026-05-04 15:20:00,1695.0,1700.0,1695.0,1700.0,1253700
2026-05-04 15:25:00,1700.0,1700.0,1695.0,1700.0,517300
2026-05-04 15:30:00,1695.0,1705.0,1695.0,1700.0,1313400
2026-05-04 15:35:00,1700.0,1705.0,1700.0,1705.0,289600
2026-05-04 15:40:00,1705.0,1705.0,1695.0,1700.0,2076800
2026-05-04 15:45:00,1700.0,1705.0,1700.0,1705.0,447800
2026-05-04 16:00:00,1710.0,1710.0,1710.0,1710.0,3019300
2026-05-04 16:05:00,1710.0,1710.0,1710.0,1710.0,19400
2026-05-04 16:10:00,1710.0,1710.0,1710.0,1710.0,39000
2026-05-05 09:00:00,1720.0,1740.0,1715.0,1740.0,5750900
2026-05-05 09:05:00,1740.0,1745.0,1725.0,1730.0,5737400
2026-05-05 09:10:00,1730.0,1730.0,1715.0,1725.0,2086500
2026-05-05 09:15:00,1725.0,1725.0,1720.0,1725.0,403300
2026-05-05 09:20:00,1725.0,1730.0,1720.0,1725.0,698700
2026-05-05 09:25:00,1725.0,1735.0,1725.0,1735.0,862100
2026-05-05 09:30:00,1730.0,1735.0,1730.0,1735.0,482100
2026-05-05 09:35:00,1730.0,1735.0,1725.0,1730.0,1449700
2026-05-05 09:40:00,1725.0,1730.0,1720.0,1725.0,1115600
2026-05-05 09:45:00,1730.0,1730.0,1725.0,1725.0,268800
2026-05-05 09:50:00,1725.0,1730.0,1725.0,1725.0,495300
2026-05-05 09:55:00,1725.0,1730.0,1725.0,1725.0,267000
2026-05-05 10:00:00,1725.0,1730.0,1725.0,1725.0,150500
2026-05-05 10:05:00,1725.0,1730.0,1725.0,1725.0,336000
2026-05-05 10:10:00,1725.0,1725.0,1720.0,1725.0,489900
2026-05-05 10:15:00,1725.0,1730.0,1725.0,1725.0,22194300
2026-05-05 10:20:00,1725.0,1730.0,1725.0,1725.0,214600
2026-05-05 10:25:00,1725.0,1730.0,1725.0,1730.0,248800
2026-05-05 10:30:00,1725.0,1730.0,1725.0,1730.0,399300
2026-05-05 10:35:00,1730.0,1730.0,1725.0,1725.0,666600
2026-05-05 10:40:00,1725.0,1730.0,1725.0,1730.0,366200
2026-05-05 10:45:00,1725.0,1730.0,1725.0,1725.0,782900
2026-05-05 10:50:00,1725.0,1735.0,1725.0,1735.0,1267100
2026-05-05 10:55:00,1735.0,1740.0,1730.0,1740.0,1070600
2026-05-05 11:00:00,1735.0,1740.0,1735.0,1735.0,361900
2026-05-05 11:05:00,1740.0,1740.0,1735.0,1735.0,276700
2026-05-05 11:10:00,1735.0,1740.0,1735.0,1740.0,193400
2026-05-05 11:15:00,1740.0,1740.0,1730.0,1730.0,396700
2026-05-05 11:20:00,1735.0,1735.0,1725.0,1730.0,29258500
2026-05-05 11:25:00,1730.0,1750.0,1730.0,1735.0,5110700
2026-05-05 11:30:00,1735.0,1745.0,1735.0,1745.0,926100
2026-05-05 11:35:00,1740.0,1755.0,1740.0,1755.0,5561900
2026-05-05 11:40:00,1755.0,1755.0,1745.0,1750.0,1448300
2026-05-05 11:45:00,1745.0,1750.0,1740.0,1745.0,446700
2026-05-05 11:50:00,1745.0,1745.0,1740.0,1745.0,166000
2026-05-05 11:55:00,1745.0,1745.0,1735.0,1740.0,43727000
