Datetime,Open,High,Low,Close,Volume
2026-02-03 09:00:00,2600.0,2600.0,2560.0,2580.0,0
2026-02-03 09:05:00,2590.0,2600.0,2560.0,2570.0,433600
2026-02-03 09:10:00,2560.0,2570.0,2560.0,2570.0,101700
2026-02-03 09:15:00,2570.0,2570.0,2560.0,2570.0,34400
2026-02-03 09:20:00,2570.0,2590.0,2560.0,2590.0,97500
2026-02-03 09:25:00,2590.0,2590.0,2570.0,2570.0,186800
2026-02-03 09:30:00,2570.0,2580.0,2560.0,2570.0,310700
2026-02-03 09:35:00,2570.0,2580.0,2560.0,2570.0,71200
2026-02-03 09:40:00,2570.0,2590.0,2570.0,2580.0,62000
2026-02-03 09:45:00,2590.0,2590.0,2580.0,2580.0,26400
2026-02-03 09:50:00,2580.0,2600.0,2580.0,2590.0,161900
2026-02-03 09:55:00,2590.0,2600.0,2580.0,2590.0,136700
2026-02-03 10:00:00,2580.0,2590.0,2580.0,2580.0,15100
2026-02-03 10:05:00,2580.0,2590.0,2580.0,2580.0,24200
2026-02-03 10:10:00,2580.0,2590.0,2560.0,2580.0,378100
2026-02-03 10:15:00,2560.0,2580.0,2560.0,2570.0,129200
2026-02-03 10:20:00,2570.0,2580.0,2570.0,2580.0,52100
2026-02-03 10:25:00,2580.0,2580.0,2580.0,2580.0,223500
2026-02-03 10:30:00,2580.0,2580.0,2570.0,2570.0,19800
2026-02-03 10:35:00,2570.0,2570.0,2550.0,2560.0,593300
2026-02-03 10:40:00,2550.0,2570.0,2550.0,2570.0,192000
2026-02-03 10:45:00,2570.0,2570.0,2550.0,2560.0,248000
2026-02-03 10:50:00,2560.0,2570.0,2550.0,2570.0,54100
2026-02-03 10:55:00,2560.0,2570.0,2560.0,2570.0,8200
2026-02-03 11:00:00,2570.0,2570.0,2560.0,2570.0,37900
2026-02-03 11:05:00,2570.0,2570.0,2560.0,2560.0,31600
2026-02-03 11:10:00,2560.0,2570.0,2560.0,2560.0,68200
2026-02-03 11:15:00,2560.0,2570.0,2550.0,2570.0,222400
2026-02-03 11:20:00,2560.0,2570.0,2560.0,2570.0,11600
2026-02-03 11:25:00,2570.0,2570.0,2560.0,2560.0,71900
2026-02-03 11:30:00,2560.0,2570.0,2550.0,2570.0,71200
2026-02-03 11:35:00,2570.0,2570.0,2560.0,2560.0,134300
2026-02-03 11:40:00,2560.0,2580.0,2560.0,2580.0,104400
2026-02-03 11:45:00,2570.0,2580.0,2570.0,2570.0,8500
2026-02-03 11:50:00,2570.0,2570.0,2560.0,2560.0,80900
2026-02-03 11:55:00,2580.0,2580.0,2560.0,2570.0,21000
2026-02-03 13:30:00,2570.0,2570.0,2560.0,2570.0,270300
2026-02-03 13:35:00,2560.0,2580.0,2560.0,2580.0,231600
2026-02-03 13:40:00,2570.0,2580.0,2560.0,2570.0,112400
2026-02-03 13:45:00,2570.0,2570.0,2550.0,2550.0,348700
2026-02-03 13:50:00,2550.0,2560.0,2540.0,2550.0,450300
2026-02-03 13:55:00,2560.0,2560.0,2550.0,2560.0,10100
2026-02-03 14:00:00,2550.0,2560.0,2550.0,2560.0,195000
2026-02-03 14:05:00,2560.0,2560.0,2550.0,2550.0,38200
2026-02-03 14:10:00,2550.0,2560.0,2550.0,2550.0,57800
2026-02-03 14:15:00,2550.0,2560.0,2550.0,2550.0,21600
2026-02-03 14:20:00,2550.0,2560.0,2540.0,2560.0,214400
2026-02-03 14:25:00,2560.0,2560.0,2550.0,2550.0,3900
2026-02-03 14:30:00,2550.0,2550.0,2530.0,2530.0,1124000
2026-02-03 14:35:00,2530.0,2540.0,2530.0,2540.0,650300
2026-02-03 14:40:00,2540.0,2560.0,2540.0,2540.0,675800
2026-02-03 14:45:00,2540.0,2550.0,2530.0,2530.0,479100
2026-02-03 14:50:00,2530.0,2550.0,2530.0,2540.0,352500
2026-02-03 14:55:00,2540.0,2540.0,2530.0,2540.0,119700
2026-02-03 15:00:00,2540.0,2540.0,2530.0,2530.0,46800
2026-02-03 15:05:00,2540.0,2550.0,2530.0,2550.0,157600
2026-02-03 15:10:00,2550.0,2550.0,2540.0,2550.0,54000
2026-02-03 15:15:00,2550.0,2550.0,2540.0,2550.0,232300
2026-02-03 15:20:00,2550.0,2550.0,2540.0,2550.0,75200
2026-02-03 15:25:00,2550.0,2550.0,2540.0,2540.0,301800
2026-02-03 15:30:00,2550.0,2550.0,2540.0,2540.0,171500
2026-02-03 15:35:00,2540.0,2550.0,2540.0,2540.0,141100
2026-02-03 15:40:00,2540.0,2560.0,2540.0,2560.0,216500
2026-02-03 15:45:00,2550.0,2560.0,2540.0,2550.0,334200
2026-02-03 16:00:00,2540.0,2540.0,2540.0,2540.0,589200
2026-02-03 16:10:00,2540.0,2540.0,2540.0,2540.0,100
2026-02-04 09:00:00,2560.0,2570.0,2530.0,2540.0,0
2026-02-04 09:05:00,2570.0,2570.0,2540.0,2560.0,21800
2026-02-04 09:10:00,2560.0,2570.0,2550.0,2550.0,46600
2026-02-04 09:15:00,2560.0,2570.0,2550.0,2560.0,36000
2026-02-04 09:20:00,2570.0,2570.0,2550.0,2550.0,161600
2026-02-04 09:25:00,2560.0,2570.0,2550.0,2560.0,498300
2026-02-04 09:30:00,2560.0,2570.0,2560.0,2560.0,274000
2026-02-04 09:35:00,2570.0,2570.0,2560.0,2560.0,33100
2026-02-04 09:40:00,2560.0,2570.0,2560.0,2570.0,49100
2026-02-04 09:45:00,2560.0,2570.0,2560.0,2560.0,32200
2026-02-04 09:50:00,2570.0,2570.0,2550.0,2560.0,32800
2026-02-04 09:55:00,2560.0,2570.0,2550.0,2550.0,98100
2026-02-04 10:00:00,2550.0,2570.0,2550.0,2550.0,6900
2026-02-04 10:05:00,2550.0,2570.0,2550.0,2560.0,48000
2026-02-04 10:10:00,2560.0,2570.0,2560.0,2560.0,47700
2026-02-04 10:15:00,2560.0,2560.0,2550.0,2550.0,57200
2026-02-04 10:20:00,2550.0,2570.0,2550.0,2570.0,28100
2026-02-04 10:25:00,2560.0,2570.0,2550.0,2550.0,600
2026-02-04 10:30:00,2560.0,2570.0,2550.0,2550.0,40800
2026-02-04 10:35:00,2550.0,2560.0,2550.0,2550.0,165500
2026-02-04 10:40:00,2550.0,2570.0,2540.0,2550.0,17500
2026-02-04 10:45:00,2560.0,2560.0,2550.0,2560.0,22700
2026-02-04 10:50:00,2560.0,2570.0,2550.0,2550.0,49500
2026-02-04 10:55:00,2560.0,2560.0,2550.0,2560.0,55200
2026-02-04 11:00:00,2550.0,2560.0,2540.0,2540.0,65500
2026-02-04 11:05:00,2540.0,2550.0,2540.0,2550.0,39500
2026-02-04 11:10:00,2550.0,2550.0,2540.0,2550.0,24800
2026-02-04 11:15:00,2550.0,2560.0,2550.0,2550.0,13000
2026-02-04 11:20:00,2550.0,2550.0,2550.0,2550.0,3600
2026-02-04 11:25:00,2550.0,2550.0,2550.0,2550.0,11700
2026-02-04 11:30:00,2550.0,2550.0,2540.0,2550.0,1022000
2026-02-04 11:35:00,2550.0,2560.0,2550.0,2550.0,11700
2026-02-04 11:40:00,2550.0,2560.0,2550.0,2550.0,700
2026-02-04 11:45:00,2560.0,2560.0,2560.0,2560.0,100
2026-02-04 11:50:00,2550.0,2550.0,2550.0,2550.0,12400
2026-02-04 11:55:00,2550.0,2550.0,2550.0,2550.0,2500
2026-02-04 13:30:00,2550.0,2560.0,2550.0,2560.0,82200
2026-02-04 13:35:00,2560.0,2570.0,2550.0,2560.0,220700
2026-02-04 13:40:00,2570.0,2570.0,2560.0,2570.0,112800
2026-02-04 13:45:00,2570.0,2570.0,2560.0,2560.0,32800
2026-02-04 13:50:00,2570.0,2570.0,2560.0,2560.0,4300
2026-02-04 13:55:00,2570.0,2570.0,2560.0,2560.0,94000
2026-02-04 14:00:00,2560.0,2580.0,2560.0,2570.0,284700
2026-02-04 14:05:00,2580.0,2580.0,2570.0,2580.0,117100
2026-02-04 14:10:00,2580.0,2590.0,2570.0,2590.0,343300
2026-02-04 14:15:00,2590.0,2590.0,2570.0,2570.0,99100
2026-02-04 14:20:00,2580.0,2590.0,2580.0,2580.0,82500
2026-02-04 14:25:00,2590.0,2590.0,2570.0,2580.0,214600
2026-02-04 14:30:00,2580.0,2590.0,2580.0,2590.0,157000
2026-02-04 14:35:00,2580.0,2600.0,2580.0,2600.0,523600
2026-02-04 14:40:00,2600.0,2600.0,2590.0,2590.0,148300
2026-02-04 14:45:00,2590.0,2610.0,2590.0,2610.0,430600
2026-02-04 14:50:00,2620.0,2620.0,2600.0,2610.0,294600
2026-02-04 14:55:00,2600.0,2610.0,2600.0,2600.0,179700
2026-02-04 15:00:00,2610.0,2610.0,2600.0,2610.0,86800
2026-02-04 15:05:00,2610.0,2620.0,2600.0,2620.0,365700
2026-02-04 15:10:00,2620.0,2620.0,2600.0,2620.0,71300
2026-02-04 15:15:00,2620.0,2620.0,2610.0,2620.0,112400
2026-02-04 15:20:00,2620.0,2620.0,2610.0,2610.0,481300
2026-02-04 15:25:00,2620.0,2620.0,2580.0,2580.0,968900
2026-02-04 15:30:00,2600.0,2600.0,2580.0,2600.0,552200
2026-02-04 15:35:00,2580.0,2600.0,2580.0,2590.0,653600
2026-02-04 15:40:00,2590.0,2610.0,2590.0,2610.0,81500
2026-02-04 15:45:00,2600.0,2620.0,2550.0,2600.0,1275700
2026-02-04 16:00:00,2550.0,2550.0,2550.0,2550.0,2982600
2026-02-04 16:05:00,2550.0,2550.0,2550.0,2550.0,0
2026-02-04 16:10:00,2550.0,2550.0,2550.0,2550.0,800
2026-02-05 09:00:00,2600.0,2610.0,2590.0,2600.0,0
2026-02-05 09:05:00,2600.0,2610.0,2600.0,2610.0,32200
2026-02-05 09:10:00,2600.0,2610.0,2600.0,2610.0,91700
2026-02-05 09:15:00,2610.0,2620.0,2600.0,2600.0,91000
2026-02-05 09:20:00,2610.0,2610.0,2600.0,2600.0,58200
2026-02-05 09:25:00,2600.0,2610.0,2600.0,2610.0,139000
2026-02-05 09:30:00,2600.0,2610.0,2600.0,2610.0,133700
2026-02-05 09:35:00,2610.0,2610.0,2590.0,2590.0,77800
2026-02-05 09:40:00,2590.0,2600.0,2580.0,2580.0,168800
2026-02-05 09:45:00,2580.0,2590.0,2580.0,2590.0,66700
2026-02-05 09:50:00,2580.0,2590.0,2580.0,2590.0,13000
2026-02-05 09:55:00,2590.0,2590.0,2580.0,2590.0,36900
2026-02-05 10:00:00,2590.0,2590.0,2580.0,2580.0,17700
2026-02-05 10:05:00,2580.0,2590.0,2580.0,2590.0,3300
2026-02-05 10:10:00,2590.0,2590.0,2580.0,2580.0,22600
2026-02-05 10:15:00,2590.0,2600.0,2590.0,2590.0,130100
2026-02-05 10:20:00,2590.0,2600.0,2590.0,2590.0,41000
2026-02-05 10:25:00,2600.0,2610.0,2590.0,2590.0,196600
2026-02-05 10:30:00,2590.0,2590.0,2590.0,2590.0,1100
2026-02-05 10:35:00,2600.0,2600.0,2590.0,2590.0,119200
2026-02-05 10:40:00,2590.0,2600.0,2590.0,2590.0,10500
2026-02-05 10:45:00,2590.0,2600.0,2590.0,2600.0,35000
2026-02-05 10:50:00,2600.0,2600.0,2590.0,2590.0,46800
2026-02-05 10:55:00,2600.0,2600.0,2590.0,2600.0,81800
2026-02-05 11:00:00,2600.0,2610.0,2600.0,2600.0,29500
2026-02-05 11:05:00,2600.0,2610.0,2600.0,2600.0,87300
2026-02-05 11:10:00,2600.0,2610.0,2600.0,2600.0,46000
2026-02-05 11:15:00,2600.0,2610.0,2600.0,2600.0,45000
2026-02-05 11:20:00,2600.0,2610.0,2600.0,2600.0,50600
2026-02-05 11:25:00,2600.0,2610.0,2600.0,2600.0,6700
2026-02-05 11:30:00,2600.0,2600.0,2590.0,2590.0,158000
2026-02-05 11:35:00,2600.0,2600.0,2600.0,2600.0,4300
2026-02-05 11:40:00,2600.0,2600.0,2600.0,2600.0,36900
2026-02-05 11:45:00,2600.0,2600.0,2590.0,2600.0,85900
2026-02-05 11:50:00,2600.0,2600.0,2590.0,2590.0,12700
2026-02-05 11:55:00,2600.0,2600.0,2590.0,2590.0,700
2026-02-05 13:30:00,2590.0,2600.0,2590.0,2600.0,20200
2026-02-05 13:35:00,2600.0,2600.0,2590.0,2590.0,6200
2026-02-05 13:40:00,2590.0,2600.0,2590.0,2600.0,23200
2026-02-05 13:45:00,2590.0,2600.0,2590.0,2590.0,3000
2026-02-05 13:50:00,2590.0,2600.0,2580.0,2580.0,732200
2026-02-05 13:55:00,2590.0,2590.0,2580.0,2590.0,1600
2026-02-05 14:00:00,2580.0,2590.0,2580.0,2580.0,45200
2026-02-05 14:05:00,2590.0,2590.0,2580.0,2580.0,8100
2026-02-05 14:10:00,2590.0,2600.0,2590.0,2600.0,340300
2026-02-05 14:15:00,2600.0,2600.0,2590.0,2590.0,14700
2026-02-05 14:20:00,2590.0,2590.0,2580.0,2590.0,60200
2026-02-05 14:25:00,2590.0,2590.0,2580.0,2590.0,10300
2026-02-05 14:30:00,2590.0,2590.0,2580.0,2580.0,65400
2026-02-05 14:35:00,2580.0,2590.0,2580.0,2590.0,25900
2026-02-05 14:40:00,2590.0,2590.0,2580.0,2580.0,5900
2026-02-05 14:45:00,2590.0,2590.0,2580.0,2580.0,2400
2026-02-05 14:50:00,2580.0,2590.0,2580.0,2580.0,8900
2026-02-05 14:55:00,2590.0,2590.0,2580.0,2580.0,12200
2026-02-05 15:00:00,2590.0,2600.0,2580.0,2600.0,111500
2026-02-05 15:05:00,2600.0,2600.0,2590.0,2600.0,6900
2026-02-05 15:10:00,2590.0,2600.0,2590.0,2590.0,0
2026-02-05 15:15:00,2600.0,2600.0,2590.0,2590.0,5200
2026-02-05 15:20:00,2590.0,2590.0,2580.0,2580.0,446600
2026-02-05 15:25:00,2580.0,2590.0,2580.0,2580.0,15000
2026-02-05 15:30:00,2590.0,2590.0,2580.0,2590.0,5300
2026-02-05 15:35:00,2580.0,2600.0,2580.0,2600.0,694000
2026-02-05 15:40:00,2600.0,2600.0,2590.0,2590.0,100400
2026-02-05 15:45:00,2590.0,2610.0,2590.0,2600.0,458200
2026-02-05 16:00:00,2600.0,2600.0,2600.0,2600.0,462200
2026-02-05 16:05:00,2600.0,2600.0,2600.0,2600.0,10900
2026-02-06 09:00:00,2570.0,2570.0,2530.0,2560.0,0
2026-02-06 09:05:00,2560.0,2580.0,2550.0,2560.0,133700
2026-02-06 09:10:00,2570.0,2570.0,2560.0,2570.0,148500
2026-02-06 09:15:00,2570.0,2570.0,2570.0,2570.0,13800
2026-02-06 09:20:00,2570.0,2580.0,2560.0,2580.0,189000
2026-02-06 09:25:00,2570.0,2590.0,2570.0,2590.0,172800
2026-02-06 09:30:00,2590.0,2590.0,2580.0,2590.0,154200
2026-02-06 09:35:00,2580.0,2590.0,2580.0,2580.0,4700
2026-02-06 09:40:00,2580.0,2590.0,2580.0,2580.0,34100
2026-02-06 09:45:00,2590.0,2590.0,2580.0,2590.0,28700
2026-02-06 09:50:00,2580.0,2580.0,2570.0,2570.0,324800
2026-02-06 09:55:00,2570.0,2570.0,2560.0,2560.0,298500
2026-02-06 10:00:00,2560.0,2570.0,2560.0,2560.0,72500
2026-02-06 10:05:00,2560.0,2570.0,2560.0,2560.0,47600
2026-02-06 10:10:00,2560.0,2580.0,2560.0,2580.0,197600
2026-02-06 10:15:00,2580.0,2580.0,2570.0,2570.0,34300
2026-02-06 10:20:00,2570.0,2580.0,2570.0,2580.0,22100
2026-02-06 10:25:00,2580.0,2590.0,2570.0,2590.0,207700
2026-02-06 10:30:00,2570.0,2590.0,2570.0,2590.0,138000
2026-02-06 10:35:00,2570.0,2590.0,2570.0,2590.0,146700
2026-02-06 10:40:00,2570.0,2590.0,2570.0,2590.0,1500
2026-02-06 10:45:00,2570.0,2570.0,2570.0,2570.0,29900
2026-02-06 10:50:00,2570.0,2570.0,2560.0,2560.0,64000
2026-02-06 10:55:00,2570.0,2570.0,2560.0,2570.0,37100
2026-02-06 11:00:00,2560.0,2570.0,2550.0,2560.0,414000
2026-02-06 11:05:00,2570.0,2580.0,2560.0,2560.0,18300
2026-02-06 11:10:00,2570.0,2570.0,2560.0,2570.0,71500
2026-02-06 11:15:00,2560.0,2570.0,2560.0,2570.0,24900
2026-02-06 11:20:00,2560.0,2570.0,2560.0,2570.0,51200
2026-02-06 11:25:00,2560.0,2570.0,2550.0,2550.0,79000
2026-02-06 14:00:00,2560.0,2570.0,2550.0,2560.0,158600
2026-02-06 14:05:00,2570.0,2570.0,2560.0,2570.0,44100
2026-02-06 14:10:00,2560.0,2570.0,2550.0,2560.0,124300
2026-02-06 14:15:00,2560.0,2560.0,2550.0,2550.0,59000
2026-02-06 14:20:00,2550.0,2570.0,2550.0,2570.0,178500
2026-02-06 14:25:00,2560.0,2570.0,2560.0,2570.0,5200
2026-02-06 14:30:00,2560.0,2560.0,2550.0,2560.0,272100
2026-02-06 14:35:00,2560.0,2560.0,2550.0,2550.0,56100
2026-02-06 14:40:00,2560.0,2580.0,2550.0,2570.0,150300
2026-02-06 14:50:00,2570.0,2580.0,2570.0,2570.0,282200
2026-02-06 14:55:00,2570.0,2570.0,2560.0,2560.0,70000
2026-02-06 15:00:00,2560.0,2570.0,2560.0,2560.0,58500
2026-02-06 15:05:00,2560.0,2560.0,2560.0,2560.0,98200
2026-02-06 15:10:00,2560.0,2570.0,2560.0,2560.0,77000
2026-02-06 15:15:00,2560.0,2560.0,2560.0,2560.0,86800
2026-02-06 15:20:00,2570.0,2580.0,2570.0,2580.0,229800
2026-02-06 15:25:00,2570.0,2580.0,2570.0,2580.0,60100
2026-02-06 15:30:00,2570.0,2590.0,2570.0,2580.0,284400
2026-02-06 15:35:00,2580.0,2590.0,2580.0,2580.0,215200
2026-02-06 15:40:00,2580.0,2600.0,2570.0,2600.0,548700
2026-02-06 15:45:00,2590.0,2620.0,2580.0,2600.0,564600
2026-02-06 16:00:00,2630.0,2630.0,2630.0,2630.0,1477000
2026-02-06 16:05:00,2630.0,2630.0,2630.0,2630.0,42300
2026-02-06 16:10:00,2630.0,2630.0,2630.0,2630.0,21600
2026-02-09 09:00:00,2630.0,2640.0,2560.0,2580.0,0
2026-02-09 09:05:00,2580.0,2600.0,2580.0,2590.0,258100
2026-02-09 09:10:00,2590.0,2600.0,2570.0,2580.0,268900
2026-02-09 09:15:00,2580.0,2590.0,2580.0,2590.0,30400
2026-02-09 09:20:00,2580.0,2590.0,2580.0,2580.0,30200
2026-02-09 09:25:00,2580.0,2590.0,2570.0,2590.0,27900
2026-02-09 09:30:00,2590.0,2620.0,2580.0,2620.0,144900
2026-02-09 09:35:00,2610.0,2620.0,2600.0,2610.0,167400
2026-02-09 09:40:00,2610.0,2610.0,2590.0,2590.0,18400
2026-02-09 09:45:00,2600.0,2600.0,2600.0,2600.0,1700
2026-02-09 09:50:00,2600.0,2600.0,2590.0,2600.0,6100
2026-02-09 09:55:00,2600.0,2600.0,2590.0,2600.0,5600
2026-02-09 10:00:00,2590.0,2600.0,2590.0,2590.0,1900
2026-02-09 10:05:00,2590.0,2600.0,2590.0,2600.0,12100
2026-02-09 10:10:00,2590.0,2600.0,2590.0,2590.0,7800
2026-02-09 10:15:00,2590.0,2600.0,2590.0,2590.0,12800
2026-02-09 10:20:00,2600.0,2600.0,2590.0,2590.0,12300
2026-02-09 10:25:00,2590.0,2590.0,2590.0,2590.0,215600
2026-02-09 10:30:00,2590.0,2590.0,2580.0,2590.0,20500
2026-02-09 10:35:00,2590.0,2590.0,2580.0,2590.0,68200
2026-02-09 10:40:00,2590.0,2590.0,2590.0,2590.0,2900
2026-02-09 10:45:00,2590.0,2600.0,2590.0,2600.0,12300
2026-02-09 10:50:00,2580.0,2590.0,2580.0,2590.0,500
2026-02-09 10:55:00,2590.0,2590.0,2580.0,2590.0,41200
2026-02-09 11:00:00,2580.0,2590.0,2580.0,2580.0,25900
2026-02-09 11:05:00,2590.0,2590.0,2580.0,2590.0,20200
2026-02-09 11:10:00,2590.0,2590.0,2580.0,2590.0,1900
2026-02-09 11:15:00,2580.0,2590.0,2580.0,2590.0,5900
2026-02-09 11:20:00,2590.0,2590.0,2580.0,2580.0,243900
2026-02-09 11:30:00,2580.0,2580.0,2570.0,2580.0,121400
2026-02-09 11:35:00,2570.0,2580.0,2570.0,2570.0,9300
2026-02-09 11:40:00,2570.0,2590.0,2570.0,2590.0,28200
2026-02-09 11:45:00,2580.0,2580.0,2580.0,2580.0,100
2026-02-09 11:50:00,2590.0,2590.0,2580.0,2580.0,11300
2026-02-09 11:55:00,2590.0,2590.0,2580.0,2590.0,10500
2026-02-09 13:30:00,2580.0,2590.0,2570.0,2570.0,99400
2026-02-09 13:35:00,2580.0,2580.0,2570.0,2570.0,28500
2026-02-09 13:40:00,2580.0,2580.0,2570.0,2580.0,56600
2026-02-09 13:45:00,2580.0,2580.0,2560.0,2560.0,331100
2026-02-09 13:50:00,2570.0,2570.0,2560.0,2560.0,121100
2026-02-09 13:55:00,2570.0,2570.0,2560.0,2560.0,121000
2026-02-09 14:00:00,2570.0,2570.0,2560.0,2560.0,26900
2026-02-09 14:05:00,2570.0,2570.0,2560.0,2570.0,120000
2026-02-09 14:10:00,2570.0,2570.0,2560.0,2570.0,10500
2026-02-09 14:15:00,2560.0,2570.0,2560.0,2570.0,48000
2026-02-09 14:20:00,2560.0,2570.0,2560.0,2560.0,33700
2026-02-09 14:25:00,2560.0,2570.0,2560.0,2560.0,35600
2026-02-09 14:30:00,2570.0,2570.0,2560.0,2560.0,51000
2026-02-09 14:35:00,2560.0,2570.0,2560.0,2560.0,28000
2026-02-09 14:40:00,2560.0,2570.0,2560.0,2560.0,99900
2026-02-09 14:45:00,2560.0,2570.0,2560.0,2570.0,125000
2026-02-09 14:50:00,2560.0,2580.0,2560.0,2570.0,159800
2026-02-09 14:55:00,2570.0,2570.0,2560.0,2570.0,17900
2026-02-09 15:00:00,2560.0,2570.0,2560.0,2560.0,121700
2026-02-09 15:05:00,2560.0,2570.0,2560.0,2560.0,105100
2026-02-09 15:10:00,2560.0,2570.0,2560.0,2560.0,102800
2026-02-09 15:15:00,2560.0,2570.0,2560.0,2570.0,163500
2026-02-09 15:20:00,2570.0,2600.0,2570.0,2600.0,494800
2026-02-09 15:25:00,2590.0,2600.0,2590.0,2590.0,196900
2026-02-09 15:30:00,2590.0,2590.0,2580.0,2590.0,14600
2026-02-09 15:35:00,2590.0,2590.0,2570.0,2570.0,213900
2026-02-09 15:40:00,2570.0,2580.0,2560.0,2570.0,136000
2026-02-09 15:45:00,2580.0,2580.0,2560.0,2560.0,120000
2026-02-09 16:00:00,2570.0,2570.0,2570.0,2570.0,343500
2026-02-10 09:00:00,2570.0,2590.0,2570.0,2580.0,0
2026-02-10 09:05:00,2570.0,2590.0,2570.0,2580.0,82400
2026-02-10 09:10:00,2590.0,2590.0,2580.0,2580.0,11300
2026-02-10 09:15:00,2590.0,2600.0,2580.0,2580.0,213800
2026-02-10 09:20:00,2580.0,2590.0,2580.0,2580.0,63300
2026-02-10 09:25:00,2580.0,2590.0,2580.0,2580.0,55400
2026-02-10 09:30:00,2580.0,2600.0,2580.0,2600.0,90300
2026-02-10 09:35:00,2590.0,2620.0,2590.0,2620.0,708300
2026-02-10 09:40:00,2610.0,2620.0,2610.0,2610.0,90400
2026-02-10 09:45:00,2610.0,2630.0,2610.0,2620.0,731900
2026-02-10 09:50:00,2620.0,2630.0,2620.0,2630.0,273500
2026-02-10 09:55:00,2620.0,2630.0,2610.0,2620.0,493200
2026-02-10 10:00:00,2620.0,2650.0,2620.0,2640.0,1278300
2026-02-10 10:05:00,2640.0,2650.0,2630.0,2640.0,244700
2026-02-10 10:10:00,2640.0,2640.0,2630.0,2640.0,264700
2026-02-10 10:15:00,2640.0,2640.0,2630.0,2630.0,484400
2026-02-10 10:20:00,2630.0,2630.0,2620.0,2630.0,9700
2026-02-10 10:25:00,2630.0,2650.0,2630.0,2640.0,1254800
2026-02-10 10:30:00,2640.0,2680.0,2630.0,2680.0,1429700
2026-02-10 10:35:00,2670.0,2680.0,2670.0,2670.0,360400
2026-02-10 10:40:00,2670.0,2680.0,2670.0,2670.0,371000
2026-02-10 10:45:00,2670.0,2680.0,2660.0,2670.0,204800
2026-02-10 10:50:00,2670.0,2690.0,2660.0,2680.0,519200
2026-02-10 10:55:00,2680.0,2690.0,2680.0,2690.0,84100
2026-02-10 11:00:00,2690.0,2780.0,2690.0,2770.0,5493100
2026-02-10 11:05:00,2780.0,2780.0,2750.0,2750.0,1922200
2026-02-10 11:10:00,2750.0,2770.0,2750.0,2750.0,834800
2026-02-10 11:15:00,2750.0,2770.0,2740.0,2760.0,1102300
2026-02-10 11:20:00,2760.0,2790.0,2760.0,2780.0,1714700
2026-02-10 11:25:00,2780.0,2790.0,2770.0,2790.0,1015100
2026-02-10 11:30:00,2780.0,2790.0,2780.0,2790.0,1013000
2026-02-10 11:35:00,2780.0,2780.0,2760.0,2760.0,1136000
2026-02-10 11:40:00,2770.0,2780.0,2760.0,2780.0,324400
2026-02-10 11:45:00,2780.0,2780.0,2770.0,2770.0,375900
2026-02-10 11:50:00,2770.0,2780.0,2760.0,2770.0,133800
2026-02-10 11:55:00,2760.0,2770.0,2750.0,2750.0,178200
2026-02-10 13:30:00,2750.0,2790.0,2730.0,2770.0,1742400
2026-02-10 13:35:00,2780.0,2780.0,2770.0,2770.0,542800
2026-02-10 13:40:00,2770.0,2770.0,2760.0,2770.0,50300
2026-02-10 13:45:00,2760.0,2770.0,2750.0,2750.0,975200
2026-02-10 13:50:00,2750.0,2770.0,2750.0,2760.0,217200
2026-02-10 13:55:00,2750.0,2760.0,2750.0,2760.0,112700
2026-02-10 14:00:00,2750.0,2770.0,2750.0,2770.0,526400
2026-02-10 14:05:00,2760.0,2770.0,2760.0,2770.0,143300
2026-02-10 14:10:00,2760.0,2770.0,2760.0,2760.0,83300
2026-02-10 14:15:00,2760.0,2770.0,2750.0,2760.0,463800
2026-02-10 14:20:00,2760.0,2760.0,2760.0,2760.0,283300
2026-02-10 14:25:00,2760.0,2770.0,2760.0,2760.0,174100
2026-02-10 14:30:00,2760.0,2770.0,2760.0,2760.0,365200
2026-02-10 14:35:00,2760.0,2770.0,2760.0,2760.0,319400
2026-02-10 14:40:00,2760.0,2770.0,2760.0,2760.0,169700
2026-02-10 14:45:00,2760.0,2770.0,2750.0,2750.0,153400
2026-02-10 14:50:00,2750.0,2770.0,2740.0,2760.0,628800
2026-02-10 14:55:00,2770.0,2800.0,2760.0,2800.0,3384000
2026-02-10 15:00:00,2800.0,2830.0,2800.0,2810.0,2972300
2026-02-10 15:05:00,2800.0,2820.0,2800.0,2810.0,360700
2026-02-10 15:10:00,2810.0,2830.0,2800.0,2810.0,706400
2026-02-10 15:15:00,2810.0,2820.0,2810.0,2810.0,468300
2026-02-10 15:20:00,2810.0,2820.0,2800.0,2810.0,628900
2026-02-10 15:25:00,2810.0,2810.0,2800.0,2800.0,599500
2026-02-10 15:30:00,2800.0,2820.0,2800.0,2810.0,394500
2026-02-10 15:35:00,2810.0,2820.0,2810.0,2820.0,262200
2026-02-10 15:40:00,2810.0,2830.0,2810.0,2820.0,1148500
2026-02-10 15:45:00,2820.0,2820.0,2780.0,2800.0,626300
2026-02-10 16:00:00,2800.0,2800.0,2800.0,2800.0,1709000
2026-02-10 16:05:00,2800.0,2800.0,2800.0,2800.0,40400
2026-02-10 16:10:00,2800.0,2800.0,2800.0,2800.0,0
2026-02-11 09:00:00,2810.0,2810.0,2760.0,2780.0,0
2026-02-11 09:05:00,2770.0,2780.0,2760.0,2760.0,271800
2026-02-11 09:10:00,2770.0,2770.0,2760.0,2770.0,175300
2026-02-11 09:15:00,2770.0,2770.0,2750.0,2750.0,198100
2026-02-11 09:20:00,2760.0,2760.0,2750.0,2760.0,109900
2026-02-11 09:25:00,2760.0,2760.0,2740.0,2740.0,534600
2026-02-11 09:30:00,2740.0,2750.0,2730.0,2740.0,131200
2026-02-11 09:35:00,2730.0,2740.0,2720.0,2740.0,510000
2026-02-11 09:40:00,2740.0,2760.0,2740.0,2760.0,273500
2026-02-11 09:45:00,2760.0,2770.0,2750.0,2770.0,162800
2026-02-11 09:50:00,2760.0,2770.0,2760.0,2770.0,215200
2026-02-11 09:55:00,2770.0,2780.0,2770.0,2770.0,108400
2026-02-11 10:00:00,2770.0,2770.0,2760.0,2770.0,24400
2026-02-11 10:05:00,2770.0,2770.0,2760.0,2770.0,130900
2026-02-11 10:10:00,2760.0,2770.0,2760.0,2770.0,106900
2026-02-11 10:15:00,2770.0,2770.0,2770.0,2770.0,32700
2026-02-11 10:20:00,2770.0,2780.0,2770.0,2780.0,18500
2026-02-11 10:25:00,2780.0,2780.0,2770.0,2770.0,182300
2026-02-11 10:30:00,2770.0,2770.0,2760.0,2760.0,28100
2026-02-11 10:35:00,2760.0,2770.0,2760.0,2770.0,131300
2026-02-11 10:40:00,2760.0,2770.0,2760.0,2760.0,19300
2026-02-11 10:45:00,2770.0,2770.0,2750.0,2760.0,262800
2026-02-11 10:50:00,2760.0,2770.0,2750.0,2770.0,159800
2026-02-11 10:55:00,2770.0,2770.0,2750.0,2750.0,101500
2026-02-11 11:00:00,2760.0,2760.0,2750.0,2750.0,36600
2026-02-11 11:05:00,2750.0,2760.0,2750.0,2750.0,80800
2026-02-11 11:10:00,2750.0,2760.0,2750.0,2760.0,302700
2026-02-11 11:15:00,2760.0,2820.0,2760.0,2810.0,1631000
2026-02-11 11:20:00,2810.0,2810.0,2800.0,2800.0,78900
2026-02-11 11:25:00,2800.0,2820.0,2800.0,2800.0,242700
2026-02-11 11:30:00,2800.0,2810.0,2800.0,2810.0,39200
2026-02-11 11:35:00,2800.0,2810.0,2800.0,2810.0,85900
2026-02-11 11:40:00,2810.0,2810.0,2800.0,2810.0,189800
2026-02-11 11:45:00,2810.0,2810.0,2800.0,2800.0,32300
2026-02-11 11:50:00,2800.0,2810.0,2790.0,2800.0,637900
2026-02-11 11:55:00,2800.0,2810.0,2790.0,2800.0,548600
2026-02-11 13:30:00,2800.0,2810.0,2800.0,2800.0,768600
2026-02-11 13:35:00,2810.0,2810.0,2800.0,2810.0,79600
2026-02-11 13:40:00,2810.0,2820.0,2800.0,2800.0,216200
2026-02-11 13:45:00,2800.0,2810.0,2790.0,2800.0,969200
2026-02-11 13:50:00,2810.0,2810.0,2800.0,2800.0,30800
2026-02-11 13:55:00,2800.0,2810.0,2800.0,2800.0,47500
2026-02-11 14:00:00,2800.0,2810.0,2800.0,2800.0,83400
2026-02-11 14:05:00,2800.0,2810.0,2800.0,2810.0,457600
2026-02-11 14:10:00,2810.0,2810.0,2800.0,2800.0,8800
2026-02-11 14:15:00,2800.0,2810.0,2800.0,2810.0,70500
2026-02-11 14:20:00,2810.0,2820.0,2800.0,2810.0,73400
2026-02-11 14:25:00,2810.0,2820.0,2800.0,2810.0,156100
2026-02-11 14:30:00,2810.0,2820.0,2800.0,2800.0,0
2026-02-11 14:35:00,2810.0,2810.0,2800.0,2810.0,139100
2026-02-11 14:40:00,2810.0,2820.0,2810.0,2810.0,68500
2026-02-11 14:45:00,2810.0,2820.0,2810.0,2820.0,58700
2026-02-11 14:50:00,2810.0,2820.0,2810.0,2810.0,52900
2026-02-11 14:55:00,2810.0,2820.0,2800.0,2810.0,193700
2026-02-11 15:00:00,2810.0,2820.0,2810.0,2810.0,166600
2026-02-11 15:05:00,2810.0,2820.0,2810.0,2810.0,49800
2026-02-11 15:10:00,2820.0,2820.0,2810.0,2810.0,11700
2026-02-11 15:15:00,2810.0,2820.0,2810.0,2820.0,646500
2026-02-11 15:20:00,2820.0,2830.0,2810.0,2810.0,208000
2026-02-11 15:25:00,2810.0,2820.0,2810.0,2810.0,14700
2026-02-11 15:30:00,2820.0,2820.0,2810.0,2810.0,14700
2026-02-11 15:35:00,2810.0,2830.0,2810.0,2820.0,236000
2026-02-11 15:40:00,2820.0,2830.0,2820.0,2820.0,341500
2026-02-11 15:45:00,2820.0,2830.0,2820.0,2830.0,184300
2026-02-11 16:00:00,2830.0,2830.0,2830.0,2830.0,533800
2026-02-11 16:05:00,2830.0,2830.0,2830.0,2830.0,9500
2026-02-11 16:10:00,2830.0,2830.0,2830.0,2830.0,1900
2026-02-12 09:00:00,2830.0,2850.0,2820.0,2850.0,0
2026-02-12 09:05:00,2850.0,2880.0,2840.0,2850.0,768400
2026-02-12 09:10:00,2850.0,2890.0,2850.0,2890.0,717900
2026-02-12 09:15:00,2880.0,2880.0,2860.0,2870.0,304400
2026-02-12 09:20:00,2860.0,2870.0,2850.0,2850.0,394300
2026-02-12 09:25:00,2850.0,2860.0,2840.0,2860.0,227800
2026-02-12 09:30:00,2870.0,2870.0,2840.0,2850.0,319100
2026-02-12 09:35:00,2840.0,2850.0,2830.0,2840.0,213800
2026-02-12 09:40:00,2830.0,2840.0,2830.0,2830.0,23300
2026-02-12 09:45:00,2830.0,2850.0,2830.0,2840.0,98600
2026-02-12 09:50:00,2840.0,2850.0,2830.0,2850.0,187100
2026-02-12 09:55:00,2850.0,2860.0,2850.0,2860.0,101600
2026-02-12 10:00:00,2860.0,2860.0,2840.0,2840.0,49000
2026-02-12 10:05:00,2840.0,2850.0,2840.0,2850.0,65000
2026-02-12 10:10:00,2850.0,2860.0,2850.0,2850.0,104800
2026-02-12 10:15:00,2850.0,2870.0,2850.0,2870.0,76000
2026-02-12 10:20:00,2860.0,2870.0,2860.0,2860.0,35100
2026-02-12 10:25:00,2850.0,2850.0,2850.0,2850.0,5700
2026-02-12 10:30:00,2850.0,2860.0,2850.0,2860.0,56600
2026-02-12 10:35:00,2860.0,2860.0,2850.0,2850.0,17500
2026-02-12 10:40:00,2850.0,2860.0,2850.0,2860.0,66100
2026-02-12 10:45:00,2860.0,2870.0,2860.0,2870.0,63900
2026-02-12 10:50:00,2870.0,2880.0,2860.0,2870.0,286300
2026-02-12 10:55:00,2870.0,2870.0,2860.0,2860.0,110500
2026-02-12 11:00:00,2860.0,2880.0,2860.0,2870.0,179700
2026-02-12 11:05:00,2870.0,2880.0,2870.0,2870.0,124300
2026-02-12 11:10:00,2880.0,2880.0,2860.0,2870.0,35400
2026-02-12 11:15:00,2870.0,2880.0,2870.0,2880.0,34000
2026-02-12 11:20:00,2870.0,2880.0,2870.0,2880.0,20700
2026-02-12 11:25:00,2880.0,2880.0,2870.0,2880.0,9400
2026-02-12 11:30:00,2880.0,2890.0,2870.0,2880.0,621000
2026-02-12 11:35:00,2880.0,2880.0,2870.0,2870.0,150800
2026-02-12 11:40:00,2870.0,2880.0,2870.0,2870.0,3200
2026-02-12 11:45:00,2880.0,2880.0,2870.0,2870.0,68400
2026-02-12 11:50:00,2870.0,2870.0,2870.0,2870.0,8500
2026-02-12 11:55:00,2870.0,2880.0,2870.0,2870.0,434400
2026-02-12 13:30:00,2880.0,2890.0,2860.0,2880.0,200100
2026-02-12 13:35:00,2890.0,2890.0,2880.0,2890.0,212900
2026-02-12 13:40:00,2890.0,2890.0,2880.0,2880.0,208900
2026-02-12 13:45:00,2880.0,2920.0,2880.0,2910.0,2987900
2026-02-12 13:50:00,2910.0,2910.0,2900.0,2910.0,198700
2026-02-12 13:55:00,2900.0,2910.0,2900.0,2910.0,119400
2026-02-12 14:00:00,2900.0,2910.0,2900.0,2900.0,190800
2026-02-12 14:05:00,2900.0,2910.0,2900.0,2900.0,71900
2026-02-12 14:10:00,2910.0,2920.0,2900.0,2920.0,732600
2026-02-12 14:15:00,2920.0,2930.0,2920.0,2930.0,326900
2026-02-12 14:20:00,2930.0,2940.0,2920.0,2930.0,711300
2026-02-12 14:25:00,2920.0,2930.0,2920.0,2920.0,203000
2026-02-12 14:30:00,2920.0,2940.0,2920.0,2930.0,452600
2026-02-12 14:35:00,2930.0,2940.0,2930.0,2930.0,286600
2026-02-12 14:40:00,2930.0,2930.0,2920.0,2920.0,312600
2026-02-12 14:45:00,2920.0,2940.0,2920.0,2930.0,298700
2026-02-12 14:50:00,2940.0,2940.0,2930.0,2930.0,205900
2026-02-12 14:55:00,2930.0,2940.0,2930.0,2930.0,1212800
2026-02-12 15:00:00,2940.0,3000.0,2930.0,3000.0,4162600
2026-02-12 15:05:00,2990.0,3020.0,2990.0,3020.0,3047700
2026-02-12 15:10:00,3020.0,3020.0,3000.0,3000.0,796600
2026-02-12 15:15:00,3010.0,3020.0,3000.0,3010.0,368600
2026-02-12 15:20:00,3020.0,3140.0,3010.0,3130.0,5710200
2026-02-12 15:25:00,3140.0,3190.0,3100.0,3180.0,5068100
2026-02-12 15:30:00,3180.0,3220.0,3160.0,3200.0,4011000
2026-02-12 15:35:00,3210.0,3230.0,3150.0,3220.0,2944000
2026-02-12 15:40:00,3220.0,3260.0,3210.0,3220.0,5714100
2026-02-12 15:45:00,3220.0,3240.0,3150.0,3150.0,2392700
2026-02-12 16:00:00,3200.0,3200.0,3200.0,3200.0,5114400
2026-02-12 16:05:00,3200.0,3200.0,3200.0,3200.0,346500
2026-02-12 16:10:00,3200.0,3200.0,3200.0,3200.0,272400
2026-02-13 09:00:00,3150.0,3160.0,3100.0,3120.0,0
2026-02-13 09:05:00,3120.0,3130.0,3090.0,3090.0,2330200
2026-02-13 09:10:00,3100.0,3100.0,3070.0,3080.0,1283700
2026-02-13 09:15:00,3070.0,3090.0,3060.0,3080.0,1457000
2026-02-13 09:20:00,3080.0,3110.0,3070.0,3100.0,1447800
2026-02-13 09:25:00,3100.0,3110.0,3070.0,3090.0,727900
2026-02-13 09:30:00,3100.0,3100.0,3080.0,3080.0,804300
2026-02-13 09:35:00,3090.0,3090.0,3060.0,3070.0,723800
2026-02-13 09:40:00,3070.0,3080.0,3070.0,3070.0,255600
2026-02-13 09:45:00,3070.0,3080.0,3060.0,3070.0,557900
2026-02-13 09:50:00,3060.0,3070.0,3060.0,3070.0,239000
2026-02-13 09:55:00,3070.0,3090.0,3070.0,3090.0,216700
2026-02-13 10:00:00,3090.0,3090.0,3080.0,3080.0,106700
2026-02-13 10:05:00,3080.0,3080.0,3070.0,3080.0,279900
2026-02-13 10:10:00,3080.0,3090.0,3080.0,3090.0,223600
2026-02-13 10:15:00,3090.0,3090.0,3080.0,3080.0,36600
2026-02-13 10:20:00,3090.0,3090.0,3080.0,3080.0,24900
2026-02-13 10:25:00,3080.0,3090.0,3070.0,3070.0,800400
2026-02-13 10:30:00,3080.0,3080.0,3060.0,3070.0,541300
2026-02-13 10:35:00,3070.0,3080.0,3070.0,3070.0,53300
2026-02-13 10:40:00,3070.0,3090.0,3070.0,3080.0,247400
2026-02-13 10:45:00,3080.0,3090.0,3060.0,3060.0,391400
2026-02-13 10:50:00,3060.0,3070.0,3050.0,3060.0,764500
2026-02-13 10:55:00,3050.0,3060.0,3050.0,3050.0,174000
2026-02-13 11:00:00,3050.0,3060.0,3000.0,3030.0,4289700
2026-02-13 11:05:00,3020.0,3040.0,3020.0,3030.0,524100
2026-02-13 11:10:00,3030.0,3040.0,3020.0,3040.0,259000
2026-02-13 11:15:00,3040.0,3040.0,3030.0,3040.0,97800
2026-02-13 11:20:00,3040.0,3050.0,3030.0,3050.0,166700
2026-02-13 11:25:00,3050.0,3050.0,3040.0,3050.0,116400
2026-02-13 14:00:00,3050.0,3050.0,3030.0,3040.0,457700
2026-02-13 14:05:00,3040.0,3040.0,3030.0,3040.0,179200
2026-02-13 14:10:00,3040.0,3040.0,3020.0,3030.0,480300
2026-02-13 14:15:00,3030.0,3050.0,3020.0,3050.0,1022400
2026-02-13 14:20:00,3050.0,3060.0,3040.0,3040.0,213400
2026-02-13 14:25:00,3050.0,3050.0,3040.0,3040.0,108600
2026-02-13 14:30:00,3040.0,3050.0,3030.0,3040.0,218000
2026-02-13 14:35:00,3040.0,3050.0,3040.0,3050.0,135100
2026-02-13 14:40:00,3040.0,3050.0,3040.0,3040.0,293200
2026-02-13 14:45:00,3040.0,3040.0,3030.0,3040.0,121200
2026-02-13 14:50:00,3040.0,3040.0,3030.0,3040.0,380500
2026-02-13 14:55:00,3030.0,3040.0,3020.0,3030.0,804400
2026-02-13 15:00:00,3030.0,3040.0,3020.0,3020.0,742500
2026-02-13 15:05:00,3030.0,3030.0,3010.0,3010.0,474700
2026-02-13 15:10:00,3010.0,3030.0,3010.0,3020.0,1130700
2026-02-13 15:15:00,3020.0,3030.0,3020.0,3020.0,304600
2026-02-13 15:20:00,3020.0,3030.0,3020.0,3020.0,402300
2026-02-13 15:25:00,3030.0,3040.0,3020.0,3040.0,719000
2026-02-13 15:30:00,3030.0,3040.0,3030.0,3030.0,997800
2026-02-13 15:35:00,3030.0,3050.0,3030.0,3030.0,1006400
2026-02-13 15:40:00,3040.0,3060.0,3030.0,3040.0,910100
2026-02-13 15:45:00,3040.0,3060.0,3040.0,3060.0,1012800
2026-02-13 16:00:00,3010.0,3010.0,3010.0,3010.0,2063800
2026-02-13 16:05:00,3010.0,3010.0,3010.0,3010.0,101600
2026-02-13 16:10:00,3010.0,3010.0,3010.0,3010.0,23500
2026-02-18 09:00:00,3020.0,3050.0,3010.0,3050.0,0
2026-02-18 09:05:00,3050.0,3050.0,3020.0,3020.0,398600
2026-02-18 09:10:00,3020.0,3040.0,3010.0,3030.0,252600
2026-02-18 09:15:00,3040.0,3040.0,3020.0,3030.0,128600
2026-02-18 09:20:00,3020.0,3020.0,2970.0,2990.0,1127400
2026-02-18 09:25:00,2980.0,2990.0,2970.0,2980.0,436100
2026-02-18 09:30:00,2980.0,2980.0,2970.0,2980.0,355400
2026-02-18 09:35:00,2970.0,2980.0,2970.0,2980.0,203200
2026-02-18 09:40:00,2970.0,2990.0,2970.0,2980.0,280100
2026-02-18 09:45:00,2970.0,2980.0,2930.0,2960.0,1029700
2026-02-18 09:50:00,2970.0,2970.0,2960.0,2970.0,91900
2026-02-18 09:55:00,2960.0,2970.0,2960.0,2960.0,167100
2026-02-18 10:00:00,2960.0,2960.0,2940.0,2950.0,472600
2026-02-18 10:05:00,2950.0,2960.0,2940.0,2950.0,298300
2026-02-18 10:10:00,2950.0,2970.0,2950.0,2960.0,94600
2026-02-18 10:15:00,2960.0,2970.0,2950.0,2960.0,106400
2026-02-18 10:20:00,2960.0,2970.0,2960.0,2970.0,105700
2026-02-18 10:25:00,2970.0,2970.0,2950.0,2950.0,81700
2026-02-18 10:30:00,2960.0,2960.0,2950.0,2950.0,79300
2026-02-18 10:35:00,2950.0,2960.0,2940.0,2950.0,276000
2026-02-18 10:40:00,2960.0,2960.0,2950.0,2960.0,63500
2026-02-18 10:45:00,2960.0,2960.0,2950.0,2960.0,24600
2026-02-18 10:50:00,2960.0,2960.0,2950.0,2960.0,22900
2026-02-18 10:55:00,2950.0,2960.0,2950.0,2950.0,20100
2026-02-18 11:00:00,2950.0,2960.0,2950.0,2950.0,41500
2026-02-18 11:05:00,2950.0,2960.0,2950.0,2960.0,24200
2026-02-18 11:10:00,2950.0,2960.0,2950.0,2950.0,99200
2026-02-18 11:15:00,2960.0,2960.0,2950.0,2960.0,26600
2026-02-18 11:20:00,2960.0,2960.0,2950.0,2960.0,117700
2026-02-18 11:25:00,2960.0,2960.0,2950.0,2960.0,53400
2026-02-18 11:30:00,2960.0,2960.0,2950.0,2960.0,35000
2026-02-18 11:35:00,2960.0,2970.0,2950.0,2970.0,131700
2026-02-18 11:40:00,2960.0,2970.0,2960.0,2960.0,5800
2026-02-18 11:45:00,2970.0,2970.0,2960.0,2960.0,125400
2026-02-18 11:50:00,2960.0,2960.0,2940.0,2950.0,275600
2026-02-18 11:55:00,2950.0,2950.0,2940.0,2940.0,20200
2026-02-18 13:30:00,2950.0,2950.0,2930.0,2940.0,655100
2026-02-18 13:35:00,2940.0,2940.0,2930.0,2940.0,233200
2026-02-18 13:40:00,2940.0,2950.0,2930.0,2950.0,286600
2026-02-18 13:45:00,2950.0,2970.0,2950.0,2970.0,905400
2026-02-18 13:50:00,2960.0,2960.0,2950.0,2960.0,156300
2026-02-18 13:55:00,2950.0,2960.0,2940.0,2940.0,469500
2026-02-18 14:00:00,2940.0,2950.0,2940.0,2940.0,76500
2026-02-18 14:05:00,2950.0,2950.0,2930.0,2940.0,177100
2026-02-18 14:10:00,2940.0,2950.0,2940.0,2950.0,38400
2026-02-18 14:15:00,2950.0,2950.0,2940.0,2950.0,295700
2026-02-18 14:20:00,2960.0,2960.0,2940.0,2960.0,66800
2026-02-18 14:25:00,2950.0,2950.0,2940.0,2940.0,103400
2026-02-18 14:30:00,2950.0,2950.0,2940.0,2940.0,25600
2026-02-18 14:35:00,2940.0,2950.0,2940.0,2950.0,41300
2026-02-18 14:40:00,2950.0,2950.0,2940.0,2940.0,13900
2026-02-18 14:45:00,2940.0,2950.0,2940.0,2940.0,9800
2026-02-18 14:50:00,2940.0,2950.0,2940.0,2940.0,56800
2026-02-18 14:55:00,2940.0,2950.0,2940.0,2940.0,150600
2026-02-18 15:00:00,2940.0,2950.0,2940.0,2940.0,150600
2026-02-18 15:05:00,2940.0,2940.0,2940.0,2940.0,17000
2026-02-18 15:10:00,2940.0,2950.0,2940.0,2940.0,45400
2026-02-18 15:15:00,2950.0,2950.0,2940.0,2950.0,16100
2026-02-18 15:20:00,2940.0,2950.0,2940.0,2950.0,35700
2026-02-18 15:25:00,2950.0,2950.0,2940.0,2950.0,245300
2026-02-18 15:30:00,2940.0,2950.0,2940.0,2940.0,194900
2026-02-18 15:35:00,2950.0,2950.0,2940.0,2940.0,44200
2026-02-18 15:40:00,2940.0,2950.0,2940.0,2950.0,68200
2026-02-18 15:45:00,2940.0,2950.0,2940.0,2950.0,555400
2026-02-18 16:00:00,2950.0,2950.0,2950.0,2950.0,534500
2026-02-18 16:05:00,2950.0,2950.0,2950.0,2950.0,73500
2026-02-18 16:10:00,2950.0,2950.0,2950.0,2950.0,15900
2026-02-19 09:00:00,2970.0,2980.0,2930.0,2950.0,0
2026-02-19 09:05:00,2950.0,2970.0,2940.0,2970.0,112700
2026-02-19 09:10:00,2970.0,2970.0,2950.0,2950.0,340600
2026-02-19 09:15:00,2960.0,2960.0,2930.0,2940.0,224700
2026-02-19 09:20:00,2940.0,2960.0,2930.0,2950.0,174300
2026-02-19 09:25:00,2940.0,2960.0,2940.0,2950.0,211100
2026-02-19 09:30:00,2950.0,2960.0,2940.0,2960.0,51300
2026-02-19 09:35:00,2950.0,2960.0,2940.0,2950.0,113000
2026-02-19 09:40:00,2950.0,2950.0,2940.0,2940.0,26800
2026-02-19 09:45:00,2940.0,2950.0,2930.0,2940.0,611600
2026-02-19 09:50:00,2940.0,2950.0,2930.0,2930.0,74200
2026-02-19 09:55:00,2940.0,2940.0,2920.0,2920.0,431000
2026-02-19 10:00:00,2930.0,2930.0,2910.0,2920.0,280100
2026-02-19 10:05:00,2930.0,2930.0,2920.0,2930.0,59100
2026-02-19 10:10:00,2920.0,2930.0,2910.0,2910.0,51100
2026-02-19 10:15:00,2920.0,2930.0,2910.0,2930.0,141800
2026-02-19 10:20:00,2920.0,2930.0,2910.0,2920.0,73200
2026-02-19 10:25:00,2920.0,2920.0,2910.0,2920.0,95200
2026-02-19 10:30:00,2920.0,2920.0,2910.0,2920.0,48400
2026-02-19 10:35:00,2920.0,2930.0,2920.0,2920.0,93800
2026-02-19 10:40:00,2930.0,2930.0,2920.0,2930.0,13200
2026-02-19 10:45:00,2930.0,2930.0,2920.0,2930.0,17600
2026-02-19 10:50:00,2920.0,2930.0,2920.0,2930.0,2800
2026-02-19 10:55:00,2920.0,2930.0,2910.0,2910.0,237500
2026-02-19 11:00:00,2910.0,2920.0,2910.0,2920.0,278000
2026-02-19 11:05:00,2920.0,2920.0,2910.0,2910.0,196500
2026-02-19 11:10:00,2910.0,2910.0,2900.0,2910.0,250900
2026-02-19 11:15:00,2900.0,2910.0,2900.0,2910.0,211600
2026-02-19 11:20:00,2910.0,2910.0,2890.0,2890.0,596800
2026-02-19 11:25:00,2890.0,2900.0,2860.0,2870.0,747700
2026-02-19 11:30:00,2870.0,2880.0,2870.0,2880.0,450200
2026-02-19 11:35:00,2880.0,2890.0,2870.0,2880.0,858900
2026-02-19 11:40:00,2880.0,2890.0,2870.0,2890.0,32200
2026-02-19 11:45:00,2890.0,2890.0,2870.0,2890.0,169100
2026-02-19 11:50:00,2890.0,2890.0,2870.0,2890.0,342100
2026-02-19 11:55:00,2880.0,2880.0,2870.0,2880.0,47500
2026-02-19 13:30:00,2880.0,2900.0,2860.0,2880.0,1027800
2026-02-19 13:35:00,2880.0,2880.0,2870.0,2880.0,60200
2026-02-19 13:40:00,2880.0,2880.0,2870.0,2870.0,23000
2026-02-19 13:45:00,2870.0,2890.0,2870.0,2890.0,47600
2026-02-19 13:50:00,2890.0,2890.0,2880.0,2880.0,42700
2026-02-19 13:55:00,2880.0,2890.0,2880.0,2880.0,36300
2026-02-19 14:00:00,2880.0,2890.0,2880.0,2890.0,17100
2026-02-19 14:05:00,2890.0,2890.0,2870.0,2880.0,183000
2026-02-19 14:10:00,2880.0,2880.0,2870.0,2870.0,73300
2026-02-19 14:15:00,2870.0,2880.0,2860.0,2870.0,336900
2026-02-19 14:20:00,2870.0,2880.0,2870.0,2880.0,162200
2026-02-19 14:25:00,2870.0,2870.0,2860.0,2870.0,118600
2026-02-19 14:30:00,2860.0,2870.0,2860.0,2860.0,86200
2026-02-19 14:35:00,2860.0,2870.0,2860.0,2870.0,30300
2026-02-19 14:40:00,2870.0,2870.0,2860.0,2870.0,37700
2026-02-19 14:45:00,2860.0,2870.0,2860.0,2870.0,172800
2026-02-19 14:50:00,2870.0,2880.0,2870.0,2880.0,50600
2026-02-19 14:55:00,2880.0,2880.0,2870.0,2870.0,8100
2026-02-19 15:00:00,2870.0,2880.0,2870.0,2870.0,113600
2026-02-19 15:05:00,2880.0,2880.0,2870.0,2870.0,70800
2026-02-19 15:10:00,2870.0,2880.0,2860.0,2880.0,128700
2026-02-19 15:15:00,2880.0,2880.0,2870.0,2870.0,109500
2026-02-19 15:20:00,2880.0,2880.0,2870.0,2870.0,57600
2026-02-19 15:25:00,2880.0,2880.0,2860.0,2870.0,152800
2026-02-19 15:30:00,2870.0,2880.0,2860.0,2880.0,276300
2026-02-19 15:35:00,2870.0,2880.0,2860.0,2870.0,286200
2026-02-19 15:40:00,2860.0,2870.0,2860.0,2870.0,300000
2026-02-19 15:45:00,2880.0,2880.0,2860.0,2870.0,193700
2026-02-19 16:00:00,2860.0,2860.0,2860.0,2860.0,915400
2026-02-19 16:05:00,2860.0,2860.0,2860.0,2860.0,49900
2026-02-19 16:10:00,2860.0,2860.0,2860.0,2860.0,123100
2026-02-20 09:00:00,2880.0,2940.0,2860.0,2930.0,0
2026-02-20 09:05:00,2930.0,2940.0,2920.0,2920.0,581600
2026-02-20 09:10:00,2920.0,2980.0,2920.0,2980.0,1944500
2026-02-20 09:15:00,2980.0,2990.0,2950.0,2980.0,1795300
2026-02-20 09:20:00,2990.0,2990.0,2960.0,2970.0,1367400
2026-02-20 09:25:00,2960.0,3030.0,2950.0,3030.0,2991500
2026-02-20 09:30:00,3030.0,3050.0,3020.0,3050.0,2843500
2026-02-20 09:35:00,3050.0,3050.0,3030.0,3040.0,945500
2026-02-20 09:40:00,3040.0,3050.0,3010.0,3020.0,904200
2026-02-20 09:45:00,3020.0,3030.0,3010.0,3020.0,73000
2026-02-20 09:50:00,3010.0,3020.0,3010.0,3010.0,250500
2026-02-20 09:55:00,3010.0,3030.0,3010.0,3020.0,207600
2026-02-20 10:00:00,3020.0,3030.0,3020.0,3020.0,145400
2026-02-20 10:05:00,3020.0,3040.0,3020.0,3030.0,317000
2026-02-20 10:10:00,3040.0,3040.0,3030.0,3030.0,90600
2026-02-20 10:15:00,3040.0,3050.0,3030.0,3050.0,474000
2026-02-20 10:20:00,3040.0,3090.0,3040.0,3080.0,2708800
2026-02-20 10:25:00,3080.0,3080.0,3060.0,3060.0,876400
2026-02-20 10:30:00,3050.0,3060.0,3050.0,3060.0,201100
2026-02-20 10:35:00,3060.0,3070.0,3060.0,3060.0,241300
2026-02-20 10:40:00,3070.0,3080.0,3060.0,3060.0,416900
2026-02-20 10:45:00,3060.0,3070.0,3060.0,3070.0,605900
2026-02-20 10:50:00,3060.0,3070.0,3060.0,3060.0,108300
2026-02-20 10:55:00,3060.0,3100.0,3060.0,3090.0,1753500
2026-02-20 11:00:00,3090.0,3090.0,3060.0,3070.0,1182100
2026-02-20 11:05:00,3070.0,3080.0,3060.0,3080.0,288000
2026-02-20 11:10:00,3070.0,3080.0,3060.0,3070.0,314200
2026-02-20 11:15:00,3070.0,3070.0,3060.0,3070.0,208200
2026-02-20 11:20:00,3070.0,3070.0,3060.0,3060.0,915600
2026-02-20 11:25:00,3060.0,3060.0,3040.0,3050.0,419600
2026-02-20 14:00:00,3050.0,3060.0,3040.0,3050.0,1066000
2026-02-20 14:05:00,3050.0,3060.0,3050.0,3050.0,480500
2026-02-20 14:10:00,3050.0,3060.0,3050.0,3050.0,110700
2026-02-20 14:15:00,3050.0,3070.0,3050.0,3070.0,362500
2026-02-20 14:20:00,3060.0,3070.0,3060.0,3060.0,109800
2026-02-20 14:25:00,3060.0,3070.0,3060.0,3070.0,80300
2026-02-20 14:30:00,3060.0,3070.0,3060.0,3060.0,211700
2026-02-20 14:35:00,3070.0,3070.0,3060.0,3070.0,342400
2026-02-20 14:40:00,3070.0,3080.0,3060.0,3070.0,395300
2026-02-20 14:45:00,3080.0,3080.0,3070.0,3070.0,180800
2026-02-20 14:50:00,3070.0,3080.0,3070.0,3070.0,401500
2026-02-20 14:55:00,3070.0,3080.0,3070.0,3070.0,159200
2026-02-20 15:00:00,3070.0,3080.0,3070.0,3070.0,110600
2026-02-20 15:05:00,3080.0,3090.0,3070.0,3080.0,853600
2026-02-20 15:10:00,3080.0,3090.0,3080.0,3080.0,502000
2026-02-20 15:15:00,3080.0,3090.0,3080.0,3080.0,73500
2026-02-20 15:20:00,3080.0,3090.0,3070.0,3070.0,1556800
2026-02-20 15:25:00,3070.0,3080.0,3050.0,3050.0,1297100
2026-02-20 15:30:00,3050.0,3070.0,3050.0,3050.0,514200
2026-02-20 15:35:00,3060.0,3060.0,3050.0,3050.0,450200
2026-02-20 15:40:00,3060.0,3070.0,3050.0,3060.0,633800
2026-02-20 15:45:00,3070.0,3080.0,3060.0,3070.0,1381900
2026-02-20 16:00:00,3070.0,3070.0,3070.0,3070.0,1585400
2026-02-20 16:05:00,3070.0,3070.0,3070.0,3070.0,34700
2026-02-20 16:10:00,3070.0,3070.0,3070.0,3070.0,0
2026-02-23 09:00:00,3110.0,3140.0,3100.0,3140.0,0
2026-02-23 09:05:00,3140.0,3140.0,3110.0,3110.0,424900
2026-02-23 09:10:00,3110.0,3120.0,3100.0,3110.0,745300
2026-02-23 09:15:00,3110.0,3110.0,3100.0,3110.0,384500
2026-02-23 09:20:00,3110.0,3120.0,3100.0,3110.0,474400
2026-02-23 09:25:00,3120.0,3170.0,3110.0,3160.0,3108000
2026-02-23 09:30:00,3160.0,3160.0,3140.0,3150.0,398400
2026-02-23 09:35:00,3140.0,3160.0,3140.0,3140.0,229700
2026-02-23 09:40:00,3150.0,3150.0,3130.0,3150.0,218000
2026-02-23 09:45:00,3150.0,3160.0,3140.0,3140.0,247400
2026-02-23 09:50:00,3140.0,3140.0,3130.0,3140.0,230500
2026-02-23 09:55:00,3140.0,3140.0,3120.0,3130.0,206600
2026-02-23 10:00:00,3130.0,3140.0,3120.0,3120.0,339300
2026-02-23 10:05:00,3120.0,3140.0,3120.0,3130.0,60100
2026-02-23 10:10:00,3130.0,3130.0,3120.0,3120.0,106900
2026-02-23 10:15:00,3130.0,3130.0,3120.0,3130.0,275800
2026-02-23 10:20:00,3130.0,3130.0,3120.0,3130.0,59600
2026-02-23 10:25:00,3120.0,3140.0,3120.0,3140.0,209400
2026-02-23 10:30:00,3130.0,3140.0,3130.0,3140.0,19700
2026-02-23 10:35:00,3140.0,3140.0,3130.0,3130.0,145400
2026-02-23 10:40:00,3130.0,3140.0,3130.0,3130.0,45800
2026-02-23 10:45:00,3130.0,3140.0,3130.0,3130.0,219700
2026-02-23 10:50:00,3130.0,3140.0,3130.0,3130.0,29000
2026-02-23 10:55:00,3130.0,3130.0,3130.0,3130.0,48500
2026-02-23 11:00:00,3130.0,3150.0,3130.0,3140.0,292500
2026-02-23 11:05:00,3150.0,3160.0,3140.0,3160.0,1330500
2026-02-23 11:10:00,3160.0,3170.0,3150.0,3160.0,682300
2026-02-23 11:15:00,3160.0,3170.0,3160.0,3170.0,122200
2026-02-23 11:20:00,3160.0,3170.0,3160.0,3160.0,95300
2026-02-23 11:25:00,3160.0,3170.0,3150.0,3160.0,262200
2026-02-23 11:30:00,3160.0,3170.0,3160.0,3160.0,167200
2026-02-23 11:35:00,3160.0,3170.0,3160.0,3160.0,27100
2026-02-23 11:40:00,3170.0,3170.0,3160.0,3160.0,197000
2026-02-23 11:45:00,3160.0,3170.0,3160.0,3160.0,72200
2026-02-23 11:50:00,3160.0,3170.0,3160.0,3160.0,198400
2026-02-23 11:55:00,3160.0,3170.0,3160.0,3160.0,776900
2026-02-23 13:30:00,3160.0,3170.0,3150.0,3150.0,453700
2026-02-23 13:35:00,3160.0,3170.0,3150.0,3160.0,195400
2026-02-23 13:40:00,3160.0,3180.0,3160.0,3180.0,585000
2026-02-23 13:45:00,3170.0,3220.0,3170.0,3210.0,6726800
2026-02-23 13:50:00,3210.0,3220.0,3190.0,3190.0,939500
2026-02-23 13:55:00,3190.0,3220.0,3190.0,3220.0,1012800
2026-02-23 14:00:00,3210.0,3220.0,3200.0,3200.0,454000
2026-02-23 14:05:00,3200.0,3210.0,3200.0,3200.0,110400
2026-02-23 14:10:00,3200.0,3210.0,3190.0,3200.0,474800
2026-02-23 14:15:00,3190.0,3200.0,3190.0,3190.0,196800
2026-02-23 14:20:00,3190.0,3200.0,3190.0,3190.0,277100
2026-02-23 14:25:00,3190.0,3190.0,3180.0,3190.0,940900
2026-02-23 14:30:00,3200.0,3210.0,3200.0,3200.0,301000
2026-02-23 14:35:00,3200.0,3210.0,3200.0,3200.0,290200
2026-02-23 14:40:00,3200.0,3210.0,3190.0,3190.0,289700
2026-02-23 14:45:00,3190.0,3200.0,3190.0,3190.0,229400
2026-02-23 14:50:00,3190.0,3200.0,3180.0,3180.0,620500
2026-02-23 14:55:00,3180.0,3200.0,3180.0,3190.0,585100
2026-02-23 15:00:00,3190.0,3200.0,3190.0,3190.0,112400
2026-02-23 15:05:00,3190.0,3200.0,3190.0,3190.0,227100
2026-02-23 15:10:00,3190.0,3200.0,3180.0,3180.0,498400
2026-02-23 15:15:00,3180.0,3200.0,3180.0,3180.0,1198500
2026-02-23 15:20:00,3180.0,3190.0,3160.0,3180.0,1041600
2026-02-23 15:25:00,3180.0,3190.0,3170.0,3170.0,427000
2026-02-23 15:30:00,3160.0,3170.0,3160.0,3170.0,532100
2026-02-23 15:35:00,3180.0,3190.0,3170.0,3170.0,533200
2026-02-23 15:40:00,3180.0,3190.0,3170.0,3180.0,144700
2026-02-23 15:45:00,3190.0,3200.0,3170.0,3190.0,897700
2026-02-23 16:00:00,3200.0,3200.0,3200.0,3200.0,1260500
2026-02-23 16:05:00,3200.0,3200.0,3200.0,3200.0,58400
2026-02-23 16:10:00,3200.0,3200.0,3200.0,3200.0,13400
2026-02-24 09:00:00,3180.0,3200.0,3170.0,3170.0,0
2026-02-24 09:05:00,3180.0,3180.0,3150.0,3150.0,449100
2026-02-24 09:10:00,3160.0,3180.0,3150.0,3170.0,297600
2026-02-24 09:15:00,3180.0,3200.0,3170.0,3190.0,334600
2026-02-24 09:20:00,3190.0,3200.0,3180.0,3190.0,210000
2026-02-24 09:25:00,3190.0,3200.0,3180.0,3190.0,175800
2026-02-24 09:30:00,3190.0,3190.0,3180.0,3190.0,137900
2026-02-24 09:35:00,3190.0,3190.0,3160.0,3160.0,703000
2026-02-24 09:40:00,3160.0,3170.0,3150.0,3170.0,731200
2026-02-24 09:45:00,3170.0,3170.0,3140.0,3150.0,296600
2026-02-24 09:50:00,3150.0,3160.0,3140.0,3140.0,139900
2026-02-24 09:55:00,3140.0,3160.0,3140.0,3140.0,246800
2026-02-24 10:00:00,3140.0,3150.0,3140.0,3140.0,218600
2026-02-24 10:05:00,3140.0,3150.0,3140.0,3140.0,315100
2026-02-24 10:10:00,3130.0,3140.0,3120.0,3120.0,831100
2026-02-24 10:15:00,3120.0,3130.0,3110.0,3110.0,404200
2026-02-24 10:20:00,3120.0,3120.0,3110.0,3110.0,212700
2026-02-24 10:25:00,3110.0,3120.0,3110.0,3120.0,347000
2026-02-24 10:30:00,3130.0,3130.0,3120.0,3120.0,30700
2026-02-24 10:35:00,3120.0,3130.0,3110.0,3110.0,163600
2026-02-24 10:40:00,3120.0,3120.0,3100.0,3100.0,293900
2026-02-24 10:45:00,3110.0,3150.0,3100.0,3140.0,1015700
2026-02-24 10:50:00,3150.0,3170.0,3140.0,3160.0,290200
2026-02-24 10:55:00,3160.0,3160.0,3150.0,3150.0,36200
2026-02-24 11:00:00,3160.0,3160.0,3150.0,3150.0,52200
2026-02-24 11:05:00,3150.0,3160.0,3150.0,3160.0,227300
2026-02-24 11:10:00,3160.0,3160.0,3150.0,3160.0,45500
2026-02-24 11:15:00,3150.0,3160.0,3150.0,3150.0,94300
2026-02-24 11:20:00,3150.0,3150.0,3150.0,3150.0,39500
2026-02-24 11:25:00,3150.0,3170.0,3150.0,3160.0,798600
2026-02-24 11:30:00,3160.0,3180.0,3160.0,3160.0,197000
2026-02-24 11:35:00,3160.0,3170.0,3160.0,3170.0,31500
2026-02-24 11:40:00,3160.0,3170.0,3160.0,3160.0,72200
2026-02-24 11:45:00,3160.0,3170.0,3160.0,3160.0,100900
2026-02-24 11:50:00,3160.0,3160.0,3150.0,3150.0,721200
2026-02-24 11:55:00,3150.0,3150.0,3150.0,3150.0,10700
2026-02-24 13:30:00,3150.0,3160.0,3140.0,3160.0,146200
2026-02-24 13:35:00,3150.0,3150.0,3150.0,3150.0,145200
2026-02-24 13:40:00,3150.0,3160.0,3150.0,3160.0,53900
2026-02-24 13:45:00,3150.0,3160.0,3140.0,3150.0,506000
2026-02-24 13:50:00,3150.0,3150.0,3140.0,3140.0,346600
2026-02-24 13:55:00,3140.0,3160.0,3140.0,3150.0,226200
2026-02-24 14:00:00,3150.0,3160.0,3150.0,3150.0,149900
2026-02-24 14:05:00,3150.0,3150.0,3150.0,3150.0,32600
2026-02-24 14:10:00,3150.0,3160.0,3140.0,3160.0,372700
2026-02-24 14:15:00,3150.0,3150.0,3140.0,3140.0,150500
2026-02-24 14:20:00,3140.0,3140.0,3130.0,3130.0,809100
2026-02-24 14:25:00,3120.0,3140.0,3120.0,3140.0,408300
2026-02-24 14:30:00,3130.0,3150.0,3130.0,3140.0,482800
2026-02-24 14:35:00,3140.0,3150.0,3130.0,3150.0,321400
2026-02-24 14:40:00,3140.0,3150.0,3130.0,3140.0,95100
2026-02-24 14:45:00,3140.0,3140.0,3130.0,3140.0,304400
2026-02-24 14:50:00,3130.0,3140.0,3130.0,3140.0,25700
2026-02-24 14:55:00,3130.0,3140.0,3120.0,3120.0,356300
2026-02-24 15:00:00,3120.0,3130.0,3120.0,3120.0,219100
2026-02-24 15:05:00,3130.0,3130.0,3120.0,3120.0,48900
2026-02-24 15:10:00,3120.0,3130.0,3120.0,3120.0,731700
2026-02-24 15:15:00,3120.0,3130.0,3120.0,3120.0,75700
2026-02-24 15:20:00,3120.0,3120.0,3110.0,3110.0,348100
2026-02-24 15:25:00,3110.0,3120.0,3110.0,3120.0,202700
2026-02-24 15:30:00,3120.0,3120.0,3110.0,3120.0,413400
2026-02-24 15:35:00,3110.0,3130.0,3110.0,3110.0,494300
2026-02-24 15:40:00,3120.0,3120.0,3110.0,3120.0,683000
2026-02-24 15:45:00,3110.0,3120.0,3100.0,3110.0,1222800
2026-02-24 16:00:00,3110.0,3110.0,3110.0,3110.0,821500
2026-02-24 16:05:00,3110.0,3110.0,3110.0,3110.0,43200
2026-02-24 16:10:00,3110.0,3110.0,3110.0,3110.0,5000
2026-02-25 09:00:00,3140.0,3190.0,3110.0,3190.0,0
2026-02-25 09:05:00,3190.0,3200.0,3180.0,3180.0,801600
2026-02-25 09:10:00,3180.0,3190.0,3170.0,3180.0,280600
2026-02-25 09:15:00,3180.0,3200.0,3180.0,3180.0,751600
2026-02-25 09:20:00,3180.0,3190.0,3140.0,3140.0,373300
2026-02-25 09:25:00,3140.0,3180.0,3140.0,3170.0,302300
2026-02-25 09:30:00,3170.0,3180.0,3170.0,3170.0,51900
2026-02-25 09:35:00,3180.0,3180.0,3170.0,3180.0,106200
2026-02-25 09:40:00,3170.0,3180.0,3150.0,3160.0,202800
2026-02-25 09:45:00,3160.0,3160.0,3150.0,3150.0,179600
2026-02-25 09:50:00,3150.0,3160.0,3140.0,3140.0,37000
2026-02-25 09:55:00,3150.0,3170.0,3150.0,3160.0,159700
2026-02-25 10:00:00,3160.0,3170.0,3150.0,3170.0,79500
2026-02-25 10:05:00,3170.0,3170.0,3150.0,3160.0,105800
2026-02-25 10:10:00,3160.0,3170.0,3160.0,3170.0,161400
2026-02-25 10:15:00,3170.0,3180.0,3170.0,3180.0,72500
2026-02-25 10:20:00,3170.0,3180.0,3160.0,3170.0,88500
2026-02-25 10:25:00,3170.0,3170.0,3160.0,3170.0,10200
2026-02-25 10:30:00,3170.0,3170.0,3160.0,3170.0,11200
2026-02-25 10:35:00,3170.0,3180.0,3140.0,3140.0,284400
2026-02-25 10:40:00,3150.0,3150.0,3140.0,3140.0,52500
2026-02-25 10:45:00,3140.0,3150.0,3130.0,3140.0,145900
2026-02-25 10:50:00,3140.0,3140.0,3130.0,3130.0,40900
2026-02-25 10:55:00,3130.0,3140.0,3130.0,3130.0,106700
2026-02-25 11:00:00,3130.0,3130.0,3120.0,3120.0,133600
2026-02-25 11:05:00,3120.0,3130.0,3120.0,3130.0,109900
2026-02-25 11:10:00,3130.0,3130.0,3120.0,3120.0,46700
2026-02-25 11:15:00,3120.0,3130.0,3120.0,3130.0,17100
2026-02-25 11:20:00,3130.0,3140.0,3130.0,3140.0,108100
2026-02-25 11:25:00,3130.0,3130.0,3110.0,3110.0,546400
2026-02-25 11:30:00,3110.0,3120.0,3110.0,3110.0,466000
2026-02-25 11:35:00,3100.0,3110.0,3090.0,3100.0,382700
2026-02-25 11:40:00,3100.0,3110.0,3100.0,3110.0,228100
2026-02-25 11:45:00,3100.0,3110.0,3100.0,3100.0,12200
2026-02-25 11:50:00,3110.0,3110.0,3100.0,3100.0,26300
2026-02-25 11:55:00,3100.0,3110.0,3100.0,3110.0,46500
2026-02-25 13:30:00,3110.0,3110.0,3100.0,3100.0,245800
2026-02-25 13:35:00,3100.0,3110.0,3090.0,3100.0,249100
2026-02-25 13:40:00,3100.0,3100.0,3090.0,3100.0,200400
2026-02-25 13:45:00,3100.0,3110.0,3080.0,3080.0,590400
2026-02-25 13:50:00,3080.0,3090.0,3080.0,3090.0,55900
2026-02-25 13:55:00,3080.0,3090.0,3070.0,3080.0,302500
2026-02-25 14:00:00,3080.0,3090.0,3070.0,3070.0,98800
2026-02-25 14:05:00,3070.0,3090.0,3070.0,3090.0,87900
2026-02-25 14:10:00,3090.0,3100.0,3090.0,3100.0,30500
2026-02-25 14:15:00,3100.0,3100.0,3080.0,3080.0,118300
2026-02-25 14:20:00,3090.0,3090.0,3090.0,3090.0,101000
2026-02-25 14:25:00,3090.0,3100.0,3090.0,3100.0,18900
2026-02-25 14:30:00,3100.0,3100.0,3090.0,3100.0,104300
2026-02-25 14:35:00,3090.0,3090.0,3090.0,3090.0,5800
2026-02-25 14:40:00,3090.0,3100.0,3090.0,3090.0,129800
2026-02-25 14:45:00,3090.0,3090.0,3070.0,3070.0,269100
2026-02-25 14:50:00,3080.0,3090.0,3070.0,3080.0,110700
2026-02-25 14:55:00,3080.0,3080.0,3080.0,3080.0,199500
2026-02-25 15:00:00,3080.0,3080.0,3070.0,3080.0,85000
2026-02-25 15:05:00,3070.0,3080.0,3070.0,3080.0,278700
2026-02-25 15:10:00,3070.0,3070.0,3050.0,3060.0,500800
2026-02-25 15:15:00,3060.0,3060.0,3040.0,3040.0,382200
2026-02-25 15:20:00,3050.0,3060.0,3030.0,3040.0,605200
2026-02-25 15:25:00,3050.0,3070.0,3040.0,3070.0,148300
2026-02-25 15:30:00,3060.0,3070.0,3040.0,3040.0,466000
2026-02-25 15:35:00,3040.0,3050.0,3030.0,3040.0,988500
2026-02-25 15:40:00,3030.0,3050.0,3020.0,3050.0,889500
2026-02-25 15:45:00,3050.0,3070.0,3040.0,3060.0,138000
2026-02-25 16:00:00,3030.0,3030.0,3030.0,3030.0,714200
2026-02-25 16:05:00,3030.0,3030.0,3030.0,3030.0,18600
2026-02-25 16:10:00,3030.0,3030.0,3030.0,3030.0,0
2026-02-26 09:00:00,3030.0,3080.0,3030.0,3040.0,0
2026-02-26 09:05:00,3040.0,3040.0,3020.0,3020.0,224000
2026-02-26 09:10:00,3010.0,3020.0,3000.0,3020.0,420400
2026-02-26 09:15:00,3020.0,3030.0,3020.0,3030.0,95900
2026-02-26 09:20:00,3030.0,3030.0,3000.0,3010.0,107100
2026-02-26 09:25:00,3000.0,3020.0,3000.0,3020.0,145500
2026-02-26 09:30:00,3010.0,3020.0,3010.0,3020.0,54900
2026-02-26 09:35:00,3010.0,3010.0,3000.0,3000.0,95000
2026-02-26 09:40:00,3010.0,3010.0,2980.0,2980.0,672300
2026-02-26 09:45:00,2980.0,2990.0,2960.0,2970.0,476800
2026-02-26 09:50:00,2970.0,2980.0,2960.0,2970.0,272800
2026-02-26 09:55:00,2980.0,2990.0,2970.0,2980.0,121300
2026-02-26 10:00:00,2980.0,2990.0,2970.0,2970.0,240800
2026-02-26 10:05:00,2970.0,2980.0,2970.0,2980.0,148200
2026-02-26 10:10:00,2980.0,2980.0,2950.0,2960.0,515800
2026-02-26 10:15:00,2960.0,2960.0,2940.0,2950.0,778600
2026-02-26 10:20:00,2950.0,2960.0,2940.0,2950.0,105600
2026-02-26 10:25:00,2950.0,2950.0,2940.0,2940.0,118800
2026-02-26 10:30:00,2940.0,2950.0,2930.0,2940.0,381500
2026-02-26 10:35:00,2940.0,2940.0,2910.0,2930.0,744800
2026-02-26 10:40:00,2940.0,2960.0,2930.0,2950.0,195200
2026-02-26 10:45:00,2950.0,2950.0,2940.0,2950.0,38400
2026-02-26 10:50:00,2950.0,2950.0,2940.0,2950.0,65300
2026-02-26 10:55:00,2950.0,2950.0,2950.0,2950.0,68900
2026-02-26 11:00:00,2950.0,2950.0,2940.0,2940.0,226400
2026-02-26 11:05:00,2940.0,2940.0,2920.0,2930.0,172400
2026-02-26 11:10:00,2920.0,2930.0,2920.0,2930.0,37200
2026-02-26 11:15:00,2930.0,2930.0,2920.0,2930.0,16100
2026-02-26 11:20:00,2920.0,2930.0,2920.0,2930.0,244600
2026-02-26 11:25:00,2930.0,2930.0,2920.0,2930.0,130300
2026-02-26 11:30:00,2930.0,2940.0,2930.0,2940.0,19300
2026-02-26 11:35:00,2940.0,2940.0,2920.0,2930.0,295100
2026-02-26 11:40:00,2930.0,2940.0,2930.0,2930.0,90400
2026-02-26 11:45:00,2930.0,2940.0,2920.0,2930.0,169400
2026-02-26 11:50:00,2930.0,2940.0,2930.0,2930.0,174300
2026-02-26 11:55:00,2930.0,2930.0,2920.0,2920.0,158500
2026-02-26 13:30:00,2920.0,2940.0,2920.0,2930.0,615700
2026-02-26 13:35:00,2930.0,2950.0,2930.0,2940.0,411100
2026-02-26 13:40:00,2940.0,2950.0,2940.0,2940.0,28200
2026-02-26 13:45:00,2950.0,2950.0,2940.0,2940.0,323400
2026-02-26 13:50:00,2950.0,2950.0,2930.0,2940.0,129500
2026-02-26 13:55:00,2940.0,2940.0,2930.0,2930.0,135900
2026-02-26 14:00:00,2930.0,2940.0,2930.0,2930.0,167000
2026-02-26 14:05:00,2930.0,2930.0,2920.0,2930.0,256400
2026-02-26 14:10:00,2930.0,2940.0,2920.0,2930.0,391900
2026-02-26 14:15:00,2930.0,2930.0,2910.0,2920.0,655500
2026-02-26 14:20:00,2910.0,2920.0,2900.0,2910.0,657300
2026-02-26 14:25:00,2900.0,2910.0,2900.0,2910.0,212800
2026-02-26 14:30:00,2900.0,2920.0,2890.0,2890.0,1581100
2026-02-26 14:35:00,2890.0,2900.0,2890.0,2890.0,184600
2026-02-26 14:40:00,2900.0,2900.0,2890.0,2900.0,108300
2026-02-26 14:45:00,2890.0,2900.0,2890.0,2900.0,102900
2026-02-26 14:50:00,2900.0,2900.0,2890.0,2900.0,150400
2026-02-26 14:55:00,2900.0,2920.0,2890.0,2920.0,2598800
2026-02-26 15:00:00,2920.0,2930.0,2920.0,2930.0,144700
2026-02-26 15:05:00,2930.0,2930.0,2910.0,2920.0,433300
2026-02-26 15:10:00,2910.0,2920.0,2910.0,2920.0,320800
2026-02-26 15:15:00,2920.0,2930.0,2920.0,2920.0,189500
2026-02-26 15:20:00,2920.0,2920.0,2910.0,2920.0,71400
2026-02-26 15:25:00,2910.0,2920.0,2900.0,2910.0,562800
2026-02-26 15:30:00,2910.0,2920.0,2900.0,2900.0,363800
2026-02-26 15:35:00,2900.0,2910.0,2900.0,2900.0,806400
2026-02-26 15:40:00,2890.0,2900.0,2890.0,2890.0,166100
2026-02-26 15:45:00,2890.0,2900.0,2880.0,2890.0,922100
2026-02-26 16:00:00,2890.0,2890.0,2890.0,2890.0,1438500
2026-02-26 16:05:00,2890.0,2890.0,2890.0,2890.0,95000
2026-02-26 16:10:00,2890.0,2890.0,2890.0,2890.0,134900
2026-02-27 09:00:00,2880.0,2910.0,2880.0,2890.0,0
2026-02-27 09:05:00,2890.0,2890.0,2870.0,2880.0,253800
2026-02-27 09:10:00,2880.0,2910.0,2870.0,2900.0,514300
2026-02-27 09:15:00,2910.0,2930.0,2910.0,2920.0,246900
2026-02-27 09:20:00,2920.0,2930.0,2910.0,2910.0,193500
2026-02-27 09:25:00,2920.0,2930.0,2910.0,2930.0,126700
2026-02-27 09:30:00,2920.0,2940.0,2920.0,2940.0,176000
2026-02-27 09:35:00,2930.0,2940.0,2920.0,2930.0,235500
2026-02-27 09:40:00,2920.0,2930.0,2910.0,2920.0,169500
2026-02-27 09:45:00,2920.0,2930.0,2910.0,2930.0,207800
2026-02-27 09:50:00,2930.0,2930.0,2920.0,2920.0,208400
2026-02-27 09:55:00,2920.0,2920.0,2910.0,2910.0,6600
2026-02-27 10:00:00,2910.0,2920.0,2900.0,2910.0,248200
2026-02-27 10:05:00,2910.0,2910.0,2900.0,2900.0,68600
2026-02-27 10:10:00,2900.0,2910.0,2900.0,2900.0,69000
2026-02-27 10:15:00,2900.0,2920.0,2900.0,2920.0,109800
2026-02-27 10:20:00,2920.0,2920.0,2920.0,2920.0,1800
2026-02-27 10:25:00,2910.0,2910.0,2910.0,2910.0,192200
2026-02-27 10:30:00,2910.0,2920.0,2910.0,2910.0,54200
2026-02-27 10:35:00,2910.0,2910.0,2910.0,2910.0,171700
2026-02-27 10:40:00,2920.0,2920.0,2910.0,2910.0,0
2026-02-27 10:45:00,2920.0,2920.0,2910.0,2910.0,22400
2026-02-27 10:50:00,2910.0,2920.0,2900.0,2910.0,71400
2026-02-27 10:55:00,2920.0,2920.0,2900.0,2900.0,62600
2026-02-27 11:00:00,2910.0,2910.0,2900.0,2910.0,30900
2026-02-27 11:05:00,2910.0,2910.0,2900.0,2910.0,18600
2026-02-27 11:10:00,2910.0,2910.0,2900.0,2900.0,17400
2026-02-27 11:15:00,2900.0,2910.0,2900.0,2900.0,11500
2026-02-27 11:20:00,2900.0,2910.0,2900.0,2910.0,50300
2026-02-27 11:25:00,2910.0,2910.0,2900.0,2910.0,51500
2026-02-27 14:00:00,2900.0,2920.0,2900.0,2910.0,136000
2026-02-27 14:05:00,2910.0,2930.0,2910.0,2920.0,165500
2026-02-27 14:10:00,2920.0,2920.0,2900.0,2910.0,152600
2026-02-27 14:15:00,2900.0,2910.0,2900.0,2900.0,71600
2026-02-27 14:20:00,2900.0,2910.0,2900.0,2900.0,102300
2026-02-27 14:25:00,2900.0,2910.0,2900.0,2900.0,116300
2026-02-27 14:30:00,2900.0,2910.0,2900.0,2900.0,85800
2026-02-27 14:35:00,2900.0,2910.0,2900.0,2900.0,43000
2026-02-27 14:40:00,2900.0,2920.0,2900.0,2910.0,190100
2026-02-27 14:45:00,2910.0,2910.0,2910.0,2910.0,31900
2026-02-27 14:50:00,2910.0,2930.0,2910.0,2930.0,259900
2026-02-27 14:55:00,2920.0,2930.0,2920.0,2920.0,78700
2026-02-27 15:00:00,2920.0,2930.0,2910.0,2920.0,443400
2026-02-27 15:05:00,2910.0,2930.0,2910.0,2920.0,164800
2026-02-27 15:10:00,2920.0,2930.0,2920.0,2930.0,547300
2026-02-27 15:15:00,2920.0,2930.0,2920.0,2920.0,44300
2026-02-27 15:20:00,2930.0,2930.0,2920.0,2930.0,94000
2026-02-27 15:25:00,2920.0,2930.0,2920.0,2930.0,211100
2026-02-27 15:30:00,2930.0,2930.0,2920.0,2920.0,228800
2026-02-27 15:35:00,2920.0,2930.0,2920.0,2920.0,156400
2026-02-27 15:40:00,2930.0,2930.0,2920.0,2930.0,222000
2026-02-27 15:45:00,2930.0,2950.0,2920.0,2930.0,685600
2026-02-27 16:00:00,2920.0,2920.0,2920.0,2920.0,1188600
2026-02-27 16:05:00,2920.0,2920.0,2920.0,2920.0,20600
2026-02-27 16:10:00,2920.0,2920.0,2920.0,2920.0,38400
2026-03-02 09:00:00,2850.0,2850.0,2780.0,2810.0,0
2026-03-02 09:05:00,2800.0,2820.0,2780.0,2820.0,539100
2026-03-02 09:10:00,2820.0,2820.0,2790.0,2790.0,713800
2026-03-02 09:15:00,2790.0,2790.0,2760.0,2770.0,999800
2026-03-02 09:20:00,2770.0,2780.0,2750.0,2780.0,819300
2026-03-02 09:25:00,2780.0,2790.0,2770.0,2780.0,256300
2026-03-02 09:30:00,2780.0,2800.0,2780.0,2790.0,338100
2026-03-02 09:35:00,2790.0,2800.0,2780.0,2790.0,279700
2026-03-02 09:40:00,2790.0,2800.0,2780.0,2780.0,278800
2026-03-02 09:45:00,2790.0,2790.0,2760.0,2770.0,740700
2026-03-02 09:50:00,2770.0,2780.0,2760.0,2770.0,292600
2026-03-02 09:55:00,2770.0,2780.0,2770.0,2780.0,28300
2026-03-02 10:00:00,2780.0,2780.0,2770.0,2780.0,260000
2026-03-02 10:05:00,2790.0,2790.0,2780.0,2790.0,196100
2026-03-02 10:10:00,2790.0,2800.0,2790.0,2800.0,152500
2026-03-02 10:15:00,2800.0,2800.0,2780.0,2790.0,412600
2026-03-02 10:20:00,2790.0,2790.0,2780.0,2790.0,193200
2026-03-02 10:25:00,2800.0,2800.0,2780.0,2790.0,344800
2026-03-02 10:30:00,2790.0,2800.0,2790.0,2790.0,20800
2026-03-02 10:35:00,2800.0,2800.0,2790.0,2790.0,102400
2026-03-02 10:40:00,2790.0,2800.0,2790.0,2790.0,220400
2026-03-02 10:45:00,2790.0,2800.0,2790.0,2790.0,38300
2026-03-02 10:50:00,2800.0,2800.0,2780.0,2790.0,207300
2026-03-02 10:55:00,2790.0,2790.0,2780.0,2780.0,317500
2026-03-02 11:00:00,2790.0,2790.0,2780.0,2790.0,118200
2026-03-02 11:05:00,2790.0,2790.0,2780.0,2780.0,188000
2026-03-02 11:10:00,2780.0,2790.0,2770.0,2780.0,463100
2026-03-02 11:15:00,2780.0,2800.0,2780.0,2780.0,123800
2026-03-02 11:20:00,2790.0,2790.0,2780.0,2780.0,6300
2026-03-02 11:25:00,2780.0,2810.0,2780.0,2810.0,406200
2026-03-02 11:30:00,2810.0,2810.0,2800.0,2810.0,5100
2026-03-02 11:35:00,2800.0,2820.0,2800.0,2820.0,111300
2026-03-02 11:40:00,2810.0,2820.0,2810.0,2810.0,106400
2026-03-02 11:45:00,2810.0,2820.0,2800.0,2810.0,236600
2026-03-02 11:50:00,2810.0,2810.0,2800.0,2800.0,212600
2026-03-02 11:55:00,2810.0,2810.0,2800.0,2810.0,0
2026-03-02 13:30:00,2810.0,2810.0,2790.0,2790.0,302800
2026-03-02 13:35:00,2790.0,2800.0,2790.0,2800.0,24100
2026-03-02 13:40:00,2800.0,2800.0,2790.0,2790.0,25700
2026-03-02 13:45:00,2790.0,2800.0,2790.0,2790.0,181600
2026-03-02 13:50:00,2790.0,2790.0,2780.0,2780.0,197100
2026-03-02 13:55:00,2780.0,2780.0,2780.0,2780.0,22200
2026-03-02 14:00:00,2780.0,2790.0,2780.0,2780.0,338200
2026-03-02 14:05:00,2780.0,2790.0,2770.0,2790.0,250200
2026-03-02 14:10:00,2790.0,2790.0,2780.0,2780.0,15900
2026-03-02 14:15:00,2780.0,2790.0,2780.0,2780.0,17900
2026-03-02 14:20:00,2780.0,2790.0,2780.0,2790.0,215100
2026-03-02 14:25:00,2790.0,2790.0,2780.0,2790.0,11400
2026-03-02 14:30:00,2790.0,2790.0,2780.0,2790.0,330000
2026-03-02 14:35:00,2780.0,2790.0,2780.0,2780.0,0
2026-03-02 14:40:00,2780.0,2790.0,2780.0,2790.0,515300
2026-03-02 14:45:00,2800.0,2800.0,2790.0,2790.0,140300
2026-03-02 14:50:00,2800.0,2800.0,2790.0,2790.0,155200
2026-03-02 14:55:00,2790.0,2800.0,2790.0,2800.0,183800
2026-03-02 15:00:00,2790.0,2800.0,2790.0,2790.0,123000
2026-03-02 15:05:00,2800.0,2800.0,2790.0,2800.0,176600
2026-03-02 15:10:00,2790.0,2800.0,2790.0,2800.0,150700
2026-03-02 15:15:00,2800.0,2800.0,2790.0,2800.0,244500
2026-03-02 15:20:00,2790.0,2800.0,2790.0,2790.0,164600
2026-03-02 15:25:00,2790.0,2800.0,2790.0,2800.0,190600
2026-03-02 15:30:00,2790.0,2800.0,2790.0,2790.0,143400
2026-03-02 15:35:00,2800.0,2800.0,2790.0,2800.0,315000
2026-03-02 15:40:00,2800.0,2800.0,2780.0,2780.0,1093200
2026-03-02 15:45:00,2780.0,2790.0,2770.0,2770.0,462600
2026-03-02 16:00:00,2780.0,2780.0,2780.0,2780.0,555100
2026-03-02 16:05:00,2780.0,2780.0,2780.0,2780.0,0
2026-03-02 16:10:00,2780.0,2780.0,2780.0,2780.0,87100
2026-03-03 09:00:00,2760.0,2820.0,2750.0,2800.0,0
2026-03-03 09:05:00,2790.0,2800.0,2780.0,2790.0,201300
2026-03-03 09:10:00,2780.0,2790.0,2770.0,2770.0,145000
2026-03-03 09:15:00,2790.0,2800.0,2780.0,2790.0,89100
2026-03-03 09:20:00,2790.0,2800.0,2780.0,2800.0,62500
2026-03-03 09:25:00,2800.0,2830.0,2800.0,2820.0,236500
2026-03-03 09:30:00,2820.0,2830.0,2800.0,2800.0,170500
2026-03-03 09:35:00,2800.0,2820.0,2770.0,2790.0,259200
2026-03-03 09:40:00,2790.0,2790.0,2780.0,2780.0,159100
2026-03-03 09:45:00,2780.0,2790.0,2780.0,2790.0,44200
2026-03-03 09:50:00,2790.0,2790.0,2770.0,2780.0,147600
2026-03-03 09:55:00,2770.0,2780.0,2770.0,2780.0,1200
2026-03-03 10:00:00,2780.0,2790.0,2770.0,2790.0,193700
2026-03-03 10:05:00,2780.0,2830.0,2780.0,2790.0,533700
2026-03-03 10:10:00,2790.0,2810.0,2790.0,2800.0,14500
2026-03-03 10:15:00,2790.0,2810.0,2780.0,2800.0,27000
2026-03-03 10:20:00,2800.0,2810.0,2780.0,2790.0,30800
2026-03-03 10:25:00,2800.0,2830.0,2790.0,2800.0,350700
2026-03-03 10:30:00,2800.0,2810.0,2790.0,2810.0,86800
2026-03-03 10:35:00,2810.0,2840.0,2790.0,2820.0,651600
2026-03-03 10:40:00,2800.0,2810.0,2790.0,2800.0,57800
2026-03-03 10:45:00,2800.0,2800.0,2780.0,2790.0,161800
2026-03-03 10:50:00,2790.0,2790.0,2770.0,2780.0,230000
2026-03-03 10:55:00,2770.0,2830.0,2770.0,2810.0,494100
2026-03-03 11:00:00,2790.0,2810.0,2780.0,2790.0,107500
2026-03-03 11:05:00,2790.0,2800.0,2790.0,2800.0,49900
2026-03-03 11:10:00,2800.0,2800.0,2790.0,2800.0,51100
2026-03-03 11:15:00,2790.0,2800.0,2790.0,2800.0,7000
2026-03-03 11:20:00,2800.0,2830.0,2800.0,2810.0,585700
2026-03-03 11:25:00,2810.0,2810.0,2790.0,2800.0,43500
2026-03-03 11:30:00,2800.0,2800.0,2790.0,2800.0,13000
2026-03-03 11:35:00,2800.0,2810.0,2790.0,2810.0,221200
2026-03-03 11:40:00,2780.0,2800.0,2780.0,2790.0,6300
2026-03-03 11:45:00,2800.0,2800.0,2780.0,2790.0,50800
2026-03-03 11:50:00,2790.0,2790.0,2780.0,2790.0,10100
2026-03-03 11:55:00,2790.0,2790.0,2780.0,2790.0,17500
2026-03-03 13:30:00,2790.0,2790.0,2770.0,2780.0,157800
2026-03-03 13:35:00,2780.0,2780.0,2760.0,2760.0,714000
2026-03-03 13:40:00,2760.0,2770.0,2750.0,2770.0,100200
2026-03-03 13:45:00,2770.0,2790.0,2770.0,2780.0,215700
2026-03-03 13:50:00,2770.0,2780.0,2760.0,2770.0,109200
2026-03-03 13:55:00,2770.0,2770.0,2750.0,2760.0,248000
2026-03-03 14:00:00,2760.0,2760.0,2730.0,2730.0,1068400
2026-03-03 14:05:00,2730.0,2740.0,2730.0,2740.0,23700
2026-03-03 14:10:00,2740.0,2740.0,2730.0,2730.0,17600
2026-03-03 14:15:00,2730.0,2740.0,2730.0,2740.0,53700
2026-03-03 14:20:00,2740.0,2740.0,2730.0,2730.0,71200
2026-03-03 14:25:00,2730.0,2740.0,2710.0,2710.0,305200
2026-03-03 14:30:00,2710.0,2730.0,2710.0,2710.0,454900
2026-03-03 14:35:00,2720.0,2730.0,2720.0,2730.0,110700
2026-03-03 14:40:00,2720.0,2730.0,2720.0,2720.0,68900
2026-03-03 14:45:00,2720.0,2730.0,2720.0,2720.0,66000
2026-03-03 14:50:00,2730.0,2740.0,2720.0,2730.0,227200
2026-03-03 14:55:00,2730.0,2730.0,2710.0,2720.0,253700
2026-03-03 15:00:00,2720.0,2740.0,2710.0,2730.0,228500
2026-03-03 15:05:00,2730.0,2730.0,2720.0,2720.0,66900
2026-03-03 15:10:00,2730.0,2750.0,2720.0,2730.0,110500
2026-03-03 15:15:00,2730.0,2750.0,2730.0,2730.0,161800
2026-03-03 15:20:00,2730.0,2730.0,2720.0,2730.0,71300
2026-03-03 15:25:00,2730.0,2730.0,2720.0,2720.0,88300
2026-03-03 15:30:00,2720.0,2730.0,2710.0,2710.0,132100
2026-03-03 15:35:00,2710.0,2720.0,2710.0,2720.0,14300
2026-03-03 15:40:00,2710.0,2720.0,2700.0,2700.0,305700
2026-03-03 15:45:00,2710.0,2710.0,2690.0,2700.0,355000
2026-03-03 16:00:00,2720.0,2720.0,2720.0,2720.0,206100
2026-03-03 16:05:00,2720.0,2720.0,2720.0,2720.0,2000
2026-03-03 16:10:00,2720.0,2720.0,2720.0,2720.0,334200
2026-03-04 09:00:00,2690.0,2690.0,2590.0,2610.0,0
2026-03-04 09:05:00,2620.0,2620.0,2580.0,2610.0,842200
2026-03-04 09:10:00,2600.0,2610.0,2590.0,2610.0,445800
2026-03-04 09:15:00,2600.0,2600.0,2580.0,2590.0,660400
2026-03-04 09:20:00,2590.0,2600.0,2570.0,2590.0,718100
2026-03-04 09:25:00,2580.0,2600.0,2560.0,2590.0,629200
2026-03-04 09:30:00,2590.0,2610.0,2590.0,2610.0,402200
2026-03-04 09:35:00,2610.0,2630.0,2610.0,2610.0,528200
2026-03-04 09:40:00,2610.0,2610.0,2590.0,2600.0,125000
2026-03-04 09:45:00,2600.0,2600.0,2580.0,2580.0,573500
2026-03-04 09:50:00,2580.0,2590.0,2560.0,2570.0,608100
2026-03-04 09:55:00,2570.0,2570.0,2540.0,2540.0,996100
2026-03-04 10:00:00,2550.0,2550.0,2530.0,2540.0,1284000
2026-03-04 10:05:00,2540.0,2540.0,2510.0,2520.0,984000
2026-03-04 10:10:00,2530.0,2540.0,2520.0,2530.0,566700
2026-03-04 10:15:00,2530.0,2540.0,2530.0,2540.0,514700
2026-03-04 10:20:00,2540.0,2540.0,2520.0,2520.0,456700
2026-03-04 10:25:00,2520.0,2530.0,2510.0,2530.0,753100
2026-03-04 10:30:00,2530.0,2560.0,2520.0,2550.0,1248900
2026-03-04 10:35:00,2540.0,2550.0,2540.0,2550.0,56900
2026-03-04 10:40:00,2540.0,2550.0,2540.0,2550.0,17500
2026-03-04 10:45:00,2550.0,2560.0,2550.0,2560.0,1098100
2026-03-04 10:50:00,2560.0,2560.0,2550.0,2560.0,28100
2026-03-04 10:55:00,2560.0,2560.0,2550.0,2560.0,19900
2026-03-04 11:00:00,2560.0,2560.0,2550.0,2560.0,163000
2026-03-04 11:05:00,2550.0,2560.0,2530.0,2540.0,1413800
2026-03-04 11:10:00,2540.0,2540.0,2530.0,2540.0,36800
2026-03-04 11:15:00,2540.0,2550.0,2540.0,2540.0,76600
2026-03-04 11:20:00,2540.0,2540.0,2530.0,2540.0,27300
2026-03-04 11:25:00,2540.0,2540.0,2530.0,2540.0,127800
2026-03-04 11:30:00,2530.0,2540.0,2520.0,2530.0,323200
2026-03-04 11:35:00,2520.0,2530.0,2520.0,2520.0,78300
2026-03-04 11:40:00,2530.0,2530.0,2510.0,2520.0,402400
2026-03-04 11:45:00,2520.0,2520.0,2510.0,2520.0,131400
2026-03-04 11:50:00,2520.0,2520.0,2510.0,2510.0,190600
2026-03-04 11:55:00,2520.0,2520.0,2480.0,2500.0,1720400
2026-03-04 13:30:00,2500.0,2510.0,2480.0,2490.0,641300
2026-03-04 13:35:00,2490.0,2500.0,2480.0,2500.0,63400
2026-03-04 13:40:00,2500.0,2510.0,2500.0,2510.0,118000
2026-03-04 13:45:00,2510.0,2510.0,2500.0,2510.0,187500
2026-03-04 13:50:00,2510.0,2510.0,2500.0,2510.0,171300
2026-03-04 13:55:00,2520.0,2520.0,2510.0,2520.0,88300
2026-03-04 14:00:00,2520.0,2520.0,2510.0,2520.0,112800
2026-03-04 14:05:00,2520.0,2520.0,2510.0,2510.0,125800
2026-03-04 14:10:00,2520.0,2520.0,2500.0,2500.0,445600
2026-03-04 14:15:00,2510.0,2510.0,2500.0,2500.0,125400
2026-03-04 14:20:00,2500.0,2520.0,2500.0,2510.0,295100
2026-03-04 14:25:00,2510.0,2520.0,2510.0,2510.0,4000
2026-03-04 14:30:00,2510.0,2520.0,2510.0,2510.0,47900
2026-03-04 14:35:00,2510.0,2520.0,2510.0,2520.0,187500
2026-03-04 14:40:00,2510.0,2520.0,2510.0,2520.0,216000
2026-03-04 14:45:00,2530.0,2530.0,2520.0,2530.0,163100
2026-03-04 14:50:00,2520.0,2530.0,2520.0,2520.0,100500
2026-03-04 14:55:00,2520.0,2530.0,2520.0,2520.0,135600
2026-03-04 15:00:00,2520.0,2530.0,2520.0,2520.0,101900
2026-03-04 15:05:00,2530.0,2530.0,2520.0,2530.0,294700
2026-03-04 15:10:00,2520.0,2530.0,2520.0,2520.0,122500
2026-03-04 15:15:00,2520.0,2530.0,2520.0,2520.0,468100
2026-03-04 15:20:00,2520.0,2530.0,2520.0,2520.0,92100
2026-03-04 15:25:00,2520.0,2520.0,2510.0,2510.0,424900
2026-03-04 15:30:00,2510.0,2520.0,2490.0,2490.0,911700
2026-03-04 15:35:00,2490.0,2490.0,2480.0,2490.0,814000
2026-03-04 15:40:00,2480.0,2510.0,2470.0,2510.0,1090600
2026-03-04 15:45:00,2520.0,2530.0,2500.0,2520.0,291000
2026-03-04 16:00:00,2500.0,2500.0,2500.0,2500.0,760700
2026-03-04 16:05:00,2500.0,2500.0,2500.0,2500.0,36800
2026-03-04 16:10:00,2500.0,2500.0,2500.0,2500.0,40700
2026-03-05 09:00:00,2540.0,2560.0,2530.0,2550.0,0
2026-03-05 09:05:00,2540.0,2550.0,2510.0,2510.0,714500
2026-03-05 09:10:00,2510.0,2530.0,2510.0,2530.0,550700
2026-03-05 09:15:00,2520.0,2530.0,2500.0,2520.0,1749400
2026-03-05 09:20:00,2520.0,2530.0,2510.0,2510.0,430900
2026-03-05 09:25:00,2510.0,2520.0,2500.0,2500.0,322700
2026-03-05 09:30:00,2500.0,2520.0,2500.0,2510.0,127800
2026-03-05 09:35:00,2510.0,2520.0,2510.0,2510.0,135600
2026-03-05 09:40:00,2520.0,2530.0,2520.0,2530.0,134900
2026-03-05 09:45:00,2530.0,2540.0,2520.0,2530.0,452700
2026-03-05 09:50:00,2520.0,2520.0,2510.0,2520.0,215400
2026-03-05 09:55:00,2520.0,2520.0,2500.0,2510.0,631700
2026-03-05 10:00:00,2510.0,2510.0,2500.0,2510.0,60400
2026-03-05 10:05:00,2510.0,2510.0,2500.0,2510.0,125700
2026-03-05 10:10:00,2510.0,2520.0,2510.0,2520.0,4900
2026-03-05 10:15:00,2520.0,2520.0,2510.0,2520.0,270500
2026-03-05 10:20:00,2520.0,2530.0,2520.0,2520.0,137500
2026-03-05 10:25:00,2520.0,2530.0,2510.0,2520.0,72100
2026-03-05 10:30:00,2510.0,2510.0,2480.0,2490.0,2219100
2026-03-05 10:35:00,2480.0,2490.0,2470.0,2470.0,342300
2026-03-05 10:40:00,2480.0,2480.0,2470.0,2480.0,146000
2026-03-05 10:45:00,2480.0,2480.0,2450.0,2450.0,771300
2026-03-05 10:50:00,2450.0,2480.0,2450.0,2470.0,577200
2026-03-05 10:55:00,2470.0,2490.0,2470.0,2490.0,60700
2026-03-05 11:00:00,2490.0,2490.0,2480.0,2490.0,28600
2026-03-05 11:05:00,2490.0,2510.0,2490.0,2500.0,186400
2026-03-05 11:10:00,2510.0,2510.0,2500.0,2500.0,288000
2026-03-05 11:15:00,2500.0,2500.0,2490.0,2490.0,15100
2026-03-05 11:20:00,2500.0,2500.0,2500.0,2500.0,76800
2026-03-05 11:25:00,2510.0,2530.0,2510.0,2520.0,214300
2026-03-05 11:30:00,2520.0,2530.0,2510.0,2510.0,320600
2026-03-05 11:35:00,2510.0,2570.0,2510.0,2560.0,906300
2026-03-05 11:40:00,2560.0,2590.0,2560.0,2580.0,620200
2026-03-05 11:45:00,2580.0,2680.0,2580.0,2660.0,1571600
2026-03-05 11:50:00,2660.0,2710.0,2650.0,2690.0,2677600
2026-03-05 11:55:00,2690.0,2710.0,2670.0,2690.0,1209800
2026-03-05 13:30:00,2680.0,2690.0,2640.0,2670.0,1255500
2026-03-05 13:35:00,2670.0,2680.0,2650.0,2660.0,388400
2026-03-05 13:40:00,2660.0,2700.0,2660.0,2690.0,410300
2026-03-05 13:45:00,2670.0,2710.0,2670.0,2700.0,611000
2026-03-05 13:50:00,2710.0,2740.0,2700.0,2720.0,937000
2026-03-05 13:55:00,2720.0,2720.0,2700.0,2710.0,162500
2026-03-05 14:00:00,2710.0,2710.0,2700.0,2710.0,204800
2026-03-05 14:05:00,2690.0,2710.0,2690.0,2710.0,7900
2026-03-05 14:10:00,2700.0,2700.0,2690.0,2700.0,95500
2026-03-05 14:15:00,2700.0,2700.0,2690.0,2690.0,116700
2026-03-05 14:20:00,2690.0,2690.0,2670.0,2680.0,337600
2026-03-05 14:25:00,2690.0,2690.0,2660.0,2660.0,516200
2026-03-05 14:30:00,2670.0,2670.0,2660.0,2660.0,334800
2026-03-05 14:35:00,2670.0,2670.0,2650.0,2650.0,263100
2026-03-05 14:40:00,2660.0,2660.0,2650.0,2650.0,5200
2026-03-05 14:45:00,2660.0,2660.0,2650.0,2650.0,32600
2026-03-05 14:50:00,2660.0,2660.0,2660.0,2660.0,295200
2026-03-05 14:55:00,2660.0,2670.0,2650.0,2660.0,202200
2026-03-05 15:00:00,2660.0,2670.0,2650.0,2670.0,331900
2026-03-05 15:05:00,2670.0,2670.0,2660.0,2660.0,14600
2026-03-05 15:10:00,2670.0,2670.0,2660.0,2670.0,277000
2026-03-05 15:15:00,2680.0,2690.0,2670.0,2690.0,280100
2026-03-05 15:20:00,2690.0,2690.0,2670.0,2670.0,273000
2026-03-05 15:25:00,2670.0,2670.0,2660.0,2660.0,83200
2026-03-05 15:30:00,2660.0,2680.0,2660.0,2670.0,215300
2026-03-05 15:35:00,2680.0,2680.0,2670.0,2670.0,325500
2026-03-05 15:40:00,2670.0,2690.0,2660.0,2670.0,659400
2026-03-05 15:45:00,2670.0,2670.0,2660.0,2670.0,266300
2026-03-05 16:00:00,2670.0,2670.0,2670.0,2670.0,672200
2026-03-05 16:05:00,2670.0,2670.0,2670.0,2670.0,7200
2026-03-05 16:10:00,2670.0,2670.0,2670.0,2670.0,9500
2026-03-06 09:00:00,2680.0,2710.0,2670.0,2690.0,0
2026-03-06 09:05:00,2690.0,2710.0,2680.0,2700.0,382700
2026-03-06 09:10:00,2700.0,2700.0,2670.0,2670.0,867700
2026-03-06 09:15:00,2670.0,2690.0,2660.0,2680.0,230100
2026-03-06 09:20:00,2690.0,2690.0,2680.0,2690.0,154800
2026-03-06 09:25:00,2680.0,2690.0,2660.0,2670.0,361300
2026-03-06 09:30:00,2660.0,2670.0,2630.0,2660.0,341100
2026-03-06 09:35:00,2650.0,2660.0,2650.0,2660.0,155000
2026-03-06 09:40:00,2650.0,2660.0,2650.0,2650.0,87500
2026-03-06 09:45:00,2650.0,2670.0,2650.0,2660.0,55500
2026-03-06 09:50:00,2660.0,2670.0,2660.0,2670.0,86400
2026-03-06 09:55:00,2660.0,2670.0,2650.0,2670.0,311300
2026-03-06 10:00:00,2670.0,2670.0,2660.0,2670.0,35700
2026-03-06 10:05:00,2660.0,2680.0,2660.0,2670.0,240000
2026-03-06 10:10:00,2690.0,2690.0,2670.0,2670.0,20400
2026-03-06 10:15:00,2670.0,2680.0,2660.0,2660.0,167300
2026-03-06 10:20:00,2660.0,2670.0,2650.0,2660.0,474000
2026-03-06 10:25:00,2650.0,2650.0,2640.0,2640.0,369700
2026-03-06 10:30:00,2640.0,2640.0,2630.0,2630.0,158800
2026-03-06 10:35:00,2630.0,2630.0,2620.0,2620.0,137800
2026-03-06 10:40:00,2620.0,2640.0,2620.0,2640.0,103500
2026-03-06 10:45:00,2640.0,2640.0,2630.0,2630.0,1300
2026-03-06 10:50:00,2640.0,2640.0,2630.0,2640.0,152400
2026-03-06 10:55:00,2640.0,2660.0,2640.0,2650.0,87000
2026-03-06 11:00:00,2640.0,2650.0,2640.0,2650.0,23700
2026-03-06 11:05:00,2650.0,2650.0,2630.0,2650.0,178500
2026-03-06 11:10:00,2650.0,2660.0,2640.0,2650.0,191700
2026-03-06 11:15:00,2650.0,2650.0,2630.0,2640.0,53900
2026-03-06 11:20:00,2640.0,2640.0,2630.0,2640.0,6500
2026-03-06 11:25:00,2630.0,2640.0,2630.0,2640.0,169600
2026-03-06 14:00:00,2630.0,2640.0,2600.0,2640.0,842000
2026-03-06 14:05:00,2640.0,2640.0,2640.0,2640.0,166100
2026-03-06 14:10:00,2640.0,2650.0,2640.0,2640.0,43800
2026-03-06 14:15:00,2640.0,2660.0,2640.0,2640.0,106800
2026-03-06 14:20:00,2640.0,2640.0,2630.0,2640.0,92500
2026-03-06 14:25:00,2630.0,2650.0,2630.0,2650.0,238600
2026-03-06 14:30:00,2650.0,2670.0,2650.0,2670.0,203400
2026-03-06 14:35:00,2660.0,2670.0,2650.0,2650.0,116000
2026-03-06 14:40:00,2650.0,2660.0,2650.0,2650.0,99100
2026-03-06 14:45:00,2650.0,2660.0,2640.0,2660.0,107800
2026-03-06 14:50:00,2650.0,2660.0,2650.0,2660.0,0
2026-03-06 14:55:00,2650.0,2660.0,2640.0,2640.0,244800
2026-03-06 15:00:00,2650.0,2670.0,2640.0,2670.0,160500
2026-03-06 15:05:00,2670.0,2670.0,2660.0,2670.0,52100
2026-03-06 15:10:00,2670.0,2670.0,2660.0,2660.0,50700
2026-03-06 15:15:00,2660.0,2670.0,2650.0,2660.0,248700
2026-03-06 15:20:00,2660.0,2660.0,2650.0,2660.0,11600
2026-03-06 15:25:00,2660.0,2660.0,2640.0,2640.0,133300
2026-03-06 15:30:00,2640.0,2660.0,2640.0,2660.0,71500
2026-03-06 15:35:00,2660.0,2660.0,2650.0,2660.0,72900
2026-03-06 15:40:00,2660.0,2660.0,2650.0,2650.0,158800
2026-03-06 15:45:00,2650.0,2660.0,2650.0,2660.0,252700
2026-03-06 16:00:00,2660.0,2660.0,2660.0,2660.0,339800
2026-03-06 16:05:00,2660.0,2660.0,2660.0,2660.0,2800
2026-03-06 16:10:00,2660.0,2660.0,2660.0,2660.0,15200
2026-03-09 09:00:00,2490.0,2540.0,2480.0,2500.0,0
2026-03-09 09:05:00,2500.0,2520.0,2490.0,2510.0,430700
2026-03-09 09:10:00,2510.0,2520.0,2490.0,2510.0,398600
2026-03-09 09:15:00,2510.0,2550.0,2500.0,2550.0,293100
2026-03-09 09:20:00,2540.0,2550.0,2520.0,2540.0,253100
2026-03-09 09:25:00,2550.0,2550.0,2500.0,2510.0,565500
2026-03-09 09:30:00,2510.0,2520.0,2510.0,2510.0,253500
2026-03-09 09:35:00,2520.0,2530.0,2520.0,2530.0,196500
2026-03-09 09:40:00,2530.0,2560.0,2520.0,2550.0,498600
2026-03-09 09:45:00,2550.0,2560.0,2540.0,2550.0,407800
2026-03-09 09:50:00,2550.0,2560.0,2540.0,2550.0,95900
2026-03-09 09:55:00,2550.0,2560.0,2520.0,2530.0,442100
2026-03-09 10:00:00,2540.0,2540.0,2520.0,2530.0,130200
2026-03-09 10:05:00,2530.0,2530.0,2520.0,2530.0,54900
2026-03-09 10:10:00,2520.0,2520.0,2520.0,2520.0,99600
2026-03-09 10:15:00,2520.0,2520.0,2510.0,2520.0,118100
2026-03-09 10:20:00,2520.0,2530.0,2520.0,2530.0,66500
2026-03-09 10:25:00,2520.0,2580.0,2520.0,2530.0,242300
2026-03-09 10:30:00,2530.0,2540.0,2530.0,2530.0,107200
2026-03-09 10:35:00,2530.0,2530.0,2520.0,2530.0,234800
2026-03-09 10:40:00,2520.0,2540.0,2520.0,2520.0,117700
2026-03-09 10:45:00,2530.0,2540.0,2530.0,2530.0,94400
2026-03-09 10:50:00,2540.0,2540.0,2530.0,2540.0,93800
2026-03-09 10:55:00,2540.0,2550.0,2540.0,2540.0,37700
2026-03-09 11:00:00,2530.0,2530.0,2520.0,2520.0,153100
2026-03-09 11:05:00,2530.0,2560.0,2530.0,2560.0,146200
2026-03-09 11:10:00,2540.0,2540.0,2530.0,2530.0,96100
2026-03-09 11:15:00,2530.0,2550.0,2530.0,2530.0,61400
2026-03-09 11:20:00,2530.0,2540.0,2530.0,2530.0,33400
2026-03-09 11:25:00,2540.0,2550.0,2530.0,2530.0,122700
2026-03-09 11:30:00,2540.0,2550.0,2540.0,2540.0,71600
2026-03-09 11:35:00,2550.0,2550.0,2530.0,2530.0,90500
2026-03-09 11:40:00,2540.0,2540.0,2530.0,2530.0,3700
2026-03-09 11:45:00,2540.0,2540.0,2530.0,2540.0,60100
2026-03-09 11:50:00,2540.0,2550.0,2530.0,2550.0,36100
2026-03-09 11:55:00,2550.0,2550.0,2530.0,2530.0,56800
2026-03-09 13:30:00,2550.0,2550.0,2530.0,2540.0,290400
2026-03-09 13:35:00,2540.0,2550.0,2540.0,2540.0,33800
2026-03-09 13:40:00,2550.0,2570.0,2550.0,2550.0,109500
2026-03-09 13:45:00,2560.0,2560.0,2550.0,2550.0,229900
2026-03-09 13:50:00,2550.0,2560.0,2550.0,2560.0,5100
2026-03-09 13:55:00,2550.0,2560.0,2540.0,2550.0,77900
2026-03-09 14:00:00,2540.0,2550.0,2520.0,2520.0,459600
2026-03-09 14:05:00,2520.0,2540.0,2520.0,2540.0,14700
2026-03-09 14:10:00,2540.0,2540.0,2530.0,2530.0,1800
2026-03-09 14:15:00,2530.0,2530.0,2510.0,2520.0,238200
2026-03-09 14:20:00,2530.0,2530.0,2520.0,2530.0,12100
2026-03-09 14:25:00,2530.0,2530.0,2520.0,2530.0,45700
2026-03-09 14:30:00,2520.0,2530.0,2520.0,2530.0,59700
2026-03-09 14:35:00,2530.0,2550.0,2520.0,2550.0,72100
2026-03-09 14:40:00,2530.0,2540.0,2520.0,2530.0,33700
2026-03-09 14:45:00,2530.0,2530.0,2530.0,2530.0,23900
2026-03-09 14:50:00,2530.0,2530.0,2520.0,2520.0,31000
2026-03-09 14:55:00,2530.0,2530.0,2520.0,2520.0,29300
2026-03-09 15:00:00,2530.0,2530.0,2520.0,2520.0,21500
2026-03-09 15:05:00,2520.0,2530.0,2520.0,2530.0,76700
2026-03-09 15:10:00,2530.0,2530.0,2510.0,2510.0,683700
2026-03-09 15:15:00,2520.0,2520.0,2510.0,2510.0,28200
2026-03-09 15:20:00,2510.0,2520.0,2510.0,2520.0,29100
2026-03-09 15:25:00,2520.0,2520.0,2520.0,2520.0,93800
2026-03-09 15:30:00,2520.0,2530.0,2520.0,2520.0,171600
2026-03-09 15:35:00,2520.0,2530.0,2500.0,2500.0,256100
2026-03-09 15:40:00,2510.0,2520.0,2500.0,2520.0,78700
2026-03-09 15:45:00,2520.0,2530.0,2510.0,2520.0,203300
2026-03-09 16:00:00,2520.0,2520.0,2520.0,2520.0,119400
2026-03-09 16:10:00,2520.0,2520.0,2520.0,2520.0,5000
2026-03-10 09:00:00,2580.0,2610.0,2520.0,2600.0,0
2026-03-10 09:05:00,2600.0,2600.0,2570.0,2590.0,374700
2026-03-10 09:10:00,2590.0,2590.0,2560.0,2580.0,274700
2026-03-10 09:15:00,2580.0,2590.0,2570.0,2590.0,443900
2026-03-10 09:20:00,2590.0,2600.0,2580.0,2600.0,232200
2026-03-10 09:25:00,2600.0,2600.0,2570.0,2570.0,232800
2026-03-10 09:30:00,2570.0,2570.0,2560.0,2560.0,288000
2026-03-10 09:35:00,2550.0,2570.0,2550.0,2570.0,199600
2026-03-10 09:40:00,2560.0,2570.0,2560.0,2560.0,3800
2026-03-10 09:45:00,2570.0,2570.0,2550.0,2570.0,147000
2026-03-10 09:50:00,2560.0,2570.0,2560.0,2560.0,57400
2026-03-10 09:55:00,2560.0,2560.0,2560.0,2560.0,49300
2026-03-10 10:00:00,2560.0,2560.0,2560.0,2560.0,19800
2026-03-10 10:05:00,2560.0,2560.0,2560.0,2560.0,1200
2026-03-10 10:10:00,2560.0,2570.0,2550.0,2560.0,40900
2026-03-10 10:15:00,2560.0,2570.0,2550.0,2550.0,61600
2026-03-10 10:20:00,2550.0,2570.0,2550.0,2560.0,13200
2026-03-10 10:25:00,2560.0,2570.0,2560.0,2560.0,2100
2026-03-10 10:30:00,2560.0,2570.0,2550.0,2550.0,275800
2026-03-10 10:35:00,2560.0,2570.0,2560.0,2570.0,11000
2026-03-10 10:40:00,2570.0,2570.0,2560.0,2570.0,25500
2026-03-10 10:45:00,2570.0,2570.0,2560.0,2560.0,0
2026-03-10 10:50:00,2560.0,2570.0,2560.0,2570.0,4100
2026-03-10 10:55:00,2570.0,2570.0,2560.0,2560.0,12100
2026-03-10 11:00:00,2560.0,2570.0,2550.0,2550.0,108600
2026-03-10 11:05:00,2550.0,2550.0,2550.0,2550.0,18800
2026-03-10 11:10:00,2550.0,2560.0,2550.0,2560.0,42200
2026-03-10 11:15:00,2550.0,2550.0,2540.0,2540.0,74300
2026-03-10 11:20:00,2550.0,2550.0,2540.0,2550.0,10100
2026-03-10 11:25:00,2540.0,2550.0,2540.0,2540.0,4000
2026-03-10 11:30:00,2550.0,2550.0,2530.0,2530.0,204300
2026-03-10 11:35:00,2530.0,2540.0,2530.0,2540.0,40800
2026-03-10 11:40:00,2540.0,2540.0,2530.0,2530.0,11900
2026-03-10 11:45:00,2530.0,2540.0,2530.0,2530.0,3800
2026-03-10 11:50:00,2530.0,2530.0,2530.0,2530.0,17800
2026-03-10 11:55:00,2530.0,2540.0,2530.0,2530.0,37200
2026-03-10 13:30:00,2540.0,2540.0,2530.0,2530.0,15600
2026-03-10 13:35:00,2530.0,2540.0,2530.0,2540.0,2200
2026-03-10 13:40:00,2540.0,2540.0,2540.0,2540.0,147600
2026-03-10 13:45:00,2540.0,2550.0,2540.0,2540.0,77300
2026-03-10 13:50:00,2540.0,2540.0,2540.0,2540.0,87700
2026-03-10 13:55:00,2530.0,2540.0,2530.0,2530.0,1400
2026-03-10 14:00:00,2530.0,2540.0,2530.0,2530.0,31800
2026-03-10 14:05:00,2540.0,2540.0,2530.0,2540.0,154600
2026-03-10 14:10:00,2540.0,2550.0,2540.0,2550.0,82600
2026-03-10 14:15:00,2540.0,2540.0,2540.0,2540.0,600
2026-03-10 14:20:00,2550.0,2580.0,2550.0,2560.0,587100
2026-03-10 14:25:00,2560.0,2600.0,2560.0,2590.0,318700
2026-03-10 14:30:00,2590.0,2630.0,2590.0,2620.0,631800
2026-03-10 14:35:00,2620.0,2630.0,2610.0,2610.0,47500
2026-03-10 14:40:00,2620.0,2660.0,2620.0,2640.0,550400
2026-03-10 14:45:00,2640.0,2650.0,2640.0,2640.0,438600
2026-03-10 14:50:00,2640.0,2650.0,2630.0,2640.0,217700
2026-03-10 14:55:00,2650.0,2650.0,2640.0,2640.0,219300
2026-03-10 15:00:00,2640.0,2660.0,2640.0,2640.0,124100
2026-03-10 15:05:00,2640.0,2650.0,2640.0,2640.0,426300
2026-03-10 15:10:00,2640.0,2650.0,2640.0,2640.0,440300
2026-03-10 15:15:00,2640.0,2660.0,2640.0,2650.0,373400
2026-03-10 15:20:00,2640.0,2650.0,2640.0,2640.0,230700
2026-03-10 15:25:00,2640.0,2650.0,2640.0,2640.0,218900
2026-03-10 15:30:00,2640.0,2650.0,2620.0,2650.0,336000
2026-03-10 15:35:00,2650.0,2650.0,2640.0,2650.0,108700
2026-03-10 15:40:00,2640.0,2660.0,2640.0,2640.0,342100
2026-03-10 15:45:00,2640.0,2660.0,2640.0,2650.0,324200
2026-03-10 16:00:00,2650.0,2650.0,2650.0,2650.0,256900
2026-03-10 16:05:00,2650.0,2650.0,2650.0,2650.0,52000
2026-03-10 16:10:00,2650.0,2650.0,2650.0,2650.0,0
2026-03-11 09:00:00,2680.0,2700.0,2630.0,2640.0,0
2026-03-11 09:05:00,2640.0,2670.0,2630.0,2670.0,212300
2026-03-11 09:10:00,2670.0,2670.0,2660.0,2670.0,18800
2026-03-11 09:15:00,2670.0,2670.0,2650.0,2660.0,164300
2026-03-11 09:20:00,2660.0,2680.0,2650.0,2680.0,92600
2026-03-11 09:25:00,2680.0,2680.0,2660.0,2660.0,210200
2026-03-11 09:30:00,2660.0,2670.0,2650.0,2670.0,84400
2026-03-11 09:35:00,2660.0,2670.0,2650.0,2650.0,9300
2026-03-11 09:40:00,2650.0,2660.0,2650.0,2660.0,74800
2026-03-11 09:45:00,2650.0,2650.0,2640.0,2640.0,93700
2026-03-11 09:50:00,2630.0,2630.0,2620.0,2620.0,130300
2026-03-11 09:55:00,2620.0,2620.0,2610.0,2620.0,111700
2026-03-11 10:00:00,2620.0,2620.0,2610.0,2620.0,81800
2026-03-11 10:05:00,2620.0,2630.0,2620.0,2630.0,16700
2026-03-11 10:10:00,2630.0,2630.0,2630.0,2630.0,25400
2026-03-11 10:15:00,2630.0,2650.0,2630.0,2630.0,49400
2026-03-11 10:20:00,2640.0,2640.0,2630.0,2630.0,35500
2026-03-11 10:25:00,2630.0,2630.0,2630.0,2630.0,0
2026-03-11 10:30:00,2640.0,2640.0,2620.0,2620.0,103900
2026-03-11 10:35:00,2620.0,2620.0,2610.0,2610.0,15700
2026-03-11 10:40:00,2610.0,2610.0,2610.0,2610.0,49100
2026-03-11 10:45:00,2620.0,2620.0,2600.0,2610.0,48800
2026-03-11 10:50:00,2610.0,2610.0,2590.0,2610.0,218000
2026-03-11 10:55:00,2610.0,2610.0,2600.0,2610.0,15600
2026-03-11 11:00:00,2600.0,2610.0,2600.0,2600.0,10600
2026-03-11 11:05:00,2600.0,2600.0,2600.0,2600.0,2300
2026-03-11 11:10:00,2610.0,2610.0,2600.0,2610.0,54600
2026-03-11 11:15:00,2610.0,2610.0,2600.0,2610.0,4900
2026-03-11 11:20:00,2610.0,2610.0,2610.0,2610.0,20600
2026-03-11 11:25:00,2610.0,2620.0,2610.0,2620.0,26000
2026-03-11 11:30:00,2620.0,2620.0,2610.0,2620.0,38400
2026-03-11 11:35:00,2620.0,2620.0,2620.0,2620.0,300
2026-03-11 11:40:00,2620.0,2620.0,2620.0,2620.0,9100
2026-03-11 11:45:00,2610.0,2630.0,2610.0,2630.0,84100
2026-03-11 11:50:00,2630.0,2640.0,2620.0,2640.0,209000
2026-03-11 11:55:00,2640.0,2640.0,2620.0,2620.0,11500
2026-03-11 13:30:00,2630.0,2660.0,2610.0,2650.0,836300
2026-03-11 13:35:00,2650.0,2650.0,2650.0,2650.0,32800
2026-03-11 13:40:00,2650.0,2650.0,2640.0,2640.0,34800
2026-03-11 13:45:00,2630.0,2640.0,2630.0,2640.0,2400
2026-03-11 13:50:00,2630.0,2640.0,2630.0,2640.0,10300
2026-03-11 13:55:00,2640.0,2650.0,2640.0,2650.0,98900
2026-03-11 14:00:00,2650.0,2680.0,2650.0,2670.0,498300
2026-03-11 14:05:00,2660.0,2670.0,2650.0,2650.0,112600
2026-03-11 14:10:00,2650.0,2650.0,2630.0,2630.0,162200
2026-03-11 14:15:00,2630.0,2650.0,2620.0,2650.0,301500
2026-03-11 14:20:00,2660.0,2660.0,2620.0,2630.0,383900
2026-03-11 14:25:00,2630.0,2640.0,2620.0,2630.0,112300
2026-03-11 14:30:00,2630.0,2640.0,2630.0,2630.0,244700
2026-03-11 14:35:00,2630.0,2640.0,2630.0,2640.0,114400
2026-03-11 14:40:00,2640.0,2640.0,2630.0,2630.0,196700
2026-03-11 14:45:00,2630.0,2640.0,2630.0,2640.0,91000
2026-03-11 14:50:00,2630.0,2660.0,2630.0,2640.0,472900
2026-03-11 14:55:00,2640.0,2640.0,2630.0,2630.0,211700
2026-03-11 15:00:00,2630.0,2640.0,2630.0,2630.0,152300
2026-03-11 15:05:00,2630.0,2630.0,2620.0,2620.0,116800
2026-03-11 15:10:00,2620.0,2650.0,2600.0,2640.0,599500
2026-03-11 15:15:00,2620.0,2620.0,2610.0,2620.0,173400
2026-03-11 15:20:00,2620.0,2630.0,2600.0,2610.0,234600
2026-03-11 15:25:00,2610.0,2620.0,2610.0,2620.0,193700
2026-03-11 15:30:00,2620.0,2640.0,2610.0,2610.0,342000
2026-03-11 15:35:00,2610.0,2630.0,2610.0,2610.0,263500
2026-03-11 15:40:00,2610.0,2620.0,2600.0,2620.0,375200
2026-03-11 15:45:00,2610.0,2620.0,2600.0,2620.0,297200
2026-03-11 16:00:00,2590.0,2590.0,2590.0,2590.0,791000
2026-03-11 16:05:00,2590.0,2590.0,2590.0,2590.0,23600
2026-03-11 16:10:00,2590.0,2590.0,2590.0,2590.0,278500
2026-03-12 09:00:00,2590.0,2600.0,2590.0,2600.0,0
2026-03-12 09:05:00,2590.0,2600.0,2570.0,2570.0,87700
2026-03-12 09:10:00,2570.0,2590.0,2570.0,2580.0,38000
2026-03-12 09:15:00,2580.0,2580.0,2540.0,2550.0,351400
2026-03-12 09:20:00,2550.0,2560.0,2540.0,2550.0,55300
2026-03-12 09:25:00,2550.0,2560.0,2550.0,2560.0,63800
2026-03-12 09:30:00,2550.0,2560.0,2550.0,2560.0,173400
2026-03-12 09:35:00,2560.0,2560.0,2550.0,2560.0,73600
2026-03-12 09:40:00,2550.0,2550.0,2540.0,2550.0,29800
2026-03-12 09:45:00,2550.0,2550.0,2540.0,2550.0,78300
2026-03-12 09:50:00,2540.0,2550.0,2530.0,2540.0,195300
2026-03-12 09:55:00,2540.0,2550.0,2540.0,2540.0,33800
2026-03-12 10:00:00,2540.0,2540.0,2540.0,2540.0,95600
2026-03-12 10:05:00,2550.0,2550.0,2540.0,2540.0,54000
2026-03-12 10:10:00,2540.0,2550.0,2540.0,2540.0,16100
2026-03-12 10:15:00,2550.0,2560.0,2550.0,2560.0,1900
2026-03-12 10:20:00,2560.0,2560.0,2550.0,2560.0,29200
2026-03-12 10:25:00,2560.0,2560.0,2550.0,2550.0,1900
2026-03-12 10:30:00,2550.0,2560.0,2550.0,2560.0,27600
2026-03-12 10:35:00,2560.0,2570.0,2560.0,2570.0,37600
2026-03-12 10:40:00,2570.0,2570.0,2570.0,2570.0,800
2026-03-12 10:45:00,2570.0,2570.0,2560.0,2570.0,44700
2026-03-12 10:50:00,2570.0,2570.0,2560.0,2560.0,27400
2026-03-12 10:55:00,2570.0,2580.0,2560.0,2580.0,7000
2026-03-12 11:00:00,2570.0,2590.0,2570.0,2580.0,100900
2026-03-12 11:05:00,2580.0,2580.0,2570.0,2580.0,7700
2026-03-12 11:10:00,2570.0,2580.0,2570.0,2570.0,5300
2026-03-12 11:15:00,2580.0,2580.0,2570.0,2580.0,47900
2026-03-12 11:20:00,2580.0,2580.0,2580.0,2580.0,15900
2026-03-12 11:25:00,2580.0,2580.0,2570.0,2570.0,7400
2026-03-12 11:30:00,2580.0,2580.0,2570.0,2580.0,29500
2026-03-12 11:35:00,2580.0,2580.0,2570.0,2570.0,14600
2026-03-12 11:40:00,2570.0,2580.0,2570.0,2580.0,22500
2026-03-12 11:45:00,2580.0,2580.0,2570.0,2570.0,2600
2026-03-12 11:50:00,2570.0,2570.0,2570.0,2570.0,13400
2026-03-12 11:55:00,2580.0,2580.0,2580.0,2580.0,100
2026-03-12 13:30:00,2580.0,2590.0,2570.0,2590.0,167100
2026-03-12 13:35:00,2590.0,2590.0,2580.0,2580.0,7600
2026-03-12 13:40:00,2590.0,2610.0,2580.0,2600.0,112300
2026-03-12 13:45:00,2600.0,2610.0,2600.0,2600.0,25400
2026-03-12 13:50:00,2600.0,2610.0,2600.0,2600.0,13800
2026-03-12 13:55:00,2600.0,2610.0,2590.0,2590.0,35400
2026-03-12 14:00:00,2600.0,2610.0,2600.0,2610.0,77200
2026-03-12 14:05:00,2600.0,2610.0,2600.0,2600.0,9500
2026-03-12 14:10:00,2590.0,2600.0,2590.0,2600.0,10100
2026-03-12 14:15:00,2600.0,2610.0,2600.0,2610.0,74700
2026-03-12 14:20:00,2610.0,2610.0,2590.0,2590.0,90300
2026-03-12 14:25:00,2600.0,2600.0,2590.0,2600.0,7900
2026-03-12 14:30:00,2590.0,2600.0,2590.0,2600.0,47200
2026-03-12 14:35:00,2600.0,2600.0,2580.0,2600.0,158100
2026-03-12 14:40:00,2600.0,2600.0,2600.0,2600.0,10400
2026-03-12 14:45:00,2600.0,2600.0,2590.0,2600.0,10100
2026-03-12 14:50:00,2590.0,2600.0,2580.0,2580.0,156300
2026-03-12 14:55:00,2580.0,2590.0,2580.0,2590.0,41400
2026-03-12 15:00:00,2590.0,2590.0,2580.0,2580.0,25800
2026-03-12 15:05:00,2590.0,2590.0,2570.0,2580.0,193300
2026-03-12 15:10:00,2570.0,2580.0,2570.0,2580.0,19200
2026-03-12 15:15:00,2580.0,2580.0,2580.0,2580.0,20500
2026-03-12 15:20:00,2580.0,2580.0,2570.0,2580.0,16400
2026-03-12 15:25:00,2570.0,2580.0,2550.0,2580.0,818300
2026-03-12 15:30:00,2580.0,2580.0,2550.0,2560.0,57200
2026-03-12 15:35:00,2550.0,2570.0,2540.0,2570.0,643700
2026-03-12 15:40:00,2570.0,2570.0,2550.0,2560.0,60700
2026-03-12 15:45:00,2560.0,2570.0,2550.0,2560.0,499000
2026-03-12 16:00:00,2550.0,2550.0,2550.0,2550.0,536400
2026-03-12 16:05:00,2550.0,2550.0,2550.0,2550.0,0
2026-03-13 09:00:00,2520.0,2540.0,2510.0,2510.0,0
2026-03-13 09:05:00,2510.0,2530.0,2510.0,2530.0,94500
2026-03-13 09:10:00,2520.0,2540.0,2510.0,2510.0,231200
2026-03-13 09:15:00,2510.0,2530.0,2500.0,2510.0,260500
2026-03-13 09:20:00,2510.0,2520.0,2500.0,2520.0,54600
2026-03-13 09:25:00,2520.0,2520.0,2510.0,2510.0,33400
2026-03-13 09:30:00,2510.0,2520.0,2500.0,2500.0,494400
2026-03-13 09:35:00,2510.0,2510.0,2500.0,2510.0,30200
2026-03-13 09:40:00,2510.0,2510.0,2510.0,2510.0,52300
2026-03-13 09:45:00,2510.0,2520.0,2510.0,2520.0,7300
2026-03-13 09:50:00,2520.0,2520.0,2510.0,2520.0,54200
2026-03-13 09:55:00,2510.0,2510.0,2500.0,2510.0,7700
2026-03-13 10:00:00,2510.0,2510.0,2510.0,2510.0,7600
2026-03-13 10:05:00,2500.0,2510.0,2500.0,2500.0,29000
2026-03-13 10:10:00,2500.0,2500.0,2480.0,2500.0,1709800
2026-03-13 10:15:00,2500.0,2500.0,2490.0,2500.0,24200
2026-03-13 10:20:00,2500.0,2510.0,2490.0,2510.0,3700
2026-03-13 10:25:00,2500.0,2500.0,2500.0,2500.0,90000
2026-03-13 10:30:00,2500.0,2500.0,2500.0,2500.0,10800
2026-03-13 10:35:00,2500.0,2500.0,2490.0,2500.0,8000
2026-03-13 10:40:00,2500.0,2500.0,2490.0,2500.0,132800
2026-03-13 10:45:00,2490.0,2490.0,2490.0,2490.0,10300
2026-03-13 10:50:00,2490.0,2500.0,2480.0,2480.0,270200
2026-03-13 10:55:00,2480.0,2490.0,2480.0,2480.0,91300
2026-03-13 11:00:00,2480.0,2490.0,2480.0,2490.0,211400
2026-03-13 11:05:00,2490.0,2500.0,2490.0,2500.0,24900
2026-03-13 11:10:00,2490.0,2490.0,2490.0,2490.0,0
2026-03-13 11:15:00,2500.0,2500.0,2500.0,2500.0,204000
2026-03-13 11:20:00,2490.0,2510.0,2490.0,2490.0,17100
2026-03-13 11:25:00,2510.0,2510.0,2490.0,2490.0,37400
2026-03-13 14:00:00,2510.0,2520.0,2490.0,2520.0,283300
2026-03-13 14:05:00,2510.0,2520.0,2510.0,2520.0,2900
2026-03-13 14:10:00,2510.0,2510.0,2500.0,2500.0,87100
2026-03-13 14:15:00,2510.0,2510.0,2500.0,2500.0,69100
2026-03-13 14:20:00,2500.0,2510.0,2500.0,2510.0,9100
2026-03-13 14:25:00,2500.0,2510.0,2500.0,2510.0,770000
2026-03-13 14:30:00,2510.0,2510.0,2500.0,2500.0,4500
2026-03-13 14:35:00,2500.0,2510.0,2500.0,2510.0,23500
2026-03-13 14:40:00,2510.0,2510.0,2500.0,2500.0,11300
2026-03-13 14:45:00,2510.0,2510.0,2500.0,2500.0,17300
2026-03-13 14:50:00,2510.0,2510.0,2500.0,2510.0,356200
2026-03-13 14:55:00,2490.0,2510.0,2490.0,2500.0,319600
2026-03-13 15:00:00,2500.0,2510.0,2490.0,2500.0,150200
2026-03-13 15:05:00,2500.0,2510.0,2500.0,2510.0,63900
2026-03-13 15:10:00,2510.0,2510.0,2500.0,2500.0,26200
2026-03-13 15:15:00,2500.0,2510.0,2500.0,2500.0,79500
2026-03-13 15:20:00,2500.0,2510.0,2490.0,2490.0,108900
2026-03-13 15:25:00,2490.0,2490.0,2490.0,2490.0,370400
2026-03-13 15:30:00,2500.0,2510.0,2490.0,2500.0,494300
2026-03-13 15:35:00,2500.0,2500.0,2500.0,2500.0,35500
2026-03-13 15:40:00,2490.0,2500.0,2490.0,2500.0,96400
2026-03-13 15:45:00,2500.0,2510.0,2490.0,2500.0,155600
2026-03-13 16:00:00,2490.0,2490.0,2490.0,2490.0,446900
2026-03-13 16:05:00,2490.0,2490.0,2490.0,2490.0,29000
2026-03-13 16:10:00,2490.0,2490.0,2490.0,2490.0,1300
2026-03-16 09:00:00,2490.0,2490.0,2420.0,2430.0,0
2026-03-16 09:05:00,2430.0,2440.0,2400.0,2410.0,263400
2026-03-16 09:10:00,2410.0,2430.0,2400.0,2420.0,279700
2026-03-16 09:15:00,2420.0,2450.0,2420.0,2450.0,127900
2026-03-16 09:20:00,2440.0,2450.0,2430.0,2430.0,79400
2026-03-16 09:25:00,2440.0,2440.0,2420.0,2420.0,100300
2026-03-16 09:30:00,2420.0,2430.0,2420.0,2420.0,52300
2026-03-16 09:35:00,2420.0,2430.0,2420.0,2430.0,53100
2026-03-16 09:40:00,2420.0,2430.0,2420.0,2430.0,21200
2026-03-16 09:45:00,2430.0,2430.0,2430.0,2430.0,11400
2026-03-16 09:50:00,2430.0,2460.0,2430.0,2440.0,288200
2026-03-16 09:55:00,2440.0,2440.0,2430.0,2440.0,10000
2026-03-16 10:00:00,2440.0,2450.0,2430.0,2450.0,49400
2026-03-16 10:05:00,2450.0,2450.0,2440.0,2440.0,2900
2026-03-16 10:10:00,2450.0,2450.0,2450.0,2450.0,20000
2026-03-16 10:15:00,2460.0,2460.0,2450.0,2450.0,10900
2026-03-16 10:20:00,2460.0,2460.0,2450.0,2460.0,9500
2026-03-16 10:25:00,2460.0,2470.0,2460.0,2460.0,70400
2026-03-16 10:30:00,2470.0,2470.0,2460.0,2460.0,2700
2026-03-16 10:35:00,2470.0,2470.0,2460.0,2460.0,9300
2026-03-16 10:40:00,2470.0,2470.0,2460.0,2460.0,10300
2026-03-16 10:45:00,2470.0,2470.0,2460.0,2460.0,11200
2026-03-16 10:50:00,2460.0,2470.0,2460.0,2470.0,4100
2026-03-16 10:55:00,2470.0,2470.0,2470.0,2470.0,4000
2026-03-16 11:00:00,2470.0,2470.0,2450.0,2460.0,45400
2026-03-16 11:05:00,2450.0,2460.0,2450.0,2460.0,1300
2026-03-16 11:10:00,2450.0,2460.0,2450.0,2460.0,13700
2026-03-16 11:15:00,2450.0,2460.0,2450.0,2460.0,58200
2026-03-16 11:20:00,2460.0,2460.0,2450.0,2460.0,100100
2026-03-16 11:25:00,2450.0,2460.0,2440.0,2440.0,56900
2026-03-16 11:30:00,2450.0,2460.0,2450.0,2450.0,28900
2026-03-16 11:35:00,2460.0,2460.0,2450.0,2460.0,200
2026-03-16 11:40:00,2450.0,2450.0,2440.0,2450.0,2000
2026-03-16 11:45:00,2440.0,2450.0,2440.0,2440.0,14900
2026-03-16 11:50:00,2450.0,2450.0,2450.0,2450.0,500
2026-03-16 11:55:00,2450.0,2450.0,2440.0,2450.0,6600
2026-03-16 13:30:00,2450.0,2460.0,2440.0,2450.0,230800
2026-03-16 13:35:00,2450.0,2460.0,2450.0,2450.0,37500
2026-03-16 13:40:00,2450.0,2450.0,2440.0,2450.0,6100
2026-03-16 13:45:00,2450.0,2450.0,2440.0,2450.0,15000
2026-03-16 13:50:00,2450.0,2450.0,2440.0,2440.0,136200
2026-03-16 14:00:00,2430.0,2430.0,2430.0,2430.0,4600
2026-03-16 14:05:00,2430.0,2430.0,2430.0,2430.0,233800
2026-03-16 14:10:00,2440.0,2440.0,2430.0,2440.0,11200
2026-03-16 14:15:00,2450.0,2450.0,2430.0,2430.0,3600
2026-03-16 14:20:00,2450.0,2450.0,2430.0,2440.0,2100
2026-03-16 14:25:00,2450.0,2450.0,2430.0,2440.0,10400
2026-03-16 14:30:00,2440.0,2450.0,2430.0,2450.0,132200
2026-03-16 14:35:00,2450.0,2450.0,2450.0,2450.0,0
2026-03-16 14:40:00,2450.0,2450.0,2440.0,2440.0,5300
2026-03-16 14:45:00,2450.0,2450.0,2440.0,2440.0,6500
2026-03-16 14:50:00,2450.0,2450.0,2440.0,2440.0,4600
2026-03-16 14:55:00,2450.0,2450.0,2450.0,2450.0,1600
2026-03-16 15:00:00,2450.0,2450.0,2440.0,2450.0,109800
2026-03-16 15:05:00,2450.0,2450.0,2450.0,2450.0,0
2026-03-16 15:10:00,2440.0,2450.0,2430.0,2430.0,40600
2026-03-16 15:15:00,2440.0,2440.0,2440.0,2440.0,0
2026-03-16 15:20:00,2430.0,2440.0,2430.0,2440.0,43500
2026-03-16 15:25:00,2430.0,2440.0,2430.0,2440.0,5900
2026-03-16 15:30:00,2430.0,2440.0,2430.0,2430.0,10800
2026-03-16 15:35:00,2430.0,2440.0,2430.0,2440.0,5200
2026-03-16 15:40:00,2430.0,2440.0,2430.0,2430.0,31600
2026-03-16 15:45:00,2430.0,2460.0,2430.0,2450.0,86500
2026-03-16 16:00:00,2430.0,2430.0,2430.0,2430.0,133600
2026-03-16 16:05:00,2430.0,2430.0,2430.0,2430.0,99000
2026-03-17 09:00:00,2460.0,2510.0,2450.0,2500.0,0
2026-03-17 09:05:00,2500.0,2510.0,2490.0,2500.0,292600
2026-03-17 09:10:00,2500.0,2500.0,2490.0,2500.0,61400
2026-03-17 09:15:00,2490.0,2500.0,2490.0,2490.0,4700
2026-03-17 09:20:00,2500.0,2500.0,2490.0,2500.0,32300
2026-03-17 09:25:00,2500.0,2500.0,2490.0,2490.0,25600
2026-03-17 09:30:00,2490.0,2490.0,2470.0,2470.0,51100
2026-03-17 09:35:00,2480.0,2480.0,2470.0,2470.0,24900
2026-03-17 09:40:00,2480.0,2480.0,2470.0,2480.0,10400
2026-03-17 09:45:00,2480.0,2480.0,2470.0,2470.0,27700
2026-03-17 09:50:00,2470.0,2480.0,2470.0,2470.0,22100
2026-03-17 09:55:00,2470.0,2480.0,2470.0,2480.0,900
2026-03-17 10:00:00,2480.0,2480.0,2480.0,2480.0,1700
2026-03-17 10:05:00,2480.0,2480.0,2480.0,2480.0,3200
2026-03-17 10:10:00,2480.0,2480.0,2470.0,2480.0,80800
2026-03-17 10:15:00,2480.0,2480.0,2480.0,2480.0,8700
2026-03-17 10:20:00,2470.0,2480.0,2470.0,2470.0,12300
2026-03-17 10:25:00,2480.0,2480.0,2470.0,2470.0,15500
2026-03-17 10:30:00,2470.0,2470.0,2460.0,2470.0,49200
2026-03-17 10:35:00,2470.0,2480.0,2470.0,2470.0,8100
2026-03-17 10:40:00,2470.0,2480.0,2470.0,2480.0,10500
2026-03-17 10:45:00,2470.0,2470.0,2470.0,2470.0,0
2026-03-17 10:50:00,2480.0,2480.0,2480.0,2480.0,42500
2026-03-17 10:55:00,2480.0,2480.0,2470.0,2480.0,3100
2026-03-17 11:00:00,2480.0,2480.0,2460.0,2480.0,93300
2026-03-17 11:05:00,2470.0,2470.0,2470.0,2470.0,200
2026-03-17 11:10:00,2480.0,2480.0,2480.0,2480.0,7100
2026-03-17 11:15:00,2480.0,2480.0,2480.0,2480.0,0
2026-03-17 11:20:00,2480.0,2490.0,2470.0,2490.0,46100
2026-03-17 11:25:00,2490.0,2490.0,2480.0,2490.0,5900
2026-03-17 11:30:00,2490.0,2490.0,2480.0,2490.0,4000
2026-03-17 11:35:00,2490.0,2490.0,2480.0,2480.0,3300
2026-03-17 11:40:00,2480.0,2490.0,2480.0,2480.0,1300
2026-03-17 11:45:00,2480.0,2480.0,2480.0,2480.0,3500
2026-03-17 11:50:00,2480.0,2480.0,2480.0,2480.0,1800
2026-03-17 11:55:00,2490.0,2490.0,2480.0,2480.0,22100
2026-03-17 13:30:00,2480.0,2510.0,2470.0,2510.0,302200
2026-03-17 13:35:00,2510.0,2520.0,2500.0,2510.0,116800
2026-03-17 13:40:00,2510.0,2520.0,2500.0,2510.0,83000
2026-03-17 13:45:00,2510.0,2520.0,2500.0,2510.0,40400
2026-03-17 13:50:00,2510.0,2510.0,2500.0,2510.0,67200
2026-03-17 13:55:00,2510.0,2510.0,2500.0,2510.0,22800
2026-03-17 14:00:00,2510.0,2510.0,2500.0,2510.0,24000
2026-03-17 14:05:00,2510.0,2520.0,2510.0,2520.0,14700
2026-03-17 14:10:00,2520.0,2520.0,2510.0,2510.0,90000
2026-03-17 14:15:00,2510.0,2520.0,2500.0,2510.0,66900
2026-03-17 14:20:00,2510.0,2510.0,2510.0,2510.0,8100
2026-03-17 14:25:00,2510.0,2510.0,2500.0,2510.0,19800
2026-03-17 14:30:00,2510.0,2510.0,2500.0,2510.0,9800
2026-03-17 14:35:00,2510.0,2510.0,2500.0,2510.0,25100
2026-03-17 14:40:00,2510.0,2510.0,2500.0,2510.0,15500
2026-03-17 14:45:00,2510.0,2510.0,2500.0,2510.0,3700
2026-03-17 14:50:00,2510.0,2510.0,2500.0,2510.0,4800
2026-03-17 14:55:00,2500.0,2510.0,2500.0,2510.0,1500
2026-03-17 15:00:00,2510.0,2510.0,2500.0,2510.0,14600
2026-03-17 15:05:00,2510.0,2510.0,2500.0,2510.0,11400
2026-03-17 15:10:00,2500.0,2510.0,2500.0,2510.0,42300
2026-03-17 15:15:00,2500.0,2510.0,2500.0,2510.0,6700
2026-03-17 15:20:00,2500.0,2510.0,2500.0,2500.0,9500
2026-03-17 15:25:00,2510.0,2510.0,2500.0,2500.0,6200
2026-03-17 15:30:00,2500.0,2510.0,2500.0,2500.0,13000
2026-03-17 15:35:00,2500.0,2500.0,2490.0,2490.0,166400
2026-03-17 15:40:00,2500.0,2500.0,2480.0,2490.0,178900
2026-03-17 15:45:00,2490.0,2500.0,2480.0,2480.0,39800
2026-03-17 16:00:00,2520.0,2520.0,2520.0,2520.0,869200
2026-03-17 16:05:00,2520.0,2520.0,2520.0,2520.0,11200
2026-03-17 16:10:00,2520.0,2520.0,2520.0,2520.0,300
2026-03-25 09:00:00,2500.0,2580.0,2490.0,2560.0,0
2026-03-25 09:05:00,2550.0,2570.0,2540.0,2570.0,106100
2026-03-25 09:10:00,2560.0,2570.0,2550.0,2570.0,294200
2026-03-25 09:15:00,2570.0,2570.0,2560.0,2560.0,26600
2026-03-25 09:20:00,2570.0,2570.0,2560.0,2570.0,44700
2026-03-25 09:25:00,2560.0,2570.0,2560.0,2560.0,46800
2026-03-25 09:30:00,2560.0,2570.0,2560.0,2560.0,87500
2026-03-25 09:35:00,2570.0,2570.0,2560.0,2560.0,43900
2026-03-25 09:40:00,2560.0,2570.0,2540.0,2550.0,279800
2026-03-25 09:45:00,2550.0,2560.0,2540.0,2560.0,59500
2026-03-25 09:50:00,2560.0,2560.0,2550.0,2550.0,20400
2026-03-25 09:55:00,2550.0,2560.0,2550.0,2550.0,4600
2026-03-25 10:00:00,2550.0,2560.0,2550.0,2560.0,163000
2026-03-25 10:05:00,2550.0,2560.0,2550.0,2560.0,28600
2026-03-25 10:10:00,2560.0,2560.0,2550.0,2550.0,6200
2026-03-25 10:15:00,2560.0,2560.0,2550.0,2560.0,23500
2026-03-25 10:20:00,2560.0,2560.0,2550.0,2550.0,18300
2026-03-25 10:25:00,2560.0,2560.0,2550.0,2560.0,33300
2026-03-25 10:30:00,2560.0,2590.0,2560.0,2580.0,271700
2026-03-25 10:35:00,2580.0,2580.0,2560.0,2570.0,40300
2026-03-25 10:40:00,2570.0,2570.0,2560.0,2570.0,19300
2026-03-25 10:45:00,2570.0,2570.0,2560.0,2560.0,43800
2026-03-25 10:50:00,2560.0,2560.0,2550.0,2560.0,14200
2026-03-25 10:55:00,2560.0,2560.0,2550.0,2560.0,18700
2026-03-25 11:00:00,2550.0,2560.0,2540.0,2560.0,32700
2026-03-25 11:05:00,2550.0,2560.0,2550.0,2560.0,17800
2026-03-25 11:10:00,2560.0,2560.0,2550.0,2560.0,27500
2026-03-25 11:15:00,2560.0,2560.0,2550.0,2560.0,38700
2026-03-25 11:20:00,2560.0,2570.0,2560.0,2570.0,77100
2026-03-25 11:25:00,2570.0,2570.0,2550.0,2550.0,16200
2026-03-25 11:30:00,2550.0,2560.0,2550.0,2560.0,18000
2026-03-25 11:35:00,2560.0,2560.0,2550.0,2560.0,19100
2026-03-25 11:40:00,2550.0,2560.0,2550.0,2560.0,17900
2026-03-25 11:45:00,2560.0,2560.0,2550.0,2560.0,27400
2026-03-25 11:50:00,2560.0,2560.0,2550.0,2560.0,27500
2026-03-25 11:55:00,2560.0,2560.0,2550.0,2560.0,17900
2026-03-25 13:30:00,2560.0,2580.0,2560.0,2560.0,190200
2026-03-25 13:35:00,2570.0,2570.0,2560.0,2560.0,20700
2026-03-25 13:40:00,2560.0,2570.0,2550.0,2570.0,26300
2026-03-25 13:45:00,2570.0,2570.0,2560.0,2570.0,22800
2026-03-25 13:50:00,2570.0,2570.0,2550.0,2570.0,42100
2026-03-25 13:55:00,2570.0,2570.0,2550.0,2570.0,23400
2026-03-25 14:00:00,2570.0,2570.0,2560.0,2560.0,93200
2026-03-25 14:05:00,2560.0,2560.0,2550.0,2550.0,21900
2026-03-25 14:10:00,2560.0,2560.0,2550.0,2550.0,18700
2026-03-25 14:15:00,2560.0,2560.0,2550.0,2560.0,19100
2026-03-25 14:20:00,2560.0,2560.0,2550.0,2560.0,19100
2026-03-25 14:25:00,2560.0,2560.0,2550.0,2550.0,22100
2026-03-25 14:30:00,2550.0,2560.0,2550.0,2550.0,22500
2026-03-25 14:35:00,2550.0,2560.0,2540.0,2550.0,64600
2026-03-25 14:40:00,2550.0,2550.0,2540.0,2550.0,25000
2026-03-25 14:45:00,2550.0,2560.0,2550.0,2550.0,42100
2026-03-25 14:50:00,2560.0,2580.0,2550.0,2570.0,159900
2026-03-25 14:55:00,2580.0,2600.0,2570.0,2600.0,267900
2026-03-25 15:00:00,2600.0,2620.0,2590.0,2600.0,322600
2026-03-25 15:05:00,2600.0,2620.0,2600.0,2610.0,201000
2026-03-25 15:10:00,2610.0,2620.0,2610.0,2620.0,43200
2026-03-25 15:15:00,2610.0,2630.0,2610.0,2630.0,218500
2026-03-25 15:20:00,2630.0,2630.0,2620.0,2620.0,78000
2026-03-25 15:25:00,2630.0,2630.0,2610.0,2610.0,59100
2026-03-25 15:30:00,2610.0,2610.0,2600.0,2600.0,16500
2026-03-25 15:35:00,2600.0,2610.0,2600.0,2610.0,71800
2026-03-25 15:40:00,2600.0,2610.0,2600.0,2610.0,50600
2026-03-25 15:45:00,2610.0,2610.0,2600.0,2600.0,41100
2026-03-25 16:00:00,2610.0,2610.0,2610.0,2610.0,290900
2026-03-25 16:05:00,2610.0,2610.0,2610.0,2610.0,0
2026-03-25 16:10:00,2610.0,2610.0,2610.0,2610.0,35300
2026-03-26 09:00:00,2620.0,2630.0,2600.0,2610.0,0
2026-03-26 09:05:00,2610.0,2610.0,2590.0,2600.0,414500
2026-03-26 09:10:00,2600.0,2600.0,2580.0,2580.0,87800
2026-03-26 09:15:00,2580.0,2600.0,2580.0,2600.0,2300
2026-03-26 09:20:00,2590.0,2610.0,2590.0,2610.0,149800
2026-03-26 09:25:00,2610.0,2620.0,2610.0,2610.0,120700
2026-03-26 09:30:00,2610.0,2620.0,2590.0,2590.0,118800
2026-03-26 09:35:00,2580.0,2590.0,2580.0,2590.0,7000
2026-03-26 09:40:00,2590.0,2590.0,2580.0,2590.0,79600
2026-03-26 09:45:00,2580.0,2590.0,2570.0,2580.0,263900
2026-03-26 09:50:00,2570.0,2590.0,2540.0,2580.0,363300
2026-03-26 09:55:00,2580.0,2580.0,2570.0,2570.0,33900
2026-03-26 10:00:00,2560.0,2600.0,2560.0,2590.0,139200
2026-03-26 10:05:00,2580.0,2580.0,2580.0,2580.0,73300
2026-03-26 10:10:00,2580.0,2580.0,2570.0,2570.0,16100
2026-03-26 10:15:00,2580.0,2580.0,2560.0,2570.0,78500
2026-03-26 10:20:00,2570.0,2570.0,2560.0,2570.0,157800
2026-03-26 10:25:00,2560.0,2570.0,2560.0,2560.0,11200
2026-03-26 10:30:00,2570.0,2570.0,2560.0,2570.0,56300
2026-03-26 10:35:00,2560.0,2570.0,2560.0,2570.0,6400
2026-03-26 10:40:00,2560.0,2570.0,2560.0,2570.0,24700
2026-03-26 10:45:00,2570.0,2570.0,2570.0,2570.0,40200
2026-03-26 10:50:00,2570.0,2580.0,2560.0,2580.0,68400
2026-03-26 10:55:00,2580.0,2590.0,2580.0,2590.0,800
2026-03-26 11:00:00,2580.0,2590.0,2580.0,2590.0,21800
2026-03-26 11:05:00,2580.0,2580.0,2580.0,2580.0,60600
2026-03-26 11:10:00,2580.0,2590.0,2580.0,2590.0,10200
2026-03-26 11:15:00,2580.0,2580.0,2580.0,2580.0,16600
2026-03-26 11:20:00,2580.0,2590.0,2580.0,2580.0,116400
2026-03-26 11:25:00,2580.0,2580.0,2580.0,2580.0,112100
2026-03-26 11:30:00,2580.0,2580.0,2580.0,2580.0,1600
2026-03-26 11:35:00,2580.0,2590.0,2580.0,2580.0,10700
2026-03-26 11:40:00,2580.0,2580.0,2580.0,2580.0,0
2026-03-26 11:45:00,2580.0,2590.0,2580.0,2590.0,31900
2026-03-26 11:50:00,2590.0,2590.0,2590.0,2590.0,19200
2026-03-26 11:55:00,2580.0,2590.0,2580.0,2580.0,74800
2026-03-26 13:30:00,2580.0,2590.0,2570.0,2570.0,139800
2026-03-26 13:35:00,2580.0,2580.0,2570.0,2580.0,8900
2026-03-26 13:40:00,2570.0,2570.0,2550.0,2560.0,286300
2026-03-26 13:45:00,2550.0,2560.0,2550.0,2550.0,50500
2026-03-26 13:50:00,2550.0,2560.0,2550.0,2550.0,14900
2026-03-26 13:55:00,2550.0,2560.0,2550.0,2550.0,14300
2026-03-26 14:00:00,2550.0,2570.0,2550.0,2570.0,206300
2026-03-26 14:05:00,2560.0,2570.0,2560.0,2570.0,200
2026-03-26 14:10:00,2570.0,2570.0,2560.0,2570.0,72600
2026-03-26 14:15:00,2560.0,2570.0,2560.0,2570.0,82500
2026-03-26 14:20:00,2560.0,2570.0,2560.0,2570.0,337100
2026-03-26 14:25:00,2570.0,2580.0,2570.0,2570.0,40900
2026-03-26 14:30:00,2570.0,2570.0,2570.0,2570.0,90200
2026-03-26 14:35:00,2570.0,2580.0,2570.0,2580.0,71100
2026-03-26 14:40:00,2570.0,2580.0,2570.0,2570.0,41400
2026-03-26 14:45:00,2570.0,2580.0,2570.0,2570.0,42500
2026-03-26 14:50:00,2570.0,2580.0,2570.0,2580.0,109600
2026-03-26 14:55:00,2570.0,2580.0,2570.0,2580.0,48000
2026-03-26 15:00:00,2580.0,2580.0,2570.0,2580.0,59800
2026-03-26 15:05:00,2570.0,2580.0,2570.0,2570.0,108900
2026-03-26 15:10:00,2570.0,2580.0,2570.0,2570.0,58300
2026-03-26 15:15:00,2570.0,2580.0,2570.0,2570.0,76500
2026-03-26 15:20:00,2570.0,2580.0,2560.0,2570.0,242600
2026-03-26 15:25:00,2570.0,2580.0,2560.0,2570.0,107500
2026-03-26 15:30:00,2570.0,2570.0,2560.0,2570.0,194700
2026-03-26 15:35:00,2570.0,2570.0,2560.0,2570.0,134800
2026-03-26 15:40:00,2560.0,2580.0,2560.0,2570.0,391200
2026-03-26 15:45:00,2570.0,2570.0,2560.0,2560.0,29300
2026-03-26 16:00:00,2580.0,2580.0,2580.0,2580.0,98700
2026-03-26 16:10:00,2580.0,2580.0,2580.0,2580.0,10000
2026-03-27 09:00:00,2570.0,2580.0,2570.0,2570.0,0
2026-03-27 09:05:00,2570.0,2600.0,2570.0,2600.0,75300
2026-03-27 09:10:00,2600.0,2600.0,2580.0,2580.0,105600
2026-03-27 09:15:00,2590.0,2600.0,2580.0,2580.0,71400
2026-03-27 09:20:00,2580.0,2590.0,2570.0,2570.0,18700
2026-03-27 09:25:00,2590.0,2590.0,2580.0,2580.0,400
2026-03-27 09:30:00,2580.0,2580.0,2560.0,2580.0,42100
2026-03-27 09:40:00,2580.0,2590.0,2580.0,2590.0,50600
2026-03-27 09:45:00,2590.0,2590.0,2560.0,2560.0,50700
2026-03-27 09:50:00,2560.0,2570.0,2560.0,2570.0,15600
2026-03-27 09:55:00,2570.0,2570.0,2550.0,2560.0,426400
2026-03-27 10:00:00,2560.0,2560.0,2550.0,2560.0,42700
2026-03-27 10:05:00,2560.0,2560.0,2560.0,2560.0,16400
2026-03-27 10:10:00,2550.0,2560.0,2550.0,2560.0,6100
2026-03-27 10:15:00,2550.0,2560.0,2550.0,2560.0,3600
2026-03-27 10:20:00,2550.0,2570.0,2550.0,2560.0,66300
2026-03-27 10:25:00,2560.0,2570.0,2560.0,2560.0,2900
2026-03-27 10:30:00,2560.0,2570.0,2560.0,2570.0,1100
2026-03-27 10:35:00,2570.0,2570.0,2540.0,2550.0,108800
2026-03-27 10:40:00,2550.0,2560.0,2540.0,2550.0,31900
2026-03-27 10:50:00,2560.0,2560.0,2550.0,2550.0,6800
2026-03-27 10:55:00,2560.0,2560.0,2560.0,2560.0,4200
2026-03-27 11:00:00,2550.0,2550.0,2530.0,2550.0,106300
2026-03-27 11:05:00,2550.0,2560.0,2540.0,2560.0,81100
2026-03-27 11:10:00,2550.0,2550.0,2550.0,2550.0,0
2026-03-27 11:15:00,2550.0,2560.0,2550.0,2560.0,2400
2026-03-27 11:20:00,2550.0,2550.0,2540.0,2540.0,24400
2026-03-27 11:25:00,2550.0,2550.0,2550.0,2550.0,67100
2026-03-27 14:00:00,2550.0,2560.0,2540.0,2560.0,101100
2026-03-27 14:05:00,2570.0,2570.0,2560.0,2560.0,2900
2026-03-27 14:10:00,2570.0,2570.0,2560.0,2560.0,1700
2026-03-27 14:15:00,2560.0,2570.0,2560.0,2570.0,19900
2026-03-27 14:20:00,2570.0,2570.0,2560.0,2560.0,0
2026-03-27 14:25:00,2560.0,2570.0,2560.0,2560.0,93000
2026-03-27 14:30:00,2560.0,2560.0,2550.0,2550.0,234500
2026-03-27 14:35:00,2550.0,2570.0,2550.0,2560.0,290200
2026-03-27 14:40:00,2560.0,2580.0,2560.0,2560.0,617400
2026-03-27 14:45:00,2560.0,2570.0,2550.0,2560.0,398300
2026-03-27 14:50:00,2550.0,2560.0,2540.0,2540.0,239100
2026-03-27 14:55:00,2530.0,2540.0,2470.0,2520.0,2145000
2026-03-27 15:00:00,2520.0,2530.0,2480.0,2490.0,398200
2026-03-27 15:05:00,2490.0,2510.0,2490.0,2490.0,262400
2026-03-27 15:10:00,2480.0,2490.0,2470.0,2470.0,251600
2026-03-27 15:15:00,2480.0,2500.0,2470.0,2480.0,570000
2026-03-27 15:20:00,2480.0,2500.0,2470.0,2500.0,346100
2026-03-27 15:25:00,2500.0,2510.0,2500.0,2510.0,340500
2026-03-27 15:30:00,2510.0,2510.0,2500.0,2500.0,64900
2026-03-27 15:35:00,2500.0,2520.0,2490.0,2510.0,595700
2026-03-27 15:40:00,2520.0,2520.0,2490.0,2500.0,497800
2026-03-27 15:45:00,2500.0,2510.0,2490.0,2510.0,597700
2026-03-27 16:00:00,2500.0,2500.0,2500.0,2500.0,214300
2026-03-27 16:05:00,2500.0,2500.0,2500.0,2500.0,10100
2026-03-30 09:00:00,2490.0,2490.0,2470.0,2470.0,0
2026-03-30 09:05:00,2470.0,2490.0,2470.0,2480.0,20600
2026-03-30 09:10:00,2480.0,2490.0,2480.0,2490.0,21200
2026-03-30 09:15:00,2480.0,2490.0,2480.0,2490.0,9300
2026-03-30 09:20:00,2490.0,2490.0,2490.0,2490.0,7800
2026-03-30 09:25:00,2490.0,2490.0,2480.0,2480.0,6700
2026-03-30 09:30:00,2490.0,2500.0,2480.0,2490.0,84300
2026-03-30 09:35:00,2480.0,2490.0,2470.0,2470.0,58200
2026-03-30 09:40:00,2470.0,2480.0,2470.0,2480.0,20000
2026-03-30 09:45:00,2480.0,2490.0,2480.0,2490.0,21500
2026-03-30 09:50:00,2490.0,2490.0,2490.0,2490.0,15900
2026-03-30 09:55:00,2490.0,2490.0,2490.0,2490.0,700
2026-03-30 10:00:00,2500.0,2500.0,2500.0,2500.0,600
2026-03-30 10:05:00,2500.0,2510.0,2500.0,2510.0,60200
2026-03-30 10:10:00,2500.0,2500.0,2500.0,2500.0,3600
2026-03-30 10:15:00,2510.0,2510.0,2510.0,2510.0,1200
2026-03-30 10:20:00,2500.0,2510.0,2500.0,2500.0,9800
2026-03-30 10:25:00,2500.0,2510.0,2490.0,2490.0,76300
2026-03-30 10:30:00,2490.0,2490.0,2480.0,2490.0,7200
2026-03-30 10:35:00,2490.0,2490.0,2490.0,2490.0,7300
2026-03-30 10:40:00,2490.0,2500.0,2490.0,2500.0,11500
2026-03-30 10:45:00,2490.0,2500.0,2490.0,2500.0,13100
2026-03-30 10:50:00,2500.0,2500.0,2480.0,2480.0,151000
2026-03-30 10:55:00,2480.0,2490.0,2480.0,2490.0,58500
2026-03-30 11:00:00,2480.0,2490.0,2480.0,2490.0,66800
2026-03-30 11:05:00,2490.0,2490.0,2470.0,2480.0,127900
2026-03-30 11:10:00,2480.0,2490.0,2470.0,2490.0,109500
2026-03-30 11:15:00,2490.0,2490.0,2490.0,2490.0,13900
2026-03-30 11:20:00,2490.0,2490.0,2490.0,2490.0,0
2026-03-30 11:25:00,2480.0,2490.0,2480.0,2480.0,29100
2026-03-30 11:30:00,2480.0,2490.0,2470.0,2480.0,19300
2026-03-30 11:35:00,2480.0,2490.0,2480.0,2490.0,27700
2026-03-30 11:40:00,2490.0,2500.0,2490.0,2490.0,96000
2026-03-30 11:45:00,2490.0,2490.0,2490.0,2490.0,2500
2026-03-30 11:50:00,2490.0,2490.0,2480.0,2480.0,9700
2026-03-30 11:55:00,2480.0,2490.0,2480.0,2480.0,6800
2026-03-30 13:30:00,2480.0,2490.0,2470.0,2480.0,181900
2026-03-30 13:35:00,2480.0,2480.0,2480.0,2480.0,28600
2026-03-30 13:40:00,2480.0,2480.0,2470.0,2480.0,5800
2026-03-30 13:45:00,2480.0,2490.0,2470.0,2490.0,80200
2026-03-30 13:50:00,2490.0,2500.0,2480.0,2480.0,79300
2026-03-30 13:55:00,2490.0,2490.0,2480.0,2480.0,127000
2026-03-30 14:00:00,2480.0,2480.0,2480.0,2480.0,20500
2026-03-30 14:05:00,2470.0,2480.0,2470.0,2480.0,32300
2026-03-30 14:10:00,2480.0,2490.0,2480.0,2490.0,50000
2026-03-30 14:15:00,2480.0,2480.0,2480.0,2480.0,11300
2026-03-30 14:20:00,2480.0,2480.0,2470.0,2480.0,19700
2026-03-30 14:25:00,2470.0,2480.0,2470.0,2480.0,50400
2026-03-30 14:30:00,2480.0,2480.0,2470.0,2480.0,24600
2026-03-30 14:35:00,2480.0,2480.0,2470.0,2480.0,63500
2026-03-30 14:40:00,2470.0,2480.0,2470.0,2470.0,157600
2026-03-30 14:45:00,2470.0,2480.0,2470.0,2470.0,13900
2026-03-30 14:50:00,2470.0,2480.0,2470.0,2470.0,52600
2026-03-30 14:55:00,2470.0,2470.0,2460.0,2470.0,65900
2026-03-30 15:00:00,2470.0,2480.0,2460.0,2480.0,232900
2026-03-30 15:05:00,2480.0,2480.0,2470.0,2470.0,48300
2026-03-30 15:10:00,2480.0,2480.0,2460.0,2470.0,47400
2026-03-30 15:15:00,2470.0,2480.0,2470.0,2480.0,110400
2026-03-30 15:20:00,2480.0,2480.0,2470.0,2480.0,30700
2026-03-30 15:25:00,2480.0,2480.0,2460.0,2460.0,69700
2026-03-30 15:30:00,2460.0,2470.0,2450.0,2460.0,541800
2026-03-30 15:35:00,2450.0,2460.0,2450.0,2450.0,51400
2026-03-30 15:40:00,2450.0,2460.0,2450.0,2450.0,125100
2026-03-30 15:45:00,2460.0,2460.0,2430.0,2440.0,610400
2026-03-30 16:00:00,2460.0,2460.0,2460.0,2460.0,472400
2026-03-30 16:05:00,2460.0,2460.0,2460.0,2460.0,173100
2026-03-30 16:10:00,2460.0,2460.0,2460.0,2460.0,303500
2026-03-31 09:00:00,2500.0,2500.0,2460.0,2480.0,0
2026-03-31 09:05:00,2480.0,2480.0,2470.0,2480.0,9400
2026-03-31 09:10:00,2480.0,2480.0,2470.0,2480.0,7600
2026-03-31 09:15:00,2480.0,2480.0,2470.0,2480.0,40700
2026-03-31 09:20:00,2470.0,2480.0,2470.0,2480.0,54200
2026-03-31 09:25:00,2470.0,2500.0,2470.0,2500.0,270700
2026-03-31 09:30:00,2500.0,2500.0,2490.0,2500.0,97100
2026-03-31 09:35:00,2500.0,2500.0,2490.0,2490.0,223600
2026-03-31 09:40:00,2480.0,2480.0,2480.0,2480.0,113100
2026-03-31 09:45:00,2480.0,2480.0,2470.0,2480.0,41500
2026-03-31 09:50:00,2480.0,2480.0,2470.0,2480.0,50600
2026-03-31 09:55:00,2480.0,2480.0,2470.0,2470.0,63400
2026-03-31 10:00:00,2480.0,2490.0,2480.0,2490.0,82500
2026-03-31 10:05:00,2490.0,2490.0,2480.0,2490.0,172200
2026-03-31 10:10:00,2480.0,2500.0,2480.0,2490.0,304200
2026-03-31 10:15:00,2480.0,2490.0,2480.0,2490.0,96300
2026-03-31 10:20:00,2480.0,2490.0,2480.0,2490.0,255700
2026-03-31 10:25:00,2480.0,2490.0,2480.0,2490.0,13200
2026-03-31 10:30:00,2480.0,2480.0,2480.0,2480.0,9900
2026-03-31 10:35:00,2480.0,2490.0,2480.0,2490.0,116000
2026-03-31 10:40:00,2490.0,2500.0,2480.0,2500.0,359900
2026-03-31 10:45:00,2500.0,2520.0,2490.0,2510.0,412900
2026-03-31 10:50:00,2500.0,2510.0,2490.0,2500.0,570700
2026-03-31 10:55:00,2500.0,2500.0,2480.0,2480.0,60600
2026-03-31 11:00:00,2480.0,2490.0,2480.0,2480.0,189200
2026-03-31 11:05:00,2480.0,2480.0,2470.0,2480.0,11600
2026-03-31 11:10:00,2470.0,2480.0,2470.0,2480.0,208200
2026-03-31 11:15:00,2470.0,2480.0,2470.0,2480.0,17800
2026-03-31 11:20:00,2480.0,2480.0,2480.0,2480.0,9000
2026-03-31 11:25:00,2480.0,2480.0,2470.0,2470.0,18300
2026-03-31 11:30:00,2480.0,2480.0,2470.0,2480.0,30400
2026-03-31 11:35:00,2480.0,2480.0,2470.0,2470.0,40400
2026-03-31 11:40:00,2480.0,2480.0,2470.0,2480.0,30600
2026-03-31 11:45:00,2480.0,2480.0,2480.0,2480.0,39400
2026-03-31 11:50:00,2480.0,2480.0,2470.0,2470.0,69300
2026-03-31 11:55:00,2480.0,2480.0,2470.0,2470.0,64900
2026-03-31 13:30:00,2480.0,2480.0,2470.0,2480.0,217100
2026-03-31 13:35:00,2480.0,2480.0,2440.0,2440.0,743100
2026-03-31 13:40:00,2430.0,2450.0,2430.0,2450.0,47000
2026-03-31 13:45:00,2450.0,2460.0,2440.0,2460.0,117700
2026-03-31 13:50:00,2460.0,2460.0,2450.0,2460.0,19200
2026-03-31 13:55:00,2450.0,2460.0,2410.0,2440.0,927500
2026-03-31 14:00:00,2440.0,2450.0,2430.0,2440.0,201200
2026-03-31 14:05:00,2440.0,2450.0,2430.0,2440.0,64600
2026-03-31 14:10:00,2450.0,2450.0,2440.0,2450.0,216500
2026-03-31 14:15:00,2450.0,2450.0,2430.0,2440.0,47700
2026-03-31 14:20:00,2440.0,2450.0,2440.0,2450.0,39800
2026-03-31 14:25:00,2440.0,2450.0,2440.0,2440.0,49400
2026-03-31 14:30:00,2450.0,2450.0,2440.0,2450.0,55000
2026-03-31 14:35:00,2450.0,2450.0,2440.0,2440.0,80400
2026-03-31 14:40:00,2450.0,2450.0,2440.0,2450.0,66600
2026-03-31 14:45:00,2450.0,2450.0,2440.0,2440.0,154500
2026-03-31 14:50:00,2450.0,2450.0,2440.0,2450.0,80700
2026-03-31 14:55:00,2450.0,2450.0,2450.0,2450.0,92500
2026-03-31 15:00:00,2450.0,2450.0,2440.0,2450.0,175500
2026-03-31 15:05:00,2450.0,2450.0,2450.0,2450.0,97600
2026-03-31 15:10:00,2450.0,2460.0,2440.0,2460.0,101700
2026-03-31 15:15:00,2460.0,2460.0,2450.0,2460.0,156200
2026-03-31 15:20:00,2460.0,2470.0,2450.0,2470.0,206600
2026-03-31 15:25:00,2470.0,2470.0,2460.0,2460.0,211500
2026-03-31 15:30:00,2470.0,2470.0,2460.0,2470.0,130600
2026-03-31 15:35:00,2470.0,2470.0,2450.0,2450.0,222100
2026-03-31 15:40:00,2460.0,2460.0,2450.0,2450.0,139900
2026-03-31 15:45:00,2450.0,2470.0,2450.0,2460.0,158500
2026-03-31 16:00:00,2460.0,2460.0,2460.0,2460.0,423000
2026-03-31 16:05:00,2460.0,2460.0,2460.0,2460.0,400
2026-03-31 16:10:00,2460.0,2460.0,2460.0,2460.0,200
2026-04-01 09:00:00,2490.0,2500.0,2480.0,2500.0,0
2026-04-01 09:05:00,2490.0,2510.0,2490.0,2490.0,87100
2026-04-01 09:10:00,2490.0,2500.0,2490.0,2500.0,46000
2026-04-01 09:15:00,2490.0,2500.0,2490.0,2500.0,127600
2026-04-01 09:20:00,2500.0,2500.0,2490.0,2500.0,9800
2026-04-01 09:25:00,2490.0,2500.0,2490.0,2500.0,15100
2026-04-01 09:30:00,2490.0,2500.0,2490.0,2490.0,15900
2026-04-01 09:35:00,2490.0,2490.0,2470.0,2470.0,155500
2026-04-01 09:40:00,2470.0,2480.0,2470.0,2470.0,20900
2026-04-01 09:45:00,2470.0,2480.0,2470.0,2470.0,4700
2026-04-01 09:50:00,2480.0,2480.0,2470.0,2470.0,40100
2026-04-01 09:55:00,2480.0,2480.0,2470.0,2470.0,19800
2026-04-01 10:00:00,2480.0,2480.0,2470.0,2470.0,1700
2026-04-01 10:05:00,2480.0,2480.0,2470.0,2480.0,4600
2026-04-01 10:10:00,2480.0,2480.0,2470.0,2480.0,60600
2026-04-01 10:15:00,2490.0,2490.0,2470.0,2470.0,56400
2026-04-01 10:20:00,2480.0,2480.0,2470.0,2480.0,48700
2026-04-01 10:25:00,2480.0,2480.0,2480.0,2480.0,1800
2026-04-01 10:30:00,2480.0,2480.0,2470.0,2480.0,78800
2026-04-01 10:35:00,2480.0,2490.0,2480.0,2480.0,0
2026-04-01 10:40:00,2490.0,2490.0,2480.0,2480.0,65800
2026-04-01 10:45:00,2480.0,2480.0,2480.0,2480.0,2600
2026-04-01 10:50:00,2480.0,2480.0,2460.0,2460.0,268900
2026-04-01 10:55:00,2460.0,2460.0,2450.0,2460.0,78400
2026-04-01 11:00:00,2460.0,2470.0,2460.0,2460.0,16400
2026-04-01 11:10:00,2470.0,2470.0,2460.0,2460.0,3800
2026-04-01 11:15:00,2470.0,2470.0,2460.0,2460.0,4200
2026-04-01 11:20:00,2460.0,2470.0,2460.0,2470.0,12400
2026-04-01 11:25:00,2460.0,2470.0,2460.0,2460.0,21000
2026-04-01 11:30:00,2470.0,2470.0,2470.0,2470.0,0
2026-04-01 11:35:00,2470.0,2470.0,2470.0,2470.0,9100
2026-04-01 11:40:00,2470.0,2470.0,2460.0,2470.0,17300
2026-04-01 11:45:00,2470.0,2470.0,2460.0,2470.0,47100
2026-04-01 11:50:00,2470.0,2470.0,2460.0,2470.0,12900
2026-04-01 11:55:00,2470.0,2470.0,2460.0,2460.0,17400
2026-04-01 13:30:00,2460.0,2470.0,2460.0,2470.0,35500
2026-04-01 13:35:00,2480.0,2480.0,2470.0,2470.0,94600
2026-04-01 13:40:00,2470.0,2480.0,2470.0,2470.0,25900
2026-04-01 13:45:00,2480.0,2480.0,2470.0,2470.0,18300
2026-04-01 13:50:00,2470.0,2480.0,2470.0,2470.0,91200
2026-04-01 13:55:00,2470.0,2470.0,2470.0,2470.0,43200
2026-04-01 14:00:00,2480.0,2480.0,2460.0,2460.0,55200
2026-04-01 14:05:00,2460.0,2470.0,2460.0,2470.0,152100
2026-04-01 14:10:00,2470.0,2470.0,2470.0,2470.0,0
2026-04-01 14:15:00,2460.0,2470.0,2460.0,2470.0,4200
2026-04-01 14:20:00,2470.0,2480.0,2470.0,2480.0,253800
2026-04-01 14:25:00,2480.0,2490.0,2480.0,2490.0,57500
2026-04-01 14:30:00,2480.0,2480.0,2470.0,2470.0,35000
2026-04-01 14:35:00,2480.0,2490.0,2470.0,2480.0,70200
2026-04-01 14:40:00,2490.0,2500.0,2480.0,2490.0,117800
2026-04-01 14:45:00,2490.0,2510.0,2490.0,2510.0,303200
2026-04-01 14:50:00,2500.0,2510.0,2500.0,2500.0,77500
2026-04-01 14:55:00,2500.0,2510.0,2500.0,2500.0,49000
2026-04-01 15:00:00,2500.0,2510.0,2500.0,2500.0,37700
2026-04-01 15:05:00,2500.0,2500.0,2490.0,2490.0,284100
2026-04-01 15:10:00,2490.0,2490.0,2490.0,2490.0,11900
2026-04-01 15:15:00,2490.0,2500.0,2490.0,2490.0,17200
2026-04-01 15:20:00,2490.0,2490.0,2490.0,2490.0,14200
2026-04-01 15:25:00,2500.0,2500.0,2480.0,2480.0,14100
2026-04-01 15:30:00,2480.0,2490.0,2480.0,2480.0,51300
2026-04-01 15:35:00,2480.0,2490.0,2480.0,2480.0,62400
2026-04-01 15:40:00,2490.0,2500.0,2480.0,2490.0,82800
2026-04-01 15:45:00,2490.0,2500.0,2480.0,2480.0,56800
2026-04-01 16:00:00,2480.0,2480.0,2480.0,2480.0,88900
2026-04-01 16:05:00,2480.0,2480.0,2480.0,2480.0,200
2026-04-01 16:10:00,2480.0,2480.0,2480.0,2480.0,15000
2026-04-02 09:00:00,2490.0,2510.0,2480.0,2480.0,0
2026-04-02 09:05:00,2480.0,2490.0,2480.0,2490.0,105100
2026-04-02 09:10:00,2480.0,2490.0,2470.0,2470.0,228700
2026-04-02 09:15:00,2480.0,2490.0,2480.0,2480.0,7900
2026-04-02 09:20:00,2490.0,2500.0,2480.0,2500.0,104000
2026-04-02 09:25:00,2490.0,2490.0,2490.0,2490.0,0
2026-04-02 09:30:00,2490.0,2500.0,2490.0,2490.0,23200
2026-04-02 09:35:00,2490.0,2490.0,2480.0,2480.0,5700
2026-04-02 09:40:00,2480.0,2490.0,2480.0,2490.0,800
2026-04-02 09:45:00,2480.0,2490.0,2480.0,2490.0,59300
2026-04-02 09:50:00,2490.0,2490.0,2490.0,2490.0,0
2026-04-02 09:55:00,2490.0,2500.0,2490.0,2500.0,3000
2026-04-02 10:00:00,2490.0,2490.0,2490.0,2490.0,5600
2026-04-02 10:05:00,2490.0,2490.0,2470.0,2490.0,82900
2026-04-02 10:10:00,2480.0,2490.0,2480.0,2480.0,16700
2026-04-02 10:15:00,2480.0,2480.0,2480.0,2480.0,100
2026-04-02 10:20:00,2480.0,2480.0,2480.0,2480.0,6200
2026-04-02 10:25:00,2490.0,2490.0,2480.0,2480.0,5500
2026-04-02 10:30:00,2490.0,2490.0,2480.0,2480.0,700
2026-04-02 10:35:00,2480.0,2490.0,2480.0,2490.0,12300
2026-04-02 10:40:00,2490.0,2500.0,2490.0,2490.0,38300
2026-04-02 10:45:00,2480.0,2490.0,2480.0,2480.0,600
2026-04-02 10:50:00,2480.0,2490.0,2480.0,2480.0,5600
2026-04-02 10:55:00,2480.0,2490.0,2480.0,2490.0,1300
2026-04-02 11:00:00,2480.0,2490.0,2480.0,2490.0,2700
2026-04-02 11:05:00,2490.0,2490.0,2480.0,2480.0,4100
2026-04-02 11:10:00,2480.0,2490.0,2480.0,2480.0,18300
2026-04-02 11:15:00,2480.0,2490.0,2480.0,2480.0,14600
2026-04-02 11:20:00,2480.0,2490.0,2480.0,2480.0,2900
2026-04-02 11:25:00,2480.0,2480.0,2480.0,2480.0,1200
2026-04-02 11:30:00,2480.0,2480.0,2470.0,2470.0,83000
2026-04-02 11:35:00,2470.0,2480.0,2470.0,2470.0,58300
2026-04-02 11:40:00,2470.0,2470.0,2470.0,2470.0,6300
2026-04-02 11:45:00,2470.0,2470.0,2470.0,2470.0,5000
2026-04-02 11:50:00,2470.0,2470.0,2470.0,2470.0,6200
2026-04-02 11:55:00,2470.0,2480.0,2470.0,2480.0,30900
2026-04-02 13:30:00,2490.0,2490.0,2470.0,2470.0,20200
2026-04-02 13:35:00,2470.0,2480.0,2470.0,2470.0,6800
2026-04-02 13:40:00,2480.0,2480.0,2470.0,2470.0,22300
2026-04-02 13:45:00,2470.0,2480.0,2470.0,2470.0,17200
2026-04-02 13:50:00,2470.0,2480.0,2470.0,2480.0,10400
2026-04-02 13:55:00,2470.0,2480.0,2470.0,2470.0,141600
2026-04-02 14:00:00,2470.0,2480.0,2470.0,2470.0,8000
2026-04-02 14:05:00,2470.0,2480.0,2470.0,2470.0,6300
2026-04-02 14:10:00,2470.0,2480.0,2470.0,2470.0,15700
2026-04-02 14:15:00,2470.0,2470.0,2470.0,2470.0,14400
2026-04-02 14:20:00,2470.0,2470.0,2460.0,2460.0,31200
2026-04-02 14:25:00,2460.0,2470.0,2460.0,2460.0,11700
2026-04-02 14:30:00,2460.0,2460.0,2460.0,2460.0,13600
2026-04-02 14:35:00,2460.0,2470.0,2460.0,2460.0,82300
2026-04-02 14:40:00,2460.0,2460.0,2460.0,2460.0,45200
2026-04-02 14:45:00,2460.0,2470.0,2460.0,2470.0,61000
2026-04-02 14:50:00,2460.0,2470.0,2460.0,2460.0,15800
2026-04-02 14:55:00,2460.0,2460.0,2460.0,2460.0,5100
2026-04-02 15:00:00,2460.0,2470.0,2450.0,2460.0,356200
2026-04-02 15:05:00,2460.0,2460.0,2450.0,2460.0,21400
2026-04-02 15:10:00,2460.0,2470.0,2450.0,2470.0,48400
2026-04-02 15:15:00,2470.0,2470.0,2460.0,2470.0,50600
2026-04-02 15:20:00,2470.0,2480.0,2460.0,2480.0,86500
2026-04-02 15:25:00,2480.0,2480.0,2460.0,2480.0,47400
2026-04-02 15:30:00,2480.0,2480.0,2460.0,2470.0,57700
2026-04-02 15:35:00,2470.0,2470.0,2460.0,2470.0,61500
2026-04-02 15:40:00,2470.0,2470.0,2460.0,2470.0,67800
2026-04-02 15:45:00,2470.0,2470.0,2450.0,2450.0,85900
2026-04-02 16:00:00,2460.0,2460.0,2460.0,2460.0,45700
2026-04-02 16:05:00,2460.0,2460.0,2460.0,2460.0,1500
2026-04-02 16:10:00,2460.0,2460.0,2460.0,2460.0,40700
2026-04-06 09:00:00,2470.0,2470.0,2450.0,2460.0,0
2026-04-06 09:05:00,2450.0,2450.0,2410.0,2420.0,305000
2026-04-06 09:10:00,2410.0,2420.0,2380.0,2420.0,1077200
2026-04-06 09:15:00,2410.0,2410.0,2380.0,2400.0,223000
2026-04-06 09:20:00,2400.0,2400.0,2380.0,2390.0,138000
2026-04-06 09:25:00,2390.0,2400.0,2390.0,2400.0,374600
2026-04-06 09:30:00,2400.0,2410.0,2400.0,2400.0,32800
2026-04-06 09:35:00,2400.0,2410.0,2390.0,2410.0,39700
2026-04-06 09:40:00,2400.0,2410.0,2400.0,2410.0,67000
2026-04-06 09:45:00,2410.0,2410.0,2400.0,2400.0,61100
2026-04-06 09:50:00,2410.0,2410.0,2400.0,2400.0,58800
2026-04-06 09:55:00,2400.0,2410.0,2390.0,2400.0,73500
2026-04-06 10:00:00,2400.0,2410.0,2400.0,2410.0,16600
2026-04-06 10:05:00,2410.0,2410.0,2400.0,2400.0,3600
2026-04-06 10:10:00,2400.0,2410.0,2400.0,2410.0,5500
2026-04-06 10:15:00,2410.0,2410.0,2400.0,2410.0,2100
2026-04-06 10:20:00,2400.0,2410.0,2400.0,2400.0,144000
2026-04-06 10:25:00,2400.0,2400.0,2390.0,2400.0,18100
2026-04-06 10:30:00,2400.0,2400.0,2400.0,2400.0,10600
2026-04-06 10:35:00,2400.0,2400.0,2390.0,2400.0,3200
2026-04-06 10:40:00,2390.0,2390.0,2390.0,2390.0,216600
2026-04-06 10:45:00,2390.0,2390.0,2380.0,2380.0,250800
2026-04-06 10:50:00,2380.0,2380.0,2370.0,2380.0,57400
2026-04-06 10:55:00,2370.0,2380.0,2370.0,2380.0,8800
2026-04-06 11:00:00,2380.0,2380.0,2370.0,2370.0,53200
2026-04-06 11:05:00,2370.0,2380.0,2370.0,2380.0,82500
2026-04-06 11:10:00,2380.0,2380.0,2370.0,2370.0,18700
2026-04-06 11:15:00,2380.0,2380.0,2360.0,2360.0,186300
2026-04-06 11:20:00,2360.0,2370.0,2360.0,2370.0,61700
2026-04-06 11:25:00,2370.0,2370.0,2360.0,2370.0,165900
2026-04-06 11:30:00,2360.0,2370.0,2360.0,2360.0,16900
2026-04-06 11:35:00,2360.0,2370.0,2360.0,2370.0,15700
2026-04-06 11:40:00,2370.0,2370.0,2360.0,2360.0,31300
2026-04-06 11:45:00,2360.0,2370.0,2360.0,2360.0,34600
2026-04-06 11:50:00,2370.0,2370.0,2360.0,2370.0,94200
2026-04-06 11:55:00,2370.0,2380.0,2360.0,2370.0,56000
2026-04-06 13:30:00,2380.0,2380.0,2360.0,2370.0,342900
2026-04-06 13:35:00,2370.0,2370.0,2360.0,2360.0,12300
2026-04-06 13:40:00,2370.0,2370.0,2360.0,2370.0,17100
2026-04-06 13:45:00,2360.0,2370.0,2360.0,2370.0,31000
2026-04-06 13:50:00,2360.0,2370.0,2360.0,2370.0,33300
2026-04-06 13:55:00,2360.0,2370.0,2360.0,2360.0,22900
2026-04-06 14:00:00,2360.0,2370.0,2360.0,2360.0,36000
2026-04-06 14:05:00,2360.0,2370.0,2360.0,2370.0,74900
2026-04-06 14:10:00,2370.0,2370.0,2360.0,2370.0,18500
2026-04-06 14:15:00,2370.0,2370.0,2360.0,2370.0,80100
2026-04-06 14:20:00,2370.0,2390.0,2370.0,2380.0,207600
2026-04-06 14:25:00,2380.0,2390.0,2380.0,2380.0,224700
2026-04-06 14:30:00,2380.0,2400.0,2380.0,2400.0,229000
2026-04-06 14:35:00,2390.0,2400.0,2390.0,2390.0,15000
2026-04-06 14:40:00,2390.0,2400.0,2390.0,2390.0,9800
2026-04-06 14:45:00,2400.0,2400.0,2380.0,2380.0,95700
2026-04-06 14:50:00,2380.0,2380.0,2380.0,2380.0,16000
2026-04-06 14:55:00,2380.0,2390.0,2380.0,2380.0,20500
2026-04-06 15:00:00,2380.0,2380.0,2370.0,2370.0,152200
2026-04-06 15:05:00,2370.0,2380.0,2370.0,2370.0,44500
2026-04-06 15:10:00,2380.0,2380.0,2370.0,2370.0,27900
2026-04-06 15:15:00,2370.0,2380.0,2370.0,2370.0,27900
2026-04-06 15:20:00,2380.0,2380.0,2370.0,2370.0,21100
2026-04-06 15:25:00,2380.0,2380.0,2370.0,2370.0,34300
2026-04-06 15:30:00,2370.0,2380.0,2370.0,2370.0,27000
2026-04-06 15:35:00,2380.0,2380.0,2370.0,2380.0,168700
2026-04-06 15:40:00,2370.0,2410.0,2370.0,2390.0,359300
2026-04-06 15:45:00,2390.0,2500.0,2390.0,2440.0,2351300
2026-04-06 16:00:00,2430.0,2430.0,2430.0,2430.0,287800
2026-04-06 16:05:00,2430.0,2430.0,2430.0,2430.0,3900
2026-04-06 16:10:00,2430.0,2430.0,2430.0,2430.0,298200
2026-04-07 09:00:00,2430.0,2440.0,2410.0,2420.0,0
2026-04-07 09:05:00,2410.0,2420.0,2400.0,2420.0,17700
2026-04-07 09:10:00,2420.0,2420.0,2410.0,2410.0,28800
2026-04-07 09:15:00,2420.0,2420.0,2400.0,2410.0,22400
2026-04-07 09:20:00,2410.0,2410.0,2400.0,2400.0,12400
2026-04-07 09:25:00,2410.0,2410.0,2400.0,2410.0,10700
2026-04-07 09:30:00,2400.0,2410.0,2400.0,2400.0,1000
2026-04-07 09:35:00,2400.0,2410.0,2390.0,2390.0,144600
2026-04-07 09:40:00,2390.0,2400.0,2390.0,2390.0,12300
2026-04-07 09:45:00,2400.0,2400.0,2380.0,2380.0,468700
2026-04-07 09:50:00,2380.0,2380.0,2380.0,2380.0,22700
2026-04-07 09:55:00,2390.0,2390.0,2380.0,2390.0,82700
2026-04-07 10:00:00,2390.0,2390.0,2380.0,2390.0,52400
2026-04-07 10:05:00,2390.0,2390.0,2390.0,2390.0,57100
2026-04-07 10:10:00,2400.0,2400.0,2390.0,2390.0,11900
2026-04-07 10:15:00,2390.0,2400.0,2390.0,2400.0,52600
2026-04-07 10:20:00,2400.0,2400.0,2390.0,2390.0,2400
2026-04-07 10:25:00,2390.0,2400.0,2390.0,2400.0,20800
2026-04-07 10:30:00,2400.0,2400.0,2390.0,2390.0,20400
2026-04-07 10:35:00,2390.0,2400.0,2390.0,2390.0,186700
2026-04-07 10:40:00,2390.0,2390.0,2390.0,2390.0,92300
2026-04-07 10:45:00,2390.0,2390.0,2390.0,2390.0,0
2026-04-07 10:50:00,2390.0,2390.0,2380.0,2380.0,24300
2026-04-07 10:55:00,2380.0,2390.0,2380.0,2380.0,51600
2026-04-07 11:00:00,2380.0,2380.0,2380.0,2380.0,68100
2026-04-07 11:05:00,2380.0,2380.0,2360.0,2360.0,170900
2026-04-07 11:10:00,2360.0,2370.0,2360.0,2370.0,79300
2026-04-07 11:15:00,2380.0,2380.0,2370.0,2370.0,33500
2026-04-07 11:20:00,2370.0,2380.0,2370.0,2380.0,2600
2026-04-07 11:25:00,2370.0,2380.0,2370.0,2380.0,1600
2026-04-07 11:30:00,2370.0,2380.0,2370.0,2380.0,15100
2026-04-07 11:35:00,2380.0,2380.0,2380.0,2380.0,5500
2026-04-07 11:40:00,2380.0,2380.0,2380.0,2380.0,1000
2026-04-07 11:45:00,2370.0,2370.0,2370.0,2370.0,1200
2026-04-07 11:50:00,2380.0,2380.0,2380.0,2380.0,300
2026-04-07 11:55:00,2380.0,2380.0,2370.0,2370.0,7500
2026-04-07 13:30:00,2380.0,2380.0,2370.0,2370.0,61200
2026-04-07 13:35:00,2370.0,2370.0,2370.0,2370.0,43000
2026-04-07 13:40:00,2370.0,2370.0,2370.0,2370.0,33600
2026-04-07 13:45:00,2370.0,2380.0,2370.0,2370.0,2700
2026-04-07 13:50:00,2370.0,2370.0,2360.0,2360.0,22600
2026-04-07 13:55:00,2370.0,2370.0,2370.0,2370.0,0
2026-04-07 14:00:00,2360.0,2370.0,2360.0,2360.0,9800
2026-04-07 14:05:00,2360.0,2370.0,2360.0,2370.0,49400
2026-04-07 14:10:00,2370.0,2370.0,2370.0,2370.0,33900
2026-04-07 14:15:00,2370.0,2370.0,2370.0,2370.0,42400
2026-04-07 14:20:00,2370.0,2370.0,2370.0,2370.0,2400
2026-04-07 14:25:00,2370.0,2370.0,2370.0,2370.0,4400
2026-04-07 14:30:00,2370.0,2370.0,2370.0,2370.0,2200
2026-04-07 14:35:00,2370.0,2380.0,2370.0,2380.0,1200
2026-04-07 14:40:00,2380.0,2380.0,2380.0,2380.0,100
2026-04-07 14:45:00,2380.0,2380.0,2380.0,2380.0,18100
2026-04-07 14:50:00,2370.0,2370.0,2370.0,2370.0,700
2026-04-07 14:55:00,2370.0,2380.0,2370.0,2370.0,7000
2026-04-07 15:00:00,2370.0,2380.0,2370.0,2380.0,1700
2026-04-07 15:05:00,2380.0,2380.0,2370.0,2380.0,1400
2026-04-07 15:15:00,2370.0,2370.0,2370.0,2370.0,6700
2026-04-07 15:20:00,2370.0,2380.0,2370.0,2380.0,8500
2026-04-07 15:25:00,2380.0,2380.0,2370.0,2370.0,204300
2026-04-07 15:30:00,2360.0,2370.0,2360.0,2370.0,36700
2026-04-07 15:35:00,2360.0,2370.0,2360.0,2360.0,44800
2026-04-07 15:40:00,2360.0,2370.0,2360.0,2370.0,52000
2026-04-07 15:45:00,2360.0,2370.0,2360.0,2360.0,133100
2026-04-07 16:00:00,2360.0,2360.0,2360.0,2360.0,733400
2026-04-07 16:05:00,2360.0,2360.0,2360.0,2360.0,74500
2026-04-07 16:10:00,2360.0,2360.0,2360.0,2360.0,3600
2026-04-08 09:00:00,2410.0,2450.0,2410.0,2420.0,0
2026-04-08 09:05:00,2440.0,2440.0,2420.0,2430.0,203900
2026-04-08 09:10:00,2430.0,2460.0,2420.0,2450.0,267300
2026-04-08 09:15:00,2450.0,2460.0,2440.0,2450.0,81500
2026-04-08 09:20:00,2450.0,2470.0,2440.0,2460.0,210700
2026-04-08 09:25:00,2450.0,2460.0,2440.0,2440.0,216900
2026-04-08 09:30:00,2450.0,2450.0,2440.0,2440.0,133100
2026-04-08 09:35:00,2440.0,2450.0,2440.0,2450.0,0
2026-04-08 09:40:00,2450.0,2450.0,2440.0,2450.0,106200
2026-04-08 09:45:00,2440.0,2440.0,2430.0,2430.0,271600
2026-04-08 09:50:00,2420.0,2420.0,2410.0,2420.0,116200
2026-04-08 09:55:00,2420.0,2430.0,2420.0,2430.0,3100
2026-04-08 10:00:00,2430.0,2430.0,2420.0,2420.0,4100
2026-04-08 10:05:00,2420.0,2430.0,2420.0,2420.0,18000
2026-04-08 10:10:00,2420.0,2420.0,2420.0,2420.0,8500
2026-04-08 10:15:00,2430.0,2430.0,2430.0,2430.0,0
2026-04-08 10:20:00,2420.0,2430.0,2420.0,2430.0,103600
2026-04-08 10:25:00,2430.0,2440.0,2430.0,2430.0,60100
2026-04-08 10:30:00,2440.0,2470.0,2440.0,2460.0,611700
2026-04-08 10:35:00,2460.0,2460.0,2450.0,2450.0,25500
2026-04-08 10:40:00,2450.0,2460.0,2440.0,2460.0,10500
2026-04-08 10:45:00,2460.0,2460.0,2450.0,2450.0,27900
2026-04-08 10:50:00,2450.0,2450.0,2450.0,2450.0,66400
2026-04-08 10:55:00,2450.0,2450.0,2450.0,2450.0,19900
2026-04-08 11:00:00,2440.0,2440.0,2440.0,2440.0,206600
2026-04-08 11:05:00,2440.0,2440.0,2440.0,2440.0,25000
2026-04-08 11:10:00,2440.0,2440.0,2440.0,2440.0,105900
2026-04-08 11:15:00,2440.0,2440.0,2440.0,2440.0,1300
2026-04-08 11:20:00,2440.0,2440.0,2430.0,2430.0,45600
2026-04-08 11:25:00,2430.0,2440.0,2430.0,2440.0,34400
2026-04-08 11:30:00,2440.0,2440.0,2430.0,2430.0,519000
2026-04-08 11:35:00,2430.0,2430.0,2430.0,2430.0,200
2026-04-08 11:40:00,2430.0,2430.0,2430.0,2430.0,1800
2026-04-08 11:45:00,2430.0,2430.0,2430.0,2430.0,56100
2026-04-08 11:50:00,2430.0,2430.0,2410.0,2420.0,283600
2026-04-08 11:55:00,2420.0,2420.0,2420.0,2420.0,18100
2026-04-08 13:30:00,2420.0,2430.0,2400.0,2410.0,735200
2026-04-08 13:35:00,2410.0,2410.0,2410.0,2410.0,152700
2026-04-08 13:40:00,2420.0,2420.0,2410.0,2420.0,0
2026-04-08 13:45:00,2420.0,2430.0,2420.0,2420.0,221900
2026-04-08 13:50:00,2420.0,2430.0,2420.0,2420.0,83600
2026-04-08 13:55:00,2420.0,2420.0,2410.0,2410.0,4600
2026-04-08 14:00:00,2420.0,2430.0,2420.0,2430.0,192300
2026-04-08 14:05:00,2430.0,2440.0,2420.0,2440.0,247100
2026-04-08 14:10:00,2430.0,2440.0,2430.0,2440.0,128700
2026-04-08 14:15:00,2430.0,2440.0,2430.0,2430.0,152200
2026-04-08 14:20:00,2430.0,2440.0,2430.0,2440.0,1700
2026-04-08 14:25:00,2440.0,2440.0,2410.0,2420.0,335700
2026-04-08 14:30:00,2420.0,2420.0,2410.0,2420.0,43000
2026-04-08 14:35:00,2420.0,2420.0,2410.0,2420.0,21400
2026-04-08 14:40:00,2420.0,2420.0,2420.0,2420.0,106400
2026-04-08 14:45:00,2430.0,2430.0,2410.0,2410.0,421800
2026-04-08 14:50:00,2420.0,2420.0,2410.0,2410.0,58700
2026-04-08 14:55:00,2410.0,2420.0,2410.0,2420.0,29000
2026-04-08 15:00:00,2410.0,2410.0,2400.0,2400.0,455100
2026-04-08 15:05:00,2400.0,2410.0,2390.0,2400.0,380500
2026-04-08 15:10:00,2410.0,2410.0,2390.0,2400.0,411900
2026-04-08 15:15:00,2400.0,2400.0,2390.0,2390.0,874400
2026-04-08 15:20:00,2390.0,2400.0,2390.0,2390.0,368900
2026-04-08 15:25:00,2390.0,2390.0,2380.0,2390.0,320000
2026-04-08 15:30:00,2400.0,2400.0,2390.0,2400.0,837400
2026-04-08 15:35:00,2400.0,2410.0,2390.0,2400.0,656200
2026-04-08 15:40:00,2390.0,2400.0,2380.0,2380.0,385300
2026-04-08 15:45:00,2390.0,2420.0,2390.0,2420.0,1244400
2026-04-08 16:00:00,2400.0,2400.0,2400.0,2400.0,894200
2026-04-08 16:05:00,2400.0,2400.0,2400.0,2400.0,78600
2026-04-09 09:00:00,2400.0,2400.0,2380.0,2390.0,0
2026-04-09 09:05:00,2390.0,2400.0,2390.0,2400.0,150200
2026-04-09 09:10:00,2400.0,2400.0,2380.0,2400.0,166000
2026-04-09 09:15:00,2400.0,2410.0,2400.0,2400.0,65200
2026-04-09 09:20:00,2410.0,2410.0,2390.0,2400.0,161700
2026-04-09 09:25:00,2400.0,2400.0,2400.0,2400.0,47800
2026-04-09 09:30:00,2390.0,2400.0,2390.0,2390.0,19300
2026-04-09 09:35:00,2390.0,2400.0,2390.0,2400.0,78500
2026-04-09 09:40:00,2400.0,2400.0,2390.0,2400.0,72600
2026-04-09 09:45:00,2390.0,2390.0,2380.0,2380.0,347900
2026-04-09 09:50:00,2380.0,2390.0,2380.0,2390.0,6900
2026-04-09 09:55:00,2390.0,2390.0,2380.0,2380.0,26100
2026-04-09 10:00:00,2390.0,2390.0,2380.0,2390.0,16100
2026-04-09 10:05:00,2390.0,2400.0,2390.0,2400.0,23700
2026-04-09 10:10:00,2400.0,2400.0,2390.0,2390.0,154400
2026-04-09 10:15:00,2390.0,2390.0,2380.0,2390.0,21400
2026-04-09 10:20:00,2390.0,2390.0,2390.0,2390.0,26200
2026-04-09 10:25:00,2390.0,2390.0,2380.0,2390.0,10600
2026-04-09 10:30:00,2390.0,2390.0,2370.0,2370.0,491000
2026-04-09 10:35:00,2380.0,2380.0,2380.0,2380.0,27100
2026-04-09 10:40:00,2380.0,2380.0,2380.0,2380.0,30800
2026-04-09 10:45:00,2380.0,2380.0,2380.0,2380.0,32600
2026-04-09 10:50:00,2380.0,2380.0,2370.0,2380.0,27000
2026-04-09 10:55:00,2380.0,2380.0,2370.0,2370.0,10300
2026-04-09 11:00:00,2380.0,2380.0,2370.0,2370.0,14100
2026-04-09 11:05:00,2370.0,2380.0,2370.0,2380.0,400
2026-04-09 11:10:00,2380.0,2380.0,2380.0,2380.0,4400
2026-04-09 11:15:00,2380.0,2380.0,2370.0,2370.0,3100
2026-04-09 11:20:00,2380.0,2380.0,2370.0,2380.0,23500
2026-04-09 11:25:00,2380.0,2380.0,2380.0,2380.0,41400
2026-04-09 11:30:00,2380.0,2390.0,2380.0,2380.0,42500
2026-04-09 11:35:00,2380.0,2390.0,2380.0,2390.0,4000
2026-04-09 11:40:00,2380.0,2380.0,2370.0,2380.0,27700
2026-04-09 11:45:00,2380.0,2380.0,2380.0,2380.0,27200
2026-04-09 11:50:00,2380.0,2390.0,2370.0,2390.0,60200
2026-04-09 11:55:00,2390.0,2390.0,2380.0,2380.0,6100
2026-04-09 13:30:00,2390.0,2390.0,2370.0,2380.0,67100
2026-04-09 13:35:00,2380.0,2380.0,2370.0,2380.0,10700
2026-04-09 13:40:00,2370.0,2380.0,2370.0,2380.0,12500
2026-04-09 13:45:00,2370.0,2380.0,2370.0,2380.0,48300
2026-04-09 13:50:00,2380.0,2380.0,2380.0,2380.0,2500
2026-04-09 13:55:00,2380.0,2380.0,2370.0,2370.0,31000
2026-04-09 14:00:00,2380.0,2380.0,2380.0,2380.0,300
2026-04-09 14:05:00,2370.0,2380.0,2370.0,2380.0,30000
2026-04-09 14:10:00,2380.0,2380.0,2380.0,2380.0,48800
2026-04-09 14:15:00,2380.0,2380.0,2380.0,2380.0,22700
2026-04-09 14:20:00,2380.0,2380.0,2380.0,2380.0,20700
2026-04-09 14:25:00,2380.0,2380.0,2370.0,2380.0,12500
2026-04-09 14:30:00,2380.0,2380.0,2380.0,2380.0,157400
2026-04-09 14:35:00,2380.0,2380.0,2370.0,2370.0,35500
2026-04-09 14:40:00,2380.0,2380.0,2370.0,2380.0,137000
2026-04-09 14:45:00,2380.0,2380.0,2370.0,2380.0,44800
2026-04-09 14:50:00,2380.0,2390.0,2380.0,2390.0,13900
2026-04-09 14:55:00,2390.0,2390.0,2380.0,2390.0,2900
2026-04-09 15:00:00,2390.0,2390.0,2380.0,2380.0,1400
2026-04-09 15:05:00,2380.0,2380.0,2360.0,2370.0,721200
2026-04-09 15:10:00,2370.0,2370.0,2370.0,2370.0,64800
2026-04-09 15:15:00,2370.0,2370.0,2370.0,2370.0,59900
2026-04-09 15:20:00,2370.0,2370.0,2360.0,2370.0,180700
2026-04-09 15:25:00,2370.0,2370.0,2370.0,2370.0,14900
2026-04-09 15:30:00,2370.0,2380.0,2370.0,2370.0,42700
2026-04-09 15:35:00,2370.0,2380.0,2370.0,2370.0,81500
2026-04-09 15:40:00,2370.0,2380.0,2360.0,2370.0,69200
2026-04-09 15:45:00,2370.0,2380.0,2360.0,2380.0,79600
2026-04-09 16:00:00,2380.0,2380.0,2380.0,2380.0,305600
2026-04-09 16:05:00,2380.0,2380.0,2380.0,2380.0,0
2026-04-09 16:10:00,2380.0,2380.0,2380.0,2380.0,4300
2026-04-10 09:00:00,2370.0,2380.0,2360.0,2380.0,0
2026-04-10 09:05:00,2390.0,2400.0,2390.0,2400.0,133500
2026-04-10 09:10:00,2400.0,2400.0,2390.0,2390.0,60900
2026-04-10 09:15:00,2400.0,2400.0,2380.0,2390.0,38600
2026-04-10 09:20:00,2390.0,2400.0,2390.0,2400.0,141400
2026-04-10 09:25:00,2400.0,2410.0,2400.0,2410.0,18800
2026-04-10 09:30:00,2410.0,2410.0,2400.0,2400.0,90900
2026-04-10 09:35:00,2400.0,2410.0,2400.0,2410.0,32600
2026-04-10 09:40:00,2410.0,2410.0,2390.0,2390.0,328400
2026-04-10 09:45:00,2390.0,2390.0,2380.0,2380.0,387600
2026-04-10 09:50:00,2380.0,2380.0,2380.0,2380.0,63600
2026-04-10 09:55:00,2380.0,2380.0,2380.0,2380.0,33200
2026-04-10 10:00:00,2380.0,2390.0,2380.0,2380.0,109800
2026-04-10 10:05:00,2380.0,2380.0,2370.0,2380.0,16200
2026-04-10 10:10:00,2380.0,2380.0,2370.0,2380.0,28600
2026-04-10 10:15:00,2380.0,2380.0,2370.0,2380.0,53500
2026-04-10 10:20:00,2370.0,2380.0,2370.0,2380.0,13800
2026-04-10 10:25:00,2370.0,2380.0,2370.0,2380.0,41700
2026-04-10 10:30:00,2380.0,2380.0,2370.0,2370.0,10000
2026-04-10 10:35:00,2380.0,2380.0,2370.0,2380.0,75900
2026-04-10 10:40:00,2380.0,2380.0,2370.0,2380.0,38800
2026-04-10 10:45:00,2380.0,2380.0,2370.0,2380.0,43800
2026-04-10 10:50:00,2380.0,2380.0,2370.0,2370.0,87000
2026-04-10 10:55:00,2380.0,2390.0,2370.0,2380.0,60400
2026-04-10 11:00:00,2390.0,2390.0,2380.0,2390.0,68300
2026-04-10 11:05:00,2390.0,2390.0,2380.0,2380.0,100900
2026-04-10 11:10:00,2380.0,2390.0,2380.0,2380.0,163900
2026-04-10 11:15:00,2380.0,2390.0,2380.0,2390.0,43600
2026-04-10 11:20:00,2390.0,2400.0,2390.0,2400.0,160700
2026-04-10 11:25:00,2410.0,2410.0,2390.0,2390.0,332400
2026-04-10 14:00:00,2400.0,2420.0,2400.0,2410.0,474500
2026-04-10 14:05:00,2420.0,2420.0,2410.0,2410.0,111700
2026-04-10 14:10:00,2410.0,2420.0,2410.0,2420.0,5900
2026-04-10 14:15:00,2410.0,2410.0,2410.0,2410.0,358800
2026-04-10 14:20:00,2410.0,2410.0,2410.0,2410.0,372200
2026-04-10 14:25:00,2410.0,2420.0,2410.0,2420.0,34900
2026-04-10 14:30:00,2410.0,2420.0,2410.0,2410.0,27900
2026-04-10 14:35:00,2410.0,2410.0,2410.0,2410.0,12900
2026-04-10 14:40:00,2420.0,2440.0,2420.0,2430.0,936600
2026-04-10 14:45:00,2430.0,2430.0,2420.0,2430.0,155100
2026-04-10 14:50:00,2440.0,2440.0,2430.0,2430.0,245800
2026-04-10 14:55:00,2440.0,2450.0,2440.0,2440.0,356100
2026-04-10 15:00:00,2440.0,2440.0,2430.0,2440.0,516900
2026-04-10 15:05:00,2440.0,2440.0,2430.0,2440.0,3000
2026-04-10 15:10:00,2440.0,2440.0,2430.0,2430.0,556500
2026-04-10 15:15:00,2430.0,2450.0,2430.0,2440.0,726000
2026-04-10 15:20:00,2440.0,2440.0,2430.0,2430.0,1081200
2026-04-10 15:25:00,2430.0,2430.0,2410.0,2410.0,925400
2026-04-10 15:30:00,2400.0,2410.0,2400.0,2410.0,117700
2026-04-10 15:35:00,2400.0,2410.0,2400.0,2400.0,207000
2026-04-10 15:40:00,2410.0,2410.0,2390.0,2400.0,901500
2026-04-10 15:45:00,2400.0,2410.0,2390.0,2410.0,684200
2026-04-10 16:00:00,2410.0,2410.0,2410.0,2410.0,400000
2026-04-10 16:05:00,2410.0,2410.0,2410.0,2410.0,1500
2026-04-10 16:10:00,2410.0,2410.0,2410.0,2410.0,32900
2026-04-13 09:00:00,2400.0,2400.0,2370.0,2390.0,0
2026-04-13 09:05:00,2390.0,2390.0,2380.0,2380.0,179300
2026-04-13 09:10:00,2380.0,2380.0,2370.0,2380.0,268200
2026-04-13 09:15:00,2380.0,2390.0,2380.0,2390.0,25100
2026-04-13 09:20:00,2380.0,2390.0,2380.0,2390.0,60800
2026-04-13 09:25:00,2390.0,2390.0,2380.0,2390.0,106200
2026-04-13 09:30:00,2390.0,2390.0,2380.0,2390.0,18700
2026-04-13 09:35:00,2390.0,2390.0,2380.0,2390.0,44200
2026-04-13 09:40:00,2380.0,2390.0,2380.0,2390.0,24600
2026-04-13 09:45:00,2390.0,2390.0,2380.0,2390.0,12000
2026-04-13 09:50:00,2380.0,2390.0,2380.0,2380.0,23400
2026-04-13 09:55:00,2380.0,2390.0,2370.0,2380.0,364000
2026-04-13 10:00:00,2380.0,2390.0,2380.0,2390.0,120600
2026-04-13 10:05:00,2380.0,2400.0,2380.0,2390.0,26900
2026-04-13 10:10:00,2390.0,2400.0,2390.0,2390.0,327700
2026-04-13 10:15:00,2400.0,2400.0,2390.0,2390.0,45600
2026-04-13 10:20:00,2380.0,2390.0,2380.0,2380.0,10400
2026-04-13 10:25:00,2390.0,2390.0,2390.0,2390.0,200
2026-04-13 10:30:00,2380.0,2380.0,2380.0,2380.0,4000
2026-04-13 10:35:00,2380.0,2390.0,2380.0,2390.0,4300
2026-04-13 10:40:00,2380.0,2380.0,2380.0,2380.0,7700
2026-04-13 10:45:00,2390.0,2390.0,2380.0,2390.0,6500
2026-04-13 10:50:00,2390.0,2390.0,2380.0,2380.0,6200
2026-04-13 10:55:00,2380.0,2390.0,2380.0,2390.0,149500
2026-04-13 11:00:00,2380.0,2390.0,2370.0,2380.0,259300
2026-04-13 11:05:00,2370.0,2390.0,2370.0,2390.0,302400
2026-04-13 11:10:00,2390.0,2390.0,2380.0,2380.0,141500
2026-04-13 11:15:00,2380.0,2380.0,2370.0,2370.0,51800
2026-04-13 11:20:00,2370.0,2380.0,2370.0,2380.0,27200
2026-04-13 11:25:00,2380.0,2380.0,2370.0,2380.0,28500
2026-04-13 11:30:00,2380.0,2380.0,2380.0,2380.0,16900
2026-04-13 11:35:00,2380.0,2380.0,2370.0,2380.0,90300
2026-04-13 11:40:00,2370.0,2380.0,2370.0,2370.0,55600
2026-04-13 11:45:00,2380.0,2380.0,2370.0,2370.0,92300
2026-04-13 11:50:00,2380.0,2380.0,2370.0,2380.0,75800
2026-04-13 11:55:00,2370.0,2380.0,2370.0,2380.0,150000
2026-04-13 13:30:00,2380.0,2380.0,2370.0,2370.0,41400
2026-04-13 13:35:00,2380.0,2380.0,2370.0,2380.0,62000
2026-04-13 13:40:00,2380.0,2380.0,2370.0,2380.0,93700
2026-04-13 13:45:00,2380.0,2380.0,2380.0,2380.0,159700
2026-04-13 13:50:00,2370.0,2380.0,2370.0,2380.0,212800
2026-04-13 13:55:00,2370.0,2380.0,2370.0,2370.0,80800
2026-04-13 14:00:00,2370.0,2380.0,2370.0,2380.0,1400
2026-04-13 14:05:00,2380.0,2380.0,2370.0,2370.0,65900
2026-04-13 14:10:00,2380.0,2380.0,2380.0,2380.0,0
2026-04-13 14:15:00,2370.0,2380.0,2370.0,2370.0,90200
2026-04-13 14:20:00,2380.0,2380.0,2370.0,2370.0,42500
2026-04-13 14:25:00,2370.0,2380.0,2370.0,2380.0,51900
2026-04-13 14:30:00,2370.0,2380.0,2370.0,2370.0,32000
2026-04-13 14:35:00,2370.0,2380.0,2370.0,2370.0,84000
2026-04-13 14:40:00,2370.0,2380.0,2370.0,2380.0,11400
2026-04-13 14:45:00,2380.0,2380.0,2370.0,2370.0,139900
2026-04-13 14:50:00,2380.0,2380.0,2370.0,2370.0,54600
2026-04-13 14:55:00,2370.0,2380.0,2370.0,2380.0,29500
2026-04-13 15:00:00,2380.0,2380.0,2370.0,2370.0,55900
2026-04-13 15:05:00,2370.0,2380.0,2370.0,2370.0,33600
2026-04-13 15:10:00,2370.0,2380.0,2370.0,2370.0,11800
2026-04-13 15:15:00,2370.0,2380.0,2370.0,2370.0,106800
2026-04-13 15:20:00,2380.0,2380.0,2370.0,2370.0,980900
2026-04-13 15:25:00,2370.0,2380.0,2370.0,2370.0,201400
2026-04-13 15:30:00,2370.0,2380.0,2370.0,2380.0,16800
2026-04-13 15:35:00,2380.0,2390.0,2370.0,2390.0,391800
2026-04-13 15:40:00,2380.0,2380.0,2370.0,2370.0,211100
2026-04-13 15:45:00,2380.0,2380.0,2370.0,2370.0,139500
2026-04-13 16:00:00,2370.0,2370.0,2370.0,2370.0,372400
2026-04-13 16:05:00,2370.0,2370.0,2370.0,2370.0,134700
2026-04-13 16:10:00,2370.0,2370.0,2370.0,2370.0,11200
2026-04-14 09:00:00,2390.0,2400.0,2390.0,2390.0,0
2026-04-14 09:05:00,2390.0,2410.0,2390.0,2410.0,168200
2026-04-14 09:10:00,2410.0,2410.0,2400.0,2400.0,253400
2026-04-14 09:15:00,2400.0,2400.0,2390.0,2390.0,20600
2026-04-14 09:20:00,2400.0,2410.0,2400.0,2410.0,140000
2026-04-14 09:25:00,2410.0,2410.0,2400.0,2400.0,214800
2026-04-14 09:30:00,2400.0,2410.0,2400.0,2400.0,31300
2026-04-14 09:35:00,2400.0,2400.0,2400.0,2400.0,154800
2026-04-14 09:40:00,2400.0,2400.0,2390.0,2400.0,152400
2026-04-14 09:45:00,2400.0,2400.0,2390.0,2390.0,18500
2026-04-14 09:50:00,2390.0,2400.0,2390.0,2400.0,44300
2026-04-14 09:55:00,2400.0,2400.0,2390.0,2390.0,34400
2026-04-14 10:00:00,2390.0,2400.0,2390.0,2390.0,93200
2026-04-14 10:05:00,2400.0,2400.0,2390.0,2390.0,387400
2026-04-14 10:10:00,2390.0,2400.0,2390.0,2400.0,19400
2026-04-14 10:15:00,2400.0,2400.0,2390.0,2390.0,64200
2026-04-14 10:20:00,2390.0,2390.0,2390.0,2390.0,165800
2026-04-14 10:25:00,2390.0,2390.0,2390.0,2390.0,52500
2026-04-14 10:30:00,2390.0,2400.0,2390.0,2400.0,7000
2026-04-14 10:35:00,2400.0,2400.0,2390.0,2390.0,52000
2026-04-14 10:40:00,2390.0,2400.0,2380.0,2390.0,172200
2026-04-14 10:45:00,2390.0,2400.0,2390.0,2400.0,131700
2026-04-14 10:50:00,2400.0,2400.0,2400.0,2400.0,19100
2026-04-14 10:55:00,2390.0,2390.0,2390.0,2390.0,3000
2026-04-14 11:00:00,2390.0,2400.0,2390.0,2400.0,52600
2026-04-14 11:05:00,2390.0,2400.0,2390.0,2400.0,2800
2026-04-14 11:10:00,2400.0,2400.0,2390.0,2390.0,2600
2026-04-14 11:15:00,2390.0,2400.0,2390.0,2390.0,50100
2026-04-14 11:20:00,2390.0,2400.0,2390.0,2400.0,24200
2026-04-14 11:25:00,2400.0,2400.0,2390.0,2400.0,6200
2026-04-14 11:30:00,2390.0,2390.0,2390.0,2390.0,4100
2026-04-14 11:35:00,2400.0,2400.0,2390.0,2390.0,66100
2026-04-14 11:40:00,2400.0,2400.0,2390.0,2390.0,19300
2026-04-14 11:45:00,2390.0,2400.0,2390.0,2400.0,600
2026-04-14 11:50:00,2400.0,2400.0,2390.0,2390.0,5400
2026-04-14 11:55:00,2390.0,2390.0,2390.0,2390.0,500
2026-04-14 13:30:00,2400.0,2400.0,2390.0,2390.0,608200
2026-04-14 13:35:00,2390.0,2390.0,2380.0,2390.0,0
2026-04-14 13:40:00,2380.0,2390.0,2380.0,2390.0,48800
2026-04-14 13:45:00,2380.0,2390.0,2380.0,2380.0,58900
2026-04-14 13:50:00,2390.0,2390.0,2380.0,2390.0,55200
2026-04-14 13:55:00,2390.0,2390.0,2380.0,2380.0,30200
2026-04-14 14:00:00,2380.0,2380.0,2370.0,2380.0,636800
2026-04-14 14:05:00,2380.0,2380.0,2370.0,2380.0,86400
2026-04-14 14:10:00,2370.0,2380.0,2370.0,2370.0,12000
2026-04-14 14:15:00,2370.0,2380.0,2370.0,2380.0,20400
2026-04-14 14:20:00,2380.0,2380.0,2370.0,2380.0,13500
2026-04-14 14:25:00,2380.0,2380.0,2370.0,2370.0,33800
2026-04-14 14:30:00,2370.0,2380.0,2370.0,2370.0,10300
2026-04-14 14:35:00,2370.0,2380.0,2370.0,2380.0,9900
2026-04-14 14:40:00,2380.0,2380.0,2370.0,2370.0,247300
2026-04-14 14:45:00,2380.0,2380.0,2370.0,2380.0,9800
2026-04-14 14:50:00,2380.0,2380.0,2370.0,2380.0,20300
2026-04-14 14:55:00,2380.0,2380.0,2370.0,2370.0,14300
2026-04-14 15:00:00,2370.0,2380.0,2370.0,2380.0,122900
2026-04-14 15:05:00,2380.0,2380.0,2370.0,2380.0,40400
2026-04-14 15:10:00,2380.0,2380.0,2370.0,2380.0,25100
2026-04-14 15:15:00,2380.0,2380.0,2370.0,2380.0,57600
2026-04-14 15:20:00,2370.0,2380.0,2370.0,2380.0,27000
2026-04-14 15:25:00,2370.0,2380.0,2370.0,2370.0,48400
2026-04-14 15:30:00,2380.0,2390.0,2370.0,2380.0,257600
2026-04-14 15:35:00,2380.0,2380.0,2370.0,2380.0,4900
2026-04-14 15:40:00,2370.0,2380.0,2370.0,2380.0,122700
2026-04-14 15:45:00,2370.0,2380.0,2370.0,2370.0,120300
2026-04-14 16:00:00,2380.0,2380.0,2380.0,2380.0,315000
2026-04-14 16:05:00,2380.0,2380.0,2380.0,2380.0,297100
2026-04-14 16:10:00,2380.0,2380.0,2380.0,2380.0,12700
2026-04-15 09:00:00,2400.0,2400.0,2380.0,2390.0,0
2026-04-15 09:05:00,2390.0,2390.0,2380.0,2390.0,173700
2026-04-15 09:10:00,2390.0,2400.0,2390.0,2390.0,9100
2026-04-15 09:15:00,2390.0,2400.0,2390.0,2390.0,797200
2026-04-15 09:20:00,2390.0,2390.0,2380.0,2380.0,142600
2026-04-15 09:25:00,2380.0,2390.0,2380.0,2390.0,26000
2026-04-15 09:30:00,2390.0,2390.0,2380.0,2390.0,26300
2026-04-15 09:35:00,2390.0,2390.0,2370.0,2370.0,378300
2026-04-15 09:40:00,2370.0,2380.0,2370.0,2380.0,29800
2026-04-15 09:45:00,2380.0,2380.0,2370.0,2380.0,14000
2026-04-15 09:50:00,2380.0,2380.0,2370.0,2380.0,40600
2026-04-15 09:55:00,2380.0,2380.0,2370.0,2370.0,4400
2026-04-15 10:00:00,2380.0,2380.0,2370.0,2380.0,31000
2026-04-15 10:05:00,2370.0,2380.0,2370.0,2380.0,41300
2026-04-15 10:10:00,2380.0,2380.0,2370.0,2370.0,17100
2026-04-15 10:15:00,2380.0,2380.0,2370.0,2370.0,25200
2026-04-15 10:20:00,2370.0,2380.0,2370.0,2380.0,24800
2026-04-15 10:25:00,2370.0,2380.0,2370.0,2380.0,27600
2026-04-15 10:30:00,2380.0,2380.0,2370.0,2380.0,65900
2026-04-15 10:35:00,2370.0,2380.0,2370.0,2380.0,63700
2026-04-15 10:40:00,2380.0,2380.0,2370.0,2380.0,153900
2026-04-15 10:45:00,2380.0,2380.0,2380.0,2380.0,299300
2026-04-15 10:50:00,2380.0,2380.0,2380.0,2380.0,17300
2026-04-15 10:55:00,2380.0,2390.0,2380.0,2390.0,0
2026-04-15 11:00:00,2390.0,2390.0,2380.0,2380.0,30600
2026-04-15 11:05:00,2380.0,2380.0,2380.0,2380.0,22400
2026-04-15 11:10:00,2380.0,2390.0,2380.0,2390.0,2300
2026-04-15 11:15:00,2390.0,2390.0,2380.0,2380.0,7100
2026-04-15 11:20:00,2380.0,2390.0,2380.0,2390.0,10800
2026-04-15 11:25:00,2390.0,2390.0,2380.0,2380.0,9500
2026-04-15 11:30:00,2390.0,2390.0,2380.0,2390.0,6800
2026-04-15 11:35:00,2390.0,2390.0,2390.0,2390.0,6900
2026-04-15 11:40:00,2390.0,2390.0,2380.0,2380.0,6600
2026-04-15 11:45:00,2390.0,2390.0,2380.0,2390.0,67200
2026-04-15 11:50:00,2390.0,2390.0,2380.0,2380.0,42400
2026-04-15 11:55:00,2380.0,2390.0,2380.0,2390.0,11000
2026-04-15 13:30:00,2390.0,2390.0,2380.0,2380.0,5700
2026-04-15 13:35:00,2390.0,2390.0,2380.0,2380.0,57500
2026-04-15 13:40:00,2380.0,2430.0,2380.0,2410.0,2990100
2026-04-15 13:45:00,2410.0,2420.0,2410.0,2420.0,516600
2026-04-15 13:50:00,2420.0,2430.0,2410.0,2430.0,942600
2026-04-15 13:55:00,2430.0,2440.0,2420.0,2420.0,197200
2026-04-15 14:00:00,2420.0,2420.0,2410.0,2420.0,106700
2026-04-15 14:05:00,2410.0,2420.0,2410.0,2410.0,19200
2026-04-15 14:10:00,2410.0,2410.0,2410.0,2410.0,15900
2026-04-15 14:15:00,2420.0,2420.0,2410.0,2410.0,27400
2026-04-15 14:20:00,2410.0,2420.0,2410.0,2410.0,25200
2026-04-15 14:25:00,2410.0,2420.0,2410.0,2410.0,37400
2026-04-15 14:30:00,2420.0,2420.0,2410.0,2420.0,117100
2026-04-15 14:35:00,2410.0,2420.0,2410.0,2410.0,4800
2026-04-15 14:40:00,2420.0,2420.0,2410.0,2420.0,48000
2026-04-15 14:45:00,2420.0,2420.0,2410.0,2420.0,28900
2026-04-15 14:50:00,2410.0,2420.0,2410.0,2420.0,36700
2026-04-15 14:55:00,2420.0,2420.0,2410.0,2410.0,43200
2026-04-15 15:00:00,2420.0,2420.0,2410.0,2410.0,128100
2026-04-15 15:05:00,2410.0,2420.0,2410.0,2420.0,65100
2026-04-15 15:10:00,2410.0,2410.0,2400.0,2400.0,749400
2026-04-15 15:15:00,2400.0,2410.0,2400.0,2410.0,102700
2026-04-15 15:20:00,2400.0,2400.0,2400.0,2400.0,130700
2026-04-15 15:25:00,2400.0,2410.0,2400.0,2400.0,204000
2026-04-15 15:30:00,2400.0,2410.0,2400.0,2400.0,47500
2026-04-15 15:35:00,2400.0,2410.0,2400.0,2400.0,201500
2026-04-15 15:40:00,2400.0,2410.0,2400.0,2400.0,43900
2026-04-15 15:45:00,2410.0,2410.0,2400.0,2400.0,122200
2026-04-15 16:00:00,2400.0,2400.0,2400.0,2400.0,470500
2026-04-15 16:05:00,2400.0,2400.0,2400.0,2400.0,87300
2026-04-15 16:10:00,2400.0,2400.0,2400.0,2400.0,16800
2026-04-16 09:00:00,2420.0,2460.0,2420.0,2450.0,0
2026-04-16 09:05:00,2440.0,2460.0,2440.0,2440.0,751600
2026-04-16 09:10:00,2440.0,2450.0,2430.0,2440.0,91600
2026-04-16 09:15:00,2440.0,2440.0,2430.0,2440.0,46100
2026-04-16 09:20:00,2430.0,2440.0,2430.0,2430.0,41800
2026-04-16 09:25:00,2430.0,2440.0,2430.0,2430.0,31200
2026-04-16 09:30:00,2430.0,2440.0,2430.0,2440.0,162200
2026-04-16 09:35:00,2430.0,2440.0,2430.0,2440.0,108700
2026-04-16 09:40:00,2440.0,2450.0,2440.0,2440.0,136500
2026-04-16 09:45:00,2440.0,2450.0,2430.0,2450.0,128500
2026-04-16 09:50:00,2440.0,2450.0,2440.0,2440.0,98100
2026-04-16 09:55:00,2450.0,2450.0,2440.0,2440.0,362900
2026-04-16 10:00:00,2440.0,2490.0,2440.0,2480.0,1725700
2026-04-16 10:05:00,2480.0,2500.0,2480.0,2500.0,578200
2026-04-16 10:10:00,2490.0,2510.0,2480.0,2490.0,756500
2026-04-16 10:15:00,2490.0,2500.0,2490.0,2490.0,651100
2026-04-16 10:20:00,2490.0,2510.0,2490.0,2510.0,359700
2026-04-16 10:25:00,2510.0,2510.0,2490.0,2500.0,152200
2026-04-16 10:30:00,2510.0,2510.0,2480.0,2490.0,222000
2026-04-16 10:35:00,2490.0,2490.0,2480.0,2480.0,343200
2026-04-16 10:40:00,2480.0,2500.0,2480.0,2480.0,220300
2026-04-16 10:45:00,2480.0,2480.0,2470.0,2470.0,310500
2026-04-16 10:50:00,2470.0,2480.0,2470.0,2480.0,51200
2026-04-16 10:55:00,2480.0,2480.0,2470.0,2480.0,43700
2026-04-16 11:00:00,2480.0,2480.0,2470.0,2470.0,201200
2026-04-16 11:05:00,2470.0,2470.0,2460.0,2460.0,115100
2026-04-16 11:10:00,2460.0,2470.0,2460.0,2460.0,59800
2026-04-16 11:15:00,2470.0,2470.0,2470.0,2470.0,225600
2026-04-16 11:20:00,2460.0,2470.0,2460.0,2470.0,100300
2026-04-16 11:25:00,2470.0,2480.0,2470.0,2480.0,150500
2026-04-16 11:30:00,2480.0,2480.0,2470.0,2480.0,15100
2026-04-16 11:35:00,2480.0,2480.0,2470.0,2470.0,59600
2026-04-16 11:40:00,2480.0,2480.0,2470.0,2480.0,45400
2026-04-16 11:45:00,2470.0,2480.0,2470.0,2480.0,183400
2026-04-16 11:50:00,2470.0,2470.0,2460.0,2460.0,84700
2026-04-16 11:55:00,2460.0,2470.0,2460.0,2460.0,221200
2026-04-16 13:30:00,2460.0,2490.0,2460.0,2490.0,475500
2026-04-16 13:35:00,2490.0,2490.0,2470.0,2480.0,183000
2026-04-16 13:40:00,2480.0,2480.0,2470.0,2480.0,97200
2026-04-16 13:45:00,2480.0,2480.0,2450.0,2450.0,438500
2026-04-16 13:50:00,2450.0,2460.0,2450.0,2460.0,54800
2026-04-16 13:55:00,2460.0,2460.0,2450.0,2460.0,41900
2026-04-16 14:00:00,2460.0,2470.0,2460.0,2470.0,233200
2026-04-16 14:05:00,2470.0,2470.0,2470.0,2470.0,160900
2026-04-16 14:10:00,2470.0,2470.0,2460.0,2470.0,84300
2026-04-16 14:15:00,2470.0,2470.0,2460.0,2470.0,75700
2026-04-16 14:20:00,2470.0,2470.0,2470.0,2470.0,61600
2026-04-16 14:25:00,2470.0,2470.0,2460.0,2460.0,170200
2026-04-16 14:30:00,2460.0,2470.0,2460.0,2470.0,86800
2026-04-16 14:35:00,2460.0,2470.0,2460.0,2470.0,114800
2026-04-16 14:40:00,2470.0,2470.0,2470.0,2470.0,65300
2026-04-16 14:45:00,2470.0,2470.0,2460.0,2470.0,115500
2026-04-16 14:50:00,2460.0,2470.0,2460.0,2460.0,78600
2026-04-16 14:55:00,2470.0,2470.0,2460.0,2460.0,281400
2026-04-16 15:00:00,2460.0,2470.0,2460.0,2470.0,88200
2026-04-16 15:05:00,2470.0,2470.0,2460.0,2470.0,267500
2026-04-16 15:10:00,2470.0,2470.0,2460.0,2470.0,33400
2026-04-16 15:15:00,2470.0,2470.0,2460.0,2470.0,127200
2026-04-16 15:20:00,2470.0,2480.0,2470.0,2480.0,290500
2026-04-16 15:25:00,2480.0,2490.0,2480.0,2480.0,492300
2026-04-16 15:30:00,2480.0,2490.0,2470.0,2490.0,165700
2026-04-16 15:35:00,2480.0,2490.0,2470.0,2480.0,223200
2026-04-16 15:40:00,2480.0,2480.0,2470.0,2480.0,199100
2026-04-16 15:45:00,2480.0,2490.0,2470.0,2490.0,398700
2026-04-16 16:00:00,2490.0,2490.0,2490.0,2490.0,1013900
2026-04-16 16:05:00,2490.0,2490.0,2490.0,2490.0,14400
2026-04-16 16:10:00,2490.0,2490.0,2490.0,2490.0,52400
2026-04-17 09:00:00,2510.0,2520.0,2490.0,2500.0,0
2026-04-17 09:05:00,2490.0,2510.0,2490.0,2500.0,230500
2026-04-17 09:10:00,2510.0,2510.0,2480.0,2480.0,1295400
2026-04-17 09:15:00,2480.0,2490.0,2480.0,2480.0,84300
2026-04-17 09:20:00,2480.0,2490.0,2480.0,2480.0,39500
2026-04-17 09:25:00,2480.0,2490.0,2480.0,2480.0,129900
2026-04-17 09:30:00,2480.0,2490.0,2480.0,2490.0,76900
2026-04-17 09:35:00,2480.0,2490.0,2480.0,2480.0,76500
2026-04-17 09:40:00,2490.0,2500.0,2480.0,2500.0,220700
2026-04-17 09:45:00,2490.0,2500.0,2490.0,2490.0,46900
2026-04-17 09:50:00,2490.0,2500.0,2480.0,2500.0,327400
2026-04-17 09:55:00,2490.0,2500.0,2490.0,2490.0,124600
2026-04-17 10:00:00,2490.0,2500.0,2480.0,2490.0,415200
2026-04-17 10:05:00,2490.0,2490.0,2470.0,2480.0,444200
2026-04-17 10:10:00,2470.0,2480.0,2470.0,2470.0,30400
2026-04-17 10:15:00,2480.0,2480.0,2470.0,2480.0,81600
2026-04-17 10:20:00,2470.0,2480.0,2470.0,2480.0,98200
2026-04-17 10:25:00,2470.0,2480.0,2470.0,2480.0,18500
2026-04-17 10:30:00,2470.0,2480.0,2470.0,2480.0,21200
2026-04-17 10:35:00,2480.0,2480.0,2470.0,2480.0,57000
2026-04-17 10:40:00,2480.0,2480.0,2470.0,2480.0,111300
2026-04-17 10:45:00,2480.0,2480.0,2470.0,2480.0,301200
2026-04-17 10:50:00,2480.0,2490.0,2480.0,2480.0,158900
2026-04-17 10:55:00,2480.0,2490.0,2480.0,2480.0,36900
2026-04-17 11:00:00,2480.0,2490.0,2480.0,2480.0,32500
2026-04-17 11:05:00,2480.0,2490.0,2480.0,2480.0,44800
2026-04-17 11:10:00,2480.0,2490.0,2480.0,2480.0,129100
2026-04-17 11:15:00,2490.0,2490.0,2470.0,2480.0,257800
2026-04-17 11:20:00,2480.0,2480.0,2470.0,2480.0,174000
2026-04-17 11:25:00,2470.0,2490.0,2470.0,2480.0,55400
2026-04-17 14:00:00,2480.0,2490.0,2480.0,2480.0,87900
2026-04-17 14:05:00,2480.0,2490.0,2480.0,2480.0,42400
2026-04-17 14:10:00,2480.0,2480.0,2470.0,2470.0,243700
2026-04-17 14:15:00,2470.0,2480.0,2470.0,2470.0,74300
2026-04-17 14:20:00,2470.0,2490.0,2470.0,2480.0,370100
2026-04-17 14:25:00,2480.0,2490.0,2480.0,2480.0,20400
2026-04-17 14:30:00,2480.0,2480.0,2480.0,2480.0,59400
2026-04-17 14:35:00,2480.0,2490.0,2470.0,2470.0,37600
2026-04-17 14:40:00,2480.0,2480.0,2470.0,2470.0,23600
2026-04-17 14:45:00,2480.0,2480.0,2470.0,2470.0,467300
2026-04-17 14:50:00,2470.0,2470.0,2460.0,2470.0,335300
2026-04-17 14:55:00,2470.0,2480.0,2470.0,2470.0,35400
2026-04-17 15:00:00,2470.0,2480.0,2470.0,2480.0,12200
2026-04-17 15:05:00,2480.0,2480.0,2470.0,2480.0,311900
2026-04-17 15:10:00,2480.0,2480.0,2480.0,2480.0,276100
2026-04-17 15:15:00,2480.0,2480.0,2470.0,2480.0,195700
2026-04-17 15:20:00,2470.0,2480.0,2470.0,2470.0,103900
2026-04-17 15:25:00,2470.0,2480.0,2470.0,2480.0,52000
2026-04-17 15:30:00,2470.0,2480.0,2470.0,2470.0,66000
2026-04-17 15:35:00,2470.0,2480.0,2470.0,2470.0,40600
2026-04-17 15:40:00,2480.0,2480.0,2470.0,2480.0,216800
2026-04-17 15:45:00,2480.0,2490.0,2470.0,2470.0,706300
2026-04-17 16:00:00,2480.0,2480.0,2480.0,2480.0,486200
2026-04-17 16:05:00,2480.0,2480.0,2480.0,2480.0,225900
2026-04-17 16:10:00,2480.0,2480.0,2480.0,2480.0,900
2026-04-20 09:00:00,2480.0,2490.0,2440.0,2450.0,0
2026-04-20 09:05:00,2450.0,2460.0,2450.0,2450.0,152100
2026-04-20 09:10:00,2450.0,2460.0,2450.0,2460.0,110500
2026-04-20 09:15:00,2450.0,2460.0,2450.0,2460.0,196400
2026-04-20 09:20:00,2460.0,2460.0,2450.0,2460.0,50200
2026-04-20 09:25:00,2460.0,2460.0,2450.0,2450.0,65900
2026-04-20 09:30:00,2460.0,2460.0,2450.0,2450.0,69300
2026-04-20 09:35:00,2450.0,2460.0,2450.0,2460.0,12600
2026-04-20 09:40:00,2450.0,2460.0,2440.0,2440.0,946800
2026-04-20 09:45:00,2440.0,2440.0,2430.0,2430.0,823200
2026-04-20 09:50:00,2430.0,2440.0,2430.0,2430.0,24100
2026-04-20 09:55:00,2430.0,2440.0,2430.0,2440.0,63500
2026-04-20 10:00:00,2430.0,2440.0,2430.0,2430.0,29700
2026-04-20 10:05:00,2440.0,2440.0,2430.0,2440.0,249400
2026-04-20 10:10:00,2430.0,2440.0,2430.0,2440.0,83500
2026-04-20 10:15:00,2440.0,2440.0,2430.0,2430.0,8300
2026-04-20 10:20:00,2430.0,2440.0,2420.0,2420.0,413100
2026-04-20 10:25:00,2420.0,2430.0,2420.0,2430.0,430300
2026-04-20 10:30:00,2430.0,2430.0,2420.0,2430.0,62000
2026-04-20 10:35:00,2420.0,2420.0,2420.0,2420.0,172200
2026-04-20 10:40:00,2410.0,2420.0,2410.0,2410.0,183600
2026-04-20 10:45:00,2410.0,2420.0,2410.0,2420.0,19600
2026-04-20 10:50:00,2410.0,2420.0,2410.0,2410.0,36900
2026-04-20 10:55:00,2410.0,2410.0,2400.0,2410.0,452600
2026-04-20 11:00:00,2410.0,2410.0,2400.0,2400.0,16300
2026-04-20 11:05:00,2400.0,2410.0,2390.0,2410.0,1127400
2026-04-20 11:10:00,2410.0,2410.0,2400.0,2410.0,100300
2026-04-20 11:15:00,2420.0,2420.0,2420.0,2420.0,70800
2026-04-20 11:20:00,2410.0,2420.0,2410.0,2420.0,18500
2026-04-20 11:25:00,2420.0,2420.0,2420.0,2420.0,25600
2026-04-20 16:10:00,2390.0,2390.0,2390.0,2390.0,5151500
2026-04-21 09:00:00,2390.0,2400.0,2380.0,2380.0,0
2026-04-21 09:05:00,2380.0,2390.0,2370.0,2380.0,122300
2026-04-21 09:10:00,2380.0,2390.0,2370.0,2390.0,181500
2026-04-21 09:15:00,2380.0,2390.0,2380.0,2390.0,15200
2026-04-21 09:20:00,2390.0,2390.0,2380.0,2380.0,52400
2026-04-21 09:25:00,2380.0,2390.0,2380.0,2380.0,124600
2026-04-21 09:30:00,2390.0,2390.0,2380.0,2380.0,39000
2026-04-21 09:35:00,2380.0,2390.0,2380.0,2390.0,28700
2026-04-21 09:40:00,2380.0,2390.0,2380.0,2390.0,12800
2026-04-21 09:45:00,2380.0,2390.0,2380.0,2390.0,48300
2026-04-21 09:50:00,2390.0,2390.0,2380.0,2390.0,37800
2026-04-21 09:55:00,2380.0,2390.0,2380.0,2380.0,59300
2026-04-21 10:00:00,2380.0,2390.0,2380.0,2380.0,34000
2026-04-21 10:05:00,2380.0,2390.0,2380.0,2380.0,79800
2026-04-21 10:10:00,2380.0,2390.0,2380.0,2390.0,151000
2026-04-21 10:15:00,2380.0,2390.0,2380.0,2390.0,27200
2026-04-21 10:20:00,2380.0,2390.0,2380.0,2380.0,195900
2026-04-21 10:25:00,2380.0,2390.0,2380.0,2380.0,42700
2026-04-21 10:30:00,2380.0,2380.0,2380.0,2380.0,64100
2026-04-21 10:35:00,2380.0,2390.0,2380.0,2390.0,23300
2026-04-21 10:40:00,2390.0,2390.0,2380.0,2380.0,63700
2026-04-21 10:45:00,2380.0,2390.0,2380.0,2380.0,29000
2026-04-21 10:50:00,2380.0,2390.0,2380.0,2390.0,261400
2026-04-21 10:55:00,2390.0,2390.0,2370.0,2380.0,224900
2026-04-21 11:00:00,2370.0,2380.0,2370.0,2380.0,122900
2026-04-21 11:05:00,2380.0,2380.0,2380.0,2380.0,37800
2026-04-21 11:10:00,2380.0,2390.0,2380.0,2380.0,37300
2026-04-21 11:15:00,2380.0,2390.0,2380.0,2380.0,109500
2026-04-21 11:20:00,2380.0,2380.0,2370.0,2370.0,44900
2026-04-21 11:25:00,2370.0,2380.0,2370.0,2370.0,30000
2026-04-21 11:30:00,2380.0,2380.0,2370.0,2380.0,157600
2026-04-21 11:35:00,2380.0,2390.0,2380.0,2380.0,45600
2026-04-21 11:40:00,2380.0,2390.0,2380.0,2380.0,5300
2026-04-21 11:45:00,2380.0,2390.0,2380.0,2390.0,33200
2026-04-21 11:50:00,2380.0,2390.0,2380.0,2380.0,39100
2026-04-21 11:55:00,2380.0,2390.0,2380.0,2380.0,70600
2026-04-21 13:30:00,2390.0,2390.0,2380.0,2390.0,85400
2026-04-21 13:35:00,2390.0,2390.0,2380.0,2380.0,34300
2026-04-21 13:40:00,2390.0,2390.0,2380.0,2390.0,71500
2026-04-21 13:45:00,2380.0,2390.0,2380.0,2380.0,64100
2026-04-21 13:50:00,2380.0,2390.0,2380.0,2390.0,31000
2026-04-21 13:55:00,2380.0,2390.0,2380.0,2380.0,117900
2026-04-21 14:00:00,2380.0,2380.0,2370.0,2380.0,84400
2026-04-21 14:05:00,2380.0,2380.0,2370.0,2370.0,38200
2026-04-21 14:10:00,2370.0,2380.0,2370.0,2380.0,280300
2026-04-21 14:15:00,2380.0,2390.0,2370.0,2390.0,37700
2026-04-21 14:20:00,2390.0,2390.0,2380.0,2380.0,14400
2026-04-21 14:25:00,2380.0,2390.0,2380.0,2390.0,23600
2026-04-21 14:30:00,2380.0,2390.0,2380.0,2380.0,21400
2026-04-21 14:35:00,2390.0,2390.0,2380.0,2390.0,25400
2026-04-21 14:40:00,2380.0,2390.0,2380.0,2380.0,52600
2026-04-21 14:45:00,2380.0,2390.0,2380.0,2390.0,50600
2026-04-21 14:50:00,2390.0,2390.0,2380.0,2390.0,83300
2026-04-21 14:55:00,2380.0,2390.0,2380.0,2390.0,40000
2026-04-21 15:00:00,2380.0,2390.0,2380.0,2380.0,97500
2026-04-21 15:05:00,2380.0,2390.0,2380.0,2390.0,28900
2026-04-21 15:10:00,2390.0,2390.0,2380.0,2390.0,14500
2026-04-21 15:15:00,2390.0,2390.0,2380.0,2380.0,120300
2026-04-21 15:20:00,2380.0,2390.0,2380.0,2390.0,37200
2026-04-21 15:25:00,2390.0,2390.0,2380.0,2380.0,168800
2026-04-21 15:30:00,2390.0,2390.0,2380.0,2380.0,170500
2026-04-21 15:35:00,2390.0,2390.0,2380.0,2390.0,49000
2026-04-21 15:40:00,2390.0,2390.0,2380.0,2390.0,177000
2026-04-21 15:45:00,2380.0,2390.0,2370.0,2370.0,547400
2026-04-21 16:00:00,2380.0,2380.0,2380.0,2380.0,325000
2026-04-21 16:05:00,2380.0,2380.0,2380.0,2380.0,63300
2026-04-21 16:10:00,2380.0,2380.0,2380.0,2380.0,0
2026-04-22 09:00:00,2380.0,2400.0,2380.0,2390.0,0
2026-04-22 09:05:00,2390.0,2410.0,2390.0,2400.0,97500
2026-04-22 09:10:00,2400.0,2430.0,2400.0,2410.0,597200
2026-04-22 09:15:00,2410.0,2420.0,2410.0,2410.0,62700
2026-04-22 09:20:00,2410.0,2430.0,2410.0,2410.0,125200
2026-04-22 09:25:00,2410.0,2420.0,2400.0,2400.0,104700
2026-04-22 09:30:00,2400.0,2420.0,2400.0,2410.0,59800
2026-04-22 09:35:00,2410.0,2410.0,2400.0,2400.0,216000
2026-04-22 09:40:00,2400.0,2410.0,2400.0,2400.0,72000
2026-04-22 09:45:00,2400.0,2400.0,2400.0,2400.0,36800
2026-04-22 09:50:00,2400.0,2410.0,2390.0,2390.0,189600
2026-04-22 09:55:00,2390.0,2410.0,2390.0,2410.0,42300
2026-04-22 10:00:00,2400.0,2410.0,2400.0,2400.0,69700
2026-04-22 10:05:00,2400.0,2410.0,2400.0,2400.0,37200
2026-04-22 10:10:00,2400.0,2420.0,2400.0,2410.0,175000
2026-04-22 10:15:00,2410.0,2420.0,2400.0,2400.0,154600
2026-04-22 10:20:00,2400.0,2410.0,2400.0,2400.0,16400
2026-04-22 10:25:00,2410.0,2410.0,2400.0,2410.0,57700
2026-04-22 10:30:00,2400.0,2410.0,2400.0,2400.0,34100
2026-04-22 10:35:00,2400.0,2410.0,2400.0,2410.0,25600
2026-04-22 10:40:00,2400.0,2410.0,2400.0,2400.0,45000
2026-04-22 10:45:00,2410.0,2410.0,2400.0,2400.0,49800
2026-04-22 10:50:00,2400.0,2410.0,2390.0,2390.0,296200
2026-04-22 10:55:00,2390.0,2400.0,2390.0,2390.0,72300
2026-04-22 11:00:00,2390.0,2390.0,2390.0,2390.0,50500
2026-04-22 11:05:00,2390.0,2400.0,2390.0,2390.0,36800
2026-04-22 11:10:00,2390.0,2400.0,2390.0,2390.0,67700
2026-04-22 11:15:00,2390.0,2400.0,2390.0,2390.0,28500
2026-04-22 11:20:00,2390.0,2400.0,2390.0,2390.0,41800
2026-04-22 11:25:00,2400.0,2400.0,2390.0,2390.0,73000
2026-04-22 11:30:00,2390.0,2400.0,2390.0,2400.0,57000
2026-04-22 11:35:00,2400.0,2400.0,2390.0,2400.0,37800
2026-04-22 11:40:00,2400.0,2400.0,2390.0,2400.0,42900
2026-04-22 11:45:00,2400.0,2400.0,2390.0,2400.0,54900
2026-04-22 11:50:00,2400.0,2400.0,2390.0,2390.0,68400
2026-04-22 11:55:00,2390.0,2410.0,2390.0,2400.0,143100
2026-04-22 13:30:00,2400.0,2410.0,2400.0,2400.0,49000
2026-04-22 13:35:00,2410.0,2410.0,2400.0,2400.0,95300
2026-04-22 13:40:00,2410.0,2410.0,2400.0,2400.0,72200
2026-04-22 13:45:00,2400.0,2410.0,2400.0,2400.0,64600
2026-04-22 13:50:00,2410.0,2410.0,2400.0,2410.0,66000
2026-04-22 13:55:00,2410.0,2410.0,2400.0,2400.0,71700
2026-04-22 14:00:00,2410.0,2410.0,2400.0,2400.0,78000
2026-04-22 14:05:00,2400.0,2410.0,2400.0,2400.0,79900
2026-04-22 14:10:00,2410.0,2410.0,2400.0,2400.0,137700
2026-04-22 14:15:00,2400.0,2410.0,2400.0,2410.0,60700
2026-04-22 14:20:00,2400.0,2410.0,2400.0,2410.0,61600
2026-04-22 14:25:00,2410.0,2410.0,2400.0,2400.0,73600
2026-04-22 14:30:00,2400.0,2410.0,2400.0,2400.0,85400
2026-04-22 14:35:00,2410.0,2410.0,2400.0,2400.0,60800
2026-04-22 14:40:00,2410.0,2410.0,2400.0,2400.0,72200
2026-04-22 14:45:00,2410.0,2410.0,2400.0,2400.0,81300
2026-04-22 14:50:00,2400.0,2410.0,2400.0,2400.0,74700
2026-04-22 14:55:00,2410.0,2410.0,2400.0,2410.0,76800
2026-04-22 15:00:00,2410.0,2410.0,2400.0,2400.0,81700
2026-04-22 15:05:00,2400.0,2410.0,2400.0,2410.0,80700
2026-04-22 15:10:00,2400.0,2410.0,2400.0,2400.0,112200
2026-04-22 15:15:00,2410.0,2410.0,2400.0,2410.0,147700
2026-04-22 15:20:00,2410.0,2410.0,2400.0,2400.0,101200
2026-04-22 15:25:00,2410.0,2410.0,2400.0,2400.0,119300
2026-04-22 15:30:00,2410.0,2410.0,2400.0,2410.0,116800
2026-04-22 15:35:00,2410.0,2410.0,2400.0,2400.0,247200
2026-04-22 15:40:00,2400.0,2410.0,2400.0,2400.0,174100
2026-04-22 15:45:00,2410.0,2410.0,2400.0,2400.0,303500
2026-04-22 16:00:00,2390.0,2390.0,2390.0,2390.0,292000
2026-04-22 16:05:00,2390.0,2390.0,2390.0,2390.0,0
2026-04-22 16:10:00,2390.0,2390.0,2390.0,2390.0,19000
2026-04-23 09:00:00,2390.0,2400.0,2390.0,2390.0,37500
2026-04-23 09:05:00,2400.0,2410.0,2390.0,2410.0,146000
2026-04-23 09:10:00,2400.0,2400.0,2380.0,2380.0,313700
2026-04-23 09:15:00,2390.0,2400.0,2380.0,2400.0,80400
2026-04-23 09:20:00,2400.0,2410.0,2400.0,2410.0,35100
2026-04-23 09:25:00,2410.0,2410.0,2390.0,2400.0,413000
2026-04-23 09:30:00,2400.0,2410.0,2400.0,2400.0,25300
2026-04-23 09:35:00,2410.0,2410.0,2400.0,2410.0,1000
2026-04-23 09:40:00,2410.0,2410.0,2400.0,2410.0,19700
2026-04-23 09:45:00,2400.0,2410.0,2400.0,2400.0,46500
2026-04-23 09:50:00,2410.0,2410.0,2400.0,2400.0,109000
2026-04-23 09:55:00,2400.0,2400.0,2390.0,2390.0,79100
2026-04-23 10:00:00,2400.0,2400.0,2390.0,2390.0,33200
2026-04-23 10:05:00,2390.0,2400.0,2380.0,2380.0,127100
2026-04-23 10:10:00,2380.0,2390.0,2380.0,2390.0,145800
2026-04-23 10:15:00,2390.0,2400.0,2390.0,2390.0,15600
2026-04-23 10:20:00,2390.0,2390.0,2390.0,2390.0,21600
2026-04-23 10:25:00,2390.0,2400.0,2380.0,2390.0,71000
2026-04-23 10:30:00,2390.0,2390.0,2380.0,2390.0,15300
2026-04-23 10:35:00,2380.0,2390.0,2380.0,2390.0,56800
2026-04-23 10:40:00,2400.0,2400.0,2390.0,2400.0,12100
2026-04-23 10:45:00,2400.0,2400.0,2390.0,2400.0,5400
2026-04-23 10:50:00,2400.0,2400.0,2390.0,2400.0,36000
2026-04-23 10:55:00,2390.0,2390.0,2380.0,2390.0,14500
2026-04-23 11:00:00,2380.0,2390.0,2380.0,2380.0,24600
2026-04-23 11:05:00,2380.0,2400.0,2380.0,2390.0,136600
2026-04-23 11:10:00,2390.0,2390.0,2390.0,2390.0,9400
2026-04-23 11:15:00,2390.0,2390.0,2380.0,2390.0,61300
2026-04-23 11:20:00,2390.0,2390.0,2380.0,2390.0,35700
2026-04-23 11:25:00,2390.0,2400.0,2390.0,2400.0,21500
2026-04-23 11:30:00,2390.0,2400.0,2390.0,2390.0,15500
2026-04-23 11:35:00,2390.0,2390.0,2390.0,2390.0,27700
2026-04-23 11:40:00,2390.0,2390.0,2390.0,2390.0,45500
2026-04-23 11:45:00,2390.0,2390.0,2390.0,2390.0,10500
2026-04-23 11:50:00,2390.0,2390.0,2390.0,2390.0,9300
2026-04-23 11:55:00,2400.0,2400.0,2390.0,2390.0,21300
2026-04-23 13:30:00,2390.0,2400.0,2390.0,2390.0,101700
2026-04-23 13:35:00,2400.0,2400.0,2380.0,2380.0,52500
2026-04-23 13:40:00,2390.0,2390.0,2380.0,2390.0,17300
2026-04-23 13:45:00,2390.0,2390.0,2380.0,2380.0,14800
2026-04-23 13:50:00,2380.0,2390.0,2380.0,2390.0,17500
2026-04-23 13:55:00,2390.0,2390.0,2380.0,2390.0,97400
2026-04-23 14:00:00,2390.0,2390.0,2380.0,2380.0,22000
2026-04-23 14:05:00,2380.0,2390.0,2380.0,2380.0,14000
2026-04-23 14:10:00,2390.0,2390.0,2380.0,2380.0,39400
2026-04-23 14:15:00,2390.0,2390.0,2380.0,2380.0,80500
2026-04-23 14:20:00,2380.0,2390.0,2380.0,2380.0,181000
2026-04-23 14:25:00,2380.0,2390.0,2380.0,2380.0,51000
2026-04-23 14:30:00,2380.0,2380.0,2370.0,2380.0,128200
2026-04-23 14:35:00,2370.0,2380.0,2370.0,2370.0,87500
2026-04-23 14:40:00,2370.0,2380.0,2370.0,2370.0,45800
2026-04-23 14:45:00,2380.0,2380.0,2370.0,2370.0,74900
2026-04-23 14:50:00,2380.0,2380.0,2370.0,2370.0,162400
2026-04-23 14:55:00,2370.0,2380.0,2360.0,2370.0,323700
2026-04-23 15:00:00,2370.0,2370.0,2360.0,2360.0,68000
2026-04-23 15:05:00,2360.0,2370.0,2360.0,2360.0,80900
2026-04-23 15:10:00,2360.0,2370.0,2360.0,2360.0,67400
2026-04-23 15:15:00,2370.0,2370.0,2360.0,2360.0,224800
2026-04-23 15:20:00,2360.0,2370.0,2350.0,2350.0,496200
2026-04-23 15:25:00,2350.0,2360.0,2350.0,2350.0,94000
2026-04-23 15:30:00,2350.0,2360.0,2320.0,2330.0,622500
2026-04-23 15:35:00,2330.0,2330.0,2320.0,2320.0,212800
2026-04-23 15:40:00,2320.0,2330.0,2280.0,2290.0,2354000
2026-04-23 15:45:00,2290.0,2290.0,2270.0,2280.0,1086400
2026-04-23 16:00:00,2260.0,2260.0,2260.0,2260.0,1618800
2026-04-23 16:05:00,2260.0,2260.0,2260.0,2260.0,79800
2026-04-23 16:10:00,2260.0,2260.0,2260.0,2260.0,201400
2026-04-24 09:00:00,2280.0,2280.0,2200.0,2210.0,0
2026-04-24 09:05:00,2210.0,2220.0,2190.0,2210.0,1290300
2026-04-24 09:10:00,2210.0,2220.0,2200.0,2200.0,480200
2026-04-24 09:15:00,2200.0,2200.0,2180.0,2190.0,1015900
2026-04-24 09:20:00,2190.0,2200.0,2180.0,2200.0,240100
2026-04-24 09:25:00,2200.0,2210.0,2190.0,2200.0,225800
2026-04-24 09:30:00,2200.0,2200.0,2190.0,2200.0,309400
2026-04-24 09:35:00,2200.0,2200.0,2190.0,2200.0,163200
2026-04-24 09:40:00,2190.0,2190.0,2180.0,2180.0,401500
2026-04-24 09:45:00,2180.0,2190.0,2180.0,2190.0,196100
2026-04-24 09:50:00,2190.0,2190.0,2180.0,2190.0,41100
2026-04-24 09:55:00,2180.0,2180.0,2160.0,2160.0,857000
2026-04-24 10:00:00,2170.0,2180.0,2160.0,2170.0,183800
2026-04-24 10:05:00,2170.0,2170.0,2160.0,2170.0,71200
2026-04-24 10:10:00,2170.0,2170.0,2160.0,2170.0,217400
2026-04-24 10:15:00,2170.0,2170.0,2150.0,2160.0,892000
2026-04-24 10:20:00,2150.0,2160.0,2150.0,2160.0,357500
2026-04-24 10:25:00,2160.0,2170.0,2150.0,2160.0,327900
2026-04-24 10:30:00,2160.0,2160.0,2150.0,2160.0,214000
2026-04-24 10:35:00,2150.0,2160.0,2140.0,2150.0,898800
2026-04-24 10:40:00,2140.0,2150.0,2130.0,2140.0,788700
2026-04-24 10:45:00,2140.0,2140.0,2130.0,2140.0,115000
2026-04-24 10:50:00,2140.0,2140.0,2130.0,2140.0,404200
2026-04-24 10:55:00,2140.0,2150.0,2140.0,2140.0,270200
2026-04-24 11:00:00,2140.0,2140.0,2130.0,2140.0,199800
2026-04-24 11:05:00,2140.0,2150.0,2130.0,2140.0,385400
2026-04-24 11:10:00,2150.0,2150.0,2130.0,2140.0,95300
2026-04-24 11:15:00,2140.0,2140.0,2130.0,2140.0,311800
2026-04-24 11:20:00,2140.0,2140.0,2120.0,2140.0,499900
2026-04-24 11:25:00,2140.0,2140.0,2120.0,2130.0,208800
2026-04-24 14:00:00,2130.0,2150.0,2130.0,2140.0,924300
2026-04-24 14:05:00,2140.0,2150.0,2130.0,2140.0,240900
2026-04-24 14:10:00,2140.0,2150.0,2120.0,2120.0,655400
2026-04-24 14:15:00,2120.0,2140.0,2120.0,2130.0,233500
2026-04-24 14:20:00,2130.0,2140.0,2120.0,2120.0,311600
2026-04-24 14:25:00,2120.0,2130.0,2120.0,2130.0,268200
2026-04-24 14:30:00,2130.0,2140.0,2130.0,2140.0,67800
2026-04-24 14:35:00,2140.0,2140.0,2120.0,2130.0,325600
2026-04-24 14:40:00,2130.0,2140.0,2120.0,2140.0,237700
2026-04-24 14:45:00,2130.0,2140.0,2130.0,2130.0,104100
2026-04-24 14:50:00,2140.0,2140.0,2120.0,2130.0,254500
2026-04-24 14:55:00,2130.0,2130.0,2120.0,2130.0,146300
2026-04-24 15:00:00,2130.0,2130.0,2110.0,2110.0,1379800
2026-04-24 15:05:00,2110.0,2120.0,2110.0,2110.0,671900
2026-04-24 15:10:00,2120.0,2130.0,2110.0,2130.0,481300
2026-04-24 15:15:00,2130.0,2130.0,2110.0,2120.0,372000
2026-04-24 15:20:00,2120.0,2120.0,2110.0,2120.0,165000
2026-04-24 15:25:00,2120.0,2120.0,2110.0,2110.0,257900
2026-04-24 15:30:00,2110.0,2120.0,2110.0,2110.0,525600
2026-04-24 15:35:00,2110.0,2120.0,2100.0,2110.0,607200
2026-04-24 15:40:00,2110.0,2110.0,2100.0,2110.0,1388200
2026-04-24 15:45:00,2100.0,2120.0,2100.0,2110.0,397700
2026-04-24 16:00:00,2130.0,2130.0,2130.0,2130.0,546900
2026-04-24 16:05:00,2130.0,2130.0,2130.0,2130.0,13600
2026-04-24 16:10:00,2130.0,2130.0,2130.0,2130.0,10200
2026-04-27 09:00:00,2130.0,2140.0,2120.0,2130.0,0
2026-04-27 09:05:00,2140.0,2150.0,2130.0,2150.0,445400
2026-04-27 09:10:00,2150.0,2150.0,2130.0,2130.0,158100
2026-04-27 09:15:00,2130.0,2140.0,2120.0,2130.0,106500
2026-04-27 09:20:00,2140.0,2140.0,2130.0,2130.0,28800
2026-04-27 09:25:00,2130.0,2130.0,2120.0,2130.0,175800
2026-04-27 09:30:00,2130.0,2130.0,2120.0,2130.0,123900
2026-04-27 09:35:00,2130.0,2150.0,2130.0,2130.0,321900
2026-04-27 09:40:00,2130.0,2130.0,2120.0,2130.0,31600
2026-04-27 09:45:00,2130.0,2130.0,2120.0,2130.0,13100
2026-04-27 09:50:00,2130.0,2130.0,2130.0,2130.0,17900
2026-04-27 09:55:00,2130.0,2130.0,2120.0,2130.0,50900
2026-04-27 10:00:00,2120.0,2130.0,2120.0,2130.0,62200
2026-04-27 10:05:00,2130.0,2130.0,2120.0,2130.0,25400
2026-04-27 10:10:00,2130.0,2130.0,2120.0,2130.0,92400
2026-04-27 10:15:00,2130.0,2130.0,2120.0,2130.0,91100
2026-04-27 10:20:00,2130.0,2130.0,2120.0,2120.0,17100
2026-04-27 10:25:00,2130.0,2130.0,2120.0,2130.0,55200
2026-04-27 10:30:00,2130.0,2130.0,2120.0,2130.0,27100
2026-04-27 10:35:00,2130.0,2130.0,2120.0,2120.0,9900
2026-04-27 10:40:00,2120.0,2130.0,2120.0,2130.0,13900
2026-04-27 10:45:00,2130.0,2130.0,2120.0,2120.0,147400
2026-04-27 10:50:00,2130.0,2130.0,2120.0,2120.0,1300
2026-04-27 10:55:00,2130.0,2130.0,2110.0,2120.0,157600
2026-04-27 11:00:00,2120.0,2120.0,2110.0,2120.0,214400
2026-04-27 11:05:00,2120.0,2130.0,2120.0,2130.0,24700
2026-04-27 11:10:00,2130.0,2130.0,2120.0,2120.0,14200
2026-04-27 11:15:00,2120.0,2130.0,2120.0,2130.0,16400
2026-04-27 11:20:00,2130.0,2130.0,2120.0,2120.0,23300
2026-04-27 11:25:00,2130.0,2130.0,2120.0,2130.0,70800
2026-04-27 11:30:00,2130.0,2130.0,2110.0,2110.0,230700
2026-04-27 11:35:00,2120.0,2120.0,2100.0,2110.0,365900
2026-04-27 11:40:00,2110.0,2110.0,2100.0,2110.0,23100
2026-04-27 11:45:00,2110.0,2110.0,2100.0,2100.0,53600
2026-04-27 11:50:00,2100.0,2110.0,2080.0,2100.0,1439100
2026-04-27 11:55:00,2100.0,2100.0,2090.0,2090.0,31200
2026-04-27 13:30:00,2100.0,2100.0,2090.0,2100.0,360900
2026-04-27 13:35:00,2100.0,2100.0,2090.0,2100.0,35000
2026-04-27 13:40:00,2100.0,2110.0,2090.0,2100.0,181100
2026-04-27 13:45:00,2100.0,2110.0,2100.0,2100.0,65400
2026-04-27 13:50:00,2100.0,2110.0,2100.0,2100.0,24000
2026-04-27 13:55:00,2100.0,2110.0,2100.0,2100.0,22300
2026-04-27 14:00:00,2100.0,2110.0,2100.0,2100.0,288000
2026-04-27 14:05:00,2100.0,2100.0,2090.0,2100.0,10600
2026-04-27 14:10:00,2090.0,2100.0,2090.0,2090.0,5100
2026-04-27 14:15:00,2100.0,2100.0,2090.0,2090.0,3600
2026-04-27 14:20:00,2090.0,2100.0,2090.0,2100.0,143700
2026-04-27 14:25:00,2100.0,2100.0,2090.0,2100.0,45300
2026-04-27 14:30:00,2090.0,2100.0,2090.0,2100.0,84500
2026-04-27 14:35:00,2100.0,2100.0,2090.0,2100.0,45000
2026-04-27 14:40:00,2100.0,2110.0,2090.0,2100.0,58500
2026-04-27 14:45:00,2100.0,2110.0,2090.0,2090.0,831300
2026-04-27 14:50:00,2100.0,2100.0,2100.0,2100.0,56600
2026-04-27 14:55:00,2100.0,2100.0,2090.0,2100.0,21200
2026-04-27 15:00:00,2100.0,2100.0,2090.0,2090.0,33300
2026-04-27 15:05:00,2100.0,2100.0,2090.0,2100.0,33700
2026-04-27 15:10:00,2100.0,2100.0,2090.0,2100.0,54400
2026-04-27 15:15:00,2100.0,2100.0,2100.0,2100.0,104100
2026-04-27 15:20:00,2100.0,2100.0,2090.0,2100.0,37700
2026-04-27 15:25:00,2100.0,2100.0,2100.0,2100.0,82900
2026-04-27 15:30:00,2100.0,2100.0,2090.0,2090.0,548400
2026-04-27 15:35:00,2090.0,2090.0,2080.0,2090.0,80900
2026-04-27 15:40:00,2080.0,2090.0,2080.0,2090.0,293500
2026-04-27 15:45:00,2080.0,2090.0,2070.0,2070.0,810100
2026-04-27 16:00:00,2060.0,2060.0,2060.0,2060.0,1390400
2026-04-27 16:05:00,2060.0,2060.0,2060.0,2060.0,538100
2026-04-27 16:10:00,2060.0,2060.0,2060.0,2060.0,42200
2026-04-28 09:00:00,2050.0,2070.0,2020.0,2030.0,0
2026-04-28 09:05:00,2030.0,2030.0,2010.0,2030.0,592700
2026-04-28 09:10:00,2030.0,2030.0,2000.0,2010.0,1137600
2026-04-28 09:15:00,2020.0,2020.0,2000.0,2010.0,359700
2026-04-28 09:20:00,2010.0,2030.0,2000.0,2020.0,414000
2026-04-28 09:25:00,2020.0,2030.0,2020.0,2030.0,302700
2026-04-28 09:30:00,2030.0,2050.0,2020.0,2040.0,387900
2026-04-28 09:35:00,2040.0,2050.0,2040.0,2050.0,46500
2026-04-28 09:40:00,2040.0,2050.0,2030.0,2030.0,273600
2026-04-28 09:45:00,2030.0,2030.0,2020.0,2030.0,60700
2026-04-28 09:50:00,2030.0,2030.0,2020.0,2020.0,249700
2026-04-28 09:55:00,2020.0,2020.0,2010.0,2020.0,63700
2026-04-28 10:00:00,2010.0,2020.0,2010.0,2010.0,138900
2026-04-28 10:05:00,2020.0,2020.0,2010.0,2020.0,7700
2026-04-28 10:10:00,2020.0,2020.0,2010.0,2020.0,35400
2026-04-28 10:15:00,2020.0,2020.0,2020.0,2020.0,27100
2026-04-28 10:20:00,2020.0,2030.0,2020.0,2030.0,113800
2026-04-28 10:25:00,2030.0,2030.0,2030.0,2030.0,3100
2026-04-28 10:30:00,2030.0,2030.0,2020.0,2030.0,25200
2026-04-28 10:35:00,2030.0,2030.0,2020.0,2020.0,31600
2026-04-28 10:40:00,2020.0,2030.0,2010.0,2020.0,451300
2026-04-28 10:45:00,2030.0,2030.0,2020.0,2030.0,2300
2026-04-28 10:50:00,2030.0,2030.0,2020.0,2030.0,5200
2026-04-28 10:55:00,2030.0,2030.0,2030.0,2030.0,4400
2026-04-28 11:00:00,2020.0,2030.0,2020.0,2020.0,10300
2026-04-28 11:05:00,2030.0,2030.0,2020.0,2030.0,414100
2026-04-28 11:10:00,2030.0,2040.0,2030.0,2030.0,190400
2026-04-28 11:15:00,2030.0,2030.0,2030.0,2030.0,70200
2026-04-28 11:20:00,2030.0,2030.0,2030.0,2030.0,41400
2026-04-28 11:25:00,2030.0,2030.0,2020.0,2030.0,45100
2026-04-28 11:30:00,2030.0,2030.0,2020.0,2030.0,17400
2026-04-28 11:35:00,2030.0,2030.0,2020.0,2030.0,19600
2026-04-28 11:40:00,2030.0,2030.0,2030.0,2030.0,38100
2026-04-28 11:45:00,2030.0,2030.0,2010.0,2020.0,446100
2026-04-28 11:50:00,2020.0,2020.0,2020.0,2020.0,107100
2026-04-28 11:55:00,2020.0,2030.0,2020.0,2030.0,800
2026-04-28 13:30:00,2020.0,2030.0,2020.0,2030.0,144700
2026-04-28 13:35:00,2020.0,2030.0,2020.0,2020.0,20600
2026-04-28 13:40:00,2020.0,2030.0,2020.0,2030.0,40700
2026-04-28 13:45:00,2030.0,2030.0,2010.0,2010.0,502000
2026-04-28 13:50:00,2020.0,2030.0,2010.0,2020.0,115200
2026-04-28 13:55:00,2020.0,2030.0,2020.0,2020.0,54000
2026-04-28 14:00:00,2020.0,2020.0,2020.0,2020.0,11000
2026-04-28 14:05:00,2030.0,2030.0,2020.0,2020.0,35500
2026-04-28 14:10:00,2030.0,2030.0,2030.0,2030.0,384100
2026-04-28 14:15:00,2040.0,2040.0,2030.0,2030.0,6600
2026-04-28 14:20:00,2040.0,2040.0,2030.0,2030.0,9500
2026-04-28 14:25:00,2030.0,2040.0,2030.0,2040.0,11800
2026-04-28 14:30:00,2030.0,2050.0,2030.0,2050.0,258800
2026-04-28 14:35:00,2040.0,2040.0,2040.0,2040.0,170500
2026-04-28 14:40:00,2050.0,2050.0,2040.0,2040.0,140600
2026-04-28 14:45:00,2030.0,2040.0,2030.0,2040.0,32100
2026-04-28 14:50:00,2040.0,2040.0,2020.0,2030.0,377200
2026-04-28 14:55:00,2030.0,2030.0,2030.0,2030.0,41100
2026-04-28 15:00:00,2040.0,2040.0,2030.0,2030.0,288600
2026-04-28 15:05:00,2040.0,2040.0,2030.0,2030.0,160400
2026-04-28 15:10:00,2030.0,2040.0,2030.0,2030.0,23600
2026-04-28 15:15:00,2030.0,2040.0,2030.0,2040.0,800
2026-04-28 15:20:00,2030.0,2040.0,2020.0,2030.0,453700
2026-04-28 15:25:00,2030.0,2030.0,2020.0,2030.0,86300
2026-04-28 15:30:00,2030.0,2030.0,2020.0,2020.0,5800
2026-04-28 15:35:00,2030.0,2040.0,2030.0,2040.0,254500
2026-04-28 15:40:00,2030.0,2040.0,2030.0,2040.0,100400
2026-04-28 15:45:00,2040.0,2040.0,2030.0,2040.0,199100
2026-04-28 16:00:00,2040.0,2040.0,2040.0,2040.0,524300
2026-04-28 16:05:00,2040.0,2040.0,2040.0,2040.0,40500
2026-04-28 16:10:00,2040.0,2040.0,2040.0,2040.0,2200
2026-04-29 09:00:00,2060.0,2060.0,2040.0,2040.0,0
2026-04-29 09:05:00,2040.0,2060.0,2040.0,2050.0,394500
2026-04-29 09:10:00,2050.0,2060.0,2050.0,2050.0,36900
2026-04-29 09:15:00,2050.0,2060.0,2050.0,2050.0,12700
2026-04-29 09:20:00,2050.0,2060.0,2050.0,2060.0,5500
2026-04-29 09:25:00,2050.0,2060.0,2040.0,2050.0,295300
2026-04-29 09:30:00,2050.0,2050.0,2030.0,2030.0,292500
2026-04-29 09:35:00,2030.0,2040.0,2030.0,2040.0,129800
2026-04-29 09:40:00,2040.0,2050.0,2020.0,2030.0,941500
2026-04-29 09:45:00,2030.0,2040.0,2020.0,2040.0,232400
2026-04-29 09:50:00,2040.0,2060.0,2030.0,2050.0,962800
2026-04-29 09:55:00,2060.0,2060.0,2030.0,2040.0,481000
2026-04-29 10:00:00,2040.0,2050.0,2040.0,2040.0,3800
2026-04-29 10:05:00,2050.0,2070.0,2050.0,2070.0,594800
2026-04-29 10:10:00,2070.0,2070.0,2060.0,2070.0,202400
2026-04-29 10:15:00,2070.0,2080.0,2060.0,2080.0,506500
2026-04-29 10:20:00,2070.0,2070.0,2050.0,2050.0,279000
2026-04-29 10:25:00,2050.0,2050.0,2050.0,2050.0,11900
2026-04-29 10:30:00,2060.0,2060.0,2040.0,2040.0,801300
2026-04-29 10:35:00,2050.0,2060.0,2050.0,2050.0,207100
2026-04-29 10:40:00,2050.0,2060.0,2050.0,2060.0,46500
2026-04-29 10:45:00,2050.0,2060.0,2050.0,2060.0,196600
2026-04-29 10:50:00,2060.0,2060.0,2060.0,2060.0,482500
2026-04-29 10:55:00,2060.0,2060.0,2050.0,2060.0,165000
2026-04-29 11:00:00,2050.0,2060.0,2050.0,2050.0,147900
2026-04-29 11:05:00,2060.0,2070.0,2060.0,2070.0,148000
2026-04-29 11:10:00,2070.0,2070.0,2060.0,2070.0,143900
2026-04-29 11:15:00,2070.0,2070.0,2060.0,2070.0,80800
2026-04-29 11:20:00,2070.0,2080.0,2070.0,2080.0,353800
2026-04-29 11:25:00,2080.0,2080.0,2070.0,2080.0,67800
2026-04-29 11:30:00,2080.0,2080.0,2060.0,2070.0,941700
2026-04-29 11:35:00,2080.0,2080.0,2070.0,2080.0,308200
2026-04-29 11:40:00,2080.0,2080.0,2060.0,2070.0,456000
2026-04-29 11:45:00,2070.0,2080.0,2060.0,2080.0,700900
2026-04-29 11:50:00,2070.0,2080.0,2070.0,2080.0,41900
2026-04-29 11:55:00,2080.0,2080.0,2060.0,2070.0,745800
2026-04-29 13:30:00,2070.0,2070.0,2060.0,2070.0,386900
2026-04-29 13:35:00,2080.0,2080.0,2070.0,2080.0,148100
2026-04-29 13:40:00,2080.0,2080.0,2070.0,2080.0,70700
2026-04-29 13:45:00,2080.0,2090.0,2080.0,2090.0,836900
2026-04-29 13:50:00,2090.0,2090.0,2080.0,2090.0,193000
2026-04-29 13:55:00,2090.0,2100.0,2090.0,2100.0,464500
2026-04-29 14:00:00,2100.0,2100.0,2080.0,2090.0,1024900
2026-04-29 14:05:00,2090.0,2090.0,2080.0,2090.0,382500
2026-04-29 14:10:00,2080.0,2090.0,2080.0,2090.0,179000
2026-04-29 14:15:00,2080.0,2090.0,2080.0,2090.0,235100
2026-04-29 14:20:00,2090.0,2090.0,2090.0,2090.0,398800
2026-04-29 14:25:00,2080.0,2090.0,2080.0,2090.0,182700
2026-04-29 14:30:00,2080.0,2090.0,2080.0,2090.0,268500
2026-04-29 14:35:00,2090.0,2100.0,2080.0,2080.0,638400
2026-04-29 14:40:00,2090.0,2090.0,2080.0,2080.0,146000
2026-04-29 14:45:00,2080.0,2090.0,2070.0,2080.0,756600
2026-04-29 14:50:00,2080.0,2080.0,2070.0,2080.0,158300
2026-04-29 14:55:00,2080.0,2090.0,2070.0,2080.0,164500
2026-04-29 15:00:00,2080.0,2100.0,2080.0,2100.0,463200
2026-04-29 15:05:00,2090.0,2100.0,2090.0,2090.0,460000
2026-04-29 15:10:00,2090.0,2100.0,2090.0,2090.0,2900
2026-04-29 15:15:00,2100.0,2100.0,2090.0,2090.0,108000
2026-04-29 15:20:00,2100.0,2100.0,2090.0,2090.0,100800
2026-04-29 15:25:00,2100.0,2100.0,2100.0,2100.0,314400
2026-04-29 15:30:00,2100.0,2100.0,2090.0,2100.0,353500
2026-04-29 15:35:00,2100.0,2110.0,2090.0,2110.0,705600
2026-04-29 15:40:00,2110.0,2110.0,2100.0,2110.0,395900
2026-04-29 15:45:00,2110.0,2110.0,2100.0,2110.0,543600
2026-04-29 16:00:00,2090.0,2090.0,2090.0,2090.0,1110700
2026-04-29 16:05:00,2090.0,2090.0,2090.0,2090.0,506100
2026-04-29 16:10:00,2090.0,2090.0,2090.0,2090.0,5400
2026-04-30 09:00:00,2100.0,2110.0,2070.0,2090.0,0
2026-04-30 09:05:00,2090.0,2100.0,2080.0,2090.0,265200
2026-04-30 09:10:00,2090.0,2090.0,2080.0,2090.0,125900
2026-04-30 09:15:00,2090.0,2090.0,2070.0,2090.0,356800
2026-04-30 09:20:00,2090.0,2090.0,2070.0,2080.0,191100
2026-04-30 09:25:00,2080.0,2080.0,2070.0,2080.0,110600
2026-04-30 09:30:00,2080.0,2080.0,2050.0,2060.0,765500
2026-04-30 09:35:00,2060.0,2070.0,2060.0,2060.0,47100
2026-04-30 09:40:00,2060.0,2060.0,2050.0,2060.0,103000
2026-04-30 09:45:00,2060.0,2060.0,2030.0,2050.0,726500
2026-04-30 09:50:00,2050.0,2060.0,2040.0,2060.0,206200
2026-04-30 09:55:00,2050.0,2060.0,2050.0,2060.0,186100
2026-04-30 10:00:00,2050.0,2060.0,2040.0,2050.0,50900
2026-04-30 10:05:00,2050.0,2060.0,2040.0,2040.0,181600
2026-04-30 10:10:00,2050.0,2050.0,2040.0,2050.0,6600
2026-04-30 10:15:00,2040.0,2050.0,2030.0,2040.0,954500
2026-04-30 10:20:00,2040.0,2040.0,2040.0,2040.0,67900
2026-04-30 10:25:00,2050.0,2050.0,2040.0,2050.0,66200
2026-04-30 10:30:00,2050.0,2050.0,2030.0,2040.0,154300
2026-04-30 10:35:00,2030.0,2040.0,2030.0,2040.0,91300
2026-04-30 10:40:00,2040.0,2040.0,2030.0,2030.0,8300
2026-04-30 10:45:00,2030.0,2040.0,2030.0,2040.0,51800
2026-04-30 10:50:00,2040.0,2040.0,2030.0,2040.0,87800
2026-04-30 10:55:00,2040.0,2040.0,2030.0,2040.0,30700
2026-04-30 11:00:00,2030.0,2040.0,2030.0,2040.0,125100
2026-04-30 11:05:00,2040.0,2040.0,2020.0,2040.0,590100
2026-04-30 11:10:00,2030.0,2040.0,2020.0,2030.0,403800
2026-04-30 11:15:00,2020.0,2030.0,2020.0,2020.0,88500
2026-04-30 11:20:00,2030.0,2030.0,2020.0,2030.0,166100
2026-04-30 11:25:00,2030.0,2040.0,2030.0,2040.0,40000
2026-04-30 11:30:00,2040.0,2040.0,2030.0,2030.0,0
2026-04-30 11:35:00,2040.0,2060.0,2040.0,2040.0,273200
2026-04-30 11:40:00,2030.0,2050.0,2030.0,2040.0,26200
2026-04-30 11:45:00,2040.0,2050.0,2040.0,2040.0,61400
2026-04-30 11:50:00,2050.0,2050.0,2040.0,2040.0,133300
2026-04-30 11:55:00,2040.0,2050.0,2040.0,2050.0,98900
2026-04-30 13:30:00,2050.0,2050.0,2030.0,2040.0,111000
2026-04-30 13:35:00,2040.0,2040.0,2030.0,2030.0,32300
2026-04-30 13:40:00,2030.0,2040.0,2020.0,2030.0,338200
2026-04-30 13:45:00,2030.0,2030.0,2020.0,2020.0,188600
2026-04-30 13:50:00,2020.0,2030.0,2020.0,2030.0,219500
2026-04-30 13:55:00,2030.0,2040.0,2020.0,2020.0,207300
2026-04-30 14:00:00,2030.0,2040.0,2020.0,2030.0,125000
2026-04-30 14:05:00,2030.0,2030.0,2020.0,2020.0,8300
2026-04-30 14:10:00,2020.0,2030.0,2020.0,2020.0,34300
2026-04-30 14:15:00,2030.0,2030.0,2020.0,2030.0,114500
2026-04-30 14:20:00,2030.0,2030.0,2020.0,2020.0,41900
2026-04-30 14:25:00,2020.0,2040.0,2020.0,2040.0,415700
2026-04-30 14:30:00,2030.0,2040.0,2020.0,2030.0,258300
2026-04-30 14:35:00,2030.0,2040.0,2030.0,2030.0,102700
2026-04-30 14:40:00,2030.0,2040.0,2030.0,2040.0,14800
2026-04-30 14:45:00,2040.0,2040.0,2030.0,2040.0,35300
2026-04-30 14:50:00,2040.0,2040.0,2030.0,2040.0,37100
2026-04-30 14:55:00,2040.0,2040.0,2030.0,2040.0,171300
2026-04-30 15:00:00,2040.0,2040.0,2010.0,2010.0,724000
2026-04-30 15:05:00,2010.0,2030.0,2010.0,2030.0,194800
2026-04-30 15:10:00,2030.0,2030.0,2010.0,2020.0,93700
2026-04-30 15:15:00,2020.0,2030.0,2010.0,2030.0,198500
2026-04-30 15:20:00,2020.0,2030.0,2020.0,2030.0,231000
2026-04-30 15:25:00,2030.0,2030.0,2010.0,2020.0,718000
2026-04-30 15:30:00,2020.0,2020.0,2010.0,2020.0,216600
2026-04-30 15:35:00,2010.0,2020.0,2010.0,2020.0,157900
2026-04-30 15:40:00,2010.0,2020.0,2010.0,2010.0,539300
2026-04-30 15:45:00,2020.0,2020.0,2000.0,2010.0,1379200
2026-04-30 16:00:00,2000.0,2000.0,2000.0,2000.0,1375700
2026-04-30 16:05:00,2000.0,2000.0,2000.0,2000.0,2006800
2026-04-30 16:10:00,2000.0,2000.0,2000.0,2000.0,167400
2026-05-04 09:00:00,2050.0,2060.0,2020.0,2050.0,0
2026-05-04 09:05:00,2060.0,2060.0,2050.0,2050.0,307400
2026-05-04 09:10:00,2050.0,2050.0,2030.0,2030.0,208400
2026-05-04 09:15:00,2030.0,2040.0,2030.0,2030.0,19400
2026-05-04 09:20:00,2030.0,2040.0,2030.0,2040.0,27600
2026-05-04 09:25:00,2040.0,2040.0,2030.0,2030.0,65400
2026-05-04 09:30:00,2030.0,2030.0,2020.0,2030.0,186700
2026-05-04 09:35:00,2020.0,2030.0,2020.0,2020.0,15400
2026-05-04 09:40:00,2020.0,2020.0,2010.0,2010.0,348000
2026-05-04 09:45:00,2020.0,2030.0,2010.0,2020.0,281800
2026-05-04 09:50:00,2020.0,2020.0,2010.0,2020.0,27800
2026-05-04 09:55:00,2020.0,2030.0,2020.0,2030.0,271400
2026-05-04 10:00:00,2030.0,2030.0,2020.0,2030.0,174800
2026-05-04 10:05:00,2040.0,2050.0,2030.0,2040.0,199400
2026-05-04 10:10:00,2040.0,2050.0,2040.0,2040.0,115900
2026-05-04 10:15:00,2040.0,2040.0,2030.0,2040.0,36900
2026-05-04 10:20:00,2050.0,2050.0,2040.0,2050.0,8100
2026-05-04 10:25:00,2050.0,2050.0,2050.0,2050.0,62200
2026-05-04 10:30:00,2050.0,2050.0,2050.0,2050.0,115400
2026-05-04 10:35:00,2060.0,2070.0,2050.0,2070.0,266200
2026-05-04 10:40:00,2070.0,2070.0,2060.0,2060.0,77700
2026-05-04 10:45:00,2070.0,2070.0,2050.0,2050.0,207200
2026-05-04 10:50:00,2050.0,2060.0,2040.0,2040.0,239800
2026-05-04 10:55:00,2040.0,2040.0,2040.0,2040.0,283300
2026-05-04 11:00:00,2050.0,2050.0,2030.0,2050.0,71400
2026-05-04 11:05:00,2040.0,2050.0,2040.0,2040.0,15000
2026-05-04 11:10:00,2050.0,2050.0,2040.0,2050.0,32600
2026-05-04 11:15:00,2050.0,2050.0,2040.0,2050.0,13300
2026-05-04 11:20:00,2050.0,2050.0,2040.0,2050.0,9600
2026-05-04 11:25:00,2050.0,2050.0,2040.0,2050.0,5700
2026-05-04 11:30:00,2040.0,2050.0,2040.0,2050.0,53900
2026-05-04 11:35:00,2040.0,2050.0,2040.0,2040.0,229400
2026-05-04 11:40:00,2030.0,2040.0,2030.0,2040.0,103500
2026-05-04 11:45:00,2030.0,2040.0,2030.0,2040.0,47800
2026-05-04 11:50:00,2040.0,2050.0,2030.0,2050.0,93300
2026-05-04 11:55:00,2050.0,2050.0,2040.0,2050.0,9300
2026-05-04 13:30:00,2050.0,2050.0,2040.0,2040.0,139800
2026-05-04 13:35:00,2040.0,2040.0,2030.0,2030.0,66600
2026-05-04 13:40:00,2030.0,2040.0,2030.0,2030.0,131400
2026-05-04 13:45:00,2030.0,2030.0,2030.0,2030.0,70700
2026-05-04 13:50:00,2030.0,2030.0,2020.0,2030.0,3000
2026-05-04 13:55:00,2030.0,2040.0,2030.0,2030.0,53300
2026-05-04 14:00:00,2040.0,2040.0,2030.0,2030.0,52500
2026-05-04 14:05:00,2030.0,2040.0,2030.0,2040.0,50000
2026-05-04 14:10:00,2040.0,2040.0,2030.0,2040.0,192300
2026-05-04 14:15:00,2050.0,2050.0,2040.0,2040.0,449300
2026-05-04 14:20:00,2050.0,2050.0,2050.0,2050.0,13700
2026-05-04 14:25:00,2050.0,2050.0,2040.0,2050.0,62400
2026-05-04 14:30:00,2050.0,2060.0,2040.0,2060.0,180700
2026-05-04 14:35:00,2060.0,2060.0,2040.0,2040.0,216300
2026-05-04 14:40:00,2040.0,2050.0,2040.0,2050.0,181300
2026-05-04 14:45:00,2050.0,2050.0,2030.0,2040.0,78000
2026-05-04 14:50:00,2040.0,2040.0,2040.0,2040.0,11100
2026-05-04 14:55:00,2040.0,2040.0,2030.0,2040.0,55200
2026-05-04 15:00:00,2040.0,2040.0,2030.0,2040.0,138800
2026-05-04 15:05:00,2040.0,2050.0,2030.0,2040.0,165800
2026-05-04 15:10:00,2040.0,2040.0,2030.0,2040.0,61200
2026-05-04 15:15:00,2030.0,2040.0,2030.0,2040.0,123000
2026-05-04 15:20:00,2040.0,2040.0,2030.0,2030.0,157400
2026-05-04 15:25:00,2030.0,2030.0,2020.0,2030.0,15300
2026-05-04 15:30:00,2030.0,2030.0,2020.0,2030.0,800400
2026-05-04 15:35:00,2020.0,2030.0,2020.0,2030.0,149700
2026-05-04 15:40:00,2030.0,2030.0,2020.0,2020.0,64200
2026-05-04 15:45:00,2020.0,2030.0,2020.0,2030.0,363300
2026-05-04 16:00:00,2020.0,2020.0,2020.0,2020.0,515500
2026-05-04 16:05:00,2020.0,2020.0,2020.0,2020.0,41300
2026-05-04 16:10:00,2020.0,2020.0,2020.0,2020.0,430800
2026-05-05 09:00:00,2050.0,2060.0,2040.0,2050.0,111100
2026-05-05 09:05:00,2040.0,2080.0,2040.0,2070.0,413600
2026-05-05 09:10:00,2070.0,2080.0,2070.0,2070.0,89600
2026-05-05 09:15:00,2070.0,2100.0,2060.0,2100.0,466800
2026-05-05 09:20:00,2100.0,2110.0,2090.0,2100.0,426900
2026-05-05 09:25:00,2110.0,2130.0,2110.0,2130.0,476500
2026-05-05 09:30:00,2120.0,2130.0,2100.0,2110.0,441200
2026-05-05 09:35:00,2110.0,2120.0,2110.0,2120.0,270800
2026-05-05 09:40:00,2130.0,2130.0,2100.0,2100.0,484400
2026-05-05 09:45:00,2110.0,2110.0,2090.0,2110.0,402600
2026-05-05 09:50:00,2110.0,2110.0,2090.0,2090.0,387500
2026-05-05 09:55:00,2100.0,2110.0,2090.0,2100.0,197100
2026-05-05 10:00:00,2110.0,2110.0,2090.0,2100.0,116000
2026-05-05 10:05:00,2100.0,2100.0,2090.0,2090.0,104000
2026-05-05 10:10:00,2090.0,2100.0,2090.0,2100.0,38000
2026-05-05 10:15:00,2090.0,2100.0,2090.0,2100.0,900
2026-05-05 10:20:00,2090.0,2100.0,2090.0,2100.0,109000
2026-05-05 10:25:00,2080.0,2100.0,2080.0,2100.0,41300
2026-05-05 10:30:00,2100.0,2100.0,2090.0,2100.0,35700
2026-05-05 10:35:00,2100.0,2100.0,2090.0,2090.0,2900
2026-05-05 10:40:00,2100.0,2100.0,2090.0,2100.0,7200
2026-05-05 10:45:00,2090.0,2100.0,2090.0,2100.0,300
2026-05-05 10:50:00,2100.0,2100.0,2090.0,2100.0,105300
2026-05-05 10:55:00,2100.0,2100.0,2090.0,2100.0,7700
2026-05-05 11:00:00,2090.0,2100.0,2090.0,2100.0,14700
2026-05-05 11:05:00,2090.0,2100.0,2090.0,2100.0,132800
2026-05-05 11:10:00,2100.0,2100.0,2090.0,2090.0,8800
2026-05-05 11:15:00,2100.0,2100.0,2090.0,2090.0,236500
2026-05-05 11:20:00,2100.0,2100.0,2090.0,2090.0,17500
2026-05-05 11:25:00,2090.0,2090.0,2090.0,2090.0,8600
2026-05-05 11:30:00,2090.0,2090.0,2080.0,2090.0,75600
2026-05-05 11:35:00,2090.0,2090.0,2080.0,2090.0,7700
2026-05-05 11:40:00,2090.0,2090.0,2080.0,2090.0,123400
2026-05-05 11:45:00,2090.0,2090.0,2080.0,2080.0,55600
2026-05-05 11:50:00,2090.0,2090.0,2080.0,2090.0,87500
2026-05-05 11:55:00,2100.0,2100.0,2090.0,2100.0,50300
