Datetime,Open,High,Low,Close,Volume
2026-02-03 09:00:00,2270.0,2350.0,2270.0,2350.0,0
2026-02-03 09:05:00,2350.0,2350.0,2230.0,2230.0,4010700
2026-02-03 09:10:00,2230.0,2280.0,2170.0,2270.0,3499800
2026-02-03 09:15:00,2260.0,2350.0,2260.0,2300.0,7910500
2026-02-03 09:20:00,2300.0,2360.0,2300.0,2350.0,1810400
2026-02-03 09:25:00,2350.0,2380.0,2320.0,2380.0,2331100
2026-02-03 09:30:00,2380.0,2380.0,2340.0,2360.0,2328200
2026-02-03 09:35:00,2350.0,2370.0,2340.0,2360.0,4142600
2026-02-03 09:40:00,2360.0,2360.0,2330.0,2350.0,1198200
2026-02-03 09:45:00,2350.0,2350.0,2320.0,2340.0,1454100
2026-02-03 09:50:00,2340.0,2360.0,2340.0,2360.0,691900
2026-02-03 09:55:00,2350.0,2360.0,2330.0,2330.0,1136400
2026-02-03 10:00:00,2340.0,2360.0,2330.0,2350.0,1281100
2026-02-03 10:05:00,2350.0,2370.0,2340.0,2340.0,579600
2026-02-03 10:10:00,2340.0,2360.0,2310.0,2320.0,1290900
2026-02-03 10:15:00,2320.0,2340.0,2320.0,2340.0,234800
2026-02-03 10:20:00,2340.0,2340.0,2330.0,2340.0,116800
2026-02-03 10:25:00,2340.0,2350.0,2340.0,2340.0,373900
2026-02-03 10:30:00,2350.0,2360.0,2340.0,2360.0,357900
2026-02-03 10:35:00,2350.0,2360.0,2350.0,2360.0,400200
2026-02-03 10:40:00,2350.0,2360.0,2350.0,2350.0,170700
2026-02-03 10:45:00,2350.0,2350.0,2330.0,2330.0,500300
2026-02-03 10:50:00,2340.0,2350.0,2330.0,2340.0,92800
2026-02-03 10:55:00,2340.0,2340.0,2330.0,2340.0,140200
2026-02-03 11:00:00,2340.0,2350.0,2330.0,2330.0,155700
2026-02-03 11:05:00,2340.0,2370.0,2340.0,2370.0,1362400
2026-02-03 11:10:00,2370.0,2370.0,2350.0,2360.0,250500
2026-02-03 11:15:00,2360.0,2360.0,2350.0,2360.0,243300
2026-02-03 11:20:00,2360.0,2370.0,2360.0,2370.0,298400
2026-02-03 11:25:00,2370.0,2370.0,2360.0,2370.0,501500
2026-02-03 11:30:00,2370.0,2370.0,2360.0,2360.0,981600
2026-02-03 11:35:00,2360.0,2370.0,2350.0,2370.0,223300
2026-02-03 11:40:00,2370.0,2370.0,2360.0,2370.0,115600
2026-02-03 11:45:00,2370.0,2370.0,2360.0,2360.0,67800
2026-02-03 11:50:00,2360.0,2370.0,2360.0,2360.0,234100
2026-02-03 11:55:00,2360.0,2360.0,2350.0,2360.0,97700
2026-02-03 13:30:00,2360.0,2370.0,2350.0,2360.0,852500
2026-02-03 13:35:00,2370.0,2400.0,2360.0,2400.0,2639700
2026-02-03 13:40:00,2400.0,2430.0,2390.0,2400.0,2542100
2026-02-03 13:45:00,2400.0,2420.0,2390.0,2400.0,886800
2026-02-03 13:50:00,2400.0,2400.0,2380.0,2390.0,751500
2026-02-03 13:55:00,2390.0,2410.0,2390.0,2400.0,531100
2026-02-03 14:00:00,2390.0,2400.0,2380.0,2380.0,411700
2026-02-03 14:05:00,2390.0,2390.0,2370.0,2390.0,662700
2026-02-03 14:10:00,2390.0,2400.0,2370.0,2370.0,551500
2026-02-03 14:15:00,2370.0,2380.0,2370.0,2380.0,247800
2026-02-03 14:20:00,2370.0,2380.0,2360.0,2370.0,481500
2026-02-03 14:25:00,2370.0,2370.0,2350.0,2360.0,771500
2026-02-03 14:30:00,2360.0,2360.0,2320.0,2330.0,1370500
2026-02-03 14:35:00,2330.0,2340.0,2310.0,2330.0,1224700
2026-02-03 14:40:00,2330.0,2340.0,2330.0,2330.0,144300
2026-02-03 14:45:00,2340.0,2350.0,2340.0,2350.0,634400
2026-02-03 14:50:00,2350.0,2360.0,2340.0,2360.0,86900
2026-02-03 14:55:00,2350.0,2350.0,2340.0,2350.0,154900
2026-02-03 15:00:00,2350.0,2360.0,2340.0,2360.0,119700
2026-02-03 15:05:00,2350.0,2370.0,2350.0,2370.0,496300
2026-02-03 15:10:00,2360.0,2370.0,2360.0,2360.0,185100
2026-02-03 15:15:00,2360.0,2370.0,2360.0,2370.0,165900
2026-02-03 15:20:00,2370.0,2370.0,2360.0,2370.0,228200
2026-02-03 15:25:00,2360.0,2370.0,2350.0,2360.0,1437700
2026-02-03 15:30:00,2360.0,2370.0,2350.0,2360.0,284100
2026-02-03 15:35:00,2360.0,2370.0,2340.0,2340.0,722500
2026-02-03 15:40:00,2350.0,2360.0,2340.0,2360.0,1073800
2026-02-03 15:45:00,2350.0,2360.0,2340.0,2360.0,793800
2026-02-03 16:00:00,2390.0,2390.0,2390.0,2390.0,2547500
2026-02-03 16:05:00,2390.0,2390.0,2390.0,2390.0,24000
2026-02-03 16:10:00,2390.0,2390.0,2390.0,2390.0,87200
2026-02-04 09:00:00,2400.0,2440.0,2360.0,2400.0,0
2026-02-04 09:05:00,2400.0,2450.0,2390.0,2450.0,1644900
2026-02-04 09:10:00,2440.0,2450.0,2420.0,2420.0,2572700
2026-02-04 09:15:00,2430.0,2430.0,2420.0,2430.0,352800
2026-02-04 09:20:00,2420.0,2430.0,2410.0,2420.0,1177100
2026-02-04 09:25:00,2420.0,2420.0,2360.0,2380.0,3021300
2026-02-04 09:30:00,2380.0,2400.0,2370.0,2380.0,343200
2026-02-04 09:35:00,2390.0,2390.0,2340.0,2350.0,2303800
2026-02-04 09:40:00,2350.0,2380.0,2340.0,2370.0,698200
2026-02-04 09:45:00,2370.0,2370.0,2360.0,2370.0,119400
2026-02-04 09:50:00,2370.0,2370.0,2350.0,2360.0,1298900
2026-02-04 09:55:00,2360.0,2360.0,2350.0,2360.0,430000
2026-02-04 10:00:00,2360.0,2370.0,2350.0,2350.0,268100
2026-02-04 10:05:00,2350.0,2370.0,2350.0,2370.0,172400
2026-02-04 10:10:00,2370.0,2390.0,2360.0,2390.0,275900
2026-02-04 10:15:00,2390.0,2390.0,2370.0,2380.0,360300
2026-02-04 10:20:00,2380.0,2380.0,2360.0,2360.0,432400
2026-02-04 10:25:00,2360.0,2360.0,2350.0,2350.0,353400
2026-02-04 10:30:00,2360.0,2360.0,2350.0,2350.0,511000
2026-02-04 10:35:00,2360.0,2360.0,2340.0,2340.0,810900
2026-02-04 10:40:00,2350.0,2360.0,2340.0,2350.0,471000
2026-02-04 10:45:00,2360.0,2360.0,2350.0,2350.0,203800
2026-02-04 10:50:00,2350.0,2360.0,2340.0,2350.0,504700
2026-02-04 10:55:00,2340.0,2350.0,2320.0,2320.0,1441800
2026-02-04 11:00:00,2330.0,2330.0,2310.0,2320.0,700600
2026-02-04 11:05:00,2310.0,2340.0,2310.0,2340.0,615200
2026-02-04 11:10:00,2330.0,2350.0,2330.0,2330.0,176900
2026-02-04 11:15:00,2340.0,2340.0,2330.0,2330.0,194900
2026-02-04 11:20:00,2330.0,2330.0,2320.0,2320.0,123000
2026-02-04 11:25:00,2320.0,2340.0,2320.0,2340.0,96700
2026-02-04 11:30:00,2330.0,2340.0,2320.0,2330.0,114900
2026-02-04 11:35:00,2330.0,2330.0,2320.0,2320.0,114200
2026-02-04 11:40:00,2320.0,2330.0,2320.0,2320.0,70500
2026-02-04 11:45:00,2330.0,2340.0,2320.0,2330.0,249900
2026-02-04 11:50:00,2340.0,2340.0,2330.0,2330.0,60700
2026-02-04 11:55:00,2330.0,2340.0,2330.0,2330.0,563500
2026-02-04 13:30:00,2330.0,2350.0,2330.0,2330.0,557800
2026-02-04 13:35:00,2330.0,2340.0,2330.0,2340.0,136500
2026-02-04 13:40:00,2340.0,2350.0,2330.0,2330.0,140300
2026-02-04 13:45:00,2330.0,2340.0,2330.0,2330.0,47500
2026-02-04 13:50:00,2340.0,2350.0,2330.0,2330.0,622600
2026-02-04 13:55:00,2330.0,2350.0,2330.0,2340.0,302500
2026-02-04 14:00:00,2330.0,2360.0,2330.0,2360.0,498900
2026-02-04 14:05:00,2360.0,2370.0,2350.0,2360.0,152000
2026-02-04 14:10:00,2360.0,2370.0,2350.0,2360.0,83300
2026-02-04 14:15:00,2360.0,2370.0,2360.0,2360.0,256900
2026-02-04 14:20:00,2360.0,2360.0,2350.0,2360.0,222000
2026-02-04 14:25:00,2370.0,2370.0,2350.0,2360.0,258100
2026-02-04 14:30:00,2350.0,2360.0,2340.0,2350.0,656500
2026-02-04 14:35:00,2350.0,2350.0,2340.0,2340.0,116000
2026-02-04 14:40:00,2340.0,2350.0,2340.0,2350.0,198100
2026-02-04 14:45:00,2350.0,2350.0,2340.0,2350.0,392500
2026-02-04 14:50:00,2340.0,2350.0,2330.0,2340.0,750000
2026-02-04 14:55:00,2340.0,2340.0,2330.0,2340.0,188900
2026-02-04 15:00:00,2340.0,2340.0,2330.0,2340.0,62700
2026-02-04 15:05:00,2340.0,2340.0,2320.0,2330.0,1799600
2026-02-04 15:10:00,2340.0,2340.0,2340.0,2340.0,616600
2026-02-04 15:15:00,2340.0,2350.0,2340.0,2350.0,48500
2026-02-04 15:20:00,2340.0,2350.0,2340.0,2340.0,46800
2026-02-04 15:25:00,2340.0,2350.0,2340.0,2350.0,28500
2026-02-04 15:30:00,2340.0,2360.0,2340.0,2360.0,387000
2026-02-04 15:35:00,2360.0,2360.0,2350.0,2360.0,80700
2026-02-04 15:40:00,2360.0,2360.0,2350.0,2350.0,177200
2026-02-04 15:45:00,2350.0,2360.0,2340.0,2340.0,538100
2026-02-04 16:00:00,2340.0,2340.0,2340.0,2340.0,447900
2026-02-04 16:05:00,2340.0,2340.0,2340.0,2340.0,46400
2026-02-04 16:10:00,2340.0,2340.0,2340.0,2340.0,540300
2026-02-05 09:00:00,2350.0,2350.0,2310.0,2350.0,0
2026-02-05 09:05:00,2340.0,2360.0,2330.0,2350.0,1031400
2026-02-05 09:10:00,2350.0,2380.0,2340.0,2370.0,691200
2026-02-05 09:15:00,2370.0,2370.0,2350.0,2360.0,295000
2026-02-05 09:20:00,2360.0,2380.0,2350.0,2380.0,320600
2026-02-05 09:25:00,2380.0,2380.0,2370.0,2370.0,834700
2026-02-05 09:30:00,2370.0,2380.0,2360.0,2360.0,833200
2026-02-05 09:35:00,2370.0,2380.0,2370.0,2370.0,725500
2026-02-05 09:40:00,2370.0,2370.0,2360.0,2360.0,764100
2026-02-05 09:45:00,2360.0,2360.0,2340.0,2340.0,409500
2026-02-05 09:50:00,2340.0,2360.0,2340.0,2360.0,373300
2026-02-05 09:55:00,2360.0,2360.0,2340.0,2340.0,349300
2026-02-05 10:00:00,2340.0,2350.0,2330.0,2340.0,1259800
2026-02-05 10:05:00,2330.0,2340.0,2330.0,2340.0,219500
2026-02-05 10:10:00,2350.0,2350.0,2340.0,2340.0,152300
2026-02-05 10:15:00,2340.0,2360.0,2340.0,2340.0,579300
2026-02-05 10:20:00,2350.0,2350.0,2340.0,2340.0,147400
2026-02-05 10:25:00,2350.0,2360.0,2350.0,2360.0,203300
2026-02-05 10:30:00,2350.0,2360.0,2340.0,2350.0,359800
2026-02-05 10:35:00,2350.0,2370.0,2350.0,2360.0,408800
2026-02-05 10:40:00,2370.0,2370.0,2360.0,2360.0,200400
2026-02-05 10:45:00,2370.0,2370.0,2360.0,2360.0,233500
2026-02-05 10:50:00,2350.0,2360.0,2350.0,2360.0,249200
2026-02-05 10:55:00,2360.0,2380.0,2360.0,2370.0,605600
2026-02-05 11:00:00,2370.0,2380.0,2360.0,2360.0,182900
2026-02-05 11:05:00,2370.0,2370.0,2360.0,2360.0,159600
2026-02-05 11:10:00,2360.0,2370.0,2360.0,2370.0,128600
2026-02-05 11:15:00,2360.0,2370.0,2360.0,2360.0,142600
2026-02-05 11:20:00,2360.0,2370.0,2360.0,2370.0,114300
2026-02-05 11:25:00,2360.0,2370.0,2360.0,2360.0,16200
2026-02-05 11:30:00,2370.0,2370.0,2360.0,2370.0,59400
2026-02-05 11:35:00,2360.0,2370.0,2360.0,2360.0,155800
2026-02-05 11:40:00,2360.0,2360.0,2350.0,2350.0,104900
2026-02-05 11:45:00,2360.0,2360.0,2350.0,2350.0,319300
2026-02-05 11:50:00,2360.0,2360.0,2350.0,2360.0,23000
2026-02-05 11:55:00,2360.0,2360.0,2350.0,2350.0,48200
2026-02-05 13:30:00,2350.0,2360.0,2340.0,2340.0,494100
2026-02-05 13:35:00,2340.0,2350.0,2340.0,2340.0,48300
2026-02-05 13:40:00,2340.0,2360.0,2340.0,2350.0,60900
2026-02-05 13:45:00,2350.0,2360.0,2350.0,2350.0,45000
2026-02-05 13:50:00,2350.0,2360.0,2350.0,2360.0,12300
2026-02-05 13:55:00,2350.0,2360.0,2350.0,2350.0,71900
2026-02-05 14:00:00,2350.0,2360.0,2350.0,2360.0,75600
2026-02-05 14:05:00,2350.0,2350.0,2350.0,2350.0,314700
2026-02-05 14:10:00,2350.0,2350.0,2340.0,2340.0,41300
2026-02-05 14:15:00,2350.0,2350.0,2340.0,2350.0,13700
2026-02-05 14:20:00,2350.0,2360.0,2340.0,2360.0,362800
2026-02-05 14:25:00,2360.0,2360.0,2350.0,2350.0,46800
2026-02-05 14:30:00,2360.0,2360.0,2350.0,2350.0,183800
2026-02-05 14:35:00,2350.0,2370.0,2350.0,2370.0,365100
2026-02-05 14:40:00,2370.0,2370.0,2360.0,2360.0,41300
2026-02-05 14:45:00,2360.0,2370.0,2350.0,2360.0,238600
2026-02-05 14:50:00,2350.0,2360.0,2350.0,2360.0,341200
2026-02-05 14:55:00,2360.0,2360.0,2340.0,2340.0,135700
2026-02-05 15:00:00,2350.0,2350.0,2340.0,2350.0,55600
2026-02-05 15:05:00,2350.0,2350.0,2350.0,2350.0,48800
2026-02-05 15:10:00,2350.0,2350.0,2340.0,2340.0,23000
2026-02-05 15:15:00,2340.0,2350.0,2340.0,2350.0,328200
2026-02-05 15:20:00,2340.0,2350.0,2340.0,2340.0,649000
2026-02-05 15:25:00,2340.0,2350.0,2330.0,2340.0,210100
2026-02-05 15:30:00,2340.0,2350.0,2340.0,2340.0,205400
2026-02-05 15:35:00,2350.0,2350.0,2330.0,2340.0,394600
2026-02-05 15:40:00,2330.0,2350.0,2330.0,2350.0,121400
2026-02-05 15:45:00,2350.0,2350.0,2330.0,2350.0,567700
2026-02-05 16:00:00,2330.0,2330.0,2330.0,2330.0,506000
2026-02-05 16:05:00,2330.0,2330.0,2330.0,2330.0,30600
2026-02-05 16:10:00,2330.0,2330.0,2330.0,2330.0,200
2026-02-06 09:00:00,2260.0,2260.0,2190.0,2240.0,0
2026-02-06 09:05:00,2240.0,2260.0,2230.0,2230.0,1745500
2026-02-06 09:10:00,2240.0,2250.0,2220.0,2240.0,1806800
2026-02-06 09:15:00,2240.0,2270.0,2240.0,2250.0,1252200
2026-02-06 09:20:00,2250.0,2270.0,2250.0,2270.0,683900
2026-02-06 09:25:00,2270.0,2270.0,2250.0,2250.0,257000
2026-02-06 09:30:00,2260.0,2260.0,2240.0,2250.0,944500
2026-02-06 09:35:00,2250.0,2250.0,2220.0,2240.0,824200
2026-02-06 09:40:00,2240.0,2240.0,2230.0,2240.0,623400
2026-02-06 09:45:00,2240.0,2250.0,2230.0,2240.0,148900
2026-02-06 09:50:00,2240.0,2240.0,2230.0,2230.0,388500
2026-02-06 09:55:00,2230.0,2230.0,2220.0,2220.0,288800
2026-02-06 10:00:00,2220.0,2230.0,2200.0,2220.0,3502000
2026-02-06 10:05:00,2220.0,2220.0,2210.0,2210.0,710500
2026-02-06 10:10:00,2210.0,2210.0,2200.0,2210.0,847400
2026-02-06 10:15:00,2200.0,2210.0,2200.0,2210.0,274600
2026-02-06 10:20:00,2210.0,2210.0,2200.0,2210.0,215300
2026-02-06 10:25:00,2210.0,2220.0,2210.0,2220.0,134300
2026-02-06 10:30:00,2220.0,2220.0,2210.0,2220.0,436200
2026-02-06 10:35:00,2210.0,2220.0,2210.0,2210.0,296800
2026-02-06 10:40:00,2220.0,2220.0,2180.0,2190.0,2079700
2026-02-06 10:45:00,2200.0,2200.0,2180.0,2180.0,346500
2026-02-06 10:50:00,2190.0,2190.0,2180.0,2180.0,297100
2026-02-06 10:55:00,2190.0,2190.0,2180.0,2180.0,525900
2026-02-06 11:00:00,2180.0,2190.0,2180.0,2180.0,277500
2026-02-06 11:05:00,2180.0,2190.0,2170.0,2180.0,1425800
2026-02-06 11:10:00,2180.0,2190.0,2180.0,2180.0,183700
2026-02-06 11:15:00,2190.0,2190.0,2180.0,2180.0,264800
2026-02-06 11:20:00,2190.0,2190.0,2160.0,2160.0,1810800
2026-02-06 11:25:00,2160.0,2170.0,2150.0,2150.0,1364300
2026-02-06 14:00:00,2150.0,2190.0,2150.0,2190.0,1283600
2026-02-06 14:05:00,2190.0,2210.0,2180.0,2200.0,657800
2026-02-06 14:10:00,2200.0,2210.0,2190.0,2210.0,485200
2026-02-06 14:15:00,2210.0,2210.0,2190.0,2200.0,205800
2026-02-06 14:20:00,2200.0,2200.0,2190.0,2190.0,235400
2026-02-06 14:25:00,2190.0,2200.0,2180.0,2190.0,888300
2026-02-06 14:30:00,2180.0,2200.0,2180.0,2200.0,352100
2026-02-06 14:35:00,2200.0,2200.0,2190.0,2200.0,318700
2026-02-06 14:40:00,2190.0,2210.0,2190.0,2210.0,130300
2026-02-06 14:45:00,2200.0,2200.0,2200.0,2200.0,221100
2026-02-06 14:50:00,2190.0,2190.0,2180.0,2180.0,597200
2026-02-06 14:55:00,2180.0,2190.0,2180.0,2190.0,233400
2026-02-06 15:00:00,2190.0,2190.0,2170.0,2170.0,313500
2026-02-06 15:05:00,2170.0,2180.0,2170.0,2180.0,184500
2026-02-06 15:10:00,2180.0,2180.0,2170.0,2170.0,187400
2026-02-06 15:15:00,2180.0,2180.0,2170.0,2180.0,314700
2026-02-06 15:20:00,2190.0,2190.0,2180.0,2190.0,149100
2026-02-06 15:25:00,2180.0,2190.0,2170.0,2170.0,628900
2026-02-06 15:30:00,2170.0,2190.0,2170.0,2190.0,495600
2026-02-06 15:35:00,2190.0,2210.0,2190.0,2200.0,611600
2026-02-06 15:40:00,2200.0,2210.0,2190.0,2200.0,310000
2026-02-06 15:45:00,2200.0,2210.0,2200.0,2200.0,185900
2026-02-06 16:00:00,2200.0,2200.0,2200.0,2200.0,1122500
2026-02-06 16:05:00,2200.0,2200.0,2200.0,2200.0,26100
2026-02-06 16:10:00,2200.0,2200.0,2200.0,2200.0,102800
2026-02-09 09:00:00,2240.0,2250.0,2200.0,2220.0,0
2026-02-09 09:05:00,2230.0,2230.0,2200.0,2210.0,490400
2026-02-09 09:10:00,2200.0,2210.0,2160.0,2160.0,1579100
2026-02-09 09:15:00,2180.0,2200.0,2180.0,2200.0,313200
2026-02-09 09:20:00,2200.0,2200.0,2170.0,2170.0,189800
2026-02-09 09:25:00,2170.0,2200.0,2170.0,2200.0,426300
2026-02-09 09:30:00,2200.0,2200.0,2180.0,2200.0,364000
2026-02-09 09:35:00,2200.0,2210.0,2200.0,2200.0,143400
2026-02-09 09:40:00,2210.0,2210.0,2190.0,2200.0,347900
2026-02-09 09:45:00,2200.0,2200.0,2190.0,2190.0,238000
2026-02-09 09:50:00,2190.0,2210.0,2190.0,2210.0,494200
2026-02-09 09:55:00,2210.0,2220.0,2200.0,2220.0,245100
2026-02-09 10:00:00,2210.0,2230.0,2210.0,2220.0,165800
2026-02-09 10:05:00,2220.0,2240.0,2220.0,2230.0,218200
2026-02-09 10:10:00,2230.0,2230.0,2210.0,2210.0,242200
2026-02-09 10:15:00,2210.0,2220.0,2210.0,2220.0,132500
2026-02-09 10:20:00,2230.0,2230.0,2210.0,2230.0,78000
2026-02-09 10:25:00,2230.0,2230.0,2220.0,2220.0,46900
2026-02-09 10:30:00,2220.0,2240.0,2220.0,2240.0,373700
2026-02-09 10:35:00,2240.0,2240.0,2230.0,2240.0,410500
2026-02-09 10:40:00,2230.0,2250.0,2230.0,2240.0,917200
2026-02-09 10:45:00,2250.0,2270.0,2240.0,2260.0,1177000
2026-02-09 10:50:00,2260.0,2270.0,2250.0,2270.0,430700
2026-02-09 10:55:00,2270.0,2270.0,2260.0,2260.0,191500
2026-02-09 11:00:00,2270.0,2270.0,2250.0,2260.0,426700
2026-02-09 11:05:00,2260.0,2270.0,2250.0,2250.0,392000
2026-02-09 11:10:00,2260.0,2260.0,2250.0,2260.0,314400
2026-02-09 11:15:00,2250.0,2260.0,2250.0,2250.0,90100
2026-02-09 11:20:00,2250.0,2260.0,2250.0,2250.0,62800
2026-02-09 11:25:00,2250.0,2260.0,2250.0,2250.0,31300
2026-02-09 11:30:00,2260.0,2260.0,2250.0,2260.0,296600
2026-02-09 11:35:00,2250.0,2260.0,2250.0,2250.0,194900
2026-02-09 11:40:00,2250.0,2260.0,2250.0,2260.0,358100
2026-02-09 11:45:00,2270.0,2270.0,2260.0,2260.0,778700
2026-02-09 11:50:00,2260.0,2270.0,2260.0,2260.0,153100
2026-02-09 11:55:00,2260.0,2270.0,2250.0,2250.0,325300
2026-02-09 13:30:00,2250.0,2290.0,2250.0,2280.0,776200
2026-02-09 13:35:00,2280.0,2280.0,2270.0,2270.0,406800
2026-02-09 13:40:00,2270.0,2270.0,2260.0,2270.0,190700
2026-02-09 13:45:00,2260.0,2260.0,2260.0,2260.0,12800
2026-02-09 13:50:00,2260.0,2270.0,2250.0,2250.0,331400
2026-02-09 13:55:00,2250.0,2250.0,2240.0,2240.0,397600
2026-02-09 14:00:00,2240.0,2250.0,2230.0,2230.0,458500
2026-02-09 14:05:00,2230.0,2240.0,2230.0,2230.0,106400
2026-02-09 14:10:00,2230.0,2240.0,2230.0,2240.0,18500
2026-02-09 14:15:00,2230.0,2250.0,2230.0,2240.0,201700
2026-02-09 14:20:00,2240.0,2240.0,2230.0,2230.0,20200
2026-02-09 14:25:00,2230.0,2240.0,2230.0,2230.0,74400
2026-02-09 14:30:00,2230.0,2240.0,2220.0,2220.0,886900
2026-02-09 14:35:00,2220.0,2230.0,2220.0,2230.0,379500
2026-02-09 14:40:00,2230.0,2240.0,2230.0,2230.0,70900
2026-02-09 14:45:00,2240.0,2240.0,2230.0,2230.0,42600
2026-02-09 14:50:00,2230.0,2240.0,2220.0,2230.0,651100
2026-02-09 14:55:00,2230.0,2230.0,2220.0,2220.0,151300
2026-02-09 15:00:00,2230.0,2230.0,2220.0,2220.0,422500
2026-02-09 15:05:00,2230.0,2240.0,2220.0,2240.0,1122800
2026-02-09 15:10:00,2230.0,2250.0,2230.0,2250.0,251600
2026-02-09 15:15:00,2240.0,2260.0,2240.0,2260.0,291600
2026-02-09 15:20:00,2260.0,2260.0,2250.0,2250.0,266700
2026-02-09 15:25:00,2250.0,2260.0,2250.0,2250.0,207800
2026-02-09 15:30:00,2260.0,2260.0,2250.0,2250.0,21900
2026-02-09 15:35:00,2260.0,2260.0,2250.0,2250.0,83900
2026-02-09 15:40:00,2260.0,2260.0,2250.0,2250.0,334900
2026-02-09 15:45:00,2250.0,2270.0,2250.0,2270.0,887200
2026-02-09 16:00:00,2250.0,2250.0,2250.0,2250.0,790900
2026-02-09 16:05:00,2250.0,2250.0,2250.0,2250.0,0
2026-02-09 16:10:00,2250.0,2250.0,2250.0,2250.0,27500
2026-02-10 09:00:00,2270.0,2330.0,2250.0,2300.0,0
2026-02-10 09:05:00,2310.0,2330.0,2300.0,2300.0,1241300
2026-02-10 09:10:00,2300.0,2320.0,2300.0,2300.0,1667700
2026-02-10 09:15:00,2300.0,2310.0,2300.0,2300.0,325300
2026-02-10 09:20:00,2300.0,2340.0,2300.0,2320.0,1071500
2026-02-10 09:25:00,2320.0,2340.0,2320.0,2340.0,318400
2026-02-10 09:30:00,2330.0,2360.0,2330.0,2360.0,1910500
2026-02-10 09:35:00,2360.0,2360.0,2340.0,2350.0,1124100
2026-02-10 09:40:00,2350.0,2360.0,2330.0,2340.0,924200
2026-02-10 09:45:00,2340.0,2340.0,2320.0,2340.0,691500
2026-02-10 09:50:00,2340.0,2340.0,2330.0,2340.0,281900
2026-02-10 09:55:00,2340.0,2350.0,2330.0,2340.0,654600
2026-02-10 10:00:00,2350.0,2360.0,2340.0,2350.0,1235500
2026-02-10 10:05:00,2350.0,2360.0,2350.0,2350.0,878800
2026-02-10 10:10:00,2350.0,2360.0,2340.0,2350.0,311200
2026-02-10 10:15:00,2350.0,2350.0,2340.0,2340.0,119000
2026-02-10 10:20:00,2350.0,2350.0,2340.0,2340.0,125900
2026-02-10 10:25:00,2340.0,2350.0,2340.0,2350.0,37900
2026-02-10 10:30:00,2350.0,2350.0,2330.0,2330.0,289800
2026-02-10 10:35:00,2340.0,2340.0,2330.0,2340.0,112300
2026-02-10 10:40:00,2340.0,2340.0,2330.0,2340.0,115100
2026-02-10 10:45:00,2340.0,2350.0,2330.0,2350.0,342300
2026-02-10 10:50:00,2340.0,2350.0,2340.0,2350.0,83700
2026-02-10 10:55:00,2340.0,2350.0,2340.0,2340.0,232200
2026-02-10 11:00:00,2340.0,2340.0,2330.0,2330.0,256300
2026-02-10 11:05:00,2330.0,2330.0,2320.0,2330.0,64600
2026-02-10 11:10:00,2330.0,2330.0,2300.0,2300.0,1746700
2026-02-10 11:15:00,2300.0,2310.0,2300.0,2310.0,10200
2026-02-10 11:20:00,2310.0,2310.0,2300.0,2310.0,221400
2026-02-10 11:25:00,2310.0,2330.0,2310.0,2330.0,353700
2026-02-10 11:30:00,2330.0,2330.0,2320.0,2320.0,113400
2026-02-10 11:35:00,2330.0,2330.0,2320.0,2320.0,32300
2026-02-10 11:40:00,2330.0,2330.0,2320.0,2330.0,70900
2026-02-10 11:45:00,2330.0,2330.0,2320.0,2320.0,51800
2026-02-10 11:50:00,2320.0,2330.0,2320.0,2330.0,171300
2026-02-10 11:55:00,2320.0,2330.0,2320.0,2320.0,15600
2026-02-10 13:30:00,2330.0,2330.0,2300.0,2310.0,435000
2026-02-10 13:35:00,2310.0,2320.0,2300.0,2310.0,207000
2026-02-10 13:40:00,2300.0,2310.0,2300.0,2300.0,723000
2026-02-10 13:45:00,2290.0,2300.0,2270.0,2270.0,939400
2026-02-10 13:50:00,2280.0,2300.0,2280.0,2300.0,267900
2026-02-10 13:55:00,2300.0,2300.0,2280.0,2280.0,270200
2026-02-10 14:00:00,2290.0,2290.0,2280.0,2280.0,22100
2026-02-10 14:05:00,2280.0,2290.0,2280.0,2290.0,26000
2026-02-10 14:10:00,2290.0,2290.0,2280.0,2290.0,24300
2026-02-10 14:15:00,2290.0,2290.0,2280.0,2290.0,90100
2026-02-10 14:20:00,2280.0,2300.0,2280.0,2290.0,301100
2026-02-10 14:25:00,2290.0,2300.0,2290.0,2300.0,61000
2026-02-10 14:30:00,2290.0,2300.0,2290.0,2290.0,278200
2026-02-10 14:35:00,2300.0,2300.0,2290.0,2300.0,16200
2026-02-10 14:40:00,2300.0,2300.0,2290.0,2300.0,13500
2026-02-10 14:45:00,2300.0,2300.0,2300.0,2300.0,51500
2026-02-10 14:50:00,2300.0,2300.0,2290.0,2290.0,138700
2026-02-10 14:55:00,2300.0,2300.0,2290.0,2290.0,231600
2026-02-10 15:00:00,2300.0,2300.0,2290.0,2300.0,112700
2026-02-10 15:05:00,2290.0,2300.0,2290.0,2290.0,55500
2026-02-10 15:10:00,2290.0,2300.0,2290.0,2290.0,20800
2026-02-10 15:15:00,2290.0,2300.0,2290.0,2300.0,44800
2026-02-10 15:20:00,2290.0,2300.0,2290.0,2300.0,23400
2026-02-10 15:25:00,2290.0,2300.0,2290.0,2290.0,99300
2026-02-10 15:30:00,2300.0,2310.0,2290.0,2300.0,841500
2026-02-10 15:35:00,2300.0,2320.0,2290.0,2320.0,519800
2026-02-10 15:40:00,2320.0,2330.0,2310.0,2320.0,279700
2026-02-10 15:45:00,2320.0,2320.0,2310.0,2320.0,211100
2026-02-10 16:00:00,2310.0,2310.0,2310.0,2310.0,1104800
2026-02-10 16:05:00,2310.0,2310.0,2310.0,2310.0,9900
2026-02-10 16:10:00,2310.0,2310.0,2310.0,2310.0,108500
2026-02-11 09:00:00,2340.0,2380.0,2330.0,2370.0,0
2026-02-11 09:05:00,2370.0,2370.0,2350.0,2370.0,1285000
2026-02-11 09:10:00,2370.0,2380.0,2360.0,2380.0,574700
2026-02-11 09:15:00,2380.0,2380.0,2350.0,2360.0,1073700
2026-02-11 09:20:00,2350.0,2370.0,2350.0,2360.0,1314800
2026-02-11 09:25:00,2350.0,2370.0,2350.0,2370.0,682800
2026-02-11 09:30:00,2370.0,2380.0,2350.0,2350.0,1574300
2026-02-11 09:35:00,2350.0,2360.0,2340.0,2360.0,708000
2026-02-11 09:40:00,2360.0,2370.0,2350.0,2360.0,291500
2026-02-11 09:45:00,2360.0,2410.0,2360.0,2390.0,4930000
2026-02-11 09:50:00,2380.0,2390.0,2370.0,2370.0,468500
2026-02-11 09:55:00,2380.0,2390.0,2370.0,2380.0,458900
2026-02-11 10:00:00,2380.0,2380.0,2370.0,2380.0,319900
2026-02-11 10:05:00,2370.0,2390.0,2370.0,2380.0,847700
2026-02-11 10:10:00,2380.0,2390.0,2370.0,2390.0,195900
2026-02-11 10:15:00,2380.0,2400.0,2380.0,2400.0,510200
2026-02-11 10:20:00,2390.0,2400.0,2380.0,2380.0,678800
2026-02-11 10:25:00,2380.0,2390.0,2370.0,2380.0,733500
2026-02-11 10:30:00,2380.0,2400.0,2380.0,2390.0,284700
2026-02-11 10:35:00,2390.0,2400.0,2380.0,2390.0,1019100
2026-02-11 10:40:00,2390.0,2390.0,2380.0,2380.0,232900
2026-02-11 10:45:00,2380.0,2400.0,2380.0,2390.0,493500
2026-02-11 10:50:00,2390.0,2390.0,2380.0,2380.0,1002100
2026-02-11 10:55:00,2390.0,2390.0,2380.0,2380.0,427700
2026-02-11 11:00:00,2380.0,2400.0,2380.0,2390.0,344000
2026-02-11 11:05:00,2400.0,2400.0,2380.0,2400.0,873900
2026-02-11 11:10:00,2400.0,2400.0,2390.0,2400.0,207700
2026-02-11 11:15:00,2400.0,2400.0,2380.0,2390.0,2845800
2026-02-11 11:20:00,2390.0,2390.0,2380.0,2390.0,37100
2026-02-11 11:25:00,2380.0,2400.0,2380.0,2390.0,479000
2026-02-11 11:30:00,2400.0,2400.0,2390.0,2400.0,913500
2026-02-11 11:35:00,2400.0,2400.0,2390.0,2400.0,1407800
2026-02-11 11:40:00,2400.0,2420.0,2400.0,2420.0,1770800
2026-02-11 11:45:00,2420.0,2430.0,2410.0,2410.0,2032200
2026-02-11 11:50:00,2420.0,2430.0,2410.0,2430.0,1283900
2026-02-11 11:55:00,2430.0,2430.0,2420.0,2420.0,1042000
2026-02-11 13:30:00,2420.0,2460.0,2420.0,2450.0,4459500
2026-02-11 13:35:00,2440.0,2460.0,2440.0,2450.0,1588200
2026-02-11 13:40:00,2450.0,2460.0,2400.0,2410.0,3570400
2026-02-11 13:45:00,2420.0,2420.0,2400.0,2420.0,735900
2026-02-11 13:50:00,2420.0,2420.0,2400.0,2410.0,1600100
2026-02-11 13:55:00,2400.0,2410.0,2390.0,2390.0,1884400
2026-02-11 14:00:00,2390.0,2410.0,2390.0,2400.0,553500
2026-02-11 14:05:00,2400.0,2420.0,2400.0,2420.0,289400
2026-02-11 14:10:00,2410.0,2420.0,2410.0,2410.0,261100
2026-02-11 14:15:00,2420.0,2420.0,2410.0,2420.0,206300
2026-02-11 14:20:00,2420.0,2430.0,2420.0,2430.0,227100
2026-02-11 14:25:00,2430.0,2430.0,2400.0,2400.0,566800
2026-02-11 14:30:00,2410.0,2420.0,2400.0,2420.0,208700
2026-02-11 14:35:00,2420.0,2430.0,2410.0,2410.0,911900
2026-02-11 14:40:00,2420.0,2420.0,2410.0,2410.0,139700
2026-02-11 14:45:00,2410.0,2420.0,2410.0,2410.0,256400
2026-02-11 14:50:00,2410.0,2440.0,2410.0,2440.0,1917600
2026-02-11 14:55:00,2440.0,2440.0,2430.0,2440.0,189700
2026-02-11 15:00:00,2440.0,2440.0,2430.0,2430.0,423100
2026-02-11 15:05:00,2430.0,2430.0,2420.0,2430.0,234500
2026-02-11 15:10:00,2430.0,2440.0,2420.0,2420.0,685100
2026-02-11 15:15:00,2420.0,2430.0,2420.0,2430.0,700800
2026-02-11 15:20:00,2430.0,2440.0,2420.0,2430.0,894500
2026-02-11 15:25:00,2430.0,2440.0,2430.0,2440.0,531700
2026-02-11 15:30:00,2430.0,2460.0,2430.0,2450.0,1245300
2026-02-11 15:35:00,2450.0,2450.0,2440.0,2450.0,739600
2026-02-11 15:40:00,2450.0,2450.0,2430.0,2440.0,1048500
2026-02-11 15:45:00,2430.0,2450.0,2430.0,2440.0,817400
2026-02-11 16:00:00,2440.0,2440.0,2440.0,2440.0,1123700
2026-02-11 16:05:00,2440.0,2440.0,2440.0,2440.0,350800
2026-02-11 16:10:00,2440.0,2440.0,2440.0,2440.0,114000
2026-02-12 09:00:00,2470.0,2490.0,2440.0,2490.0,0
2026-02-12 09:05:00,2490.0,2500.0,2440.0,2450.0,4774200
2026-02-12 09:10:00,2450.0,2490.0,2450.0,2480.0,1257200
2026-02-12 09:15:00,2480.0,2560.0,2480.0,2560.0,6825200
2026-02-12 09:20:00,2560.0,2560.0,2530.0,2530.0,4365100
2026-02-12 09:25:00,2540.0,2540.0,2520.0,2520.0,1709800
2026-02-12 09:30:00,2520.0,2530.0,2500.0,2500.0,1709500
2026-02-12 09:35:00,2500.0,2530.0,2490.0,2530.0,2355300
2026-02-12 09:40:00,2520.0,2540.0,2520.0,2540.0,642700
2026-02-12 09:45:00,2530.0,2540.0,2510.0,2520.0,1109600
2026-02-12 09:50:00,2520.0,2530.0,2500.0,2500.0,946300
2026-02-12 09:55:00,2510.0,2510.0,2500.0,2500.0,1414400
2026-02-12 10:00:00,2500.0,2500.0,2450.0,2470.0,3706800
2026-02-12 10:05:00,2470.0,2500.0,2470.0,2500.0,1025100
2026-02-12 10:10:00,2510.0,2510.0,2500.0,2510.0,665200
2026-02-12 10:15:00,2510.0,2510.0,2490.0,2500.0,521700
2026-02-12 10:20:00,2500.0,2500.0,2490.0,2500.0,288300
2026-02-12 10:25:00,2500.0,2510.0,2490.0,2500.0,604300
2026-02-12 10:30:00,2500.0,2510.0,2490.0,2490.0,579400
2026-02-12 10:35:00,2500.0,2500.0,2480.0,2490.0,459700
2026-02-12 10:40:00,2490.0,2490.0,2470.0,2490.0,534800
2026-02-12 10:45:00,2480.0,2490.0,2460.0,2460.0,721100
2026-02-12 10:50:00,2470.0,2470.0,2440.0,2440.0,3761100
2026-02-12 10:55:00,2450.0,2460.0,2430.0,2430.0,873900
2026-02-12 11:00:00,2430.0,2440.0,2420.0,2430.0,1306700
2026-02-12 11:05:00,2430.0,2450.0,2420.0,2450.0,693900
2026-02-12 11:10:00,2450.0,2460.0,2440.0,2460.0,312300
2026-02-12 11:15:00,2460.0,2470.0,2450.0,2450.0,435100
2026-02-12 11:20:00,2450.0,2470.0,2450.0,2470.0,351400
2026-02-12 11:25:00,2470.0,2480.0,2460.0,2470.0,370400
2026-02-12 11:30:00,2470.0,2470.0,2460.0,2460.0,133800
2026-02-12 11:35:00,2460.0,2480.0,2460.0,2470.0,402000
2026-02-12 11:40:00,2480.0,2480.0,2470.0,2470.0,68100
2026-02-12 11:45:00,2470.0,2470.0,2460.0,2470.0,67800
2026-02-12 11:50:00,2470.0,2470.0,2450.0,2450.0,171700
2026-02-12 11:55:00,2450.0,2470.0,2450.0,2460.0,277900
2026-02-12 13:30:00,2460.0,2480.0,2460.0,2460.0,793500
2026-02-12 13:35:00,2470.0,2480.0,2460.0,2480.0,224700
2026-02-12 13:40:00,2480.0,2480.0,2460.0,2460.0,240800
2026-02-12 13:45:00,2460.0,2470.0,2460.0,2460.0,681900
2026-02-12 13:50:00,2460.0,2470.0,2450.0,2460.0,1050800
2026-02-12 13:55:00,2450.0,2460.0,2450.0,2450.0,586500
2026-02-12 14:00:00,2450.0,2460.0,2450.0,2450.0,99500
2026-02-12 14:05:00,2450.0,2460.0,2450.0,2450.0,156700
2026-02-12 14:10:00,2460.0,2460.0,2450.0,2460.0,152400
2026-02-12 14:15:00,2450.0,2460.0,2450.0,2460.0,289300
2026-02-12 14:20:00,2450.0,2460.0,2450.0,2460.0,116700
2026-02-12 14:25:00,2450.0,2460.0,2450.0,2450.0,710800
2026-02-12 14:30:00,2440.0,2460.0,2440.0,2440.0,227600
2026-02-12 14:35:00,2450.0,2450.0,2440.0,2440.0,176700
2026-02-12 14:40:00,2440.0,2450.0,2440.0,2450.0,111100
2026-02-12 14:45:00,2440.0,2450.0,2440.0,2440.0,196200
2026-02-12 14:50:00,2440.0,2450.0,2430.0,2430.0,1153700
2026-02-12 14:55:00,2440.0,2450.0,2440.0,2440.0,414100
2026-02-12 15:00:00,2440.0,2450.0,2430.0,2440.0,335300
2026-02-12 15:05:00,2440.0,2450.0,2440.0,2440.0,135900
2026-02-12 15:10:00,2440.0,2450.0,2430.0,2440.0,1236400
2026-02-12 15:15:00,2440.0,2440.0,2430.0,2430.0,137600
2026-02-12 15:20:00,2440.0,2440.0,2430.0,2430.0,247000
2026-02-12 15:25:00,2430.0,2440.0,2420.0,2430.0,1597600
2026-02-12 15:30:00,2420.0,2440.0,2420.0,2440.0,1184300
2026-02-12 15:35:00,2440.0,2450.0,2430.0,2430.0,2562100
2026-02-12 15:40:00,2440.0,2470.0,2440.0,2460.0,1243300
2026-02-12 15:45:00,2460.0,2500.0,2440.0,2480.0,2448200
2026-02-12 16:00:00,2470.0,2470.0,2470.0,2470.0,1141400
2026-02-12 16:05:00,2470.0,2470.0,2470.0,2470.0,50600
2026-02-12 16:10:00,2470.0,2470.0,2470.0,2470.0,11200
2026-02-13 09:00:00,2400.0,2440.0,2400.0,2420.0,0
2026-02-13 09:05:00,2410.0,2430.0,2410.0,2430.0,425000
2026-02-13 09:10:00,2430.0,2430.0,2410.0,2430.0,1198600
2026-02-13 09:15:00,2430.0,2430.0,2420.0,2430.0,211500
2026-02-13 09:20:00,2430.0,2440.0,2420.0,2440.0,983600
2026-02-13 09:25:00,2440.0,2470.0,2440.0,2470.0,915600
2026-02-13 09:30:00,2470.0,2470.0,2460.0,2470.0,239900
2026-02-13 09:35:00,2470.0,2470.0,2460.0,2470.0,546500
2026-02-13 09:40:00,2470.0,2470.0,2460.0,2460.0,343700
2026-02-13 09:45:00,2460.0,2460.0,2450.0,2450.0,291200
2026-02-13 09:50:00,2450.0,2460.0,2440.0,2440.0,579100
2026-02-13 09:55:00,2440.0,2450.0,2440.0,2450.0,123400
2026-02-13 10:00:00,2450.0,2460.0,2450.0,2450.0,162700
2026-02-13 10:05:00,2450.0,2460.0,2450.0,2460.0,267600
2026-02-13 10:10:00,2460.0,2460.0,2450.0,2460.0,14900
2026-02-13 10:15:00,2460.0,2470.0,2450.0,2470.0,266300
2026-02-13 10:20:00,2470.0,2470.0,2460.0,2470.0,238600
2026-02-13 10:25:00,2460.0,2480.0,2460.0,2470.0,513000
2026-02-13 10:30:00,2470.0,2480.0,2470.0,2470.0,75000
2026-02-13 10:35:00,2470.0,2480.0,2460.0,2460.0,541700
2026-02-13 10:40:00,2470.0,2470.0,2460.0,2460.0,113400
2026-02-13 10:45:00,2460.0,2470.0,2450.0,2460.0,1091000
2026-02-13 10:50:00,2470.0,2470.0,2450.0,2450.0,156200
2026-02-13 10:55:00,2450.0,2460.0,2450.0,2460.0,37400
2026-02-13 11:00:00,2460.0,2460.0,2440.0,2450.0,412200
2026-02-13 11:05:00,2440.0,2450.0,2420.0,2440.0,1050400
2026-02-13 11:10:00,2440.0,2450.0,2410.0,2440.0,1062100
2026-02-13 11:15:00,2450.0,2450.0,2430.0,2450.0,177700
2026-02-13 11:20:00,2460.0,2460.0,2450.0,2450.0,223000
2026-02-13 11:25:00,2460.0,2460.0,2440.0,2440.0,117600
2026-02-13 14:00:00,2450.0,2450.0,2440.0,2450.0,144600
2026-02-13 14:05:00,2440.0,2450.0,2440.0,2450.0,228800
2026-02-13 14:10:00,2450.0,2450.0,2440.0,2440.0,12900
2026-02-13 14:15:00,2450.0,2460.0,2440.0,2450.0,291500
2026-02-13 14:20:00,2440.0,2450.0,2430.0,2430.0,814200
2026-02-13 14:25:00,2430.0,2430.0,2420.0,2430.0,392000
2026-02-13 14:30:00,2430.0,2430.0,2420.0,2430.0,162300
2026-02-13 14:35:00,2440.0,2440.0,2430.0,2440.0,57500
2026-02-13 14:40:00,2440.0,2440.0,2420.0,2430.0,194800
2026-02-13 14:45:00,2430.0,2450.0,2430.0,2440.0,331600
2026-02-13 14:50:00,2440.0,2450.0,2430.0,2430.0,248000
2026-02-13 14:55:00,2430.0,2440.0,2430.0,2440.0,217200
2026-02-13 15:00:00,2450.0,2450.0,2440.0,2450.0,129300
2026-02-13 15:05:00,2450.0,2450.0,2440.0,2440.0,81000
2026-02-13 15:10:00,2440.0,2450.0,2440.0,2450.0,27900
2026-02-13 15:15:00,2440.0,2450.0,2440.0,2450.0,36000
2026-02-13 15:20:00,2440.0,2450.0,2440.0,2450.0,343900
2026-02-13 15:25:00,2440.0,2450.0,2440.0,2440.0,487300
2026-02-13 15:30:00,2450.0,2450.0,2440.0,2440.0,300300
2026-02-13 15:35:00,2440.0,2460.0,2440.0,2450.0,147600
2026-02-13 15:40:00,2450.0,2450.0,2440.0,2440.0,138500
2026-02-13 15:45:00,2450.0,2450.0,2440.0,2450.0,435300
2026-02-13 16:00:00,2450.0,2450.0,2450.0,2450.0,679900
2026-02-13 16:05:00,2450.0,2450.0,2450.0,2450.0,63600
2026-02-13 16:10:00,2450.0,2450.0,2450.0,2450.0,19200
2026-02-18 09:00:00,2460.0,2520.0,2450.0,2490.0,0
2026-02-18 09:05:00,2500.0,2530.0,2490.0,2510.0,1691500
2026-02-18 09:10:00,2520.0,2550.0,2510.0,2540.0,1761000
2026-02-18 09:15:00,2540.0,2600.0,2540.0,2580.0,6607000
2026-02-18 09:20:00,2580.0,2590.0,2560.0,2570.0,971300
2026-02-18 09:25:00,2560.0,2570.0,2550.0,2560.0,1182700
2026-02-18 09:30:00,2560.0,2570.0,2550.0,2560.0,646800
2026-02-18 09:35:00,2550.0,2560.0,2550.0,2550.0,802300
2026-02-18 09:40:00,2550.0,2570.0,2550.0,2570.0,575400
2026-02-18 09:45:00,2560.0,2570.0,2550.0,2560.0,455600
2026-02-18 09:50:00,2550.0,2560.0,2550.0,2550.0,172300
2026-02-18 09:55:00,2550.0,2560.0,2550.0,2550.0,248100
2026-02-18 10:00:00,2550.0,2560.0,2550.0,2560.0,328200
2026-02-18 10:05:00,2560.0,2560.0,2550.0,2550.0,755800
2026-02-18 10:10:00,2560.0,2560.0,2550.0,2560.0,229400
2026-02-18 10:15:00,2550.0,2560.0,2550.0,2550.0,558200
2026-02-18 10:20:00,2550.0,2560.0,2550.0,2550.0,219500
2026-02-18 10:25:00,2560.0,2580.0,2560.0,2570.0,566000
2026-02-18 10:30:00,2570.0,2600.0,2570.0,2590.0,1819300
2026-02-18 10:35:00,2590.0,2620.0,2590.0,2620.0,4176300
2026-02-18 10:40:00,2620.0,2630.0,2610.0,2620.0,1482000
2026-02-18 10:45:00,2610.0,2620.0,2600.0,2620.0,1937400
2026-02-18 10:50:00,2620.0,2630.0,2610.0,2610.0,529200
2026-02-18 10:55:00,2620.0,2630.0,2610.0,2620.0,583700
2026-02-18 11:00:00,2610.0,2630.0,2610.0,2620.0,591100
2026-02-18 11:05:00,2620.0,2620.0,2610.0,2620.0,236600
2026-02-18 11:10:00,2620.0,2620.0,2600.0,2600.0,937100
2026-02-18 11:15:00,2600.0,2610.0,2590.0,2610.0,489000
2026-02-18 11:20:00,2600.0,2610.0,2600.0,2600.0,304200
2026-02-18 11:25:00,2610.0,2620.0,2600.0,2600.0,232600
2026-02-18 11:30:00,2610.0,2620.0,2600.0,2610.0,242100
2026-02-18 11:35:00,2620.0,2630.0,2610.0,2630.0,586700
2026-02-18 11:40:00,2620.0,2630.0,2620.0,2630.0,116400
2026-02-18 11:45:00,2630.0,2630.0,2620.0,2630.0,157200
2026-02-18 11:50:00,2630.0,2630.0,2620.0,2620.0,312200
2026-02-18 11:55:00,2610.0,2620.0,2610.0,2610.0,76300
2026-02-18 13:30:00,2610.0,2630.0,2610.0,2630.0,657800
2026-02-18 13:35:00,2630.0,2630.0,2610.0,2620.0,410500
2026-02-18 13:40:00,2620.0,2620.0,2610.0,2620.0,202500
2026-02-18 13:45:00,2620.0,2620.0,2610.0,2620.0,382300
2026-02-18 13:50:00,2610.0,2620.0,2600.0,2600.0,278000
2026-02-18 13:55:00,2600.0,2610.0,2570.0,2570.0,3092500
2026-02-18 14:00:00,2570.0,2570.0,2560.0,2560.0,850100
2026-02-18 14:05:00,2560.0,2570.0,2550.0,2560.0,916700
2026-02-18 14:10:00,2560.0,2570.0,2550.0,2560.0,328000
2026-02-18 14:15:00,2560.0,2570.0,2560.0,2560.0,519200
2026-02-18 14:20:00,2550.0,2560.0,2520.0,2540.0,3779600
2026-02-18 14:25:00,2540.0,2560.0,2530.0,2550.0,408600
2026-02-18 14:30:00,2550.0,2560.0,2540.0,2560.0,135400
2026-02-18 14:35:00,2560.0,2560.0,2540.0,2550.0,128000
2026-02-18 14:40:00,2550.0,2550.0,2540.0,2550.0,209900
2026-02-18 14:45:00,2550.0,2550.0,2540.0,2550.0,106700
2026-02-18 14:50:00,2550.0,2550.0,2540.0,2540.0,492400
2026-02-18 14:55:00,2540.0,2550.0,2530.0,2540.0,504700
2026-02-18 15:00:00,2540.0,2550.0,2530.0,2540.0,208900
2026-02-18 15:05:00,2540.0,2550.0,2530.0,2540.0,199300
2026-02-18 15:10:00,2540.0,2570.0,2530.0,2570.0,989900
2026-02-18 15:15:00,2580.0,2590.0,2560.0,2560.0,961900
2026-02-18 15:20:00,2560.0,2570.0,2550.0,2560.0,1002000
2026-02-18 15:25:00,2560.0,2560.0,2550.0,2550.0,237100
2026-02-18 15:30:00,2560.0,2560.0,2550.0,2560.0,161200
2026-02-18 15:35:00,2560.0,2570.0,2560.0,2560.0,167700
2026-02-18 15:40:00,2570.0,2570.0,2540.0,2550.0,1453800
2026-02-18 15:45:00,2540.0,2560.0,2540.0,2560.0,198500
2026-02-18 16:00:00,2560.0,2560.0,2560.0,2560.0,643500
2026-02-18 16:05:00,2560.0,2560.0,2560.0,2560.0,244700
2026-02-18 16:10:00,2560.0,2560.0,2560.0,2560.0,992600
2026-02-19 09:00:00,2630.0,2650.0,2580.0,2600.0,0
2026-02-19 09:05:00,2590.0,2600.0,2590.0,2600.0,709800
2026-02-19 09:10:00,2600.0,2610.0,2590.0,2600.0,1204200
2026-02-19 09:15:00,2600.0,2610.0,2590.0,2590.0,657500
2026-02-19 09:20:00,2590.0,2620.0,2590.0,2600.0,702200
2026-02-19 09:25:00,2600.0,2610.0,2600.0,2610.0,317800
2026-02-19 09:30:00,2610.0,2620.0,2590.0,2590.0,1642500
2026-02-19 09:35:00,2590.0,2600.0,2590.0,2590.0,406500
2026-02-19 09:40:00,2590.0,2600.0,2590.0,2590.0,437900
2026-02-19 09:45:00,2600.0,2600.0,2590.0,2600.0,316100
2026-02-19 09:50:00,2600.0,2610.0,2590.0,2610.0,197400
2026-02-19 09:55:00,2610.0,2610.0,2590.0,2600.0,303500
2026-02-19 10:00:00,2600.0,2600.0,2590.0,2600.0,404500
2026-02-19 10:05:00,2600.0,2600.0,2580.0,2580.0,931000
2026-02-19 10:10:00,2580.0,2590.0,2560.0,2570.0,2183700
2026-02-19 10:15:00,2570.0,2580.0,2570.0,2570.0,148000
2026-02-19 10:20:00,2580.0,2580.0,2560.0,2570.0,455100
2026-02-19 10:25:00,2570.0,2570.0,2550.0,2570.0,2485700
2026-02-19 10:30:00,2570.0,2580.0,2560.0,2570.0,564800
2026-02-19 10:35:00,2570.0,2580.0,2570.0,2570.0,170400
2026-02-19 10:40:00,2580.0,2580.0,2570.0,2580.0,56900
2026-02-19 10:45:00,2570.0,2580.0,2560.0,2570.0,372000
2026-02-19 10:50:00,2570.0,2570.0,2560.0,2570.0,419500
2026-02-19 10:55:00,2570.0,2570.0,2550.0,2550.0,1668600
2026-02-19 11:00:00,2560.0,2560.0,2550.0,2560.0,144500
2026-02-19 11:05:00,2560.0,2570.0,2550.0,2560.0,290700
2026-02-19 11:10:00,2560.0,2560.0,2550.0,2560.0,112200
2026-02-19 11:15:00,2560.0,2560.0,2540.0,2540.0,695000
2026-02-19 11:20:00,2540.0,2550.0,2520.0,2520.0,1351500
2026-02-19 11:25:00,2520.0,2530.0,2510.0,2520.0,1596600
2026-02-19 11:30:00,2520.0,2540.0,2510.0,2530.0,545500
2026-02-19 11:35:00,2530.0,2540.0,2520.0,2540.0,92600
2026-02-19 11:40:00,2530.0,2540.0,2530.0,2540.0,76400
2026-02-19 11:45:00,2540.0,2540.0,2520.0,2530.0,148600
2026-02-19 11:50:00,2520.0,2540.0,2520.0,2540.0,143400
2026-02-19 11:55:00,2540.0,2540.0,2520.0,2530.0,243600
2026-02-19 13:30:00,2530.0,2550.0,2520.0,2530.0,722400
2026-02-19 13:35:00,2530.0,2540.0,2520.0,2540.0,318600
2026-02-19 13:40:00,2540.0,2550.0,2530.0,2540.0,172800
2026-02-19 13:45:00,2530.0,2540.0,2520.0,2530.0,372200
2026-02-19 13:50:00,2530.0,2530.0,2520.0,2530.0,121400
2026-02-19 13:55:00,2530.0,2530.0,2520.0,2530.0,145800
2026-02-19 14:00:00,2530.0,2530.0,2520.0,2530.0,170400
2026-02-19 14:05:00,2530.0,2530.0,2510.0,2520.0,1071200
2026-02-19 14:10:00,2520.0,2520.0,2510.0,2520.0,407400
2026-02-19 14:15:00,2520.0,2520.0,2510.0,2520.0,68800
2026-02-19 14:20:00,2510.0,2520.0,2510.0,2520.0,630600
2026-02-19 14:25:00,2510.0,2520.0,2500.0,2510.0,2009600
2026-02-19 14:30:00,2510.0,2510.0,2500.0,2510.0,233500
2026-02-19 14:35:00,2500.0,2520.0,2500.0,2510.0,581200
2026-02-19 14:40:00,2510.0,2520.0,2510.0,2510.0,79500
2026-02-19 14:45:00,2520.0,2520.0,2510.0,2520.0,222900
2026-02-19 14:50:00,2520.0,2520.0,2510.0,2510.0,29200
2026-02-19 14:55:00,2520.0,2520.0,2510.0,2520.0,223300
2026-02-19 15:00:00,2520.0,2520.0,2510.0,2510.0,30800
2026-02-19 15:05:00,2520.0,2520.0,2510.0,2520.0,40500
2026-02-19 15:10:00,2520.0,2530.0,2510.0,2520.0,488600
2026-02-19 15:15:00,2520.0,2520.0,2510.0,2520.0,91000
2026-02-19 15:20:00,2520.0,2520.0,2510.0,2520.0,161100
2026-02-19 15:25:00,2510.0,2520.0,2510.0,2520.0,115400
2026-02-19 15:30:00,2520.0,2520.0,2510.0,2510.0,544600
2026-02-19 15:35:00,2510.0,2520.0,2510.0,2510.0,354800
2026-02-19 15:40:00,2510.0,2520.0,2500.0,2520.0,674400
2026-02-19 15:45:00,2520.0,2530.0,2510.0,2520.0,1527100
2026-02-19 16:00:00,2510.0,2510.0,2510.0,2510.0,596000
2026-02-19 16:05:00,2510.0,2510.0,2510.0,2510.0,1164300
2026-02-19 16:10:00,2510.0,2510.0,2510.0,2510.0,165600
2026-02-20 09:00:00,2530.0,2560.0,2530.0,2560.0,0
2026-02-20 09:05:00,2560.0,2560.0,2530.0,2530.0,1408500
2026-02-20 09:10:00,2530.0,2540.0,2520.0,2520.0,1427400
2026-02-20 09:15:00,2520.0,2530.0,2510.0,2520.0,549700
2026-02-20 09:20:00,2510.0,2520.0,2490.0,2490.0,2514100
2026-02-20 09:25:00,2490.0,2510.0,2480.0,2500.0,1152900
2026-02-20 09:30:00,2500.0,2520.0,2500.0,2520.0,313500
2026-02-20 09:35:00,2510.0,2520.0,2510.0,2510.0,214400
2026-02-20 09:40:00,2510.0,2510.0,2490.0,2500.0,503600
2026-02-20 09:45:00,2510.0,2510.0,2490.0,2500.0,522200
2026-02-20 09:50:00,2490.0,2500.0,2490.0,2500.0,71700
2026-02-20 09:55:00,2490.0,2510.0,2490.0,2510.0,306600
2026-02-20 10:00:00,2510.0,2510.0,2480.0,2480.0,636800
2026-02-20 10:05:00,2490.0,2490.0,2480.0,2490.0,159400
2026-02-20 10:10:00,2490.0,2490.0,2480.0,2490.0,393300
2026-02-20 10:15:00,2480.0,2490.0,2480.0,2480.0,270000
2026-02-20 10:20:00,2490.0,2490.0,2470.0,2480.0,168900
2026-02-20 10:25:00,2480.0,2480.0,2470.0,2470.0,202600
2026-02-20 10:30:00,2480.0,2480.0,2470.0,2480.0,112700
2026-02-20 10:35:00,2480.0,2480.0,2470.0,2470.0,105900
2026-02-20 10:40:00,2470.0,2480.0,2470.0,2470.0,90700
2026-02-20 10:45:00,2480.0,2480.0,2460.0,2470.0,800700
2026-02-20 10:50:00,2460.0,2480.0,2460.0,2480.0,101800
2026-02-20 10:55:00,2480.0,2490.0,2460.0,2480.0,685600
2026-02-20 11:00:00,2470.0,2480.0,2460.0,2460.0,1984600
2026-02-20 11:05:00,2460.0,2470.0,2460.0,2470.0,133100
2026-02-20 11:10:00,2470.0,2470.0,2460.0,2470.0,328700
2026-02-20 11:15:00,2480.0,2480.0,2470.0,2470.0,106700
2026-02-20 11:20:00,2470.0,2480.0,2470.0,2480.0,85800
2026-02-20 11:25:00,2480.0,2480.0,2470.0,2470.0,166900
2026-02-20 14:00:00,2470.0,2490.0,2470.0,2480.0,489600
2026-02-20 14:05:00,2480.0,2490.0,2480.0,2490.0,24400
2026-02-20 14:10:00,2480.0,2490.0,2470.0,2480.0,256400
2026-02-20 14:15:00,2490.0,2490.0,2480.0,2480.0,175100
2026-02-20 14:20:00,2480.0,2480.0,2470.0,2480.0,111500
2026-02-20 14:25:00,2480.0,2490.0,2480.0,2490.0,146400
2026-02-20 14:30:00,2480.0,2490.0,2480.0,2490.0,146700
2026-02-20 14:35:00,2490.0,2490.0,2480.0,2480.0,103600
2026-02-20 14:40:00,2480.0,2490.0,2480.0,2490.0,577400
2026-02-20 14:45:00,2490.0,2490.0,2480.0,2490.0,195100
2026-02-20 14:50:00,2500.0,2500.0,2480.0,2480.0,99700
2026-02-20 14:55:00,2480.0,2490.0,2480.0,2490.0,108400
2026-02-20 15:00:00,2480.0,2490.0,2480.0,2480.0,36400
2026-02-20 15:05:00,2480.0,2490.0,2480.0,2490.0,56100
2026-02-20 15:10:00,2490.0,2490.0,2480.0,2490.0,436300
2026-02-20 15:15:00,2490.0,2500.0,2480.0,2490.0,128400
2026-02-20 15:20:00,2490.0,2510.0,2490.0,2500.0,659900
2026-02-20 15:25:00,2500.0,2500.0,2490.0,2490.0,261900
2026-02-20 15:30:00,2490.0,2500.0,2480.0,2490.0,134800
2026-02-20 15:35:00,2480.0,2490.0,2480.0,2490.0,420300
2026-02-20 15:40:00,2480.0,2490.0,2480.0,2480.0,817600
2026-02-20 15:45:00,2490.0,2510.0,2480.0,2500.0,1889300
2026-02-20 16:00:00,2500.0,2500.0,2500.0,2500.0,464600
2026-02-20 16:05:00,2500.0,2500.0,2500.0,2500.0,871700
2026-02-20 16:10:00,2500.0,2500.0,2500.0,2500.0,253700
2026-02-23 09:00:00,2510.0,2540.0,2510.0,2510.0,0
2026-02-23 09:05:00,2510.0,2520.0,2500.0,2500.0,1402000
2026-02-23 09:10:00,2500.0,2540.0,2500.0,2530.0,1371100
2026-02-23 09:15:00,2530.0,2550.0,2520.0,2540.0,937900
2026-02-23 09:20:00,2550.0,2550.0,2530.0,2530.0,540500
2026-02-23 09:25:00,2530.0,2550.0,2530.0,2540.0,1008300
2026-02-23 09:30:00,2540.0,2560.0,2530.0,2540.0,548300
2026-02-23 09:35:00,2540.0,2550.0,2540.0,2550.0,211900
2026-02-23 09:40:00,2550.0,2550.0,2540.0,2540.0,378400
2026-02-23 09:45:00,2540.0,2550.0,2540.0,2540.0,64400
2026-02-23 09:50:00,2550.0,2550.0,2540.0,2540.0,258400
2026-02-23 09:55:00,2540.0,2550.0,2530.0,2540.0,368700
2026-02-23 10:00:00,2540.0,2540.0,2530.0,2540.0,180700
2026-02-23 10:05:00,2530.0,2540.0,2530.0,2530.0,207200
2026-02-23 10:10:00,2530.0,2540.0,2530.0,2530.0,71400
2026-02-23 10:15:00,2530.0,2540.0,2530.0,2540.0,43000
2026-02-23 10:20:00,2530.0,2540.0,2530.0,2530.0,120600
2026-02-23 10:25:00,2530.0,2540.0,2520.0,2520.0,673600
2026-02-23 10:30:00,2520.0,2530.0,2520.0,2530.0,46700
2026-02-23 10:35:00,2530.0,2530.0,2520.0,2530.0,115900
2026-02-23 10:40:00,2530.0,2530.0,2510.0,2510.0,561500
2026-02-23 10:45:00,2510.0,2520.0,2510.0,2510.0,93200
2026-02-23 10:50:00,2520.0,2530.0,2510.0,2530.0,591400
2026-02-23 10:55:00,2530.0,2540.0,2520.0,2540.0,1061100
2026-02-23 11:00:00,2540.0,2550.0,2540.0,2550.0,94100
2026-02-23 11:05:00,2540.0,2550.0,2540.0,2540.0,204500
2026-02-23 11:10:00,2540.0,2550.0,2530.0,2540.0,519500
2026-02-23 11:15:00,2530.0,2540.0,2530.0,2530.0,68200
2026-02-23 11:20:00,2540.0,2540.0,2530.0,2540.0,56800
2026-02-23 11:25:00,2530.0,2540.0,2530.0,2530.0,24500
2026-02-23 11:30:00,2530.0,2540.0,2530.0,2530.0,178500
2026-02-23 11:35:00,2540.0,2540.0,2530.0,2540.0,322300
2026-02-23 11:40:00,2540.0,2550.0,2540.0,2550.0,127100
2026-02-23 11:45:00,2540.0,2550.0,2540.0,2550.0,1392500
2026-02-23 11:50:00,2550.0,2560.0,2550.0,2560.0,247300
2026-02-23 11:55:00,2550.0,2560.0,2550.0,2560.0,143000
2026-02-23 13:30:00,2550.0,2560.0,2540.0,2540.0,459800
2026-02-23 13:35:00,2540.0,2550.0,2540.0,2540.0,102000
2026-02-23 13:40:00,2540.0,2550.0,2540.0,2540.0,42100
2026-02-23 13:45:00,2550.0,2560.0,2550.0,2550.0,620000
2026-02-23 13:50:00,2550.0,2550.0,2550.0,2550.0,419600
2026-02-23 13:55:00,2550.0,2560.0,2540.0,2540.0,61800
2026-02-23 14:00:00,2550.0,2550.0,2540.0,2540.0,179600
2026-02-23 14:05:00,2530.0,2540.0,2520.0,2520.0,867400
2026-02-23 14:10:00,2530.0,2540.0,2530.0,2530.0,74800
2026-02-23 14:15:00,2530.0,2540.0,2530.0,2530.0,18700
2026-02-23 14:20:00,2530.0,2540.0,2530.0,2540.0,610100
2026-02-23 14:25:00,2540.0,2540.0,2530.0,2540.0,150500
2026-02-23 14:30:00,2540.0,2550.0,2540.0,2540.0,26800
2026-02-23 14:35:00,2550.0,2560.0,2540.0,2550.0,619400
2026-02-23 14:40:00,2550.0,2560.0,2540.0,2550.0,48800
2026-02-23 14:45:00,2550.0,2560.0,2550.0,2560.0,193300
2026-02-23 14:50:00,2550.0,2560.0,2550.0,2550.0,216300
2026-02-23 14:55:00,2550.0,2560.0,2540.0,2550.0,55900
2026-02-23 15:00:00,2550.0,2550.0,2540.0,2550.0,617500
2026-02-23 15:05:00,2550.0,2550.0,2540.0,2550.0,491400
2026-02-23 15:10:00,2540.0,2550.0,2540.0,2540.0,182400
2026-02-23 15:15:00,2540.0,2540.0,2530.0,2540.0,1140400
2026-02-23 15:20:00,2550.0,2550.0,2540.0,2540.0,82200
2026-02-23 15:25:00,2540.0,2550.0,2540.0,2550.0,61700
2026-02-23 15:30:00,2550.0,2550.0,2540.0,2550.0,1365100
2026-02-23 15:35:00,2550.0,2550.0,2540.0,2550.0,637500
2026-02-23 15:40:00,2550.0,2560.0,2550.0,2550.0,630300
2026-02-23 15:45:00,2550.0,2560.0,2550.0,2550.0,193200
2026-02-23 16:00:00,2550.0,2550.0,2550.0,2550.0,1233500
2026-02-23 16:05:00,2550.0,2550.0,2550.0,2550.0,132300
2026-02-23 16:10:00,2550.0,2550.0,2550.0,2550.0,9000
2026-02-24 09:00:00,2570.0,2580.0,2560.0,2570.0,0
2026-02-24 09:05:00,2570.0,2570.0,2560.0,2560.0,311800
2026-02-24 09:10:00,2560.0,2570.0,2550.0,2560.0,1405000
2026-02-24 09:15:00,2560.0,2580.0,2550.0,2570.0,704100
2026-02-24 09:20:00,2570.0,2580.0,2570.0,2580.0,1390400
2026-02-24 09:25:00,2580.0,2590.0,2570.0,2570.0,588700
2026-02-24 09:30:00,2570.0,2580.0,2560.0,2560.0,944900
2026-02-24 09:35:00,2560.0,2570.0,2540.0,2540.0,1048900
2026-02-24 09:40:00,2540.0,2570.0,2540.0,2560.0,512200
2026-02-24 09:45:00,2560.0,2570.0,2550.0,2560.0,230900
2026-02-24 09:50:00,2560.0,2560.0,2540.0,2550.0,687800
2026-02-24 09:55:00,2560.0,2560.0,2540.0,2550.0,321100
2026-02-24 10:00:00,2550.0,2550.0,2540.0,2550.0,228200
2026-02-24 10:05:00,2550.0,2560.0,2540.0,2540.0,427700
2026-02-24 10:10:00,2550.0,2550.0,2540.0,2540.0,145800
2026-02-24 10:15:00,2550.0,2550.0,2540.0,2540.0,94000
2026-02-24 10:20:00,2540.0,2550.0,2540.0,2550.0,24300
2026-02-24 10:25:00,2550.0,2550.0,2540.0,2540.0,92600
2026-02-24 10:30:00,2550.0,2550.0,2530.0,2540.0,666500
2026-02-24 10:35:00,2540.0,2550.0,2540.0,2550.0,137200
2026-02-24 10:40:00,2540.0,2550.0,2540.0,2540.0,64200
2026-02-24 10:45:00,2550.0,2550.0,2540.0,2540.0,171500
2026-02-24 10:50:00,2540.0,2550.0,2540.0,2540.0,36400
2026-02-24 10:55:00,2540.0,2550.0,2540.0,2550.0,65900
2026-02-24 11:00:00,2540.0,2550.0,2540.0,2550.0,145500
2026-02-24 11:05:00,2540.0,2550.0,2540.0,2540.0,26500
2026-02-24 11:10:00,2540.0,2550.0,2540.0,2550.0,68100
2026-02-24 11:15:00,2540.0,2540.0,2540.0,2540.0,58100
2026-02-24 11:20:00,2540.0,2540.0,2530.0,2540.0,37900
2026-02-24 11:25:00,2540.0,2540.0,2540.0,2540.0,4800
2026-02-24 11:30:00,2540.0,2540.0,2530.0,2530.0,121200
2026-02-24 11:35:00,2540.0,2540.0,2530.0,2540.0,442900
2026-02-24 11:40:00,2540.0,2540.0,2530.0,2540.0,0
2026-02-24 11:45:00,2540.0,2540.0,2530.0,2530.0,57900
2026-02-24 11:50:00,2540.0,2540.0,2530.0,2530.0,83400
2026-02-24 11:55:00,2540.0,2540.0,2530.0,2540.0,81500
2026-02-24 13:30:00,2530.0,2540.0,2520.0,2520.0,803200
2026-02-24 13:35:00,2520.0,2530.0,2510.0,2520.0,415600
2026-02-24 13:40:00,2520.0,2530.0,2520.0,2530.0,46900
2026-02-24 13:45:00,2520.0,2530.0,2520.0,2520.0,424700
2026-02-24 13:50:00,2520.0,2520.0,2510.0,2510.0,190200
2026-02-24 13:55:00,2510.0,2520.0,2510.0,2520.0,240000
2026-02-24 14:00:00,2510.0,2520.0,2510.0,2520.0,243800
2026-02-24 14:05:00,2510.0,2520.0,2510.0,2520.0,353500
2026-02-24 14:10:00,2510.0,2520.0,2510.0,2510.0,161200
2026-02-24 14:15:00,2510.0,2520.0,2500.0,2500.0,1268800
2026-02-24 14:20:00,2500.0,2510.0,2500.0,2500.0,2077900
2026-02-24 14:25:00,2500.0,2510.0,2500.0,2510.0,1972100
2026-02-24 14:30:00,2510.0,2520.0,2500.0,2500.0,193700
2026-02-24 14:35:00,2510.0,2510.0,2500.0,2510.0,259900
2026-02-24 14:40:00,2500.0,2510.0,2500.0,2510.0,184100
2026-02-24 14:45:00,2510.0,2510.0,2500.0,2500.0,500700
2026-02-24 14:50:00,2500.0,2510.0,2490.0,2500.0,331600
2026-02-24 14:55:00,2500.0,2500.0,2480.0,2490.0,1607500
2026-02-24 15:00:00,2480.0,2490.0,2480.0,2490.0,432400
2026-02-24 15:05:00,2480.0,2500.0,2480.0,2500.0,122500
2026-02-24 15:10:00,2500.0,2500.0,2480.0,2490.0,296000
2026-02-24 15:15:00,2490.0,2490.0,2480.0,2490.0,167700
2026-02-24 15:20:00,2490.0,2500.0,2480.0,2490.0,181600
2026-02-24 15:25:00,2490.0,2500.0,2480.0,2490.0,159700
2026-02-24 15:30:00,2490.0,2500.0,2480.0,2490.0,188900
2026-02-24 15:35:00,2490.0,2490.0,2480.0,2480.0,461600
2026-02-24 15:40:00,2480.0,2490.0,2480.0,2480.0,289900
2026-02-24 15:45:00,2480.0,2490.0,2480.0,2480.0,1381200
2026-02-24 16:00:00,2480.0,2480.0,2480.0,2480.0,822800
2026-02-24 16:05:00,2480.0,2480.0,2480.0,2480.0,368800
2026-02-24 16:10:00,2480.0,2480.0,2480.0,2480.0,0
2026-02-25 09:00:00,2520.0,2530.0,2510.0,2520.0,0
2026-02-25 09:05:00,2530.0,2540.0,2520.0,2540.0,1814000
2026-02-25 09:10:00,2540.0,2540.0,2530.0,2530.0,489400
2026-02-25 09:15:00,2530.0,2540.0,2500.0,2510.0,1383000
2026-02-25 09:20:00,2510.0,2530.0,2480.0,2490.0,1255100
2026-02-25 09:25:00,2500.0,2520.0,2480.0,2510.0,821900
2026-02-25 09:30:00,2510.0,2520.0,2510.0,2520.0,38500
2026-02-25 09:35:00,2510.0,2520.0,2500.0,2510.0,249000
2026-02-25 09:40:00,2510.0,2510.0,2500.0,2500.0,111600
2026-02-25 09:45:00,2500.0,2510.0,2500.0,2510.0,156100
2026-02-25 09:50:00,2500.0,2510.0,2500.0,2500.0,198900
2026-02-25 09:55:00,2500.0,2510.0,2500.0,2510.0,152300
2026-02-25 10:00:00,2520.0,2520.0,2500.0,2510.0,435100
2026-02-25 10:05:00,2510.0,2520.0,2510.0,2510.0,112300
2026-02-25 10:10:00,2520.0,2540.0,2510.0,2540.0,746900
2026-02-25 10:15:00,2540.0,2590.0,2530.0,2570.0,3741100
2026-02-25 10:20:00,2570.0,2580.0,2560.0,2570.0,1582800
2026-02-25 10:25:00,2570.0,2600.0,2560.0,2580.0,3580700
2026-02-25 10:30:00,2580.0,2580.0,2560.0,2570.0,353600
2026-02-25 10:35:00,2570.0,2570.0,2550.0,2560.0,843800
2026-02-25 10:40:00,2550.0,2560.0,2550.0,2560.0,293200
2026-02-25 10:45:00,2560.0,2560.0,2550.0,2560.0,284700
2026-02-25 10:50:00,2550.0,2560.0,2550.0,2550.0,399100
2026-02-25 10:55:00,2550.0,2550.0,2540.0,2540.0,196500
2026-02-25 11:00:00,2540.0,2550.0,2540.0,2550.0,224400
2026-02-25 11:05:00,2550.0,2550.0,2540.0,2550.0,99700
2026-02-25 11:10:00,2550.0,2550.0,2540.0,2550.0,194000
2026-02-25 11:15:00,2550.0,2560.0,2550.0,2550.0,124800
2026-02-25 11:20:00,2550.0,2560.0,2550.0,2560.0,45100
2026-02-25 11:25:00,2550.0,2560.0,2550.0,2560.0,143600
2026-02-25 11:30:00,2550.0,2560.0,2550.0,2550.0,66000
2026-02-25 11:35:00,2560.0,2560.0,2550.0,2550.0,69700
2026-02-25 11:40:00,2550.0,2560.0,2550.0,2550.0,64300
2026-02-25 11:45:00,2550.0,2560.0,2550.0,2550.0,19100
2026-02-25 11:50:00,2560.0,2560.0,2550.0,2550.0,30800
2026-02-25 11:55:00,2560.0,2570.0,2550.0,2560.0,533400
2026-02-25 13:30:00,2560.0,2620.0,2560.0,2620.0,8715500
2026-02-25 13:35:00,2610.0,2630.0,2610.0,2620.0,1748000
2026-02-25 13:40:00,2610.0,2630.0,2610.0,2610.0,1659300
2026-02-25 13:45:00,2620.0,2640.0,2610.0,2630.0,2641800
2026-02-25 13:50:00,2620.0,2640.0,2620.0,2620.0,1638200
2026-02-25 13:55:00,2620.0,2670.0,2620.0,2660.0,4068700
2026-02-25 14:00:00,2670.0,2690.0,2660.0,2680.0,3830800
2026-02-25 14:05:00,2670.0,2680.0,2650.0,2660.0,2328600
2026-02-25 14:10:00,2660.0,2670.0,2640.0,2650.0,1245000
2026-02-25 14:15:00,2650.0,2660.0,2640.0,2650.0,957700
2026-02-25 14:20:00,2650.0,2660.0,2630.0,2640.0,834800
2026-02-25 14:25:00,2630.0,2640.0,2630.0,2640.0,634700
2026-02-25 14:30:00,2640.0,2640.0,2630.0,2640.0,301400
2026-02-25 14:35:00,2640.0,2640.0,2620.0,2620.0,795600
2026-02-25 14:40:00,2620.0,2630.0,2600.0,2600.0,1483100
2026-02-25 14:45:00,2600.0,2610.0,2590.0,2610.0,1038600
2026-02-25 14:50:00,2610.0,2620.0,2600.0,2610.0,210800
2026-02-25 14:55:00,2610.0,2620.0,2610.0,2610.0,309000
2026-02-25 15:00:00,2620.0,2630.0,2610.0,2620.0,403100
2026-02-25 15:05:00,2620.0,2630.0,2620.0,2620.0,101400
2026-02-25 15:10:00,2620.0,2640.0,2620.0,2630.0,642100
2026-02-25 15:15:00,2630.0,2640.0,2630.0,2630.0,586300
2026-02-25 15:20:00,2630.0,2630.0,2620.0,2630.0,258300
2026-02-25 15:25:00,2630.0,2640.0,2620.0,2620.0,805400
2026-02-25 15:30:00,2630.0,2630.0,2620.0,2630.0,871500
2026-02-25 15:35:00,2630.0,2640.0,2620.0,2620.0,266000
2026-02-25 15:40:00,2630.0,2630.0,2620.0,2630.0,288700
2026-02-25 15:45:00,2620.0,2640.0,2620.0,2630.0,535800
2026-02-25 16:00:00,2640.0,2640.0,2640.0,2640.0,1383500
2026-02-25 16:05:00,2640.0,2640.0,2640.0,2640.0,127300
2026-02-25 16:10:00,2640.0,2640.0,2640.0,2640.0,70500
2026-02-26 09:00:00,2660.0,2680.0,2610.0,2620.0,0
2026-02-26 09:05:00,2610.0,2620.0,2580.0,2580.0,1698600
2026-02-26 09:10:00,2590.0,2620.0,2580.0,2620.0,1914800
2026-02-26 09:15:00,2610.0,2620.0,2600.0,2610.0,503500
2026-02-26 09:20:00,2610.0,2610.0,2580.0,2580.0,1156400
2026-02-26 09:25:00,2590.0,2600.0,2580.0,2590.0,654600
2026-02-26 09:30:00,2600.0,2600.0,2590.0,2600.0,441900
2026-02-26 09:35:00,2600.0,2600.0,2590.0,2600.0,350300
2026-02-26 09:40:00,2600.0,2600.0,2580.0,2580.0,590200
2026-02-26 09:45:00,2580.0,2600.0,2580.0,2590.0,409600
2026-02-26 09:50:00,2590.0,2610.0,2580.0,2600.0,929800
2026-02-26 09:55:00,2600.0,2610.0,2600.0,2610.0,221000
2026-02-26 10:00:00,2610.0,2610.0,2580.0,2590.0,470300
2026-02-26 10:05:00,2590.0,2610.0,2590.0,2600.0,312300
2026-02-26 10:10:00,2600.0,2600.0,2590.0,2590.0,118700
2026-02-26 10:15:00,2590.0,2600.0,2580.0,2590.0,435700
2026-02-26 10:20:00,2590.0,2590.0,2570.0,2570.0,1168600
2026-02-26 10:25:00,2570.0,2580.0,2550.0,2560.0,1881600
2026-02-26 10:30:00,2560.0,2560.0,2540.0,2540.0,1054000
2026-02-26 10:35:00,2540.0,2560.0,2540.0,2560.0,975000
2026-02-26 10:40:00,2570.0,2570.0,2560.0,2560.0,208300
2026-02-26 10:45:00,2570.0,2570.0,2560.0,2570.0,247400
2026-02-26 10:50:00,2570.0,2570.0,2550.0,2550.0,260700
2026-02-26 10:55:00,2560.0,2560.0,2550.0,2550.0,101200
2026-02-26 11:00:00,2550.0,2560.0,2540.0,2550.0,236100
2026-02-26 11:05:00,2550.0,2580.0,2540.0,2560.0,236800
2026-02-26 11:10:00,2550.0,2560.0,2550.0,2560.0,207400
2026-02-26 11:15:00,2560.0,2570.0,2550.0,2560.0,151000
2026-02-26 11:20:00,2560.0,2570.0,2550.0,2570.0,174800
2026-02-26 11:25:00,2560.0,2570.0,2560.0,2560.0,198200
2026-02-26 11:30:00,2560.0,2570.0,2550.0,2560.0,70900
2026-02-26 11:35:00,2550.0,2560.0,2550.0,2560.0,79200
2026-02-26 11:40:00,2560.0,2560.0,2550.0,2560.0,37200
2026-02-26 11:45:00,2560.0,2560.0,2550.0,2550.0,115500
2026-02-26 11:50:00,2560.0,2560.0,2550.0,2560.0,372000
2026-02-26 11:55:00,2560.0,2560.0,2550.0,2560.0,135400
2026-02-26 13:30:00,2560.0,2570.0,2550.0,2550.0,176800
2026-02-26 13:35:00,2550.0,2560.0,2540.0,2550.0,863100
2026-02-26 13:40:00,2540.0,2550.0,2530.0,2530.0,749500
2026-02-26 13:45:00,2540.0,2540.0,2530.0,2530.0,104000
2026-02-26 13:50:00,2540.0,2540.0,2530.0,2530.0,656400
2026-02-26 13:55:00,2530.0,2540.0,2520.0,2530.0,892600
2026-02-26 14:00:00,2530.0,2530.0,2520.0,2520.0,244200
2026-02-26 14:05:00,2520.0,2530.0,2510.0,2520.0,1386200
2026-02-26 14:10:00,2520.0,2530.0,2510.0,2520.0,734300
2026-02-26 14:15:00,2520.0,2530.0,2510.0,2520.0,711500
2026-02-26 14:20:00,2520.0,2520.0,2500.0,2500.0,1291300
2026-02-26 14:25:00,2500.0,2510.0,2500.0,2500.0,2977700
2026-02-26 14:30:00,2510.0,2530.0,2490.0,2520.0,690400
2026-02-26 14:35:00,2530.0,2540.0,2520.0,2530.0,283700
2026-02-26 14:40:00,2540.0,2540.0,2530.0,2530.0,256100
2026-02-26 14:45:00,2530.0,2540.0,2520.0,2530.0,215300
2026-02-26 14:50:00,2530.0,2530.0,2520.0,2530.0,194100
2026-02-26 14:55:00,2520.0,2530.0,2520.0,2520.0,107500
2026-02-26 15:00:00,2520.0,2530.0,2520.0,2530.0,287100
2026-02-26 15:05:00,2520.0,2530.0,2520.0,2530.0,59300
2026-02-26 15:10:00,2530.0,2530.0,2520.0,2530.0,89700
2026-02-26 15:15:00,2520.0,2530.0,2520.0,2530.0,37000
2026-02-26 15:20:00,2530.0,2530.0,2510.0,2520.0,546900
2026-02-26 15:25:00,2510.0,2520.0,2510.0,2520.0,121700
2026-02-26 15:30:00,2520.0,2520.0,2510.0,2520.0,401000
2026-02-26 15:35:00,2510.0,2510.0,2500.0,2510.0,419700
2026-02-26 15:40:00,2500.0,2520.0,2500.0,2510.0,727600
2026-02-26 15:45:00,2510.0,2520.0,2500.0,2520.0,251800
2026-02-26 16:00:00,2510.0,2510.0,2510.0,2510.0,674500
2026-02-26 16:05:00,2510.0,2510.0,2510.0,2510.0,80700
2026-02-26 16:10:00,2510.0,2510.0,2510.0,2510.0,73300
2026-02-27 09:00:00,2460.0,2470.0,2410.0,2420.0,0
2026-02-27 09:05:00,2430.0,2430.0,2370.0,2390.0,3508300
2026-02-27 09:10:00,2390.0,2440.0,2390.0,2440.0,1495700
2026-02-27 09:15:00,2440.0,2450.0,2430.0,2440.0,793800
2026-02-27 09:20:00,2440.0,2470.0,2440.0,2460.0,968000
2026-02-27 09:25:00,2460.0,2470.0,2450.0,2450.0,930500
2026-02-27 09:30:00,2470.0,2480.0,2450.0,2470.0,199900
2026-02-27 09:35:00,2470.0,2480.0,2460.0,2470.0,1013200
2026-02-27 09:40:00,2460.0,2470.0,2460.0,2460.0,315000
2026-02-27 09:45:00,2460.0,2470.0,2460.0,2460.0,82200
2026-02-27 09:50:00,2470.0,2470.0,2440.0,2440.0,612600
2026-02-27 09:55:00,2450.0,2450.0,2440.0,2440.0,103800
2026-02-27 10:00:00,2440.0,2460.0,2440.0,2450.0,438500
2026-02-27 10:05:00,2450.0,2450.0,2440.0,2440.0,613000
2026-02-27 10:10:00,2440.0,2460.0,2440.0,2450.0,151100
2026-02-27 10:15:00,2460.0,2460.0,2450.0,2460.0,364500
2026-02-27 10:20:00,2450.0,2470.0,2450.0,2460.0,298400
2026-02-27 10:25:00,2460.0,2470.0,2460.0,2470.0,283100
2026-02-27 10:30:00,2470.0,2470.0,2460.0,2470.0,23500
2026-02-27 10:35:00,2470.0,2470.0,2460.0,2470.0,164200
2026-02-27 10:40:00,2480.0,2480.0,2470.0,2470.0,30600
2026-02-27 10:45:00,2470.0,2480.0,2470.0,2470.0,34600
2026-02-27 10:50:00,2470.0,2480.0,2470.0,2470.0,101200
2026-02-27 10:55:00,2480.0,2480.0,2460.0,2460.0,326700
2026-02-27 11:00:00,2460.0,2470.0,2440.0,2440.0,603700
2026-02-27 11:05:00,2440.0,2490.0,2440.0,2490.0,784000
2026-02-27 11:10:00,2480.0,2490.0,2470.0,2480.0,100500
2026-02-27 11:15:00,2480.0,2480.0,2470.0,2470.0,72800
2026-02-27 11:20:00,2480.0,2480.0,2470.0,2470.0,35700
2026-02-27 11:25:00,2470.0,2480.0,2470.0,2480.0,177600
2026-02-27 14:00:00,2480.0,2500.0,2470.0,2480.0,620600
2026-02-27 14:05:00,2490.0,2500.0,2480.0,2480.0,257400
2026-02-27 14:10:00,2480.0,2490.0,2480.0,2490.0,397300
2026-02-27 14:15:00,2480.0,2490.0,2470.0,2470.0,250100
2026-02-27 14:20:00,2470.0,2480.0,2470.0,2470.0,109800
2026-02-27 14:25:00,2470.0,2480.0,2470.0,2470.0,64500
2026-02-27 14:30:00,2470.0,2480.0,2470.0,2470.0,104700
2026-02-27 14:35:00,2480.0,2480.0,2470.0,2480.0,722600
2026-02-27 14:40:00,2480.0,2490.0,2480.0,2490.0,304600
2026-02-27 14:45:00,2500.0,2500.0,2480.0,2480.0,168300
2026-02-27 14:50:00,2480.0,2490.0,2480.0,2490.0,41100
2026-02-27 14:55:00,2480.0,2510.0,2480.0,2510.0,411000
2026-02-27 15:00:00,2510.0,2510.0,2500.0,2500.0,366900
2026-02-27 15:05:00,2510.0,2510.0,2500.0,2510.0,162700
2026-02-27 15:10:00,2500.0,2520.0,2500.0,2520.0,498700
2026-02-27 15:15:00,2520.0,2540.0,2520.0,2530.0,533000
2026-02-27 15:20:00,2530.0,2540.0,2530.0,2540.0,141500
2026-02-27 15:25:00,2540.0,2540.0,2520.0,2520.0,473900
2026-02-27 15:30:00,2520.0,2520.0,2510.0,2510.0,215100
2026-02-27 15:35:00,2510.0,2520.0,2500.0,2500.0,499700
2026-02-27 15:40:00,2510.0,2520.0,2500.0,2520.0,693700
2026-02-27 15:45:00,2510.0,2530.0,2510.0,2520.0,279200
2026-02-27 16:00:00,2570.0,2570.0,2570.0,2570.0,4233200
2026-02-27 16:05:00,2570.0,2570.0,2570.0,2570.0,18300
2026-02-27 16:10:00,2570.0,2570.0,2570.0,2570.0,8300
2026-03-02 09:00:00,2410.0,2440.0,2360.0,2430.0,0
2026-03-02 09:05:00,2440.0,2470.0,2430.0,2440.0,1481500
2026-03-02 09:10:00,2450.0,2450.0,2400.0,2420.0,2338200
2026-03-02 09:15:00,2410.0,2420.0,2400.0,2410.0,1368400
2026-03-02 09:20:00,2410.0,2430.0,2400.0,2420.0,1353300
2026-03-02 09:25:00,2420.0,2440.0,2410.0,2430.0,1329300
2026-03-02 09:30:00,2440.0,2440.0,2420.0,2430.0,509300
2026-03-02 09:35:00,2430.0,2460.0,2430.0,2450.0,654700
2026-03-02 09:40:00,2450.0,2470.0,2440.0,2440.0,388600
2026-03-02 09:45:00,2440.0,2440.0,2430.0,2430.0,645000
2026-03-02 09:50:00,2440.0,2440.0,2430.0,2440.0,89600
2026-03-02 09:55:00,2440.0,2450.0,2440.0,2440.0,333500
2026-03-02 10:00:00,2430.0,2440.0,2430.0,2430.0,223200
2026-03-02 10:05:00,2440.0,2440.0,2430.0,2440.0,108200
2026-03-02 10:10:00,2430.0,2440.0,2430.0,2430.0,299100
2026-03-02 10:15:00,2440.0,2440.0,2420.0,2420.0,794900
2026-03-02 10:20:00,2430.0,2430.0,2410.0,2420.0,671300
2026-03-02 10:25:00,2430.0,2440.0,2420.0,2430.0,115500
2026-03-02 10:30:00,2430.0,2440.0,2430.0,2430.0,131200
2026-03-02 10:35:00,2440.0,2440.0,2430.0,2430.0,105900
2026-03-02 10:40:00,2430.0,2440.0,2420.0,2420.0,565800
2026-03-02 10:45:00,2420.0,2430.0,2410.0,2420.0,317500
2026-03-02 10:50:00,2420.0,2420.0,2410.0,2420.0,850400
2026-03-02 10:55:00,2420.0,2420.0,2410.0,2420.0,231200
2026-03-02 11:00:00,2410.0,2420.0,2410.0,2420.0,264600
2026-03-02 11:05:00,2420.0,2420.0,2410.0,2410.0,57300
2026-03-02 11:10:00,2410.0,2420.0,2410.0,2410.0,119900
2026-03-02 11:15:00,2420.0,2430.0,2410.0,2430.0,134300
2026-03-02 11:20:00,2430.0,2430.0,2420.0,2430.0,44200
2026-03-02 11:25:00,2430.0,2430.0,2420.0,2430.0,17600
2026-03-02 11:30:00,2420.0,2440.0,2420.0,2440.0,554400
2026-03-02 11:35:00,2440.0,2440.0,2430.0,2430.0,54100
2026-03-02 11:40:00,2440.0,2440.0,2430.0,2430.0,20700
2026-03-02 11:45:00,2430.0,2440.0,2430.0,2430.0,33900
2026-03-02 11:50:00,2430.0,2440.0,2430.0,2440.0,189500
2026-03-02 11:55:00,2440.0,2440.0,2430.0,2430.0,41000
2026-03-02 13:30:00,2430.0,2440.0,2420.0,2430.0,255600
2026-03-02 13:35:00,2430.0,2430.0,2420.0,2420.0,368900
2026-03-02 13:40:00,2420.0,2420.0,2410.0,2420.0,126800
2026-03-02 13:45:00,2420.0,2420.0,2410.0,2420.0,99200
2026-03-02 13:50:00,2420.0,2420.0,2410.0,2420.0,163500
2026-03-02 13:55:00,2410.0,2420.0,2390.0,2390.0,4163500
2026-03-02 14:00:00,2390.0,2400.0,2380.0,2390.0,1776200
2026-03-02 14:05:00,2390.0,2390.0,2370.0,2380.0,1199800
2026-03-02 14:10:00,2380.0,2380.0,2370.0,2370.0,249600
2026-03-02 14:15:00,2380.0,2390.0,2370.0,2380.0,632100
2026-03-02 14:20:00,2380.0,2390.0,2360.0,2370.0,930800
2026-03-02 14:25:00,2370.0,2370.0,2360.0,2370.0,397800
2026-03-02 14:30:00,2370.0,2370.0,2340.0,2360.0,2931800
2026-03-02 14:35:00,2370.0,2370.0,2360.0,2370.0,354800
2026-03-02 14:40:00,2360.0,2390.0,2360.0,2380.0,999300
2026-03-02 14:45:00,2380.0,2380.0,2370.0,2380.0,947800
2026-03-02 14:50:00,2380.0,2400.0,2380.0,2390.0,725000
2026-03-02 14:55:00,2400.0,2410.0,2400.0,2400.0,611900
2026-03-02 15:00:00,2400.0,2400.0,2390.0,2390.0,324500
2026-03-02 15:05:00,2400.0,2400.0,2390.0,2400.0,219900
2026-03-02 15:10:00,2390.0,2400.0,2390.0,2390.0,266500
2026-03-02 15:15:00,2390.0,2390.0,2380.0,2380.0,136600
2026-03-02 15:20:00,2380.0,2390.0,2370.0,2370.0,754400
2026-03-02 15:25:00,2370.0,2380.0,2370.0,2370.0,229900
2026-03-02 15:30:00,2370.0,2370.0,2360.0,2360.0,451800
2026-03-02 15:35:00,2360.0,2370.0,2350.0,2350.0,1131300
2026-03-02 15:40:00,2360.0,2360.0,2340.0,2350.0,1003000
2026-03-02 15:45:00,2350.0,2360.0,2340.0,2360.0,821700
2026-03-02 16:00:00,2350.0,2350.0,2350.0,2350.0,1581900
2026-03-02 16:05:00,2350.0,2350.0,2350.0,2350.0,422700
2026-03-02 16:10:00,2350.0,2350.0,2350.0,2350.0,323700
2026-03-03 09:00:00,2350.0,2380.0,2310.0,2350.0,0
2026-03-03 09:05:00,2350.0,2390.0,2340.0,2370.0,564600
2026-03-03 09:10:00,2370.0,2370.0,2340.0,2360.0,832000
2026-03-03 09:15:00,2370.0,2370.0,2360.0,2360.0,561400
2026-03-03 09:20:00,2370.0,2370.0,2350.0,2360.0,476400
2026-03-03 09:25:00,2360.0,2370.0,2350.0,2360.0,448300
2026-03-03 09:30:00,2360.0,2360.0,2320.0,2330.0,815000
2026-03-03 09:35:00,2330.0,2330.0,2300.0,2300.0,1015000
2026-03-03 09:40:00,2310.0,2320.0,2290.0,2310.0,2302300
2026-03-03 09:45:00,2320.0,2320.0,2310.0,2320.0,119500
2026-03-03 09:50:00,2320.0,2320.0,2310.0,2310.0,380200
2026-03-03 09:55:00,2320.0,2330.0,2310.0,2320.0,216800
2026-03-03 10:00:00,2330.0,2340.0,2290.0,2290.0,1293800
2026-03-03 10:05:00,2290.0,2310.0,2280.0,2290.0,732800
2026-03-03 10:10:00,2300.0,2310.0,2290.0,2290.0,421400
2026-03-03 10:15:00,2300.0,2320.0,2290.0,2320.0,227400
2026-03-03 10:20:00,2320.0,2320.0,2310.0,2310.0,574400
2026-03-03 10:25:00,2310.0,2310.0,2280.0,2280.0,443700
2026-03-03 10:30:00,2290.0,2300.0,2280.0,2290.0,490900
2026-03-03 10:35:00,2290.0,2290.0,2270.0,2270.0,508600
2026-03-03 10:40:00,2270.0,2290.0,2270.0,2280.0,336000
2026-03-03 10:45:00,2290.0,2300.0,2280.0,2300.0,483600
2026-03-03 10:50:00,2290.0,2300.0,2260.0,2260.0,902300
2026-03-03 10:55:00,2260.0,2290.0,2260.0,2290.0,576600
2026-03-03 11:00:00,2280.0,2290.0,2260.0,2270.0,1078700
2026-03-03 11:05:00,2270.0,2280.0,2270.0,2270.0,75200
2026-03-03 11:10:00,2270.0,2280.0,2270.0,2280.0,65500
2026-03-03 11:15:00,2280.0,2290.0,2270.0,2280.0,336600
2026-03-03 11:20:00,2280.0,2290.0,2270.0,2280.0,208600
2026-03-03 11:25:00,2280.0,2290.0,2270.0,2280.0,132200
2026-03-03 11:30:00,2280.0,2300.0,2280.0,2300.0,260200
2026-03-03 11:35:00,2290.0,2300.0,2280.0,2300.0,367500
2026-03-03 11:40:00,2300.0,2300.0,2290.0,2300.0,112800
2026-03-03 11:45:00,2300.0,2300.0,2290.0,2300.0,58500
2026-03-03 11:50:00,2300.0,2300.0,2290.0,2300.0,92800
2026-03-03 11:55:00,2300.0,2300.0,2290.0,2300.0,125000
2026-03-03 13:30:00,2300.0,2310.0,2280.0,2300.0,483400
2026-03-03 13:35:00,2300.0,2300.0,2270.0,2270.0,840700
2026-03-03 13:40:00,2270.0,2290.0,2260.0,2280.0,254700
2026-03-03 13:45:00,2290.0,2290.0,2270.0,2270.0,698600
2026-03-03 13:50:00,2280.0,2290.0,2270.0,2280.0,708700
2026-03-03 13:55:00,2270.0,2280.0,2260.0,2280.0,147700
2026-03-03 14:00:00,2270.0,2290.0,2260.0,2260.0,324300
2026-03-03 14:05:00,2260.0,2290.0,2260.0,2290.0,429700
2026-03-03 14:10:00,2270.0,2290.0,2260.0,2270.0,266800
2026-03-03 14:15:00,2260.0,2270.0,2260.0,2260.0,325100
2026-03-03 14:20:00,2260.0,2270.0,2260.0,2270.0,147100
2026-03-03 14:25:00,2270.0,2280.0,2270.0,2280.0,316100
2026-03-03 14:30:00,2270.0,2300.0,2270.0,2270.0,1979300
2026-03-03 14:35:00,2290.0,2300.0,2280.0,2290.0,155000
2026-03-03 14:40:00,2290.0,2300.0,2280.0,2290.0,252700
2026-03-03 14:45:00,2290.0,2300.0,2280.0,2300.0,179900
2026-03-03 14:50:00,2300.0,2300.0,2290.0,2300.0,333100
2026-03-03 14:55:00,2300.0,2300.0,2280.0,2290.0,259400
2026-03-03 15:00:00,2290.0,2290.0,2280.0,2280.0,93200
2026-03-03 15:05:00,2290.0,2300.0,2280.0,2290.0,106600
2026-03-03 15:10:00,2300.0,2300.0,2290.0,2300.0,102100
2026-03-03 15:15:00,2300.0,2300.0,2290.0,2300.0,253300
2026-03-03 15:20:00,2290.0,2300.0,2280.0,2300.0,123500
2026-03-03 15:25:00,2300.0,2300.0,2290.0,2290.0,142000
2026-03-03 15:30:00,2290.0,2300.0,2290.0,2300.0,112800
2026-03-03 15:35:00,2300.0,2300.0,2290.0,2300.0,437000
2026-03-03 15:40:00,2300.0,2300.0,2290.0,2290.0,435100
2026-03-03 15:45:00,2290.0,2290.0,2270.0,2290.0,438200
2026-03-03 16:00:00,2270.0,2270.0,2270.0,2270.0,533100
2026-03-03 16:05:00,2270.0,2270.0,2270.0,2270.0,48200
2026-03-03 16:10:00,2270.0,2270.0,2270.0,2270.0,412000
2026-03-04 09:00:00,2280.0,2300.0,2250.0,2280.0,0
2026-03-04 09:05:00,2280.0,2280.0,2230.0,2240.0,1573500
2026-03-04 09:10:00,2230.0,2260.0,2230.0,2250.0,1194200
2026-03-04 09:15:00,2240.0,2240.0,2220.0,2220.0,639000
2026-03-04 09:20:00,2220.0,2230.0,2200.0,2230.0,988300
2026-03-04 09:25:00,2230.0,2250.0,2230.0,2240.0,318600
2026-03-04 09:30:00,2240.0,2290.0,2240.0,2290.0,1299300
2026-03-04 09:35:00,2290.0,2290.0,2260.0,2260.0,316800
2026-03-04 09:40:00,2260.0,2260.0,2250.0,2250.0,197300
2026-03-04 09:45:00,2260.0,2270.0,2240.0,2250.0,330300
2026-03-04 09:50:00,2250.0,2250.0,2230.0,2230.0,291500
2026-03-04 09:55:00,2230.0,2240.0,2210.0,2220.0,724300
2026-03-04 10:00:00,2210.0,2230.0,2200.0,2220.0,1924700
2026-03-04 10:05:00,2220.0,2240.0,2200.0,2230.0,436900
2026-03-04 10:10:00,2220.0,2230.0,2200.0,2220.0,1212300
2026-03-04 10:15:00,2220.0,2230.0,2210.0,2210.0,292000
2026-03-04 10:20:00,2210.0,2220.0,2200.0,2200.0,480300
2026-03-04 10:25:00,2200.0,2220.0,2180.0,2200.0,1823100
2026-03-04 10:30:00,2210.0,2240.0,2200.0,2240.0,415300
2026-03-04 10:35:00,2240.0,2260.0,2230.0,2250.0,368700
2026-03-04 10:40:00,2250.0,2260.0,2240.0,2250.0,563400
2026-03-04 10:45:00,2260.0,2270.0,2240.0,2260.0,150700
2026-03-04 10:50:00,2250.0,2260.0,2240.0,2260.0,142600
2026-03-04 10:55:00,2250.0,2260.0,2230.0,2250.0,132300
2026-03-04 11:00:00,2240.0,2250.0,2210.0,2230.0,516700
2026-03-04 11:05:00,2230.0,2240.0,2210.0,2240.0,134300
2026-03-04 11:10:00,2230.0,2240.0,2220.0,2230.0,139100
2026-03-04 11:15:00,2230.0,2230.0,2210.0,2210.0,247400
2026-03-04 11:20:00,2210.0,2220.0,2210.0,2220.0,187800
2026-03-04 11:25:00,2220.0,2220.0,2210.0,2220.0,41400
2026-03-04 11:30:00,2210.0,2220.0,2200.0,2210.0,448300
2026-03-04 11:35:00,2200.0,2220.0,2200.0,2210.0,367200
2026-03-04 11:40:00,2210.0,2210.0,2200.0,2200.0,287600
2026-03-04 11:45:00,2210.0,2210.0,2200.0,2210.0,357300
2026-03-04 11:50:00,2200.0,2210.0,2180.0,2180.0,760800
2026-03-04 11:55:00,2180.0,2200.0,2180.0,2190.0,84000
2026-03-04 13:30:00,2190.0,2190.0,2150.0,2160.0,2045800
2026-03-04 13:35:00,2170.0,2210.0,2160.0,2190.0,2079200
2026-03-04 13:40:00,2190.0,2220.0,2190.0,2200.0,680500
2026-03-04 13:45:00,2200.0,2200.0,2170.0,2170.0,296600
2026-03-04 13:50:00,2170.0,2190.0,2170.0,2180.0,36000
2026-03-04 13:55:00,2180.0,2180.0,2170.0,2180.0,141900
2026-03-04 14:00:00,2170.0,2180.0,2160.0,2160.0,829800
2026-03-04 14:05:00,2160.0,2170.0,2150.0,2160.0,727300
2026-03-04 14:10:00,2160.0,2170.0,2150.0,2160.0,997800
2026-03-04 14:15:00,2150.0,2170.0,2150.0,2160.0,447400
2026-03-04 14:20:00,2160.0,2190.0,2160.0,2180.0,394800
2026-03-04 14:25:00,2180.0,2190.0,2180.0,2180.0,35900
2026-03-04 14:30:00,2180.0,2210.0,2180.0,2210.0,403100
2026-03-04 14:35:00,2200.0,2210.0,2180.0,2190.0,275400
2026-03-04 14:40:00,2200.0,2200.0,2180.0,2190.0,287100
2026-03-04 14:45:00,2190.0,2220.0,2190.0,2200.0,772700
2026-03-04 14:50:00,2210.0,2220.0,2190.0,2190.0,380300
2026-03-04 14:55:00,2190.0,2200.0,2180.0,2190.0,531100
2026-03-04 15:00:00,2190.0,2200.0,2190.0,2200.0,171100
2026-03-04 15:05:00,2200.0,2200.0,2180.0,2200.0,471300
2026-03-04 15:10:00,2190.0,2200.0,2180.0,2180.0,413900
2026-03-04 15:15:00,2180.0,2190.0,2170.0,2170.0,1229100
2026-03-04 15:20:00,2180.0,2180.0,2170.0,2180.0,546600
2026-03-04 15:25:00,2180.0,2180.0,2170.0,2180.0,199900
2026-03-04 15:30:00,2170.0,2180.0,2170.0,2180.0,327800
2026-03-04 15:35:00,2180.0,2180.0,2170.0,2180.0,330700
2026-03-04 15:40:00,2180.0,2180.0,2160.0,2170.0,346100
2026-03-04 15:45:00,2170.0,2170.0,2150.0,2170.0,1762800
2026-03-04 16:00:00,2160.0,2160.0,2160.0,2160.0,876600
2026-03-04 16:05:00,2160.0,2160.0,2160.0,2160.0,8400
2026-03-04 16:10:00,2160.0,2160.0,2160.0,2160.0,61200
2026-03-05 09:00:00,2240.0,2330.0,2230.0,2280.0,0
2026-03-05 09:05:00,2280.0,2290.0,2240.0,2250.0,1268700
2026-03-05 09:10:00,2250.0,2290.0,2250.0,2270.0,1097400
2026-03-05 09:15:00,2270.0,2300.0,2270.0,2280.0,938600
2026-03-05 09:20:00,2270.0,2300.0,2260.0,2260.0,1087600
2026-03-05 09:25:00,2270.0,2270.0,2240.0,2250.0,888500
2026-03-05 09:30:00,2240.0,2280.0,2240.0,2260.0,425300
2026-03-05 09:35:00,2260.0,2270.0,2260.0,2270.0,68000
2026-03-05 09:40:00,2270.0,2270.0,2250.0,2260.0,295600
2026-03-05 09:45:00,2260.0,2260.0,2220.0,2220.0,771700
2026-03-05 09:50:00,2240.0,2250.0,2230.0,2240.0,187100
2026-03-05 09:55:00,2240.0,2250.0,2230.0,2240.0,32500
2026-03-05 10:00:00,2240.0,2250.0,2240.0,2250.0,84100
2026-03-05 10:05:00,2240.0,2250.0,2220.0,2230.0,1141700
2026-03-05 10:10:00,2240.0,2250.0,2230.0,2250.0,73500
2026-03-05 10:15:00,2240.0,2250.0,2240.0,2240.0,115300
2026-03-05 10:20:00,2240.0,2250.0,2220.0,2220.0,144500
2026-03-05 10:25:00,2220.0,2240.0,2220.0,2230.0,143000
2026-03-05 10:30:00,2220.0,2230.0,2220.0,2230.0,29000
2026-03-05 10:35:00,2230.0,2230.0,2220.0,2230.0,26000
2026-03-05 10:40:00,2230.0,2230.0,2220.0,2220.0,288100
2026-03-05 10:45:00,2220.0,2220.0,2210.0,2210.0,199000
2026-03-05 10:50:00,2220.0,2220.0,2200.0,2210.0,166300
2026-03-05 10:55:00,2200.0,2220.0,2200.0,2220.0,71600
2026-03-05 11:00:00,2220.0,2230.0,2210.0,2220.0,186300
2026-03-05 11:05:00,2220.0,2230.0,2200.0,2200.0,1125400
2026-03-05 11:10:00,2220.0,2220.0,2180.0,2210.0,675500
2026-03-05 11:15:00,2200.0,2210.0,2200.0,2210.0,86700
2026-03-05 11:20:00,2200.0,2220.0,2190.0,2200.0,154100
2026-03-05 11:25:00,2200.0,2220.0,2200.0,2210.0,82100
2026-03-05 11:30:00,2220.0,2220.0,2210.0,2210.0,25100
2026-03-05 11:35:00,2210.0,2220.0,2210.0,2210.0,2900
2026-03-05 11:40:00,2210.0,2220.0,2210.0,2210.0,63800
2026-03-05 11:45:00,2210.0,2210.0,2200.0,2210.0,11000
2026-03-05 11:50:00,2210.0,2220.0,2210.0,2210.0,54700
2026-03-05 11:55:00,2210.0,2210.0,2200.0,2200.0,114100
2026-03-05 13:30:00,2210.0,2210.0,2190.0,2200.0,438800
2026-03-05 13:35:00,2190.0,2210.0,2190.0,2200.0,29200
2026-03-05 13:40:00,2200.0,2200.0,2190.0,2200.0,32500
2026-03-05 13:45:00,2200.0,2210.0,2190.0,2210.0,45900
2026-03-05 13:50:00,2200.0,2220.0,2200.0,2220.0,107400
2026-03-05 13:55:00,2220.0,2220.0,2210.0,2220.0,92200
2026-03-05 14:00:00,2220.0,2230.0,2210.0,2220.0,159900
2026-03-05 14:05:00,2220.0,2230.0,2220.0,2220.0,115100
2026-03-05 14:10:00,2230.0,2230.0,2220.0,2220.0,117400
2026-03-05 14:15:00,2220.0,2230.0,2210.0,2220.0,707300
2026-03-05 14:20:00,2220.0,2230.0,2210.0,2220.0,232900
2026-03-05 14:25:00,2210.0,2230.0,2210.0,2220.0,57300
2026-03-05 14:30:00,2220.0,2220.0,2200.0,2210.0,244400
2026-03-05 14:35:00,2210.0,2210.0,2210.0,2210.0,205600
2026-03-05 14:40:00,2210.0,2210.0,2200.0,2200.0,126100
2026-03-05 14:45:00,2210.0,2210.0,2200.0,2200.0,768300
2026-03-05 14:50:00,2210.0,2210.0,2200.0,2200.0,137400
2026-03-05 14:55:00,2200.0,2210.0,2200.0,2210.0,2500
2026-03-05 15:00:00,2200.0,2210.0,2190.0,2200.0,400100
2026-03-05 15:05:00,2200.0,2210.0,2190.0,2200.0,12200
2026-03-05 15:10:00,2200.0,2200.0,2190.0,2200.0,53800
2026-03-05 15:15:00,2200.0,2200.0,2190.0,2200.0,43400
2026-03-05 15:20:00,2200.0,2200.0,2190.0,2190.0,248700
2026-03-05 15:25:00,2190.0,2190.0,2180.0,2190.0,65800
2026-03-05 15:30:00,2190.0,2190.0,2180.0,2190.0,304800
2026-03-05 15:35:00,2190.0,2200.0,2190.0,2200.0,134000
2026-03-05 15:40:00,2200.0,2200.0,2190.0,2200.0,58500
2026-03-05 15:45:00,2200.0,2200.0,2190.0,2200.0,218500
2026-03-05 16:00:00,2190.0,2190.0,2190.0,2190.0,969300
2026-03-05 16:05:00,2190.0,2190.0,2190.0,2190.0,11600
2026-03-05 16:10:00,2190.0,2190.0,2190.0,2190.0,0
2026-03-06 09:00:00,2190.0,2210.0,2160.0,2190.0,0
2026-03-06 09:05:00,2200.0,2200.0,2170.0,2170.0,481100
2026-03-06 09:10:00,2170.0,2170.0,2150.0,2160.0,444800
2026-03-06 09:15:00,2150.0,2170.0,2140.0,2160.0,866100
2026-03-06 09:20:00,2170.0,2170.0,2150.0,2160.0,224500
2026-03-06 09:25:00,2160.0,2160.0,2130.0,2130.0,713500
2026-03-06 09:30:00,2140.0,2150.0,2130.0,2150.0,761900
2026-03-06 09:35:00,2150.0,2150.0,2120.0,2120.0,520100
2026-03-06 09:40:00,2130.0,2130.0,2120.0,2120.0,520700
2026-03-06 09:45:00,2120.0,2120.0,2110.0,2120.0,583800
2026-03-06 09:50:00,2120.0,2130.0,2120.0,2120.0,294200
2026-03-06 09:55:00,2130.0,2130.0,2120.0,2120.0,398600
2026-03-06 10:00:00,2130.0,2130.0,2120.0,2120.0,252900
2026-03-06 10:05:00,2120.0,2140.0,2120.0,2140.0,247600
2026-03-06 10:10:00,2140.0,2140.0,2120.0,2130.0,379300
2026-03-06 10:15:00,2120.0,2120.0,2100.0,2100.0,1175100
2026-03-06 10:20:00,2100.0,2100.0,2070.0,2080.0,1236800
2026-03-06 10:25:00,2090.0,2110.0,2080.0,2090.0,1972400
2026-03-06 10:30:00,2090.0,2090.0,2080.0,2090.0,369800
2026-03-06 10:35:00,2080.0,2090.0,2070.0,2080.0,393900
2026-03-06 10:40:00,2080.0,2100.0,2070.0,2090.0,381900
2026-03-06 10:45:00,2090.0,2100.0,2090.0,2100.0,391800
2026-03-06 10:50:00,2090.0,2100.0,2090.0,2090.0,80700
2026-03-06 10:55:00,2100.0,2100.0,2090.0,2100.0,220600
2026-03-06 11:00:00,2100.0,2100.0,2080.0,2100.0,555600
2026-03-06 11:05:00,2100.0,2110.0,2080.0,2080.0,429900
2026-03-06 11:10:00,2090.0,2090.0,2070.0,2080.0,561600
2026-03-06 11:15:00,2070.0,2080.0,2070.0,2080.0,872600
2026-03-06 11:20:00,2080.0,2080.0,2060.0,2060.0,836700
2026-03-06 11:25:00,2060.0,2070.0,2050.0,2060.0,1394800
2026-03-06 14:00:00,2060.0,2100.0,2060.0,2070.0,1508600
2026-03-06 14:05:00,2070.0,2090.0,2060.0,2090.0,1371400
2026-03-06 14:10:00,2090.0,2100.0,2080.0,2090.0,405700
2026-03-06 14:15:00,2090.0,2100.0,2060.0,2090.0,1116600
2026-03-06 14:20:00,2090.0,2090.0,2080.0,2090.0,136200
2026-03-06 14:25:00,2090.0,2100.0,2050.0,2100.0,2416900
2026-03-06 14:30:00,2090.0,2110.0,2090.0,2100.0,438400
2026-03-06 14:35:00,2100.0,2110.0,2080.0,2090.0,414800
2026-03-06 14:40:00,2080.0,2100.0,2080.0,2090.0,48100
2026-03-06 14:45:00,2100.0,2100.0,2090.0,2090.0,53400
2026-03-06 14:50:00,2100.0,2110.0,2090.0,2110.0,447600
2026-03-06 14:55:00,2110.0,2110.0,2090.0,2100.0,412000
2026-03-06 15:00:00,2110.0,2110.0,2100.0,2100.0,148300
2026-03-06 15:05:00,2110.0,2120.0,2100.0,2120.0,807900
2026-03-06 15:10:00,2120.0,2120.0,2100.0,2110.0,679600
2026-03-06 15:15:00,2110.0,2120.0,2100.0,2110.0,711500
2026-03-06 15:20:00,2110.0,2130.0,2110.0,2120.0,907800
2026-03-06 15:25:00,2120.0,2120.0,2110.0,2120.0,399900
2026-03-06 15:30:00,2120.0,2130.0,2110.0,2110.0,469300
2026-03-06 15:35:00,2120.0,2120.0,2090.0,2100.0,763600
2026-03-06 15:40:00,2100.0,2110.0,2100.0,2110.0,251600
2026-03-06 15:45:00,2110.0,2120.0,2100.0,2120.0,533100
2026-03-06 16:00:00,2100.0,2100.0,2100.0,2100.0,706200
2026-03-06 16:05:00,2100.0,2100.0,2100.0,2100.0,165200
2026-03-06 16:10:00,2100.0,2100.0,2100.0,2100.0,3100
2026-03-09 09:00:00,1990.0,1995.0,1910.0,1925.0,0
2026-03-09 09:05:00,1915.0,1930.0,1905.0,1925.0,3232900
2026-03-09 09:10:00,1925.0,1970.0,1920.0,1960.0,1249200
2026-03-09 09:15:00,1965.0,1985.0,1950.0,1970.0,1920500
2026-03-09 09:20:00,1985.0,1990.0,1960.0,1990.0,1364600
2026-03-09 09:25:00,1990.0,1995.0,1965.0,1970.0,990400
2026-03-09 09:30:00,1970.0,1975.0,1955.0,1960.0,1547200
2026-03-09 09:35:00,1960.0,1985.0,1955.0,1980.0,859200
2026-03-09 09:40:00,1980.0,1990.0,1975.0,1985.0,271600
2026-03-09 09:45:00,1985.0,2010.0,1985.0,2010.0,1563500
2026-03-09 09:50:00,2000.0,2010.0,1990.0,1995.0,937900
2026-03-09 09:55:00,1995.0,1995.0,1980.0,1985.0,280100
2026-03-09 10:00:00,1985.0,1985.0,1965.0,1975.0,674500
2026-03-09 10:05:00,1975.0,1985.0,1965.0,1970.0,273700
2026-03-09 10:10:00,1965.0,1975.0,1945.0,1955.0,1025400
2026-03-09 10:15:00,1955.0,1960.0,1935.0,1945.0,1830500
2026-03-09 10:20:00,1950.0,1950.0,1935.0,1940.0,935900
2026-03-09 10:25:00,1935.0,1945.0,1925.0,1945.0,948600
2026-03-09 10:30:00,1950.0,1955.0,1930.0,1935.0,642300
2026-03-09 10:35:00,1930.0,1940.0,1930.0,1940.0,608500
2026-03-09 10:40:00,1940.0,1965.0,1935.0,1950.0,446700
2026-03-09 10:45:00,1950.0,1960.0,1945.0,1955.0,1140400
2026-03-09 10:50:00,1955.0,1955.0,1945.0,1950.0,123400
2026-03-09 10:55:00,1950.0,1950.0,1935.0,1935.0,456900
2026-03-09 11:00:00,1940.0,1940.0,1920.0,1940.0,998800
2026-03-09 11:05:00,1935.0,1945.0,1935.0,1945.0,517500
2026-03-09 11:10:00,1950.0,1950.0,1945.0,1950.0,1074800
2026-03-09 11:15:00,1955.0,1970.0,1950.0,1965.0,665400
2026-03-09 11:20:00,1965.0,1970.0,1955.0,1960.0,217100
2026-03-09 11:25:00,1960.0,1970.0,1960.0,1965.0,73600
2026-03-09 11:30:00,1965.0,1970.0,1965.0,1965.0,332200
2026-03-09 11:35:00,1965.0,1970.0,1965.0,1970.0,108700
2026-03-09 11:40:00,1970.0,1970.0,1955.0,1955.0,365800
2026-03-09 11:45:00,1960.0,1960.0,1955.0,1955.0,2900
2026-03-09 11:50:00,1960.0,1965.0,1955.0,1960.0,543400
2026-03-09 11:55:00,1965.0,1965.0,1955.0,1965.0,104500
2026-03-09 13:30:00,1965.0,2000.0,1955.0,1980.0,1463300
2026-03-09 13:35:00,1985.0,1990.0,1975.0,1980.0,763800
2026-03-09 13:40:00,1980.0,2010.0,1980.0,2010.0,1243800
2026-03-09 13:45:00,2020.0,2030.0,2000.0,2030.0,1613500
2026-03-09 13:50:00,2030.0,2040.0,2010.0,2010.0,545900
2026-03-09 13:55:00,2020.0,2020.0,2010.0,2020.0,299000
2026-03-09 14:00:00,2020.0,2020.0,1990.0,1990.0,598900
2026-03-09 14:05:00,1990.0,2000.0,1990.0,2000.0,80000
2026-03-09 14:10:00,1995.0,2010.0,1995.0,2000.0,131100
2026-03-09 14:15:00,2000.0,2010.0,1995.0,2000.0,94400
2026-03-09 14:20:00,1995.0,2000.0,1985.0,1990.0,186600
2026-03-09 14:25:00,1990.0,1995.0,1985.0,1995.0,47900
2026-03-09 14:30:00,1995.0,2010.0,1995.0,1995.0,115900
2026-03-09 14:35:00,2000.0,2010.0,2000.0,2010.0,27300
2026-03-09 14:40:00,2010.0,2010.0,2000.0,2000.0,26900
2026-03-09 14:45:00,2000.0,2010.0,2000.0,2000.0,197000
2026-03-09 14:50:00,1995.0,1995.0,1990.0,1990.0,264600
2026-03-09 14:55:00,1995.0,1995.0,1980.0,1985.0,451000
2026-03-09 15:00:00,1985.0,1990.0,1980.0,1990.0,104900
2026-03-09 15:05:00,1990.0,1990.0,1970.0,1980.0,348200
2026-03-09 15:10:00,1970.0,1970.0,1955.0,1960.0,851000
2026-03-09 15:15:00,1960.0,1965.0,1950.0,1960.0,462600
2026-03-09 15:20:00,1960.0,1960.0,1955.0,1955.0,69700
2026-03-09 15:25:00,1955.0,1960.0,1940.0,1955.0,872200
2026-03-09 15:30:00,1955.0,1965.0,1950.0,1965.0,182100
2026-03-09 15:35:00,1965.0,1965.0,1955.0,1955.0,240500
2026-03-09 15:40:00,1955.0,1960.0,1940.0,1940.0,987700
2026-03-09 15:45:00,1940.0,1955.0,1935.0,1940.0,1146200
2026-03-09 16:00:00,1945.0,1945.0,1945.0,1945.0,820200
2026-03-09 16:05:00,1945.0,1945.0,1945.0,1945.0,100100
2026-03-09 16:10:00,1945.0,1945.0,1945.0,1945.0,32200
2026-03-10 09:00:00,2030.0,2100.0,2010.0,2070.0,0
2026-03-10 09:05:00,2070.0,2090.0,2040.0,2040.0,1685700
2026-03-10 09:10:00,2030.0,2060.0,2030.0,2050.0,1171500
2026-03-10 09:15:00,2040.0,2070.0,2040.0,2060.0,1454400
2026-03-10 09:20:00,2070.0,2070.0,2050.0,2060.0,420100
2026-03-10 09:25:00,2060.0,2060.0,2040.0,2040.0,1593600
2026-03-10 09:30:00,2040.0,2040.0,2010.0,2020.0,1416900
2026-03-10 09:35:00,2020.0,2050.0,2020.0,2040.0,579500
2026-03-10 09:40:00,2040.0,2050.0,2040.0,2050.0,327000
2026-03-10 09:45:00,2050.0,2060.0,2050.0,2060.0,534600
2026-03-10 09:50:00,2060.0,2060.0,2040.0,2040.0,559000
2026-03-10 09:55:00,2050.0,2050.0,2040.0,2050.0,176400
2026-03-10 10:00:00,2040.0,2050.0,2040.0,2040.0,658900
2026-03-10 10:05:00,2040.0,2050.0,2040.0,2040.0,155600
2026-03-10 10:10:00,2050.0,2050.0,2030.0,2040.0,224400
2026-03-10 10:15:00,2030.0,2050.0,2030.0,2050.0,539600
2026-03-10 10:20:00,2050.0,2050.0,2040.0,2040.0,30700
2026-03-10 10:25:00,2040.0,2050.0,2040.0,2050.0,502200
2026-03-10 10:30:00,2050.0,2060.0,2050.0,2060.0,77700
2026-03-10 10:35:00,2050.0,2060.0,2040.0,2050.0,454000
2026-03-10 10:40:00,2050.0,2050.0,2050.0,2050.0,150000
2026-03-10 10:45:00,2040.0,2060.0,2040.0,2050.0,130800
2026-03-10 10:50:00,2060.0,2060.0,2050.0,2050.0,126800
2026-03-10 10:55:00,2050.0,2050.0,2040.0,2050.0,33400
2026-03-10 11:00:00,2040.0,2050.0,2040.0,2050.0,796700
2026-03-10 11:05:00,2050.0,2060.0,2050.0,2050.0,77600
2026-03-10 11:10:00,2050.0,2060.0,2050.0,2050.0,61200
2026-03-10 11:15:00,2050.0,2050.0,2040.0,2050.0,354600
2026-03-10 11:20:00,2050.0,2050.0,2040.0,2040.0,329400
2026-03-10 11:25:00,2030.0,2030.0,2020.0,2020.0,77300
2026-03-10 11:30:00,2030.0,2030.0,2020.0,2030.0,282600
2026-03-10 11:35:00,2030.0,2030.0,2020.0,2020.0,13500
2026-03-10 11:40:00,2030.0,2030.0,2020.0,2030.0,28100
2026-03-10 11:45:00,2020.0,2030.0,2020.0,2020.0,138100
2026-03-10 11:50:00,2030.0,2040.0,2020.0,2020.0,65600
2026-03-10 11:55:00,2040.0,2040.0,2030.0,2030.0,6600
2026-03-10 13:30:00,2030.0,2040.0,2020.0,2030.0,304700
2026-03-10 13:35:00,2030.0,2050.0,2030.0,2040.0,127500
2026-03-10 13:40:00,2040.0,2050.0,2030.0,2040.0,495300
2026-03-10 13:45:00,2040.0,2050.0,2040.0,2050.0,0
2026-03-10 13:50:00,2040.0,2050.0,2040.0,2050.0,121200
2026-03-10 13:55:00,2050.0,2050.0,2040.0,2050.0,5100
2026-03-10 14:00:00,2050.0,2050.0,2040.0,2040.0,7400
2026-03-10 14:05:00,2040.0,2040.0,2030.0,2030.0,202400
2026-03-10 14:10:00,2030.0,2040.0,2030.0,2040.0,366000
2026-03-10 14:15:00,2040.0,2050.0,2030.0,2040.0,241300
2026-03-10 14:20:00,2050.0,2050.0,2040.0,2040.0,28500
2026-03-10 14:25:00,2040.0,2070.0,2040.0,2070.0,1075800
2026-03-10 14:30:00,2060.0,2070.0,2050.0,2060.0,115700
2026-03-10 14:35:00,2060.0,2070.0,2050.0,2060.0,43700
2026-03-10 14:40:00,2060.0,2060.0,2050.0,2060.0,10500
2026-03-10 14:45:00,2060.0,2060.0,2050.0,2060.0,158400
2026-03-10 14:50:00,2060.0,2070.0,2060.0,2060.0,50400
2026-03-10 14:55:00,2060.0,2080.0,2060.0,2070.0,229200
2026-03-10 15:00:00,2070.0,2080.0,2060.0,2070.0,138400
2026-03-10 15:05:00,2070.0,2080.0,2060.0,2080.0,661900
2026-03-10 15:10:00,2090.0,2120.0,2080.0,2110.0,3737200
2026-03-10 15:15:00,2110.0,2110.0,2100.0,2110.0,378700
2026-03-10 15:20:00,2110.0,2110.0,2090.0,2100.0,229900
2026-03-10 15:25:00,2100.0,2100.0,2080.0,2090.0,134600
2026-03-10 15:30:00,2080.0,2120.0,2080.0,2110.0,844900
2026-03-10 15:35:00,2100.0,2110.0,2100.0,2110.0,58000
2026-03-10 15:40:00,2100.0,2110.0,2100.0,2100.0,66000
2026-03-10 15:45:00,2110.0,2110.0,2090.0,2090.0,558100
2026-03-10 16:00:00,2090.0,2090.0,2090.0,2090.0,547900
2026-03-10 16:05:00,2090.0,2090.0,2090.0,2090.0,46000
2026-03-10 16:10:00,2090.0,2090.0,2090.0,2090.0,68600
2026-03-11 09:00:00,2110.0,2180.0,2090.0,2170.0,0
2026-03-11 09:05:00,2170.0,2300.0,2170.0,2280.0,9299100
2026-03-11 09:10:00,2280.0,2280.0,2260.0,2270.0,2344500
2026-03-11 09:15:00,2270.0,2290.0,2250.0,2280.0,3362500
2026-03-11 09:20:00,2280.0,2350.0,2280.0,2300.0,9793700
2026-03-11 09:25:00,2290.0,2300.0,2270.0,2280.0,1995800
2026-03-11 09:30:00,2280.0,2300.0,2280.0,2300.0,1022000
2026-03-11 09:35:00,2300.0,2300.0,2270.0,2280.0,986700
2026-03-11 09:40:00,2280.0,2290.0,2260.0,2270.0,1797000
2026-03-11 09:45:00,2260.0,2290.0,2260.0,2280.0,1868200
2026-03-11 09:50:00,2280.0,2290.0,2260.0,2260.0,621500
2026-03-11 09:55:00,2260.0,2270.0,2230.0,2250.0,2660500
2026-03-11 10:00:00,2250.0,2290.0,2240.0,2280.0,1334800
2026-03-11 10:05:00,2270.0,2280.0,2260.0,2270.0,640600
2026-03-11 10:10:00,2280.0,2280.0,2260.0,2270.0,116100
2026-03-11 10:15:00,2270.0,2270.0,2250.0,2250.0,453400
2026-03-11 10:20:00,2250.0,2260.0,2250.0,2260.0,740300
2026-03-11 10:25:00,2250.0,2260.0,2250.0,2250.0,424300
2026-03-11 10:30:00,2250.0,2260.0,2250.0,2250.0,261600
2026-03-11 10:35:00,2250.0,2250.0,2250.0,2250.0,314400
2026-03-11 10:40:00,2250.0,2260.0,2240.0,2240.0,360500
2026-03-11 10:45:00,2250.0,2250.0,2230.0,2240.0,984900
2026-03-11 10:50:00,2240.0,2270.0,2240.0,2260.0,574600
2026-03-11 10:55:00,2270.0,2300.0,2270.0,2290.0,2761700
2026-03-11 11:00:00,2280.0,2290.0,2260.0,2260.0,313900
2026-03-11 11:05:00,2260.0,2280.0,2260.0,2280.0,118600
2026-03-11 11:10:00,2280.0,2280.0,2250.0,2250.0,560200
2026-03-11 11:15:00,2250.0,2270.0,2250.0,2260.0,149300
2026-03-11 11:20:00,2260.0,2270.0,2260.0,2260.0,25300
2026-03-11 11:25:00,2260.0,2270.0,2250.0,2260.0,245900
2026-03-11 11:30:00,2260.0,2270.0,2260.0,2270.0,113000
2026-03-11 11:35:00,2260.0,2270.0,2260.0,2270.0,82400
2026-03-11 11:40:00,2270.0,2280.0,2260.0,2280.0,287000
2026-03-11 11:45:00,2270.0,2280.0,2260.0,2280.0,325300
2026-03-11 11:50:00,2280.0,2280.0,2270.0,2270.0,272900
2026-03-11 11:55:00,2270.0,2280.0,2260.0,2280.0,224400
2026-03-11 13:30:00,2270.0,2280.0,2260.0,2270.0,143900
2026-03-11 13:35:00,2270.0,2270.0,2250.0,2250.0,469600
2026-03-11 13:40:00,2260.0,2260.0,2240.0,2240.0,1986600
2026-03-11 13:45:00,2240.0,2260.0,2240.0,2250.0,438200
2026-03-11 13:50:00,2250.0,2270.0,2250.0,2270.0,549400
2026-03-11 13:55:00,2270.0,2270.0,2250.0,2250.0,214100
2026-03-11 14:00:00,2250.0,2260.0,2240.0,2250.0,216000
2026-03-11 14:05:00,2250.0,2260.0,2240.0,2250.0,104200
2026-03-11 14:10:00,2250.0,2250.0,2240.0,2240.0,222900
2026-03-11 14:15:00,2240.0,2250.0,2240.0,2240.0,111100
2026-03-11 14:20:00,2240.0,2250.0,2240.0,2250.0,150500
2026-03-11 14:25:00,2240.0,2250.0,2230.0,2240.0,271800
2026-03-11 14:30:00,2240.0,2250.0,2230.0,2240.0,212700
2026-03-11 14:35:00,2250.0,2260.0,2240.0,2250.0,348400
2026-03-11 14:40:00,2250.0,2260.0,2250.0,2260.0,45800
2026-03-11 14:45:00,2260.0,2260.0,2250.0,2260.0,51900
2026-03-11 14:50:00,2250.0,2260.0,2240.0,2250.0,57900
2026-03-11 14:55:00,2250.0,2260.0,2240.0,2260.0,128900
2026-03-11 15:00:00,2250.0,2260.0,2250.0,2250.0,215900
2026-03-11 15:05:00,2250.0,2280.0,2250.0,2280.0,558500
2026-03-11 15:10:00,2280.0,2280.0,2270.0,2280.0,97600
2026-03-11 15:15:00,2280.0,2280.0,2260.0,2270.0,333100
2026-03-11 15:20:00,2260.0,2270.0,2260.0,2270.0,72700
2026-03-11 15:25:00,2260.0,2280.0,2260.0,2270.0,193800
2026-03-11 15:30:00,2270.0,2280.0,2270.0,2270.0,129800
2026-03-11 15:35:00,2280.0,2290.0,2270.0,2290.0,864600
2026-03-11 15:40:00,2280.0,2300.0,2270.0,2300.0,1863600
2026-03-11 15:45:00,2290.0,2290.0,2280.0,2290.0,665500
2026-03-11 16:00:00,2280.0,2280.0,2280.0,2280.0,1552400
2026-03-11 16:05:00,2280.0,2280.0,2280.0,2280.0,185100
2026-03-11 16:10:00,2280.0,2280.0,2280.0,2280.0,70200
2026-03-12 09:00:00,2250.0,2270.0,2200.0,2260.0,0
2026-03-12 09:05:00,2270.0,2280.0,2200.0,2230.0,2332400
2026-03-12 09:10:00,2230.0,2250.0,2210.0,2220.0,557400
2026-03-12 09:15:00,2220.0,2220.0,2190.0,2200.0,1270300
2026-03-12 09:20:00,2190.0,2220.0,2190.0,2210.0,305800
2026-03-12 09:25:00,2210.0,2230.0,2190.0,2190.0,782200
2026-03-12 09:30:00,2190.0,2200.0,2170.0,2180.0,2015100
2026-03-12 09:35:00,2180.0,2190.0,2160.0,2170.0,1033100
2026-03-12 09:40:00,2170.0,2190.0,2170.0,2190.0,622300
2026-03-12 09:45:00,2190.0,2200.0,2180.0,2180.0,152000
2026-03-12 09:50:00,2180.0,2190.0,2170.0,2190.0,460400
2026-03-12 09:55:00,2180.0,2190.0,2180.0,2190.0,1254300
2026-03-12 10:00:00,2180.0,2200.0,2180.0,2200.0,888000
2026-03-12 10:05:00,2200.0,2200.0,2190.0,2200.0,8000
2026-03-12 10:10:00,2200.0,2200.0,2170.0,2180.0,2583300
2026-03-12 10:15:00,2180.0,2190.0,2180.0,2190.0,225700
2026-03-12 10:20:00,2190.0,2210.0,2180.0,2190.0,385300
2026-03-12 10:25:00,2200.0,2200.0,2170.0,2170.0,1100700
2026-03-12 10:30:00,2170.0,2180.0,2150.0,2160.0,3967000
2026-03-12 10:35:00,2160.0,2160.0,2150.0,2150.0,561200
2026-03-12 10:40:00,2160.0,2170.0,2150.0,2160.0,253900
2026-03-12 10:45:00,2160.0,2170.0,2150.0,2170.0,300500
2026-03-12 10:50:00,2170.0,2170.0,2150.0,2170.0,121900
2026-03-12 10:55:00,2170.0,2170.0,2160.0,2170.0,60500
2026-03-12 11:00:00,2170.0,2170.0,2150.0,2160.0,475800
2026-03-12 11:05:00,2160.0,2160.0,2150.0,2160.0,107000
2026-03-12 11:10:00,2150.0,2150.0,2130.0,2150.0,1539900
2026-03-12 11:15:00,2150.0,2160.0,2150.0,2150.0,88200
2026-03-12 11:20:00,2150.0,2160.0,2150.0,2160.0,24400
2026-03-12 11:25:00,2150.0,2160.0,2150.0,2160.0,342000
2026-03-12 11:30:00,2160.0,2160.0,2150.0,2160.0,3700
2026-03-12 11:35:00,2160.0,2160.0,2140.0,2150.0,1244600
2026-03-12 11:40:00,2150.0,2150.0,2140.0,2150.0,69900
2026-03-12 11:45:00,2150.0,2150.0,2140.0,2150.0,26800
2026-03-12 11:50:00,2140.0,2160.0,2140.0,2150.0,937500
2026-03-12 11:55:00,2150.0,2150.0,2140.0,2150.0,223900
2026-03-12 13:30:00,2150.0,2160.0,2140.0,2160.0,306200
2026-03-12 13:35:00,2150.0,2160.0,2140.0,2150.0,247500
2026-03-12 13:40:00,2150.0,2160.0,2150.0,2160.0,74100
2026-03-12 13:45:00,2160.0,2160.0,2140.0,2140.0,1506500
2026-03-12 13:50:00,2140.0,2150.0,2140.0,2140.0,124500
2026-03-12 13:55:00,2140.0,2140.0,2130.0,2130.0,175500
2026-03-12 14:00:00,2130.0,2140.0,2120.0,2130.0,894300
2026-03-12 14:05:00,2130.0,2130.0,2110.0,2120.0,307500
2026-03-12 14:10:00,2130.0,2140.0,2120.0,2130.0,331500
2026-03-12 14:15:00,2130.0,2140.0,2130.0,2140.0,26900
2026-03-12 14:20:00,2130.0,2140.0,2130.0,2130.0,137000
2026-03-12 14:25:00,2130.0,2130.0,2120.0,2130.0,55600
2026-03-12 14:30:00,2130.0,2140.0,2120.0,2130.0,60300
2026-03-12 14:35:00,2130.0,2140.0,2130.0,2140.0,15700
2026-03-12 14:40:00,2140.0,2140.0,2130.0,2130.0,64700
2026-03-12 14:45:00,2130.0,2140.0,2120.0,2130.0,152800
2026-03-12 14:50:00,2120.0,2140.0,2120.0,2130.0,107600
2026-03-12 14:55:00,2130.0,2130.0,2110.0,2110.0,872600
2026-03-12 15:00:00,2120.0,2120.0,2110.0,2110.0,194000
2026-03-12 15:05:00,2110.0,2120.0,2100.0,2110.0,1098500
2026-03-12 15:10:00,2110.0,2120.0,2110.0,2120.0,473500
2026-03-12 15:15:00,2120.0,2120.0,2110.0,2120.0,68700
2026-03-12 15:20:00,2120.0,2120.0,2110.0,2110.0,71500
2026-03-12 15:25:00,2110.0,2120.0,2110.0,2120.0,66800
2026-03-12 15:30:00,2110.0,2120.0,2110.0,2120.0,147800
2026-03-12 15:35:00,2120.0,2120.0,2110.0,2110.0,478100
2026-03-12 15:40:00,2100.0,2110.0,2100.0,2110.0,433200
2026-03-12 15:45:00,2110.0,2120.0,2100.0,2110.0,261300
2026-03-12 16:00:00,2100.0,2100.0,2100.0,2100.0,1119400
2026-03-12 16:05:00,2100.0,2100.0,2100.0,2100.0,202900
2026-03-12 16:10:00,2100.0,2100.0,2100.0,2100.0,173700
2026-03-13 09:00:00,2090.0,2110.0,2060.0,2070.0,0
2026-03-13 09:05:00,2070.0,2100.0,2060.0,2100.0,873900
2026-03-13 09:10:00,2090.0,2100.0,2060.0,2070.0,786800
2026-03-13 09:15:00,2060.0,2070.0,2040.0,2060.0,964700
2026-03-13 09:20:00,2060.0,2060.0,2040.0,2040.0,489000
2026-03-13 09:25:00,2040.0,2050.0,2040.0,2040.0,540900
2026-03-13 09:30:00,2050.0,2070.0,2050.0,2060.0,253900
2026-03-13 09:35:00,2060.0,2080.0,2060.0,2070.0,496100
2026-03-13 09:40:00,2070.0,2090.0,2060.0,2080.0,346200
2026-03-13 09:45:00,2090.0,2090.0,2070.0,2080.0,1036800
2026-03-13 09:50:00,2090.0,2090.0,2070.0,2080.0,251100
2026-03-13 09:55:00,2080.0,2080.0,2060.0,2070.0,273400
2026-03-13 10:00:00,2060.0,2070.0,2060.0,2070.0,182800
2026-03-13 10:05:00,2070.0,2080.0,2060.0,2060.0,63400
2026-03-13 10:10:00,2060.0,2070.0,2060.0,2060.0,231800
2026-03-13 10:15:00,2050.0,2060.0,2040.0,2040.0,341400
2026-03-13 10:20:00,2040.0,2050.0,2040.0,2040.0,75000
2026-03-13 10:25:00,2040.0,2050.0,2040.0,2050.0,212800
2026-03-13 10:30:00,2040.0,2050.0,2040.0,2040.0,69700
2026-03-13 10:35:00,2040.0,2040.0,2040.0,2040.0,78600
2026-03-13 10:40:00,2040.0,2050.0,2040.0,2040.0,94900
2026-03-13 10:45:00,2040.0,2050.0,2030.0,2030.0,111100
2026-03-13 10:50:00,2030.0,2040.0,2030.0,2030.0,97500
2026-03-13 10:55:00,2030.0,2060.0,2030.0,2050.0,642700
2026-03-13 11:00:00,2050.0,2060.0,2050.0,2060.0,86100
2026-03-13 11:05:00,2050.0,2060.0,2050.0,2060.0,19400
2026-03-13 11:10:00,2060.0,2060.0,2050.0,2050.0,31100
2026-03-13 11:15:00,2050.0,2060.0,2050.0,2050.0,58000
2026-03-13 11:20:00,2060.0,2060.0,2040.0,2050.0,45800
2026-03-13 11:25:00,2050.0,2060.0,2050.0,2050.0,6700
2026-03-13 14:00:00,2050.0,2060.0,2050.0,2050.0,143900
2026-03-13 14:05:00,2060.0,2070.0,2050.0,2050.0,261700
2026-03-13 14:10:00,2060.0,2060.0,2050.0,2050.0,77100
2026-03-13 14:15:00,2050.0,2060.0,2050.0,2060.0,168700
2026-03-13 14:20:00,2070.0,2070.0,2050.0,2060.0,143500
2026-03-13 14:25:00,2070.0,2070.0,2050.0,2070.0,23700
2026-03-13 14:30:00,2060.0,2060.0,2050.0,2060.0,139000
2026-03-13 14:35:00,2060.0,2060.0,2040.0,2050.0,221100
2026-03-13 14:40:00,2050.0,2050.0,2040.0,2050.0,24700
2026-03-13 14:45:00,2040.0,2060.0,2040.0,2060.0,304100
2026-03-13 14:50:00,2060.0,2060.0,2040.0,2040.0,351300
2026-03-13 14:55:00,2050.0,2050.0,2030.0,2040.0,217500
2026-03-13 15:00:00,2040.0,2040.0,2030.0,2040.0,218600
2026-03-13 15:05:00,2040.0,2040.0,2030.0,2030.0,550800
2026-03-13 15:10:00,2030.0,2050.0,2030.0,2040.0,274900
2026-03-13 15:15:00,2040.0,2040.0,2030.0,2030.0,88000
2026-03-13 15:20:00,2030.0,2040.0,2020.0,2030.0,316200
2026-03-13 15:25:00,2030.0,2030.0,2010.0,2010.0,833300
2026-03-13 15:30:00,2020.0,2030.0,2010.0,2020.0,659700
2026-03-13 15:35:00,2030.0,2030.0,2020.0,2020.0,145300
2026-03-13 15:40:00,2020.0,2030.0,2010.0,2030.0,745400
2026-03-13 15:45:00,2030.0,2050.0,2020.0,2040.0,642300
2026-03-13 16:00:00,2040.0,2040.0,2040.0,2040.0,1105800
2026-03-13 16:05:00,2040.0,2040.0,2040.0,2040.0,57600
2026-03-13 16:10:00,2040.0,2040.0,2040.0,2040.0,8100
2026-03-16 09:00:00,2030.0,2040.0,1990.0,1990.0,0
2026-03-16 09:05:00,1990.0,2000.0,1980.0,1990.0,1679900
2026-03-16 09:10:00,1990.0,2010.0,1975.0,1990.0,1291300
2026-03-16 09:15:00,1990.0,2020.0,1990.0,2010.0,374700
2026-03-16 09:20:00,2010.0,2020.0,1995.0,2010.0,295700
2026-03-16 09:25:00,2010.0,2020.0,2000.0,2000.0,284700
2026-03-16 09:30:00,2000.0,2000.0,1995.0,2000.0,88000
2026-03-16 09:35:00,2000.0,2000.0,1995.0,2000.0,459600
2026-03-16 09:40:00,2000.0,2010.0,2000.0,2000.0,86900
2026-03-16 09:45:00,2000.0,2020.0,2000.0,2010.0,257800
2026-03-16 09:50:00,2010.0,2040.0,2010.0,2040.0,669100
2026-03-16 09:55:00,2040.0,2040.0,2030.0,2030.0,294200
2026-03-16 10:00:00,2030.0,2040.0,2020.0,2020.0,32100
2026-03-16 10:05:00,2020.0,2020.0,2010.0,2020.0,364300
2026-03-16 10:10:00,2020.0,2040.0,2010.0,2030.0,450800
2026-03-16 10:15:00,2040.0,2040.0,2030.0,2030.0,138200
2026-03-16 10:20:00,2020.0,2030.0,2020.0,2020.0,186000
2026-03-16 10:25:00,2020.0,2030.0,2020.0,2020.0,22100
2026-03-16 10:30:00,2020.0,2050.0,2020.0,2050.0,87600
2026-03-16 10:35:00,2050.0,2050.0,2030.0,2050.0,509800
2026-03-16 10:40:00,2050.0,2060.0,2050.0,2050.0,231500
2026-03-16 10:45:00,2040.0,2050.0,2040.0,2050.0,54400
2026-03-16 10:50:00,2050.0,2060.0,2050.0,2060.0,33500
2026-03-16 10:55:00,2050.0,2060.0,2040.0,2040.0,75500
2026-03-16 11:00:00,2040.0,2040.0,2040.0,2040.0,132200
2026-03-16 11:05:00,2040.0,2040.0,2040.0,2040.0,48000
2026-03-16 11:10:00,2040.0,2040.0,2030.0,2040.0,37100
2026-03-16 11:15:00,2040.0,2040.0,2030.0,2040.0,0
2026-03-16 11:20:00,2040.0,2050.0,2040.0,2050.0,60000
2026-03-16 11:25:00,2040.0,2050.0,2040.0,2050.0,49700
2026-03-16 11:30:00,2050.0,2060.0,2050.0,2050.0,268300
2026-03-16 11:35:00,2050.0,2060.0,2040.0,2040.0,64400
2026-03-16 11:40:00,2050.0,2050.0,2040.0,2040.0,6000
2026-03-16 11:45:00,2040.0,2050.0,2040.0,2050.0,171800
2026-03-16 11:50:00,2050.0,2070.0,2050.0,2050.0,296800
2026-03-16 11:55:00,2060.0,2060.0,2050.0,2060.0,84900
2026-03-16 13:30:00,2060.0,2060.0,2000.0,2030.0,1548700
2026-03-16 13:35:00,2030.0,2050.0,2030.0,2040.0,85200
2026-03-16 13:40:00,2050.0,2050.0,2020.0,2030.0,11600
2026-03-16 13:45:00,2030.0,2040.0,2030.0,2040.0,34800
2026-03-16 13:50:00,2040.0,2040.0,2000.0,2010.0,678200
2026-03-16 13:55:00,2010.0,2020.0,2000.0,2010.0,132500
2026-03-16 14:00:00,2010.0,2020.0,2010.0,2020.0,80100
2026-03-16 14:05:00,2020.0,2020.0,2010.0,2020.0,62600
2026-03-16 14:10:00,2020.0,2020.0,2020.0,2020.0,38000
2026-03-16 14:15:00,2030.0,2030.0,2020.0,2030.0,44400
2026-03-16 14:20:00,2030.0,2030.0,2010.0,2010.0,14500
2026-03-16 14:25:00,2010.0,2020.0,2010.0,2010.0,175800
2026-03-16 14:30:00,2010.0,2010.0,2000.0,2010.0,54700
2026-03-16 14:35:00,2010.0,2020.0,2000.0,2020.0,51900
2026-03-16 14:40:00,2020.0,2020.0,2010.0,2010.0,105000
2026-03-16 14:45:00,2010.0,2020.0,2010.0,2020.0,209100
2026-03-16 14:50:00,2020.0,2020.0,2010.0,2010.0,47500
2026-03-16 14:55:00,2010.0,2010.0,2000.0,2010.0,40000
2026-03-16 15:00:00,2010.0,2020.0,2010.0,2010.0,77500
2026-03-16 15:05:00,2020.0,2020.0,2010.0,2020.0,81400
2026-03-16 15:10:00,2020.0,2020.0,2000.0,2010.0,73500
2026-03-16 15:15:00,2010.0,2010.0,2000.0,2000.0,231400
2026-03-16 15:20:00,2000.0,2010.0,2000.0,2000.0,120100
2026-03-16 15:25:00,2000.0,2010.0,2000.0,2000.0,911300
2026-03-16 15:30:00,2000.0,2000.0,2000.0,2000.0,88400
2026-03-16 15:35:00,2000.0,2010.0,2000.0,2000.0,173700
2026-03-16 15:40:00,2010.0,2010.0,1995.0,2000.0,52200
2026-03-16 15:45:00,2000.0,2000.0,1995.0,1995.0,534600
2026-03-16 16:00:00,1995.0,1995.0,1995.0,1995.0,883600
2026-03-16 16:05:00,1995.0,1995.0,1995.0,1995.0,2100
2026-03-16 16:10:00,1995.0,1995.0,1995.0,1995.0,5800
2026-03-17 09:00:00,2050.0,2080.0,2040.0,2040.0,0
2026-03-17 09:05:00,2040.0,2060.0,2030.0,2040.0,943700
2026-03-17 09:10:00,2040.0,2050.0,2030.0,2030.0,413500
2026-03-17 09:15:00,2040.0,2040.0,2030.0,2030.0,367400
2026-03-17 09:20:00,2030.0,2060.0,2030.0,2060.0,527400
2026-03-17 09:25:00,2040.0,2040.0,2020.0,2020.0,325800
2026-03-17 09:30:00,2020.0,2030.0,2020.0,2030.0,165400
2026-03-17 09:35:00,2020.0,2030.0,2000.0,2000.0,1520200
2026-03-17 09:40:00,1995.0,2010.0,1990.0,2010.0,877400
2026-03-17 09:45:00,2010.0,2010.0,2000.0,2010.0,134100
2026-03-17 09:50:00,2020.0,2020.0,2010.0,2010.0,55700
2026-03-17 09:55:00,2020.0,2020.0,2000.0,2010.0,44500
2026-03-17 10:00:00,2010.0,2020.0,2010.0,2010.0,90200
2026-03-17 10:05:00,2010.0,2020.0,2010.0,2020.0,56900
2026-03-17 10:10:00,2020.0,2020.0,2010.0,2020.0,21800
2026-03-17 10:15:00,2030.0,2030.0,2010.0,2020.0,43100
2026-03-17 10:20:00,2020.0,2030.0,2020.0,2020.0,42500
2026-03-17 10:25:00,2020.0,2030.0,2010.0,2020.0,566000
2026-03-17 10:30:00,2020.0,2020.0,2020.0,2020.0,1800
2026-03-17 10:35:00,2020.0,2020.0,2010.0,2020.0,11000
2026-03-17 10:40:00,2020.0,2020.0,2010.0,2010.0,78600
2026-03-17 10:45:00,2020.0,2020.0,2000.0,2010.0,239200
2026-03-17 10:50:00,2010.0,2010.0,2000.0,2000.0,1453700
2026-03-17 10:55:00,2000.0,2010.0,2000.0,2000.0,183800
2026-03-17 11:00:00,1995.0,2000.0,1995.0,1995.0,368000
2026-03-17 11:05:00,1995.0,2000.0,1995.0,2000.0,0
2026-03-17 11:10:00,1995.0,2000.0,1995.0,2000.0,63600
2026-03-17 11:15:00,1995.0,2000.0,1995.0,2000.0,8500
2026-03-17 11:20:00,2000.0,2010.0,2000.0,2010.0,124000
2026-03-17 11:25:00,2010.0,2010.0,1995.0,2000.0,129900
2026-03-17 11:30:00,2000.0,2000.0,2000.0,2000.0,8900
2026-03-17 11:35:00,1995.0,2010.0,1995.0,1995.0,723200
2026-03-17 11:40:00,2000.0,2010.0,1995.0,1995.0,0
2026-03-17 11:45:00,2000.0,2000.0,1995.0,2000.0,2800
2026-03-17 11:50:00,2000.0,2000.0,2000.0,2000.0,42400
2026-03-17 11:55:00,2000.0,2010.0,2000.0,2000.0,95200
2026-03-17 13:30:00,2000.0,2010.0,2000.0,2000.0,101400
2026-03-17 13:35:00,2000.0,2010.0,2000.0,2010.0,30800
2026-03-17 13:40:00,2010.0,2010.0,1995.0,1995.0,62400
2026-03-17 13:45:00,1995.0,2000.0,1995.0,2000.0,120700
2026-03-17 13:50:00,2010.0,2010.0,2000.0,2010.0,498600
2026-03-17 13:55:00,2010.0,2010.0,2000.0,2010.0,118800
2026-03-17 14:00:00,2010.0,2020.0,2010.0,2020.0,283700
2026-03-17 14:05:00,2030.0,2030.0,2010.0,2010.0,138500
2026-03-17 14:10:00,2010.0,2020.0,2010.0,2010.0,103000
2026-03-17 14:15:00,2010.0,2020.0,2010.0,2020.0,221200
2026-03-17 14:20:00,2010.0,2020.0,2000.0,2010.0,87500
2026-03-17 14:25:00,2010.0,2010.0,1995.0,2000.0,334100
2026-03-17 14:30:00,2000.0,2010.0,1995.0,2010.0,198400
2026-03-17 14:35:00,2010.0,2010.0,2000.0,2000.0,16400
2026-03-17 14:40:00,2010.0,2010.0,2000.0,2000.0,2700
2026-03-17 14:45:00,2010.0,2010.0,2000.0,2000.0,40200
2026-03-17 14:50:00,2000.0,2010.0,2000.0,2000.0,15800
2026-03-17 14:55:00,2000.0,2010.0,2000.0,2010.0,18900
2026-03-17 15:00:00,2000.0,2010.0,2000.0,2000.0,8400
2026-03-17 15:05:00,2010.0,2010.0,2000.0,2010.0,117400
2026-03-17 15:10:00,2010.0,2010.0,2000.0,2000.0,19400
2026-03-17 15:15:00,2010.0,2020.0,2010.0,2020.0,159900
2026-03-17 15:20:00,2010.0,2010.0,2000.0,2000.0,96000
2026-03-17 15:25:00,2000.0,2010.0,2000.0,2010.0,205700
2026-03-17 15:30:00,2010.0,2020.0,2010.0,2010.0,310900
2026-03-17 15:35:00,2010.0,2010.0,2000.0,2010.0,374800
2026-03-17 15:40:00,2010.0,2010.0,1995.0,2000.0,540700
2026-03-17 15:45:00,2000.0,2010.0,2000.0,2000.0,518100
2026-03-17 16:00:00,2000.0,2000.0,2000.0,2000.0,575800
2026-03-17 16:05:00,2000.0,2000.0,2000.0,2000.0,151700
2026-03-17 16:10:00,2000.0,2000.0,2000.0,2000.0,5200
2026-03-25 09:00:00,2010.0,2080.0,2010.0,2070.0,0
2026-03-25 09:05:00,2080.0,2090.0,2050.0,2070.0,795200
2026-03-25 09:10:00,2080.0,2080.0,2060.0,2070.0,1008000
2026-03-25 09:15:00,2070.0,2110.0,2070.0,2110.0,1141400
2026-03-25 09:20:00,2110.0,2120.0,2070.0,2100.0,1468800
2026-03-25 09:25:00,2110.0,2110.0,2090.0,2100.0,1141500
2026-03-25 09:30:00,2090.0,2110.0,2090.0,2100.0,239500
2026-03-25 09:35:00,2100.0,2130.0,2100.0,2110.0,570200
2026-03-25 09:40:00,2110.0,2120.0,2110.0,2120.0,505600
2026-03-25 09:45:00,2120.0,2130.0,2110.0,2120.0,553600
2026-03-25 09:50:00,2120.0,2120.0,2110.0,2110.0,333300
2026-03-25 09:55:00,2110.0,2130.0,2110.0,2110.0,253000
2026-03-25 10:00:00,2110.0,2120.0,2100.0,2120.0,1043200
2026-03-25 10:05:00,2110.0,2120.0,2110.0,2110.0,164800
2026-03-25 10:10:00,2110.0,2130.0,2110.0,2120.0,38500
2026-03-25 10:15:00,2110.0,2130.0,2110.0,2120.0,255100
2026-03-25 10:20:00,2120.0,2120.0,2110.0,2110.0,188100
2026-03-25 10:25:00,2110.0,2110.0,2100.0,2110.0,175400
2026-03-25 10:30:00,2100.0,2110.0,2080.0,2090.0,324300
2026-03-25 10:35:00,2080.0,2100.0,2070.0,2090.0,784000
2026-03-25 10:40:00,2090.0,2090.0,2080.0,2090.0,44300
2026-03-25 10:45:00,2100.0,2100.0,2080.0,2090.0,113500
2026-03-25 10:50:00,2080.0,2090.0,2080.0,2090.0,270300
2026-03-25 10:55:00,2080.0,2090.0,2080.0,2080.0,146500
2026-03-25 11:00:00,2080.0,2090.0,2080.0,2090.0,145000
2026-03-25 11:05:00,2090.0,2150.0,2080.0,2150.0,3310300
2026-03-25 11:10:00,2150.0,2180.0,2140.0,2160.0,3780400
2026-03-25 11:15:00,2160.0,2170.0,2150.0,2170.0,938000
2026-03-25 11:20:00,2160.0,2180.0,2160.0,2180.0,990300
2026-03-25 11:25:00,2190.0,2190.0,2180.0,2180.0,762100
2026-03-25 11:30:00,2170.0,2180.0,2160.0,2160.0,338400
2026-03-25 11:35:00,2170.0,2170.0,2160.0,2160.0,283200
2026-03-25 11:40:00,2160.0,2170.0,2160.0,2170.0,135400
2026-03-25 11:45:00,2170.0,2190.0,2160.0,2190.0,549300
2026-03-25 11:50:00,2190.0,2190.0,2180.0,2180.0,207600
2026-03-25 11:55:00,2180.0,2190.0,2180.0,2190.0,468300
2026-03-25 13:30:00,2190.0,2230.0,2180.0,2210.0,3973000
2026-03-25 13:35:00,2210.0,2210.0,2190.0,2200.0,562900
2026-03-25 13:40:00,2210.0,2220.0,2200.0,2210.0,367400
2026-03-25 13:45:00,2220.0,2220.0,2210.0,2210.0,452200
2026-03-25 13:50:00,2220.0,2220.0,2210.0,2220.0,213000
2026-03-25 13:55:00,2210.0,2220.0,2200.0,2200.0,420500
2026-03-25 14:00:00,2200.0,2210.0,2200.0,2210.0,122200
2026-03-25 14:05:00,2200.0,2210.0,2200.0,2200.0,120300
2026-03-25 14:10:00,2200.0,2210.0,2180.0,2180.0,552000
2026-03-25 14:15:00,2190.0,2200.0,2180.0,2200.0,177400
2026-03-25 14:20:00,2190.0,2200.0,2190.0,2190.0,203100
2026-03-25 14:25:00,2190.0,2200.0,2180.0,2180.0,37200
2026-03-25 14:30:00,2180.0,2190.0,2170.0,2170.0,306600
2026-03-25 14:35:00,2170.0,2180.0,2170.0,2170.0,596600
2026-03-25 14:40:00,2180.0,2200.0,2170.0,2180.0,598800
2026-03-25 14:45:00,2180.0,2190.0,2180.0,2190.0,61400
2026-03-25 14:50:00,2180.0,2190.0,2180.0,2190.0,27200
2026-03-25 14:55:00,2190.0,2190.0,2180.0,2190.0,10800
2026-03-25 15:00:00,2190.0,2200.0,2180.0,2190.0,320600
2026-03-25 15:05:00,2190.0,2200.0,2190.0,2190.0,81600
2026-03-25 15:10:00,2190.0,2200.0,2180.0,2190.0,160200
2026-03-25 15:15:00,2190.0,2200.0,2190.0,2190.0,44500
2026-03-25 15:20:00,2190.0,2200.0,2190.0,2200.0,53400
2026-03-25 15:25:00,2190.0,2200.0,2180.0,2190.0,356200
2026-03-25 15:30:00,2190.0,2190.0,2180.0,2190.0,248300
2026-03-25 15:35:00,2190.0,2190.0,2180.0,2190.0,89300
2026-03-25 15:40:00,2190.0,2200.0,2180.0,2200.0,276200
2026-03-25 15:45:00,2190.0,2210.0,2190.0,2200.0,950900
2026-03-25 16:00:00,2200.0,2200.0,2200.0,2200.0,1124800
2026-03-25 16:05:00,2200.0,2200.0,2200.0,2200.0,49900
2026-03-25 16:10:00,2200.0,2200.0,2200.0,2200.0,0
2026-03-26 09:00:00,2250.0,2270.0,2230.0,2240.0,0
2026-03-26 09:05:00,2240.0,2260.0,2240.0,2240.0,754200
2026-03-26 09:10:00,2230.0,2240.0,2220.0,2220.0,1110900
2026-03-26 09:15:00,2220.0,2220.0,2190.0,2200.0,1264900
2026-03-26 09:20:00,2200.0,2200.0,2180.0,2190.0,544000
2026-03-26 09:25:00,2190.0,2220.0,2190.0,2200.0,397300
2026-03-26 09:30:00,2210.0,2210.0,2180.0,2200.0,663400
2026-03-26 09:35:00,2200.0,2200.0,2170.0,2170.0,1613500
2026-03-26 09:40:00,2170.0,2190.0,2170.0,2180.0,417800
2026-03-26 09:45:00,2190.0,2190.0,2180.0,2190.0,117000
2026-03-26 09:50:00,2180.0,2190.0,2170.0,2180.0,132800
2026-03-26 09:55:00,2180.0,2180.0,2160.0,2160.0,843200
2026-03-26 10:00:00,2160.0,2170.0,2160.0,2170.0,794300
2026-03-26 10:05:00,2180.0,2180.0,2170.0,2180.0,29900
2026-03-26 10:10:00,2180.0,2180.0,2160.0,2170.0,433600
2026-03-26 10:15:00,2160.0,2170.0,2160.0,2160.0,50100
2026-03-26 10:20:00,2160.0,2170.0,2150.0,2160.0,323600
2026-03-26 10:25:00,2150.0,2160.0,2150.0,2150.0,176000
2026-03-26 10:30:00,2150.0,2160.0,2150.0,2150.0,121400
2026-03-26 10:35:00,2160.0,2170.0,2160.0,2160.0,299300
2026-03-26 10:40:00,2160.0,2170.0,2160.0,2170.0,34200
2026-03-26 10:45:00,2160.0,2180.0,2160.0,2170.0,251000
2026-03-26 10:50:00,2180.0,2180.0,2170.0,2170.0,94900
2026-03-26 10:55:00,2180.0,2190.0,2170.0,2190.0,235100
2026-03-26 11:00:00,2190.0,2190.0,2180.0,2180.0,33500
2026-03-26 11:05:00,2190.0,2190.0,2180.0,2190.0,240300
2026-03-26 11:10:00,2190.0,2190.0,2180.0,2190.0,11500
2026-03-26 11:15:00,2180.0,2180.0,2180.0,2180.0,430500
2026-03-26 11:20:00,2180.0,2180.0,2170.0,2170.0,46000
2026-03-26 11:25:00,2170.0,2200.0,2170.0,2190.0,290100
2026-03-26 11:30:00,2190.0,2190.0,2180.0,2180.0,25900
2026-03-26 11:35:00,2190.0,2190.0,2180.0,2190.0,22500
2026-03-26 11:40:00,2180.0,2190.0,2180.0,2190.0,105400
2026-03-26 11:45:00,2190.0,2190.0,2180.0,2190.0,55800
2026-03-26 11:50:00,2190.0,2190.0,2190.0,2190.0,0
2026-03-26 11:55:00,2190.0,2190.0,2180.0,2190.0,44800
2026-03-26 13:30:00,2190.0,2190.0,2160.0,2170.0,620900
2026-03-26 13:35:00,2170.0,2180.0,2160.0,2160.0,139500
2026-03-26 13:40:00,2170.0,2170.0,2150.0,2160.0,140800
2026-03-26 13:45:00,2160.0,2160.0,2150.0,2160.0,245500
2026-03-26 13:50:00,2170.0,2170.0,2160.0,2170.0,197300
2026-03-26 13:55:00,2170.0,2170.0,2160.0,2160.0,287000
2026-03-26 14:00:00,2170.0,2170.0,2160.0,2160.0,0
2026-03-26 14:05:00,2170.0,2170.0,2160.0,2170.0,95400
2026-03-26 14:10:00,2170.0,2170.0,2160.0,2170.0,25500
2026-03-26 14:15:00,2160.0,2170.0,2160.0,2160.0,30000
2026-03-26 14:20:00,2160.0,2170.0,2160.0,2160.0,71500
2026-03-26 14:25:00,2160.0,2170.0,2160.0,2170.0,218400
2026-03-26 14:30:00,2170.0,2190.0,2170.0,2190.0,175000
2026-03-26 14:35:00,2190.0,2190.0,2180.0,2190.0,91400
2026-03-26 14:40:00,2190.0,2190.0,2180.0,2180.0,114400
2026-03-26 14:45:00,2190.0,2200.0,2180.0,2200.0,592000
2026-03-26 14:50:00,2190.0,2210.0,2190.0,2210.0,668600
2026-03-26 14:55:00,2210.0,2220.0,2200.0,2200.0,477700
2026-03-26 15:00:00,2200.0,2210.0,2200.0,2200.0,367200
2026-03-26 15:05:00,2200.0,2210.0,2190.0,2200.0,384300
2026-03-26 15:10:00,2190.0,2190.0,2180.0,2190.0,208900
2026-03-26 15:15:00,2190.0,2190.0,2180.0,2190.0,298000
2026-03-26 15:20:00,2190.0,2190.0,2190.0,2190.0,9200
2026-03-26 15:25:00,2190.0,2200.0,2190.0,2190.0,38100
2026-03-26 15:30:00,2190.0,2190.0,2190.0,2190.0,58800
2026-03-26 15:35:00,2190.0,2190.0,2180.0,2180.0,582100
2026-03-26 15:40:00,2180.0,2180.0,2170.0,2180.0,225500
2026-03-26 15:45:00,2180.0,2190.0,2170.0,2190.0,577900
2026-03-26 16:00:00,2180.0,2180.0,2180.0,2180.0,289600
2026-03-26 16:05:00,2180.0,2180.0,2180.0,2180.0,46000
2026-03-26 16:10:00,2180.0,2180.0,2180.0,2180.0,0
2026-03-27 09:00:00,2150.0,2190.0,2150.0,2190.0,0
2026-03-27 09:05:00,2190.0,2200.0,2170.0,2170.0,339200
2026-03-27 09:10:00,2170.0,2190.0,2170.0,2190.0,117400
2026-03-27 09:15:00,2180.0,2180.0,2170.0,2170.0,320900
2026-03-27 09:20:00,2180.0,2180.0,2170.0,2180.0,264300
2026-03-27 09:25:00,2180.0,2180.0,2160.0,2170.0,55200
2026-03-27 09:30:00,2170.0,2190.0,2170.0,2180.0,365900
2026-03-27 09:35:00,2180.0,2180.0,2160.0,2160.0,237300
2026-03-27 09:40:00,2160.0,2160.0,2150.0,2160.0,579100
2026-03-27 09:45:00,2160.0,2160.0,2150.0,2150.0,110900
2026-03-27 09:50:00,2150.0,2150.0,2140.0,2150.0,503900
2026-03-27 09:55:00,2150.0,2170.0,2150.0,2170.0,291900
2026-03-27 10:00:00,2170.0,2180.0,2160.0,2180.0,102100
2026-03-27 10:05:00,2180.0,2190.0,2180.0,2180.0,541300
2026-03-27 10:10:00,2180.0,2190.0,2180.0,2180.0,100300
2026-03-27 10:15:00,2180.0,2190.0,2180.0,2190.0,203100
2026-03-27 10:20:00,2190.0,2190.0,2190.0,2190.0,81400
2026-03-27 10:25:00,2190.0,2200.0,2190.0,2200.0,98300
2026-03-27 10:30:00,2190.0,2210.0,2190.0,2210.0,1025300
2026-03-27 10:35:00,2200.0,2230.0,2200.0,2200.0,580200
2026-03-27 10:40:00,2210.0,2220.0,2200.0,2220.0,436700
2026-03-27 10:45:00,2220.0,2230.0,2210.0,2210.0,244600
2026-03-27 10:50:00,2210.0,2210.0,2200.0,2200.0,91500
2026-03-27 10:55:00,2210.0,2220.0,2200.0,2210.0,82100
2026-03-27 11:00:00,2200.0,2210.0,2200.0,2200.0,125600
2026-03-27 11:05:00,2200.0,2200.0,2200.0,2200.0,104100
2026-03-27 11:10:00,2210.0,2210.0,2200.0,2200.0,60900
2026-03-27 11:15:00,2200.0,2210.0,2200.0,2200.0,66800
2026-03-27 11:20:00,2200.0,2210.0,2200.0,2210.0,145500
2026-03-27 11:25:00,2200.0,2210.0,2200.0,2200.0,26500
2026-03-27 14:00:00,2200.0,2210.0,2190.0,2190.0,149900
2026-03-27 14:05:00,2200.0,2210.0,2190.0,2200.0,63900
2026-03-27 14:10:00,2210.0,2210.0,2200.0,2210.0,21000
2026-03-27 14:15:00,2210.0,2210.0,2200.0,2200.0,84200
2026-03-27 14:20:00,2200.0,2210.0,2190.0,2210.0,590800
2026-03-27 14:25:00,2210.0,2220.0,2200.0,2220.0,142000
2026-03-27 14:30:00,2210.0,2210.0,2200.0,2210.0,256300
2026-03-27 14:35:00,2200.0,2220.0,2200.0,2210.0,177800
2026-03-27 14:40:00,2210.0,2220.0,2210.0,2210.0,335500
2026-03-27 14:45:00,2200.0,2220.0,2200.0,2210.0,26900
2026-03-27 14:50:00,2210.0,2220.0,2210.0,2220.0,148900
2026-03-27 14:55:00,2210.0,2220.0,2200.0,2210.0,57400
2026-03-27 15:00:00,2200.0,2210.0,2200.0,2200.0,122000
2026-03-27 15:05:00,2200.0,2210.0,2200.0,2200.0,937800
2026-03-27 15:10:00,2200.0,2210.0,2200.0,2200.0,523700
2026-03-27 15:15:00,2210.0,2210.0,2200.0,2200.0,7400
2026-03-27 15:20:00,2200.0,2210.0,2200.0,2210.0,408400
2026-03-27 15:25:00,2200.0,2210.0,2200.0,2210.0,689200
2026-03-27 15:30:00,2200.0,2210.0,2200.0,2210.0,188600
2026-03-27 15:35:00,2200.0,2210.0,2200.0,2200.0,231100
2026-03-27 15:40:00,2200.0,2210.0,2190.0,2200.0,575900
2026-03-27 15:45:00,2200.0,2210.0,2200.0,2200.0,262100
2026-03-27 16:00:00,2200.0,2200.0,2200.0,2200.0,465900
2026-03-27 16:05:00,2200.0,2200.0,2200.0,2200.0,76500
2026-03-27 16:10:00,2200.0,2200.0,2200.0,2200.0,16000
2026-03-30 09:00:00,2130.0,2150.0,2120.0,2140.0,0
2026-03-30 09:05:00,2140.0,2150.0,2120.0,2120.0,776300
2026-03-30 09:10:00,2120.0,2160.0,2120.0,2140.0,360700
2026-03-30 09:15:00,2140.0,2160.0,2130.0,2150.0,719000
2026-03-30 09:20:00,2150.0,2160.0,2140.0,2150.0,531300
2026-03-30 09:25:00,2150.0,2150.0,2130.0,2130.0,250800
2026-03-30 09:30:00,2140.0,2140.0,2130.0,2130.0,182400
2026-03-30 09:35:00,2140.0,2150.0,2130.0,2130.0,226900
2026-03-30 09:40:00,2130.0,2140.0,2130.0,2140.0,335900
2026-03-30 09:45:00,2130.0,2150.0,2130.0,2140.0,108000
2026-03-30 09:50:00,2150.0,2150.0,2140.0,2140.0,64100
2026-03-30 09:55:00,2140.0,2150.0,2140.0,2150.0,148700
2026-03-30 10:00:00,2150.0,2150.0,2140.0,2150.0,134300
2026-03-30 10:05:00,2150.0,2150.0,2130.0,2130.0,491300
2026-03-30 10:10:00,2140.0,2150.0,2130.0,2150.0,648500
2026-03-30 10:15:00,2160.0,2160.0,2140.0,2150.0,1466000
2026-03-30 10:20:00,2140.0,2160.0,2140.0,2150.0,195100
2026-03-30 10:25:00,2150.0,2150.0,2140.0,2150.0,258700
2026-03-30 10:30:00,2140.0,2150.0,2140.0,2150.0,44000
2026-03-30 10:35:00,2150.0,2150.0,2140.0,2150.0,79200
2026-03-30 10:40:00,2150.0,2160.0,2150.0,2150.0,168200
2026-03-30 10:45:00,2160.0,2160.0,2150.0,2150.0,155000
2026-03-30 10:50:00,2160.0,2170.0,2150.0,2160.0,172500
2026-03-30 10:55:00,2170.0,2170.0,2160.0,2170.0,9800
2026-03-30 11:00:00,2170.0,2170.0,2160.0,2160.0,244500
2026-03-30 11:05:00,2160.0,2160.0,2150.0,2160.0,34100
2026-03-30 11:10:00,2160.0,2170.0,2160.0,2170.0,7600
2026-03-30 11:15:00,2170.0,2170.0,2160.0,2160.0,12500
2026-03-30 11:20:00,2170.0,2170.0,2160.0,2160.0,8200
2026-03-30 11:25:00,2170.0,2180.0,2170.0,2180.0,307000
2026-03-30 11:30:00,2180.0,2200.0,2180.0,2190.0,562100
2026-03-30 11:35:00,2190.0,2200.0,2190.0,2200.0,87100
2026-03-30 11:40:00,2190.0,2200.0,2190.0,2200.0,94700
2026-03-30 11:45:00,2200.0,2200.0,2190.0,2190.0,8600
2026-03-30 11:50:00,2190.0,2200.0,2190.0,2190.0,8700
2026-03-30 11:55:00,2190.0,2200.0,2190.0,2190.0,246300
2026-03-30 13:30:00,2190.0,2200.0,2180.0,2180.0,95600
2026-03-30 13:35:00,2180.0,2190.0,2170.0,2170.0,339200
2026-03-30 13:40:00,2180.0,2180.0,2170.0,2170.0,27000
2026-03-30 13:45:00,2170.0,2180.0,2170.0,2170.0,14700
2026-03-30 13:50:00,2180.0,2180.0,2170.0,2180.0,103600
2026-03-30 13:55:00,2170.0,2190.0,2170.0,2170.0,195900
2026-03-30 14:00:00,2170.0,2180.0,2170.0,2170.0,311400
2026-03-30 14:05:00,2170.0,2180.0,2170.0,2180.0,31300
2026-03-30 14:10:00,2170.0,2180.0,2170.0,2180.0,207400
2026-03-30 14:15:00,2170.0,2180.0,2160.0,2170.0,946100
2026-03-30 14:20:00,2170.0,2180.0,2170.0,2180.0,118100
2026-03-30 14:25:00,2180.0,2190.0,2170.0,2170.0,357100
2026-03-30 14:30:00,2170.0,2180.0,2170.0,2170.0,2900
2026-03-30 14:35:00,2170.0,2190.0,2170.0,2180.0,509700
2026-03-30 14:40:00,2180.0,2180.0,2170.0,2170.0,220800
2026-03-30 14:45:00,2170.0,2180.0,2170.0,2180.0,218800
2026-03-30 14:50:00,2170.0,2180.0,2170.0,2180.0,7200
2026-03-30 14:55:00,2170.0,2180.0,2170.0,2170.0,14000
2026-03-30 15:00:00,2170.0,2170.0,2170.0,2170.0,131800
2026-03-30 15:05:00,2180.0,2190.0,2170.0,2190.0,600900
2026-03-30 15:10:00,2190.0,2190.0,2180.0,2190.0,247500
2026-03-30 15:15:00,2180.0,2190.0,2180.0,2180.0,118900
2026-03-30 15:20:00,2170.0,2180.0,2170.0,2180.0,791200
2026-03-30 15:25:00,2170.0,2180.0,2170.0,2170.0,14200
2026-03-30 15:30:00,2170.0,2180.0,2170.0,2180.0,200400
2026-03-30 15:35:00,2180.0,2180.0,2170.0,2170.0,54900
2026-03-30 15:40:00,2170.0,2180.0,2170.0,2170.0,36900
2026-03-30 15:45:00,2170.0,2180.0,2170.0,2170.0,143500
2026-03-30 16:00:00,2170.0,2170.0,2170.0,2170.0,482000
2026-03-30 16:05:00,2170.0,2170.0,2170.0,2170.0,0
2026-03-30 16:10:00,2170.0,2170.0,2170.0,2170.0,76700
2026-03-31 09:00:00,2180.0,2200.0,2160.0,2170.0,0
2026-03-31 09:05:00,2170.0,2190.0,2170.0,2190.0,66800
2026-03-31 09:10:00,2190.0,2190.0,2160.0,2160.0,458300
2026-03-31 09:15:00,2160.0,2180.0,2160.0,2170.0,261000
2026-03-31 09:20:00,2160.0,2180.0,2160.0,2160.0,151200
2026-03-31 09:25:00,2160.0,2170.0,2140.0,2160.0,743300
2026-03-31 09:30:00,2150.0,2150.0,2140.0,2140.0,116800
2026-03-31 09:35:00,2150.0,2170.0,2140.0,2170.0,373800
2026-03-31 09:40:00,2170.0,2170.0,2160.0,2160.0,173000
2026-03-31 09:45:00,2160.0,2160.0,2150.0,2160.0,21300
2026-03-31 09:50:00,2150.0,2160.0,2150.0,2160.0,36600
2026-03-31 09:55:00,2160.0,2160.0,2150.0,2160.0,79400
2026-03-31 10:00:00,2160.0,2160.0,2150.0,2160.0,31500
2026-03-31 10:05:00,2150.0,2170.0,2150.0,2160.0,171500
2026-03-31 10:10:00,2160.0,2180.0,2150.0,2180.0,296500
2026-03-31 10:15:00,2180.0,2180.0,2160.0,2170.0,61600
2026-03-31 10:20:00,2160.0,2170.0,2160.0,2170.0,86200
2026-03-31 10:25:00,2170.0,2170.0,2160.0,2160.0,23900
2026-03-31 10:30:00,2160.0,2170.0,2150.0,2160.0,126000
2026-03-31 10:35:00,2160.0,2160.0,2150.0,2160.0,71400
2026-03-31 10:40:00,2160.0,2160.0,2150.0,2160.0,9700
2026-03-31 10:45:00,2160.0,2160.0,2160.0,2160.0,11300
2026-03-31 10:50:00,2150.0,2150.0,2140.0,2150.0,372000
2026-03-31 10:55:00,2150.0,2150.0,2140.0,2140.0,2400
2026-03-31 11:00:00,2140.0,2150.0,2130.0,2140.0,962100
2026-03-31 11:05:00,2140.0,2140.0,2130.0,2140.0,99500
2026-03-31 11:10:00,2140.0,2140.0,2130.0,2140.0,37700
2026-03-31 11:15:00,2140.0,2150.0,2130.0,2150.0,80700
2026-03-31 11:20:00,2140.0,2150.0,2140.0,2140.0,7200
2026-03-31 11:25:00,2140.0,2150.0,2140.0,2140.0,267100
2026-03-31 11:30:00,2150.0,2150.0,2140.0,2150.0,0
2026-03-31 11:35:00,2150.0,2150.0,2140.0,2150.0,28500
2026-03-31 11:40:00,2140.0,2150.0,2140.0,2150.0,2900
2026-03-31 11:45:00,2150.0,2150.0,2140.0,2140.0,228600
2026-03-31 11:50:00,2140.0,2140.0,2130.0,2130.0,21000
2026-03-31 11:55:00,2130.0,2140.0,2130.0,2140.0,24300
2026-03-31 13:30:00,2140.0,2140.0,2120.0,2120.0,493400
2026-03-31 13:35:00,2120.0,2130.0,2120.0,2130.0,363200
2026-03-31 13:40:00,2130.0,2140.0,2130.0,2130.0,27600
2026-03-31 13:45:00,2130.0,2140.0,2130.0,2130.0,53400
2026-03-31 13:50:00,2140.0,2140.0,2130.0,2130.0,44800
2026-03-31 13:55:00,2130.0,2140.0,2130.0,2140.0,107600
2026-03-31 14:00:00,2130.0,2140.0,2120.0,2130.0,236600
2026-03-31 14:05:00,2130.0,2130.0,2120.0,2130.0,69700
2026-03-31 14:10:00,2130.0,2140.0,2130.0,2140.0,49200
2026-03-31 14:15:00,2140.0,2150.0,2140.0,2140.0,43800
2026-03-31 14:20:00,2150.0,2150.0,2140.0,2140.0,21700
2026-03-31 14:25:00,2140.0,2150.0,2140.0,2150.0,7900
2026-03-31 14:30:00,2140.0,2150.0,2140.0,2140.0,106400
2026-03-31 14:35:00,2140.0,2150.0,2130.0,2130.0,74700
2026-03-31 14:40:00,2130.0,2140.0,2130.0,2140.0,126400
2026-03-31 14:45:00,2140.0,2140.0,2130.0,2130.0,0
2026-03-31 14:50:00,2130.0,2130.0,2130.0,2130.0,1400
2026-03-31 14:55:00,2130.0,2150.0,2130.0,2140.0,54900
2026-03-31 15:00:00,2140.0,2140.0,2130.0,2140.0,118600
2026-03-31 15:05:00,2140.0,2140.0,2130.0,2130.0,19700
2026-03-31 15:10:00,2130.0,2160.0,2130.0,2150.0,472600
2026-03-31 15:15:00,2150.0,2150.0,2140.0,2140.0,4700
2026-03-31 15:20:00,2140.0,2140.0,2140.0,2140.0,30000
2026-03-31 15:25:00,2140.0,2140.0,2130.0,2140.0,225700
2026-03-31 15:30:00,2130.0,2140.0,2130.0,2130.0,205500
2026-03-31 15:35:00,2130.0,2140.0,2130.0,2140.0,303900
2026-03-31 15:40:00,2130.0,2140.0,2130.0,2130.0,36200
2026-03-31 15:45:00,2130.0,2140.0,2130.0,2130.0,319400
2026-03-31 16:00:00,2130.0,2130.0,2130.0,2130.0,804200
2026-03-31 16:05:00,2130.0,2130.0,2130.0,2130.0,4900
2026-03-31 16:10:00,2130.0,2130.0,2130.0,2130.0,37100
2026-04-01 09:00:00,2220.0,2240.0,2200.0,2200.0,0
2026-04-01 09:05:00,2190.0,2240.0,2190.0,2240.0,1226900
2026-04-01 09:10:00,2240.0,2250.0,2220.0,2230.0,1123300
2026-04-01 09:15:00,2230.0,2240.0,2220.0,2240.0,899700
2026-04-01 09:20:00,2240.0,2240.0,2230.0,2230.0,266700
2026-04-01 09:25:00,2230.0,2250.0,2220.0,2250.0,1748800
2026-04-01 09:30:00,2250.0,2270.0,2240.0,2260.0,2982700
2026-04-01 09:35:00,2270.0,2270.0,2240.0,2250.0,568700
2026-04-01 09:40:00,2240.0,2250.0,2240.0,2250.0,239600
2026-04-01 09:45:00,2240.0,2250.0,2230.0,2240.0,353600
2026-04-01 09:50:00,2230.0,2240.0,2230.0,2240.0,159900
2026-04-01 09:55:00,2240.0,2240.0,2230.0,2230.0,104400
2026-04-01 10:00:00,2230.0,2240.0,2230.0,2240.0,218800
2026-04-01 10:05:00,2240.0,2260.0,2240.0,2250.0,569000
2026-04-01 10:10:00,2260.0,2260.0,2250.0,2260.0,576100
2026-04-01 10:15:00,2260.0,2260.0,2250.0,2260.0,131200
2026-04-01 10:20:00,2260.0,2260.0,2240.0,2240.0,123600
2026-04-01 10:25:00,2250.0,2250.0,2240.0,2240.0,18500
2026-04-01 10:30:00,2240.0,2250.0,2240.0,2240.0,140000
2026-04-01 10:35:00,2240.0,2240.0,2230.0,2240.0,435400
2026-04-01 10:40:00,2230.0,2240.0,2230.0,2240.0,0
2026-04-01 10:45:00,2230.0,2240.0,2220.0,2220.0,409300
2026-04-01 10:50:00,2220.0,2230.0,2220.0,2230.0,14400
2026-04-01 10:55:00,2230.0,2230.0,2220.0,2230.0,15900
2026-04-01 11:00:00,2220.0,2230.0,2220.0,2230.0,81400
2026-04-01 11:05:00,2230.0,2230.0,2220.0,2230.0,23200
2026-04-01 11:10:00,2220.0,2230.0,2220.0,2230.0,206700
2026-04-01 11:15:00,2230.0,2230.0,2210.0,2230.0,218800
2026-04-01 11:20:00,2220.0,2230.0,2220.0,2220.0,21000
2026-04-01 11:25:00,2220.0,2220.0,2210.0,2220.0,48400
2026-04-01 11:30:00,2220.0,2230.0,2220.0,2220.0,41600
2026-04-01 11:35:00,2220.0,2230.0,2220.0,2220.0,147500
2026-04-01 11:40:00,2220.0,2230.0,2220.0,2230.0,14500
2026-04-01 11:45:00,2230.0,2230.0,2220.0,2230.0,109100
2026-04-01 11:50:00,2230.0,2230.0,2220.0,2220.0,60100
2026-04-01 11:55:00,2220.0,2230.0,2220.0,2220.0,600
2026-04-01 13:30:00,2220.0,2230.0,2220.0,2220.0,573800
2026-04-01 13:35:00,2230.0,2230.0,2220.0,2220.0,22500
2026-04-01 13:40:00,2220.0,2230.0,2220.0,2220.0,7400
2026-04-01 13:45:00,2220.0,2230.0,2220.0,2230.0,44800
2026-04-01 13:50:00,2230.0,2230.0,2220.0,2230.0,55700
2026-04-01 13:55:00,2230.0,2240.0,2230.0,2240.0,605800
2026-04-01 14:00:00,2240.0,2250.0,2230.0,2250.0,384400
2026-04-01 14:05:00,2250.0,2250.0,2240.0,2250.0,77300
2026-04-01 14:10:00,2250.0,2250.0,2240.0,2250.0,75200
2026-04-01 14:15:00,2240.0,2250.0,2240.0,2250.0,90100
2026-04-01 14:20:00,2250.0,2250.0,2230.0,2240.0,241500
2026-04-01 14:25:00,2240.0,2240.0,2220.0,2220.0,885400
2026-04-01 14:30:00,2230.0,2260.0,2230.0,2260.0,1305800
2026-04-01 14:35:00,2260.0,2260.0,2250.0,2250.0,249300
2026-04-01 14:40:00,2250.0,2250.0,2210.0,2240.0,2026300
2026-04-01 14:45:00,2240.0,2240.0,2230.0,2240.0,180100
2026-04-01 14:50:00,2240.0,2240.0,2230.0,2240.0,122900
2026-04-01 14:55:00,2240.0,2250.0,2230.0,2240.0,670800
2026-04-01 15:00:00,2240.0,2240.0,2230.0,2240.0,160500
2026-04-01 15:05:00,2240.0,2240.0,2230.0,2240.0,30500
2026-04-01 15:10:00,2240.0,2250.0,2230.0,2240.0,105900
2026-04-01 15:15:00,2250.0,2250.0,2240.0,2250.0,59000
2026-04-01 15:20:00,2240.0,2250.0,2240.0,2250.0,42900
2026-04-01 15:25:00,2250.0,2250.0,2240.0,2250.0,37300
2026-04-01 15:30:00,2240.0,2250.0,2240.0,2250.0,216200
2026-04-01 15:35:00,2250.0,2250.0,2240.0,2250.0,280900
2026-04-01 15:40:00,2240.0,2250.0,2240.0,2250.0,147100
2026-04-01 15:45:00,2250.0,2260.0,2240.0,2260.0,1686100
2026-04-01 16:00:00,2260.0,2260.0,2260.0,2260.0,1588100
2026-04-01 16:05:00,2260.0,2260.0,2260.0,2260.0,86000
2026-04-01 16:10:00,2260.0,2260.0,2260.0,2260.0,22900
2026-04-02 09:00:00,2210.0,2230.0,2180.0,2210.0,0
2026-04-02 09:05:00,2220.0,2220.0,2190.0,2190.0,377900
2026-04-02 09:10:00,2190.0,2210.0,2190.0,2200.0,516500
2026-04-02 09:15:00,2200.0,2210.0,2200.0,2200.0,100500
2026-04-02 09:20:00,2210.0,2210.0,2180.0,2180.0,715500
2026-04-02 09:25:00,2190.0,2190.0,2180.0,2180.0,151800
2026-04-02 09:30:00,2190.0,2190.0,2180.0,2190.0,102900
2026-04-02 09:35:00,2200.0,2200.0,2180.0,2190.0,174800
2026-04-02 09:40:00,2190.0,2190.0,2180.0,2190.0,80900
2026-04-02 09:45:00,2180.0,2190.0,2180.0,2180.0,157000
2026-04-02 09:50:00,2190.0,2200.0,2190.0,2200.0,66400
2026-04-02 09:55:00,2190.0,2210.0,2190.0,2200.0,94200
2026-04-02 10:00:00,2200.0,2210.0,2200.0,2200.0,529300
2026-04-02 10:05:00,2210.0,2210.0,2200.0,2210.0,66300
2026-04-02 10:10:00,2210.0,2210.0,2200.0,2200.0,18400
2026-04-02 10:15:00,2200.0,2210.0,2200.0,2200.0,12100
2026-04-02 10:20:00,2200.0,2210.0,2200.0,2210.0,900
2026-04-02 10:25:00,2210.0,2210.0,2200.0,2200.0,9400
2026-04-02 10:30:00,2210.0,2210.0,2200.0,2210.0,238000
2026-04-02 10:35:00,2210.0,2210.0,2200.0,2210.0,21600
2026-04-02 10:40:00,2210.0,2210.0,2200.0,2210.0,16700
2026-04-02 10:45:00,2200.0,2200.0,2190.0,2200.0,458700
2026-04-02 10:50:00,2200.0,2200.0,2190.0,2190.0,39800
2026-04-02 10:55:00,2190.0,2200.0,2190.0,2190.0,49300
2026-04-02 11:00:00,2190.0,2200.0,2190.0,2190.0,49500
2026-04-02 11:05:00,2190.0,2200.0,2190.0,2190.0,39900
2026-04-02 11:10:00,2190.0,2200.0,2190.0,2190.0,99400
2026-04-02 11:15:00,2190.0,2200.0,2190.0,2190.0,51400
2026-04-02 11:20:00,2190.0,2200.0,2190.0,2190.0,38700
2026-04-02 11:25:00,2190.0,2200.0,2190.0,2190.0,17300
2026-04-02 11:30:00,2200.0,2200.0,2190.0,2190.0,53400
2026-04-02 11:35:00,2190.0,2190.0,2170.0,2180.0,2695100
2026-04-02 11:40:00,2170.0,2180.0,2170.0,2180.0,100500
2026-04-02 11:45:00,2180.0,2180.0,2170.0,2180.0,179800
2026-04-02 11:50:00,2170.0,2180.0,2170.0,2180.0,62100
2026-04-02 11:55:00,2180.0,2180.0,2170.0,2180.0,243100
2026-04-02 13:30:00,2180.0,2180.0,2160.0,2160.0,748100
2026-04-02 13:35:00,2160.0,2180.0,2160.0,2180.0,89200
2026-04-02 13:40:00,2170.0,2180.0,2170.0,2170.0,37900
2026-04-02 13:45:00,2170.0,2180.0,2170.0,2180.0,87600
2026-04-02 13:50:00,2170.0,2170.0,2160.0,2160.0,154500
2026-04-02 13:55:00,2160.0,2170.0,2150.0,2150.0,1243500
2026-04-02 14:00:00,2160.0,2160.0,2150.0,2150.0,74200
2026-04-02 14:05:00,2160.0,2160.0,2150.0,2160.0,70000
2026-04-02 14:10:00,2150.0,2160.0,2130.0,2150.0,3882600
2026-04-02 14:15:00,2140.0,2150.0,2140.0,2140.0,68700
2026-04-02 14:20:00,2140.0,2150.0,2140.0,2140.0,212700
2026-04-02 14:25:00,2140.0,2150.0,2140.0,2150.0,43300
2026-04-02 14:30:00,2150.0,2150.0,2140.0,2150.0,117500
2026-04-02 14:35:00,2140.0,2150.0,2130.0,2140.0,357300
2026-04-02 14:40:00,2130.0,2140.0,2130.0,2130.0,177600
2026-04-02 14:45:00,2130.0,2140.0,2130.0,2140.0,117400
2026-04-02 14:50:00,2140.0,2150.0,2130.0,2130.0,99800
2026-04-02 14:55:00,2130.0,2140.0,2130.0,2130.0,158200
2026-04-02 15:00:00,2140.0,2140.0,2130.0,2140.0,90400
2026-04-02 15:05:00,2140.0,2140.0,2130.0,2140.0,12100
2026-04-02 15:10:00,2140.0,2140.0,2130.0,2140.0,177900
2026-04-02 15:15:00,2140.0,2150.0,2130.0,2150.0,199200
2026-04-02 15:20:00,2150.0,2150.0,2150.0,2150.0,11400
2026-04-02 15:25:00,2140.0,2150.0,2140.0,2150.0,615200
2026-04-02 15:30:00,2150.0,2150.0,2140.0,2140.0,229900
2026-04-02 15:35:00,2140.0,2150.0,2140.0,2140.0,48200
2026-04-02 15:40:00,2140.0,2150.0,2140.0,2150.0,32500
2026-04-02 15:45:00,2140.0,2150.0,2130.0,2130.0,544600
2026-04-02 16:00:00,2130.0,2130.0,2130.0,2130.0,1038600
2026-04-02 16:05:00,2130.0,2130.0,2130.0,2130.0,19100
2026-04-02 16:10:00,2130.0,2130.0,2130.0,2130.0,13400
2026-04-06 09:00:00,2110.0,2120.0,2060.0,2120.0,0
2026-04-06 09:05:00,2110.0,2120.0,2100.0,2120.0,325500
2026-04-06 09:10:00,2120.0,2130.0,2110.0,2130.0,158400
2026-04-06 09:15:00,2120.0,2150.0,2120.0,2150.0,611100
2026-04-06 09:20:00,2150.0,2160.0,2140.0,2160.0,199400
2026-04-06 09:25:00,2150.0,2160.0,2140.0,2150.0,187800
2026-04-06 09:30:00,2150.0,2160.0,2150.0,2150.0,329400
2026-04-06 09:35:00,2140.0,2160.0,2140.0,2160.0,56700
2026-04-06 09:40:00,2160.0,2170.0,2160.0,2170.0,146000
2026-04-06 09:45:00,2160.0,2190.0,2160.0,2180.0,566700
2026-04-06 09:50:00,2180.0,2180.0,2170.0,2170.0,290500
2026-04-06 09:55:00,2170.0,2170.0,2160.0,2160.0,334100
2026-04-06 10:00:00,2160.0,2170.0,2160.0,2160.0,60700
2026-04-06 10:05:00,2160.0,2170.0,2160.0,2160.0,54900
2026-04-06 10:10:00,2160.0,2180.0,2160.0,2160.0,220400
2026-04-06 10:15:00,2170.0,2180.0,2170.0,2180.0,268300
2026-04-06 10:20:00,2170.0,2170.0,2160.0,2160.0,111000
2026-04-06 10:25:00,2170.0,2180.0,2170.0,2180.0,174200
2026-04-06 10:30:00,2170.0,2180.0,2170.0,2170.0,57900
2026-04-06 10:35:00,2170.0,2170.0,2160.0,2160.0,110900
2026-04-06 10:40:00,2170.0,2180.0,2160.0,2170.0,425600
2026-04-06 10:45:00,2170.0,2170.0,2160.0,2160.0,39700
2026-04-06 10:50:00,2170.0,2170.0,2160.0,2170.0,485800
2026-04-06 10:55:00,2170.0,2170.0,2160.0,2160.0,70600
2026-04-06 11:00:00,2160.0,2170.0,2160.0,2170.0,593600
2026-04-06 11:05:00,2170.0,2180.0,2160.0,2160.0,121400
2026-04-06 11:10:00,2170.0,2170.0,2160.0,2160.0,33200
2026-04-06 11:15:00,2160.0,2170.0,2160.0,2170.0,0
2026-04-06 11:20:00,2170.0,2180.0,2170.0,2170.0,50600
2026-04-06 11:25:00,2170.0,2170.0,2160.0,2160.0,261400
2026-04-06 11:30:00,2160.0,2160.0,2150.0,2160.0,700
2026-04-06 11:35:00,2160.0,2160.0,2150.0,2160.0,34800
2026-04-06 11:40:00,2160.0,2160.0,2150.0,2160.0,7400
2026-04-06 11:45:00,2160.0,2160.0,2150.0,2150.0,6700
2026-04-06 11:50:00,2150.0,2160.0,2150.0,2150.0,80400
2026-04-06 11:55:00,2150.0,2160.0,2150.0,2150.0,1000
2026-04-06 13:30:00,2150.0,2160.0,2140.0,2160.0,295300
2026-04-06 13:35:00,2160.0,2160.0,2150.0,2160.0,257000
2026-04-06 13:40:00,2160.0,2170.0,2160.0,2170.0,155400
2026-04-06 13:45:00,2160.0,2170.0,2160.0,2160.0,186100
2026-04-06 13:50:00,2160.0,2160.0,2150.0,2150.0,0
2026-04-06 13:55:00,2150.0,2160.0,2150.0,2160.0,48300
2026-04-06 14:00:00,2160.0,2170.0,2160.0,2170.0,92100
2026-04-06 14:05:00,2160.0,2160.0,2160.0,2160.0,31300
2026-04-06 14:10:00,2160.0,2160.0,2150.0,2160.0,11500
2026-04-06 14:15:00,2160.0,2160.0,2150.0,2160.0,17100
2026-04-06 14:20:00,2160.0,2170.0,2160.0,2160.0,241600
2026-04-06 14:25:00,2160.0,2170.0,2160.0,2170.0,107600
2026-04-06 14:30:00,2160.0,2160.0,2160.0,2160.0,76700
2026-04-06 14:35:00,2160.0,2160.0,2150.0,2160.0,67500
2026-04-06 14:40:00,2160.0,2160.0,2150.0,2160.0,26200
2026-04-06 14:45:00,2160.0,2160.0,2160.0,2160.0,7700
2026-04-06 14:50:00,2160.0,2160.0,2150.0,2150.0,15000
2026-04-06 14:55:00,2150.0,2160.0,2150.0,2160.0,18800
2026-04-06 15:00:00,2150.0,2150.0,2140.0,2150.0,213600
2026-04-06 15:05:00,2150.0,2160.0,2150.0,2160.0,17900
2026-04-06 15:10:00,2150.0,2160.0,2150.0,2150.0,25500
2026-04-06 15:15:00,2150.0,2150.0,2150.0,2150.0,208700
2026-04-06 15:20:00,2150.0,2150.0,2140.0,2150.0,42300
2026-04-06 15:25:00,2140.0,2150.0,2140.0,2150.0,50100
2026-04-06 15:30:00,2140.0,2150.0,2140.0,2150.0,179000
2026-04-06 15:35:00,2150.0,2150.0,2140.0,2150.0,240300
2026-04-06 15:40:00,2140.0,2150.0,2140.0,2150.0,489900
2026-04-06 15:45:00,2150.0,2160.0,2140.0,2140.0,108100
2026-04-06 16:00:00,2140.0,2140.0,2140.0,2140.0,437600
2026-04-06 16:10:00,2140.0,2140.0,2140.0,2140.0,800
2026-04-07 09:00:00,2180.0,2200.0,2170.0,2180.0,0
2026-04-07 09:05:00,2180.0,2180.0,2160.0,2170.0,530300
2026-04-07 09:10:00,2170.0,2170.0,2160.0,2170.0,326700
2026-04-07 09:15:00,2170.0,2170.0,2140.0,2140.0,746600
2026-04-07 09:20:00,2140.0,2150.0,2130.0,2140.0,475300
2026-04-07 09:25:00,2130.0,2150.0,2130.0,2140.0,121300
2026-04-07 09:30:00,2140.0,2140.0,2130.0,2130.0,236000
2026-04-07 09:35:00,2130.0,2140.0,2130.0,2140.0,46800
2026-04-07 09:40:00,2140.0,2140.0,2120.0,2120.0,157500
2026-04-07 09:45:00,2130.0,2140.0,2120.0,2140.0,268800
2026-04-07 09:50:00,2140.0,2150.0,2130.0,2150.0,74900
2026-04-07 09:55:00,2150.0,2150.0,2130.0,2140.0,169400
2026-04-07 10:00:00,2140.0,2140.0,2130.0,2140.0,89200
2026-04-07 10:05:00,2140.0,2160.0,2140.0,2160.0,311600
2026-04-07 10:10:00,2150.0,2160.0,2150.0,2160.0,189400
2026-04-07 10:15:00,2160.0,2170.0,2150.0,2160.0,249800
2026-04-07 10:20:00,2160.0,2180.0,2160.0,2170.0,225200
2026-04-07 10:25:00,2170.0,2180.0,2170.0,2180.0,1370400
2026-04-07 10:30:00,2180.0,2210.0,2180.0,2200.0,3001000
2026-04-07 10:35:00,2200.0,2210.0,2180.0,2190.0,581000
2026-04-07 10:40:00,2180.0,2190.0,2170.0,2180.0,210600
2026-04-07 10:45:00,2170.0,2180.0,2170.0,2180.0,70100
2026-04-07 10:50:00,2180.0,2180.0,2160.0,2160.0,371000
2026-04-07 10:55:00,2160.0,2160.0,2150.0,2150.0,372900
2026-04-07 11:00:00,2170.0,2170.0,2160.0,2160.0,14200
2026-04-07 11:05:00,2170.0,2170.0,2160.0,2160.0,161100
2026-04-07 11:10:00,2160.0,2160.0,2150.0,2160.0,67800
2026-04-07 11:15:00,2160.0,2160.0,2140.0,2150.0,471200
2026-04-07 11:20:00,2140.0,2150.0,2140.0,2140.0,117600
2026-04-07 11:25:00,2150.0,2150.0,2140.0,2140.0,12500
2026-04-07 11:30:00,2150.0,2150.0,2140.0,2150.0,119700
2026-04-07 11:35:00,2150.0,2150.0,2140.0,2140.0,600
2026-04-07 11:40:00,2140.0,2150.0,2140.0,2150.0,48700
2026-04-07 11:45:00,2150.0,2150.0,2140.0,2150.0,36100
2026-04-07 11:50:00,2150.0,2150.0,2150.0,2150.0,8700
2026-04-07 11:55:00,2150.0,2150.0,2140.0,2140.0,54800
2026-04-07 13:30:00,2150.0,2150.0,2130.0,2130.0,364300
2026-04-07 13:35:00,2130.0,2140.0,2130.0,2130.0,80300
2026-04-07 13:40:00,2140.0,2150.0,2130.0,2150.0,382000
2026-04-07 13:45:00,2150.0,2150.0,2140.0,2140.0,202100
2026-04-07 13:50:00,2140.0,2140.0,2130.0,2130.0,297800
2026-04-07 13:55:00,2130.0,2140.0,2130.0,2140.0,82600
2026-04-07 14:00:00,2130.0,2140.0,2130.0,2130.0,0
2026-04-07 14:05:00,2130.0,2140.0,2130.0,2140.0,72000
2026-04-07 14:10:00,2130.0,2140.0,2110.0,2120.0,1843500
2026-04-07 14:15:00,2120.0,2120.0,2110.0,2120.0,192700
2026-04-07 14:20:00,2120.0,2120.0,2110.0,2110.0,157400
2026-04-07 14:25:00,2110.0,2120.0,2100.0,2120.0,663500
2026-04-07 14:30:00,2120.0,2120.0,2110.0,2120.0,25000
2026-04-07 14:35:00,2120.0,2120.0,2110.0,2120.0,165300
2026-04-07 14:40:00,2110.0,2120.0,2110.0,2120.0,41700
2026-04-07 14:45:00,2120.0,2120.0,2110.0,2110.0,18800
2026-04-07 14:50:00,2110.0,2120.0,2110.0,2120.0,24800
2026-04-07 14:55:00,2120.0,2120.0,2110.0,2120.0,28200
2026-04-07 15:00:00,2120.0,2120.0,2110.0,2110.0,18800
2026-04-07 15:05:00,2110.0,2120.0,2110.0,2120.0,43800
2026-04-07 15:10:00,2120.0,2120.0,2110.0,2120.0,33800
2026-04-07 15:15:00,2110.0,2120.0,2110.0,2110.0,500700
2026-04-07 15:20:00,2110.0,2120.0,2110.0,2110.0,0
2026-04-07 15:25:00,2110.0,2120.0,2110.0,2120.0,54200
2026-04-07 15:30:00,2110.0,2120.0,2110.0,2120.0,496200
2026-04-07 15:35:00,2130.0,2130.0,2110.0,2130.0,475300
2026-04-07 15:40:00,2130.0,2150.0,2120.0,2140.0,287000
2026-04-07 15:45:00,2140.0,2150.0,2140.0,2140.0,615300
2026-04-07 16:00:00,2140.0,2140.0,2140.0,2140.0,601200
2026-04-07 16:05:00,2140.0,2140.0,2140.0,2140.0,48300
2026-04-07 16:10:00,2140.0,2140.0,2140.0,2140.0,15400
2026-04-08 09:00:00,2220.0,2240.0,2180.0,2220.0,0
2026-04-08 09:05:00,2220.0,2220.0,2180.0,2180.0,1105900
2026-04-08 09:10:00,2180.0,2220.0,2180.0,2210.0,1226200
2026-04-08 09:15:00,2210.0,2220.0,2200.0,2200.0,787800
2026-04-08 09:20:00,2200.0,2210.0,2200.0,2200.0,440700
2026-04-08 09:25:00,2200.0,2220.0,2200.0,2210.0,562100
2026-04-08 09:30:00,2220.0,2220.0,2210.0,2210.0,209700
2026-04-08 09:35:00,2200.0,2230.0,2200.0,2220.0,456500
2026-04-08 09:40:00,2220.0,2230.0,2220.0,2220.0,235700
2026-04-08 09:45:00,2220.0,2230.0,2210.0,2210.0,470500
2026-04-08 09:50:00,2210.0,2220.0,2210.0,2210.0,103700
2026-04-08 09:55:00,2210.0,2260.0,2210.0,2240.0,2809000
2026-04-08 10:00:00,2250.0,2250.0,2240.0,2240.0,327100
2026-04-08 10:05:00,2240.0,2250.0,2240.0,2240.0,113500
2026-04-08 10:10:00,2240.0,2250.0,2240.0,2240.0,248800
2026-04-08 10:15:00,2250.0,2330.0,2240.0,2320.0,8632000
2026-04-08 10:20:00,2320.0,2320.0,2280.0,2290.0,2533700
2026-04-08 10:25:00,2280.0,2290.0,2270.0,2290.0,1117900
2026-04-08 10:30:00,2290.0,2290.0,2270.0,2290.0,914900
2026-04-08 10:35:00,2290.0,2310.0,2290.0,2310.0,2455500
2026-04-08 10:40:00,2310.0,2320.0,2300.0,2300.0,716600
2026-04-08 10:45:00,2300.0,2320.0,2300.0,2310.0,477700
2026-04-08 10:50:00,2310.0,2320.0,2300.0,2320.0,303500
2026-04-08 10:55:00,2310.0,2320.0,2310.0,2310.0,104700
2026-04-08 11:00:00,2310.0,2320.0,2300.0,2300.0,263600
2026-04-08 11:05:00,2300.0,2320.0,2300.0,2310.0,386300
2026-04-08 11:10:00,2310.0,2320.0,2300.0,2320.0,327200
2026-04-08 11:15:00,2320.0,2320.0,2310.0,2310.0,395900
2026-04-08 11:20:00,2310.0,2330.0,2300.0,2330.0,1305600
2026-04-08 11:25:00,2330.0,2340.0,2330.0,2340.0,85100
2026-04-08 11:30:00,2330.0,2330.0,2320.0,2330.0,376500
2026-04-08 11:35:00,2330.0,2330.0,2320.0,2330.0,338800
2026-04-08 11:40:00,2330.0,2330.0,2310.0,2330.0,766800
2026-04-08 11:45:00,2320.0,2330.0,2310.0,2310.0,168100
2026-04-08 11:50:00,2320.0,2330.0,2320.0,2330.0,446100
2026-04-08 11:55:00,2320.0,2330.0,2310.0,2320.0,658000
2026-04-08 13:30:00,2320.0,2340.0,2320.0,2340.0,375400
2026-04-08 13:35:00,2330.0,2340.0,2310.0,2320.0,588900
2026-04-08 13:40:00,2320.0,2330.0,2310.0,2320.0,791100
2026-04-08 13:45:00,2310.0,2320.0,2310.0,2310.0,300200
2026-04-08 13:50:00,2310.0,2320.0,2310.0,2320.0,127100
2026-04-08 13:55:00,2310.0,2320.0,2310.0,2310.0,765000
2026-04-08 14:00:00,2300.0,2310.0,2300.0,2300.0,493800
2026-04-08 14:05:00,2300.0,2310.0,2300.0,2310.0,264000
2026-04-08 14:10:00,2300.0,2310.0,2300.0,2310.0,148900
2026-04-08 14:15:00,2310.0,2310.0,2290.0,2290.0,608500
2026-04-08 14:20:00,2290.0,2300.0,2280.0,2280.0,660600
2026-04-08 14:25:00,2280.0,2290.0,2280.0,2280.0,1255800
2026-04-08 14:30:00,2280.0,2300.0,2280.0,2290.0,407600
2026-04-08 14:35:00,2290.0,2310.0,2290.0,2310.0,548100
2026-04-08 14:40:00,2310.0,2310.0,2300.0,2310.0,143800
2026-04-08 14:45:00,2310.0,2320.0,2300.0,2320.0,186100
2026-04-08 14:50:00,2310.0,2320.0,2310.0,2320.0,87000
2026-04-08 14:55:00,2310.0,2320.0,2300.0,2310.0,185300
2026-04-08 15:00:00,2310.0,2310.0,2300.0,2300.0,246800
2026-04-08 15:05:00,2300.0,2310.0,2300.0,2300.0,140800
2026-04-08 15:10:00,2300.0,2310.0,2300.0,2300.0,339900
2026-04-08 15:15:00,2300.0,2310.0,2300.0,2310.0,86700
2026-04-08 15:20:00,2310.0,2310.0,2300.0,2310.0,244700
2026-04-08 15:25:00,2310.0,2320.0,2300.0,2310.0,113600
2026-04-08 15:30:00,2310.0,2320.0,2300.0,2320.0,158600
2026-04-08 15:35:00,2320.0,2330.0,2310.0,2320.0,586100
2026-04-08 15:40:00,2330.0,2330.0,2310.0,2310.0,397600
2026-04-08 15:45:00,2320.0,2320.0,2310.0,2320.0,444300
2026-04-08 15:50:00,2320.0,2320.0,2320.0,2320.0,0
2026-04-08 16:00:00,2310.0,2310.0,2310.0,2310.0,1016700
2026-04-08 16:05:00,2310.0,2310.0,2310.0,2310.0,33600
2026-04-08 16:10:00,2310.0,2310.0,2310.0,2310.0,355900
2026-04-09 09:00:00,2260.0,2280.0,2230.0,2240.0,0
2026-04-09 09:05:00,2240.0,2260.0,2210.0,2230.0,1906700
2026-04-09 09:10:00,2230.0,2270.0,2230.0,2260.0,668000
2026-04-09 09:15:00,2250.0,2260.0,2240.0,2250.0,603600
2026-04-09 09:20:00,2250.0,2260.0,2240.0,2250.0,359800
2026-04-09 09:25:00,2260.0,2260.0,2250.0,2250.0,122700
2026-04-09 09:30:00,2260.0,2270.0,2250.0,2260.0,313400
2026-04-09 09:35:00,2270.0,2270.0,2260.0,2270.0,552600
2026-04-09 09:40:00,2270.0,2280.0,2270.0,2280.0,181500
2026-04-09 09:45:00,2280.0,2280.0,2260.0,2270.0,284900
2026-04-09 09:50:00,2260.0,2260.0,2250.0,2260.0,359400
2026-04-09 09:55:00,2260.0,2270.0,2260.0,2260.0,232900
2026-04-09 10:00:00,2270.0,2280.0,2260.0,2270.0,105000
2026-04-09 10:05:00,2280.0,2300.0,2280.0,2290.0,473900
2026-04-09 10:10:00,2290.0,2290.0,2280.0,2290.0,171600
2026-04-09 10:15:00,2290.0,2290.0,2270.0,2270.0,642700
2026-04-09 10:20:00,2270.0,2270.0,2260.0,2270.0,166300
2026-04-09 10:25:00,2270.0,2270.0,2260.0,2270.0,39600
2026-04-09 10:30:00,2270.0,2270.0,2260.0,2270.0,25700
2026-04-09 10:35:00,2260.0,2270.0,2260.0,2260.0,30600
2026-04-09 10:40:00,2260.0,2270.0,2260.0,2270.0,475800
2026-04-09 10:45:00,2260.0,2270.0,2260.0,2260.0,21300
2026-04-09 10:50:00,2270.0,2270.0,2260.0,2260.0,15900
2026-04-09 10:55:00,2270.0,2270.0,2250.0,2270.0,388500
2026-04-09 11:00:00,2270.0,2270.0,2260.0,2270.0,69600
2026-04-09 11:05:00,2280.0,2280.0,2270.0,2280.0,70700
2026-04-09 11:10:00,2280.0,2280.0,2270.0,2270.0,2900
2026-04-09 11:15:00,2280.0,2280.0,2270.0,2280.0,15600
2026-04-09 11:20:00,2280.0,2280.0,2280.0,2280.0,25300
2026-04-09 11:25:00,2280.0,2280.0,2280.0,2280.0,4900
2026-04-09 11:30:00,2280.0,2280.0,2270.0,2270.0,25400
2026-04-09 11:35:00,2270.0,2280.0,2260.0,2260.0,348700
2026-04-09 11:40:00,2260.0,2270.0,2260.0,2270.0,19100
2026-04-09 11:45:00,2260.0,2270.0,2260.0,2260.0,23900
2026-04-09 11:50:00,2260.0,2270.0,2260.0,2260.0,47800
2026-04-09 11:55:00,2270.0,2270.0,2250.0,2260.0,399600
2026-04-09 13:30:00,2260.0,2260.0,2250.0,2250.0,556800
2026-04-09 13:35:00,2250.0,2260.0,2250.0,2250.0,111700
2026-04-09 13:40:00,2250.0,2260.0,2250.0,2250.0,18000
2026-04-09 13:45:00,2250.0,2260.0,2250.0,2260.0,114700
2026-04-09 13:50:00,2260.0,2260.0,2250.0,2260.0,18800
2026-04-09 13:55:00,2250.0,2260.0,2250.0,2250.0,21600
2026-04-09 14:00:00,2250.0,2260.0,2250.0,2260.0,28200
2026-04-09 14:05:00,2250.0,2270.0,2250.0,2260.0,469100
2026-04-09 14:10:00,2250.0,2270.0,2250.0,2270.0,186500
2026-04-09 14:15:00,2260.0,2270.0,2260.0,2260.0,77000
2026-04-09 14:20:00,2260.0,2270.0,2260.0,2260.0,223900
2026-04-09 14:25:00,2270.0,2270.0,2260.0,2270.0,27200
2026-04-09 14:30:00,2260.0,2270.0,2260.0,2270.0,54300
2026-04-09 14:35:00,2260.0,2270.0,2260.0,2260.0,595200
2026-04-09 14:40:00,2260.0,2260.0,2250.0,2260.0,22100
2026-04-09 14:45:00,2260.0,2270.0,2260.0,2260.0,855900
2026-04-09 14:50:00,2260.0,2270.0,2260.0,2270.0,70200
2026-04-09 14:55:00,2270.0,2270.0,2260.0,2270.0,166300
2026-04-09 15:00:00,2270.0,2270.0,2260.0,2260.0,106600
2026-04-09 15:05:00,2260.0,2270.0,2260.0,2270.0,14700
2026-04-09 15:10:00,2270.0,2270.0,2260.0,2270.0,5800
2026-04-09 15:15:00,2260.0,2260.0,2250.0,2260.0,564200
2026-04-09 15:20:00,2250.0,2260.0,2250.0,2260.0,195600
2026-04-09 15:25:00,2260.0,2260.0,2250.0,2250.0,44300
2026-04-09 15:30:00,2250.0,2260.0,2250.0,2250.0,3300
2026-04-09 15:35:00,2260.0,2270.0,2260.0,2260.0,966300
2026-04-09 15:40:00,2260.0,2270.0,2260.0,2260.0,47400
2026-04-09 15:45:00,2260.0,2270.0,2260.0,2260.0,249600
2026-04-09 16:00:00,2260.0,2260.0,2260.0,2260.0,296300
2026-04-09 16:05:00,2260.0,2260.0,2260.0,2260.0,42500
2026-04-09 16:10:00,2260.0,2260.0,2260.0,2260.0,0
2026-04-10 09:00:00,2290.0,2340.0,2290.0,2300.0,0
2026-04-10 09:05:00,2300.0,2340.0,2300.0,2340.0,921700
2026-04-10 09:10:00,2330.0,2360.0,2330.0,2340.0,1823600
2026-04-10 09:15:00,2340.0,2390.0,2330.0,2390.0,2110900
2026-04-10 09:20:00,2390.0,2410.0,2380.0,2380.0,4987500
2026-04-10 09:25:00,2390.0,2420.0,2380.0,2400.0,3028700
2026-04-10 09:30:00,2400.0,2440.0,2390.0,2430.0,3060700
2026-04-10 09:35:00,2420.0,2430.0,2400.0,2400.0,1223600
2026-04-10 09:40:00,2410.0,2420.0,2400.0,2410.0,723200
2026-04-10 09:45:00,2400.0,2410.0,2390.0,2400.0,792900
2026-04-10 09:50:00,2400.0,2410.0,2390.0,2400.0,317800
2026-04-10 09:55:00,2400.0,2400.0,2390.0,2400.0,262400
2026-04-10 10:00:00,2400.0,2410.0,2390.0,2390.0,382300
2026-04-10 10:05:00,2390.0,2390.0,2360.0,2370.0,1337700
2026-04-10 10:10:00,2380.0,2390.0,2370.0,2390.0,434600
2026-04-10 10:15:00,2390.0,2390.0,2380.0,2390.0,163100
2026-04-10 10:20:00,2390.0,2400.0,2390.0,2390.0,235300
2026-04-10 10:25:00,2390.0,2400.0,2380.0,2400.0,85000
2026-04-10 10:30:00,2390.0,2400.0,2380.0,2390.0,102700
2026-04-10 10:35:00,2390.0,2390.0,2380.0,2380.0,45500
2026-04-10 10:40:00,2380.0,2390.0,2380.0,2390.0,390800
2026-04-10 10:45:00,2380.0,2390.0,2380.0,2390.0,152300
2026-04-10 10:50:00,2380.0,2390.0,2380.0,2390.0,76600
2026-04-10 10:55:00,2380.0,2390.0,2380.0,2390.0,67800
2026-04-10 11:00:00,2390.0,2390.0,2370.0,2380.0,292800
2026-04-10 11:05:00,2380.0,2380.0,2350.0,2370.0,798200
2026-04-10 11:10:00,2360.0,2380.0,2360.0,2370.0,113000
2026-04-10 11:15:00,2370.0,2380.0,2370.0,2380.0,17700
2026-04-10 11:20:00,2370.0,2380.0,2370.0,2370.0,5800
2026-04-10 11:25:00,2370.0,2380.0,2360.0,2360.0,186200
2026-04-10 14:00:00,2370.0,2390.0,2360.0,2370.0,776400
2026-04-10 14:05:00,2370.0,2380.0,2360.0,2380.0,416700
2026-04-10 14:10:00,2380.0,2380.0,2370.0,2370.0,125800
2026-04-10 14:15:00,2370.0,2380.0,2360.0,2370.0,290100
2026-04-10 14:20:00,2360.0,2370.0,2360.0,2370.0,121800
2026-04-10 14:25:00,2370.0,2370.0,2360.0,2360.0,87800
2026-04-10 14:30:00,2360.0,2370.0,2360.0,2370.0,197600
2026-04-10 14:35:00,2370.0,2370.0,2360.0,2370.0,122300
2026-04-10 14:40:00,2360.0,2370.0,2360.0,2370.0,111400
2026-04-10 14:45:00,2370.0,2380.0,2360.0,2370.0,492400
2026-04-10 14:50:00,2370.0,2370.0,2360.0,2360.0,369400
2026-04-10 14:55:00,2360.0,2370.0,2350.0,2360.0,628800
2026-04-10 15:00:00,2360.0,2360.0,2350.0,2360.0,52800
2026-04-10 15:05:00,2360.0,2360.0,2350.0,2360.0,582600
2026-04-10 15:10:00,2360.0,2360.0,2350.0,2350.0,337200
2026-04-10 15:15:00,2350.0,2350.0,2320.0,2320.0,3488400
2026-04-10 15:20:00,2330.0,2330.0,2310.0,2320.0,744100
2026-04-10 15:25:00,2320.0,2340.0,2320.0,2330.0,395300
2026-04-10 15:30:00,2330.0,2340.0,2320.0,2330.0,404300
2026-04-10 15:35:00,2330.0,2330.0,2320.0,2330.0,287500
2026-04-10 15:40:00,2320.0,2330.0,2310.0,2320.0,1177600
2026-04-10 15:45:00,2320.0,2340.0,2320.0,2340.0,182000
2026-04-10 16:00:00,2340.0,2340.0,2340.0,2340.0,488600
2026-04-10 16:05:00,2340.0,2340.0,2340.0,2340.0,0
2026-04-10 16:10:00,2340.0,2340.0,2340.0,2340.0,129600
2026-04-13 09:00:00,2290.0,2310.0,2260.0,2300.0,0
2026-04-13 09:05:00,2290.0,2310.0,2290.0,2310.0,647600
2026-04-13 09:10:00,2310.0,2320.0,2300.0,2310.0,357000
2026-04-13 09:15:00,2310.0,2330.0,2310.0,2330.0,535600
2026-04-13 09:20:00,2320.0,2340.0,2320.0,2340.0,1010800
2026-04-13 09:25:00,2340.0,2360.0,2340.0,2340.0,1031000
2026-04-13 09:30:00,2340.0,2350.0,2330.0,2350.0,185100
2026-04-13 09:35:00,2350.0,2360.0,2340.0,2360.0,279600
2026-04-13 09:40:00,2360.0,2380.0,2350.0,2370.0,816300
2026-04-13 09:45:00,2370.0,2380.0,2360.0,2370.0,572500
2026-04-13 09:50:00,2370.0,2380.0,2360.0,2370.0,468800
2026-04-13 09:55:00,2370.0,2370.0,2360.0,2370.0,540500
2026-04-13 10:00:00,2360.0,2380.0,2360.0,2370.0,265900
2026-04-13 10:05:00,2370.0,2380.0,2370.0,2380.0,75400
2026-04-13 10:10:00,2380.0,2380.0,2360.0,2370.0,322600
2026-04-13 10:15:00,2370.0,2370.0,2360.0,2360.0,61500
2026-04-13 10:20:00,2360.0,2370.0,2330.0,2340.0,682300
2026-04-13 10:25:00,2340.0,2360.0,2330.0,2350.0,262300
2026-04-13 10:30:00,2360.0,2360.0,2350.0,2360.0,31300
2026-04-13 10:35:00,2360.0,2360.0,2350.0,2350.0,52700
2026-04-13 10:40:00,2350.0,2360.0,2350.0,2350.0,185000
2026-04-13 10:45:00,2350.0,2350.0,2340.0,2340.0,265200
2026-04-13 10:50:00,2340.0,2350.0,2330.0,2340.0,147900
2026-04-13 10:55:00,2350.0,2350.0,2340.0,2350.0,116300
2026-04-13 11:00:00,2340.0,2360.0,2340.0,2350.0,45600
2026-04-13 11:05:00,2350.0,2360.0,2340.0,2350.0,48000
2026-04-13 11:10:00,2340.0,2350.0,2340.0,2350.0,71100
2026-04-13 11:15:00,2350.0,2360.0,2350.0,2360.0,45900
2026-04-13 11:20:00,2360.0,2360.0,2350.0,2350.0,30200
2026-04-13 11:25:00,2360.0,2360.0,2350.0,2350.0,36900
2026-04-13 11:30:00,2360.0,2360.0,2350.0,2360.0,295100
2026-04-13 11:35:00,2360.0,2410.0,2360.0,2410.0,2974000
2026-04-13 11:40:00,2400.0,2410.0,2390.0,2390.0,688200
2026-04-13 11:45:00,2390.0,2400.0,2380.0,2390.0,242700
2026-04-13 11:50:00,2400.0,2410.0,2390.0,2400.0,694600
2026-04-13 11:55:00,2390.0,2410.0,2390.0,2400.0,280800
2026-04-13 13:30:00,2400.0,2410.0,2390.0,2390.0,856900
2026-04-13 13:35:00,2390.0,2400.0,2380.0,2390.0,431900
2026-04-13 13:40:00,2390.0,2390.0,2380.0,2390.0,185300
2026-04-13 13:45:00,2390.0,2400.0,2380.0,2380.0,336700
2026-04-13 13:50:00,2390.0,2400.0,2390.0,2400.0,200700
2026-04-13 13:55:00,2400.0,2400.0,2390.0,2390.0,520700
2026-04-13 14:00:00,2400.0,2400.0,2390.0,2390.0,307500
2026-04-13 14:05:00,2390.0,2400.0,2390.0,2400.0,305700
2026-04-13 14:10:00,2400.0,2400.0,2380.0,2390.0,167500
2026-04-13 14:15:00,2390.0,2390.0,2380.0,2380.0,115200
2026-04-13 14:20:00,2380.0,2390.0,2370.0,2380.0,358600
2026-04-13 14:25:00,2380.0,2390.0,2380.0,2380.0,182100
2026-04-13 14:30:00,2380.0,2390.0,2380.0,2390.0,122600
2026-04-13 14:35:00,2390.0,2390.0,2380.0,2390.0,265300
2026-04-13 14:40:00,2390.0,2400.0,2390.0,2390.0,192400
2026-04-13 14:45:00,2380.0,2390.0,2380.0,2390.0,323300
2026-04-13 14:50:00,2390.0,2410.0,2390.0,2400.0,864000
2026-04-13 14:55:00,2400.0,2400.0,2390.0,2400.0,203900
2026-04-13 15:00:00,2400.0,2410.0,2390.0,2400.0,206800
2026-04-13 15:05:00,2400.0,2410.0,2390.0,2400.0,424500
2026-04-13 15:10:00,2400.0,2400.0,2380.0,2390.0,434500
2026-04-13 15:15:00,2390.0,2390.0,2380.0,2380.0,168300
2026-04-13 15:20:00,2380.0,2390.0,2380.0,2390.0,123100
2026-04-13 15:25:00,2380.0,2400.0,2380.0,2400.0,396400
2026-04-13 15:30:00,2400.0,2420.0,2400.0,2420.0,1438900
2026-04-13 15:35:00,2420.0,2420.0,2410.0,2410.0,509600
2026-04-13 15:40:00,2410.0,2420.0,2400.0,2400.0,327300
2026-04-13 15:45:00,2400.0,2410.0,2400.0,2400.0,201600
2026-04-13 16:00:00,2380.0,2380.0,2380.0,2380.0,8165200
2026-04-13 16:05:00,2380.0,2380.0,2380.0,2380.0,27600
2026-04-13 16:10:00,2380.0,2380.0,2380.0,2380.0,300600
2026-04-14 09:00:00,2460.0,2500.0,2450.0,2490.0,0
2026-04-14 09:05:00,2490.0,2510.0,2490.0,2500.0,3033000
2026-04-14 09:10:00,2510.0,2510.0,2480.0,2490.0,1609900
2026-04-14 09:15:00,2490.0,2500.0,2480.0,2490.0,478900
2026-04-14 09:20:00,2500.0,2510.0,2490.0,2510.0,916300
2026-04-14 09:25:00,2510.0,2550.0,2500.0,2520.0,3814400
2026-04-14 09:30:00,2530.0,2540.0,2510.0,2530.0,1176000
2026-04-14 09:35:00,2530.0,2540.0,2500.0,2500.0,1986300
2026-04-14 09:40:00,2500.0,2510.0,2490.0,2510.0,1367900
2026-04-14 09:45:00,2500.0,2520.0,2500.0,2510.0,650800
2026-04-14 09:50:00,2510.0,2510.0,2500.0,2500.0,198900
2026-04-14 09:55:00,2500.0,2510.0,2500.0,2500.0,292100
2026-04-14 10:00:00,2510.0,2540.0,2510.0,2530.0,2243800
2026-04-14 10:05:00,2530.0,2530.0,2510.0,2520.0,2037900
2026-04-14 10:10:00,2530.0,2530.0,2510.0,2520.0,842400
2026-04-14 10:15:00,2520.0,2520.0,2510.0,2510.0,282100
2026-04-14 10:20:00,2510.0,2520.0,2500.0,2510.0,243600
2026-04-14 10:25:00,2510.0,2530.0,2500.0,2530.0,476400
2026-04-14 10:30:00,2530.0,2530.0,2520.0,2530.0,142300
2026-04-14 10:35:00,2530.0,2530.0,2520.0,2520.0,76900
2026-04-14 10:40:00,2530.0,2530.0,2520.0,2520.0,76800
2026-04-14 10:45:00,2520.0,2530.0,2520.0,2530.0,297600
2026-04-14 10:50:00,2530.0,2530.0,2520.0,2530.0,107800
2026-04-14 10:55:00,2530.0,2530.0,2520.0,2520.0,243800
2026-04-14 11:00:00,2520.0,2530.0,2510.0,2520.0,678800
2026-04-14 11:05:00,2520.0,2520.0,2510.0,2510.0,298600
2026-04-14 11:10:00,2510.0,2520.0,2510.0,2510.0,71700
2026-04-14 11:15:00,2520.0,2520.0,2510.0,2520.0,163800
2026-04-14 11:20:00,2520.0,2520.0,2510.0,2510.0,22500
2026-04-14 11:25:00,2520.0,2520.0,2510.0,2520.0,138500
2026-04-14 11:30:00,2520.0,2520.0,2500.0,2510.0,358900
2026-04-14 11:35:00,2510.0,2520.0,2500.0,2520.0,142900
2026-04-14 11:40:00,2520.0,2520.0,2490.0,2490.0,1832700
2026-04-14 11:45:00,2490.0,2500.0,2480.0,2480.0,224700
2026-04-14 11:50:00,2490.0,2490.0,2470.0,2470.0,647200
2026-04-14 11:55:00,2480.0,2480.0,2470.0,2480.0,234600
2026-04-14 13:30:00,2480.0,2490.0,2430.0,2430.0,3215800
2026-04-14 13:35:00,2430.0,2460.0,2430.0,2460.0,1340600
2026-04-14 13:40:00,2460.0,2480.0,2440.0,2450.0,747300
2026-04-14 13:45:00,2460.0,2460.0,2440.0,2450.0,296400
2026-04-14 13:50:00,2450.0,2450.0,2440.0,2440.0,367400
2026-04-14 13:55:00,2450.0,2450.0,2440.0,2440.0,500600
2026-04-14 14:00:00,2440.0,2460.0,2440.0,2450.0,374000
2026-04-14 14:05:00,2450.0,2450.0,2440.0,2450.0,184000
2026-04-14 14:10:00,2450.0,2460.0,2440.0,2460.0,154500
2026-04-14 14:15:00,2460.0,2460.0,2450.0,2450.0,231200
2026-04-14 14:20:00,2460.0,2470.0,2450.0,2470.0,215000
2026-04-14 14:25:00,2470.0,2470.0,2460.0,2470.0,121600
2026-04-14 14:30:00,2460.0,2470.0,2440.0,2440.0,811000
2026-04-14 14:35:00,2440.0,2450.0,2440.0,2450.0,240900
2026-04-14 14:40:00,2440.0,2450.0,2440.0,2450.0,109400
2026-04-14 14:45:00,2450.0,2460.0,2450.0,2460.0,230000
2026-04-14 14:50:00,2460.0,2460.0,2450.0,2460.0,330100
2026-04-14 14:55:00,2450.0,2460.0,2450.0,2450.0,545100
2026-04-14 15:00:00,2450.0,2460.0,2450.0,2450.0,156000
2026-04-14 15:05:00,2450.0,2460.0,2450.0,2450.0,79200
2026-04-14 15:10:00,2450.0,2460.0,2450.0,2450.0,168600
2026-04-14 15:15:00,2460.0,2460.0,2450.0,2450.0,288000
2026-04-14 15:20:00,2460.0,2460.0,2450.0,2460.0,201400
2026-04-14 15:25:00,2450.0,2460.0,2450.0,2450.0,124500
2026-04-14 15:30:00,2460.0,2470.0,2450.0,2460.0,1725600
2026-04-14 15:35:00,2460.0,2480.0,2450.0,2470.0,603100
2026-04-14 15:40:00,2470.0,2470.0,2460.0,2470.0,476200
2026-04-14 15:45:00,2470.0,2470.0,2460.0,2460.0,556500
2026-04-14 16:00:00,2470.0,2470.0,2470.0,2470.0,768400
2026-04-14 16:05:00,2470.0,2470.0,2470.0,2470.0,151800
2026-04-14 16:10:00,2470.0,2470.0,2470.0,2470.0,209600
2026-04-15 09:00:00,2520.0,2540.0,2510.0,2530.0,0
2026-04-15 09:05:00,2530.0,2560.0,2510.0,2560.0,4695900
2026-04-15 09:10:00,2550.0,2570.0,2530.0,2530.0,2071900
2026-04-15 09:15:00,2540.0,2540.0,2500.0,2510.0,1039300
2026-04-15 09:20:00,2500.0,2520.0,2490.0,2520.0,1282900
2026-04-15 09:25:00,2520.0,2530.0,2510.0,2510.0,499800
2026-04-15 09:30:00,2510.0,2510.0,2480.0,2480.0,856800
2026-04-15 09:35:00,2480.0,2490.0,2470.0,2490.0,1504000
2026-04-15 09:40:00,2490.0,2500.0,2480.0,2500.0,321200
2026-04-15 09:45:00,2490.0,2500.0,2480.0,2490.0,461500
2026-04-15 09:50:00,2480.0,2480.0,2470.0,2470.0,226800
2026-04-15 09:55:00,2470.0,2490.0,2470.0,2480.0,463100
2026-04-15 10:00:00,2480.0,2480.0,2470.0,2470.0,59300
2026-04-15 10:05:00,2480.0,2480.0,2470.0,2470.0,89800
2026-04-15 10:10:00,2470.0,2480.0,2460.0,2470.0,1519800
2026-04-15 10:15:00,2470.0,2480.0,2460.0,2470.0,205500
2026-04-15 10:20:00,2480.0,2480.0,2460.0,2480.0,503200
2026-04-15 10:25:00,2480.0,2490.0,2480.0,2480.0,220600
2026-04-15 10:30:00,2490.0,2490.0,2480.0,2480.0,69500
2026-04-15 10:35:00,2480.0,2490.0,2470.0,2480.0,149700
2026-04-15 10:40:00,2480.0,2490.0,2470.0,2480.0,188000
2026-04-15 10:45:00,2480.0,2490.0,2480.0,2490.0,121000
2026-04-15 10:50:00,2480.0,2500.0,2480.0,2500.0,257400
2026-04-15 10:55:00,2500.0,2500.0,2490.0,2490.0,114600
2026-04-15 11:00:00,2490.0,2500.0,2490.0,2500.0,7800
2026-04-15 11:05:00,2500.0,2500.0,2490.0,2500.0,134200
2026-04-15 11:10:00,2500.0,2510.0,2500.0,2510.0,266500
2026-04-15 11:15:00,2510.0,2520.0,2500.0,2500.0,1158800
2026-04-15 11:20:00,2490.0,2510.0,2490.0,2500.0,215700
2026-04-15 11:25:00,2500.0,2500.0,2500.0,2500.0,18300
2026-04-15 11:30:00,2500.0,2510.0,2490.0,2510.0,44700
2026-04-15 11:35:00,2510.0,2510.0,2500.0,2510.0,30900
2026-04-15 11:40:00,2500.0,2510.0,2500.0,2510.0,219700
2026-04-15 11:45:00,2510.0,2510.0,2500.0,2500.0,209600
2026-04-15 11:50:00,2510.0,2510.0,2500.0,2500.0,240200
2026-04-15 11:55:00,2500.0,2500.0,2490.0,2490.0,13700
2026-04-15 13:30:00,2500.0,2510.0,2490.0,2500.0,636000
2026-04-15 13:35:00,2500.0,2500.0,2480.0,2480.0,336700
2026-04-15 13:40:00,2480.0,2500.0,2480.0,2490.0,218300
2026-04-15 13:45:00,2500.0,2500.0,2480.0,2490.0,149100
2026-04-15 13:50:00,2480.0,2490.0,2480.0,2490.0,47900
2026-04-15 13:55:00,2490.0,2490.0,2480.0,2490.0,205700
2026-04-15 14:00:00,2490.0,2490.0,2480.0,2480.0,59700
2026-04-15 14:05:00,2490.0,2490.0,2480.0,2490.0,39200
2026-04-15 14:10:00,2490.0,2490.0,2480.0,2490.0,39600
2026-04-15 14:15:00,2490.0,2490.0,2480.0,2480.0,109300
2026-04-15 14:20:00,2490.0,2490.0,2480.0,2480.0,126300
2026-04-15 14:25:00,2480.0,2490.0,2480.0,2480.0,50300
2026-04-15 14:30:00,2480.0,2480.0,2470.0,2470.0,156600
2026-04-15 14:35:00,2470.0,2480.0,2470.0,2480.0,264600
2026-04-15 14:40:00,2470.0,2480.0,2470.0,2470.0,53100
2026-04-15 14:45:00,2480.0,2480.0,2470.0,2480.0,199800
2026-04-15 14:50:00,2480.0,2480.0,2470.0,2480.0,136700
2026-04-15 14:55:00,2480.0,2480.0,2470.0,2480.0,232500
2026-04-15 15:00:00,2480.0,2480.0,2470.0,2480.0,38300
2026-04-15 15:05:00,2470.0,2480.0,2470.0,2480.0,45500
2026-04-15 15:10:00,2470.0,2480.0,2470.0,2470.0,125100
2026-04-15 15:15:00,2470.0,2480.0,2470.0,2470.0,423800
2026-04-15 15:20:00,2470.0,2480.0,2470.0,2470.0,46200
2026-04-15 15:25:00,2470.0,2480.0,2460.0,2460.0,1179900
2026-04-15 15:30:00,2460.0,2480.0,2460.0,2470.0,535000
2026-04-15 15:35:00,2470.0,2470.0,2450.0,2470.0,414800
2026-04-15 15:40:00,2460.0,2480.0,2460.0,2470.0,727100
2026-04-15 15:45:00,2480.0,2480.0,2470.0,2470.0,178200
2026-04-15 16:00:00,2470.0,2470.0,2470.0,2470.0,311300
2026-04-15 16:05:00,2470.0,2470.0,2470.0,2470.0,156300
2026-04-15 16:10:00,2470.0,2470.0,2470.0,2470.0,318100
2026-04-16 09:00:00,2510.0,2540.0,2510.0,2520.0,0
2026-04-16 09:05:00,2520.0,2530.0,2500.0,2500.0,493700
2026-04-16 09:10:00,2510.0,2510.0,2500.0,2510.0,370500
2026-04-16 09:15:00,2510.0,2520.0,2500.0,2500.0,377200
2026-04-16 09:20:00,2500.0,2510.0,2490.0,2500.0,252900
2026-04-16 09:25:00,2500.0,2510.0,2490.0,2500.0,100200
2026-04-16 09:30:00,2500.0,2510.0,2490.0,2500.0,215200
2026-04-16 09:35:00,2500.0,2500.0,2490.0,2500.0,70700
2026-04-16 09:40:00,2500.0,2500.0,2490.0,2500.0,32400
2026-04-16 09:45:00,2500.0,2500.0,2490.0,2490.0,11200
2026-04-16 09:50:00,2500.0,2500.0,2490.0,2500.0,71600
2026-04-16 09:55:00,2490.0,2500.0,2490.0,2490.0,122500
2026-04-16 10:00:00,2490.0,2500.0,2490.0,2500.0,379300
2026-04-16 10:05:00,2500.0,2500.0,2490.0,2490.0,228700
2026-04-16 10:10:00,2490.0,2490.0,2480.0,2480.0,295200
2026-04-16 10:15:00,2480.0,2490.0,2470.0,2470.0,943700
2026-04-16 10:20:00,2470.0,2480.0,2470.0,2470.0,109600
2026-04-16 10:25:00,2480.0,2480.0,2470.0,2470.0,55100
2026-04-16 10:30:00,2470.0,2480.0,2470.0,2470.0,59000
2026-04-16 10:35:00,2470.0,2480.0,2470.0,2480.0,26800
2026-04-16 10:40:00,2480.0,2480.0,2460.0,2460.0,337900
2026-04-16 10:45:00,2460.0,2470.0,2450.0,2460.0,1132100
2026-04-16 10:50:00,2450.0,2470.0,2450.0,2470.0,90700
2026-04-16 10:55:00,2460.0,2460.0,2450.0,2450.0,480200
2026-04-16 11:00:00,2450.0,2480.0,2440.0,2480.0,624800
2026-04-16 11:05:00,2460.0,2460.0,2450.0,2460.0,81800
2026-04-16 11:10:00,2460.0,2460.0,2450.0,2450.0,105800
2026-04-16 11:15:00,2450.0,2460.0,2450.0,2460.0,125500
2026-04-16 11:20:00,2460.0,2470.0,2460.0,2460.0,7200
2026-04-16 11:25:00,2470.0,2470.0,2450.0,2460.0,120100
2026-04-16 11:30:00,2460.0,2460.0,2440.0,2450.0,36200
2026-04-16 11:35:00,2450.0,2450.0,2440.0,2450.0,31800
2026-04-16 11:40:00,2450.0,2450.0,2440.0,2450.0,74600
2026-04-16 11:45:00,2450.0,2460.0,2440.0,2450.0,221800
2026-04-16 11:50:00,2450.0,2460.0,2450.0,2450.0,48500
2026-04-16 11:55:00,2450.0,2460.0,2440.0,2440.0,521200
2026-04-16 13:30:00,2450.0,2460.0,2440.0,2460.0,472000
2026-04-16 13:35:00,2460.0,2460.0,2430.0,2440.0,633900
2026-04-16 13:40:00,2450.0,2450.0,2440.0,2450.0,321900
2026-04-16 13:45:00,2450.0,2450.0,2430.0,2430.0,292400
2026-04-16 13:50:00,2430.0,2440.0,2430.0,2430.0,586500
2026-04-16 13:55:00,2440.0,2450.0,2430.0,2450.0,342200
2026-04-16 14:00:00,2440.0,2440.0,2430.0,2440.0,257900
2026-04-16 14:05:00,2440.0,2450.0,2430.0,2450.0,173000
2026-04-16 14:10:00,2450.0,2450.0,2440.0,2450.0,259000
2026-04-16 14:15:00,2450.0,2460.0,2440.0,2440.0,266500
2026-04-16 14:20:00,2450.0,2450.0,2440.0,2450.0,42800
2026-04-16 14:25:00,2450.0,2460.0,2440.0,2440.0,283800
2026-04-16 14:30:00,2440.0,2450.0,2440.0,2440.0,247200
2026-04-16 14:35:00,2440.0,2450.0,2430.0,2440.0,84200
2026-04-16 14:40:00,2440.0,2450.0,2440.0,2450.0,5600
2026-04-16 14:45:00,2440.0,2450.0,2440.0,2450.0,80400
2026-04-16 14:50:00,2450.0,2450.0,2440.0,2440.0,12100
2026-04-16 14:55:00,2440.0,2440.0,2430.0,2430.0,383400
2026-04-16 15:00:00,2430.0,2440.0,2430.0,2430.0,33900
2026-04-16 15:05:00,2440.0,2440.0,2430.0,2440.0,137200
2026-04-16 15:10:00,2440.0,2440.0,2430.0,2440.0,71700
2026-04-16 15:15:00,2440.0,2440.0,2430.0,2430.0,17100
2026-04-16 15:20:00,2440.0,2440.0,2420.0,2430.0,702000
2026-04-16 15:25:00,2430.0,2430.0,2420.0,2420.0,233700
2026-04-16 15:30:00,2420.0,2430.0,2420.0,2430.0,362200
2026-04-16 15:35:00,2430.0,2430.0,2420.0,2430.0,380700
2026-04-16 15:40:00,2430.0,2430.0,2410.0,2420.0,386500
2026-04-16 15:45:00,2420.0,2420.0,2410.0,2420.0,376600
2026-04-16 16:00:00,2420.0,2420.0,2420.0,2420.0,329200
2026-04-16 16:05:00,2420.0,2420.0,2420.0,2420.0,64200
2026-04-16 16:10:00,2420.0,2420.0,2420.0,2420.0,53400
2026-04-17 09:00:00,2410.0,2440.0,2410.0,2420.0,0
2026-04-17 09:05:00,2420.0,2430.0,2410.0,2420.0,176100
2026-04-17 09:10:00,2420.0,2420.0,2380.0,2420.0,1612100
2026-04-17 09:15:00,2410.0,2410.0,2390.0,2410.0,325900
2026-04-17 09:20:00,2400.0,2430.0,2400.0,2420.0,377600
2026-04-17 09:25:00,2420.0,2420.0,2410.0,2420.0,26800
2026-04-17 09:30:00,2420.0,2420.0,2410.0,2410.0,155700
2026-04-17 09:35:00,2420.0,2420.0,2410.0,2420.0,43500
2026-04-17 09:40:00,2420.0,2430.0,2410.0,2430.0,124400
2026-04-17 09:45:00,2430.0,2440.0,2420.0,2430.0,112700
2026-04-17 09:50:00,2430.0,2450.0,2430.0,2450.0,345100
2026-04-17 09:55:00,2450.0,2450.0,2430.0,2430.0,238200
2026-04-17 10:00:00,2430.0,2430.0,2420.0,2420.0,64500
2026-04-17 10:05:00,2430.0,2430.0,2420.0,2420.0,73200
2026-04-17 10:10:00,2420.0,2430.0,2420.0,2420.0,38900
2026-04-17 10:15:00,2430.0,2430.0,2420.0,2430.0,7000
2026-04-17 10:20:00,2430.0,2460.0,2420.0,2450.0,409900
2026-04-17 10:25:00,2450.0,2480.0,2450.0,2480.0,988800
2026-04-17 10:30:00,2470.0,2500.0,2470.0,2480.0,1741100
2026-04-17 10:35:00,2490.0,2490.0,2450.0,2460.0,462200
2026-04-17 10:40:00,2460.0,2470.0,2450.0,2460.0,88100
2026-04-17 10:45:00,2460.0,2460.0,2450.0,2460.0,46200
2026-04-17 10:50:00,2460.0,2470.0,2450.0,2460.0,189000
2026-04-17 10:55:00,2460.0,2460.0,2450.0,2460.0,229100
2026-04-17 11:00:00,2450.0,2460.0,2440.0,2460.0,159900
2026-04-17 11:05:00,2460.0,2460.0,2450.0,2450.0,71900
2026-04-17 11:10:00,2460.0,2470.0,2460.0,2470.0,183400
2026-04-17 11:15:00,2470.0,2470.0,2460.0,2460.0,163600
2026-04-17 11:20:00,2460.0,2470.0,2450.0,2450.0,108600
2026-04-17 11:25:00,2450.0,2450.0,2440.0,2440.0,77500
2026-04-17 14:00:00,2440.0,2460.0,2440.0,2450.0,427200
2026-04-17 14:05:00,2450.0,2460.0,2450.0,2460.0,195800
2026-04-17 14:10:00,2460.0,2460.0,2450.0,2450.0,81100
2026-04-17 14:15:00,2450.0,2460.0,2450.0,2450.0,377600
2026-04-17 14:20:00,2460.0,2460.0,2450.0,2450.0,132000
2026-04-17 14:25:00,2450.0,2460.0,2450.0,2450.0,31500
2026-04-17 14:30:00,2460.0,2460.0,2450.0,2460.0,113700
2026-04-17 14:35:00,2460.0,2460.0,2450.0,2450.0,178000
2026-04-17 14:40:00,2450.0,2460.0,2450.0,2450.0,177700
2026-04-17 14:45:00,2450.0,2460.0,2440.0,2440.0,32600
2026-04-17 14:50:00,2440.0,2480.0,2440.0,2470.0,1295000
2026-04-17 14:55:00,2470.0,2480.0,2470.0,2470.0,268100
2026-04-17 15:00:00,2480.0,2480.0,2460.0,2460.0,97000
2026-04-17 15:05:00,2460.0,2490.0,2460.0,2490.0,784000
2026-04-17 15:10:00,2490.0,2490.0,2470.0,2470.0,558700
2026-04-17 15:15:00,2470.0,2500.0,2470.0,2500.0,1197800
2026-04-17 15:20:00,2490.0,2520.0,2490.0,2500.0,2833100
2026-04-17 15:25:00,2510.0,2510.0,2490.0,2500.0,636600
2026-04-17 15:30:00,2510.0,2510.0,2500.0,2510.0,494500
2026-04-17 15:35:00,2510.0,2540.0,2510.0,2540.0,2451500
2026-04-17 15:40:00,2550.0,2570.0,2530.0,2540.0,6484200
2026-04-17 15:45:00,2530.0,2540.0,2510.0,2520.0,2295200
2026-04-17 16:00:00,2520.0,2520.0,2520.0,2520.0,1167000
2026-04-17 16:05:00,2520.0,2520.0,2520.0,2520.0,149300
2026-04-17 16:10:00,2520.0,2520.0,2520.0,2520.0,113100
2026-04-20 09:00:00,2540.0,2540.0,2490.0,2500.0,0
2026-04-20 09:05:00,2500.0,2500.0,2470.0,2490.0,1124400
2026-04-20 09:10:00,2500.0,2510.0,2490.0,2500.0,429500
2026-04-20 09:15:00,2500.0,2500.0,2490.0,2500.0,149900
2026-04-20 09:20:00,2500.0,2510.0,2490.0,2490.0,431300
2026-04-20 09:25:00,2500.0,2500.0,2480.0,2500.0,716300
2026-04-20 09:30:00,2490.0,2500.0,2480.0,2490.0,476900
2026-04-20 09:35:00,2500.0,2500.0,2490.0,2490.0,660000
2026-04-20 09:40:00,2490.0,2510.0,2490.0,2510.0,185000
2026-04-20 09:45:00,2500.0,2510.0,2500.0,2500.0,133200
2026-04-20 09:50:00,2500.0,2510.0,2500.0,2500.0,240300
2026-04-20 09:55:00,2500.0,2500.0,2490.0,2490.0,266300
2026-04-20 10:00:00,2500.0,2500.0,2490.0,2490.0,101500
2026-04-20 10:05:00,2490.0,2490.0,2480.0,2490.0,399400
2026-04-20 10:10:00,2490.0,2490.0,2470.0,2470.0,712300
2026-04-20 10:15:00,2480.0,2480.0,2460.0,2470.0,1342100
2026-04-20 10:20:00,2460.0,2480.0,2460.0,2480.0,346400
2026-04-20 10:25:00,2480.0,2480.0,2460.0,2470.0,81900
2026-04-20 10:30:00,2460.0,2470.0,2450.0,2460.0,350900
2026-04-20 10:35:00,2460.0,2470.0,2430.0,2440.0,1891500
2026-04-20 10:40:00,2450.0,2460.0,2440.0,2460.0,179400
2026-04-20 10:45:00,2460.0,2460.0,2440.0,2450.0,240000
2026-04-20 10:50:00,2450.0,2460.0,2450.0,2460.0,160000
2026-04-20 10:55:00,2460.0,2470.0,2450.0,2460.0,186900
2026-04-20 11:00:00,2450.0,2470.0,2450.0,2470.0,184600
2026-04-20 11:05:00,2470.0,2480.0,2470.0,2480.0,168900
2026-04-20 11:10:00,2470.0,2480.0,2470.0,2480.0,60900
2026-04-20 11:15:00,2480.0,2480.0,2470.0,2480.0,172600
2026-04-20 11:20:00,2470.0,2480.0,2470.0,2480.0,108700
2026-04-20 11:25:00,2480.0,2480.0,2470.0,2480.0,24600
2026-04-20 16:10:00,2480.0,2480.0,2480.0,2480.0,8344400
2026-04-21 09:00:00,2470.0,2480.0,2440.0,2460.0,0
2026-04-21 09:05:00,2460.0,2480.0,2460.0,2470.0,214000
2026-04-21 09:10:00,2480.0,2480.0,2470.0,2480.0,74100
2026-04-21 09:15:00,2480.0,2490.0,2470.0,2470.0,312300
2026-04-21 09:20:00,2470.0,2470.0,2450.0,2460.0,496500
2026-04-21 09:25:00,2460.0,2480.0,2460.0,2470.0,219900
2026-04-21 09:30:00,2470.0,2480.0,2470.0,2470.0,19500
2026-04-21 09:35:00,2480.0,2480.0,2470.0,2480.0,191600
2026-04-21 09:40:00,2480.0,2480.0,2470.0,2480.0,48500
2026-04-21 09:45:00,2480.0,2490.0,2470.0,2490.0,224100
2026-04-21 09:50:00,2490.0,2490.0,2480.0,2480.0,192000
2026-04-21 09:55:00,2480.0,2480.0,2450.0,2460.0,384800
2026-04-21 10:00:00,2460.0,2470.0,2460.0,2470.0,99000
2026-04-21 10:05:00,2470.0,2470.0,2460.0,2460.0,20500
2026-04-21 10:10:00,2460.0,2470.0,2460.0,2470.0,45300
2026-04-21 10:15:00,2460.0,2470.0,2460.0,2460.0,29200
2026-04-21 10:20:00,2460.0,2470.0,2460.0,2460.0,77300
2026-04-21 10:25:00,2470.0,2480.0,2460.0,2470.0,143700
2026-04-21 10:30:00,2470.0,2480.0,2470.0,2470.0,169400
2026-04-21 10:35:00,2470.0,2470.0,2470.0,2470.0,13200
2026-04-21 10:40:00,2470.0,2480.0,2470.0,2480.0,37400
2026-04-21 10:45:00,2470.0,2480.0,2470.0,2470.0,149000
2026-04-21 10:50:00,2470.0,2480.0,2470.0,2470.0,103700
2026-04-21 10:55:00,2470.0,2480.0,2470.0,2480.0,176100
2026-04-21 11:00:00,2470.0,2470.0,2460.0,2470.0,45100
2026-04-21 11:05:00,2470.0,2470.0,2460.0,2470.0,12700
2026-04-21 11:10:00,2470.0,2470.0,2470.0,2470.0,18600
2026-04-21 11:15:00,2470.0,2470.0,2460.0,2470.0,83300
2026-04-21 11:20:00,2460.0,2480.0,2460.0,2470.0,11900
2026-04-21 11:25:00,2470.0,2490.0,2470.0,2480.0,279400
2026-04-21 11:30:00,2490.0,2500.0,2480.0,2500.0,322400
2026-04-21 11:35:00,2490.0,2500.0,2480.0,2490.0,517100
2026-04-21 11:40:00,2490.0,2500.0,2480.0,2480.0,137900
2026-04-21 11:45:00,2480.0,2490.0,2480.0,2490.0,68900
2026-04-21 11:50:00,2490.0,2500.0,2480.0,2490.0,214100
2026-04-21 11:55:00,2490.0,2490.0,2490.0,2490.0,16200
2026-04-21 13:30:00,2480.0,2490.0,2480.0,2490.0,318300
2026-04-21 13:35:00,2490.0,2490.0,2480.0,2490.0,237100
2026-04-21 13:40:00,2500.0,2500.0,2480.0,2480.0,49700
2026-04-21 13:45:00,2490.0,2490.0,2480.0,2490.0,150700
2026-04-21 13:50:00,2490.0,2490.0,2480.0,2480.0,199600
2026-04-21 13:55:00,2480.0,2490.0,2480.0,2490.0,19100
2026-04-21 14:00:00,2480.0,2490.0,2480.0,2480.0,193400
2026-04-21 14:05:00,2480.0,2490.0,2480.0,2480.0,591100
2026-04-21 14:10:00,2480.0,2490.0,2480.0,2490.0,285700
2026-04-21 14:15:00,2480.0,2490.0,2480.0,2480.0,364300
2026-04-21 14:20:00,2490.0,2490.0,2470.0,2480.0,534400
2026-04-21 14:25:00,2480.0,2490.0,2480.0,2480.0,27800
2026-04-21 14:30:00,2470.0,2480.0,2470.0,2470.0,172300
2026-04-21 14:35:00,2480.0,2490.0,2480.0,2480.0,407400
2026-04-21 14:40:00,2490.0,2490.0,2480.0,2480.0,4200
2026-04-21 14:45:00,2480.0,2480.0,2480.0,2480.0,244900
2026-04-21 14:50:00,2480.0,2490.0,2480.0,2480.0,778800
2026-04-21 14:55:00,2490.0,2490.0,2480.0,2480.0,215000
2026-04-21 15:00:00,2480.0,2490.0,2480.0,2480.0,27900
2026-04-21 15:05:00,2480.0,2490.0,2480.0,2490.0,66300
2026-04-21 15:10:00,2480.0,2480.0,2480.0,2480.0,132000
2026-04-21 15:15:00,2480.0,2490.0,2480.0,2480.0,125200
2026-04-21 15:20:00,2480.0,2490.0,2480.0,2480.0,408700
2026-04-21 15:25:00,2480.0,2480.0,2470.0,2470.0,135400
2026-04-21 15:30:00,2470.0,2480.0,2470.0,2480.0,203200
2026-04-21 15:35:00,2470.0,2480.0,2470.0,2480.0,134700
2026-04-21 15:40:00,2470.0,2480.0,2470.0,2480.0,456000
2026-04-21 15:45:00,2480.0,2480.0,2470.0,2470.0,137000
2026-04-21 16:00:00,2470.0,2470.0,2470.0,2470.0,503800
2026-04-21 16:05:00,2470.0,2470.0,2470.0,2470.0,36600
2026-04-21 16:10:00,2470.0,2470.0,2470.0,2470.0,5500
2026-04-22 09:00:00,2480.0,2490.0,2470.0,2490.0,0
2026-04-22 09:05:00,2480.0,2500.0,2480.0,2490.0,497700
2026-04-22 09:10:00,2500.0,2520.0,2490.0,2510.0,847200
2026-04-22 09:15:00,2500.0,2510.0,2500.0,2510.0,211400
2026-04-22 09:20:00,2510.0,2520.0,2500.0,2500.0,672900
2026-04-22 09:25:00,2490.0,2510.0,2490.0,2510.0,330400
2026-04-22 09:30:00,2500.0,2510.0,2500.0,2510.0,138400
2026-04-22 09:35:00,2510.0,2520.0,2500.0,2510.0,355300
2026-04-22 09:40:00,2520.0,2550.0,2510.0,2540.0,3549100
2026-04-22 09:45:00,2540.0,2540.0,2520.0,2530.0,1583200
2026-04-22 09:50:00,2530.0,2550.0,2530.0,2540.0,1423900
2026-04-22 09:55:00,2540.0,2550.0,2530.0,2550.0,512800
2026-04-22 10:00:00,2550.0,2570.0,2540.0,2560.0,3208000
2026-04-22 10:05:00,2560.0,2570.0,2550.0,2570.0,1066900
2026-04-22 10:10:00,2560.0,2570.0,2550.0,2560.0,641000
2026-04-22 10:15:00,2560.0,2560.0,2540.0,2550.0,682000
2026-04-22 10:20:00,2540.0,2560.0,2540.0,2540.0,353600
2026-04-22 10:25:00,2540.0,2550.0,2540.0,2540.0,468000
2026-04-22 10:30:00,2540.0,2550.0,2530.0,2540.0,366800
2026-04-22 10:35:00,2540.0,2550.0,2530.0,2540.0,182800
2026-04-22 10:40:00,2540.0,2540.0,2530.0,2540.0,130400
2026-04-22 10:45:00,2540.0,2540.0,2530.0,2530.0,224300
2026-04-22 10:50:00,2530.0,2540.0,2530.0,2530.0,1109300
2026-04-22 10:55:00,2540.0,2540.0,2530.0,2530.0,396300
2026-04-22 11:00:00,2530.0,2530.0,2530.0,2530.0,344200
2026-04-22 11:05:00,2520.0,2540.0,2520.0,2540.0,107500
2026-04-22 11:10:00,2530.0,2540.0,2530.0,2540.0,158200
2026-04-22 11:15:00,2530.0,2540.0,2530.0,2530.0,148600
2026-04-22 11:20:00,2530.0,2540.0,2530.0,2530.0,213000
2026-04-22 11:25:00,2530.0,2540.0,2530.0,2530.0,11900
2026-04-22 11:30:00,2530.0,2530.0,2520.0,2520.0,64300
2026-04-22 11:35:00,2530.0,2530.0,2520.0,2530.0,47100
2026-04-22 11:40:00,2520.0,2530.0,2520.0,2520.0,61400
2026-04-22 11:45:00,2530.0,2530.0,2520.0,2530.0,13900
2026-04-22 11:50:00,2530.0,2530.0,2520.0,2520.0,31200
2026-04-22 11:55:00,2530.0,2530.0,2520.0,2530.0,79500
2026-04-22 13:30:00,2530.0,2540.0,2520.0,2530.0,297700
2026-04-22 13:35:00,2530.0,2540.0,2530.0,2530.0,215400
2026-04-22 13:40:00,2540.0,2540.0,2530.0,2530.0,36100
2026-04-22 13:45:00,2530.0,2540.0,2530.0,2530.0,91000
2026-04-22 13:50:00,2530.0,2540.0,2520.0,2530.0,289800
2026-04-22 13:55:00,2530.0,2530.0,2520.0,2530.0,166100
2026-04-22 14:00:00,2520.0,2530.0,2520.0,2520.0,98400
2026-04-22 14:05:00,2530.0,2540.0,2520.0,2530.0,535900
2026-04-22 14:10:00,2530.0,2530.0,2510.0,2520.0,1764600
2026-04-22 14:15:00,2520.0,2520.0,2500.0,2510.0,581400
2026-04-22 14:20:00,2510.0,2510.0,2500.0,2500.0,102800
2026-04-22 14:25:00,2500.0,2510.0,2500.0,2500.0,190700
2026-04-22 14:30:00,2500.0,2510.0,2500.0,2500.0,624400
2026-04-22 14:35:00,2500.0,2510.0,2500.0,2500.0,564200
2026-04-22 14:40:00,2510.0,2510.0,2500.0,2500.0,37300
2026-04-22 14:45:00,2510.0,2510.0,2500.0,2500.0,171000
2026-04-22 14:50:00,2500.0,2510.0,2500.0,2510.0,111400
2026-04-22 14:55:00,2500.0,2510.0,2500.0,2500.0,108600
2026-04-22 15:00:00,2500.0,2520.0,2500.0,2510.0,295500
2026-04-22 15:05:00,2510.0,2540.0,2510.0,2530.0,505100
2026-04-22 15:10:00,2530.0,2540.0,2530.0,2530.0,439200
2026-04-22 15:15:00,2540.0,2550.0,2530.0,2550.0,538600
2026-04-22 15:20:00,2550.0,2550.0,2530.0,2540.0,261700
2026-04-22 15:25:00,2540.0,2550.0,2530.0,2530.0,377100
2026-04-22 15:30:00,2530.0,2540.0,2530.0,2530.0,388100
2026-04-22 15:35:00,2530.0,2540.0,2530.0,2540.0,591300
2026-04-22 15:40:00,2540.0,2550.0,2530.0,2530.0,191300
2026-04-22 15:45:00,2530.0,2540.0,2530.0,2530.0,225200
2026-04-22 16:00:00,2530.0,2530.0,2530.0,2530.0,576400
2026-04-22 16:05:00,2530.0,2530.0,2530.0,2530.0,56300
2026-04-22 16:10:00,2530.0,2530.0,2530.0,2530.0,46700
2026-04-23 09:00:00,2560.0,2570.0,2530.0,2550.0,0
2026-04-23 09:05:00,2540.0,2550.0,2520.0,2520.0,608100
2026-04-23 09:10:00,2520.0,2530.0,2500.0,2510.0,436600
2026-04-23 09:15:00,2500.0,2510.0,2500.0,2500.0,569300
2026-04-23 09:20:00,2500.0,2510.0,2500.0,2510.0,415600
2026-04-23 09:25:00,2500.0,2510.0,2480.0,2480.0,741500
2026-04-23 09:30:00,2480.0,2490.0,2450.0,2480.0,1511900
2026-04-23 09:35:00,2470.0,2490.0,2470.0,2480.0,158700
2026-04-23 09:40:00,2490.0,2490.0,2480.0,2490.0,1036100
2026-04-23 09:45:00,2500.0,2500.0,2470.0,2480.0,629200
2026-04-23 09:50:00,2470.0,2480.0,2450.0,2450.0,1021900
2026-04-23 09:55:00,2450.0,2470.0,2450.0,2470.0,454500
2026-04-23 10:00:00,2460.0,2470.0,2450.0,2450.0,471300
2026-04-23 10:05:00,2450.0,2460.0,2430.0,2440.0,1444700
2026-04-23 10:10:00,2440.0,2460.0,2440.0,2450.0,334100
2026-04-23 10:15:00,2450.0,2460.0,2430.0,2430.0,1219500
2026-04-23 10:20:00,2430.0,2450.0,2430.0,2440.0,239700
2026-04-23 10:25:00,2450.0,2460.0,2440.0,2460.0,181100
2026-04-23 10:30:00,2460.0,2460.0,2440.0,2440.0,412200
2026-04-23 10:35:00,2440.0,2440.0,2430.0,2440.0,207600
2026-04-23 10:40:00,2440.0,2450.0,2430.0,2440.0,227400
2026-04-23 10:45:00,2450.0,2450.0,2430.0,2440.0,158500
2026-04-23 10:50:00,2430.0,2440.0,2430.0,2430.0,75000
2026-04-23 10:55:00,2440.0,2440.0,2430.0,2430.0,156900
2026-04-23 11:00:00,2430.0,2440.0,2430.0,2440.0,133500
2026-04-23 11:05:00,2440.0,2460.0,2420.0,2460.0,1254700
2026-04-23 11:10:00,2460.0,2470.0,2460.0,2470.0,76900
2026-04-23 11:15:00,2470.0,2480.0,2460.0,2480.0,370300
2026-04-23 11:20:00,2480.0,2490.0,2480.0,2480.0,215200
2026-04-23 11:25:00,2480.0,2490.0,2470.0,2480.0,280100
2026-04-23 11:30:00,2480.0,2480.0,2470.0,2470.0,169600
2026-04-23 11:35:00,2470.0,2470.0,2460.0,2460.0,22000
2026-04-23 11:40:00,2460.0,2470.0,2430.0,2460.0,1121800
2026-04-23 11:45:00,2460.0,2460.0,2450.0,2460.0,18600
2026-04-23 11:50:00,2460.0,2460.0,2450.0,2460.0,24700
2026-04-23 11:55:00,2450.0,2460.0,2450.0,2450.0,84300
2026-04-23 13:30:00,2450.0,2460.0,2440.0,2440.0,311300
2026-04-23 13:35:00,2440.0,2450.0,2440.0,2440.0,186000
2026-04-23 13:40:00,2440.0,2450.0,2440.0,2440.0,304600
2026-04-23 13:45:00,2450.0,2450.0,2430.0,2440.0,215400
2026-04-23 13:50:00,2440.0,2440.0,2430.0,2430.0,138700
2026-04-23 13:55:00,2440.0,2440.0,2430.0,2440.0,389200
2026-04-23 14:00:00,2430.0,2440.0,2430.0,2430.0,219900
2026-04-23 14:05:00,2440.0,2440.0,2430.0,2430.0,315800
2026-04-23 14:10:00,2430.0,2440.0,2430.0,2430.0,123400
2026-04-23 14:15:00,2430.0,2440.0,2430.0,2430.0,23400
2026-04-23 14:20:00,2430.0,2440.0,2420.0,2420.0,285400
2026-04-23 14:25:00,2430.0,2430.0,2420.0,2420.0,284900
2026-04-23 14:30:00,2420.0,2430.0,2420.0,2430.0,22900
2026-04-23 14:35:00,2420.0,2440.0,2420.0,2440.0,478500
2026-04-23 14:40:00,2440.0,2450.0,2440.0,2440.0,138100
2026-04-23 14:45:00,2450.0,2450.0,2440.0,2440.0,315900
2026-04-23 14:50:00,2440.0,2440.0,2430.0,2430.0,2500
2026-04-23 14:55:00,2430.0,2440.0,2430.0,2430.0,36400
2026-04-23 15:00:00,2440.0,2440.0,2430.0,2430.0,80400
2026-04-23 15:05:00,2440.0,2450.0,2430.0,2440.0,1070400
2026-04-23 15:10:00,2460.0,2460.0,2430.0,2430.0,1341400
2026-04-23 15:15:00,2440.0,2440.0,2420.0,2430.0,957000
2026-04-23 15:20:00,2430.0,2440.0,2420.0,2430.0,149200
2026-04-23 15:25:00,2430.0,2440.0,2420.0,2430.0,219000
2026-04-23 15:30:00,2430.0,2440.0,2430.0,2430.0,110000
2026-04-23 15:35:00,2440.0,2440.0,2420.0,2430.0,112200
2026-04-23 15:40:00,2430.0,2430.0,2420.0,2420.0,56000
2026-04-23 15:45:00,2430.0,2430.0,2420.0,2420.0,923900
2026-04-23 16:00:00,2400.0,2400.0,2400.0,2400.0,1722100
2026-04-23 16:05:00,2400.0,2400.0,2400.0,2400.0,17400
2026-04-23 16:10:00,2400.0,2400.0,2400.0,2400.0,200800
2026-04-24 09:00:00,2390.0,2400.0,2370.0,2380.0,0
2026-04-24 09:05:00,2380.0,2450.0,2360.0,2430.0,1157500
2026-04-24 09:10:00,2420.0,2450.0,2400.0,2430.0,400800
2026-04-24 09:15:00,2430.0,2430.0,2400.0,2410.0,614700
2026-04-24 09:20:00,2400.0,2420.0,2400.0,2410.0,425800
2026-04-24 09:25:00,2410.0,2410.0,2390.0,2400.0,297500
2026-04-24 09:30:00,2400.0,2410.0,2400.0,2400.0,230900
2026-04-24 09:35:00,2390.0,2400.0,2350.0,2370.0,2195900
2026-04-24 09:40:00,2360.0,2370.0,2340.0,2340.0,940100
2026-04-24 09:45:00,2340.0,2350.0,2330.0,2340.0,751000
2026-04-24 09:50:00,2340.0,2350.0,2300.0,2320.0,1838400
2026-04-24 09:55:00,2320.0,2340.0,2320.0,2320.0,402800
2026-04-24 10:00:00,2330.0,2350.0,2330.0,2330.0,327600
2026-04-24 10:05:00,2330.0,2340.0,2330.0,2330.0,80700
2026-04-24 10:10:00,2340.0,2350.0,2330.0,2330.0,347100
2026-04-24 10:15:00,2330.0,2340.0,2330.0,2330.0,186700
2026-04-24 10:20:00,2320.0,2320.0,2310.0,2310.0,264300
2026-04-24 10:25:00,2310.0,2320.0,2280.0,2280.0,3219600
2026-04-24 10:30:00,2280.0,2310.0,2280.0,2280.0,599200
2026-04-24 10:35:00,2280.0,2300.0,2280.0,2290.0,701200
2026-04-24 10:40:00,2290.0,2290.0,2270.0,2290.0,785900
2026-04-24 10:45:00,2290.0,2290.0,2280.0,2290.0,232800
2026-04-24 10:50:00,2290.0,2320.0,2290.0,2310.0,419100
2026-04-24 10:55:00,2320.0,2320.0,2310.0,2320.0,174400
2026-04-24 11:00:00,2330.0,2330.0,2310.0,2320.0,53700
2026-04-24 11:05:00,2320.0,2330.0,2310.0,2320.0,82700
2026-04-24 11:10:00,2320.0,2330.0,2300.0,2300.0,370400
2026-04-24 11:15:00,2310.0,2310.0,2280.0,2290.0,609000
2026-04-24 11:20:00,2290.0,2290.0,2280.0,2280.0,245600
2026-04-24 11:25:00,2280.0,2300.0,2280.0,2290.0,142100
2026-04-24 14:00:00,2290.0,2310.0,2280.0,2290.0,483800
2026-04-24 14:05:00,2290.0,2310.0,2280.0,2280.0,1260100
2026-04-24 14:10:00,2270.0,2300.0,2260.0,2280.0,1103400
2026-04-24 14:15:00,2280.0,2290.0,2280.0,2280.0,87100
2026-04-24 14:20:00,2280.0,2290.0,2260.0,2270.0,315300
2026-04-24 14:25:00,2270.0,2290.0,2270.0,2280.0,115100
2026-04-24 14:30:00,2280.0,2300.0,2250.0,2300.0,975500
2026-04-24 14:35:00,2300.0,2300.0,2290.0,2290.0,159700
2026-04-24 14:40:00,2290.0,2290.0,2280.0,2290.0,55800
2026-04-24 14:45:00,2290.0,2290.0,2280.0,2290.0,17800
2026-04-24 14:50:00,2280.0,2290.0,2280.0,2280.0,90700
2026-04-24 14:55:00,2290.0,2290.0,2270.0,2280.0,343900
2026-04-24 15:00:00,2270.0,2280.0,2260.0,2260.0,588600
2026-04-24 15:05:00,2260.0,2270.0,2260.0,2260.0,264700
2026-04-24 15:10:00,2260.0,2270.0,2260.0,2270.0,261600
2026-04-24 15:15:00,2270.0,2280.0,2260.0,2270.0,290000
2026-04-24 15:20:00,2270.0,2280.0,2260.0,2260.0,348100
2026-04-24 15:25:00,2260.0,2270.0,2250.0,2260.0,150100
2026-04-24 15:30:00,2260.0,2270.0,2250.0,2270.0,185000
2026-04-24 15:35:00,2270.0,2280.0,2260.0,2270.0,226100
2026-04-24 15:40:00,2270.0,2280.0,2260.0,2280.0,626300
2026-04-24 15:45:00,2270.0,2280.0,2260.0,2260.0,620300
2026-04-24 16:00:00,2250.0,2250.0,2250.0,2250.0,1842100
2026-04-24 16:05:00,2250.0,2250.0,2250.0,2250.0,206800
2026-04-24 16:10:00,2250.0,2250.0,2250.0,2250.0,9200
2026-04-27 09:00:00,2300.0,2400.0,2300.0,2400.0,0
2026-04-27 09:05:00,2400.0,2410.0,2360.0,2380.0,2502400
2026-04-27 09:10:00,2380.0,2390.0,2350.0,2360.0,1054400
2026-04-27 09:15:00,2350.0,2370.0,2340.0,2340.0,562400
2026-04-27 09:20:00,2350.0,2360.0,2320.0,2330.0,674900
2026-04-27 09:25:00,2330.0,2340.0,2330.0,2340.0,305000
2026-04-27 09:30:00,2340.0,2340.0,2320.0,2330.0,343400
2026-04-27 09:35:00,2320.0,2330.0,2300.0,2310.0,1505500
2026-04-27 09:40:00,2310.0,2320.0,2310.0,2320.0,106900
2026-04-27 09:45:00,2310.0,2330.0,2310.0,2320.0,140300
2026-04-27 09:50:00,2320.0,2340.0,2320.0,2340.0,148800
2026-04-27 09:55:00,2330.0,2340.0,2330.0,2330.0,286000
2026-04-27 10:00:00,2330.0,2330.0,2320.0,2330.0,91900
2026-04-27 10:05:00,2320.0,2340.0,2320.0,2340.0,426900
2026-04-27 10:10:00,2340.0,2340.0,2330.0,2340.0,84600
2026-04-27 10:15:00,2340.0,2340.0,2330.0,2330.0,101500
2026-04-27 10:20:00,2340.0,2340.0,2320.0,2330.0,227300
2026-04-27 10:25:00,2330.0,2330.0,2320.0,2330.0,50000
2026-04-27 10:30:00,2330.0,2340.0,2330.0,2340.0,12000
2026-04-27 10:35:00,2340.0,2340.0,2330.0,2330.0,46500
2026-04-27 10:40:00,2340.0,2340.0,2330.0,2340.0,51800
2026-04-27 10:45:00,2340.0,2340.0,2330.0,2330.0,172700
2026-04-27 10:50:00,2330.0,2340.0,2330.0,2340.0,78300
2026-04-27 10:55:00,2340.0,2350.0,2330.0,2340.0,64000
2026-04-27 11:00:00,2340.0,2350.0,2330.0,2340.0,223100
2026-04-27 11:05:00,2340.0,2350.0,2340.0,2340.0,18900
2026-04-27 11:10:00,2340.0,2350.0,2340.0,2340.0,3700
2026-04-27 11:15:00,2340.0,2350.0,2340.0,2340.0,62700
2026-04-27 11:20:00,2340.0,2340.0,2340.0,2340.0,197600
2026-04-27 11:25:00,2340.0,2350.0,2340.0,2350.0,50400
2026-04-27 11:30:00,2350.0,2350.0,2340.0,2340.0,63400
2026-04-27 11:35:00,2340.0,2340.0,2340.0,2340.0,76600
2026-04-27 11:40:00,2340.0,2350.0,2340.0,2350.0,12200
2026-04-27 11:45:00,2340.0,2350.0,2340.0,2350.0,110200
2026-04-27 11:50:00,2340.0,2350.0,2340.0,2340.0,36700
2026-04-27 11:55:00,2350.0,2350.0,2340.0,2340.0,108700
2026-04-27 13:30:00,2350.0,2350.0,2340.0,2340.0,541300
2026-04-27 13:35:00,2340.0,2350.0,2330.0,2330.0,58400
2026-04-27 13:40:00,2330.0,2340.0,2330.0,2340.0,28700
2026-04-27 13:45:00,2340.0,2340.0,2330.0,2340.0,77100
2026-04-27 13:50:00,2350.0,2350.0,2340.0,2350.0,2400
2026-04-27 13:55:00,2350.0,2350.0,2340.0,2340.0,7700
2026-04-27 14:00:00,2350.0,2350.0,2340.0,2350.0,279000
2026-04-27 14:05:00,2350.0,2350.0,2340.0,2340.0,460400
2026-04-27 14:10:00,2340.0,2340.0,2330.0,2340.0,128600
2026-04-27 14:15:00,2330.0,2340.0,2330.0,2330.0,52200
2026-04-27 14:20:00,2330.0,2330.0,2330.0,2330.0,101800
2026-04-27 14:25:00,2340.0,2340.0,2330.0,2340.0,25800
2026-04-27 14:30:00,2330.0,2340.0,2330.0,2340.0,55500
2026-04-27 14:35:00,2340.0,2340.0,2320.0,2330.0,121900
2026-04-27 14:40:00,2330.0,2330.0,2310.0,2320.0,539000
2026-04-27 14:45:00,2330.0,2330.0,2320.0,2330.0,66800
2026-04-27 14:50:00,2330.0,2330.0,2330.0,2330.0,42000
2026-04-27 14:55:00,2330.0,2340.0,2330.0,2330.0,57700
2026-04-27 15:00:00,2330.0,2340.0,2330.0,2340.0,37000
2026-04-27 15:05:00,2340.0,2340.0,2330.0,2340.0,46200
2026-04-27 15:10:00,2330.0,2330.0,2320.0,2330.0,166400
2026-04-27 15:15:00,2330.0,2330.0,2320.0,2330.0,4100
2026-04-27 15:20:00,2330.0,2330.0,2320.0,2320.0,250500
2026-04-27 15:25:00,2320.0,2330.0,2320.0,2330.0,84700
2026-04-27 15:30:00,2330.0,2330.0,2320.0,2330.0,77200
2026-04-27 15:35:00,2320.0,2330.0,2320.0,2320.0,134700
2026-04-27 15:40:00,2330.0,2330.0,2310.0,2320.0,259800
2026-04-27 15:45:00,2330.0,2330.0,2310.0,2310.0,259200
2026-04-27 16:00:00,2320.0,2320.0,2320.0,2320.0,449300
2026-04-27 16:05:00,2320.0,2320.0,2320.0,2320.0,53500
2026-04-27 16:10:00,2320.0,2320.0,2320.0,2320.0,20500
2026-04-28 09:00:00,2350.0,2350.0,2330.0,2340.0,0
2026-04-28 09:05:00,2340.0,2340.0,2310.0,2310.0,391100
2026-04-28 09:10:00,2310.0,2320.0,2300.0,2300.0,688300
2026-04-28 09:15:00,2300.0,2310.0,2280.0,2290.0,693400
2026-04-28 09:20:00,2290.0,2300.0,2280.0,2300.0,129600
2026-04-28 09:25:00,2290.0,2290.0,2270.0,2290.0,338300
2026-04-28 09:30:00,2290.0,2320.0,2280.0,2310.0,141400
2026-04-28 09:35:00,2310.0,2310.0,2300.0,2300.0,234400
2026-04-28 09:40:00,2300.0,2310.0,2290.0,2310.0,165200
2026-04-28 09:45:00,2310.0,2310.0,2290.0,2300.0,219600
2026-04-28 09:50:00,2300.0,2310.0,2290.0,2310.0,202200
2026-04-28 09:55:00,2300.0,2310.0,2300.0,2310.0,38100
2026-04-28 10:00:00,2310.0,2310.0,2300.0,2300.0,44800
2026-04-28 10:05:00,2310.0,2320.0,2300.0,2320.0,47600
2026-04-28 10:10:00,2320.0,2320.0,2310.0,2310.0,157500
2026-04-28 10:15:00,2310.0,2310.0,2300.0,2310.0,14200
2026-04-28 10:20:00,2310.0,2330.0,2300.0,2320.0,183300
2026-04-28 10:25:00,2320.0,2330.0,2310.0,2330.0,114300
2026-04-28 10:30:00,2330.0,2330.0,2310.0,2320.0,295300
2026-04-28 10:35:00,2310.0,2320.0,2310.0,2320.0,74700
2026-04-28 10:40:00,2320.0,2330.0,2320.0,2330.0,308400
2026-04-28 10:45:00,2320.0,2330.0,2310.0,2330.0,270200
2026-04-28 10:50:00,2330.0,2340.0,2320.0,2340.0,133500
2026-04-28 10:55:00,2330.0,2340.0,2330.0,2340.0,128000
2026-04-28 11:00:00,2330.0,2330.0,2320.0,2320.0,63000
2026-04-28 11:05:00,2320.0,2340.0,2320.0,2340.0,406700
2026-04-28 11:10:00,2340.0,2370.0,2340.0,2370.0,743500
2026-04-28 11:15:00,2360.0,2360.0,2350.0,2350.0,293900
2026-04-28 11:20:00,2350.0,2360.0,2350.0,2350.0,6100
2026-04-28 11:25:00,2350.0,2360.0,2340.0,2350.0,193200
2026-04-28 11:30:00,2350.0,2360.0,2350.0,2350.0,41900
2026-04-28 11:35:00,2350.0,2360.0,2350.0,2350.0,106900
2026-04-28 11:40:00,2350.0,2360.0,2350.0,2350.0,94900
2026-04-28 11:45:00,2350.0,2360.0,2350.0,2350.0,67300
2026-04-28 11:50:00,2350.0,2360.0,2350.0,2360.0,99800
2026-04-28 11:55:00,2360.0,2360.0,2350.0,2360.0,346300
2026-04-28 13:30:00,2360.0,2370.0,2350.0,2360.0,195500
2026-04-28 13:35:00,2350.0,2360.0,2340.0,2350.0,400700
2026-04-28 13:40:00,2350.0,2350.0,2340.0,2350.0,135500
2026-04-28 13:45:00,2340.0,2340.0,2330.0,2330.0,90700
2026-04-28 13:50:00,2330.0,2330.0,2330.0,2330.0,4100
2026-04-28 13:55:00,2340.0,2340.0,2330.0,2330.0,59200
2026-04-28 14:00:00,2340.0,2340.0,2330.0,2330.0,42300
2026-04-28 14:05:00,2330.0,2330.0,2320.0,2330.0,61000
2026-04-28 14:10:00,2330.0,2330.0,2320.0,2330.0,25200
2026-04-28 14:15:00,2330.0,2340.0,2330.0,2340.0,12300
2026-04-28 14:20:00,2330.0,2330.0,2330.0,2330.0,24400
2026-04-28 14:25:00,2340.0,2340.0,2330.0,2330.0,1500
2026-04-28 14:30:00,2330.0,2340.0,2300.0,2300.0,841100
2026-04-28 14:35:00,2310.0,2320.0,2300.0,2320.0,221000
2026-04-28 14:40:00,2310.0,2320.0,2300.0,2310.0,26600
2026-04-28 14:45:00,2310.0,2320.0,2310.0,2310.0,30600
2026-04-28 14:50:00,2310.0,2320.0,2310.0,2320.0,89500
2026-04-28 14:55:00,2320.0,2330.0,2320.0,2330.0,26900
2026-04-28 15:00:00,2320.0,2330.0,2320.0,2330.0,86600
2026-04-28 15:05:00,2320.0,2330.0,2320.0,2320.0,19000
2026-04-28 15:10:00,2320.0,2330.0,2320.0,2330.0,156500
2026-04-28 15:15:00,2340.0,2340.0,2330.0,2330.0,250900
2026-04-28 15:20:00,2340.0,2340.0,2330.0,2340.0,291500
2026-04-28 15:25:00,2340.0,2340.0,2330.0,2330.0,10200
2026-04-28 15:30:00,2340.0,2340.0,2320.0,2330.0,135400
2026-04-28 15:35:00,2330.0,2330.0,2320.0,2330.0,239100
2026-04-28 15:40:00,2330.0,2340.0,2320.0,2330.0,196300
2026-04-28 15:45:00,2320.0,2340.0,2320.0,2340.0,45500
2026-04-28 16:00:00,2330.0,2330.0,2330.0,2330.0,525500
2026-04-28 16:05:00,2330.0,2330.0,2330.0,2330.0,46200
2026-04-28 16:10:00,2330.0,2330.0,2330.0,2330.0,65900
2026-04-29 09:00:00,2340.0,2360.0,2330.0,2350.0,0
2026-04-29 09:05:00,2340.0,2350.0,2330.0,2350.0,275300
2026-04-29 09:10:00,2350.0,2350.0,2330.0,2330.0,252900
2026-04-29 09:15:00,2340.0,2350.0,2340.0,2350.0,78000
2026-04-29 09:20:00,2340.0,2350.0,2340.0,2350.0,634600
2026-04-29 09:25:00,2350.0,2360.0,2350.0,2350.0,241800
2026-04-29 09:30:00,2350.0,2360.0,2350.0,2360.0,36700
2026-04-29 09:35:00,2350.0,2360.0,2350.0,2360.0,304100
2026-04-29 09:40:00,2360.0,2360.0,2360.0,2360.0,218400
2026-04-29 09:45:00,2350.0,2360.0,2350.0,2360.0,104200
2026-04-29 09:50:00,2360.0,2370.0,2350.0,2360.0,138700
2026-04-29 09:55:00,2360.0,2380.0,2360.0,2380.0,889600
2026-04-29 10:00:00,2380.0,2400.0,2370.0,2400.0,705900
2026-04-29 10:05:00,2390.0,2450.0,2390.0,2450.0,2254800
2026-04-29 10:10:00,2440.0,2450.0,2430.0,2440.0,530400
2026-04-29 10:15:00,2440.0,2460.0,2430.0,2450.0,1691200
2026-04-29 10:20:00,2450.0,2450.0,2430.0,2430.0,694600
2026-04-29 10:25:00,2430.0,2450.0,2420.0,2430.0,377700
2026-04-29 10:30:00,2430.0,2430.0,2410.0,2430.0,352000
2026-04-29 10:35:00,2430.0,2430.0,2420.0,2420.0,224900
2026-04-29 10:40:00,2420.0,2420.0,2410.0,2420.0,125500
2026-04-29 10:45:00,2410.0,2420.0,2410.0,2410.0,263900
2026-04-29 10:50:00,2410.0,2410.0,2400.0,2400.0,218100
2026-04-29 10:55:00,2400.0,2410.0,2400.0,2400.0,175600
2026-04-29 11:00:00,2400.0,2400.0,2380.0,2400.0,349300
2026-04-29 11:05:00,2400.0,2400.0,2380.0,2400.0,120600
2026-04-29 11:10:00,2400.0,2400.0,2390.0,2400.0,15600
2026-04-29 11:15:00,2400.0,2410.0,2400.0,2410.0,14800
2026-04-29 11:20:00,2400.0,2410.0,2400.0,2410.0,10500
2026-04-29 11:25:00,2410.0,2420.0,2410.0,2410.0,101800
2026-04-29 11:30:00,2410.0,2410.0,2410.0,2410.0,22300
2026-04-29 11:35:00,2400.0,2410.0,2400.0,2410.0,16800
2026-04-29 11:40:00,2410.0,2410.0,2400.0,2410.0,55900
2026-04-29 11:45:00,2400.0,2410.0,2400.0,2400.0,16200
2026-04-29 11:50:00,2400.0,2410.0,2400.0,2400.0,7900
2026-04-29 11:55:00,2400.0,2420.0,2400.0,2410.0,180100
2026-04-29 13:30:00,2410.0,2410.0,2380.0,2380.0,466800
2026-04-29 13:35:00,2390.0,2390.0,2380.0,2380.0,9900
2026-04-29 13:40:00,2380.0,2390.0,2380.0,2390.0,219400
2026-04-29 13:45:00,2390.0,2400.0,2380.0,2390.0,71100
2026-04-29 13:50:00,2400.0,2400.0,2390.0,2390.0,35200
2026-04-29 13:55:00,2390.0,2400.0,2390.0,2390.0,75600
2026-04-29 14:00:00,2400.0,2400.0,2390.0,2390.0,25200
2026-04-29 14:05:00,2390.0,2400.0,2380.0,2380.0,252100
2026-04-29 14:10:00,2380.0,2390.0,2380.0,2380.0,76700
2026-04-29 14:15:00,2380.0,2390.0,2380.0,2390.0,33000
2026-04-29 14:20:00,2380.0,2390.0,2370.0,2380.0,163600
2026-04-29 14:25:00,2380.0,2390.0,2380.0,2380.0,0
2026-04-29 14:30:00,2380.0,2390.0,2380.0,2380.0,162200
2026-04-29 14:35:00,2380.0,2390.0,2370.0,2380.0,146700
2026-04-29 14:40:00,2380.0,2380.0,2370.0,2380.0,126200
2026-04-29 14:45:00,2370.0,2380.0,2370.0,2380.0,82500
2026-04-29 14:50:00,2380.0,2380.0,2370.0,2380.0,9400
2026-04-29 14:55:00,2370.0,2380.0,2370.0,2380.0,65400
2026-04-29 15:00:00,2370.0,2390.0,2370.0,2390.0,26800
2026-04-29 15:05:00,2380.0,2390.0,2380.0,2390.0,9600
2026-04-29 15:10:00,2380.0,2380.0,2370.0,2380.0,164000
2026-04-29 15:15:00,2370.0,2380.0,2370.0,2380.0,160000
2026-04-29 15:20:00,2380.0,2380.0,2380.0,2380.0,62900
2026-04-29 15:25:00,2380.0,2380.0,2370.0,2370.0,396300
2026-04-29 15:30:00,2370.0,2380.0,2370.0,2370.0,33900
2026-04-29 15:35:00,2380.0,2380.0,2370.0,2380.0,83900
2026-04-29 15:40:00,2370.0,2370.0,2360.0,2360.0,589500
2026-04-29 15:45:00,2360.0,2370.0,2360.0,2370.0,249300
2026-04-29 16:00:00,2370.0,2370.0,2370.0,2370.0,533100
2026-04-29 16:05:00,2370.0,2370.0,2370.0,2370.0,40800
2026-04-29 16:10:00,2370.0,2370.0,2370.0,2370.0,0
2026-04-30 09:00:00,2370.0,2370.0,2340.0,2360.0,0
2026-04-30 09:05:00,2370.0,2370.0,2340.0,2350.0,202100
2026-04-30 09:10:00,2350.0,2360.0,2340.0,2350.0,307900
2026-04-30 09:15:00,2340.0,2360.0,2330.0,2360.0,279200
2026-04-30 09:20:00,2360.0,2370.0,2360.0,2360.0,297700
2026-04-30 09:25:00,2360.0,2360.0,2340.0,2350.0,521900
2026-04-30 09:30:00,2350.0,2350.0,2340.0,2350.0,233400
2026-04-30 09:35:00,2340.0,2350.0,2330.0,2330.0,217700
2026-04-30 09:40:00,2330.0,2340.0,2310.0,2320.0,605700
2026-04-30 09:45:00,2310.0,2330.0,2310.0,2310.0,240600
2026-04-30 09:50:00,2310.0,2320.0,2300.0,2310.0,437700
2026-04-30 09:55:00,2310.0,2320.0,2310.0,2320.0,138400
2026-04-30 10:00:00,2320.0,2320.0,2310.0,2310.0,95700
2026-04-30 10:05:00,2310.0,2320.0,2310.0,2320.0,23000
2026-04-30 10:10:00,2310.0,2320.0,2310.0,2310.0,310100
2026-04-30 10:15:00,2310.0,2310.0,2300.0,2300.0,91100
2026-04-30 10:20:00,2300.0,2320.0,2300.0,2310.0,64200
2026-04-30 10:25:00,2320.0,2320.0,2300.0,2300.0,259100
2026-04-30 10:30:00,2300.0,2310.0,2290.0,2290.0,535300
2026-04-30 10:35:00,2290.0,2300.0,2280.0,2280.0,693200
2026-04-30 10:40:00,2280.0,2300.0,2280.0,2300.0,172600
2026-04-30 10:45:00,2300.0,2310.0,2300.0,2300.0,30600
2026-04-30 10:50:00,2310.0,2310.0,2300.0,2300.0,120200
2026-04-30 10:55:00,2300.0,2310.0,2300.0,2300.0,41000
2026-04-30 11:00:00,2300.0,2300.0,2280.0,2290.0,656000
2026-04-30 11:05:00,2300.0,2300.0,2290.0,2290.0,24700
2026-04-30 11:10:00,2300.0,2300.0,2290.0,2290.0,41300
2026-04-30 11:15:00,2300.0,2300.0,2290.0,2300.0,15700
2026-04-30 11:20:00,2300.0,2300.0,2290.0,2300.0,116300
2026-04-30 11:25:00,2290.0,2290.0,2290.0,2290.0,26400
2026-04-30 11:30:00,2290.0,2300.0,2290.0,2300.0,31400
2026-04-30 11:35:00,2290.0,2300.0,2290.0,2300.0,55300
2026-04-30 11:40:00,2300.0,2300.0,2290.0,2300.0,12300
2026-04-30 11:45:00,2290.0,2290.0,2280.0,2290.0,255800
2026-04-30 11:50:00,2290.0,2310.0,2290.0,2310.0,217700
2026-04-30 11:55:00,2300.0,2320.0,2300.0,2300.0,103600
2026-04-30 13:30:00,2300.0,2310.0,2290.0,2290.0,568300
2026-04-30 13:35:00,2290.0,2300.0,2280.0,2280.0,246200
2026-04-30 13:40:00,2280.0,2290.0,2280.0,2280.0,213500
2026-04-30 13:45:00,2280.0,2280.0,2240.0,2260.0,3185800
2026-04-30 13:50:00,2260.0,2270.0,2240.0,2240.0,286700
2026-04-30 13:55:00,2240.0,2270.0,2240.0,2270.0,349000
2026-04-30 14:00:00,2270.0,2280.0,2260.0,2280.0,170600
2026-04-30 14:05:00,2280.0,2290.0,2270.0,2280.0,141600
2026-04-30 14:10:00,2290.0,2300.0,2280.0,2280.0,378900
2026-04-30 14:15:00,2280.0,2280.0,2260.0,2270.0,606300
2026-04-30 14:20:00,2270.0,2280.0,2270.0,2270.0,278200
2026-04-30 14:25:00,2280.0,2290.0,2270.0,2280.0,336000
2026-04-30 14:30:00,2280.0,2290.0,2270.0,2280.0,229600
2026-04-30 14:35:00,2290.0,2300.0,2280.0,2300.0,253400
2026-04-30 14:40:00,2300.0,2310.0,2270.0,2300.0,1367600
2026-04-30 14:45:00,2300.0,2310.0,2290.0,2310.0,171200
2026-04-30 14:50:00,2310.0,2320.0,2300.0,2310.0,476700
2026-04-30 14:55:00,2310.0,2320.0,2300.0,2320.0,509600
2026-04-30 15:00:00,2320.0,2320.0,2300.0,2310.0,492200
2026-04-30 15:05:00,2310.0,2320.0,2310.0,2310.0,212900
2026-04-30 15:10:00,2310.0,2320.0,2300.0,2310.0,161100
2026-04-30 15:15:00,2310.0,2310.0,2300.0,2310.0,204400
2026-04-30 15:20:00,2310.0,2310.0,2300.0,2310.0,160300
2026-04-30 15:25:00,2310.0,2320.0,2310.0,2310.0,66200
2026-04-30 15:30:00,2320.0,2330.0,2310.0,2330.0,175800
2026-04-30 15:35:00,2320.0,2330.0,2320.0,2330.0,142500
2026-04-30 15:40:00,2330.0,2330.0,2310.0,2330.0,108300
2026-04-30 15:45:00,2320.0,2330.0,2320.0,2320.0,105300
2026-04-30 16:00:00,2350.0,2350.0,2350.0,2350.0,1305700
2026-04-30 16:05:00,2350.0,2350.0,2350.0,2350.0,478700
2026-04-30 16:10:00,2350.0,2350.0,2350.0,2350.0,56400
2026-05-04 09:00:00,2390.0,2430.0,2390.0,2410.0,0
2026-05-04 09:05:00,2410.0,2420.0,2400.0,2410.0,1298100
2026-05-04 09:10:00,2410.0,2430.0,2410.0,2420.0,589600
2026-05-04 09:15:00,2420.0,2430.0,2410.0,2420.0,680700
2026-05-04 09:20:00,2410.0,2430.0,2410.0,2410.0,189800
2026-05-04 09:25:00,2420.0,2420.0,2400.0,2400.0,481900
2026-05-04 09:30:00,2400.0,2410.0,2390.0,2400.0,491300
2026-05-04 09:35:00,2390.0,2400.0,2380.0,2390.0,458700
2026-05-04 09:40:00,2380.0,2390.0,2380.0,2390.0,282100
2026-05-04 09:45:00,2390.0,2400.0,2380.0,2400.0,185700
2026-05-04 09:50:00,2400.0,2400.0,2390.0,2390.0,435700
2026-05-04 09:55:00,2390.0,2400.0,2370.0,2370.0,671800
2026-05-04 10:00:00,2370.0,2390.0,2370.0,2380.0,77200
2026-05-04 10:05:00,2380.0,2390.0,2380.0,2380.0,77800
2026-05-04 10:10:00,2380.0,2380.0,2370.0,2380.0,249100
2026-05-04 10:15:00,2380.0,2380.0,2370.0,2370.0,28700
2026-05-04 10:20:00,2370.0,2380.0,2370.0,2370.0,25500
2026-05-04 10:25:00,2370.0,2380.0,2370.0,2370.0,12600
2026-05-04 10:30:00,2370.0,2380.0,2370.0,2370.0,149300
2026-05-04 10:35:00,2370.0,2370.0,2360.0,2370.0,64000
2026-05-04 10:40:00,2370.0,2370.0,2360.0,2370.0,35900
2026-05-04 10:45:00,2370.0,2370.0,2360.0,2370.0,14200
2026-05-04 10:50:00,2370.0,2370.0,2360.0,2360.0,64300
2026-05-04 10:55:00,2360.0,2370.0,2360.0,2360.0,155500
2026-05-04 11:00:00,2370.0,2370.0,2350.0,2360.0,433400
2026-05-04 11:05:00,2360.0,2360.0,2350.0,2360.0,111500
2026-05-04 11:10:00,2360.0,2360.0,2350.0,2350.0,188500
2026-05-04 11:15:00,2350.0,2360.0,2350.0,2360.0,23000
2026-05-04 11:20:00,2360.0,2360.0,2340.0,2340.0,572800
2026-05-04 11:25:00,2340.0,2350.0,2330.0,2340.0,170700
2026-05-04 11:30:00,2340.0,2340.0,2330.0,2340.0,269600
2026-05-04 11:35:00,2340.0,2350.0,2340.0,2340.0,294700
2026-05-04 11:40:00,2330.0,2340.0,2330.0,2340.0,193900
2026-05-04 11:45:00,2350.0,2350.0,2340.0,2350.0,0
2026-05-04 11:50:00,2350.0,2350.0,2350.0,2350.0,54600
2026-05-04 11:55:00,2360.0,2360.0,2340.0,2360.0,153100
2026-05-04 13:30:00,2360.0,2360.0,2340.0,2340.0,159500
2026-05-04 13:35:00,2350.0,2350.0,2340.0,2350.0,337700
2026-05-04 13:40:00,2350.0,2350.0,2330.0,2350.0,341500
2026-05-04 13:45:00,2340.0,2340.0,2330.0,2330.0,54300
2026-05-04 13:50:00,2330.0,2340.0,2330.0,2330.0,28700
2026-05-04 13:55:00,2330.0,2340.0,2330.0,2340.0,26000
2026-05-04 14:00:00,2340.0,2340.0,2330.0,2330.0,17200
2026-05-04 14:05:00,2340.0,2340.0,2330.0,2340.0,24000
2026-05-04 14:10:00,2340.0,2340.0,2330.0,2340.0,18200
2026-05-04 14:15:00,2340.0,2340.0,2330.0,2340.0,135000
2026-05-04 14:20:00,2340.0,2350.0,2330.0,2350.0,161900
2026-05-04 14:25:00,2350.0,2350.0,2340.0,2350.0,53400
2026-05-04 14:30:00,2340.0,2360.0,2340.0,2360.0,118700
2026-05-04 14:35:00,2360.0,2360.0,2350.0,2360.0,73300
2026-05-04 14:40:00,2360.0,2360.0,2350.0,2360.0,122800
2026-05-04 14:45:00,2360.0,2360.0,2350.0,2360.0,129800
2026-05-04 14:50:00,2360.0,2360.0,2350.0,2350.0,20600
2026-05-04 14:55:00,2360.0,2360.0,2350.0,2350.0,173100
2026-05-04 15:00:00,2350.0,2350.0,2340.0,2340.0,23200
2026-05-04 15:05:00,2350.0,2350.0,2340.0,2350.0,5100
2026-05-04 15:10:00,2350.0,2350.0,2340.0,2350.0,16300
2026-05-04 15:15:00,2340.0,2350.0,2340.0,2340.0,337700
2026-05-04 15:20:00,2340.0,2340.0,2330.0,2340.0,181400
2026-05-04 15:25:00,2340.0,2340.0,2330.0,2330.0,64900
2026-05-04 15:30:00,2340.0,2340.0,2330.0,2330.0,99200
2026-05-04 15:35:00,2330.0,2340.0,2320.0,2330.0,239800
2026-05-04 15:40:00,2330.0,2340.0,2330.0,2340.0,175900
2026-05-04 15:45:00,2340.0,2360.0,2340.0,2350.0,274500
2026-05-04 16:00:00,2350.0,2350.0,2350.0,2350.0,305900
2026-05-04 16:05:00,2350.0,2350.0,2350.0,2350.0,14100
2026-05-04 16:10:00,2350.0,2350.0,2350.0,2350.0,15900
2026-05-05 09:00:00,2340.0,2340.0,2300.0,2330.0,636000
2026-05-05 09:05:00,2340.0,2360.0,2330.0,2340.0,124900
2026-05-05 09:10:00,2350.0,2350.0,2340.0,2340.0,257600
2026-05-05 09:15:00,2340.0,2350.0,2340.0,2350.0,227800
2026-05-05 09:20:00,2340.0,2360.0,2340.0,2360.0,181300
2026-05-05 09:25:00,2360.0,2370.0,2360.0,2370.0,224200
2026-05-05 09:30:00,2360.0,2370.0,2360.0,2360.0,24200
2026-05-05 09:35:00,2370.0,2370.0,2360.0,2360.0,60700
2026-05-05 09:40:00,2360.0,2370.0,2350.0,2360.0,416400
2026-05-05 09:45:00,2360.0,2370.0,2360.0,2360.0,152400
2026-05-05 09:50:00,2360.0,2370.0,2360.0,2360.0,2348900
2026-05-05 09:55:00,2360.0,2380.0,2360.0,2380.0,229500
2026-05-05 10:00:00,2380.0,2380.0,2370.0,2380.0,59900
2026-05-05 10:05:00,2380.0,2380.0,2380.0,2380.0,40100
2026-05-05 10:10:00,2380.0,2380.0,2370.0,2380.0,46800
2026-05-05 10:15:00,2380.0,2380.0,2370.0,2380.0,11800
2026-05-05 10:20:00,2380.0,2380.0,2360.0,2370.0,515500
2026-05-05 10:25:00,2360.0,2370.0,2360.0,2370.0,191200
2026-05-05 10:30:00,2360.0,2360.0,2350.0,2360.0,58700
2026-05-05 10:35:00,2360.0,2370.0,2350.0,2370.0,82000
2026-05-05 10:40:00,2370.0,2370.0,2360.0,2370.0,22700
2026-05-05 10:45:00,2360.0,2370.0,2360.0,2370.0,50600
2026-05-05 10:50:00,2370.0,2380.0,2360.0,2380.0,663200
2026-05-05 10:55:00,2380.0,2400.0,2380.0,2390.0,5715000
2026-05-05 11:00:00,2400.0,2400.0,2380.0,2380.0,1147300
2026-05-05 11:05:00,2390.0,2390.0,2380.0,2390.0,75900
2026-05-05 11:10:00,2390.0,2390.0,2380.0,2380.0,43100
2026-05-05 11:15:00,2390.0,2390.0,2380.0,2380.0,148900
2026-05-05 11:20:00,2380.0,2380.0,2360.0,2370.0,56600
2026-05-05 11:25:00,2370.0,2370.0,2360.0,2360.0,96000
2026-05-05 11:30:00,2360.0,2370.0,2360.0,2360.0,27400
2026-05-05 11:35:00,2370.0,2370.0,2360.0,2360.0,122100
2026-05-05 11:40:00,2350.0,2360.0,2350.0,2350.0,40400
2026-05-05 11:45:00,2350.0,2360.0,2350.0,2360.0,5200
2026-05-05 11:50:00,2360.0,2360.0,2350.0,2360.0,16400
2026-05-05 11:55:00,2350.0,2360.0,2350.0,2350.0,280800
