Datetime,Open,High,Low,Close,Volume
2026-02-03 09:00:00,2340.0,2340.0,2300.0,2320.0,0
2026-02-03 09:05:00,2320.0,2320.0,2300.0,2310.0,72100
2026-02-03 09:10:00,2300.0,2320.0,2300.0,2320.0,39300
2026-02-03 09:15:00,2320.0,2330.0,2310.0,2320.0,60700
2026-02-03 09:20:00,2320.0,2330.0,2310.0,2320.0,35000
2026-02-03 09:25:00,2330.0,2330.0,2320.0,2320.0,36100
2026-02-03 09:30:00,2320.0,2320.0,2310.0,2320.0,23900
2026-02-03 09:35:00,2320.0,2320.0,2310.0,2320.0,75800
2026-02-03 09:40:00,2320.0,2320.0,2310.0,2310.0,15900
2026-02-03 09:45:00,2310.0,2320.0,2310.0,2310.0,63500
2026-02-03 09:50:00,2320.0,2320.0,2310.0,2320.0,134600
2026-02-03 09:55:00,2320.0,2320.0,2320.0,2320.0,2000
2026-02-03 10:00:00,2320.0,2320.0,2310.0,2320.0,6200
2026-02-03 10:05:00,2320.0,2320.0,2310.0,2320.0,9500
2026-02-03 10:10:00,2320.0,2320.0,2310.0,2320.0,11400
2026-02-03 10:15:00,2320.0,2320.0,2310.0,2310.0,115000
2026-02-03 10:20:00,2310.0,2320.0,2310.0,2310.0,0
2026-02-03 10:25:00,2320.0,2320.0,2310.0,2320.0,6400
2026-02-03 10:30:00,2320.0,2320.0,2310.0,2320.0,97600
2026-02-03 10:35:00,2320.0,2320.0,2310.0,2320.0,900
2026-02-03 10:40:00,2320.0,2320.0,2310.0,2320.0,3400
2026-02-03 10:45:00,2320.0,2320.0,2310.0,2320.0,66100
2026-02-03 10:50:00,2310.0,2310.0,2310.0,2310.0,235000
2026-02-03 10:55:00,2310.0,2310.0,2300.0,2310.0,28100
2026-02-03 11:00:00,2310.0,2310.0,2300.0,2300.0,17400
2026-02-03 11:05:00,2300.0,2310.0,2300.0,2310.0,22900
2026-02-03 11:10:00,2310.0,2310.0,2300.0,2300.0,28400
2026-02-03 11:15:00,2300.0,2310.0,2300.0,2310.0,51300
2026-02-03 11:20:00,2310.0,2310.0,2300.0,2300.0,21500
2026-02-03 11:25:00,2310.0,2310.0,2300.0,2300.0,38300
2026-02-03 11:30:00,2310.0,2310.0,2310.0,2310.0,27400
2026-02-03 11:35:00,2310.0,2310.0,2300.0,2300.0,63000
2026-02-03 11:40:00,2310.0,2310.0,2300.0,2310.0,21500
2026-02-03 11:45:00,2300.0,2310.0,2300.0,2300.0,192300
2026-02-03 11:50:00,2300.0,2310.0,2300.0,2300.0,200600
2026-02-03 11:55:00,2300.0,2310.0,2300.0,2310.0,341600
2026-02-03 13:30:00,2310.0,2320.0,2310.0,2320.0,499300
2026-02-03 13:35:00,2320.0,2320.0,2310.0,2320.0,194000
2026-02-03 13:40:00,2320.0,2320.0,2310.0,2320.0,121900
2026-02-03 13:45:00,2320.0,2320.0,2310.0,2320.0,61100
2026-02-03 13:50:00,2320.0,2320.0,2310.0,2320.0,60900
2026-02-03 13:55:00,2320.0,2330.0,2310.0,2330.0,263000
2026-02-03 14:00:00,2330.0,2340.0,2320.0,2340.0,278900
2026-02-03 14:05:00,2330.0,2340.0,2330.0,2330.0,158400
2026-02-03 14:10:00,2340.0,2340.0,2330.0,2340.0,90700
2026-02-03 14:15:00,2340.0,2340.0,2330.0,2340.0,110000
2026-02-03 14:20:00,2340.0,2340.0,2310.0,2310.0,782400
2026-02-03 14:25:00,2310.0,2320.0,2300.0,2320.0,193500
2026-02-03 14:30:00,2320.0,2320.0,2310.0,2310.0,553200
2026-02-03 14:35:00,2320.0,2320.0,2300.0,2310.0,126700
2026-02-03 14:40:00,2310.0,2320.0,2300.0,2310.0,74800
2026-02-03 14:45:00,2310.0,2310.0,2300.0,2300.0,169900
2026-02-03 14:50:00,2300.0,2310.0,2300.0,2310.0,89800
2026-02-03 14:55:00,2310.0,2320.0,2300.0,2310.0,376100
2026-02-03 15:00:00,2310.0,2310.0,2300.0,2310.0,187900
2026-02-03 15:05:00,2310.0,2310.0,2300.0,2310.0,104800
2026-02-03 15:10:00,2310.0,2310.0,2300.0,2310.0,399200
2026-02-03 15:15:00,2310.0,2310.0,2300.0,2300.0,114200
2026-02-03 15:20:00,2310.0,2310.0,2300.0,2300.0,354200
2026-02-03 15:25:00,2300.0,2310.0,2300.0,2300.0,822600
2026-02-03 15:30:00,2300.0,2310.0,2300.0,2310.0,336400
2026-02-03 15:35:00,2310.0,2310.0,2300.0,2310.0,224600
2026-02-03 15:40:00,2310.0,2310.0,2300.0,2310.0,254600
2026-02-03 15:45:00,2310.0,2310.0,2300.0,2310.0,312800
2026-02-03 16:00:00,2360.0,2360.0,2360.0,2360.0,1361900
2026-02-03 16:05:00,2360.0,2360.0,2360.0,2360.0,500
2026-02-04 09:00:00,2360.0,2360.0,2330.0,2330.0,0
2026-02-04 09:05:00,2330.0,2350.0,2330.0,2350.0,93900
2026-02-04 09:10:00,2350.0,2350.0,2340.0,2340.0,10200
2026-02-04 09:15:00,2340.0,2360.0,2330.0,2360.0,290400
2026-02-04 09:20:00,2360.0,2360.0,2350.0,2360.0,430400
2026-02-04 09:25:00,2340.0,2350.0,2330.0,2330.0,199800
2026-02-04 09:30:00,2340.0,2340.0,2340.0,2340.0,4800
2026-02-04 09:35:00,2340.0,2340.0,2340.0,2340.0,2700
2026-02-04 09:40:00,2340.0,2350.0,2340.0,2340.0,3300
2026-02-04 09:45:00,2350.0,2350.0,2340.0,2340.0,2100
2026-02-04 09:50:00,2340.0,2350.0,2340.0,2350.0,1800
2026-02-04 09:55:00,2350.0,2350.0,2340.0,2340.0,1200
2026-02-04 10:00:00,2340.0,2350.0,2340.0,2340.0,5300
2026-02-04 10:05:00,2340.0,2350.0,2340.0,2340.0,134300
2026-02-04 10:10:00,2340.0,2340.0,2330.0,2340.0,54100
2026-02-04 10:15:00,2330.0,2340.0,2330.0,2330.0,11000
2026-02-04 10:20:00,2340.0,2340.0,2330.0,2340.0,157700
2026-02-04 10:25:00,2330.0,2350.0,2330.0,2350.0,135000
2026-02-04 10:30:00,2350.0,2350.0,2340.0,2350.0,14600
2026-02-04 10:35:00,2350.0,2350.0,2340.0,2350.0,22000
2026-02-04 10:40:00,2350.0,2350.0,2340.0,2340.0,9600
2026-02-04 10:45:00,2350.0,2350.0,2340.0,2340.0,9700
2026-02-04 10:50:00,2340.0,2350.0,2330.0,2340.0,200600
2026-02-04 10:55:00,2330.0,2340.0,2330.0,2330.0,227800
2026-02-04 11:00:00,2330.0,2340.0,2320.0,2320.0,59800
2026-02-04 11:05:00,2330.0,2340.0,2320.0,2320.0,79100
2026-02-04 11:10:00,2340.0,2340.0,2330.0,2330.0,21600
2026-02-04 11:15:00,2330.0,2330.0,2320.0,2320.0,9000
2026-02-04 11:20:00,2330.0,2330.0,2320.0,2320.0,84600
2026-02-04 11:25:00,2330.0,2330.0,2320.0,2330.0,0
2026-02-04 11:30:00,2330.0,2330.0,2320.0,2330.0,2400
2026-02-04 11:35:00,2320.0,2330.0,2320.0,2330.0,2300
2026-02-04 11:40:00,2330.0,2340.0,2320.0,2340.0,281100
2026-02-04 11:45:00,2340.0,2340.0,2330.0,2330.0,51900
2026-02-04 11:50:00,2330.0,2330.0,2330.0,2330.0,65700
2026-02-04 11:55:00,2330.0,2330.0,2320.0,2330.0,126300
2026-02-04 13:30:00,2330.0,2330.0,2300.0,2310.0,302400
2026-02-04 13:35:00,2320.0,2320.0,2300.0,2310.0,58900
2026-02-04 13:40:00,2310.0,2310.0,2300.0,2310.0,6800
2026-02-04 13:45:00,2300.0,2310.0,2300.0,2310.0,24400
2026-02-04 13:50:00,2310.0,2310.0,2310.0,2310.0,2500
2026-02-04 13:55:00,2320.0,2320.0,2310.0,2310.0,21300
2026-02-04 14:00:00,2310.0,2320.0,2310.0,2310.0,23000
2026-02-04 14:05:00,2310.0,2320.0,2310.0,2320.0,1700
2026-02-04 14:10:00,2310.0,2310.0,2310.0,2310.0,14100
2026-02-04 14:15:00,2310.0,2310.0,2310.0,2310.0,4000
2026-02-04 14:20:00,2320.0,2320.0,2310.0,2310.0,63300
2026-02-04 14:25:00,2310.0,2320.0,2310.0,2310.0,3700
2026-02-04 14:30:00,2320.0,2320.0,2310.0,2310.0,15100
2026-02-04 14:35:00,2320.0,2320.0,2310.0,2320.0,7400
2026-02-04 14:40:00,2320.0,2330.0,2320.0,2330.0,387500
2026-02-04 14:45:00,2330.0,2330.0,2320.0,2320.0,50800
2026-02-04 14:50:00,2330.0,2330.0,2320.0,2320.0,65300
2026-02-04 14:55:00,2330.0,2330.0,2320.0,2320.0,43000
2026-02-04 15:00:00,2320.0,2330.0,2310.0,2330.0,118900
2026-02-04 15:05:00,2320.0,2320.0,2320.0,2320.0,163200
2026-02-04 15:10:00,2320.0,2320.0,2310.0,2310.0,8500
2026-02-04 15:15:00,2310.0,2310.0,2310.0,2310.0,34700
2026-02-04 15:20:00,2310.0,2330.0,2310.0,2330.0,290100
2026-02-04 15:25:00,2320.0,2330.0,2320.0,2320.0,43600
2026-02-04 15:30:00,2320.0,2320.0,2310.0,2320.0,204600
2026-02-04 15:35:00,2320.0,2320.0,2310.0,2320.0,182200
2026-02-04 15:40:00,2320.0,2330.0,2310.0,2330.0,163200
2026-02-04 15:45:00,2330.0,2340.0,2310.0,2330.0,119400
2026-02-04 16:00:00,2300.0,2300.0,2300.0,2300.0,418500
2026-02-04 16:05:00,2300.0,2300.0,2300.0,2300.0,5900
2026-02-04 16:10:00,2300.0,2300.0,2300.0,2300.0,2800
2026-02-05 09:00:00,2310.0,2340.0,2310.0,2340.0,0
2026-02-05 09:05:00,2340.0,2340.0,2330.0,2340.0,50300
2026-02-05 09:10:00,2330.0,2360.0,2320.0,2360.0,395000
2026-02-05 09:15:00,2360.0,2390.0,2360.0,2380.0,353900
2026-02-05 09:20:00,2370.0,2380.0,2370.0,2380.0,135000
2026-02-05 09:25:00,2380.0,2390.0,2370.0,2380.0,97300
2026-02-05 09:30:00,2370.0,2380.0,2370.0,2370.0,13700
2026-02-05 09:35:00,2370.0,2390.0,2370.0,2390.0,147500
2026-02-05 09:40:00,2380.0,2390.0,2380.0,2380.0,51500
2026-02-05 09:45:00,2380.0,2400.0,2380.0,2390.0,262400
2026-02-05 09:50:00,2390.0,2400.0,2390.0,2400.0,66500
2026-02-05 09:55:00,2400.0,2400.0,2380.0,2380.0,253400
2026-02-05 10:00:00,2390.0,2390.0,2380.0,2390.0,59400
2026-02-05 10:05:00,2380.0,2390.0,2370.0,2390.0,71900
2026-02-05 10:10:00,2390.0,2390.0,2370.0,2380.0,41100
2026-02-05 10:15:00,2380.0,2380.0,2370.0,2370.0,10400
2026-02-05 10:20:00,2380.0,2390.0,2370.0,2380.0,93300
2026-02-05 10:25:00,2380.0,2390.0,2380.0,2390.0,14300
2026-02-05 10:30:00,2390.0,2400.0,2380.0,2390.0,256800
2026-02-05 10:35:00,2400.0,2400.0,2390.0,2390.0,52700
2026-02-05 10:40:00,2390.0,2430.0,2390.0,2430.0,1083300
2026-02-05 10:45:00,2430.0,2430.0,2400.0,2400.0,752300
2026-02-05 10:50:00,2410.0,2410.0,2390.0,2400.0,123700
2026-02-05 10:55:00,2400.0,2400.0,2370.0,2370.0,598800
2026-02-05 11:00:00,2370.0,2380.0,2370.0,2380.0,0
2026-02-05 11:05:00,2370.0,2410.0,2370.0,2410.0,456000
2026-02-05 11:10:00,2410.0,2420.0,2400.0,2410.0,1309800
2026-02-05 11:15:00,2410.0,2410.0,2400.0,2410.0,78400
2026-02-05 11:20:00,2400.0,2410.0,2390.0,2390.0,93400
2026-02-05 11:25:00,2400.0,2400.0,2390.0,2390.0,56900
2026-02-05 11:30:00,2400.0,2400.0,2390.0,2390.0,126700
2026-02-05 11:35:00,2400.0,2400.0,2380.0,2380.0,26600
2026-02-05 11:40:00,2380.0,2390.0,2380.0,2390.0,38000
2026-02-05 11:45:00,2380.0,2390.0,2380.0,2380.0,10900
2026-02-05 11:50:00,2390.0,2390.0,2380.0,2390.0,9100
2026-02-05 11:55:00,2380.0,2390.0,2380.0,2390.0,80100
2026-02-05 13:30:00,2380.0,2390.0,2380.0,2380.0,211500
2026-02-05 13:35:00,2370.0,2380.0,2370.0,2370.0,205100
2026-02-05 13:40:00,2370.0,2380.0,2370.0,2380.0,10900
2026-02-05 13:45:00,2380.0,2380.0,2370.0,2370.0,74900
2026-02-05 13:50:00,2370.0,2380.0,2370.0,2380.0,80700
2026-02-05 13:55:00,2380.0,2380.0,2370.0,2380.0,33100
2026-02-05 14:00:00,2380.0,2390.0,2380.0,2380.0,155300
2026-02-05 14:05:00,2380.0,2390.0,2380.0,2390.0,1900
2026-02-05 14:10:00,2390.0,2390.0,2380.0,2380.0,190900
2026-02-05 14:15:00,2380.0,2380.0,2370.0,2370.0,430800
2026-02-05 14:20:00,2370.0,2370.0,2360.0,2360.0,41100
2026-02-05 14:25:00,2360.0,2360.0,2360.0,2360.0,357300
2026-02-05 14:30:00,2360.0,2370.0,2360.0,2360.0,0
2026-02-05 14:35:00,2360.0,2390.0,2360.0,2390.0,318300
2026-02-05 14:40:00,2380.0,2390.0,2380.0,2390.0,27500
2026-02-05 14:45:00,2380.0,2380.0,2380.0,2380.0,159300
2026-02-05 14:50:00,2370.0,2380.0,2370.0,2380.0,1800
2026-02-05 14:55:00,2380.0,2380.0,2370.0,2370.0,14200
2026-02-05 15:00:00,2380.0,2380.0,2370.0,2380.0,6400
2026-02-05 15:05:00,2370.0,2380.0,2370.0,2380.0,27900
2026-02-05 15:10:00,2380.0,2390.0,2350.0,2360.0,572400
2026-02-05 15:15:00,2360.0,2360.0,2340.0,2360.0,504100
2026-02-05 15:20:00,2360.0,2360.0,2340.0,2350.0,324900
2026-02-05 15:25:00,2340.0,2350.0,2330.0,2340.0,583400
2026-02-05 15:30:00,2340.0,2350.0,2340.0,2340.0,3900
2026-02-05 15:35:00,2350.0,2350.0,2300.0,2330.0,4265500
2026-02-05 15:40:00,2330.0,2340.0,2320.0,2340.0,296200
2026-02-05 15:45:00,2330.0,2340.0,2310.0,2320.0,174000
2026-02-05 16:00:00,2300.0,2300.0,2300.0,2300.0,647800
2026-02-05 16:05:00,2300.0,2300.0,2300.0,2300.0,138000
2026-02-05 16:10:00,2300.0,2300.0,2300.0,2300.0,7300
2026-02-06 09:00:00,2290.0,2360.0,2250.0,2350.0,0
2026-02-06 09:05:00,2350.0,2360.0,2330.0,2350.0,564100
2026-02-06 09:10:00,2350.0,2370.0,2340.0,2360.0,296500
2026-02-06 09:15:00,2370.0,2380.0,2350.0,2370.0,659300
2026-02-06 09:20:00,2360.0,2370.0,2360.0,2360.0,62300
2026-02-06 09:25:00,2360.0,2370.0,2350.0,2370.0,128200
2026-02-06 09:30:00,2370.0,2370.0,2350.0,2360.0,168100
2026-02-06 09:35:00,2360.0,2370.0,2360.0,2370.0,128200
2026-02-06 09:40:00,2370.0,2380.0,2370.0,2370.0,113400
2026-02-06 09:45:00,2370.0,2380.0,2360.0,2360.0,338200
2026-02-06 09:50:00,2360.0,2370.0,2360.0,2360.0,232500
2026-02-06 09:55:00,2360.0,2360.0,2350.0,2360.0,950900
2026-02-06 10:00:00,2360.0,2370.0,2340.0,2340.0,676500
2026-02-06 10:05:00,2340.0,2350.0,2340.0,2350.0,308100
2026-02-06 10:10:00,2350.0,2360.0,2340.0,2350.0,239700
2026-02-06 10:15:00,2350.0,2360.0,2350.0,2360.0,142100
2026-02-06 10:20:00,2350.0,2370.0,2350.0,2350.0,363400
2026-02-06 10:25:00,2350.0,2360.0,2350.0,2350.0,21900
2026-02-06 10:30:00,2350.0,2350.0,2330.0,2340.0,765000
2026-02-06 10:35:00,2340.0,2350.0,2330.0,2340.0,211200
2026-02-06 10:40:00,2340.0,2360.0,2340.0,2350.0,446800
2026-02-06 10:45:00,2350.0,2360.0,2350.0,2360.0,23900
2026-02-06 10:50:00,2350.0,2360.0,2350.0,2350.0,49500
2026-02-06 10:55:00,2350.0,2360.0,2350.0,2350.0,19100
2026-02-06 11:00:00,2350.0,2360.0,2350.0,2360.0,157100
2026-02-06 11:05:00,2350.0,2360.0,2350.0,2350.0,381000
2026-02-06 11:10:00,2350.0,2360.0,2350.0,2350.0,39900
2026-02-06 11:15:00,2350.0,2360.0,2350.0,2350.0,24800
2026-02-06 11:20:00,2350.0,2360.0,2350.0,2350.0,196900
2026-02-06 11:25:00,2350.0,2360.0,2350.0,2360.0,8700
2026-02-06 14:00:00,2350.0,2360.0,2340.0,2350.0,772600
2026-02-06 14:05:00,2350.0,2360.0,2350.0,2360.0,27000
2026-02-06 14:10:00,2360.0,2360.0,2350.0,2360.0,90900
2026-02-06 14:15:00,2360.0,2370.0,2350.0,2370.0,532500
2026-02-06 14:20:00,2370.0,2370.0,2360.0,2360.0,70200
2026-02-06 14:25:00,2360.0,2370.0,2360.0,2370.0,136800
2026-02-06 14:30:00,2360.0,2390.0,2360.0,2370.0,942700
2026-02-06 14:35:00,2380.0,2380.0,2370.0,2380.0,62000
2026-02-06 14:40:00,2380.0,2380.0,2370.0,2380.0,65300
2026-02-06 14:45:00,2370.0,2370.0,2370.0,2370.0,1000
2026-02-06 14:50:00,2370.0,2380.0,2370.0,2370.0,253500
2026-02-06 14:55:00,2380.0,2380.0,2370.0,2370.0,140300
2026-02-06 15:00:00,2380.0,2380.0,2370.0,2380.0,17500
2026-02-06 15:05:00,2380.0,2390.0,2370.0,2390.0,420300
2026-02-06 15:10:00,2390.0,2390.0,2380.0,2380.0,171900
2026-02-06 15:15:00,2380.0,2400.0,2380.0,2400.0,219900
2026-02-06 15:20:00,2400.0,2400.0,2390.0,2400.0,261700
2026-02-06 15:25:00,2400.0,2400.0,2390.0,2400.0,496300
2026-02-06 15:30:00,2400.0,2420.0,2400.0,2420.0,556900
2026-02-06 15:35:00,2420.0,2420.0,2410.0,2420.0,217100
2026-02-06 15:40:00,2420.0,2430.0,2410.0,2420.0,779200
2026-02-06 15:45:00,2420.0,2420.0,2380.0,2410.0,1386600
2026-02-06 16:00:00,2420.0,2420.0,2420.0,2420.0,542400
2026-02-06 16:05:00,2420.0,2420.0,2420.0,2420.0,44400
2026-02-06 16:10:00,2420.0,2420.0,2420.0,2420.0,6300
2026-02-09 09:00:00,2420.0,2420.0,2360.0,2360.0,0
2026-02-09 09:05:00,2370.0,2380.0,2360.0,2360.0,276800
2026-02-09 09:10:00,2360.0,2370.0,2350.0,2350.0,146400
2026-02-09 09:15:00,2360.0,2360.0,2340.0,2360.0,438700
2026-02-09 09:20:00,2370.0,2370.0,2360.0,2360.0,13000
2026-02-09 09:25:00,2370.0,2370.0,2360.0,2370.0,4700
2026-02-09 09:30:00,2370.0,2390.0,2370.0,2390.0,123600
2026-02-09 09:35:00,2390.0,2390.0,2380.0,2390.0,74800
2026-02-09 09:40:00,2390.0,2390.0,2370.0,2380.0,43200
2026-02-09 09:45:00,2380.0,2390.0,2370.0,2390.0,130200
2026-02-09 09:50:00,2390.0,2410.0,2380.0,2410.0,184800
2026-02-09 09:55:00,2410.0,2410.0,2400.0,2400.0,168100
2026-02-09 10:00:00,2410.0,2420.0,2400.0,2420.0,89600
2026-02-09 10:05:00,2410.0,2420.0,2400.0,2400.0,50800
2026-02-09 10:10:00,2400.0,2410.0,2400.0,2410.0,7200
2026-02-09 10:15:00,2410.0,2420.0,2410.0,2420.0,58200
2026-02-09 10:20:00,2410.0,2420.0,2410.0,2410.0,197500
2026-02-09 10:25:00,2410.0,2420.0,2410.0,2420.0,84000
2026-02-09 10:30:00,2410.0,2420.0,2400.0,2420.0,33000
2026-02-09 10:35:00,2410.0,2410.0,2400.0,2410.0,7700
2026-02-09 10:40:00,2400.0,2410.0,2400.0,2410.0,7500
2026-02-09 10:45:00,2410.0,2410.0,2390.0,2390.0,618200
2026-02-09 10:50:00,2390.0,2390.0,2380.0,2390.0,95000
2026-02-09 10:55:00,2390.0,2390.0,2380.0,2380.0,118500
2026-02-09 11:00:00,2380.0,2390.0,2380.0,2390.0,220200
2026-02-09 11:05:00,2390.0,2410.0,2390.0,2410.0,157200
2026-02-09 11:10:00,2410.0,2410.0,2390.0,2400.0,296900
2026-02-09 11:15:00,2400.0,2400.0,2390.0,2400.0,31100
2026-02-09 11:20:00,2400.0,2400.0,2390.0,2390.0,6200
2026-02-09 11:25:00,2390.0,2400.0,2390.0,2390.0,133300
2026-02-09 11:30:00,2400.0,2410.0,2400.0,2410.0,28300
2026-02-09 11:35:00,2400.0,2410.0,2390.0,2390.0,92800
2026-02-09 11:40:00,2390.0,2390.0,2390.0,2390.0,647200
2026-02-09 11:45:00,2390.0,2390.0,2390.0,2390.0,12000
2026-02-09 11:50:00,2400.0,2400.0,2390.0,2390.0,53200
2026-02-09 11:55:00,2390.0,2400.0,2390.0,2400.0,1000
2026-02-09 13:30:00,2400.0,2400.0,2390.0,2390.0,83500
2026-02-09 13:35:00,2400.0,2400.0,2390.0,2390.0,7200
2026-02-09 13:40:00,2390.0,2400.0,2390.0,2390.0,5900
2026-02-09 13:45:00,2400.0,2400.0,2390.0,2400.0,49100
2026-02-09 13:50:00,2390.0,2400.0,2390.0,2390.0,156200
2026-02-09 13:55:00,2390.0,2400.0,2390.0,2390.0,105400
2026-02-09 14:00:00,2390.0,2400.0,2390.0,2390.0,55400
2026-02-09 14:05:00,2390.0,2400.0,2390.0,2400.0,208600
2026-02-09 14:10:00,2390.0,2400.0,2390.0,2390.0,4600
2026-02-09 14:15:00,2400.0,2400.0,2390.0,2400.0,14400
2026-02-09 14:20:00,2390.0,2400.0,2390.0,2390.0,29500
2026-02-09 14:25:00,2390.0,2400.0,2390.0,2400.0,34200
2026-02-09 14:30:00,2390.0,2400.0,2390.0,2390.0,18700
2026-02-09 14:35:00,2400.0,2400.0,2390.0,2400.0,443000
2026-02-09 14:40:00,2400.0,2400.0,2400.0,2400.0,139300
2026-02-09 14:45:00,2400.0,2400.0,2390.0,2400.0,46700
2026-02-09 14:50:00,2400.0,2410.0,2400.0,2400.0,624700
2026-02-09 14:55:00,2400.0,2400.0,2400.0,2400.0,164000
2026-02-09 15:00:00,2410.0,2420.0,2400.0,2420.0,230500
2026-02-09 15:05:00,2420.0,2440.0,2410.0,2440.0,629100
2026-02-09 15:10:00,2440.0,2450.0,2430.0,2430.0,862900
2026-02-09 15:15:00,2430.0,2440.0,2430.0,2440.0,23500
2026-02-09 15:20:00,2430.0,2450.0,2430.0,2440.0,757700
2026-02-09 15:25:00,2450.0,2450.0,2430.0,2430.0,285300
2026-02-09 15:30:00,2430.0,2440.0,2420.0,2430.0,164000
2026-02-09 15:35:00,2420.0,2440.0,2420.0,2440.0,261400
2026-02-09 15:40:00,2440.0,2450.0,2430.0,2430.0,607300
2026-02-09 15:45:00,2430.0,2440.0,2410.0,2410.0,643600
2026-02-09 16:00:00,2490.0,2490.0,2490.0,2490.0,1411500
2026-02-09 16:05:00,2490.0,2490.0,2490.0,2490.0,2300
2026-02-09 16:10:00,2490.0,2490.0,2490.0,2490.0,300
2026-02-10 09:00:00,2440.0,2440.0,2390.0,2410.0,0
2026-02-10 09:05:00,2410.0,2430.0,2390.0,2400.0,210900
2026-02-10 09:10:00,2410.0,2410.0,2380.0,2400.0,441500
2026-02-10 09:15:00,2400.0,2410.0,2390.0,2400.0,107200
2026-02-10 09:20:00,2400.0,2410.0,2390.0,2410.0,90000
2026-02-10 09:25:00,2410.0,2410.0,2390.0,2390.0,406500
2026-02-10 09:30:00,2390.0,2400.0,2380.0,2400.0,230700
2026-02-10 09:35:00,2400.0,2400.0,2390.0,2400.0,78900
2026-02-10 09:40:00,2400.0,2400.0,2390.0,2400.0,238800
2026-02-10 09:45:00,2400.0,2400.0,2390.0,2400.0,142800
2026-02-10 09:50:00,2400.0,2400.0,2390.0,2400.0,32600
2026-02-10 09:55:00,2400.0,2400.0,2390.0,2400.0,21000
2026-02-10 10:00:00,2400.0,2400.0,2390.0,2400.0,163600
2026-02-10 10:05:00,2400.0,2400.0,2390.0,2390.0,289100
2026-02-10 10:10:00,2390.0,2390.0,2380.0,2390.0,169400
2026-02-10 10:15:00,2390.0,2390.0,2380.0,2390.0,46900
2026-02-10 10:20:00,2390.0,2390.0,2380.0,2390.0,105800
2026-02-10 10:25:00,2390.0,2390.0,2380.0,2380.0,161400
2026-02-10 10:30:00,2390.0,2400.0,2380.0,2390.0,166900
2026-02-10 10:35:00,2390.0,2390.0,2380.0,2390.0,71700
2026-02-10 10:40:00,2390.0,2390.0,2380.0,2390.0,28100
2026-02-10 10:45:00,2390.0,2390.0,2370.0,2370.0,446200
2026-02-10 10:50:00,2380.0,2380.0,2370.0,2380.0,27900
2026-02-10 10:55:00,2380.0,2390.0,2370.0,2390.0,233900
2026-02-10 11:00:00,2390.0,2390.0,2380.0,2390.0,58500
2026-02-10 11:05:00,2390.0,2390.0,2380.0,2390.0,183200
2026-02-10 11:10:00,2390.0,2390.0,2380.0,2390.0,25600
2026-02-10 11:15:00,2390.0,2400.0,2380.0,2390.0,244800
2026-02-10 11:20:00,2390.0,2390.0,2380.0,2390.0,63700
2026-02-10 11:25:00,2390.0,2390.0,2380.0,2380.0,10000
2026-02-10 11:30:00,2390.0,2390.0,2370.0,2380.0,564400
2026-02-10 11:35:00,2380.0,2380.0,2370.0,2380.0,27400
2026-02-10 11:40:00,2380.0,2390.0,2380.0,2390.0,22100
2026-02-10 11:45:00,2390.0,2390.0,2390.0,2390.0,14500
2026-02-10 11:50:00,2390.0,2390.0,2380.0,2390.0,31000
2026-02-10 11:55:00,2390.0,2390.0,2380.0,2390.0,55300
2026-02-10 13:30:00,2390.0,2400.0,2380.0,2390.0,431300
2026-02-10 13:35:00,2390.0,2390.0,2380.0,2380.0,490200
2026-02-10 13:40:00,2370.0,2380.0,2370.0,2380.0,141800
2026-02-10 13:45:00,2380.0,2380.0,2370.0,2380.0,124000
2026-02-10 13:50:00,2380.0,2380.0,2370.0,2380.0,54600
2026-02-10 13:55:00,2380.0,2380.0,2360.0,2370.0,467600
2026-02-10 14:00:00,2370.0,2380.0,2360.0,2370.0,296700
2026-02-10 14:05:00,2380.0,2380.0,2370.0,2380.0,34300
2026-02-10 14:10:00,2380.0,2380.0,2370.0,2380.0,2800
2026-02-10 14:15:00,2380.0,2380.0,2370.0,2380.0,141200
2026-02-10 14:20:00,2370.0,2380.0,2370.0,2380.0,12200
2026-02-10 14:25:00,2370.0,2380.0,2370.0,2370.0,19600
2026-02-10 14:30:00,2370.0,2380.0,2370.0,2370.0,33400
2026-02-10 14:35:00,2370.0,2380.0,2370.0,2380.0,120000
2026-02-10 14:40:00,2380.0,2380.0,2370.0,2380.0,258700
2026-02-10 14:45:00,2380.0,2380.0,2370.0,2380.0,80300
2026-02-10 14:50:00,2380.0,2380.0,2370.0,2380.0,75700
2026-02-10 14:55:00,2380.0,2380.0,2370.0,2380.0,63300
2026-02-10 15:00:00,2380.0,2380.0,2370.0,2380.0,26300
2026-02-10 15:05:00,2380.0,2380.0,2370.0,2370.0,411800
2026-02-10 15:10:00,2370.0,2380.0,2370.0,2380.0,30200
2026-02-10 15:15:00,2370.0,2380.0,2370.0,2370.0,43300
2026-02-10 15:20:00,2370.0,2380.0,2370.0,2370.0,234100
2026-02-10 15:25:00,2380.0,2380.0,2360.0,2370.0,157800
2026-02-10 15:30:00,2370.0,2370.0,2360.0,2360.0,185900
2026-02-10 15:35:00,2370.0,2370.0,2360.0,2370.0,215300
2026-02-10 15:40:00,2370.0,2370.0,2360.0,2370.0,476300
2026-02-10 15:45:00,2370.0,2370.0,2360.0,2370.0,144800
2026-02-10 16:00:00,2360.0,2360.0,2360.0,2360.0,582300
2026-02-10 16:05:00,2360.0,2360.0,2360.0,2360.0,0
2026-02-11 09:00:00,2370.0,2380.0,2340.0,2350.0,0
2026-02-11 09:05:00,2350.0,2360.0,2340.0,2360.0,222900
2026-02-11 09:10:00,2360.0,2360.0,2350.0,2350.0,244900
2026-02-11 09:15:00,2360.0,2360.0,2350.0,2350.0,17000
2026-02-11 09:20:00,2350.0,2360.0,2340.0,2350.0,314800
2026-02-11 09:25:00,2340.0,2350.0,2340.0,2340.0,121300
2026-02-11 09:30:00,2340.0,2360.0,2340.0,2350.0,454800
2026-02-11 09:35:00,2340.0,2350.0,2340.0,2340.0,42700
2026-02-11 09:40:00,2350.0,2360.0,2340.0,2350.0,94700
2026-02-11 09:45:00,2360.0,2360.0,2350.0,2350.0,78700
2026-02-11 09:50:00,2350.0,2360.0,2350.0,2350.0,23100
2026-02-11 09:55:00,2350.0,2360.0,2350.0,2360.0,86900
2026-02-11 10:00:00,2360.0,2360.0,2360.0,2360.0,96900
2026-02-11 10:05:00,2360.0,2360.0,2350.0,2360.0,70500
2026-02-11 10:10:00,2360.0,2370.0,2350.0,2360.0,216600
2026-02-11 10:15:00,2350.0,2360.0,2350.0,2360.0,136900
2026-02-11 10:20:00,2360.0,2370.0,2350.0,2360.0,53700
2026-02-11 10:25:00,2360.0,2380.0,2360.0,2380.0,118200
2026-02-11 10:30:00,2370.0,2380.0,2360.0,2360.0,75100
2026-02-11 10:35:00,2360.0,2370.0,2350.0,2360.0,78200
2026-02-11 10:40:00,2370.0,2370.0,2350.0,2350.0,53600
2026-02-11 10:45:00,2350.0,2370.0,2350.0,2360.0,150400
2026-02-11 10:50:00,2360.0,2360.0,2360.0,2360.0,45500
2026-02-11 10:55:00,2360.0,2360.0,2360.0,2360.0,41600
2026-02-11 11:00:00,2350.0,2360.0,2350.0,2360.0,27400
2026-02-11 11:05:00,2360.0,2360.0,2350.0,2360.0,80100
2026-02-11 11:10:00,2350.0,2360.0,2350.0,2350.0,55900
2026-02-11 11:15:00,2360.0,2370.0,2350.0,2350.0,75100
2026-02-11 11:20:00,2350.0,2360.0,2350.0,2350.0,7000
2026-02-11 11:25:00,2360.0,2370.0,2360.0,2360.0,89600
2026-02-11 11:30:00,2360.0,2370.0,2360.0,2360.0,33600
2026-02-11 11:35:00,2360.0,2370.0,2360.0,2360.0,112000
2026-02-11 11:40:00,2360.0,2360.0,2350.0,2360.0,36500
2026-02-11 11:45:00,2350.0,2360.0,2350.0,2350.0,23700
2026-02-11 11:50:00,2350.0,2360.0,2350.0,2350.0,17700
2026-02-11 11:55:00,2360.0,2360.0,2350.0,2350.0,80500
2026-02-11 13:30:00,2350.0,2360.0,2350.0,2350.0,48600
2026-02-11 13:35:00,2350.0,2360.0,2350.0,2350.0,161500
2026-02-11 13:40:00,2360.0,2360.0,2350.0,2360.0,41600
2026-02-11 13:45:00,2360.0,2360.0,2350.0,2350.0,8700
2026-02-11 13:50:00,2350.0,2360.0,2350.0,2360.0,177800
2026-02-11 13:55:00,2360.0,2360.0,2360.0,2360.0,15800
2026-02-11 14:00:00,2360.0,2360.0,2360.0,2360.0,33100
2026-02-11 14:05:00,2360.0,2360.0,2360.0,2360.0,12900
2026-02-11 14:10:00,2370.0,2370.0,2360.0,2360.0,4800
2026-02-11 14:15:00,2370.0,2370.0,2360.0,2360.0,170500
2026-02-11 14:20:00,2360.0,2360.0,2350.0,2360.0,118300
2026-02-11 14:25:00,2350.0,2360.0,2350.0,2350.0,67100
2026-02-11 14:30:00,2350.0,2360.0,2350.0,2350.0,41500
2026-02-11 14:35:00,2360.0,2370.0,2350.0,2370.0,214100
2026-02-11 14:40:00,2370.0,2370.0,2360.0,2360.0,51800
2026-02-11 14:45:00,2370.0,2370.0,2360.0,2360.0,59600
2026-02-11 14:50:00,2360.0,2380.0,2360.0,2380.0,128500
2026-02-11 14:55:00,2380.0,2380.0,2360.0,2360.0,194300
2026-02-11 15:00:00,2370.0,2370.0,2360.0,2360.0,3000
2026-02-11 15:05:00,2360.0,2370.0,2360.0,2360.0,38000
2026-02-11 15:10:00,2360.0,2380.0,2360.0,2370.0,325600
2026-02-11 15:15:00,2370.0,2380.0,2370.0,2370.0,34200
2026-02-11 15:20:00,2370.0,2380.0,2360.0,2370.0,345200
2026-02-11 15:25:00,2370.0,2380.0,2370.0,2370.0,14600
2026-02-11 15:30:00,2380.0,2380.0,2370.0,2370.0,150500
2026-02-11 15:35:00,2370.0,2370.0,2370.0,2370.0,68300
2026-02-11 15:40:00,2370.0,2370.0,2360.0,2370.0,178200
2026-02-11 15:45:00,2360.0,2370.0,2360.0,2370.0,161700
2026-02-11 16:00:00,2370.0,2370.0,2370.0,2370.0,251800
2026-02-11 16:05:00,2370.0,2370.0,2370.0,2370.0,39900
2026-02-11 16:10:00,2370.0,2370.0,2370.0,2370.0,4400
2026-02-12 09:00:00,2370.0,2380.0,2350.0,2350.0,0
2026-02-12 09:05:00,2350.0,2360.0,2350.0,2350.0,69500
2026-02-12 09:10:00,2360.0,2360.0,2350.0,2360.0,33500
2026-02-12 09:15:00,2350.0,2360.0,2350.0,2350.0,38600
2026-02-12 09:20:00,2360.0,2360.0,2350.0,2350.0,37400
2026-02-12 09:25:00,2350.0,2360.0,2350.0,2360.0,57600
2026-02-12 09:30:00,2350.0,2360.0,2350.0,2360.0,16700
2026-02-12 09:35:00,2360.0,2360.0,2350.0,2350.0,64500
2026-02-12 09:40:00,2350.0,2360.0,2350.0,2350.0,24300
2026-02-12 09:45:00,2350.0,2360.0,2350.0,2360.0,26000
2026-02-12 09:50:00,2350.0,2360.0,2350.0,2350.0,58400
2026-02-12 09:55:00,2350.0,2360.0,2340.0,2350.0,94200
2026-02-12 10:00:00,2340.0,2350.0,2340.0,2350.0,79500
2026-02-12 10:05:00,2350.0,2350.0,2340.0,2340.0,22500
2026-02-12 10:10:00,2340.0,2350.0,2340.0,2340.0,33300
2026-02-12 10:15:00,2340.0,2360.0,2340.0,2350.0,384100
2026-02-12 10:20:00,2340.0,2350.0,2340.0,2340.0,16600
2026-02-12 10:25:00,2340.0,2350.0,2340.0,2350.0,20300
2026-02-12 10:30:00,2340.0,2350.0,2340.0,2350.0,13300
2026-02-12 10:35:00,2350.0,2350.0,2340.0,2350.0,15100
2026-02-12 10:40:00,2340.0,2350.0,2340.0,2350.0,104000
2026-02-12 10:45:00,2340.0,2350.0,2340.0,2340.0,25500
2026-02-12 10:50:00,2340.0,2350.0,2340.0,2340.0,73200
2026-02-12 10:55:00,2340.0,2350.0,2340.0,2350.0,13600
2026-02-12 11:00:00,2340.0,2350.0,2340.0,2340.0,236400
2026-02-12 11:05:00,2330.0,2340.0,2330.0,2330.0,67800
2026-02-12 11:10:00,2340.0,2340.0,2330.0,2340.0,88800
2026-02-12 11:15:00,2330.0,2340.0,2330.0,2340.0,85900
2026-02-12 11:20:00,2340.0,2340.0,2330.0,2330.0,13800
2026-02-12 11:25:00,2330.0,2340.0,2330.0,2330.0,10300
2026-02-12 11:30:00,2330.0,2340.0,2330.0,2330.0,8900
2026-02-12 11:35:00,2330.0,2340.0,2330.0,2340.0,172400
2026-02-12 11:40:00,2330.0,2340.0,2330.0,2330.0,20700
2026-02-12 11:45:00,2330.0,2340.0,2330.0,2330.0,43500
2026-02-12 11:50:00,2340.0,2350.0,2330.0,2340.0,302200
2026-02-12 11:55:00,2330.0,2350.0,2330.0,2340.0,72800
2026-02-12 13:30:00,2330.0,2350.0,2330.0,2340.0,161300
2026-02-12 13:35:00,2350.0,2350.0,2340.0,2340.0,17200
2026-02-12 13:40:00,2340.0,2340.0,2330.0,2340.0,186000
2026-02-12 13:45:00,2340.0,2340.0,2330.0,2330.0,23800
2026-02-12 13:50:00,2330.0,2340.0,2330.0,2330.0,22800
2026-02-12 13:55:00,2340.0,2340.0,2330.0,2330.0,39600
2026-02-12 14:00:00,2330.0,2340.0,2330.0,2330.0,85300
2026-02-12 14:05:00,2330.0,2340.0,2330.0,2330.0,108300
2026-02-12 14:10:00,2330.0,2340.0,2330.0,2340.0,29500
2026-02-12 14:15:00,2330.0,2340.0,2330.0,2330.0,45500
2026-02-12 14:20:00,2340.0,2340.0,2330.0,2330.0,16000
2026-02-12 14:25:00,2330.0,2350.0,2330.0,2350.0,442500
2026-02-12 14:30:00,2340.0,2350.0,2340.0,2340.0,7400
2026-02-12 14:35:00,2340.0,2350.0,2340.0,2350.0,18100
2026-02-12 14:40:00,2340.0,2350.0,2340.0,2340.0,122300
2026-02-12 14:45:00,2340.0,2350.0,2340.0,2350.0,39700
2026-02-12 14:50:00,2340.0,2350.0,2340.0,2350.0,363000
2026-02-12 14:55:00,2340.0,2350.0,2340.0,2340.0,156400
2026-02-12 15:00:00,2340.0,2340.0,2330.0,2330.0,21500
2026-02-12 15:05:00,2330.0,2340.0,2330.0,2340.0,39200
2026-02-12 15:10:00,2330.0,2340.0,2330.0,2330.0,15500
2026-02-12 15:15:00,2330.0,2340.0,2330.0,2340.0,161500
2026-02-12 15:20:00,2330.0,2340.0,2330.0,2330.0,272600
2026-02-12 15:25:00,2330.0,2340.0,2330.0,2330.0,67400
2026-02-12 15:30:00,2330.0,2340.0,2320.0,2320.0,251000
2026-02-12 15:35:00,2320.0,2330.0,2320.0,2330.0,23600
2026-02-12 15:40:00,2320.0,2330.0,2310.0,2320.0,513600
2026-02-12 15:45:00,2320.0,2340.0,2310.0,2310.0,359200
2026-02-12 16:00:00,2310.0,2310.0,2310.0,2310.0,1002400
2026-02-12 16:05:00,2310.0,2310.0,2310.0,2310.0,15600
2026-02-12 16:10:00,2310.0,2310.0,2310.0,2310.0,16800
2026-02-13 09:00:00,2310.0,2320.0,2290.0,2290.0,0
2026-02-13 09:05:00,2290.0,2300.0,2280.0,2280.0,146300
2026-02-13 09:10:00,2280.0,2290.0,2270.0,2280.0,643900
2026-02-13 09:15:00,2280.0,2290.0,2280.0,2280.0,57300
2026-02-13 09:20:00,2280.0,2300.0,2280.0,2300.0,467100
2026-02-13 09:25:00,2300.0,2300.0,2290.0,2290.0,75000
2026-02-13 09:30:00,2290.0,2300.0,2290.0,2300.0,82300
2026-02-13 09:35:00,2300.0,2310.0,2300.0,2300.0,422000
2026-02-13 09:40:00,2290.0,2300.0,2290.0,2300.0,13500
2026-02-13 09:45:00,2300.0,2300.0,2280.0,2290.0,253800
2026-02-13 09:50:00,2290.0,2300.0,2280.0,2290.0,529600
2026-02-13 09:55:00,2290.0,2290.0,2280.0,2290.0,85900
2026-02-13 10:00:00,2290.0,2290.0,2280.0,2280.0,40500
2026-02-13 10:05:00,2290.0,2290.0,2280.0,2280.0,139500
2026-02-13 10:10:00,2280.0,2290.0,2280.0,2290.0,43400
2026-02-13 10:15:00,2280.0,2290.0,2280.0,2290.0,136400
2026-02-13 10:20:00,2290.0,2290.0,2280.0,2280.0,130000
2026-02-13 10:25:00,2280.0,2290.0,2280.0,2290.0,52800
2026-02-13 10:30:00,2280.0,2290.0,2280.0,2290.0,292700
2026-02-13 10:35:00,2290.0,2290.0,2280.0,2280.0,60800
2026-02-13 10:40:00,2290.0,2290.0,2280.0,2280.0,96400
2026-02-13 10:45:00,2280.0,2290.0,2280.0,2280.0,107500
2026-02-13 10:50:00,2290.0,2290.0,2270.0,2280.0,274500
2026-02-13 10:55:00,2280.0,2280.0,2270.0,2270.0,156100
2026-02-13 11:00:00,2280.0,2280.0,2270.0,2280.0,85900
2026-02-13 11:05:00,2270.0,2280.0,2270.0,2270.0,265700
2026-02-13 11:10:00,2270.0,2280.0,2250.0,2270.0,1094200
2026-02-13 11:15:00,2260.0,2260.0,2250.0,2250.0,336900
2026-02-13 11:20:00,2250.0,2260.0,2250.0,2260.0,76400
2026-02-13 11:25:00,2260.0,2260.0,2250.0,2250.0,240800
2026-02-13 14:00:00,2250.0,2270.0,2250.0,2270.0,1067600
2026-02-13 14:05:00,2270.0,2270.0,2260.0,2270.0,119600
2026-02-13 14:10:00,2270.0,2270.0,2260.0,2270.0,88500
2026-02-13 14:15:00,2260.0,2270.0,2260.0,2270.0,286200
2026-02-13 14:20:00,2270.0,2270.0,2250.0,2260.0,552700
2026-02-13 14:25:00,2260.0,2260.0,2250.0,2250.0,274300
2026-02-13 14:30:00,2250.0,2270.0,2250.0,2270.0,817000
2026-02-13 14:35:00,2270.0,2270.0,2250.0,2260.0,519600
2026-02-13 14:40:00,2260.0,2260.0,2240.0,2240.0,410900
2026-02-13 14:45:00,2250.0,2260.0,2240.0,2260.0,566100
2026-02-13 14:50:00,2260.0,2260.0,2250.0,2250.0,111700
2026-02-13 14:55:00,2260.0,2270.0,2250.0,2270.0,458600
2026-02-13 15:00:00,2270.0,2270.0,2260.0,2270.0,573300
2026-02-13 15:05:00,2260.0,2270.0,2260.0,2270.0,69400
2026-02-13 15:10:00,2270.0,2280.0,2260.0,2280.0,505100
2026-02-13 15:15:00,2280.0,2280.0,2270.0,2270.0,351200
2026-02-13 15:20:00,2280.0,2280.0,2270.0,2270.0,112200
2026-02-13 15:25:00,2270.0,2280.0,2250.0,2250.0,840800
2026-02-13 15:30:00,2250.0,2270.0,2250.0,2260.0,613700
2026-02-13 15:35:00,2260.0,2270.0,2250.0,2250.0,676600
2026-02-13 15:40:00,2250.0,2250.0,2220.0,2230.0,2149500
2026-02-13 15:45:00,2230.0,2240.0,2210.0,2210.0,1073900
2026-02-13 16:00:00,2250.0,2250.0,2250.0,2250.0,550600
2026-02-13 16:05:00,2250.0,2250.0,2250.0,2250.0,104900
2026-02-13 16:10:00,2250.0,2250.0,2250.0,2250.0,134900
2026-02-18 09:00:00,2250.0,2270.0,2250.0,2270.0,0
2026-02-18 09:05:00,2270.0,2270.0,2230.0,2230.0,187600
2026-02-18 09:10:00,2240.0,2240.0,2220.0,2230.0,93800
2026-02-18 09:15:00,2220.0,2250.0,2220.0,2240.0,208900
2026-02-18 09:20:00,2240.0,2250.0,2230.0,2240.0,462900
2026-02-18 09:25:00,2240.0,2240.0,2230.0,2230.0,35600
2026-02-18 09:30:00,2240.0,2240.0,2220.0,2230.0,202400
2026-02-18 09:35:00,2230.0,2230.0,2220.0,2230.0,71400
2026-02-18 09:40:00,2230.0,2240.0,2220.0,2230.0,137500
2026-02-18 09:45:00,2230.0,2240.0,2220.0,2230.0,139800
2026-02-18 09:50:00,2240.0,2240.0,2240.0,2240.0,19200
2026-02-18 09:55:00,2230.0,2240.0,2230.0,2230.0,165400
2026-02-18 10:00:00,2230.0,2240.0,2230.0,2240.0,62900
2026-02-18 10:05:00,2240.0,2250.0,2230.0,2240.0,50500
2026-02-18 10:10:00,2250.0,2250.0,2240.0,2250.0,50900
2026-02-18 10:15:00,2250.0,2280.0,2250.0,2260.0,586200
2026-02-18 10:20:00,2260.0,2270.0,2260.0,2270.0,59200
2026-02-18 10:25:00,2270.0,2270.0,2260.0,2270.0,140400
2026-02-18 10:30:00,2270.0,2280.0,2270.0,2280.0,47900
2026-02-18 10:35:00,2280.0,2280.0,2270.0,2280.0,105800
2026-02-18 10:40:00,2280.0,2280.0,2270.0,2280.0,11800
2026-02-18 10:45:00,2280.0,2280.0,2270.0,2280.0,101900
2026-02-18 10:50:00,2280.0,2300.0,2280.0,2300.0,600700
2026-02-18 10:55:00,2280.0,2280.0,2260.0,2270.0,107300
2026-02-18 11:00:00,2270.0,2280.0,2260.0,2270.0,63200
2026-02-18 11:05:00,2270.0,2270.0,2260.0,2270.0,13100
2026-02-18 11:10:00,2270.0,2280.0,2270.0,2280.0,103200
2026-02-18 11:15:00,2280.0,2280.0,2270.0,2280.0,47400
2026-02-18 11:20:00,2280.0,2280.0,2270.0,2270.0,77600
2026-02-18 11:25:00,2280.0,2280.0,2270.0,2280.0,10900
2026-02-18 11:30:00,2270.0,2280.0,2270.0,2270.0,3000
2026-02-18 11:35:00,2280.0,2300.0,2270.0,2280.0,310200
2026-02-18 11:40:00,2280.0,2280.0,2280.0,2280.0,33900
2026-02-18 11:45:00,2280.0,2290.0,2280.0,2290.0,8000
2026-02-18 11:50:00,2290.0,2290.0,2280.0,2290.0,11400
2026-02-18 11:55:00,2290.0,2290.0,2280.0,2280.0,9000
2026-02-18 13:30:00,2280.0,2300.0,2280.0,2290.0,315700
2026-02-18 13:35:00,2290.0,2310.0,2290.0,2300.0,451400
2026-02-18 13:40:00,2300.0,2310.0,2290.0,2290.0,80200
2026-02-18 13:45:00,2300.0,2300.0,2290.0,2300.0,187500
2026-02-18 13:50:00,2290.0,2310.0,2290.0,2300.0,21200
2026-02-18 13:55:00,2300.0,2310.0,2300.0,2300.0,15200
2026-02-18 14:00:00,2300.0,2300.0,2290.0,2300.0,160600
2026-02-18 14:05:00,2300.0,2310.0,2300.0,2310.0,36300
2026-02-18 14:10:00,2300.0,2320.0,2300.0,2310.0,170800
2026-02-18 14:15:00,2320.0,2320.0,2310.0,2310.0,100900
2026-02-18 14:20:00,2310.0,2320.0,2310.0,2320.0,17800
2026-02-18 14:25:00,2320.0,2320.0,2310.0,2320.0,3600
2026-02-18 14:30:00,2320.0,2330.0,2300.0,2300.0,760900
2026-02-18 14:35:00,2310.0,2320.0,2300.0,2320.0,143600
2026-02-18 14:40:00,2310.0,2320.0,2310.0,2320.0,7100
2026-02-18 14:45:00,2310.0,2320.0,2310.0,2320.0,81700
2026-02-18 14:50:00,2320.0,2320.0,2310.0,2320.0,12600
2026-02-18 14:55:00,2320.0,2320.0,2300.0,2300.0,94200
2026-02-18 15:00:00,2300.0,2320.0,2300.0,2320.0,250000
2026-02-18 15:05:00,2310.0,2330.0,2300.0,2310.0,351600
2026-02-18 15:10:00,2310.0,2310.0,2300.0,2300.0,49400
2026-02-18 15:15:00,2300.0,2330.0,2300.0,2310.0,144000
2026-02-18 15:20:00,2310.0,2320.0,2310.0,2310.0,33300
2026-02-18 15:25:00,2310.0,2320.0,2300.0,2300.0,250900
2026-02-18 15:30:00,2310.0,2320.0,2300.0,2310.0,294300
2026-02-18 15:35:00,2310.0,2320.0,2300.0,2300.0,308700
2026-02-18 15:40:00,2310.0,2320.0,2300.0,2310.0,306800
2026-02-18 15:45:00,2300.0,2310.0,2290.0,2300.0,26500
2026-02-18 16:00:00,2290.0,2290.0,2290.0,2290.0,254000
2026-02-18 16:05:00,2290.0,2290.0,2290.0,2290.0,9400
2026-02-18 16:10:00,2290.0,2290.0,2290.0,2290.0,20000
2026-02-19 09:00:00,2300.0,2310.0,2270.0,2270.0,0
2026-02-19 09:05:00,2270.0,2290.0,2270.0,2290.0,213100
2026-02-19 09:10:00,2290.0,2290.0,2280.0,2280.0,94500
2026-02-19 09:15:00,2290.0,2290.0,2280.0,2290.0,16300
2026-02-19 09:20:00,2290.0,2300.0,2290.0,2300.0,25900
2026-02-19 09:25:00,2290.0,2310.0,2290.0,2310.0,131100
2026-02-19 09:30:00,2310.0,2310.0,2290.0,2300.0,134600
2026-02-19 09:35:00,2290.0,2300.0,2290.0,2300.0,61800
2026-02-19 09:40:00,2300.0,2300.0,2290.0,2300.0,17200
2026-02-19 09:45:00,2290.0,2300.0,2290.0,2300.0,195000
2026-02-19 09:50:00,2290.0,2300.0,2290.0,2300.0,28500
2026-02-19 09:55:00,2290.0,2300.0,2290.0,2300.0,25400
2026-02-19 10:00:00,2300.0,2300.0,2290.0,2290.0,20300
2026-02-19 10:05:00,2300.0,2300.0,2290.0,2300.0,21900
2026-02-19 10:10:00,2300.0,2300.0,2290.0,2300.0,19800
2026-02-19 10:15:00,2290.0,2300.0,2280.0,2280.0,131900
2026-02-19 10:20:00,2280.0,2290.0,2280.0,2280.0,26000
2026-02-19 10:25:00,2280.0,2290.0,2280.0,2290.0,40700
2026-02-19 10:30:00,2290.0,2290.0,2280.0,2280.0,60100
2026-02-19 10:35:00,2280.0,2290.0,2280.0,2290.0,26200
2026-02-19 10:40:00,2280.0,2280.0,2270.0,2270.0,375800
2026-02-19 10:45:00,2270.0,2280.0,2260.0,2260.0,136400
2026-02-19 10:50:00,2270.0,2270.0,2260.0,2260.0,237900
2026-02-19 10:55:00,2270.0,2270.0,2260.0,2270.0,16300
2026-02-19 11:00:00,2270.0,2270.0,2260.0,2260.0,60400
2026-02-19 11:05:00,2260.0,2270.0,2260.0,2260.0,19300
2026-02-19 11:10:00,2260.0,2270.0,2260.0,2270.0,43300
2026-02-19 11:15:00,2260.0,2270.0,2260.0,2270.0,17700
2026-02-19 11:20:00,2270.0,2270.0,2250.0,2250.0,611200
2026-02-19 11:25:00,2250.0,2250.0,2230.0,2240.0,538500
2026-02-19 11:30:00,2240.0,2250.0,2230.0,2240.0,351800
2026-02-19 11:35:00,2240.0,2250.0,2230.0,2240.0,114800
2026-02-19 11:40:00,2240.0,2240.0,2240.0,2240.0,17100
2026-02-19 11:45:00,2240.0,2240.0,2230.0,2240.0,59200
2026-02-19 11:50:00,2240.0,2240.0,2230.0,2240.0,52700
2026-02-19 11:55:00,2240.0,2250.0,2230.0,2250.0,126400
2026-02-19 13:30:00,2250.0,2260.0,2250.0,2260.0,184400
2026-02-19 13:35:00,2250.0,2260.0,2250.0,2250.0,95900
2026-02-19 13:40:00,2250.0,2260.0,2250.0,2250.0,133000
2026-02-19 13:45:00,2250.0,2260.0,2240.0,2240.0,496600
2026-02-19 13:50:00,2240.0,2250.0,2240.0,2240.0,71000
2026-02-19 13:55:00,2240.0,2250.0,2240.0,2250.0,23600
2026-02-19 14:00:00,2250.0,2250.0,2240.0,2250.0,174300
2026-02-19 14:05:00,2250.0,2250.0,2240.0,2240.0,33000
2026-02-19 14:10:00,2240.0,2250.0,2240.0,2240.0,293600
2026-02-19 14:15:00,2240.0,2240.0,2220.0,2230.0,607400
2026-02-19 14:20:00,2230.0,2230.0,2220.0,2220.0,42000
2026-02-19 14:25:00,2220.0,2230.0,2220.0,2220.0,177200
2026-02-19 14:30:00,2230.0,2230.0,2210.0,2210.0,730500
2026-02-19 14:35:00,2220.0,2220.0,2210.0,2220.0,154200
2026-02-19 14:40:00,2220.0,2220.0,2210.0,2220.0,44400
2026-02-19 14:45:00,2220.0,2220.0,2210.0,2220.0,167300
2026-02-19 14:50:00,2220.0,2230.0,2210.0,2230.0,279700
2026-02-19 14:55:00,2230.0,2230.0,2220.0,2230.0,218100
2026-02-19 15:00:00,2230.0,2230.0,2220.0,2230.0,84600
2026-02-19 15:05:00,2230.0,2230.0,2220.0,2220.0,174600
2026-02-19 15:10:00,2230.0,2230.0,2210.0,2220.0,326400
2026-02-19 15:15:00,2230.0,2230.0,2220.0,2220.0,105400
2026-02-19 15:20:00,2220.0,2230.0,2220.0,2220.0,177700
2026-02-19 15:25:00,2220.0,2230.0,2220.0,2220.0,195700
2026-02-19 15:30:00,2230.0,2230.0,2220.0,2220.0,152400
2026-02-19 15:35:00,2230.0,2230.0,2220.0,2220.0,567400
2026-02-19 15:40:00,2220.0,2230.0,2220.0,2230.0,394800
2026-02-19 15:45:00,2220.0,2230.0,2220.0,2230.0,238200
2026-02-19 16:00:00,2230.0,2230.0,2230.0,2230.0,310400
2026-02-19 16:05:00,2230.0,2230.0,2230.0,2230.0,3500
2026-02-19 16:10:00,2230.0,2230.0,2230.0,2230.0,3800
2026-02-20 09:00:00,2230.0,2240.0,2230.0,2230.0,0
2026-02-20 09:05:00,2240.0,2260.0,2240.0,2250.0,334200
2026-02-20 09:10:00,2240.0,2250.0,2230.0,2240.0,144700
2026-02-20 09:15:00,2240.0,2240.0,2220.0,2230.0,256500
2026-02-20 09:20:00,2230.0,2230.0,2220.0,2230.0,19600
2026-02-20 09:25:00,2220.0,2230.0,2220.0,2220.0,149800
2026-02-20 09:30:00,2220.0,2230.0,2210.0,2220.0,292400
2026-02-20 09:35:00,2220.0,2220.0,2210.0,2210.0,81900
2026-02-20 09:40:00,2220.0,2230.0,2210.0,2210.0,190400
2026-02-20 09:45:00,2220.0,2220.0,2210.0,2210.0,54800
2026-02-20 09:50:00,2220.0,2220.0,2210.0,2210.0,40400
2026-02-20 09:55:00,2210.0,2220.0,2210.0,2210.0,48800
2026-02-20 10:00:00,2210.0,2220.0,2210.0,2220.0,69300
2026-02-20 10:05:00,2210.0,2220.0,2210.0,2220.0,57700
2026-02-20 10:10:00,2210.0,2220.0,2210.0,2210.0,175800
2026-02-20 10:15:00,2210.0,2230.0,2210.0,2220.0,316600
2026-02-20 10:20:00,2220.0,2220.0,2210.0,2220.0,6200
2026-02-20 10:25:00,2210.0,2230.0,2210.0,2220.0,131300
2026-02-20 10:30:00,2220.0,2230.0,2220.0,2230.0,10500
2026-02-20 10:35:00,2220.0,2220.0,2210.0,2210.0,232300
2026-02-20 10:40:00,2210.0,2220.0,2210.0,2210.0,25300
2026-02-20 10:45:00,2220.0,2220.0,2210.0,2220.0,205100
2026-02-20 10:50:00,2220.0,2230.0,2220.0,2220.0,168800
2026-02-20 10:55:00,2220.0,2230.0,2220.0,2220.0,123200
2026-02-20 11:00:00,2220.0,2230.0,2220.0,2220.0,32400
2026-02-20 11:05:00,2220.0,2220.0,2220.0,2220.0,146700
2026-02-20 11:10:00,2220.0,2230.0,2220.0,2220.0,66100
2026-02-20 11:15:00,2220.0,2230.0,2220.0,2220.0,45700
2026-02-20 11:20:00,2220.0,2230.0,2220.0,2220.0,66200
2026-02-20 11:25:00,2220.0,2230.0,2220.0,2220.0,46600
2026-02-20 14:00:00,2220.0,2230.0,2210.0,2210.0,577000
2026-02-20 14:05:00,2220.0,2230.0,2220.0,2230.0,282900
2026-02-20 14:10:00,2220.0,2230.0,2220.0,2220.0,40700
2026-02-20 14:15:00,2220.0,2230.0,2220.0,2220.0,83300
2026-02-20 14:20:00,2220.0,2230.0,2220.0,2220.0,110900
2026-02-20 14:25:00,2220.0,2230.0,2220.0,2220.0,180300
2026-02-20 14:30:00,2220.0,2250.0,2220.0,2240.0,1978400
2026-02-20 14:35:00,2230.0,2240.0,2230.0,2240.0,48200
2026-02-20 14:40:00,2230.0,2250.0,2230.0,2240.0,252200
2026-02-20 14:45:00,2250.0,2250.0,2240.0,2240.0,111700
2026-02-20 14:50:00,2240.0,2250.0,2230.0,2230.0,699900
2026-02-20 14:55:00,2230.0,2240.0,2230.0,2230.0,149200
2026-02-20 15:00:00,2230.0,2240.0,2230.0,2230.0,241000
2026-02-20 15:05:00,2230.0,2250.0,2230.0,2240.0,497900
2026-02-20 15:10:00,2240.0,2250.0,2240.0,2240.0,56000
2026-02-20 15:15:00,2240.0,2250.0,2240.0,2240.0,294000
2026-02-20 15:20:00,2240.0,2240.0,2230.0,2240.0,700000
2026-02-20 15:25:00,2240.0,2250.0,2230.0,2240.0,610700
2026-02-20 15:30:00,2240.0,2240.0,2230.0,2230.0,243200
2026-02-20 15:35:00,2230.0,2240.0,2230.0,2230.0,146900
2026-02-20 15:40:00,2230.0,2240.0,2230.0,2230.0,1208300
2026-02-20 15:45:00,2230.0,2240.0,2220.0,2240.0,593500
2026-02-20 16:00:00,2230.0,2230.0,2230.0,2230.0,331400
2026-02-20 16:05:00,2230.0,2230.0,2230.0,2230.0,0
2026-02-23 09:00:00,2230.0,2230.0,2210.0,2230.0,0
2026-02-23 09:05:00,2230.0,2230.0,2220.0,2220.0,168000
2026-02-23 09:10:00,2230.0,2240.0,2220.0,2240.0,567000
2026-02-23 09:15:00,2240.0,2250.0,2240.0,2240.0,153200
2026-02-23 09:20:00,2240.0,2260.0,2240.0,2250.0,425100
2026-02-23 09:25:00,2240.0,2270.0,2240.0,2260.0,1142500
2026-02-23 09:30:00,2260.0,2280.0,2260.0,2270.0,425200
2026-02-23 09:35:00,2270.0,2270.0,2260.0,2270.0,129900
2026-02-23 09:40:00,2270.0,2270.0,2260.0,2270.0,70000
2026-02-23 09:45:00,2260.0,2270.0,2260.0,2270.0,81200
2026-02-23 09:50:00,2270.0,2270.0,2260.0,2270.0,49100
2026-02-23 09:55:00,2270.0,2270.0,2260.0,2270.0,387600
2026-02-23 10:00:00,2270.0,2270.0,2260.0,2270.0,55500
2026-02-23 10:05:00,2270.0,2270.0,2260.0,2270.0,50900
2026-02-23 10:10:00,2270.0,2270.0,2260.0,2270.0,77100
2026-02-23 10:15:00,2270.0,2270.0,2260.0,2260.0,41400
2026-02-23 10:20:00,2260.0,2270.0,2260.0,2260.0,47600
2026-02-23 10:25:00,2270.0,2270.0,2260.0,2260.0,220300
2026-02-23 10:30:00,2260.0,2270.0,2260.0,2270.0,151100
2026-02-23 10:35:00,2270.0,2280.0,2260.0,2270.0,206200
2026-02-23 10:40:00,2280.0,2280.0,2270.0,2280.0,29100
2026-02-23 10:45:00,2280.0,2280.0,2270.0,2280.0,50900
2026-02-23 10:50:00,2270.0,2280.0,2260.0,2270.0,409000
2026-02-23 10:55:00,2260.0,2270.0,2260.0,2270.0,45600
2026-02-23 11:00:00,2270.0,2270.0,2260.0,2270.0,96100
2026-02-23 11:05:00,2270.0,2270.0,2250.0,2260.0,366800
2026-02-23 11:10:00,2260.0,2260.0,2250.0,2260.0,56400
2026-02-23 11:15:00,2260.0,2260.0,2240.0,2250.0,559800
2026-02-23 11:20:00,2250.0,2250.0,2240.0,2240.0,26700
2026-02-23 11:25:00,2250.0,2250.0,2240.0,2250.0,179700
2026-02-23 11:30:00,2250.0,2250.0,2240.0,2240.0,511600
2026-02-23 11:35:00,2240.0,2240.0,2230.0,2240.0,332700
2026-02-23 11:40:00,2230.0,2250.0,2230.0,2240.0,260400
2026-02-23 11:45:00,2240.0,2240.0,2230.0,2240.0,434800
2026-02-23 11:50:00,2240.0,2240.0,2240.0,2240.0,21400
2026-02-23 11:55:00,2230.0,2240.0,2220.0,2230.0,313400
2026-02-23 13:30:00,2230.0,2230.0,2220.0,2230.0,275500
2026-02-23 13:35:00,2230.0,2230.0,2220.0,2230.0,58100
2026-02-23 13:40:00,2230.0,2230.0,2220.0,2230.0,54400
2026-02-23 13:45:00,2220.0,2230.0,2220.0,2230.0,188800
2026-02-23 13:50:00,2230.0,2230.0,2220.0,2230.0,57000
2026-02-23 13:55:00,2230.0,2230.0,2220.0,2220.0,699100
2026-02-23 14:00:00,2220.0,2230.0,2210.0,2230.0,395700
2026-02-23 14:05:00,2230.0,2230.0,2220.0,2220.0,137700
2026-02-23 14:10:00,2230.0,2230.0,2220.0,2230.0,25800
2026-02-23 14:15:00,2220.0,2230.0,2210.0,2210.0,421200
2026-02-23 14:20:00,2220.0,2220.0,2210.0,2220.0,62700
2026-02-23 14:25:00,2210.0,2230.0,2210.0,2230.0,140500
2026-02-23 14:30:00,2230.0,2230.0,2220.0,2230.0,43800
2026-02-23 14:35:00,2230.0,2230.0,2220.0,2220.0,60500
2026-02-23 14:40:00,2220.0,2230.0,2220.0,2230.0,521200
2026-02-23 14:45:00,2220.0,2230.0,2210.0,2220.0,70100
2026-02-23 14:50:00,2220.0,2230.0,2210.0,2220.0,150600
2026-02-23 14:55:00,2220.0,2220.0,2220.0,2220.0,97900
2026-02-23 15:00:00,2220.0,2230.0,2210.0,2220.0,567500
2026-02-23 15:05:00,2210.0,2220.0,2210.0,2220.0,93800
2026-02-23 15:10:00,2220.0,2220.0,2210.0,2210.0,525300
2026-02-23 15:15:00,2220.0,2220.0,2200.0,2210.0,641800
2026-02-23 15:20:00,2210.0,2210.0,2200.0,2200.0,125600
2026-02-23 15:25:00,2200.0,2220.0,2200.0,2210.0,484400
2026-02-23 15:30:00,2210.0,2210.0,2190.0,2200.0,972900
2026-02-23 15:35:00,2200.0,2200.0,2180.0,2190.0,1197300
2026-02-23 15:40:00,2190.0,2190.0,2180.0,2190.0,689900
2026-02-23 15:45:00,2200.0,2200.0,2180.0,2180.0,255600
2026-02-23 16:00:00,2180.0,2180.0,2180.0,2180.0,2922700
2026-02-23 16:05:00,2180.0,2180.0,2180.0,2180.0,694100
2026-02-23 16:10:00,2180.0,2180.0,2180.0,2180.0,346500
2026-02-24 09:00:00,2190.0,2210.0,2180.0,2210.0,0
2026-02-24 09:05:00,2210.0,2220.0,2190.0,2200.0,537500
2026-02-24 09:10:00,2200.0,2200.0,2180.0,2190.0,95200
2026-02-24 09:15:00,2190.0,2190.0,2180.0,2180.0,146400
2026-02-24 09:20:00,2190.0,2190.0,2180.0,2190.0,105600
2026-02-24 09:25:00,2190.0,2190.0,2180.0,2180.0,170600
2026-02-24 09:30:00,2180.0,2190.0,2170.0,2180.0,283700
2026-02-24 09:35:00,2180.0,2180.0,2170.0,2170.0,88100
2026-02-24 09:40:00,2170.0,2180.0,2160.0,2170.0,590600
2026-02-24 09:45:00,2160.0,2180.0,2160.0,2170.0,167400
2026-02-24 09:50:00,2160.0,2170.0,2150.0,2150.0,279500
2026-02-24 09:55:00,2150.0,2170.0,2150.0,2160.0,173000
2026-02-24 10:00:00,2160.0,2170.0,2150.0,2170.0,176600
2026-02-24 10:05:00,2150.0,2170.0,2150.0,2160.0,191900
2026-02-24 10:10:00,2160.0,2170.0,2160.0,2160.0,33400
2026-02-24 10:15:00,2160.0,2170.0,2160.0,2160.0,39900
2026-02-24 10:20:00,2160.0,2180.0,2160.0,2170.0,302200
2026-02-24 10:25:00,2170.0,2170.0,2160.0,2160.0,40100
2026-02-24 10:30:00,2160.0,2170.0,2160.0,2160.0,47500
2026-02-24 10:35:00,2160.0,2170.0,2160.0,2160.0,61200
2026-02-24 10:40:00,2170.0,2180.0,2160.0,2160.0,163100
2026-02-24 10:45:00,2160.0,2170.0,2160.0,2160.0,40000
2026-02-24 10:50:00,2160.0,2170.0,2160.0,2170.0,485900
2026-02-24 10:55:00,2160.0,2170.0,2160.0,2160.0,166400
2026-02-24 11:00:00,2160.0,2170.0,2150.0,2150.0,235600
2026-02-24 11:05:00,2160.0,2160.0,2150.0,2160.0,73700
2026-02-24 11:10:00,2160.0,2160.0,2150.0,2150.0,54700
2026-02-24 11:15:00,2150.0,2160.0,2150.0,2160.0,209300
2026-02-24 11:20:00,2150.0,2170.0,2150.0,2160.0,79800
2026-02-24 11:25:00,2160.0,2160.0,2150.0,2150.0,123200
2026-02-24 11:30:00,2150.0,2170.0,2150.0,2150.0,171900
2026-02-24 11:35:00,2150.0,2160.0,2150.0,2150.0,116500
2026-02-24 11:40:00,2150.0,2160.0,2150.0,2150.0,137100
2026-02-24 11:45:00,2150.0,2160.0,2150.0,2150.0,57700
2026-02-24 11:50:00,2150.0,2160.0,2150.0,2150.0,36000
2026-02-24 11:55:00,2150.0,2160.0,2150.0,2150.0,40400
2026-02-24 13:30:00,2160.0,2160.0,2140.0,2140.0,810800
2026-02-24 13:35:00,2140.0,2150.0,2140.0,2140.0,106100
2026-02-24 13:40:00,2140.0,2150.0,2140.0,2150.0,98500
2026-02-24 13:45:00,2140.0,2150.0,2140.0,2140.0,135100
2026-02-24 13:50:00,2140.0,2150.0,2140.0,2150.0,178400
2026-02-24 13:55:00,2150.0,2150.0,2130.0,2150.0,1007500
2026-02-24 14:00:00,2140.0,2160.0,2140.0,2140.0,455100
2026-02-24 14:05:00,2140.0,2150.0,2140.0,2140.0,102400
2026-02-24 14:10:00,2140.0,2150.0,2140.0,2150.0,401900
2026-02-24 14:15:00,2150.0,2150.0,2140.0,2140.0,206600
2026-02-24 14:20:00,2140.0,2140.0,2130.0,2130.0,201200
2026-02-24 14:25:00,2130.0,2140.0,2130.0,2140.0,1240000
2026-02-24 14:30:00,2140.0,2150.0,2140.0,2140.0,133200
2026-02-24 14:35:00,2140.0,2150.0,2140.0,2140.0,147800
2026-02-24 14:40:00,2140.0,2150.0,2130.0,2140.0,208100
2026-02-24 14:45:00,2140.0,2150.0,2140.0,2140.0,45300
2026-02-24 14:50:00,2140.0,2150.0,2140.0,2140.0,78800
2026-02-24 14:55:00,2140.0,2160.0,2140.0,2140.0,352400
2026-02-24 15:00:00,2140.0,2140.0,2130.0,2130.0,313600
2026-02-24 15:05:00,2140.0,2140.0,2130.0,2130.0,281600
2026-02-24 15:10:00,2130.0,2140.0,2130.0,2130.0,276200
2026-02-24 15:15:00,2130.0,2140.0,2120.0,2120.0,709200
2026-02-24 15:20:00,2130.0,2140.0,2120.0,2130.0,754300
2026-02-24 15:25:00,2140.0,2140.0,2120.0,2130.0,337000
2026-02-24 15:30:00,2130.0,2140.0,2130.0,2130.0,243400
2026-02-24 15:35:00,2130.0,2140.0,2130.0,2130.0,627000
2026-02-24 15:40:00,2130.0,2150.0,2120.0,2150.0,649100
2026-02-24 15:45:00,2140.0,2160.0,2140.0,2140.0,272800
2026-02-24 16:00:00,2140.0,2140.0,2140.0,2140.0,805600
2026-02-24 16:05:00,2140.0,2140.0,2140.0,2140.0,5500
2026-02-24 16:10:00,2140.0,2140.0,2140.0,2140.0,15100
2026-02-25 09:00:00,2150.0,2180.0,2150.0,2180.0,0
2026-02-25 09:05:00,2170.0,2180.0,2160.0,2180.0,107300
2026-02-25 09:10:00,2170.0,2190.0,2170.0,2180.0,360600
2026-02-25 09:15:00,2190.0,2190.0,2180.0,2180.0,185900
2026-02-25 09:20:00,2180.0,2180.0,2170.0,2170.0,13000
2026-02-25 09:25:00,2170.0,2200.0,2170.0,2200.0,514400
2026-02-25 09:30:00,2200.0,2210.0,2190.0,2200.0,1069100
2026-02-25 09:35:00,2200.0,2210.0,2200.0,2200.0,187000
2026-02-25 09:40:00,2200.0,2210.0,2190.0,2200.0,422200
2026-02-25 09:45:00,2200.0,2200.0,2190.0,2200.0,237900
2026-02-25 09:50:00,2190.0,2210.0,2190.0,2200.0,342000
2026-02-25 09:55:00,2200.0,2210.0,2190.0,2200.0,220500
2026-02-25 10:00:00,2200.0,2210.0,2190.0,2200.0,161300
2026-02-25 10:05:00,2200.0,2210.0,2200.0,2200.0,61500
2026-02-25 10:10:00,2200.0,2210.0,2200.0,2210.0,392200
2026-02-25 10:15:00,2210.0,2210.0,2200.0,2200.0,96100
2026-02-25 10:20:00,2210.0,2210.0,2200.0,2200.0,183600
2026-02-25 10:25:00,2200.0,2210.0,2200.0,2200.0,146500
2026-02-25 10:30:00,2200.0,2210.0,2200.0,2200.0,74100
2026-02-25 10:35:00,2200.0,2210.0,2200.0,2200.0,135800
2026-02-25 10:40:00,2200.0,2210.0,2200.0,2200.0,83200
2026-02-25 10:45:00,2210.0,2210.0,2200.0,2200.0,156700
2026-02-25 10:50:00,2210.0,2210.0,2200.0,2200.0,212800
2026-02-25 10:55:00,2210.0,2210.0,2200.0,2210.0,161400
2026-02-25 11:00:00,2200.0,2210.0,2200.0,2200.0,157300
2026-02-25 11:05:00,2200.0,2210.0,2200.0,2200.0,143900
2026-02-25 11:10:00,2200.0,2200.0,2190.0,2190.0,842900
2026-02-25 11:15:00,2190.0,2210.0,2190.0,2200.0,403400
2026-02-25 11:20:00,2210.0,2210.0,2200.0,2200.0,34600
2026-02-25 11:25:00,2210.0,2210.0,2200.0,2210.0,111600
2026-02-25 11:30:00,2200.0,2210.0,2200.0,2200.0,150800
2026-02-25 11:35:00,2210.0,2210.0,2200.0,2210.0,116700
2026-02-25 11:40:00,2200.0,2210.0,2200.0,2200.0,147100
2026-02-25 11:45:00,2210.0,2210.0,2200.0,2200.0,110200
2026-02-25 11:50:00,2210.0,2210.0,2200.0,2200.0,184900
2026-02-25 11:55:00,2210.0,2210.0,2190.0,2190.0,342700
2026-02-25 13:30:00,2200.0,2200.0,2180.0,2200.0,530600
2026-02-25 13:35:00,2200.0,2200.0,2180.0,2190.0,87500
2026-02-25 13:40:00,2180.0,2190.0,2180.0,2190.0,137700
2026-02-25 13:45:00,2190.0,2190.0,2180.0,2190.0,131300
2026-02-25 13:50:00,2190.0,2190.0,2180.0,2190.0,51500
2026-02-25 13:55:00,2190.0,2190.0,2180.0,2190.0,58900
2026-02-25 14:00:00,2190.0,2190.0,2180.0,2190.0,62000
2026-02-25 14:05:00,2190.0,2190.0,2180.0,2190.0,66800
2026-02-25 14:10:00,2190.0,2190.0,2180.0,2190.0,141800
2026-02-25 14:15:00,2190.0,2200.0,2180.0,2190.0,538600
2026-02-25 14:20:00,2200.0,2210.0,2190.0,2200.0,537200
2026-02-25 14:25:00,2200.0,2200.0,2190.0,2200.0,50000
2026-02-25 14:30:00,2190.0,2200.0,2190.0,2190.0,102600
2026-02-25 14:35:00,2190.0,2200.0,2190.0,2200.0,81100
2026-02-25 14:40:00,2200.0,2200.0,2190.0,2190.0,83300
2026-02-25 14:45:00,2200.0,2200.0,2190.0,2190.0,117400
2026-02-25 14:50:00,2200.0,2210.0,2190.0,2200.0,650800
2026-02-25 14:55:00,2200.0,2200.0,2190.0,2200.0,58200
2026-02-25 15:00:00,2200.0,2200.0,2190.0,2200.0,95100
2026-02-25 15:05:00,2190.0,2200.0,2190.0,2190.0,130200
2026-02-25 15:10:00,2190.0,2210.0,2190.0,2210.0,244500
2026-02-25 15:15:00,2200.0,2210.0,2190.0,2190.0,233700
2026-02-25 15:20:00,2190.0,2200.0,2190.0,2200.0,53100
2026-02-25 15:25:00,2200.0,2200.0,2190.0,2200.0,178100
2026-02-25 15:30:00,2200.0,2200.0,2190.0,2200.0,97300
2026-02-25 15:35:00,2200.0,2200.0,2190.0,2200.0,349300
2026-02-25 15:40:00,2190.0,2200.0,2190.0,2200.0,231300
2026-02-25 15:45:00,2190.0,2210.0,2190.0,2200.0,225300
2026-02-25 16:00:00,2190.0,2190.0,2190.0,2190.0,319500
2026-02-26 09:00:00,2210.0,2220.0,2190.0,2200.0,0
2026-02-26 09:05:00,2200.0,2210.0,2200.0,2210.0,385700
2026-02-26 09:10:00,2210.0,2210.0,2200.0,2200.0,87500
2026-02-26 09:15:00,2200.0,2210.0,2190.0,2200.0,147600
2026-02-26 09:20:00,2200.0,2200.0,2180.0,2190.0,202200
2026-02-26 09:25:00,2180.0,2190.0,2180.0,2180.0,51500
2026-02-26 09:30:00,2180.0,2180.0,2170.0,2170.0,220000
2026-02-26 09:35:00,2170.0,2180.0,2170.0,2180.0,57800
2026-02-26 09:40:00,2180.0,2180.0,2170.0,2170.0,24500
2026-02-26 09:45:00,2170.0,2180.0,2170.0,2170.0,152600
2026-02-26 09:50:00,2180.0,2180.0,2160.0,2160.0,271900
2026-02-26 09:55:00,2160.0,2170.0,2160.0,2170.0,42700
2026-02-26 10:00:00,2170.0,2170.0,2160.0,2160.0,146600
2026-02-26 10:05:00,2160.0,2170.0,2160.0,2170.0,33600
2026-02-26 10:10:00,2160.0,2170.0,2160.0,2160.0,101900
2026-02-26 10:15:00,2160.0,2170.0,2160.0,2160.0,20900
2026-02-26 10:20:00,2160.0,2160.0,2150.0,2150.0,283600
2026-02-26 10:25:00,2150.0,2160.0,2150.0,2150.0,76700
2026-02-26 10:30:00,2150.0,2160.0,2150.0,2150.0,72000
2026-02-26 10:35:00,2160.0,2160.0,2150.0,2160.0,77400
2026-02-26 10:40:00,2150.0,2160.0,2150.0,2150.0,56000
2026-02-26 10:45:00,2150.0,2160.0,2150.0,2150.0,49200
2026-02-26 10:50:00,2150.0,2160.0,2140.0,2160.0,571900
2026-02-26 10:55:00,2160.0,2160.0,2140.0,2140.0,535100
2026-02-26 11:00:00,2140.0,2140.0,2120.0,2130.0,769200
2026-02-26 11:05:00,2130.0,2140.0,2130.0,2130.0,143200
2026-02-26 11:10:00,2130.0,2140.0,2120.0,2130.0,140300
2026-02-26 11:15:00,2130.0,2130.0,2120.0,2130.0,71500
2026-02-26 11:20:00,2140.0,2140.0,2120.0,2140.0,304800
2026-02-26 11:25:00,2130.0,2140.0,2130.0,2130.0,23000
2026-02-26 11:30:00,2130.0,2140.0,2130.0,2130.0,26600
2026-02-26 11:35:00,2130.0,2140.0,2130.0,2140.0,27700
2026-02-26 11:40:00,2130.0,2140.0,2130.0,2130.0,27500
2026-02-26 11:45:00,2130.0,2140.0,2130.0,2130.0,318100
2026-02-26 11:50:00,2130.0,2140.0,2130.0,2130.0,19200
2026-02-26 11:55:00,2130.0,2140.0,2130.0,2130.0,39400
2026-02-26 13:30:00,2140.0,2140.0,2120.0,2130.0,376700
2026-02-26 13:35:00,2130.0,2130.0,2120.0,2120.0,176900
2026-02-26 13:40:00,2130.0,2130.0,2120.0,2120.0,14100
2026-02-26 13:45:00,2120.0,2130.0,2120.0,2130.0,302400
2026-02-26 13:50:00,2130.0,2130.0,2120.0,2130.0,6500
2026-02-26 13:55:00,2130.0,2130.0,2120.0,2120.0,759200
2026-02-26 14:00:00,2120.0,2130.0,2110.0,2120.0,439300
2026-02-26 14:05:00,2120.0,2130.0,2110.0,2120.0,130200
2026-02-26 14:10:00,2120.0,2120.0,2110.0,2110.0,118600
2026-02-26 14:15:00,2110.0,2120.0,2110.0,2110.0,63700
2026-02-26 14:20:00,2120.0,2120.0,2100.0,2100.0,1142700
2026-02-26 14:25:00,2110.0,2110.0,2100.0,2110.0,118800
2026-02-26 14:30:00,2110.0,2120.0,2100.0,2110.0,837800
2026-02-26 14:35:00,2120.0,2120.0,2110.0,2110.0,220200
2026-02-26 14:40:00,2110.0,2120.0,2110.0,2120.0,26400
2026-02-26 14:45:00,2120.0,2120.0,2110.0,2120.0,188900
2026-02-26 14:50:00,2120.0,2120.0,2110.0,2110.0,46000
2026-02-26 14:55:00,2110.0,2120.0,2110.0,2120.0,66900
2026-02-26 15:00:00,2120.0,2120.0,2110.0,2120.0,429200
2026-02-26 15:05:00,2110.0,2120.0,2100.0,2100.0,599300
2026-02-26 15:10:00,2100.0,2110.0,2100.0,2110.0,104900
2026-02-26 15:15:00,2110.0,2110.0,2100.0,2110.0,63300
2026-02-26 15:20:00,2110.0,2110.0,2100.0,2100.0,141000
2026-02-26 15:25:00,2100.0,2110.0,2100.0,2110.0,241800
2026-02-26 15:30:00,2110.0,2120.0,2100.0,2120.0,586300
2026-02-26 15:35:00,2110.0,2110.0,2100.0,2110.0,240600
2026-02-26 15:40:00,2100.0,2110.0,2100.0,2110.0,305700
2026-02-26 15:45:00,2100.0,2120.0,2100.0,2120.0,711300
2026-02-26 16:00:00,2110.0,2110.0,2110.0,2110.0,1568600
2026-02-26 16:05:00,2110.0,2110.0,2110.0,2110.0,99300
2026-02-26 16:10:00,2110.0,2110.0,2110.0,2110.0,0
2026-02-27 09:00:00,2100.0,2130.0,2070.0,2120.0,0
2026-02-27 09:05:00,2120.0,2120.0,2090.0,2090.0,943300
2026-02-27 09:10:00,2090.0,2110.0,2090.0,2110.0,201300
2026-02-27 09:15:00,2120.0,2140.0,2110.0,2140.0,231600
2026-02-27 09:20:00,2140.0,2140.0,2120.0,2130.0,54500
2026-02-27 09:25:00,2130.0,2130.0,2110.0,2120.0,156300
2026-02-27 09:30:00,2120.0,2120.0,2110.0,2120.0,43300
2026-02-27 09:35:00,2120.0,2120.0,2110.0,2120.0,73400
2026-02-27 09:40:00,2120.0,2120.0,2110.0,2110.0,36900
2026-02-27 09:45:00,2110.0,2120.0,2110.0,2120.0,33400
2026-02-27 09:50:00,2120.0,2120.0,2100.0,2110.0,178900
2026-02-27 09:55:00,2110.0,2110.0,2100.0,2100.0,78100
2026-02-27 10:00:00,2110.0,2110.0,2100.0,2110.0,50000
2026-02-27 10:05:00,2110.0,2110.0,2100.0,2110.0,94100
2026-02-27 10:10:00,2110.0,2110.0,2100.0,2110.0,338900
2026-02-27 10:15:00,2110.0,2120.0,2100.0,2110.0,70300
2026-02-27 10:20:00,2110.0,2110.0,2110.0,2110.0,210900
2026-02-27 10:25:00,2110.0,2120.0,2100.0,2110.0,117900
2026-02-27 10:30:00,2110.0,2110.0,2100.0,2110.0,153300
2026-02-27 10:35:00,2110.0,2120.0,2110.0,2120.0,84900
2026-02-27 10:40:00,2110.0,2110.0,2100.0,2110.0,70300
2026-02-27 10:45:00,2110.0,2110.0,2100.0,2110.0,29900
2026-02-27 10:50:00,2110.0,2110.0,2100.0,2110.0,54400
2026-02-27 10:55:00,2100.0,2110.0,2100.0,2110.0,37700
2026-02-27 11:00:00,2100.0,2110.0,2100.0,2110.0,20700
2026-02-27 11:05:00,2110.0,2110.0,2100.0,2100.0,19700
2026-02-27 11:10:00,2100.0,2110.0,2100.0,2110.0,27400
2026-02-27 11:15:00,2110.0,2110.0,2100.0,2110.0,38000
2026-02-27 11:20:00,2110.0,2110.0,2100.0,2110.0,10900
2026-02-27 11:25:00,2110.0,2110.0,2100.0,2100.0,556300
2026-02-27 14:00:00,2110.0,2110.0,2100.0,2100.0,1162700
2026-02-27 14:05:00,2110.0,2110.0,2100.0,2100.0,1500
2026-02-27 14:10:00,2100.0,2110.0,2100.0,2100.0,4600
2026-02-27 14:15:00,2100.0,2110.0,2100.0,2100.0,671600
2026-02-27 14:20:00,2090.0,2100.0,2090.0,2090.0,11600
2026-02-27 14:25:00,2100.0,2110.0,2100.0,2110.0,507400
2026-02-27 14:30:00,2110.0,2110.0,2100.0,2110.0,77300
2026-02-27 14:35:00,2110.0,2110.0,2100.0,2110.0,91100
2026-02-27 14:40:00,2110.0,2110.0,2100.0,2110.0,144000
2026-02-27 14:45:00,2110.0,2110.0,2100.0,2100.0,123600
2026-02-27 14:50:00,2110.0,2110.0,2100.0,2110.0,140800
2026-02-27 14:55:00,2110.0,2110.0,2100.0,2100.0,93200
2026-02-27 15:00:00,2100.0,2110.0,2100.0,2110.0,71100
2026-02-27 15:05:00,2100.0,2110.0,2100.0,2110.0,350000
2026-02-27 15:10:00,2110.0,2110.0,2100.0,2100.0,101800
2026-02-27 15:15:00,2110.0,2110.0,2100.0,2110.0,122500
2026-02-27 15:20:00,2110.0,2110.0,2100.0,2110.0,315100
2026-02-27 15:25:00,2100.0,2110.0,2100.0,2100.0,136100
2026-02-27 15:30:00,2110.0,2110.0,2100.0,2110.0,253400
2026-02-27 15:35:00,2110.0,2110.0,2100.0,2110.0,466900
2026-02-27 15:40:00,2110.0,2110.0,2100.0,2110.0,879200
2026-02-27 15:45:00,2110.0,2120.0,2100.0,2120.0,735400
2026-02-27 16:00:00,2110.0,2110.0,2110.0,2110.0,1068400
2026-02-27 16:05:00,2110.0,2110.0,2110.0,2110.0,0
2026-02-27 16:10:00,2110.0,2110.0,2110.0,2110.0,5800
2026-03-02 09:00:00,2090.0,2090.0,2050.0,2060.0,0
2026-03-02 09:05:00,2050.0,2080.0,2050.0,2080.0,720900
2026-03-02 09:10:00,2070.0,2070.0,2040.0,2050.0,393800
2026-03-02 09:15:00,2050.0,2050.0,2040.0,2050.0,98000
2026-03-02 09:20:00,2050.0,2060.0,2040.0,2060.0,235400
2026-03-02 09:25:00,2060.0,2060.0,2050.0,2060.0,198900
2026-03-02 09:30:00,2060.0,2070.0,2050.0,2060.0,136100
2026-03-02 09:35:00,2060.0,2070.0,2060.0,2070.0,120000
2026-03-02 09:40:00,2070.0,2070.0,2060.0,2070.0,76900
2026-03-02 09:45:00,2070.0,2070.0,2050.0,2050.0,352600
2026-03-02 09:50:00,2050.0,2070.0,2050.0,2060.0,61400
2026-03-02 09:55:00,2050.0,2060.0,2050.0,2060.0,71500
2026-03-02 10:00:00,2060.0,2060.0,2050.0,2060.0,114800
2026-03-02 10:05:00,2060.0,2060.0,2050.0,2060.0,25200
2026-03-02 10:10:00,2060.0,2060.0,2050.0,2060.0,53700
2026-03-02 10:15:00,2060.0,2060.0,2050.0,2060.0,141100
2026-03-02 10:20:00,2060.0,2060.0,2050.0,2060.0,67500
2026-03-02 10:25:00,2060.0,2060.0,2050.0,2060.0,171800
2026-03-02 10:30:00,2060.0,2060.0,2050.0,2050.0,21200
2026-03-02 10:35:00,2060.0,2060.0,2050.0,2060.0,94500
2026-03-02 10:40:00,2060.0,2060.0,2050.0,2060.0,62900
2026-03-02 10:45:00,2060.0,2060.0,2050.0,2060.0,93700
2026-03-02 10:50:00,2060.0,2060.0,2050.0,2050.0,249500
2026-03-02 10:55:00,2060.0,2060.0,2040.0,2050.0,807700
2026-03-02 11:00:00,2040.0,2050.0,2040.0,2050.0,30800
2026-03-02 11:05:00,2050.0,2060.0,2040.0,2050.0,316300
2026-03-02 11:10:00,2050.0,2060.0,2050.0,2060.0,47400
2026-03-02 11:15:00,2060.0,2060.0,2050.0,2060.0,30700
2026-03-02 11:20:00,2060.0,2060.0,2050.0,2050.0,20700
2026-03-02 11:25:00,2060.0,2060.0,2050.0,2050.0,74100
2026-03-02 11:30:00,2060.0,2060.0,2040.0,2040.0,329200
2026-03-02 11:35:00,2040.0,2050.0,2040.0,2050.0,32100
2026-03-02 11:40:00,2050.0,2050.0,2040.0,2050.0,129900
2026-03-02 11:45:00,2050.0,2050.0,2040.0,2050.0,144200
2026-03-02 11:50:00,2050.0,2060.0,2050.0,2050.0,146700
2026-03-02 11:55:00,2050.0,2050.0,2040.0,2050.0,76800
2026-03-02 13:30:00,2050.0,2060.0,2040.0,2050.0,748000
2026-03-02 13:35:00,2050.0,2050.0,2040.0,2040.0,35000
2026-03-02 13:40:00,2050.0,2050.0,2040.0,2050.0,62500
2026-03-02 13:45:00,2050.0,2050.0,2040.0,2040.0,145200
2026-03-02 13:50:00,2040.0,2050.0,2030.0,2030.0,882600
2026-03-02 13:55:00,2040.0,2040.0,2020.0,2030.0,1629400
2026-03-02 14:00:00,2020.0,2030.0,2010.0,2020.0,969700
2026-03-02 14:05:00,2010.0,2030.0,2010.0,2030.0,502100
2026-03-02 14:10:00,2030.0,2030.0,2020.0,2030.0,135500
2026-03-02 14:15:00,2020.0,2030.0,2020.0,2020.0,354400
2026-03-02 14:20:00,2020.0,2030.0,2010.0,2020.0,507400
2026-03-02 14:25:00,2020.0,2020.0,2010.0,2010.0,416800
2026-03-02 14:30:00,2020.0,2020.0,2010.0,2020.0,229800
2026-03-02 14:35:00,2020.0,2030.0,2010.0,2020.0,438800
2026-03-02 14:40:00,2030.0,2030.0,2010.0,2020.0,531000
2026-03-02 14:45:00,2020.0,2020.0,2010.0,2010.0,183400
2026-03-02 14:50:00,2020.0,2020.0,2010.0,2020.0,98900
2026-03-02 14:55:00,2020.0,2020.0,2010.0,2020.0,181400
2026-03-02 15:00:00,2020.0,2020.0,2010.0,2020.0,184700
2026-03-02 15:05:00,2020.0,2020.0,2010.0,2020.0,357800
2026-03-02 15:10:00,2020.0,2030.0,2010.0,2020.0,955800
2026-03-02 15:15:00,2020.0,2030.0,2020.0,2030.0,184200
2026-03-02 15:20:00,2030.0,2030.0,2020.0,2030.0,333600
2026-03-02 15:25:00,2030.0,2030.0,2020.0,2030.0,155100
2026-03-02 15:30:00,2020.0,2030.0,2020.0,2030.0,384700
2026-03-02 15:35:00,2030.0,2030.0,2020.0,2030.0,363000
2026-03-02 15:40:00,2030.0,2030.0,2020.0,2030.0,473700
2026-03-02 15:45:00,2030.0,2030.0,2010.0,2010.0,672200
2026-03-02 16:00:00,2010.0,2010.0,2010.0,2010.0,534000
2026-03-02 16:05:00,2010.0,2010.0,2010.0,2010.0,0
2026-03-02 16:10:00,2010.0,2010.0,2010.0,2010.0,111500
2026-03-03 09:00:00,2020.0,2020.0,1995.0,2000.0,0
2026-03-03 09:05:00,2020.0,2040.0,2000.0,2040.0,358100
2026-03-03 09:10:00,2030.0,2030.0,2000.0,2010.0,1151000
2026-03-03 09:15:00,2020.0,2030.0,2010.0,2020.0,102500
2026-03-03 09:20:00,2020.0,2030.0,2010.0,2020.0,115800
2026-03-03 09:25:00,2020.0,2030.0,2010.0,2030.0,109000
2026-03-03 09:30:00,2030.0,2030.0,2020.0,2030.0,80500
2026-03-03 09:35:00,2030.0,2040.0,2020.0,2030.0,178500
2026-03-03 09:40:00,2030.0,2030.0,2010.0,2020.0,514500
2026-03-03 09:45:00,2020.0,2020.0,2010.0,2020.0,69800
2026-03-03 09:50:00,2020.0,2020.0,2010.0,2020.0,1253200
2026-03-03 09:55:00,2010.0,2020.0,2010.0,2020.0,225300
2026-03-03 10:00:00,2020.0,2020.0,2010.0,2020.0,69100
2026-03-03 10:05:00,2030.0,2030.0,2010.0,2020.0,106300
2026-03-03 10:10:00,2020.0,2020.0,2010.0,2020.0,13400
2026-03-03 10:15:00,2020.0,2030.0,2020.0,2020.0,43900
2026-03-03 10:20:00,2010.0,2020.0,2010.0,2020.0,10000
2026-03-03 10:25:00,2020.0,2030.0,2020.0,2020.0,115500
2026-03-03 10:30:00,2020.0,2020.0,2010.0,2020.0,74200
2026-03-03 10:35:00,2010.0,2020.0,2010.0,2020.0,117000
2026-03-03 10:40:00,2020.0,2030.0,2010.0,2030.0,68900
2026-03-03 10:45:00,2030.0,2030.0,2020.0,2020.0,73100
2026-03-03 10:50:00,2020.0,2020.0,2010.0,2020.0,46100
2026-03-03 10:55:00,2020.0,2020.0,2010.0,2010.0,108500
2026-03-03 11:00:00,2010.0,2020.0,2010.0,2010.0,312700
2026-03-03 11:05:00,2010.0,2020.0,2000.0,2020.0,42700
2026-03-03 11:10:00,2020.0,2020.0,2010.0,2010.0,25900
2026-03-03 11:15:00,2020.0,2020.0,2010.0,2010.0,195800
2026-03-03 11:20:00,2020.0,2020.0,2010.0,2010.0,223600
2026-03-03 11:25:00,2020.0,2030.0,2010.0,2020.0,39100
2026-03-03 11:30:00,2030.0,2030.0,2010.0,2010.0,27100
2026-03-03 11:35:00,2020.0,2020.0,2010.0,2010.0,18300
2026-03-03 11:40:00,2010.0,2020.0,2010.0,2010.0,299600
2026-03-03 11:45:00,2010.0,2030.0,2010.0,2010.0,197000
2026-03-03 11:50:00,2010.0,2030.0,2010.0,2020.0,83100
2026-03-03 11:55:00,2020.0,2030.0,2010.0,2020.0,72100
2026-03-03 13:30:00,2020.0,2030.0,2010.0,2030.0,205200
2026-03-03 13:35:00,2020.0,2030.0,2020.0,2030.0,133100
2026-03-03 13:40:00,2020.0,2040.0,2020.0,2040.0,245100
2026-03-03 13:45:00,2030.0,2030.0,2020.0,2030.0,541100
2026-03-03 13:50:00,2030.0,2030.0,2020.0,2030.0,227400
2026-03-03 13:55:00,2030.0,2040.0,2010.0,2010.0,402700
2026-03-03 14:00:00,2010.0,2030.0,2010.0,2030.0,76600
2026-03-03 14:05:00,2020.0,2020.0,2010.0,2020.0,63400
2026-03-03 14:10:00,2020.0,2020.0,2010.0,2010.0,58300
2026-03-03 14:15:00,2010.0,2020.0,2010.0,2020.0,318800
2026-03-03 14:20:00,2020.0,2020.0,2010.0,2020.0,114100
2026-03-03 14:25:00,2020.0,2040.0,2020.0,2020.0,460800
2026-03-03 14:30:00,2030.0,2030.0,2020.0,2020.0,81100
2026-03-03 14:35:00,2030.0,2040.0,2010.0,2020.0,673800
2026-03-03 14:40:00,2030.0,2030.0,2020.0,2020.0,123300
2026-03-03 14:45:00,2030.0,2040.0,2020.0,2020.0,286300
2026-03-03 14:50:00,2020.0,2040.0,2020.0,2030.0,198000
2026-03-03 14:55:00,2030.0,2040.0,2020.0,2030.0,405100
2026-03-03 15:00:00,2020.0,2030.0,2020.0,2030.0,24200
2026-03-03 15:05:00,2020.0,2040.0,2020.0,2040.0,200700
2026-03-03 15:10:00,2040.0,2060.0,2030.0,2060.0,1183500
2026-03-03 15:15:00,2060.0,2070.0,2040.0,2040.0,2532500
2026-03-03 15:20:00,2050.0,2080.0,2040.0,2080.0,1409300
2026-03-03 15:25:00,2070.0,2090.0,2060.0,2090.0,1607900
2026-03-03 15:30:00,2080.0,2080.0,2060.0,2070.0,997700
2026-03-03 15:35:00,2070.0,2070.0,2060.0,2060.0,771300
2026-03-03 15:40:00,2050.0,2070.0,2050.0,2060.0,702900
2026-03-03 15:45:00,2060.0,2070.0,2050.0,2070.0,248300
2026-03-03 16:00:00,2040.0,2040.0,2040.0,2040.0,709400
2026-03-03 16:05:00,2040.0,2040.0,2040.0,2040.0,5800
2026-03-03 16:10:00,2040.0,2040.0,2040.0,2040.0,1500
2026-03-04 09:00:00,2030.0,2040.0,2010.0,2030.0,0
2026-03-04 09:05:00,2030.0,2030.0,2010.0,2030.0,113500
2026-03-04 09:10:00,2030.0,2030.0,2010.0,2020.0,180800
2026-03-04 09:15:00,2020.0,2020.0,2010.0,2010.0,43600
2026-03-04 09:20:00,2010.0,2020.0,2000.0,2000.0,567600
2026-03-04 09:25:00,2000.0,2010.0,2000.0,2010.0,47500
2026-03-04 09:30:00,2010.0,2040.0,2010.0,2030.0,675200
2026-03-04 09:35:00,2030.0,2030.0,2020.0,2030.0,18500
2026-03-04 09:40:00,2020.0,2030.0,2010.0,2020.0,104600
2026-03-04 09:45:00,2020.0,2020.0,2010.0,2010.0,29700
2026-03-04 09:50:00,2010.0,2010.0,2000.0,2010.0,287500
2026-03-04 09:55:00,2010.0,2010.0,1995.0,1995.0,1035800
2026-03-04 10:00:00,1990.0,1990.0,1985.0,1985.0,904300
2026-03-04 10:05:00,1985.0,1990.0,1980.0,1985.0,125000
2026-03-04 10:10:00,1985.0,1990.0,1980.0,1990.0,230900
2026-03-04 10:15:00,1990.0,1990.0,1980.0,1990.0,139800
2026-03-04 10:20:00,1985.0,1990.0,1975.0,1980.0,450600
2026-03-04 10:25:00,1980.0,1980.0,1965.0,1970.0,372300
2026-03-04 10:30:00,1970.0,1990.0,1970.0,1990.0,1171600
2026-03-04 10:35:00,1990.0,1990.0,1980.0,1985.0,75000
2026-03-04 10:40:00,1990.0,1990.0,1985.0,1985.0,44300
2026-03-04 10:45:00,1985.0,1990.0,1985.0,1990.0,188500
2026-03-04 10:50:00,1985.0,1990.0,1985.0,1990.0,28400
2026-03-04 10:55:00,1990.0,1990.0,1985.0,1990.0,32500
2026-03-04 11:00:00,1990.0,1990.0,1980.0,1985.0,109700
2026-03-04 11:05:00,1985.0,1985.0,1980.0,1980.0,7000
2026-03-04 11:10:00,1980.0,1985.0,1980.0,1985.0,18700
2026-03-04 11:15:00,1985.0,1985.0,1980.0,1985.0,18700
2026-03-04 11:20:00,1980.0,1985.0,1980.0,1980.0,115300
2026-03-04 11:25:00,1980.0,1980.0,1975.0,1975.0,12100
2026-03-04 11:30:00,1975.0,1980.0,1970.0,1970.0,346600
2026-03-04 11:35:00,1975.0,1975.0,1970.0,1970.0,62500
2026-03-04 11:40:00,1970.0,1975.0,1965.0,1970.0,42100
2026-03-04 11:45:00,1970.0,1970.0,1965.0,1965.0,27600
2026-03-04 11:50:00,1965.0,1970.0,1965.0,1970.0,34800
2026-03-04 11:55:00,1970.0,1970.0,1965.0,1965.0,54100
2026-03-04 13:30:00,1965.0,1980.0,1965.0,1980.0,587800
2026-03-04 13:35:00,1975.0,1995.0,1975.0,1995.0,175700
2026-03-04 13:40:00,1995.0,2010.0,1990.0,2010.0,195900
2026-03-04 13:45:00,2000.0,2000.0,1995.0,2000.0,410800
2026-03-04 13:50:00,2000.0,2010.0,1995.0,1995.0,316400
2026-03-04 13:55:00,1995.0,2000.0,1995.0,1995.0,139900
2026-03-04 14:00:00,1995.0,2000.0,1990.0,1990.0,83300
2026-03-04 14:05:00,1995.0,2000.0,1990.0,1995.0,111300
2026-03-04 14:10:00,2000.0,2000.0,1990.0,1990.0,368400
2026-03-04 14:15:00,2000.0,2000.0,1985.0,1990.0,371000
2026-03-04 14:20:00,1995.0,1995.0,1985.0,1990.0,117500
2026-03-04 14:25:00,1990.0,1990.0,1985.0,1985.0,75800
2026-03-04 14:30:00,1985.0,1995.0,1985.0,1995.0,226200
2026-03-04 14:35:00,1995.0,1995.0,1990.0,1990.0,121400
2026-03-04 14:40:00,1990.0,2000.0,1990.0,2000.0,147500
2026-03-04 14:45:00,1995.0,1995.0,1985.0,1995.0,298200
2026-03-04 14:50:00,1995.0,2000.0,1990.0,2000.0,53700
2026-03-04 14:55:00,2000.0,2010.0,1995.0,1995.0,464600
2026-03-04 15:00:00,1995.0,2000.0,1995.0,1995.0,115000
2026-03-04 15:05:00,1995.0,2000.0,1995.0,2000.0,112800
2026-03-04 15:10:00,2000.0,2000.0,1980.0,1980.0,1200300
2026-03-04 15:15:00,1980.0,1995.0,1980.0,1990.0,484900
2026-03-04 15:20:00,1990.0,1995.0,1990.0,1990.0,193700
2026-03-04 15:25:00,1990.0,1995.0,1990.0,1995.0,255400
2026-03-04 15:30:00,1995.0,1995.0,1990.0,1995.0,177500
2026-03-04 15:35:00,1995.0,1995.0,1990.0,1995.0,93400
2026-03-04 15:40:00,1990.0,1995.0,1985.0,1995.0,414200
2026-03-04 15:45:00,1990.0,1995.0,1985.0,1990.0,328300
2026-03-04 16:00:00,1990.0,1990.0,1990.0,1990.0,189100
2026-03-04 16:05:00,1990.0,1990.0,1990.0,1990.0,19100
2026-03-04 16:10:00,1990.0,1990.0,1990.0,1990.0,0
2026-03-05 09:00:00,2020.0,2030.0,2010.0,2010.0,0
2026-03-05 09:05:00,2010.0,2010.0,1990.0,1990.0,146200
2026-03-05 09:10:00,1990.0,2010.0,1990.0,2010.0,25200
2026-03-05 09:15:00,2000.0,2010.0,2000.0,2010.0,46500
2026-03-05 09:20:00,2000.0,2010.0,2000.0,2010.0,225700
2026-03-05 09:25:00,2010.0,2010.0,2000.0,2010.0,31500
2026-03-05 09:30:00,2000.0,2020.0,1995.0,2000.0,618500
2026-03-05 09:35:00,2000.0,2000.0,1995.0,1995.0,144900
2026-03-05 09:40:00,2000.0,2000.0,1995.0,2000.0,224100
2026-03-05 09:45:00,2000.0,2000.0,1995.0,2000.0,161500
2026-03-05 09:50:00,2000.0,2000.0,1990.0,1995.0,419800
2026-03-05 09:55:00,1995.0,1995.0,1990.0,1990.0,20900
2026-03-05 10:00:00,1990.0,1995.0,1990.0,1995.0,155800
2026-03-05 10:05:00,2000.0,2000.0,1995.0,1995.0,232100
2026-03-05 10:10:00,2000.0,2000.0,1995.0,2000.0,34100
2026-03-05 10:15:00,1995.0,2000.0,1995.0,1995.0,166600
2026-03-05 10:20:00,1995.0,2000.0,1995.0,1995.0,153300
2026-03-05 10:25:00,1995.0,2000.0,1995.0,1995.0,85600
2026-03-05 10:30:00,1995.0,2000.0,1995.0,1995.0,39800
2026-03-05 10:35:00,1995.0,2000.0,1995.0,1995.0,298900
2026-03-05 10:40:00,1995.0,2000.0,1995.0,1995.0,142200
2026-03-05 10:45:00,2000.0,2000.0,1995.0,1995.0,11500
2026-03-05 10:50:00,2000.0,2000.0,1995.0,1995.0,25700
2026-03-05 10:55:00,1995.0,2000.0,1995.0,1995.0,407800
2026-03-05 11:00:00,1995.0,2000.0,1995.0,2000.0,16600
2026-03-05 11:05:00,1995.0,2000.0,1995.0,2000.0,4800
2026-03-05 11:10:00,2000.0,2000.0,1995.0,1995.0,21500
2026-03-05 11:15:00,1995.0,2000.0,1995.0,1995.0,17100
2026-03-05 11:20:00,1995.0,2000.0,1995.0,1995.0,329100
2026-03-05 11:25:00,2000.0,2000.0,1995.0,1995.0,548000
2026-03-05 11:30:00,2000.0,2000.0,1995.0,1995.0,8700
2026-03-05 11:35:00,1995.0,2000.0,1995.0,1995.0,12800
2026-03-05 11:40:00,1995.0,2000.0,1995.0,2000.0,18800
2026-03-05 11:45:00,1995.0,2000.0,1995.0,2000.0,61300
2026-03-05 11:50:00,1995.0,1995.0,1995.0,1995.0,10700
2026-03-05 11:55:00,1995.0,2000.0,1995.0,2000.0,68900
2026-03-05 13:30:00,2000.0,2000.0,1990.0,1990.0,384000
2026-03-05 13:35:00,1990.0,1995.0,1990.0,1995.0,17900
2026-03-05 13:40:00,1990.0,1995.0,1990.0,1995.0,117200
2026-03-05 13:45:00,1990.0,1995.0,1990.0,1990.0,28400
2026-03-05 13:50:00,1990.0,1995.0,1990.0,1995.0,138800
2026-03-05 13:55:00,1995.0,1995.0,1990.0,1995.0,72500
2026-03-05 14:00:00,1995.0,1995.0,1990.0,1995.0,104100
2026-03-05 14:05:00,1995.0,1995.0,1990.0,1990.0,136500
2026-03-05 14:10:00,1990.0,1995.0,1990.0,1990.0,40600
2026-03-05 14:15:00,1990.0,1995.0,1990.0,1995.0,19800
2026-03-05 14:20:00,1990.0,1995.0,1970.0,1975.0,1991700
2026-03-05 14:25:00,1975.0,1990.0,1975.0,1990.0,367300
2026-03-05 14:30:00,1990.0,1990.0,1980.0,1980.0,39400
2026-03-05 14:35:00,1990.0,1990.0,1980.0,1985.0,19200
2026-03-05 14:40:00,1980.0,1990.0,1980.0,1990.0,79800
2026-03-05 14:45:00,1985.0,1990.0,1985.0,1985.0,38900
2026-03-05 14:50:00,1985.0,1995.0,1985.0,1990.0,138300
2026-03-05 14:55:00,1990.0,1995.0,1990.0,1995.0,29700
2026-03-05 15:00:00,1990.0,1990.0,1980.0,1985.0,637900
2026-03-05 15:05:00,1980.0,1985.0,1980.0,1985.0,187800
2026-03-05 15:10:00,1990.0,1990.0,1985.0,1985.0,33100
2026-03-05 15:15:00,1985.0,1990.0,1985.0,1985.0,183700
2026-03-05 15:20:00,1985.0,1990.0,1985.0,1990.0,346900
2026-03-05 15:25:00,1985.0,1990.0,1985.0,1990.0,36600
2026-03-05 15:30:00,1985.0,1990.0,1985.0,1985.0,112300
2026-03-05 15:35:00,1985.0,1990.0,1985.0,1985.0,149200
2026-03-05 15:40:00,1985.0,1990.0,1985.0,1985.0,59900
2026-03-05 15:45:00,1985.0,1990.0,1985.0,1985.0,301300
2026-03-05 16:00:00,1985.0,1985.0,1985.0,1985.0,112500
2026-03-05 16:05:00,1985.0,1985.0,1985.0,1985.0,0
2026-03-05 16:10:00,1985.0,1985.0,1985.0,1985.0,1800
2026-03-06 09:00:00,1995.0,2000.0,1975.0,2000.0,0
2026-03-06 09:05:00,1990.0,1995.0,1985.0,1990.0,10900
2026-03-06 09:10:00,1990.0,1995.0,1980.0,1985.0,227800
2026-03-06 09:15:00,1985.0,1990.0,1980.0,1985.0,37100
2026-03-06 09:20:00,1985.0,1990.0,1985.0,1985.0,5100
2026-03-06 09:25:00,1985.0,1990.0,1980.0,1980.0,59100
2026-03-06 09:30:00,1985.0,2010.0,1985.0,2000.0,412400
2026-03-06 09:35:00,2000.0,2020.0,2000.0,2010.0,383300
2026-03-06 09:40:00,2010.0,2020.0,2000.0,2010.0,132100
2026-03-06 09:45:00,2010.0,2010.0,2000.0,2000.0,561900
2026-03-06 09:50:00,2000.0,2020.0,2000.0,2020.0,249400
2026-03-06 09:55:00,2010.0,2020.0,2010.0,2020.0,165700
2026-03-06 10:00:00,2010.0,2030.0,2010.0,2010.0,554400
2026-03-06 10:05:00,2010.0,2020.0,2010.0,2010.0,173200
2026-03-06 10:10:00,2010.0,2020.0,2010.0,2010.0,37200
2026-03-06 10:15:00,2020.0,2020.0,2010.0,2010.0,105900
2026-03-06 10:20:00,2010.0,2020.0,2010.0,2020.0,11700
2026-03-06 10:25:00,2020.0,2020.0,2010.0,2020.0,79600
2026-03-06 10:30:00,2010.0,2020.0,2010.0,2010.0,54500
2026-03-06 10:35:00,2010.0,2020.0,2010.0,2020.0,20400
2026-03-06 10:40:00,2020.0,2020.0,2010.0,2010.0,21600
2026-03-06 10:45:00,2020.0,2030.0,2020.0,2030.0,294400
2026-03-06 10:50:00,2020.0,2030.0,2020.0,2020.0,73400
2026-03-06 10:55:00,2020.0,2030.0,2010.0,2020.0,138900
2026-03-06 11:00:00,2020.0,2020.0,2010.0,2020.0,7200
2026-03-06 11:05:00,2010.0,2020.0,2010.0,2020.0,16100
2026-03-06 11:10:00,2010.0,2020.0,2010.0,2020.0,9600
2026-03-06 11:15:00,2020.0,2020.0,2010.0,2020.0,10500
2026-03-06 11:20:00,2010.0,2030.0,2010.0,2020.0,319900
2026-03-06 11:25:00,2020.0,2030.0,2010.0,2010.0,320600
2026-03-06 14:00:00,2010.0,2020.0,2000.0,2000.0,398700
2026-03-06 14:05:00,2010.0,2010.0,2000.0,2010.0,0
2026-03-06 14:10:00,2010.0,2010.0,2000.0,2000.0,9800
2026-03-06 14:15:00,2000.0,2010.0,2000.0,2000.0,19400
2026-03-06 14:20:00,2010.0,2010.0,2000.0,2010.0,98600
2026-03-06 14:25:00,2010.0,2010.0,2010.0,2010.0,3300
2026-03-06 14:30:00,2010.0,2020.0,2010.0,2020.0,42200
2026-03-06 14:35:00,2010.0,2020.0,2010.0,2010.0,150600
2026-03-06 14:40:00,2010.0,2010.0,2010.0,2010.0,11600
2026-03-06 14:45:00,2010.0,2010.0,2010.0,2010.0,63700
2026-03-06 14:50:00,2010.0,2010.0,2000.0,2010.0,6700
2026-03-06 14:55:00,2010.0,2010.0,2000.0,2010.0,182600
2026-03-06 15:00:00,2010.0,2010.0,2010.0,2010.0,13800
2026-03-06 15:05:00,2010.0,2020.0,2010.0,2020.0,16500
2026-03-06 15:10:00,2010.0,2020.0,2010.0,2020.0,22700
2026-03-06 15:15:00,2010.0,2020.0,2000.0,2000.0,122400
2026-03-06 15:20:00,2010.0,2020.0,2010.0,2010.0,135500
2026-03-06 15:25:00,2010.0,2010.0,2010.0,2010.0,0
2026-03-06 15:30:00,2000.0,2020.0,2000.0,2010.0,108000
2026-03-06 15:35:00,2020.0,2020.0,2010.0,2010.0,69600
2026-03-06 15:40:00,2020.0,2020.0,2000.0,2000.0,173600
2026-03-06 15:45:00,2010.0,2010.0,2000.0,2010.0,27600
2026-03-06 16:00:00,2010.0,2010.0,2010.0,2010.0,207200
2026-03-06 16:05:00,2010.0,2010.0,2010.0,2010.0,0
2026-03-09 09:00:00,1955.0,1960.0,1930.0,1940.0,0
2026-03-09 09:05:00,1945.0,1945.0,1900.0,1920.0,1578600
2026-03-09 09:10:00,1910.0,1925.0,1910.0,1915.0,365000
2026-03-09 09:15:00,1915.0,1950.0,1910.0,1930.0,369900
2026-03-09 09:20:00,1930.0,1950.0,1930.0,1930.0,199700
2026-03-09 09:25:00,1930.0,1940.0,1925.0,1925.0,600000
2026-03-09 09:30:00,1925.0,1925.0,1915.0,1920.0,448900
2026-03-09 09:35:00,1915.0,1930.0,1915.0,1925.0,143300
2026-03-09 09:40:00,1925.0,1930.0,1920.0,1925.0,112400
2026-03-09 09:45:00,1920.0,1925.0,1915.0,1920.0,103900
2026-03-09 09:50:00,1920.0,1920.0,1910.0,1920.0,177600
2026-03-09 09:55:00,1920.0,1920.0,1910.0,1915.0,395000
2026-03-09 10:00:00,1915.0,1915.0,1900.0,1900.0,1068700
2026-03-09 10:05:00,1900.0,1905.0,1890.0,1895.0,580600
2026-03-09 10:10:00,1895.0,1900.0,1875.0,1880.0,647900
2026-03-09 10:15:00,1875.0,1875.0,1870.0,1870.0,143100
2026-03-09 10:20:00,1870.0,1880.0,1870.0,1875.0,96000
2026-03-09 10:25:00,1875.0,1880.0,1870.0,1880.0,49900
2026-03-09 10:30:00,1880.0,1890.0,1875.0,1875.0,81900
2026-03-09 10:35:00,1885.0,1885.0,1875.0,1880.0,28600
2026-03-09 10:40:00,1880.0,1885.0,1880.0,1885.0,43100
2026-03-09 10:45:00,1885.0,1890.0,1885.0,1885.0,74300
2026-03-09 10:50:00,1890.0,1890.0,1875.0,1880.0,220000
2026-03-09 10:55:00,1880.0,1880.0,1870.0,1875.0,324000
2026-03-09 11:00:00,1875.0,1875.0,1870.0,1875.0,264500
2026-03-09 11:05:00,1875.0,1895.0,1875.0,1890.0,398000
2026-03-09 11:10:00,1890.0,1890.0,1880.0,1885.0,324700
2026-03-09 11:15:00,1885.0,1885.0,1870.0,1880.0,194800
2026-03-09 11:20:00,1880.0,1885.0,1875.0,1880.0,49500
2026-03-09 11:25:00,1875.0,1880.0,1870.0,1875.0,249500
2026-03-09 11:30:00,1875.0,1880.0,1875.0,1880.0,299400
2026-03-09 11:35:00,1880.0,1880.0,1870.0,1875.0,53100
2026-03-09 11:40:00,1875.0,1875.0,1870.0,1875.0,17000
2026-03-09 11:45:00,1875.0,1875.0,1870.0,1875.0,22900
2026-03-09 11:50:00,1875.0,1875.0,1875.0,1875.0,7400
2026-03-09 11:55:00,1875.0,1875.0,1875.0,1875.0,16000
2026-03-09 13:30:00,1870.0,1890.0,1870.0,1880.0,652400
2026-03-09 13:35:00,1885.0,1885.0,1880.0,1880.0,23100
2026-03-09 13:40:00,1885.0,1890.0,1885.0,1885.0,79600
2026-03-09 13:45:00,1885.0,1890.0,1880.0,1885.0,306500
2026-03-09 13:50:00,1880.0,1885.0,1875.0,1880.0,238300
2026-03-09 13:55:00,1880.0,1880.0,1875.0,1880.0,49100
2026-03-09 14:00:00,1880.0,1885.0,1875.0,1885.0,739600
2026-03-09 14:05:00,1880.0,1890.0,1880.0,1890.0,101600
2026-03-09 14:10:00,1885.0,1890.0,1885.0,1890.0,52400
2026-03-09 14:15:00,1890.0,1890.0,1885.0,1885.0,59100
2026-03-09 14:20:00,1890.0,1890.0,1880.0,1890.0,363200
2026-03-09 14:25:00,1885.0,1890.0,1885.0,1890.0,51100
2026-03-09 14:30:00,1890.0,1890.0,1885.0,1890.0,44400
2026-03-09 14:35:00,1890.0,1890.0,1885.0,1885.0,61300
2026-03-09 14:40:00,1885.0,1890.0,1885.0,1885.0,105500
2026-03-09 14:45:00,1885.0,1895.0,1885.0,1895.0,116200
2026-03-09 14:50:00,1890.0,1895.0,1885.0,1890.0,99200
2026-03-09 14:55:00,1895.0,1895.0,1885.0,1885.0,173400
2026-03-09 15:00:00,1890.0,1890.0,1880.0,1885.0,211500
2026-03-09 15:05:00,1885.0,1885.0,1880.0,1880.0,93900
2026-03-09 15:10:00,1880.0,1890.0,1880.0,1890.0,105200
2026-03-09 15:15:00,1890.0,1890.0,1885.0,1890.0,60300
2026-03-09 15:20:00,1890.0,1890.0,1885.0,1890.0,69900
2026-03-09 15:25:00,1885.0,1890.0,1885.0,1890.0,242400
2026-03-09 15:30:00,1885.0,1895.0,1885.0,1890.0,131800
2026-03-09 15:35:00,1890.0,1895.0,1890.0,1895.0,205400
2026-03-09 15:40:00,1895.0,1895.0,1885.0,1890.0,144400
2026-03-09 15:45:00,1890.0,1890.0,1885.0,1890.0,47500
2026-03-09 16:00:00,1875.0,1875.0,1875.0,1875.0,674200
2026-03-09 16:05:00,1875.0,1875.0,1875.0,1875.0,622200
2026-03-10 09:00:00,1940.0,1945.0,1910.0,1925.0,0
2026-03-10 09:05:00,1930.0,1930.0,1920.0,1925.0,21200
2026-03-10 09:10:00,1925.0,1945.0,1920.0,1940.0,172000
2026-03-10 09:15:00,1945.0,1965.0,1940.0,1960.0,494300
2026-03-10 09:20:00,1960.0,1965.0,1940.0,1940.0,376900
2026-03-10 09:25:00,1940.0,1950.0,1940.0,1945.0,29500
2026-03-10 09:30:00,1945.0,1945.0,1915.0,1915.0,318700
2026-03-10 09:35:00,1910.0,1935.0,1910.0,1915.0,82200
2026-03-10 09:40:00,1920.0,1935.0,1920.0,1930.0,53900
2026-03-10 09:45:00,1925.0,1930.0,1920.0,1925.0,46500
2026-03-10 09:50:00,1930.0,1930.0,1910.0,1915.0,158500
2026-03-10 09:55:00,1915.0,1920.0,1905.0,1910.0,118500
2026-03-10 10:00:00,1905.0,1920.0,1900.0,1915.0,316000
2026-03-10 10:05:00,1910.0,1925.0,1905.0,1915.0,204000
2026-03-10 10:10:00,1915.0,1915.0,1895.0,1895.0,599700
2026-03-10 10:15:00,1895.0,1905.0,1890.0,1905.0,340500
2026-03-10 10:20:00,1905.0,1910.0,1900.0,1905.0,113800
2026-03-10 10:25:00,1905.0,1910.0,1890.0,1890.0,340400
2026-03-10 10:30:00,1885.0,1895.0,1885.0,1890.0,46600
2026-03-10 10:35:00,1895.0,1905.0,1890.0,1890.0,199100
2026-03-10 10:40:00,1895.0,1900.0,1895.0,1900.0,50600
2026-03-10 10:45:00,1900.0,1905.0,1895.0,1900.0,321800
2026-03-10 10:50:00,1900.0,1900.0,1900.0,1900.0,29600
2026-03-10 10:55:00,1895.0,1905.0,1895.0,1905.0,142900
2026-03-10 11:00:00,1905.0,1910.0,1890.0,1895.0,210500
2026-03-10 11:05:00,1900.0,1905.0,1890.0,1895.0,109300
2026-03-10 11:10:00,1895.0,1900.0,1880.0,1890.0,420600
2026-03-10 11:15:00,1890.0,1895.0,1880.0,1890.0,101000
2026-03-10 11:20:00,1890.0,1895.0,1885.0,1885.0,72500
2026-03-10 11:25:00,1885.0,1895.0,1880.0,1885.0,236600
2026-03-10 11:30:00,1885.0,1890.0,1880.0,1880.0,189400
2026-03-10 11:35:00,1885.0,1890.0,1880.0,1880.0,90600
2026-03-10 11:40:00,1880.0,1890.0,1875.0,1880.0,468100
2026-03-10 11:45:00,1880.0,1890.0,1880.0,1880.0,93300
2026-03-10 11:50:00,1885.0,1885.0,1880.0,1880.0,40900
2026-03-10 11:55:00,1880.0,1900.0,1875.0,1895.0,124800
2026-03-10 13:30:00,1895.0,1905.0,1890.0,1895.0,152700
2026-03-10 13:35:00,1895.0,1900.0,1890.0,1900.0,179600
2026-03-10 13:40:00,1895.0,1905.0,1895.0,1900.0,67900
2026-03-10 13:45:00,1900.0,1910.0,1895.0,1910.0,267800
2026-03-10 13:50:00,1910.0,1910.0,1885.0,1890.0,593900
2026-03-10 13:55:00,1890.0,1900.0,1890.0,1900.0,49800
2026-03-10 14:00:00,1895.0,1905.0,1890.0,1895.0,243100
2026-03-10 14:05:00,1900.0,1910.0,1895.0,1905.0,169900
2026-03-10 14:10:00,1905.0,1915.0,1895.0,1900.0,592500
2026-03-10 14:15:00,1900.0,1910.0,1900.0,1900.0,87300
2026-03-10 14:20:00,1905.0,1910.0,1905.0,1910.0,152200
2026-03-10 14:25:00,1910.0,1910.0,1905.0,1910.0,13400
2026-03-10 14:30:00,1905.0,1915.0,1900.0,1915.0,232200
2026-03-10 14:35:00,1915.0,1915.0,1910.0,1910.0,53100
2026-03-10 14:40:00,1910.0,1920.0,1910.0,1915.0,175300
2026-03-10 14:45:00,1920.0,1920.0,1915.0,1920.0,183900
2026-03-10 14:50:00,1920.0,1920.0,1915.0,1920.0,5400
2026-03-10 14:55:00,1920.0,1925.0,1920.0,1925.0,90600
2026-03-10 15:00:00,1920.0,1925.0,1915.0,1920.0,291200
2026-03-10 15:05:00,1920.0,1920.0,1915.0,1920.0,23800
2026-03-10 15:10:00,1920.0,1925.0,1915.0,1925.0,37700
2026-03-10 15:15:00,1925.0,1935.0,1895.0,1900.0,1272900
2026-03-10 15:20:00,1900.0,1915.0,1900.0,1905.0,79700
2026-03-10 15:25:00,1910.0,1910.0,1905.0,1910.0,389500
2026-03-10 15:30:00,1910.0,1910.0,1895.0,1900.0,2504400
2026-03-10 15:35:00,1900.0,1905.0,1895.0,1905.0,1058700
2026-03-10 15:40:00,1900.0,1910.0,1900.0,1910.0,423300
2026-03-10 15:45:00,1910.0,1920.0,1910.0,1920.0,68900
2026-03-10 16:00:00,1920.0,1920.0,1920.0,1920.0,358900
2026-03-10 16:05:00,1920.0,1920.0,1920.0,1920.0,500
2026-03-10 16:10:00,1920.0,1920.0,1920.0,1920.0,37900
2026-03-11 09:00:00,1925.0,1925.0,1885.0,1900.0,0
2026-03-11 09:05:00,1910.0,1910.0,1900.0,1905.0,27500
2026-03-11 09:10:00,1905.0,1905.0,1895.0,1900.0,225600
2026-03-11 09:15:00,1900.0,1900.0,1895.0,1900.0,29900
2026-03-11 09:20:00,1900.0,1900.0,1895.0,1900.0,53900
2026-03-11 09:25:00,1900.0,1900.0,1895.0,1900.0,53200
2026-03-11 09:30:00,1900.0,1905.0,1895.0,1905.0,44200
2026-03-11 09:35:00,1905.0,1905.0,1895.0,1900.0,65700
2026-03-11 09:40:00,1900.0,1900.0,1890.0,1890.0,334000
2026-03-11 09:45:00,1895.0,1895.0,1885.0,1890.0,140900
2026-03-11 09:50:00,1890.0,1890.0,1885.0,1890.0,12400
2026-03-11 09:55:00,1890.0,1890.0,1880.0,1885.0,314900
2026-03-11 10:00:00,1880.0,1890.0,1875.0,1880.0,446600
2026-03-11 10:05:00,1890.0,1890.0,1885.0,1890.0,18300
2026-03-11 10:10:00,1890.0,1890.0,1885.0,1890.0,54200
2026-03-11 10:15:00,1890.0,1890.0,1890.0,1890.0,83300
2026-03-11 10:20:00,1890.0,1900.0,1890.0,1900.0,111900
2026-03-11 10:25:00,1900.0,1905.0,1895.0,1905.0,180700
2026-03-11 10:30:00,1905.0,1905.0,1905.0,1905.0,36000
2026-03-11 10:35:00,1905.0,1910.0,1895.0,1895.0,114500
2026-03-11 10:40:00,1900.0,1900.0,1900.0,1900.0,20900
2026-03-11 10:45:00,1900.0,1900.0,1895.0,1895.0,16200
2026-03-11 10:50:00,1900.0,1900.0,1900.0,1900.0,13400
2026-03-11 10:55:00,1900.0,1900.0,1890.0,1895.0,254700
2026-03-11 11:00:00,1895.0,1895.0,1895.0,1895.0,900
2026-03-11 11:05:00,1895.0,1895.0,1890.0,1890.0,39600
2026-03-11 11:10:00,1895.0,1895.0,1890.0,1890.0,9000
2026-03-11 11:15:00,1890.0,1895.0,1890.0,1895.0,7700
2026-03-11 11:20:00,1895.0,1895.0,1890.0,1895.0,8400
2026-03-11 11:25:00,1890.0,1895.0,1890.0,1895.0,9700
2026-03-11 11:30:00,1895.0,1895.0,1885.0,1885.0,120300
2026-03-11 11:35:00,1890.0,1890.0,1885.0,1885.0,9000
2026-03-11 11:40:00,1890.0,1890.0,1885.0,1890.0,56400
2026-03-11 11:45:00,1885.0,1890.0,1885.0,1885.0,21300
2026-03-11 11:50:00,1890.0,1895.0,1890.0,1890.0,91000
2026-03-11 11:55:00,1890.0,1895.0,1885.0,1885.0,48800
2026-03-11 13:30:00,1890.0,1895.0,1885.0,1885.0,125200
2026-03-11 13:35:00,1885.0,1890.0,1885.0,1885.0,110300
2026-03-11 13:40:00,1885.0,1890.0,1885.0,1890.0,21300
2026-03-11 13:45:00,1890.0,1890.0,1885.0,1890.0,16800
2026-03-11 13:50:00,1885.0,1890.0,1885.0,1890.0,13200
2026-03-11 13:55:00,1885.0,1890.0,1880.0,1880.0,610900
2026-03-11 14:00:00,1885.0,1885.0,1880.0,1880.0,87000
2026-03-11 14:05:00,1885.0,1885.0,1875.0,1880.0,244200
2026-03-11 14:10:00,1875.0,1880.0,1875.0,1880.0,204600
2026-03-11 14:15:00,1875.0,1880.0,1875.0,1875.0,52000
2026-03-11 14:20:00,1875.0,1880.0,1875.0,1880.0,20900
2026-03-11 14:25:00,1880.0,1880.0,1860.0,1860.0,1565100
2026-03-11 14:30:00,1865.0,1870.0,1860.0,1860.0,254800
2026-03-11 14:35:00,1860.0,1865.0,1860.0,1865.0,64300
2026-03-11 14:40:00,1860.0,1865.0,1860.0,1865.0,127100
2026-03-11 14:45:00,1865.0,1875.0,1860.0,1875.0,324500
2026-03-11 14:50:00,1880.0,1880.0,1870.0,1880.0,158500
2026-03-11 14:55:00,1880.0,1880.0,1875.0,1875.0,40900
2026-03-11 15:00:00,1875.0,1880.0,1875.0,1875.0,95600
2026-03-11 15:05:00,1875.0,1880.0,1870.0,1870.0,300500
2026-03-11 15:10:00,1870.0,1875.0,1870.0,1875.0,89000
2026-03-11 15:15:00,1875.0,1880.0,1870.0,1880.0,53000
2026-03-11 15:20:00,1880.0,1880.0,1870.0,1870.0,196600
2026-03-11 15:25:00,1870.0,1875.0,1865.0,1870.0,212900
2026-03-11 15:30:00,1870.0,1870.0,1865.0,1870.0,28500
2026-03-11 15:35:00,1870.0,1875.0,1865.0,1875.0,62700
2026-03-11 15:40:00,1875.0,1875.0,1865.0,1865.0,319700
2026-03-11 15:45:00,1870.0,1875.0,1865.0,1870.0,299900
2026-03-11 16:00:00,1870.0,1870.0,1870.0,1870.0,185400
2026-03-11 16:05:00,1870.0,1870.0,1870.0,1870.0,101900
2026-03-12 09:00:00,1860.0,1870.0,1840.0,1865.0,0
2026-03-12 09:05:00,1865.0,1870.0,1845.0,1850.0,369600
2026-03-12 09:10:00,1860.0,1860.0,1850.0,1860.0,65500
2026-03-12 09:15:00,1855.0,1855.0,1850.0,1850.0,21200
2026-03-12 09:20:00,1850.0,1860.0,1840.0,1855.0,865000
2026-03-12 09:25:00,1855.0,1855.0,1850.0,1850.0,52800
2026-03-12 09:30:00,1850.0,1855.0,1850.0,1850.0,62300
2026-03-12 09:35:00,1845.0,1850.0,1835.0,1845.0,364100
2026-03-12 09:40:00,1840.0,1845.0,1840.0,1845.0,41700
2026-03-12 09:45:00,1840.0,1845.0,1840.0,1845.0,15500
2026-03-12 09:50:00,1840.0,1845.0,1840.0,1840.0,45100
2026-03-12 09:55:00,1845.0,1855.0,1845.0,1850.0,220600
2026-03-12 10:00:00,1850.0,1855.0,1845.0,1850.0,102700
2026-03-12 10:05:00,1850.0,1850.0,1845.0,1850.0,136800
2026-03-12 10:10:00,1850.0,1855.0,1845.0,1850.0,74900
2026-03-12 10:15:00,1850.0,1855.0,1845.0,1850.0,68000
2026-03-12 10:20:00,1850.0,1850.0,1845.0,1850.0,35200
2026-03-12 10:25:00,1845.0,1850.0,1845.0,1850.0,8400
2026-03-12 10:30:00,1845.0,1865.0,1845.0,1865.0,209400
2026-03-12 10:35:00,1865.0,1865.0,1855.0,1855.0,12400
2026-03-12 10:40:00,1855.0,1860.0,1855.0,1855.0,2300
2026-03-12 10:45:00,1860.0,1890.0,1855.0,1890.0,409700
2026-03-12 10:50:00,1890.0,1900.0,1885.0,1885.0,328700
2026-03-12 10:55:00,1885.0,1890.0,1880.0,1890.0,123100
2026-03-12 11:00:00,1885.0,1885.0,1880.0,1885.0,220500
2026-03-12 11:05:00,1885.0,1890.0,1885.0,1885.0,134600
2026-03-12 11:10:00,1885.0,1885.0,1880.0,1880.0,471200
2026-03-12 11:15:00,1880.0,1895.0,1880.0,1895.0,483200
2026-03-12 11:20:00,1890.0,1890.0,1885.0,1885.0,68700
2026-03-12 11:25:00,1885.0,1885.0,1885.0,1885.0,130500
2026-03-12 11:30:00,1885.0,1890.0,1880.0,1885.0,414900
2026-03-12 11:35:00,1885.0,1885.0,1885.0,1885.0,60800
2026-03-12 11:40:00,1885.0,1885.0,1880.0,1885.0,419600
2026-03-12 11:45:00,1885.0,1885.0,1880.0,1885.0,1900
2026-03-12 11:50:00,1885.0,1885.0,1880.0,1880.0,60400
2026-03-12 11:55:00,1885.0,1885.0,1880.0,1880.0,270900
2026-03-12 13:30:00,1885.0,1885.0,1875.0,1880.0,76100
2026-03-12 13:35:00,1880.0,1880.0,1870.0,1870.0,125400
2026-03-12 13:40:00,1875.0,1875.0,1870.0,1875.0,37000
2026-03-12 13:45:00,1870.0,1875.0,1870.0,1870.0,194700
2026-03-12 13:50:00,1875.0,1875.0,1870.0,1870.0,37400
2026-03-12 13:55:00,1870.0,1870.0,1860.0,1865.0,328400
2026-03-12 14:00:00,1865.0,1870.0,1860.0,1870.0,306500
2026-03-12 14:05:00,1870.0,1875.0,1870.0,1870.0,107100
2026-03-12 14:10:00,1875.0,1875.0,1865.0,1865.0,62800
2026-03-12 14:15:00,1865.0,1870.0,1865.0,1870.0,316300
2026-03-12 14:20:00,1870.0,1870.0,1865.0,1865.0,9600
2026-03-12 14:25:00,1865.0,1870.0,1865.0,1865.0,452700
2026-03-12 14:30:00,1865.0,1865.0,1865.0,1865.0,1000
2026-03-12 14:35:00,1870.0,1870.0,1865.0,1865.0,4600
2026-03-12 14:40:00,1865.0,1870.0,1855.0,1855.0,376400
2026-03-12 14:45:00,1855.0,1865.0,1855.0,1865.0,444000
2026-03-12 14:50:00,1865.0,1865.0,1855.0,1860.0,487600
2026-03-12 14:55:00,1855.0,1865.0,1855.0,1855.0,225600
2026-03-12 15:00:00,1855.0,1860.0,1855.0,1860.0,183400
2026-03-12 15:05:00,1860.0,1860.0,1855.0,1855.0,386500
2026-03-12 15:10:00,1855.0,1860.0,1855.0,1855.0,102100
2026-03-12 15:15:00,1855.0,1860.0,1850.0,1850.0,197600
2026-03-12 15:20:00,1855.0,1855.0,1845.0,1855.0,623300
2026-03-12 15:25:00,1850.0,1855.0,1840.0,1840.0,620600
2026-03-12 15:30:00,1840.0,1840.0,1830.0,1835.0,1125400
2026-03-12 15:35:00,1835.0,1850.0,1835.0,1840.0,1002400
2026-03-12 15:40:00,1835.0,1845.0,1835.0,1845.0,787100
2026-03-12 15:45:00,1840.0,1855.0,1835.0,1845.0,1144700
2026-03-12 16:00:00,1855.0,1855.0,1855.0,1855.0,282800
2026-03-12 16:05:00,1855.0,1855.0,1855.0,1855.0,76000
2026-03-12 16:10:00,1855.0,1855.0,1855.0,1855.0,15900
2026-03-13 09:00:00,1845.0,1855.0,1840.0,1845.0,0
2026-03-13 09:05:00,1845.0,1850.0,1840.0,1845.0,67900
2026-03-13 09:10:00,1845.0,1855.0,1845.0,1850.0,134600
2026-03-13 09:15:00,1850.0,1850.0,1845.0,1845.0,87100
2026-03-13 09:20:00,1845.0,1850.0,1835.0,1835.0,193800
2026-03-13 09:25:00,1850.0,1850.0,1840.0,1840.0,28800
2026-03-13 09:30:00,1835.0,1840.0,1835.0,1840.0,41900
2026-03-13 09:35:00,1840.0,1850.0,1840.0,1850.0,16000
2026-03-13 09:40:00,1850.0,1850.0,1840.0,1840.0,21300
2026-03-13 09:45:00,1845.0,1850.0,1845.0,1845.0,1700
2026-03-13 09:50:00,1845.0,1845.0,1845.0,1845.0,1700
2026-03-13 10:00:00,1845.0,1845.0,1835.0,1835.0,70000
2026-03-13 10:05:00,1835.0,1840.0,1835.0,1840.0,4600
2026-03-13 10:10:00,1835.0,1840.0,1835.0,1835.0,115400
2026-03-13 10:15:00,1835.0,1835.0,1835.0,1835.0,9100
2026-03-13 10:20:00,1835.0,1835.0,1825.0,1830.0,201000
2026-03-13 10:25:00,1830.0,1830.0,1820.0,1825.0,162500
2026-03-13 10:30:00,1825.0,1825.0,1820.0,1825.0,27600
2026-03-13 10:35:00,1820.0,1825.0,1820.0,1825.0,25700
2026-03-13 10:40:00,1825.0,1825.0,1820.0,1820.0,81600
2026-03-13 10:45:00,1820.0,1825.0,1820.0,1820.0,221200
2026-03-13 10:50:00,1820.0,1825.0,1815.0,1820.0,171300
2026-03-13 10:55:00,1820.0,1820.0,1815.0,1815.0,30400
2026-03-13 11:00:00,1815.0,1820.0,1815.0,1815.0,94800
2026-03-13 11:05:00,1815.0,1825.0,1810.0,1825.0,363700
2026-03-13 11:10:00,1825.0,1825.0,1815.0,1815.0,141700
2026-03-13 11:15:00,1815.0,1815.0,1810.0,1810.0,94400
2026-03-13 11:20:00,1815.0,1815.0,1810.0,1815.0,11800
2026-03-13 11:25:00,1815.0,1815.0,1810.0,1815.0,81800
2026-03-13 14:00:00,1815.0,1820.0,1810.0,1815.0,411200
2026-03-13 14:05:00,1815.0,1815.0,1805.0,1810.0,435100
2026-03-13 14:10:00,1805.0,1810.0,1805.0,1810.0,17100
2026-03-13 14:15:00,1805.0,1810.0,1805.0,1805.0,67600
2026-03-13 14:20:00,1810.0,1810.0,1805.0,1805.0,47100
2026-03-13 14:25:00,1805.0,1810.0,1805.0,1810.0,55700
2026-03-13 14:30:00,1805.0,1810.0,1805.0,1805.0,155700
2026-03-13 14:35:00,1805.0,1810.0,1800.0,1805.0,414100
2026-03-13 14:40:00,1805.0,1805.0,1800.0,1805.0,178900
2026-03-13 14:45:00,1805.0,1805.0,1800.0,1800.0,431200
2026-03-13 14:50:00,1800.0,1805.0,1800.0,1800.0,16800
2026-03-13 14:55:00,1805.0,1805.0,1785.0,1785.0,905700
2026-03-13 15:00:00,1790.0,1800.0,1790.0,1790.0,454400
2026-03-13 15:05:00,1795.0,1800.0,1785.0,1795.0,982000
2026-03-13 15:10:00,1795.0,1795.0,1790.0,1795.0,98000
2026-03-13 15:15:00,1795.0,1805.0,1790.0,1790.0,382800
2026-03-13 15:20:00,1790.0,1795.0,1785.0,1785.0,210900
2026-03-13 15:25:00,1785.0,1790.0,1785.0,1785.0,84100
2026-03-13 15:30:00,1785.0,1800.0,1785.0,1795.0,275800
2026-03-13 15:35:00,1790.0,1795.0,1785.0,1785.0,71600
2026-03-13 15:40:00,1790.0,1795.0,1785.0,1790.0,212200
2026-03-13 15:45:00,1790.0,1795.0,1790.0,1795.0,232400
2026-03-13 16:00:00,1790.0,1790.0,1790.0,1790.0,249200
2026-03-13 16:05:00,1790.0,1790.0,1790.0,1790.0,46600
2026-03-13 16:10:00,1790.0,1790.0,1790.0,1790.0,1700
2026-03-16 09:00:00,1785.0,1790.0,1750.0,1765.0,0
2026-03-16 09:05:00,1755.0,1765.0,1750.0,1750.0,230700
2026-03-16 09:10:00,1750.0,1760.0,1740.0,1750.0,195400
2026-03-16 09:15:00,1760.0,1775.0,1750.0,1775.0,83700
2026-03-16 09:20:00,1770.0,1775.0,1770.0,1770.0,50200
2026-03-16 09:25:00,1770.0,1770.0,1750.0,1755.0,117400
2026-03-16 09:30:00,1755.0,1755.0,1750.0,1750.0,3900
2026-03-16 09:35:00,1755.0,1755.0,1745.0,1745.0,153800
2026-03-16 09:40:00,1750.0,1755.0,1750.0,1755.0,116000
2026-03-16 09:45:00,1755.0,1770.0,1755.0,1770.0,332500
2026-03-16 09:50:00,1770.0,1775.0,1770.0,1775.0,38200
2026-03-16 09:55:00,1775.0,1780.0,1760.0,1760.0,84700
2026-03-16 10:00:00,1765.0,1770.0,1760.0,1770.0,64400
2026-03-16 10:05:00,1765.0,1765.0,1760.0,1760.0,60900
2026-03-16 10:10:00,1770.0,1790.0,1765.0,1790.0,229900
2026-03-16 10:15:00,1790.0,1790.0,1780.0,1780.0,64600
2026-03-16 10:20:00,1780.0,1795.0,1780.0,1785.0,76100
2026-03-16 10:25:00,1785.0,1795.0,1780.0,1795.0,129400
2026-03-16 10:30:00,1800.0,1805.0,1795.0,1800.0,54800
2026-03-16 10:35:00,1805.0,1805.0,1795.0,1800.0,118800
2026-03-16 10:40:00,1800.0,1805.0,1795.0,1795.0,55300
2026-03-16 10:45:00,1795.0,1830.0,1795.0,1830.0,248000
2026-03-16 10:50:00,1825.0,1830.0,1815.0,1830.0,438700
2026-03-16 10:55:00,1830.0,1830.0,1820.0,1830.0,82800
2026-03-16 11:00:00,1830.0,1840.0,1825.0,1835.0,158800
2026-03-16 11:05:00,1835.0,1840.0,1830.0,1835.0,658500
2026-03-16 11:10:00,1830.0,1835.0,1830.0,1830.0,534700
2026-03-16 11:15:00,1835.0,1835.0,1830.0,1835.0,181300
2026-03-16 11:20:00,1830.0,1840.0,1830.0,1835.0,319400
2026-03-16 11:25:00,1835.0,1855.0,1835.0,1845.0,92000
2026-03-16 11:30:00,1845.0,1845.0,1840.0,1845.0,252200
2026-03-16 11:35:00,1845.0,1855.0,1845.0,1845.0,299300
2026-03-16 11:40:00,1850.0,1860.0,1845.0,1845.0,364600
2026-03-16 11:45:00,1845.0,1845.0,1840.0,1845.0,48300
2026-03-16 11:50:00,1845.0,1845.0,1835.0,1835.0,128100
2026-03-16 11:55:00,1835.0,1840.0,1835.0,1840.0,2400
2026-03-16 13:30:00,1840.0,1840.0,1835.0,1835.0,269500
2026-03-16 13:35:00,1845.0,1860.0,1845.0,1860.0,220400
2026-03-16 13:40:00,1860.0,1865.0,1855.0,1860.0,132200
2026-03-16 13:45:00,1860.0,1860.0,1855.0,1860.0,46500
2026-03-16 13:50:00,1855.0,1860.0,1855.0,1855.0,148500
2026-03-16 13:55:00,1855.0,1860.0,1855.0,1855.0,29400
2026-03-16 14:00:00,1855.0,1870.0,1850.0,1870.0,872800
2026-03-16 14:05:00,1870.0,1870.0,1850.0,1860.0,116000
2026-03-16 14:10:00,1865.0,1865.0,1855.0,1860.0,6300
2026-03-16 14:15:00,1855.0,1860.0,1855.0,1860.0,115200
2026-03-16 14:20:00,1860.0,1865.0,1855.0,1860.0,217300
2026-03-16 14:25:00,1865.0,1865.0,1860.0,1860.0,0
2026-03-16 14:30:00,1860.0,1865.0,1860.0,1865.0,3300
2026-03-16 14:35:00,1865.0,1880.0,1865.0,1875.0,239900
2026-03-16 14:40:00,1875.0,1895.0,1865.0,1885.0,1095500
2026-03-16 14:45:00,1880.0,1890.0,1870.0,1875.0,20000
2026-03-16 14:50:00,1875.0,1875.0,1865.0,1870.0,151300
2026-03-16 14:55:00,1865.0,1875.0,1865.0,1870.0,6200
2026-03-16 15:00:00,1870.0,1875.0,1855.0,1855.0,116800
2026-03-16 15:05:00,1865.0,1885.0,1860.0,1880.0,433500
2026-03-16 15:10:00,1885.0,1885.0,1870.0,1870.0,153500
2026-03-16 15:15:00,1870.0,1870.0,1865.0,1870.0,31400
2026-03-16 15:20:00,1870.0,1870.0,1865.0,1870.0,183200
2026-03-16 15:25:00,1865.0,1870.0,1865.0,1870.0,18900
2026-03-16 15:30:00,1865.0,1870.0,1865.0,1865.0,26500
2026-03-16 15:35:00,1865.0,1870.0,1865.0,1870.0,56300
2026-03-16 15:40:00,1870.0,1870.0,1865.0,1870.0,215200
2026-03-16 15:45:00,1865.0,1870.0,1855.0,1855.0,680100
2026-03-16 16:00:00,1865.0,1865.0,1865.0,1865.0,206400
2026-03-16 16:05:00,1865.0,1865.0,1865.0,1865.0,1800
2026-03-17 09:00:00,1890.0,1890.0,1865.0,1885.0,0
2026-03-17 09:05:00,1875.0,1875.0,1875.0,1875.0,11100
2026-03-17 09:10:00,1870.0,1875.0,1865.0,1870.0,234900
2026-03-17 09:15:00,1870.0,1875.0,1860.0,1865.0,274500
2026-03-17 09:20:00,1860.0,1865.0,1860.0,1865.0,81600
2026-03-17 09:25:00,1865.0,1865.0,1855.0,1855.0,213900
2026-03-17 09:30:00,1850.0,1850.0,1835.0,1835.0,110400
2026-03-17 09:35:00,1840.0,1845.0,1835.0,1845.0,121200
2026-03-17 09:40:00,1845.0,1845.0,1835.0,1840.0,108100
2026-03-17 09:45:00,1845.0,1845.0,1840.0,1840.0,37200
2026-03-17 09:50:00,1840.0,1845.0,1840.0,1845.0,185400
2026-03-17 09:55:00,1850.0,1850.0,1845.0,1850.0,68600
2026-03-17 10:00:00,1850.0,1850.0,1850.0,1850.0,266000
2026-03-17 10:05:00,1845.0,1850.0,1845.0,1850.0,0
2026-03-17 10:10:00,1850.0,1850.0,1845.0,1850.0,260700
2026-03-17 10:15:00,1850.0,1855.0,1850.0,1855.0,212600
2026-03-17 10:20:00,1855.0,1855.0,1850.0,1855.0,27300
2026-03-17 10:25:00,1855.0,1860.0,1850.0,1860.0,250200
2026-03-17 10:30:00,1860.0,1860.0,1855.0,1860.0,14500
2026-03-17 10:35:00,1860.0,1860.0,1855.0,1860.0,16900
2026-03-17 10:40:00,1860.0,1860.0,1855.0,1855.0,19900
2026-03-17 10:45:00,1860.0,1860.0,1855.0,1860.0,313300
2026-03-17 10:50:00,1860.0,1860.0,1855.0,1860.0,30400
2026-03-17 10:55:00,1860.0,1860.0,1855.0,1855.0,133600
2026-03-17 11:00:00,1855.0,1860.0,1855.0,1860.0,22900
2026-03-17 11:05:00,1860.0,1860.0,1855.0,1860.0,147100
2026-03-17 11:10:00,1860.0,1860.0,1860.0,1860.0,25400
2026-03-17 11:15:00,1860.0,1860.0,1855.0,1860.0,21400
2026-03-17 11:20:00,1860.0,1860.0,1860.0,1860.0,15200
2026-03-17 11:25:00,1855.0,1860.0,1855.0,1855.0,15100
2026-03-17 11:30:00,1860.0,1860.0,1855.0,1855.0,30400
2026-03-17 11:35:00,1860.0,1860.0,1855.0,1855.0,100100
2026-03-17 11:40:00,1855.0,1860.0,1855.0,1860.0,63000
2026-03-17 11:45:00,1860.0,1860.0,1850.0,1855.0,593600
2026-03-17 11:50:00,1855.0,1855.0,1845.0,1845.0,323300
2026-03-17 11:55:00,1845.0,1850.0,1845.0,1845.0,3600
2026-03-17 13:30:00,1850.0,1850.0,1845.0,1850.0,123100
2026-03-17 13:35:00,1850.0,1850.0,1845.0,1845.0,86800
2026-03-17 13:40:00,1850.0,1850.0,1845.0,1850.0,80200
2026-03-17 13:45:00,1850.0,1850.0,1845.0,1845.0,282800
2026-03-17 13:50:00,1845.0,1845.0,1835.0,1835.0,600800
2026-03-17 13:55:00,1830.0,1840.0,1830.0,1835.0,121600
2026-03-17 14:00:00,1835.0,1835.0,1830.0,1830.0,984600
2026-03-17 14:05:00,1830.0,1835.0,1825.0,1830.0,232100
2026-03-17 14:10:00,1830.0,1830.0,1830.0,1830.0,20600
2026-03-17 14:15:00,1830.0,1830.0,1825.0,1830.0,50700
2026-03-17 14:20:00,1830.0,1830.0,1820.0,1820.0,556100
2026-03-17 14:25:00,1825.0,1825.0,1820.0,1825.0,59300
2026-03-17 14:30:00,1825.0,1825.0,1815.0,1820.0,393500
2026-03-17 14:35:00,1820.0,1820.0,1815.0,1820.0,235700
2026-03-17 14:40:00,1820.0,1820.0,1815.0,1820.0,338200
2026-03-17 14:45:00,1820.0,1825.0,1815.0,1820.0,289400
2026-03-17 14:50:00,1820.0,1825.0,1800.0,1820.0,3346300
2026-03-17 14:55:00,1825.0,1830.0,1825.0,1830.0,84300
2026-03-17 15:00:00,1830.0,1840.0,1825.0,1840.0,642000
2026-03-17 15:05:00,1840.0,1840.0,1835.0,1840.0,36700
2026-03-17 15:10:00,1840.0,1840.0,1830.0,1835.0,225100
2026-03-17 15:15:00,1835.0,1835.0,1825.0,1830.0,374800
2026-03-17 15:20:00,1830.0,1835.0,1830.0,1830.0,193500
2026-03-17 15:25:00,1835.0,1835.0,1825.0,1830.0,539300
2026-03-17 15:30:00,1830.0,1840.0,1830.0,1835.0,104800
2026-03-17 15:35:00,1835.0,1835.0,1830.0,1835.0,63700
2026-03-17 15:40:00,1830.0,1835.0,1830.0,1835.0,409500
2026-03-17 15:45:00,1835.0,1835.0,1830.0,1835.0,160200
2026-03-17 16:00:00,1840.0,1840.0,1840.0,1840.0,653800
2026-03-17 16:05:00,1840.0,1840.0,1840.0,1840.0,8000
2026-03-17 16:10:00,1840.0,1840.0,1840.0,1840.0,2900
2026-03-25 09:00:00,1835.0,1840.0,1825.0,1835.0,0
2026-03-25 09:05:00,1835.0,1840.0,1830.0,1840.0,178300
2026-03-25 09:10:00,1835.0,1850.0,1835.0,1850.0,860500
2026-03-25 09:15:00,1850.0,1860.0,1845.0,1860.0,465000
2026-03-25 09:20:00,1860.0,1865.0,1855.0,1860.0,60100
2026-03-25 09:25:00,1860.0,1860.0,1845.0,1850.0,322400
2026-03-25 09:30:00,1845.0,1855.0,1845.0,1850.0,373500
2026-03-25 09:35:00,1855.0,1855.0,1845.0,1850.0,31600
2026-03-25 09:40:00,1845.0,1855.0,1845.0,1855.0,202300
2026-03-25 09:45:00,1850.0,1855.0,1850.0,1855.0,10700
2026-03-25 09:50:00,1850.0,1855.0,1845.0,1850.0,211900
2026-03-25 09:55:00,1845.0,1850.0,1845.0,1850.0,25000
2026-03-25 10:00:00,1850.0,1850.0,1845.0,1845.0,87000
2026-03-25 10:05:00,1845.0,1850.0,1845.0,1845.0,163000
2026-03-25 10:10:00,1845.0,1850.0,1845.0,1845.0,27700
2026-03-25 10:15:00,1850.0,1850.0,1845.0,1845.0,19200
2026-03-25 10:20:00,1845.0,1850.0,1845.0,1845.0,15100
2026-03-25 10:25:00,1845.0,1850.0,1845.0,1845.0,21300
2026-03-25 10:30:00,1850.0,1850.0,1840.0,1840.0,576900
2026-03-25 10:35:00,1840.0,1845.0,1840.0,1840.0,23100
2026-03-25 10:40:00,1840.0,1845.0,1840.0,1840.0,11700
2026-03-25 10:45:00,1840.0,1845.0,1840.0,1845.0,517800
2026-03-25 10:50:00,1845.0,1850.0,1845.0,1845.0,22100
2026-03-25 10:55:00,1845.0,1845.0,1845.0,1845.0,13800
2026-03-25 11:00:00,1845.0,1850.0,1845.0,1845.0,11900
2026-03-25 11:05:00,1845.0,1845.0,1845.0,1845.0,15000
2026-03-25 11:10:00,1845.0,1850.0,1845.0,1845.0,32000
2026-03-25 11:15:00,1845.0,1850.0,1845.0,1845.0,18900
2026-03-25 11:20:00,1845.0,1850.0,1845.0,1845.0,17100
2026-03-25 11:25:00,1845.0,1850.0,1845.0,1845.0,16800
2026-03-25 11:30:00,1845.0,1850.0,1845.0,1845.0,140000
2026-03-25 11:35:00,1845.0,1850.0,1845.0,1845.0,39300
2026-03-25 11:40:00,1845.0,1850.0,1845.0,1845.0,28700
2026-03-25 11:45:00,1845.0,1850.0,1845.0,1845.0,18100
2026-03-25 11:50:00,1845.0,1845.0,1845.0,1845.0,8900
2026-03-25 11:55:00,1845.0,1850.0,1845.0,1845.0,12000
2026-03-25 13:30:00,1850.0,1850.0,1845.0,1845.0,46100
2026-03-25 13:35:00,1845.0,1850.0,1840.0,1840.0,437300
2026-03-25 13:40:00,1840.0,1845.0,1840.0,1840.0,18200
2026-03-25 13:45:00,1840.0,1845.0,1840.0,1840.0,22400
2026-03-25 13:50:00,1840.0,1845.0,1840.0,1840.0,19200
2026-03-25 13:55:00,1840.0,1845.0,1835.0,1840.0,586000
2026-03-25 14:00:00,1840.0,1840.0,1840.0,1840.0,285900
2026-03-25 14:05:00,1840.0,1840.0,1835.0,1840.0,107000
2026-03-25 14:10:00,1840.0,1840.0,1835.0,1840.0,39400
2026-03-25 14:15:00,1835.0,1835.0,1830.0,1830.0,264500
2026-03-25 14:20:00,1835.0,1835.0,1830.0,1830.0,60600
2026-03-25 14:25:00,1835.0,1835.0,1830.0,1830.0,151500
2026-03-25 14:30:00,1830.0,1835.0,1830.0,1830.0,34100
2026-03-25 14:35:00,1830.0,1830.0,1830.0,1830.0,187500
2026-03-25 14:40:00,1830.0,1835.0,1830.0,1835.0,34600
2026-03-25 14:45:00,1830.0,1835.0,1830.0,1830.0,33200
2026-03-25 14:50:00,1830.0,1840.0,1830.0,1840.0,366800
2026-03-25 14:55:00,1835.0,1840.0,1830.0,1830.0,249100
2026-03-25 15:00:00,1830.0,1840.0,1830.0,1835.0,84100
2026-03-25 15:05:00,1840.0,1840.0,1830.0,1835.0,188300
2026-03-25 15:10:00,1835.0,1845.0,1835.0,1845.0,596400
2026-03-25 15:15:00,1840.0,1845.0,1840.0,1840.0,22300
2026-03-25 15:20:00,1840.0,1845.0,1840.0,1845.0,21900
2026-03-25 15:25:00,1840.0,1845.0,1840.0,1840.0,38900
2026-03-25 15:30:00,1845.0,1845.0,1840.0,1845.0,100600
2026-03-25 15:35:00,1840.0,1845.0,1840.0,1840.0,58600
2026-03-25 15:40:00,1840.0,1845.0,1840.0,1840.0,438100
2026-03-25 15:45:00,1840.0,1845.0,1840.0,1840.0,38200
2026-03-25 16:00:00,1845.0,1845.0,1845.0,1845.0,294000
2026-03-25 16:05:00,1845.0,1845.0,1845.0,1845.0,75800
2026-03-25 16:10:00,1845.0,1845.0,1845.0,1845.0,18900
2026-03-26 09:00:00,1850.0,1860.0,1845.0,1855.0,0
2026-03-26 09:05:00,1860.0,1865.0,1860.0,1865.0,121400
2026-03-26 09:10:00,1865.0,1870.0,1865.0,1865.0,78600
2026-03-26 09:15:00,1865.0,1880.0,1860.0,1880.0,704000
2026-03-26 09:20:00,1880.0,1885.0,1875.0,1885.0,263500
2026-03-26 09:25:00,1885.0,1900.0,1885.0,1895.0,435700
2026-03-26 09:30:00,1895.0,1905.0,1895.0,1900.0,352100
2026-03-26 09:35:00,1900.0,1905.0,1880.0,1880.0,292400
2026-03-26 09:40:00,1885.0,1885.0,1875.0,1880.0,248400
2026-03-26 09:45:00,1880.0,1885.0,1880.0,1880.0,3500
2026-03-26 09:50:00,1885.0,1885.0,1880.0,1880.0,305100
2026-03-26 09:55:00,1885.0,1885.0,1880.0,1880.0,48200
2026-03-26 10:00:00,1880.0,1885.0,1880.0,1880.0,64300
2026-03-26 10:05:00,1880.0,1885.0,1880.0,1880.0,9600
2026-03-26 10:10:00,1885.0,1885.0,1875.0,1880.0,736700
2026-03-26 10:15:00,1880.0,1885.0,1875.0,1875.0,500400
2026-03-26 10:20:00,1875.0,1880.0,1870.0,1875.0,229200
2026-03-26 10:25:00,1875.0,1880.0,1875.0,1880.0,38600
2026-03-26 10:30:00,1875.0,1880.0,1875.0,1875.0,43900
2026-03-26 10:35:00,1875.0,1880.0,1875.0,1880.0,70700
2026-03-26 10:40:00,1875.0,1875.0,1875.0,1875.0,20300
2026-03-26 10:45:00,1875.0,1880.0,1875.0,1880.0,799200
2026-03-26 10:50:00,1880.0,1885.0,1880.0,1880.0,377000
2026-03-26 10:55:00,1880.0,1880.0,1875.0,1875.0,1400
2026-03-26 11:00:00,1875.0,1880.0,1875.0,1875.0,415800
2026-03-26 11:05:00,1875.0,1880.0,1875.0,1875.0,11300
2026-03-26 11:10:00,1875.0,1880.0,1875.0,1875.0,32100
2026-03-26 11:15:00,1875.0,1880.0,1875.0,1875.0,24100
2026-03-26 11:20:00,1875.0,1880.0,1875.0,1875.0,8700
2026-03-26 11:25:00,1875.0,1880.0,1875.0,1880.0,9000
2026-03-26 11:30:00,1875.0,1880.0,1875.0,1875.0,16700
2026-03-26 11:35:00,1875.0,1875.0,1875.0,1875.0,0
2026-03-26 11:40:00,1875.0,1880.0,1875.0,1875.0,5200
2026-03-26 11:45:00,1875.0,1875.0,1875.0,1875.0,3000
2026-03-26 11:50:00,1875.0,1880.0,1875.0,1875.0,4200
2026-03-26 11:55:00,1880.0,1880.0,1875.0,1875.0,125700
2026-03-26 13:30:00,1880.0,1880.0,1875.0,1875.0,150500
2026-03-26 13:35:00,1875.0,1880.0,1875.0,1875.0,678400
2026-03-26 13:40:00,1875.0,1880.0,1875.0,1880.0,71100
2026-03-26 13:45:00,1875.0,1875.0,1875.0,1875.0,21600
2026-03-26 13:50:00,1875.0,1880.0,1875.0,1875.0,47500
2026-03-26 13:55:00,1875.0,1880.0,1875.0,1875.0,52800
2026-03-26 14:00:00,1875.0,1880.0,1875.0,1875.0,239600
2026-03-26 14:05:00,1875.0,1875.0,1875.0,1875.0,56400
2026-03-26 14:10:00,1875.0,1880.0,1875.0,1875.0,54500
2026-03-26 14:15:00,1875.0,1880.0,1875.0,1875.0,23800
2026-03-26 14:20:00,1875.0,1875.0,1875.0,1875.0,74500
2026-03-26 14:25:00,1875.0,1880.0,1875.0,1875.0,246200
2026-03-26 14:30:00,1875.0,1880.0,1875.0,1875.0,35900
2026-03-26 14:35:00,1875.0,1880.0,1875.0,1875.0,420300
2026-03-26 14:40:00,1875.0,1875.0,1875.0,1875.0,26100
2026-03-26 14:45:00,1875.0,1875.0,1870.0,1870.0,1445100
2026-03-26 14:50:00,1870.0,1875.0,1870.0,1870.0,20800
2026-03-26 14:55:00,1870.0,1875.0,1870.0,1875.0,571000
2026-03-26 15:00:00,1875.0,1875.0,1875.0,1875.0,144700
2026-03-26 15:05:00,1875.0,1875.0,1875.0,1875.0,108600
2026-03-26 15:10:00,1875.0,1880.0,1875.0,1875.0,143700
2026-03-26 15:15:00,1875.0,1880.0,1875.0,1875.0,291600
2026-03-26 15:20:00,1875.0,1875.0,1875.0,1875.0,279100
2026-03-26 15:25:00,1875.0,1880.0,1875.0,1875.0,151200
2026-03-26 15:30:00,1875.0,1875.0,1875.0,1875.0,196100
2026-03-26 15:35:00,1875.0,1880.0,1870.0,1870.0,1016900
2026-03-26 15:40:00,1870.0,1880.0,1870.0,1875.0,918100
2026-03-26 15:45:00,1875.0,1880.0,1875.0,1875.0,163200
2026-03-26 16:00:00,1875.0,1875.0,1875.0,1875.0,752700
2026-03-26 16:05:00,1875.0,1875.0,1875.0,1875.0,900
2026-03-26 16:10:00,1875.0,1875.0,1875.0,1875.0,0
2026-03-27 09:00:00,1890.0,1890.0,1875.0,1880.0,0
2026-03-27 09:05:00,1875.0,1880.0,1870.0,1880.0,163200
2026-03-27 09:10:00,1880.0,1880.0,1875.0,1875.0,18400
2026-03-27 09:15:00,1880.0,1880.0,1875.0,1880.0,28800
2026-03-27 09:20:00,1875.0,1880.0,1870.0,1880.0,92800
2026-03-27 09:25:00,1875.0,1880.0,1875.0,1880.0,500
2026-03-27 09:30:00,1880.0,1880.0,1875.0,1875.0,30100
2026-03-27 09:35:00,1880.0,1880.0,1875.0,1875.0,11100
2026-03-27 09:40:00,1875.0,1880.0,1875.0,1875.0,9800
2026-03-27 09:45:00,1880.0,1880.0,1875.0,1875.0,25600
2026-03-27 09:50:00,1875.0,1880.0,1870.0,1870.0,189900
2026-03-27 09:55:00,1870.0,1875.0,1870.0,1870.0,5400
2026-03-27 10:00:00,1875.0,1875.0,1870.0,1870.0,45100
2026-03-27 10:05:00,1870.0,1875.0,1870.0,1870.0,15500
2026-03-27 10:10:00,1870.0,1875.0,1855.0,1860.0,179600
2026-03-27 10:15:00,1860.0,1860.0,1855.0,1860.0,29900
2026-03-27 10:20:00,1855.0,1860.0,1855.0,1855.0,27000
2026-03-27 10:25:00,1855.0,1860.0,1855.0,1860.0,21400
2026-03-27 10:30:00,1855.0,1860.0,1855.0,1860.0,1100
2026-03-27 10:35:00,1855.0,1860.0,1855.0,1860.0,12200
2026-03-27 10:40:00,1860.0,1860.0,1855.0,1855.0,19600
2026-03-27 10:45:00,1860.0,1860.0,1860.0,1860.0,1900
2026-03-27 10:50:00,1860.0,1860.0,1855.0,1860.0,27200
2026-03-27 10:55:00,1860.0,1860.0,1850.0,1860.0,293200
2026-03-27 11:00:00,1860.0,1860.0,1860.0,1860.0,300
2026-03-27 11:05:00,1860.0,1860.0,1855.0,1855.0,12600
2026-03-27 11:10:00,1855.0,1860.0,1855.0,1860.0,18700
2026-03-27 11:15:00,1855.0,1855.0,1855.0,1855.0,20600
2026-03-27 11:20:00,1855.0,1860.0,1855.0,1860.0,35900
2026-03-27 11:25:00,1855.0,1860.0,1855.0,1855.0,56700
2026-03-27 14:00:00,1860.0,1860.0,1855.0,1860.0,73200
2026-03-27 14:05:00,1855.0,1865.0,1855.0,1865.0,142800
2026-03-27 14:10:00,1865.0,1865.0,1860.0,1865.0,17400
2026-03-27 14:15:00,1865.0,1865.0,1855.0,1855.0,73600
2026-03-27 14:20:00,1855.0,1860.0,1855.0,1855.0,106900
2026-03-27 14:25:00,1860.0,1860.0,1855.0,1860.0,16600
2026-03-27 14:30:00,1860.0,1860.0,1855.0,1860.0,98300
2026-03-27 14:35:00,1855.0,1860.0,1855.0,1860.0,51800
2026-03-27 14:40:00,1860.0,1860.0,1850.0,1855.0,221900
2026-03-27 14:45:00,1850.0,1855.0,1850.0,1850.0,68600
2026-03-27 14:50:00,1850.0,1855.0,1850.0,1850.0,146600
2026-03-27 14:55:00,1850.0,1850.0,1845.0,1845.0,98800
2026-03-27 15:00:00,1850.0,1850.0,1840.0,1845.0,235300
2026-03-27 15:05:00,1845.0,1860.0,1840.0,1845.0,612300
2026-03-27 15:10:00,1845.0,1860.0,1845.0,1860.0,279500
2026-03-27 15:15:00,1855.0,1860.0,1845.0,1855.0,652800
2026-03-27 15:20:00,1855.0,1860.0,1850.0,1860.0,229200
2026-03-27 15:25:00,1855.0,1860.0,1850.0,1850.0,237100
2026-03-27 15:30:00,1850.0,1860.0,1850.0,1860.0,355300
2026-03-27 15:35:00,1860.0,1860.0,1845.0,1855.0,490000
2026-03-27 15:40:00,1850.0,1855.0,1850.0,1855.0,149100
2026-03-27 15:45:00,1850.0,1855.0,1845.0,1850.0,170000
2026-03-27 16:00:00,1860.0,1860.0,1860.0,1860.0,286100
2026-03-27 16:10:00,1860.0,1860.0,1860.0,1860.0,100
2026-03-30 09:00:00,1845.0,1845.0,1835.0,1835.0,0
2026-03-30 09:05:00,1835.0,1840.0,1830.0,1830.0,41600
2026-03-30 09:10:00,1830.0,1835.0,1830.0,1835.0,20500
2026-03-30 09:15:00,1835.0,1840.0,1830.0,1830.0,8500
2026-03-30 09:20:00,1835.0,1835.0,1830.0,1830.0,21500
2026-03-30 09:25:00,1830.0,1835.0,1830.0,1830.0,63800
2026-03-30 09:30:00,1830.0,1835.0,1830.0,1835.0,10900
2026-03-30 09:35:00,1835.0,1840.0,1835.0,1835.0,12500
2026-03-30 09:40:00,1840.0,1840.0,1835.0,1835.0,28100
2026-03-30 09:45:00,1840.0,1855.0,1835.0,1850.0,41500
2026-03-30 09:50:00,1850.0,1855.0,1850.0,1850.0,15600
2026-03-30 09:55:00,1855.0,1860.0,1850.0,1860.0,173900
2026-03-30 10:00:00,1855.0,1855.0,1850.0,1850.0,47900
2026-03-30 10:05:00,1850.0,1850.0,1840.0,1845.0,212800
2026-03-30 10:10:00,1845.0,1845.0,1845.0,1845.0,2600
2026-03-30 10:15:00,1845.0,1850.0,1845.0,1845.0,84300
2026-03-30 10:20:00,1845.0,1850.0,1845.0,1845.0,29000
2026-03-30 10:25:00,1845.0,1850.0,1845.0,1845.0,27300
2026-03-30 10:30:00,1845.0,1850.0,1845.0,1845.0,14600
2026-03-30 10:35:00,1845.0,1850.0,1845.0,1845.0,17200
2026-03-30 10:40:00,1845.0,1850.0,1845.0,1845.0,22000
2026-03-30 10:45:00,1845.0,1845.0,1845.0,1845.0,11300
2026-03-30 10:50:00,1845.0,1845.0,1845.0,1845.0,19100
2026-03-30 10:55:00,1845.0,1845.0,1835.0,1835.0,299800
2026-03-30 11:00:00,1835.0,1840.0,1835.0,1835.0,34100
2026-03-30 11:05:00,1835.0,1840.0,1835.0,1835.0,17100
2026-03-30 11:10:00,1835.0,1840.0,1835.0,1835.0,24300
2026-03-30 11:15:00,1835.0,1840.0,1835.0,1835.0,18800
2026-03-30 11:20:00,1835.0,1840.0,1835.0,1835.0,209500
2026-03-30 11:25:00,1840.0,1840.0,1835.0,1835.0,20200
2026-03-30 11:30:00,1835.0,1840.0,1830.0,1830.0,115200
2026-03-30 11:35:00,1830.0,1835.0,1830.0,1830.0,35600
2026-03-30 11:40:00,1830.0,1845.0,1830.0,1840.0,248000
2026-03-30 11:45:00,1845.0,1845.0,1840.0,1840.0,15200
2026-03-30 11:50:00,1840.0,1845.0,1840.0,1840.0,67900
2026-03-30 11:55:00,1840.0,1845.0,1835.0,1840.0,124900
2026-03-30 13:30:00,1835.0,1840.0,1835.0,1835.0,18100
2026-03-30 13:35:00,1840.0,1845.0,1835.0,1835.0,153300
2026-03-30 13:40:00,1835.0,1845.0,1835.0,1840.0,54400
2026-03-30 13:45:00,1840.0,1845.0,1840.0,1845.0,11200
2026-03-30 13:50:00,1845.0,1850.0,1840.0,1850.0,111800
2026-03-30 13:55:00,1855.0,1855.0,1850.0,1850.0,0
2026-03-30 14:00:00,1850.0,1855.0,1850.0,1850.0,14800
2026-03-30 14:05:00,1855.0,1855.0,1850.0,1855.0,19300
2026-03-30 14:10:00,1855.0,1855.0,1850.0,1850.0,19700
2026-03-30 14:15:00,1855.0,1855.0,1835.0,1835.0,599300
2026-03-30 14:20:00,1835.0,1840.0,1835.0,1835.0,257600
2026-03-30 14:25:00,1835.0,1840.0,1835.0,1835.0,165900
2026-03-30 14:30:00,1835.0,1840.0,1835.0,1835.0,170900
2026-03-30 14:35:00,1835.0,1840.0,1830.0,1835.0,569100
2026-03-30 14:40:00,1830.0,1835.0,1830.0,1830.0,145200
2026-03-30 14:45:00,1830.0,1835.0,1830.0,1835.0,185200
2026-03-30 14:50:00,1830.0,1835.0,1830.0,1830.0,255000
2026-03-30 14:55:00,1835.0,1835.0,1830.0,1830.0,150100
2026-03-30 15:00:00,1835.0,1835.0,1830.0,1835.0,307600
2026-03-30 15:05:00,1835.0,1840.0,1835.0,1835.0,129600
2026-03-30 15:10:00,1840.0,1840.0,1835.0,1835.0,172800
2026-03-30 15:15:00,1835.0,1840.0,1835.0,1835.0,185400
2026-03-30 15:20:00,1835.0,1840.0,1835.0,1835.0,176400
2026-03-30 15:25:00,1835.0,1840.0,1835.0,1835.0,182100
2026-03-30 15:30:00,1835.0,1840.0,1835.0,1835.0,208600
2026-03-30 15:35:00,1835.0,1840.0,1835.0,1835.0,197700
2026-03-30 15:40:00,1835.0,1840.0,1835.0,1835.0,290700
2026-03-30 15:45:00,1835.0,1840.0,1830.0,1830.0,837500
2026-03-30 16:00:00,1830.0,1830.0,1830.0,1830.0,390700
2026-03-30 16:05:00,1830.0,1830.0,1830.0,1830.0,15700
2026-03-30 16:10:00,1830.0,1830.0,1830.0,1830.0,178200
2026-03-31 09:00:00,1845.0,1865.0,1840.0,1850.0,0
2026-03-31 09:05:00,1855.0,1860.0,1845.0,1860.0,136700
2026-03-31 09:10:00,1860.0,1860.0,1850.0,1860.0,332700
2026-03-31 09:15:00,1855.0,1860.0,1855.0,1855.0,243500
2026-03-31 09:20:00,1860.0,1860.0,1855.0,1860.0,110900
2026-03-31 09:25:00,1860.0,1860.0,1855.0,1860.0,197100
2026-03-31 09:30:00,1860.0,1860.0,1855.0,1860.0,57300
2026-03-31 09:35:00,1855.0,1860.0,1855.0,1855.0,37100
2026-03-31 09:40:00,1860.0,1860.0,1855.0,1860.0,76700
2026-03-31 09:45:00,1860.0,1860.0,1855.0,1855.0,19500
2026-03-31 09:50:00,1860.0,1860.0,1855.0,1855.0,66900
2026-03-31 09:55:00,1860.0,1860.0,1855.0,1860.0,45900
2026-03-31 10:00:00,1860.0,1860.0,1850.0,1850.0,387200
2026-03-31 10:05:00,1850.0,1855.0,1835.0,1845.0,260100
2026-03-31 10:10:00,1840.0,1840.0,1830.0,1835.0,144600
2026-03-31 10:15:00,1835.0,1845.0,1835.0,1845.0,152700
2026-03-31 10:20:00,1845.0,1845.0,1835.0,1845.0,107400
2026-03-31 10:25:00,1845.0,1845.0,1835.0,1835.0,53400
2026-03-31 10:30:00,1835.0,1840.0,1835.0,1835.0,34300
2026-03-31 10:35:00,1840.0,1840.0,1825.0,1830.0,451600
2026-03-31 10:40:00,1830.0,1830.0,1825.0,1825.0,64900
2026-03-31 10:45:00,1830.0,1830.0,1820.0,1825.0,522500
2026-03-31 10:50:00,1825.0,1830.0,1820.0,1830.0,98700
2026-03-31 10:55:00,1830.0,1830.0,1820.0,1825.0,149300
2026-03-31 11:00:00,1825.0,1830.0,1820.0,1830.0,160000
2026-03-31 11:05:00,1830.0,1830.0,1825.0,1830.0,127700
2026-03-31 11:10:00,1830.0,1830.0,1825.0,1830.0,64400
2026-03-31 11:15:00,1830.0,1830.0,1825.0,1825.0,61100
2026-03-31 11:20:00,1825.0,1830.0,1825.0,1825.0,122000
2026-03-31 11:25:00,1825.0,1830.0,1825.0,1830.0,37800
2026-03-31 11:30:00,1825.0,1830.0,1825.0,1825.0,0
2026-03-31 11:35:00,1825.0,1830.0,1825.0,1830.0,84500
2026-03-31 11:40:00,1825.0,1830.0,1825.0,1830.0,113300
2026-03-31 11:45:00,1825.0,1830.0,1825.0,1825.0,27800
2026-03-31 11:50:00,1825.0,1830.0,1825.0,1830.0,124100
2026-03-31 11:55:00,1830.0,1830.0,1825.0,1830.0,240200
2026-03-31 13:30:00,1830.0,1830.0,1820.0,1825.0,201400
2026-03-31 13:35:00,1825.0,1825.0,1820.0,1820.0,69000
2026-03-31 13:40:00,1820.0,1825.0,1820.0,1825.0,71600
2026-03-31 13:45:00,1820.0,1825.0,1820.0,1825.0,38500
2026-03-31 13:50:00,1820.0,1830.0,1820.0,1825.0,74900
2026-03-31 13:55:00,1825.0,1830.0,1825.0,1830.0,48600
2026-03-31 14:00:00,1830.0,1830.0,1825.0,1825.0,38700
2026-03-31 14:05:00,1825.0,1830.0,1825.0,1825.0,27900
2026-03-31 14:10:00,1825.0,1830.0,1820.0,1825.0,62300
2026-03-31 14:15:00,1825.0,1830.0,1825.0,1825.0,38000
2026-03-31 14:20:00,1825.0,1830.0,1825.0,1830.0,46100
2026-03-31 14:25:00,1825.0,1830.0,1825.0,1830.0,35300
2026-03-31 14:30:00,1825.0,1830.0,1820.0,1825.0,112700
2026-03-31 14:35:00,1825.0,1835.0,1825.0,1830.0,1155600
2026-03-31 14:40:00,1825.0,1830.0,1825.0,1830.0,60400
2026-03-31 14:45:00,1830.0,1830.0,1825.0,1825.0,73700
2026-03-31 14:50:00,1830.0,1830.0,1825.0,1825.0,114400
2026-03-31 14:55:00,1830.0,1830.0,1825.0,1830.0,20300
2026-03-31 15:00:00,1825.0,1835.0,1825.0,1835.0,293100
2026-03-31 15:05:00,1835.0,1835.0,1825.0,1835.0,659500
2026-03-31 15:10:00,1835.0,1835.0,1830.0,1830.0,73300
2026-03-31 15:15:00,1835.0,1835.0,1825.0,1830.0,794900
2026-03-31 15:20:00,1830.0,1830.0,1825.0,1830.0,340800
2026-03-31 15:25:00,1830.0,1835.0,1825.0,1825.0,465900
2026-03-31 15:30:00,1830.0,1830.0,1825.0,1830.0,150200
2026-03-31 15:35:00,1830.0,1835.0,1825.0,1835.0,854500
2026-03-31 15:40:00,1830.0,1835.0,1825.0,1830.0,1149000
2026-03-31 15:45:00,1825.0,1830.0,1825.0,1830.0,331600
2026-03-31 16:00:00,1830.0,1830.0,1830.0,1830.0,1683700
2026-03-31 16:05:00,1830.0,1830.0,1830.0,1830.0,0
2026-04-01 09:00:00,1855.0,1870.0,1850.0,1870.0,0
2026-04-01 09:05:00,1870.0,1870.0,1850.0,1850.0,231300
2026-04-01 09:10:00,1860.0,1865.0,1855.0,1865.0,12200
2026-04-01 09:15:00,1865.0,1865.0,1860.0,1860.0,59900
2026-04-01 09:20:00,1860.0,1865.0,1860.0,1860.0,473700
2026-04-01 09:25:00,1865.0,1865.0,1860.0,1860.0,193400
2026-04-01 09:30:00,1865.0,1865.0,1860.0,1860.0,106900
2026-04-01 09:35:00,1860.0,1865.0,1860.0,1860.0,31700
2026-04-01 09:40:00,1865.0,1865.0,1860.0,1865.0,32500
2026-04-01 09:45:00,1865.0,1865.0,1860.0,1865.0,12100
2026-04-01 09:50:00,1860.0,1865.0,1860.0,1865.0,34300
2026-04-01 09:55:00,1865.0,1865.0,1860.0,1860.0,26700
2026-04-01 10:00:00,1865.0,1875.0,1860.0,1875.0,1020400
2026-04-01 10:05:00,1875.0,1880.0,1875.0,1880.0,163000
2026-04-01 10:10:00,1875.0,1880.0,1875.0,1875.0,262500
2026-04-01 10:15:00,1875.0,1880.0,1875.0,1875.0,300
2026-04-01 10:20:00,1880.0,1880.0,1875.0,1875.0,3300
2026-04-01 10:25:00,1880.0,1880.0,1875.0,1880.0,147800
2026-04-01 10:30:00,1880.0,1880.0,1875.0,1880.0,0
2026-04-01 10:35:00,1875.0,1880.0,1875.0,1880.0,61000
2026-04-01 10:40:00,1880.0,1880.0,1875.0,1875.0,159400
2026-04-01 10:45:00,1875.0,1880.0,1875.0,1880.0,189700
2026-04-01 10:50:00,1880.0,1890.0,1880.0,1885.0,170300
2026-04-01 10:55:00,1890.0,1890.0,1880.0,1885.0,143200
2026-04-01 11:00:00,1885.0,1890.0,1885.0,1890.0,78600
2026-04-01 11:05:00,1890.0,1895.0,1885.0,1890.0,304800
2026-04-01 11:10:00,1890.0,1895.0,1885.0,1895.0,329100
2026-04-01 11:15:00,1890.0,1890.0,1890.0,1890.0,37600
2026-04-01 11:20:00,1885.0,1895.0,1885.0,1890.0,33400
2026-04-01 11:25:00,1890.0,1895.0,1890.0,1890.0,157200
2026-04-01 11:30:00,1895.0,1895.0,1890.0,1890.0,59400
2026-04-01 11:35:00,1890.0,1895.0,1890.0,1890.0,134200
2026-04-01 11:40:00,1890.0,1890.0,1885.0,1890.0,57600
2026-04-01 11:45:00,1885.0,1890.0,1885.0,1890.0,43300
2026-04-01 11:50:00,1890.0,1895.0,1890.0,1890.0,241900
2026-04-01 11:55:00,1890.0,1900.0,1890.0,1895.0,302800
2026-04-01 13:30:00,1895.0,1900.0,1890.0,1895.0,192600
2026-04-01 13:35:00,1890.0,1895.0,1885.0,1890.0,394200
2026-04-01 13:40:00,1890.0,1890.0,1875.0,1880.0,457500
2026-04-01 13:45:00,1875.0,1875.0,1870.0,1870.0,165800
2026-04-01 13:50:00,1875.0,1880.0,1870.0,1875.0,255500
2026-04-01 13:55:00,1875.0,1880.0,1870.0,1870.0,261000
2026-04-01 14:00:00,1870.0,1880.0,1870.0,1875.0,109100
2026-04-01 14:05:00,1875.0,1880.0,1875.0,1880.0,326300
2026-04-01 14:10:00,1875.0,1880.0,1875.0,1875.0,94100
2026-04-01 14:15:00,1875.0,1880.0,1875.0,1880.0,107700
2026-04-01 14:20:00,1880.0,1880.0,1880.0,1880.0,60800
2026-04-01 14:25:00,1880.0,1885.0,1875.0,1880.0,84800
2026-04-01 14:30:00,1880.0,1880.0,1870.0,1880.0,826900
2026-04-01 14:35:00,1875.0,1880.0,1875.0,1880.0,29500
2026-04-01 14:40:00,1880.0,1880.0,1875.0,1875.0,45900
2026-04-01 14:45:00,1875.0,1880.0,1875.0,1875.0,61600
2026-04-01 14:50:00,1880.0,1880.0,1875.0,1875.0,104400
2026-04-01 14:55:00,1880.0,1880.0,1875.0,1875.0,85800
2026-04-01 15:00:00,1875.0,1880.0,1875.0,1875.0,168100
2026-04-01 15:05:00,1875.0,1880.0,1875.0,1875.0,28300
2026-04-01 15:10:00,1875.0,1880.0,1875.0,1875.0,45300
2026-04-01 15:15:00,1875.0,1880.0,1875.0,1880.0,54000
2026-04-01 15:20:00,1875.0,1880.0,1875.0,1875.0,24300
2026-04-01 15:25:00,1880.0,1880.0,1875.0,1875.0,81700
2026-04-01 15:30:00,1880.0,1880.0,1875.0,1875.0,57400
2026-04-01 15:35:00,1880.0,1880.0,1875.0,1875.0,57400
2026-04-01 15:40:00,1875.0,1880.0,1875.0,1880.0,84200
2026-04-01 15:45:00,1880.0,1880.0,1875.0,1875.0,212300
2026-04-01 16:00:00,1875.0,1875.0,1875.0,1875.0,280000
2026-04-01 16:10:00,1875.0,1875.0,1875.0,1875.0,300
2026-04-02 09:00:00,1875.0,1890.0,1870.0,1885.0,0
2026-04-02 09:05:00,1880.0,1880.0,1870.0,1870.0,40700
2026-04-02 09:10:00,1870.0,1875.0,1865.0,1875.0,31500
2026-04-02 09:15:00,1870.0,1875.0,1870.0,1870.0,17700
2026-04-02 09:20:00,1870.0,1875.0,1865.0,1870.0,72600
2026-04-02 09:25:00,1865.0,1870.0,1860.0,1865.0,32300
2026-04-02 09:30:00,1860.0,1865.0,1860.0,1865.0,16500
2026-04-02 09:35:00,1865.0,1865.0,1855.0,1860.0,111200
2026-04-02 09:40:00,1860.0,1860.0,1850.0,1855.0,320500
2026-04-02 09:45:00,1855.0,1860.0,1850.0,1860.0,254400
2026-04-02 09:50:00,1860.0,1860.0,1855.0,1860.0,10900
2026-04-02 09:55:00,1855.0,1860.0,1855.0,1860.0,11100
2026-04-02 10:00:00,1860.0,1860.0,1855.0,1860.0,23400
2026-04-02 10:05:00,1860.0,1860.0,1860.0,1860.0,7000
2026-04-02 10:10:00,1860.0,1860.0,1855.0,1855.0,87700
2026-04-02 10:15:00,1855.0,1855.0,1830.0,1840.0,477900
2026-04-02 10:20:00,1840.0,1840.0,1835.0,1835.0,43100
2026-04-02 10:25:00,1840.0,1840.0,1835.0,1835.0,64900
2026-04-02 10:30:00,1835.0,1840.0,1835.0,1835.0,163900
2026-04-02 10:35:00,1840.0,1840.0,1830.0,1830.0,257700
2026-04-02 10:40:00,1825.0,1835.0,1825.0,1825.0,80300
2026-04-02 10:45:00,1825.0,1835.0,1825.0,1830.0,126000
2026-04-02 10:50:00,1835.0,1835.0,1830.0,1835.0,43000
2026-04-02 10:55:00,1835.0,1840.0,1825.0,1840.0,851000
2026-04-02 11:00:00,1840.0,1840.0,1830.0,1840.0,30500
2026-04-02 11:05:00,1840.0,1840.0,1830.0,1835.0,222900
2026-04-02 11:10:00,1835.0,1835.0,1830.0,1830.0,315400
2026-04-02 11:15:00,1830.0,1830.0,1825.0,1830.0,274100
2026-04-02 11:20:00,1830.0,1830.0,1825.0,1830.0,47600
2026-04-02 11:25:00,1830.0,1830.0,1825.0,1825.0,189100
2026-04-02 11:30:00,1830.0,1830.0,1820.0,1830.0,587400
2026-04-02 11:35:00,1830.0,1830.0,1825.0,1830.0,27200
2026-04-02 11:40:00,1830.0,1830.0,1825.0,1830.0,94700
2026-04-02 11:45:00,1830.0,1830.0,1825.0,1830.0,73900
2026-04-02 11:50:00,1830.0,1835.0,1830.0,1830.0,148300
2026-04-02 11:55:00,1835.0,1835.0,1830.0,1830.0,36000
2026-04-02 13:30:00,1835.0,1840.0,1830.0,1840.0,845800
2026-04-02 13:35:00,1840.0,1840.0,1840.0,1840.0,18500
2026-04-02 13:40:00,1840.0,1840.0,1835.0,1840.0,39500
2026-04-02 13:45:00,1840.0,1840.0,1835.0,1835.0,80600
2026-04-02 13:50:00,1840.0,1840.0,1830.0,1835.0,165900
2026-04-02 13:55:00,1835.0,1840.0,1830.0,1840.0,392900
2026-04-02 14:00:00,1840.0,1840.0,1835.0,1840.0,16000
2026-04-02 14:05:00,1840.0,1840.0,1830.0,1840.0,226100
2026-04-02 14:10:00,1840.0,1840.0,1835.0,1840.0,60500
2026-04-02 14:15:00,1840.0,1840.0,1835.0,1840.0,230600
2026-04-02 14:20:00,1840.0,1840.0,1835.0,1840.0,21600
2026-04-02 14:25:00,1840.0,1840.0,1835.0,1840.0,227400
2026-04-02 14:30:00,1840.0,1840.0,1835.0,1840.0,49000
2026-04-02 14:35:00,1840.0,1840.0,1835.0,1835.0,227300
2026-04-02 14:40:00,1840.0,1840.0,1835.0,1835.0,286800
2026-04-02 14:45:00,1835.0,1840.0,1835.0,1840.0,158600
2026-04-02 14:50:00,1835.0,1840.0,1835.0,1835.0,39800
2026-04-02 14:55:00,1835.0,1840.0,1835.0,1840.0,107400
2026-04-02 15:00:00,1835.0,1840.0,1835.0,1840.0,564300
2026-04-02 15:05:00,1835.0,1840.0,1835.0,1840.0,60400
2026-04-02 15:10:00,1835.0,1840.0,1835.0,1835.0,171600
2026-04-02 15:15:00,1840.0,1840.0,1830.0,1835.0,567300
2026-04-02 15:20:00,1840.0,1840.0,1835.0,1835.0,44800
2026-04-02 15:25:00,1835.0,1840.0,1835.0,1835.0,58800
2026-04-02 15:30:00,1840.0,1840.0,1835.0,1835.0,87600
2026-04-02 15:35:00,1835.0,1840.0,1830.0,1830.0,979400
2026-04-02 15:40:00,1830.0,1835.0,1830.0,1830.0,161600
2026-04-02 15:45:00,1830.0,1835.0,1830.0,1835.0,298000
2026-04-02 16:00:00,1865.0,1865.0,1865.0,1865.0,543800
2026-04-02 16:05:00,1865.0,1865.0,1865.0,1865.0,114700
2026-04-06 09:00:00,1865.0,1865.0,1845.0,1845.0,0
2026-04-06 09:05:00,1845.0,1860.0,1845.0,1855.0,52900
2026-04-06 09:10:00,1850.0,1855.0,1850.0,1855.0,7400
2026-04-06 09:15:00,1855.0,1855.0,1850.0,1855.0,6400
2026-04-06 09:20:00,1850.0,1855.0,1850.0,1850.0,22700
2026-04-06 09:25:00,1850.0,1855.0,1840.0,1840.0,286400
2026-04-06 09:30:00,1845.0,1845.0,1830.0,1845.0,124200
2026-04-06 09:35:00,1840.0,1845.0,1840.0,1845.0,1600
2026-04-06 09:40:00,1845.0,1845.0,1845.0,1845.0,300
2026-04-06 09:45:00,1845.0,1845.0,1840.0,1840.0,5200
2026-04-06 09:50:00,1845.0,1845.0,1840.0,1845.0,3300
2026-04-06 09:55:00,1845.0,1845.0,1840.0,1840.0,53100
2026-04-06 10:00:00,1840.0,1845.0,1835.0,1840.0,190600
2026-04-06 10:05:00,1840.0,1840.0,1835.0,1840.0,5300
2026-04-06 10:10:00,1840.0,1845.0,1840.0,1840.0,24800
2026-04-06 10:15:00,1845.0,1845.0,1840.0,1845.0,900
2026-04-06 10:20:00,1845.0,1845.0,1840.0,1840.0,50800
2026-04-06 10:25:00,1840.0,1840.0,1840.0,1840.0,3200
2026-04-06 10:30:00,1835.0,1840.0,1835.0,1835.0,16400
2026-04-06 10:35:00,1840.0,1840.0,1835.0,1840.0,15500
2026-04-06 10:40:00,1840.0,1840.0,1835.0,1835.0,9900
2026-04-06 10:45:00,1840.0,1840.0,1835.0,1835.0,2800
2026-04-06 10:50:00,1840.0,1840.0,1835.0,1840.0,31000
2026-04-06 10:55:00,1840.0,1840.0,1835.0,1840.0,75900
2026-04-06 11:00:00,1840.0,1840.0,1835.0,1835.0,400
2026-04-06 11:05:00,1840.0,1840.0,1835.0,1840.0,23500
2026-04-06 11:10:00,1840.0,1845.0,1840.0,1840.0,45800
2026-04-06 11:15:00,1840.0,1845.0,1840.0,1840.0,1800
2026-04-06 11:20:00,1840.0,1845.0,1840.0,1840.0,800
2026-04-06 11:25:00,1840.0,1845.0,1840.0,1845.0,12200
2026-04-06 11:30:00,1845.0,1845.0,1835.0,1835.0,103700
2026-04-06 11:35:00,1835.0,1840.0,1835.0,1840.0,3600
2026-04-06 11:40:00,1840.0,1840.0,1840.0,1840.0,1000
2026-04-06 11:45:00,1835.0,1845.0,1835.0,1845.0,129800
2026-04-06 11:50:00,1845.0,1845.0,1840.0,1840.0,13100
2026-04-06 11:55:00,1845.0,1845.0,1845.0,1845.0,2600
2026-04-06 13:30:00,1840.0,1845.0,1840.0,1845.0,55700
2026-04-06 13:35:00,1845.0,1845.0,1845.0,1845.0,9400
2026-04-06 13:40:00,1850.0,1850.0,1840.0,1840.0,8900
2026-04-06 13:45:00,1840.0,1845.0,1840.0,1840.0,14700
2026-04-06 13:50:00,1840.0,1845.0,1840.0,1845.0,800
2026-04-06 13:55:00,1845.0,1845.0,1840.0,1840.0,58600
2026-04-06 14:00:00,1840.0,1845.0,1840.0,1840.0,5800
2026-04-06 14:05:00,1840.0,1840.0,1840.0,1840.0,500
2026-04-06 14:10:00,1840.0,1845.0,1840.0,1845.0,500
2026-04-06 14:15:00,1845.0,1845.0,1840.0,1840.0,14700
2026-04-06 14:20:00,1840.0,1845.0,1840.0,1840.0,13200
2026-04-06 14:25:00,1840.0,1845.0,1840.0,1840.0,72000
2026-04-06 14:30:00,1840.0,1840.0,1840.0,1840.0,121200
2026-04-06 14:35:00,1840.0,1840.0,1840.0,1840.0,69500
2026-04-06 14:40:00,1845.0,1845.0,1840.0,1840.0,32500
2026-04-06 14:45:00,1840.0,1845.0,1840.0,1845.0,2600
2026-04-06 14:50:00,1840.0,1845.0,1840.0,1840.0,247600
2026-04-06 14:55:00,1840.0,1845.0,1840.0,1840.0,14500
2026-04-06 15:00:00,1840.0,1845.0,1840.0,1845.0,8000
2026-04-06 15:05:00,1845.0,1845.0,1840.0,1840.0,45800
2026-04-06 15:10:00,1840.0,1845.0,1840.0,1840.0,36800
2026-04-06 15:15:00,1840.0,1840.0,1840.0,1840.0,66200
2026-04-06 15:20:00,1845.0,1845.0,1840.0,1840.0,37400
2026-04-06 15:25:00,1840.0,1840.0,1840.0,1840.0,19000
2026-04-06 15:30:00,1845.0,1845.0,1840.0,1840.0,55600
2026-04-06 15:35:00,1840.0,1860.0,1840.0,1860.0,356000
2026-04-06 15:40:00,1855.0,1860.0,1845.0,1860.0,84000
2026-04-06 15:45:00,1855.0,1860.0,1855.0,1860.0,52100
2026-04-06 16:00:00,1855.0,1855.0,1855.0,1855.0,133300
2026-04-06 16:05:00,1855.0,1855.0,1855.0,1855.0,0
2026-04-06 16:10:00,1855.0,1855.0,1855.0,1855.0,100
2026-04-07 09:00:00,1860.0,1865.0,1860.0,1860.0,0
2026-04-07 09:05:00,1860.0,1860.0,1845.0,1855.0,101700
2026-04-07 09:10:00,1850.0,1850.0,1850.0,1850.0,9500
2026-04-07 09:15:00,1850.0,1855.0,1850.0,1850.0,27600
2026-04-07 09:20:00,1850.0,1855.0,1850.0,1855.0,28100
2026-04-07 09:25:00,1855.0,1855.0,1845.0,1845.0,313100
2026-04-07 09:30:00,1850.0,1850.0,1845.0,1845.0,90300
2026-04-07 09:35:00,1840.0,1845.0,1835.0,1835.0,101200
2026-04-07 09:40:00,1840.0,1850.0,1835.0,1850.0,58500
2026-04-07 09:45:00,1850.0,1850.0,1835.0,1835.0,119400
2026-04-07 09:50:00,1840.0,1840.0,1835.0,1840.0,1100
2026-04-07 09:55:00,1840.0,1840.0,1825.0,1830.0,627300
2026-04-07 10:00:00,1835.0,1840.0,1830.0,1835.0,104100
2026-04-07 10:05:00,1840.0,1840.0,1835.0,1840.0,6900
2026-04-07 10:10:00,1840.0,1840.0,1830.0,1830.0,65800
2026-04-07 10:15:00,1830.0,1845.0,1830.0,1845.0,29200
2026-04-07 10:20:00,1845.0,1845.0,1840.0,1845.0,16500
2026-04-07 10:25:00,1840.0,1840.0,1840.0,1840.0,100
2026-04-07 10:30:00,1840.0,1840.0,1840.0,1840.0,25000
2026-04-07 10:35:00,1845.0,1845.0,1840.0,1840.0,15200
2026-04-07 10:40:00,1845.0,1845.0,1845.0,1845.0,200
2026-04-07 10:45:00,1845.0,1845.0,1840.0,1840.0,1900
2026-04-07 10:50:00,1840.0,1845.0,1835.0,1840.0,137500
2026-04-07 10:55:00,1840.0,1845.0,1840.0,1845.0,7800
2026-04-07 11:00:00,1845.0,1845.0,1840.0,1840.0,7000
2026-04-07 11:05:00,1840.0,1845.0,1840.0,1840.0,4900
2026-04-07 11:10:00,1840.0,1840.0,1840.0,1840.0,114700
2026-04-07 11:15:00,1840.0,1845.0,1840.0,1840.0,8000
2026-04-07 11:20:00,1840.0,1840.0,1840.0,1840.0,3200
2026-04-07 11:25:00,1840.0,1845.0,1840.0,1840.0,50700
2026-04-07 11:30:00,1840.0,1845.0,1840.0,1840.0,3000
2026-04-07 11:35:00,1845.0,1850.0,1840.0,1850.0,91000
2026-04-07 11:40:00,1845.0,1850.0,1845.0,1845.0,1600
2026-04-07 11:45:00,1845.0,1845.0,1845.0,1845.0,12800
2026-04-07 11:50:00,1850.0,1850.0,1845.0,1845.0,6400
2026-04-07 11:55:00,1850.0,1850.0,1845.0,1845.0,15400
2026-04-07 13:30:00,1845.0,1850.0,1845.0,1845.0,16900
2026-04-07 13:35:00,1845.0,1850.0,1845.0,1845.0,128000
2026-04-07 13:40:00,1845.0,1850.0,1845.0,1845.0,101300
2026-04-07 13:45:00,1850.0,1850.0,1845.0,1845.0,8000
2026-04-07 13:50:00,1850.0,1850.0,1845.0,1845.0,1800
2026-04-07 13:55:00,1845.0,1850.0,1845.0,1845.0,6700
2026-04-07 14:00:00,1850.0,1850.0,1845.0,1845.0,13000
2026-04-07 14:05:00,1845.0,1850.0,1845.0,1845.0,8100
2026-04-07 14:10:00,1845.0,1850.0,1845.0,1845.0,5600
2026-04-07 14:15:00,1850.0,1850.0,1845.0,1845.0,17700
2026-04-07 14:20:00,1845.0,1845.0,1845.0,1845.0,19300
2026-04-07 14:25:00,1845.0,1850.0,1845.0,1845.0,12600
2026-04-07 14:30:00,1845.0,1850.0,1845.0,1845.0,15200
2026-04-07 14:35:00,1845.0,1845.0,1845.0,1845.0,29800
2026-04-07 14:40:00,1845.0,1850.0,1845.0,1845.0,6300
2026-04-07 14:45:00,1845.0,1850.0,1845.0,1845.0,15700
2026-04-07 14:50:00,1845.0,1850.0,1845.0,1845.0,34200
2026-04-07 14:55:00,1845.0,1850.0,1845.0,1845.0,110600
2026-04-07 15:00:00,1845.0,1850.0,1845.0,1850.0,14900
2026-04-07 15:05:00,1850.0,1855.0,1845.0,1845.0,221100
2026-04-07 15:10:00,1845.0,1845.0,1845.0,1845.0,0
2026-04-07 15:15:00,1850.0,1850.0,1845.0,1850.0,9300
2026-04-07 15:20:00,1850.0,1850.0,1845.0,1845.0,17900
2026-04-07 15:25:00,1845.0,1850.0,1845.0,1845.0,10600
2026-04-07 15:30:00,1845.0,1850.0,1845.0,1845.0,58100
2026-04-07 15:35:00,1845.0,1850.0,1845.0,1845.0,38500
2026-04-07 15:40:00,1845.0,1850.0,1845.0,1845.0,212000
2026-04-07 15:45:00,1845.0,1850.0,1845.0,1845.0,136500
2026-04-07 16:00:00,1840.0,1840.0,1840.0,1840.0,79900
2026-04-07 16:05:00,1840.0,1840.0,1840.0,1840.0,0
2026-04-07 16:10:00,1840.0,1840.0,1840.0,1840.0,5000
2026-04-08 09:00:00,1880.0,1910.0,1880.0,1900.0,0
2026-04-08 09:05:00,1895.0,1905.0,1890.0,1900.0,404900
2026-04-08 09:10:00,1900.0,1910.0,1900.0,1905.0,115500
2026-04-08 09:15:00,1900.0,1920.0,1900.0,1905.0,414200
2026-04-08 09:20:00,1905.0,1915.0,1905.0,1915.0,44700
2026-04-08 09:25:00,1910.0,1935.0,1910.0,1920.0,553900
2026-04-08 09:30:00,1920.0,1930.0,1920.0,1925.0,109000
2026-04-08 09:35:00,1930.0,1945.0,1925.0,1935.0,600300
2026-04-08 09:40:00,1935.0,1955.0,1935.0,1955.0,545300
2026-04-08 09:45:00,1950.0,1950.0,1935.0,1935.0,171100
2026-04-08 09:50:00,1935.0,1965.0,1935.0,1965.0,755400
2026-04-08 09:55:00,1965.0,1965.0,1950.0,1950.0,424000
2026-04-08 10:00:00,1945.0,1950.0,1945.0,1945.0,91000
2026-04-08 10:05:00,1945.0,1955.0,1940.0,1940.0,477700
2026-04-08 10:10:00,1940.0,1945.0,1940.0,1940.0,68200
2026-04-08 10:15:00,1940.0,1950.0,1940.0,1950.0,812900
2026-04-08 10:20:00,1950.0,1950.0,1945.0,1950.0,145200
2026-04-08 10:25:00,1950.0,1950.0,1940.0,1940.0,155400
2026-04-08 10:30:00,1940.0,1950.0,1940.0,1940.0,327700
2026-04-08 10:35:00,1940.0,1945.0,1940.0,1940.0,107700
2026-04-08 10:40:00,1945.0,1950.0,1940.0,1950.0,452600
2026-04-08 10:45:00,1950.0,1950.0,1945.0,1950.0,9700
2026-04-08 10:50:00,1945.0,1950.0,1945.0,1945.0,42500
2026-04-08 10:55:00,1950.0,1950.0,1945.0,1950.0,246700
2026-04-08 11:00:00,1950.0,1950.0,1945.0,1950.0,230200
2026-04-08 11:05:00,1950.0,1950.0,1945.0,1950.0,54400
2026-04-08 11:10:00,1950.0,1950.0,1950.0,1950.0,252800
2026-04-08 11:15:00,1950.0,1950.0,1950.0,1950.0,285100
2026-04-08 11:20:00,1950.0,1965.0,1950.0,1965.0,1215800
2026-04-08 11:25:00,1965.0,1965.0,1955.0,1965.0,437400
2026-04-08 11:30:00,1960.0,1965.0,1955.0,1960.0,75800
2026-04-08 11:35:00,1960.0,1965.0,1950.0,1955.0,281600
2026-04-08 11:40:00,1955.0,1955.0,1950.0,1955.0,20300
2026-04-08 11:45:00,1955.0,1955.0,1950.0,1950.0,24700
2026-04-08 11:50:00,1955.0,1955.0,1950.0,1955.0,46800
2026-04-08 11:55:00,1955.0,1955.0,1950.0,1955.0,160300
2026-04-08 13:30:00,1955.0,1975.0,1950.0,1960.0,1399700
2026-04-08 13:35:00,1960.0,1970.0,1960.0,1970.0,342900
2026-04-08 13:40:00,1965.0,1980.0,1965.0,1980.0,570900
2026-04-08 13:45:00,1980.0,1995.0,1975.0,1990.0,756600
2026-04-08 13:50:00,1995.0,1995.0,1980.0,1980.0,1250300
2026-04-08 13:55:00,1980.0,1985.0,1975.0,1985.0,170900
2026-04-08 14:00:00,1980.0,1980.0,1975.0,1975.0,123600
2026-04-08 14:05:00,1975.0,1980.0,1975.0,1980.0,11600
2026-04-08 14:10:00,1980.0,1985.0,1975.0,1975.0,1534700
2026-04-08 14:15:00,1975.0,1975.0,1970.0,1975.0,251200
2026-04-08 14:20:00,1975.0,1980.0,1975.0,1980.0,257300
2026-04-08 14:25:00,1980.0,1980.0,1975.0,1975.0,85900
2026-04-08 14:30:00,1980.0,1985.0,1975.0,1980.0,428600
2026-04-08 14:35:00,1980.0,1980.0,1975.0,1980.0,160400
2026-04-08 14:40:00,1980.0,1985.0,1975.0,1975.0,354800
2026-04-08 14:45:00,1980.0,1980.0,1975.0,1980.0,216200
2026-04-08 14:50:00,1980.0,1980.0,1975.0,1980.0,92400
2026-04-08 14:55:00,1980.0,1980.0,1975.0,1980.0,170400
2026-04-08 15:00:00,1980.0,1980.0,1975.0,1980.0,40300
2026-04-08 15:05:00,1980.0,1980.0,1975.0,1980.0,1161800
2026-04-08 15:10:00,1980.0,1985.0,1980.0,1985.0,234400
2026-04-08 15:15:00,1985.0,1985.0,1980.0,1985.0,210200
2026-04-08 15:20:00,1985.0,1985.0,1980.0,1985.0,368800
2026-04-08 15:25:00,1985.0,1990.0,1980.0,1990.0,1554600
2026-04-08 15:30:00,1985.0,1990.0,1985.0,1990.0,453400
2026-04-08 15:35:00,1985.0,1995.0,1985.0,1995.0,1111700
2026-04-08 15:40:00,2000.0,2000.0,1970.0,1970.0,1802000
2026-04-08 15:45:00,1970.0,1980.0,1965.0,1970.0,798700
2026-04-08 16:00:00,1980.0,1980.0,1980.0,1980.0,702700
2026-04-08 16:05:00,1980.0,1980.0,1980.0,1980.0,8500
2026-04-08 16:10:00,1980.0,1980.0,1980.0,1980.0,1700
2026-04-09 09:00:00,1990.0,1995.0,1970.0,1975.0,0
2026-04-09 09:05:00,1975.0,1975.0,1945.0,1945.0,222100
2026-04-09 09:10:00,1945.0,1950.0,1945.0,1950.0,221400
2026-04-09 09:15:00,1950.0,1950.0,1945.0,1950.0,23700
2026-04-09 09:20:00,1955.0,1955.0,1940.0,1940.0,136500
2026-04-09 09:25:00,1940.0,1945.0,1940.0,1940.0,28900
2026-04-09 09:30:00,1940.0,1945.0,1940.0,1940.0,8300
2026-04-09 09:35:00,1945.0,1945.0,1935.0,1940.0,116200
2026-04-09 09:40:00,1940.0,1940.0,1935.0,1940.0,28600
2026-04-09 09:45:00,1940.0,1945.0,1940.0,1940.0,78900
2026-04-09 09:50:00,1940.0,1945.0,1935.0,1940.0,14800
2026-04-09 09:55:00,1940.0,1945.0,1940.0,1940.0,9000
2026-04-09 10:00:00,1940.0,1945.0,1940.0,1940.0,24600
2026-04-09 10:05:00,1945.0,1945.0,1940.0,1940.0,5800
2026-04-09 10:10:00,1940.0,1945.0,1940.0,1945.0,29200
2026-04-09 10:15:00,1940.0,1945.0,1940.0,1940.0,59000
2026-04-09 10:20:00,1940.0,1945.0,1940.0,1940.0,157600
2026-04-09 10:25:00,1940.0,1940.0,1935.0,1935.0,147000
2026-04-09 10:30:00,1930.0,1930.0,1925.0,1925.0,55000
2026-04-09 10:35:00,1925.0,1930.0,1925.0,1930.0,8900
2026-04-09 10:40:00,1930.0,1930.0,1930.0,1930.0,2500
2026-04-09 10:45:00,1930.0,1930.0,1925.0,1930.0,11500
2026-04-09 10:50:00,1925.0,1930.0,1925.0,1930.0,32400
2026-04-09 10:55:00,1925.0,1925.0,1925.0,1925.0,5900
2026-04-09 11:00:00,1930.0,1930.0,1925.0,1925.0,8400
2026-04-09 11:05:00,1925.0,1930.0,1925.0,1930.0,5400
2026-04-09 11:10:00,1925.0,1930.0,1925.0,1930.0,56800
2026-04-09 11:15:00,1925.0,1930.0,1925.0,1930.0,35000
2026-04-09 11:20:00,1930.0,1935.0,1930.0,1930.0,127400
2026-04-09 11:25:00,1935.0,1935.0,1930.0,1930.0,79600
2026-04-09 11:30:00,1930.0,1935.0,1930.0,1935.0,29300
2026-04-09 11:35:00,1935.0,1935.0,1930.0,1930.0,800
2026-04-09 11:40:00,1930.0,1935.0,1930.0,1935.0,5700
2026-04-09 11:45:00,1935.0,1935.0,1930.0,1935.0,154500
2026-04-09 11:50:00,1940.0,1940.0,1935.0,1935.0,5700
2026-04-09 11:55:00,1935.0,1940.0,1935.0,1935.0,8400
2026-04-09 13:30:00,1935.0,1940.0,1935.0,1935.0,17200
2026-04-09 13:35:00,1935.0,1940.0,1935.0,1935.0,29300
2026-04-09 13:45:00,1940.0,1940.0,1940.0,1940.0,2100
2026-04-09 13:50:00,1935.0,1940.0,1935.0,1935.0,6700
2026-04-09 13:55:00,1935.0,1945.0,1935.0,1940.0,93700
2026-04-09 14:00:00,1940.0,1940.0,1935.0,1940.0,30000
2026-04-09 14:05:00,1945.0,1945.0,1940.0,1940.0,3500
2026-04-09 14:10:00,1945.0,1945.0,1940.0,1940.0,17400
2026-04-09 14:15:00,1945.0,1945.0,1940.0,1940.0,27800
2026-04-09 14:20:00,1945.0,1945.0,1940.0,1940.0,17900
2026-04-09 14:25:00,1940.0,1945.0,1940.0,1940.0,67100
2026-04-09 14:30:00,1940.0,1945.0,1940.0,1940.0,23300
2026-04-09 14:35:00,1940.0,1945.0,1935.0,1935.0,198600
2026-04-09 14:40:00,1940.0,1945.0,1940.0,1940.0,128000
2026-04-09 14:45:00,1940.0,1945.0,1940.0,1945.0,900
2026-04-09 14:50:00,1940.0,1945.0,1940.0,1940.0,6900
2026-04-09 14:55:00,1940.0,1945.0,1940.0,1940.0,23200
2026-04-09 15:00:00,1940.0,1945.0,1940.0,1940.0,28100
2026-04-09 15:05:00,1940.0,1945.0,1940.0,1940.0,34800
2026-04-09 15:10:00,1940.0,1945.0,1935.0,1940.0,156000
2026-04-09 15:15:00,1935.0,1940.0,1935.0,1935.0,42800
2026-04-09 15:20:00,1935.0,1940.0,1935.0,1935.0,32400
2026-04-09 15:25:00,1935.0,1940.0,1935.0,1935.0,51600
2026-04-09 15:30:00,1935.0,1940.0,1935.0,1940.0,58500
2026-04-09 15:35:00,1935.0,1940.0,1935.0,1940.0,43200
2026-04-09 15:40:00,1935.0,1940.0,1935.0,1940.0,95900
2026-04-09 15:45:00,1940.0,1945.0,1940.0,1940.0,165100
2026-04-09 16:00:00,1940.0,1940.0,1940.0,1940.0,120700
2026-04-09 16:05:00,1940.0,1940.0,1940.0,1940.0,49800
2026-04-10 09:00:00,1945.0,1945.0,1930.0,1930.0,0
2026-04-10 09:05:00,1925.0,1940.0,1925.0,1935.0,514600
2026-04-10 09:10:00,1935.0,1940.0,1930.0,1935.0,170100
2026-04-10 09:15:00,1935.0,1935.0,1930.0,1935.0,110100
2026-04-10 09:20:00,1935.0,1940.0,1930.0,1930.0,182500
2026-04-10 09:25:00,1930.0,1935.0,1930.0,1935.0,90300
2026-04-10 09:30:00,1935.0,1950.0,1930.0,1950.0,497200
2026-04-10 09:35:00,1945.0,1955.0,1940.0,1950.0,434800
2026-04-10 09:40:00,1950.0,1950.0,1940.0,1945.0,149200
2026-04-10 09:45:00,1940.0,1945.0,1940.0,1945.0,104500
2026-04-10 09:50:00,1940.0,1950.0,1940.0,1940.0,934300
2026-04-10 09:55:00,1940.0,1945.0,1940.0,1940.0,121100
2026-04-10 10:00:00,1940.0,1945.0,1940.0,1940.0,6400
2026-04-10 10:05:00,1940.0,1945.0,1940.0,1940.0,78400
2026-04-10 10:10:00,1940.0,1945.0,1940.0,1945.0,260200
2026-04-10 10:15:00,1940.0,1945.0,1940.0,1940.0,115000
2026-04-10 10:20:00,1940.0,1940.0,1935.0,1935.0,650500
2026-04-10 10:25:00,1935.0,1940.0,1930.0,1930.0,175500
2026-04-10 10:30:00,1935.0,1935.0,1925.0,1925.0,358600
2026-04-10 10:35:00,1930.0,1940.0,1925.0,1935.0,528900
2026-04-10 10:40:00,1935.0,1935.0,1930.0,1935.0,452800
2026-04-10 10:45:00,1935.0,1940.0,1935.0,1935.0,7200
2026-04-10 10:50:00,1935.0,1940.0,1935.0,1935.0,31500
2026-04-10 10:55:00,1935.0,1940.0,1935.0,1940.0,9600
2026-04-10 11:00:00,1935.0,1935.0,1935.0,1935.0,31700
2026-04-10 11:05:00,1935.0,1940.0,1935.0,1935.0,202100
2026-04-10 11:10:00,1935.0,1940.0,1935.0,1935.0,155300
2026-04-10 11:15:00,1935.0,1935.0,1930.0,1930.0,500500
2026-04-10 11:20:00,1930.0,1935.0,1930.0,1930.0,236500
2026-04-10 11:25:00,1930.0,1935.0,1925.0,1925.0,723200
2026-04-10 14:00:00,1925.0,1930.0,1920.0,1920.0,719500
2026-04-10 14:05:00,1925.0,1925.0,1920.0,1920.0,237200
2026-04-10 14:10:00,1925.0,1930.0,1920.0,1930.0,547900
2026-04-10 14:15:00,1930.0,1930.0,1925.0,1930.0,14200
2026-04-10 14:20:00,1930.0,1930.0,1925.0,1930.0,80600
2026-04-10 14:25:00,1925.0,1930.0,1925.0,1925.0,393000
2026-04-10 14:30:00,1925.0,1925.0,1920.0,1920.0,249200
2026-04-10 14:35:00,1920.0,1925.0,1915.0,1915.0,808700
2026-04-10 14:40:00,1915.0,1915.0,1910.0,1910.0,405400
2026-04-10 14:45:00,1910.0,1915.0,1905.0,1910.0,528100
2026-04-10 14:50:00,1905.0,1910.0,1905.0,1905.0,353900
2026-04-10 14:55:00,1905.0,1905.0,1900.0,1900.0,701700
2026-04-10 15:00:00,1900.0,1910.0,1895.0,1910.0,1111700
2026-04-10 15:05:00,1910.0,1915.0,1905.0,1905.0,261800
2026-04-10 15:10:00,1900.0,1905.0,1900.0,1900.0,74700
2026-04-10 15:15:00,1905.0,1905.0,1900.0,1905.0,90900
2026-04-10 15:20:00,1905.0,1905.0,1900.0,1900.0,203900
2026-04-10 15:25:00,1900.0,1905.0,1900.0,1905.0,285700
2026-04-10 15:30:00,1900.0,1905.0,1900.0,1900.0,280100
2026-04-10 15:35:00,1900.0,1905.0,1900.0,1900.0,368600
2026-04-10 15:40:00,1905.0,1905.0,1900.0,1900.0,838900
2026-04-10 15:45:00,1900.0,1905.0,1900.0,1905.0,610000
2026-04-10 16:00:00,1900.0,1900.0,1900.0,1900.0,668800
2026-04-10 16:10:00,1900.0,1900.0,1900.0,1900.0,227500
2026-04-13 09:00:00,1905.0,1915.0,1900.0,1910.0,0
2026-04-13 09:05:00,1910.0,1910.0,1905.0,1905.0,78900
2026-04-13 09:10:00,1905.0,1915.0,1900.0,1905.0,418200
2026-04-13 09:15:00,1905.0,1915.0,1905.0,1910.0,169700
2026-04-13 09:20:00,1905.0,1910.0,1900.0,1905.0,253100
2026-04-13 09:25:00,1905.0,1910.0,1900.0,1905.0,1177500
2026-04-13 09:30:00,1905.0,1905.0,1900.0,1905.0,144000
2026-04-13 09:35:00,1905.0,1905.0,1900.0,1905.0,9100
2026-04-13 09:40:00,1905.0,1905.0,1900.0,1905.0,54700
2026-04-13 09:45:00,1905.0,1905.0,1900.0,1905.0,65000
2026-04-13 09:50:00,1900.0,1905.0,1900.0,1900.0,307900
2026-04-13 09:55:00,1900.0,1905.0,1900.0,1905.0,13600
2026-04-13 10:00:00,1900.0,1905.0,1900.0,1905.0,89300
2026-04-13 10:05:00,1900.0,1900.0,1890.0,1890.0,369300
2026-04-13 10:10:00,1895.0,1895.0,1890.0,1895.0,260400
2026-04-13 10:15:00,1900.0,1900.0,1895.0,1900.0,9200
2026-04-13 10:20:00,1895.0,1900.0,1895.0,1900.0,40600
2026-04-13 10:25:00,1900.0,1900.0,1895.0,1895.0,200
2026-04-13 10:30:00,1895.0,1900.0,1890.0,1895.0,352300
2026-04-13 10:35:00,1895.0,1895.0,1895.0,1895.0,339600
2026-04-13 10:40:00,1895.0,1900.0,1895.0,1895.0,86500
2026-04-13 10:45:00,1900.0,1900.0,1895.0,1895.0,105400
2026-04-13 10:50:00,1895.0,1895.0,1890.0,1895.0,204200
2026-04-13 10:55:00,1895.0,1895.0,1895.0,1895.0,5400
2026-04-13 11:00:00,1895.0,1900.0,1895.0,1900.0,133400
2026-04-13 11:05:00,1900.0,1900.0,1900.0,1900.0,15300
2026-04-13 11:10:00,1900.0,1905.0,1900.0,1900.0,266300
2026-04-13 11:15:00,1905.0,1905.0,1900.0,1905.0,87900
2026-04-13 11:20:00,1910.0,1910.0,1905.0,1910.0,11600
2026-04-13 11:25:00,1910.0,1910.0,1905.0,1905.0,56200
2026-04-13 11:30:00,1905.0,1910.0,1905.0,1910.0,45500
2026-04-13 11:35:00,1900.0,1900.0,1900.0,1900.0,17200
2026-04-13 11:40:00,1900.0,1910.0,1900.0,1905.0,23900
2026-04-13 11:45:00,1905.0,1910.0,1905.0,1910.0,32100
2026-04-13 11:50:00,1905.0,1910.0,1905.0,1905.0,42400
2026-04-13 11:55:00,1905.0,1910.0,1900.0,1900.0,184500
2026-04-13 13:30:00,1900.0,1905.0,1900.0,1905.0,11500
2026-04-13 13:35:00,1900.0,1905.0,1900.0,1905.0,8000
2026-04-13 13:40:00,1900.0,1900.0,1900.0,1900.0,0
2026-04-13 13:45:00,1900.0,1900.0,1900.0,1900.0,7600
2026-04-13 13:50:00,1905.0,1905.0,1900.0,1900.0,4800
2026-04-13 13:55:00,1900.0,1905.0,1900.0,1900.0,29800
2026-04-13 14:00:00,1900.0,1905.0,1900.0,1905.0,24400
2026-04-13 14:05:00,1900.0,1905.0,1900.0,1905.0,35400
2026-04-13 14:10:00,1905.0,1905.0,1900.0,1900.0,18800
2026-04-13 14:15:00,1900.0,1905.0,1900.0,1900.0,17900
2026-04-13 14:20:00,1900.0,1905.0,1900.0,1905.0,87200
2026-04-13 14:25:00,1900.0,1905.0,1900.0,1900.0,53800
2026-04-13 14:30:00,1905.0,1905.0,1900.0,1905.0,52400
2026-04-13 14:35:00,1900.0,1905.0,1900.0,1900.0,14300
2026-04-13 14:40:00,1900.0,1905.0,1900.0,1900.0,24600
2026-04-13 14:45:00,1900.0,1905.0,1900.0,1900.0,451300
2026-04-13 14:50:00,1905.0,1905.0,1900.0,1900.0,18500
2026-04-13 14:55:00,1905.0,1905.0,1900.0,1900.0,40000
2026-04-13 15:00:00,1900.0,1910.0,1900.0,1905.0,331300
2026-04-13 15:05:00,1905.0,1905.0,1905.0,1905.0,36800
2026-04-13 15:10:00,1905.0,1905.0,1900.0,1900.0,53000
2026-04-13 15:15:00,1900.0,1905.0,1900.0,1900.0,46700
2026-04-13 15:20:00,1900.0,1905.0,1900.0,1900.0,88500
2026-04-13 15:25:00,1900.0,1905.0,1900.0,1900.0,63200
2026-04-13 15:30:00,1900.0,1900.0,1900.0,1900.0,68500
2026-04-13 15:35:00,1900.0,1905.0,1900.0,1900.0,61600
2026-04-13 15:40:00,1900.0,1905.0,1900.0,1900.0,396200
2026-04-13 15:45:00,1900.0,1905.0,1900.0,1900.0,318000
2026-04-13 16:00:00,1905.0,1905.0,1905.0,1905.0,158800
2026-04-13 16:05:00,1905.0,1905.0,1905.0,1905.0,10800
2026-04-13 16:10:00,1905.0,1905.0,1905.0,1905.0,44000
2026-04-14 09:00:00,1910.0,1910.0,1905.0,1910.0,0
2026-04-14 09:05:00,1915.0,1920.0,1910.0,1915.0,91100
2026-04-14 09:10:00,1915.0,1915.0,1910.0,1915.0,13100
2026-04-14 09:15:00,1915.0,1920.0,1915.0,1915.0,96200
2026-04-14 09:20:00,1920.0,1920.0,1915.0,1920.0,80000
2026-04-14 09:25:00,1920.0,1930.0,1915.0,1925.0,335900
2026-04-14 09:30:00,1930.0,1940.0,1925.0,1930.0,158000
2026-04-14 09:35:00,1930.0,1935.0,1925.0,1935.0,84200
2026-04-14 09:40:00,1935.0,1935.0,1930.0,1935.0,61600
2026-04-14 09:45:00,1935.0,1935.0,1930.0,1930.0,128900
2026-04-14 09:50:00,1930.0,1940.0,1930.0,1935.0,180200
2026-04-14 09:55:00,1935.0,1935.0,1930.0,1935.0,28300
2026-04-14 10:00:00,1930.0,1935.0,1925.0,1930.0,295900
2026-04-14 10:05:00,1930.0,1935.0,1925.0,1925.0,126100
2026-04-14 10:10:00,1925.0,1930.0,1920.0,1920.0,107700
2026-04-14 10:15:00,1920.0,1925.0,1920.0,1920.0,61600
2026-04-14 10:20:00,1925.0,1925.0,1920.0,1925.0,66000
2026-04-14 10:25:00,1925.0,1925.0,1920.0,1920.0,45100
2026-04-14 10:30:00,1920.0,1925.0,1915.0,1915.0,279200
2026-04-14 10:35:00,1915.0,1920.0,1910.0,1915.0,171600
2026-04-14 10:40:00,1915.0,1915.0,1910.0,1915.0,39000
2026-04-14 10:45:00,1915.0,1915.0,1910.0,1915.0,47500
2026-04-14 10:50:00,1910.0,1915.0,1910.0,1915.0,387500
2026-04-14 10:55:00,1915.0,1915.0,1910.0,1915.0,33000
2026-04-14 11:00:00,1915.0,1915.0,1910.0,1915.0,22200
2026-04-14 11:05:00,1915.0,1915.0,1910.0,1915.0,12400
2026-04-14 11:10:00,1915.0,1915.0,1915.0,1915.0,41900
2026-04-14 11:15:00,1915.0,1915.0,1915.0,1915.0,62300
2026-04-14 11:20:00,1915.0,1915.0,1915.0,1915.0,13200
2026-04-14 11:25:00,1915.0,1915.0,1910.0,1910.0,60500
2026-04-14 11:30:00,1915.0,1915.0,1910.0,1915.0,60500
2026-04-14 11:35:00,1915.0,1915.0,1910.0,1915.0,36100
2026-04-14 11:40:00,1910.0,1915.0,1910.0,1915.0,121200
2026-04-14 11:45:00,1910.0,1915.0,1905.0,1905.0,269600
2026-04-14 11:50:00,1905.0,1910.0,1905.0,1905.0,171800
2026-04-14 11:55:00,1905.0,1910.0,1905.0,1905.0,156800
2026-04-14 13:30:00,1910.0,1910.0,1900.0,1905.0,631200
2026-04-14 13:35:00,1905.0,1910.0,1900.0,1905.0,44700
2026-04-14 13:40:00,1905.0,1910.0,1905.0,1905.0,34800
2026-04-14 13:45:00,1905.0,1910.0,1905.0,1905.0,51000
2026-04-14 13:50:00,1905.0,1905.0,1900.0,1905.0,19800
2026-04-14 13:55:00,1905.0,1905.0,1900.0,1905.0,47100
2026-04-14 14:00:00,1905.0,1905.0,1900.0,1900.0,28000
2026-04-14 14:05:00,1905.0,1905.0,1900.0,1905.0,14700
2026-04-14 14:10:00,1905.0,1905.0,1900.0,1900.0,24400
2026-04-14 14:15:00,1905.0,1905.0,1900.0,1905.0,145400
2026-04-14 14:20:00,1900.0,1905.0,1900.0,1905.0,119100
2026-04-14 14:25:00,1905.0,1910.0,1900.0,1905.0,395600
2026-04-14 14:30:00,1905.0,1905.0,1900.0,1905.0,16600
2026-04-14 14:35:00,1905.0,1905.0,1900.0,1900.0,135600
2026-04-14 14:40:00,1905.0,1905.0,1900.0,1900.0,239800
2026-04-14 14:45:00,1905.0,1905.0,1900.0,1905.0,32800
2026-04-14 14:50:00,1905.0,1905.0,1900.0,1900.0,123500
2026-04-14 14:55:00,1900.0,1905.0,1900.0,1905.0,129500
2026-04-14 15:00:00,1905.0,1905.0,1900.0,1905.0,133800
2026-04-14 15:05:00,1905.0,1905.0,1900.0,1900.0,134300
2026-04-14 15:10:00,1900.0,1910.0,1900.0,1905.0,331600
2026-04-14 15:15:00,1900.0,1910.0,1900.0,1910.0,293800
2026-04-14 15:20:00,1905.0,1910.0,1900.0,1900.0,376800
2026-04-14 15:25:00,1905.0,1910.0,1900.0,1905.0,430600
2026-04-14 15:30:00,1905.0,1910.0,1900.0,1905.0,692900
2026-04-14 15:35:00,1900.0,1905.0,1900.0,1900.0,587500
2026-04-14 15:40:00,1905.0,1905.0,1900.0,1900.0,944200
2026-04-14 15:45:00,1905.0,1910.0,1900.0,1910.0,620000
2026-04-14 16:00:00,1910.0,1910.0,1910.0,1910.0,732100
2026-04-14 16:05:00,1910.0,1910.0,1910.0,1910.0,3300
2026-04-15 09:00:00,1915.0,1925.0,1915.0,1915.0,0
2026-04-15 09:05:00,1915.0,1920.0,1915.0,1920.0,113600
2026-04-15 09:10:00,1915.0,1920.0,1910.0,1915.0,271600
2026-04-15 09:15:00,1915.0,1915.0,1910.0,1910.0,35300
2026-04-15 09:20:00,1915.0,1915.0,1910.0,1910.0,49900
2026-04-15 09:25:00,1910.0,1915.0,1910.0,1910.0,48700
2026-04-15 09:30:00,1915.0,1915.0,1910.0,1910.0,224000
2026-04-15 09:35:00,1910.0,1915.0,1905.0,1905.0,639000
2026-04-15 09:40:00,1905.0,1910.0,1900.0,1905.0,404200
2026-04-15 09:45:00,1900.0,1905.0,1900.0,1905.0,163700
2026-04-15 09:50:00,1900.0,1905.0,1900.0,1905.0,66100
2026-04-15 09:55:00,1900.0,1905.0,1900.0,1900.0,62100
2026-04-15 10:00:00,1900.0,1905.0,1900.0,1900.0,119100
2026-04-15 10:05:00,1905.0,1905.0,1900.0,1905.0,91900
2026-04-15 10:10:00,1900.0,1905.0,1900.0,1900.0,62200
2026-04-15 10:15:00,1900.0,1905.0,1900.0,1900.0,38800
2026-04-15 10:20:00,1905.0,1905.0,1900.0,1900.0,56900
2026-04-15 10:25:00,1905.0,1905.0,1900.0,1900.0,84000
2026-04-15 10:30:00,1900.0,1905.0,1900.0,1900.0,119500
2026-04-15 10:35:00,1905.0,1905.0,1900.0,1905.0,22200
2026-04-15 10:40:00,1900.0,1905.0,1900.0,1905.0,67800
2026-04-15 10:45:00,1900.0,1905.0,1900.0,1900.0,47000
2026-04-15 10:50:00,1900.0,1905.0,1900.0,1900.0,120500
2026-04-15 10:55:00,1900.0,1905.0,1900.0,1900.0,126000
2026-04-15 11:00:00,1900.0,1905.0,1900.0,1900.0,87000
2026-04-15 11:05:00,1900.0,1905.0,1900.0,1900.0,62100
2026-04-15 11:10:00,1900.0,1905.0,1900.0,1905.0,78600
2026-04-15 11:15:00,1900.0,1905.0,1900.0,1900.0,64300
2026-04-15 11:20:00,1900.0,1905.0,1900.0,1900.0,82400
2026-04-15 11:25:00,1900.0,1905.0,1900.0,1900.0,61400
2026-04-15 11:30:00,1900.0,1905.0,1900.0,1900.0,52800
2026-04-15 11:35:00,1900.0,1905.0,1900.0,1900.0,300900
2026-04-15 11:40:00,1900.0,1905.0,1900.0,1900.0,247300
2026-04-15 11:45:00,1900.0,1905.0,1900.0,1900.0,69200
2026-04-15 11:50:00,1900.0,1905.0,1900.0,1900.0,182300
2026-04-15 11:55:00,1900.0,1905.0,1900.0,1905.0,99400
2026-04-15 13:30:00,1905.0,1905.0,1895.0,1900.0,479500
2026-04-15 13:35:00,1900.0,1900.0,1890.0,1890.0,458600
2026-04-15 13:40:00,1895.0,1895.0,1890.0,1890.0,33600
2026-04-15 13:45:00,1890.0,1895.0,1890.0,1890.0,71200
2026-04-15 13:50:00,1890.0,1895.0,1890.0,1890.0,46900
2026-04-15 13:55:00,1890.0,1895.0,1890.0,1890.0,55800
2026-04-15 14:00:00,1890.0,1895.0,1890.0,1890.0,147100
2026-04-15 14:05:00,1890.0,1895.0,1885.0,1885.0,378900
2026-04-15 14:10:00,1885.0,1890.0,1885.0,1890.0,54300
2026-04-15 14:15:00,1885.0,1890.0,1885.0,1885.0,51000
2026-04-15 14:20:00,1885.0,1890.0,1885.0,1890.0,236400
2026-04-15 14:25:00,1890.0,1890.0,1885.0,1890.0,68300
2026-04-15 14:30:00,1885.0,1895.0,1885.0,1890.0,458900
2026-04-15 14:35:00,1890.0,1895.0,1890.0,1895.0,105600
2026-04-15 14:40:00,1890.0,1895.0,1890.0,1890.0,154000
2026-04-15 14:45:00,1895.0,1895.0,1890.0,1890.0,42700
2026-04-15 14:50:00,1890.0,1895.0,1890.0,1890.0,189100
2026-04-15 14:55:00,1890.0,1895.0,1890.0,1890.0,61500
2026-04-15 15:00:00,1890.0,1895.0,1890.0,1890.0,170900
2026-04-15 15:05:00,1890.0,1895.0,1890.0,1890.0,192400
2026-04-15 15:10:00,1890.0,1895.0,1890.0,1895.0,171700
2026-04-15 15:15:00,1895.0,1895.0,1885.0,1890.0,908100
2026-04-15 15:20:00,1885.0,1890.0,1885.0,1885.0,72900
2026-04-15 15:25:00,1890.0,1890.0,1885.0,1890.0,157900
2026-04-15 15:30:00,1890.0,1890.0,1880.0,1880.0,579300
2026-04-15 15:35:00,1880.0,1885.0,1880.0,1880.0,285800
2026-04-15 15:40:00,1885.0,1885.0,1880.0,1880.0,243100
2026-04-15 15:45:00,1885.0,1885.0,1875.0,1885.0,909600
2026-04-15 16:00:00,1885.0,1885.0,1885.0,1885.0,186100
2026-04-15 16:10:00,1885.0,1885.0,1885.0,1885.0,0
2026-04-16 09:00:00,1890.0,1890.0,1885.0,1885.0,0
2026-04-16 09:05:00,1890.0,1890.0,1885.0,1885.0,39200
2026-04-16 09:10:00,1885.0,1885.0,1880.0,1880.0,374200
2026-04-16 09:15:00,1880.0,1885.0,1880.0,1880.0,102800
2026-04-16 09:20:00,1880.0,1885.0,1880.0,1885.0,88600
2026-04-16 09:25:00,1880.0,1885.0,1880.0,1880.0,137900
2026-04-16 09:30:00,1880.0,1885.0,1880.0,1880.0,514200
2026-04-16 09:35:00,1880.0,1885.0,1875.0,1875.0,526500
2026-04-16 09:40:00,1880.0,1880.0,1875.0,1875.0,105000
2026-04-16 09:45:00,1875.0,1880.0,1870.0,1870.0,189000
2026-04-16 09:50:00,1870.0,1880.0,1870.0,1875.0,122500
2026-04-16 09:55:00,1875.0,1880.0,1875.0,1875.0,205100
2026-04-16 10:00:00,1870.0,1875.0,1870.0,1875.0,110800
2026-04-16 10:05:00,1870.0,1875.0,1870.0,1875.0,24100
2026-04-16 10:10:00,1875.0,1875.0,1870.0,1870.0,156200
2026-04-16 10:15:00,1870.0,1875.0,1870.0,1870.0,81600
2026-04-16 10:20:00,1870.0,1875.0,1870.0,1875.0,90400
2026-04-16 10:25:00,1870.0,1875.0,1870.0,1870.0,82300
2026-04-16 10:30:00,1870.0,1875.0,1870.0,1870.0,182300
2026-04-16 10:35:00,1875.0,1875.0,1870.0,1875.0,23500
2026-04-16 10:40:00,1875.0,1875.0,1870.0,1875.0,105000
2026-04-16 10:45:00,1870.0,1875.0,1870.0,1870.0,214600
2026-04-16 10:50:00,1870.0,1875.0,1870.0,1875.0,110500
2026-04-16 10:55:00,1870.0,1870.0,1870.0,1870.0,177200
2026-04-16 11:00:00,1870.0,1875.0,1870.0,1875.0,103100
2026-04-16 11:05:00,1865.0,1870.0,1865.0,1865.0,35800
2026-04-16 11:10:00,1865.0,1870.0,1865.0,1870.0,46900
2026-04-16 11:15:00,1865.0,1870.0,1865.0,1865.0,76400
2026-04-16 11:20:00,1865.0,1870.0,1865.0,1870.0,73900
2026-04-16 11:25:00,1870.0,1870.0,1865.0,1865.0,64000
2026-04-16 11:30:00,1870.0,1870.0,1865.0,1870.0,72800
2026-04-16 11:35:00,1870.0,1870.0,1865.0,1865.0,23700
2026-04-16 11:40:00,1865.0,1870.0,1865.0,1870.0,55000
2026-04-16 11:45:00,1865.0,1870.0,1865.0,1870.0,39600
2026-04-16 11:50:00,1865.0,1875.0,1865.0,1870.0,627100
2026-04-16 11:55:00,1870.0,1875.0,1870.0,1870.0,222600
2026-04-16 13:30:00,1870.0,1875.0,1865.0,1870.0,303400
2026-04-16 13:35:00,1865.0,1870.0,1865.0,1870.0,52300
2026-04-16 13:40:00,1870.0,1870.0,1865.0,1870.0,28100
2026-04-16 13:45:00,1865.0,1870.0,1865.0,1870.0,66600
2026-04-16 13:50:00,1865.0,1870.0,1865.0,1870.0,20900
2026-04-16 13:55:00,1870.0,1870.0,1865.0,1870.0,25100
2026-04-16 14:00:00,1865.0,1870.0,1865.0,1865.0,461400
2026-04-16 14:05:00,1865.0,1870.0,1865.0,1865.0,329000
2026-04-16 14:10:00,1865.0,1870.0,1865.0,1865.0,179700
2026-04-16 14:15:00,1865.0,1870.0,1865.0,1865.0,196300
2026-04-16 14:20:00,1865.0,1875.0,1865.0,1870.0,1037800
2026-04-16 14:25:00,1870.0,1875.0,1870.0,1875.0,259900
2026-04-16 14:30:00,1870.0,1875.0,1870.0,1870.0,202500
2026-04-16 14:35:00,1870.0,1875.0,1870.0,1870.0,179300
2026-04-16 14:40:00,1870.0,1880.0,1870.0,1875.0,589600
2026-04-16 14:45:00,1875.0,1880.0,1875.0,1880.0,60300
2026-04-16 14:50:00,1875.0,1880.0,1875.0,1880.0,91500
2026-04-16 14:55:00,1875.0,1890.0,1875.0,1885.0,607700
2026-04-16 15:00:00,1890.0,1895.0,1885.0,1895.0,294200
2026-04-16 15:05:00,1895.0,1895.0,1885.0,1890.0,106300
2026-04-16 15:10:00,1890.0,1895.0,1885.0,1890.0,88900
2026-04-16 15:15:00,1885.0,1890.0,1885.0,1890.0,185700
2026-04-16 15:20:00,1895.0,1895.0,1890.0,1895.0,44300
2026-04-16 15:25:00,1890.0,1895.0,1890.0,1895.0,129300
2026-04-16 15:30:00,1895.0,1895.0,1885.0,1890.0,180700
2026-04-16 15:35:00,1890.0,1895.0,1885.0,1895.0,272700
2026-04-16 15:40:00,1890.0,1895.0,1890.0,1895.0,158000
2026-04-16 15:45:00,1895.0,1905.0,1890.0,1905.0,512200
2026-04-16 16:00:00,1905.0,1905.0,1905.0,1905.0,179700
2026-04-16 16:05:00,1905.0,1905.0,1905.0,1905.0,3500
2026-04-16 16:10:00,1905.0,1905.0,1905.0,1905.0,41000
2026-04-17 09:00:00,1905.0,1910.0,1900.0,1900.0,0
2026-04-17 09:05:00,1900.0,1905.0,1895.0,1905.0,227500
2026-04-17 09:10:00,1900.0,1905.0,1900.0,1905.0,66100
2026-04-17 09:15:00,1900.0,1910.0,1900.0,1905.0,54200
2026-04-17 09:20:00,1900.0,1905.0,1900.0,1905.0,8900
2026-04-17 09:25:00,1905.0,1910.0,1905.0,1910.0,200400
2026-04-17 09:30:00,1910.0,1920.0,1910.0,1915.0,264400
2026-04-17 09:35:00,1910.0,1910.0,1905.0,1910.0,186300
2026-04-17 09:40:00,1905.0,1910.0,1905.0,1910.0,53100
2026-04-17 09:45:00,1910.0,1915.0,1910.0,1910.0,44800
2026-04-17 09:50:00,1910.0,1910.0,1910.0,1910.0,11300
2026-04-17 09:55:00,1915.0,1915.0,1910.0,1910.0,44800
2026-04-17 10:00:00,1910.0,1915.0,1910.0,1910.0,42400
2026-04-17 10:05:00,1910.0,1915.0,1910.0,1910.0,11600
2026-04-17 10:10:00,1910.0,1915.0,1910.0,1910.0,51600
2026-04-17 10:15:00,1910.0,1915.0,1910.0,1910.0,23200
2026-04-17 10:20:00,1915.0,1915.0,1910.0,1910.0,32500
2026-04-17 10:25:00,1910.0,1910.0,1910.0,1910.0,15500
2026-04-17 10:30:00,1910.0,1910.0,1895.0,1895.0,1080700
2026-04-17 10:35:00,1895.0,1895.0,1895.0,1895.0,190200
2026-04-17 10:40:00,1895.0,1895.0,1895.0,1895.0,28600
2026-04-17 10:45:00,1895.0,1895.0,1885.0,1890.0,324900
2026-04-17 10:50:00,1885.0,1890.0,1885.0,1885.0,91100
2026-04-17 10:55:00,1885.0,1890.0,1885.0,1885.0,103400
2026-04-17 11:00:00,1885.0,1885.0,1880.0,1885.0,212000
2026-04-17 11:05:00,1885.0,1885.0,1880.0,1885.0,62200
2026-04-17 11:10:00,1880.0,1885.0,1880.0,1885.0,211200
2026-04-17 11:15:00,1885.0,1885.0,1880.0,1885.0,99200
2026-04-17 11:20:00,1880.0,1885.0,1880.0,1880.0,103200
2026-04-17 11:25:00,1880.0,1885.0,1880.0,1885.0,112700
2026-04-17 14:00:00,1885.0,1885.0,1870.0,1870.0,1035600
2026-04-17 14:05:00,1875.0,1875.0,1870.0,1875.0,68700
2026-04-17 14:10:00,1870.0,1875.0,1870.0,1875.0,545400
2026-04-17 14:15:00,1875.0,1875.0,1870.0,1875.0,19600
2026-04-17 14:20:00,1870.0,1875.0,1870.0,1875.0,222400
2026-04-17 14:25:00,1875.0,1875.0,1870.0,1870.0,110200
2026-04-17 14:30:00,1875.0,1880.0,1870.0,1875.0,728700
2026-04-17 14:35:00,1875.0,1875.0,1870.0,1875.0,224800
2026-04-17 14:40:00,1875.0,1875.0,1870.0,1875.0,164900
2026-04-17 14:45:00,1875.0,1875.0,1870.0,1875.0,188100
2026-04-17 14:50:00,1875.0,1875.0,1870.0,1875.0,111200
2026-04-17 14:55:00,1875.0,1875.0,1870.0,1870.0,805700
2026-04-17 15:00:00,1870.0,1870.0,1870.0,1870.0,76900
2026-04-17 15:05:00,1870.0,1875.0,1870.0,1875.0,180300
2026-04-17 15:10:00,1870.0,1875.0,1870.0,1870.0,41600
2026-04-17 15:15:00,1870.0,1875.0,1870.0,1870.0,69800
2026-04-17 15:20:00,1870.0,1875.0,1870.0,1870.0,161400
2026-04-17 15:25:00,1875.0,1875.0,1870.0,1870.0,86600
2026-04-17 15:30:00,1870.0,1875.0,1870.0,1870.0,59900
2026-04-17 15:35:00,1870.0,1875.0,1870.0,1875.0,85400
2026-04-17 15:40:00,1870.0,1875.0,1870.0,1870.0,297100
2026-04-17 15:45:00,1870.0,1875.0,1865.0,1875.0,625000
2026-04-17 16:00:00,1875.0,1875.0,1875.0,1875.0,400300
2026-04-17 16:05:00,1875.0,1875.0,1875.0,1875.0,25800
2026-04-17 16:10:00,1875.0,1875.0,1875.0,1875.0,30500
2026-04-20 09:00:00,1880.0,1890.0,1865.0,1870.0,0
2026-04-20 09:05:00,1870.0,1880.0,1870.0,1870.0,166400
2026-04-20 09:10:00,1875.0,1875.0,1870.0,1875.0,29500
2026-04-20 09:15:00,1870.0,1875.0,1865.0,1870.0,182800
2026-04-20 09:20:00,1870.0,1875.0,1865.0,1870.0,553800
2026-04-20 09:25:00,1870.0,1870.0,1865.0,1870.0,24200
2026-04-20 09:30:00,1865.0,1870.0,1860.0,1865.0,363100
2026-04-20 09:35:00,1865.0,1870.0,1865.0,1870.0,443700
2026-04-20 09:40:00,1870.0,1870.0,1865.0,1865.0,106800
2026-04-20 09:45:00,1865.0,1870.0,1860.0,1860.0,313100
2026-04-20 09:50:00,1865.0,1865.0,1860.0,1865.0,20000
2026-04-20 09:55:00,1865.0,1865.0,1860.0,1865.0,73100
2026-04-20 10:00:00,1865.0,1865.0,1860.0,1865.0,16500
2026-04-20 10:05:00,1865.0,1865.0,1865.0,1865.0,21100
2026-04-20 10:10:00,1860.0,1865.0,1860.0,1865.0,3300
2026-04-20 10:15:00,1865.0,1865.0,1860.0,1860.0,244500
2026-04-20 10:20:00,1860.0,1865.0,1860.0,1865.0,97900
2026-04-20 10:25:00,1865.0,1865.0,1860.0,1860.0,422600
2026-04-20 10:30:00,1860.0,1865.0,1855.0,1860.0,155900
2026-04-20 10:35:00,1855.0,1860.0,1855.0,1860.0,50400
2026-04-20 10:40:00,1860.0,1860.0,1850.0,1850.0,694500
2026-04-20 10:45:00,1850.0,1855.0,1850.0,1855.0,13000
2026-04-20 10:50:00,1850.0,1855.0,1850.0,1855.0,40000
2026-04-20 10:55:00,1855.0,1855.0,1850.0,1855.0,46600
2026-04-20 11:00:00,1850.0,1855.0,1845.0,1845.0,458400
2026-04-20 11:05:00,1850.0,1850.0,1845.0,1850.0,17400
2026-04-20 11:10:00,1850.0,1850.0,1845.0,1850.0,50400
2026-04-20 11:15:00,1850.0,1850.0,1845.0,1850.0,324100
2026-04-20 11:20:00,1845.0,1850.0,1845.0,1845.0,48600
2026-04-20 11:25:00,1845.0,1850.0,1845.0,1845.0,141800
2026-04-20 16:05:00,1835.0,1835.0,1835.0,1835.0,8658300
2026-04-21 09:00:00,1840.0,1840.0,1830.0,1830.0,0
2026-04-21 09:05:00,1830.0,1835.0,1830.0,1830.0,120000
2026-04-21 09:10:00,1830.0,1835.0,1830.0,1830.0,29700
2026-04-21 09:15:00,1830.0,1835.0,1830.0,1835.0,150500
2026-04-21 09:20:00,1830.0,1835.0,1825.0,1830.0,221100
2026-04-21 09:25:00,1835.0,1835.0,1830.0,1835.0,97200
2026-04-21 09:30:00,1830.0,1835.0,1825.0,1830.0,355400
2026-04-21 09:35:00,1830.0,1830.0,1825.0,1830.0,90800
2026-04-21 09:40:00,1830.0,1830.0,1825.0,1825.0,16300
2026-04-21 09:45:00,1830.0,1830.0,1830.0,1830.0,39400
2026-04-21 09:50:00,1830.0,1830.0,1825.0,1830.0,840200
2026-04-21 09:55:00,1825.0,1825.0,1820.0,1820.0,110000
2026-04-21 10:00:00,1820.0,1825.0,1820.0,1825.0,63100
2026-04-21 10:05:00,1820.0,1825.0,1820.0,1825.0,32900
2026-04-21 10:10:00,1825.0,1825.0,1820.0,1820.0,694100
2026-04-21 10:15:00,1820.0,1820.0,1815.0,1815.0,293400
2026-04-21 10:20:00,1820.0,1820.0,1815.0,1820.0,305200
2026-04-21 10:25:00,1815.0,1820.0,1815.0,1820.0,22900
2026-04-21 10:30:00,1815.0,1820.0,1810.0,1820.0,302700
2026-04-21 10:35:00,1815.0,1820.0,1810.0,1815.0,83300
2026-04-21 10:40:00,1815.0,1815.0,1810.0,1810.0,410200
2026-04-21 10:45:00,1810.0,1810.0,1805.0,1810.0,329600
2026-04-21 10:50:00,1810.0,1810.0,1805.0,1810.0,166100
2026-04-21 10:55:00,1805.0,1810.0,1800.0,1805.0,1189500
2026-04-21 11:00:00,1805.0,1805.0,1800.0,1805.0,128000
2026-04-21 11:05:00,1805.0,1805.0,1795.0,1795.0,993400
2026-04-21 11:10:00,1800.0,1800.0,1790.0,1800.0,595400
2026-04-21 11:15:00,1800.0,1800.0,1795.0,1800.0,186000
2026-04-21 11:20:00,1800.0,1800.0,1795.0,1795.0,327700
2026-04-21 11:25:00,1795.0,1800.0,1795.0,1800.0,529100
2026-04-21 11:30:00,1800.0,1805.0,1795.0,1800.0,116700
2026-04-21 11:35:00,1800.0,1805.0,1800.0,1800.0,304000
2026-04-21 11:40:00,1800.0,1805.0,1800.0,1800.0,75400
2026-04-21 11:45:00,1805.0,1805.0,1800.0,1800.0,14300
2026-04-21 11:50:00,1800.0,1805.0,1795.0,1805.0,473700
2026-04-21 11:55:00,1800.0,1805.0,1800.0,1800.0,18300
2026-04-21 13:30:00,1800.0,1805.0,1795.0,1800.0,1669100
2026-04-21 13:35:00,1795.0,1800.0,1795.0,1800.0,564200
2026-04-21 13:40:00,1800.0,1800.0,1795.0,1795.0,34700
2026-04-21 13:45:00,1800.0,1800.0,1795.0,1795.0,318900
2026-04-21 13:50:00,1795.0,1800.0,1795.0,1795.0,69800
2026-04-21 13:55:00,1795.0,1800.0,1795.0,1795.0,66300
2026-04-21 14:00:00,1795.0,1800.0,1795.0,1795.0,32500
2026-04-21 14:05:00,1795.0,1800.0,1795.0,1795.0,300200
2026-04-21 14:10:00,1795.0,1800.0,1795.0,1795.0,38300
2026-04-21 14:15:00,1800.0,1800.0,1795.0,1795.0,183000
2026-04-21 14:20:00,1795.0,1800.0,1790.0,1790.0,1831900
2026-04-21 14:25:00,1790.0,1795.0,1790.0,1790.0,415200
2026-04-21 14:30:00,1790.0,1795.0,1790.0,1790.0,202200
2026-04-21 14:35:00,1790.0,1795.0,1790.0,1790.0,217900
2026-04-21 14:40:00,1790.0,1795.0,1790.0,1790.0,239200
2026-04-21 14:45:00,1790.0,1795.0,1785.0,1790.0,941500
2026-04-21 14:50:00,1795.0,1795.0,1790.0,1790.0,945100
2026-04-21 14:55:00,1790.0,1795.0,1790.0,1790.0,454300
2026-04-21 15:00:00,1790.0,1795.0,1790.0,1790.0,464500
2026-04-21 15:05:00,1790.0,1795.0,1785.0,1790.0,218200
2026-04-21 15:10:00,1790.0,1790.0,1785.0,1785.0,536700
2026-04-21 15:15:00,1785.0,1790.0,1775.0,1780.0,1366800
2026-04-21 15:20:00,1775.0,1780.0,1775.0,1775.0,368500
2026-04-21 15:25:00,1780.0,1780.0,1775.0,1780.0,803700
2026-04-21 15:30:00,1780.0,1780.0,1775.0,1780.0,326900
2026-04-21 15:35:00,1780.0,1785.0,1775.0,1775.0,939200
2026-04-21 15:40:00,1775.0,1780.0,1775.0,1775.0,1017500
2026-04-21 15:45:00,1775.0,1780.0,1770.0,1775.0,852600
2026-04-21 16:00:00,1775.0,1775.0,1775.0,1775.0,474300
2026-04-21 16:05:00,1775.0,1775.0,1775.0,1775.0,22200
2026-04-21 16:10:00,1775.0,1775.0,1775.0,1775.0,312000
2026-04-22 09:00:00,1780.0,1785.0,1775.0,1780.0,0
2026-04-22 09:05:00,1775.0,1780.0,1775.0,1780.0,190800
2026-04-22 09:10:00,1780.0,1780.0,1775.0,1780.0,2021500
2026-04-22 09:15:00,1780.0,1780.0,1775.0,1780.0,592200
2026-04-22 09:20:00,1780.0,1780.0,1775.0,1780.0,144100
2026-04-22 09:25:00,1775.0,1780.0,1760.0,1765.0,1299300
2026-04-22 09:30:00,1765.0,1765.0,1760.0,1765.0,236100
2026-04-22 09:35:00,1765.0,1765.0,1760.0,1765.0,43700
2026-04-22 09:40:00,1765.0,1765.0,1760.0,1765.0,393300
2026-04-22 09:45:00,1765.0,1765.0,1760.0,1765.0,211000
2026-04-22 09:50:00,1765.0,1765.0,1760.0,1760.0,204100
2026-04-22 09:55:00,1760.0,1765.0,1755.0,1760.0,1065000
2026-04-22 10:00:00,1760.0,1760.0,1755.0,1760.0,77500
2026-04-22 10:05:00,1760.0,1760.0,1755.0,1755.0,180200
2026-04-22 10:10:00,1755.0,1760.0,1755.0,1760.0,550500
2026-04-22 10:15:00,1755.0,1760.0,1755.0,1755.0,1007900
2026-04-22 10:20:00,1755.0,1760.0,1755.0,1755.0,55600
2026-04-22 10:25:00,1760.0,1760.0,1755.0,1755.0,223400
2026-04-22 10:30:00,1760.0,1760.0,1755.0,1760.0,273000
2026-04-22 10:35:00,1760.0,1760.0,1755.0,1755.0,252200
2026-04-22 10:40:00,1755.0,1760.0,1755.0,1755.0,142300
2026-04-22 10:45:00,1755.0,1760.0,1755.0,1755.0,180500
2026-04-22 10:50:00,1760.0,1760.0,1755.0,1755.0,518100
2026-04-22 10:55:00,1760.0,1760.0,1755.0,1760.0,119400
2026-04-22 11:00:00,1755.0,1760.0,1755.0,1760.0,165500
2026-04-22 11:05:00,1755.0,1760.0,1755.0,1755.0,266000
2026-04-22 11:10:00,1760.0,1760.0,1755.0,1755.0,123400
2026-04-22 11:15:00,1755.0,1755.0,1750.0,1755.0,589200
2026-04-22 11:20:00,1755.0,1755.0,1750.0,1755.0,572600
2026-04-22 11:25:00,1755.0,1760.0,1755.0,1760.0,470400
2026-04-22 11:30:00,1760.0,1760.0,1755.0,1755.0,5700
2026-04-22 11:35:00,1760.0,1760.0,1755.0,1755.0,51100
2026-04-22 11:40:00,1755.0,1760.0,1750.0,1755.0,288700
2026-04-22 11:45:00,1755.0,1755.0,1750.0,1755.0,212600
2026-04-22 11:50:00,1755.0,1755.0,1755.0,1755.0,148700
2026-04-22 11:55:00,1755.0,1760.0,1755.0,1755.0,146900
2026-04-22 13:30:00,1755.0,1760.0,1755.0,1755.0,506700
2026-04-22 13:35:00,1755.0,1760.0,1755.0,1755.0,148400
2026-04-22 13:40:00,1760.0,1760.0,1755.0,1760.0,757300
2026-04-22 13:45:00,1755.0,1760.0,1755.0,1755.0,367900
2026-04-22 13:50:00,1755.0,1760.0,1755.0,1760.0,327300
2026-04-22 13:55:00,1760.0,1760.0,1755.0,1760.0,500300
2026-04-22 14:00:00,1755.0,1760.0,1755.0,1760.0,147400
2026-04-22 14:05:00,1760.0,1760.0,1755.0,1760.0,99400
2026-04-22 14:10:00,1755.0,1760.0,1755.0,1755.0,496100
2026-04-22 14:15:00,1755.0,1760.0,1755.0,1760.0,442700
2026-04-22 14:20:00,1755.0,1760.0,1755.0,1755.0,251400
2026-04-22 14:25:00,1755.0,1760.0,1755.0,1760.0,270000
2026-04-22 14:30:00,1755.0,1760.0,1755.0,1760.0,100100
2026-04-22 14:35:00,1760.0,1760.0,1755.0,1760.0,129700
2026-04-22 14:40:00,1760.0,1760.0,1755.0,1760.0,497900
2026-04-22 14:45:00,1755.0,1760.0,1755.0,1760.0,581700
2026-04-22 14:50:00,1760.0,1760.0,1755.0,1760.0,338500
2026-04-22 14:55:00,1760.0,1760.0,1755.0,1760.0,221500
2026-04-22 15:00:00,1755.0,1760.0,1755.0,1760.0,318500
2026-04-22 15:05:00,1760.0,1760.0,1755.0,1760.0,116000
2026-04-22 15:10:00,1755.0,1760.0,1755.0,1755.0,450900
2026-04-22 15:15:00,1755.0,1760.0,1755.0,1760.0,1437200
2026-04-22 15:20:00,1760.0,1760.0,1755.0,1760.0,950200
2026-04-22 15:25:00,1755.0,1760.0,1755.0,1760.0,228500
2026-04-22 15:30:00,1755.0,1760.0,1755.0,1755.0,1280500
2026-04-22 15:35:00,1760.0,1760.0,1755.0,1755.0,247400
2026-04-22 15:40:00,1760.0,1760.0,1755.0,1755.0,1391400
2026-04-22 15:45:00,1755.0,1760.0,1750.0,1755.0,995000
2026-04-22 16:00:00,1760.0,1760.0,1760.0,1760.0,536600
2026-04-22 16:05:00,1760.0,1760.0,1760.0,1760.0,2000
2026-04-22 16:10:00,1760.0,1760.0,1760.0,1760.0,1100
2026-04-23 09:00:00,1775.0,1790.0,1770.0,1790.0,0
2026-04-23 09:05:00,1790.0,1790.0,1785.0,1785.0,116800
2026-04-23 09:10:00,1785.0,1785.0,1780.0,1785.0,84700
2026-04-23 09:15:00,1785.0,1790.0,1780.0,1790.0,278800
2026-04-23 09:20:00,1790.0,1795.0,1785.0,1795.0,226600
2026-04-23 09:25:00,1790.0,1805.0,1790.0,1805.0,816700
2026-04-23 09:30:00,1800.0,1810.0,1800.0,1805.0,136300
2026-04-23 09:35:00,1805.0,1810.0,1805.0,1805.0,112500
2026-04-23 09:40:00,1805.0,1825.0,1800.0,1815.0,904200
2026-04-23 09:45:00,1815.0,1820.0,1810.0,1810.0,122800
2026-04-23 09:50:00,1815.0,1815.0,1805.0,1815.0,177500
2026-04-23 09:55:00,1815.0,1815.0,1810.0,1815.0,37700
2026-04-23 10:00:00,1810.0,1815.0,1810.0,1810.0,171500
2026-04-23 10:05:00,1805.0,1810.0,1805.0,1805.0,7900
2026-04-23 10:10:00,1805.0,1810.0,1800.0,1800.0,185300
2026-04-23 10:15:00,1800.0,1810.0,1800.0,1805.0,799500
2026-04-23 10:20:00,1805.0,1815.0,1805.0,1805.0,259300
2026-04-23 10:25:00,1805.0,1805.0,1800.0,1805.0,130300
2026-04-23 10:30:00,1805.0,1805.0,1800.0,1800.0,92000
2026-04-23 10:35:00,1805.0,1805.0,1800.0,1800.0,17200
2026-04-23 10:40:00,1805.0,1810.0,1805.0,1805.0,162900
2026-04-23 10:45:00,1805.0,1810.0,1805.0,1810.0,43100
2026-04-23 10:50:00,1805.0,1815.0,1805.0,1810.0,155200
2026-04-23 10:55:00,1810.0,1815.0,1810.0,1810.0,97000
2026-04-23 11:00:00,1810.0,1815.0,1810.0,1810.0,102400
2026-04-23 11:05:00,1815.0,1815.0,1810.0,1810.0,190500
2026-04-23 11:10:00,1810.0,1815.0,1810.0,1810.0,57500
2026-04-23 11:15:00,1810.0,1815.0,1810.0,1810.0,66700
2026-04-23 11:20:00,1810.0,1820.0,1810.0,1815.0,355700
2026-04-23 11:25:00,1815.0,1820.0,1815.0,1815.0,43100
2026-04-23 11:30:00,1815.0,1820.0,1815.0,1815.0,61600
2026-04-23 11:35:00,1820.0,1820.0,1815.0,1815.0,36600
2026-04-23 11:40:00,1820.0,1825.0,1815.0,1820.0,169800
2026-04-23 11:45:00,1825.0,1825.0,1820.0,1820.0,92600
2026-04-23 11:50:00,1820.0,1825.0,1820.0,1820.0,59400
2026-04-23 11:55:00,1820.0,1825.0,1820.0,1825.0,65000
2026-04-23 13:30:00,1825.0,1825.0,1820.0,1820.0,549200
2026-04-23 13:35:00,1820.0,1820.0,1820.0,1820.0,33800
2026-04-23 13:40:00,1820.0,1825.0,1815.0,1815.0,274100
2026-04-23 13:45:00,1815.0,1820.0,1815.0,1815.0,165200
2026-04-23 13:50:00,1815.0,1820.0,1815.0,1815.0,68000
2026-04-23 13:55:00,1815.0,1820.0,1815.0,1815.0,60700
2026-04-23 14:00:00,1815.0,1820.0,1815.0,1815.0,88800
2026-04-23 14:05:00,1815.0,1820.0,1815.0,1815.0,57500
2026-04-23 14:10:00,1815.0,1825.0,1815.0,1820.0,290000
2026-04-23 14:15:00,1820.0,1820.0,1815.0,1815.0,63100
2026-04-23 14:20:00,1815.0,1820.0,1815.0,1815.0,55100
2026-04-23 14:25:00,1815.0,1820.0,1815.0,1815.0,42700
2026-04-23 14:30:00,1815.0,1820.0,1815.0,1815.0,62700
2026-04-23 14:35:00,1815.0,1820.0,1815.0,1815.0,89100
2026-04-23 14:40:00,1820.0,1820.0,1815.0,1815.0,84900
2026-04-23 14:45:00,1815.0,1820.0,1815.0,1815.0,58000
2026-04-23 14:50:00,1815.0,1820.0,1815.0,1815.0,143800
2026-04-23 14:55:00,1815.0,1820.0,1810.0,1815.0,284400
2026-04-23 15:00:00,1815.0,1820.0,1815.0,1815.0,46500
2026-04-23 15:05:00,1815.0,1820.0,1815.0,1815.0,63100
2026-04-23 15:10:00,1815.0,1815.0,1815.0,1815.0,76800
2026-04-23 15:15:00,1815.0,1820.0,1815.0,1815.0,83100
2026-04-23 15:20:00,1815.0,1820.0,1815.0,1815.0,45400
2026-04-23 15:25:00,1815.0,1820.0,1815.0,1815.0,104500
2026-04-23 15:30:00,1820.0,1820.0,1815.0,1815.0,56100
2026-04-23 15:35:00,1815.0,1820.0,1815.0,1815.0,67000
2026-04-23 15:40:00,1820.0,1820.0,1815.0,1815.0,275700
2026-04-23 15:45:00,1820.0,1825.0,1815.0,1820.0,227000
2026-04-23 16:00:00,1820.0,1820.0,1820.0,1820.0,196900
2026-04-23 16:05:00,1820.0,1820.0,1820.0,1820.0,8000
2026-04-23 16:10:00,1820.0,1820.0,1820.0,1820.0,200
2026-04-24 09:00:00,1830.0,1840.0,1810.0,1810.0,0
2026-04-24 09:05:00,1815.0,1825.0,1815.0,1820.0,190100
2026-04-24 09:10:00,1820.0,1830.0,1815.0,1830.0,208800
2026-04-24 09:15:00,1830.0,1830.0,1820.0,1825.0,132900
2026-04-24 09:20:00,1825.0,1825.0,1815.0,1820.0,158900
2026-04-24 09:25:00,1820.0,1825.0,1815.0,1820.0,84400
2026-04-24 09:30:00,1820.0,1825.0,1820.0,1820.0,382700
2026-04-24 09:35:00,1815.0,1820.0,1815.0,1815.0,218000
2026-04-24 09:40:00,1815.0,1820.0,1815.0,1815.0,230200
2026-04-24 09:45:00,1815.0,1820.0,1815.0,1815.0,321200
2026-04-24 09:50:00,1820.0,1820.0,1815.0,1820.0,29800
2026-04-24 09:55:00,1815.0,1820.0,1815.0,1815.0,31300
2026-04-24 10:00:00,1815.0,1820.0,1815.0,1815.0,21700
2026-04-24 10:05:00,1820.0,1820.0,1815.0,1815.0,47400
2026-04-24 10:10:00,1820.0,1820.0,1815.0,1820.0,22500
2026-04-24 10:15:00,1815.0,1820.0,1815.0,1815.0,316400
2026-04-24 10:20:00,1815.0,1815.0,1815.0,1815.0,49700
2026-04-24 10:25:00,1815.0,1820.0,1815.0,1820.0,49400
2026-04-24 10:30:00,1815.0,1820.0,1815.0,1820.0,445700
2026-04-24 10:35:00,1815.0,1820.0,1815.0,1815.0,39900
2026-04-24 10:40:00,1815.0,1820.0,1815.0,1820.0,268300
2026-04-24 10:45:00,1820.0,1820.0,1815.0,1820.0,461300
2026-04-24 10:50:00,1815.0,1820.0,1815.0,1815.0,597500
2026-04-24 10:55:00,1815.0,1815.0,1810.0,1810.0,282600
2026-04-24 11:00:00,1815.0,1815.0,1810.0,1810.0,31900
2026-04-24 11:05:00,1815.0,1820.0,1810.0,1815.0,396200
2026-04-24 11:10:00,1820.0,1820.0,1815.0,1820.0,21500
2026-04-24 11:15:00,1820.0,1820.0,1815.0,1820.0,11000
2026-04-24 11:20:00,1820.0,1820.0,1815.0,1820.0,108200
2026-04-24 11:25:00,1820.0,1820.0,1815.0,1820.0,101300
2026-04-24 14:00:00,1820.0,1820.0,1815.0,1820.0,498800
2026-04-24 14:05:00,1820.0,1820.0,1810.0,1820.0,917200
2026-04-24 14:10:00,1815.0,1820.0,1810.0,1810.0,101600
2026-04-24 14:15:00,1810.0,1815.0,1810.0,1810.0,77100
2026-04-24 14:20:00,1815.0,1815.0,1810.0,1815.0,51900
2026-04-24 14:25:00,1810.0,1815.0,1810.0,1815.0,153200
2026-04-24 14:30:00,1815.0,1815.0,1810.0,1815.0,76200
2026-04-24 14:35:00,1815.0,1815.0,1810.0,1815.0,78300
2026-04-24 14:40:00,1815.0,1820.0,1815.0,1820.0,579400
2026-04-24 14:45:00,1820.0,1820.0,1820.0,1820.0,17500
2026-04-24 14:50:00,1820.0,1825.0,1815.0,1820.0,1113500
2026-04-24 14:55:00,1825.0,1825.0,1820.0,1820.0,137500
2026-04-24 15:00:00,1825.0,1825.0,1820.0,1825.0,105000
2026-04-24 15:05:00,1825.0,1825.0,1820.0,1825.0,86100
2026-04-24 15:10:00,1825.0,1825.0,1820.0,1820.0,1552600
2026-04-24 15:15:00,1820.0,1820.0,1815.0,1820.0,313900
2026-04-24 15:20:00,1820.0,1820.0,1815.0,1820.0,302300
2026-04-24 15:25:00,1815.0,1820.0,1815.0,1820.0,212100
2026-04-24 15:30:00,1820.0,1820.0,1815.0,1820.0,138500
2026-04-24 15:35:00,1820.0,1820.0,1815.0,1820.0,948600
2026-04-24 15:40:00,1820.0,1820.0,1815.0,1815.0,260800
2026-04-24 15:45:00,1820.0,1820.0,1815.0,1820.0,446700
2026-04-24 16:00:00,1815.0,1815.0,1815.0,1815.0,1157100
2026-04-27 09:00:00,1815.0,1825.0,1815.0,1825.0,0
2026-04-27 09:05:00,1825.0,1830.0,1820.0,1820.0,113600
2026-04-27 09:10:00,1820.0,1830.0,1820.0,1830.0,18800
2026-04-27 09:15:00,1830.0,1845.0,1825.0,1845.0,163100
2026-04-27 09:20:00,1845.0,1845.0,1840.0,1840.0,34300
2026-04-27 09:25:00,1845.0,1850.0,1845.0,1850.0,126000
2026-04-27 09:30:00,1845.0,1850.0,1845.0,1845.0,233500
2026-04-27 09:35:00,1845.0,1845.0,1840.0,1840.0,97800
2026-04-27 09:40:00,1845.0,1845.0,1835.0,1840.0,411100
2026-04-27 09:45:00,1840.0,1850.0,1840.0,1845.0,499500
2026-04-27 09:50:00,1845.0,1850.0,1845.0,1850.0,64900
2026-04-27 09:55:00,1850.0,1850.0,1840.0,1840.0,117400
2026-04-27 10:00:00,1840.0,1845.0,1840.0,1840.0,13400
2026-04-27 10:05:00,1840.0,1840.0,1840.0,1840.0,74200
2026-04-27 10:10:00,1840.0,1840.0,1840.0,1840.0,4200
2026-04-27 10:15:00,1840.0,1845.0,1840.0,1845.0,553400
2026-04-27 10:20:00,1845.0,1845.0,1840.0,1840.0,51100
2026-04-27 10:25:00,1845.0,1845.0,1840.0,1840.0,57600
2026-04-27 10:30:00,1840.0,1845.0,1840.0,1840.0,89000
2026-04-27 10:35:00,1840.0,1845.0,1840.0,1840.0,7100
2026-04-27 10:40:00,1845.0,1845.0,1840.0,1845.0,15500
2026-04-27 10:45:00,1845.0,1845.0,1845.0,1845.0,60600
2026-04-27 10:50:00,1845.0,1845.0,1840.0,1845.0,17900
2026-04-27 10:55:00,1845.0,1845.0,1840.0,1840.0,40100
2026-04-27 11:00:00,1840.0,1845.0,1840.0,1845.0,27600
2026-04-27 11:05:00,1840.0,1845.0,1840.0,1840.0,174100
2026-04-27 11:10:00,1845.0,1845.0,1840.0,1845.0,18400
2026-04-27 11:15:00,1845.0,1845.0,1840.0,1845.0,134900
2026-04-27 11:20:00,1845.0,1845.0,1845.0,1845.0,135700
2026-04-27 11:25:00,1845.0,1845.0,1840.0,1845.0,18900
2026-04-27 11:30:00,1840.0,1845.0,1840.0,1845.0,145700
2026-04-27 11:35:00,1845.0,1845.0,1840.0,1845.0,312400
2026-04-27 11:40:00,1845.0,1845.0,1840.0,1845.0,217300
2026-04-27 11:45:00,1845.0,1845.0,1840.0,1845.0,38200
2026-04-27 11:50:00,1845.0,1845.0,1840.0,1845.0,60000
2026-04-27 11:55:00,1845.0,1850.0,1845.0,1845.0,577000
2026-04-27 13:30:00,1845.0,1850.0,1840.0,1840.0,561000
2026-04-27 13:35:00,1840.0,1845.0,1840.0,1845.0,68800
2026-04-27 13:40:00,1845.0,1845.0,1840.0,1840.0,0
2026-04-27 13:45:00,1840.0,1845.0,1840.0,1845.0,8800
2026-04-27 13:50:00,1840.0,1845.0,1840.0,1845.0,10400
2026-04-27 13:55:00,1845.0,1845.0,1840.0,1840.0,0
2026-04-27 14:00:00,1845.0,1845.0,1840.0,1845.0,294900
2026-04-27 14:05:00,1840.0,1845.0,1840.0,1845.0,12600
2026-04-27 14:10:00,1845.0,1845.0,1840.0,1845.0,5300
2026-04-27 14:15:00,1845.0,1845.0,1840.0,1845.0,37300
2026-04-27 14:20:00,1845.0,1845.0,1840.0,1845.0,82600
2026-04-27 14:25:00,1845.0,1845.0,1840.0,1845.0,244300
2026-04-27 14:30:00,1840.0,1845.0,1840.0,1845.0,15200
2026-04-27 14:35:00,1845.0,1845.0,1840.0,1840.0,58900
2026-04-27 14:40:00,1845.0,1845.0,1840.0,1840.0,49600
2026-04-27 14:45:00,1845.0,1845.0,1840.0,1845.0,87900
2026-04-27 14:50:00,1845.0,1845.0,1840.0,1840.0,2076100
2026-04-27 14:55:00,1840.0,1840.0,1835.0,1835.0,132500
2026-04-27 15:00:00,1835.0,1840.0,1835.0,1835.0,12400
2026-04-27 15:05:00,1835.0,1840.0,1835.0,1840.0,15900
2026-04-27 15:10:00,1840.0,1840.0,1835.0,1840.0,6800
2026-04-27 15:15:00,1840.0,1840.0,1835.0,1835.0,225200
2026-04-27 15:20:00,1840.0,1840.0,1835.0,1840.0,33800
2026-04-27 15:25:00,1840.0,1840.0,1840.0,1840.0,25900
2026-04-27 15:30:00,1840.0,1840.0,1835.0,1840.0,48600
2026-04-27 15:35:00,1840.0,1840.0,1835.0,1840.0,194200
2026-04-27 15:40:00,1835.0,1840.0,1835.0,1840.0,180800
2026-04-27 15:45:00,1835.0,1840.0,1835.0,1840.0,1106300
2026-04-27 16:00:00,1840.0,1840.0,1840.0,1840.0,149400
2026-04-27 16:05:00,1840.0,1840.0,1840.0,1840.0,45300
2026-04-27 16:10:00,1840.0,1840.0,1840.0,1840.0,0
2026-04-28 09:00:00,1840.0,1845.0,1830.0,1830.0,0
2026-04-28 09:05:00,1830.0,1835.0,1810.0,1820.0,1079000
2026-04-28 09:10:00,1810.0,1815.0,1810.0,1815.0,35300
2026-04-28 09:15:00,1810.0,1815.0,1795.0,1800.0,488600
2026-04-28 09:20:00,1800.0,1805.0,1800.0,1800.0,21300
2026-04-28 09:25:00,1805.0,1820.0,1800.0,1815.0,457000
2026-04-28 09:30:00,1815.0,1820.0,1815.0,1820.0,105100
2026-04-28 09:35:00,1820.0,1825.0,1820.0,1820.0,34300
2026-04-28 09:40:00,1820.0,1825.0,1820.0,1820.0,29500
2026-04-28 09:45:00,1820.0,1825.0,1820.0,1820.0,93700
2026-04-28 09:50:00,1820.0,1820.0,1815.0,1815.0,171400
2026-04-28 09:55:00,1820.0,1820.0,1815.0,1815.0,26400
2026-04-28 10:00:00,1815.0,1820.0,1815.0,1815.0,19600
2026-04-28 10:05:00,1815.0,1820.0,1815.0,1815.0,19000
2026-04-28 10:10:00,1820.0,1820.0,1815.0,1820.0,41700
2026-04-28 10:15:00,1820.0,1820.0,1815.0,1815.0,49200
2026-04-28 10:20:00,1815.0,1820.0,1815.0,1815.0,45900
2026-04-28 10:25:00,1815.0,1820.0,1815.0,1815.0,15100
2026-04-28 10:30:00,1815.0,1820.0,1815.0,1815.0,78900
2026-04-28 10:35:00,1815.0,1820.0,1810.0,1810.0,577700
2026-04-28 10:40:00,1810.0,1815.0,1805.0,1805.0,400900
2026-04-28 10:45:00,1810.0,1810.0,1805.0,1805.0,18800
2026-04-28 10:50:00,1805.0,1805.0,1805.0,1805.0,71000
2026-04-28 10:55:00,1805.0,1810.0,1805.0,1805.0,31900
2026-04-28 11:00:00,1805.0,1810.0,1805.0,1805.0,42000
2026-04-28 11:05:00,1805.0,1810.0,1805.0,1805.0,149400
2026-04-28 11:10:00,1805.0,1805.0,1805.0,1805.0,39300
2026-04-28 11:15:00,1805.0,1810.0,1805.0,1805.0,66400
2026-04-28 11:20:00,1805.0,1810.0,1805.0,1805.0,47800
2026-04-28 11:25:00,1805.0,1810.0,1805.0,1805.0,34600
2026-04-28 11:30:00,1805.0,1805.0,1800.0,1800.0,134500
2026-04-28 11:35:00,1805.0,1805.0,1800.0,1800.0,55300
2026-04-28 11:40:00,1805.0,1805.0,1800.0,1800.0,150200
2026-04-28 11:45:00,1805.0,1805.0,1800.0,1800.0,9000
2026-04-28 11:50:00,1800.0,1805.0,1800.0,1805.0,35500
2026-04-28 11:55:00,1805.0,1810.0,1805.0,1810.0,266600
2026-04-28 13:30:00,1810.0,1835.0,1805.0,1810.0,1129100
2026-04-28 13:35:00,1810.0,1810.0,1810.0,1810.0,5400
2026-04-28 13:40:00,1810.0,1815.0,1810.0,1810.0,121200
2026-04-28 13:45:00,1815.0,1815.0,1805.0,1805.0,417800
2026-04-28 13:50:00,1805.0,1805.0,1800.0,1800.0,606700
2026-04-28 13:55:00,1800.0,1805.0,1800.0,1800.0,22000
2026-04-28 14:00:00,1800.0,1800.0,1800.0,1800.0,1184100
2026-04-28 14:05:00,1800.0,1800.0,1795.0,1795.0,339300
2026-04-28 14:10:00,1800.0,1800.0,1795.0,1795.0,49300
2026-04-28 14:15:00,1795.0,1800.0,1795.0,1795.0,58000
2026-04-28 14:20:00,1795.0,1800.0,1795.0,1795.0,59400
2026-04-28 14:25:00,1795.0,1800.0,1795.0,1795.0,184100
2026-04-28 14:30:00,1795.0,1800.0,1795.0,1795.0,119300
2026-04-28 14:35:00,1795.0,1800.0,1795.0,1795.0,165500
2026-04-28 14:40:00,1795.0,1800.0,1795.0,1795.0,661400
2026-04-28 14:45:00,1795.0,1795.0,1790.0,1790.0,192500
2026-04-28 14:50:00,1790.0,1795.0,1790.0,1790.0,82900
2026-04-28 14:55:00,1795.0,1795.0,1790.0,1790.0,40900
2026-04-28 15:00:00,1790.0,1795.0,1790.0,1790.0,121900
2026-04-28 15:05:00,1790.0,1795.0,1790.0,1790.0,203300
2026-04-28 15:10:00,1790.0,1795.0,1790.0,1790.0,66900
2026-04-28 15:15:00,1790.0,1795.0,1790.0,1790.0,376000
2026-04-28 15:20:00,1790.0,1795.0,1790.0,1790.0,71900
2026-04-28 15:25:00,1790.0,1795.0,1790.0,1790.0,284100
2026-04-28 15:30:00,1790.0,1795.0,1790.0,1790.0,289400
2026-04-28 15:35:00,1790.0,1795.0,1785.0,1785.0,169900
2026-04-28 15:40:00,1785.0,1790.0,1785.0,1785.0,67000
2026-04-28 15:45:00,1785.0,1795.0,1785.0,1795.0,310700
2026-04-28 16:00:00,1800.0,1800.0,1800.0,1800.0,172000
2026-04-29 09:00:00,1795.0,1795.0,1785.0,1790.0,0
2026-04-29 09:05:00,1790.0,1790.0,1785.0,1790.0,28200
2026-04-29 09:10:00,1785.0,1795.0,1785.0,1795.0,139200
2026-04-29 09:15:00,1795.0,1795.0,1790.0,1795.0,19700
2026-04-29 09:20:00,1795.0,1795.0,1790.0,1795.0,64200
2026-04-29 09:25:00,1790.0,1795.0,1790.0,1795.0,20300
2026-04-29 09:30:00,1795.0,1795.0,1790.0,1790.0,26300
2026-04-29 09:35:00,1790.0,1795.0,1790.0,1795.0,33800
2026-04-29 09:40:00,1795.0,1795.0,1790.0,1790.0,330200
2026-04-29 09:45:00,1790.0,1790.0,1785.0,1790.0,109300
2026-04-29 09:50:00,1790.0,1795.0,1790.0,1795.0,61500
2026-04-29 09:55:00,1795.0,1800.0,1795.0,1800.0,233800
2026-04-29 10:00:00,1800.0,1800.0,1800.0,1800.0,27100
2026-04-29 10:05:00,1800.0,1800.0,1795.0,1800.0,100400
2026-04-29 10:10:00,1800.0,1800.0,1800.0,1800.0,10800
2026-04-29 10:15:00,1800.0,1800.0,1800.0,1800.0,115600
2026-04-29 10:20:00,1795.0,1800.0,1795.0,1800.0,10700
2026-04-29 10:25:00,1795.0,1795.0,1795.0,1795.0,79700
2026-04-29 10:30:00,1795.0,1800.0,1795.0,1795.0,135700
2026-04-29 10:35:00,1795.0,1800.0,1795.0,1795.0,312100
2026-04-29 10:40:00,1795.0,1795.0,1790.0,1795.0,86900
2026-04-29 10:45:00,1795.0,1795.0,1790.0,1795.0,30300
2026-04-29 10:50:00,1790.0,1795.0,1790.0,1790.0,12200
2026-04-29 10:55:00,1795.0,1795.0,1790.0,1790.0,18900
2026-04-29 11:00:00,1790.0,1795.0,1785.0,1785.0,583700
2026-04-29 11:05:00,1785.0,1790.0,1785.0,1785.0,26500
2026-04-29 11:10:00,1790.0,1790.0,1785.0,1790.0,13200
2026-04-29 11:15:00,1790.0,1790.0,1785.0,1790.0,30400
2026-04-29 11:20:00,1790.0,1790.0,1785.0,1790.0,22100
2026-04-29 11:25:00,1790.0,1790.0,1785.0,1790.0,12900
2026-04-29 11:30:00,1790.0,1790.0,1785.0,1785.0,53300
2026-04-29 11:35:00,1785.0,1790.0,1785.0,1790.0,45600
2026-04-29 11:40:00,1785.0,1790.0,1785.0,1785.0,20900
2026-04-29 11:45:00,1785.0,1790.0,1785.0,1785.0,77300
2026-04-29 11:50:00,1790.0,1790.0,1785.0,1790.0,37600
2026-04-29 11:55:00,1790.0,1790.0,1780.0,1785.0,640200
2026-04-29 13:30:00,1785.0,1785.0,1780.0,1780.0,590400
2026-04-29 13:35:00,1785.0,1785.0,1775.0,1780.0,767000
2026-04-29 13:40:00,1775.0,1780.0,1775.0,1780.0,37100
2026-04-29 13:45:00,1780.0,1780.0,1775.0,1775.0,183700
2026-04-29 13:50:00,1780.0,1780.0,1770.0,1775.0,364600
2026-04-29 13:55:00,1775.0,1775.0,1770.0,1770.0,126500
2026-04-29 14:00:00,1775.0,1775.0,1770.0,1775.0,39600
2026-04-29 14:05:00,1775.0,1775.0,1770.0,1775.0,35000
2026-04-29 14:10:00,1770.0,1775.0,1770.0,1770.0,68500
2026-04-29 14:15:00,1775.0,1775.0,1770.0,1770.0,248200
2026-04-29 14:20:00,1775.0,1775.0,1770.0,1775.0,199100
2026-04-29 14:25:00,1770.0,1780.0,1770.0,1780.0,205100
2026-04-29 14:30:00,1780.0,1780.0,1775.0,1780.0,39600
2026-04-29 14:35:00,1780.0,1780.0,1775.0,1780.0,91000
2026-04-29 14:40:00,1780.0,1780.0,1775.0,1780.0,65700
2026-04-29 14:45:00,1775.0,1780.0,1775.0,1780.0,17700
2026-04-29 14:50:00,1780.0,1780.0,1775.0,1775.0,43900
2026-04-29 14:55:00,1780.0,1780.0,1775.0,1780.0,129200
2026-04-29 15:00:00,1780.0,1780.0,1775.0,1775.0,79400
2026-04-29 15:05:00,1780.0,1785.0,1775.0,1785.0,475200
2026-04-29 15:10:00,1785.0,1785.0,1785.0,1785.0,41800
2026-04-29 15:15:00,1785.0,1785.0,1785.0,1785.0,255800
2026-04-29 15:20:00,1785.0,1785.0,1780.0,1780.0,17700
2026-04-29 15:25:00,1785.0,1785.0,1780.0,1785.0,41400
2026-04-29 15:30:00,1785.0,1785.0,1780.0,1785.0,79000
2026-04-29 15:35:00,1785.0,1785.0,1780.0,1785.0,288100
2026-04-29 15:40:00,1780.0,1785.0,1780.0,1785.0,144000
2026-04-29 15:45:00,1780.0,1785.0,1780.0,1785.0,202100
2026-04-29 16:00:00,1780.0,1780.0,1780.0,1780.0,749800
2026-04-29 16:05:00,1780.0,1780.0,1780.0,1780.0,183900
2026-04-29 16:10:00,1780.0,1780.0,1780.0,1780.0,296700
2026-04-30 09:00:00,1770.0,1770.0,1750.0,1760.0,0
2026-04-30 09:05:00,1760.0,1765.0,1755.0,1755.0,179800
2026-04-30 09:10:00,1755.0,1760.0,1750.0,1750.0,352600
2026-04-30 09:15:00,1750.0,1755.0,1750.0,1750.0,91300
2026-04-30 09:20:00,1755.0,1755.0,1735.0,1735.0,1001100
2026-04-30 09:25:00,1735.0,1740.0,1735.0,1740.0,206100
2026-04-30 09:30:00,1740.0,1740.0,1715.0,1720.0,1076000
2026-04-30 09:35:00,1720.0,1725.0,1715.0,1715.0,348400
2026-04-30 09:40:00,1715.0,1720.0,1710.0,1710.0,374900
2026-04-30 09:45:00,1710.0,1725.0,1710.0,1720.0,738300
2026-04-30 09:50:00,1720.0,1720.0,1715.0,1720.0,156600
2026-04-30 09:55:00,1715.0,1720.0,1715.0,1720.0,19100
2026-04-30 10:00:00,1720.0,1725.0,1715.0,1725.0,275900
2026-04-30 10:05:00,1725.0,1730.0,1720.0,1720.0,152700
2026-04-30 10:10:00,1720.0,1725.0,1720.0,1725.0,102100
2026-04-30 10:15:00,1720.0,1725.0,1720.0,1725.0,9400
2026-04-30 10:20:00,1725.0,1725.0,1715.0,1715.0,372700
2026-04-30 10:25:00,1720.0,1720.0,1715.0,1720.0,18100
2026-04-30 10:30:00,1715.0,1715.0,1710.0,1710.0,519300
2026-04-30 10:35:00,1715.0,1715.0,1710.0,1710.0,178600
2026-04-30 10:40:00,1710.0,1715.0,1710.0,1715.0,179700
2026-04-30 10:45:00,1710.0,1715.0,1710.0,1710.0,41900
2026-04-30 10:50:00,1715.0,1715.0,1710.0,1710.0,22500
2026-04-30 10:55:00,1715.0,1715.0,1710.0,1715.0,108400
2026-04-30 11:00:00,1710.0,1715.0,1710.0,1715.0,17600
2026-04-30 11:05:00,1715.0,1715.0,1710.0,1715.0,43700
2026-04-30 11:10:00,1715.0,1715.0,1705.0,1705.0,435800
2026-04-30 11:15:00,1710.0,1715.0,1705.0,1715.0,456300
2026-04-30 11:20:00,1710.0,1725.0,1710.0,1725.0,341800
2026-04-30 11:25:00,1725.0,1725.0,1720.0,1720.0,153600
2026-04-30 11:30:00,1720.0,1720.0,1715.0,1715.0,135400
2026-04-30 11:35:00,1720.0,1720.0,1715.0,1715.0,18000
2026-04-30 11:40:00,1715.0,1720.0,1715.0,1715.0,7100
2026-04-30 11:45:00,1715.0,1725.0,1715.0,1720.0,289000
2026-04-30 11:50:00,1720.0,1725.0,1720.0,1720.0,17700
2026-04-30 11:55:00,1725.0,1725.0,1720.0,1725.0,84500
2026-04-30 13:30:00,1720.0,1725.0,1705.0,1705.0,1092600
2026-04-30 13:35:00,1705.0,1710.0,1705.0,1705.0,90300
2026-04-30 13:40:00,1710.0,1710.0,1705.0,1705.0,25600
2026-04-30 13:45:00,1705.0,1710.0,1705.0,1710.0,423600
2026-04-30 13:50:00,1710.0,1710.0,1705.0,1710.0,68000
2026-04-30 13:55:00,1710.0,1730.0,1705.0,1725.0,721900
2026-04-30 14:00:00,1725.0,1730.0,1725.0,1725.0,75300
2026-04-30 14:05:00,1725.0,1730.0,1725.0,1730.0,23100
2026-04-30 14:10:00,1725.0,1730.0,1720.0,1720.0,440300
2026-04-30 14:15:00,1715.0,1725.0,1715.0,1725.0,634600
2026-04-30 14:20:00,1725.0,1725.0,1725.0,1725.0,0
2026-04-30 14:25:00,1725.0,1730.0,1725.0,1730.0,13200
2026-04-30 14:30:00,1725.0,1735.0,1725.0,1735.0,522800
2026-04-30 14:35:00,1735.0,1735.0,1730.0,1735.0,28600
2026-04-30 14:40:00,1735.0,1735.0,1730.0,1730.0,152000
2026-04-30 14:45:00,1735.0,1735.0,1720.0,1720.0,967800
2026-04-30 14:50:00,1720.0,1725.0,1715.0,1720.0,455400
2026-04-30 14:55:00,1725.0,1730.0,1725.0,1725.0,478400
2026-04-30 15:00:00,1725.0,1730.0,1725.0,1725.0,9600
2026-04-30 15:05:00,1730.0,1730.0,1725.0,1725.0,89100
2026-04-30 15:10:00,1725.0,1730.0,1725.0,1725.0,245700
2026-04-30 15:15:00,1725.0,1730.0,1725.0,1725.0,717000
2026-04-30 15:20:00,1725.0,1725.0,1715.0,1720.0,278700
2026-04-30 15:25:00,1720.0,1725.0,1715.0,1715.0,389900
2026-04-30 15:30:00,1715.0,1720.0,1715.0,1715.0,208800
2026-04-30 15:35:00,1720.0,1720.0,1715.0,1715.0,68900
2026-04-30 15:40:00,1720.0,1725.0,1715.0,1725.0,701100
2026-04-30 15:45:00,1725.0,1740.0,1720.0,1740.0,1886800
2026-04-30 16:00:00,1705.0,1705.0,1705.0,1705.0,3530800
2026-04-30 16:05:00,1705.0,1705.0,1705.0,1705.0,44700
2026-05-04 09:00:00,1725.0,1730.0,1705.0,1730.0,0
2026-05-04 09:05:00,1720.0,1740.0,1715.0,1735.0,70500
2026-05-04 09:10:00,1740.0,1740.0,1725.0,1730.0,106400
2026-05-04 09:15:00,1730.0,1735.0,1730.0,1735.0,16200
2026-05-04 09:20:00,1735.0,1745.0,1730.0,1740.0,551100
2026-05-04 09:25:00,1745.0,1760.0,1740.0,1755.0,340200
2026-05-04 09:30:00,1755.0,1760.0,1745.0,1755.0,300000
2026-05-04 09:35:00,1750.0,1750.0,1745.0,1750.0,85500
2026-05-04 09:40:00,1745.0,1750.0,1745.0,1745.0,110200
2026-05-04 09:45:00,1750.0,1760.0,1745.0,1755.0,1011300
2026-05-04 09:50:00,1750.0,1755.0,1745.0,1755.0,604100
2026-05-04 09:55:00,1755.0,1755.0,1750.0,1750.0,55100
2026-05-04 10:00:00,1755.0,1755.0,1750.0,1750.0,170600
2026-05-04 10:05:00,1750.0,1755.0,1750.0,1755.0,24700
2026-05-04 10:10:00,1755.0,1755.0,1750.0,1750.0,771900
2026-05-04 10:15:00,1755.0,1755.0,1750.0,1750.0,68900
2026-05-04 10:20:00,1755.0,1755.0,1750.0,1755.0,21600
2026-05-04 10:25:00,1755.0,1770.0,1750.0,1760.0,1304800
2026-05-04 10:30:00,1765.0,1765.0,1760.0,1765.0,56700
2026-05-04 10:35:00,1765.0,1765.0,1760.0,1765.0,114900
2026-05-04 10:40:00,1765.0,1765.0,1755.0,1755.0,245800
2026-05-04 10:45:00,1760.0,1760.0,1755.0,1755.0,11300
2026-05-04 10:50:00,1760.0,1760.0,1755.0,1760.0,23000
2026-05-04 10:55:00,1755.0,1760.0,1755.0,1760.0,83000
2026-05-04 11:00:00,1760.0,1760.0,1755.0,1760.0,14900
2026-05-04 11:05:00,1760.0,1760.0,1755.0,1755.0,33300
2026-05-04 11:10:00,1760.0,1760.0,1755.0,1755.0,81100
2026-05-04 11:15:00,1755.0,1760.0,1755.0,1755.0,236100
2026-05-04 11:20:00,1760.0,1760.0,1755.0,1755.0,54700
2026-05-04 11:25:00,1760.0,1760.0,1735.0,1740.0,969100
2026-05-04 11:30:00,1745.0,1750.0,1740.0,1740.0,4500
2026-05-04 11:35:00,1745.0,1750.0,1740.0,1750.0,49700
2026-05-04 11:40:00,1750.0,1750.0,1745.0,1750.0,6600
2026-05-04 11:45:00,1750.0,1755.0,1750.0,1750.0,107800
2026-05-04 11:50:00,1750.0,1755.0,1750.0,1755.0,12000
2026-05-04 11:55:00,1750.0,1755.0,1745.0,1745.0,136100
2026-05-04 13:30:00,1750.0,1750.0,1735.0,1740.0,342700
2026-05-04 13:35:00,1745.0,1745.0,1740.0,1740.0,22000
2026-05-04 13:40:00,1745.0,1745.0,1740.0,1745.0,190500
2026-05-04 13:45:00,1740.0,1750.0,1740.0,1745.0,9700
2026-05-04 13:50:00,1750.0,1750.0,1745.0,1750.0,49600
2026-05-04 13:55:00,1750.0,1755.0,1745.0,1745.0,231800
2026-05-04 14:00:00,1750.0,1755.0,1750.0,1755.0,34000
2026-05-04 14:05:00,1755.0,1755.0,1750.0,1750.0,31000
2026-05-04 14:10:00,1755.0,1755.0,1750.0,1750.0,27600
2026-05-04 14:15:00,1755.0,1755.0,1750.0,1750.0,25100
2026-05-04 14:20:00,1755.0,1755.0,1750.0,1750.0,34800
2026-05-04 14:25:00,1755.0,1755.0,1750.0,1755.0,42800
2026-05-04 14:30:00,1750.0,1755.0,1750.0,1755.0,92300
2026-05-04 14:35:00,1755.0,1755.0,1755.0,1755.0,28800
2026-05-04 14:40:00,1755.0,1755.0,1750.0,1755.0,34300
2026-05-04 14:45:00,1750.0,1755.0,1750.0,1755.0,13200
2026-05-04 14:50:00,1750.0,1755.0,1750.0,1755.0,507000
2026-05-04 14:55:00,1755.0,1755.0,1750.0,1750.0,27800
2026-05-04 15:00:00,1755.0,1755.0,1750.0,1755.0,592600
2026-05-04 15:05:00,1755.0,1755.0,1750.0,1755.0,35700
2026-05-04 15:10:00,1755.0,1755.0,1750.0,1755.0,353200
2026-05-04 15:15:00,1755.0,1755.0,1750.0,1755.0,362200
2026-05-04 15:20:00,1755.0,1755.0,1750.0,1755.0,35800
2026-05-04 15:25:00,1755.0,1755.0,1750.0,1755.0,131300
2026-05-04 15:30:00,1755.0,1770.0,1750.0,1770.0,3017500
2026-05-04 15:35:00,1770.0,1780.0,1765.0,1770.0,1197200
2026-05-04 15:40:00,1770.0,1775.0,1765.0,1775.0,363800
2026-05-04 15:45:00,1775.0,1780.0,1770.0,1775.0,187300
2026-05-04 16:00:00,1770.0,1770.0,1770.0,1770.0,447200
2026-05-04 16:05:00,1770.0,1770.0,1770.0,1770.0,500
2026-05-04 16:10:00,1770.0,1770.0,1770.0,1770.0,200
2026-05-05 09:00:00,1780.0,1785.0,1755.0,1760.0,14400
2026-05-05 09:05:00,1765.0,1765.0,1755.0,1760.0,72700
2026-05-05 09:10:00,1760.0,1760.0,1755.0,1760.0,16500
2026-05-05 09:15:00,1755.0,1760.0,1755.0,1755.0,22700
2026-05-05 09:20:00,1760.0,1760.0,1755.0,1760.0,114800
2026-05-05 09:25:00,1755.0,1760.0,1750.0,1750.0,55100
2026-05-05 09:30:00,1755.0,1760.0,1755.0,1760.0,130800
2026-05-05 09:35:00,1760.0,1760.0,1755.0,1755.0,14700
2026-05-05 09:40:00,1760.0,1760.0,1755.0,1760.0,41900
2026-05-05 09:45:00,1755.0,1760.0,1755.0,1760.0,24400
2026-05-05 09:50:00,1755.0,1760.0,1750.0,1760.0,308200
2026-05-05 09:55:00,1760.0,1760.0,1755.0,1755.0,152200
2026-05-05 10:00:00,1755.0,1760.0,1755.0,1760.0,23600
2026-05-05 10:05:00,1760.0,1760.0,1755.0,1760.0,197400
2026-05-05 10:10:00,1760.0,1760.0,1755.0,1760.0,309100
2026-05-05 10:15:00,1755.0,1760.0,1755.0,1760.0,68500
2026-05-05 10:20:00,1760.0,1760.0,1760.0,1760.0,2087200
2026-05-05 10:25:00,1760.0,1775.0,1760.0,1775.0,881000
2026-05-05 10:30:00,1775.0,1775.0,1770.0,1775.0,56100
2026-05-05 10:35:00,1775.0,1780.0,1770.0,1775.0,399600
2026-05-05 10:40:00,1775.0,1775.0,1765.0,1765.0,259800
2026-05-05 10:45:00,1770.0,1770.0,1760.0,1770.0,263000
2026-05-05 10:50:00,1770.0,1770.0,1765.0,1765.0,190200
2026-05-05 10:55:00,1765.0,1765.0,1760.0,1760.0,32600
2026-05-05 11:00:00,1765.0,1770.0,1765.0,1770.0,106800
2026-05-05 11:05:00,1770.0,1770.0,1760.0,1760.0,203400
2026-05-05 11:10:00,1765.0,1765.0,1760.0,1760.0,45500
2026-05-05 11:15:00,1765.0,1765.0,1760.0,1765.0,63700
2026-05-05 11:20:00,1760.0,1760.0,1755.0,1760.0,280900
2026-05-05 11:25:00,1760.0,1760.0,1755.0,1760.0,81900
2026-05-05 11:30:00,1760.0,1760.0,1755.0,1760.0,26800
2026-05-05 11:35:00,1760.0,1760.0,1755.0,1760.0,104200
2026-05-05 11:40:00,1760.0,1760.0,1755.0,1755.0,16100
2026-05-05 11:45:00,1755.0,1760.0,1755.0,1760.0,106500
2026-05-05 11:50:00,1760.0,1760.0,1755.0,1755.0,33500
2026-05-05 11:55:00,1760.0,1760.0,1755.0,1755.0,101800
